RECORDING FILE NAME,ORIGINAL FILE NAME,ORIGINAL FILE PART,LATITUDE,LONGITUDE,SPECIES,SCIENTIFIC NAME,ENGLISH NAME,SPECIES GROUP,PROBABILITY,WARNINGS,CALL TYPE,ACTUAL DATE,SURVEY DATE,TIME,CLASSIFIER NAME,USER ID,UPLOAD KEY,BATCH NAME,PROJECT NAME
59~40304+18~07242_20260927_230427.wav,DEV_002_20260927_230427.wav,0,59.40304,18.07242,Pippyg,Pipistrellus pygmaeus,Soprano Pipistrelle,bat,0.53,,echolocation,27/09/2026,27/09/2026,23:04:27,ClassifEspSWE-0002026-05-29_1,JOHANKARLSSON,202609290747NB7QHNI2,,Citizen Science (ultrasonic) - shared
59~40304+18~07242_20260927_230434.wav,DEV_002_20260927_230434.wav,0,59.40304,18.07242,Pippyg,Pipistrellus pygmaeus,Soprano Pipistrelle,bat,0.89,,echolocation,27/09/2026,27/09/2026,23:04:34,ClassifEspSWE-0002026-05-29_1,JOHANKARLSSON,202609290747NB7QHNI2,,Citizen Science (ultrasonic) - shared
59~40304+18~07242_20260927_233149.wav,DEV_002_20260927_233149.wav,0,59.40304,18.07242,Pippyg,Pipistrellus pygmaeus,Soprano Pipistrelle,bat,0.99,,echolocation,27/09/2026,27/09/2026,23:31:49,ClassifEspSWE-0002026-05-29_1,JOHANKARLSSON,202609290747NB7QHNI2,,Citizen Science (ultrasonic) - shared
59~40304+18~07242_20260927_234003.wav,DEV_002_20260927_234003.wav,0,59.40304,18.07242,Pleaur,Plecotus auritus,Brown Long-eared Bat,bat,0.95,,echolocation,27/09/2026,27/09/2026,23:40:03,ClassifEspSWE-0002026-05-29_1,JOHANKARLSSON,202609290747NB7QHNI2,,Citizen Science (ultrasonic) - shared
59~40304+18~07242_20260927_235028.wav,DEV_002_20260927_235028.wav,0,59.40304,18.07242,bird,Aves sp.,Unidentified bird,bird,0.15,Low confidence,,27/09/2026,27/09/2026,23:50:28,ClassifEspSWE-0002026-05-29_1,JOHANKARLSSON,202609290747NB7QHNI2,,Citizen Science (ultrasonic) - shared
59~40304+18~07242_20260927_230002.wav,DEV_002_20260927_230002.wav,0,59.40304,18.07242,Leppun,Leptophyes punctatissima,Speckled Bush-cricket,bush-cricket,0.99,,,27/09/2026,27/09/2026,23:00:02,ClassifEspSWE-0002026-05-29_1,JOHANKARLSSON,202609290747NB7QHNI2,,Citizen Science (ultrasonic) - shared
59~40304+18~07242_20260927_230007.wav,DEV_002_20260927_230007.wav,0,59.40304,18.07242,Leppun,Leptophyes punctatissima,Speckled Bush-cricket,bush-cricket,0.99,,,27/09/2026,27/09/2026,23:00:07,ClassifEspSWE-0002026-05-29_1,JOHANKARLSSON,202609290747NB7QHNI2,,Citizen Science (ultrasonic) - shared
59~40304+18~07242_20260927_230017.wav,DEV_002_20260927_230017.wav,0,59.40304,18.07242,Leppun,Leptophyes punctatissima,Speckled Bush-cricket,bush-cricket,0.99,,,27/09/2026,27/09/2026,23:00:17,ClassifEspSWE-0002026-05-29_1,JOHANKARLSSON,202609290747NB7QHNI2,,Citizen Science (ultrasonic) - shared
59~40304+18~07242_20260927_230024.wav,DEV_002_20260927_230024.wav,0,59.40304,18.07242,Leppun,Leptophyes punctatissima,Speckled Bush-cricket,bush-cricket,0.99,,,27/09/2026,27/09/2026,23:00:24,ClassifEspSWE-0002026-05-29_1,JOHANKARLSSON,202609290747NB7QHNI2,,Citizen Science (ultrasonic) - shared
59~40304+18~07242_20260927_230029.wav,DEV_002_20260927_230029.wav,0,59.40304,18.07242,Leppun,Leptophyes punctatissima,Speckled Bush-cricket,bush-cricket,0.99,,,27/09/2026,27/09/2026,23:00:29,ClassifEspSWE-0002026-05-29_1,JOHANKARLSSON,202609290747NB7QHNI2,,Citizen Science (ultrasonic) - shared
59~40304+18~07242_20260927_230035.wav,DEV_002_20260927_230035.wav,0,59.40304,18.07242,Leppun,Leptophyes punctatissima,Speckled Bush-cricket,bush-cricket,0.99,,,27/09/2026,27/09/2026,23:00:35,ClassifEspSWE-0002026-05-29_1,JOHANKARLSSON,202609290747NB7QHNI2,,Citizen Science (ultrasonic) - shared
59~40304+18~07242_20260927_230040.wav,DEV_002_20260927_230040.wav,0,59.40304,18.07242,Leppun,Leptophyes punctatissima,Speckled Bush-cricket,bush-cricket,0.99,,,27/09/2026,27/09/2026,23:00:40,ClassifEspSWE-0002026-05-29_1,JOHANKARLSSON,202609290747NB7QHNI2,,Citizen Science (ultrasonic) - shared
59~40304+18~07242_20260927_230053.wav,DEV_002_20260927_230053.wav,0,59.40304,18.07242,Leppun,Leptophyes punctatissima,Speckled Bush-cricket,bush-cricket,0.99,,,27/09/2026,27/09/2026,23:00:53,ClassifEspSWE-0002026-05-29_1,JOHANKARLSSON,202609290747NB7QHNI2,,Citizen Science (ultrasonic) - shared
59~40304+18~07242_20260927_230059.wav,DEV_002_20260927_230059.wav,0,59.40304,18.07242,Leppun,Leptophyes punctatissima,Speckled Bush-cricket,bush-cricket,0.99,,,27/09/2026,27/09/2026,23:00:59,ClassifEspSWE-0002026-05-29_1,JOHANKARLSSON,202609290747NB7QHNI2,,Citizen Science (ultrasonic) - shared
59~40304+18~07242_20260927_230104.wav,DEV_002_20260927_230104.wav,0,59.40304,18.07242,Leppun,Leptophyes punctatissima,Speckled Bush-cricket,bush-cricket,0.99,,,27/09/2026,27/09/2026,23:01:04,ClassifEspSWE-0002026-05-29_1,JOHANKARLSSON,202609290747NB7QHNI2,,Citizen Science (ultrasonic) - shared
59~40304+18~07242_20260927_230114.wav,DEV_002_20260927_230114.wav,0,59.40304,18.07242,Leppun,Leptophyes punctatissima,Speckled Bush-cricket,bush-cricket,0.99,,,27/09/2026,27/09/2026,23:01:14,ClassifEspSWE-0002026-05-29_1,JOHANKARLSSON,202609290747NB7QHNI2,,Citizen Science (ultrasonic) - shared
59~40304+18~07242_20260927_230121.wav,DEV_002_20260927_230121.wav,0,59.40304,18.07242,Leppun,Leptophyes punctatissima,Speckled Bush-cricket,bush-cricket,0.99,,,27/09/2026,27/09/2026,23:01:21,ClassifEspSWE-0002026-05-29_1,JOHANKARLSSON,202609290747NB7QHNI2,,Citizen Science (ultrasonic) - shared
59~40304+18~07242_20260927_230128.wav,DEV_002_20260927_230128.wav,0,59.40304,18.07242,Leppun,Leptophyes punctatissima,Speckled Bush-cricket,bush-cricket,0.99,,,27/09/2026,27/09/2026,23:01:28,ClassifEspSWE-0002026-05-29_1,JOHANKARLSSON,202609290747NB7QHNI2,,Citizen Science (ultrasonic) - shared
59~40304+18~07242_20260927_230151.wav,DEV_002_20260927_230151.wav,0,59.40304,18.07242,Leppun,Leptophyes punctatissima,Speckled Bush-cricket,bush-cricket,0.99,,,27/09/2026,27/09/2026,23:01:51,ClassifEspSWE-0002026-05-29_1,JOHANKARLSSON,202609290747NB7QHNI2,,Citizen Science (ultrasonic) - shared
59~40304+18~07242_20260927_230158.wav,DEV_002_20260927_230158.wav,0,59.40304,18.07242,Leppun,Leptophyes punctatissima,Speckled Bush-cricket,bush-cricket,0.99,,,27/09/2026,27/09/2026,23:01:58,ClassifEspSWE-0002026-05-29_1,JOHANKARLSSON,202609290747NB7QHNI2,,Citizen Science (ultrasonic) - shared
59~40304+18~07242_20260927_230203.wav,DEV_002_20260927_230203.wav,0,59.40304,18.07242,Leppun,Leptophyes punctatissima,Speckled Bush-cricket,bush-cricket,0.99,,,27/09/2026,27/09/2026,23:02:03,ClassifEspSWE-0002026-05-29_1,JOHANKARLSSON,202609290747NB7QHNI2,,Citizen Science (ultrasonic) - shared
59~40304+18~07242_20260927_230209.wav,DEV_002_20260927_230209.wav,0,59.40304,18.07242,Leppun,Leptophyes punctatissima,Speckled Bush-cricket,bush-cricket,0.99,,,27/09/2026,27/09/2026,23:02:09,ClassifEspSWE-0002026-05-29_1,JOHANKARLSSON,202609290747NB7QHNI2,,Citizen Science (ultrasonic) - shared
59~40304+18~07242_20260927_230214.wav,DEV_002_20260927_230214.wav,0,59.40304,18.07242,Leppun,Leptophyes punctatissima,Speckled Bush-cricket,bush-cricket,0.99,,,27/09/2026,27/09/2026,23:02:14,ClassifEspSWE-0002026-05-29_1,JOHANKARLSSON,202609290747NB7QHNI2,,Citizen Science (ultrasonic) - shared
59~40304+18~07242_20260927_230220.wav,DEV_002_20260927_230220.wav,0,59.40304,18.07242,Leppun,Leptophyes punctatissima,Speckled Bush-cricket,bush-cricket,0.99,,,27/09/2026,27/09/2026,23:02:20,ClassifEspSWE-0002026-05-29_1,JOHANKARLSSON,202609290747NB7QHNI2,,Citizen Science (ultrasonic) - shared
59~40304+18~07242_20260927_230226.wav,DEV_002_20260927_230226.wav,0,59.40304,18.07242,Leppun,Leptophyes punctatissima,Speckled Bush-cricket,bush-cricket,0.99,,,27/09/2026,27/09/2026,23:02:26,ClassifEspSWE-0002026-05-29_1,JOHANKARLSSON,202609290747NB7QHNI2,,Citizen Science (ultrasonic) - shared
59~40304+18~07242_20260927_230232.wav,DEV_002_20260927_230232.wav,0,59.40304,18.07242,Leppun,Leptophyes punctatissima,Speckled Bush-cricket,bush-cricket,0.99,,,27/09/2026,27/09/2026,23:02:32,ClassifEspSWE-0002026-05-29_1,JOHANKARLSSON,202609290747NB7QHNI2,,Citizen Science (ultrasonic) - shared
59~40304+18~07242_20260927_230238.wav,DEV_002_20260927_230238.wav,0,59.40304,18.07242,Leppun,Leptophyes punctatissima,Speckled Bush-cricket,bush-cricket,0.99,,,27/09/2026,27/09/2026,23:02:38,ClassifEspSWE-0002026-05-29_1,JOHANKARLSSON,202609290747NB7QHNI2,,Citizen Science (ultrasonic) - shared
59~40304+18~07242_20260927_230244.wav,DEV_002_20260927_230244.wav,0,59.40304,18.07242,Leppun,Leptophyes punctatissima,Speckled Bush-cricket,bush-cricket,0.99,,,27/09/2026,27/09/2026,23:02:44,ClassifEspSWE-0002026-05-29_1,JOHANKARLSSON,202609290747NB7QHNI2,,Citizen Science (ultrasonic) - shared
59~40304+18~07242_20260927_230250.wav,DEV_002_20260927_230250.wav,0,59.40304,18.07242,Leppun,Leptophyes punctatissima,Speckled Bush-cricket,bush-cricket,0.99,,,27/09/2026,27/09/2026,23:02:50,ClassifEspSWE-0002026-05-29_1,JOHANKARLSSON,202609290747NB7QHNI2,,Citizen Science (ultrasonic) - shared
59~40304+18~07242_20260927_230256.wav,DEV_002_20260927_230256.wav,0,59.40304,18.07242,Leppun,Leptophyes punctatissima,Speckled Bush-cricket,bush-cricket,0.99,,,27/09/2026,27/09/2026,23:02:56,ClassifEspSWE-0002026-05-29_1,JOHANKARLSSON,202609290747NB7QHNI2,,Citizen Science (ultrasonic) - shared
59~40304+18~07242_20260927_230301.wav,DEV_002_20260927_230301.wav,0,59.40304,18.07242,Leppun,Leptophyes punctatissima,Speckled Bush-cricket,bush-cricket,0.99,,,27/09/2026,27/09/2026,23:03:01,ClassifEspSWE-0002026-05-29_1,JOHANKARLSSON,202609290747NB7QHNI2,,Citizen Science (ultrasonic) - shared
59~40304+18~07242_20260927_230306.wav,DEV_002_20260927_230306.wav,0,59.40304,18.07242,Leppun,Leptophyes punctatissima,Speckled Bush-cricket,bush-cricket,0.99,,,27/09/2026,27/09/2026,23:03:06,ClassifEspSWE-0002026-05-29_1,JOHANKARLSSON,202609290747NB7QHNI2,,Citizen Science (ultrasonic) - shared
59~40304+18~07242_20260927_230313.wav,DEV_002_20260927_230313.wav,0,59.40304,18.07242,Leppun,Leptophyes punctatissima,Speckled Bush-cricket,bush-cricket,0.99,,,27/09/2026,27/09/2026,23:03:13,ClassifEspSWE-0002026-05-29_1,JOHANKARLSSON,202609290747NB7QHNI2,,Citizen Science (ultrasonic) - shared
59~40304+18~07242_20260927_230318.wav,DEV_002_20260927_230318.wav,0,59.40304,18.07242,Leppun,Leptophyes punctatissima,Speckled Bush-cricket,bush-cricket,0.99,,,27/09/2026,27/09/2026,23:03:18,ClassifEspSWE-0002026-05-29_1,JOHANKARLSSON,202609290747NB7QHNI2,,Citizen Science (ultrasonic) - shared
59~40304+18~07242_20260927_230329.wav,DEV_002_20260927_230329.wav,0,59.40304,18.07242,Leppun,Leptophyes punctatissima,Speckled Bush-cricket,bush-cricket,0.99,,,27/09/2026,27/09/2026,23:03:29,ClassifEspSWE-0002026-05-29_1,JOHANKARLSSON,202609290747NB7QHNI2,,Citizen Science (ultrasonic) - shared
59~40304+18~07242_20260927_230335.wav,DEV_002_20260927_230335.wav,0,59.40304,18.07242,Leppun,Leptophyes punctatissima,Speckled Bush-cricket,bush-cricket,0.99,,,27/09/2026,27/09/2026,23:03:35,ClassifEspSWE-0002026-05-29_1,JOHANKARLSSON,202609290747NB7QHNI2,,Citizen Science (ultrasonic) - shared
59~40304+18~07242_20260927_230340.wav,DEV_002_20260927_230340.wav,0,59.40304,18.07242,Leppun,Leptophyes punctatissima,Speckled Bush-cricket,bush-cricket,0.99,,,27/09/2026,27/09/2026,23:03:40,ClassifEspSWE-0002026-05-29_1,JOHANKARLSSON,202609290747NB7QHNI2,,Citizen Science (ultrasonic) - shared
59~40304+18~07242_20260927_230345.wav,DEV_002_20260927_230345.wav,0,59.40304,18.07242,Leppun,Leptophyes punctatissima,Speckled Bush-cricket,bush-cricket,0.99,,,27/09/2026,27/09/2026,23:03:45,ClassifEspSWE-0002026-05-29_1,JOHANKARLSSON,202609290747NB7QHNI2,,Citizen Science (ultrasonic) - shared
59~40304+18~07242_20260927_230351.wav,DEV_002_20260927_230351.wav,0,59.40304,18.07242,Leppun,Leptophyes punctatissima,Speckled Bush-cricket,bush-cricket,0.99,,,27/09/2026,27/09/2026,23:03:51,ClassifEspSWE-0002026-05-29_1,JOHANKARLSSON,202609290747NB7QHNI2,,Citizen Science (ultrasonic) - shared
59~40304+18~07242_20260927_230356.wav,DEV_002_20260927_230356.wav,0,59.40304,18.07242,Leppun,Leptophyes punctatissima,Speckled Bush-cricket,bush-cricket,0.99,,,27/09/2026,27/09/2026,23:03:56,ClassifEspSWE-0002026-05-29_1,JOHANKARLSSON,202609290747NB7QHNI2,,Citizen Science (ultrasonic) - shared
59~40304+18~07242_20260927_230403.wav,DEV_002_20260927_230403.wav,0,59.40304,18.07242,Leppun,Leptophyes punctatissima,Speckled Bush-cricket,bush-cricket,0.99,,,27/09/2026,27/09/2026,23:04:03,ClassifEspSWE-0002026-05-29_1,JOHANKARLSSON,202609290747NB7QHNI2,,Citizen Science (ultrasonic) - shared
59~40304+18~07242_20260927_230408.wav,DEV_002_20260927_230408.wav,0,59.40304,18.07242,Leppun,Leptophyes punctatissima,Speckled Bush-cricket,bush-cricket,0.99,,,27/09/2026,27/09/2026,23:04:08,ClassifEspSWE-0002026-05-29_1,JOHANKARLSSON,202609290747NB7QHNI2,,Citizen Science (ultrasonic) - shared
59~40304+18~07242_20260927_230419.wav,DEV_002_20260927_230419.wav,0,59.40304,18.07242,Leppun,Leptophyes punctatissima,Speckled Bush-cricket,bush-cricket,0.99,,,27/09/2026,27/09/2026,23:04:19,ClassifEspSWE-0002026-05-29_1,JOHANKARLSSON,202609290747NB7QHNI2,,Citizen Science (ultrasonic) - shared
59~40304+18~07242_20260927_230427.wav,DEV_002_20260927_230427.wav,0,59.40304,18.07242,Leppun,Leptophyes punctatissima,Speckled Bush-cricket,bush-cricket,0.99,,,27/09/2026,27/09/2026,23:04:27,ClassifEspSWE-0002026-05-29_1,JOHANKARLSSON,202609290747NB7QHNI2,,Citizen Science (ultrasonic) - shared
59~40304+18~07242_20260927_230434.wav,DEV_002_20260927_230434.wav,0,59.40304,18.07242,Leppun,Leptophyes punctatissima,Speckled Bush-cricket,bush-cricket,0.99,,,27/09/2026,27/09/2026,23:04:34,ClassifEspSWE-0002026-05-29_1,JOHANKARLSSON,202609290747NB7QHNI2,,Citizen Science (ultrasonic) - shared
59~40304+18~07242_20260927_230440.wav,DEV_002_20260927_230440.wav,0,59.40304,18.07242,Leppun,Leptophyes punctatissima,Speckled Bush-cricket,bush-cricket,0.99,,,27/09/2026,27/09/2026,23:04:40,ClassifEspSWE-0002026-05-29_1,JOHANKARLSSON,202609290747NB7QHNI2,,Citizen Science (ultrasonic) - shared
59~40304+18~07242_20260927_230449.wav,DEV_002_20260927_230449.wav,0,59.40304,18.07242,Leppun,Leptophyes punctatissima,Speckled Bush-cricket,bush-cricket,0.99,,,27/09/2026,27/09/2026,23:04:49,ClassifEspSWE-0002026-05-29_1,JOHANKARLSSON,202609290747NB7QHNI2,,Citizen Science (ultrasonic) - shared
59~40304+18~07242_20260927_230458.wav,DEV_002_20260927_230458.wav,0,59.40304,18.07242,Leppun,Leptophyes punctatissima,Speckled Bush-cricket,bush-cricket,0.99,,,27/09/2026,27/09/2026,23:04:58,ClassifEspSWE-0002026-05-29_1,JOHANKARLSSON,202609290747NB7QHNI2,,Citizen Science (ultrasonic) - shared
59~40304+18~07242_20260927_230506.wav,DEV_002_20260927_230506.wav,0,59.40304,18.07242,Leppun,Leptophyes punctatissima,Speckled Bush-cricket,bush-cricket,0.99,,,27/09/2026,27/09/2026,23:05:06,ClassifEspSWE-0002026-05-29_1,JOHANKARLSSON,202609290747NB7QHNI2,,Citizen Science (ultrasonic) - shared
59~40304+18~07242_20260927_230511.wav,DEV_002_20260927_230511.wav,0,59.40304,18.07242,Leppun,Leptophyes punctatissima,Speckled Bush-cricket,bush-cricket,0.99,,,27/09/2026,27/09/2026,23:05:11,ClassifEspSWE-0002026-05-29_1,JOHANKARLSSON,202609290747NB7QHNI2,,Citizen Science (ultrasonic) - shared
59~40304+18~07242_20260927_230519.wav,DEV_002_20260927_230519.wav,0,59.40304,18.07242,Leppun,Leptophyes punctatissima,Speckled Bush-cricket,bush-cricket,0.99,,,27/09/2026,27/09/2026,23:05:19,ClassifEspSWE-0002026-05-29_1,JOHANKARLSSON,202609290747NB7QHNI2,,Citizen Science (ultrasonic) - shared
59~40304+18~07242_20260927_230525.wav,DEV_002_20260927_230525.wav,0,59.40304,18.07242,Leppun,Leptophyes punctatissima,Speckled Bush-cricket,bush-cricket,0.99,,,27/09/2026,27/09/2026,23:05:25,ClassifEspSWE-0002026-05-29_1,JOHANKARLSSON,202609290747NB7QHNI2,,Citizen Science (ultrasonic) - shared
59~40304+18~07242_20260927_230531.wav,DEV_002_20260927_230531.wav,0,59.40304,18.07242,Leppun,Leptophyes punctatissima,Speckled Bush-cricket,bush-cricket,0.99,,,27/09/2026,27/09/2026,23:05:31,ClassifEspSWE-0002026-05-29_1,JOHANKARLSSON,202609290747NB7QHNI2,,Citizen Science (ultrasonic) - shared
59~40304+18~07242_20260927_230537.wav,DEV_002_20260927_230537.wav,0,59.40304,18.07242,Leppun,Leptophyes punctatissima,Speckled Bush-cricket,bush-cricket,0.99,,,27/09/2026,27/09/2026,23:05:37,ClassifEspSWE-0002026-05-29_1,JOHANKARLSSON,202609290747NB7QHNI2,,Citizen Science (ultrasonic) - shared
59~40304+18~07242_20260927_230546.wav,DEV_002_20260927_230546.wav,0,59.40304,18.07242,Leppun,Leptophyes punctatissima,Speckled Bush-cricket,bush-cricket,0.99,,,27/09/2026,27/09/2026,23:05:46,ClassifEspSWE-0002026-05-29_1,JOHANKARLSSON,202609290747NB7QHNI2,,Citizen Science (ultrasonic) - shared
59~40304+18~07242_20260927_230554.wav,DEV_002_20260927_230554.wav,0,59.40304,18.07242,Leppun,Leptophyes punctatissima,Speckled Bush-cricket,bush-cricket,0.99,,,27/09/2026,27/09/2026,23:05:54,ClassifEspSWE-0002026-05-29_1,JOHANKARLSSON,202609290747NB7QHNI2,,Citizen Science (ultrasonic) - shared
59~40304+18~07242_20260927_230603.wav,DEV_002_20260927_230603.wav,0,59.40304,18.07242,Leppun,Leptophyes punctatissima,Speckled Bush-cricket,bush-cricket,0.99,,,27/09/2026,27/09/2026,23:06:03,ClassifEspSWE-0002026-05-29_1,JOHANKARLSSON,202609290747NB7QHNI2,,Citizen Science (ultrasonic) - shared
59~40304+18~07242_20260927_230608.wav,DEV_002_20260927_230608.wav,0,59.40304,18.07242,Leppun,Leptophyes punctatissima,Speckled Bush-cricket,bush-cricket,0.99,,,27/09/2026,27/09/2026,23:06:08,ClassifEspSWE-0002026-05-29_1,JOHANKARLSSON,202609290747NB7QHNI2,,Citizen Science (ultrasonic) - shared
59~40304+18~07242_20260927_230616.wav,DEV_002_20260927_230616.wav,0,59.40304,18.07242,Leppun,Leptophyes punctatissima,Speckled Bush-cricket,bush-cricket,0.99,,,27/09/2026,27/09/2026,23:06:16,ClassifEspSWE-0002026-05-29_1,JOHANKARLSSON,202609290747NB7QHNI2,,Citizen Science (ultrasonic) - shared
59~40304+18~07242_20260927_230622.wav,DEV_002_20260927_230622.wav,0,59.40304,18.07242,Leppun,Leptophyes punctatissima,Speckled Bush-cricket,bush-cricket,0.99,,,27/09/2026,27/09/2026,23:06:22,ClassifEspSWE-0002026-05-29_1,JOHANKARLSSON,202609290747NB7QHNI2,,Citizen Science (ultrasonic) - shared
59~40304+18~07242_20260927_230628.wav,DEV_002_20260927_230628.wav,0,59.40304,18.07242,Leppun,Leptophyes punctatissima,Speckled Bush-cricket,bush-cricket,0.99,,,27/09/2026,27/09/2026,23:06:28,ClassifEspSWE-0002026-05-29_1,JOHANKARLSSON,202609290747NB7QHNI2,,Citizen Science (ultrasonic) - shared
59~40304+18~07242_20260927_230636.wav,DEV_002_20260927_230636.wav,0,59.40304,18.07242,Leppun,Leptophyes punctatissima,Speckled Bush-cricket,bush-cricket,0.99,,,27/09/2026,27/09/2026,23:06:36,ClassifEspSWE-0002026-05-29_1,JOHANKARLSSON,202609290747NB7QHNI2,,Citizen Science (ultrasonic) - shared
59~40304+18~07242_20260927_230641.wav,DEV_002_20260927_230641.wav,0,59.40304,18.07242,Leppun,Leptophyes punctatissima,Speckled Bush-cricket,bush-cricket,0.99,,,27/09/2026,27/09/2026,23:06:41,ClassifEspSWE-0002026-05-29_1,JOHANKARLSSON,202609290747NB7QHNI2,,Citizen Science (ultrasonic) - shared
59~40304+18~07242_20260927_230649.wav,DEV_002_20260927_230649.wav,0,59.40304,18.07242,Leppun,Leptophyes punctatissima,Speckled Bush-cricket,bush-cricket,0.99,,,27/09/2026,27/09/2026,23:06:49,ClassifEspSWE-0002026-05-29_1,JOHANKARLSSON,202609290747NB7QHNI2,,Citizen Science (ultrasonic) - shared
59~40304+18~07242_20260927_230657.wav,DEV_002_20260927_230657.wav,0,59.40304,18.07242,Leppun,Leptophyes punctatissima,Speckled Bush-cricket,bush-cricket,0.99,,,27/09/2026,27/09/2026,23:06:57,ClassifEspSWE-0002026-05-29_1,JOHANKARLSSON,202609290747NB7QHNI2,,Citizen Science (ultrasonic) - shared
59~40304+18~07242_20260927_230706.wav,DEV_002_20260927_230706.wav,0,59.40304,18.07242,Leppun,Leptophyes punctatissima,Speckled Bush-cricket,bush-cricket,0.99,,,27/09/2026,27/09/2026,23:07:06,ClassifEspSWE-0002026-05-29_1,JOHANKARLSSON,202609290747NB7QHNI2,,Citizen Science (ultrasonic) - shared
59~40304+18~07242_20260927_230714.wav,DEV_002_20260927_230714.wav,0,59.40304,18.07242,Leppun,Leptophyes punctatissima,Speckled Bush-cricket,bush-cricket,0.99,,,27/09/2026,27/09/2026,23:07:14,ClassifEspSWE-0002026-05-29_1,JOHANKARLSSON,202609290747NB7QHNI2,,Citizen Science (ultrasonic) - shared
59~40304+18~07242_20260927_230720.wav,DEV_002_20260927_230720.wav,0,59.40304,18.07242,Leppun,Leptophyes punctatissima,Speckled Bush-cricket,bush-cricket,0.99,,,27/09/2026,27/09/2026,23:07:20,ClassifEspSWE-0002026-05-29_1,JOHANKARLSSON,202609290747NB7QHNI2,,Citizen Science (ultrasonic) - shared
59~40304+18~07242_20260927_230726.wav,DEV_002_20260927_230726.wav,0,59.40304,18.07242,Leppun,Leptophyes punctatissima,Speckled Bush-cricket,bush-cricket,0.99,,,27/09/2026,27/09/2026,23:07:26,ClassifEspSWE-0002026-05-29_1,JOHANKARLSSON,202609290747NB7QHNI2,,Citizen Science (ultrasonic) - shared
59~40304+18~07242_20260927_230731.wav,DEV_002_20260927_230731.wav,0,59.40304,18.07242,Leppun,Leptophyes punctatissima,Speckled Bush-cricket,bush-cricket,0.99,,,27/09/2026,27/09/2026,23:07:31,ClassifEspSWE-0002026-05-29_1,JOHANKARLSSON,202609290747NB7QHNI2,,Citizen Science (ultrasonic) - shared
59~40304+18~07242_20260927_230740.wav,DEV_002_20260927_230740.wav,0,59.40304,18.07242,Leppun,Leptophyes punctatissima,Speckled Bush-cricket,bush-cricket,0.99,,,27/09/2026,27/09/2026,23:07:40,ClassifEspSWE-0002026-05-29_1,JOHANKARLSSON,202609290747NB7QHNI2,,Citizen Science (ultrasonic) - shared
59~40304+18~07242_20260927_230749.wav,DEV_002_20260927_230749.wav,0,59.40304,18.07242,Leppun,Leptophyes punctatissima,Speckled Bush-cricket,bush-cricket,0.99,,,27/09/2026,27/09/2026,23:07:49,ClassifEspSWE-0002026-05-29_1,JOHANKARLSSON,202609290747NB7QHNI2,,Citizen Science (ultrasonic) - shared
59~40304+18~07242_20260927_230758.wav,DEV_002_20260927_230758.wav,0,59.40304,18.07242,Leppun,Leptophyes punctatissima,Speckled Bush-cricket,bush-cricket,0.99,,,27/09/2026,27/09/2026,23:07:58,ClassifEspSWE-0002026-05-29_1,JOHANKARLSSON,202609290747NB7QHNI2,,Citizen Science (ultrasonic) - shared
59~40304+18~07242_20260927_230806.wav,DEV_002_20260927_230806.wav,0,59.40304,18.07242,Leppun,Leptophyes punctatissima,Speckled Bush-cricket,bush-cricket,0.99,,,27/09/2026,27/09/2026,23:08:06,ClassifEspSWE-0002026-05-29_1,JOHANKARLSSON,202609290747NB7QHNI2,,Citizen Science (ultrasonic) - shared
59~40304+18~07242_20260927_230816.wav,DEV_002_20260927_230816.wav,0,59.40304,18.07242,Leppun,Leptophyes punctatissima,Speckled Bush-cricket,bush-cricket,0.99,,,27/09/2026,27/09/2026,23:08:16,ClassifEspSWE-0002026-05-29_1,JOHANKARLSSON,202609290747NB7QHNI2,,Citizen Science (ultrasonic) - shared
59~40304+18~07242_20260927_230824.wav,DEV_002_20260927_230824.wav,0,59.40304,18.07242,Leppun,Leptophyes punctatissima,Speckled Bush-cricket,bush-cricket,0.99,,,27/09/2026,27/09/2026,23:08:24,ClassifEspSWE-0002026-05-29_1,JOHANKARLSSON,202609290747NB7QHNI2,,Citizen Science (ultrasonic) - shared
59~40304+18~07242_20260927_230830.wav,DEV_002_20260927_230830.wav,0,59.40304,18.07242,Leppun,Leptophyes punctatissima,Speckled Bush-cricket,bush-cricket,0.99,,,27/09/2026,27/09/2026,23:08:30,ClassifEspSWE-0002026-05-29_1,JOHANKARLSSON,202609290747NB7QHNI2,,Citizen Science (ultrasonic) - shared
59~40304+18~07242_20260927_230839.wav,DEV_002_20260927_230839.wav,0,59.40304,18.07242,Leppun,Leptophyes punctatissima,Speckled Bush-cricket,bush-cricket,0.99,,,27/09/2026,27/09/2026,23:08:39,ClassifEspSWE-0002026-05-29_1,JOHANKARLSSON,202609290747NB7QHNI2,,Citizen Science (ultrasonic) - shared
59~40304+18~07242_20260927_230848.wav,DEV_002_20260927_230848.wav,0,59.40304,18.07242,Leppun,Leptophyes punctatissima,Speckled Bush-cricket,bush-cricket,0.99,,,27/09/2026,27/09/2026,23:08:48,ClassifEspSWE-0002026-05-29_1,JOHANKARLSSON,202609290747NB7QHNI2,,Citizen Science (ultrasonic) - shared
59~40304+18~07242_20260927_230855.wav,DEV_002_20260927_230855.wav,0,59.40304,18.07242,Leppun,Leptophyes punctatissima,Speckled Bush-cricket,bush-cricket,0.99,,,27/09/2026,27/09/2026,23:08:55,ClassifEspSWE-0002026-05-29_1,JOHANKARLSSON,202609290747NB7QHNI2,,Citizen Science (ultrasonic) - shared
59~40304+18~07242_20260927_230901.wav,DEV_002_20260927_230901.wav,0,59.40304,18.07242,Leppun,Leptophyes punctatissima,Speckled Bush-cricket,bush-cricket,0.99,,,27/09/2026,27/09/2026,23:09:01,ClassifEspSWE-0002026-05-29_1,JOHANKARLSSON,202609290747NB7QHNI2,,Citizen Science (ultrasonic) - shared
59~40304+18~07242_20260927_230907.wav,DEV_002_20260927_230907.wav,0,59.40304,18.07242,Leppun,Leptophyes punctatissima,Speckled Bush-cricket,bush-cricket,0.99,,,27/09/2026,27/09/2026,23:09:07,ClassifEspSWE-0002026-05-29_1,JOHANKARLSSON,202609290747NB7QHNI2,,Citizen Science (ultrasonic) - shared
59~40304+18~07242_20260927_230914.wav,DEV_002_20260927_230914.wav,0,59.40304,18.07242,Leppun,Leptophyes punctatissima,Speckled Bush-cricket,bush-cricket,0.99,,,27/09/2026,27/09/2026,23:09:14,ClassifEspSWE-0002026-05-29_1,JOHANKARLSSON,202609290747NB7QHNI2,,Citizen Science (ultrasonic) - shared
59~40304+18~07242_20260927_230921.wav,DEV_002_20260927_230921.wav,0,59.40304,18.07242,Leppun,Leptophyes punctatissima,Speckled Bush-cricket,bush-cricket,0.99,,,27/09/2026,27/09/2026,23:09:21,ClassifEspSWE-0002026-05-29_1,JOHANKARLSSON,202609290747NB7QHNI2,,Citizen Science (ultrasonic) - shared
59~40304+18~07242_20260927_230930.wav,DEV_002_20260927_230930.wav,0,59.40304,18.07242,Leppun,Leptophyes punctatissima,Speckled Bush-cricket,bush-cricket,0.99,,,27/09/2026,27/09/2026,23:09:30,ClassifEspSWE-0002026-05-29_1,JOHANKARLSSON,202609290747NB7QHNI2,,Citizen Science (ultrasonic) - shared
59~40304+18~07242_20260927_230939.wav,DEV_002_20260927_230939.wav,0,59.40304,18.07242,Leppun,Leptophyes punctatissima,Speckled Bush-cricket,bush-cricket,0.99,,,27/09/2026,27/09/2026,23:09:39,ClassifEspSWE-0002026-05-29_1,JOHANKARLSSON,202609290747NB7QHNI2,,Citizen Science (ultrasonic) - shared
59~40304+18~07242_20260927_230948.wav,DEV_002_20260927_230948.wav,0,59.40304,18.07242,Leppun,Leptophyes punctatissima,Speckled Bush-cricket,bush-cricket,0.99,,,27/09/2026,27/09/2026,23:09:48,ClassifEspSWE-0002026-05-29_1,JOHANKARLSSON,202609290747NB7QHNI2,,Citizen Science (ultrasonic) - shared
59~40304+18~07242_20260927_230956.wav,DEV_002_20260927_230956.wav,0,59.40304,18.07242,Leppun,Leptophyes punctatissima,Speckled Bush-cricket,bush-cricket,0.99,,,27/09/2026,27/09/2026,23:09:56,ClassifEspSWE-0002026-05-29_1,JOHANKARLSSON,202609290747NB7QHNI2,,Citizen Science (ultrasonic) - shared
59~40304+18~07242_20260927_231005.wav,DEV_002_20260927_231005.wav,0,59.40304,18.07242,Leppun,Leptophyes punctatissima,Speckled Bush-cricket,bush-cricket,0.99,,,27/09/2026,27/09/2026,23:10:05,ClassifEspSWE-0002026-05-29_1,JOHANKARLSSON,202609290747NB7QHNI2,,Citizen Science (ultrasonic) - shared
59~40304+18~07242_20260927_231014.wav,DEV_002_20260927_231014.wav,0,59.40304,18.07242,Leppun,Leptophyes punctatissima,Speckled Bush-cricket,bush-cricket,0.99,,,27/09/2026,27/09/2026,23:10:14,ClassifEspSWE-0002026-05-29_1,JOHANKARLSSON,202609290747NB7QHNI2,,Citizen Science (ultrasonic) - shared
59~40304+18~07242_20260927_231019.wav,DEV_002_20260927_231019.wav,0,59.40304,18.07242,Leppun,Leptophyes punctatissima,Speckled Bush-cricket,bush-cricket,0.99,,,27/09/2026,27/09/2026,23:10:19,ClassifEspSWE-0002026-05-29_1,JOHANKARLSSON,202609290747NB7QHNI2,,Citizen Science (ultrasonic) - shared
59~40304+18~07242_20260927_231026.wav,DEV_002_20260927_231026.wav,0,59.40304,18.07242,Leppun,Leptophyes punctatissima,Speckled Bush-cricket,bush-cricket,0.99,,,27/09/2026,27/09/2026,23:10:26,ClassifEspSWE-0002026-05-29_1,JOHANKARLSSON,202609290747NB7QHNI2,,Citizen Science (ultrasonic) - shared
59~40304+18~07242_20260927_231033.wav,DEV_002_20260927_231033.wav,0,59.40304,18.07242,Leppun,Leptophyes punctatissima,Speckled Bush-cricket,bush-cricket,0.99,,,27/09/2026,27/09/2026,23:10:33,ClassifEspSWE-0002026-05-29_1,JOHANKARLSSON,202609290747NB7QHNI2,,Citizen Science (ultrasonic) - shared
59~40304+18~07242_20260927_231043.wav,DEV_002_20260927_231043.wav,0,59.40304,18.07242,Leppun,Leptophyes punctatissima,Speckled Bush-cricket,bush-cricket,0.99,,,27/09/2026,27/09/2026,23:10:43,ClassifEspSWE-0002026-05-29_1,JOHANKARLSSON,202609290747NB7QHNI2,,Citizen Science (ultrasonic) - shared
59~40304+18~07242_20260927_231053.wav,DEV_002_20260927_231053.wav,0,59.40304,18.07242,Leppun,Leptophyes punctatissima,Speckled Bush-cricket,bush-cricket,0.99,,,27/09/2026,27/09/2026,23:10:53,ClassifEspSWE-0002026-05-29_1,JOHANKARLSSON,202609290747NB7QHNI2,,Citizen Science (ultrasonic) - shared
59~40304+18~07242_20260927_231103.wav,DEV_002_20260927_231103.wav,0,59.40304,18.07242,Leppun,Leptophyes punctatissima,Speckled Bush-cricket,bush-cricket,0.99,,,27/09/2026,27/09/2026,23:11:03,ClassifEspSWE-0002026-05-29_1,JOHANKARLSSON,202609290747NB7QHNI2,,Citizen Science (ultrasonic) - shared
59~40304+18~07242_20260927_231110.wav,DEV_002_20260927_231110.wav,0,59.40304,18.07242,Leppun,Leptophyes punctatissima,Speckled Bush-cricket,bush-cricket,0.99,,,27/09/2026,27/09/2026,23:11:10,ClassifEspSWE-0002026-05-29_1,JOHANKARLSSON,202609290747NB7QHNI2,,Citizen Science (ultrasonic) - shared
59~40304+18~07242_20260927_231115.wav,DEV_002_20260927_231115.wav,0,59.40304,18.07242,Leppun,Leptophyes punctatissima,Speckled Bush-cricket,bush-cricket,0.99,,,27/09/2026,27/09/2026,23:11:15,ClassifEspSWE-0002026-05-29_1,JOHANKARLSSON,202609290747NB7QHNI2,,Citizen Science (ultrasonic) - shared
59~40304+18~07242_20260927_231121.wav,DEV_002_20260927_231121.wav,0,59.40304,18.07242,Leppun,Leptophyes punctatissima,Speckled Bush-cricket,bush-cricket,0.99,,,27/09/2026,27/09/2026,23:11:21,ClassifEspSWE-0002026-05-29_1,JOHANKARLSSON,202609290747NB7QHNI2,,Citizen Science (ultrasonic) - shared
59~40304+18~07242_20260927_231131.wav,DEV_002_20260927_231131.wav,0,59.40304,18.07242,Leppun,Leptophyes punctatissima,Speckled Bush-cricket,bush-cricket,0.99,,,27/09/2026,27/09/2026,23:11:31,ClassifEspSWE-0002026-05-29_1,JOHANKARLSSON,202609290747NB7QHNI2,,Citizen Science (ultrasonic) - shared
59~40304+18~07242_20260927_231140.wav,DEV_002_20260927_231140.wav,0,59.40304,18.07242,Leppun,Leptophyes punctatissima,Speckled Bush-cricket,bush-cricket,0.99,,,27/09/2026,27/09/2026,23:11:40,ClassifEspSWE-0002026-05-29_1,JOHANKARLSSON,202609290747NB7QHNI2,,Citizen Science (ultrasonic) - shared
59~40304+18~07242_20260927_231152.wav,DEV_002_20260927_231152.wav,0,59.40304,18.07242,Leppun,Leptophyes punctatissima,Speckled Bush-cricket,bush-cricket,0.99,,,27/09/2026,27/09/2026,23:11:52,ClassifEspSWE-0002026-05-29_1,JOHANKARLSSON,202609290747NB7QHNI2,,Citizen Science (ultrasonic) - shared
59~40304+18~07242_20260927_231200.wav,DEV_002_20260927_231200.wav,0,59.40304,18.07242,Leppun,Leptophyes punctatissima,Speckled Bush-cricket,bush-cricket,0.99,,,27/09/2026,27/09/2026,23:12:00,ClassifEspSWE-0002026-05-29_1,JOHANKARLSSON,202609290747NB7QHNI2,,Citizen Science (ultrasonic) - shared
59~40304+18~07242_20260927_231211.wav,DEV_002_20260927_231211.wav,0,59.40304,18.07242,Leppun,Leptophyes punctatissima,Speckled Bush-cricket,bush-cricket,0.99,,,27/09/2026,27/09/2026,23:12:11,ClassifEspSWE-0002026-05-29_1,JOHANKARLSSON,202609290747NB7QHNI2,,Citizen Science (ultrasonic) - shared
59~40304+18~07242_20260927_231219.wav,DEV_002_20260927_231219.wav,0,59.40304,18.07242,Leppun,Leptophyes punctatissima,Speckled Bush-cricket,bush-cricket,0.99,,,27/09/2026,27/09/2026,23:12:19,ClassifEspSWE-0002026-05-29_1,JOHANKARLSSON,202609290747NB7QHNI2,,Citizen Science (ultrasonic) - shared
59~40304+18~07242_20260927_231225.wav,DEV_002_20260927_231225.wav,0,59.40304,18.07242,Leppun,Leptophyes punctatissima,Speckled Bush-cricket,bush-cricket,0.99,,,27/09/2026,27/09/2026,23:12:25,ClassifEspSWE-0002026-05-29_1,JOHANKARLSSON,202609290747NB7QHNI2,,Citizen Science (ultrasonic) - shared
59~40304+18~07242_20260927_231235.wav,DEV_002_20260927_231235.wav,0,59.40304,18.07242,Leppun,Leptophyes punctatissima,Speckled Bush-cricket,bush-cricket,0.99,,,27/09/2026,27/09/2026,23:12:35,ClassifEspSWE-0002026-05-29_1,JOHANKARLSSON,202609290747NB7QHNI2,,Citizen Science (ultrasonic) - shared
59~40304+18~07242_20260927_231242.wav,DEV_002_20260927_231242.wav,0,59.40304,18.07242,Leppun,Leptophyes punctatissima,Speckled Bush-cricket,bush-cricket,0.99,,,27/09/2026,27/09/2026,23:12:42,ClassifEspSWE-0002026-05-29_1,JOHANKARLSSON,202609290747NB7QHNI2,,Citizen Science (ultrasonic) - shared
59~40304+18~07242_20260927_231249.wav,DEV_002_20260927_231249.wav,0,59.40304,18.07242,Leppun,Leptophyes punctatissima,Speckled Bush-cricket,bush-cricket,0.99,,,27/09/2026,27/09/2026,23:12:49,ClassifEspSWE-0002026-05-29_1,JOHANKARLSSON,202609290747NB7QHNI2,,Citizen Science (ultrasonic) - shared
59~40304+18~07242_20260927_231255.wav,DEV_002_20260927_231255.wav,0,59.40304,18.07242,Leppun,Leptophyes punctatissima,Speckled Bush-cricket,bush-cricket,0.99,,,27/09/2026,27/09/2026,23:12:55,ClassifEspSWE-0002026-05-29_1,JOHANKARLSSON,202609290747NB7QHNI2,,Citizen Science (ultrasonic) - shared
59~40304+18~07242_20260927_231300.wav,DEV_002_20260927_231300.wav,0,59.40304,18.07242,Leppun,Leptophyes punctatissima,Speckled Bush-cricket,bush-cricket,0.99,,,27/09/2026,27/09/2026,23:13:00,ClassifEspSWE-0002026-05-29_1,JOHANKARLSSON,202609290747NB7QHNI2,,Citizen Science (ultrasonic) - shared
59~40304+18~07242_20260927_231307.wav,DEV_002_20260927_231307.wav,0,59.40304,18.07242,Leppun,Leptophyes punctatissima,Speckled Bush-cricket,bush-cricket,0.99,,,27/09/2026,27/09/2026,23:13:07,ClassifEspSWE-0002026-05-29_1,JOHANKARLSSON,202609290747NB7QHNI2,,Citizen Science (ultrasonic) - shared
59~40304+18~07242_20260927_231313.wav,DEV_002_20260927_231313.wav,0,59.40304,18.07242,Leppun,Leptophyes punctatissima,Speckled Bush-cricket,bush-cricket,0.99,,,27/09/2026,27/09/2026,23:13:13,ClassifEspSWE-0002026-05-29_1,JOHANKARLSSON,202609290747NB7QHNI2,,Citizen Science (ultrasonic) - shared
59~40304+18~07242_20260927_231318.wav,DEV_002_20260927_231318.wav,0,59.40304,18.07242,Leppun,Leptophyes punctatissima,Speckled Bush-cricket,bush-cricket,0.99,,,27/09/2026,27/09/2026,23:13:18,ClassifEspSWE-0002026-05-29_1,JOHANKARLSSON,202609290747NB7QHNI2,,Citizen Science (ultrasonic) - shared
59~40304+18~07242_20260927_231333.wav,DEV_002_20260927_231333.wav,0,59.40304,18.07242,Leppun,Leptophyes punctatissima,Speckled Bush-cricket,bush-cricket,0.99,,,27/09/2026,27/09/2026,23:13:33,ClassifEspSWE-0002026-05-29_1,JOHANKARLSSON,202609290747NB7QHNI2,,Citizen Science (ultrasonic) - shared
59~40304+18~07242_20260927_231341.wav,DEV_002_20260927_231341.wav,0,59.40304,18.07242,Leppun,Leptophyes punctatissima,Speckled Bush-cricket,bush-cricket,0.99,,,27/09/2026,27/09/2026,23:13:41,ClassifEspSWE-0002026-05-29_1,JOHANKARLSSON,202609290747NB7QHNI2,,Citizen Science (ultrasonic) - shared
59~40304+18~07242_20260927_231347.wav,DEV_002_20260927_231347.wav,0,59.40304,18.07242,Leppun,Leptophyes punctatissima,Speckled Bush-cricket,bush-cricket,0.99,,,27/09/2026,27/09/2026,23:13:47,ClassifEspSWE-0002026-05-29_1,JOHANKARLSSON,202609290747NB7QHNI2,,Citizen Science (ultrasonic) - shared
59~40304+18~07242_20260927_231355.wav,DEV_002_20260927_231355.wav,0,59.40304,18.07242,Leppun,Leptophyes punctatissima,Speckled Bush-cricket,bush-cricket,0.99,,,27/09/2026,27/09/2026,23:13:55,ClassifEspSWE-0002026-05-29_1,JOHANKARLSSON,202609290747NB7QHNI2,,Citizen Science (ultrasonic) - shared
59~40304+18~07242_20260927_231401.wav,DEV_002_20260927_231401.wav,0,59.40304,18.07242,Leppun,Leptophyes punctatissima,Speckled Bush-cricket,bush-cricket,0.99,,,27/09/2026,27/09/2026,23:14:01,ClassifEspSWE-0002026-05-29_1,JOHANKARLSSON,202609290747NB7QHNI2,,Citizen Science (ultrasonic) - shared
59~40304+18~07242_20260927_231409.wav,DEV_002_20260927_231409.wav,0,59.40304,18.07242,Leppun,Leptophyes punctatissima,Speckled Bush-cricket,bush-cricket,0.99,,,27/09/2026,27/09/2026,23:14:09,ClassifEspSWE-0002026-05-29_1,JOHANKARLSSON,202609290747NB7QHNI2,,Citizen Science (ultrasonic) - shared
59~40304+18~07242_20260927_231415.wav,DEV_002_20260927_231415.wav,0,59.40304,18.07242,Leppun,Leptophyes punctatissima,Speckled Bush-cricket,bush-cricket,0.99,,,27/09/2026,27/09/2026,23:14:15,ClassifEspSWE-0002026-05-29_1,JOHANKARLSSON,202609290747NB7QHNI2,,Citizen Science (ultrasonic) - shared
59~40304+18~07242_20260927_231424.wav,DEV_002_20260927_231424.wav,0,59.40304,18.07242,Leppun,Leptophyes punctatissima,Speckled Bush-cricket,bush-cricket,0.99,,,27/09/2026,27/09/2026,23:14:24,ClassifEspSWE-0002026-05-29_1,JOHANKARLSSON,202609290747NB7QHNI2,,Citizen Science (ultrasonic) - shared
59~40304+18~07242_20260927_231430.wav,DEV_002_20260927_231430.wav,0,59.40304,18.07242,Leppun,Leptophyes punctatissima,Speckled Bush-cricket,bush-cricket,0.99,,,27/09/2026,27/09/2026,23:14:30,ClassifEspSWE-0002026-05-29_1,JOHANKARLSSON,202609290747NB7QHNI2,,Citizen Science (ultrasonic) - shared
59~40304+18~07242_20260927_231435.wav,DEV_002_20260927_231435.wav,0,59.40304,18.07242,Leppun,Leptophyes punctatissima,Speckled Bush-cricket,bush-cricket,0.99,,,27/09/2026,27/09/2026,23:14:35,ClassifEspSWE-0002026-05-29_1,JOHANKARLSSON,202609290747NB7QHNI2,,Citizen Science (ultrasonic) - shared
59~40304+18~07242_20260927_231441.wav,DEV_002_20260927_231441.wav,0,59.40304,18.07242,Leppun,Leptophyes punctatissima,Speckled Bush-cricket,bush-cricket,0.99,,,27/09/2026,27/09/2026,23:14:41,ClassifEspSWE-0002026-05-29_1,JOHANKARLSSON,202609290747NB7QHNI2,,Citizen Science (ultrasonic) - shared
59~40304+18~07242_20260927_231449.wav,DEV_002_20260927_231449.wav,0,59.40304,18.07242,Leppun,Leptophyes punctatissima,Speckled Bush-cricket,bush-cricket,0.99,,,27/09/2026,27/09/2026,23:14:49,ClassifEspSWE-0002026-05-29_1,JOHANKARLSSON,202609290747NB7QHNI2,,Citizen Science (ultrasonic) - shared
59~40304+18~07242_20260927_231455.wav,DEV_002_20260927_231455.wav,0,59.40304,18.07242,Leppun,Leptophyes punctatissima,Speckled Bush-cricket,bush-cricket,0.99,,,27/09/2026,27/09/2026,23:14:55,ClassifEspSWE-0002026-05-29_1,JOHANKARLSSON,202609290747NB7QHNI2,,Citizen Science (ultrasonic) - shared
59~40304+18~07242_20260927_231502.wav,DEV_002_20260927_231502.wav,0,59.40304,18.07242,Leppun,Leptophyes punctatissima,Speckled Bush-cricket,bush-cricket,0.99,,,27/09/2026,27/09/2026,23:15:02,ClassifEspSWE-0002026-05-29_1,JOHANKARLSSON,202609290747NB7QHNI2,,Citizen Science (ultrasonic) - shared
59~40304+18~07242_20260927_231509.wav,DEV_002_20260927_231509.wav,0,59.40304,18.07242,Leppun,Leptophyes punctatissima,Speckled Bush-cricket,bush-cricket,0.99,,,27/09/2026,27/09/2026,23:15:09,ClassifEspSWE-0002026-05-29_1,JOHANKARLSSON,202609290747NB7QHNI2,,Citizen Science (ultrasonic) - shared
59~40304+18~07242_20260927_231514.wav,DEV_002_20260927_231514.wav,0,59.40304,18.07242,Leppun,Leptophyes punctatissima,Speckled Bush-cricket,bush-cricket,0.99,,,27/09/2026,27/09/2026,23:15:14,ClassifEspSWE-0002026-05-29_1,JOHANKARLSSON,202609290747NB7QHNI2,,Citizen Science (ultrasonic) - shared
59~40304+18~07242_20260927_231521.wav,DEV_002_20260927_231521.wav,0,59.40304,18.07242,Leppun,Leptophyes punctatissima,Speckled Bush-cricket,bush-cricket,0.99,,,27/09/2026,27/09/2026,23:15:21,ClassifEspSWE-0002026-05-29_1,JOHANKARLSSON,202609290747NB7QHNI2,,Citizen Science (ultrasonic) - shared
59~40304+18~07242_20260927_231528.wav,DEV_002_20260927_231528.wav,0,59.40304,18.07242,Leppun,Leptophyes punctatissima,Speckled Bush-cricket,bush-cricket,0.99,,,27/09/2026,27/09/2026,23:15:28,ClassifEspSWE-0002026-05-29_1,JOHANKARLSSON,202609290747NB7QHNI2,,Citizen Science (ultrasonic) - shared
59~40304+18~07242_20260927_231534.wav,DEV_002_20260927_231534.wav,0,59.40304,18.07242,Leppun,Leptophyes punctatissima,Speckled Bush-cricket,bush-cricket,0.99,,,27/09/2026,27/09/2026,23:15:34,ClassifEspSWE-0002026-05-29_1,JOHANKARLSSON,202609290747NB7QHNI2,,Citizen Science (ultrasonic) - shared
59~40304+18~07242_20260927_231545.wav,DEV_002_20260927_231545.wav,0,59.40304,18.07242,Leppun,Leptophyes punctatissima,Speckled Bush-cricket,bush-cricket,0.99,,,27/09/2026,27/09/2026,23:15:45,ClassifEspSWE-0002026-05-29_1,JOHANKARLSSON,202609290747NB7QHNI2,,Citizen Science (ultrasonic) - shared
59~40304+18~07242_20260927_231552.wav,DEV_002_20260927_231552.wav,0,59.40304,18.07242,Leppun,Leptophyes punctatissima,Speckled Bush-cricket,bush-cricket,0.99,,,27/09/2026,27/09/2026,23:15:52,ClassifEspSWE-0002026-05-29_1,JOHANKARLSSON,202609290747NB7QHNI2,,Citizen Science (ultrasonic) - shared
59~40304+18~07242_20260927_231558.wav,DEV_002_20260927_231558.wav,0,59.40304,18.07242,Leppun,Leptophyes punctatissima,Speckled Bush-cricket,bush-cricket,0.99,,,27/09/2026,27/09/2026,23:15:58,ClassifEspSWE-0002026-05-29_1,JOHANKARLSSON,202609290747NB7QHNI2,,Citizen Science (ultrasonic) - shared
59~40304+18~07242_20260927_231604.wav,DEV_002_20260927_231604.wav,0,59.40304,18.07242,Leppun,Leptophyes punctatissima,Speckled Bush-cricket,bush-cricket,0.99,,,27/09/2026,27/09/2026,23:16:04,ClassifEspSWE-0002026-05-29_1,JOHANKARLSSON,202609290747NB7QHNI2,,Citizen Science (ultrasonic) - shared
59~40304+18~07242_20260927_231610.wav,DEV_002_20260927_231610.wav,0,59.40304,18.07242,Leppun,Leptophyes punctatissima,Speckled Bush-cricket,bush-cricket,0.99,,,27/09/2026,27/09/2026,23:16:10,ClassifEspSWE-0002026-05-29_1,JOHANKARLSSON,202609290747NB7QHNI2,,Citizen Science (ultrasonic) - shared
59~40304+18~07242_20260927_231616.wav,DEV_002_20260927_231616.wav,0,59.40304,18.07242,Leppun,Leptophyes punctatissima,Speckled Bush-cricket,bush-cricket,0.99,,,27/09/2026,27/09/2026,23:16:16,ClassifEspSWE-0002026-05-29_1,JOHANKARLSSON,202609290747NB7QHNI2,,Citizen Science (ultrasonic) - shared
59~40304+18~07242_20260927_231621.wav,DEV_002_20260927_231621.wav,0,59.40304,18.07242,Leppun,Leptophyes punctatissima,Speckled Bush-cricket,bush-cricket,0.99,,,27/09/2026,27/09/2026,23:16:21,ClassifEspSWE-0002026-05-29_1,JOHANKARLSSON,202609290747NB7QHNI2,,Citizen Science (ultrasonic) - shared
59~40304+18~07242_20260927_231627.wav,DEV_002_20260927_231627.wav,0,59.40304,18.07242,Leppun,Leptophyes punctatissima,Speckled Bush-cricket,bush-cricket,0.99,,,27/09/2026,27/09/2026,23:16:27,ClassifEspSWE-0002026-05-29_1,JOHANKARLSSON,202609290747NB7QHNI2,,Citizen Science (ultrasonic) - shared
59~40304+18~07242_20260927_231632.wav,DEV_002_20260927_231632.wav,0,59.40304,18.07242,Leppun,Leptophyes punctatissima,Speckled Bush-cricket,bush-cricket,0.99,,,27/09/2026,27/09/2026,23:16:32,ClassifEspSWE-0002026-05-29_1,JOHANKARLSSON,202609290747NB7QHNI2,,Citizen Science (ultrasonic) - shared
59~40304+18~07242_20260927_231638.wav,DEV_002_20260927_231638.wav,0,59.40304,18.07242,Leppun,Leptophyes punctatissima,Speckled Bush-cricket,bush-cricket,0.99,,,27/09/2026,27/09/2026,23:16:38,ClassifEspSWE-0002026-05-29_1,JOHANKARLSSON,202609290747NB7QHNI2,,Citizen Science (ultrasonic) - shared
59~40304+18~07242_20260927_231645.wav,DEV_002_20260927_231645.wav,0,59.40304,18.07242,Leppun,Leptophyes punctatissima,Speckled Bush-cricket,bush-cricket,0.99,,,27/09/2026,27/09/2026,23:16:45,ClassifEspSWE-0002026-05-29_1,JOHANKARLSSON,202609290747NB7QHNI2,,Citizen Science (ultrasonic) - shared
59~40304+18~07242_20260927_231650.wav,DEV_002_20260927_231650.wav,0,59.40304,18.07242,Leppun,Leptophyes punctatissima,Speckled Bush-cricket,bush-cricket,0.99,,,27/09/2026,27/09/2026,23:16:50,ClassifEspSWE-0002026-05-29_1,JOHANKARLSSON,202609290747NB7QHNI2,,Citizen Science (ultrasonic) - shared
59~40304+18~07242_20260927_231656.wav,DEV_002_20260927_231656.wav,0,59.40304,18.07242,Leppun,Leptophyes punctatissima,Speckled Bush-cricket,bush-cricket,0.99,,,27/09/2026,27/09/2026,23:16:56,ClassifEspSWE-0002026-05-29_1,JOHANKARLSSON,202609290747NB7QHNI2,,Citizen Science (ultrasonic) - shared
59~40304+18~07242_20260927_231702.wav,DEV_002_20260927_231702.wav,0,59.40304,18.07242,Leppun,Leptophyes punctatissima,Speckled Bush-cricket,bush-cricket,0.99,,,27/09/2026,27/09/2026,23:17:02,ClassifEspSWE-0002026-05-29_1,JOHANKARLSSON,202609290747NB7QHNI2,,Citizen Science (ultrasonic) - shared
59~40304+18~07242_20260927_231709.wav,DEV_002_20260927_231709.wav,0,59.40304,18.07242,Leppun,Leptophyes punctatissima,Speckled Bush-cricket,bush-cricket,0.99,,,27/09/2026,27/09/2026,23:17:09,ClassifEspSWE-0002026-05-29_1,JOHANKARLSSON,202609290747NB7QHNI2,,Citizen Science (ultrasonic) - shared
59~40304+18~07242_20260927_231723.wav,DEV_002_20260927_231723.wav,0,59.40304,18.07242,Leppun,Leptophyes punctatissima,Speckled Bush-cricket,bush-cricket,0.99,,,27/09/2026,27/09/2026,23:17:23,ClassifEspSWE-0002026-05-29_1,JOHANKARLSSON,202609290747NB7QHNI2,,Citizen Science (ultrasonic) - shared
59~40304+18~07242_20260927_231728.wav,DEV_002_20260927_231728.wav,0,59.40304,18.07242,Leppun,Leptophyes punctatissima,Speckled Bush-cricket,bush-cricket,0.99,,,27/09/2026,27/09/2026,23:17:28,ClassifEspSWE-0002026-05-29_1,JOHANKARLSSON,202609290747NB7QHNI2,,Citizen Science (ultrasonic) - shared
59~40304+18~07242_20260927_231737.wav,DEV_002_20260927_231737.wav,0,59.40304,18.07242,Leppun,Leptophyes punctatissima,Speckled Bush-cricket,bush-cricket,0.99,,,27/09/2026,27/09/2026,23:17:37,ClassifEspSWE-0002026-05-29_1,JOHANKARLSSON,202609290747NB7QHNI2,,Citizen Science (ultrasonic) - shared
59~40304+18~07242_20260927_231746.wav,DEV_002_20260927_231746.wav,0,59.40304,18.07242,Leppun,Leptophyes punctatissima,Speckled Bush-cricket,bush-cricket,0.99,,,27/09/2026,27/09/2026,23:17:46,ClassifEspSWE-0002026-05-29_1,JOHANKARLSSON,202609290747NB7QHNI2,,Citizen Science (ultrasonic) - shared
59~40304+18~07242_20260927_231753.wav,DEV_002_20260927_231753.wav,0,59.40304,18.07242,Leppun,Leptophyes punctatissima,Speckled Bush-cricket,bush-cricket,0.99,,,27/09/2026,27/09/2026,23:17:53,ClassifEspSWE-0002026-05-29_1,JOHANKARLSSON,202609290747NB7QHNI2,,Citizen Science (ultrasonic) - shared
59~40304+18~07242_20260927_231802.wav,DEV_002_20260927_231802.wav,0,59.40304,18.07242,Leppun,Leptophyes punctatissima,Speckled Bush-cricket,bush-cricket,0.99,,,27/09/2026,27/09/2026,23:18:02,ClassifEspSWE-0002026-05-29_1,JOHANKARLSSON,202609290747NB7QHNI2,,Citizen Science (ultrasonic) - shared
59~40304+18~07242_20260927_231807.wav,DEV_002_20260927_231807.wav,0,59.40304,18.07242,Leppun,Leptophyes punctatissima,Speckled Bush-cricket,bush-cricket,0.99,,,27/09/2026,27/09/2026,23:18:07,ClassifEspSWE-0002026-05-29_1,JOHANKARLSSON,202609290747NB7QHNI2,,Citizen Science (ultrasonic) - shared
59~40304+18~07242_20260927_231812.wav,DEV_002_20260927_231812.wav,0,59.40304,18.07242,Leppun,Leptophyes punctatissima,Speckled Bush-cricket,bush-cricket,0.99,,,27/09/2026,27/09/2026,23:18:12,ClassifEspSWE-0002026-05-29_1,JOHANKARLSSON,202609290747NB7QHNI2,,Citizen Science (ultrasonic) - shared
59~40304+18~07242_20260927_231819.wav,DEV_002_20260927_231819.wav,0,59.40304,18.07242,Leppun,Leptophyes punctatissima,Speckled Bush-cricket,bush-cricket,0.99,,,27/09/2026,27/09/2026,23:18:19,ClassifEspSWE-0002026-05-29_1,JOHANKARLSSON,202609290747NB7QHNI2,,Citizen Science (ultrasonic) - shared
59~40304+18~07242_20260927_231824.wav,DEV_002_20260927_231824.wav,0,59.40304,18.07242,Leppun,Leptophyes punctatissima,Speckled Bush-cricket,bush-cricket,0.99,,,27/09/2026,27/09/2026,23:18:24,ClassifEspSWE-0002026-05-29_1,JOHANKARLSSON,202609290747NB7QHNI2,,Citizen Science (ultrasonic) - shared
59~40304+18~07242_20260927_231831.wav,DEV_002_20260927_231831.wav,0,59.40304,18.07242,Leppun,Leptophyes punctatissima,Speckled Bush-cricket,bush-cricket,0.99,,,27/09/2026,27/09/2026,23:18:31,ClassifEspSWE-0002026-05-29_1,JOHANKARLSSON,202609290747NB7QHNI2,,Citizen Science (ultrasonic) - shared
59~40304+18~07242_20260927_231840.wav,DEV_002_20260927_231840.wav,0,59.40304,18.07242,Leppun,Leptophyes punctatissima,Speckled Bush-cricket,bush-cricket,0.99,,,27/09/2026,27/09/2026,23:18:40,ClassifEspSWE-0002026-05-29_1,JOHANKARLSSON,202609290747NB7QHNI2,,Citizen Science (ultrasonic) - shared
59~40304+18~07242_20260927_231846.wav,DEV_002_20260927_231846.wav,0,59.40304,18.07242,Leppun,Leptophyes punctatissima,Speckled Bush-cricket,bush-cricket,0.99,,,27/09/2026,27/09/2026,23:18:46,ClassifEspSWE-0002026-05-29_1,JOHANKARLSSON,202609290747NB7QHNI2,,Citizen Science (ultrasonic) - shared
59~40304+18~07242_20260927_231853.wav,DEV_002_20260927_231853.wav,0,59.40304,18.07242,Leppun,Leptophyes punctatissima,Speckled Bush-cricket,bush-cricket,0.99,,,27/09/2026,27/09/2026,23:18:53,ClassifEspSWE-0002026-05-29_1,JOHANKARLSSON,202609290747NB7QHNI2,,Citizen Science (ultrasonic) - shared
59~40304+18~07242_20260927_231904.wav,DEV_002_20260927_231904.wav,0,59.40304,18.07242,Leppun,Leptophyes punctatissima,Speckled Bush-cricket,bush-cricket,0.99,,,27/09/2026,27/09/2026,23:19:04,ClassifEspSWE-0002026-05-29_1,JOHANKARLSSON,202609290747NB7QHNI2,,Citizen Science (ultrasonic) - shared
59~40304+18~07242_20260927_231915.wav,DEV_002_20260927_231915.wav,0,59.40304,18.07242,Leppun,Leptophyes punctatissima,Speckled Bush-cricket,bush-cricket,0.99,,,27/09/2026,27/09/2026,23:19:15,ClassifEspSWE-0002026-05-29_1,JOHANKARLSSON,202609290747NB7QHNI2,,Citizen Science (ultrasonic) - shared
59~40304+18~07242_20260927_231920.wav,DEV_002_20260927_231920.wav,0,59.40304,18.07242,Leppun,Leptophyes punctatissima,Speckled Bush-cricket,bush-cricket,0.99,,,27/09/2026,27/09/2026,23:19:20,ClassifEspSWE-0002026-05-29_1,JOHANKARLSSON,202609290747NB7QHNI2,,Citizen Science (ultrasonic) - shared
59~40304+18~07242_20260927_231930.wav,DEV_002_20260927_231930.wav,0,59.40304,18.07242,Leppun,Leptophyes punctatissima,Speckled Bush-cricket,bush-cricket,0.99,,,27/09/2026,27/09/2026,23:19:30,ClassifEspSWE-0002026-05-29_1,JOHANKARLSSON,202609290747NB7QHNI2,,Citizen Science (ultrasonic) - shared
59~40304+18~07242_20260927_231936.wav,DEV_002_20260927_231936.wav,0,59.40304,18.07242,Leppun,Leptophyes punctatissima,Speckled Bush-cricket,bush-cricket,0.99,,,27/09/2026,27/09/2026,23:19:36,ClassifEspSWE-0002026-05-29_1,JOHANKARLSSON,202609290747NB7QHNI2,,Citizen Science (ultrasonic) - shared
59~40304+18~07242_20260927_231945.wav,DEV_002_20260927_231945.wav,0,59.40304,18.07242,Leppun,Leptophyes punctatissima,Speckled Bush-cricket,bush-cricket,0.99,,,27/09/2026,27/09/2026,23:19:45,ClassifEspSWE-0002026-05-29_1,JOHANKARLSSON,202609290747NB7QHNI2,,Citizen Science (ultrasonic) - shared
59~40304+18~07242_20260927_231955.wav,DEV_002_20260927_231955.wav,0,59.40304,18.07242,Leppun,Leptophyes punctatissima,Speckled Bush-cricket,bush-cricket,0.99,,,27/09/2026,27/09/2026,23:19:55,ClassifEspSWE-0002026-05-29_1,JOHANKARLSSON,202609290747NB7QHNI2,,Citizen Science (ultrasonic) - shared
59~40304+18~07242_20260927_232000.wav,DEV_002_20260927_232000.wav,0,59.40304,18.07242,Leppun,Leptophyes punctatissima,Speckled Bush-cricket,bush-cricket,0.99,,,27/09/2026,27/09/2026,23:20:00,ClassifEspSWE-0002026-05-29_1,JOHANKARLSSON,202609290747NB7QHNI2,,Citizen Science (ultrasonic) - shared
59~40304+18~07242_20260927_232011.wav,DEV_002_20260927_232011.wav,0,59.40304,18.07242,Leppun,Leptophyes punctatissima,Speckled Bush-cricket,bush-cricket,0.99,,,27/09/2026,27/09/2026,23:20:11,ClassifEspSWE-0002026-05-29_1,JOHANKARLSSON,202609290747NB7QHNI2,,Citizen Science (ultrasonic) - shared
59~40304+18~07242_20260927_232022.wav,DEV_002_20260927_232022.wav,0,59.40304,18.07242,Leppun,Leptophyes punctatissima,Speckled Bush-cricket,bush-cricket,0.99,,,27/09/2026,27/09/2026,23:20:22,ClassifEspSWE-0002026-05-29_1,JOHANKARLSSON,202609290747NB7QHNI2,,Citizen Science (ultrasonic) - shared
59~40304+18~07242_20260927_232028.wav,DEV_002_20260927_232028.wav,0,59.40304,18.07242,Leppun,Leptophyes punctatissima,Speckled Bush-cricket,bush-cricket,0.99,,,27/09/2026,27/09/2026,23:20:28,ClassifEspSWE-0002026-05-29_1,JOHANKARLSSON,202609290747NB7QHNI2,,Citizen Science (ultrasonic) - shared
59~40304+18~07242_20260927_232038.wav,DEV_002_20260927_232038.wav,0,59.40304,18.07242,Leppun,Leptophyes punctatissima,Speckled Bush-cricket,bush-cricket,0.99,,,27/09/2026,27/09/2026,23:20:38,ClassifEspSWE-0002026-05-29_1,JOHANKARLSSON,202609290747NB7QHNI2,,Citizen Science (ultrasonic) - shared
59~40304+18~07242_20260927_232043.wav,DEV_002_20260927_232043.wav,0,59.40304,18.07242,Leppun,Leptophyes punctatissima,Speckled Bush-cricket,bush-cricket,0.99,,,27/09/2026,27/09/2026,23:20:43,ClassifEspSWE-0002026-05-29_1,JOHANKARLSSON,202609290747NB7QHNI2,,Citizen Science (ultrasonic) - shared
59~40304+18~07242_20260927_232049.wav,DEV_002_20260927_232049.wav,0,59.40304,18.07242,Leppun,Leptophyes punctatissima,Speckled Bush-cricket,bush-cricket,0.99,,,27/09/2026,27/09/2026,23:20:49,ClassifEspSWE-0002026-05-29_1,JOHANKARLSSON,202609290747NB7QHNI2,,Citizen Science (ultrasonic) - shared
59~40304+18~07242_20260927_232054.wav,DEV_002_20260927_232054.wav,0,59.40304,18.07242,Leppun,Leptophyes punctatissima,Speckled Bush-cricket,bush-cricket,0.99,,,27/09/2026,27/09/2026,23:20:54,ClassifEspSWE-0002026-05-29_1,JOHANKARLSSON,202609290747NB7QHNI2,,Citizen Science (ultrasonic) - shared
59~40304+18~07242_20260927_232102.wav,DEV_002_20260927_232102.wav,0,59.40304,18.07242,Leppun,Leptophyes punctatissima,Speckled Bush-cricket,bush-cricket,0.99,,,27/09/2026,27/09/2026,23:21:02,ClassifEspSWE-0002026-05-29_1,JOHANKARLSSON,202609290747NB7QHNI2,,Citizen Science (ultrasonic) - shared
59~40304+18~07242_20260927_232107.wav,DEV_002_20260927_232107.wav,0,59.40304,18.07242,Leppun,Leptophyes punctatissima,Speckled Bush-cricket,bush-cricket,0.99,,,27/09/2026,27/09/2026,23:21:07,ClassifEspSWE-0002026-05-29_1,JOHANKARLSSON,202609290747NB7QHNI2,,Citizen Science (ultrasonic) - shared
59~40304+18~07242_20260927_232112.wav,DEV_002_20260927_232112.wav,0,59.40304,18.07242,Leppun,Leptophyes punctatissima,Speckled Bush-cricket,bush-cricket,0.99,,,27/09/2026,27/09/2026,23:21:12,ClassifEspSWE-0002026-05-29_1,JOHANKARLSSON,202609290747NB7QHNI2,,Citizen Science (ultrasonic) - shared
59~40304+18~07242_20260927_232122.wav,DEV_002_20260927_232122.wav,0,59.40304,18.07242,Leppun,Leptophyes punctatissima,Speckled Bush-cricket,bush-cricket,0.99,,,27/09/2026,27/09/2026,23:21:22,ClassifEspSWE-0002026-05-29_1,JOHANKARLSSON,202609290747NB7QHNI2,,Citizen Science (ultrasonic) - shared
59~40304+18~07242_20260927_232134.wav,DEV_002_20260927_232134.wav,0,59.40304,18.07242,Leppun,Leptophyes punctatissima,Speckled Bush-cricket,bush-cricket,0.99,,,27/09/2026,27/09/2026,23:21:34,ClassifEspSWE-0002026-05-29_1,JOHANKARLSSON,202609290747NB7QHNI2,,Citizen Science (ultrasonic) - shared
59~40304+18~07242_20260927_232140.wav,DEV_002_20260927_232140.wav,0,59.40304,18.07242,Leppun,Leptophyes punctatissima,Speckled Bush-cricket,bush-cricket,0.99,,,27/09/2026,27/09/2026,23:21:40,ClassifEspSWE-0002026-05-29_1,JOHANKARLSSON,202609290747NB7QHNI2,,Citizen Science (ultrasonic) - shared
59~40304+18~07242_20260927_232203.wav,DEV_002_20260927_232203.wav,0,59.40304,18.07242,Leppun,Leptophyes punctatissima,Speckled Bush-cricket,bush-cricket,0.99,,,27/09/2026,27/09/2026,23:22:03,ClassifEspSWE-0002026-05-29_1,JOHANKARLSSON,202609290747NB7QHNI2,,Citizen Science (ultrasonic) - shared
59~40304+18~07242_20260927_232209.wav,DEV_002_20260927_232209.wav,0,59.40304,18.07242,Leppun,Leptophyes punctatissima,Speckled Bush-cricket,bush-cricket,0.99,,,27/09/2026,27/09/2026,23:22:09,ClassifEspSWE-0002026-05-29_1,JOHANKARLSSON,202609290747NB7QHNI2,,Citizen Science (ultrasonic) - shared
59~40304+18~07242_20260927_232215.wav,DEV_002_20260927_232215.wav,0,59.40304,18.07242,Leppun,Leptophyes punctatissima,Speckled Bush-cricket,bush-cricket,0.99,,,27/09/2026,27/09/2026,23:22:15,ClassifEspSWE-0002026-05-29_1,JOHANKARLSSON,202609290747NB7QHNI2,,Citizen Science (ultrasonic) - shared
59~40304+18~07242_20260927_232226.wav,DEV_002_20260927_232226.wav,0,59.40304,18.07242,Leppun,Leptophyes punctatissima,Speckled Bush-cricket,bush-cricket,0.99,,,27/09/2026,27/09/2026,23:22:26,ClassifEspSWE-0002026-05-29_1,JOHANKARLSSON,202609290747NB7QHNI2,,Citizen Science (ultrasonic) - shared
59~40304+18~07242_20260927_232235.wav,DEV_002_20260927_232235.wav,0,59.40304,18.07242,Leppun,Leptophyes punctatissima,Speckled Bush-cricket,bush-cricket,0.99,,,27/09/2026,27/09/2026,23:22:35,ClassifEspSWE-0002026-05-29_1,JOHANKARLSSON,202609290747NB7QHNI2,,Citizen Science (ultrasonic) - shared
59~40304+18~07242_20260927_232242.wav,DEV_002_20260927_232242.wav,0,59.40304,18.07242,Leppun,Leptophyes punctatissima,Speckled Bush-cricket,bush-cricket,0.99,,,27/09/2026,27/09/2026,23:22:42,ClassifEspSWE-0002026-05-29_1,JOHANKARLSSON,202609290747NB7QHNI2,,Citizen Science (ultrasonic) - shared
59~40304+18~07242_20260927_232253.wav,DEV_002_20260927_232253.wav,0,59.40304,18.07242,Leppun,Leptophyes punctatissima,Speckled Bush-cricket,bush-cricket,0.99,,,27/09/2026,27/09/2026,23:22:53,ClassifEspSWE-0002026-05-29_1,JOHANKARLSSON,202609290747NB7QHNI2,,Citizen Science (ultrasonic) - shared
59~40304+18~07242_20260927_232305.wav,DEV_002_20260927_232305.wav,0,59.40304,18.07242,Leppun,Leptophyes punctatissima,Speckled Bush-cricket,bush-cricket,0.99,,,27/09/2026,27/09/2026,23:23:05,ClassifEspSWE-0002026-05-29_1,JOHANKARLSSON,202609290747NB7QHNI2,,Citizen Science (ultrasonic) - shared
59~40304+18~07242_20260927_232314.wav,DEV_002_20260927_232314.wav,0,59.40304,18.07242,Leppun,Leptophyes punctatissima,Speckled Bush-cricket,bush-cricket,0.99,,,27/09/2026,27/09/2026,23:23:14,ClassifEspSWE-0002026-05-29_1,JOHANKARLSSON,202609290747NB7QHNI2,,Citizen Science (ultrasonic) - shared
59~40304+18~07242_20260927_232324.wav,DEV_002_20260927_232324.wav,0,59.40304,18.07242,Leppun,Leptophyes punctatissima,Speckled Bush-cricket,bush-cricket,0.99,,,27/09/2026,27/09/2026,23:23:24,ClassifEspSWE-0002026-05-29_1,JOHANKARLSSON,202609290747NB7QHNI2,,Citizen Science (ultrasonic) - shared
59~40304+18~07242_20260927_232334.wav,DEV_002_20260927_232334.wav,0,59.40304,18.07242,Leppun,Leptophyes punctatissima,Speckled Bush-cricket,bush-cricket,0.99,,,27/09/2026,27/09/2026,23:23:34,ClassifEspSWE-0002026-05-29_1,JOHANKARLSSON,202609290747NB7QHNI2,,Citizen Science (ultrasonic) - shared
59~40304+18~07242_20260927_232343.wav,DEV_002_20260927_232343.wav,0,59.40304,18.07242,Leppun,Leptophyes punctatissima,Speckled Bush-cricket,bush-cricket,0.99,,,27/09/2026,27/09/2026,23:23:43,ClassifEspSWE-0002026-05-29_1,JOHANKARLSSON,202609290747NB7QHNI2,,Citizen Science (ultrasonic) - shared
59~40304+18~07242_20260927_232353.wav,DEV_002_20260927_232353.wav,0,59.40304,18.07242,Leppun,Leptophyes punctatissima,Speckled Bush-cricket,bush-cricket,0.99,,,27/09/2026,27/09/2026,23:23:53,ClassifEspSWE-0002026-05-29_1,JOHANKARLSSON,202609290747NB7QHNI2,,Citizen Science (ultrasonic) - shared
59~40304+18~07242_20260927_232402.wav,DEV_002_20260927_232402.wav,0,59.40304,18.07242,Leppun,Leptophyes punctatissima,Speckled Bush-cricket,bush-cricket,0.99,,,27/09/2026,27/09/2026,23:24:02,ClassifEspSWE-0002026-05-29_1,JOHANKARLSSON,202609290747NB7QHNI2,,Citizen Science (ultrasonic) - shared
59~40304+18~07242_20260927_232411.wav,DEV_002_20260927_232411.wav,0,59.40304,18.07242,Leppun,Leptophyes punctatissima,Speckled Bush-cricket,bush-cricket,0.99,,,27/09/2026,27/09/2026,23:24:11,ClassifEspSWE-0002026-05-29_1,JOHANKARLSSON,202609290747NB7QHNI2,,Citizen Science (ultrasonic) - shared
59~40304+18~07242_20260927_232419.wav,DEV_002_20260927_232419.wav,0,59.40304,18.07242,Leppun,Leptophyes punctatissima,Speckled Bush-cricket,bush-cricket,0.99,,,27/09/2026,27/09/2026,23:24:19,ClassifEspSWE-0002026-05-29_1,JOHANKARLSSON,202609290747NB7QHNI2,,Citizen Science (ultrasonic) - shared
59~40304+18~07242_20260927_232426.wav,DEV_002_20260927_232426.wav,0,59.40304,18.07242,Leppun,Leptophyes punctatissima,Speckled Bush-cricket,bush-cricket,0.99,,,27/09/2026,27/09/2026,23:24:26,ClassifEspSWE-0002026-05-29_1,JOHANKARLSSON,202609290747NB7QHNI2,,Citizen Science (ultrasonic) - shared
59~40304+18~07242_20260927_232434.wav,DEV_002_20260927_232434.wav,0,59.40304,18.07242,Leppun,Leptophyes punctatissima,Speckled Bush-cricket,bush-cricket,0.99,,,27/09/2026,27/09/2026,23:24:34,ClassifEspSWE-0002026-05-29_1,JOHANKARLSSON,202609290747NB7QHNI2,,Citizen Science (ultrasonic) - shared
59~40304+18~07242_20260927_232442.wav,DEV_002_20260927_232442.wav,0,59.40304,18.07242,Leppun,Leptophyes punctatissima,Speckled Bush-cricket,bush-cricket,0.99,,,27/09/2026,27/09/2026,23:24:42,ClassifEspSWE-0002026-05-29_1,JOHANKARLSSON,202609290747NB7QHNI2,,Citizen Science (ultrasonic) - shared
59~40304+18~07242_20260927_232451.wav,DEV_002_20260927_232451.wav,0,59.40304,18.07242,Leppun,Leptophyes punctatissima,Speckled Bush-cricket,bush-cricket,0.99,,,27/09/2026,27/09/2026,23:24:51,ClassifEspSWE-0002026-05-29_1,JOHANKARLSSON,202609290747NB7QHNI2,,Citizen Science (ultrasonic) - shared
59~40304+18~07242_20260927_232501.wav,DEV_002_20260927_232501.wav,0,59.40304,18.07242,Leppun,Leptophyes punctatissima,Speckled Bush-cricket,bush-cricket,0.99,,,27/09/2026,27/09/2026,23:25:01,ClassifEspSWE-0002026-05-29_1,JOHANKARLSSON,202609290747NB7QHNI2,,Citizen Science (ultrasonic) - shared
59~40304+18~07242_20260927_232509.wav,DEV_002_20260927_232509.wav,0,59.40304,18.07242,Leppun,Leptophyes punctatissima,Speckled Bush-cricket,bush-cricket,0.99,,,27/09/2026,27/09/2026,23:25:09,ClassifEspSWE-0002026-05-29_1,JOHANKARLSSON,202609290747NB7QHNI2,,Citizen Science (ultrasonic) - shared
59~40304+18~07242_20260927_232516.wav,DEV_002_20260927_232516.wav,0,59.40304,18.07242,Leppun,Leptophyes punctatissima,Speckled Bush-cricket,bush-cricket,0.99,,,27/09/2026,27/09/2026,23:25:16,ClassifEspSWE-0002026-05-29_1,JOHANKARLSSON,202609290747NB7QHNI2,,Citizen Science (ultrasonic) - shared
59~40304+18~07242_20260927_232524.wav,DEV_002_20260927_232524.wav,0,59.40304,18.07242,Leppun,Leptophyes punctatissima,Speckled Bush-cricket,bush-cricket,0.99,,,27/09/2026,27/09/2026,23:25:24,ClassifEspSWE-0002026-05-29_1,JOHANKARLSSON,202609290747NB7QHNI2,,Citizen Science (ultrasonic) - shared
59~40304+18~07242_20260927_232534.wav,DEV_002_20260927_232534.wav,0,59.40304,18.07242,Leppun,Leptophyes punctatissima,Speckled Bush-cricket,bush-cricket,0.99,,,27/09/2026,27/09/2026,23:25:34,ClassifEspSWE-0002026-05-29_1,JOHANKARLSSON,202609290747NB7QHNI2,,Citizen Science (ultrasonic) - shared
59~40304+18~07242_20260927_232541.wav,DEV_002_20260927_232541.wav,0,59.40304,18.07242,Leppun,Leptophyes punctatissima,Speckled Bush-cricket,bush-cricket,0.99,,,27/09/2026,27/09/2026,23:25:41,ClassifEspSWE-0002026-05-29_1,JOHANKARLSSON,202609290747NB7QHNI2,,Citizen Science (ultrasonic) - shared
59~40304+18~07242_20260927_232548.wav,DEV_002_20260927_232548.wav,0,59.40304,18.07242,Leppun,Leptophyes punctatissima,Speckled Bush-cricket,bush-cricket,0.99,,,27/09/2026,27/09/2026,23:25:48,ClassifEspSWE-0002026-05-29_1,JOHANKARLSSON,202609290747NB7QHNI2,,Citizen Science (ultrasonic) - shared
59~40304+18~07242_20260927_232556.wav,DEV_002_20260927_232556.wav,0,59.40304,18.07242,Leppun,Leptophyes punctatissima,Speckled Bush-cricket,bush-cricket,0.99,,,27/09/2026,27/09/2026,23:25:56,ClassifEspSWE-0002026-05-29_1,JOHANKARLSSON,202609290747NB7QHNI2,,Citizen Science (ultrasonic) - shared
59~40304+18~07242_20260927_232603.wav,DEV_002_20260927_232603.wav,0,59.40304,18.07242,Leppun,Leptophyes punctatissima,Speckled Bush-cricket,bush-cricket,0.99,,,27/09/2026,27/09/2026,23:26:03,ClassifEspSWE-0002026-05-29_1,JOHANKARLSSON,202609290747NB7QHNI2,,Citizen Science (ultrasonic) - shared
59~40304+18~07242_20260927_232614.wav,DEV_002_20260927_232614.wav,0,59.40304,18.07242,Leppun,Leptophyes punctatissima,Speckled Bush-cricket,bush-cricket,0.99,,,27/09/2026,27/09/2026,23:26:14,ClassifEspSWE-0002026-05-29_1,JOHANKARLSSON,202609290747NB7QHNI2,,Citizen Science (ultrasonic) - shared
59~40304+18~07242_20260927_232626.wav,DEV_002_20260927_232626.wav,0,59.40304,18.07242,Leppun,Leptophyes punctatissima,Speckled Bush-cricket,bush-cricket,0.99,,,27/09/2026,27/09/2026,23:26:26,ClassifEspSWE-0002026-05-29_1,JOHANKARLSSON,202609290747NB7QHNI2,,Citizen Science (ultrasonic) - shared
59~40304+18~07242_20260927_232641.wav,DEV_002_20260927_232641.wav,0,59.40304,18.07242,Leppun,Leptophyes punctatissima,Speckled Bush-cricket,bush-cricket,0.99,,,27/09/2026,27/09/2026,23:26:41,ClassifEspSWE-0002026-05-29_1,JOHANKARLSSON,202609290747NB7QHNI2,,Citizen Science (ultrasonic) - shared
59~40304+18~07242_20260927_232651.wav,DEV_002_20260927_232651.wav,0,59.40304,18.07242,Leppun,Leptophyes punctatissima,Speckled Bush-cricket,bush-cricket,0.99,,,27/09/2026,27/09/2026,23:26:51,ClassifEspSWE-0002026-05-29_1,JOHANKARLSSON,202609290747NB7QHNI2,,Citizen Science (ultrasonic) - shared
59~40304+18~07242_20260927_232659.wav,DEV_002_20260927_232659.wav,0,59.40304,18.07242,Leppun,Leptophyes punctatissima,Speckled Bush-cricket,bush-cricket,0.99,,,27/09/2026,27/09/2026,23:26:59,ClassifEspSWE-0002026-05-29_1,JOHANKARLSSON,202609290747NB7QHNI2,,Citizen Science (ultrasonic) - shared
59~40304+18~07242_20260927_232710.wav,DEV_002_20260927_232710.wav,0,59.40304,18.07242,Leppun,Leptophyes punctatissima,Speckled Bush-cricket,bush-cricket,0.99,,,27/09/2026,27/09/2026,23:27:10,ClassifEspSWE-0002026-05-29_1,JOHANKARLSSON,202609290747NB7QHNI2,,Citizen Science (ultrasonic) - shared
59~40304+18~07242_20260927_232720.wav,DEV_002_20260927_232720.wav,0,59.40304,18.07242,Leppun,Leptophyes punctatissima,Speckled Bush-cricket,bush-cricket,0.99,,,27/09/2026,27/09/2026,23:27:20,ClassifEspSWE-0002026-05-29_1,JOHANKARLSSON,202609290747NB7QHNI2,,Citizen Science (ultrasonic) - shared
59~40304+18~07242_20260927_232730.wav,DEV_002_20260927_232730.wav,0,59.40304,18.07242,Leppun,Leptophyes punctatissima,Speckled Bush-cricket,bush-cricket,0.99,,,27/09/2026,27/09/2026,23:27:30,ClassifEspSWE-0002026-05-29_1,JOHANKARLSSON,202609290747NB7QHNI2,,Citizen Science (ultrasonic) - shared
59~40304+18~07242_20260927_232736.wav,DEV_002_20260927_232736.wav,0,59.40304,18.07242,Leppun,Leptophyes punctatissima,Speckled Bush-cricket,bush-cricket,0.99,,,27/09/2026,27/09/2026,23:27:36,ClassifEspSWE-0002026-05-29_1,JOHANKARLSSON,202609290747NB7QHNI2,,Citizen Science (ultrasonic) - shared
59~40304+18~07242_20260927_232745.wav,DEV_002_20260927_232745.wav,0,59.40304,18.07242,Leppun,Leptophyes punctatissima,Speckled Bush-cricket,bush-cricket,0.99,,,27/09/2026,27/09/2026,23:27:45,ClassifEspSWE-0002026-05-29_1,JOHANKARLSSON,202609290747NB7QHNI2,,Citizen Science (ultrasonic) - shared
59~40304+18~07242_20260927_232752.wav,DEV_002_20260927_232752.wav,0,59.40304,18.07242,Leppun,Leptophyes punctatissima,Speckled Bush-cricket,bush-cricket,0.99,,,27/09/2026,27/09/2026,23:27:52,ClassifEspSWE-0002026-05-29_1,JOHANKARLSSON,202609290747NB7QHNI2,,Citizen Science (ultrasonic) - shared
59~40304+18~07242_20260927_232759.wav,DEV_002_20260927_232759.wav,0,59.40304,18.07242,Leppun,Leptophyes punctatissima,Speckled Bush-cricket,bush-cricket,0.99,,,27/09/2026,27/09/2026,23:27:59,ClassifEspSWE-0002026-05-29_1,JOHANKARLSSON,202609290747NB7QHNI2,,Citizen Science (ultrasonic) - shared
59~40304+18~07242_20260927_232807.wav,DEV_002_20260927_232807.wav,0,59.40304,18.07242,Leppun,Leptophyes punctatissima,Speckled Bush-cricket,bush-cricket,0.99,,,27/09/2026,27/09/2026,23:28:07,ClassifEspSWE-0002026-05-29_1,JOHANKARLSSON,202609290747NB7QHNI2,,Citizen Science (ultrasonic) - shared
59~40304+18~07242_20260927_232816.wav,DEV_002_20260927_232816.wav,0,59.40304,18.07242,Leppun,Leptophyes punctatissima,Speckled Bush-cricket,bush-cricket,0.99,,,27/09/2026,27/09/2026,23:28:16,ClassifEspSWE-0002026-05-29_1,JOHANKARLSSON,202609290747NB7QHNI2,,Citizen Science (ultrasonic) - shared
59~40304+18~07242_20260927_232825.wav,DEV_002_20260927_232825.wav,0,59.40304,18.07242,Leppun,Leptophyes punctatissima,Speckled Bush-cricket,bush-cricket,0.99,,,27/09/2026,27/09/2026,23:28:25,ClassifEspSWE-0002026-05-29_1,JOHANKARLSSON,202609290747NB7QHNI2,,Citizen Science (ultrasonic) - shared
59~40304+18~07242_20260927_232831.wav,DEV_002_20260927_232831.wav,0,59.40304,18.07242,Leppun,Leptophyes punctatissima,Speckled Bush-cricket,bush-cricket,0.99,,,27/09/2026,27/09/2026,23:28:31,ClassifEspSWE-0002026-05-29_1,JOHANKARLSSON,202609290747NB7QHNI2,,Citizen Science (ultrasonic) - shared
59~40304+18~07242_20260927_232838.wav,DEV_002_20260927_232838.wav,0,59.40304,18.07242,Leppun,Leptophyes punctatissima,Speckled Bush-cricket,bush-cricket,0.99,,,27/09/2026,27/09/2026,23:28:38,ClassifEspSWE-0002026-05-29_1,JOHANKARLSSON,202609290747NB7QHNI2,,Citizen Science (ultrasonic) - shared
59~40304+18~07242_20260927_232852.wav,DEV_002_20260927_232852.wav,0,59.40304,18.07242,Leppun,Leptophyes punctatissima,Speckled Bush-cricket,bush-cricket,0.99,,,27/09/2026,27/09/2026,23:28:52,ClassifEspSWE-0002026-05-29_1,JOHANKARLSSON,202609290747NB7QHNI2,,Citizen Science (ultrasonic) - shared
59~40304+18~07242_20260927_232857.wav,DEV_002_20260927_232857.wav,0,59.40304,18.07242,Leppun,Leptophyes punctatissima,Speckled Bush-cricket,bush-cricket,0.99,,,27/09/2026,27/09/2026,23:28:57,ClassifEspSWE-0002026-05-29_1,JOHANKARLSSON,202609290747NB7QHNI2,,Citizen Science (ultrasonic) - shared
59~40304+18~07242_20260927_232903.wav,DEV_002_20260927_232903.wav,0,59.40304,18.07242,Leppun,Leptophyes punctatissima,Speckled Bush-cricket,bush-cricket,0.99,,,27/09/2026,27/09/2026,23:29:03,ClassifEspSWE-0002026-05-29_1,JOHANKARLSSON,202609290747NB7QHNI2,,Citizen Science (ultrasonic) - shared
59~40304+18~07242_20260927_232910.wav,DEV_002_20260927_232910.wav,0,59.40304,18.07242,Leppun,Leptophyes punctatissima,Speckled Bush-cricket,bush-cricket,0.99,,,27/09/2026,27/09/2026,23:29:10,ClassifEspSWE-0002026-05-29_1,JOHANKARLSSON,202609290747NB7QHNI2,,Citizen Science (ultrasonic) - shared
59~40304+18~07242_20260927_232918.wav,DEV_002_20260927_232918.wav,0,59.40304,18.07242,Leppun,Leptophyes punctatissima,Speckled Bush-cricket,bush-cricket,0.99,,,27/09/2026,27/09/2026,23:29:18,ClassifEspSWE-0002026-05-29_1,JOHANKARLSSON,202609290747NB7QHNI2,,Citizen Science (ultrasonic) - shared
59~40304+18~07242_20260927_232925.wav,DEV_002_20260927_232925.wav,0,59.40304,18.07242,Leppun,Leptophyes punctatissima,Speckled Bush-cricket,bush-cricket,0.99,,,27/09/2026,27/09/2026,23:29:25,ClassifEspSWE-0002026-05-29_1,JOHANKARLSSON,202609290747NB7QHNI2,,Citizen Science (ultrasonic) - shared
59~40304+18~07242_20260927_232930.wav,DEV_002_20260927_232930.wav,0,59.40304,18.07242,Leppun,Leptophyes punctatissima,Speckled Bush-cricket,bush-cricket,0.99,,,27/09/2026,27/09/2026,23:29:30,ClassifEspSWE-0002026-05-29_1,JOHANKARLSSON,202609290747NB7QHNI2,,Citizen Science (ultrasonic) - shared
59~40304+18~07242_20260927_232938.wav,DEV_002_20260927_232938.wav,0,59.40304,18.07242,Leppun,Leptophyes punctatissima,Speckled Bush-cricket,bush-cricket,0.99,,,27/09/2026,27/09/2026,23:29:38,ClassifEspSWE-0002026-05-29_1,JOHANKARLSSON,202609290747NB7QHNI2,,Citizen Science (ultrasonic) - shared
59~40304+18~07242_20260927_232947.wav,DEV_002_20260927_232947.wav,0,59.40304,18.07242,Leppun,Leptophyes punctatissima,Speckled Bush-cricket,bush-cricket,0.99,,,27/09/2026,27/09/2026,23:29:47,ClassifEspSWE-0002026-05-29_1,JOHANKARLSSON,202609290747NB7QHNI2,,Citizen Science (ultrasonic) - shared
59~40304+18~07242_20260927_232957.wav,DEV_002_20260927_232957.wav,0,59.40304,18.07242,Leppun,Leptophyes punctatissima,Speckled Bush-cricket,bush-cricket,0.99,,,27/09/2026,27/09/2026,23:29:57,ClassifEspSWE-0002026-05-29_1,JOHANKARLSSON,202609290747NB7QHNI2,,Citizen Science (ultrasonic) - shared
59~40304+18~07242_20260927_233007.wav,DEV_002_20260927_233007.wav,0,59.40304,18.07242,Leppun,Leptophyes punctatissima,Speckled Bush-cricket,bush-cricket,0.99,,,27/09/2026,27/09/2026,23:30:07,ClassifEspSWE-0002026-05-29_1,JOHANKARLSSON,202609290747NB7QHNI2,,Citizen Science (ultrasonic) - shared
59~40304+18~07242_20260927_233013.wav,DEV_002_20260927_233013.wav,0,59.40304,18.07242,Leppun,Leptophyes punctatissima,Speckled Bush-cricket,bush-cricket,0.99,,,27/09/2026,27/09/2026,23:30:13,ClassifEspSWE-0002026-05-29_1,JOHANKARLSSON,202609290747NB7QHNI2,,Citizen Science (ultrasonic) - shared
59~40304+18~07242_20260927_233026.wav,DEV_002_20260927_233026.wav,0,59.40304,18.07242,Leppun,Leptophyes punctatissima,Speckled Bush-cricket,bush-cricket,0.99,,,27/09/2026,27/09/2026,23:30:26,ClassifEspSWE-0002026-05-29_1,JOHANKARLSSON,202609290747NB7QHNI2,,Citizen Science (ultrasonic) - shared
59~40304+18~07242_20260927_233036.wav,DEV_002_20260927_233036.wav,0,59.40304,18.07242,Leppun,Leptophyes punctatissima,Speckled Bush-cricket,bush-cricket,0.99,,,27/09/2026,27/09/2026,23:30:36,ClassifEspSWE-0002026-05-29_1,JOHANKARLSSON,202609290747NB7QHNI2,,Citizen Science (ultrasonic) - shared
59~40304+18~07242_20260927_233044.wav,DEV_002_20260927_233044.wav,0,59.40304,18.07242,Leppun,Leptophyes punctatissima,Speckled Bush-cricket,bush-cricket,0.99,,,27/09/2026,27/09/2026,23:30:44,ClassifEspSWE-0002026-05-29_1,JOHANKARLSSON,202609290747NB7QHNI2,,Citizen Science (ultrasonic) - shared
59~40304+18~07242_20260927_233051.wav,DEV_002_20260927_233051.wav,0,59.40304,18.07242,Leppun,Leptophyes punctatissima,Speckled Bush-cricket,bush-cricket,0.99,,,27/09/2026,27/09/2026,23:30:51,ClassifEspSWE-0002026-05-29_1,JOHANKARLSSON,202609290747NB7QHNI2,,Citizen Science (ultrasonic) - shared
59~40304+18~07242_20260927_233103.wav,DEV_002_20260927_233103.wav,0,59.40304,18.07242,Leppun,Leptophyes punctatissima,Speckled Bush-cricket,bush-cricket,0.99,,,27/09/2026,27/09/2026,23:31:03,ClassifEspSWE-0002026-05-29_1,JOHANKARLSSON,202609290747NB7QHNI2,,Citizen Science (ultrasonic) - shared
59~40304+18~07242_20260927_233112.wav,DEV_002_20260927_233112.wav,0,59.40304,18.07242,Leppun,Leptophyes punctatissima,Speckled Bush-cricket,bush-cricket,0.99,,,27/09/2026,27/09/2026,23:31:12,ClassifEspSWE-0002026-05-29_1,JOHANKARLSSON,202609290747NB7QHNI2,,Citizen Science (ultrasonic) - shared
59~40304+18~07242_20260927_233120.wav,DEV_002_20260927_233120.wav,0,59.40304,18.07242,Leppun,Leptophyes punctatissima,Speckled Bush-cricket,bush-cricket,0.99,,,27/09/2026,27/09/2026,23:31:20,ClassifEspSWE-0002026-05-29_1,JOHANKARLSSON,202609290747NB7QHNI2,,Citizen Science (ultrasonic) - shared
59~40304+18~07242_20260927_233128.wav,DEV_002_20260927_233128.wav,0,59.40304,18.07242,Leppun,Leptophyes punctatissima,Speckled Bush-cricket,bush-cricket,0.99,,,27/09/2026,27/09/2026,23:31:28,ClassifEspSWE-0002026-05-29_1,JOHANKARLSSON,202609290747NB7QHNI2,,Citizen Science (ultrasonic) - shared
59~40304+18~07242_20260927_233149.wav,DEV_002_20260927_233149.wav,0,59.40304,18.07242,Leppun,Leptophyes punctatissima,Speckled Bush-cricket,bush-cricket,0.99,,,27/09/2026,27/09/2026,23:31:49,ClassifEspSWE-0002026-05-29_1,JOHANKARLSSON,202609290747NB7QHNI2,,Citizen Science (ultrasonic) - shared
59~40304+18~07242_20260927_233156.wav,DEV_002_20260927_233156.wav,0,59.40304,18.07242,Leppun,Leptophyes punctatissima,Speckled Bush-cricket,bush-cricket,0.99,,,27/09/2026,27/09/2026,23:31:56,ClassifEspSWE-0002026-05-29_1,JOHANKARLSSON,202609290747NB7QHNI2,,Citizen Science (ultrasonic) - shared
59~40304+18~07242_20260927_233202.wav,DEV_002_20260927_233202.wav,0,59.40304,18.07242,Leppun,Leptophyes punctatissima,Speckled Bush-cricket,bush-cricket,0.99,,,27/09/2026,27/09/2026,23:32:02,ClassifEspSWE-0002026-05-29_1,JOHANKARLSSON,202609290747NB7QHNI2,,Citizen Science (ultrasonic) - shared
59~40304+18~07242_20260927_233207.wav,DEV_002_20260927_233207.wav,0,59.40304,18.07242,Leppun,Leptophyes punctatissima,Speckled Bush-cricket,bush-cricket,0.99,,,27/09/2026,27/09/2026,23:32:07,ClassifEspSWE-0002026-05-29_1,JOHANKARLSSON,202609290747NB7QHNI2,,Citizen Science (ultrasonic) - shared
59~40304+18~07242_20260927_233217.wav,DEV_002_20260927_233217.wav,0,59.40304,18.07242,Leppun,Leptophyes punctatissima,Speckled Bush-cricket,bush-cricket,0.99,,,27/09/2026,27/09/2026,23:32:17,ClassifEspSWE-0002026-05-29_1,JOHANKARLSSON,202609290747NB7QHNI2,,Citizen Science (ultrasonic) - shared
59~40304+18~07242_20260927_233224.wav,DEV_002_20260927_233224.wav,0,59.40304,18.07242,Leppun,Leptophyes punctatissima,Speckled Bush-cricket,bush-cricket,0.99,,,27/09/2026,27/09/2026,23:32:24,ClassifEspSWE-0002026-05-29_1,JOHANKARLSSON,202609290747NB7QHNI2,,Citizen Science (ultrasonic) - shared
59~40304+18~07242_20260927_233233.wav,DEV_002_20260927_233233.wav,0,59.40304,18.07242,Leppun,Leptophyes punctatissima,Speckled Bush-cricket,bush-cricket,0.99,,,27/09/2026,27/09/2026,23:32:33,ClassifEspSWE-0002026-05-29_1,JOHANKARLSSON,202609290747NB7QHNI2,,Citizen Science (ultrasonic) - shared
59~40304+18~07242_20260927_233243.wav,DEV_002_20260927_233243.wav,0,59.40304,18.07242,Leppun,Leptophyes punctatissima,Speckled Bush-cricket,bush-cricket,0.99,,,27/09/2026,27/09/2026,23:32:43,ClassifEspSWE-0002026-05-29_1,JOHANKARLSSON,202609290747NB7QHNI2,,Citizen Science (ultrasonic) - shared
59~40304+18~07242_20260927_233249.wav,DEV_002_20260927_233249.wav,0,59.40304,18.07242,Leppun,Leptophyes punctatissima,Speckled Bush-cricket,bush-cricket,0.99,,,27/09/2026,27/09/2026,23:32:49,ClassifEspSWE-0002026-05-29_1,JOHANKARLSSON,202609290747NB7QHNI2,,Citizen Science (ultrasonic) - shared
59~40304+18~07242_20260927_233257.wav,DEV_002_20260927_233257.wav,0,59.40304,18.07242,Leppun,Leptophyes punctatissima,Speckled Bush-cricket,bush-cricket,0.99,,,27/09/2026,27/09/2026,23:32:57,ClassifEspSWE-0002026-05-29_1,JOHANKARLSSON,202609290747NB7QHNI2,,Citizen Science (ultrasonic) - shared
59~40304+18~07242_20260927_233304.wav,DEV_002_20260927_233304.wav,0,59.40304,18.07242,Leppun,Leptophyes punctatissima,Speckled Bush-cricket,bush-cricket,0.99,,,27/09/2026,27/09/2026,23:33:04,ClassifEspSWE-0002026-05-29_1,JOHANKARLSSON,202609290747NB7QHNI2,,Citizen Science (ultrasonic) - shared
59~40304+18~07242_20260927_233310.wav,DEV_002_20260927_233310.wav,0,59.40304,18.07242,Leppun,Leptophyes punctatissima,Speckled Bush-cricket,bush-cricket,0.99,,,27/09/2026,27/09/2026,23:33:10,ClassifEspSWE-0002026-05-29_1,JOHANKARLSSON,202609290747NB7QHNI2,,Citizen Science (ultrasonic) - shared
59~40304+18~07242_20260927_233316.wav,DEV_002_20260927_233316.wav,0,59.40304,18.07242,Leppun,Leptophyes punctatissima,Speckled Bush-cricket,bush-cricket,0.99,,,27/09/2026,27/09/2026,23:33:16,ClassifEspSWE-0002026-05-29_1,JOHANKARLSSON,202609290747NB7QHNI2,,Citizen Science (ultrasonic) - shared
59~40304+18~07242_20260927_233322.wav,DEV_002_20260927_233322.wav,0,59.40304,18.07242,Leppun,Leptophyes punctatissima,Speckled Bush-cricket,bush-cricket,0.99,,,27/09/2026,27/09/2026,23:33:22,ClassifEspSWE-0002026-05-29_1,JOHANKARLSSON,202609290747NB7QHNI2,,Citizen Science (ultrasonic) - shared
59~40304+18~07242_20260927_233329.wav,DEV_002_20260927_233329.wav,0,59.40304,18.07242,Leppun,Leptophyes punctatissima,Speckled Bush-cricket,bush-cricket,0.99,,,27/09/2026,27/09/2026,23:33:29,ClassifEspSWE-0002026-05-29_1,JOHANKARLSSON,202609290747NB7QHNI2,,Citizen Science (ultrasonic) - shared
59~40304+18~07242_20260927_233338.wav,DEV_002_20260927_233338.wav,0,59.40304,18.07242,Leppun,Leptophyes punctatissima,Speckled Bush-cricket,bush-cricket,0.99,,,27/09/2026,27/09/2026,23:33:38,ClassifEspSWE-0002026-05-29_1,JOHANKARLSSON,202609290747NB7QHNI2,,Citizen Science (ultrasonic) - shared
59~40304+18~07242_20260927_233345.wav,DEV_002_20260927_233345.wav,0,59.40304,18.07242,Leppun,Leptophyes punctatissima,Speckled Bush-cricket,bush-cricket,0.99,,,27/09/2026,27/09/2026,23:33:45,ClassifEspSWE-0002026-05-29_1,JOHANKARLSSON,202609290747NB7QHNI2,,Citizen Science (ultrasonic) - shared
59~40304+18~07242_20260927_233352.wav,DEV_002_20260927_233352.wav,0,59.40304,18.07242,Leppun,Leptophyes punctatissima,Speckled Bush-cricket,bush-cricket,0.99,,,27/09/2026,27/09/2026,23:33:52,ClassifEspSWE-0002026-05-29_1,JOHANKARLSSON,202609290747NB7QHNI2,,Citizen Science (ultrasonic) - shared
59~40304+18~07242_20260927_233358.wav,DEV_002_20260927_233358.wav,0,59.40304,18.07242,Leppun,Leptophyes punctatissima,Speckled Bush-cricket,bush-cricket,0.99,,,27/09/2026,27/09/2026,23:33:58,ClassifEspSWE-0002026-05-29_1,JOHANKARLSSON,202609290747NB7QHNI2,,Citizen Science (ultrasonic) - shared
59~40304+18~07242_20260927_233405.wav,DEV_002_20260927_233405.wav,0,59.40304,18.07242,Leppun,Leptophyes punctatissima,Speckled Bush-cricket,bush-cricket,0.99,,,27/09/2026,27/09/2026,23:34:05,ClassifEspSWE-0002026-05-29_1,JOHANKARLSSON,202609290747NB7QHNI2,,Citizen Science (ultrasonic) - shared
59~40304+18~07242_20260927_233414.wav,DEV_002_20260927_233414.wav,0,59.40304,18.07242,Leppun,Leptophyes punctatissima,Speckled Bush-cricket,bush-cricket,0.99,,,27/09/2026,27/09/2026,23:34:14,ClassifEspSWE-0002026-05-29_1,JOHANKARLSSON,202609290747NB7QHNI2,,Citizen Science (ultrasonic) - shared
59~40304+18~07242_20260927_233424.wav,DEV_002_20260927_233424.wav,0,59.40304,18.07242,Leppun,Leptophyes punctatissima,Speckled Bush-cricket,bush-cricket,0.99,,,27/09/2026,27/09/2026,23:34:24,ClassifEspSWE-0002026-05-29_1,JOHANKARLSSON,202609290747NB7QHNI2,,Citizen Science (ultrasonic) - shared
59~40304+18~07242_20260927_233429.wav,DEV_002_20260927_233429.wav,0,59.40304,18.07242,Leppun,Leptophyes punctatissima,Speckled Bush-cricket,bush-cricket,0.99,,,27/09/2026,27/09/2026,23:34:29,ClassifEspSWE-0002026-05-29_1,JOHANKARLSSON,202609290747NB7QHNI2,,Citizen Science (ultrasonic) - shared
59~40304+18~07242_20260927_233435.wav,DEV_002_20260927_233435.wav,0,59.40304,18.07242,Leppun,Leptophyes punctatissima,Speckled Bush-cricket,bush-cricket,0.99,,,27/09/2026,27/09/2026,23:34:35,ClassifEspSWE-0002026-05-29_1,JOHANKARLSSON,202609290747NB7QHNI2,,Citizen Science (ultrasonic) - shared
59~40304+18~07242_20260927_233440.wav,DEV_002_20260927_233440.wav,0,59.40304,18.07242,Leppun,Leptophyes punctatissima,Speckled Bush-cricket,bush-cricket,0.99,,,27/09/2026,27/09/2026,23:34:40,ClassifEspSWE-0002026-05-29_1,JOHANKARLSSON,202609290747NB7QHNI2,,Citizen Science (ultrasonic) - shared
59~40304+18~07242_20260927_233448.wav,DEV_002_20260927_233448.wav,0,59.40304,18.07242,Leppun,Leptophyes punctatissima,Speckled Bush-cricket,bush-cricket,0.99,,,27/09/2026,27/09/2026,23:34:48,ClassifEspSWE-0002026-05-29_1,JOHANKARLSSON,202609290747NB7QHNI2,,Citizen Science (ultrasonic) - shared
59~40304+18~07242_20260927_233454.wav,DEV_002_20260927_233454.wav,0,59.40304,18.07242,Leppun,Leptophyes punctatissima,Speckled Bush-cricket,bush-cricket,0.99,,,27/09/2026,27/09/2026,23:34:54,ClassifEspSWE-0002026-05-29_1,JOHANKARLSSON,202609290747NB7QHNI2,,Citizen Science (ultrasonic) - shared
59~40304+18~07242_20260927_233501.wav,DEV_002_20260927_233501.wav,0,59.40304,18.07242,Leppun,Leptophyes punctatissima,Speckled Bush-cricket,bush-cricket,0.99,,,27/09/2026,27/09/2026,23:35:01,ClassifEspSWE-0002026-05-29_1,JOHANKARLSSON,202609290747NB7QHNI2,,Citizen Science (ultrasonic) - shared
59~40304+18~07242_20260927_233512.wav,DEV_002_20260927_233512.wav,0,59.40304,18.07242,Leppun,Leptophyes punctatissima,Speckled Bush-cricket,bush-cricket,0.99,,,27/09/2026,27/09/2026,23:35:12,ClassifEspSWE-0002026-05-29_1,JOHANKARLSSON,202609290747NB7QHNI2,,Citizen Science (ultrasonic) - shared
59~40304+18~07242_20260927_233520.wav,DEV_002_20260927_233520.wav,0,59.40304,18.07242,Leppun,Leptophyes punctatissima,Speckled Bush-cricket,bush-cricket,0.99,,,27/09/2026,27/09/2026,23:35:20,ClassifEspSWE-0002026-05-29_1,JOHANKARLSSON,202609290747NB7QHNI2,,Citizen Science (ultrasonic) - shared
59~40304+18~07242_20260927_233528.wav,DEV_002_20260927_233528.wav,0,59.40304,18.07242,Leppun,Leptophyes punctatissima,Speckled Bush-cricket,bush-cricket,0.99,,,27/09/2026,27/09/2026,23:35:28,ClassifEspSWE-0002026-05-29_1,JOHANKARLSSON,202609290747NB7QHNI2,,Citizen Science (ultrasonic) - shared
59~40304+18~07242_20260927_233534.wav,DEV_002_20260927_233534.wav,0,59.40304,18.07242,Leppun,Leptophyes punctatissima,Speckled Bush-cricket,bush-cricket,0.99,,,27/09/2026,27/09/2026,23:35:34,ClassifEspSWE-0002026-05-29_1,JOHANKARLSSON,202609290747NB7QHNI2,,Citizen Science (ultrasonic) - shared
59~40304+18~07242_20260927_233543.wav,DEV_002_20260927_233543.wav,0,59.40304,18.07242,Leppun,Leptophyes punctatissima,Speckled Bush-cricket,bush-cricket,0.99,,,27/09/2026,27/09/2026,23:35:43,ClassifEspSWE-0002026-05-29_1,JOHANKARLSSON,202609290747NB7QHNI2,,Citizen Science (ultrasonic) - shared
59~40304+18~07242_20260927_233551.wav,DEV_002_20260927_233551.wav,0,59.40304,18.07242,Leppun,Leptophyes punctatissima,Speckled Bush-cricket,bush-cricket,0.99,,,27/09/2026,27/09/2026,23:35:51,ClassifEspSWE-0002026-05-29_1,JOHANKARLSSON,202609290747NB7QHNI2,,Citizen Science (ultrasonic) - shared
59~40304+18~07242_20260927_233558.wav,DEV_002_20260927_233558.wav,0,59.40304,18.07242,Leppun,Leptophyes punctatissima,Speckled Bush-cricket,bush-cricket,0.99,,,27/09/2026,27/09/2026,23:35:58,ClassifEspSWE-0002026-05-29_1,JOHANKARLSSON,202609290747NB7QHNI2,,Citizen Science (ultrasonic) - shared
59~40304+18~07242_20260927_233608.wav,DEV_002_20260927_233608.wav,0,59.40304,18.07242,Leppun,Leptophyes punctatissima,Speckled Bush-cricket,bush-cricket,0.99,,,27/09/2026,27/09/2026,23:36:08,ClassifEspSWE-0002026-05-29_1,JOHANKARLSSON,202609290747NB7QHNI2,,Citizen Science (ultrasonic) - shared
59~40304+18~07242_20260927_233613.wav,DEV_002_20260927_233613.wav,0,59.40304,18.07242,Leppun,Leptophyes punctatissima,Speckled Bush-cricket,bush-cricket,0.99,,,27/09/2026,27/09/2026,23:36:13,ClassifEspSWE-0002026-05-29_1,JOHANKARLSSON,202609290747NB7QHNI2,,Citizen Science (ultrasonic) - shared
59~40304+18~07242_20260927_233622.wav,DEV_002_20260927_233622.wav,0,59.40304,18.07242,Leppun,Leptophyes punctatissima,Speckled Bush-cricket,bush-cricket,0.99,,,27/09/2026,27/09/2026,23:36:22,ClassifEspSWE-0002026-05-29_1,JOHANKARLSSON,202609290747NB7QHNI2,,Citizen Science (ultrasonic) - shared
59~40304+18~07242_20260927_233630.wav,DEV_002_20260927_233630.wav,0,59.40304,18.07242,Leppun,Leptophyes punctatissima,Speckled Bush-cricket,bush-cricket,0.99,,,27/09/2026,27/09/2026,23:36:30,ClassifEspSWE-0002026-05-29_1,JOHANKARLSSON,202609290747NB7QHNI2,,Citizen Science (ultrasonic) - shared
59~40304+18~07242_20260927_233636.wav,DEV_002_20260927_233636.wav,0,59.40304,18.07242,Leppun,Leptophyes punctatissima,Speckled Bush-cricket,bush-cricket,0.99,,,27/09/2026,27/09/2026,23:36:36,ClassifEspSWE-0002026-05-29_1,JOHANKARLSSON,202609290747NB7QHNI2,,Citizen Science (ultrasonic) - shared
59~40304+18~07242_20260927_233644.wav,DEV_002_20260927_233644.wav,0,59.40304,18.07242,Leppun,Leptophyes punctatissima,Speckled Bush-cricket,bush-cricket,0.99,,,27/09/2026,27/09/2026,23:36:44,ClassifEspSWE-0002026-05-29_1,JOHANKARLSSON,202609290747NB7QHNI2,,Citizen Science (ultrasonic) - shared
59~40304+18~07242_20260927_233651.wav,DEV_002_20260927_233651.wav,0,59.40304,18.07242,Leppun,Leptophyes punctatissima,Speckled Bush-cricket,bush-cricket,0.99,,,27/09/2026,27/09/2026,23:36:51,ClassifEspSWE-0002026-05-29_1,JOHANKARLSSON,202609290747NB7QHNI2,,Citizen Science (ultrasonic) - shared
59~40304+18~07242_20260927_233658.wav,DEV_002_20260927_233658.wav,0,59.40304,18.07242,Leppun,Leptophyes punctatissima,Speckled Bush-cricket,bush-cricket,0.99,,,27/09/2026,27/09/2026,23:36:58,ClassifEspSWE-0002026-05-29_1,JOHANKARLSSON,202609290747NB7QHNI2,,Citizen Science (ultrasonic) - shared
59~40304+18~07242_20260927_233704.wav,DEV_002_20260927_233704.wav,0,59.40304,18.07242,Leppun,Leptophyes punctatissima,Speckled Bush-cricket,bush-cricket,0.99,,,27/09/2026,27/09/2026,23:37:04,ClassifEspSWE-0002026-05-29_1,JOHANKARLSSON,202609290747NB7QHNI2,,Citizen Science (ultrasonic) - shared
59~40304+18~07242_20260927_233711.wav,DEV_002_20260927_233711.wav,0,59.40304,18.07242,Leppun,Leptophyes punctatissima,Speckled Bush-cricket,bush-cricket,0.99,,,27/09/2026,27/09/2026,23:37:11,ClassifEspSWE-0002026-05-29_1,JOHANKARLSSON,202609290747NB7QHNI2,,Citizen Science (ultrasonic) - shared
59~40304+18~07242_20260927_233719.wav,DEV_002_20260927_233719.wav,0,59.40304,18.07242,Leppun,Leptophyes punctatissima,Speckled Bush-cricket,bush-cricket,0.99,,,27/09/2026,27/09/2026,23:37:19,ClassifEspSWE-0002026-05-29_1,JOHANKARLSSON,202609290747NB7QHNI2,,Citizen Science (ultrasonic) - shared
59~40304+18~07242_20260927_233729.wav,DEV_002_20260927_233729.wav,0,59.40304,18.07242,Leppun,Leptophyes punctatissima,Speckled Bush-cricket,bush-cricket,0.99,,,27/09/2026,27/09/2026,23:37:29,ClassifEspSWE-0002026-05-29_1,JOHANKARLSSON,202609290747NB7QHNI2,,Citizen Science (ultrasonic) - shared
59~40304+18~07242_20260927_233734.wav,DEV_002_20260927_233734.wav,0,59.40304,18.07242,Leppun,Leptophyes punctatissima,Speckled Bush-cricket,bush-cricket,0.99,,,27/09/2026,27/09/2026,23:37:34,ClassifEspSWE-0002026-05-29_1,JOHANKARLSSON,202609290747NB7QHNI2,,Citizen Science (ultrasonic) - shared
59~40304+18~07242_20260927_233742.wav,DEV_002_20260927_233742.wav,0,59.40304,18.07242,Leppun,Leptophyes punctatissima,Speckled Bush-cricket,bush-cricket,0.99,,,27/09/2026,27/09/2026,23:37:42,ClassifEspSWE-0002026-05-29_1,JOHANKARLSSON,202609290747NB7QHNI2,,Citizen Science (ultrasonic) - shared
59~40304+18~07242_20260927_233751.wav,DEV_002_20260927_233751.wav,0,59.40304,18.07242,Leppun,Leptophyes punctatissima,Speckled Bush-cricket,bush-cricket,0.99,,,27/09/2026,27/09/2026,23:37:51,ClassifEspSWE-0002026-05-29_1,JOHANKARLSSON,202609290747NB7QHNI2,,Citizen Science (ultrasonic) - shared
59~40304+18~07242_20260927_233757.wav,DEV_002_20260927_233757.wav,0,59.40304,18.07242,Leppun,Leptophyes punctatissima,Speckled Bush-cricket,bush-cricket,0.99,,,27/09/2026,27/09/2026,23:37:57,ClassifEspSWE-0002026-05-29_1,JOHANKARLSSON,202609290747NB7QHNI2,,Citizen Science (ultrasonic) - shared
59~40304+18~07242_20260927_233805.wav,DEV_002_20260927_233805.wav,0,59.40304,18.07242,Leppun,Leptophyes punctatissima,Speckled Bush-cricket,bush-cricket,0.99,,,27/09/2026,27/09/2026,23:38:05,ClassifEspSWE-0002026-05-29_1,JOHANKARLSSON,202609290747NB7QHNI2,,Citizen Science (ultrasonic) - shared
59~40304+18~07242_20260927_233814.wav,DEV_002_20260927_233814.wav,0,59.40304,18.07242,Leppun,Leptophyes punctatissima,Speckled Bush-cricket,bush-cricket,0.99,,,27/09/2026,27/09/2026,23:38:14,ClassifEspSWE-0002026-05-29_1,JOHANKARLSSON,202609290747NB7QHNI2,,Citizen Science (ultrasonic) - shared
59~40304+18~07242_20260927_233820.wav,DEV_002_20260927_233820.wav,0,59.40304,18.07242,Leppun,Leptophyes punctatissima,Speckled Bush-cricket,bush-cricket,0.99,,,27/09/2026,27/09/2026,23:38:20,ClassifEspSWE-0002026-05-29_1,JOHANKARLSSON,202609290747NB7QHNI2,,Citizen Science (ultrasonic) - shared
59~40304+18~07242_20260927_233827.wav,DEV_002_20260927_233827.wav,0,59.40304,18.07242,Leppun,Leptophyes punctatissima,Speckled Bush-cricket,bush-cricket,0.99,,,27/09/2026,27/09/2026,23:38:27,ClassifEspSWE-0002026-05-29_1,JOHANKARLSSON,202609290747NB7QHNI2,,Citizen Science (ultrasonic) - shared
59~40304+18~07242_20260927_233834.wav,DEV_002_20260927_233834.wav,0,59.40304,18.07242,Leppun,Leptophyes punctatissima,Speckled Bush-cricket,bush-cricket,0.99,,,27/09/2026,27/09/2026,23:38:34,ClassifEspSWE-0002026-05-29_1,JOHANKARLSSON,202609290747NB7QHNI2,,Citizen Science (ultrasonic) - shared
59~40304+18~07242_20260927_233842.wav,DEV_002_20260927_233842.wav,0,59.40304,18.07242,Leppun,Leptophyes punctatissima,Speckled Bush-cricket,bush-cricket,0.99,,,27/09/2026,27/09/2026,23:38:42,ClassifEspSWE-0002026-05-29_1,JOHANKARLSSON,202609290747NB7QHNI2,,Citizen Science (ultrasonic) - shared
59~40304+18~07242_20260927_233848.wav,DEV_002_20260927_233848.wav,0,59.40304,18.07242,Leppun,Leptophyes punctatissima,Speckled Bush-cricket,bush-cricket,0.99,,,27/09/2026,27/09/2026,23:38:48,ClassifEspSWE-0002026-05-29_1,JOHANKARLSSON,202609290747NB7QHNI2,,Citizen Science (ultrasonic) - shared
59~40304+18~07242_20260927_233855.wav,DEV_002_20260927_233855.wav,0,59.40304,18.07242,Leppun,Leptophyes punctatissima,Speckled Bush-cricket,bush-cricket,0.99,,,27/09/2026,27/09/2026,23:38:55,ClassifEspSWE-0002026-05-29_1,JOHANKARLSSON,202609290747NB7QHNI2,,Citizen Science (ultrasonic) - shared
59~40304+18~07242_20260927_233907.wav,DEV_002_20260927_233907.wav,0,59.40304,18.07242,Leppun,Leptophyes punctatissima,Speckled Bush-cricket,bush-cricket,0.99,,,27/09/2026,27/09/2026,23:39:07,ClassifEspSWE-0002026-05-29_1,JOHANKARLSSON,202609290747NB7QHNI2,,Citizen Science (ultrasonic) - shared
59~40304+18~07242_20260927_233917.wav,DEV_002_20260927_233917.wav,0,59.40304,18.07242,Leppun,Leptophyes punctatissima,Speckled Bush-cricket,bush-cricket,0.99,,,27/09/2026,27/09/2026,23:39:17,ClassifEspSWE-0002026-05-29_1,JOHANKARLSSON,202609290747NB7QHNI2,,Citizen Science (ultrasonic) - shared
59~40304+18~07242_20260927_233925.wav,DEV_002_20260927_233925.wav,0,59.40304,18.07242,Leppun,Leptophyes punctatissima,Speckled Bush-cricket,bush-cricket,0.99,,,27/09/2026,27/09/2026,23:39:25,ClassifEspSWE-0002026-05-29_1,JOHANKARLSSON,202609290747NB7QHNI2,,Citizen Science (ultrasonic) - shared
59~40304+18~07242_20260927_233931.wav,DEV_002_20260927_233931.wav,0,59.40304,18.07242,Leppun,Leptophyes punctatissima,Speckled Bush-cricket,bush-cricket,0.99,,,27/09/2026,27/09/2026,23:39:31,ClassifEspSWE-0002026-05-29_1,JOHANKARLSSON,202609290747NB7QHNI2,,Citizen Science (ultrasonic) - shared
59~40304+18~07242_20260927_233938.wav,DEV_002_20260927_233938.wav,0,59.40304,18.07242,Leppun,Leptophyes punctatissima,Speckled Bush-cricket,bush-cricket,0.99,,,27/09/2026,27/09/2026,23:39:38,ClassifEspSWE-0002026-05-29_1,JOHANKARLSSON,202609290747NB7QHNI2,,Citizen Science (ultrasonic) - shared
59~40304+18~07242_20260927_233944.wav,DEV_002_20260927_233944.wav,0,59.40304,18.07242,Leppun,Leptophyes punctatissima,Speckled Bush-cricket,bush-cricket,0.99,,,27/09/2026,27/09/2026,23:39:44,ClassifEspSWE-0002026-05-29_1,JOHANKARLSSON,202609290747NB7QHNI2,,Citizen Science (ultrasonic) - shared
59~40304+18~07242_20260927_233954.wav,DEV_002_20260927_233954.wav,0,59.40304,18.07242,Leppun,Leptophyes punctatissima,Speckled Bush-cricket,bush-cricket,0.99,,,27/09/2026,27/09/2026,23:39:54,ClassifEspSWE-0002026-05-29_1,JOHANKARLSSON,202609290747NB7QHNI2,,Citizen Science (ultrasonic) - shared
59~40304+18~07242_20260927_234003.wav,DEV_002_20260927_234003.wav,0,59.40304,18.07242,Leppun,Leptophyes punctatissima,Speckled Bush-cricket,bush-cricket,0.99,,,27/09/2026,27/09/2026,23:40:03,ClassifEspSWE-0002026-05-29_1,JOHANKARLSSON,202609290747NB7QHNI2,,Citizen Science (ultrasonic) - shared
59~40304+18~07242_20260927_234010.wav,DEV_002_20260927_234010.wav,0,59.40304,18.07242,Leppun,Leptophyes punctatissima,Speckled Bush-cricket,bush-cricket,0.99,,,27/09/2026,27/09/2026,23:40:10,ClassifEspSWE-0002026-05-29_1,JOHANKARLSSON,202609290747NB7QHNI2,,Citizen Science (ultrasonic) - shared
59~40304+18~07242_20260927_234020.wav,DEV_002_20260927_234020.wav,0,59.40304,18.07242,Leppun,Leptophyes punctatissima,Speckled Bush-cricket,bush-cricket,0.99,,,27/09/2026,27/09/2026,23:40:20,ClassifEspSWE-0002026-05-29_1,JOHANKARLSSON,202609290747NB7QHNI2,,Citizen Science (ultrasonic) - shared
59~40304+18~07242_20260927_234029.wav,DEV_002_20260927_234029.wav,0,59.40304,18.07242,Leppun,Leptophyes punctatissima,Speckled Bush-cricket,bush-cricket,0.99,,,27/09/2026,27/09/2026,23:40:29,ClassifEspSWE-0002026-05-29_1,JOHANKARLSSON,202609290747NB7QHNI2,,Citizen Science (ultrasonic) - shared
59~40304+18~07242_20260927_234036.wav,DEV_002_20260927_234036.wav,0,59.40304,18.07242,Leppun,Leptophyes punctatissima,Speckled Bush-cricket,bush-cricket,0.99,,,27/09/2026,27/09/2026,23:40:36,ClassifEspSWE-0002026-05-29_1,JOHANKARLSSON,202609290747NB7QHNI2,,Citizen Science (ultrasonic) - shared
59~40304+18~07242_20260927_234043.wav,DEV_002_20260927_234043.wav,0,59.40304,18.07242,Leppun,Leptophyes punctatissima,Speckled Bush-cricket,bush-cricket,0.99,,,27/09/2026,27/09/2026,23:40:43,ClassifEspSWE-0002026-05-29_1,JOHANKARLSSON,202609290747NB7QHNI2,,Citizen Science (ultrasonic) - shared
59~40304+18~07242_20260927_234049.wav,DEV_002_20260927_234049.wav,0,59.40304,18.07242,Leppun,Leptophyes punctatissima,Speckled Bush-cricket,bush-cricket,0.99,,,27/09/2026,27/09/2026,23:40:49,ClassifEspSWE-0002026-05-29_1,JOHANKARLSSON,202609290747NB7QHNI2,,Citizen Science (ultrasonic) - shared
59~40304+18~07242_20260927_234059.wav,DEV_002_20260927_234059.wav,0,59.40304,18.07242,Leppun,Leptophyes punctatissima,Speckled Bush-cricket,bush-cricket,0.99,,,27/09/2026,27/09/2026,23:40:59,ClassifEspSWE-0002026-05-29_1,JOHANKARLSSON,202609290747NB7QHNI2,,Citizen Science (ultrasonic) - shared
59~40304+18~07242_20260927_234104.wav,DEV_002_20260927_234104.wav,0,59.40304,18.07242,Leppun,Leptophyes punctatissima,Speckled Bush-cricket,bush-cricket,0.99,,,27/09/2026,27/09/2026,23:41:04,ClassifEspSWE-0002026-05-29_1,JOHANKARLSSON,202609290747NB7QHNI2,,Citizen Science (ultrasonic) - shared
59~40304+18~07242_20260927_234111.wav,DEV_002_20260927_234111.wav,0,59.40304,18.07242,Leppun,Leptophyes punctatissima,Speckled Bush-cricket,bush-cricket,0.99,,,27/09/2026,27/09/2026,23:41:11,ClassifEspSWE-0002026-05-29_1,JOHANKARLSSON,202609290747NB7QHNI2,,Citizen Science (ultrasonic) - shared
59~40304+18~07242_20260927_234118.wav,DEV_002_20260927_234118.wav,0,59.40304,18.07242,Leppun,Leptophyes punctatissima,Speckled Bush-cricket,bush-cricket,0.99,,,27/09/2026,27/09/2026,23:41:18,ClassifEspSWE-0002026-05-29_1,JOHANKARLSSON,202609290747NB7QHNI2,,Citizen Science (ultrasonic) - shared
59~40304+18~07242_20260927_234126.wav,DEV_002_20260927_234126.wav,0,59.40304,18.07242,Leppun,Leptophyes punctatissima,Speckled Bush-cricket,bush-cricket,0.99,,,27/09/2026,27/09/2026,23:41:26,ClassifEspSWE-0002026-05-29_1,JOHANKARLSSON,202609290747NB7QHNI2,,Citizen Science (ultrasonic) - shared
59~40304+18~07242_20260927_234132.wav,DEV_002_20260927_234132.wav,0,59.40304,18.07242,Leppun,Leptophyes punctatissima,Speckled Bush-cricket,bush-cricket,0.99,,,27/09/2026,27/09/2026,23:41:32,ClassifEspSWE-0002026-05-29_1,JOHANKARLSSON,202609290747NB7QHNI2,,Citizen Science (ultrasonic) - shared
59~40304+18~07242_20260927_234139.wav,DEV_002_20260927_234139.wav,0,59.40304,18.07242,Leppun,Leptophyes punctatissima,Speckled Bush-cricket,bush-cricket,0.99,,,27/09/2026,27/09/2026,23:41:39,ClassifEspSWE-0002026-05-29_1,JOHANKARLSSON,202609290747NB7QHNI2,,Citizen Science (ultrasonic) - shared
59~40304+18~07242_20260927_234147.wav,DEV_002_20260927_234147.wav,0,59.40304,18.07242,Leppun,Leptophyes punctatissima,Speckled Bush-cricket,bush-cricket,0.99,,,27/09/2026,27/09/2026,23:41:47,ClassifEspSWE-0002026-05-29_1,JOHANKARLSSON,202609290747NB7QHNI2,,Citizen Science (ultrasonic) - shared
59~40304+18~07242_20260927_234153.wav,DEV_002_20260927_234153.wav,0,59.40304,18.07242,Leppun,Leptophyes punctatissima,Speckled Bush-cricket,bush-cricket,0.99,,,27/09/2026,27/09/2026,23:41:53,ClassifEspSWE-0002026-05-29_1,JOHANKARLSSON,202609290747NB7QHNI2,,Citizen Science (ultrasonic) - shared
59~40304+18~07242_20260927_234201.wav,DEV_002_20260927_234201.wav,0,59.40304,18.07242,Leppun,Leptophyes punctatissima,Speckled Bush-cricket,bush-cricket,0.99,,,27/09/2026,27/09/2026,23:42:01,ClassifEspSWE-0002026-05-29_1,JOHANKARLSSON,202609290747NB7QHNI2,,Citizen Science (ultrasonic) - shared
59~40304+18~07242_20260927_234208.wav,DEV_002_20260927_234208.wav,0,59.40304,18.07242,Leppun,Leptophyes punctatissima,Speckled Bush-cricket,bush-cricket,0.99,,,27/09/2026,27/09/2026,23:42:08,ClassifEspSWE-0002026-05-29_1,JOHANKARLSSON,202609290747NB7QHNI2,,Citizen Science (ultrasonic) - shared
59~40304+18~07242_20260927_234216.wav,DEV_002_20260927_234216.wav,0,59.40304,18.07242,Leppun,Leptophyes punctatissima,Speckled Bush-cricket,bush-cricket,0.99,,,27/09/2026,27/09/2026,23:42:16,ClassifEspSWE-0002026-05-29_1,JOHANKARLSSON,202609290747NB7QHNI2,,Citizen Science (ultrasonic) - shared
59~40304+18~07242_20260927_234222.wav,DEV_002_20260927_234222.wav,0,59.40304,18.07242,Leppun,Leptophyes punctatissima,Speckled Bush-cricket,bush-cricket,0.99,,,27/09/2026,27/09/2026,23:42:22,ClassifEspSWE-0002026-05-29_1,JOHANKARLSSON,202609290747NB7QHNI2,,Citizen Science (ultrasonic) - shared
59~40304+18~07242_20260927_234230.wav,DEV_002_20260927_234230.wav,0,59.40304,18.07242,Leppun,Leptophyes punctatissima,Speckled Bush-cricket,bush-cricket,0.99,,,27/09/2026,27/09/2026,23:42:30,ClassifEspSWE-0002026-05-29_1,JOHANKARLSSON,202609290747NB7QHNI2,,Citizen Science (ultrasonic) - shared
59~40304+18~07242_20260927_234239.wav,DEV_002_20260927_234239.wav,0,59.40304,18.07242,Leppun,Leptophyes punctatissima,Speckled Bush-cricket,bush-cricket,0.99,,,27/09/2026,27/09/2026,23:42:39,ClassifEspSWE-0002026-05-29_1,JOHANKARLSSON,202609290747NB7QHNI2,,Citizen Science (ultrasonic) - shared
59~40304+18~07242_20260927_234244.wav,DEV_002_20260927_234244.wav,0,59.40304,18.07242,Leppun,Leptophyes punctatissima,Speckled Bush-cricket,bush-cricket,0.99,,,27/09/2026,27/09/2026,23:42:44,ClassifEspSWE-0002026-05-29_1,JOHANKARLSSON,202609290747NB7QHNI2,,Citizen Science (ultrasonic) - shared
59~40304+18~07242_20260927_234252.wav,DEV_002_20260927_234252.wav,0,59.40304,18.07242,Leppun,Leptophyes punctatissima,Speckled Bush-cricket,bush-cricket,0.99,,,27/09/2026,27/09/2026,23:42:52,ClassifEspSWE-0002026-05-29_1,JOHANKARLSSON,202609290747NB7QHNI2,,Citizen Science (ultrasonic) - shared
59~40304+18~07242_20260927_234259.wav,DEV_002_20260927_234259.wav,0,59.40304,18.07242,Leppun,Leptophyes punctatissima,Speckled Bush-cricket,bush-cricket,0.99,,,27/09/2026,27/09/2026,23:42:59,ClassifEspSWE-0002026-05-29_1,JOHANKARLSSON,202609290747NB7QHNI2,,Citizen Science (ultrasonic) - shared
59~40304+18~07242_20260927_234306.wav,DEV_002_20260927_234306.wav,0,59.40304,18.07242,Leppun,Leptophyes punctatissima,Speckled Bush-cricket,bush-cricket,0.99,,,27/09/2026,27/09/2026,23:43:06,ClassifEspSWE-0002026-05-29_1,JOHANKARLSSON,202609290747NB7QHNI2,,Citizen Science (ultrasonic) - shared
59~40304+18~07242_20260927_234315.wav,DEV_002_20260927_234315.wav,0,59.40304,18.07242,Leppun,Leptophyes punctatissima,Speckled Bush-cricket,bush-cricket,0.99,,,27/09/2026,27/09/2026,23:43:15,ClassifEspSWE-0002026-05-29_1,JOHANKARLSSON,202609290747NB7QHNI2,,Citizen Science (ultrasonic) - shared
59~40304+18~07242_20260927_234328.wav,DEV_002_20260927_234328.wav,0,59.40304,18.07242,Leppun,Leptophyes punctatissima,Speckled Bush-cricket,bush-cricket,0.99,,,27/09/2026,27/09/2026,23:43:28,ClassifEspSWE-0002026-05-29_1,JOHANKARLSSON,202609290747NB7QHNI2,,Citizen Science (ultrasonic) - shared
59~40304+18~07242_20260927_234340.wav,DEV_002_20260927_234340.wav,0,59.40304,18.07242,Leppun,Leptophyes punctatissima,Speckled Bush-cricket,bush-cricket,0.99,,,27/09/2026,27/09/2026,23:43:40,ClassifEspSWE-0002026-05-29_1,JOHANKARLSSON,202609290747NB7QHNI2,,Citizen Science (ultrasonic) - shared
59~40304+18~07242_20260927_234350.wav,DEV_002_20260927_234350.wav,0,59.40304,18.07242,Leppun,Leptophyes punctatissima,Speckled Bush-cricket,bush-cricket,0.99,,,27/09/2026,27/09/2026,23:43:50,ClassifEspSWE-0002026-05-29_1,JOHANKARLSSON,202609290747NB7QHNI2,,Citizen Science (ultrasonic) - shared
59~40304+18~07242_20260927_234359.wav,DEV_002_20260927_234359.wav,0,59.40304,18.07242,Leppun,Leptophyes punctatissima,Speckled Bush-cricket,bush-cricket,0.99,,,27/09/2026,27/09/2026,23:43:59,ClassifEspSWE-0002026-05-29_1,JOHANKARLSSON,202609290747NB7QHNI2,,Citizen Science (ultrasonic) - shared
59~40304+18~07242_20260927_234410.wav,DEV_002_20260927_234410.wav,0,59.40304,18.07242,Leppun,Leptophyes punctatissima,Speckled Bush-cricket,bush-cricket,0.99,,,27/09/2026,27/09/2026,23:44:10,ClassifEspSWE-0002026-05-29_1,JOHANKARLSSON,202609290747NB7QHNI2,,Citizen Science (ultrasonic) - shared
59~40304+18~07242_20260927_234420.wav,DEV_002_20260927_234420.wav,0,59.40304,18.07242,Leppun,Leptophyes punctatissima,Speckled Bush-cricket,bush-cricket,0.99,,,27/09/2026,27/09/2026,23:44:20,ClassifEspSWE-0002026-05-29_1,JOHANKARLSSON,202609290747NB7QHNI2,,Citizen Science (ultrasonic) - shared
59~40304+18~07242_20260927_234431.wav,DEV_002_20260927_234431.wav,0,59.40304,18.07242,Leppun,Leptophyes punctatissima,Speckled Bush-cricket,bush-cricket,0.99,,,27/09/2026,27/09/2026,23:44:31,ClassifEspSWE-0002026-05-29_1,JOHANKARLSSON,202609290747NB7QHNI2,,Citizen Science (ultrasonic) - shared
59~40304+18~07242_20260927_234440.wav,DEV_002_20260927_234440.wav,0,59.40304,18.07242,Leppun,Leptophyes punctatissima,Speckled Bush-cricket,bush-cricket,0.99,,,27/09/2026,27/09/2026,23:44:40,ClassifEspSWE-0002026-05-29_1,JOHANKARLSSON,202609290747NB7QHNI2,,Citizen Science (ultrasonic) - shared
59~40304+18~07242_20260927_234451.wav,DEV_002_20260927_234451.wav,0,59.40304,18.07242,Leppun,Leptophyes punctatissima,Speckled Bush-cricket,bush-cricket,0.99,,,27/09/2026,27/09/2026,23:44:51,ClassifEspSWE-0002026-05-29_1,JOHANKARLSSON,202609290747NB7QHNI2,,Citizen Science (ultrasonic) - shared
59~40304+18~07242_20260927_234503.wav,DEV_002_20260927_234503.wav,0,59.40304,18.07242,Leppun,Leptophyes punctatissima,Speckled Bush-cricket,bush-cricket,0.99,,,27/09/2026,27/09/2026,23:45:03,ClassifEspSWE-0002026-05-29_1,JOHANKARLSSON,202609290747NB7QHNI2,,Citizen Science (ultrasonic) - shared
59~40304+18~07242_20260927_234513.wav,DEV_002_20260927_234513.wav,0,59.40304,18.07242,Leppun,Leptophyes punctatissima,Speckled Bush-cricket,bush-cricket,0.99,,,27/09/2026,27/09/2026,23:45:13,ClassifEspSWE-0002026-05-29_1,JOHANKARLSSON,202609290747NB7QHNI2,,Citizen Science (ultrasonic) - shared
59~40304+18~07242_20260927_234522.wav,DEV_002_20260927_234522.wav,0,59.40304,18.07242,Leppun,Leptophyes punctatissima,Speckled Bush-cricket,bush-cricket,0.99,,,27/09/2026,27/09/2026,23:45:22,ClassifEspSWE-0002026-05-29_1,JOHANKARLSSON,202609290747NB7QHNI2,,Citizen Science (ultrasonic) - shared
59~40304+18~07242_20260927_234532.wav,DEV_002_20260927_234532.wav,0,59.40304,18.07242,Leppun,Leptophyes punctatissima,Speckled Bush-cricket,bush-cricket,0.99,,,27/09/2026,27/09/2026,23:45:32,ClassifEspSWE-0002026-05-29_1,JOHANKARLSSON,202609290747NB7QHNI2,,Citizen Science (ultrasonic) - shared
59~40304+18~07242_20260927_234539.wav,DEV_002_20260927_234539.wav,0,59.40304,18.07242,Leppun,Leptophyes punctatissima,Speckled Bush-cricket,bush-cricket,0.99,,,27/09/2026,27/09/2026,23:45:39,ClassifEspSWE-0002026-05-29_1,JOHANKARLSSON,202609290747NB7QHNI2,,Citizen Science (ultrasonic) - shared
59~40304+18~07242_20260927_234549.wav,DEV_002_20260927_234549.wav,0,59.40304,18.07242,Leppun,Leptophyes punctatissima,Speckled Bush-cricket,bush-cricket,0.99,,,27/09/2026,27/09/2026,23:45:49,ClassifEspSWE-0002026-05-29_1,JOHANKARLSSON,202609290747NB7QHNI2,,Citizen Science (ultrasonic) - shared
59~40304+18~07242_20260927_234555.wav,DEV_002_20260927_234555.wav,0,59.40304,18.07242,Leppun,Leptophyes punctatissima,Speckled Bush-cricket,bush-cricket,0.99,,,27/09/2026,27/09/2026,23:45:55,ClassifEspSWE-0002026-05-29_1,JOHANKARLSSON,202609290747NB7QHNI2,,Citizen Science (ultrasonic) - shared
59~40304+18~07242_20260927_234604.wav,DEV_002_20260927_234604.wav,0,59.40304,18.07242,Leppun,Leptophyes punctatissima,Speckled Bush-cricket,bush-cricket,0.99,,,27/09/2026,27/09/2026,23:46:04,ClassifEspSWE-0002026-05-29_1,JOHANKARLSSON,202609290747NB7QHNI2,,Citizen Science (ultrasonic) - shared
59~40304+18~07242_20260927_234614.wav,DEV_002_20260927_234614.wav,0,59.40304,18.07242,Leppun,Leptophyes punctatissima,Speckled Bush-cricket,bush-cricket,0.99,,,27/09/2026,27/09/2026,23:46:14,ClassifEspSWE-0002026-05-29_1,JOHANKARLSSON,202609290747NB7QHNI2,,Citizen Science (ultrasonic) - shared
59~40304+18~07242_20260927_234619.wav,DEV_002_20260927_234619.wav,0,59.40304,18.07242,Leppun,Leptophyes punctatissima,Speckled Bush-cricket,bush-cricket,0.99,,,27/09/2026,27/09/2026,23:46:19,ClassifEspSWE-0002026-05-29_1,JOHANKARLSSON,202609290747NB7QHNI2,,Citizen Science (ultrasonic) - shared
59~40304+18~07242_20260927_234628.wav,DEV_002_20260927_234628.wav,0,59.40304,18.07242,Leppun,Leptophyes punctatissima,Speckled Bush-cricket,bush-cricket,0.99,,,27/09/2026,27/09/2026,23:46:28,ClassifEspSWE-0002026-05-29_1,JOHANKARLSSON,202609290747NB7QHNI2,,Citizen Science (ultrasonic) - shared
59~40304+18~07242_20260927_234640.wav,DEV_002_20260927_234640.wav,0,59.40304,18.07242,Leppun,Leptophyes punctatissima,Speckled Bush-cricket,bush-cricket,0.99,,,27/09/2026,27/09/2026,23:46:40,ClassifEspSWE-0002026-05-29_1,JOHANKARLSSON,202609290747NB7QHNI2,,Citizen Science (ultrasonic) - shared
59~40304+18~07242_20260927_234647.wav,DEV_002_20260927_234647.wav,0,59.40304,18.07242,Leppun,Leptophyes punctatissima,Speckled Bush-cricket,bush-cricket,0.99,,,27/09/2026,27/09/2026,23:46:47,ClassifEspSWE-0002026-05-29_1,JOHANKARLSSON,202609290747NB7QHNI2,,Citizen Science (ultrasonic) - shared
59~40304+18~07242_20260927_234657.wav,DEV_002_20260927_234657.wav,0,59.40304,18.07242,Leppun,Leptophyes punctatissima,Speckled Bush-cricket,bush-cricket,0.99,,,27/09/2026,27/09/2026,23:46:57,ClassifEspSWE-0002026-05-29_1,JOHANKARLSSON,202609290747NB7QHNI2,,Citizen Science (ultrasonic) - shared
59~40304+18~07242_20260927_234705.wav,DEV_002_20260927_234705.wav,0,59.40304,18.07242,Leppun,Leptophyes punctatissima,Speckled Bush-cricket,bush-cricket,0.99,,,27/09/2026,27/09/2026,23:47:05,ClassifEspSWE-0002026-05-29_1,JOHANKARLSSON,202609290747NB7QHNI2,,Citizen Science (ultrasonic) - shared
59~40304+18~07242_20260927_234717.wav,DEV_002_20260927_234717.wav,0,59.40304,18.07242,Leppun,Leptophyes punctatissima,Speckled Bush-cricket,bush-cricket,0.99,,,27/09/2026,27/09/2026,23:47:17,ClassifEspSWE-0002026-05-29_1,JOHANKARLSSON,202609290747NB7QHNI2,,Citizen Science (ultrasonic) - shared
59~40304+18~07242_20260927_234725.wav,DEV_002_20260927_234725.wav,0,59.40304,18.07242,Leppun,Leptophyes punctatissima,Speckled Bush-cricket,bush-cricket,0.99,,,27/09/2026,27/09/2026,23:47:25,ClassifEspSWE-0002026-05-29_1,JOHANKARLSSON,202609290747NB7QHNI2,,Citizen Science (ultrasonic) - shared
59~40304+18~07242_20260927_234731.wav,DEV_002_20260927_234731.wav,0,59.40304,18.07242,Leppun,Leptophyes punctatissima,Speckled Bush-cricket,bush-cricket,0.99,,,27/09/2026,27/09/2026,23:47:31,ClassifEspSWE-0002026-05-29_1,JOHANKARLSSON,202609290747NB7QHNI2,,Citizen Science (ultrasonic) - shared
59~40304+18~07242_20260927_234740.wav,DEV_002_20260927_234740.wav,0,59.40304,18.07242,Leppun,Leptophyes punctatissima,Speckled Bush-cricket,bush-cricket,0.99,,,27/09/2026,27/09/2026,23:47:40,ClassifEspSWE-0002026-05-29_1,JOHANKARLSSON,202609290747NB7QHNI2,,Citizen Science (ultrasonic) - shared
59~40304+18~07242_20260927_234751.wav,DEV_002_20260927_234751.wav,0,59.40304,18.07242,Leppun,Leptophyes punctatissima,Speckled Bush-cricket,bush-cricket,0.99,,,27/09/2026,27/09/2026,23:47:51,ClassifEspSWE-0002026-05-29_1,JOHANKARLSSON,202609290747NB7QHNI2,,Citizen Science (ultrasonic) - shared
59~40304+18~07242_20260927_234806.wav,DEV_002_20260927_234806.wav,0,59.40304,18.07242,Leppun,Leptophyes punctatissima,Speckled Bush-cricket,bush-cricket,0.99,,,27/09/2026,27/09/2026,23:48:06,ClassifEspSWE-0002026-05-29_1,JOHANKARLSSON,202609290747NB7QHNI2,,Citizen Science (ultrasonic) - shared
59~40304+18~07242_20260927_234820.wav,DEV_002_20260927_234820.wav,0,59.40304,18.07242,Leppun,Leptophyes punctatissima,Speckled Bush-cricket,bush-cricket,0.99,,,27/09/2026,27/09/2026,23:48:20,ClassifEspSWE-0002026-05-29_1,JOHANKARLSSON,202609290747NB7QHNI2,,Citizen Science (ultrasonic) - shared
59~40304+18~07242_20260927_234831.wav,DEV_002_20260927_234831.wav,0,59.40304,18.07242,Leppun,Leptophyes punctatissima,Speckled Bush-cricket,bush-cricket,0.99,,,27/09/2026,27/09/2026,23:48:31,ClassifEspSWE-0002026-05-29_1,JOHANKARLSSON,202609290747NB7QHNI2,,Citizen Science (ultrasonic) - shared
59~40304+18~07242_20260927_234847.wav,DEV_002_20260927_234847.wav,0,59.40304,18.07242,Leppun,Leptophyes punctatissima,Speckled Bush-cricket,bush-cricket,0.99,,,27/09/2026,27/09/2026,23:48:47,ClassifEspSWE-0002026-05-29_1,JOHANKARLSSON,202609290747NB7QHNI2,,Citizen Science (ultrasonic) - shared
59~40304+18~07242_20260927_234858.wav,DEV_002_20260927_234858.wav,0,59.40304,18.07242,Leppun,Leptophyes punctatissima,Speckled Bush-cricket,bush-cricket,0.99,,,27/09/2026,27/09/2026,23:48:58,ClassifEspSWE-0002026-05-29_1,JOHANKARLSSON,202609290747NB7QHNI2,,Citizen Science (ultrasonic) - shared
59~40304+18~07242_20260927_234906.wav,DEV_002_20260927_234906.wav,0,59.40304,18.07242,Leppun,Leptophyes punctatissima,Speckled Bush-cricket,bush-cricket,0.99,,,27/09/2026,27/09/2026,23:49:06,ClassifEspSWE-0002026-05-29_1,JOHANKARLSSON,202609290747NB7QHNI2,,Citizen Science (ultrasonic) - shared
59~40304+18~07242_20260927_234916.wav,DEV_002_20260927_234916.wav,0,59.40304,18.07242,Leppun,Leptophyes punctatissima,Speckled Bush-cricket,bush-cricket,0.99,,,27/09/2026,27/09/2026,23:49:16,ClassifEspSWE-0002026-05-29_1,JOHANKARLSSON,202609290747NB7QHNI2,,Citizen Science (ultrasonic) - shared
59~40304+18~07242_20260927_234927.wav,DEV_002_20260927_234927.wav,0,59.40304,18.07242,Leppun,Leptophyes punctatissima,Speckled Bush-cricket,bush-cricket,0.99,,,27/09/2026,27/09/2026,23:49:27,ClassifEspSWE-0002026-05-29_1,JOHANKARLSSON,202609290747NB7QHNI2,,Citizen Science (ultrasonic) - shared
59~40304+18~07242_20260927_234933.wav,DEV_002_20260927_234933.wav,0,59.40304,18.07242,Leppun,Leptophyes punctatissima,Speckled Bush-cricket,bush-cricket,0.99,,,27/09/2026,27/09/2026,23:49:33,ClassifEspSWE-0002026-05-29_1,JOHANKARLSSON,202609290747NB7QHNI2,,Citizen Science (ultrasonic) - shared
59~40304+18~07242_20260927_234943.wav,DEV_002_20260927_234943.wav,0,59.40304,18.07242,Leppun,Leptophyes punctatissima,Speckled Bush-cricket,bush-cricket,0.99,,,27/09/2026,27/09/2026,23:49:43,ClassifEspSWE-0002026-05-29_1,JOHANKARLSSON,202609290747NB7QHNI2,,Citizen Science (ultrasonic) - shared
59~40304+18~07242_20260927_234955.wav,DEV_002_20260927_234955.wav,0,59.40304,18.07242,Leppun,Leptophyes punctatissima,Speckled Bush-cricket,bush-cricket,0.99,,,27/09/2026,27/09/2026,23:49:55,ClassifEspSWE-0002026-05-29_1,JOHANKARLSSON,202609290747NB7QHNI2,,Citizen Science (ultrasonic) - shared
59~40304+18~07242_20260927_235007.wav,DEV_002_20260927_235007.wav,0,59.40304,18.07242,Leppun,Leptophyes punctatissima,Speckled Bush-cricket,bush-cricket,0.99,,,27/09/2026,27/09/2026,23:50:07,ClassifEspSWE-0002026-05-29_1,JOHANKARLSSON,202609290747NB7QHNI2,,Citizen Science (ultrasonic) - shared
59~40304+18~07242_20260927_235015.wav,DEV_002_20260927_235015.wav,0,59.40304,18.07242,Leppun,Leptophyes punctatissima,Speckled Bush-cricket,bush-cricket,0.99,,,27/09/2026,27/09/2026,23:50:15,ClassifEspSWE-0002026-05-29_1,JOHANKARLSSON,202609290747NB7QHNI2,,Citizen Science (ultrasonic) - shared
59~40304+18~07242_20260927_235028.wav,DEV_002_20260927_235028.wav,0,59.40304,18.07242,Leppun,Leptophyes punctatissima,Speckled Bush-cricket,bush-cricket,0.99,,,27/09/2026,27/09/2026,23:50:28,ClassifEspSWE-0002026-05-29_1,JOHANKARLSSON,202609290747NB7QHNI2,,Citizen Science (ultrasonic) - shared
59~40304+18~07242_20260927_235041.wav,DEV_002_20260927_235041.wav,0,59.40304,18.07242,Leppun,Leptophyes punctatissima,Speckled Bush-cricket,bush-cricket,0.99,,,27/09/2026,27/09/2026,23:50:41,ClassifEspSWE-0002026-05-29_1,JOHANKARLSSON,202609290747NB7QHNI2,,Citizen Science (ultrasonic) - shared
59~40304+18~07242_20260927_235058.wav,DEV_002_20260927_235058.wav,0,59.40304,18.07242,Leppun,Leptophyes punctatissima,Speckled Bush-cricket,bush-cricket,0.99,,,27/09/2026,27/09/2026,23:50:58,ClassifEspSWE-0002026-05-29_1,JOHANKARLSSON,202609290747NB7QHNI2,,Citizen Science (ultrasonic) - shared
59~40304+18~07242_20260927_235111.wav,DEV_002_20260927_235111.wav,0,59.40304,18.07242,Leppun,Leptophyes punctatissima,Speckled Bush-cricket,bush-cricket,0.99,,,27/09/2026,27/09/2026,23:51:11,ClassifEspSWE-0002026-05-29_1,JOHANKARLSSON,202609290747NB7QHNI2,,Citizen Science (ultrasonic) - shared
59~40304+18~07242_20260927_235120.wav,DEV_002_20260927_235120.wav,0,59.40304,18.07242,Leppun,Leptophyes punctatissima,Speckled Bush-cricket,bush-cricket,0.99,,,27/09/2026,27/09/2026,23:51:20,ClassifEspSWE-0002026-05-29_1,JOHANKARLSSON,202609290747NB7QHNI2,,Citizen Science (ultrasonic) - shared
59~40304+18~07242_20260927_235131.wav,DEV_002_20260927_235131.wav,0,59.40304,18.07242,Leppun,Leptophyes punctatissima,Speckled Bush-cricket,bush-cricket,0.99,,,27/09/2026,27/09/2026,23:51:31,ClassifEspSWE-0002026-05-29_1,JOHANKARLSSON,202609290747NB7QHNI2,,Citizen Science (ultrasonic) - shared
59~40304+18~07242_20260927_235148.wav,DEV_002_20260927_235148.wav,0,59.40304,18.07242,Leppun,Leptophyes punctatissima,Speckled Bush-cricket,bush-cricket,0.99,,,27/09/2026,27/09/2026,23:51:48,ClassifEspSWE-0002026-05-29_1,JOHANKARLSSON,202609290747NB7QHNI2,,Citizen Science (ultrasonic) - shared
59~40304+18~07242_20260927_235158.wav,DEV_002_20260927_235158.wav,0,59.40304,18.07242,Leppun,Leptophyes punctatissima,Speckled Bush-cricket,bush-cricket,0.99,,,27/09/2026,27/09/2026,23:51:58,ClassifEspSWE-0002026-05-29_1,JOHANKARLSSON,202609290747NB7QHNI2,,Citizen Science (ultrasonic) - shared
59~40304+18~07242_20260927_235209.wav,DEV_002_20260927_235209.wav,0,59.40304,18.07242,Leppun,Leptophyes punctatissima,Speckled Bush-cricket,bush-cricket,0.99,,,27/09/2026,27/09/2026,23:52:09,ClassifEspSWE-0002026-05-29_1,JOHANKARLSSON,202609290747NB7QHNI2,,Citizen Science (ultrasonic) - shared
59~40304+18~07242_20260927_235223.wav,DEV_002_20260927_235223.wav,0,59.40304,18.07242,Leppun,Leptophyes punctatissima,Speckled Bush-cricket,bush-cricket,0.99,,,27/09/2026,27/09/2026,23:52:23,ClassifEspSWE-0002026-05-29_1,JOHANKARLSSON,202609290747NB7QHNI2,,Citizen Science (ultrasonic) - shared
59~40304+18~07242_20260927_235240.wav,DEV_002_20260927_235240.wav,0,59.40304,18.07242,Leppun,Leptophyes punctatissima,Speckled Bush-cricket,bush-cricket,0.99,,,27/09/2026,27/09/2026,23:52:40,ClassifEspSWE-0002026-05-29_1,JOHANKARLSSON,202609290747NB7QHNI2,,Citizen Science (ultrasonic) - shared
59~40304+18~07242_20260927_235251.wav,DEV_002_20260927_235251.wav,0,59.40304,18.07242,Leppun,Leptophyes punctatissima,Speckled Bush-cricket,bush-cricket,0.99,,,27/09/2026,27/09/2026,23:52:51,ClassifEspSWE-0002026-05-29_1,JOHANKARLSSON,202609290747NB7QHNI2,,Citizen Science (ultrasonic) - shared
59~40304+18~07242_20260927_235433.wav,DEV_002_20260927_235433.wav,0,59.40304,18.07242,Leppun,Leptophyes punctatissima,Speckled Bush-cricket,bush-cricket,0.99,,,27/09/2026,27/09/2026,23:54:33,ClassifEspSWE-0002026-05-29_1,JOHANKARLSSON,202609290747NB7QHNI2,,Citizen Science (ultrasonic) - shared
59~40304+18~07242_20260927_235441.wav,DEV_002_20260927_235441.wav,0,59.40304,18.07242,Leppun,Leptophyes punctatissima,Speckled Bush-cricket,bush-cricket,0.99,,,27/09/2026,27/09/2026,23:54:41,ClassifEspSWE-0002026-05-29_1,JOHANKARLSSON,202609290747NB7QHNI2,,Citizen Science (ultrasonic) - shared
59~40304+18~07242_20260927_235505.wav,DEV_002_20260927_235505.wav,0,59.40304,18.07242,Leppun,Leptophyes punctatissima,Speckled Bush-cricket,bush-cricket,0.99,,,27/09/2026,27/09/2026,23:55:05,ClassifEspSWE-0002026-05-29_1,JOHANKARLSSON,202609290747NB7QHNI2,,Citizen Science (ultrasonic) - shared
59~40304+18~07242_20260927_235602.wav,DEV_002_20260927_235602.wav,0,59.40304,18.07242,Leppun,Leptophyes punctatissima,Speckled Bush-cricket,bush-cricket,0.99,,,27/09/2026,27/09/2026,23:56:02,ClassifEspSWE-0002026-05-29_1,JOHANKARLSSON,202609290747NB7QHNI2,,Citizen Science (ultrasonic) - shared
59~40304+18~07242_20260927_235645.wav,DEV_002_20260927_235645.wav,0,59.40304,18.07242,Leppun,Leptophyes punctatissima,Speckled Bush-cricket,bush-cricket,0.99,,,27/09/2026,27/09/2026,23:56:45,ClassifEspSWE-0002026-05-29_1,JOHANKARLSSON,202609290747NB7QHNI2,,Citizen Science (ultrasonic) - shared
59~40304+18~07242_20260927_235658.wav,DEV_002_20260927_235658.wav,0,59.40304,18.07242,Leppun,Leptophyes punctatissima,Speckled Bush-cricket,bush-cricket,0.99,,,27/09/2026,27/09/2026,23:56:58,ClassifEspSWE-0002026-05-29_1,JOHANKARLSSON,202609290747NB7QHNI2,,Citizen Science (ultrasonic) - shared
59~40304+18~07242_20260927_235711.wav,DEV_002_20260927_235711.wav,0,59.40304,18.07242,Leppun,Leptophyes punctatissima,Speckled Bush-cricket,bush-cricket,0.99,,,27/09/2026,27/09/2026,23:57:11,ClassifEspSWE-0002026-05-29_1,JOHANKARLSSON,202609290747NB7QHNI2,,Citizen Science (ultrasonic) - shared
59~40304+18~07242_20260927_235728.wav,DEV_002_20260927_235728.wav,0,59.40304,18.07242,Leppun,Leptophyes punctatissima,Speckled Bush-cricket,bush-cricket,0.99,,,27/09/2026,27/09/2026,23:57:28,ClassifEspSWE-0002026-05-29_1,JOHANKARLSSON,202609290747NB7QHNI2,,Citizen Science (ultrasonic) - shared
59~40304+18~07242_20260927_235735.wav,DEV_002_20260927_235735.wav,0,59.40304,18.07242,Leppun,Leptophyes punctatissima,Speckled Bush-cricket,bush-cricket,0.99,,,27/09/2026,27/09/2026,23:57:35,ClassifEspSWE-0002026-05-29_1,JOHANKARLSSON,202609290747NB7QHNI2,,Citizen Science (ultrasonic) - shared
59~40304+18~07242_20260927_235758.wav,DEV_002_20260927_235758.wav,0,59.40304,18.07242,Leppun,Leptophyes punctatissima,Speckled Bush-cricket,bush-cricket,0.99,,,27/09/2026,27/09/2026,23:57:58,ClassifEspSWE-0002026-05-29_1,JOHANKARLSSON,202609290747NB7QHNI2,,Citizen Science (ultrasonic) - shared
59~40304+18~07242_20260927_235804.wav,DEV_002_20260927_235804.wav,0,59.40304,18.07242,Leppun,Leptophyes punctatissima,Speckled Bush-cricket,bush-cricket,0.99,,,27/09/2026,27/09/2026,23:58:04,ClassifEspSWE-0002026-05-29_1,JOHANKARLSSON,202609290747NB7QHNI2,,Citizen Science (ultrasonic) - shared
59~40304+18~07242_20260927_235811.wav,DEV_002_20260927_235811.wav,0,59.40304,18.07242,Leppun,Leptophyes punctatissima,Speckled Bush-cricket,bush-cricket,0.99,,,27/09/2026,27/09/2026,23:58:11,ClassifEspSWE-0002026-05-29_1,JOHANKARLSSON,202609290747NB7QHNI2,,Citizen Science (ultrasonic) - shared
59~40304+18~07242_20260927_235842.wav,DEV_002_20260927_235842.wav,0,59.40304,18.07242,Leppun,Leptophyes punctatissima,Speckled Bush-cricket,bush-cricket,0.99,,,27/09/2026,27/09/2026,23:58:42,ClassifEspSWE-0002026-05-29_1,JOHANKARLSSON,202609290747NB7QHNI2,,Citizen Science (ultrasonic) - shared
59~40304+18~07242_20260927_235901.wav,DEV_002_20260927_235901.wav,0,59.40304,18.07242,Leppun,Leptophyes punctatissima,Speckled Bush-cricket,bush-cricket,0.99,,,27/09/2026,27/09/2026,23:59:01,ClassifEspSWE-0002026-05-29_1,JOHANKARLSSON,202609290747NB7QHNI2,,Citizen Science (ultrasonic) - shared
59~40304+18~07242_20260927_235909.wav,DEV_002_20260927_235909.wav,0,59.40304,18.07242,Leppun,Leptophyes punctatissima,Speckled Bush-cricket,bush-cricket,0.99,,,27/09/2026,27/09/2026,23:59:09,ClassifEspSWE-0002026-05-29_1,JOHANKARLSSON,202609290747NB7QHNI2,,Citizen Science (ultrasonic) - shared
59~40304+18~07242_20260927_235923.wav,DEV_002_20260927_235923.wav,0,59.40304,18.07242,Leppun,Leptophyes punctatissima,Speckled Bush-cricket,bush-cricket,0.99,,,27/09/2026,27/09/2026,23:59:23,ClassifEspSWE-0002026-05-29_1,JOHANKARLSSON,202609290747NB7QHNI2,,Citizen Science (ultrasonic) - shared
59~40304+18~07242_20260927_235936.wav,DEV_002_20260927_235936.wav,0,59.40304,18.07242,Leppun,Leptophyes punctatissima,Speckled Bush-cricket,bush-cricket,0.99,,,27/09/2026,27/09/2026,23:59:36,ClassifEspSWE-0002026-05-29_1,JOHANKARLSSON,202609290747NB7QHNI2,,Citizen Science (ultrasonic) - shared
59~40304+18~07242_20260927_235943.wav,DEV_002_20260927_235943.wav,0,59.40304,18.07242,Leppun,Leptophyes punctatissima,Speckled Bush-cricket,bush-cricket,0.99,,,27/09/2026,27/09/2026,23:59:43,ClassifEspSWE-0002026-05-29_1,JOHANKARLSSON,202609290747NB7QHNI2,,Citizen Science (ultrasonic) - shared
59~40304+18~07242_20260927_235954.wav,DEV_002_20260927_235954.wav,0,59.40304,18.07242,Leppun,Leptophyes punctatissima,Speckled Bush-cricket,bush-cricket,0.99,,,27/09/2026,27/09/2026,23:59:54,ClassifEspSWE-0002026-05-29_1,JOHANKARLSSON,202609290747NB7QHNI2,,Citizen Science (ultrasonic) - shared
59~40304+18~07242_20260927_230007.wav,DEV_002_20260927_230007.wav,0,59.40304,18.07242,Phogri,Pholidoptera griseoaptera,Dark Bush-cricket,bush-cricket,0.93,,,27/09/2026,27/09/2026,23:00:07,ClassifEspSWE-0002026-05-29_1,JOHANKARLSSON,202609290747NB7QHNI2,,Citizen Science (ultrasonic) - shared
59~40304+18~07242_20260927_230017.wav,DEV_002_20260927_230017.wav,0,59.40304,18.07242,Phogri,Pholidoptera griseoaptera,Dark Bush-cricket,bush-cricket,0.78,,,27/09/2026,27/09/2026,23:00:17,ClassifEspSWE-0002026-05-29_1,JOHANKARLSSON,202609290747NB7QHNI2,,Citizen Science (ultrasonic) - shared
59~40304+18~07242_20260927_230024.wav,DEV_002_20260927_230024.wav,0,59.40304,18.07242,Phogri,Pholidoptera griseoaptera,Dark Bush-cricket,bush-cricket,0.84,,,27/09/2026,27/09/2026,23:00:24,ClassifEspSWE-0002026-05-29_1,JOHANKARLSSON,202609290747NB7QHNI2,,Citizen Science (ultrasonic) - shared
59~40304+18~07242_20260927_230029.wav,DEV_002_20260927_230029.wav,0,59.40304,18.07242,Phogri,Pholidoptera griseoaptera,Dark Bush-cricket,bush-cricket,0.5,,,27/09/2026,27/09/2026,23:00:29,ClassifEspSWE-0002026-05-29_1,JOHANKARLSSON,202609290747NB7QHNI2,,Citizen Science (ultrasonic) - shared
59~40304+18~07242_20260927_230035.wav,DEV_002_20260927_230035.wav,0,59.40304,18.07242,Phogri,Pholidoptera griseoaptera,Dark Bush-cricket,bush-cricket,0.81,,,27/09/2026,27/09/2026,23:00:35,ClassifEspSWE-0002026-05-29_1,JOHANKARLSSON,202609290747NB7QHNI2,,Citizen Science (ultrasonic) - shared
59~40304+18~07242_20260927_230040.wav,DEV_002_20260927_230040.wav,0,59.40304,18.07242,Phogri,Pholidoptera griseoaptera,Dark Bush-cricket,bush-cricket,0.57,,,27/09/2026,27/09/2026,23:00:40,ClassifEspSWE-0002026-05-29_1,JOHANKARLSSON,202609290747NB7QHNI2,,Citizen Science (ultrasonic) - shared
59~40304+18~07242_20260927_230053.wav,DEV_002_20260927_230053.wav,0,59.40304,18.07242,Phogri,Pholidoptera griseoaptera,Dark Bush-cricket,bush-cricket,0.92,,,27/09/2026,27/09/2026,23:00:53,ClassifEspSWE-0002026-05-29_1,JOHANKARLSSON,202609290747NB7QHNI2,,Citizen Science (ultrasonic) - shared
59~40304+18~07242_20260927_230059.wav,DEV_002_20260927_230059.wav,0,59.40304,18.07242,Phogri,Pholidoptera griseoaptera,Dark Bush-cricket,bush-cricket,0.92,,,27/09/2026,27/09/2026,23:00:59,ClassifEspSWE-0002026-05-29_1,JOHANKARLSSON,202609290747NB7QHNI2,,Citizen Science (ultrasonic) - shared
59~40304+18~07242_20260927_230104.wav,DEV_002_20260927_230104.wav,0,59.40304,18.07242,Phogri,Pholidoptera griseoaptera,Dark Bush-cricket,bush-cricket,0.99,,,27/09/2026,27/09/2026,23:01:04,ClassifEspSWE-0002026-05-29_1,JOHANKARLSSON,202609290747NB7QHNI2,,Citizen Science (ultrasonic) - shared
59~40304+18~07242_20260927_230121.wav,DEV_002_20260927_230121.wav,0,59.40304,18.07242,Phogri,Pholidoptera griseoaptera,Dark Bush-cricket,bush-cricket,0.75,,,27/09/2026,27/09/2026,23:01:21,ClassifEspSWE-0002026-05-29_1,JOHANKARLSSON,202609290747NB7QHNI2,,Citizen Science (ultrasonic) - shared
59~40304+18~07242_20260927_230128.wav,DEV_002_20260927_230128.wav,0,59.40304,18.07242,Phogri,Pholidoptera griseoaptera,Dark Bush-cricket,bush-cricket,0.63,,,27/09/2026,27/09/2026,23:01:28,ClassifEspSWE-0002026-05-29_1,JOHANKARLSSON,202609290747NB7QHNI2,,Citizen Science (ultrasonic) - shared
59~40304+18~07242_20260927_230151.wav,DEV_002_20260927_230151.wav,0,59.40304,18.07242,Phogri,Pholidoptera griseoaptera,Dark Bush-cricket,bush-cricket,0.79,,,27/09/2026,27/09/2026,23:01:51,ClassifEspSWE-0002026-05-29_1,JOHANKARLSSON,202609290747NB7QHNI2,,Citizen Science (ultrasonic) - shared
59~40304+18~07242_20260927_230158.wav,DEV_002_20260927_230158.wav,0,59.40304,18.07242,Phogri,Pholidoptera griseoaptera,Dark Bush-cricket,bush-cricket,0.51,,,27/09/2026,27/09/2026,23:01:58,ClassifEspSWE-0002026-05-29_1,JOHANKARLSSON,202609290747NB7QHNI2,,Citizen Science (ultrasonic) - shared
59~40304+18~07242_20260927_230203.wav,DEV_002_20260927_230203.wav,0,59.40304,18.07242,Phogri,Pholidoptera griseoaptera,Dark Bush-cricket,bush-cricket,0.97,,,27/09/2026,27/09/2026,23:02:03,ClassifEspSWE-0002026-05-29_1,JOHANKARLSSON,202609290747NB7QHNI2,,Citizen Science (ultrasonic) - shared
59~40304+18~07242_20260927_230209.wav,DEV_002_20260927_230209.wav,0,59.40304,18.07242,Phogri,Pholidoptera griseoaptera,Dark Bush-cricket,bush-cricket,0.99,,,27/09/2026,27/09/2026,23:02:09,ClassifEspSWE-0002026-05-29_1,JOHANKARLSSON,202609290747NB7QHNI2,,Citizen Science (ultrasonic) - shared
59~40304+18~07242_20260927_230214.wav,DEV_002_20260927_230214.wav,0,59.40304,18.07242,Phogri,Pholidoptera griseoaptera,Dark Bush-cricket,bush-cricket,0.83,,,27/09/2026,27/09/2026,23:02:14,ClassifEspSWE-0002026-05-29_1,JOHANKARLSSON,202609290747NB7QHNI2,,Citizen Science (ultrasonic) - shared
59~40304+18~07242_20260927_230220.wav,DEV_002_20260927_230220.wav,0,59.40304,18.07242,Phogri,Pholidoptera griseoaptera,Dark Bush-cricket,bush-cricket,0.54,,,27/09/2026,27/09/2026,23:02:20,ClassifEspSWE-0002026-05-29_1,JOHANKARLSSON,202609290747NB7QHNI2,,Citizen Science (ultrasonic) - shared
59~40304+18~07242_20260927_230226.wav,DEV_002_20260927_230226.wav,0,59.40304,18.07242,Phogri,Pholidoptera griseoaptera,Dark Bush-cricket,bush-cricket,0.89,,,27/09/2026,27/09/2026,23:02:26,ClassifEspSWE-0002026-05-29_1,JOHANKARLSSON,202609290747NB7QHNI2,,Citizen Science (ultrasonic) - shared
59~40304+18~07242_20260927_230232.wav,DEV_002_20260927_230232.wav,0,59.40304,18.07242,Phogri,Pholidoptera griseoaptera,Dark Bush-cricket,bush-cricket,0.53,,,27/09/2026,27/09/2026,23:02:32,ClassifEspSWE-0002026-05-29_1,JOHANKARLSSON,202609290747NB7QHNI2,,Citizen Science (ultrasonic) - shared
59~40304+18~07242_20260927_230244.wav,DEV_002_20260927_230244.wav,0,59.40304,18.07242,Phogri,Pholidoptera griseoaptera,Dark Bush-cricket,bush-cricket,0.96,,,27/09/2026,27/09/2026,23:02:44,ClassifEspSWE-0002026-05-29_1,JOHANKARLSSON,202609290747NB7QHNI2,,Citizen Science (ultrasonic) - shared
59~40304+18~07242_20260927_230250.wav,DEV_002_20260927_230250.wav,0,59.40304,18.07242,Phogri,Pholidoptera griseoaptera,Dark Bush-cricket,bush-cricket,0.98,,,27/09/2026,27/09/2026,23:02:50,ClassifEspSWE-0002026-05-29_1,JOHANKARLSSON,202609290747NB7QHNI2,,Citizen Science (ultrasonic) - shared
59~40304+18~07242_20260927_230256.wav,DEV_002_20260927_230256.wav,0,59.40304,18.07242,Phogri,Pholidoptera griseoaptera,Dark Bush-cricket,bush-cricket,0.77,,,27/09/2026,27/09/2026,23:02:56,ClassifEspSWE-0002026-05-29_1,JOHANKARLSSON,202609290747NB7QHNI2,,Citizen Science (ultrasonic) - shared
59~40304+18~07242_20260927_230301.wav,DEV_002_20260927_230301.wav,0,59.40304,18.07242,Phogri,Pholidoptera griseoaptera,Dark Bush-cricket,bush-cricket,0.91,,,27/09/2026,27/09/2026,23:03:01,ClassifEspSWE-0002026-05-29_1,JOHANKARLSSON,202609290747NB7QHNI2,,Citizen Science (ultrasonic) - shared
59~40304+18~07242_20260927_230306.wav,DEV_002_20260927_230306.wav,0,59.40304,18.07242,Phogri,Pholidoptera griseoaptera,Dark Bush-cricket,bush-cricket,0.88,,,27/09/2026,27/09/2026,23:03:06,ClassifEspSWE-0002026-05-29_1,JOHANKARLSSON,202609290747NB7QHNI2,,Citizen Science (ultrasonic) - shared
59~40304+18~07242_20260927_230313.wav,DEV_002_20260927_230313.wav,0,59.40304,18.07242,Phogri,Pholidoptera griseoaptera,Dark Bush-cricket,bush-cricket,0.65,,,27/09/2026,27/09/2026,23:03:13,ClassifEspSWE-0002026-05-29_1,JOHANKARLSSON,202609290747NB7QHNI2,,Citizen Science (ultrasonic) - shared
59~40304+18~07242_20260927_230318.wav,DEV_002_20260927_230318.wav,0,59.40304,18.07242,Phogri,Pholidoptera griseoaptera,Dark Bush-cricket,bush-cricket,0.93,,,27/09/2026,27/09/2026,23:03:18,ClassifEspSWE-0002026-05-29_1,JOHANKARLSSON,202609290747NB7QHNI2,,Citizen Science (ultrasonic) - shared
59~40304+18~07242_20260927_230329.wav,DEV_002_20260927_230329.wav,0,59.40304,18.07242,Phogri,Pholidoptera griseoaptera,Dark Bush-cricket,bush-cricket,0.98,,,27/09/2026,27/09/2026,23:03:29,ClassifEspSWE-0002026-05-29_1,JOHANKARLSSON,202609290747NB7QHNI2,,Citizen Science (ultrasonic) - shared
59~40304+18~07242_20260927_230335.wav,DEV_002_20260927_230335.wav,0,59.40304,18.07242,Phogri,Pholidoptera griseoaptera,Dark Bush-cricket,bush-cricket,0.98,,,27/09/2026,27/09/2026,23:03:35,ClassifEspSWE-0002026-05-29_1,JOHANKARLSSON,202609290747NB7QHNI2,,Citizen Science (ultrasonic) - shared
59~40304+18~07242_20260927_230340.wav,DEV_002_20260927_230340.wav,0,59.40304,18.07242,Phogri,Pholidoptera griseoaptera,Dark Bush-cricket,bush-cricket,0.97,,,27/09/2026,27/09/2026,23:03:40,ClassifEspSWE-0002026-05-29_1,JOHANKARLSSON,202609290747NB7QHNI2,,Citizen Science (ultrasonic) - shared
59~40304+18~07242_20260927_230345.wav,DEV_002_20260927_230345.wav,0,59.40304,18.07242,Phogri,Pholidoptera griseoaptera,Dark Bush-cricket,bush-cricket,0.55,,,27/09/2026,27/09/2026,23:03:45,ClassifEspSWE-0002026-05-29_1,JOHANKARLSSON,202609290747NB7QHNI2,,Citizen Science (ultrasonic) - shared
59~40304+18~07242_20260927_230351.wav,DEV_002_20260927_230351.wav,0,59.40304,18.07242,Phogri,Pholidoptera griseoaptera,Dark Bush-cricket,bush-cricket,0.97,,,27/09/2026,27/09/2026,23:03:51,ClassifEspSWE-0002026-05-29_1,JOHANKARLSSON,202609290747NB7QHNI2,,Citizen Science (ultrasonic) - shared
59~40304+18~07242_20260927_230356.wav,DEV_002_20260927_230356.wav,0,59.40304,18.07242,Phogri,Pholidoptera griseoaptera,Dark Bush-cricket,bush-cricket,0.97,,,27/09/2026,27/09/2026,23:03:56,ClassifEspSWE-0002026-05-29_1,JOHANKARLSSON,202609290747NB7QHNI2,,Citizen Science (ultrasonic) - shared
59~40304+18~07242_20260927_230403.wav,DEV_002_20260927_230403.wav,0,59.40304,18.07242,Phogri,Pholidoptera griseoaptera,Dark Bush-cricket,bush-cricket,0.93,,,27/09/2026,27/09/2026,23:04:03,ClassifEspSWE-0002026-05-29_1,JOHANKARLSSON,202609290747NB7QHNI2,,Citizen Science (ultrasonic) - shared
59~40304+18~07242_20260927_230408.wav,DEV_002_20260927_230408.wav,0,59.40304,18.07242,Phogri,Pholidoptera griseoaptera,Dark Bush-cricket,bush-cricket,0.89,,,27/09/2026,27/09/2026,23:04:08,ClassifEspSWE-0002026-05-29_1,JOHANKARLSSON,202609290747NB7QHNI2,,Citizen Science (ultrasonic) - shared
59~40304+18~07242_20260927_230419.wav,DEV_002_20260927_230419.wav,0,59.40304,18.07242,Phogri,Pholidoptera griseoaptera,Dark Bush-cricket,bush-cricket,0.83,,,27/09/2026,27/09/2026,23:04:19,ClassifEspSWE-0002026-05-29_1,JOHANKARLSSON,202609290747NB7QHNI2,,Citizen Science (ultrasonic) - shared
59~40304+18~07242_20260927_230427.wav,DEV_002_20260927_230427.wav,0,59.40304,18.07242,Phogri,Pholidoptera griseoaptera,Dark Bush-cricket,bush-cricket,0.97,,,27/09/2026,27/09/2026,23:04:27,ClassifEspSWE-0002026-05-29_1,JOHANKARLSSON,202609290747NB7QHNI2,,Citizen Science (ultrasonic) - shared
59~40304+18~07242_20260927_230434.wav,DEV_002_20260927_230434.wav,0,59.40304,18.07242,Phogri,Pholidoptera griseoaptera,Dark Bush-cricket,bush-cricket,0.97,,,27/09/2026,27/09/2026,23:04:34,ClassifEspSWE-0002026-05-29_1,JOHANKARLSSON,202609290747NB7QHNI2,,Citizen Science (ultrasonic) - shared
59~40304+18~07242_20260927_230440.wav,DEV_002_20260927_230440.wav,0,59.40304,18.07242,Phogri,Pholidoptera griseoaptera,Dark Bush-cricket,bush-cricket,0.93,,,27/09/2026,27/09/2026,23:04:40,ClassifEspSWE-0002026-05-29_1,JOHANKARLSSON,202609290747NB7QHNI2,,Citizen Science (ultrasonic) - shared
59~40304+18~07242_20260927_230449.wav,DEV_002_20260927_230449.wav,0,59.40304,18.07242,Phogri,Pholidoptera griseoaptera,Dark Bush-cricket,bush-cricket,0.75,,,27/09/2026,27/09/2026,23:04:49,ClassifEspSWE-0002026-05-29_1,JOHANKARLSSON,202609290747NB7QHNI2,,Citizen Science (ultrasonic) - shared
59~40304+18~07242_20260927_230458.wav,DEV_002_20260927_230458.wav,0,59.40304,18.07242,Phogri,Pholidoptera griseoaptera,Dark Bush-cricket,bush-cricket,0.98,,,27/09/2026,27/09/2026,23:04:58,ClassifEspSWE-0002026-05-29_1,JOHANKARLSSON,202609290747NB7QHNI2,,Citizen Science (ultrasonic) - shared
59~40304+18~07242_20260927_230506.wav,DEV_002_20260927_230506.wav,0,59.40304,18.07242,Phogri,Pholidoptera griseoaptera,Dark Bush-cricket,bush-cricket,0.87,,,27/09/2026,27/09/2026,23:05:06,ClassifEspSWE-0002026-05-29_1,JOHANKARLSSON,202609290747NB7QHNI2,,Citizen Science (ultrasonic) - shared
59~40304+18~07242_20260927_230511.wav,DEV_002_20260927_230511.wav,0,59.40304,18.07242,Phogri,Pholidoptera griseoaptera,Dark Bush-cricket,bush-cricket,0.87,,,27/09/2026,27/09/2026,23:05:11,ClassifEspSWE-0002026-05-29_1,JOHANKARLSSON,202609290747NB7QHNI2,,Citizen Science (ultrasonic) - shared
59~40304+18~07242_20260927_230519.wav,DEV_002_20260927_230519.wav,0,59.40304,18.07242,Phogri,Pholidoptera griseoaptera,Dark Bush-cricket,bush-cricket,0.81,,,27/09/2026,27/09/2026,23:05:19,ClassifEspSWE-0002026-05-29_1,JOHANKARLSSON,202609290747NB7QHNI2,,Citizen Science (ultrasonic) - shared
59~40304+18~07242_20260927_230525.wav,DEV_002_20260927_230525.wav,0,59.40304,18.07242,Phogri,Pholidoptera griseoaptera,Dark Bush-cricket,bush-cricket,0.88,,,27/09/2026,27/09/2026,23:05:25,ClassifEspSWE-0002026-05-29_1,JOHANKARLSSON,202609290747NB7QHNI2,,Citizen Science (ultrasonic) - shared
59~40304+18~07242_20260927_230531.wav,DEV_002_20260927_230531.wav,0,59.40304,18.07242,Phogri,Pholidoptera griseoaptera,Dark Bush-cricket,bush-cricket,0.84,,,27/09/2026,27/09/2026,23:05:31,ClassifEspSWE-0002026-05-29_1,JOHANKARLSSON,202609290747NB7QHNI2,,Citizen Science (ultrasonic) - shared
59~40304+18~07242_20260927_230537.wav,DEV_002_20260927_230537.wav,0,59.40304,18.07242,Phogri,Pholidoptera griseoaptera,Dark Bush-cricket,bush-cricket,0.82,,,27/09/2026,27/09/2026,23:05:37,ClassifEspSWE-0002026-05-29_1,JOHANKARLSSON,202609290747NB7QHNI2,,Citizen Science (ultrasonic) - shared
59~40304+18~07242_20260927_230546.wav,DEV_002_20260927_230546.wav,0,59.40304,18.07242,Phogri,Pholidoptera griseoaptera,Dark Bush-cricket,bush-cricket,0.85,,,27/09/2026,27/09/2026,23:05:46,ClassifEspSWE-0002026-05-29_1,JOHANKARLSSON,202609290747NB7QHNI2,,Citizen Science (ultrasonic) - shared
59~40304+18~07242_20260927_230554.wav,DEV_002_20260927_230554.wav,0,59.40304,18.07242,Phogri,Pholidoptera griseoaptera,Dark Bush-cricket,bush-cricket,0.84,,,27/09/2026,27/09/2026,23:05:54,ClassifEspSWE-0002026-05-29_1,JOHANKARLSSON,202609290747NB7QHNI2,,Citizen Science (ultrasonic) - shared
59~40304+18~07242_20260927_230603.wav,DEV_002_20260927_230603.wav,0,59.40304,18.07242,Phogri,Pholidoptera griseoaptera,Dark Bush-cricket,bush-cricket,0.8,,,27/09/2026,27/09/2026,23:06:03,ClassifEspSWE-0002026-05-29_1,JOHANKARLSSON,202609290747NB7QHNI2,,Citizen Science (ultrasonic) - shared
59~40304+18~07242_20260927_230608.wav,DEV_002_20260927_230608.wav,0,59.40304,18.07242,Phogri,Pholidoptera griseoaptera,Dark Bush-cricket,bush-cricket,0.78,,,27/09/2026,27/09/2026,23:06:08,ClassifEspSWE-0002026-05-29_1,JOHANKARLSSON,202609290747NB7QHNI2,,Citizen Science (ultrasonic) - shared
59~40304+18~07242_20260927_230616.wav,DEV_002_20260927_230616.wav,0,59.40304,18.07242,Phogri,Pholidoptera griseoaptera,Dark Bush-cricket,bush-cricket,0.86,,,27/09/2026,27/09/2026,23:06:16,ClassifEspSWE-0002026-05-29_1,JOHANKARLSSON,202609290747NB7QHNI2,,Citizen Science (ultrasonic) - shared
59~40304+18~07242_20260927_230622.wav,DEV_002_20260927_230622.wav,0,59.40304,18.07242,Phogri,Pholidoptera griseoaptera,Dark Bush-cricket,bush-cricket,0.89,,,27/09/2026,27/09/2026,23:06:22,ClassifEspSWE-0002026-05-29_1,JOHANKARLSSON,202609290747NB7QHNI2,,Citizen Science (ultrasonic) - shared
59~40304+18~07242_20260927_230628.wav,DEV_002_20260927_230628.wav,0,59.40304,18.07242,Phogri,Pholidoptera griseoaptera,Dark Bush-cricket,bush-cricket,0.78,,,27/09/2026,27/09/2026,23:06:28,ClassifEspSWE-0002026-05-29_1,JOHANKARLSSON,202609290747NB7QHNI2,,Citizen Science (ultrasonic) - shared
59~40304+18~07242_20260927_230636.wav,DEV_002_20260927_230636.wav,0,59.40304,18.07242,Phogri,Pholidoptera griseoaptera,Dark Bush-cricket,bush-cricket,0.71,,,27/09/2026,27/09/2026,23:06:36,ClassifEspSWE-0002026-05-29_1,JOHANKARLSSON,202609290747NB7QHNI2,,Citizen Science (ultrasonic) - shared
59~40304+18~07242_20260927_230641.wav,DEV_002_20260927_230641.wav,0,59.40304,18.07242,Phogri,Pholidoptera griseoaptera,Dark Bush-cricket,bush-cricket,0.94,,,27/09/2026,27/09/2026,23:06:41,ClassifEspSWE-0002026-05-29_1,JOHANKARLSSON,202609290747NB7QHNI2,,Citizen Science (ultrasonic) - shared
59~40304+18~07242_20260927_230649.wav,DEV_002_20260927_230649.wav,0,59.40304,18.07242,Phogri,Pholidoptera griseoaptera,Dark Bush-cricket,bush-cricket,0.89,,,27/09/2026,27/09/2026,23:06:49,ClassifEspSWE-0002026-05-29_1,JOHANKARLSSON,202609290747NB7QHNI2,,Citizen Science (ultrasonic) - shared
59~40304+18~07242_20260927_230657.wav,DEV_002_20260927_230657.wav,0,59.40304,18.07242,Phogri,Pholidoptera griseoaptera,Dark Bush-cricket,bush-cricket,0.97,,,27/09/2026,27/09/2026,23:06:57,ClassifEspSWE-0002026-05-29_1,JOHANKARLSSON,202609290747NB7QHNI2,,Citizen Science (ultrasonic) - shared
59~40304+18~07242_20260927_230706.wav,DEV_002_20260927_230706.wav,0,59.40304,18.07242,Phogri,Pholidoptera griseoaptera,Dark Bush-cricket,bush-cricket,0.99,,,27/09/2026,27/09/2026,23:07:06,ClassifEspSWE-0002026-05-29_1,JOHANKARLSSON,202609290747NB7QHNI2,,Citizen Science (ultrasonic) - shared
59~40304+18~07242_20260927_230714.wav,DEV_002_20260927_230714.wav,0,59.40304,18.07242,Phogri,Pholidoptera griseoaptera,Dark Bush-cricket,bush-cricket,0.9,,,27/09/2026,27/09/2026,23:07:14,ClassifEspSWE-0002026-05-29_1,JOHANKARLSSON,202609290747NB7QHNI2,,Citizen Science (ultrasonic) - shared
59~40304+18~07242_20260927_230720.wav,DEV_002_20260927_230720.wav,0,59.40304,18.07242,Phogri,Pholidoptera griseoaptera,Dark Bush-cricket,bush-cricket,0.97,,,27/09/2026,27/09/2026,23:07:20,ClassifEspSWE-0002026-05-29_1,JOHANKARLSSON,202609290747NB7QHNI2,,Citizen Science (ultrasonic) - shared
59~40304+18~07242_20260927_230726.wav,DEV_002_20260927_230726.wav,0,59.40304,18.07242,Phogri,Pholidoptera griseoaptera,Dark Bush-cricket,bush-cricket,0.96,,,27/09/2026,27/09/2026,23:07:26,ClassifEspSWE-0002026-05-29_1,JOHANKARLSSON,202609290747NB7QHNI2,,Citizen Science (ultrasonic) - shared
59~40304+18~07242_20260927_230731.wav,DEV_002_20260927_230731.wav,0,59.40304,18.07242,Phogri,Pholidoptera griseoaptera,Dark Bush-cricket,bush-cricket,0.99,,,27/09/2026,27/09/2026,23:07:31,ClassifEspSWE-0002026-05-29_1,JOHANKARLSSON,202609290747NB7QHNI2,,Citizen Science (ultrasonic) - shared
59~40304+18~07242_20260927_230740.wav,DEV_002_20260927_230740.wav,0,59.40304,18.07242,Phogri,Pholidoptera griseoaptera,Dark Bush-cricket,bush-cricket,0.98,,,27/09/2026,27/09/2026,23:07:40,ClassifEspSWE-0002026-05-29_1,JOHANKARLSSON,202609290747NB7QHNI2,,Citizen Science (ultrasonic) - shared
59~40304+18~07242_20260927_230749.wav,DEV_002_20260927_230749.wav,0,59.40304,18.07242,Phogri,Pholidoptera griseoaptera,Dark Bush-cricket,bush-cricket,0.97,,,27/09/2026,27/09/2026,23:07:49,ClassifEspSWE-0002026-05-29_1,JOHANKARLSSON,202609290747NB7QHNI2,,Citizen Science (ultrasonic) - shared
59~40304+18~07242_20260927_230758.wav,DEV_002_20260927_230758.wav,0,59.40304,18.07242,Phogri,Pholidoptera griseoaptera,Dark Bush-cricket,bush-cricket,0.92,,,27/09/2026,27/09/2026,23:07:58,ClassifEspSWE-0002026-05-29_1,JOHANKARLSSON,202609290747NB7QHNI2,,Citizen Science (ultrasonic) - shared
59~40304+18~07242_20260927_230806.wav,DEV_002_20260927_230806.wav,0,59.40304,18.07242,Phogri,Pholidoptera griseoaptera,Dark Bush-cricket,bush-cricket,0.98,,,27/09/2026,27/09/2026,23:08:06,ClassifEspSWE-0002026-05-29_1,JOHANKARLSSON,202609290747NB7QHNI2,,Citizen Science (ultrasonic) - shared
59~40304+18~07242_20260927_230816.wav,DEV_002_20260927_230816.wav,0,59.40304,18.07242,Phogri,Pholidoptera griseoaptera,Dark Bush-cricket,bush-cricket,0.93,,,27/09/2026,27/09/2026,23:08:16,ClassifEspSWE-0002026-05-29_1,JOHANKARLSSON,202609290747NB7QHNI2,,Citizen Science (ultrasonic) - shared
59~40304+18~07242_20260927_230824.wav,DEV_002_20260927_230824.wav,0,59.40304,18.07242,Phogri,Pholidoptera griseoaptera,Dark Bush-cricket,bush-cricket,0.6,,,27/09/2026,27/09/2026,23:08:24,ClassifEspSWE-0002026-05-29_1,JOHANKARLSSON,202609290747NB7QHNI2,,Citizen Science (ultrasonic) - shared
59~40304+18~07242_20260927_230830.wav,DEV_002_20260927_230830.wav,0,59.40304,18.07242,Phogri,Pholidoptera griseoaptera,Dark Bush-cricket,bush-cricket,0.99,,,27/09/2026,27/09/2026,23:08:30,ClassifEspSWE-0002026-05-29_1,JOHANKARLSSON,202609290747NB7QHNI2,,Citizen Science (ultrasonic) - shared
59~40304+18~07242_20260927_230839.wav,DEV_002_20260927_230839.wav,0,59.40304,18.07242,Phogri,Pholidoptera griseoaptera,Dark Bush-cricket,bush-cricket,0.73,,,27/09/2026,27/09/2026,23:08:39,ClassifEspSWE-0002026-05-29_1,JOHANKARLSSON,202609290747NB7QHNI2,,Citizen Science (ultrasonic) - shared
59~40304+18~07242_20260927_230848.wav,DEV_002_20260927_230848.wav,0,59.40304,18.07242,Phogri,Pholidoptera griseoaptera,Dark Bush-cricket,bush-cricket,0.75,,,27/09/2026,27/09/2026,23:08:48,ClassifEspSWE-0002026-05-29_1,JOHANKARLSSON,202609290747NB7QHNI2,,Citizen Science (ultrasonic) - shared
59~40304+18~07242_20260927_230855.wav,DEV_002_20260927_230855.wav,0,59.40304,18.07242,Phogri,Pholidoptera griseoaptera,Dark Bush-cricket,bush-cricket,0.96,,,27/09/2026,27/09/2026,23:08:55,ClassifEspSWE-0002026-05-29_1,JOHANKARLSSON,202609290747NB7QHNI2,,Citizen Science (ultrasonic) - shared
59~40304+18~07242_20260927_230907.wav,DEV_002_20260927_230907.wav,0,59.40304,18.07242,Phogri,Pholidoptera griseoaptera,Dark Bush-cricket,bush-cricket,0.86,,,27/09/2026,27/09/2026,23:09:07,ClassifEspSWE-0002026-05-29_1,JOHANKARLSSON,202609290747NB7QHNI2,,Citizen Science (ultrasonic) - shared
59~40304+18~07242_20260927_230914.wav,DEV_002_20260927_230914.wav,0,59.40304,18.07242,Phogri,Pholidoptera griseoaptera,Dark Bush-cricket,bush-cricket,0.71,,,27/09/2026,27/09/2026,23:09:14,ClassifEspSWE-0002026-05-29_1,JOHANKARLSSON,202609290747NB7QHNI2,,Citizen Science (ultrasonic) - shared
59~40304+18~07242_20260927_230921.wav,DEV_002_20260927_230921.wav,0,59.40304,18.07242,Phogri,Pholidoptera griseoaptera,Dark Bush-cricket,bush-cricket,0.83,,,27/09/2026,27/09/2026,23:09:21,ClassifEspSWE-0002026-05-29_1,JOHANKARLSSON,202609290747NB7QHNI2,,Citizen Science (ultrasonic) - shared
59~40304+18~07242_20260927_230930.wav,DEV_002_20260927_230930.wav,0,59.40304,18.07242,Phogri,Pholidoptera griseoaptera,Dark Bush-cricket,bush-cricket,0.95,,,27/09/2026,27/09/2026,23:09:30,ClassifEspSWE-0002026-05-29_1,JOHANKARLSSON,202609290747NB7QHNI2,,Citizen Science (ultrasonic) - shared
59~40304+18~07242_20260927_230939.wav,DEV_002_20260927_230939.wav,0,59.40304,18.07242,Phogri,Pholidoptera griseoaptera,Dark Bush-cricket,bush-cricket,0.85,,,27/09/2026,27/09/2026,23:09:39,ClassifEspSWE-0002026-05-29_1,JOHANKARLSSON,202609290747NB7QHNI2,,Citizen Science (ultrasonic) - shared
59~40304+18~07242_20260927_230948.wav,DEV_002_20260927_230948.wav,0,59.40304,18.07242,Phogri,Pholidoptera griseoaptera,Dark Bush-cricket,bush-cricket,0.87,,,27/09/2026,27/09/2026,23:09:48,ClassifEspSWE-0002026-05-29_1,JOHANKARLSSON,202609290747NB7QHNI2,,Citizen Science (ultrasonic) - shared
59~40304+18~07242_20260927_230956.wav,DEV_002_20260927_230956.wav,0,59.40304,18.07242,Phogri,Pholidoptera griseoaptera,Dark Bush-cricket,bush-cricket,0.85,,,27/09/2026,27/09/2026,23:09:56,ClassifEspSWE-0002026-05-29_1,JOHANKARLSSON,202609290747NB7QHNI2,,Citizen Science (ultrasonic) - shared
59~40304+18~07242_20260927_231005.wav,DEV_002_20260927_231005.wav,0,59.40304,18.07242,Phogri,Pholidoptera griseoaptera,Dark Bush-cricket,bush-cricket,0.95,,,27/09/2026,27/09/2026,23:10:05,ClassifEspSWE-0002026-05-29_1,JOHANKARLSSON,202609290747NB7QHNI2,,Citizen Science (ultrasonic) - shared
59~40304+18~07242_20260927_231019.wav,DEV_002_20260927_231019.wav,0,59.40304,18.07242,Phogri,Pholidoptera griseoaptera,Dark Bush-cricket,bush-cricket,0.89,,,27/09/2026,27/09/2026,23:10:19,ClassifEspSWE-0002026-05-29_1,JOHANKARLSSON,202609290747NB7QHNI2,,Citizen Science (ultrasonic) - shared
59~40304+18~07242_20260927_231026.wav,DEV_002_20260927_231026.wav,0,59.40304,18.07242,Phogri,Pholidoptera griseoaptera,Dark Bush-cricket,bush-cricket,0.61,,,27/09/2026,27/09/2026,23:10:26,ClassifEspSWE-0002026-05-29_1,JOHANKARLSSON,202609290747NB7QHNI2,,Citizen Science (ultrasonic) - shared
59~40304+18~07242_20260927_231033.wav,DEV_002_20260927_231033.wav,0,59.40304,18.07242,Phogri,Pholidoptera griseoaptera,Dark Bush-cricket,bush-cricket,0.79,,,27/09/2026,27/09/2026,23:10:33,ClassifEspSWE-0002026-05-29_1,JOHANKARLSSON,202609290747NB7QHNI2,,Citizen Science (ultrasonic) - shared
59~40304+18~07242_20260927_231043.wav,DEV_002_20260927_231043.wav,0,59.40304,18.07242,Phogri,Pholidoptera griseoaptera,Dark Bush-cricket,bush-cricket,0.97,,,27/09/2026,27/09/2026,23:10:43,ClassifEspSWE-0002026-05-29_1,JOHANKARLSSON,202609290747NB7QHNI2,,Citizen Science (ultrasonic) - shared
59~40304+18~07242_20260927_231053.wav,DEV_002_20260927_231053.wav,0,59.40304,18.07242,Phogri,Pholidoptera griseoaptera,Dark Bush-cricket,bush-cricket,0.9,,,27/09/2026,27/09/2026,23:10:53,ClassifEspSWE-0002026-05-29_1,JOHANKARLSSON,202609290747NB7QHNI2,,Citizen Science (ultrasonic) - shared
59~40304+18~07242_20260927_231115.wav,DEV_002_20260927_231115.wav,0,59.40304,18.07242,Phogri,Pholidoptera griseoaptera,Dark Bush-cricket,bush-cricket,0.98,,,27/09/2026,27/09/2026,23:11:15,ClassifEspSWE-0002026-05-29_1,JOHANKARLSSON,202609290747NB7QHNI2,,Citizen Science (ultrasonic) - shared
59~40304+18~07242_20260927_231121.wav,DEV_002_20260927_231121.wav,0,59.40304,18.07242,Phogri,Pholidoptera griseoaptera,Dark Bush-cricket,bush-cricket,0.89,,,27/09/2026,27/09/2026,23:11:21,ClassifEspSWE-0002026-05-29_1,JOHANKARLSSON,202609290747NB7QHNI2,,Citizen Science (ultrasonic) - shared
59~40304+18~07242_20260927_231131.wav,DEV_002_20260927_231131.wav,0,59.40304,18.07242,Phogri,Pholidoptera griseoaptera,Dark Bush-cricket,bush-cricket,0.97,,,27/09/2026,27/09/2026,23:11:31,ClassifEspSWE-0002026-05-29_1,JOHANKARLSSON,202609290747NB7QHNI2,,Citizen Science (ultrasonic) - shared
59~40304+18~07242_20260927_231140.wav,DEV_002_20260927_231140.wav,0,59.40304,18.07242,Phogri,Pholidoptera griseoaptera,Dark Bush-cricket,bush-cricket,0.83,,,27/09/2026,27/09/2026,23:11:40,ClassifEspSWE-0002026-05-29_1,JOHANKARLSSON,202609290747NB7QHNI2,,Citizen Science (ultrasonic) - shared
59~40304+18~07242_20260927_231152.wav,DEV_002_20260927_231152.wav,0,59.40304,18.07242,Phogri,Pholidoptera griseoaptera,Dark Bush-cricket,bush-cricket,0.97,,,27/09/2026,27/09/2026,23:11:52,ClassifEspSWE-0002026-05-29_1,JOHANKARLSSON,202609290747NB7QHNI2,,Citizen Science (ultrasonic) - shared
59~40304+18~07242_20260927_231200.wav,DEV_002_20260927_231200.wav,0,59.40304,18.07242,Phogri,Pholidoptera griseoaptera,Dark Bush-cricket,bush-cricket,0.83,,,27/09/2026,27/09/2026,23:12:00,ClassifEspSWE-0002026-05-29_1,JOHANKARLSSON,202609290747NB7QHNI2,,Citizen Science (ultrasonic) - shared
59~40304+18~07242_20260927_231211.wav,DEV_002_20260927_231211.wav,0,59.40304,18.07242,Phogri,Pholidoptera griseoaptera,Dark Bush-cricket,bush-cricket,0.94,,,27/09/2026,27/09/2026,23:12:11,ClassifEspSWE-0002026-05-29_1,JOHANKARLSSON,202609290747NB7QHNI2,,Citizen Science (ultrasonic) - shared
59~40304+18~07242_20260927_231219.wav,DEV_002_20260927_231219.wav,0,59.40304,18.07242,Phogri,Pholidoptera griseoaptera,Dark Bush-cricket,bush-cricket,0.98,,,27/09/2026,27/09/2026,23:12:19,ClassifEspSWE-0002026-05-29_1,JOHANKARLSSON,202609290747NB7QHNI2,,Citizen Science (ultrasonic) - shared
59~40304+18~07242_20260927_231225.wav,DEV_002_20260927_231225.wav,0,59.40304,18.07242,Phogri,Pholidoptera griseoaptera,Dark Bush-cricket,bush-cricket,0.86,,,27/09/2026,27/09/2026,23:12:25,ClassifEspSWE-0002026-05-29_1,JOHANKARLSSON,202609290747NB7QHNI2,,Citizen Science (ultrasonic) - shared
59~40304+18~07242_20260927_231249.wav,DEV_002_20260927_231249.wav,0,59.40304,18.07242,Phogri,Pholidoptera griseoaptera,Dark Bush-cricket,bush-cricket,0.89,,,27/09/2026,27/09/2026,23:12:49,ClassifEspSWE-0002026-05-29_1,JOHANKARLSSON,202609290747NB7QHNI2,,Citizen Science (ultrasonic) - shared
59~40304+18~07242_20260927_231307.wav,DEV_002_20260927_231307.wav,0,59.40304,18.07242,Phogri,Pholidoptera griseoaptera,Dark Bush-cricket,bush-cricket,0.72,,,27/09/2026,27/09/2026,23:13:07,ClassifEspSWE-0002026-05-29_1,JOHANKARLSSON,202609290747NB7QHNI2,,Citizen Science (ultrasonic) - shared
59~40304+18~07242_20260927_231313.wav,DEV_002_20260927_231313.wav,0,59.40304,18.07242,Phogri,Pholidoptera griseoaptera,Dark Bush-cricket,bush-cricket,0.6,,,27/09/2026,27/09/2026,23:13:13,ClassifEspSWE-0002026-05-29_1,JOHANKARLSSON,202609290747NB7QHNI2,,Citizen Science (ultrasonic) - shared
59~40304+18~07242_20260927_231347.wav,DEV_002_20260927_231347.wav,0,59.40304,18.07242,Phogri,Pholidoptera griseoaptera,Dark Bush-cricket,bush-cricket,0.93,,,27/09/2026,27/09/2026,23:13:47,ClassifEspSWE-0002026-05-29_1,JOHANKARLSSON,202609290747NB7QHNI2,,Citizen Science (ultrasonic) - shared
59~40304+18~07242_20260927_231355.wav,DEV_002_20260927_231355.wav,0,59.40304,18.07242,Phogri,Pholidoptera griseoaptera,Dark Bush-cricket,bush-cricket,0.66,,,27/09/2026,27/09/2026,23:13:55,ClassifEspSWE-0002026-05-29_1,JOHANKARLSSON,202609290747NB7QHNI2,,Citizen Science (ultrasonic) - shared
59~40304+18~07242_20260927_231424.wav,DEV_002_20260927_231424.wav,0,59.40304,18.07242,Phogri,Pholidoptera griseoaptera,Dark Bush-cricket,bush-cricket,0.95,,,27/09/2026,27/09/2026,23:14:24,ClassifEspSWE-0002026-05-29_1,JOHANKARLSSON,202609290747NB7QHNI2,,Citizen Science (ultrasonic) - shared
59~40304+18~07242_20260927_231441.wav,DEV_002_20260927_231441.wav,0,59.40304,18.07242,Phogri,Pholidoptera griseoaptera,Dark Bush-cricket,bush-cricket,0.97,,,27/09/2026,27/09/2026,23:14:41,ClassifEspSWE-0002026-05-29_1,JOHANKARLSSON,202609290747NB7QHNI2,,Citizen Science (ultrasonic) - shared
59~40304+18~07242_20260927_231449.wav,DEV_002_20260927_231449.wav,0,59.40304,18.07242,Phogri,Pholidoptera griseoaptera,Dark Bush-cricket,bush-cricket,0.76,,,27/09/2026,27/09/2026,23:14:49,ClassifEspSWE-0002026-05-29_1,JOHANKARLSSON,202609290747NB7QHNI2,,Citizen Science (ultrasonic) - shared
59~40304+18~07242_20260927_231502.wav,DEV_002_20260927_231502.wav,0,59.40304,18.07242,Phogri,Pholidoptera griseoaptera,Dark Bush-cricket,bush-cricket,0.89,,,27/09/2026,27/09/2026,23:15:02,ClassifEspSWE-0002026-05-29_1,JOHANKARLSSON,202609290747NB7QHNI2,,Citizen Science (ultrasonic) - shared
59~40304+18~07242_20260927_231509.wav,DEV_002_20260927_231509.wav,0,59.40304,18.07242,Phogri,Pholidoptera griseoaptera,Dark Bush-cricket,bush-cricket,0.61,,,27/09/2026,27/09/2026,23:15:09,ClassifEspSWE-0002026-05-29_1,JOHANKARLSSON,202609290747NB7QHNI2,,Citizen Science (ultrasonic) - shared
59~40304+18~07242_20260927_231521.wav,DEV_002_20260927_231521.wav,0,59.40304,18.07242,Phogri,Pholidoptera griseoaptera,Dark Bush-cricket,bush-cricket,0.98,,,27/09/2026,27/09/2026,23:15:21,ClassifEspSWE-0002026-05-29_1,JOHANKARLSSON,202609290747NB7QHNI2,,Citizen Science (ultrasonic) - shared
59~40304+18~07242_20260927_231534.wav,DEV_002_20260927_231534.wav,0,59.40304,18.07242,Phogri,Pholidoptera griseoaptera,Dark Bush-cricket,bush-cricket,0.91,,,27/09/2026,27/09/2026,23:15:34,ClassifEspSWE-0002026-05-29_1,JOHANKARLSSON,202609290747NB7QHNI2,,Citizen Science (ultrasonic) - shared
59~40304+18~07242_20260927_231552.wav,DEV_002_20260927_231552.wav,0,59.40304,18.07242,Phogri,Pholidoptera griseoaptera,Dark Bush-cricket,bush-cricket,0.98,,,27/09/2026,27/09/2026,23:15:52,ClassifEspSWE-0002026-05-29_1,JOHANKARLSSON,202609290747NB7QHNI2,,Citizen Science (ultrasonic) - shared
59~40304+18~07242_20260927_231558.wav,DEV_002_20260927_231558.wav,0,59.40304,18.07242,Phogri,Pholidoptera griseoaptera,Dark Bush-cricket,bush-cricket,0.81,,,27/09/2026,27/09/2026,23:15:58,ClassifEspSWE-0002026-05-29_1,JOHANKARLSSON,202609290747NB7QHNI2,,Citizen Science (ultrasonic) - shared
59~40304+18~07242_20260927_231604.wav,DEV_002_20260927_231604.wav,0,59.40304,18.07242,Phogri,Pholidoptera griseoaptera,Dark Bush-cricket,bush-cricket,0.94,,,27/09/2026,27/09/2026,23:16:04,ClassifEspSWE-0002026-05-29_1,JOHANKARLSSON,202609290747NB7QHNI2,,Citizen Science (ultrasonic) - shared
59~40304+18~07242_20260927_231627.wav,DEV_002_20260927_231627.wav,0,59.40304,18.07242,Phogri,Pholidoptera griseoaptera,Dark Bush-cricket,bush-cricket,0.8,,,27/09/2026,27/09/2026,23:16:27,ClassifEspSWE-0002026-05-29_1,JOHANKARLSSON,202609290747NB7QHNI2,,Citizen Science (ultrasonic) - shared
59~40304+18~07242_20260927_231638.wav,DEV_002_20260927_231638.wav,0,59.40304,18.07242,Phogri,Pholidoptera griseoaptera,Dark Bush-cricket,bush-cricket,0.97,,,27/09/2026,27/09/2026,23:16:38,ClassifEspSWE-0002026-05-29_1,JOHANKARLSSON,202609290747NB7QHNI2,,Citizen Science (ultrasonic) - shared
59~40304+18~07242_20260927_231645.wav,DEV_002_20260927_231645.wav,0,59.40304,18.07242,Phogri,Pholidoptera griseoaptera,Dark Bush-cricket,bush-cricket,0.59,,,27/09/2026,27/09/2026,23:16:45,ClassifEspSWE-0002026-05-29_1,JOHANKARLSSON,202609290747NB7QHNI2,,Citizen Science (ultrasonic) - shared
59~40304+18~07242_20260927_231702.wav,DEV_002_20260927_231702.wav,0,59.40304,18.07242,Phogri,Pholidoptera griseoaptera,Dark Bush-cricket,bush-cricket,0.96,,,27/09/2026,27/09/2026,23:17:02,ClassifEspSWE-0002026-05-29_1,JOHANKARLSSON,202609290747NB7QHNI2,,Citizen Science (ultrasonic) - shared
59~40304+18~07242_20260927_231709.wav,DEV_002_20260927_231709.wav,0,59.40304,18.07242,Phogri,Pholidoptera griseoaptera,Dark Bush-cricket,bush-cricket,0.93,,,27/09/2026,27/09/2026,23:17:09,ClassifEspSWE-0002026-05-29_1,JOHANKARLSSON,202609290747NB7QHNI2,,Citizen Science (ultrasonic) - shared
59~40304+18~07242_20260927_231723.wav,DEV_002_20260927_231723.wav,0,59.40304,18.07242,Phogri,Pholidoptera griseoaptera,Dark Bush-cricket,bush-cricket,0.97,,,27/09/2026,27/09/2026,23:17:23,ClassifEspSWE-0002026-05-29_1,JOHANKARLSSON,202609290747NB7QHNI2,,Citizen Science (ultrasonic) - shared
59~40304+18~07242_20260927_231728.wav,DEV_002_20260927_231728.wav,0,59.40304,18.07242,Phogri,Pholidoptera griseoaptera,Dark Bush-cricket,bush-cricket,0.68,,,27/09/2026,27/09/2026,23:17:28,ClassifEspSWE-0002026-05-29_1,JOHANKARLSSON,202609290747NB7QHNI2,,Citizen Science (ultrasonic) - shared
59~40304+18~07242_20260927_231746.wav,DEV_002_20260927_231746.wav,0,59.40304,18.07242,Phogri,Pholidoptera griseoaptera,Dark Bush-cricket,bush-cricket,0.83,,,27/09/2026,27/09/2026,23:17:46,ClassifEspSWE-0002026-05-29_1,JOHANKARLSSON,202609290747NB7QHNI2,,Citizen Science (ultrasonic) - shared
59~40304+18~07242_20260927_231753.wav,DEV_002_20260927_231753.wav,0,59.40304,18.07242,Phogri,Pholidoptera griseoaptera,Dark Bush-cricket,bush-cricket,0.98,,,27/09/2026,27/09/2026,23:17:53,ClassifEspSWE-0002026-05-29_1,JOHANKARLSSON,202609290747NB7QHNI2,,Citizen Science (ultrasonic) - shared
59~40304+18~07242_20260927_231802.wav,DEV_002_20260927_231802.wav,0,59.40304,18.07242,Phogri,Pholidoptera griseoaptera,Dark Bush-cricket,bush-cricket,0.7,,,27/09/2026,27/09/2026,23:18:02,ClassifEspSWE-0002026-05-29_1,JOHANKARLSSON,202609290747NB7QHNI2,,Citizen Science (ultrasonic) - shared
59~40304+18~07242_20260927_231812.wav,DEV_002_20260927_231812.wav,0,59.40304,18.07242,Phogri,Pholidoptera griseoaptera,Dark Bush-cricket,bush-cricket,0.99,,,27/09/2026,27/09/2026,23:18:12,ClassifEspSWE-0002026-05-29_1,JOHANKARLSSON,202609290747NB7QHNI2,,Citizen Science (ultrasonic) - shared
59~40304+18~07242_20260927_231819.wav,DEV_002_20260927_231819.wav,0,59.40304,18.07242,Phogri,Pholidoptera griseoaptera,Dark Bush-cricket,bush-cricket,0.92,,,27/09/2026,27/09/2026,23:18:19,ClassifEspSWE-0002026-05-29_1,JOHANKARLSSON,202609290747NB7QHNI2,,Citizen Science (ultrasonic) - shared
59~40304+18~07242_20260927_231831.wav,DEV_002_20260927_231831.wav,0,59.40304,18.07242,Phogri,Pholidoptera griseoaptera,Dark Bush-cricket,bush-cricket,0.96,,,27/09/2026,27/09/2026,23:18:31,ClassifEspSWE-0002026-05-29_1,JOHANKARLSSON,202609290747NB7QHNI2,,Citizen Science (ultrasonic) - shared
59~40304+18~07242_20260927_231840.wav,DEV_002_20260927_231840.wav,0,59.40304,18.07242,Phogri,Pholidoptera griseoaptera,Dark Bush-cricket,bush-cricket,0.96,,,27/09/2026,27/09/2026,23:18:40,ClassifEspSWE-0002026-05-29_1,JOHANKARLSSON,202609290747NB7QHNI2,,Citizen Science (ultrasonic) - shared
59~40304+18~07242_20260927_231853.wav,DEV_002_20260927_231853.wav,0,59.40304,18.07242,Phogri,Pholidoptera griseoaptera,Dark Bush-cricket,bush-cricket,0.97,,,27/09/2026,27/09/2026,23:18:53,ClassifEspSWE-0002026-05-29_1,JOHANKARLSSON,202609290747NB7QHNI2,,Citizen Science (ultrasonic) - shared
59~40304+18~07242_20260927_231904.wav,DEV_002_20260927_231904.wav,0,59.40304,18.07242,Phogri,Pholidoptera griseoaptera,Dark Bush-cricket,bush-cricket,0.96,,,27/09/2026,27/09/2026,23:19:04,ClassifEspSWE-0002026-05-29_1,JOHANKARLSSON,202609290747NB7QHNI2,,Citizen Science (ultrasonic) - shared
59~40304+18~07242_20260927_231920.wav,DEV_002_20260927_231920.wav,0,59.40304,18.07242,Phogri,Pholidoptera griseoaptera,Dark Bush-cricket,bush-cricket,0.89,,,27/09/2026,27/09/2026,23:19:20,ClassifEspSWE-0002026-05-29_1,JOHANKARLSSON,202609290747NB7QHNI2,,Citizen Science (ultrasonic) - shared
59~40304+18~07242_20260927_231930.wav,DEV_002_20260927_231930.wav,0,59.40304,18.07242,Phogri,Pholidoptera griseoaptera,Dark Bush-cricket,bush-cricket,0.97,,,27/09/2026,27/09/2026,23:19:30,ClassifEspSWE-0002026-05-29_1,JOHANKARLSSON,202609290747NB7QHNI2,,Citizen Science (ultrasonic) - shared
59~40304+18~07242_20260927_231936.wav,DEV_002_20260927_231936.wav,0,59.40304,18.07242,Phogri,Pholidoptera griseoaptera,Dark Bush-cricket,bush-cricket,0.98,,,27/09/2026,27/09/2026,23:19:36,ClassifEspSWE-0002026-05-29_1,JOHANKARLSSON,202609290747NB7QHNI2,,Citizen Science (ultrasonic) - shared
59~40304+18~07242_20260927_231945.wav,DEV_002_20260927_231945.wav,0,59.40304,18.07242,Phogri,Pholidoptera griseoaptera,Dark Bush-cricket,bush-cricket,0.94,,,27/09/2026,27/09/2026,23:19:45,ClassifEspSWE-0002026-05-29_1,JOHANKARLSSON,202609290747NB7QHNI2,,Citizen Science (ultrasonic) - shared
59~40304+18~07242_20260927_231955.wav,DEV_002_20260927_231955.wav,0,59.40304,18.07242,Phogri,Pholidoptera griseoaptera,Dark Bush-cricket,bush-cricket,0.9,,,27/09/2026,27/09/2026,23:19:55,ClassifEspSWE-0002026-05-29_1,JOHANKARLSSON,202609290747NB7QHNI2,,Citizen Science (ultrasonic) - shared
59~40304+18~07242_20260927_232000.wav,DEV_002_20260927_232000.wav,0,59.40304,18.07242,Phogri,Pholidoptera griseoaptera,Dark Bush-cricket,bush-cricket,0.68,,,27/09/2026,27/09/2026,23:20:00,ClassifEspSWE-0002026-05-29_1,JOHANKARLSSON,202609290747NB7QHNI2,,Citizen Science (ultrasonic) - shared
59~40304+18~07242_20260927_232011.wav,DEV_002_20260927_232011.wav,0,59.40304,18.07242,Phogri,Pholidoptera griseoaptera,Dark Bush-cricket,bush-cricket,0.91,,,27/09/2026,27/09/2026,23:20:11,ClassifEspSWE-0002026-05-29_1,JOHANKARLSSON,202609290747NB7QHNI2,,Citizen Science (ultrasonic) - shared
59~40304+18~07242_20260927_232022.wav,DEV_002_20260927_232022.wav,0,59.40304,18.07242,Phogri,Pholidoptera griseoaptera,Dark Bush-cricket,bush-cricket,0.96,,,27/09/2026,27/09/2026,23:20:22,ClassifEspSWE-0002026-05-29_1,JOHANKARLSSON,202609290747NB7QHNI2,,Citizen Science (ultrasonic) - shared
59~40304+18~07242_20260927_232028.wav,DEV_002_20260927_232028.wav,0,59.40304,18.07242,Phogri,Pholidoptera griseoaptera,Dark Bush-cricket,bush-cricket,0.94,,,27/09/2026,27/09/2026,23:20:28,ClassifEspSWE-0002026-05-29_1,JOHANKARLSSON,202609290747NB7QHNI2,,Citizen Science (ultrasonic) - shared
59~40304+18~07242_20260927_232038.wav,DEV_002_20260927_232038.wav,0,59.40304,18.07242,Phogri,Pholidoptera griseoaptera,Dark Bush-cricket,bush-cricket,0.7,,,27/09/2026,27/09/2026,23:20:38,ClassifEspSWE-0002026-05-29_1,JOHANKARLSSON,202609290747NB7QHNI2,,Citizen Science (ultrasonic) - shared
59~40304+18~07242_20260927_232054.wav,DEV_002_20260927_232054.wav,0,59.40304,18.07242,Phogri,Pholidoptera griseoaptera,Dark Bush-cricket,bush-cricket,0.97,,,27/09/2026,27/09/2026,23:20:54,ClassifEspSWE-0002026-05-29_1,JOHANKARLSSON,202609290747NB7QHNI2,,Citizen Science (ultrasonic) - shared
59~40304+18~07242_20260927_232102.wav,DEV_002_20260927_232102.wav,0,59.40304,18.07242,Phogri,Pholidoptera griseoaptera,Dark Bush-cricket,bush-cricket,0.92,,,27/09/2026,27/09/2026,23:21:02,ClassifEspSWE-0002026-05-29_1,JOHANKARLSSON,202609290747NB7QHNI2,,Citizen Science (ultrasonic) - shared
59~40304+18~07242_20260927_232107.wav,DEV_002_20260927_232107.wav,0,59.40304,18.07242,Phogri,Pholidoptera griseoaptera,Dark Bush-cricket,bush-cricket,0.91,,,27/09/2026,27/09/2026,23:21:07,ClassifEspSWE-0002026-05-29_1,JOHANKARLSSON,202609290747NB7QHNI2,,Citizen Science (ultrasonic) - shared
59~40304+18~07242_20260927_232112.wav,DEV_002_20260927_232112.wav,0,59.40304,18.07242,Phogri,Pholidoptera griseoaptera,Dark Bush-cricket,bush-cricket,0.86,,,27/09/2026,27/09/2026,23:21:12,ClassifEspSWE-0002026-05-29_1,JOHANKARLSSON,202609290747NB7QHNI2,,Citizen Science (ultrasonic) - shared
59~40304+18~07242_20260927_232122.wav,DEV_002_20260927_232122.wav,0,59.40304,18.07242,Phogri,Pholidoptera griseoaptera,Dark Bush-cricket,bush-cricket,0.94,,,27/09/2026,27/09/2026,23:21:22,ClassifEspSWE-0002026-05-29_1,JOHANKARLSSON,202609290747NB7QHNI2,,Citizen Science (ultrasonic) - shared
59~40304+18~07242_20260927_232209.wav,DEV_002_20260927_232209.wav,0,59.40304,18.07242,Phogri,Pholidoptera griseoaptera,Dark Bush-cricket,bush-cricket,0.91,,,27/09/2026,27/09/2026,23:22:09,ClassifEspSWE-0002026-05-29_1,JOHANKARLSSON,202609290747NB7QHNI2,,Citizen Science (ultrasonic) - shared
59~40304+18~07242_20260927_232226.wav,DEV_002_20260927_232226.wav,0,59.40304,18.07242,Phogri,Pholidoptera griseoaptera,Dark Bush-cricket,bush-cricket,0.83,,,27/09/2026,27/09/2026,23:22:26,ClassifEspSWE-0002026-05-29_1,JOHANKARLSSON,202609290747NB7QHNI2,,Citizen Science (ultrasonic) - shared
59~40304+18~07242_20260927_232314.wav,DEV_002_20260927_232314.wav,0,59.40304,18.07242,Phogri,Pholidoptera griseoaptera,Dark Bush-cricket,bush-cricket,0.89,,,27/09/2026,27/09/2026,23:23:14,ClassifEspSWE-0002026-05-29_1,JOHANKARLSSON,202609290747NB7QHNI2,,Citizen Science (ultrasonic) - shared
59~40304+18~07242_20260927_232343.wav,DEV_002_20260927_232343.wav,0,59.40304,18.07242,Phogri,Pholidoptera griseoaptera,Dark Bush-cricket,bush-cricket,0.87,,,27/09/2026,27/09/2026,23:23:43,ClassifEspSWE-0002026-05-29_1,JOHANKARLSSON,202609290747NB7QHNI2,,Citizen Science (ultrasonic) - shared
59~40304+18~07242_20260927_232353.wav,DEV_002_20260927_232353.wav,0,59.40304,18.07242,Phogri,Pholidoptera griseoaptera,Dark Bush-cricket,bush-cricket,0.8,,,27/09/2026,27/09/2026,23:23:53,ClassifEspSWE-0002026-05-29_1,JOHANKARLSSON,202609290747NB7QHNI2,,Citizen Science (ultrasonic) - shared
59~40304+18~07242_20260927_232411.wav,DEV_002_20260927_232411.wav,0,59.40304,18.07242,Phogri,Pholidoptera griseoaptera,Dark Bush-cricket,bush-cricket,0.87,,,27/09/2026,27/09/2026,23:24:11,ClassifEspSWE-0002026-05-29_1,JOHANKARLSSON,202609290747NB7QHNI2,,Citizen Science (ultrasonic) - shared
59~40304+18~07242_20260927_232434.wav,DEV_002_20260927_232434.wav,0,59.40304,18.07242,Phogri,Pholidoptera griseoaptera,Dark Bush-cricket,bush-cricket,0.97,,,27/09/2026,27/09/2026,23:24:34,ClassifEspSWE-0002026-05-29_1,JOHANKARLSSON,202609290747NB7QHNI2,,Citizen Science (ultrasonic) - shared
59~40304+18~07242_20260927_232442.wav,DEV_002_20260927_232442.wav,0,59.40304,18.07242,Phogri,Pholidoptera griseoaptera,Dark Bush-cricket,bush-cricket,0.95,,,27/09/2026,27/09/2026,23:24:42,ClassifEspSWE-0002026-05-29_1,JOHANKARLSSON,202609290747NB7QHNI2,,Citizen Science (ultrasonic) - shared
59~40304+18~07242_20260927_232501.wav,DEV_002_20260927_232501.wav,0,59.40304,18.07242,Phogri,Pholidoptera griseoaptera,Dark Bush-cricket,bush-cricket,0.92,,,27/09/2026,27/09/2026,23:25:01,ClassifEspSWE-0002026-05-29_1,JOHANKARLSSON,202609290747NB7QHNI2,,Citizen Science (ultrasonic) - shared
59~40304+18~07242_20260927_232541.wav,DEV_002_20260927_232541.wav,0,59.40304,18.07242,Phogri,Pholidoptera griseoaptera,Dark Bush-cricket,bush-cricket,0.94,,,27/09/2026,27/09/2026,23:25:41,ClassifEspSWE-0002026-05-29_1,JOHANKARLSSON,202609290747NB7QHNI2,,Citizen Science (ultrasonic) - shared
59~40304+18~07242_20260927_232548.wav,DEV_002_20260927_232548.wav,0,59.40304,18.07242,Phogri,Pholidoptera griseoaptera,Dark Bush-cricket,bush-cricket,0.67,,,27/09/2026,27/09/2026,23:25:48,ClassifEspSWE-0002026-05-29_1,JOHANKARLSSON,202609290747NB7QHNI2,,Citizen Science (ultrasonic) - shared
59~40304+18~07242_20260927_232556.wav,DEV_002_20260927_232556.wav,0,59.40304,18.07242,Phogri,Pholidoptera griseoaptera,Dark Bush-cricket,bush-cricket,0.99,,,27/09/2026,27/09/2026,23:25:56,ClassifEspSWE-0002026-05-29_1,JOHANKARLSSON,202609290747NB7QHNI2,,Citizen Science (ultrasonic) - shared
59~40304+18~07242_20260927_232614.wav,DEV_002_20260927_232614.wav,0,59.40304,18.07242,Phogri,Pholidoptera griseoaptera,Dark Bush-cricket,bush-cricket,0.97,,,27/09/2026,27/09/2026,23:26:14,ClassifEspSWE-0002026-05-29_1,JOHANKARLSSON,202609290747NB7QHNI2,,Citizen Science (ultrasonic) - shared
59~40304+18~07242_20260927_232626.wav,DEV_002_20260927_232626.wav,0,59.40304,18.07242,Phogri,Pholidoptera griseoaptera,Dark Bush-cricket,bush-cricket,0.98,,,27/09/2026,27/09/2026,23:26:26,ClassifEspSWE-0002026-05-29_1,JOHANKARLSSON,202609290747NB7QHNI2,,Citizen Science (ultrasonic) - shared
59~40304+18~07242_20260927_232641.wav,DEV_002_20260927_232641.wav,0,59.40304,18.07242,Phogri,Pholidoptera griseoaptera,Dark Bush-cricket,bush-cricket,0.97,,,27/09/2026,27/09/2026,23:26:41,ClassifEspSWE-0002026-05-29_1,JOHANKARLSSON,202609290747NB7QHNI2,,Citizen Science (ultrasonic) - shared
59~40304+18~07242_20260927_232659.wav,DEV_002_20260927_232659.wav,0,59.40304,18.07242,Phogri,Pholidoptera griseoaptera,Dark Bush-cricket,bush-cricket,0.61,,,27/09/2026,27/09/2026,23:26:59,ClassifEspSWE-0002026-05-29_1,JOHANKARLSSON,202609290747NB7QHNI2,,Citizen Science (ultrasonic) - shared
59~40304+18~07242_20260927_232710.wav,DEV_002_20260927_232710.wav,0,59.40304,18.07242,Phogri,Pholidoptera griseoaptera,Dark Bush-cricket,bush-cricket,0.87,,,27/09/2026,27/09/2026,23:27:10,ClassifEspSWE-0002026-05-29_1,JOHANKARLSSON,202609290747NB7QHNI2,,Citizen Science (ultrasonic) - shared
59~40304+18~07242_20260927_232720.wav,DEV_002_20260927_232720.wav,0,59.40304,18.07242,Phogri,Pholidoptera griseoaptera,Dark Bush-cricket,bush-cricket,0.67,,,27/09/2026,27/09/2026,23:27:20,ClassifEspSWE-0002026-05-29_1,JOHANKARLSSON,202609290747NB7QHNI2,,Citizen Science (ultrasonic) - shared
59~40304+18~07242_20260927_232730.wav,DEV_002_20260927_232730.wav,0,59.40304,18.07242,Phogri,Pholidoptera griseoaptera,Dark Bush-cricket,bush-cricket,0.88,,,27/09/2026,27/09/2026,23:27:30,ClassifEspSWE-0002026-05-29_1,JOHANKARLSSON,202609290747NB7QHNI2,,Citizen Science (ultrasonic) - shared
59~40304+18~07242_20260927_232736.wav,DEV_002_20260927_232736.wav,0,59.40304,18.07242,Phogri,Pholidoptera griseoaptera,Dark Bush-cricket,bush-cricket,0.68,,,27/09/2026,27/09/2026,23:27:36,ClassifEspSWE-0002026-05-29_1,JOHANKARLSSON,202609290747NB7QHNI2,,Citizen Science (ultrasonic) - shared
59~40304+18~07242_20260927_232752.wav,DEV_002_20260927_232752.wav,0,59.40304,18.07242,Phogri,Pholidoptera griseoaptera,Dark Bush-cricket,bush-cricket,0.72,,,27/09/2026,27/09/2026,23:27:52,ClassifEspSWE-0002026-05-29_1,JOHANKARLSSON,202609290747NB7QHNI2,,Citizen Science (ultrasonic) - shared
59~40304+18~07242_20260927_232807.wav,DEV_002_20260927_232807.wav,0,59.40304,18.07242,Phogri,Pholidoptera griseoaptera,Dark Bush-cricket,bush-cricket,0.65,,,27/09/2026,27/09/2026,23:28:07,ClassifEspSWE-0002026-05-29_1,JOHANKARLSSON,202609290747NB7QHNI2,,Citizen Science (ultrasonic) - shared
59~40304+18~07242_20260927_232816.wav,DEV_002_20260927_232816.wav,0,59.40304,18.07242,Phogri,Pholidoptera griseoaptera,Dark Bush-cricket,bush-cricket,0.97,,,27/09/2026,27/09/2026,23:28:16,ClassifEspSWE-0002026-05-29_1,JOHANKARLSSON,202609290747NB7QHNI2,,Citizen Science (ultrasonic) - shared
59~40304+18~07242_20260927_232831.wav,DEV_002_20260927_232831.wav,0,59.40304,18.07242,Phogri,Pholidoptera griseoaptera,Dark Bush-cricket,bush-cricket,0.89,,,27/09/2026,27/09/2026,23:28:31,ClassifEspSWE-0002026-05-29_1,JOHANKARLSSON,202609290747NB7QHNI2,,Citizen Science (ultrasonic) - shared
59~40304+18~07242_20260927_232838.wav,DEV_002_20260927_232838.wav,0,59.40304,18.07242,Phogri,Pholidoptera griseoaptera,Dark Bush-cricket,bush-cricket,0.84,,,27/09/2026,27/09/2026,23:28:38,ClassifEspSWE-0002026-05-29_1,JOHANKARLSSON,202609290747NB7QHNI2,,Citizen Science (ultrasonic) - shared
59~40304+18~07242_20260927_232857.wav,DEV_002_20260927_232857.wav,0,59.40304,18.07242,Phogri,Pholidoptera griseoaptera,Dark Bush-cricket,bush-cricket,0.76,,,27/09/2026,27/09/2026,23:28:57,ClassifEspSWE-0002026-05-29_1,JOHANKARLSSON,202609290747NB7QHNI2,,Citizen Science (ultrasonic) - shared
59~40304+18~07242_20260927_232903.wav,DEV_002_20260927_232903.wav,0,59.40304,18.07242,Phogri,Pholidoptera griseoaptera,Dark Bush-cricket,bush-cricket,0.91,,,27/09/2026,27/09/2026,23:29:03,ClassifEspSWE-0002026-05-29_1,JOHANKARLSSON,202609290747NB7QHNI2,,Citizen Science (ultrasonic) - shared
59~40304+18~07242_20260927_232910.wav,DEV_002_20260927_232910.wav,0,59.40304,18.07242,Phogri,Pholidoptera griseoaptera,Dark Bush-cricket,bush-cricket,0.98,,,27/09/2026,27/09/2026,23:29:10,ClassifEspSWE-0002026-05-29_1,JOHANKARLSSON,202609290747NB7QHNI2,,Citizen Science (ultrasonic) - shared
59~40304+18~07242_20260927_232925.wav,DEV_002_20260927_232925.wav,0,59.40304,18.07242,Phogri,Pholidoptera griseoaptera,Dark Bush-cricket,bush-cricket,0.77,,,27/09/2026,27/09/2026,23:29:25,ClassifEspSWE-0002026-05-29_1,JOHANKARLSSON,202609290747NB7QHNI2,,Citizen Science (ultrasonic) - shared
59~40304+18~07242_20260927_232930.wav,DEV_002_20260927_232930.wav,0,59.40304,18.07242,Phogri,Pholidoptera griseoaptera,Dark Bush-cricket,bush-cricket,0.87,,,27/09/2026,27/09/2026,23:29:30,ClassifEspSWE-0002026-05-29_1,JOHANKARLSSON,202609290747NB7QHNI2,,Citizen Science (ultrasonic) - shared
59~40304+18~07242_20260927_232938.wav,DEV_002_20260927_232938.wav,0,59.40304,18.07242,Phogri,Pholidoptera griseoaptera,Dark Bush-cricket,bush-cricket,0.98,,,27/09/2026,27/09/2026,23:29:38,ClassifEspSWE-0002026-05-29_1,JOHANKARLSSON,202609290747NB7QHNI2,,Citizen Science (ultrasonic) - shared
59~40304+18~07242_20260927_232947.wav,DEV_002_20260927_232947.wav,0,59.40304,18.07242,Phogri,Pholidoptera griseoaptera,Dark Bush-cricket,bush-cricket,0.85,,,27/09/2026,27/09/2026,23:29:47,ClassifEspSWE-0002026-05-29_1,JOHANKARLSSON,202609290747NB7QHNI2,,Citizen Science (ultrasonic) - shared
59~40304+18~07242_20260927_232957.wav,DEV_002_20260927_232957.wav,0,59.40304,18.07242,Phogri,Pholidoptera griseoaptera,Dark Bush-cricket,bush-cricket,0.88,,,27/09/2026,27/09/2026,23:29:57,ClassifEspSWE-0002026-05-29_1,JOHANKARLSSON,202609290747NB7QHNI2,,Citizen Science (ultrasonic) - shared
59~40304+18~07242_20260927_233007.wav,DEV_002_20260927_233007.wav,0,59.40304,18.07242,Phogri,Pholidoptera griseoaptera,Dark Bush-cricket,bush-cricket,0.84,,,27/09/2026,27/09/2026,23:30:07,ClassifEspSWE-0002026-05-29_1,JOHANKARLSSON,202609290747NB7QHNI2,,Citizen Science (ultrasonic) - shared
59~40304+18~07242_20260927_233013.wav,DEV_002_20260927_233013.wav,0,59.40304,18.07242,Phogri,Pholidoptera griseoaptera,Dark Bush-cricket,bush-cricket,0.67,,,27/09/2026,27/09/2026,23:30:13,ClassifEspSWE-0002026-05-29_1,JOHANKARLSSON,202609290747NB7QHNI2,,Citizen Science (ultrasonic) - shared
59~40304+18~07242_20260927_233044.wav,DEV_002_20260927_233044.wav,0,59.40304,18.07242,Phogri,Pholidoptera griseoaptera,Dark Bush-cricket,bush-cricket,0.92,,,27/09/2026,27/09/2026,23:30:44,ClassifEspSWE-0002026-05-29_1,JOHANKARLSSON,202609290747NB7QHNI2,,Citizen Science (ultrasonic) - shared
59~40304+18~07242_20260927_233051.wav,DEV_002_20260927_233051.wav,0,59.40304,18.07242,Phogri,Pholidoptera griseoaptera,Dark Bush-cricket,bush-cricket,0.68,,,27/09/2026,27/09/2026,23:30:51,ClassifEspSWE-0002026-05-29_1,JOHANKARLSSON,202609290747NB7QHNI2,,Citizen Science (ultrasonic) - shared
59~40304+18~07242_20260927_233103.wav,DEV_002_20260927_233103.wav,0,59.40304,18.07242,Phogri,Pholidoptera griseoaptera,Dark Bush-cricket,bush-cricket,0.94,,,27/09/2026,27/09/2026,23:31:03,ClassifEspSWE-0002026-05-29_1,JOHANKARLSSON,202609290747NB7QHNI2,,Citizen Science (ultrasonic) - shared
59~40304+18~07242_20260927_233112.wav,DEV_002_20260927_233112.wav,0,59.40304,18.07242,Phogri,Pholidoptera griseoaptera,Dark Bush-cricket,bush-cricket,0.96,,,27/09/2026,27/09/2026,23:31:12,ClassifEspSWE-0002026-05-29_1,JOHANKARLSSON,202609290747NB7QHNI2,,Citizen Science (ultrasonic) - shared
59~40304+18~07242_20260927_233120.wav,DEV_002_20260927_233120.wav,0,59.40304,18.07242,Phogri,Pholidoptera griseoaptera,Dark Bush-cricket,bush-cricket,0.98,,,27/09/2026,27/09/2026,23:31:20,ClassifEspSWE-0002026-05-29_1,JOHANKARLSSON,202609290747NB7QHNI2,,Citizen Science (ultrasonic) - shared
59~40304+18~07242_20260927_233128.wav,DEV_002_20260927_233128.wav,0,59.40304,18.07242,Phogri,Pholidoptera griseoaptera,Dark Bush-cricket,bush-cricket,0.93,,,27/09/2026,27/09/2026,23:31:28,ClassifEspSWE-0002026-05-29_1,JOHANKARLSSON,202609290747NB7QHNI2,,Citizen Science (ultrasonic) - shared
59~40304+18~07242_20260927_233149.wav,DEV_002_20260927_233149.wav,0,59.40304,18.07242,Phogri,Pholidoptera griseoaptera,Dark Bush-cricket,bush-cricket,0.71,,,27/09/2026,27/09/2026,23:31:49,ClassifEspSWE-0002026-05-29_1,JOHANKARLSSON,202609290747NB7QHNI2,,Citizen Science (ultrasonic) - shared
59~40304+18~07242_20260927_233156.wav,DEV_002_20260927_233156.wav,0,59.40304,18.07242,Phogri,Pholidoptera griseoaptera,Dark Bush-cricket,bush-cricket,0.91,,,27/09/2026,27/09/2026,23:31:56,ClassifEspSWE-0002026-05-29_1,JOHANKARLSSON,202609290747NB7QHNI2,,Citizen Science (ultrasonic) - shared
59~40304+18~07242_20260927_233202.wav,DEV_002_20260927_233202.wav,0,59.40304,18.07242,Phogri,Pholidoptera griseoaptera,Dark Bush-cricket,bush-cricket,0.95,,,27/09/2026,27/09/2026,23:32:02,ClassifEspSWE-0002026-05-29_1,JOHANKARLSSON,202609290747NB7QHNI2,,Citizen Science (ultrasonic) - shared
59~40304+18~07242_20260927_233207.wav,DEV_002_20260927_233207.wav,0,59.40304,18.07242,Phogri,Pholidoptera griseoaptera,Dark Bush-cricket,bush-cricket,0.83,,,27/09/2026,27/09/2026,23:32:07,ClassifEspSWE-0002026-05-29_1,JOHANKARLSSON,202609290747NB7QHNI2,,Citizen Science (ultrasonic) - shared
59~40304+18~07242_20260927_233217.wav,DEV_002_20260927_233217.wav,0,59.40304,18.07242,Phogri,Pholidoptera griseoaptera,Dark Bush-cricket,bush-cricket,0.91,,,27/09/2026,27/09/2026,23:32:17,ClassifEspSWE-0002026-05-29_1,JOHANKARLSSON,202609290747NB7QHNI2,,Citizen Science (ultrasonic) - shared
59~40304+18~07242_20260927_233224.wav,DEV_002_20260927_233224.wav,0,59.40304,18.07242,Phogri,Pholidoptera griseoaptera,Dark Bush-cricket,bush-cricket,0.6,,,27/09/2026,27/09/2026,23:32:24,ClassifEspSWE-0002026-05-29_1,JOHANKARLSSON,202609290747NB7QHNI2,,Citizen Science (ultrasonic) - shared
59~40304+18~07242_20260927_233233.wav,DEV_002_20260927_233233.wav,0,59.40304,18.07242,Phogri,Pholidoptera griseoaptera,Dark Bush-cricket,bush-cricket,0.86,,,27/09/2026,27/09/2026,23:32:33,ClassifEspSWE-0002026-05-29_1,JOHANKARLSSON,202609290747NB7QHNI2,,Citizen Science (ultrasonic) - shared
59~40304+18~07242_20260927_233243.wav,DEV_002_20260927_233243.wav,0,59.40304,18.07242,Phogri,Pholidoptera griseoaptera,Dark Bush-cricket,bush-cricket,0.98,,,27/09/2026,27/09/2026,23:32:43,ClassifEspSWE-0002026-05-29_1,JOHANKARLSSON,202609290747NB7QHNI2,,Citizen Science (ultrasonic) - shared
59~40304+18~07242_20260927_233249.wav,DEV_002_20260927_233249.wav,0,59.40304,18.07242,Phogri,Pholidoptera griseoaptera,Dark Bush-cricket,bush-cricket,0.92,,,27/09/2026,27/09/2026,23:32:49,ClassifEspSWE-0002026-05-29_1,JOHANKARLSSON,202609290747NB7QHNI2,,Citizen Science (ultrasonic) - shared
59~40304+18~07242_20260927_233257.wav,DEV_002_20260927_233257.wav,0,59.40304,18.07242,Phogri,Pholidoptera griseoaptera,Dark Bush-cricket,bush-cricket,0.94,,,27/09/2026,27/09/2026,23:32:57,ClassifEspSWE-0002026-05-29_1,JOHANKARLSSON,202609290747NB7QHNI2,,Citizen Science (ultrasonic) - shared
59~40304+18~07242_20260927_233304.wav,DEV_002_20260927_233304.wav,0,59.40304,18.07242,Phogri,Pholidoptera griseoaptera,Dark Bush-cricket,bush-cricket,0.89,,,27/09/2026,27/09/2026,23:33:04,ClassifEspSWE-0002026-05-29_1,JOHANKARLSSON,202609290747NB7QHNI2,,Citizen Science (ultrasonic) - shared
59~40304+18~07242_20260927_233310.wav,DEV_002_20260927_233310.wav,0,59.40304,18.07242,Phogri,Pholidoptera griseoaptera,Dark Bush-cricket,bush-cricket,0.97,,,27/09/2026,27/09/2026,23:33:10,ClassifEspSWE-0002026-05-29_1,JOHANKARLSSON,202609290747NB7QHNI2,,Citizen Science (ultrasonic) - shared
59~40304+18~07242_20260927_233316.wav,DEV_002_20260927_233316.wav,0,59.40304,18.07242,Phogri,Pholidoptera griseoaptera,Dark Bush-cricket,bush-cricket,0.95,,,27/09/2026,27/09/2026,23:33:16,ClassifEspSWE-0002026-05-29_1,JOHANKARLSSON,202609290747NB7QHNI2,,Citizen Science (ultrasonic) - shared
59~40304+18~07242_20260927_233322.wav,DEV_002_20260927_233322.wav,0,59.40304,18.07242,Phogri,Pholidoptera griseoaptera,Dark Bush-cricket,bush-cricket,0.94,,,27/09/2026,27/09/2026,23:33:22,ClassifEspSWE-0002026-05-29_1,JOHANKARLSSON,202609290747NB7QHNI2,,Citizen Science (ultrasonic) - shared
59~40304+18~07242_20260927_233329.wav,DEV_002_20260927_233329.wav,0,59.40304,18.07242,Phogri,Pholidoptera griseoaptera,Dark Bush-cricket,bush-cricket,0.99,,,27/09/2026,27/09/2026,23:33:29,ClassifEspSWE-0002026-05-29_1,JOHANKARLSSON,202609290747NB7QHNI2,,Citizen Science (ultrasonic) - shared
59~40304+18~07242_20260927_233338.wav,DEV_002_20260927_233338.wav,0,59.40304,18.07242,Phogri,Pholidoptera griseoaptera,Dark Bush-cricket,bush-cricket,0.98,,,27/09/2026,27/09/2026,23:33:38,ClassifEspSWE-0002026-05-29_1,JOHANKARLSSON,202609290747NB7QHNI2,,Citizen Science (ultrasonic) - shared
59~40304+18~07242_20260927_233345.wav,DEV_002_20260927_233345.wav,0,59.40304,18.07242,Phogri,Pholidoptera griseoaptera,Dark Bush-cricket,bush-cricket,0.96,,,27/09/2026,27/09/2026,23:33:45,ClassifEspSWE-0002026-05-29_1,JOHANKARLSSON,202609290747NB7QHNI2,,Citizen Science (ultrasonic) - shared
59~40304+18~07242_20260927_233352.wav,DEV_002_20260927_233352.wav,0,59.40304,18.07242,Phogri,Pholidoptera griseoaptera,Dark Bush-cricket,bush-cricket,0.8,,,27/09/2026,27/09/2026,23:33:52,ClassifEspSWE-0002026-05-29_1,JOHANKARLSSON,202609290747NB7QHNI2,,Citizen Science (ultrasonic) - shared
59~40304+18~07242_20260927_233358.wav,DEV_002_20260927_233358.wav,0,59.40304,18.07242,Phogri,Pholidoptera griseoaptera,Dark Bush-cricket,bush-cricket,0.62,,,27/09/2026,27/09/2026,23:33:58,ClassifEspSWE-0002026-05-29_1,JOHANKARLSSON,202609290747NB7QHNI2,,Citizen Science (ultrasonic) - shared
59~40304+18~07242_20260927_233405.wav,DEV_002_20260927_233405.wav,0,59.40304,18.07242,Phogri,Pholidoptera griseoaptera,Dark Bush-cricket,bush-cricket,0.92,,,27/09/2026,27/09/2026,23:34:05,ClassifEspSWE-0002026-05-29_1,JOHANKARLSSON,202609290747NB7QHNI2,,Citizen Science (ultrasonic) - shared
59~40304+18~07242_20260927_233414.wav,DEV_002_20260927_233414.wav,0,59.40304,18.07242,Phogri,Pholidoptera griseoaptera,Dark Bush-cricket,bush-cricket,0.94,,,27/09/2026,27/09/2026,23:34:14,ClassifEspSWE-0002026-05-29_1,JOHANKARLSSON,202609290747NB7QHNI2,,Citizen Science (ultrasonic) - shared
59~40304+18~07242_20260927_233424.wav,DEV_002_20260927_233424.wav,0,59.40304,18.07242,Phogri,Pholidoptera griseoaptera,Dark Bush-cricket,bush-cricket,0.96,,,27/09/2026,27/09/2026,23:34:24,ClassifEspSWE-0002026-05-29_1,JOHANKARLSSON,202609290747NB7QHNI2,,Citizen Science (ultrasonic) - shared
59~40304+18~07242_20260927_233429.wav,DEV_002_20260927_233429.wav,0,59.40304,18.07242,Phogri,Pholidoptera griseoaptera,Dark Bush-cricket,bush-cricket,0.93,,,27/09/2026,27/09/2026,23:34:29,ClassifEspSWE-0002026-05-29_1,JOHANKARLSSON,202609290747NB7QHNI2,,Citizen Science (ultrasonic) - shared
59~40304+18~07242_20260927_233435.wav,DEV_002_20260927_233435.wav,0,59.40304,18.07242,Phogri,Pholidoptera griseoaptera,Dark Bush-cricket,bush-cricket,0.78,,,27/09/2026,27/09/2026,23:34:35,ClassifEspSWE-0002026-05-29_1,JOHANKARLSSON,202609290747NB7QHNI2,,Citizen Science (ultrasonic) - shared
59~40304+18~07242_20260927_233440.wav,DEV_002_20260927_233440.wav,0,59.40304,18.07242,Phogri,Pholidoptera griseoaptera,Dark Bush-cricket,bush-cricket,0.97,,,27/09/2026,27/09/2026,23:34:40,ClassifEspSWE-0002026-05-29_1,JOHANKARLSSON,202609290747NB7QHNI2,,Citizen Science (ultrasonic) - shared
59~40304+18~07242_20260927_233448.wav,DEV_002_20260927_233448.wav,0,59.40304,18.07242,Phogri,Pholidoptera griseoaptera,Dark Bush-cricket,bush-cricket,0.91,,,27/09/2026,27/09/2026,23:34:48,ClassifEspSWE-0002026-05-29_1,JOHANKARLSSON,202609290747NB7QHNI2,,Citizen Science (ultrasonic) - shared
59~40304+18~07242_20260927_233454.wav,DEV_002_20260927_233454.wav,0,59.40304,18.07242,Phogri,Pholidoptera griseoaptera,Dark Bush-cricket,bush-cricket,0.57,,,27/09/2026,27/09/2026,23:34:54,ClassifEspSWE-0002026-05-29_1,JOHANKARLSSON,202609290747NB7QHNI2,,Citizen Science (ultrasonic) - shared
59~40304+18~07242_20260927_233501.wav,DEV_002_20260927_233501.wav,0,59.40304,18.07242,Phogri,Pholidoptera griseoaptera,Dark Bush-cricket,bush-cricket,0.98,,,27/09/2026,27/09/2026,23:35:01,ClassifEspSWE-0002026-05-29_1,JOHANKARLSSON,202609290747NB7QHNI2,,Citizen Science (ultrasonic) - shared
59~40304+18~07242_20260927_233512.wav,DEV_002_20260927_233512.wav,0,59.40304,18.07242,Phogri,Pholidoptera griseoaptera,Dark Bush-cricket,bush-cricket,0.98,,,27/09/2026,27/09/2026,23:35:12,ClassifEspSWE-0002026-05-29_1,JOHANKARLSSON,202609290747NB7QHNI2,,Citizen Science (ultrasonic) - shared
59~40304+18~07242_20260927_233520.wav,DEV_002_20260927_233520.wav,0,59.40304,18.07242,Phogri,Pholidoptera griseoaptera,Dark Bush-cricket,bush-cricket,0.89,,,27/09/2026,27/09/2026,23:35:20,ClassifEspSWE-0002026-05-29_1,JOHANKARLSSON,202609290747NB7QHNI2,,Citizen Science (ultrasonic) - shared
59~40304+18~07242_20260927_233528.wav,DEV_002_20260927_233528.wav,0,59.40304,18.07242,Phogri,Pholidoptera griseoaptera,Dark Bush-cricket,bush-cricket,0.88,,,27/09/2026,27/09/2026,23:35:28,ClassifEspSWE-0002026-05-29_1,JOHANKARLSSON,202609290747NB7QHNI2,,Citizen Science (ultrasonic) - shared
59~40304+18~07242_20260927_233534.wav,DEV_002_20260927_233534.wav,0,59.40304,18.07242,Phogri,Pholidoptera griseoaptera,Dark Bush-cricket,bush-cricket,0.98,,,27/09/2026,27/09/2026,23:35:34,ClassifEspSWE-0002026-05-29_1,JOHANKARLSSON,202609290747NB7QHNI2,,Citizen Science (ultrasonic) - shared
59~40304+18~07242_20260927_233543.wav,DEV_002_20260927_233543.wav,0,59.40304,18.07242,Phogri,Pholidoptera griseoaptera,Dark Bush-cricket,bush-cricket,0.86,,,27/09/2026,27/09/2026,23:35:43,ClassifEspSWE-0002026-05-29_1,JOHANKARLSSON,202609290747NB7QHNI2,,Citizen Science (ultrasonic) - shared
59~40304+18~07242_20260927_233551.wav,DEV_002_20260927_233551.wav,0,59.40304,18.07242,Phogri,Pholidoptera griseoaptera,Dark Bush-cricket,bush-cricket,0.79,,,27/09/2026,27/09/2026,23:35:51,ClassifEspSWE-0002026-05-29_1,JOHANKARLSSON,202609290747NB7QHNI2,,Citizen Science (ultrasonic) - shared
59~40304+18~07242_20260927_233558.wav,DEV_002_20260927_233558.wav,0,59.40304,18.07242,Phogri,Pholidoptera griseoaptera,Dark Bush-cricket,bush-cricket,0.88,,,27/09/2026,27/09/2026,23:35:58,ClassifEspSWE-0002026-05-29_1,JOHANKARLSSON,202609290747NB7QHNI2,,Citizen Science (ultrasonic) - shared
59~40304+18~07242_20260927_233608.wav,DEV_002_20260927_233608.wav,0,59.40304,18.07242,Phogri,Pholidoptera griseoaptera,Dark Bush-cricket,bush-cricket,0.98,,,27/09/2026,27/09/2026,23:36:08,ClassifEspSWE-0002026-05-29_1,JOHANKARLSSON,202609290747NB7QHNI2,,Citizen Science (ultrasonic) - shared
59~40304+18~07242_20260927_233613.wav,DEV_002_20260927_233613.wav,0,59.40304,18.07242,Phogri,Pholidoptera griseoaptera,Dark Bush-cricket,bush-cricket,0.73,,,27/09/2026,27/09/2026,23:36:13,ClassifEspSWE-0002026-05-29_1,JOHANKARLSSON,202609290747NB7QHNI2,,Citizen Science (ultrasonic) - shared
59~40304+18~07242_20260927_233622.wav,DEV_002_20260927_233622.wav,0,59.40304,18.07242,Phogri,Pholidoptera griseoaptera,Dark Bush-cricket,bush-cricket,0.88,,,27/09/2026,27/09/2026,23:36:22,ClassifEspSWE-0002026-05-29_1,JOHANKARLSSON,202609290747NB7QHNI2,,Citizen Science (ultrasonic) - shared
59~40304+18~07242_20260927_233630.wav,DEV_002_20260927_233630.wav,0,59.40304,18.07242,Phogri,Pholidoptera griseoaptera,Dark Bush-cricket,bush-cricket,0.96,,,27/09/2026,27/09/2026,23:36:30,ClassifEspSWE-0002026-05-29_1,JOHANKARLSSON,202609290747NB7QHNI2,,Citizen Science (ultrasonic) - shared
59~40304+18~07242_20260927_233636.wav,DEV_002_20260927_233636.wav,0,59.40304,18.07242,Phogri,Pholidoptera griseoaptera,Dark Bush-cricket,bush-cricket,0.89,,,27/09/2026,27/09/2026,23:36:36,ClassifEspSWE-0002026-05-29_1,JOHANKARLSSON,202609290747NB7QHNI2,,Citizen Science (ultrasonic) - shared
59~40304+18~07242_20260927_233644.wav,DEV_002_20260927_233644.wav,0,59.40304,18.07242,Phogri,Pholidoptera griseoaptera,Dark Bush-cricket,bush-cricket,0.94,,,27/09/2026,27/09/2026,23:36:44,ClassifEspSWE-0002026-05-29_1,JOHANKARLSSON,202609290747NB7QHNI2,,Citizen Science (ultrasonic) - shared
59~40304+18~07242_20260927_233651.wav,DEV_002_20260927_233651.wav,0,59.40304,18.07242,Phogri,Pholidoptera griseoaptera,Dark Bush-cricket,bush-cricket,0.79,,,27/09/2026,27/09/2026,23:36:51,ClassifEspSWE-0002026-05-29_1,JOHANKARLSSON,202609290747NB7QHNI2,,Citizen Science (ultrasonic) - shared
59~40304+18~07242_20260927_233658.wav,DEV_002_20260927_233658.wav,0,59.40304,18.07242,Phogri,Pholidoptera griseoaptera,Dark Bush-cricket,bush-cricket,0.98,,,27/09/2026,27/09/2026,23:36:58,ClassifEspSWE-0002026-05-29_1,JOHANKARLSSON,202609290747NB7QHNI2,,Citizen Science (ultrasonic) - shared
59~40304+18~07242_20260927_233704.wav,DEV_002_20260927_233704.wav,0,59.40304,18.07242,Phogri,Pholidoptera griseoaptera,Dark Bush-cricket,bush-cricket,0.74,,,27/09/2026,27/09/2026,23:37:04,ClassifEspSWE-0002026-05-29_1,JOHANKARLSSON,202609290747NB7QHNI2,,Citizen Science (ultrasonic) - shared
59~40304+18~07242_20260927_233711.wav,DEV_002_20260927_233711.wav,0,59.40304,18.07242,Phogri,Pholidoptera griseoaptera,Dark Bush-cricket,bush-cricket,0.99,,,27/09/2026,27/09/2026,23:37:11,ClassifEspSWE-0002026-05-29_1,JOHANKARLSSON,202609290747NB7QHNI2,,Citizen Science (ultrasonic) - shared
59~40304+18~07242_20260927_233719.wav,DEV_002_20260927_233719.wav,0,59.40304,18.07242,Phogri,Pholidoptera griseoaptera,Dark Bush-cricket,bush-cricket,0.89,,,27/09/2026,27/09/2026,23:37:19,ClassifEspSWE-0002026-05-29_1,JOHANKARLSSON,202609290747NB7QHNI2,,Citizen Science (ultrasonic) - shared
59~40304+18~07242_20260927_233729.wav,DEV_002_20260927_233729.wav,0,59.40304,18.07242,Phogri,Pholidoptera griseoaptera,Dark Bush-cricket,bush-cricket,0.93,,,27/09/2026,27/09/2026,23:37:29,ClassifEspSWE-0002026-05-29_1,JOHANKARLSSON,202609290747NB7QHNI2,,Citizen Science (ultrasonic) - shared
59~40304+18~07242_20260927_233734.wav,DEV_002_20260927_233734.wav,0,59.40304,18.07242,Phogri,Pholidoptera griseoaptera,Dark Bush-cricket,bush-cricket,0.94,,,27/09/2026,27/09/2026,23:37:34,ClassifEspSWE-0002026-05-29_1,JOHANKARLSSON,202609290747NB7QHNI2,,Citizen Science (ultrasonic) - shared
59~40304+18~07242_20260927_233757.wav,DEV_002_20260927_233757.wav,0,59.40304,18.07242,Phogri,Pholidoptera griseoaptera,Dark Bush-cricket,bush-cricket,0.99,,,27/09/2026,27/09/2026,23:37:57,ClassifEspSWE-0002026-05-29_1,JOHANKARLSSON,202609290747NB7QHNI2,,Citizen Science (ultrasonic) - shared
59~40304+18~07242_20260927_233805.wav,DEV_002_20260927_233805.wav,0,59.40304,18.07242,Phogri,Pholidoptera griseoaptera,Dark Bush-cricket,bush-cricket,0.97,,,27/09/2026,27/09/2026,23:38:05,ClassifEspSWE-0002026-05-29_1,JOHANKARLSSON,202609290747NB7QHNI2,,Citizen Science (ultrasonic) - shared
59~40304+18~07242_20260927_233820.wav,DEV_002_20260927_233820.wav,0,59.40304,18.07242,Phogri,Pholidoptera griseoaptera,Dark Bush-cricket,bush-cricket,0.96,,,27/09/2026,27/09/2026,23:38:20,ClassifEspSWE-0002026-05-29_1,JOHANKARLSSON,202609290747NB7QHNI2,,Citizen Science (ultrasonic) - shared
59~40304+18~07242_20260927_233834.wav,DEV_002_20260927_233834.wav,0,59.40304,18.07242,Phogri,Pholidoptera griseoaptera,Dark Bush-cricket,bush-cricket,0.65,,,27/09/2026,27/09/2026,23:38:34,ClassifEspSWE-0002026-05-29_1,JOHANKARLSSON,202609290747NB7QHNI2,,Citizen Science (ultrasonic) - shared
59~40304+18~07242_20260927_233842.wav,DEV_002_20260927_233842.wav,0,59.40304,18.07242,Phogri,Pholidoptera griseoaptera,Dark Bush-cricket,bush-cricket,0.88,,,27/09/2026,27/09/2026,23:38:42,ClassifEspSWE-0002026-05-29_1,JOHANKARLSSON,202609290747NB7QHNI2,,Citizen Science (ultrasonic) - shared
59~40304+18~07242_20260927_233848.wav,DEV_002_20260927_233848.wav,0,59.40304,18.07242,Phogri,Pholidoptera griseoaptera,Dark Bush-cricket,bush-cricket,0.88,,,27/09/2026,27/09/2026,23:38:48,ClassifEspSWE-0002026-05-29_1,JOHANKARLSSON,202609290747NB7QHNI2,,Citizen Science (ultrasonic) - shared
59~40304+18~07242_20260927_233855.wav,DEV_002_20260927_233855.wav,0,59.40304,18.07242,Phogri,Pholidoptera griseoaptera,Dark Bush-cricket,bush-cricket,0.98,,,27/09/2026,27/09/2026,23:38:55,ClassifEspSWE-0002026-05-29_1,JOHANKARLSSON,202609290747NB7QHNI2,,Citizen Science (ultrasonic) - shared
59~40304+18~07242_20260927_233907.wav,DEV_002_20260927_233907.wav,0,59.40304,18.07242,Phogri,Pholidoptera griseoaptera,Dark Bush-cricket,bush-cricket,0.92,,,27/09/2026,27/09/2026,23:39:07,ClassifEspSWE-0002026-05-29_1,JOHANKARLSSON,202609290747NB7QHNI2,,Citizen Science (ultrasonic) - shared
59~40304+18~07242_20260927_233917.wav,DEV_002_20260927_233917.wav,0,59.40304,18.07242,Phogri,Pholidoptera griseoaptera,Dark Bush-cricket,bush-cricket,0.92,,,27/09/2026,27/09/2026,23:39:17,ClassifEspSWE-0002026-05-29_1,JOHANKARLSSON,202609290747NB7QHNI2,,Citizen Science (ultrasonic) - shared
59~40304+18~07242_20260927_233925.wav,DEV_002_20260927_233925.wav,0,59.40304,18.07242,Phogri,Pholidoptera griseoaptera,Dark Bush-cricket,bush-cricket,0.96,,,27/09/2026,27/09/2026,23:39:25,ClassifEspSWE-0002026-05-29_1,JOHANKARLSSON,202609290747NB7QHNI2,,Citizen Science (ultrasonic) - shared
59~40304+18~07242_20260927_233931.wav,DEV_002_20260927_233931.wav,0,59.40304,18.07242,Phogri,Pholidoptera griseoaptera,Dark Bush-cricket,bush-cricket,0.9,,,27/09/2026,27/09/2026,23:39:31,ClassifEspSWE-0002026-05-29_1,JOHANKARLSSON,202609290747NB7QHNI2,,Citizen Science (ultrasonic) - shared
59~40304+18~07242_20260927_233938.wav,DEV_002_20260927_233938.wav,0,59.40304,18.07242,Phogri,Pholidoptera griseoaptera,Dark Bush-cricket,bush-cricket,0.99,,,27/09/2026,27/09/2026,23:39:38,ClassifEspSWE-0002026-05-29_1,JOHANKARLSSON,202609290747NB7QHNI2,,Citizen Science (ultrasonic) - shared
59~40304+18~07242_20260927_233944.wav,DEV_002_20260927_233944.wav,0,59.40304,18.07242,Phogri,Pholidoptera griseoaptera,Dark Bush-cricket,bush-cricket,0.71,,,27/09/2026,27/09/2026,23:39:44,ClassifEspSWE-0002026-05-29_1,JOHANKARLSSON,202609290747NB7QHNI2,,Citizen Science (ultrasonic) - shared
59~40304+18~07242_20260927_233954.wav,DEV_002_20260927_233954.wav,0,59.40304,18.07242,Phogri,Pholidoptera griseoaptera,Dark Bush-cricket,bush-cricket,0.93,,,27/09/2026,27/09/2026,23:39:54,ClassifEspSWE-0002026-05-29_1,JOHANKARLSSON,202609290747NB7QHNI2,,Citizen Science (ultrasonic) - shared
59~40304+18~07242_20260927_234003.wav,DEV_002_20260927_234003.wav,0,59.40304,18.07242,Phogri,Pholidoptera griseoaptera,Dark Bush-cricket,bush-cricket,0.82,,,27/09/2026,27/09/2026,23:40:03,ClassifEspSWE-0002026-05-29_1,JOHANKARLSSON,202609290747NB7QHNI2,,Citizen Science (ultrasonic) - shared
59~40304+18~07242_20260927_234010.wav,DEV_002_20260927_234010.wav,0,59.40304,18.07242,Phogri,Pholidoptera griseoaptera,Dark Bush-cricket,bush-cricket,0.96,,,27/09/2026,27/09/2026,23:40:10,ClassifEspSWE-0002026-05-29_1,JOHANKARLSSON,202609290747NB7QHNI2,,Citizen Science (ultrasonic) - shared
59~40304+18~07242_20260927_234020.wav,DEV_002_20260927_234020.wav,0,59.40304,18.07242,Phogri,Pholidoptera griseoaptera,Dark Bush-cricket,bush-cricket,0.96,,,27/09/2026,27/09/2026,23:40:20,ClassifEspSWE-0002026-05-29_1,JOHANKARLSSON,202609290747NB7QHNI2,,Citizen Science (ultrasonic) - shared
59~40304+18~07242_20260927_234029.wav,DEV_002_20260927_234029.wav,0,59.40304,18.07242,Phogri,Pholidoptera griseoaptera,Dark Bush-cricket,bush-cricket,0.94,,,27/09/2026,27/09/2026,23:40:29,ClassifEspSWE-0002026-05-29_1,JOHANKARLSSON,202609290747NB7QHNI2,,Citizen Science (ultrasonic) - shared
59~40304+18~07242_20260927_234036.wav,DEV_002_20260927_234036.wav,0,59.40304,18.07242,Phogri,Pholidoptera griseoaptera,Dark Bush-cricket,bush-cricket,0.94,,,27/09/2026,27/09/2026,23:40:36,ClassifEspSWE-0002026-05-29_1,JOHANKARLSSON,202609290747NB7QHNI2,,Citizen Science (ultrasonic) - shared
59~40304+18~07242_20260927_234043.wav,DEV_002_20260927_234043.wav,0,59.40304,18.07242,Phogri,Pholidoptera griseoaptera,Dark Bush-cricket,bush-cricket,0.95,,,27/09/2026,27/09/2026,23:40:43,ClassifEspSWE-0002026-05-29_1,JOHANKARLSSON,202609290747NB7QHNI2,,Citizen Science (ultrasonic) - shared
59~40304+18~07242_20260927_234049.wav,DEV_002_20260927_234049.wav,0,59.40304,18.07242,Phogri,Pholidoptera griseoaptera,Dark Bush-cricket,bush-cricket,0.98,,,27/09/2026,27/09/2026,23:40:49,ClassifEspSWE-0002026-05-29_1,JOHANKARLSSON,202609290747NB7QHNI2,,Citizen Science (ultrasonic) - shared
59~40304+18~07242_20260927_234104.wav,DEV_002_20260927_234104.wav,0,59.40304,18.07242,Phogri,Pholidoptera griseoaptera,Dark Bush-cricket,bush-cricket,0.79,,,27/09/2026,27/09/2026,23:41:04,ClassifEspSWE-0002026-05-29_1,JOHANKARLSSON,202609290747NB7QHNI2,,Citizen Science (ultrasonic) - shared
59~40304+18~07242_20260927_234111.wav,DEV_002_20260927_234111.wav,0,59.40304,18.07242,Phogri,Pholidoptera griseoaptera,Dark Bush-cricket,bush-cricket,0.97,,,27/09/2026,27/09/2026,23:41:11,ClassifEspSWE-0002026-05-29_1,JOHANKARLSSON,202609290747NB7QHNI2,,Citizen Science (ultrasonic) - shared
59~40304+18~07242_20260927_234126.wav,DEV_002_20260927_234126.wav,0,59.40304,18.07242,Phogri,Pholidoptera griseoaptera,Dark Bush-cricket,bush-cricket,0.81,,,27/09/2026,27/09/2026,23:41:26,ClassifEspSWE-0002026-05-29_1,JOHANKARLSSON,202609290747NB7QHNI2,,Citizen Science (ultrasonic) - shared
59~40304+18~07242_20260927_234132.wav,DEV_002_20260927_234132.wav,0,59.40304,18.07242,Phogri,Pholidoptera griseoaptera,Dark Bush-cricket,bush-cricket,0.98,,,27/09/2026,27/09/2026,23:41:32,ClassifEspSWE-0002026-05-29_1,JOHANKARLSSON,202609290747NB7QHNI2,,Citizen Science (ultrasonic) - shared
59~40304+18~07242_20260927_234139.wav,DEV_002_20260927_234139.wav,0,59.40304,18.07242,Phogri,Pholidoptera griseoaptera,Dark Bush-cricket,bush-cricket,0.92,,,27/09/2026,27/09/2026,23:41:39,ClassifEspSWE-0002026-05-29_1,JOHANKARLSSON,202609290747NB7QHNI2,,Citizen Science (ultrasonic) - shared
59~40304+18~07242_20260927_234147.wav,DEV_002_20260927_234147.wav,0,59.40304,18.07242,Phogri,Pholidoptera griseoaptera,Dark Bush-cricket,bush-cricket,0.86,,,27/09/2026,27/09/2026,23:41:47,ClassifEspSWE-0002026-05-29_1,JOHANKARLSSON,202609290747NB7QHNI2,,Citizen Science (ultrasonic) - shared
59~40304+18~07242_20260927_234153.wav,DEV_002_20260927_234153.wav,0,59.40304,18.07242,Phogri,Pholidoptera griseoaptera,Dark Bush-cricket,bush-cricket,0.84,,,27/09/2026,27/09/2026,23:41:53,ClassifEspSWE-0002026-05-29_1,JOHANKARLSSON,202609290747NB7QHNI2,,Citizen Science (ultrasonic) - shared
59~40304+18~07242_20260927_234201.wav,DEV_002_20260927_234201.wav,0,59.40304,18.07242,Phogri,Pholidoptera griseoaptera,Dark Bush-cricket,bush-cricket,0.95,,,27/09/2026,27/09/2026,23:42:01,ClassifEspSWE-0002026-05-29_1,JOHANKARLSSON,202609290747NB7QHNI2,,Citizen Science (ultrasonic) - shared
59~40304+18~07242_20260927_234208.wav,DEV_002_20260927_234208.wav,0,59.40304,18.07242,Phogri,Pholidoptera griseoaptera,Dark Bush-cricket,bush-cricket,0.96,,,27/09/2026,27/09/2026,23:42:08,ClassifEspSWE-0002026-05-29_1,JOHANKARLSSON,202609290747NB7QHNI2,,Citizen Science (ultrasonic) - shared
59~40304+18~07242_20260927_234216.wav,DEV_002_20260927_234216.wav,0,59.40304,18.07242,Phogri,Pholidoptera griseoaptera,Dark Bush-cricket,bush-cricket,0.87,,,27/09/2026,27/09/2026,23:42:16,ClassifEspSWE-0002026-05-29_1,JOHANKARLSSON,202609290747NB7QHNI2,,Citizen Science (ultrasonic) - shared
59~40304+18~07242_20260927_234222.wav,DEV_002_20260927_234222.wav,0,59.40304,18.07242,Phogri,Pholidoptera griseoaptera,Dark Bush-cricket,bush-cricket,0.95,,,27/09/2026,27/09/2026,23:42:22,ClassifEspSWE-0002026-05-29_1,JOHANKARLSSON,202609290747NB7QHNI2,,Citizen Science (ultrasonic) - shared
59~40304+18~07242_20260927_234230.wav,DEV_002_20260927_234230.wav,0,59.40304,18.07242,Phogri,Pholidoptera griseoaptera,Dark Bush-cricket,bush-cricket,0.9,,,27/09/2026,27/09/2026,23:42:30,ClassifEspSWE-0002026-05-29_1,JOHANKARLSSON,202609290747NB7QHNI2,,Citizen Science (ultrasonic) - shared
59~40304+18~07242_20260927_234239.wav,DEV_002_20260927_234239.wav,0,59.40304,18.07242,Phogri,Pholidoptera griseoaptera,Dark Bush-cricket,bush-cricket,0.93,,,27/09/2026,27/09/2026,23:42:39,ClassifEspSWE-0002026-05-29_1,JOHANKARLSSON,202609290747NB7QHNI2,,Citizen Science (ultrasonic) - shared
59~40304+18~07242_20260927_234244.wav,DEV_002_20260927_234244.wav,0,59.40304,18.07242,Phogri,Pholidoptera griseoaptera,Dark Bush-cricket,bush-cricket,0.93,,,27/09/2026,27/09/2026,23:42:44,ClassifEspSWE-0002026-05-29_1,JOHANKARLSSON,202609290747NB7QHNI2,,Citizen Science (ultrasonic) - shared
59~40304+18~07242_20260927_234252.wav,DEV_002_20260927_234252.wav,0,59.40304,18.07242,Phogri,Pholidoptera griseoaptera,Dark Bush-cricket,bush-cricket,0.89,,,27/09/2026,27/09/2026,23:42:52,ClassifEspSWE-0002026-05-29_1,JOHANKARLSSON,202609290747NB7QHNI2,,Citizen Science (ultrasonic) - shared
59~40304+18~07242_20260927_234259.wav,DEV_002_20260927_234259.wav,0,59.40304,18.07242,Phogri,Pholidoptera griseoaptera,Dark Bush-cricket,bush-cricket,0.97,,,27/09/2026,27/09/2026,23:42:59,ClassifEspSWE-0002026-05-29_1,JOHANKARLSSON,202609290747NB7QHNI2,,Citizen Science (ultrasonic) - shared
59~40304+18~07242_20260927_234306.wav,DEV_002_20260927_234306.wav,0,59.40304,18.07242,Phogri,Pholidoptera griseoaptera,Dark Bush-cricket,bush-cricket,0.97,,,27/09/2026,27/09/2026,23:43:06,ClassifEspSWE-0002026-05-29_1,JOHANKARLSSON,202609290747NB7QHNI2,,Citizen Science (ultrasonic) - shared
59~40304+18~07242_20260927_234315.wav,DEV_002_20260927_234315.wav,0,59.40304,18.07242,Phogri,Pholidoptera griseoaptera,Dark Bush-cricket,bush-cricket,0.95,,,27/09/2026,27/09/2026,23:43:15,ClassifEspSWE-0002026-05-29_1,JOHANKARLSSON,202609290747NB7QHNI2,,Citizen Science (ultrasonic) - shared
59~40304+18~07242_20260927_234328.wav,DEV_002_20260927_234328.wav,0,59.40304,18.07242,Phogri,Pholidoptera griseoaptera,Dark Bush-cricket,bush-cricket,0.58,,,27/09/2026,27/09/2026,23:43:28,ClassifEspSWE-0002026-05-29_1,JOHANKARLSSON,202609290747NB7QHNI2,,Citizen Science (ultrasonic) - shared
59~40304+18~07242_20260927_234340.wav,DEV_002_20260927_234340.wav,0,59.40304,18.07242,Phogri,Pholidoptera griseoaptera,Dark Bush-cricket,bush-cricket,0.85,,,27/09/2026,27/09/2026,23:43:40,ClassifEspSWE-0002026-05-29_1,JOHANKARLSSON,202609290747NB7QHNI2,,Citizen Science (ultrasonic) - shared
59~40304+18~07242_20260927_234350.wav,DEV_002_20260927_234350.wav,0,59.40304,18.07242,Phogri,Pholidoptera griseoaptera,Dark Bush-cricket,bush-cricket,0.96,,,27/09/2026,27/09/2026,23:43:50,ClassifEspSWE-0002026-05-29_1,JOHANKARLSSON,202609290747NB7QHNI2,,Citizen Science (ultrasonic) - shared
59~40304+18~07242_20260927_234359.wav,DEV_002_20260927_234359.wav,0,59.40304,18.07242,Phogri,Pholidoptera griseoaptera,Dark Bush-cricket,bush-cricket,0.64,,,27/09/2026,27/09/2026,23:43:59,ClassifEspSWE-0002026-05-29_1,JOHANKARLSSON,202609290747NB7QHNI2,,Citizen Science (ultrasonic) - shared
59~40304+18~07242_20260927_234410.wav,DEV_002_20260927_234410.wav,0,59.40304,18.07242,Phogri,Pholidoptera griseoaptera,Dark Bush-cricket,bush-cricket,0.71,,,27/09/2026,27/09/2026,23:44:10,ClassifEspSWE-0002026-05-29_1,JOHANKARLSSON,202609290747NB7QHNI2,,Citizen Science (ultrasonic) - shared
59~40304+18~07242_20260927_234420.wav,DEV_002_20260927_234420.wav,0,59.40304,18.07242,Phogri,Pholidoptera griseoaptera,Dark Bush-cricket,bush-cricket,0.94,,,27/09/2026,27/09/2026,23:44:20,ClassifEspSWE-0002026-05-29_1,JOHANKARLSSON,202609290747NB7QHNI2,,Citizen Science (ultrasonic) - shared
59~40304+18~07242_20260927_234431.wav,DEV_002_20260927_234431.wav,0,59.40304,18.07242,Phogri,Pholidoptera griseoaptera,Dark Bush-cricket,bush-cricket,0.98,,,27/09/2026,27/09/2026,23:44:31,ClassifEspSWE-0002026-05-29_1,JOHANKARLSSON,202609290747NB7QHNI2,,Citizen Science (ultrasonic) - shared
59~40304+18~07242_20260927_234440.wav,DEV_002_20260927_234440.wav,0,59.40304,18.07242,Phogri,Pholidoptera griseoaptera,Dark Bush-cricket,bush-cricket,0.91,,,27/09/2026,27/09/2026,23:44:40,ClassifEspSWE-0002026-05-29_1,JOHANKARLSSON,202609290747NB7QHNI2,,Citizen Science (ultrasonic) - shared
59~40304+18~07242_20260927_234503.wav,DEV_002_20260927_234503.wav,0,59.40304,18.07242,Phogri,Pholidoptera griseoaptera,Dark Bush-cricket,bush-cricket,0.8,,,27/09/2026,27/09/2026,23:45:03,ClassifEspSWE-0002026-05-29_1,JOHANKARLSSON,202609290747NB7QHNI2,,Citizen Science (ultrasonic) - shared
59~40304+18~07242_20260927_234513.wav,DEV_002_20260927_234513.wav,0,59.40304,18.07242,Phogri,Pholidoptera griseoaptera,Dark Bush-cricket,bush-cricket,0.93,,,27/09/2026,27/09/2026,23:45:13,ClassifEspSWE-0002026-05-29_1,JOHANKARLSSON,202609290747NB7QHNI2,,Citizen Science (ultrasonic) - shared
59~40304+18~07242_20260927_234522.wav,DEV_002_20260927_234522.wav,0,59.40304,18.07242,Phogri,Pholidoptera griseoaptera,Dark Bush-cricket,bush-cricket,0.94,,,27/09/2026,27/09/2026,23:45:22,ClassifEspSWE-0002026-05-29_1,JOHANKARLSSON,202609290747NB7QHNI2,,Citizen Science (ultrasonic) - shared
59~40304+18~07242_20260927_234532.wav,DEV_002_20260927_234532.wav,0,59.40304,18.07242,Phogri,Pholidoptera griseoaptera,Dark Bush-cricket,bush-cricket,0.96,,,27/09/2026,27/09/2026,23:45:32,ClassifEspSWE-0002026-05-29_1,JOHANKARLSSON,202609290747NB7QHNI2,,Citizen Science (ultrasonic) - shared
59~40304+18~07242_20260927_234539.wav,DEV_002_20260927_234539.wav,0,59.40304,18.07242,Phogri,Pholidoptera griseoaptera,Dark Bush-cricket,bush-cricket,0.9,,,27/09/2026,27/09/2026,23:45:39,ClassifEspSWE-0002026-05-29_1,JOHANKARLSSON,202609290747NB7QHNI2,,Citizen Science (ultrasonic) - shared
59~40304+18~07242_20260927_234549.wav,DEV_002_20260927_234549.wav,0,59.40304,18.07242,Phogri,Pholidoptera griseoaptera,Dark Bush-cricket,bush-cricket,0.98,,,27/09/2026,27/09/2026,23:45:49,ClassifEspSWE-0002026-05-29_1,JOHANKARLSSON,202609290747NB7QHNI2,,Citizen Science (ultrasonic) - shared
59~40304+18~07242_20260927_234555.wav,DEV_002_20260927_234555.wav,0,59.40304,18.07242,Phogri,Pholidoptera griseoaptera,Dark Bush-cricket,bush-cricket,0.83,,,27/09/2026,27/09/2026,23:45:55,ClassifEspSWE-0002026-05-29_1,JOHANKARLSSON,202609290747NB7QHNI2,,Citizen Science (ultrasonic) - shared
59~40304+18~07242_20260927_234614.wav,DEV_002_20260927_234614.wav,0,59.40304,18.07242,Phogri,Pholidoptera griseoaptera,Dark Bush-cricket,bush-cricket,0.96,,,27/09/2026,27/09/2026,23:46:14,ClassifEspSWE-0002026-05-29_1,JOHANKARLSSON,202609290747NB7QHNI2,,Citizen Science (ultrasonic) - shared
59~40304+18~07242_20260927_234628.wav,DEV_002_20260927_234628.wav,0,59.40304,18.07242,Phogri,Pholidoptera griseoaptera,Dark Bush-cricket,bush-cricket,0.72,,,27/09/2026,27/09/2026,23:46:28,ClassifEspSWE-0002026-05-29_1,JOHANKARLSSON,202609290747NB7QHNI2,,Citizen Science (ultrasonic) - shared
59~40304+18~07242_20260927_234640.wav,DEV_002_20260927_234640.wav,0,59.40304,18.07242,Phogri,Pholidoptera griseoaptera,Dark Bush-cricket,bush-cricket,0.95,,,27/09/2026,27/09/2026,23:46:40,ClassifEspSWE-0002026-05-29_1,JOHANKARLSSON,202609290747NB7QHNI2,,Citizen Science (ultrasonic) - shared
59~40304+18~07242_20260927_234647.wav,DEV_002_20260927_234647.wav,0,59.40304,18.07242,Phogri,Pholidoptera griseoaptera,Dark Bush-cricket,bush-cricket,0.74,,,27/09/2026,27/09/2026,23:46:47,ClassifEspSWE-0002026-05-29_1,JOHANKARLSSON,202609290747NB7QHNI2,,Citizen Science (ultrasonic) - shared
59~40304+18~07242_20260927_234705.wav,DEV_002_20260927_234705.wav,0,59.40304,18.07242,Phogri,Pholidoptera griseoaptera,Dark Bush-cricket,bush-cricket,0.85,,,27/09/2026,27/09/2026,23:47:05,ClassifEspSWE-0002026-05-29_1,JOHANKARLSSON,202609290747NB7QHNI2,,Citizen Science (ultrasonic) - shared
59~40304+18~07242_20260927_234717.wav,DEV_002_20260927_234717.wav,0,59.40304,18.07242,Phogri,Pholidoptera griseoaptera,Dark Bush-cricket,bush-cricket,0.94,,,27/09/2026,27/09/2026,23:47:17,ClassifEspSWE-0002026-05-29_1,JOHANKARLSSON,202609290747NB7QHNI2,,Citizen Science (ultrasonic) - shared
59~40304+18~07242_20260927_234725.wav,DEV_002_20260927_234725.wav,0,59.40304,18.07242,Phogri,Pholidoptera griseoaptera,Dark Bush-cricket,bush-cricket,0.82,,,27/09/2026,27/09/2026,23:47:25,ClassifEspSWE-0002026-05-29_1,JOHANKARLSSON,202609290747NB7QHNI2,,Citizen Science (ultrasonic) - shared
59~40304+18~07242_20260927_234731.wav,DEV_002_20260927_234731.wav,0,59.40304,18.07242,Phogri,Pholidoptera griseoaptera,Dark Bush-cricket,bush-cricket,0.88,,,27/09/2026,27/09/2026,23:47:31,ClassifEspSWE-0002026-05-29_1,JOHANKARLSSON,202609290747NB7QHNI2,,Citizen Science (ultrasonic) - shared
59~40304+18~07242_20260927_234740.wav,DEV_002_20260927_234740.wav,0,59.40304,18.07242,Phogri,Pholidoptera griseoaptera,Dark Bush-cricket,bush-cricket,0.91,,,27/09/2026,27/09/2026,23:47:40,ClassifEspSWE-0002026-05-29_1,JOHANKARLSSON,202609290747NB7QHNI2,,Citizen Science (ultrasonic) - shared
59~40304+18~07242_20260927_234751.wav,DEV_002_20260927_234751.wav,0,59.40304,18.07242,Phogri,Pholidoptera griseoaptera,Dark Bush-cricket,bush-cricket,0.85,,,27/09/2026,27/09/2026,23:47:51,ClassifEspSWE-0002026-05-29_1,JOHANKARLSSON,202609290747NB7QHNI2,,Citizen Science (ultrasonic) - shared
59~40304+18~07242_20260927_234806.wav,DEV_002_20260927_234806.wav,0,59.40304,18.07242,Phogri,Pholidoptera griseoaptera,Dark Bush-cricket,bush-cricket,0.9,,,27/09/2026,27/09/2026,23:48:06,ClassifEspSWE-0002026-05-29_1,JOHANKARLSSON,202609290747NB7QHNI2,,Citizen Science (ultrasonic) - shared
59~40304+18~07242_20260927_234820.wav,DEV_002_20260927_234820.wav,0,59.40304,18.07242,Phogri,Pholidoptera griseoaptera,Dark Bush-cricket,bush-cricket,0.95,,,27/09/2026,27/09/2026,23:48:20,ClassifEspSWE-0002026-05-29_1,JOHANKARLSSON,202609290747NB7QHNI2,,Citizen Science (ultrasonic) - shared
59~40304+18~07242_20260927_234831.wav,DEV_002_20260927_234831.wav,0,59.40304,18.07242,Phogri,Pholidoptera griseoaptera,Dark Bush-cricket,bush-cricket,0.71,,,27/09/2026,27/09/2026,23:48:31,ClassifEspSWE-0002026-05-29_1,JOHANKARLSSON,202609290747NB7QHNI2,,Citizen Science (ultrasonic) - shared
59~40304+18~07242_20260927_234847.wav,DEV_002_20260927_234847.wav,0,59.40304,18.07242,Phogri,Pholidoptera griseoaptera,Dark Bush-cricket,bush-cricket,0.77,,,27/09/2026,27/09/2026,23:48:47,ClassifEspSWE-0002026-05-29_1,JOHANKARLSSON,202609290747NB7QHNI2,,Citizen Science (ultrasonic) - shared
59~40304+18~07242_20260927_234858.wav,DEV_002_20260927_234858.wav,0,59.40304,18.07242,Phogri,Pholidoptera griseoaptera,Dark Bush-cricket,bush-cricket,0.9,,,27/09/2026,27/09/2026,23:48:58,ClassifEspSWE-0002026-05-29_1,JOHANKARLSSON,202609290747NB7QHNI2,,Citizen Science (ultrasonic) - shared
59~40304+18~07242_20260927_234916.wav,DEV_002_20260927_234916.wav,0,59.40304,18.07242,Phogri,Pholidoptera griseoaptera,Dark Bush-cricket,bush-cricket,0.86,,,27/09/2026,27/09/2026,23:49:16,ClassifEspSWE-0002026-05-29_1,JOHANKARLSSON,202609290747NB7QHNI2,,Citizen Science (ultrasonic) - shared
59~40304+18~07242_20260927_234927.wav,DEV_002_20260927_234927.wav,0,59.40304,18.07242,Phogri,Pholidoptera griseoaptera,Dark Bush-cricket,bush-cricket,0.95,,,27/09/2026,27/09/2026,23:49:27,ClassifEspSWE-0002026-05-29_1,JOHANKARLSSON,202609290747NB7QHNI2,,Citizen Science (ultrasonic) - shared
59~40304+18~07242_20260927_234933.wav,DEV_002_20260927_234933.wav,0,59.40304,18.07242,Phogri,Pholidoptera griseoaptera,Dark Bush-cricket,bush-cricket,0.87,,,27/09/2026,27/09/2026,23:49:33,ClassifEspSWE-0002026-05-29_1,JOHANKARLSSON,202609290747NB7QHNI2,,Citizen Science (ultrasonic) - shared
59~40304+18~07242_20260927_234943.wav,DEV_002_20260927_234943.wav,0,59.40304,18.07242,Phogri,Pholidoptera griseoaptera,Dark Bush-cricket,bush-cricket,0.79,,,27/09/2026,27/09/2026,23:49:43,ClassifEspSWE-0002026-05-29_1,JOHANKARLSSON,202609290747NB7QHNI2,,Citizen Science (ultrasonic) - shared
59~40304+18~07242_20260927_234955.wav,DEV_002_20260927_234955.wav,0,59.40304,18.07242,Phogri,Pholidoptera griseoaptera,Dark Bush-cricket,bush-cricket,0.77,,,27/09/2026,27/09/2026,23:49:55,ClassifEspSWE-0002026-05-29_1,JOHANKARLSSON,202609290747NB7QHNI2,,Citizen Science (ultrasonic) - shared
59~40304+18~07242_20260927_235007.wav,DEV_002_20260927_235007.wav,0,59.40304,18.07242,Phogri,Pholidoptera griseoaptera,Dark Bush-cricket,bush-cricket,0.76,,,27/09/2026,27/09/2026,23:50:07,ClassifEspSWE-0002026-05-29_1,JOHANKARLSSON,202609290747NB7QHNI2,,Citizen Science (ultrasonic) - shared
59~40304+18~07242_20260927_235015.wav,DEV_002_20260927_235015.wav,0,59.40304,18.07242,Phogri,Pholidoptera griseoaptera,Dark Bush-cricket,bush-cricket,0.98,,,27/09/2026,27/09/2026,23:50:15,ClassifEspSWE-0002026-05-29_1,JOHANKARLSSON,202609290747NB7QHNI2,,Citizen Science (ultrasonic) - shared
59~40304+18~07242_20260927_235041.wav,DEV_002_20260927_235041.wav,0,59.40304,18.07242,Phogri,Pholidoptera griseoaptera,Dark Bush-cricket,bush-cricket,0.85,,,27/09/2026,27/09/2026,23:50:41,ClassifEspSWE-0002026-05-29_1,JOHANKARLSSON,202609290747NB7QHNI2,,Citizen Science (ultrasonic) - shared
59~40304+18~07242_20260927_235058.wav,DEV_002_20260927_235058.wav,0,59.40304,18.07242,Phogri,Pholidoptera griseoaptera,Dark Bush-cricket,bush-cricket,0.73,,,27/09/2026,27/09/2026,23:50:58,ClassifEspSWE-0002026-05-29_1,JOHANKARLSSON,202609290747NB7QHNI2,,Citizen Science (ultrasonic) - shared
59~40304+18~07242_20260927_235120.wav,DEV_002_20260927_235120.wav,0,59.40304,18.07242,Phogri,Pholidoptera griseoaptera,Dark Bush-cricket,bush-cricket,0.83,,,27/09/2026,27/09/2026,23:51:20,ClassifEspSWE-0002026-05-29_1,JOHANKARLSSON,202609290747NB7QHNI2,,Citizen Science (ultrasonic) - shared
59~40304+18~07242_20260927_235131.wav,DEV_002_20260927_235131.wav,0,59.40304,18.07242,Phogri,Pholidoptera griseoaptera,Dark Bush-cricket,bush-cricket,0.89,,,27/09/2026,27/09/2026,23:51:31,ClassifEspSWE-0002026-05-29_1,JOHANKARLSSON,202609290747NB7QHNI2,,Citizen Science (ultrasonic) - shared
59~40304+18~07242_20260927_235148.wav,DEV_002_20260927_235148.wav,0,59.40304,18.07242,Phogri,Pholidoptera griseoaptera,Dark Bush-cricket,bush-cricket,0.57,,,27/09/2026,27/09/2026,23:51:48,ClassifEspSWE-0002026-05-29_1,JOHANKARLSSON,202609290747NB7QHNI2,,Citizen Science (ultrasonic) - shared
59~40304+18~07242_20260927_235158.wav,DEV_002_20260927_235158.wav,0,59.40304,18.07242,Phogri,Pholidoptera griseoaptera,Dark Bush-cricket,bush-cricket,0.54,,,27/09/2026,27/09/2026,23:51:58,ClassifEspSWE-0002026-05-29_1,JOHANKARLSSON,202609290747NB7QHNI2,,Citizen Science (ultrasonic) - shared
59~40304+18~07242_20260927_235209.wav,DEV_002_20260927_235209.wav,0,59.40304,18.07242,Phogri,Pholidoptera griseoaptera,Dark Bush-cricket,bush-cricket,0.57,,,27/09/2026,27/09/2026,23:52:09,ClassifEspSWE-0002026-05-29_1,JOHANKARLSSON,202609290747NB7QHNI2,,Citizen Science (ultrasonic) - shared
59~40304+18~07242_20260927_235223.wav,DEV_002_20260927_235223.wav,0,59.40304,18.07242,Phogri,Pholidoptera griseoaptera,Dark Bush-cricket,bush-cricket,0.76,,,27/09/2026,27/09/2026,23:52:23,ClassifEspSWE-0002026-05-29_1,JOHANKARLSSON,202609290747NB7QHNI2,,Citizen Science (ultrasonic) - shared
59~40304+18~07242_20260927_235240.wav,DEV_002_20260927_235240.wav,0,59.40304,18.07242,Phogri,Pholidoptera griseoaptera,Dark Bush-cricket,bush-cricket,0.84,,,27/09/2026,27/09/2026,23:52:40,ClassifEspSWE-0002026-05-29_1,JOHANKARLSSON,202609290747NB7QHNI2,,Citizen Science (ultrasonic) - shared
59~40304+18~07242_20260927_235505.wav,DEV_002_20260927_235505.wav,0,59.40304,18.07242,Phogri,Pholidoptera griseoaptera,Dark Bush-cricket,bush-cricket,0.87,,,27/09/2026,27/09/2026,23:55:05,ClassifEspSWE-0002026-05-29_1,JOHANKARLSSON,202609290747NB7QHNI2,,Citizen Science (ultrasonic) - shared
59~40304+18~07242_20260927_235602.wav,DEV_002_20260927_235602.wav,0,59.40304,18.07242,Phogri,Pholidoptera griseoaptera,Dark Bush-cricket,bush-cricket,0.88,,,27/09/2026,27/09/2026,23:56:02,ClassifEspSWE-0002026-05-29_1,JOHANKARLSSON,202609290747NB7QHNI2,,Citizen Science (ultrasonic) - shared
59~40304+18~07242_20260927_235658.wav,DEV_002_20260927_235658.wav,0,59.40304,18.07242,Phogri,Pholidoptera griseoaptera,Dark Bush-cricket,bush-cricket,0.8,,,27/09/2026,27/09/2026,23:56:58,ClassifEspSWE-0002026-05-29_1,JOHANKARLSSON,202609290747NB7QHNI2,,Citizen Science (ultrasonic) - shared
59~40304+18~07242_20260927_235711.wav,DEV_002_20260927_235711.wav,0,59.40304,18.07242,Phogri,Pholidoptera griseoaptera,Dark Bush-cricket,bush-cricket,0.92,,,27/09/2026,27/09/2026,23:57:11,ClassifEspSWE-0002026-05-29_1,JOHANKARLSSON,202609290747NB7QHNI2,,Citizen Science (ultrasonic) - shared
59~40304+18~07242_20260927_235728.wav,DEV_002_20260927_235728.wav,0,59.40304,18.07242,Phogri,Pholidoptera griseoaptera,Dark Bush-cricket,bush-cricket,0.81,,,27/09/2026,27/09/2026,23:57:28,ClassifEspSWE-0002026-05-29_1,JOHANKARLSSON,202609290747NB7QHNI2,,Citizen Science (ultrasonic) - shared
59~40304+18~07242_20260927_235735.wav,DEV_002_20260927_235735.wav,0,59.40304,18.07242,Phogri,Pholidoptera griseoaptera,Dark Bush-cricket,bush-cricket,0.73,,,27/09/2026,27/09/2026,23:57:35,ClassifEspSWE-0002026-05-29_1,JOHANKARLSSON,202609290747NB7QHNI2,,Citizen Science (ultrasonic) - shared
59~40304+18~07242_20260927_235758.wav,DEV_002_20260927_235758.wav,0,59.40304,18.07242,Phogri,Pholidoptera griseoaptera,Dark Bush-cricket,bush-cricket,0.97,,,27/09/2026,27/09/2026,23:57:58,ClassifEspSWE-0002026-05-29_1,JOHANKARLSSON,202609290747NB7QHNI2,,Citizen Science (ultrasonic) - shared
59~40304+18~07242_20260927_235811.wav,DEV_002_20260927_235811.wav,0,59.40304,18.07242,Phogri,Pholidoptera griseoaptera,Dark Bush-cricket,bush-cricket,0.8,,,27/09/2026,27/09/2026,23:58:11,ClassifEspSWE-0002026-05-29_1,JOHANKARLSSON,202609290747NB7QHNI2,,Citizen Science (ultrasonic) - shared
59~40304+18~07242_20260927_235842.wav,DEV_002_20260927_235842.wav,0,59.40304,18.07242,Phogri,Pholidoptera griseoaptera,Dark Bush-cricket,bush-cricket,0.6,,,27/09/2026,27/09/2026,23:58:42,ClassifEspSWE-0002026-05-29_1,JOHANKARLSSON,202609290747NB7QHNI2,,Citizen Science (ultrasonic) - shared
59~40304+18~07242_20260927_235923.wav,DEV_002_20260927_235923.wav,0,59.40304,18.07242,Phogri,Pholidoptera griseoaptera,Dark Bush-cricket,bush-cricket,0.86,,,27/09/2026,27/09/2026,23:59:23,ClassifEspSWE-0002026-05-29_1,JOHANKARLSSON,202609290747NB7QHNI2,,Citizen Science (ultrasonic) - shared
59~40304+18~07242_20260927_235936.wav,DEV_002_20260927_235936.wav,0,59.40304,18.07242,Phogri,Pholidoptera griseoaptera,Dark Bush-cricket,bush-cricket,0.89,,,27/09/2026,27/09/2026,23:59:36,ClassifEspSWE-0002026-05-29_1,JOHANKARLSSON,202609290747NB7QHNI2,,Citizen Science (ultrasonic) - shared