RECORDING FILE NAME,ORIGINAL FILE NAME,ORIGINAL FILE PART,LATITUDE,LONGITUDE,SPECIES,SCIENTIFIC NAME,ENGLISH NAME,SPECIES GROUP,PROBABILITY,WARNINGS,CALL TYPE,ACTUAL DATE,SURVEY DATE,TIME,CLASSIFIER NAME,USER ID,UPLOAD KEY,BATCH NAME,PROJECT NAME
59~40306+18~07249_20260926_024915.wav,DEV_001_20260926_024915.wav,0,59.40306,18.07249,Pippyg,Pipistrellus pygmaeus,Soprano Pipistrelle,bat,0.39,Low confidence,echolocation,26/09/2026,25/09/2026,02:49:15,ClassifEspSWE-0002026-05-29_1,JOHANKARLSSON,202609261753IXZ6J05B,2026_26_sep_02,Citizen Science (ultrasonic) - shared
59~40306+18~07249_20260926_022137.wav,DEV_001_20260926_022137.wav,0,59.40306,18.07249,Vesmur,Vespertilio murinus,Parti-coloured Bat,bat,0.14,Low confidence,echolocation,26/09/2026,25/09/2026,02:21:37,ClassifEspSWE-0002026-05-29_1,JOHANKARLSSON,202609261753IXZ6J05B,2026_26_sep_02,Citizen Science (ultrasonic) - shared
59~40306+18~07249_20260926_020003.wav,DEV_001_20260926_020003.wav,0,59.40306,18.07249,Leppun,Leptophyes punctatissima,Speckled Bush-cricket,bush-cricket,0.99,,,26/09/2026,25/09/2026,02:00:03,ClassifEspSWE-0002026-05-29_1,JOHANKARLSSON,202609261753IXZ6J05B,2026_26_sep_02,Citizen Science (ultrasonic) - shared
59~40306+18~07249_20260926_020010.wav,DEV_001_20260926_020010.wav,0,59.40306,18.07249,Leppun,Leptophyes punctatissima,Speckled Bush-cricket,bush-cricket,0.99,,,26/09/2026,25/09/2026,02:00:10,ClassifEspSWE-0002026-05-29_1,JOHANKARLSSON,202609261753IXZ6J05B,2026_26_sep_02,Citizen Science (ultrasonic) - shared
59~40306+18~07249_20260926_020015.wav,DEV_001_20260926_020015.wav,0,59.40306,18.07249,Leppun,Leptophyes punctatissima,Speckled Bush-cricket,bush-cricket,0.99,,,26/09/2026,25/09/2026,02:00:15,ClassifEspSWE-0002026-05-29_1,JOHANKARLSSON,202609261753IXZ6J05B,2026_26_sep_02,Citizen Science (ultrasonic) - shared
59~40306+18~07249_20260926_020021.wav,DEV_001_20260926_020021.wav,0,59.40306,18.07249,Leppun,Leptophyes punctatissima,Speckled Bush-cricket,bush-cricket,0.99,,,26/09/2026,25/09/2026,02:00:21,ClassifEspSWE-0002026-05-29_1,JOHANKARLSSON,202609261753IXZ6J05B,2026_26_sep_02,Citizen Science (ultrasonic) - shared
59~40306+18~07249_20260926_020028.wav,DEV_001_20260926_020028.wav,0,59.40306,18.07249,Leppun,Leptophyes punctatissima,Speckled Bush-cricket,bush-cricket,0.99,,,26/09/2026,25/09/2026,02:00:28,ClassifEspSWE-0002026-05-29_1,JOHANKARLSSON,202609261753IXZ6J05B,2026_26_sep_02,Citizen Science (ultrasonic) - shared
59~40306+18~07249_20260926_020034.wav,DEV_001_20260926_020034.wav,0,59.40306,18.07249,Leppun,Leptophyes punctatissima,Speckled Bush-cricket,bush-cricket,0.99,,,26/09/2026,25/09/2026,02:00:34,ClassifEspSWE-0002026-05-29_1,JOHANKARLSSON,202609261753IXZ6J05B,2026_26_sep_02,Citizen Science (ultrasonic) - shared
59~40306+18~07249_20260926_020043.wav,DEV_001_20260926_020043.wav,0,59.40306,18.07249,Leppun,Leptophyes punctatissima,Speckled Bush-cricket,bush-cricket,0.99,,,26/09/2026,25/09/2026,02:00:43,ClassifEspSWE-0002026-05-29_1,JOHANKARLSSON,202609261753IXZ6J05B,2026_26_sep_02,Citizen Science (ultrasonic) - shared
59~40306+18~07249_20260926_020048.wav,DEV_001_20260926_020048.wav,0,59.40306,18.07249,Leppun,Leptophyes punctatissima,Speckled Bush-cricket,bush-cricket,0.99,,,26/09/2026,25/09/2026,02:00:48,ClassifEspSWE-0002026-05-29_1,JOHANKARLSSON,202609261753IXZ6J05B,2026_26_sep_02,Citizen Science (ultrasonic) - shared
59~40306+18~07249_20260926_020054.wav,DEV_001_20260926_020054.wav,0,59.40306,18.07249,Leppun,Leptophyes punctatissima,Speckled Bush-cricket,bush-cricket,0.99,,,26/09/2026,25/09/2026,02:00:54,ClassifEspSWE-0002026-05-29_1,JOHANKARLSSON,202609261753IXZ6J05B,2026_26_sep_02,Citizen Science (ultrasonic) - shared
59~40306+18~07249_20260926_020100.wav,DEV_001_20260926_020100.wav,0,59.40306,18.07249,Leppun,Leptophyes punctatissima,Speckled Bush-cricket,bush-cricket,0.99,,,26/09/2026,25/09/2026,02:01:00,ClassifEspSWE-0002026-05-29_1,JOHANKARLSSON,202609261753IXZ6J05B,2026_26_sep_02,Citizen Science (ultrasonic) - shared
59~40306+18~07249_20260926_020107.wav,DEV_001_20260926_020107.wav,0,59.40306,18.07249,Leppun,Leptophyes punctatissima,Speckled Bush-cricket,bush-cricket,0.99,,,26/09/2026,25/09/2026,02:01:07,ClassifEspSWE-0002026-05-29_1,JOHANKARLSSON,202609261753IXZ6J05B,2026_26_sep_02,Citizen Science (ultrasonic) - shared
59~40306+18~07249_20260926_020114.wav,DEV_001_20260926_020114.wav,0,59.40306,18.07249,Leppun,Leptophyes punctatissima,Speckled Bush-cricket,bush-cricket,0.99,,,26/09/2026,25/09/2026,02:01:14,ClassifEspSWE-0002026-05-29_1,JOHANKARLSSON,202609261753IXZ6J05B,2026_26_sep_02,Citizen Science (ultrasonic) - shared
59~40306+18~07249_20260926_020121.wav,DEV_001_20260926_020121.wav,0,59.40306,18.07249,Leppun,Leptophyes punctatissima,Speckled Bush-cricket,bush-cricket,0.99,,,26/09/2026,25/09/2026,02:01:21,ClassifEspSWE-0002026-05-29_1,JOHANKARLSSON,202609261753IXZ6J05B,2026_26_sep_02,Citizen Science (ultrasonic) - shared
59~40306+18~07249_20260926_020127.wav,DEV_001_20260926_020127.wav,0,59.40306,18.07249,Leppun,Leptophyes punctatissima,Speckled Bush-cricket,bush-cricket,0.99,,,26/09/2026,25/09/2026,02:01:27,ClassifEspSWE-0002026-05-29_1,JOHANKARLSSON,202609261753IXZ6J05B,2026_26_sep_02,Citizen Science (ultrasonic) - shared
59~40306+18~07249_20260926_020134.wav,DEV_001_20260926_020134.wav,0,59.40306,18.07249,Leppun,Leptophyes punctatissima,Speckled Bush-cricket,bush-cricket,0.99,,,26/09/2026,25/09/2026,02:01:34,ClassifEspSWE-0002026-05-29_1,JOHANKARLSSON,202609261753IXZ6J05B,2026_26_sep_02,Citizen Science (ultrasonic) - shared
59~40306+18~07249_20260926_020141.wav,DEV_001_20260926_020141.wav,0,59.40306,18.07249,Leppun,Leptophyes punctatissima,Speckled Bush-cricket,bush-cricket,0.99,,,26/09/2026,25/09/2026,02:01:41,ClassifEspSWE-0002026-05-29_1,JOHANKARLSSON,202609261753IXZ6J05B,2026_26_sep_02,Citizen Science (ultrasonic) - shared
59~40306+18~07249_20260926_020147.wav,DEV_001_20260926_020147.wav,0,59.40306,18.07249,Leppun,Leptophyes punctatissima,Speckled Bush-cricket,bush-cricket,0.99,,,26/09/2026,25/09/2026,02:01:47,ClassifEspSWE-0002026-05-29_1,JOHANKARLSSON,202609261753IXZ6J05B,2026_26_sep_02,Citizen Science (ultrasonic) - shared
59~40306+18~07249_20260926_020153.wav,DEV_001_20260926_020153.wav,0,59.40306,18.07249,Leppun,Leptophyes punctatissima,Speckled Bush-cricket,bush-cricket,0.99,,,26/09/2026,25/09/2026,02:01:53,ClassifEspSWE-0002026-05-29_1,JOHANKARLSSON,202609261753IXZ6J05B,2026_26_sep_02,Citizen Science (ultrasonic) - shared
59~40306+18~07249_20260926_020159.wav,DEV_001_20260926_020159.wav,0,59.40306,18.07249,Leppun,Leptophyes punctatissima,Speckled Bush-cricket,bush-cricket,0.99,,,26/09/2026,25/09/2026,02:01:59,ClassifEspSWE-0002026-05-29_1,JOHANKARLSSON,202609261753IXZ6J05B,2026_26_sep_02,Citizen Science (ultrasonic) - shared
59~40306+18~07249_20260926_020207.wav,DEV_001_20260926_020207.wav,0,59.40306,18.07249,Leppun,Leptophyes punctatissima,Speckled Bush-cricket,bush-cricket,0.99,,,26/09/2026,25/09/2026,02:02:07,ClassifEspSWE-0002026-05-29_1,JOHANKARLSSON,202609261753IXZ6J05B,2026_26_sep_02,Citizen Science (ultrasonic) - shared
59~40306+18~07249_20260926_020214.wav,DEV_001_20260926_020214.wav,0,59.40306,18.07249,Leppun,Leptophyes punctatissima,Speckled Bush-cricket,bush-cricket,0.99,,,26/09/2026,25/09/2026,02:02:14,ClassifEspSWE-0002026-05-29_1,JOHANKARLSSON,202609261753IXZ6J05B,2026_26_sep_02,Citizen Science (ultrasonic) - shared
59~40306+18~07249_20260926_020222.wav,DEV_001_20260926_020222.wav,0,59.40306,18.07249,Leppun,Leptophyes punctatissima,Speckled Bush-cricket,bush-cricket,0.99,,,26/09/2026,25/09/2026,02:02:22,ClassifEspSWE-0002026-05-29_1,JOHANKARLSSON,202609261753IXZ6J05B,2026_26_sep_02,Citizen Science (ultrasonic) - shared
59~40306+18~07249_20260926_020229.wav,DEV_001_20260926_020229.wav,0,59.40306,18.07249,Leppun,Leptophyes punctatissima,Speckled Bush-cricket,bush-cricket,0.99,,,26/09/2026,25/09/2026,02:02:29,ClassifEspSWE-0002026-05-29_1,JOHANKARLSSON,202609261753IXZ6J05B,2026_26_sep_02,Citizen Science (ultrasonic) - shared
59~40306+18~07249_20260926_020237.wav,DEV_001_20260926_020237.wav,0,59.40306,18.07249,Leppun,Leptophyes punctatissima,Speckled Bush-cricket,bush-cricket,0.99,,,26/09/2026,25/09/2026,02:02:37,ClassifEspSWE-0002026-05-29_1,JOHANKARLSSON,202609261753IXZ6J05B,2026_26_sep_02,Citizen Science (ultrasonic) - shared
59~40306+18~07249_20260926_020245.wav,DEV_001_20260926_020245.wav,0,59.40306,18.07249,Leppun,Leptophyes punctatissima,Speckled Bush-cricket,bush-cricket,0.99,,,26/09/2026,25/09/2026,02:02:45,ClassifEspSWE-0002026-05-29_1,JOHANKARLSSON,202609261753IXZ6J05B,2026_26_sep_02,Citizen Science (ultrasonic) - shared
59~40306+18~07249_20260926_020254.wav,DEV_001_20260926_020254.wav,0,59.40306,18.07249,Leppun,Leptophyes punctatissima,Speckled Bush-cricket,bush-cricket,0.99,,,26/09/2026,25/09/2026,02:02:54,ClassifEspSWE-0002026-05-29_1,JOHANKARLSSON,202609261753IXZ6J05B,2026_26_sep_02,Citizen Science (ultrasonic) - shared
59~40306+18~07249_20260926_020259.wav,DEV_001_20260926_020259.wav,0,59.40306,18.07249,Leppun,Leptophyes punctatissima,Speckled Bush-cricket,bush-cricket,0.99,,,26/09/2026,25/09/2026,02:02:59,ClassifEspSWE-0002026-05-29_1,JOHANKARLSSON,202609261753IXZ6J05B,2026_26_sep_02,Citizen Science (ultrasonic) - shared
59~40306+18~07249_20260926_020307.wav,DEV_001_20260926_020307.wav,0,59.40306,18.07249,Leppun,Leptophyes punctatissima,Speckled Bush-cricket,bush-cricket,0.99,,,26/09/2026,25/09/2026,02:03:07,ClassifEspSWE-0002026-05-29_1,JOHANKARLSSON,202609261753IXZ6J05B,2026_26_sep_02,Citizen Science (ultrasonic) - shared
59~40306+18~07249_20260926_020315.wav,DEV_001_20260926_020315.wav,0,59.40306,18.07249,Leppun,Leptophyes punctatissima,Speckled Bush-cricket,bush-cricket,0.99,,,26/09/2026,25/09/2026,02:03:15,ClassifEspSWE-0002026-05-29_1,JOHANKARLSSON,202609261753IXZ6J05B,2026_26_sep_02,Citizen Science (ultrasonic) - shared
59~40306+18~07249_20260926_020322.wav,DEV_001_20260926_020322.wav,0,59.40306,18.07249,Leppun,Leptophyes punctatissima,Speckled Bush-cricket,bush-cricket,0.99,,,26/09/2026,25/09/2026,02:03:22,ClassifEspSWE-0002026-05-29_1,JOHANKARLSSON,202609261753IXZ6J05B,2026_26_sep_02,Citizen Science (ultrasonic) - shared
59~40306+18~07249_20260926_020328.wav,DEV_001_20260926_020328.wav,0,59.40306,18.07249,Leppun,Leptophyes punctatissima,Speckled Bush-cricket,bush-cricket,0.99,,,26/09/2026,25/09/2026,02:03:28,ClassifEspSWE-0002026-05-29_1,JOHANKARLSSON,202609261753IXZ6J05B,2026_26_sep_02,Citizen Science (ultrasonic) - shared
59~40306+18~07249_20260926_020336.wav,DEV_001_20260926_020336.wav,0,59.40306,18.07249,Leppun,Leptophyes punctatissima,Speckled Bush-cricket,bush-cricket,0.99,,,26/09/2026,25/09/2026,02:03:36,ClassifEspSWE-0002026-05-29_1,JOHANKARLSSON,202609261753IXZ6J05B,2026_26_sep_02,Citizen Science (ultrasonic) - shared
59~40306+18~07249_20260926_020345.wav,DEV_001_20260926_020345.wav,0,59.40306,18.07249,Leppun,Leptophyes punctatissima,Speckled Bush-cricket,bush-cricket,0.99,,,26/09/2026,25/09/2026,02:03:45,ClassifEspSWE-0002026-05-29_1,JOHANKARLSSON,202609261753IXZ6J05B,2026_26_sep_02,Citizen Science (ultrasonic) - shared
59~40306+18~07249_20260926_020351.wav,DEV_001_20260926_020351.wav,0,59.40306,18.07249,Leppun,Leptophyes punctatissima,Speckled Bush-cricket,bush-cricket,0.99,,,26/09/2026,25/09/2026,02:03:51,ClassifEspSWE-0002026-05-29_1,JOHANKARLSSON,202609261753IXZ6J05B,2026_26_sep_02,Citizen Science (ultrasonic) - shared
59~40306+18~07249_20260926_020400.wav,DEV_001_20260926_020400.wav,0,59.40306,18.07249,Leppun,Leptophyes punctatissima,Speckled Bush-cricket,bush-cricket,0.99,,,26/09/2026,25/09/2026,02:04:00,ClassifEspSWE-0002026-05-29_1,JOHANKARLSSON,202609261753IXZ6J05B,2026_26_sep_02,Citizen Science (ultrasonic) - shared
59~40306+18~07249_20260926_020406.wav,DEV_001_20260926_020406.wav,0,59.40306,18.07249,Leppun,Leptophyes punctatissima,Speckled Bush-cricket,bush-cricket,0.99,,,26/09/2026,25/09/2026,02:04:06,ClassifEspSWE-0002026-05-29_1,JOHANKARLSSON,202609261753IXZ6J05B,2026_26_sep_02,Citizen Science (ultrasonic) - shared
59~40306+18~07249_20260926_020415.wav,DEV_001_20260926_020415.wav,0,59.40306,18.07249,Leppun,Leptophyes punctatissima,Speckled Bush-cricket,bush-cricket,0.99,,,26/09/2026,25/09/2026,02:04:15,ClassifEspSWE-0002026-05-29_1,JOHANKARLSSON,202609261753IXZ6J05B,2026_26_sep_02,Citizen Science (ultrasonic) - shared
59~40306+18~07249_20260926_020422.wav,DEV_001_20260926_020422.wav,0,59.40306,18.07249,Leppun,Leptophyes punctatissima,Speckled Bush-cricket,bush-cricket,0.99,,,26/09/2026,25/09/2026,02:04:22,ClassifEspSWE-0002026-05-29_1,JOHANKARLSSON,202609261753IXZ6J05B,2026_26_sep_02,Citizen Science (ultrasonic) - shared
59~40306+18~07249_20260926_020429.wav,DEV_001_20260926_020429.wav,0,59.40306,18.07249,Leppun,Leptophyes punctatissima,Speckled Bush-cricket,bush-cricket,0.99,,,26/09/2026,25/09/2026,02:04:29,ClassifEspSWE-0002026-05-29_1,JOHANKARLSSON,202609261753IXZ6J05B,2026_26_sep_02,Citizen Science (ultrasonic) - shared
59~40306+18~07249_20260926_020437.wav,DEV_001_20260926_020437.wav,0,59.40306,18.07249,Leppun,Leptophyes punctatissima,Speckled Bush-cricket,bush-cricket,0.99,,,26/09/2026,25/09/2026,02:04:37,ClassifEspSWE-0002026-05-29_1,JOHANKARLSSON,202609261753IXZ6J05B,2026_26_sep_02,Citizen Science (ultrasonic) - shared
59~40306+18~07249_20260926_020445.wav,DEV_001_20260926_020445.wav,0,59.40306,18.07249,Leppun,Leptophyes punctatissima,Speckled Bush-cricket,bush-cricket,0.9,,,26/09/2026,25/09/2026,02:04:45,ClassifEspSWE-0002026-05-29_1,JOHANKARLSSON,202609261753IXZ6J05B,2026_26_sep_02,Citizen Science (ultrasonic) - shared
59~40306+18~07249_20260926_020451.wav,DEV_001_20260926_020451.wav,0,59.40306,18.07249,Leppun,Leptophyes punctatissima,Speckled Bush-cricket,bush-cricket,0.99,,,26/09/2026,25/09/2026,02:04:51,ClassifEspSWE-0002026-05-29_1,JOHANKARLSSON,202609261753IXZ6J05B,2026_26_sep_02,Citizen Science (ultrasonic) - shared
59~40306+18~07249_20260926_020500.wav,DEV_001_20260926_020500.wav,0,59.40306,18.07249,Leppun,Leptophyes punctatissima,Speckled Bush-cricket,bush-cricket,0.99,,,26/09/2026,25/09/2026,02:05:00,ClassifEspSWE-0002026-05-29_1,JOHANKARLSSON,202609261753IXZ6J05B,2026_26_sep_02,Citizen Science (ultrasonic) - shared
59~40306+18~07249_20260926_020507.wav,DEV_001_20260926_020507.wav,0,59.40306,18.07249,Leppun,Leptophyes punctatissima,Speckled Bush-cricket,bush-cricket,0.99,,,26/09/2026,25/09/2026,02:05:07,ClassifEspSWE-0002026-05-29_1,JOHANKARLSSON,202609261753IXZ6J05B,2026_26_sep_02,Citizen Science (ultrasonic) - shared
59~40306+18~07249_20260926_020515.wav,DEV_001_20260926_020515.wav,0,59.40306,18.07249,Leppun,Leptophyes punctatissima,Speckled Bush-cricket,bush-cricket,0.99,,,26/09/2026,25/09/2026,02:05:15,ClassifEspSWE-0002026-05-29_1,JOHANKARLSSON,202609261753IXZ6J05B,2026_26_sep_02,Citizen Science (ultrasonic) - shared
59~40306+18~07249_20260926_020522.wav,DEV_001_20260926_020522.wav,0,59.40306,18.07249,Leppun,Leptophyes punctatissima,Speckled Bush-cricket,bush-cricket,0.99,,,26/09/2026,25/09/2026,02:05:22,ClassifEspSWE-0002026-05-29_1,JOHANKARLSSON,202609261753IXZ6J05B,2026_26_sep_02,Citizen Science (ultrasonic) - shared
59~40306+18~07249_20260926_020529.wav,DEV_001_20260926_020529.wav,0,59.40306,18.07249,Leppun,Leptophyes punctatissima,Speckled Bush-cricket,bush-cricket,0.99,,,26/09/2026,25/09/2026,02:05:29,ClassifEspSWE-0002026-05-29_1,JOHANKARLSSON,202609261753IXZ6J05B,2026_26_sep_02,Citizen Science (ultrasonic) - shared
59~40306+18~07249_20260926_020538.wav,DEV_001_20260926_020538.wav,0,59.40306,18.07249,Leppun,Leptophyes punctatissima,Speckled Bush-cricket,bush-cricket,0.99,,,26/09/2026,25/09/2026,02:05:38,ClassifEspSWE-0002026-05-29_1,JOHANKARLSSON,202609261753IXZ6J05B,2026_26_sep_02,Citizen Science (ultrasonic) - shared
59~40306+18~07249_20260926_020546.wav,DEV_001_20260926_020546.wav,0,59.40306,18.07249,Leppun,Leptophyes punctatissima,Speckled Bush-cricket,bush-cricket,0.99,,,26/09/2026,25/09/2026,02:05:46,ClassifEspSWE-0002026-05-29_1,JOHANKARLSSON,202609261753IXZ6J05B,2026_26_sep_02,Citizen Science (ultrasonic) - shared
59~40306+18~07249_20260926_020552.wav,DEV_001_20260926_020552.wav,0,59.40306,18.07249,Leppun,Leptophyes punctatissima,Speckled Bush-cricket,bush-cricket,0.99,,,26/09/2026,25/09/2026,02:05:52,ClassifEspSWE-0002026-05-29_1,JOHANKARLSSON,202609261753IXZ6J05B,2026_26_sep_02,Citizen Science (ultrasonic) - shared
59~40306+18~07249_20260926_020601.wav,DEV_001_20260926_020601.wav,0,59.40306,18.07249,Leppun,Leptophyes punctatissima,Speckled Bush-cricket,bush-cricket,0.99,,,26/09/2026,25/09/2026,02:06:01,ClassifEspSWE-0002026-05-29_1,JOHANKARLSSON,202609261753IXZ6J05B,2026_26_sep_02,Citizen Science (ultrasonic) - shared
59~40306+18~07249_20260926_020607.wav,DEV_001_20260926_020607.wav,0,59.40306,18.07249,Leppun,Leptophyes punctatissima,Speckled Bush-cricket,bush-cricket,0.99,,,26/09/2026,25/09/2026,02:06:07,ClassifEspSWE-0002026-05-29_1,JOHANKARLSSON,202609261753IXZ6J05B,2026_26_sep_02,Citizen Science (ultrasonic) - shared
59~40306+18~07249_20260926_020615.wav,DEV_001_20260926_020615.wav,0,59.40306,18.07249,Leppun,Leptophyes punctatissima,Speckled Bush-cricket,bush-cricket,0.99,,,26/09/2026,25/09/2026,02:06:15,ClassifEspSWE-0002026-05-29_1,JOHANKARLSSON,202609261753IXZ6J05B,2026_26_sep_02,Citizen Science (ultrasonic) - shared
59~40306+18~07249_20260926_020620.wav,DEV_001_20260926_020620.wav,0,59.40306,18.07249,Leppun,Leptophyes punctatissima,Speckled Bush-cricket,bush-cricket,0.99,,,26/09/2026,25/09/2026,02:06:20,ClassifEspSWE-0002026-05-29_1,JOHANKARLSSON,202609261753IXZ6J05B,2026_26_sep_02,Citizen Science (ultrasonic) - shared
59~40306+18~07249_20260926_020627.wav,DEV_001_20260926_020627.wav,0,59.40306,18.07249,Leppun,Leptophyes punctatissima,Speckled Bush-cricket,bush-cricket,0.99,,,26/09/2026,25/09/2026,02:06:27,ClassifEspSWE-0002026-05-29_1,JOHANKARLSSON,202609261753IXZ6J05B,2026_26_sep_02,Citizen Science (ultrasonic) - shared
59~40306+18~07249_20260926_020638.wav,DEV_001_20260926_020638.wav,0,59.40306,18.07249,Leppun,Leptophyes punctatissima,Speckled Bush-cricket,bush-cricket,0.99,,,26/09/2026,25/09/2026,02:06:38,ClassifEspSWE-0002026-05-29_1,JOHANKARLSSON,202609261753IXZ6J05B,2026_26_sep_02,Citizen Science (ultrasonic) - shared
59~40306+18~07249_20260926_020647.wav,DEV_001_20260926_020647.wav,0,59.40306,18.07249,Leppun,Leptophyes punctatissima,Speckled Bush-cricket,bush-cricket,0.99,,,26/09/2026,25/09/2026,02:06:47,ClassifEspSWE-0002026-05-29_1,JOHANKARLSSON,202609261753IXZ6J05B,2026_26_sep_02,Citizen Science (ultrasonic) - shared
59~40306+18~07249_20260926_020655.wav,DEV_001_20260926_020655.wav,0,59.40306,18.07249,Leppun,Leptophyes punctatissima,Speckled Bush-cricket,bush-cricket,0.99,,,26/09/2026,25/09/2026,02:06:55,ClassifEspSWE-0002026-05-29_1,JOHANKARLSSON,202609261753IXZ6J05B,2026_26_sep_02,Citizen Science (ultrasonic) - shared
59~40306+18~07249_20260926_020702.wav,DEV_001_20260926_020702.wav,0,59.40306,18.07249,Leppun,Leptophyes punctatissima,Speckled Bush-cricket,bush-cricket,0.99,,,26/09/2026,25/09/2026,02:07:02,ClassifEspSWE-0002026-05-29_1,JOHANKARLSSON,202609261753IXZ6J05B,2026_26_sep_02,Citizen Science (ultrasonic) - shared
59~40306+18~07249_20260926_020711.wav,DEV_001_20260926_020711.wav,0,59.40306,18.07249,Leppun,Leptophyes punctatissima,Speckled Bush-cricket,bush-cricket,0.99,,,26/09/2026,25/09/2026,02:07:11,ClassifEspSWE-0002026-05-29_1,JOHANKARLSSON,202609261753IXZ6J05B,2026_26_sep_02,Citizen Science (ultrasonic) - shared
59~40306+18~07249_20260926_020719.wav,DEV_001_20260926_020719.wav,0,59.40306,18.07249,Leppun,Leptophyes punctatissima,Speckled Bush-cricket,bush-cricket,0.99,,,26/09/2026,25/09/2026,02:07:19,ClassifEspSWE-0002026-05-29_1,JOHANKARLSSON,202609261753IXZ6J05B,2026_26_sep_02,Citizen Science (ultrasonic) - shared
59~40306+18~07249_20260926_020727.wav,DEV_001_20260926_020727.wav,0,59.40306,18.07249,Leppun,Leptophyes punctatissima,Speckled Bush-cricket,bush-cricket,0.99,,,26/09/2026,25/09/2026,02:07:27,ClassifEspSWE-0002026-05-29_1,JOHANKARLSSON,202609261753IXZ6J05B,2026_26_sep_02,Citizen Science (ultrasonic) - shared
59~40306+18~07249_20260926_020734.wav,DEV_001_20260926_020734.wav,0,59.40306,18.07249,Leppun,Leptophyes punctatissima,Speckled Bush-cricket,bush-cricket,0.99,,,26/09/2026,25/09/2026,02:07:34,ClassifEspSWE-0002026-05-29_1,JOHANKARLSSON,202609261753IXZ6J05B,2026_26_sep_02,Citizen Science (ultrasonic) - shared
59~40306+18~07249_20260926_020742.wav,DEV_001_20260926_020742.wav,0,59.40306,18.07249,Leppun,Leptophyes punctatissima,Speckled Bush-cricket,bush-cricket,0.99,,,26/09/2026,25/09/2026,02:07:42,ClassifEspSWE-0002026-05-29_1,JOHANKARLSSON,202609261753IXZ6J05B,2026_26_sep_02,Citizen Science (ultrasonic) - shared
59~40306+18~07249_20260926_020749.wav,DEV_001_20260926_020749.wav,0,59.40306,18.07249,Leppun,Leptophyes punctatissima,Speckled Bush-cricket,bush-cricket,0.99,,,26/09/2026,25/09/2026,02:07:49,ClassifEspSWE-0002026-05-29_1,JOHANKARLSSON,202609261753IXZ6J05B,2026_26_sep_02,Citizen Science (ultrasonic) - shared
59~40306+18~07249_20260926_020758.wav,DEV_001_20260926_020758.wav,0,59.40306,18.07249,Leppun,Leptophyes punctatissima,Speckled Bush-cricket,bush-cricket,0.99,,,26/09/2026,25/09/2026,02:07:58,ClassifEspSWE-0002026-05-29_1,JOHANKARLSSON,202609261753IXZ6J05B,2026_26_sep_02,Citizen Science (ultrasonic) - shared
59~40306+18~07249_20260926_020804.wav,DEV_001_20260926_020804.wav,0,59.40306,18.07249,Leppun,Leptophyes punctatissima,Speckled Bush-cricket,bush-cricket,0.99,,,26/09/2026,25/09/2026,02:08:04,ClassifEspSWE-0002026-05-29_1,JOHANKARLSSON,202609261753IXZ6J05B,2026_26_sep_02,Citizen Science (ultrasonic) - shared
59~40306+18~07249_20260926_020812.wav,DEV_001_20260926_020812.wav,0,59.40306,18.07249,Leppun,Leptophyes punctatissima,Speckled Bush-cricket,bush-cricket,0.99,,,26/09/2026,25/09/2026,02:08:12,ClassifEspSWE-0002026-05-29_1,JOHANKARLSSON,202609261753IXZ6J05B,2026_26_sep_02,Citizen Science (ultrasonic) - shared
59~40306+18~07249_20260926_020818.wav,DEV_001_20260926_020818.wav,0,59.40306,18.07249,Leppun,Leptophyes punctatissima,Speckled Bush-cricket,bush-cricket,0.99,,,26/09/2026,25/09/2026,02:08:18,ClassifEspSWE-0002026-05-29_1,JOHANKARLSSON,202609261753IXZ6J05B,2026_26_sep_02,Citizen Science (ultrasonic) - shared
59~40306+18~07249_20260926_020826.wav,DEV_001_20260926_020826.wav,0,59.40306,18.07249,Leppun,Leptophyes punctatissima,Speckled Bush-cricket,bush-cricket,0.99,,,26/09/2026,25/09/2026,02:08:26,ClassifEspSWE-0002026-05-29_1,JOHANKARLSSON,202609261753IXZ6J05B,2026_26_sep_02,Citizen Science (ultrasonic) - shared
59~40306+18~07249_20260926_020835.wav,DEV_001_20260926_020835.wav,0,59.40306,18.07249,Leppun,Leptophyes punctatissima,Speckled Bush-cricket,bush-cricket,0.99,,,26/09/2026,25/09/2026,02:08:35,ClassifEspSWE-0002026-05-29_1,JOHANKARLSSON,202609261753IXZ6J05B,2026_26_sep_02,Citizen Science (ultrasonic) - shared
59~40306+18~07249_20260926_020842.wav,DEV_001_20260926_020842.wav,0,59.40306,18.07249,Leppun,Leptophyes punctatissima,Speckled Bush-cricket,bush-cricket,0.99,,,26/09/2026,25/09/2026,02:08:42,ClassifEspSWE-0002026-05-29_1,JOHANKARLSSON,202609261753IXZ6J05B,2026_26_sep_02,Citizen Science (ultrasonic) - shared
59~40306+18~07249_20260926_020850.wav,DEV_001_20260926_020850.wav,0,59.40306,18.07249,Leppun,Leptophyes punctatissima,Speckled Bush-cricket,bush-cricket,0.99,,,26/09/2026,25/09/2026,02:08:50,ClassifEspSWE-0002026-05-29_1,JOHANKARLSSON,202609261753IXZ6J05B,2026_26_sep_02,Citizen Science (ultrasonic) - shared
59~40306+18~07249_20260926_020858.wav,DEV_001_20260926_020858.wav,0,59.40306,18.07249,Leppun,Leptophyes punctatissima,Speckled Bush-cricket,bush-cricket,0.99,,,26/09/2026,25/09/2026,02:08:58,ClassifEspSWE-0002026-05-29_1,JOHANKARLSSON,202609261753IXZ6J05B,2026_26_sep_02,Citizen Science (ultrasonic) - shared
59~40306+18~07249_20260926_020906.wav,DEV_001_20260926_020906.wav,0,59.40306,18.07249,Leppun,Leptophyes punctatissima,Speckled Bush-cricket,bush-cricket,0.99,,,26/09/2026,25/09/2026,02:09:06,ClassifEspSWE-0002026-05-29_1,JOHANKARLSSON,202609261753IXZ6J05B,2026_26_sep_02,Citizen Science (ultrasonic) - shared
59~40306+18~07249_20260926_020913.wav,DEV_001_20260926_020913.wav,0,59.40306,18.07249,Leppun,Leptophyes punctatissima,Speckled Bush-cricket,bush-cricket,0.99,,,26/09/2026,25/09/2026,02:09:13,ClassifEspSWE-0002026-05-29_1,JOHANKARLSSON,202609261753IXZ6J05B,2026_26_sep_02,Citizen Science (ultrasonic) - shared
59~40306+18~07249_20260926_020919.wav,DEV_001_20260926_020919.wav,0,59.40306,18.07249,Leppun,Leptophyes punctatissima,Speckled Bush-cricket,bush-cricket,0.99,,,26/09/2026,25/09/2026,02:09:19,ClassifEspSWE-0002026-05-29_1,JOHANKARLSSON,202609261753IXZ6J05B,2026_26_sep_02,Citizen Science (ultrasonic) - shared
59~40306+18~07249_20260926_020927.wav,DEV_001_20260926_020927.wav,0,59.40306,18.07249,Leppun,Leptophyes punctatissima,Speckled Bush-cricket,bush-cricket,0.99,,,26/09/2026,25/09/2026,02:09:27,ClassifEspSWE-0002026-05-29_1,JOHANKARLSSON,202609261753IXZ6J05B,2026_26_sep_02,Citizen Science (ultrasonic) - shared
59~40306+18~07249_20260926_020936.wav,DEV_001_20260926_020936.wav,0,59.40306,18.07249,Leppun,Leptophyes punctatissima,Speckled Bush-cricket,bush-cricket,0.99,,,26/09/2026,25/09/2026,02:09:36,ClassifEspSWE-0002026-05-29_1,JOHANKARLSSON,202609261753IXZ6J05B,2026_26_sep_02,Citizen Science (ultrasonic) - shared
59~40306+18~07249_20260926_020946.wav,DEV_001_20260926_020946.wav,0,59.40306,18.07249,Leppun,Leptophyes punctatissima,Speckled Bush-cricket,bush-cricket,0.99,,,26/09/2026,25/09/2026,02:09:46,ClassifEspSWE-0002026-05-29_1,JOHANKARLSSON,202609261753IXZ6J05B,2026_26_sep_02,Citizen Science (ultrasonic) - shared
59~40306+18~07249_20260926_020956.wav,DEV_001_20260926_020956.wav,0,59.40306,18.07249,Leppun,Leptophyes punctatissima,Speckled Bush-cricket,bush-cricket,0.99,,,26/09/2026,25/09/2026,02:09:56,ClassifEspSWE-0002026-05-29_1,JOHANKARLSSON,202609261753IXZ6J05B,2026_26_sep_02,Citizen Science (ultrasonic) - shared
59~40306+18~07249_20260926_021005.wav,DEV_001_20260926_021005.wav,0,59.40306,18.07249,Leppun,Leptophyes punctatissima,Speckled Bush-cricket,bush-cricket,0.99,,,26/09/2026,25/09/2026,02:10:05,ClassifEspSWE-0002026-05-29_1,JOHANKARLSSON,202609261753IXZ6J05B,2026_26_sep_02,Citizen Science (ultrasonic) - shared
59~40306+18~07249_20260926_021010.wav,DEV_001_20260926_021010.wav,0,59.40306,18.07249,Leppun,Leptophyes punctatissima,Speckled Bush-cricket,bush-cricket,0.99,,,26/09/2026,25/09/2026,02:10:10,ClassifEspSWE-0002026-05-29_1,JOHANKARLSSON,202609261753IXZ6J05B,2026_26_sep_02,Citizen Science (ultrasonic) - shared
59~40306+18~07249_20260926_021018.wav,DEV_001_20260926_021018.wav,0,59.40306,18.07249,Leppun,Leptophyes punctatissima,Speckled Bush-cricket,bush-cricket,0.99,,,26/09/2026,25/09/2026,02:10:18,ClassifEspSWE-0002026-05-29_1,JOHANKARLSSON,202609261753IXZ6J05B,2026_26_sep_02,Citizen Science (ultrasonic) - shared
59~40306+18~07249_20260926_021023.wav,DEV_001_20260926_021023.wav,0,59.40306,18.07249,Leppun,Leptophyes punctatissima,Speckled Bush-cricket,bush-cricket,0.99,,,26/09/2026,25/09/2026,02:10:23,ClassifEspSWE-0002026-05-29_1,JOHANKARLSSON,202609261753IXZ6J05B,2026_26_sep_02,Citizen Science (ultrasonic) - shared
59~40306+18~07249_20260926_021029.wav,DEV_001_20260926_021029.wav,0,59.40306,18.07249,Leppun,Leptophyes punctatissima,Speckled Bush-cricket,bush-cricket,0.99,,,26/09/2026,25/09/2026,02:10:29,ClassifEspSWE-0002026-05-29_1,JOHANKARLSSON,202609261753IXZ6J05B,2026_26_sep_02,Citizen Science (ultrasonic) - shared
59~40306+18~07249_20260926_021035.wav,DEV_001_20260926_021035.wav,0,59.40306,18.07249,Leppun,Leptophyes punctatissima,Speckled Bush-cricket,bush-cricket,0.99,,,26/09/2026,25/09/2026,02:10:35,ClassifEspSWE-0002026-05-29_1,JOHANKARLSSON,202609261753IXZ6J05B,2026_26_sep_02,Citizen Science (ultrasonic) - shared
59~40306+18~07249_20260926_021044.wav,DEV_001_20260926_021044.wav,0,59.40306,18.07249,Leppun,Leptophyes punctatissima,Speckled Bush-cricket,bush-cricket,0.99,,,26/09/2026,25/09/2026,02:10:44,ClassifEspSWE-0002026-05-29_1,JOHANKARLSSON,202609261753IXZ6J05B,2026_26_sep_02,Citizen Science (ultrasonic) - shared
59~40306+18~07249_20260926_021050.wav,DEV_001_20260926_021050.wav,0,59.40306,18.07249,Leppun,Leptophyes punctatissima,Speckled Bush-cricket,bush-cricket,0.99,,,26/09/2026,25/09/2026,02:10:50,ClassifEspSWE-0002026-05-29_1,JOHANKARLSSON,202609261753IXZ6J05B,2026_26_sep_02,Citizen Science (ultrasonic) - shared
59~40306+18~07249_20260926_021055.wav,DEV_001_20260926_021055.wav,0,59.40306,18.07249,Leppun,Leptophyes punctatissima,Speckled Bush-cricket,bush-cricket,0.99,,,26/09/2026,25/09/2026,02:10:55,ClassifEspSWE-0002026-05-29_1,JOHANKARLSSON,202609261753IXZ6J05B,2026_26_sep_02,Citizen Science (ultrasonic) - shared
59~40306+18~07249_20260926_021105.wav,DEV_001_20260926_021105.wav,0,59.40306,18.07249,Leppun,Leptophyes punctatissima,Speckled Bush-cricket,bush-cricket,0.99,,,26/09/2026,25/09/2026,02:11:05,ClassifEspSWE-0002026-05-29_1,JOHANKARLSSON,202609261753IXZ6J05B,2026_26_sep_02,Citizen Science (ultrasonic) - shared
59~40306+18~07249_20260926_021112.wav,DEV_001_20260926_021112.wav,0,59.40306,18.07249,Leppun,Leptophyes punctatissima,Speckled Bush-cricket,bush-cricket,0.99,,,26/09/2026,25/09/2026,02:11:12,ClassifEspSWE-0002026-05-29_1,JOHANKARLSSON,202609261753IXZ6J05B,2026_26_sep_02,Citizen Science (ultrasonic) - shared
59~40306+18~07249_20260926_021121.wav,DEV_001_20260926_021121.wav,0,59.40306,18.07249,Leppun,Leptophyes punctatissima,Speckled Bush-cricket,bush-cricket,0.99,,,26/09/2026,25/09/2026,02:11:21,ClassifEspSWE-0002026-05-29_1,JOHANKARLSSON,202609261753IXZ6J05B,2026_26_sep_02,Citizen Science (ultrasonic) - shared
59~40306+18~07249_20260926_021127.wav,DEV_001_20260926_021127.wav,0,59.40306,18.07249,Leppun,Leptophyes punctatissima,Speckled Bush-cricket,bush-cricket,0.99,,,26/09/2026,25/09/2026,02:11:27,ClassifEspSWE-0002026-05-29_1,JOHANKARLSSON,202609261753IXZ6J05B,2026_26_sep_02,Citizen Science (ultrasonic) - shared
59~40306+18~07249_20260926_021134.wav,DEV_001_20260926_021134.wav,0,59.40306,18.07249,Leppun,Leptophyes punctatissima,Speckled Bush-cricket,bush-cricket,0.99,,,26/09/2026,25/09/2026,02:11:34,ClassifEspSWE-0002026-05-29_1,JOHANKARLSSON,202609261753IXZ6J05B,2026_26_sep_02,Citizen Science (ultrasonic) - shared
59~40306+18~07249_20260926_021145.wav,DEV_001_20260926_021145.wav,0,59.40306,18.07249,Leppun,Leptophyes punctatissima,Speckled Bush-cricket,bush-cricket,0.99,,,26/09/2026,25/09/2026,02:11:45,ClassifEspSWE-0002026-05-29_1,JOHANKARLSSON,202609261753IXZ6J05B,2026_26_sep_02,Citizen Science (ultrasonic) - shared
59~40306+18~07249_20260926_021150.wav,DEV_001_20260926_021150.wav,0,59.40306,18.07249,Leppun,Leptophyes punctatissima,Speckled Bush-cricket,bush-cricket,0.99,,,26/09/2026,25/09/2026,02:11:50,ClassifEspSWE-0002026-05-29_1,JOHANKARLSSON,202609261753IXZ6J05B,2026_26_sep_02,Citizen Science (ultrasonic) - shared
59~40306+18~07249_20260926_021159.wav,DEV_001_20260926_021159.wav,0,59.40306,18.07249,Leppun,Leptophyes punctatissima,Speckled Bush-cricket,bush-cricket,0.99,,,26/09/2026,25/09/2026,02:11:59,ClassifEspSWE-0002026-05-29_1,JOHANKARLSSON,202609261753IXZ6J05B,2026_26_sep_02,Citizen Science (ultrasonic) - shared
59~40306+18~07249_20260926_021208.wav,DEV_001_20260926_021208.wav,0,59.40306,18.07249,Leppun,Leptophyes punctatissima,Speckled Bush-cricket,bush-cricket,0.99,,,26/09/2026,25/09/2026,02:12:08,ClassifEspSWE-0002026-05-29_1,JOHANKARLSSON,202609261753IXZ6J05B,2026_26_sep_02,Citizen Science (ultrasonic) - shared
59~40306+18~07249_20260926_021217.wav,DEV_001_20260926_021217.wav,0,59.40306,18.07249,Leppun,Leptophyes punctatissima,Speckled Bush-cricket,bush-cricket,0.99,,,26/09/2026,25/09/2026,02:12:17,ClassifEspSWE-0002026-05-29_1,JOHANKARLSSON,202609261753IXZ6J05B,2026_26_sep_02,Citizen Science (ultrasonic) - shared
59~40306+18~07249_20260926_021223.wav,DEV_001_20260926_021223.wav,0,59.40306,18.07249,Leppun,Leptophyes punctatissima,Speckled Bush-cricket,bush-cricket,0.99,,,26/09/2026,25/09/2026,02:12:23,ClassifEspSWE-0002026-05-29_1,JOHANKARLSSON,202609261753IXZ6J05B,2026_26_sep_02,Citizen Science (ultrasonic) - shared
59~40306+18~07249_20260926_021232.wav,DEV_001_20260926_021232.wav,0,59.40306,18.07249,Leppun,Leptophyes punctatissima,Speckled Bush-cricket,bush-cricket,0.99,,,26/09/2026,25/09/2026,02:12:32,ClassifEspSWE-0002026-05-29_1,JOHANKARLSSON,202609261753IXZ6J05B,2026_26_sep_02,Citizen Science (ultrasonic) - shared
59~40306+18~07249_20260926_021239.wav,DEV_001_20260926_021239.wav,0,59.40306,18.07249,Leppun,Leptophyes punctatissima,Speckled Bush-cricket,bush-cricket,0.99,,,26/09/2026,25/09/2026,02:12:39,ClassifEspSWE-0002026-05-29_1,JOHANKARLSSON,202609261753IXZ6J05B,2026_26_sep_02,Citizen Science (ultrasonic) - shared
59~40306+18~07249_20260926_021247.wav,DEV_001_20260926_021247.wav,0,59.40306,18.07249,Leppun,Leptophyes punctatissima,Speckled Bush-cricket,bush-cricket,0.99,,,26/09/2026,25/09/2026,02:12:47,ClassifEspSWE-0002026-05-29_1,JOHANKARLSSON,202609261753IXZ6J05B,2026_26_sep_02,Citizen Science (ultrasonic) - shared
59~40306+18~07249_20260926_021253.wav,DEV_001_20260926_021253.wav,0,59.40306,18.07249,Leppun,Leptophyes punctatissima,Speckled Bush-cricket,bush-cricket,0.99,,,26/09/2026,25/09/2026,02:12:53,ClassifEspSWE-0002026-05-29_1,JOHANKARLSSON,202609261753IXZ6J05B,2026_26_sep_02,Citizen Science (ultrasonic) - shared
59~40306+18~07249_20260926_021302.wav,DEV_001_20260926_021302.wav,0,59.40306,18.07249,Leppun,Leptophyes punctatissima,Speckled Bush-cricket,bush-cricket,0.99,,,26/09/2026,25/09/2026,02:13:02,ClassifEspSWE-0002026-05-29_1,JOHANKARLSSON,202609261753IXZ6J05B,2026_26_sep_02,Citizen Science (ultrasonic) - shared
59~40306+18~07249_20260926_021310.wav,DEV_001_20260926_021310.wav,0,59.40306,18.07249,Leppun,Leptophyes punctatissima,Speckled Bush-cricket,bush-cricket,0.99,,,26/09/2026,25/09/2026,02:13:10,ClassifEspSWE-0002026-05-29_1,JOHANKARLSSON,202609261753IXZ6J05B,2026_26_sep_02,Citizen Science (ultrasonic) - shared
59~40306+18~07249_20260926_021315.wav,DEV_001_20260926_021315.wav,0,59.40306,18.07249,Leppun,Leptophyes punctatissima,Speckled Bush-cricket,bush-cricket,0.99,,,26/09/2026,25/09/2026,02:13:15,ClassifEspSWE-0002026-05-29_1,JOHANKARLSSON,202609261753IXZ6J05B,2026_26_sep_02,Citizen Science (ultrasonic) - shared
59~40306+18~07249_20260926_021324.wav,DEV_001_20260926_021324.wav,0,59.40306,18.07249,Leppun,Leptophyes punctatissima,Speckled Bush-cricket,bush-cricket,0.99,,,26/09/2026,25/09/2026,02:13:24,ClassifEspSWE-0002026-05-29_1,JOHANKARLSSON,202609261753IXZ6J05B,2026_26_sep_02,Citizen Science (ultrasonic) - shared
59~40306+18~07249_20260926_021332.wav,DEV_001_20260926_021332.wav,0,59.40306,18.07249,Leppun,Leptophyes punctatissima,Speckled Bush-cricket,bush-cricket,0.99,,,26/09/2026,25/09/2026,02:13:32,ClassifEspSWE-0002026-05-29_1,JOHANKARLSSON,202609261753IXZ6J05B,2026_26_sep_02,Citizen Science (ultrasonic) - shared
59~40306+18~07249_20260926_021337.wav,DEV_001_20260926_021337.wav,0,59.40306,18.07249,Leppun,Leptophyes punctatissima,Speckled Bush-cricket,bush-cricket,0.99,,,26/09/2026,25/09/2026,02:13:37,ClassifEspSWE-0002026-05-29_1,JOHANKARLSSON,202609261753IXZ6J05B,2026_26_sep_02,Citizen Science (ultrasonic) - shared
59~40306+18~07249_20260926_021347.wav,DEV_001_20260926_021347.wav,0,59.40306,18.07249,Leppun,Leptophyes punctatissima,Speckled Bush-cricket,bush-cricket,0.99,,,26/09/2026,25/09/2026,02:13:47,ClassifEspSWE-0002026-05-29_1,JOHANKARLSSON,202609261753IXZ6J05B,2026_26_sep_02,Citizen Science (ultrasonic) - shared
59~40306+18~07249_20260926_021352.wav,DEV_001_20260926_021352.wav,0,59.40306,18.07249,Leppun,Leptophyes punctatissima,Speckled Bush-cricket,bush-cricket,0.99,,,26/09/2026,25/09/2026,02:13:52,ClassifEspSWE-0002026-05-29_1,JOHANKARLSSON,202609261753IXZ6J05B,2026_26_sep_02,Citizen Science (ultrasonic) - shared
59~40306+18~07249_20260926_021402.wav,DEV_001_20260926_021402.wav,0,59.40306,18.07249,Leppun,Leptophyes punctatissima,Speckled Bush-cricket,bush-cricket,0.99,,,26/09/2026,25/09/2026,02:14:02,ClassifEspSWE-0002026-05-29_1,JOHANKARLSSON,202609261753IXZ6J05B,2026_26_sep_02,Citizen Science (ultrasonic) - shared
59~40306+18~07249_20260926_021410.wav,DEV_001_20260926_021410.wav,0,59.40306,18.07249,Leppun,Leptophyes punctatissima,Speckled Bush-cricket,bush-cricket,0.99,,,26/09/2026,25/09/2026,02:14:10,ClassifEspSWE-0002026-05-29_1,JOHANKARLSSON,202609261753IXZ6J05B,2026_26_sep_02,Citizen Science (ultrasonic) - shared
59~40306+18~07249_20260926_021417.wav,DEV_001_20260926_021417.wav,0,59.40306,18.07249,Leppun,Leptophyes punctatissima,Speckled Bush-cricket,bush-cricket,0.99,,,26/09/2026,25/09/2026,02:14:17,ClassifEspSWE-0002026-05-29_1,JOHANKARLSSON,202609261753IXZ6J05B,2026_26_sep_02,Citizen Science (ultrasonic) - shared
59~40306+18~07249_20260926_021426.wav,DEV_001_20260926_021426.wav,0,59.40306,18.07249,Leppun,Leptophyes punctatissima,Speckled Bush-cricket,bush-cricket,0.99,,,26/09/2026,25/09/2026,02:14:26,ClassifEspSWE-0002026-05-29_1,JOHANKARLSSON,202609261753IXZ6J05B,2026_26_sep_02,Citizen Science (ultrasonic) - shared
59~40306+18~07249_20260926_021435.wav,DEV_001_20260926_021435.wav,0,59.40306,18.07249,Leppun,Leptophyes punctatissima,Speckled Bush-cricket,bush-cricket,0.99,,,26/09/2026,25/09/2026,02:14:35,ClassifEspSWE-0002026-05-29_1,JOHANKARLSSON,202609261753IXZ6J05B,2026_26_sep_02,Citizen Science (ultrasonic) - shared
59~40306+18~07249_20260926_021443.wav,DEV_001_20260926_021443.wav,0,59.40306,18.07249,Leppun,Leptophyes punctatissima,Speckled Bush-cricket,bush-cricket,0.99,,,26/09/2026,25/09/2026,02:14:43,ClassifEspSWE-0002026-05-29_1,JOHANKARLSSON,202609261753IXZ6J05B,2026_26_sep_02,Citizen Science (ultrasonic) - shared
59~40306+18~07249_20260926_021448.wav,DEV_001_20260926_021448.wav,0,59.40306,18.07249,Leppun,Leptophyes punctatissima,Speckled Bush-cricket,bush-cricket,0.99,,,26/09/2026,25/09/2026,02:14:48,ClassifEspSWE-0002026-05-29_1,JOHANKARLSSON,202609261753IXZ6J05B,2026_26_sep_02,Citizen Science (ultrasonic) - shared
59~40306+18~07249_20260926_021453.wav,DEV_001_20260926_021453.wav,0,59.40306,18.07249,Leppun,Leptophyes punctatissima,Speckled Bush-cricket,bush-cricket,0.99,,,26/09/2026,25/09/2026,02:14:53,ClassifEspSWE-0002026-05-29_1,JOHANKARLSSON,202609261753IXZ6J05B,2026_26_sep_02,Citizen Science (ultrasonic) - shared
59~40306+18~07249_20260926_021501.wav,DEV_001_20260926_021501.wav,0,59.40306,18.07249,Leppun,Leptophyes punctatissima,Speckled Bush-cricket,bush-cricket,0.99,,,26/09/2026,25/09/2026,02:15:01,ClassifEspSWE-0002026-05-29_1,JOHANKARLSSON,202609261753IXZ6J05B,2026_26_sep_02,Citizen Science (ultrasonic) - shared
59~40306+18~07249_20260926_021506.wav,DEV_001_20260926_021506.wav,0,59.40306,18.07249,Leppun,Leptophyes punctatissima,Speckled Bush-cricket,bush-cricket,0.99,,,26/09/2026,25/09/2026,02:15:06,ClassifEspSWE-0002026-05-29_1,JOHANKARLSSON,202609261753IXZ6J05B,2026_26_sep_02,Citizen Science (ultrasonic) - shared
59~40306+18~07249_20260926_021514.wav,DEV_001_20260926_021514.wav,0,59.40306,18.07249,Leppun,Leptophyes punctatissima,Speckled Bush-cricket,bush-cricket,0.99,,,26/09/2026,25/09/2026,02:15:14,ClassifEspSWE-0002026-05-29_1,JOHANKARLSSON,202609261753IXZ6J05B,2026_26_sep_02,Citizen Science (ultrasonic) - shared
59~40306+18~07249_20260926_021523.wav,DEV_001_20260926_021523.wav,0,59.40306,18.07249,Leppun,Leptophyes punctatissima,Speckled Bush-cricket,bush-cricket,0.99,,,26/09/2026,25/09/2026,02:15:23,ClassifEspSWE-0002026-05-29_1,JOHANKARLSSON,202609261753IXZ6J05B,2026_26_sep_02,Citizen Science (ultrasonic) - shared
59~40306+18~07249_20260926_021530.wav,DEV_001_20260926_021530.wav,0,59.40306,18.07249,Leppun,Leptophyes punctatissima,Speckled Bush-cricket,bush-cricket,0.99,,,26/09/2026,25/09/2026,02:15:30,ClassifEspSWE-0002026-05-29_1,JOHANKARLSSON,202609261753IXZ6J05B,2026_26_sep_02,Citizen Science (ultrasonic) - shared
59~40306+18~07249_20260926_021538.wav,DEV_001_20260926_021538.wav,0,59.40306,18.07249,Leppun,Leptophyes punctatissima,Speckled Bush-cricket,bush-cricket,0.99,,,26/09/2026,25/09/2026,02:15:38,ClassifEspSWE-0002026-05-29_1,JOHANKARLSSON,202609261753IXZ6J05B,2026_26_sep_02,Citizen Science (ultrasonic) - shared
59~40306+18~07249_20260926_021546.wav,DEV_001_20260926_021546.wav,0,59.40306,18.07249,Leppun,Leptophyes punctatissima,Speckled Bush-cricket,bush-cricket,0.99,,,26/09/2026,25/09/2026,02:15:46,ClassifEspSWE-0002026-05-29_1,JOHANKARLSSON,202609261753IXZ6J05B,2026_26_sep_02,Citizen Science (ultrasonic) - shared
59~40306+18~07249_20260926_021556.wav,DEV_001_20260926_021556.wav,0,59.40306,18.07249,Leppun,Leptophyes punctatissima,Speckled Bush-cricket,bush-cricket,0.99,,,26/09/2026,25/09/2026,02:15:56,ClassifEspSWE-0002026-05-29_1,JOHANKARLSSON,202609261753IXZ6J05B,2026_26_sep_02,Citizen Science (ultrasonic) - shared
59~40306+18~07249_20260926_021603.wav,DEV_001_20260926_021603.wav,0,59.40306,18.07249,Leppun,Leptophyes punctatissima,Speckled Bush-cricket,bush-cricket,0.99,,,26/09/2026,25/09/2026,02:16:03,ClassifEspSWE-0002026-05-29_1,JOHANKARLSSON,202609261753IXZ6J05B,2026_26_sep_02,Citizen Science (ultrasonic) - shared
59~40306+18~07249_20260926_021608.wav,DEV_001_20260926_021608.wav,0,59.40306,18.07249,Leppun,Leptophyes punctatissima,Speckled Bush-cricket,bush-cricket,0.99,,,26/09/2026,25/09/2026,02:16:08,ClassifEspSWE-0002026-05-29_1,JOHANKARLSSON,202609261753IXZ6J05B,2026_26_sep_02,Citizen Science (ultrasonic) - shared
59~40306+18~07249_20260926_021616.wav,DEV_001_20260926_021616.wav,0,59.40306,18.07249,Leppun,Leptophyes punctatissima,Speckled Bush-cricket,bush-cricket,0.99,,,26/09/2026,25/09/2026,02:16:16,ClassifEspSWE-0002026-05-29_1,JOHANKARLSSON,202609261753IXZ6J05B,2026_26_sep_02,Citizen Science (ultrasonic) - shared
59~40306+18~07249_20260926_021621.wav,DEV_001_20260926_021621.wav,0,59.40306,18.07249,Leppun,Leptophyes punctatissima,Speckled Bush-cricket,bush-cricket,0.99,,,26/09/2026,25/09/2026,02:16:21,ClassifEspSWE-0002026-05-29_1,JOHANKARLSSON,202609261753IXZ6J05B,2026_26_sep_02,Citizen Science (ultrasonic) - shared
59~40306+18~07249_20260926_021630.wav,DEV_001_20260926_021630.wav,0,59.40306,18.07249,Leppun,Leptophyes punctatissima,Speckled Bush-cricket,bush-cricket,0.99,,,26/09/2026,25/09/2026,02:16:30,ClassifEspSWE-0002026-05-29_1,JOHANKARLSSON,202609261753IXZ6J05B,2026_26_sep_02,Citizen Science (ultrasonic) - shared
59~40306+18~07249_20260926_021636.wav,DEV_001_20260926_021636.wav,0,59.40306,18.07249,Leppun,Leptophyes punctatissima,Speckled Bush-cricket,bush-cricket,0.99,,,26/09/2026,25/09/2026,02:16:36,ClassifEspSWE-0002026-05-29_1,JOHANKARLSSON,202609261753IXZ6J05B,2026_26_sep_02,Citizen Science (ultrasonic) - shared
59~40306+18~07249_20260926_021645.wav,DEV_001_20260926_021645.wav,0,59.40306,18.07249,Leppun,Leptophyes punctatissima,Speckled Bush-cricket,bush-cricket,0.99,,,26/09/2026,25/09/2026,02:16:45,ClassifEspSWE-0002026-05-29_1,JOHANKARLSSON,202609261753IXZ6J05B,2026_26_sep_02,Citizen Science (ultrasonic) - shared
59~40306+18~07249_20260926_021650.wav,DEV_001_20260926_021650.wav,0,59.40306,18.07249,Leppun,Leptophyes punctatissima,Speckled Bush-cricket,bush-cricket,0.99,,,26/09/2026,25/09/2026,02:16:50,ClassifEspSWE-0002026-05-29_1,JOHANKARLSSON,202609261753IXZ6J05B,2026_26_sep_02,Citizen Science (ultrasonic) - shared
59~40306+18~07249_20260926_021656.wav,DEV_001_20260926_021656.wav,0,59.40306,18.07249,Leppun,Leptophyes punctatissima,Speckled Bush-cricket,bush-cricket,0.99,,,26/09/2026,25/09/2026,02:16:56,ClassifEspSWE-0002026-05-29_1,JOHANKARLSSON,202609261753IXZ6J05B,2026_26_sep_02,Citizen Science (ultrasonic) - shared
59~40306+18~07249_20260926_021703.wav,DEV_001_20260926_021703.wav,0,59.40306,18.07249,Leppun,Leptophyes punctatissima,Speckled Bush-cricket,bush-cricket,0.99,,,26/09/2026,25/09/2026,02:17:03,ClassifEspSWE-0002026-05-29_1,JOHANKARLSSON,202609261753IXZ6J05B,2026_26_sep_02,Citizen Science (ultrasonic) - shared
59~40306+18~07249_20260926_021710.wav,DEV_001_20260926_021710.wav,0,59.40306,18.07249,Leppun,Leptophyes punctatissima,Speckled Bush-cricket,bush-cricket,0.99,,,26/09/2026,25/09/2026,02:17:10,ClassifEspSWE-0002026-05-29_1,JOHANKARLSSON,202609261753IXZ6J05B,2026_26_sep_02,Citizen Science (ultrasonic) - shared
59~40306+18~07249_20260926_021719.wav,DEV_001_20260926_021719.wav,0,59.40306,18.07249,Leppun,Leptophyes punctatissima,Speckled Bush-cricket,bush-cricket,0.99,,,26/09/2026,25/09/2026,02:17:19,ClassifEspSWE-0002026-05-29_1,JOHANKARLSSON,202609261753IXZ6J05B,2026_26_sep_02,Citizen Science (ultrasonic) - shared
59~40306+18~07249_20260926_021730.wav,DEV_001_20260926_021730.wav,0,59.40306,18.07249,Leppun,Leptophyes punctatissima,Speckled Bush-cricket,bush-cricket,0.99,,,26/09/2026,25/09/2026,02:17:30,ClassifEspSWE-0002026-05-29_1,JOHANKARLSSON,202609261753IXZ6J05B,2026_26_sep_02,Citizen Science (ultrasonic) - shared
59~40306+18~07249_20260926_021736.wav,DEV_001_20260926_021736.wav,0,59.40306,18.07249,Leppun,Leptophyes punctatissima,Speckled Bush-cricket,bush-cricket,0.99,,,26/09/2026,25/09/2026,02:17:36,ClassifEspSWE-0002026-05-29_1,JOHANKARLSSON,202609261753IXZ6J05B,2026_26_sep_02,Citizen Science (ultrasonic) - shared
59~40306+18~07249_20260926_021745.wav,DEV_001_20260926_021745.wav,0,59.40306,18.07249,Leppun,Leptophyes punctatissima,Speckled Bush-cricket,bush-cricket,0.99,,,26/09/2026,25/09/2026,02:17:45,ClassifEspSWE-0002026-05-29_1,JOHANKARLSSON,202609261753IXZ6J05B,2026_26_sep_02,Citizen Science (ultrasonic) - shared
59~40306+18~07249_20260926_021752.wav,DEV_001_20260926_021752.wav,0,59.40306,18.07249,Leppun,Leptophyes punctatissima,Speckled Bush-cricket,bush-cricket,0.99,,,26/09/2026,25/09/2026,02:17:52,ClassifEspSWE-0002026-05-29_1,JOHANKARLSSON,202609261753IXZ6J05B,2026_26_sep_02,Citizen Science (ultrasonic) - shared
59~40306+18~07249_20260926_021758.wav,DEV_001_20260926_021758.wav,0,59.40306,18.07249,Leppun,Leptophyes punctatissima,Speckled Bush-cricket,bush-cricket,0.99,,,26/09/2026,25/09/2026,02:17:58,ClassifEspSWE-0002026-05-29_1,JOHANKARLSSON,202609261753IXZ6J05B,2026_26_sep_02,Citizen Science (ultrasonic) - shared
59~40306+18~07249_20260926_021805.wav,DEV_001_20260926_021805.wav,0,59.40306,18.07249,Leppun,Leptophyes punctatissima,Speckled Bush-cricket,bush-cricket,0.99,,,26/09/2026,25/09/2026,02:18:05,ClassifEspSWE-0002026-05-29_1,JOHANKARLSSON,202609261753IXZ6J05B,2026_26_sep_02,Citizen Science (ultrasonic) - shared
59~40306+18~07249_20260926_021812.wav,DEV_001_20260926_021812.wav,0,59.40306,18.07249,Leppun,Leptophyes punctatissima,Speckled Bush-cricket,bush-cricket,0.99,,,26/09/2026,25/09/2026,02:18:12,ClassifEspSWE-0002026-05-29_1,JOHANKARLSSON,202609261753IXZ6J05B,2026_26_sep_02,Citizen Science (ultrasonic) - shared
59~40306+18~07249_20260926_021821.wav,DEV_001_20260926_021821.wav,0,59.40306,18.07249,Leppun,Leptophyes punctatissima,Speckled Bush-cricket,bush-cricket,0.99,,,26/09/2026,25/09/2026,02:18:21,ClassifEspSWE-0002026-05-29_1,JOHANKARLSSON,202609261753IXZ6J05B,2026_26_sep_02,Citizen Science (ultrasonic) - shared
59~40306+18~07249_20260926_021826.wav,DEV_001_20260926_021826.wav,0,59.40306,18.07249,Leppun,Leptophyes punctatissima,Speckled Bush-cricket,bush-cricket,0.99,,,26/09/2026,25/09/2026,02:18:26,ClassifEspSWE-0002026-05-29_1,JOHANKARLSSON,202609261753IXZ6J05B,2026_26_sep_02,Citizen Science (ultrasonic) - shared
59~40306+18~07249_20260926_021833.wav,DEV_001_20260926_021833.wav,0,59.40306,18.07249,Leppun,Leptophyes punctatissima,Speckled Bush-cricket,bush-cricket,0.99,,,26/09/2026,25/09/2026,02:18:33,ClassifEspSWE-0002026-05-29_1,JOHANKARLSSON,202609261753IXZ6J05B,2026_26_sep_02,Citizen Science (ultrasonic) - shared
59~40306+18~07249_20260926_021838.wav,DEV_001_20260926_021838.wav,0,59.40306,18.07249,Leppun,Leptophyes punctatissima,Speckled Bush-cricket,bush-cricket,0.99,,,26/09/2026,25/09/2026,02:18:38,ClassifEspSWE-0002026-05-29_1,JOHANKARLSSON,202609261753IXZ6J05B,2026_26_sep_02,Citizen Science (ultrasonic) - shared
59~40306+18~07249_20260926_021848.wav,DEV_001_20260926_021848.wav,0,59.40306,18.07249,Leppun,Leptophyes punctatissima,Speckled Bush-cricket,bush-cricket,0.99,,,26/09/2026,25/09/2026,02:18:48,ClassifEspSWE-0002026-05-29_1,JOHANKARLSSON,202609261753IXZ6J05B,2026_26_sep_02,Citizen Science (ultrasonic) - shared
59~40306+18~07249_20260926_021856.wav,DEV_001_20260926_021856.wav,0,59.40306,18.07249,Leppun,Leptophyes punctatissima,Speckled Bush-cricket,bush-cricket,0.99,,,26/09/2026,25/09/2026,02:18:56,ClassifEspSWE-0002026-05-29_1,JOHANKARLSSON,202609261753IXZ6J05B,2026_26_sep_02,Citizen Science (ultrasonic) - shared
59~40306+18~07249_20260926_021905.wav,DEV_001_20260926_021905.wav,0,59.40306,18.07249,Leppun,Leptophyes punctatissima,Speckled Bush-cricket,bush-cricket,0.99,,,26/09/2026,25/09/2026,02:19:05,ClassifEspSWE-0002026-05-29_1,JOHANKARLSSON,202609261753IXZ6J05B,2026_26_sep_02,Citizen Science (ultrasonic) - shared
59~40306+18~07249_20260926_021915.wav,DEV_001_20260926_021915.wav,0,59.40306,18.07249,Leppun,Leptophyes punctatissima,Speckled Bush-cricket,bush-cricket,0.99,,,26/09/2026,25/09/2026,02:19:15,ClassifEspSWE-0002026-05-29_1,JOHANKARLSSON,202609261753IXZ6J05B,2026_26_sep_02,Citizen Science (ultrasonic) - shared
59~40306+18~07249_20260926_021924.wav,DEV_001_20260926_021924.wav,0,59.40306,18.07249,Leppun,Leptophyes punctatissima,Speckled Bush-cricket,bush-cricket,0.99,,,26/09/2026,25/09/2026,02:19:24,ClassifEspSWE-0002026-05-29_1,JOHANKARLSSON,202609261753IXZ6J05B,2026_26_sep_02,Citizen Science (ultrasonic) - shared
59~40306+18~07249_20260926_021930.wav,DEV_001_20260926_021930.wav,0,59.40306,18.07249,Leppun,Leptophyes punctatissima,Speckled Bush-cricket,bush-cricket,0.99,,,26/09/2026,25/09/2026,02:19:30,ClassifEspSWE-0002026-05-29_1,JOHANKARLSSON,202609261753IXZ6J05B,2026_26_sep_02,Citizen Science (ultrasonic) - shared
59~40306+18~07249_20260926_021939.wav,DEV_001_20260926_021939.wav,0,59.40306,18.07249,Leppun,Leptophyes punctatissima,Speckled Bush-cricket,bush-cricket,0.99,,,26/09/2026,25/09/2026,02:19:39,ClassifEspSWE-0002026-05-29_1,JOHANKARLSSON,202609261753IXZ6J05B,2026_26_sep_02,Citizen Science (ultrasonic) - shared
59~40306+18~07249_20260926_021948.wav,DEV_001_20260926_021948.wav,0,59.40306,18.07249,Leppun,Leptophyes punctatissima,Speckled Bush-cricket,bush-cricket,0.99,,,26/09/2026,25/09/2026,02:19:48,ClassifEspSWE-0002026-05-29_1,JOHANKARLSSON,202609261753IXZ6J05B,2026_26_sep_02,Citizen Science (ultrasonic) - shared
59~40306+18~07249_20260926_021953.wav,DEV_001_20260926_021953.wav,0,59.40306,18.07249,Leppun,Leptophyes punctatissima,Speckled Bush-cricket,bush-cricket,0.99,,,26/09/2026,25/09/2026,02:19:53,ClassifEspSWE-0002026-05-29_1,JOHANKARLSSON,202609261753IXZ6J05B,2026_26_sep_02,Citizen Science (ultrasonic) - shared
59~40306+18~07249_20260926_022003.wav,DEV_001_20260926_022003.wav,0,59.40306,18.07249,Leppun,Leptophyes punctatissima,Speckled Bush-cricket,bush-cricket,0.99,,,26/09/2026,25/09/2026,02:20:03,ClassifEspSWE-0002026-05-29_1,JOHANKARLSSON,202609261753IXZ6J05B,2026_26_sep_02,Citizen Science (ultrasonic) - shared
59~40306+18~07249_20260926_022013.wav,DEV_001_20260926_022013.wav,0,59.40306,18.07249,Leppun,Leptophyes punctatissima,Speckled Bush-cricket,bush-cricket,0.99,,,26/09/2026,25/09/2026,02:20:13,ClassifEspSWE-0002026-05-29_1,JOHANKARLSSON,202609261753IXZ6J05B,2026_26_sep_02,Citizen Science (ultrasonic) - shared
59~40306+18~07249_20260926_022020.wav,DEV_001_20260926_022020.wav,0,59.40306,18.07249,Leppun,Leptophyes punctatissima,Speckled Bush-cricket,bush-cricket,0.99,,,26/09/2026,25/09/2026,02:20:20,ClassifEspSWE-0002026-05-29_1,JOHANKARLSSON,202609261753IXZ6J05B,2026_26_sep_02,Citizen Science (ultrasonic) - shared
59~40306+18~07249_20260926_022025.wav,DEV_001_20260926_022025.wav,0,59.40306,18.07249,Leppun,Leptophyes punctatissima,Speckled Bush-cricket,bush-cricket,0.99,,,26/09/2026,25/09/2026,02:20:25,ClassifEspSWE-0002026-05-29_1,JOHANKARLSSON,202609261753IXZ6J05B,2026_26_sep_02,Citizen Science (ultrasonic) - shared
59~40306+18~07249_20260926_022033.wav,DEV_001_20260926_022033.wav,0,59.40306,18.07249,Leppun,Leptophyes punctatissima,Speckled Bush-cricket,bush-cricket,0.99,,,26/09/2026,25/09/2026,02:20:33,ClassifEspSWE-0002026-05-29_1,JOHANKARLSSON,202609261753IXZ6J05B,2026_26_sep_02,Citizen Science (ultrasonic) - shared
59~40306+18~07249_20260926_022040.wav,DEV_001_20260926_022040.wav,0,59.40306,18.07249,Leppun,Leptophyes punctatissima,Speckled Bush-cricket,bush-cricket,0.99,,,26/09/2026,25/09/2026,02:20:40,ClassifEspSWE-0002026-05-29_1,JOHANKARLSSON,202609261753IXZ6J05B,2026_26_sep_02,Citizen Science (ultrasonic) - shared
59~40306+18~07249_20260926_022048.wav,DEV_001_20260926_022048.wav,0,59.40306,18.07249,Leppun,Leptophyes punctatissima,Speckled Bush-cricket,bush-cricket,0.99,,,26/09/2026,25/09/2026,02:20:48,ClassifEspSWE-0002026-05-29_1,JOHANKARLSSON,202609261753IXZ6J05B,2026_26_sep_02,Citizen Science (ultrasonic) - shared
59~40306+18~07249_20260926_022057.wav,DEV_001_20260926_022057.wav,0,59.40306,18.07249,Leppun,Leptophyes punctatissima,Speckled Bush-cricket,bush-cricket,0.99,,,26/09/2026,25/09/2026,02:20:57,ClassifEspSWE-0002026-05-29_1,JOHANKARLSSON,202609261753IXZ6J05B,2026_26_sep_02,Citizen Science (ultrasonic) - shared
59~40306+18~07249_20260926_022105.wav,DEV_001_20260926_022105.wav,0,59.40306,18.07249,Leppun,Leptophyes punctatissima,Speckled Bush-cricket,bush-cricket,0.99,,,26/09/2026,25/09/2026,02:21:05,ClassifEspSWE-0002026-05-29_1,JOHANKARLSSON,202609261753IXZ6J05B,2026_26_sep_02,Citizen Science (ultrasonic) - shared
59~40306+18~07249_20260926_022112.wav,DEV_001_20260926_022112.wav,0,59.40306,18.07249,Leppun,Leptophyes punctatissima,Speckled Bush-cricket,bush-cricket,0.99,,,26/09/2026,25/09/2026,02:21:12,ClassifEspSWE-0002026-05-29_1,JOHANKARLSSON,202609261753IXZ6J05B,2026_26_sep_02,Citizen Science (ultrasonic) - shared
59~40306+18~07249_20260926_022118.wav,DEV_001_20260926_022118.wav,0,59.40306,18.07249,Leppun,Leptophyes punctatissima,Speckled Bush-cricket,bush-cricket,0.99,,,26/09/2026,25/09/2026,02:21:18,ClassifEspSWE-0002026-05-29_1,JOHANKARLSSON,202609261753IXZ6J05B,2026_26_sep_02,Citizen Science (ultrasonic) - shared
59~40306+18~07249_20260926_022128.wav,DEV_001_20260926_022128.wav,0,59.40306,18.07249,Leppun,Leptophyes punctatissima,Speckled Bush-cricket,bush-cricket,0.99,,,26/09/2026,25/09/2026,02:21:28,ClassifEspSWE-0002026-05-29_1,JOHANKARLSSON,202609261753IXZ6J05B,2026_26_sep_02,Citizen Science (ultrasonic) - shared
59~40306+18~07249_20260926_022137.wav,DEV_001_20260926_022137.wav,0,59.40306,18.07249,Leppun,Leptophyes punctatissima,Speckled Bush-cricket,bush-cricket,0.99,,,26/09/2026,25/09/2026,02:21:37,ClassifEspSWE-0002026-05-29_1,JOHANKARLSSON,202609261753IXZ6J05B,2026_26_sep_02,Citizen Science (ultrasonic) - shared
59~40306+18~07249_20260926_022142.wav,DEV_001_20260926_022142.wav,0,59.40306,18.07249,Leppun,Leptophyes punctatissima,Speckled Bush-cricket,bush-cricket,0.99,,,26/09/2026,25/09/2026,02:21:42,ClassifEspSWE-0002026-05-29_1,JOHANKARLSSON,202609261753IXZ6J05B,2026_26_sep_02,Citizen Science (ultrasonic) - shared
59~40306+18~07249_20260926_022150.wav,DEV_001_20260926_022150.wav,0,59.40306,18.07249,Leppun,Leptophyes punctatissima,Speckled Bush-cricket,bush-cricket,0.99,,,26/09/2026,25/09/2026,02:21:50,ClassifEspSWE-0002026-05-29_1,JOHANKARLSSON,202609261753IXZ6J05B,2026_26_sep_02,Citizen Science (ultrasonic) - shared
59~40306+18~07249_20260926_022159.wav,DEV_001_20260926_022159.wav,0,59.40306,18.07249,Leppun,Leptophyes punctatissima,Speckled Bush-cricket,bush-cricket,0.99,,,26/09/2026,25/09/2026,02:21:59,ClassifEspSWE-0002026-05-29_1,JOHANKARLSSON,202609261753IXZ6J05B,2026_26_sep_02,Citizen Science (ultrasonic) - shared
59~40306+18~07249_20260926_022208.wav,DEV_001_20260926_022208.wav,0,59.40306,18.07249,Leppun,Leptophyes punctatissima,Speckled Bush-cricket,bush-cricket,0.99,,,26/09/2026,25/09/2026,02:22:08,ClassifEspSWE-0002026-05-29_1,JOHANKARLSSON,202609261753IXZ6J05B,2026_26_sep_02,Citizen Science (ultrasonic) - shared
59~40306+18~07249_20260926_022213.wav,DEV_001_20260926_022213.wav,0,59.40306,18.07249,Leppun,Leptophyes punctatissima,Speckled Bush-cricket,bush-cricket,0.99,,,26/09/2026,25/09/2026,02:22:13,ClassifEspSWE-0002026-05-29_1,JOHANKARLSSON,202609261753IXZ6J05B,2026_26_sep_02,Citizen Science (ultrasonic) - shared
59~40306+18~07249_20260926_022224.wav,DEV_001_20260926_022224.wav,0,59.40306,18.07249,Leppun,Leptophyes punctatissima,Speckled Bush-cricket,bush-cricket,0.99,,,26/09/2026,25/09/2026,02:22:24,ClassifEspSWE-0002026-05-29_1,JOHANKARLSSON,202609261753IXZ6J05B,2026_26_sep_02,Citizen Science (ultrasonic) - shared
59~40306+18~07249_20260926_022231.wav,DEV_001_20260926_022231.wav,0,59.40306,18.07249,Leppun,Leptophyes punctatissima,Speckled Bush-cricket,bush-cricket,0.99,,,26/09/2026,25/09/2026,02:22:31,ClassifEspSWE-0002026-05-29_1,JOHANKARLSSON,202609261753IXZ6J05B,2026_26_sep_02,Citizen Science (ultrasonic) - shared
59~40306+18~07249_20260926_022237.wav,DEV_001_20260926_022237.wav,0,59.40306,18.07249,Leppun,Leptophyes punctatissima,Speckled Bush-cricket,bush-cricket,0.99,,,26/09/2026,25/09/2026,02:22:37,ClassifEspSWE-0002026-05-29_1,JOHANKARLSSON,202609261753IXZ6J05B,2026_26_sep_02,Citizen Science (ultrasonic) - shared
59~40306+18~07249_20260926_022246.wav,DEV_001_20260926_022246.wav,0,59.40306,18.07249,Leppun,Leptophyes punctatissima,Speckled Bush-cricket,bush-cricket,0.99,,,26/09/2026,25/09/2026,02:22:46,ClassifEspSWE-0002026-05-29_1,JOHANKARLSSON,202609261753IXZ6J05B,2026_26_sep_02,Citizen Science (ultrasonic) - shared
59~40306+18~07249_20260926_022253.wav,DEV_001_20260926_022253.wav,0,59.40306,18.07249,Leppun,Leptophyes punctatissima,Speckled Bush-cricket,bush-cricket,0.99,,,26/09/2026,25/09/2026,02:22:53,ClassifEspSWE-0002026-05-29_1,JOHANKARLSSON,202609261753IXZ6J05B,2026_26_sep_02,Citizen Science (ultrasonic) - shared
59~40306+18~07249_20260926_022301.wav,DEV_001_20260926_022301.wav,0,59.40306,18.07249,Leppun,Leptophyes punctatissima,Speckled Bush-cricket,bush-cricket,0.99,,,26/09/2026,25/09/2026,02:23:01,ClassifEspSWE-0002026-05-29_1,JOHANKARLSSON,202609261753IXZ6J05B,2026_26_sep_02,Citizen Science (ultrasonic) - shared
59~40306+18~07249_20260926_022309.wav,DEV_001_20260926_022309.wav,0,59.40306,18.07249,Leppun,Leptophyes punctatissima,Speckled Bush-cricket,bush-cricket,0.99,,,26/09/2026,25/09/2026,02:23:09,ClassifEspSWE-0002026-05-29_1,JOHANKARLSSON,202609261753IXZ6J05B,2026_26_sep_02,Citizen Science (ultrasonic) - shared
59~40306+18~07249_20260926_022317.wav,DEV_001_20260926_022317.wav,0,59.40306,18.07249,Leppun,Leptophyes punctatissima,Speckled Bush-cricket,bush-cricket,0.99,,,26/09/2026,25/09/2026,02:23:17,ClassifEspSWE-0002026-05-29_1,JOHANKARLSSON,202609261753IXZ6J05B,2026_26_sep_02,Citizen Science (ultrasonic) - shared
59~40306+18~07249_20260926_022325.wav,DEV_001_20260926_022325.wav,0,59.40306,18.07249,Leppun,Leptophyes punctatissima,Speckled Bush-cricket,bush-cricket,0.99,,,26/09/2026,25/09/2026,02:23:25,ClassifEspSWE-0002026-05-29_1,JOHANKARLSSON,202609261753IXZ6J05B,2026_26_sep_02,Citizen Science (ultrasonic) - shared
59~40306+18~07249_20260926_022332.wav,DEV_001_20260926_022332.wav,0,59.40306,18.07249,Leppun,Leptophyes punctatissima,Speckled Bush-cricket,bush-cricket,0.99,,,26/09/2026,25/09/2026,02:23:32,ClassifEspSWE-0002026-05-29_1,JOHANKARLSSON,202609261753IXZ6J05B,2026_26_sep_02,Citizen Science (ultrasonic) - shared
59~40306+18~07249_20260926_022341.wav,DEV_001_20260926_022341.wav,0,59.40306,18.07249,Leppun,Leptophyes punctatissima,Speckled Bush-cricket,bush-cricket,0.99,,,26/09/2026,25/09/2026,02:23:41,ClassifEspSWE-0002026-05-29_1,JOHANKARLSSON,202609261753IXZ6J05B,2026_26_sep_02,Citizen Science (ultrasonic) - shared
59~40306+18~07249_20260926_022350.wav,DEV_001_20260926_022350.wav,0,59.40306,18.07249,Leppun,Leptophyes punctatissima,Speckled Bush-cricket,bush-cricket,0.99,,,26/09/2026,25/09/2026,02:23:50,ClassifEspSWE-0002026-05-29_1,JOHANKARLSSON,202609261753IXZ6J05B,2026_26_sep_02,Citizen Science (ultrasonic) - shared
59~40306+18~07249_20260926_022358.wav,DEV_001_20260926_022358.wav,0,59.40306,18.07249,Leppun,Leptophyes punctatissima,Speckled Bush-cricket,bush-cricket,0.99,,,26/09/2026,25/09/2026,02:23:58,ClassifEspSWE-0002026-05-29_1,JOHANKARLSSON,202609261753IXZ6J05B,2026_26_sep_02,Citizen Science (ultrasonic) - shared
59~40306+18~07249_20260926_022407.wav,DEV_001_20260926_022407.wav,0,59.40306,18.07249,Leppun,Leptophyes punctatissima,Speckled Bush-cricket,bush-cricket,0.99,,,26/09/2026,25/09/2026,02:24:07,ClassifEspSWE-0002026-05-29_1,JOHANKARLSSON,202609261753IXZ6J05B,2026_26_sep_02,Citizen Science (ultrasonic) - shared
59~40306+18~07249_20260926_022414.wav,DEV_001_20260926_022414.wav,0,59.40306,18.07249,Leppun,Leptophyes punctatissima,Speckled Bush-cricket,bush-cricket,0.99,,,26/09/2026,25/09/2026,02:24:14,ClassifEspSWE-0002026-05-29_1,JOHANKARLSSON,202609261753IXZ6J05B,2026_26_sep_02,Citizen Science (ultrasonic) - shared
59~40306+18~07249_20260926_022422.wav,DEV_001_20260926_022422.wav,0,59.40306,18.07249,Leppun,Leptophyes punctatissima,Speckled Bush-cricket,bush-cricket,0.99,,,26/09/2026,25/09/2026,02:24:22,ClassifEspSWE-0002026-05-29_1,JOHANKARLSSON,202609261753IXZ6J05B,2026_26_sep_02,Citizen Science (ultrasonic) - shared
59~40306+18~07249_20260926_022430.wav,DEV_001_20260926_022430.wav,0,59.40306,18.07249,Leppun,Leptophyes punctatissima,Speckled Bush-cricket,bush-cricket,0.99,,,26/09/2026,25/09/2026,02:24:30,ClassifEspSWE-0002026-05-29_1,JOHANKARLSSON,202609261753IXZ6J05B,2026_26_sep_02,Citizen Science (ultrasonic) - shared
59~40306+18~07249_20260926_022439.wav,DEV_001_20260926_022439.wav,0,59.40306,18.07249,Leppun,Leptophyes punctatissima,Speckled Bush-cricket,bush-cricket,0.99,,,26/09/2026,25/09/2026,02:24:39,ClassifEspSWE-0002026-05-29_1,JOHANKARLSSON,202609261753IXZ6J05B,2026_26_sep_02,Citizen Science (ultrasonic) - shared
59~40306+18~07249_20260926_022444.wav,DEV_001_20260926_022444.wav,0,59.40306,18.07249,Leppun,Leptophyes punctatissima,Speckled Bush-cricket,bush-cricket,0.99,,,26/09/2026,25/09/2026,02:24:44,ClassifEspSWE-0002026-05-29_1,JOHANKARLSSON,202609261753IXZ6J05B,2026_26_sep_02,Citizen Science (ultrasonic) - shared
59~40306+18~07249_20260926_022449.wav,DEV_001_20260926_022449.wav,0,59.40306,18.07249,Leppun,Leptophyes punctatissima,Speckled Bush-cricket,bush-cricket,0.99,,,26/09/2026,25/09/2026,02:24:49,ClassifEspSWE-0002026-05-29_1,JOHANKARLSSON,202609261753IXZ6J05B,2026_26_sep_02,Citizen Science (ultrasonic) - shared
59~40306+18~07249_20260926_022456.wav,DEV_001_20260926_022456.wav,0,59.40306,18.07249,Leppun,Leptophyes punctatissima,Speckled Bush-cricket,bush-cricket,0.99,,,26/09/2026,25/09/2026,02:24:56,ClassifEspSWE-0002026-05-29_1,JOHANKARLSSON,202609261753IXZ6J05B,2026_26_sep_02,Citizen Science (ultrasonic) - shared
59~40306+18~07249_20260926_022501.wav,DEV_001_20260926_022501.wav,0,59.40306,18.07249,Leppun,Leptophyes punctatissima,Speckled Bush-cricket,bush-cricket,0.99,,,26/09/2026,25/09/2026,02:25:01,ClassifEspSWE-0002026-05-29_1,JOHANKARLSSON,202609261753IXZ6J05B,2026_26_sep_02,Citizen Science (ultrasonic) - shared
59~40306+18~07249_20260926_022507.wav,DEV_001_20260926_022507.wav,0,59.40306,18.07249,Leppun,Leptophyes punctatissima,Speckled Bush-cricket,bush-cricket,0.99,,,26/09/2026,25/09/2026,02:25:07,ClassifEspSWE-0002026-05-29_1,JOHANKARLSSON,202609261753IXZ6J05B,2026_26_sep_02,Citizen Science (ultrasonic) - shared
59~40306+18~07249_20260926_022515.wav,DEV_001_20260926_022515.wav,0,59.40306,18.07249,Leppun,Leptophyes punctatissima,Speckled Bush-cricket,bush-cricket,0.99,,,26/09/2026,25/09/2026,02:25:15,ClassifEspSWE-0002026-05-29_1,JOHANKARLSSON,202609261753IXZ6J05B,2026_26_sep_02,Citizen Science (ultrasonic) - shared
59~40306+18~07249_20260926_022522.wav,DEV_001_20260926_022522.wav,0,59.40306,18.07249,Leppun,Leptophyes punctatissima,Speckled Bush-cricket,bush-cricket,0.99,,,26/09/2026,25/09/2026,02:25:22,ClassifEspSWE-0002026-05-29_1,JOHANKARLSSON,202609261753IXZ6J05B,2026_26_sep_02,Citizen Science (ultrasonic) - shared
59~40306+18~07249_20260926_022536.wav,DEV_001_20260926_022536.wav,0,59.40306,18.07249,Leppun,Leptophyes punctatissima,Speckled Bush-cricket,bush-cricket,0.99,,,26/09/2026,25/09/2026,02:25:36,ClassifEspSWE-0002026-05-29_1,JOHANKARLSSON,202609261753IXZ6J05B,2026_26_sep_02,Citizen Science (ultrasonic) - shared
59~40306+18~07249_20260926_022545.wav,DEV_001_20260926_022545.wav,0,59.40306,18.07249,Leppun,Leptophyes punctatissima,Speckled Bush-cricket,bush-cricket,0.99,,,26/09/2026,25/09/2026,02:25:45,ClassifEspSWE-0002026-05-29_1,JOHANKARLSSON,202609261753IXZ6J05B,2026_26_sep_02,Citizen Science (ultrasonic) - shared
59~40306+18~07249_20260926_022555.wav,DEV_001_20260926_022555.wav,0,59.40306,18.07249,Leppun,Leptophyes punctatissima,Speckled Bush-cricket,bush-cricket,0.99,,,26/09/2026,25/09/2026,02:25:55,ClassifEspSWE-0002026-05-29_1,JOHANKARLSSON,202609261753IXZ6J05B,2026_26_sep_02,Citizen Science (ultrasonic) - shared
59~40306+18~07249_20260926_022605.wav,DEV_001_20260926_022605.wav,0,59.40306,18.07249,Leppun,Leptophyes punctatissima,Speckled Bush-cricket,bush-cricket,0.99,,,26/09/2026,25/09/2026,02:26:05,ClassifEspSWE-0002026-05-29_1,JOHANKARLSSON,202609261753IXZ6J05B,2026_26_sep_02,Citizen Science (ultrasonic) - shared
59~40306+18~07249_20260926_022612.wav,DEV_001_20260926_022612.wav,0,59.40306,18.07249,Leppun,Leptophyes punctatissima,Speckled Bush-cricket,bush-cricket,0.99,,,26/09/2026,25/09/2026,02:26:12,ClassifEspSWE-0002026-05-29_1,JOHANKARLSSON,202609261753IXZ6J05B,2026_26_sep_02,Citizen Science (ultrasonic) - shared
59~40306+18~07249_20260926_022620.wav,DEV_001_20260926_022620.wav,0,59.40306,18.07249,Leppun,Leptophyes punctatissima,Speckled Bush-cricket,bush-cricket,0.99,,,26/09/2026,25/09/2026,02:26:20,ClassifEspSWE-0002026-05-29_1,JOHANKARLSSON,202609261753IXZ6J05B,2026_26_sep_02,Citizen Science (ultrasonic) - shared
59~40306+18~07249_20260926_022628.wav,DEV_001_20260926_022628.wav,0,59.40306,18.07249,Leppun,Leptophyes punctatissima,Speckled Bush-cricket,bush-cricket,0.99,,,26/09/2026,25/09/2026,02:26:28,ClassifEspSWE-0002026-05-29_1,JOHANKARLSSON,202609261753IXZ6J05B,2026_26_sep_02,Citizen Science (ultrasonic) - shared
59~40306+18~07249_20260926_022637.wav,DEV_001_20260926_022637.wav,0,59.40306,18.07249,Leppun,Leptophyes punctatissima,Speckled Bush-cricket,bush-cricket,0.99,,,26/09/2026,25/09/2026,02:26:37,ClassifEspSWE-0002026-05-29_1,JOHANKARLSSON,202609261753IXZ6J05B,2026_26_sep_02,Citizen Science (ultrasonic) - shared
59~40306+18~07249_20260926_022645.wav,DEV_001_20260926_022645.wav,0,59.40306,18.07249,Leppun,Leptophyes punctatissima,Speckled Bush-cricket,bush-cricket,0.99,,,26/09/2026,25/09/2026,02:26:45,ClassifEspSWE-0002026-05-29_1,JOHANKARLSSON,202609261753IXZ6J05B,2026_26_sep_02,Citizen Science (ultrasonic) - shared
59~40306+18~07249_20260926_022658.wav,DEV_001_20260926_022658.wav,0,59.40306,18.07249,Leppun,Leptophyes punctatissima,Speckled Bush-cricket,bush-cricket,0.99,,,26/09/2026,25/09/2026,02:26:58,ClassifEspSWE-0002026-05-29_1,JOHANKARLSSON,202609261753IXZ6J05B,2026_26_sep_02,Citizen Science (ultrasonic) - shared
59~40306+18~07249_20260926_022703.wav,DEV_001_20260926_022703.wav,0,59.40306,18.07249,Leppun,Leptophyes punctatissima,Speckled Bush-cricket,bush-cricket,0.99,,,26/09/2026,25/09/2026,02:27:03,ClassifEspSWE-0002026-05-29_1,JOHANKARLSSON,202609261753IXZ6J05B,2026_26_sep_02,Citizen Science (ultrasonic) - shared
59~40306+18~07249_20260926_022711.wav,DEV_001_20260926_022711.wav,0,59.40306,18.07249,Leppun,Leptophyes punctatissima,Speckled Bush-cricket,bush-cricket,0.99,,,26/09/2026,25/09/2026,02:27:11,ClassifEspSWE-0002026-05-29_1,JOHANKARLSSON,202609261753IXZ6J05B,2026_26_sep_02,Citizen Science (ultrasonic) - shared
59~40306+18~07249_20260926_022719.wav,DEV_001_20260926_022719.wav,0,59.40306,18.07249,Leppun,Leptophyes punctatissima,Speckled Bush-cricket,bush-cricket,0.99,,,26/09/2026,25/09/2026,02:27:19,ClassifEspSWE-0002026-05-29_1,JOHANKARLSSON,202609261753IXZ6J05B,2026_26_sep_02,Citizen Science (ultrasonic) - shared
59~40306+18~07249_20260926_022724.wav,DEV_001_20260926_022724.wav,0,59.40306,18.07249,Leppun,Leptophyes punctatissima,Speckled Bush-cricket,bush-cricket,0.99,,,26/09/2026,25/09/2026,02:27:24,ClassifEspSWE-0002026-05-29_1,JOHANKARLSSON,202609261753IXZ6J05B,2026_26_sep_02,Citizen Science (ultrasonic) - shared
59~40306+18~07249_20260926_022732.wav,DEV_001_20260926_022732.wav,0,59.40306,18.07249,Leppun,Leptophyes punctatissima,Speckled Bush-cricket,bush-cricket,0.99,,,26/09/2026,25/09/2026,02:27:32,ClassifEspSWE-0002026-05-29_1,JOHANKARLSSON,202609261753IXZ6J05B,2026_26_sep_02,Citizen Science (ultrasonic) - shared
59~40306+18~07249_20260926_022741.wav,DEV_001_20260926_022741.wav,0,59.40306,18.07249,Leppun,Leptophyes punctatissima,Speckled Bush-cricket,bush-cricket,0.99,,,26/09/2026,25/09/2026,02:27:41,ClassifEspSWE-0002026-05-29_1,JOHANKARLSSON,202609261753IXZ6J05B,2026_26_sep_02,Citizen Science (ultrasonic) - shared
59~40306+18~07249_20260926_022748.wav,DEV_001_20260926_022748.wav,0,59.40306,18.07249,Leppun,Leptophyes punctatissima,Speckled Bush-cricket,bush-cricket,0.99,,,26/09/2026,25/09/2026,02:27:48,ClassifEspSWE-0002026-05-29_1,JOHANKARLSSON,202609261753IXZ6J05B,2026_26_sep_02,Citizen Science (ultrasonic) - shared
59~40306+18~07249_20260926_022756.wav,DEV_001_20260926_022756.wav,0,59.40306,18.07249,Leppun,Leptophyes punctatissima,Speckled Bush-cricket,bush-cricket,0.99,,,26/09/2026,25/09/2026,02:27:56,ClassifEspSWE-0002026-05-29_1,JOHANKARLSSON,202609261753IXZ6J05B,2026_26_sep_02,Citizen Science (ultrasonic) - shared
59~40306+18~07249_20260926_022801.wav,DEV_001_20260926_022801.wav,0,59.40306,18.07249,Leppun,Leptophyes punctatissima,Speckled Bush-cricket,bush-cricket,0.99,,,26/09/2026,25/09/2026,02:28:01,ClassifEspSWE-0002026-05-29_1,JOHANKARLSSON,202609261753IXZ6J05B,2026_26_sep_02,Citizen Science (ultrasonic) - shared
59~40306+18~07249_20260926_022808.wav,DEV_001_20260926_022808.wav,0,59.40306,18.07249,Leppun,Leptophyes punctatissima,Speckled Bush-cricket,bush-cricket,0.99,,,26/09/2026,25/09/2026,02:28:08,ClassifEspSWE-0002026-05-29_1,JOHANKARLSSON,202609261753IXZ6J05B,2026_26_sep_02,Citizen Science (ultrasonic) - shared
59~40306+18~07249_20260926_022815.wav,DEV_001_20260926_022815.wav,0,59.40306,18.07249,Leppun,Leptophyes punctatissima,Speckled Bush-cricket,bush-cricket,0.99,,,26/09/2026,25/09/2026,02:28:15,ClassifEspSWE-0002026-05-29_1,JOHANKARLSSON,202609261753IXZ6J05B,2026_26_sep_02,Citizen Science (ultrasonic) - shared
59~40306+18~07249_20260926_022823.wav,DEV_001_20260926_022823.wav,0,59.40306,18.07249,Leppun,Leptophyes punctatissima,Speckled Bush-cricket,bush-cricket,0.99,,,26/09/2026,25/09/2026,02:28:23,ClassifEspSWE-0002026-05-29_1,JOHANKARLSSON,202609261753IXZ6J05B,2026_26_sep_02,Citizen Science (ultrasonic) - shared
59~40306+18~07249_20260926_022831.wav,DEV_001_20260926_022831.wav,0,59.40306,18.07249,Leppun,Leptophyes punctatissima,Speckled Bush-cricket,bush-cricket,0.99,,,26/09/2026,25/09/2026,02:28:31,ClassifEspSWE-0002026-05-29_1,JOHANKARLSSON,202609261753IXZ6J05B,2026_26_sep_02,Citizen Science (ultrasonic) - shared
59~40306+18~07249_20260926_022838.wav,DEV_001_20260926_022838.wav,0,59.40306,18.07249,Leppun,Leptophyes punctatissima,Speckled Bush-cricket,bush-cricket,0.99,,,26/09/2026,25/09/2026,02:28:38,ClassifEspSWE-0002026-05-29_1,JOHANKARLSSON,202609261753IXZ6J05B,2026_26_sep_02,Citizen Science (ultrasonic) - shared
59~40306+18~07249_20260926_022846.wav,DEV_001_20260926_022846.wav,0,59.40306,18.07249,Leppun,Leptophyes punctatissima,Speckled Bush-cricket,bush-cricket,0.99,,,26/09/2026,25/09/2026,02:28:46,ClassifEspSWE-0002026-05-29_1,JOHANKARLSSON,202609261753IXZ6J05B,2026_26_sep_02,Citizen Science (ultrasonic) - shared
59~40306+18~07249_20260926_022854.wav,DEV_001_20260926_022854.wav,0,59.40306,18.07249,Leppun,Leptophyes punctatissima,Speckled Bush-cricket,bush-cricket,0.99,,,26/09/2026,25/09/2026,02:28:54,ClassifEspSWE-0002026-05-29_1,JOHANKARLSSON,202609261753IXZ6J05B,2026_26_sep_02,Citizen Science (ultrasonic) - shared
59~40306+18~07249_20260926_022901.wav,DEV_001_20260926_022901.wav,0,59.40306,18.07249,Leppun,Leptophyes punctatissima,Speckled Bush-cricket,bush-cricket,0.99,,,26/09/2026,25/09/2026,02:29:01,ClassifEspSWE-0002026-05-29_1,JOHANKARLSSON,202609261753IXZ6J05B,2026_26_sep_02,Citizen Science (ultrasonic) - shared
59~40306+18~07249_20260926_022907.wav,DEV_001_20260926_022907.wav,0,59.40306,18.07249,Leppun,Leptophyes punctatissima,Speckled Bush-cricket,bush-cricket,0.99,,,26/09/2026,25/09/2026,02:29:07,ClassifEspSWE-0002026-05-29_1,JOHANKARLSSON,202609261753IXZ6J05B,2026_26_sep_02,Citizen Science (ultrasonic) - shared
59~40306+18~07249_20260926_022914.wav,DEV_001_20260926_022914.wav,0,59.40306,18.07249,Leppun,Leptophyes punctatissima,Speckled Bush-cricket,bush-cricket,0.99,,,26/09/2026,25/09/2026,02:29:14,ClassifEspSWE-0002026-05-29_1,JOHANKARLSSON,202609261753IXZ6J05B,2026_26_sep_02,Citizen Science (ultrasonic) - shared
59~40306+18~07249_20260926_022920.wav,DEV_001_20260926_022920.wav,0,59.40306,18.07249,Leppun,Leptophyes punctatissima,Speckled Bush-cricket,bush-cricket,0.99,,,26/09/2026,25/09/2026,02:29:20,ClassifEspSWE-0002026-05-29_1,JOHANKARLSSON,202609261753IXZ6J05B,2026_26_sep_02,Citizen Science (ultrasonic) - shared
59~40306+18~07249_20260926_022926.wav,DEV_001_20260926_022926.wav,0,59.40306,18.07249,Leppun,Leptophyes punctatissima,Speckled Bush-cricket,bush-cricket,0.99,,,26/09/2026,25/09/2026,02:29:26,ClassifEspSWE-0002026-05-29_1,JOHANKARLSSON,202609261753IXZ6J05B,2026_26_sep_02,Citizen Science (ultrasonic) - shared
59~40306+18~07249_20260926_022932.wav,DEV_001_20260926_022932.wav,0,59.40306,18.07249,Leppun,Leptophyes punctatissima,Speckled Bush-cricket,bush-cricket,0.99,,,26/09/2026,25/09/2026,02:29:32,ClassifEspSWE-0002026-05-29_1,JOHANKARLSSON,202609261753IXZ6J05B,2026_26_sep_02,Citizen Science (ultrasonic) - shared
59~40306+18~07249_20260926_022938.wav,DEV_001_20260926_022938.wav,0,59.40306,18.07249,Leppun,Leptophyes punctatissima,Speckled Bush-cricket,bush-cricket,0.99,,,26/09/2026,25/09/2026,02:29:38,ClassifEspSWE-0002026-05-29_1,JOHANKARLSSON,202609261753IXZ6J05B,2026_26_sep_02,Citizen Science (ultrasonic) - shared
59~40306+18~07249_20260926_022946.wav,DEV_001_20260926_022946.wav,0,59.40306,18.07249,Leppun,Leptophyes punctatissima,Speckled Bush-cricket,bush-cricket,0.99,,,26/09/2026,25/09/2026,02:29:46,ClassifEspSWE-0002026-05-29_1,JOHANKARLSSON,202609261753IXZ6J05B,2026_26_sep_02,Citizen Science (ultrasonic) - shared
59~40306+18~07249_20260926_022953.wav,DEV_001_20260926_022953.wav,0,59.40306,18.07249,Leppun,Leptophyes punctatissima,Speckled Bush-cricket,bush-cricket,0.99,,,26/09/2026,25/09/2026,02:29:53,ClassifEspSWE-0002026-05-29_1,JOHANKARLSSON,202609261753IXZ6J05B,2026_26_sep_02,Citizen Science (ultrasonic) - shared
59~40306+18~07249_20260926_022958.wav,DEV_001_20260926_022958.wav,0,59.40306,18.07249,Leppun,Leptophyes punctatissima,Speckled Bush-cricket,bush-cricket,0.99,,,26/09/2026,25/09/2026,02:29:58,ClassifEspSWE-0002026-05-29_1,JOHANKARLSSON,202609261753IXZ6J05B,2026_26_sep_02,Citizen Science (ultrasonic) - shared
59~40306+18~07249_20260926_023006.wav,DEV_001_20260926_023006.wav,0,59.40306,18.07249,Leppun,Leptophyes punctatissima,Speckled Bush-cricket,bush-cricket,0.99,,,26/09/2026,25/09/2026,02:30:06,ClassifEspSWE-0002026-05-29_1,JOHANKARLSSON,202609261753IXZ6J05B,2026_26_sep_02,Citizen Science (ultrasonic) - shared
59~40306+18~07249_20260926_023014.wav,DEV_001_20260926_023014.wav,0,59.40306,18.07249,Leppun,Leptophyes punctatissima,Speckled Bush-cricket,bush-cricket,0.99,,,26/09/2026,25/09/2026,02:30:14,ClassifEspSWE-0002026-05-29_1,JOHANKARLSSON,202609261753IXZ6J05B,2026_26_sep_02,Citizen Science (ultrasonic) - shared
59~40306+18~07249_20260926_023022.wav,DEV_001_20260926_023022.wav,0,59.40306,18.07249,Leppun,Leptophyes punctatissima,Speckled Bush-cricket,bush-cricket,0.99,,,26/09/2026,25/09/2026,02:30:22,ClassifEspSWE-0002026-05-29_1,JOHANKARLSSON,202609261753IXZ6J05B,2026_26_sep_02,Citizen Science (ultrasonic) - shared
59~40306+18~07249_20260926_023028.wav,DEV_001_20260926_023028.wav,0,59.40306,18.07249,Leppun,Leptophyes punctatissima,Speckled Bush-cricket,bush-cricket,0.99,,,26/09/2026,25/09/2026,02:30:28,ClassifEspSWE-0002026-05-29_1,JOHANKARLSSON,202609261753IXZ6J05B,2026_26_sep_02,Citizen Science (ultrasonic) - shared
59~40306+18~07249_20260926_023034.wav,DEV_001_20260926_023034.wav,0,59.40306,18.07249,Leppun,Leptophyes punctatissima,Speckled Bush-cricket,bush-cricket,0.99,,,26/09/2026,25/09/2026,02:30:34,ClassifEspSWE-0002026-05-29_1,JOHANKARLSSON,202609261753IXZ6J05B,2026_26_sep_02,Citizen Science (ultrasonic) - shared
59~40306+18~07249_20260926_023041.wav,DEV_001_20260926_023041.wav,0,59.40306,18.07249,Leppun,Leptophyes punctatissima,Speckled Bush-cricket,bush-cricket,0.99,,,26/09/2026,25/09/2026,02:30:41,ClassifEspSWE-0002026-05-29_1,JOHANKARLSSON,202609261753IXZ6J05B,2026_26_sep_02,Citizen Science (ultrasonic) - shared
59~40306+18~07249_20260926_023049.wav,DEV_001_20260926_023049.wav,0,59.40306,18.07249,Leppun,Leptophyes punctatissima,Speckled Bush-cricket,bush-cricket,0.99,,,26/09/2026,25/09/2026,02:30:49,ClassifEspSWE-0002026-05-29_1,JOHANKARLSSON,202609261753IXZ6J05B,2026_26_sep_02,Citizen Science (ultrasonic) - shared
59~40306+18~07249_20260926_023056.wav,DEV_001_20260926_023056.wav,0,59.40306,18.07249,Leppun,Leptophyes punctatissima,Speckled Bush-cricket,bush-cricket,0.99,,,26/09/2026,25/09/2026,02:30:56,ClassifEspSWE-0002026-05-29_1,JOHANKARLSSON,202609261753IXZ6J05B,2026_26_sep_02,Citizen Science (ultrasonic) - shared
59~40306+18~07249_20260926_023103.wav,DEV_001_20260926_023103.wav,0,59.40306,18.07249,Leppun,Leptophyes punctatissima,Speckled Bush-cricket,bush-cricket,0.99,,,26/09/2026,25/09/2026,02:31:03,ClassifEspSWE-0002026-05-29_1,JOHANKARLSSON,202609261753IXZ6J05B,2026_26_sep_02,Citizen Science (ultrasonic) - shared
59~40306+18~07249_20260926_023108.wav,DEV_001_20260926_023108.wav,0,59.40306,18.07249,Leppun,Leptophyes punctatissima,Speckled Bush-cricket,bush-cricket,0.99,,,26/09/2026,25/09/2026,02:31:08,ClassifEspSWE-0002026-05-29_1,JOHANKARLSSON,202609261753IXZ6J05B,2026_26_sep_02,Citizen Science (ultrasonic) - shared
59~40306+18~07249_20260926_023114.wav,DEV_001_20260926_023114.wav,0,59.40306,18.07249,Leppun,Leptophyes punctatissima,Speckled Bush-cricket,bush-cricket,0.99,,,26/09/2026,25/09/2026,02:31:14,ClassifEspSWE-0002026-05-29_1,JOHANKARLSSON,202609261753IXZ6J05B,2026_26_sep_02,Citizen Science (ultrasonic) - shared
59~40306+18~07249_20260926_023121.wav,DEV_001_20260926_023121.wav,0,59.40306,18.07249,Leppun,Leptophyes punctatissima,Speckled Bush-cricket,bush-cricket,0.99,,,26/09/2026,25/09/2026,02:31:21,ClassifEspSWE-0002026-05-29_1,JOHANKARLSSON,202609261753IXZ6J05B,2026_26_sep_02,Citizen Science (ultrasonic) - shared
59~40306+18~07249_20260926_023128.wav,DEV_001_20260926_023128.wav,0,59.40306,18.07249,Leppun,Leptophyes punctatissima,Speckled Bush-cricket,bush-cricket,0.99,,,26/09/2026,25/09/2026,02:31:28,ClassifEspSWE-0002026-05-29_1,JOHANKARLSSON,202609261753IXZ6J05B,2026_26_sep_02,Citizen Science (ultrasonic) - shared
59~40306+18~07249_20260926_023134.wav,DEV_001_20260926_023134.wav,0,59.40306,18.07249,Leppun,Leptophyes punctatissima,Speckled Bush-cricket,bush-cricket,0.99,,,26/09/2026,25/09/2026,02:31:34,ClassifEspSWE-0002026-05-29_1,JOHANKARLSSON,202609261753IXZ6J05B,2026_26_sep_02,Citizen Science (ultrasonic) - shared
59~40306+18~07249_20260926_023140.wav,DEV_001_20260926_023140.wav,0,59.40306,18.07249,Leppun,Leptophyes punctatissima,Speckled Bush-cricket,bush-cricket,0.99,,,26/09/2026,25/09/2026,02:31:40,ClassifEspSWE-0002026-05-29_1,JOHANKARLSSON,202609261753IXZ6J05B,2026_26_sep_02,Citizen Science (ultrasonic) - shared
59~40306+18~07249_20260926_023146.wav,DEV_001_20260926_023146.wav,0,59.40306,18.07249,Leppun,Leptophyes punctatissima,Speckled Bush-cricket,bush-cricket,0.99,,,26/09/2026,25/09/2026,02:31:46,ClassifEspSWE-0002026-05-29_1,JOHANKARLSSON,202609261753IXZ6J05B,2026_26_sep_02,Citizen Science (ultrasonic) - shared
59~40306+18~07249_20260926_023152.wav,DEV_001_20260926_023152.wav,0,59.40306,18.07249,Leppun,Leptophyes punctatissima,Speckled Bush-cricket,bush-cricket,0.99,,,26/09/2026,25/09/2026,02:31:52,ClassifEspSWE-0002026-05-29_1,JOHANKARLSSON,202609261753IXZ6J05B,2026_26_sep_02,Citizen Science (ultrasonic) - shared
59~40306+18~07249_20260926_023200.wav,DEV_001_20260926_023200.wav,0,59.40306,18.07249,Leppun,Leptophyes punctatissima,Speckled Bush-cricket,bush-cricket,0.99,,,26/09/2026,25/09/2026,02:32:00,ClassifEspSWE-0002026-05-29_1,JOHANKARLSSON,202609261753IXZ6J05B,2026_26_sep_02,Citizen Science (ultrasonic) - shared
59~40306+18~07249_20260926_023207.wav,DEV_001_20260926_023207.wav,0,59.40306,18.07249,Leppun,Leptophyes punctatissima,Speckled Bush-cricket,bush-cricket,0.99,,,26/09/2026,25/09/2026,02:32:07,ClassifEspSWE-0002026-05-29_1,JOHANKARLSSON,202609261753IXZ6J05B,2026_26_sep_02,Citizen Science (ultrasonic) - shared
59~40306+18~07249_20260926_023213.wav,DEV_001_20260926_023213.wav,0,59.40306,18.07249,Leppun,Leptophyes punctatissima,Speckled Bush-cricket,bush-cricket,0.99,,,26/09/2026,25/09/2026,02:32:13,ClassifEspSWE-0002026-05-29_1,JOHANKARLSSON,202609261753IXZ6J05B,2026_26_sep_02,Citizen Science (ultrasonic) - shared
59~40306+18~07249_20260926_023219.wav,DEV_001_20260926_023219.wav,0,59.40306,18.07249,Leppun,Leptophyes punctatissima,Speckled Bush-cricket,bush-cricket,0.99,,,26/09/2026,25/09/2026,02:32:19,ClassifEspSWE-0002026-05-29_1,JOHANKARLSSON,202609261753IXZ6J05B,2026_26_sep_02,Citizen Science (ultrasonic) - shared
59~40306+18~07249_20260926_023226.wav,DEV_001_20260926_023226.wav,0,59.40306,18.07249,Leppun,Leptophyes punctatissima,Speckled Bush-cricket,bush-cricket,0.99,,,26/09/2026,25/09/2026,02:32:26,ClassifEspSWE-0002026-05-29_1,JOHANKARLSSON,202609261753IXZ6J05B,2026_26_sep_02,Citizen Science (ultrasonic) - shared
59~40306+18~07249_20260926_023235.wav,DEV_001_20260926_023235.wav,0,59.40306,18.07249,Leppun,Leptophyes punctatissima,Speckled Bush-cricket,bush-cricket,0.99,,,26/09/2026,25/09/2026,02:32:35,ClassifEspSWE-0002026-05-29_1,JOHANKARLSSON,202609261753IXZ6J05B,2026_26_sep_02,Citizen Science (ultrasonic) - shared
59~40306+18~07249_20260926_023240.wav,DEV_001_20260926_023240.wav,0,59.40306,18.07249,Leppun,Leptophyes punctatissima,Speckled Bush-cricket,bush-cricket,0.99,,,26/09/2026,25/09/2026,02:32:40,ClassifEspSWE-0002026-05-29_1,JOHANKARLSSON,202609261753IXZ6J05B,2026_26_sep_02,Citizen Science (ultrasonic) - shared
59~40306+18~07249_20260926_023246.wav,DEV_001_20260926_023246.wav,0,59.40306,18.07249,Leppun,Leptophyes punctatissima,Speckled Bush-cricket,bush-cricket,0.99,,,26/09/2026,25/09/2026,02:32:46,ClassifEspSWE-0002026-05-29_1,JOHANKARLSSON,202609261753IXZ6J05B,2026_26_sep_02,Citizen Science (ultrasonic) - shared
59~40306+18~07249_20260926_023255.wav,DEV_001_20260926_023255.wav,0,59.40306,18.07249,Leppun,Leptophyes punctatissima,Speckled Bush-cricket,bush-cricket,0.99,,,26/09/2026,25/09/2026,02:32:55,ClassifEspSWE-0002026-05-29_1,JOHANKARLSSON,202609261753IXZ6J05B,2026_26_sep_02,Citizen Science (ultrasonic) - shared
59~40306+18~07249_20260926_023304.wav,DEV_001_20260926_023304.wav,0,59.40306,18.07249,Leppun,Leptophyes punctatissima,Speckled Bush-cricket,bush-cricket,0.99,,,26/09/2026,25/09/2026,02:33:04,ClassifEspSWE-0002026-05-29_1,JOHANKARLSSON,202609261753IXZ6J05B,2026_26_sep_02,Citizen Science (ultrasonic) - shared
59~40306+18~07249_20260926_023309.wav,DEV_001_20260926_023309.wav,0,59.40306,18.07249,Leppun,Leptophyes punctatissima,Speckled Bush-cricket,bush-cricket,0.99,,,26/09/2026,25/09/2026,02:33:09,ClassifEspSWE-0002026-05-29_1,JOHANKARLSSON,202609261753IXZ6J05B,2026_26_sep_02,Citizen Science (ultrasonic) - shared
59~40306+18~07249_20260926_023316.wav,DEV_001_20260926_023316.wav,0,59.40306,18.07249,Leppun,Leptophyes punctatissima,Speckled Bush-cricket,bush-cricket,0.99,,,26/09/2026,25/09/2026,02:33:16,ClassifEspSWE-0002026-05-29_1,JOHANKARLSSON,202609261753IXZ6J05B,2026_26_sep_02,Citizen Science (ultrasonic) - shared
59~40306+18~07249_20260926_023321.wav,DEV_001_20260926_023321.wav,0,59.40306,18.07249,Leppun,Leptophyes punctatissima,Speckled Bush-cricket,bush-cricket,0.99,,,26/09/2026,25/09/2026,02:33:21,ClassifEspSWE-0002026-05-29_1,JOHANKARLSSON,202609261753IXZ6J05B,2026_26_sep_02,Citizen Science (ultrasonic) - shared
59~40306+18~07249_20260926_023326.wav,DEV_001_20260926_023326.wav,0,59.40306,18.07249,Leppun,Leptophyes punctatissima,Speckled Bush-cricket,bush-cricket,0.99,,,26/09/2026,25/09/2026,02:33:26,ClassifEspSWE-0002026-05-29_1,JOHANKARLSSON,202609261753IXZ6J05B,2026_26_sep_02,Citizen Science (ultrasonic) - shared
59~40306+18~07249_20260926_023334.wav,DEV_001_20260926_023334.wav,0,59.40306,18.07249,Leppun,Leptophyes punctatissima,Speckled Bush-cricket,bush-cricket,0.99,,,26/09/2026,25/09/2026,02:33:34,ClassifEspSWE-0002026-05-29_1,JOHANKARLSSON,202609261753IXZ6J05B,2026_26_sep_02,Citizen Science (ultrasonic) - shared
59~40306+18~07249_20260926_023339.wav,DEV_001_20260926_023339.wav,0,59.40306,18.07249,Leppun,Leptophyes punctatissima,Speckled Bush-cricket,bush-cricket,0.99,,,26/09/2026,25/09/2026,02:33:39,ClassifEspSWE-0002026-05-29_1,JOHANKARLSSON,202609261753IXZ6J05B,2026_26_sep_02,Citizen Science (ultrasonic) - shared
59~40306+18~07249_20260926_023347.wav,DEV_001_20260926_023347.wav,0,59.40306,18.07249,Leppun,Leptophyes punctatissima,Speckled Bush-cricket,bush-cricket,0.99,,,26/09/2026,25/09/2026,02:33:47,ClassifEspSWE-0002026-05-29_1,JOHANKARLSSON,202609261753IXZ6J05B,2026_26_sep_02,Citizen Science (ultrasonic) - shared
59~40306+18~07249_20260926_023354.wav,DEV_001_20260926_023354.wav,0,59.40306,18.07249,Leppun,Leptophyes punctatissima,Speckled Bush-cricket,bush-cricket,0.99,,,26/09/2026,25/09/2026,02:33:54,ClassifEspSWE-0002026-05-29_1,JOHANKARLSSON,202609261753IXZ6J05B,2026_26_sep_02,Citizen Science (ultrasonic) - shared
59~40306+18~07249_20260926_023359.wav,DEV_001_20260926_023359.wav,0,59.40306,18.07249,Leppun,Leptophyes punctatissima,Speckled Bush-cricket,bush-cricket,0.99,,,26/09/2026,25/09/2026,02:33:59,ClassifEspSWE-0002026-05-29_1,JOHANKARLSSON,202609261753IXZ6J05B,2026_26_sep_02,Citizen Science (ultrasonic) - shared
59~40306+18~07249_20260926_023406.wav,DEV_001_20260926_023406.wav,0,59.40306,18.07249,Leppun,Leptophyes punctatissima,Speckled Bush-cricket,bush-cricket,0.99,,,26/09/2026,25/09/2026,02:34:06,ClassifEspSWE-0002026-05-29_1,JOHANKARLSSON,202609261753IXZ6J05B,2026_26_sep_02,Citizen Science (ultrasonic) - shared
59~40306+18~07249_20260926_023413.wav,DEV_001_20260926_023413.wav,0,59.40306,18.07249,Leppun,Leptophyes punctatissima,Speckled Bush-cricket,bush-cricket,0.99,,,26/09/2026,25/09/2026,02:34:13,ClassifEspSWE-0002026-05-29_1,JOHANKARLSSON,202609261753IXZ6J05B,2026_26_sep_02,Citizen Science (ultrasonic) - shared
59~40306+18~07249_20260926_023419.wav,DEV_001_20260926_023419.wav,0,59.40306,18.07249,Leppun,Leptophyes punctatissima,Speckled Bush-cricket,bush-cricket,0.99,,,26/09/2026,25/09/2026,02:34:19,ClassifEspSWE-0002026-05-29_1,JOHANKARLSSON,202609261753IXZ6J05B,2026_26_sep_02,Citizen Science (ultrasonic) - shared
59~40306+18~07249_20260926_023424.wav,DEV_001_20260926_023424.wav,0,59.40306,18.07249,Leppun,Leptophyes punctatissima,Speckled Bush-cricket,bush-cricket,0.99,,,26/09/2026,25/09/2026,02:34:24,ClassifEspSWE-0002026-05-29_1,JOHANKARLSSON,202609261753IXZ6J05B,2026_26_sep_02,Citizen Science (ultrasonic) - shared
59~40306+18~07249_20260926_023429.wav,DEV_001_20260926_023429.wav,0,59.40306,18.07249,Leppun,Leptophyes punctatissima,Speckled Bush-cricket,bush-cricket,0.99,,,26/09/2026,25/09/2026,02:34:29,ClassifEspSWE-0002026-05-29_1,JOHANKARLSSON,202609261753IXZ6J05B,2026_26_sep_02,Citizen Science (ultrasonic) - shared
59~40306+18~07249_20260926_023436.wav,DEV_001_20260926_023436.wav,0,59.40306,18.07249,Leppun,Leptophyes punctatissima,Speckled Bush-cricket,bush-cricket,0.99,,,26/09/2026,25/09/2026,02:34:36,ClassifEspSWE-0002026-05-29_1,JOHANKARLSSON,202609261753IXZ6J05B,2026_26_sep_02,Citizen Science (ultrasonic) - shared
59~40306+18~07249_20260926_023449.wav,DEV_001_20260926_023449.wav,0,59.40306,18.07249,Leppun,Leptophyes punctatissima,Speckled Bush-cricket,bush-cricket,0.99,,,26/09/2026,25/09/2026,02:34:49,ClassifEspSWE-0002026-05-29_1,JOHANKARLSSON,202609261753IXZ6J05B,2026_26_sep_02,Citizen Science (ultrasonic) - shared
59~40306+18~07249_20260926_023501.wav,DEV_001_20260926_023501.wav,0,59.40306,18.07249,Leppun,Leptophyes punctatissima,Speckled Bush-cricket,bush-cricket,0.99,,,26/09/2026,25/09/2026,02:35:01,ClassifEspSWE-0002026-05-29_1,JOHANKARLSSON,202609261753IXZ6J05B,2026_26_sep_02,Citizen Science (ultrasonic) - shared
59~40306+18~07249_20260926_023506.wav,DEV_001_20260926_023506.wav,0,59.40306,18.07249,Leppun,Leptophyes punctatissima,Speckled Bush-cricket,bush-cricket,0.99,,,26/09/2026,25/09/2026,02:35:06,ClassifEspSWE-0002026-05-29_1,JOHANKARLSSON,202609261753IXZ6J05B,2026_26_sep_02,Citizen Science (ultrasonic) - shared
59~40306+18~07249_20260926_023511.wav,DEV_001_20260926_023511.wav,0,59.40306,18.07249,Leppun,Leptophyes punctatissima,Speckled Bush-cricket,bush-cricket,0.99,,,26/09/2026,25/09/2026,02:35:11,ClassifEspSWE-0002026-05-29_1,JOHANKARLSSON,202609261753IXZ6J05B,2026_26_sep_02,Citizen Science (ultrasonic) - shared
59~40306+18~07249_20260926_023530.wav,DEV_001_20260926_023530.wav,0,59.40306,18.07249,Leppun,Leptophyes punctatissima,Speckled Bush-cricket,bush-cricket,0.99,,,26/09/2026,25/09/2026,02:35:30,ClassifEspSWE-0002026-05-29_1,JOHANKARLSSON,202609261753IXZ6J05B,2026_26_sep_02,Citizen Science (ultrasonic) - shared
59~40306+18~07249_20260926_023542.wav,DEV_001_20260926_023542.wav,0,59.40306,18.07249,Leppun,Leptophyes punctatissima,Speckled Bush-cricket,bush-cricket,0.99,,,26/09/2026,25/09/2026,02:35:42,ClassifEspSWE-0002026-05-29_1,JOHANKARLSSON,202609261753IXZ6J05B,2026_26_sep_02,Citizen Science (ultrasonic) - shared
59~40306+18~07249_20260926_023554.wav,DEV_001_20260926_023554.wav,0,59.40306,18.07249,Leppun,Leptophyes punctatissima,Speckled Bush-cricket,bush-cricket,0.99,,,26/09/2026,25/09/2026,02:35:54,ClassifEspSWE-0002026-05-29_1,JOHANKARLSSON,202609261753IXZ6J05B,2026_26_sep_02,Citizen Science (ultrasonic) - shared
59~40306+18~07249_20260926_023623.wav,DEV_001_20260926_023623.wav,0,59.40306,18.07249,Leppun,Leptophyes punctatissima,Speckled Bush-cricket,bush-cricket,0.99,,,26/09/2026,25/09/2026,02:36:23,ClassifEspSWE-0002026-05-29_1,JOHANKARLSSON,202609261753IXZ6J05B,2026_26_sep_02,Citizen Science (ultrasonic) - shared
59~40306+18~07249_20260926_023633.wav,DEV_001_20260926_023633.wav,0,59.40306,18.07249,Leppun,Leptophyes punctatissima,Speckled Bush-cricket,bush-cricket,0.99,,,26/09/2026,25/09/2026,02:36:33,ClassifEspSWE-0002026-05-29_1,JOHANKARLSSON,202609261753IXZ6J05B,2026_26_sep_02,Citizen Science (ultrasonic) - shared
59~40306+18~07249_20260926_023639.wav,DEV_001_20260926_023639.wav,0,59.40306,18.07249,Leppun,Leptophyes punctatissima,Speckled Bush-cricket,bush-cricket,0.99,,,26/09/2026,25/09/2026,02:36:39,ClassifEspSWE-0002026-05-29_1,JOHANKARLSSON,202609261753IXZ6J05B,2026_26_sep_02,Citizen Science (ultrasonic) - shared
59~40306+18~07249_20260926_023644.wav,DEV_001_20260926_023644.wav,0,59.40306,18.07249,Leppun,Leptophyes punctatissima,Speckled Bush-cricket,bush-cricket,0.99,,,26/09/2026,25/09/2026,02:36:44,ClassifEspSWE-0002026-05-29_1,JOHANKARLSSON,202609261753IXZ6J05B,2026_26_sep_02,Citizen Science (ultrasonic) - shared
59~40306+18~07249_20260926_023652.wav,DEV_001_20260926_023652.wav,0,59.40306,18.07249,Leppun,Leptophyes punctatissima,Speckled Bush-cricket,bush-cricket,0.99,,,26/09/2026,25/09/2026,02:36:52,ClassifEspSWE-0002026-05-29_1,JOHANKARLSSON,202609261753IXZ6J05B,2026_26_sep_02,Citizen Science (ultrasonic) - shared
59~40306+18~07249_20260926_023704.wav,DEV_001_20260926_023704.wav,0,59.40306,18.07249,Leppun,Leptophyes punctatissima,Speckled Bush-cricket,bush-cricket,0.99,,,26/09/2026,25/09/2026,02:37:04,ClassifEspSWE-0002026-05-29_1,JOHANKARLSSON,202609261753IXZ6J05B,2026_26_sep_02,Citizen Science (ultrasonic) - shared
59~40306+18~07249_20260926_023723.wav,DEV_001_20260926_023723.wav,0,59.40306,18.07249,Leppun,Leptophyes punctatissima,Speckled Bush-cricket,bush-cricket,0.99,,,26/09/2026,25/09/2026,02:37:23,ClassifEspSWE-0002026-05-29_1,JOHANKARLSSON,202609261753IXZ6J05B,2026_26_sep_02,Citizen Science (ultrasonic) - shared
59~40306+18~07249_20260926_023737.wav,DEV_001_20260926_023737.wav,0,59.40306,18.07249,Leppun,Leptophyes punctatissima,Speckled Bush-cricket,bush-cricket,0.99,,,26/09/2026,25/09/2026,02:37:37,ClassifEspSWE-0002026-05-29_1,JOHANKARLSSON,202609261753IXZ6J05B,2026_26_sep_02,Citizen Science (ultrasonic) - shared
59~40306+18~07249_20260926_023744.wav,DEV_001_20260926_023744.wav,0,59.40306,18.07249,Leppun,Leptophyes punctatissima,Speckled Bush-cricket,bush-cricket,0.99,,,26/09/2026,25/09/2026,02:37:44,ClassifEspSWE-0002026-05-29_1,JOHANKARLSSON,202609261753IXZ6J05B,2026_26_sep_02,Citizen Science (ultrasonic) - shared
59~40306+18~07249_20260926_023752.wav,DEV_001_20260926_023752.wav,0,59.40306,18.07249,Leppun,Leptophyes punctatissima,Speckled Bush-cricket,bush-cricket,0.99,,,26/09/2026,25/09/2026,02:37:52,ClassifEspSWE-0002026-05-29_1,JOHANKARLSSON,202609261753IXZ6J05B,2026_26_sep_02,Citizen Science (ultrasonic) - shared
59~40306+18~07249_20260926_023801.wav,DEV_001_20260926_023801.wav,0,59.40306,18.07249,Leppun,Leptophyes punctatissima,Speckled Bush-cricket,bush-cricket,0.99,,,26/09/2026,25/09/2026,02:38:01,ClassifEspSWE-0002026-05-29_1,JOHANKARLSSON,202609261753IXZ6J05B,2026_26_sep_02,Citizen Science (ultrasonic) - shared
59~40306+18~07249_20260926_023807.wav,DEV_001_20260926_023807.wav,0,59.40306,18.07249,Leppun,Leptophyes punctatissima,Speckled Bush-cricket,bush-cricket,0.99,,,26/09/2026,25/09/2026,02:38:07,ClassifEspSWE-0002026-05-29_1,JOHANKARLSSON,202609261753IXZ6J05B,2026_26_sep_02,Citizen Science (ultrasonic) - shared
59~40306+18~07249_20260926_023824.wav,DEV_001_20260926_023824.wav,0,59.40306,18.07249,Leppun,Leptophyes punctatissima,Speckled Bush-cricket,bush-cricket,0.99,,,26/09/2026,25/09/2026,02:38:24,ClassifEspSWE-0002026-05-29_1,JOHANKARLSSON,202609261753IXZ6J05B,2026_26_sep_02,Citizen Science (ultrasonic) - shared
59~40306+18~07249_20260926_023831.wav,DEV_001_20260926_023831.wav,0,59.40306,18.07249,Leppun,Leptophyes punctatissima,Speckled Bush-cricket,bush-cricket,0.99,,,26/09/2026,25/09/2026,02:38:31,ClassifEspSWE-0002026-05-29_1,JOHANKARLSSON,202609261753IXZ6J05B,2026_26_sep_02,Citizen Science (ultrasonic) - shared
59~40306+18~07249_20260926_023838.wav,DEV_001_20260926_023838.wav,0,59.40306,18.07249,Leppun,Leptophyes punctatissima,Speckled Bush-cricket,bush-cricket,0.99,,,26/09/2026,25/09/2026,02:38:38,ClassifEspSWE-0002026-05-29_1,JOHANKARLSSON,202609261753IXZ6J05B,2026_26_sep_02,Citizen Science (ultrasonic) - shared
59~40306+18~07249_20260926_023844.wav,DEV_001_20260926_023844.wav,0,59.40306,18.07249,Leppun,Leptophyes punctatissima,Speckled Bush-cricket,bush-cricket,0.99,,,26/09/2026,25/09/2026,02:38:44,ClassifEspSWE-0002026-05-29_1,JOHANKARLSSON,202609261753IXZ6J05B,2026_26_sep_02,Citizen Science (ultrasonic) - shared
59~40306+18~07249_20260926_023908.wav,DEV_001_20260926_023908.wav,0,59.40306,18.07249,Leppun,Leptophyes punctatissima,Speckled Bush-cricket,bush-cricket,0.97,,,26/09/2026,25/09/2026,02:39:08,ClassifEspSWE-0002026-05-29_1,JOHANKARLSSON,202609261753IXZ6J05B,2026_26_sep_02,Citizen Science (ultrasonic) - shared
59~40306+18~07249_20260926_023913.wav,DEV_001_20260926_023913.wav,0,59.40306,18.07249,Leppun,Leptophyes punctatissima,Speckled Bush-cricket,bush-cricket,0.99,,,26/09/2026,25/09/2026,02:39:13,ClassifEspSWE-0002026-05-29_1,JOHANKARLSSON,202609261753IXZ6J05B,2026_26_sep_02,Citizen Science (ultrasonic) - shared
59~40306+18~07249_20260926_023932.wav,DEV_001_20260926_023932.wav,0,59.40306,18.07249,Leppun,Leptophyes punctatissima,Speckled Bush-cricket,bush-cricket,0.99,,,26/09/2026,25/09/2026,02:39:32,ClassifEspSWE-0002026-05-29_1,JOHANKARLSSON,202609261753IXZ6J05B,2026_26_sep_02,Citizen Science (ultrasonic) - shared
59~40306+18~07249_20260926_023942.wav,DEV_001_20260926_023942.wav,0,59.40306,18.07249,Leppun,Leptophyes punctatissima,Speckled Bush-cricket,bush-cricket,0.99,,,26/09/2026,25/09/2026,02:39:42,ClassifEspSWE-0002026-05-29_1,JOHANKARLSSON,202609261753IXZ6J05B,2026_26_sep_02,Citizen Science (ultrasonic) - shared
59~40306+18~07249_20260926_023954.wav,DEV_001_20260926_023954.wav,0,59.40306,18.07249,Leppun,Leptophyes punctatissima,Speckled Bush-cricket,bush-cricket,0.99,,,26/09/2026,25/09/2026,02:39:54,ClassifEspSWE-0002026-05-29_1,JOHANKARLSSON,202609261753IXZ6J05B,2026_26_sep_02,Citizen Science (ultrasonic) - shared
59~40306+18~07249_20260926_024000.wav,DEV_001_20260926_024000.wav,0,59.40306,18.07249,Leppun,Leptophyes punctatissima,Speckled Bush-cricket,bush-cricket,0.99,,,26/09/2026,25/09/2026,02:40:00,ClassifEspSWE-0002026-05-29_1,JOHANKARLSSON,202609261753IXZ6J05B,2026_26_sep_02,Citizen Science (ultrasonic) - shared
59~40306+18~07249_20260926_024006.wav,DEV_001_20260926_024006.wav,0,59.40306,18.07249,Leppun,Leptophyes punctatissima,Speckled Bush-cricket,bush-cricket,0.99,,,26/09/2026,25/09/2026,02:40:06,ClassifEspSWE-0002026-05-29_1,JOHANKARLSSON,202609261753IXZ6J05B,2026_26_sep_02,Citizen Science (ultrasonic) - shared
59~40306+18~07249_20260926_024013.wav,DEV_001_20260926_024013.wav,0,59.40306,18.07249,Leppun,Leptophyes punctatissima,Speckled Bush-cricket,bush-cricket,0.99,,,26/09/2026,25/09/2026,02:40:13,ClassifEspSWE-0002026-05-29_1,JOHANKARLSSON,202609261753IXZ6J05B,2026_26_sep_02,Citizen Science (ultrasonic) - shared
59~40306+18~07249_20260926_024021.wav,DEV_001_20260926_024021.wav,0,59.40306,18.07249,Leppun,Leptophyes punctatissima,Speckled Bush-cricket,bush-cricket,0.99,,,26/09/2026,25/09/2026,02:40:21,ClassifEspSWE-0002026-05-29_1,JOHANKARLSSON,202609261753IXZ6J05B,2026_26_sep_02,Citizen Science (ultrasonic) - shared
59~40306+18~07249_20260926_024026.wav,DEV_001_20260926_024026.wav,0,59.40306,18.07249,Leppun,Leptophyes punctatissima,Speckled Bush-cricket,bush-cricket,0.99,,,26/09/2026,25/09/2026,02:40:26,ClassifEspSWE-0002026-05-29_1,JOHANKARLSSON,202609261753IXZ6J05B,2026_26_sep_02,Citizen Science (ultrasonic) - shared
59~40306+18~07249_20260926_024034.wav,DEV_001_20260926_024034.wav,0,59.40306,18.07249,Leppun,Leptophyes punctatissima,Speckled Bush-cricket,bush-cricket,0.99,,,26/09/2026,25/09/2026,02:40:34,ClassifEspSWE-0002026-05-29_1,JOHANKARLSSON,202609261753IXZ6J05B,2026_26_sep_02,Citizen Science (ultrasonic) - shared
59~40306+18~07249_20260926_024041.wav,DEV_001_20260926_024041.wav,0,59.40306,18.07249,Leppun,Leptophyes punctatissima,Speckled Bush-cricket,bush-cricket,0.99,,,26/09/2026,25/09/2026,02:40:41,ClassifEspSWE-0002026-05-29_1,JOHANKARLSSON,202609261753IXZ6J05B,2026_26_sep_02,Citizen Science (ultrasonic) - shared
59~40306+18~07249_20260926_024048.wav,DEV_001_20260926_024048.wav,0,59.40306,18.07249,Leppun,Leptophyes punctatissima,Speckled Bush-cricket,bush-cricket,0.99,,,26/09/2026,25/09/2026,02:40:48,ClassifEspSWE-0002026-05-29_1,JOHANKARLSSON,202609261753IXZ6J05B,2026_26_sep_02,Citizen Science (ultrasonic) - shared
59~40306+18~07249_20260926_024059.wav,DEV_001_20260926_024059.wav,0,59.40306,18.07249,Leppun,Leptophyes punctatissima,Speckled Bush-cricket,bush-cricket,0.99,,,26/09/2026,25/09/2026,02:40:59,ClassifEspSWE-0002026-05-29_1,JOHANKARLSSON,202609261753IXZ6J05B,2026_26_sep_02,Citizen Science (ultrasonic) - shared
59~40306+18~07249_20260926_024106.wav,DEV_001_20260926_024106.wav,0,59.40306,18.07249,Leppun,Leptophyes punctatissima,Speckled Bush-cricket,bush-cricket,0.99,,,26/09/2026,25/09/2026,02:41:06,ClassifEspSWE-0002026-05-29_1,JOHANKARLSSON,202609261753IXZ6J05B,2026_26_sep_02,Citizen Science (ultrasonic) - shared
59~40306+18~07249_20260926_024112.wav,DEV_001_20260926_024112.wav,0,59.40306,18.07249,Leppun,Leptophyes punctatissima,Speckled Bush-cricket,bush-cricket,0.99,,,26/09/2026,25/09/2026,02:41:12,ClassifEspSWE-0002026-05-29_1,JOHANKARLSSON,202609261753IXZ6J05B,2026_26_sep_02,Citizen Science (ultrasonic) - shared
59~40306+18~07249_20260926_024201.wav,DEV_001_20260926_024201.wav,0,59.40306,18.07249,Leppun,Leptophyes punctatissima,Speckled Bush-cricket,bush-cricket,0.99,,,26/09/2026,25/09/2026,02:42:01,ClassifEspSWE-0002026-05-29_1,JOHANKARLSSON,202609261753IXZ6J05B,2026_26_sep_02,Citizen Science (ultrasonic) - shared
59~40306+18~07249_20260926_024207.wav,DEV_001_20260926_024207.wav,0,59.40306,18.07249,Leppun,Leptophyes punctatissima,Speckled Bush-cricket,bush-cricket,0.99,,,26/09/2026,25/09/2026,02:42:07,ClassifEspSWE-0002026-05-29_1,JOHANKARLSSON,202609261753IXZ6J05B,2026_26_sep_02,Citizen Science (ultrasonic) - shared
59~40306+18~07249_20260926_024218.wav,DEV_001_20260926_024218.wav,0,59.40306,18.07249,Leppun,Leptophyes punctatissima,Speckled Bush-cricket,bush-cricket,0.99,,,26/09/2026,25/09/2026,02:42:18,ClassifEspSWE-0002026-05-29_1,JOHANKARLSSON,202609261753IXZ6J05B,2026_26_sep_02,Citizen Science (ultrasonic) - shared
59~40306+18~07249_20260926_024226.wav,DEV_001_20260926_024226.wav,0,59.40306,18.07249,Leppun,Leptophyes punctatissima,Speckled Bush-cricket,bush-cricket,0.99,,,26/09/2026,25/09/2026,02:42:26,ClassifEspSWE-0002026-05-29_1,JOHANKARLSSON,202609261753IXZ6J05B,2026_26_sep_02,Citizen Science (ultrasonic) - shared
59~40306+18~07249_20260926_024250.wav,DEV_001_20260926_024250.wav,0,59.40306,18.07249,Leppun,Leptophyes punctatissima,Speckled Bush-cricket,bush-cricket,0.99,,,26/09/2026,25/09/2026,02:42:50,ClassifEspSWE-0002026-05-29_1,JOHANKARLSSON,202609261753IXZ6J05B,2026_26_sep_02,Citizen Science (ultrasonic) - shared
59~40306+18~07249_20260926_024301.wav,DEV_001_20260926_024301.wav,0,59.40306,18.07249,Leppun,Leptophyes punctatissima,Speckled Bush-cricket,bush-cricket,0.99,,,26/09/2026,25/09/2026,02:43:01,ClassifEspSWE-0002026-05-29_1,JOHANKARLSSON,202609261753IXZ6J05B,2026_26_sep_02,Citizen Science (ultrasonic) - shared
59~40306+18~07249_20260926_024311.wav,DEV_001_20260926_024311.wav,0,59.40306,18.07249,Leppun,Leptophyes punctatissima,Speckled Bush-cricket,bush-cricket,0.99,,,26/09/2026,25/09/2026,02:43:11,ClassifEspSWE-0002026-05-29_1,JOHANKARLSSON,202609261753IXZ6J05B,2026_26_sep_02,Citizen Science (ultrasonic) - shared
59~40306+18~07249_20260926_024318.wav,DEV_001_20260926_024318.wav,0,59.40306,18.07249,Leppun,Leptophyes punctatissima,Speckled Bush-cricket,bush-cricket,0.99,,,26/09/2026,25/09/2026,02:43:18,ClassifEspSWE-0002026-05-29_1,JOHANKARLSSON,202609261753IXZ6J05B,2026_26_sep_02,Citizen Science (ultrasonic) - shared
59~40306+18~07249_20260926_024326.wav,DEV_001_20260926_024326.wav,0,59.40306,18.07249,Leppun,Leptophyes punctatissima,Speckled Bush-cricket,bush-cricket,0.99,,,26/09/2026,25/09/2026,02:43:26,ClassifEspSWE-0002026-05-29_1,JOHANKARLSSON,202609261753IXZ6J05B,2026_26_sep_02,Citizen Science (ultrasonic) - shared
59~40306+18~07249_20260926_024337.wav,DEV_001_20260926_024337.wav,0,59.40306,18.07249,Leppun,Leptophyes punctatissima,Speckled Bush-cricket,bush-cricket,0.99,,,26/09/2026,25/09/2026,02:43:37,ClassifEspSWE-0002026-05-29_1,JOHANKARLSSON,202609261753IXZ6J05B,2026_26_sep_02,Citizen Science (ultrasonic) - shared
59~40306+18~07249_20260926_024342.wav,DEV_001_20260926_024342.wav,0,59.40306,18.07249,Leppun,Leptophyes punctatissima,Speckled Bush-cricket,bush-cricket,0.99,,,26/09/2026,25/09/2026,02:43:42,ClassifEspSWE-0002026-05-29_1,JOHANKARLSSON,202609261753IXZ6J05B,2026_26_sep_02,Citizen Science (ultrasonic) - shared
59~40306+18~07249_20260926_024348.wav,DEV_001_20260926_024348.wav,0,59.40306,18.07249,Leppun,Leptophyes punctatissima,Speckled Bush-cricket,bush-cricket,0.99,,,26/09/2026,25/09/2026,02:43:48,ClassifEspSWE-0002026-05-29_1,JOHANKARLSSON,202609261753IXZ6J05B,2026_26_sep_02,Citizen Science (ultrasonic) - shared
59~40306+18~07249_20260926_024403.wav,DEV_001_20260926_024403.wav,0,59.40306,18.07249,Leppun,Leptophyes punctatissima,Speckled Bush-cricket,bush-cricket,0.99,,,26/09/2026,25/09/2026,02:44:03,ClassifEspSWE-0002026-05-29_1,JOHANKARLSSON,202609261753IXZ6J05B,2026_26_sep_02,Citizen Science (ultrasonic) - shared
59~40306+18~07249_20260926_024409.wav,DEV_001_20260926_024409.wav,0,59.40306,18.07249,Leppun,Leptophyes punctatissima,Speckled Bush-cricket,bush-cricket,0.99,,,26/09/2026,25/09/2026,02:44:09,ClassifEspSWE-0002026-05-29_1,JOHANKARLSSON,202609261753IXZ6J05B,2026_26_sep_02,Citizen Science (ultrasonic) - shared
59~40306+18~07249_20260926_024417.wav,DEV_001_20260926_024417.wav,0,59.40306,18.07249,Leppun,Leptophyes punctatissima,Speckled Bush-cricket,bush-cricket,0.99,,,26/09/2026,25/09/2026,02:44:17,ClassifEspSWE-0002026-05-29_1,JOHANKARLSSON,202609261753IXZ6J05B,2026_26_sep_02,Citizen Science (ultrasonic) - shared
59~40306+18~07249_20260926_024423.wav,DEV_001_20260926_024423.wav,0,59.40306,18.07249,Leppun,Leptophyes punctatissima,Speckled Bush-cricket,bush-cricket,0.99,,,26/09/2026,25/09/2026,02:44:23,ClassifEspSWE-0002026-05-29_1,JOHANKARLSSON,202609261753IXZ6J05B,2026_26_sep_02,Citizen Science (ultrasonic) - shared
59~40306+18~07249_20260926_024428.wav,DEV_001_20260926_024428.wav,0,59.40306,18.07249,Leppun,Leptophyes punctatissima,Speckled Bush-cricket,bush-cricket,0.99,,,26/09/2026,25/09/2026,02:44:28,ClassifEspSWE-0002026-05-29_1,JOHANKARLSSON,202609261753IXZ6J05B,2026_26_sep_02,Citizen Science (ultrasonic) - shared
59~40306+18~07249_20260926_024436.wav,DEV_001_20260926_024436.wav,0,59.40306,18.07249,Leppun,Leptophyes punctatissima,Speckled Bush-cricket,bush-cricket,0.99,,,26/09/2026,25/09/2026,02:44:36,ClassifEspSWE-0002026-05-29_1,JOHANKARLSSON,202609261753IXZ6J05B,2026_26_sep_02,Citizen Science (ultrasonic) - shared
59~40306+18~07249_20260926_024442.wav,DEV_001_20260926_024442.wav,0,59.40306,18.07249,Leppun,Leptophyes punctatissima,Speckled Bush-cricket,bush-cricket,0.99,,,26/09/2026,25/09/2026,02:44:42,ClassifEspSWE-0002026-05-29_1,JOHANKARLSSON,202609261753IXZ6J05B,2026_26_sep_02,Citizen Science (ultrasonic) - shared
59~40306+18~07249_20260926_024451.wav,DEV_001_20260926_024451.wav,0,59.40306,18.07249,Leppun,Leptophyes punctatissima,Speckled Bush-cricket,bush-cricket,0.99,,,26/09/2026,25/09/2026,02:44:51,ClassifEspSWE-0002026-05-29_1,JOHANKARLSSON,202609261753IXZ6J05B,2026_26_sep_02,Citizen Science (ultrasonic) - shared
59~40306+18~07249_20260926_024456.wav,DEV_001_20260926_024456.wav,0,59.40306,18.07249,Leppun,Leptophyes punctatissima,Speckled Bush-cricket,bush-cricket,0.99,,,26/09/2026,25/09/2026,02:44:56,ClassifEspSWE-0002026-05-29_1,JOHANKARLSSON,202609261753IXZ6J05B,2026_26_sep_02,Citizen Science (ultrasonic) - shared
59~40306+18~07249_20260926_024505.wav,DEV_001_20260926_024505.wav,0,59.40306,18.07249,Leppun,Leptophyes punctatissima,Speckled Bush-cricket,bush-cricket,0.99,,,26/09/2026,25/09/2026,02:45:05,ClassifEspSWE-0002026-05-29_1,JOHANKARLSSON,202609261753IXZ6J05B,2026_26_sep_02,Citizen Science (ultrasonic) - shared
59~40306+18~07249_20260926_024512.wav,DEV_001_20260926_024512.wav,0,59.40306,18.07249,Leppun,Leptophyes punctatissima,Speckled Bush-cricket,bush-cricket,0.99,,,26/09/2026,25/09/2026,02:45:12,ClassifEspSWE-0002026-05-29_1,JOHANKARLSSON,202609261753IXZ6J05B,2026_26_sep_02,Citizen Science (ultrasonic) - shared
59~40306+18~07249_20260926_024521.wav,DEV_001_20260926_024521.wav,0,59.40306,18.07249,Leppun,Leptophyes punctatissima,Speckled Bush-cricket,bush-cricket,0.99,,,26/09/2026,25/09/2026,02:45:21,ClassifEspSWE-0002026-05-29_1,JOHANKARLSSON,202609261753IXZ6J05B,2026_26_sep_02,Citizen Science (ultrasonic) - shared
59~40306+18~07249_20260926_024530.wav,DEV_001_20260926_024530.wav,0,59.40306,18.07249,Leppun,Leptophyes punctatissima,Speckled Bush-cricket,bush-cricket,0.99,,,26/09/2026,25/09/2026,02:45:30,ClassifEspSWE-0002026-05-29_1,JOHANKARLSSON,202609261753IXZ6J05B,2026_26_sep_02,Citizen Science (ultrasonic) - shared
59~40306+18~07249_20260926_024536.wav,DEV_001_20260926_024536.wav,0,59.40306,18.07249,Leppun,Leptophyes punctatissima,Speckled Bush-cricket,bush-cricket,0.99,,,26/09/2026,25/09/2026,02:45:36,ClassifEspSWE-0002026-05-29_1,JOHANKARLSSON,202609261753IXZ6J05B,2026_26_sep_02,Citizen Science (ultrasonic) - shared
59~40306+18~07249_20260926_024542.wav,DEV_001_20260926_024542.wav,0,59.40306,18.07249,Leppun,Leptophyes punctatissima,Speckled Bush-cricket,bush-cricket,0.99,,,26/09/2026,25/09/2026,02:45:42,ClassifEspSWE-0002026-05-29_1,JOHANKARLSSON,202609261753IXZ6J05B,2026_26_sep_02,Citizen Science (ultrasonic) - shared
59~40306+18~07249_20260926_024549.wav,DEV_001_20260926_024549.wav,0,59.40306,18.07249,Leppun,Leptophyes punctatissima,Speckled Bush-cricket,bush-cricket,0.99,,,26/09/2026,25/09/2026,02:45:49,ClassifEspSWE-0002026-05-29_1,JOHANKARLSSON,202609261753IXZ6J05B,2026_26_sep_02,Citizen Science (ultrasonic) - shared
59~40306+18~07249_20260926_024557.wav,DEV_001_20260926_024557.wav,0,59.40306,18.07249,Leppun,Leptophyes punctatissima,Speckled Bush-cricket,bush-cricket,0.99,,,26/09/2026,25/09/2026,02:45:57,ClassifEspSWE-0002026-05-29_1,JOHANKARLSSON,202609261753IXZ6J05B,2026_26_sep_02,Citizen Science (ultrasonic) - shared
59~40306+18~07249_20260926_024602.wav,DEV_001_20260926_024602.wav,0,59.40306,18.07249,Leppun,Leptophyes punctatissima,Speckled Bush-cricket,bush-cricket,0.99,,,26/09/2026,25/09/2026,02:46:02,ClassifEspSWE-0002026-05-29_1,JOHANKARLSSON,202609261753IXZ6J05B,2026_26_sep_02,Citizen Science (ultrasonic) - shared
59~40306+18~07249_20260926_024608.wav,DEV_001_20260926_024608.wav,0,59.40306,18.07249,Leppun,Leptophyes punctatissima,Speckled Bush-cricket,bush-cricket,0.99,,,26/09/2026,25/09/2026,02:46:08,ClassifEspSWE-0002026-05-29_1,JOHANKARLSSON,202609261753IXZ6J05B,2026_26_sep_02,Citizen Science (ultrasonic) - shared
59~40306+18~07249_20260926_024617.wav,DEV_001_20260926_024617.wav,0,59.40306,18.07249,Leppun,Leptophyes punctatissima,Speckled Bush-cricket,bush-cricket,0.99,,,26/09/2026,25/09/2026,02:46:17,ClassifEspSWE-0002026-05-29_1,JOHANKARLSSON,202609261753IXZ6J05B,2026_26_sep_02,Citizen Science (ultrasonic) - shared
59~40306+18~07249_20260926_024625.wav,DEV_001_20260926_024625.wav,0,59.40306,18.07249,Leppun,Leptophyes punctatissima,Speckled Bush-cricket,bush-cricket,0.99,,,26/09/2026,25/09/2026,02:46:25,ClassifEspSWE-0002026-05-29_1,JOHANKARLSSON,202609261753IXZ6J05B,2026_26_sep_02,Citizen Science (ultrasonic) - shared
59~40306+18~07249_20260926_024634.wav,DEV_001_20260926_024634.wav,0,59.40306,18.07249,Leppun,Leptophyes punctatissima,Speckled Bush-cricket,bush-cricket,0.99,,,26/09/2026,25/09/2026,02:46:34,ClassifEspSWE-0002026-05-29_1,JOHANKARLSSON,202609261753IXZ6J05B,2026_26_sep_02,Citizen Science (ultrasonic) - shared
59~40306+18~07249_20260926_024639.wav,DEV_001_20260926_024639.wav,0,59.40306,18.07249,Leppun,Leptophyes punctatissima,Speckled Bush-cricket,bush-cricket,0.99,,,26/09/2026,25/09/2026,02:46:39,ClassifEspSWE-0002026-05-29_1,JOHANKARLSSON,202609261753IXZ6J05B,2026_26_sep_02,Citizen Science (ultrasonic) - shared
59~40306+18~07249_20260926_024645.wav,DEV_001_20260926_024645.wav,0,59.40306,18.07249,Leppun,Leptophyes punctatissima,Speckled Bush-cricket,bush-cricket,0.99,,,26/09/2026,25/09/2026,02:46:45,ClassifEspSWE-0002026-05-29_1,JOHANKARLSSON,202609261753IXZ6J05B,2026_26_sep_02,Citizen Science (ultrasonic) - shared
59~40306+18~07249_20260926_024651.wav,DEV_001_20260926_024651.wav,0,59.40306,18.07249,Leppun,Leptophyes punctatissima,Speckled Bush-cricket,bush-cricket,0.99,,,26/09/2026,25/09/2026,02:46:51,ClassifEspSWE-0002026-05-29_1,JOHANKARLSSON,202609261753IXZ6J05B,2026_26_sep_02,Citizen Science (ultrasonic) - shared
59~40306+18~07249_20260926_024657.wav,DEV_001_20260926_024657.wav,0,59.40306,18.07249,Leppun,Leptophyes punctatissima,Speckled Bush-cricket,bush-cricket,0.99,,,26/09/2026,25/09/2026,02:46:57,ClassifEspSWE-0002026-05-29_1,JOHANKARLSSON,202609261753IXZ6J05B,2026_26_sep_02,Citizen Science (ultrasonic) - shared
59~40306+18~07249_20260926_024708.wav,DEV_001_20260926_024708.wav,0,59.40306,18.07249,Leppun,Leptophyes punctatissima,Speckled Bush-cricket,bush-cricket,0.99,,,26/09/2026,25/09/2026,02:47:08,ClassifEspSWE-0002026-05-29_1,JOHANKARLSSON,202609261753IXZ6J05B,2026_26_sep_02,Citizen Science (ultrasonic) - shared
59~40306+18~07249_20260926_024716.wav,DEV_001_20260926_024716.wav,0,59.40306,18.07249,Leppun,Leptophyes punctatissima,Speckled Bush-cricket,bush-cricket,0.99,,,26/09/2026,25/09/2026,02:47:16,ClassifEspSWE-0002026-05-29_1,JOHANKARLSSON,202609261753IXZ6J05B,2026_26_sep_02,Citizen Science (ultrasonic) - shared
59~40306+18~07249_20260926_024721.wav,DEV_001_20260926_024721.wav,0,59.40306,18.07249,Leppun,Leptophyes punctatissima,Speckled Bush-cricket,bush-cricket,0.99,,,26/09/2026,25/09/2026,02:47:21,ClassifEspSWE-0002026-05-29_1,JOHANKARLSSON,202609261753IXZ6J05B,2026_26_sep_02,Citizen Science (ultrasonic) - shared
59~40306+18~07249_20260926_024726.wav,DEV_001_20260926_024726.wav,0,59.40306,18.07249,Leppun,Leptophyes punctatissima,Speckled Bush-cricket,bush-cricket,0.99,,,26/09/2026,25/09/2026,02:47:26,ClassifEspSWE-0002026-05-29_1,JOHANKARLSSON,202609261753IXZ6J05B,2026_26_sep_02,Citizen Science (ultrasonic) - shared
59~40306+18~07249_20260926_024734.wav,DEV_001_20260926_024734.wav,0,59.40306,18.07249,Leppun,Leptophyes punctatissima,Speckled Bush-cricket,bush-cricket,0.99,,,26/09/2026,25/09/2026,02:47:34,ClassifEspSWE-0002026-05-29_1,JOHANKARLSSON,202609261753IXZ6J05B,2026_26_sep_02,Citizen Science (ultrasonic) - shared
59~40306+18~07249_20260926_024743.wav,DEV_001_20260926_024743.wav,0,59.40306,18.07249,Leppun,Leptophyes punctatissima,Speckled Bush-cricket,bush-cricket,0.99,,,26/09/2026,25/09/2026,02:47:43,ClassifEspSWE-0002026-05-29_1,JOHANKARLSSON,202609261753IXZ6J05B,2026_26_sep_02,Citizen Science (ultrasonic) - shared
59~40306+18~07249_20260926_024748.wav,DEV_001_20260926_024748.wav,0,59.40306,18.07249,Leppun,Leptophyes punctatissima,Speckled Bush-cricket,bush-cricket,0.99,,,26/09/2026,25/09/2026,02:47:48,ClassifEspSWE-0002026-05-29_1,JOHANKARLSSON,202609261753IXZ6J05B,2026_26_sep_02,Citizen Science (ultrasonic) - shared
59~40306+18~07249_20260926_024753.wav,DEV_001_20260926_024753.wav,0,59.40306,18.07249,Leppun,Leptophyes punctatissima,Speckled Bush-cricket,bush-cricket,0.99,,,26/09/2026,25/09/2026,02:47:53,ClassifEspSWE-0002026-05-29_1,JOHANKARLSSON,202609261753IXZ6J05B,2026_26_sep_02,Citizen Science (ultrasonic) - shared
59~40306+18~07249_20260926_024803.wav,DEV_001_20260926_024803.wav,0,59.40306,18.07249,Leppun,Leptophyes punctatissima,Speckled Bush-cricket,bush-cricket,0.99,,,26/09/2026,25/09/2026,02:48:03,ClassifEspSWE-0002026-05-29_1,JOHANKARLSSON,202609261753IXZ6J05B,2026_26_sep_02,Citizen Science (ultrasonic) - shared
59~40306+18~07249_20260926_024812.wav,DEV_001_20260926_024812.wav,0,59.40306,18.07249,Leppun,Leptophyes punctatissima,Speckled Bush-cricket,bush-cricket,0.99,,,26/09/2026,25/09/2026,02:48:12,ClassifEspSWE-0002026-05-29_1,JOHANKARLSSON,202609261753IXZ6J05B,2026_26_sep_02,Citizen Science (ultrasonic) - shared
59~40306+18~07249_20260926_024821.wav,DEV_001_20260926_024821.wav,0,59.40306,18.07249,Leppun,Leptophyes punctatissima,Speckled Bush-cricket,bush-cricket,0.99,,,26/09/2026,25/09/2026,02:48:21,ClassifEspSWE-0002026-05-29_1,JOHANKARLSSON,202609261753IXZ6J05B,2026_26_sep_02,Citizen Science (ultrasonic) - shared
59~40306+18~07249_20260926_024829.wav,DEV_001_20260926_024829.wav,0,59.40306,18.07249,Leppun,Leptophyes punctatissima,Speckled Bush-cricket,bush-cricket,0.99,,,26/09/2026,25/09/2026,02:48:29,ClassifEspSWE-0002026-05-29_1,JOHANKARLSSON,202609261753IXZ6J05B,2026_26_sep_02,Citizen Science (ultrasonic) - shared
59~40306+18~07249_20260926_024838.wav,DEV_001_20260926_024838.wav,0,59.40306,18.07249,Leppun,Leptophyes punctatissima,Speckled Bush-cricket,bush-cricket,0.99,,,26/09/2026,25/09/2026,02:48:38,ClassifEspSWE-0002026-05-29_1,JOHANKARLSSON,202609261753IXZ6J05B,2026_26_sep_02,Citizen Science (ultrasonic) - shared
59~40306+18~07249_20260926_024847.wav,DEV_001_20260926_024847.wav,0,59.40306,18.07249,Leppun,Leptophyes punctatissima,Speckled Bush-cricket,bush-cricket,0.99,,,26/09/2026,25/09/2026,02:48:47,ClassifEspSWE-0002026-05-29_1,JOHANKARLSSON,202609261753IXZ6J05B,2026_26_sep_02,Citizen Science (ultrasonic) - shared
59~40306+18~07249_20260926_024855.wav,DEV_001_20260926_024855.wav,0,59.40306,18.07249,Leppun,Leptophyes punctatissima,Speckled Bush-cricket,bush-cricket,0.99,,,26/09/2026,25/09/2026,02:48:55,ClassifEspSWE-0002026-05-29_1,JOHANKARLSSON,202609261753IXZ6J05B,2026_26_sep_02,Citizen Science (ultrasonic) - shared
59~40306+18~07249_20260926_024902.wav,DEV_001_20260926_024902.wav,0,59.40306,18.07249,Leppun,Leptophyes punctatissima,Speckled Bush-cricket,bush-cricket,0.99,,,26/09/2026,25/09/2026,02:49:02,ClassifEspSWE-0002026-05-29_1,JOHANKARLSSON,202609261753IXZ6J05B,2026_26_sep_02,Citizen Science (ultrasonic) - shared
59~40306+18~07249_20260926_024909.wav,DEV_001_20260926_024909.wav,0,59.40306,18.07249,Leppun,Leptophyes punctatissima,Speckled Bush-cricket,bush-cricket,0.99,,,26/09/2026,25/09/2026,02:49:09,ClassifEspSWE-0002026-05-29_1,JOHANKARLSSON,202609261753IXZ6J05B,2026_26_sep_02,Citizen Science (ultrasonic) - shared
59~40306+18~07249_20260926_024915.wav,DEV_001_20260926_024915.wav,0,59.40306,18.07249,Leppun,Leptophyes punctatissima,Speckled Bush-cricket,bush-cricket,0.99,,,26/09/2026,25/09/2026,02:49:15,ClassifEspSWE-0002026-05-29_1,JOHANKARLSSON,202609261753IXZ6J05B,2026_26_sep_02,Citizen Science (ultrasonic) - shared
59~40306+18~07249_20260926_024923.wav,DEV_001_20260926_024923.wav,0,59.40306,18.07249,Leppun,Leptophyes punctatissima,Speckled Bush-cricket,bush-cricket,0.99,,,26/09/2026,25/09/2026,02:49:23,ClassifEspSWE-0002026-05-29_1,JOHANKARLSSON,202609261753IXZ6J05B,2026_26_sep_02,Citizen Science (ultrasonic) - shared
59~40306+18~07249_20260926_024931.wav,DEV_001_20260926_024931.wav,0,59.40306,18.07249,Leppun,Leptophyes punctatissima,Speckled Bush-cricket,bush-cricket,0.99,,,26/09/2026,25/09/2026,02:49:31,ClassifEspSWE-0002026-05-29_1,JOHANKARLSSON,202609261753IXZ6J05B,2026_26_sep_02,Citizen Science (ultrasonic) - shared
59~40306+18~07249_20260926_024939.wav,DEV_001_20260926_024939.wav,0,59.40306,18.07249,Leppun,Leptophyes punctatissima,Speckled Bush-cricket,bush-cricket,0.99,,,26/09/2026,25/09/2026,02:49:39,ClassifEspSWE-0002026-05-29_1,JOHANKARLSSON,202609261753IXZ6J05B,2026_26_sep_02,Citizen Science (ultrasonic) - shared
59~40306+18~07249_20260926_024947.wav,DEV_001_20260926_024947.wav,0,59.40306,18.07249,Leppun,Leptophyes punctatissima,Speckled Bush-cricket,bush-cricket,0.99,,,26/09/2026,25/09/2026,02:49:47,ClassifEspSWE-0002026-05-29_1,JOHANKARLSSON,202609261753IXZ6J05B,2026_26_sep_02,Citizen Science (ultrasonic) - shared
59~40306+18~07249_20260926_024956.wav,DEV_001_20260926_024956.wav,0,59.40306,18.07249,Leppun,Leptophyes punctatissima,Speckled Bush-cricket,bush-cricket,0.99,,,26/09/2026,25/09/2026,02:49:56,ClassifEspSWE-0002026-05-29_1,JOHANKARLSSON,202609261753IXZ6J05B,2026_26_sep_02,Citizen Science (ultrasonic) - shared
59~40306+18~07249_20260926_025003.wav,DEV_001_20260926_025003.wav,0,59.40306,18.07249,Leppun,Leptophyes punctatissima,Speckled Bush-cricket,bush-cricket,0.99,,,26/09/2026,25/09/2026,02:50:03,ClassifEspSWE-0002026-05-29_1,JOHANKARLSSON,202609261753IXZ6J05B,2026_26_sep_02,Citizen Science (ultrasonic) - shared
59~40306+18~07249_20260926_025011.wav,DEV_001_20260926_025011.wav,0,59.40306,18.07249,Leppun,Leptophyes punctatissima,Speckled Bush-cricket,bush-cricket,0.99,,,26/09/2026,25/09/2026,02:50:11,ClassifEspSWE-0002026-05-29_1,JOHANKARLSSON,202609261753IXZ6J05B,2026_26_sep_02,Citizen Science (ultrasonic) - shared
59~40306+18~07249_20260926_025021.wav,DEV_001_20260926_025021.wav,0,59.40306,18.07249,Leppun,Leptophyes punctatissima,Speckled Bush-cricket,bush-cricket,0.99,,,26/09/2026,25/09/2026,02:50:21,ClassifEspSWE-0002026-05-29_1,JOHANKARLSSON,202609261753IXZ6J05B,2026_26_sep_02,Citizen Science (ultrasonic) - shared
59~40306+18~07249_20260926_025028.wav,DEV_001_20260926_025028.wav,0,59.40306,18.07249,Leppun,Leptophyes punctatissima,Speckled Bush-cricket,bush-cricket,0.99,,,26/09/2026,25/09/2026,02:50:28,ClassifEspSWE-0002026-05-29_1,JOHANKARLSSON,202609261753IXZ6J05B,2026_26_sep_02,Citizen Science (ultrasonic) - shared
59~40306+18~07249_20260926_025037.wav,DEV_001_20260926_025037.wav,0,59.40306,18.07249,Leppun,Leptophyes punctatissima,Speckled Bush-cricket,bush-cricket,0.99,,,26/09/2026,25/09/2026,02:50:37,ClassifEspSWE-0002026-05-29_1,JOHANKARLSSON,202609261753IXZ6J05B,2026_26_sep_02,Citizen Science (ultrasonic) - shared
59~40306+18~07249_20260926_025045.wav,DEV_001_20260926_025045.wav,0,59.40306,18.07249,Leppun,Leptophyes punctatissima,Speckled Bush-cricket,bush-cricket,0.99,,,26/09/2026,25/09/2026,02:50:45,ClassifEspSWE-0002026-05-29_1,JOHANKARLSSON,202609261753IXZ6J05B,2026_26_sep_02,Citizen Science (ultrasonic) - shared
59~40306+18~07249_20260926_025053.wav,DEV_001_20260926_025053.wav,0,59.40306,18.07249,Leppun,Leptophyes punctatissima,Speckled Bush-cricket,bush-cricket,0.99,,,26/09/2026,25/09/2026,02:50:53,ClassifEspSWE-0002026-05-29_1,JOHANKARLSSON,202609261753IXZ6J05B,2026_26_sep_02,Citizen Science (ultrasonic) - shared
59~40306+18~07249_20260926_025058.wav,DEV_001_20260926_025058.wav,0,59.40306,18.07249,Leppun,Leptophyes punctatissima,Speckled Bush-cricket,bush-cricket,0.99,,,26/09/2026,25/09/2026,02:50:58,ClassifEspSWE-0002026-05-29_1,JOHANKARLSSON,202609261753IXZ6J05B,2026_26_sep_02,Citizen Science (ultrasonic) - shared
59~40306+18~07249_20260926_025108.wav,DEV_001_20260926_025108.wav,0,59.40306,18.07249,Leppun,Leptophyes punctatissima,Speckled Bush-cricket,bush-cricket,0.99,,,26/09/2026,25/09/2026,02:51:08,ClassifEspSWE-0002026-05-29_1,JOHANKARLSSON,202609261753IXZ6J05B,2026_26_sep_02,Citizen Science (ultrasonic) - shared
59~40306+18~07249_20260926_025116.wav,DEV_001_20260926_025116.wav,0,59.40306,18.07249,Leppun,Leptophyes punctatissima,Speckled Bush-cricket,bush-cricket,0.99,,,26/09/2026,25/09/2026,02:51:16,ClassifEspSWE-0002026-05-29_1,JOHANKARLSSON,202609261753IXZ6J05B,2026_26_sep_02,Citizen Science (ultrasonic) - shared
59~40306+18~07249_20260926_025129.wav,DEV_001_20260926_025129.wav,0,59.40306,18.07249,Leppun,Leptophyes punctatissima,Speckled Bush-cricket,bush-cricket,0.99,,,26/09/2026,25/09/2026,02:51:29,ClassifEspSWE-0002026-05-29_1,JOHANKARLSSON,202609261753IXZ6J05B,2026_26_sep_02,Citizen Science (ultrasonic) - shared
59~40306+18~07249_20260926_025137.wav,DEV_001_20260926_025137.wav,0,59.40306,18.07249,Leppun,Leptophyes punctatissima,Speckled Bush-cricket,bush-cricket,0.99,,,26/09/2026,25/09/2026,02:51:37,ClassifEspSWE-0002026-05-29_1,JOHANKARLSSON,202609261753IXZ6J05B,2026_26_sep_02,Citizen Science (ultrasonic) - shared
59~40306+18~07249_20260926_025144.wav,DEV_001_20260926_025144.wav,0,59.40306,18.07249,Leppun,Leptophyes punctatissima,Speckled Bush-cricket,bush-cricket,0.99,,,26/09/2026,25/09/2026,02:51:44,ClassifEspSWE-0002026-05-29_1,JOHANKARLSSON,202609261753IXZ6J05B,2026_26_sep_02,Citizen Science (ultrasonic) - shared
59~40306+18~07249_20260926_025152.wav,DEV_001_20260926_025152.wav,0,59.40306,18.07249,Leppun,Leptophyes punctatissima,Speckled Bush-cricket,bush-cricket,0.99,,,26/09/2026,25/09/2026,02:51:52,ClassifEspSWE-0002026-05-29_1,JOHANKARLSSON,202609261753IXZ6J05B,2026_26_sep_02,Citizen Science (ultrasonic) - shared
59~40306+18~07249_20260926_025200.wav,DEV_001_20260926_025200.wav,0,59.40306,18.07249,Leppun,Leptophyes punctatissima,Speckled Bush-cricket,bush-cricket,0.99,,,26/09/2026,25/09/2026,02:52:00,ClassifEspSWE-0002026-05-29_1,JOHANKARLSSON,202609261753IXZ6J05B,2026_26_sep_02,Citizen Science (ultrasonic) - shared
59~40306+18~07249_20260926_025209.wav,DEV_001_20260926_025209.wav,0,59.40306,18.07249,Leppun,Leptophyes punctatissima,Speckled Bush-cricket,bush-cricket,0.99,,,26/09/2026,25/09/2026,02:52:09,ClassifEspSWE-0002026-05-29_1,JOHANKARLSSON,202609261753IXZ6J05B,2026_26_sep_02,Citizen Science (ultrasonic) - shared
59~40306+18~07249_20260926_025215.wav,DEV_001_20260926_025215.wav,0,59.40306,18.07249,Leppun,Leptophyes punctatissima,Speckled Bush-cricket,bush-cricket,0.99,,,26/09/2026,25/09/2026,02:52:15,ClassifEspSWE-0002026-05-29_1,JOHANKARLSSON,202609261753IXZ6J05B,2026_26_sep_02,Citizen Science (ultrasonic) - shared
59~40306+18~07249_20260926_025222.wav,DEV_001_20260926_025222.wav,0,59.40306,18.07249,Leppun,Leptophyes punctatissima,Speckled Bush-cricket,bush-cricket,0.99,,,26/09/2026,25/09/2026,02:52:22,ClassifEspSWE-0002026-05-29_1,JOHANKARLSSON,202609261753IXZ6J05B,2026_26_sep_02,Citizen Science (ultrasonic) - shared
59~40306+18~07249_20260926_025229.wav,DEV_001_20260926_025229.wav,0,59.40306,18.07249,Leppun,Leptophyes punctatissima,Speckled Bush-cricket,bush-cricket,0.99,,,26/09/2026,25/09/2026,02:52:29,ClassifEspSWE-0002026-05-29_1,JOHANKARLSSON,202609261753IXZ6J05B,2026_26_sep_02,Citizen Science (ultrasonic) - shared
59~40306+18~07249_20260926_025234.wav,DEV_001_20260926_025234.wav,0,59.40306,18.07249,Leppun,Leptophyes punctatissima,Speckled Bush-cricket,bush-cricket,0.99,,,26/09/2026,25/09/2026,02:52:34,ClassifEspSWE-0002026-05-29_1,JOHANKARLSSON,202609261753IXZ6J05B,2026_26_sep_02,Citizen Science (ultrasonic) - shared
59~40306+18~07249_20260926_025241.wav,DEV_001_20260926_025241.wav,0,59.40306,18.07249,Leppun,Leptophyes punctatissima,Speckled Bush-cricket,bush-cricket,0.99,,,26/09/2026,25/09/2026,02:52:41,ClassifEspSWE-0002026-05-29_1,JOHANKARLSSON,202609261753IXZ6J05B,2026_26_sep_02,Citizen Science (ultrasonic) - shared
59~40306+18~07249_20260926_025247.wav,DEV_001_20260926_025247.wav,0,59.40306,18.07249,Leppun,Leptophyes punctatissima,Speckled Bush-cricket,bush-cricket,0.99,,,26/09/2026,25/09/2026,02:52:47,ClassifEspSWE-0002026-05-29_1,JOHANKARLSSON,202609261753IXZ6J05B,2026_26_sep_02,Citizen Science (ultrasonic) - shared
59~40306+18~07249_20260926_025302.wav,DEV_001_20260926_025302.wav,0,59.40306,18.07249,Leppun,Leptophyes punctatissima,Speckled Bush-cricket,bush-cricket,0.99,,,26/09/2026,25/09/2026,02:53:02,ClassifEspSWE-0002026-05-29_1,JOHANKARLSSON,202609261753IXZ6J05B,2026_26_sep_02,Citizen Science (ultrasonic) - shared
59~40306+18~07249_20260926_025307.wav,DEV_001_20260926_025307.wav,0,59.40306,18.07249,Leppun,Leptophyes punctatissima,Speckled Bush-cricket,bush-cricket,0.99,,,26/09/2026,25/09/2026,02:53:07,ClassifEspSWE-0002026-05-29_1,JOHANKARLSSON,202609261753IXZ6J05B,2026_26_sep_02,Citizen Science (ultrasonic) - shared
59~40306+18~07249_20260926_025313.wav,DEV_001_20260926_025313.wav,0,59.40306,18.07249,Leppun,Leptophyes punctatissima,Speckled Bush-cricket,bush-cricket,0.99,,,26/09/2026,25/09/2026,02:53:13,ClassifEspSWE-0002026-05-29_1,JOHANKARLSSON,202609261753IXZ6J05B,2026_26_sep_02,Citizen Science (ultrasonic) - shared
59~40306+18~07249_20260926_025320.wav,DEV_001_20260926_025320.wav,0,59.40306,18.07249,Leppun,Leptophyes punctatissima,Speckled Bush-cricket,bush-cricket,0.99,,,26/09/2026,25/09/2026,02:53:20,ClassifEspSWE-0002026-05-29_1,JOHANKARLSSON,202609261753IXZ6J05B,2026_26_sep_02,Citizen Science (ultrasonic) - shared
59~40306+18~07249_20260926_025330.wav,DEV_001_20260926_025330.wav,0,59.40306,18.07249,Leppun,Leptophyes punctatissima,Speckled Bush-cricket,bush-cricket,0.99,,,26/09/2026,25/09/2026,02:53:30,ClassifEspSWE-0002026-05-29_1,JOHANKARLSSON,202609261753IXZ6J05B,2026_26_sep_02,Citizen Science (ultrasonic) - shared
59~40306+18~07249_20260926_025341.wav,DEV_001_20260926_025341.wav,0,59.40306,18.07249,Leppun,Leptophyes punctatissima,Speckled Bush-cricket,bush-cricket,0.99,,,26/09/2026,25/09/2026,02:53:41,ClassifEspSWE-0002026-05-29_1,JOHANKARLSSON,202609261753IXZ6J05B,2026_26_sep_02,Citizen Science (ultrasonic) - shared
59~40306+18~07249_20260926_025348.wav,DEV_001_20260926_025348.wav,0,59.40306,18.07249,Leppun,Leptophyes punctatissima,Speckled Bush-cricket,bush-cricket,0.99,,,26/09/2026,25/09/2026,02:53:48,ClassifEspSWE-0002026-05-29_1,JOHANKARLSSON,202609261753IXZ6J05B,2026_26_sep_02,Citizen Science (ultrasonic) - shared
59~40306+18~07249_20260926_025357.wav,DEV_001_20260926_025357.wav,0,59.40306,18.07249,Leppun,Leptophyes punctatissima,Speckled Bush-cricket,bush-cricket,0.99,,,26/09/2026,25/09/2026,02:53:57,ClassifEspSWE-0002026-05-29_1,JOHANKARLSSON,202609261753IXZ6J05B,2026_26_sep_02,Citizen Science (ultrasonic) - shared
59~40306+18~07249_20260926_025405.wav,DEV_001_20260926_025405.wav,0,59.40306,18.07249,Leppun,Leptophyes punctatissima,Speckled Bush-cricket,bush-cricket,0.99,,,26/09/2026,25/09/2026,02:54:05,ClassifEspSWE-0002026-05-29_1,JOHANKARLSSON,202609261753IXZ6J05B,2026_26_sep_02,Citizen Science (ultrasonic) - shared
59~40306+18~07249_20260926_025414.wav,DEV_001_20260926_025414.wav,0,59.40306,18.07249,Leppun,Leptophyes punctatissima,Speckled Bush-cricket,bush-cricket,0.99,,,26/09/2026,25/09/2026,02:54:14,ClassifEspSWE-0002026-05-29_1,JOHANKARLSSON,202609261753IXZ6J05B,2026_26_sep_02,Citizen Science (ultrasonic) - shared
59~40306+18~07249_20260926_025421.wav,DEV_001_20260926_025421.wav,0,59.40306,18.07249,Leppun,Leptophyes punctatissima,Speckled Bush-cricket,bush-cricket,0.99,,,26/09/2026,25/09/2026,02:54:21,ClassifEspSWE-0002026-05-29_1,JOHANKARLSSON,202609261753IXZ6J05B,2026_26_sep_02,Citizen Science (ultrasonic) - shared
59~40306+18~07249_20260926_025429.wav,DEV_001_20260926_025429.wav,0,59.40306,18.07249,Leppun,Leptophyes punctatissima,Speckled Bush-cricket,bush-cricket,0.99,,,26/09/2026,25/09/2026,02:54:29,ClassifEspSWE-0002026-05-29_1,JOHANKARLSSON,202609261753IXZ6J05B,2026_26_sep_02,Citizen Science (ultrasonic) - shared
59~40306+18~07249_20260926_025438.wav,DEV_001_20260926_025438.wav,0,59.40306,18.07249,Leppun,Leptophyes punctatissima,Speckled Bush-cricket,bush-cricket,0.99,,,26/09/2026,25/09/2026,02:54:38,ClassifEspSWE-0002026-05-29_1,JOHANKARLSSON,202609261753IXZ6J05B,2026_26_sep_02,Citizen Science (ultrasonic) - shared
59~40306+18~07249_20260926_025447.wav,DEV_001_20260926_025447.wav,0,59.40306,18.07249,Leppun,Leptophyes punctatissima,Speckled Bush-cricket,bush-cricket,0.99,,,26/09/2026,25/09/2026,02:54:47,ClassifEspSWE-0002026-05-29_1,JOHANKARLSSON,202609261753IXZ6J05B,2026_26_sep_02,Citizen Science (ultrasonic) - shared
59~40306+18~07249_20260926_025456.wav,DEV_001_20260926_025456.wav,0,59.40306,18.07249,Leppun,Leptophyes punctatissima,Speckled Bush-cricket,bush-cricket,0.99,,,26/09/2026,25/09/2026,02:54:56,ClassifEspSWE-0002026-05-29_1,JOHANKARLSSON,202609261753IXZ6J05B,2026_26_sep_02,Citizen Science (ultrasonic) - shared
59~40306+18~07249_20260926_025504.wav,DEV_001_20260926_025504.wav,0,59.40306,18.07249,Leppun,Leptophyes punctatissima,Speckled Bush-cricket,bush-cricket,0.99,,,26/09/2026,25/09/2026,02:55:04,ClassifEspSWE-0002026-05-29_1,JOHANKARLSSON,202609261753IXZ6J05B,2026_26_sep_02,Citizen Science (ultrasonic) - shared
59~40306+18~07249_20260926_025513.wav,DEV_001_20260926_025513.wav,0,59.40306,18.07249,Leppun,Leptophyes punctatissima,Speckled Bush-cricket,bush-cricket,0.99,,,26/09/2026,25/09/2026,02:55:13,ClassifEspSWE-0002026-05-29_1,JOHANKARLSSON,202609261753IXZ6J05B,2026_26_sep_02,Citizen Science (ultrasonic) - shared
59~40306+18~07249_20260926_025521.wav,DEV_001_20260926_025521.wav,0,59.40306,18.07249,Leppun,Leptophyes punctatissima,Speckled Bush-cricket,bush-cricket,0.99,,,26/09/2026,25/09/2026,02:55:21,ClassifEspSWE-0002026-05-29_1,JOHANKARLSSON,202609261753IXZ6J05B,2026_26_sep_02,Citizen Science (ultrasonic) - shared
59~40306+18~07249_20260926_025530.wav,DEV_001_20260926_025530.wav,0,59.40306,18.07249,Leppun,Leptophyes punctatissima,Speckled Bush-cricket,bush-cricket,0.99,,,26/09/2026,25/09/2026,02:55:30,ClassifEspSWE-0002026-05-29_1,JOHANKARLSSON,202609261753IXZ6J05B,2026_26_sep_02,Citizen Science (ultrasonic) - shared
59~40306+18~07249_20260926_025537.wav,DEV_001_20260926_025537.wav,0,59.40306,18.07249,Leppun,Leptophyes punctatissima,Speckled Bush-cricket,bush-cricket,0.99,,,26/09/2026,25/09/2026,02:55:37,ClassifEspSWE-0002026-05-29_1,JOHANKARLSSON,202609261753IXZ6J05B,2026_26_sep_02,Citizen Science (ultrasonic) - shared
59~40306+18~07249_20260926_025545.wav,DEV_001_20260926_025545.wav,0,59.40306,18.07249,Leppun,Leptophyes punctatissima,Speckled Bush-cricket,bush-cricket,0.99,,,26/09/2026,25/09/2026,02:55:45,ClassifEspSWE-0002026-05-29_1,JOHANKARLSSON,202609261753IXZ6J05B,2026_26_sep_02,Citizen Science (ultrasonic) - shared
59~40306+18~07249_20260926_025552.wav,DEV_001_20260926_025552.wav,0,59.40306,18.07249,Leppun,Leptophyes punctatissima,Speckled Bush-cricket,bush-cricket,0.99,,,26/09/2026,25/09/2026,02:55:52,ClassifEspSWE-0002026-05-29_1,JOHANKARLSSON,202609261753IXZ6J05B,2026_26_sep_02,Citizen Science (ultrasonic) - shared
59~40306+18~07249_20260926_025600.wav,DEV_001_20260926_025600.wav,0,59.40306,18.07249,Leppun,Leptophyes punctatissima,Speckled Bush-cricket,bush-cricket,0.99,,,26/09/2026,25/09/2026,02:56:00,ClassifEspSWE-0002026-05-29_1,JOHANKARLSSON,202609261753IXZ6J05B,2026_26_sep_02,Citizen Science (ultrasonic) - shared
59~40306+18~07249_20260926_025607.wav,DEV_001_20260926_025607.wav,0,59.40306,18.07249,Leppun,Leptophyes punctatissima,Speckled Bush-cricket,bush-cricket,0.99,,,26/09/2026,25/09/2026,02:56:07,ClassifEspSWE-0002026-05-29_1,JOHANKARLSSON,202609261753IXZ6J05B,2026_26_sep_02,Citizen Science (ultrasonic) - shared
59~40306+18~07249_20260926_025613.wav,DEV_001_20260926_025613.wav,0,59.40306,18.07249,Leppun,Leptophyes punctatissima,Speckled Bush-cricket,bush-cricket,0.99,,,26/09/2026,25/09/2026,02:56:13,ClassifEspSWE-0002026-05-29_1,JOHANKARLSSON,202609261753IXZ6J05B,2026_26_sep_02,Citizen Science (ultrasonic) - shared
59~40306+18~07249_20260926_025620.wav,DEV_001_20260926_025620.wav,0,59.40306,18.07249,Leppun,Leptophyes punctatissima,Speckled Bush-cricket,bush-cricket,0.99,,,26/09/2026,25/09/2026,02:56:20,ClassifEspSWE-0002026-05-29_1,JOHANKARLSSON,202609261753IXZ6J05B,2026_26_sep_02,Citizen Science (ultrasonic) - shared
59~40306+18~07249_20260926_025626.wav,DEV_001_20260926_025626.wav,0,59.40306,18.07249,Leppun,Leptophyes punctatissima,Speckled Bush-cricket,bush-cricket,0.99,,,26/09/2026,25/09/2026,02:56:26,ClassifEspSWE-0002026-05-29_1,JOHANKARLSSON,202609261753IXZ6J05B,2026_26_sep_02,Citizen Science (ultrasonic) - shared
59~40306+18~07249_20260926_025635.wav,DEV_001_20260926_025635.wav,0,59.40306,18.07249,Leppun,Leptophyes punctatissima,Speckled Bush-cricket,bush-cricket,0.99,,,26/09/2026,25/09/2026,02:56:35,ClassifEspSWE-0002026-05-29_1,JOHANKARLSSON,202609261753IXZ6J05B,2026_26_sep_02,Citizen Science (ultrasonic) - shared
59~40306+18~07249_20260926_025642.wav,DEV_001_20260926_025642.wav,0,59.40306,18.07249,Leppun,Leptophyes punctatissima,Speckled Bush-cricket,bush-cricket,0.99,,,26/09/2026,25/09/2026,02:56:42,ClassifEspSWE-0002026-05-29_1,JOHANKARLSSON,202609261753IXZ6J05B,2026_26_sep_02,Citizen Science (ultrasonic) - shared
59~40306+18~07249_20260926_025649.wav,DEV_001_20260926_025649.wav,0,59.40306,18.07249,Leppun,Leptophyes punctatissima,Speckled Bush-cricket,bush-cricket,0.99,,,26/09/2026,25/09/2026,02:56:49,ClassifEspSWE-0002026-05-29_1,JOHANKARLSSON,202609261753IXZ6J05B,2026_26_sep_02,Citizen Science (ultrasonic) - shared
59~40306+18~07249_20260926_025656.wav,DEV_001_20260926_025656.wav,0,59.40306,18.07249,Leppun,Leptophyes punctatissima,Speckled Bush-cricket,bush-cricket,0.99,,,26/09/2026,25/09/2026,02:56:56,ClassifEspSWE-0002026-05-29_1,JOHANKARLSSON,202609261753IXZ6J05B,2026_26_sep_02,Citizen Science (ultrasonic) - shared
59~40306+18~07249_20260926_025704.wav,DEV_001_20260926_025704.wav,0,59.40306,18.07249,Leppun,Leptophyes punctatissima,Speckled Bush-cricket,bush-cricket,0.99,,,26/09/2026,25/09/2026,02:57:04,ClassifEspSWE-0002026-05-29_1,JOHANKARLSSON,202609261753IXZ6J05B,2026_26_sep_02,Citizen Science (ultrasonic) - shared
59~40306+18~07249_20260926_025711.wav,DEV_001_20260926_025711.wav,0,59.40306,18.07249,Leppun,Leptophyes punctatissima,Speckled Bush-cricket,bush-cricket,0.99,,,26/09/2026,25/09/2026,02:57:11,ClassifEspSWE-0002026-05-29_1,JOHANKARLSSON,202609261753IXZ6J05B,2026_26_sep_02,Citizen Science (ultrasonic) - shared
59~40306+18~07249_20260926_025718.wav,DEV_001_20260926_025718.wav,0,59.40306,18.07249,Leppun,Leptophyes punctatissima,Speckled Bush-cricket,bush-cricket,0.99,,,26/09/2026,25/09/2026,02:57:18,ClassifEspSWE-0002026-05-29_1,JOHANKARLSSON,202609261753IXZ6J05B,2026_26_sep_02,Citizen Science (ultrasonic) - shared
59~40306+18~07249_20260926_025724.wav,DEV_001_20260926_025724.wav,0,59.40306,18.07249,Leppun,Leptophyes punctatissima,Speckled Bush-cricket,bush-cricket,0.99,,,26/09/2026,25/09/2026,02:57:24,ClassifEspSWE-0002026-05-29_1,JOHANKARLSSON,202609261753IXZ6J05B,2026_26_sep_02,Citizen Science (ultrasonic) - shared
59~40306+18~07249_20260926_025731.wav,DEV_001_20260926_025731.wav,0,59.40306,18.07249,Leppun,Leptophyes punctatissima,Speckled Bush-cricket,bush-cricket,0.99,,,26/09/2026,25/09/2026,02:57:31,ClassifEspSWE-0002026-05-29_1,JOHANKARLSSON,202609261753IXZ6J05B,2026_26_sep_02,Citizen Science (ultrasonic) - shared
59~40306+18~07249_20260926_025740.wav,DEV_001_20260926_025740.wav,0,59.40306,18.07249,Leppun,Leptophyes punctatissima,Speckled Bush-cricket,bush-cricket,0.99,,,26/09/2026,25/09/2026,02:57:40,ClassifEspSWE-0002026-05-29_1,JOHANKARLSSON,202609261753IXZ6J05B,2026_26_sep_02,Citizen Science (ultrasonic) - shared
59~40306+18~07249_20260926_025747.wav,DEV_001_20260926_025747.wav,0,59.40306,18.07249,Leppun,Leptophyes punctatissima,Speckled Bush-cricket,bush-cricket,0.99,,,26/09/2026,25/09/2026,02:57:47,ClassifEspSWE-0002026-05-29_1,JOHANKARLSSON,202609261753IXZ6J05B,2026_26_sep_02,Citizen Science (ultrasonic) - shared
59~40306+18~07249_20260926_025753.wav,DEV_001_20260926_025753.wav,0,59.40306,18.07249,Leppun,Leptophyes punctatissima,Speckled Bush-cricket,bush-cricket,0.99,,,26/09/2026,25/09/2026,02:57:53,ClassifEspSWE-0002026-05-29_1,JOHANKARLSSON,202609261753IXZ6J05B,2026_26_sep_02,Citizen Science (ultrasonic) - shared
59~40306+18~07249_20260926_025802.wav,DEV_001_20260926_025802.wav,0,59.40306,18.07249,Leppun,Leptophyes punctatissima,Speckled Bush-cricket,bush-cricket,0.99,,,26/09/2026,25/09/2026,02:58:02,ClassifEspSWE-0002026-05-29_1,JOHANKARLSSON,202609261753IXZ6J05B,2026_26_sep_02,Citizen Science (ultrasonic) - shared
59~40306+18~07249_20260926_025811.wav,DEV_001_20260926_025811.wav,0,59.40306,18.07249,Leppun,Leptophyes punctatissima,Speckled Bush-cricket,bush-cricket,0.99,,,26/09/2026,25/09/2026,02:58:11,ClassifEspSWE-0002026-05-29_1,JOHANKARLSSON,202609261753IXZ6J05B,2026_26_sep_02,Citizen Science (ultrasonic) - shared
59~40306+18~07249_20260926_025818.wav,DEV_001_20260926_025818.wav,0,59.40306,18.07249,Leppun,Leptophyes punctatissima,Speckled Bush-cricket,bush-cricket,0.99,,,26/09/2026,25/09/2026,02:58:18,ClassifEspSWE-0002026-05-29_1,JOHANKARLSSON,202609261753IXZ6J05B,2026_26_sep_02,Citizen Science (ultrasonic) - shared
59~40306+18~07249_20260926_025826.wav,DEV_001_20260926_025826.wav,0,59.40306,18.07249,Leppun,Leptophyes punctatissima,Speckled Bush-cricket,bush-cricket,0.99,,,26/09/2026,25/09/2026,02:58:26,ClassifEspSWE-0002026-05-29_1,JOHANKARLSSON,202609261753IXZ6J05B,2026_26_sep_02,Citizen Science (ultrasonic) - shared
59~40306+18~07249_20260926_025834.wav,DEV_001_20260926_025834.wav,0,59.40306,18.07249,Leppun,Leptophyes punctatissima,Speckled Bush-cricket,bush-cricket,0.99,,,26/09/2026,25/09/2026,02:58:34,ClassifEspSWE-0002026-05-29_1,JOHANKARLSSON,202609261753IXZ6J05B,2026_26_sep_02,Citizen Science (ultrasonic) - shared
59~40306+18~07249_20260926_025843.wav,DEV_001_20260926_025843.wav,0,59.40306,18.07249,Leppun,Leptophyes punctatissima,Speckled Bush-cricket,bush-cricket,0.99,,,26/09/2026,25/09/2026,02:58:43,ClassifEspSWE-0002026-05-29_1,JOHANKARLSSON,202609261753IXZ6J05B,2026_26_sep_02,Citizen Science (ultrasonic) - shared
59~40306+18~07249_20260926_025851.wav,DEV_001_20260926_025851.wav,0,59.40306,18.07249,Leppun,Leptophyes punctatissima,Speckled Bush-cricket,bush-cricket,0.99,,,26/09/2026,25/09/2026,02:58:51,ClassifEspSWE-0002026-05-29_1,JOHANKARLSSON,202609261753IXZ6J05B,2026_26_sep_02,Citizen Science (ultrasonic) - shared
59~40306+18~07249_20260926_025859.wav,DEV_001_20260926_025859.wav,0,59.40306,18.07249,Leppun,Leptophyes punctatissima,Speckled Bush-cricket,bush-cricket,0.99,,,26/09/2026,25/09/2026,02:58:59,ClassifEspSWE-0002026-05-29_1,JOHANKARLSSON,202609261753IXZ6J05B,2026_26_sep_02,Citizen Science (ultrasonic) - shared
59~40306+18~07249_20260926_025907.wav,DEV_001_20260926_025907.wav,0,59.40306,18.07249,Leppun,Leptophyes punctatissima,Speckled Bush-cricket,bush-cricket,0.99,,,26/09/2026,25/09/2026,02:59:07,ClassifEspSWE-0002026-05-29_1,JOHANKARLSSON,202609261753IXZ6J05B,2026_26_sep_02,Citizen Science (ultrasonic) - shared
59~40306+18~07249_20260926_025916.wav,DEV_001_20260926_025916.wav,0,59.40306,18.07249,Leppun,Leptophyes punctatissima,Speckled Bush-cricket,bush-cricket,0.99,,,26/09/2026,25/09/2026,02:59:16,ClassifEspSWE-0002026-05-29_1,JOHANKARLSSON,202609261753IXZ6J05B,2026_26_sep_02,Citizen Science (ultrasonic) - shared
59~40306+18~07249_20260926_025921.wav,DEV_001_20260926_025921.wav,0,59.40306,18.07249,Leppun,Leptophyes punctatissima,Speckled Bush-cricket,bush-cricket,0.99,,,26/09/2026,25/09/2026,02:59:21,ClassifEspSWE-0002026-05-29_1,JOHANKARLSSON,202609261753IXZ6J05B,2026_26_sep_02,Citizen Science (ultrasonic) - shared
59~40306+18~07249_20260926_025929.wav,DEV_001_20260926_025929.wav,0,59.40306,18.07249,Leppun,Leptophyes punctatissima,Speckled Bush-cricket,bush-cricket,0.99,,,26/09/2026,25/09/2026,02:59:29,ClassifEspSWE-0002026-05-29_1,JOHANKARLSSON,202609261753IXZ6J05B,2026_26_sep_02,Citizen Science (ultrasonic) - shared
59~40306+18~07249_20260926_025935.wav,DEV_001_20260926_025935.wav,0,59.40306,18.07249,Leppun,Leptophyes punctatissima,Speckled Bush-cricket,bush-cricket,0.99,,,26/09/2026,25/09/2026,02:59:35,ClassifEspSWE-0002026-05-29_1,JOHANKARLSSON,202609261753IXZ6J05B,2026_26_sep_02,Citizen Science (ultrasonic) - shared
59~40306+18~07249_20260926_025943.wav,DEV_001_20260926_025943.wav,0,59.40306,18.07249,Leppun,Leptophyes punctatissima,Speckled Bush-cricket,bush-cricket,0.99,,,26/09/2026,25/09/2026,02:59:43,ClassifEspSWE-0002026-05-29_1,JOHANKARLSSON,202609261753IXZ6J05B,2026_26_sep_02,Citizen Science (ultrasonic) - shared
59~40306+18~07249_20260926_025950.wav,DEV_001_20260926_025950.wav,0,59.40306,18.07249,Leppun,Leptophyes punctatissima,Speckled Bush-cricket,bush-cricket,0.99,,,26/09/2026,25/09/2026,02:59:50,ClassifEspSWE-0002026-05-29_1,JOHANKARLSSON,202609261753IXZ6J05B,2026_26_sep_02,Citizen Science (ultrasonic) - shared
59~40306+18~07249_20260926_025958.wav,DEV_001_20260926_025958.wav,0,59.40306,18.07249,Leppun,Leptophyes punctatissima,Speckled Bush-cricket,bush-cricket,0.99,,,26/09/2026,25/09/2026,02:59:58,ClassifEspSWE-0002026-05-29_1,JOHANKARLSSON,202609261753IXZ6J05B,2026_26_sep_02,Citizen Science (ultrasonic) - shared
59~40306+18~07249_20260926_020003.wav,DEV_001_20260926_020003.wav,0,59.40306,18.07249,Phogri,Pholidoptera griseoaptera,Dark Bush-cricket,bush-cricket,0.96,,,26/09/2026,25/09/2026,02:00:03,ClassifEspSWE-0002026-05-29_1,JOHANKARLSSON,202609261753IXZ6J05B,2026_26_sep_02,Citizen Science (ultrasonic) - shared
59~40306+18~07249_20260926_020010.wav,DEV_001_20260926_020010.wav,0,59.40306,18.07249,Phogri,Pholidoptera griseoaptera,Dark Bush-cricket,bush-cricket,0.97,,,26/09/2026,25/09/2026,02:00:10,ClassifEspSWE-0002026-05-29_1,JOHANKARLSSON,202609261753IXZ6J05B,2026_26_sep_02,Citizen Science (ultrasonic) - shared
59~40306+18~07249_20260926_020015.wav,DEV_001_20260926_020015.wav,0,59.40306,18.07249,Phogri,Pholidoptera griseoaptera,Dark Bush-cricket,bush-cricket,0.96,,,26/09/2026,25/09/2026,02:00:15,ClassifEspSWE-0002026-05-29_1,JOHANKARLSSON,202609261753IXZ6J05B,2026_26_sep_02,Citizen Science (ultrasonic) - shared
59~40306+18~07249_20260926_020021.wav,DEV_001_20260926_020021.wav,0,59.40306,18.07249,Phogri,Pholidoptera griseoaptera,Dark Bush-cricket,bush-cricket,0.99,,,26/09/2026,25/09/2026,02:00:21,ClassifEspSWE-0002026-05-29_1,JOHANKARLSSON,202609261753IXZ6J05B,2026_26_sep_02,Citizen Science (ultrasonic) - shared
59~40306+18~07249_20260926_020028.wav,DEV_001_20260926_020028.wav,0,59.40306,18.07249,Phogri,Pholidoptera griseoaptera,Dark Bush-cricket,bush-cricket,0.97,,,26/09/2026,25/09/2026,02:00:28,ClassifEspSWE-0002026-05-29_1,JOHANKARLSSON,202609261753IXZ6J05B,2026_26_sep_02,Citizen Science (ultrasonic) - shared
59~40306+18~07249_20260926_020034.wav,DEV_001_20260926_020034.wav,0,59.40306,18.07249,Phogri,Pholidoptera griseoaptera,Dark Bush-cricket,bush-cricket,0.99,,,26/09/2026,25/09/2026,02:00:34,ClassifEspSWE-0002026-05-29_1,JOHANKARLSSON,202609261753IXZ6J05B,2026_26_sep_02,Citizen Science (ultrasonic) - shared
59~40306+18~07249_20260926_020043.wav,DEV_001_20260926_020043.wav,0,59.40306,18.07249,Phogri,Pholidoptera griseoaptera,Dark Bush-cricket,bush-cricket,0.96,,,26/09/2026,25/09/2026,02:00:43,ClassifEspSWE-0002026-05-29_1,JOHANKARLSSON,202609261753IXZ6J05B,2026_26_sep_02,Citizen Science (ultrasonic) - shared
59~40306+18~07249_20260926_020048.wav,DEV_001_20260926_020048.wav,0,59.40306,18.07249,Phogri,Pholidoptera griseoaptera,Dark Bush-cricket,bush-cricket,0.99,,,26/09/2026,25/09/2026,02:00:48,ClassifEspSWE-0002026-05-29_1,JOHANKARLSSON,202609261753IXZ6J05B,2026_26_sep_02,Citizen Science (ultrasonic) - shared
59~40306+18~07249_20260926_020054.wav,DEV_001_20260926_020054.wav,0,59.40306,18.07249,Phogri,Pholidoptera griseoaptera,Dark Bush-cricket,bush-cricket,0.99,,,26/09/2026,25/09/2026,02:00:54,ClassifEspSWE-0002026-05-29_1,JOHANKARLSSON,202609261753IXZ6J05B,2026_26_sep_02,Citizen Science (ultrasonic) - shared
59~40306+18~07249_20260926_020100.wav,DEV_001_20260926_020100.wav,0,59.40306,18.07249,Phogri,Pholidoptera griseoaptera,Dark Bush-cricket,bush-cricket,0.99,,,26/09/2026,25/09/2026,02:01:00,ClassifEspSWE-0002026-05-29_1,JOHANKARLSSON,202609261753IXZ6J05B,2026_26_sep_02,Citizen Science (ultrasonic) - shared
59~40306+18~07249_20260926_020107.wav,DEV_001_20260926_020107.wav,0,59.40306,18.07249,Phogri,Pholidoptera griseoaptera,Dark Bush-cricket,bush-cricket,0.98,,,26/09/2026,25/09/2026,02:01:07,ClassifEspSWE-0002026-05-29_1,JOHANKARLSSON,202609261753IXZ6J05B,2026_26_sep_02,Citizen Science (ultrasonic) - shared
59~40306+18~07249_20260926_020114.wav,DEV_001_20260926_020114.wav,0,59.40306,18.07249,Phogri,Pholidoptera griseoaptera,Dark Bush-cricket,bush-cricket,0.98,,,26/09/2026,25/09/2026,02:01:14,ClassifEspSWE-0002026-05-29_1,JOHANKARLSSON,202609261753IXZ6J05B,2026_26_sep_02,Citizen Science (ultrasonic) - shared
59~40306+18~07249_20260926_020121.wav,DEV_001_20260926_020121.wav,0,59.40306,18.07249,Phogri,Pholidoptera griseoaptera,Dark Bush-cricket,bush-cricket,0.97,,,26/09/2026,25/09/2026,02:01:21,ClassifEspSWE-0002026-05-29_1,JOHANKARLSSON,202609261753IXZ6J05B,2026_26_sep_02,Citizen Science (ultrasonic) - shared
59~40306+18~07249_20260926_020127.wav,DEV_001_20260926_020127.wav,0,59.40306,18.07249,Phogri,Pholidoptera griseoaptera,Dark Bush-cricket,bush-cricket,0.99,,,26/09/2026,25/09/2026,02:01:27,ClassifEspSWE-0002026-05-29_1,JOHANKARLSSON,202609261753IXZ6J05B,2026_26_sep_02,Citizen Science (ultrasonic) - shared
59~40306+18~07249_20260926_020134.wav,DEV_001_20260926_020134.wav,0,59.40306,18.07249,Phogri,Pholidoptera griseoaptera,Dark Bush-cricket,bush-cricket,0.96,,,26/09/2026,25/09/2026,02:01:34,ClassifEspSWE-0002026-05-29_1,JOHANKARLSSON,202609261753IXZ6J05B,2026_26_sep_02,Citizen Science (ultrasonic) - shared
59~40306+18~07249_20260926_020141.wav,DEV_001_20260926_020141.wav,0,59.40306,18.07249,Phogri,Pholidoptera griseoaptera,Dark Bush-cricket,bush-cricket,0.96,,,26/09/2026,25/09/2026,02:01:41,ClassifEspSWE-0002026-05-29_1,JOHANKARLSSON,202609261753IXZ6J05B,2026_26_sep_02,Citizen Science (ultrasonic) - shared
59~40306+18~07249_20260926_020147.wav,DEV_001_20260926_020147.wav,0,59.40306,18.07249,Phogri,Pholidoptera griseoaptera,Dark Bush-cricket,bush-cricket,0.99,,,26/09/2026,25/09/2026,02:01:47,ClassifEspSWE-0002026-05-29_1,JOHANKARLSSON,202609261753IXZ6J05B,2026_26_sep_02,Citizen Science (ultrasonic) - shared
59~40306+18~07249_20260926_020153.wav,DEV_001_20260926_020153.wav,0,59.40306,18.07249,Phogri,Pholidoptera griseoaptera,Dark Bush-cricket,bush-cricket,0.99,,,26/09/2026,25/09/2026,02:01:53,ClassifEspSWE-0002026-05-29_1,JOHANKARLSSON,202609261753IXZ6J05B,2026_26_sep_02,Citizen Science (ultrasonic) - shared
59~40306+18~07249_20260926_020159.wav,DEV_001_20260926_020159.wav,0,59.40306,18.07249,Phogri,Pholidoptera griseoaptera,Dark Bush-cricket,bush-cricket,0.98,,,26/09/2026,25/09/2026,02:01:59,ClassifEspSWE-0002026-05-29_1,JOHANKARLSSON,202609261753IXZ6J05B,2026_26_sep_02,Citizen Science (ultrasonic) - shared
59~40306+18~07249_20260926_020207.wav,DEV_001_20260926_020207.wav,0,59.40306,18.07249,Phogri,Pholidoptera griseoaptera,Dark Bush-cricket,bush-cricket,0.92,,,26/09/2026,25/09/2026,02:02:07,ClassifEspSWE-0002026-05-29_1,JOHANKARLSSON,202609261753IXZ6J05B,2026_26_sep_02,Citizen Science (ultrasonic) - shared
59~40306+18~07249_20260926_020214.wav,DEV_001_20260926_020214.wav,0,59.40306,18.07249,Phogri,Pholidoptera griseoaptera,Dark Bush-cricket,bush-cricket,0.96,,,26/09/2026,25/09/2026,02:02:14,ClassifEspSWE-0002026-05-29_1,JOHANKARLSSON,202609261753IXZ6J05B,2026_26_sep_02,Citizen Science (ultrasonic) - shared
59~40306+18~07249_20260926_020222.wav,DEV_001_20260926_020222.wav,0,59.40306,18.07249,Phogri,Pholidoptera griseoaptera,Dark Bush-cricket,bush-cricket,0.96,,,26/09/2026,25/09/2026,02:02:22,ClassifEspSWE-0002026-05-29_1,JOHANKARLSSON,202609261753IXZ6J05B,2026_26_sep_02,Citizen Science (ultrasonic) - shared
59~40306+18~07249_20260926_020229.wav,DEV_001_20260926_020229.wav,0,59.40306,18.07249,Phogri,Pholidoptera griseoaptera,Dark Bush-cricket,bush-cricket,0.97,,,26/09/2026,25/09/2026,02:02:29,ClassifEspSWE-0002026-05-29_1,JOHANKARLSSON,202609261753IXZ6J05B,2026_26_sep_02,Citizen Science (ultrasonic) - shared
59~40306+18~07249_20260926_020237.wav,DEV_001_20260926_020237.wav,0,59.40306,18.07249,Phogri,Pholidoptera griseoaptera,Dark Bush-cricket,bush-cricket,0.96,,,26/09/2026,25/09/2026,02:02:37,ClassifEspSWE-0002026-05-29_1,JOHANKARLSSON,202609261753IXZ6J05B,2026_26_sep_02,Citizen Science (ultrasonic) - shared
59~40306+18~07249_20260926_020245.wav,DEV_001_20260926_020245.wav,0,59.40306,18.07249,Phogri,Pholidoptera griseoaptera,Dark Bush-cricket,bush-cricket,0.96,,,26/09/2026,25/09/2026,02:02:45,ClassifEspSWE-0002026-05-29_1,JOHANKARLSSON,202609261753IXZ6J05B,2026_26_sep_02,Citizen Science (ultrasonic) - shared
59~40306+18~07249_20260926_020254.wav,DEV_001_20260926_020254.wav,0,59.40306,18.07249,Phogri,Pholidoptera griseoaptera,Dark Bush-cricket,bush-cricket,0.97,,,26/09/2026,25/09/2026,02:02:54,ClassifEspSWE-0002026-05-29_1,JOHANKARLSSON,202609261753IXZ6J05B,2026_26_sep_02,Citizen Science (ultrasonic) - shared
59~40306+18~07249_20260926_020259.wav,DEV_001_20260926_020259.wav,0,59.40306,18.07249,Phogri,Pholidoptera griseoaptera,Dark Bush-cricket,bush-cricket,0.97,,,26/09/2026,25/09/2026,02:02:59,ClassifEspSWE-0002026-05-29_1,JOHANKARLSSON,202609261753IXZ6J05B,2026_26_sep_02,Citizen Science (ultrasonic) - shared
59~40306+18~07249_20260926_020307.wav,DEV_001_20260926_020307.wav,0,59.40306,18.07249,Phogri,Pholidoptera griseoaptera,Dark Bush-cricket,bush-cricket,0.98,,,26/09/2026,25/09/2026,02:03:07,ClassifEspSWE-0002026-05-29_1,JOHANKARLSSON,202609261753IXZ6J05B,2026_26_sep_02,Citizen Science (ultrasonic) - shared
59~40306+18~07249_20260926_020315.wav,DEV_001_20260926_020315.wav,0,59.40306,18.07249,Phogri,Pholidoptera griseoaptera,Dark Bush-cricket,bush-cricket,0.97,,,26/09/2026,25/09/2026,02:03:15,ClassifEspSWE-0002026-05-29_1,JOHANKARLSSON,202609261753IXZ6J05B,2026_26_sep_02,Citizen Science (ultrasonic) - shared
59~40306+18~07249_20260926_020322.wav,DEV_001_20260926_020322.wav,0,59.40306,18.07249,Phogri,Pholidoptera griseoaptera,Dark Bush-cricket,bush-cricket,0.99,,,26/09/2026,25/09/2026,02:03:22,ClassifEspSWE-0002026-05-29_1,JOHANKARLSSON,202609261753IXZ6J05B,2026_26_sep_02,Citizen Science (ultrasonic) - shared
59~40306+18~07249_20260926_020328.wav,DEV_001_20260926_020328.wav,0,59.40306,18.07249,Phogri,Pholidoptera griseoaptera,Dark Bush-cricket,bush-cricket,0.98,,,26/09/2026,25/09/2026,02:03:28,ClassifEspSWE-0002026-05-29_1,JOHANKARLSSON,202609261753IXZ6J05B,2026_26_sep_02,Citizen Science (ultrasonic) - shared
59~40306+18~07249_20260926_020336.wav,DEV_001_20260926_020336.wav,0,59.40306,18.07249,Phogri,Pholidoptera griseoaptera,Dark Bush-cricket,bush-cricket,0.96,,,26/09/2026,25/09/2026,02:03:36,ClassifEspSWE-0002026-05-29_1,JOHANKARLSSON,202609261753IXZ6J05B,2026_26_sep_02,Citizen Science (ultrasonic) - shared
59~40306+18~07249_20260926_020345.wav,DEV_001_20260926_020345.wav,0,59.40306,18.07249,Phogri,Pholidoptera griseoaptera,Dark Bush-cricket,bush-cricket,0.97,,,26/09/2026,25/09/2026,02:03:45,ClassifEspSWE-0002026-05-29_1,JOHANKARLSSON,202609261753IXZ6J05B,2026_26_sep_02,Citizen Science (ultrasonic) - shared
59~40306+18~07249_20260926_020351.wav,DEV_001_20260926_020351.wav,0,59.40306,18.07249,Phogri,Pholidoptera griseoaptera,Dark Bush-cricket,bush-cricket,0.97,,,26/09/2026,25/09/2026,02:03:51,ClassifEspSWE-0002026-05-29_1,JOHANKARLSSON,202609261753IXZ6J05B,2026_26_sep_02,Citizen Science (ultrasonic) - shared
59~40306+18~07249_20260926_020400.wav,DEV_001_20260926_020400.wav,0,59.40306,18.07249,Phogri,Pholidoptera griseoaptera,Dark Bush-cricket,bush-cricket,0.99,,,26/09/2026,25/09/2026,02:04:00,ClassifEspSWE-0002026-05-29_1,JOHANKARLSSON,202609261753IXZ6J05B,2026_26_sep_02,Citizen Science (ultrasonic) - shared
59~40306+18~07249_20260926_020406.wav,DEV_001_20260926_020406.wav,0,59.40306,18.07249,Phogri,Pholidoptera griseoaptera,Dark Bush-cricket,bush-cricket,0.97,,,26/09/2026,25/09/2026,02:04:06,ClassifEspSWE-0002026-05-29_1,JOHANKARLSSON,202609261753IXZ6J05B,2026_26_sep_02,Citizen Science (ultrasonic) - shared
59~40306+18~07249_20260926_020415.wav,DEV_001_20260926_020415.wav,0,59.40306,18.07249,Phogri,Pholidoptera griseoaptera,Dark Bush-cricket,bush-cricket,0.99,,,26/09/2026,25/09/2026,02:04:15,ClassifEspSWE-0002026-05-29_1,JOHANKARLSSON,202609261753IXZ6J05B,2026_26_sep_02,Citizen Science (ultrasonic) - shared
59~40306+18~07249_20260926_020422.wav,DEV_001_20260926_020422.wav,0,59.40306,18.07249,Phogri,Pholidoptera griseoaptera,Dark Bush-cricket,bush-cricket,0.97,,,26/09/2026,25/09/2026,02:04:22,ClassifEspSWE-0002026-05-29_1,JOHANKARLSSON,202609261753IXZ6J05B,2026_26_sep_02,Citizen Science (ultrasonic) - shared
59~40306+18~07249_20260926_020429.wav,DEV_001_20260926_020429.wav,0,59.40306,18.07249,Phogri,Pholidoptera griseoaptera,Dark Bush-cricket,bush-cricket,0.99,,,26/09/2026,25/09/2026,02:04:29,ClassifEspSWE-0002026-05-29_1,JOHANKARLSSON,202609261753IXZ6J05B,2026_26_sep_02,Citizen Science (ultrasonic) - shared
59~40306+18~07249_20260926_020437.wav,DEV_001_20260926_020437.wav,0,59.40306,18.07249,Phogri,Pholidoptera griseoaptera,Dark Bush-cricket,bush-cricket,0.98,,,26/09/2026,25/09/2026,02:04:37,ClassifEspSWE-0002026-05-29_1,JOHANKARLSSON,202609261753IXZ6J05B,2026_26_sep_02,Citizen Science (ultrasonic) - shared
59~40306+18~07249_20260926_020445.wav,DEV_001_20260926_020445.wav,0,59.40306,18.07249,Phogri,Pholidoptera griseoaptera,Dark Bush-cricket,bush-cricket,0.96,,,26/09/2026,25/09/2026,02:04:45,ClassifEspSWE-0002026-05-29_1,JOHANKARLSSON,202609261753IXZ6J05B,2026_26_sep_02,Citizen Science (ultrasonic) - shared
59~40306+18~07249_20260926_020451.wav,DEV_001_20260926_020451.wav,0,59.40306,18.07249,Phogri,Pholidoptera griseoaptera,Dark Bush-cricket,bush-cricket,0.98,,,26/09/2026,25/09/2026,02:04:51,ClassifEspSWE-0002026-05-29_1,JOHANKARLSSON,202609261753IXZ6J05B,2026_26_sep_02,Citizen Science (ultrasonic) - shared
59~40306+18~07249_20260926_020500.wav,DEV_001_20260926_020500.wav,0,59.40306,18.07249,Phogri,Pholidoptera griseoaptera,Dark Bush-cricket,bush-cricket,0.99,,,26/09/2026,25/09/2026,02:05:00,ClassifEspSWE-0002026-05-29_1,JOHANKARLSSON,202609261753IXZ6J05B,2026_26_sep_02,Citizen Science (ultrasonic) - shared
59~40306+18~07249_20260926_020507.wav,DEV_001_20260926_020507.wav,0,59.40306,18.07249,Phogri,Pholidoptera griseoaptera,Dark Bush-cricket,bush-cricket,0.98,,,26/09/2026,25/09/2026,02:05:07,ClassifEspSWE-0002026-05-29_1,JOHANKARLSSON,202609261753IXZ6J05B,2026_26_sep_02,Citizen Science (ultrasonic) - shared
59~40306+18~07249_20260926_020515.wav,DEV_001_20260926_020515.wav,0,59.40306,18.07249,Phogri,Pholidoptera griseoaptera,Dark Bush-cricket,bush-cricket,0.98,,,26/09/2026,25/09/2026,02:05:15,ClassifEspSWE-0002026-05-29_1,JOHANKARLSSON,202609261753IXZ6J05B,2026_26_sep_02,Citizen Science (ultrasonic) - shared
59~40306+18~07249_20260926_020522.wav,DEV_001_20260926_020522.wav,0,59.40306,18.07249,Phogri,Pholidoptera griseoaptera,Dark Bush-cricket,bush-cricket,0.95,,,26/09/2026,25/09/2026,02:05:22,ClassifEspSWE-0002026-05-29_1,JOHANKARLSSON,202609261753IXZ6J05B,2026_26_sep_02,Citizen Science (ultrasonic) - shared
59~40306+18~07249_20260926_020529.wav,DEV_001_20260926_020529.wav,0,59.40306,18.07249,Phogri,Pholidoptera griseoaptera,Dark Bush-cricket,bush-cricket,0.95,,,26/09/2026,25/09/2026,02:05:29,ClassifEspSWE-0002026-05-29_1,JOHANKARLSSON,202609261753IXZ6J05B,2026_26_sep_02,Citizen Science (ultrasonic) - shared
59~40306+18~07249_20260926_020538.wav,DEV_001_20260926_020538.wav,0,59.40306,18.07249,Phogri,Pholidoptera griseoaptera,Dark Bush-cricket,bush-cricket,0.98,,,26/09/2026,25/09/2026,02:05:38,ClassifEspSWE-0002026-05-29_1,JOHANKARLSSON,202609261753IXZ6J05B,2026_26_sep_02,Citizen Science (ultrasonic) - shared
59~40306+18~07249_20260926_020546.wav,DEV_001_20260926_020546.wav,0,59.40306,18.07249,Phogri,Pholidoptera griseoaptera,Dark Bush-cricket,bush-cricket,0.99,,,26/09/2026,25/09/2026,02:05:46,ClassifEspSWE-0002026-05-29_1,JOHANKARLSSON,202609261753IXZ6J05B,2026_26_sep_02,Citizen Science (ultrasonic) - shared
59~40306+18~07249_20260926_020552.wav,DEV_001_20260926_020552.wav,0,59.40306,18.07249,Phogri,Pholidoptera griseoaptera,Dark Bush-cricket,bush-cricket,0.99,,,26/09/2026,25/09/2026,02:05:52,ClassifEspSWE-0002026-05-29_1,JOHANKARLSSON,202609261753IXZ6J05B,2026_26_sep_02,Citizen Science (ultrasonic) - shared
59~40306+18~07249_20260926_020601.wav,DEV_001_20260926_020601.wav,0,59.40306,18.07249,Phogri,Pholidoptera griseoaptera,Dark Bush-cricket,bush-cricket,0.95,,,26/09/2026,25/09/2026,02:06:01,ClassifEspSWE-0002026-05-29_1,JOHANKARLSSON,202609261753IXZ6J05B,2026_26_sep_02,Citizen Science (ultrasonic) - shared
59~40306+18~07249_20260926_020607.wav,DEV_001_20260926_020607.wav,0,59.40306,18.07249,Phogri,Pholidoptera griseoaptera,Dark Bush-cricket,bush-cricket,0.99,,,26/09/2026,25/09/2026,02:06:07,ClassifEspSWE-0002026-05-29_1,JOHANKARLSSON,202609261753IXZ6J05B,2026_26_sep_02,Citizen Science (ultrasonic) - shared
59~40306+18~07249_20260926_020615.wav,DEV_001_20260926_020615.wav,0,59.40306,18.07249,Phogri,Pholidoptera griseoaptera,Dark Bush-cricket,bush-cricket,0.88,,,26/09/2026,25/09/2026,02:06:15,ClassifEspSWE-0002026-05-29_1,JOHANKARLSSON,202609261753IXZ6J05B,2026_26_sep_02,Citizen Science (ultrasonic) - shared
59~40306+18~07249_20260926_020620.wav,DEV_001_20260926_020620.wav,0,59.40306,18.07249,Phogri,Pholidoptera griseoaptera,Dark Bush-cricket,bush-cricket,0.95,,,26/09/2026,25/09/2026,02:06:20,ClassifEspSWE-0002026-05-29_1,JOHANKARLSSON,202609261753IXZ6J05B,2026_26_sep_02,Citizen Science (ultrasonic) - shared
59~40306+18~07249_20260926_020627.wav,DEV_001_20260926_020627.wav,0,59.40306,18.07249,Phogri,Pholidoptera griseoaptera,Dark Bush-cricket,bush-cricket,0.97,,,26/09/2026,25/09/2026,02:06:27,ClassifEspSWE-0002026-05-29_1,JOHANKARLSSON,202609261753IXZ6J05B,2026_26_sep_02,Citizen Science (ultrasonic) - shared
59~40306+18~07249_20260926_020638.wav,DEV_001_20260926_020638.wav,0,59.40306,18.07249,Phogri,Pholidoptera griseoaptera,Dark Bush-cricket,bush-cricket,0.98,,,26/09/2026,25/09/2026,02:06:38,ClassifEspSWE-0002026-05-29_1,JOHANKARLSSON,202609261753IXZ6J05B,2026_26_sep_02,Citizen Science (ultrasonic) - shared
59~40306+18~07249_20260926_020647.wav,DEV_001_20260926_020647.wav,0,59.40306,18.07249,Phogri,Pholidoptera griseoaptera,Dark Bush-cricket,bush-cricket,0.98,,,26/09/2026,25/09/2026,02:06:47,ClassifEspSWE-0002026-05-29_1,JOHANKARLSSON,202609261753IXZ6J05B,2026_26_sep_02,Citizen Science (ultrasonic) - shared
59~40306+18~07249_20260926_020655.wav,DEV_001_20260926_020655.wav,0,59.40306,18.07249,Phogri,Pholidoptera griseoaptera,Dark Bush-cricket,bush-cricket,0.99,,,26/09/2026,25/09/2026,02:06:55,ClassifEspSWE-0002026-05-29_1,JOHANKARLSSON,202609261753IXZ6J05B,2026_26_sep_02,Citizen Science (ultrasonic) - shared
59~40306+18~07249_20260926_020702.wav,DEV_001_20260926_020702.wav,0,59.40306,18.07249,Phogri,Pholidoptera griseoaptera,Dark Bush-cricket,bush-cricket,0.99,,,26/09/2026,25/09/2026,02:07:02,ClassifEspSWE-0002026-05-29_1,JOHANKARLSSON,202609261753IXZ6J05B,2026_26_sep_02,Citizen Science (ultrasonic) - shared
59~40306+18~07249_20260926_020711.wav,DEV_001_20260926_020711.wav,0,59.40306,18.07249,Phogri,Pholidoptera griseoaptera,Dark Bush-cricket,bush-cricket,0.99,,,26/09/2026,25/09/2026,02:07:11,ClassifEspSWE-0002026-05-29_1,JOHANKARLSSON,202609261753IXZ6J05B,2026_26_sep_02,Citizen Science (ultrasonic) - shared
59~40306+18~07249_20260926_020719.wav,DEV_001_20260926_020719.wav,0,59.40306,18.07249,Phogri,Pholidoptera griseoaptera,Dark Bush-cricket,bush-cricket,0.94,,,26/09/2026,25/09/2026,02:07:19,ClassifEspSWE-0002026-05-29_1,JOHANKARLSSON,202609261753IXZ6J05B,2026_26_sep_02,Citizen Science (ultrasonic) - shared
59~40306+18~07249_20260926_020727.wav,DEV_001_20260926_020727.wav,0,59.40306,18.07249,Phogri,Pholidoptera griseoaptera,Dark Bush-cricket,bush-cricket,0.94,,,26/09/2026,25/09/2026,02:07:27,ClassifEspSWE-0002026-05-29_1,JOHANKARLSSON,202609261753IXZ6J05B,2026_26_sep_02,Citizen Science (ultrasonic) - shared
59~40306+18~07249_20260926_020734.wav,DEV_001_20260926_020734.wav,0,59.40306,18.07249,Phogri,Pholidoptera griseoaptera,Dark Bush-cricket,bush-cricket,0.98,,,26/09/2026,25/09/2026,02:07:34,ClassifEspSWE-0002026-05-29_1,JOHANKARLSSON,202609261753IXZ6J05B,2026_26_sep_02,Citizen Science (ultrasonic) - shared
59~40306+18~07249_20260926_020742.wav,DEV_001_20260926_020742.wav,0,59.40306,18.07249,Phogri,Pholidoptera griseoaptera,Dark Bush-cricket,bush-cricket,0.96,,,26/09/2026,25/09/2026,02:07:42,ClassifEspSWE-0002026-05-29_1,JOHANKARLSSON,202609261753IXZ6J05B,2026_26_sep_02,Citizen Science (ultrasonic) - shared
59~40306+18~07249_20260926_020749.wav,DEV_001_20260926_020749.wav,0,59.40306,18.07249,Phogri,Pholidoptera griseoaptera,Dark Bush-cricket,bush-cricket,0.97,,,26/09/2026,25/09/2026,02:07:49,ClassifEspSWE-0002026-05-29_1,JOHANKARLSSON,202609261753IXZ6J05B,2026_26_sep_02,Citizen Science (ultrasonic) - shared
59~40306+18~07249_20260926_020758.wav,DEV_001_20260926_020758.wav,0,59.40306,18.07249,Phogri,Pholidoptera griseoaptera,Dark Bush-cricket,bush-cricket,0.98,,,26/09/2026,25/09/2026,02:07:58,ClassifEspSWE-0002026-05-29_1,JOHANKARLSSON,202609261753IXZ6J05B,2026_26_sep_02,Citizen Science (ultrasonic) - shared
59~40306+18~07249_20260926_020804.wav,DEV_001_20260926_020804.wav,0,59.40306,18.07249,Phogri,Pholidoptera griseoaptera,Dark Bush-cricket,bush-cricket,0.97,,,26/09/2026,25/09/2026,02:08:04,ClassifEspSWE-0002026-05-29_1,JOHANKARLSSON,202609261753IXZ6J05B,2026_26_sep_02,Citizen Science (ultrasonic) - shared
59~40306+18~07249_20260926_020812.wav,DEV_001_20260926_020812.wav,0,59.40306,18.07249,Phogri,Pholidoptera griseoaptera,Dark Bush-cricket,bush-cricket,0.98,,,26/09/2026,25/09/2026,02:08:12,ClassifEspSWE-0002026-05-29_1,JOHANKARLSSON,202609261753IXZ6J05B,2026_26_sep_02,Citizen Science (ultrasonic) - shared
59~40306+18~07249_20260926_020818.wav,DEV_001_20260926_020818.wav,0,59.40306,18.07249,Phogri,Pholidoptera griseoaptera,Dark Bush-cricket,bush-cricket,0.94,,,26/09/2026,25/09/2026,02:08:18,ClassifEspSWE-0002026-05-29_1,JOHANKARLSSON,202609261753IXZ6J05B,2026_26_sep_02,Citizen Science (ultrasonic) - shared
59~40306+18~07249_20260926_020826.wav,DEV_001_20260926_020826.wav,0,59.40306,18.07249,Phogri,Pholidoptera griseoaptera,Dark Bush-cricket,bush-cricket,0.97,,,26/09/2026,25/09/2026,02:08:26,ClassifEspSWE-0002026-05-29_1,JOHANKARLSSON,202609261753IXZ6J05B,2026_26_sep_02,Citizen Science (ultrasonic) - shared
59~40306+18~07249_20260926_020835.wav,DEV_001_20260926_020835.wav,0,59.40306,18.07249,Phogri,Pholidoptera griseoaptera,Dark Bush-cricket,bush-cricket,0.96,,,26/09/2026,25/09/2026,02:08:35,ClassifEspSWE-0002026-05-29_1,JOHANKARLSSON,202609261753IXZ6J05B,2026_26_sep_02,Citizen Science (ultrasonic) - shared
59~40306+18~07249_20260926_020842.wav,DEV_001_20260926_020842.wav,0,59.40306,18.07249,Phogri,Pholidoptera griseoaptera,Dark Bush-cricket,bush-cricket,0.99,,,26/09/2026,25/09/2026,02:08:42,ClassifEspSWE-0002026-05-29_1,JOHANKARLSSON,202609261753IXZ6J05B,2026_26_sep_02,Citizen Science (ultrasonic) - shared
59~40306+18~07249_20260926_020850.wav,DEV_001_20260926_020850.wav,0,59.40306,18.07249,Phogri,Pholidoptera griseoaptera,Dark Bush-cricket,bush-cricket,0.94,,,26/09/2026,25/09/2026,02:08:50,ClassifEspSWE-0002026-05-29_1,JOHANKARLSSON,202609261753IXZ6J05B,2026_26_sep_02,Citizen Science (ultrasonic) - shared
59~40306+18~07249_20260926_020858.wav,DEV_001_20260926_020858.wav,0,59.40306,18.07249,Phogri,Pholidoptera griseoaptera,Dark Bush-cricket,bush-cricket,0.97,,,26/09/2026,25/09/2026,02:08:58,ClassifEspSWE-0002026-05-29_1,JOHANKARLSSON,202609261753IXZ6J05B,2026_26_sep_02,Citizen Science (ultrasonic) - shared
59~40306+18~07249_20260926_020906.wav,DEV_001_20260926_020906.wav,0,59.40306,18.07249,Phogri,Pholidoptera griseoaptera,Dark Bush-cricket,bush-cricket,0.98,,,26/09/2026,25/09/2026,02:09:06,ClassifEspSWE-0002026-05-29_1,JOHANKARLSSON,202609261753IXZ6J05B,2026_26_sep_02,Citizen Science (ultrasonic) - shared
59~40306+18~07249_20260926_020913.wav,DEV_001_20260926_020913.wav,0,59.40306,18.07249,Phogri,Pholidoptera griseoaptera,Dark Bush-cricket,bush-cricket,0.99,,,26/09/2026,25/09/2026,02:09:13,ClassifEspSWE-0002026-05-29_1,JOHANKARLSSON,202609261753IXZ6J05B,2026_26_sep_02,Citizen Science (ultrasonic) - shared
59~40306+18~07249_20260926_020919.wav,DEV_001_20260926_020919.wav,0,59.40306,18.07249,Phogri,Pholidoptera griseoaptera,Dark Bush-cricket,bush-cricket,0.95,,,26/09/2026,25/09/2026,02:09:19,ClassifEspSWE-0002026-05-29_1,JOHANKARLSSON,202609261753IXZ6J05B,2026_26_sep_02,Citizen Science (ultrasonic) - shared
59~40306+18~07249_20260926_020927.wav,DEV_001_20260926_020927.wav,0,59.40306,18.07249,Phogri,Pholidoptera griseoaptera,Dark Bush-cricket,bush-cricket,0.98,,,26/09/2026,25/09/2026,02:09:27,ClassifEspSWE-0002026-05-29_1,JOHANKARLSSON,202609261753IXZ6J05B,2026_26_sep_02,Citizen Science (ultrasonic) - shared
59~40306+18~07249_20260926_020936.wav,DEV_001_20260926_020936.wav,0,59.40306,18.07249,Phogri,Pholidoptera griseoaptera,Dark Bush-cricket,bush-cricket,0.95,,,26/09/2026,25/09/2026,02:09:36,ClassifEspSWE-0002026-05-29_1,JOHANKARLSSON,202609261753IXZ6J05B,2026_26_sep_02,Citizen Science (ultrasonic) - shared
59~40306+18~07249_20260926_020946.wav,DEV_001_20260926_020946.wav,0,59.40306,18.07249,Phogri,Pholidoptera griseoaptera,Dark Bush-cricket,bush-cricket,0.92,,,26/09/2026,25/09/2026,02:09:46,ClassifEspSWE-0002026-05-29_1,JOHANKARLSSON,202609261753IXZ6J05B,2026_26_sep_02,Citizen Science (ultrasonic) - shared
59~40306+18~07249_20260926_020956.wav,DEV_001_20260926_020956.wav,0,59.40306,18.07249,Phogri,Pholidoptera griseoaptera,Dark Bush-cricket,bush-cricket,0.88,,,26/09/2026,25/09/2026,02:09:56,ClassifEspSWE-0002026-05-29_1,JOHANKARLSSON,202609261753IXZ6J05B,2026_26_sep_02,Citizen Science (ultrasonic) - shared
59~40306+18~07249_20260926_021005.wav,DEV_001_20260926_021005.wav,0,59.40306,18.07249,Phogri,Pholidoptera griseoaptera,Dark Bush-cricket,bush-cricket,0.96,,,26/09/2026,25/09/2026,02:10:05,ClassifEspSWE-0002026-05-29_1,JOHANKARLSSON,202609261753IXZ6J05B,2026_26_sep_02,Citizen Science (ultrasonic) - shared
59~40306+18~07249_20260926_021010.wav,DEV_001_20260926_021010.wav,0,59.40306,18.07249,Phogri,Pholidoptera griseoaptera,Dark Bush-cricket,bush-cricket,0.91,,,26/09/2026,25/09/2026,02:10:10,ClassifEspSWE-0002026-05-29_1,JOHANKARLSSON,202609261753IXZ6J05B,2026_26_sep_02,Citizen Science (ultrasonic) - shared
59~40306+18~07249_20260926_021018.wav,DEV_001_20260926_021018.wav,0,59.40306,18.07249,Phogri,Pholidoptera griseoaptera,Dark Bush-cricket,bush-cricket,0.97,,,26/09/2026,25/09/2026,02:10:18,ClassifEspSWE-0002026-05-29_1,JOHANKARLSSON,202609261753IXZ6J05B,2026_26_sep_02,Citizen Science (ultrasonic) - shared
59~40306+18~07249_20260926_021023.wav,DEV_001_20260926_021023.wav,0,59.40306,18.07249,Phogri,Pholidoptera griseoaptera,Dark Bush-cricket,bush-cricket,0.96,,,26/09/2026,25/09/2026,02:10:23,ClassifEspSWE-0002026-05-29_1,JOHANKARLSSON,202609261753IXZ6J05B,2026_26_sep_02,Citizen Science (ultrasonic) - shared
59~40306+18~07249_20260926_021029.wav,DEV_001_20260926_021029.wav,0,59.40306,18.07249,Phogri,Pholidoptera griseoaptera,Dark Bush-cricket,bush-cricket,0.96,,,26/09/2026,25/09/2026,02:10:29,ClassifEspSWE-0002026-05-29_1,JOHANKARLSSON,202609261753IXZ6J05B,2026_26_sep_02,Citizen Science (ultrasonic) - shared
59~40306+18~07249_20260926_021035.wav,DEV_001_20260926_021035.wav,0,59.40306,18.07249,Phogri,Pholidoptera griseoaptera,Dark Bush-cricket,bush-cricket,0.91,,,26/09/2026,25/09/2026,02:10:35,ClassifEspSWE-0002026-05-29_1,JOHANKARLSSON,202609261753IXZ6J05B,2026_26_sep_02,Citizen Science (ultrasonic) - shared
59~40306+18~07249_20260926_021044.wav,DEV_001_20260926_021044.wav,0,59.40306,18.07249,Phogri,Pholidoptera griseoaptera,Dark Bush-cricket,bush-cricket,0.98,,,26/09/2026,25/09/2026,02:10:44,ClassifEspSWE-0002026-05-29_1,JOHANKARLSSON,202609261753IXZ6J05B,2026_26_sep_02,Citizen Science (ultrasonic) - shared
59~40306+18~07249_20260926_021050.wav,DEV_001_20260926_021050.wav,0,59.40306,18.07249,Phogri,Pholidoptera griseoaptera,Dark Bush-cricket,bush-cricket,0.97,,,26/09/2026,25/09/2026,02:10:50,ClassifEspSWE-0002026-05-29_1,JOHANKARLSSON,202609261753IXZ6J05B,2026_26_sep_02,Citizen Science (ultrasonic) - shared
59~40306+18~07249_20260926_021055.wav,DEV_001_20260926_021055.wav,0,59.40306,18.07249,Phogri,Pholidoptera griseoaptera,Dark Bush-cricket,bush-cricket,0.98,,,26/09/2026,25/09/2026,02:10:55,ClassifEspSWE-0002026-05-29_1,JOHANKARLSSON,202609261753IXZ6J05B,2026_26_sep_02,Citizen Science (ultrasonic) - shared
59~40306+18~07249_20260926_021105.wav,DEV_001_20260926_021105.wav,0,59.40306,18.07249,Phogri,Pholidoptera griseoaptera,Dark Bush-cricket,bush-cricket,0.99,,,26/09/2026,25/09/2026,02:11:05,ClassifEspSWE-0002026-05-29_1,JOHANKARLSSON,202609261753IXZ6J05B,2026_26_sep_02,Citizen Science (ultrasonic) - shared
59~40306+18~07249_20260926_021112.wav,DEV_001_20260926_021112.wav,0,59.40306,18.07249,Phogri,Pholidoptera griseoaptera,Dark Bush-cricket,bush-cricket,0.94,,,26/09/2026,25/09/2026,02:11:12,ClassifEspSWE-0002026-05-29_1,JOHANKARLSSON,202609261753IXZ6J05B,2026_26_sep_02,Citizen Science (ultrasonic) - shared
59~40306+18~07249_20260926_021121.wav,DEV_001_20260926_021121.wav,0,59.40306,18.07249,Phogri,Pholidoptera griseoaptera,Dark Bush-cricket,bush-cricket,0.98,,,26/09/2026,25/09/2026,02:11:21,ClassifEspSWE-0002026-05-29_1,JOHANKARLSSON,202609261753IXZ6J05B,2026_26_sep_02,Citizen Science (ultrasonic) - shared
59~40306+18~07249_20260926_021127.wav,DEV_001_20260926_021127.wav,0,59.40306,18.07249,Phogri,Pholidoptera griseoaptera,Dark Bush-cricket,bush-cricket,0.97,,,26/09/2026,25/09/2026,02:11:27,ClassifEspSWE-0002026-05-29_1,JOHANKARLSSON,202609261753IXZ6J05B,2026_26_sep_02,Citizen Science (ultrasonic) - shared
59~40306+18~07249_20260926_021134.wav,DEV_001_20260926_021134.wav,0,59.40306,18.07249,Phogri,Pholidoptera griseoaptera,Dark Bush-cricket,bush-cricket,0.98,,,26/09/2026,25/09/2026,02:11:34,ClassifEspSWE-0002026-05-29_1,JOHANKARLSSON,202609261753IXZ6J05B,2026_26_sep_02,Citizen Science (ultrasonic) - shared
59~40306+18~07249_20260926_021145.wav,DEV_001_20260926_021145.wav,0,59.40306,18.07249,Phogri,Pholidoptera griseoaptera,Dark Bush-cricket,bush-cricket,0.97,,,26/09/2026,25/09/2026,02:11:45,ClassifEspSWE-0002026-05-29_1,JOHANKARLSSON,202609261753IXZ6J05B,2026_26_sep_02,Citizen Science (ultrasonic) - shared
59~40306+18~07249_20260926_021150.wav,DEV_001_20260926_021150.wav,0,59.40306,18.07249,Phogri,Pholidoptera griseoaptera,Dark Bush-cricket,bush-cricket,0.98,,,26/09/2026,25/09/2026,02:11:50,ClassifEspSWE-0002026-05-29_1,JOHANKARLSSON,202609261753IXZ6J05B,2026_26_sep_02,Citizen Science (ultrasonic) - shared
59~40306+18~07249_20260926_021159.wav,DEV_001_20260926_021159.wav,0,59.40306,18.07249,Phogri,Pholidoptera griseoaptera,Dark Bush-cricket,bush-cricket,0.97,,,26/09/2026,25/09/2026,02:11:59,ClassifEspSWE-0002026-05-29_1,JOHANKARLSSON,202609261753IXZ6J05B,2026_26_sep_02,Citizen Science (ultrasonic) - shared
59~40306+18~07249_20260926_021208.wav,DEV_001_20260926_021208.wav,0,59.40306,18.07249,Phogri,Pholidoptera griseoaptera,Dark Bush-cricket,bush-cricket,0.94,,,26/09/2026,25/09/2026,02:12:08,ClassifEspSWE-0002026-05-29_1,JOHANKARLSSON,202609261753IXZ6J05B,2026_26_sep_02,Citizen Science (ultrasonic) - shared
59~40306+18~07249_20260926_021217.wav,DEV_001_20260926_021217.wav,0,59.40306,18.07249,Phogri,Pholidoptera griseoaptera,Dark Bush-cricket,bush-cricket,0.99,,,26/09/2026,25/09/2026,02:12:17,ClassifEspSWE-0002026-05-29_1,JOHANKARLSSON,202609261753IXZ6J05B,2026_26_sep_02,Citizen Science (ultrasonic) - shared
59~40306+18~07249_20260926_021223.wav,DEV_001_20260926_021223.wav,0,59.40306,18.07249,Phogri,Pholidoptera griseoaptera,Dark Bush-cricket,bush-cricket,0.97,,,26/09/2026,25/09/2026,02:12:23,ClassifEspSWE-0002026-05-29_1,JOHANKARLSSON,202609261753IXZ6J05B,2026_26_sep_02,Citizen Science (ultrasonic) - shared
59~40306+18~07249_20260926_021232.wav,DEV_001_20260926_021232.wav,0,59.40306,18.07249,Phogri,Pholidoptera griseoaptera,Dark Bush-cricket,bush-cricket,0.98,,,26/09/2026,25/09/2026,02:12:32,ClassifEspSWE-0002026-05-29_1,JOHANKARLSSON,202609261753IXZ6J05B,2026_26_sep_02,Citizen Science (ultrasonic) - shared
59~40306+18~07249_20260926_021239.wav,DEV_001_20260926_021239.wav,0,59.40306,18.07249,Phogri,Pholidoptera griseoaptera,Dark Bush-cricket,bush-cricket,0.98,,,26/09/2026,25/09/2026,02:12:39,ClassifEspSWE-0002026-05-29_1,JOHANKARLSSON,202609261753IXZ6J05B,2026_26_sep_02,Citizen Science (ultrasonic) - shared
59~40306+18~07249_20260926_021247.wav,DEV_001_20260926_021247.wav,0,59.40306,18.07249,Phogri,Pholidoptera griseoaptera,Dark Bush-cricket,bush-cricket,0.98,,,26/09/2026,25/09/2026,02:12:47,ClassifEspSWE-0002026-05-29_1,JOHANKARLSSON,202609261753IXZ6J05B,2026_26_sep_02,Citizen Science (ultrasonic) - shared
59~40306+18~07249_20260926_021253.wav,DEV_001_20260926_021253.wav,0,59.40306,18.07249,Phogri,Pholidoptera griseoaptera,Dark Bush-cricket,bush-cricket,0.94,,,26/09/2026,25/09/2026,02:12:53,ClassifEspSWE-0002026-05-29_1,JOHANKARLSSON,202609261753IXZ6J05B,2026_26_sep_02,Citizen Science (ultrasonic) - shared
59~40306+18~07249_20260926_021302.wav,DEV_001_20260926_021302.wav,0,59.40306,18.07249,Phogri,Pholidoptera griseoaptera,Dark Bush-cricket,bush-cricket,0.97,,,26/09/2026,25/09/2026,02:13:02,ClassifEspSWE-0002026-05-29_1,JOHANKARLSSON,202609261753IXZ6J05B,2026_26_sep_02,Citizen Science (ultrasonic) - shared
59~40306+18~07249_20260926_021310.wav,DEV_001_20260926_021310.wav,0,59.40306,18.07249,Phogri,Pholidoptera griseoaptera,Dark Bush-cricket,bush-cricket,0.96,,,26/09/2026,25/09/2026,02:13:10,ClassifEspSWE-0002026-05-29_1,JOHANKARLSSON,202609261753IXZ6J05B,2026_26_sep_02,Citizen Science (ultrasonic) - shared
59~40306+18~07249_20260926_021315.wav,DEV_001_20260926_021315.wav,0,59.40306,18.07249,Phogri,Pholidoptera griseoaptera,Dark Bush-cricket,bush-cricket,0.96,,,26/09/2026,25/09/2026,02:13:15,ClassifEspSWE-0002026-05-29_1,JOHANKARLSSON,202609261753IXZ6J05B,2026_26_sep_02,Citizen Science (ultrasonic) - shared
59~40306+18~07249_20260926_021324.wav,DEV_001_20260926_021324.wav,0,59.40306,18.07249,Phogri,Pholidoptera griseoaptera,Dark Bush-cricket,bush-cricket,0.98,,,26/09/2026,25/09/2026,02:13:24,ClassifEspSWE-0002026-05-29_1,JOHANKARLSSON,202609261753IXZ6J05B,2026_26_sep_02,Citizen Science (ultrasonic) - shared
59~40306+18~07249_20260926_021332.wav,DEV_001_20260926_021332.wav,0,59.40306,18.07249,Phogri,Pholidoptera griseoaptera,Dark Bush-cricket,bush-cricket,0.97,,,26/09/2026,25/09/2026,02:13:32,ClassifEspSWE-0002026-05-29_1,JOHANKARLSSON,202609261753IXZ6J05B,2026_26_sep_02,Citizen Science (ultrasonic) - shared
59~40306+18~07249_20260926_021337.wav,DEV_001_20260926_021337.wav,0,59.40306,18.07249,Phogri,Pholidoptera griseoaptera,Dark Bush-cricket,bush-cricket,0.96,,,26/09/2026,25/09/2026,02:13:37,ClassifEspSWE-0002026-05-29_1,JOHANKARLSSON,202609261753IXZ6J05B,2026_26_sep_02,Citizen Science (ultrasonic) - shared
59~40306+18~07249_20260926_021347.wav,DEV_001_20260926_021347.wav,0,59.40306,18.07249,Phogri,Pholidoptera griseoaptera,Dark Bush-cricket,bush-cricket,0.96,,,26/09/2026,25/09/2026,02:13:47,ClassifEspSWE-0002026-05-29_1,JOHANKARLSSON,202609261753IXZ6J05B,2026_26_sep_02,Citizen Science (ultrasonic) - shared
59~40306+18~07249_20260926_021352.wav,DEV_001_20260926_021352.wav,0,59.40306,18.07249,Phogri,Pholidoptera griseoaptera,Dark Bush-cricket,bush-cricket,0.97,,,26/09/2026,25/09/2026,02:13:52,ClassifEspSWE-0002026-05-29_1,JOHANKARLSSON,202609261753IXZ6J05B,2026_26_sep_02,Citizen Science (ultrasonic) - shared
59~40306+18~07249_20260926_021402.wav,DEV_001_20260926_021402.wav,0,59.40306,18.07249,Phogri,Pholidoptera griseoaptera,Dark Bush-cricket,bush-cricket,0.98,,,26/09/2026,25/09/2026,02:14:02,ClassifEspSWE-0002026-05-29_1,JOHANKARLSSON,202609261753IXZ6J05B,2026_26_sep_02,Citizen Science (ultrasonic) - shared
59~40306+18~07249_20260926_021410.wav,DEV_001_20260926_021410.wav,0,59.40306,18.07249,Phogri,Pholidoptera griseoaptera,Dark Bush-cricket,bush-cricket,0.97,,,26/09/2026,25/09/2026,02:14:10,ClassifEspSWE-0002026-05-29_1,JOHANKARLSSON,202609261753IXZ6J05B,2026_26_sep_02,Citizen Science (ultrasonic) - shared
59~40306+18~07249_20260926_021417.wav,DEV_001_20260926_021417.wav,0,59.40306,18.07249,Phogri,Pholidoptera griseoaptera,Dark Bush-cricket,bush-cricket,0.96,,,26/09/2026,25/09/2026,02:14:17,ClassifEspSWE-0002026-05-29_1,JOHANKARLSSON,202609261753IXZ6J05B,2026_26_sep_02,Citizen Science (ultrasonic) - shared
59~40306+18~07249_20260926_021426.wav,DEV_001_20260926_021426.wav,0,59.40306,18.07249,Phogri,Pholidoptera griseoaptera,Dark Bush-cricket,bush-cricket,0.97,,,26/09/2026,25/09/2026,02:14:26,ClassifEspSWE-0002026-05-29_1,JOHANKARLSSON,202609261753IXZ6J05B,2026_26_sep_02,Citizen Science (ultrasonic) - shared
59~40306+18~07249_20260926_021435.wav,DEV_001_20260926_021435.wav,0,59.40306,18.07249,Phogri,Pholidoptera griseoaptera,Dark Bush-cricket,bush-cricket,0.96,,,26/09/2026,25/09/2026,02:14:35,ClassifEspSWE-0002026-05-29_1,JOHANKARLSSON,202609261753IXZ6J05B,2026_26_sep_02,Citizen Science (ultrasonic) - shared
59~40306+18~07249_20260926_021443.wav,DEV_001_20260926_021443.wav,0,59.40306,18.07249,Phogri,Pholidoptera griseoaptera,Dark Bush-cricket,bush-cricket,0.98,,,26/09/2026,25/09/2026,02:14:43,ClassifEspSWE-0002026-05-29_1,JOHANKARLSSON,202609261753IXZ6J05B,2026_26_sep_02,Citizen Science (ultrasonic) - shared
59~40306+18~07249_20260926_021448.wav,DEV_001_20260926_021448.wav,0,59.40306,18.07249,Phogri,Pholidoptera griseoaptera,Dark Bush-cricket,bush-cricket,0.9,,,26/09/2026,25/09/2026,02:14:48,ClassifEspSWE-0002026-05-29_1,JOHANKARLSSON,202609261753IXZ6J05B,2026_26_sep_02,Citizen Science (ultrasonic) - shared
59~40306+18~07249_20260926_021453.wav,DEV_001_20260926_021453.wav,0,59.40306,18.07249,Phogri,Pholidoptera griseoaptera,Dark Bush-cricket,bush-cricket,0.96,,,26/09/2026,25/09/2026,02:14:53,ClassifEspSWE-0002026-05-29_1,JOHANKARLSSON,202609261753IXZ6J05B,2026_26_sep_02,Citizen Science (ultrasonic) - shared
59~40306+18~07249_20260926_021501.wav,DEV_001_20260926_021501.wav,0,59.40306,18.07249,Phogri,Pholidoptera griseoaptera,Dark Bush-cricket,bush-cricket,0.98,,,26/09/2026,25/09/2026,02:15:01,ClassifEspSWE-0002026-05-29_1,JOHANKARLSSON,202609261753IXZ6J05B,2026_26_sep_02,Citizen Science (ultrasonic) - shared
59~40306+18~07249_20260926_021506.wav,DEV_001_20260926_021506.wav,0,59.40306,18.07249,Phogri,Pholidoptera griseoaptera,Dark Bush-cricket,bush-cricket,0.96,,,26/09/2026,25/09/2026,02:15:06,ClassifEspSWE-0002026-05-29_1,JOHANKARLSSON,202609261753IXZ6J05B,2026_26_sep_02,Citizen Science (ultrasonic) - shared
59~40306+18~07249_20260926_021514.wav,DEV_001_20260926_021514.wav,0,59.40306,18.07249,Phogri,Pholidoptera griseoaptera,Dark Bush-cricket,bush-cricket,0.94,,,26/09/2026,25/09/2026,02:15:14,ClassifEspSWE-0002026-05-29_1,JOHANKARLSSON,202609261753IXZ6J05B,2026_26_sep_02,Citizen Science (ultrasonic) - shared
59~40306+18~07249_20260926_021523.wav,DEV_001_20260926_021523.wav,0,59.40306,18.07249,Phogri,Pholidoptera griseoaptera,Dark Bush-cricket,bush-cricket,0.87,,,26/09/2026,25/09/2026,02:15:23,ClassifEspSWE-0002026-05-29_1,JOHANKARLSSON,202609261753IXZ6J05B,2026_26_sep_02,Citizen Science (ultrasonic) - shared
59~40306+18~07249_20260926_021530.wav,DEV_001_20260926_021530.wav,0,59.40306,18.07249,Phogri,Pholidoptera griseoaptera,Dark Bush-cricket,bush-cricket,0.95,,,26/09/2026,25/09/2026,02:15:30,ClassifEspSWE-0002026-05-29_1,JOHANKARLSSON,202609261753IXZ6J05B,2026_26_sep_02,Citizen Science (ultrasonic) - shared
59~40306+18~07249_20260926_021538.wav,DEV_001_20260926_021538.wav,0,59.40306,18.07249,Phogri,Pholidoptera griseoaptera,Dark Bush-cricket,bush-cricket,0.98,,,26/09/2026,25/09/2026,02:15:38,ClassifEspSWE-0002026-05-29_1,JOHANKARLSSON,202609261753IXZ6J05B,2026_26_sep_02,Citizen Science (ultrasonic) - shared
59~40306+18~07249_20260926_021546.wav,DEV_001_20260926_021546.wav,0,59.40306,18.07249,Phogri,Pholidoptera griseoaptera,Dark Bush-cricket,bush-cricket,0.99,,,26/09/2026,25/09/2026,02:15:46,ClassifEspSWE-0002026-05-29_1,JOHANKARLSSON,202609261753IXZ6J05B,2026_26_sep_02,Citizen Science (ultrasonic) - shared
59~40306+18~07249_20260926_021556.wav,DEV_001_20260926_021556.wav,0,59.40306,18.07249,Phogri,Pholidoptera griseoaptera,Dark Bush-cricket,bush-cricket,0.94,,,26/09/2026,25/09/2026,02:15:56,ClassifEspSWE-0002026-05-29_1,JOHANKARLSSON,202609261753IXZ6J05B,2026_26_sep_02,Citizen Science (ultrasonic) - shared
59~40306+18~07249_20260926_021603.wav,DEV_001_20260926_021603.wav,0,59.40306,18.07249,Phogri,Pholidoptera griseoaptera,Dark Bush-cricket,bush-cricket,0.96,,,26/09/2026,25/09/2026,02:16:03,ClassifEspSWE-0002026-05-29_1,JOHANKARLSSON,202609261753IXZ6J05B,2026_26_sep_02,Citizen Science (ultrasonic) - shared
59~40306+18~07249_20260926_021608.wav,DEV_001_20260926_021608.wav,0,59.40306,18.07249,Phogri,Pholidoptera griseoaptera,Dark Bush-cricket,bush-cricket,0.97,,,26/09/2026,25/09/2026,02:16:08,ClassifEspSWE-0002026-05-29_1,JOHANKARLSSON,202609261753IXZ6J05B,2026_26_sep_02,Citizen Science (ultrasonic) - shared
59~40306+18~07249_20260926_021616.wav,DEV_001_20260926_021616.wav,0,59.40306,18.07249,Phogri,Pholidoptera griseoaptera,Dark Bush-cricket,bush-cricket,0.91,,,26/09/2026,25/09/2026,02:16:16,ClassifEspSWE-0002026-05-29_1,JOHANKARLSSON,202609261753IXZ6J05B,2026_26_sep_02,Citizen Science (ultrasonic) - shared
59~40306+18~07249_20260926_021621.wav,DEV_001_20260926_021621.wav,0,59.40306,18.07249,Phogri,Pholidoptera griseoaptera,Dark Bush-cricket,bush-cricket,0.98,,,26/09/2026,25/09/2026,02:16:21,ClassifEspSWE-0002026-05-29_1,JOHANKARLSSON,202609261753IXZ6J05B,2026_26_sep_02,Citizen Science (ultrasonic) - shared
59~40306+18~07249_20260926_021630.wav,DEV_001_20260926_021630.wav,0,59.40306,18.07249,Phogri,Pholidoptera griseoaptera,Dark Bush-cricket,bush-cricket,0.97,,,26/09/2026,25/09/2026,02:16:30,ClassifEspSWE-0002026-05-29_1,JOHANKARLSSON,202609261753IXZ6J05B,2026_26_sep_02,Citizen Science (ultrasonic) - shared
59~40306+18~07249_20260926_021636.wav,DEV_001_20260926_021636.wav,0,59.40306,18.07249,Phogri,Pholidoptera griseoaptera,Dark Bush-cricket,bush-cricket,0.97,,,26/09/2026,25/09/2026,02:16:36,ClassifEspSWE-0002026-05-29_1,JOHANKARLSSON,202609261753IXZ6J05B,2026_26_sep_02,Citizen Science (ultrasonic) - shared
59~40306+18~07249_20260926_021645.wav,DEV_001_20260926_021645.wav,0,59.40306,18.07249,Phogri,Pholidoptera griseoaptera,Dark Bush-cricket,bush-cricket,0.98,,,26/09/2026,25/09/2026,02:16:45,ClassifEspSWE-0002026-05-29_1,JOHANKARLSSON,202609261753IXZ6J05B,2026_26_sep_02,Citizen Science (ultrasonic) - shared
59~40306+18~07249_20260926_021650.wav,DEV_001_20260926_021650.wav,0,59.40306,18.07249,Phogri,Pholidoptera griseoaptera,Dark Bush-cricket,bush-cricket,0.98,,,26/09/2026,25/09/2026,02:16:50,ClassifEspSWE-0002026-05-29_1,JOHANKARLSSON,202609261753IXZ6J05B,2026_26_sep_02,Citizen Science (ultrasonic) - shared
59~40306+18~07249_20260926_021656.wav,DEV_001_20260926_021656.wav,0,59.40306,18.07249,Phogri,Pholidoptera griseoaptera,Dark Bush-cricket,bush-cricket,0.87,,,26/09/2026,25/09/2026,02:16:56,ClassifEspSWE-0002026-05-29_1,JOHANKARLSSON,202609261753IXZ6J05B,2026_26_sep_02,Citizen Science (ultrasonic) - shared
59~40306+18~07249_20260926_021703.wav,DEV_001_20260926_021703.wav,0,59.40306,18.07249,Phogri,Pholidoptera griseoaptera,Dark Bush-cricket,bush-cricket,0.98,,,26/09/2026,25/09/2026,02:17:03,ClassifEspSWE-0002026-05-29_1,JOHANKARLSSON,202609261753IXZ6J05B,2026_26_sep_02,Citizen Science (ultrasonic) - shared
59~40306+18~07249_20260926_021710.wav,DEV_001_20260926_021710.wav,0,59.40306,18.07249,Phogri,Pholidoptera griseoaptera,Dark Bush-cricket,bush-cricket,0.98,,,26/09/2026,25/09/2026,02:17:10,ClassifEspSWE-0002026-05-29_1,JOHANKARLSSON,202609261753IXZ6J05B,2026_26_sep_02,Citizen Science (ultrasonic) - shared
59~40306+18~07249_20260926_021719.wav,DEV_001_20260926_021719.wav,0,59.40306,18.07249,Phogri,Pholidoptera griseoaptera,Dark Bush-cricket,bush-cricket,0.98,,,26/09/2026,25/09/2026,02:17:19,ClassifEspSWE-0002026-05-29_1,JOHANKARLSSON,202609261753IXZ6J05B,2026_26_sep_02,Citizen Science (ultrasonic) - shared
59~40306+18~07249_20260926_021730.wav,DEV_001_20260926_021730.wav,0,59.40306,18.07249,Phogri,Pholidoptera griseoaptera,Dark Bush-cricket,bush-cricket,0.99,,,26/09/2026,25/09/2026,02:17:30,ClassifEspSWE-0002026-05-29_1,JOHANKARLSSON,202609261753IXZ6J05B,2026_26_sep_02,Citizen Science (ultrasonic) - shared
59~40306+18~07249_20260926_021736.wav,DEV_001_20260926_021736.wav,0,59.40306,18.07249,Phogri,Pholidoptera griseoaptera,Dark Bush-cricket,bush-cricket,0.95,,,26/09/2026,25/09/2026,02:17:36,ClassifEspSWE-0002026-05-29_1,JOHANKARLSSON,202609261753IXZ6J05B,2026_26_sep_02,Citizen Science (ultrasonic) - shared
59~40306+18~07249_20260926_021745.wav,DEV_001_20260926_021745.wav,0,59.40306,18.07249,Phogri,Pholidoptera griseoaptera,Dark Bush-cricket,bush-cricket,0.98,,,26/09/2026,25/09/2026,02:17:45,ClassifEspSWE-0002026-05-29_1,JOHANKARLSSON,202609261753IXZ6J05B,2026_26_sep_02,Citizen Science (ultrasonic) - shared
59~40306+18~07249_20260926_021752.wav,DEV_001_20260926_021752.wav,0,59.40306,18.07249,Phogri,Pholidoptera griseoaptera,Dark Bush-cricket,bush-cricket,0.99,,,26/09/2026,25/09/2026,02:17:52,ClassifEspSWE-0002026-05-29_1,JOHANKARLSSON,202609261753IXZ6J05B,2026_26_sep_02,Citizen Science (ultrasonic) - shared
59~40306+18~07249_20260926_021758.wav,DEV_001_20260926_021758.wav,0,59.40306,18.07249,Phogri,Pholidoptera griseoaptera,Dark Bush-cricket,bush-cricket,0.99,,,26/09/2026,25/09/2026,02:17:58,ClassifEspSWE-0002026-05-29_1,JOHANKARLSSON,202609261753IXZ6J05B,2026_26_sep_02,Citizen Science (ultrasonic) - shared
59~40306+18~07249_20260926_021805.wav,DEV_001_20260926_021805.wav,0,59.40306,18.07249,Phogri,Pholidoptera griseoaptera,Dark Bush-cricket,bush-cricket,0.98,,,26/09/2026,25/09/2026,02:18:05,ClassifEspSWE-0002026-05-29_1,JOHANKARLSSON,202609261753IXZ6J05B,2026_26_sep_02,Citizen Science (ultrasonic) - shared
59~40306+18~07249_20260926_021812.wav,DEV_001_20260926_021812.wav,0,59.40306,18.07249,Phogri,Pholidoptera griseoaptera,Dark Bush-cricket,bush-cricket,0.89,,,26/09/2026,25/09/2026,02:18:12,ClassifEspSWE-0002026-05-29_1,JOHANKARLSSON,202609261753IXZ6J05B,2026_26_sep_02,Citizen Science (ultrasonic) - shared
59~40306+18~07249_20260926_021821.wav,DEV_001_20260926_021821.wav,0,59.40306,18.07249,Phogri,Pholidoptera griseoaptera,Dark Bush-cricket,bush-cricket,0.98,,,26/09/2026,25/09/2026,02:18:21,ClassifEspSWE-0002026-05-29_1,JOHANKARLSSON,202609261753IXZ6J05B,2026_26_sep_02,Citizen Science (ultrasonic) - shared
59~40306+18~07249_20260926_021826.wav,DEV_001_20260926_021826.wav,0,59.40306,18.07249,Phogri,Pholidoptera griseoaptera,Dark Bush-cricket,bush-cricket,0.97,,,26/09/2026,25/09/2026,02:18:26,ClassifEspSWE-0002026-05-29_1,JOHANKARLSSON,202609261753IXZ6J05B,2026_26_sep_02,Citizen Science (ultrasonic) - shared
59~40306+18~07249_20260926_021833.wav,DEV_001_20260926_021833.wav,0,59.40306,18.07249,Phogri,Pholidoptera griseoaptera,Dark Bush-cricket,bush-cricket,0.98,,,26/09/2026,25/09/2026,02:18:33,ClassifEspSWE-0002026-05-29_1,JOHANKARLSSON,202609261753IXZ6J05B,2026_26_sep_02,Citizen Science (ultrasonic) - shared
59~40306+18~07249_20260926_021838.wav,DEV_001_20260926_021838.wav,0,59.40306,18.07249,Phogri,Pholidoptera griseoaptera,Dark Bush-cricket,bush-cricket,0.82,,,26/09/2026,25/09/2026,02:18:38,ClassifEspSWE-0002026-05-29_1,JOHANKARLSSON,202609261753IXZ6J05B,2026_26_sep_02,Citizen Science (ultrasonic) - shared
59~40306+18~07249_20260926_021848.wav,DEV_001_20260926_021848.wav,0,59.40306,18.07249,Phogri,Pholidoptera griseoaptera,Dark Bush-cricket,bush-cricket,0.97,,,26/09/2026,25/09/2026,02:18:48,ClassifEspSWE-0002026-05-29_1,JOHANKARLSSON,202609261753IXZ6J05B,2026_26_sep_02,Citizen Science (ultrasonic) - shared
59~40306+18~07249_20260926_021856.wav,DEV_001_20260926_021856.wav,0,59.40306,18.07249,Phogri,Pholidoptera griseoaptera,Dark Bush-cricket,bush-cricket,0.95,,,26/09/2026,25/09/2026,02:18:56,ClassifEspSWE-0002026-05-29_1,JOHANKARLSSON,202609261753IXZ6J05B,2026_26_sep_02,Citizen Science (ultrasonic) - shared
59~40306+18~07249_20260926_021905.wav,DEV_001_20260926_021905.wav,0,59.40306,18.07249,Phogri,Pholidoptera griseoaptera,Dark Bush-cricket,bush-cricket,0.98,,,26/09/2026,25/09/2026,02:19:05,ClassifEspSWE-0002026-05-29_1,JOHANKARLSSON,202609261753IXZ6J05B,2026_26_sep_02,Citizen Science (ultrasonic) - shared
59~40306+18~07249_20260926_021915.wav,DEV_001_20260926_021915.wav,0,59.40306,18.07249,Phogri,Pholidoptera griseoaptera,Dark Bush-cricket,bush-cricket,0.96,,,26/09/2026,25/09/2026,02:19:15,ClassifEspSWE-0002026-05-29_1,JOHANKARLSSON,202609261753IXZ6J05B,2026_26_sep_02,Citizen Science (ultrasonic) - shared
59~40306+18~07249_20260926_021924.wav,DEV_001_20260926_021924.wav,0,59.40306,18.07249,Phogri,Pholidoptera griseoaptera,Dark Bush-cricket,bush-cricket,0.92,,,26/09/2026,25/09/2026,02:19:24,ClassifEspSWE-0002026-05-29_1,JOHANKARLSSON,202609261753IXZ6J05B,2026_26_sep_02,Citizen Science (ultrasonic) - shared
59~40306+18~07249_20260926_021930.wav,DEV_001_20260926_021930.wav,0,59.40306,18.07249,Phogri,Pholidoptera griseoaptera,Dark Bush-cricket,bush-cricket,0.97,,,26/09/2026,25/09/2026,02:19:30,ClassifEspSWE-0002026-05-29_1,JOHANKARLSSON,202609261753IXZ6J05B,2026_26_sep_02,Citizen Science (ultrasonic) - shared
59~40306+18~07249_20260926_021939.wav,DEV_001_20260926_021939.wav,0,59.40306,18.07249,Phogri,Pholidoptera griseoaptera,Dark Bush-cricket,bush-cricket,0.96,,,26/09/2026,25/09/2026,02:19:39,ClassifEspSWE-0002026-05-29_1,JOHANKARLSSON,202609261753IXZ6J05B,2026_26_sep_02,Citizen Science (ultrasonic) - shared
59~40306+18~07249_20260926_021948.wav,DEV_001_20260926_021948.wav,0,59.40306,18.07249,Phogri,Pholidoptera griseoaptera,Dark Bush-cricket,bush-cricket,0.99,,,26/09/2026,25/09/2026,02:19:48,ClassifEspSWE-0002026-05-29_1,JOHANKARLSSON,202609261753IXZ6J05B,2026_26_sep_02,Citizen Science (ultrasonic) - shared
59~40306+18~07249_20260926_021953.wav,DEV_001_20260926_021953.wav,0,59.40306,18.07249,Phogri,Pholidoptera griseoaptera,Dark Bush-cricket,bush-cricket,0.95,,,26/09/2026,25/09/2026,02:19:53,ClassifEspSWE-0002026-05-29_1,JOHANKARLSSON,202609261753IXZ6J05B,2026_26_sep_02,Citizen Science (ultrasonic) - shared
59~40306+18~07249_20260926_022003.wav,DEV_001_20260926_022003.wav,0,59.40306,18.07249,Phogri,Pholidoptera griseoaptera,Dark Bush-cricket,bush-cricket,0.94,,,26/09/2026,25/09/2026,02:20:03,ClassifEspSWE-0002026-05-29_1,JOHANKARLSSON,202609261753IXZ6J05B,2026_26_sep_02,Citizen Science (ultrasonic) - shared
59~40306+18~07249_20260926_022013.wav,DEV_001_20260926_022013.wav,0,59.40306,18.07249,Phogri,Pholidoptera griseoaptera,Dark Bush-cricket,bush-cricket,0.98,,,26/09/2026,25/09/2026,02:20:13,ClassifEspSWE-0002026-05-29_1,JOHANKARLSSON,202609261753IXZ6J05B,2026_26_sep_02,Citizen Science (ultrasonic) - shared
59~40306+18~07249_20260926_022020.wav,DEV_001_20260926_022020.wav,0,59.40306,18.07249,Phogri,Pholidoptera griseoaptera,Dark Bush-cricket,bush-cricket,0.98,,,26/09/2026,25/09/2026,02:20:20,ClassifEspSWE-0002026-05-29_1,JOHANKARLSSON,202609261753IXZ6J05B,2026_26_sep_02,Citizen Science (ultrasonic) - shared
59~40306+18~07249_20260926_022025.wav,DEV_001_20260926_022025.wav,0,59.40306,18.07249,Phogri,Pholidoptera griseoaptera,Dark Bush-cricket,bush-cricket,0.99,,,26/09/2026,25/09/2026,02:20:25,ClassifEspSWE-0002026-05-29_1,JOHANKARLSSON,202609261753IXZ6J05B,2026_26_sep_02,Citizen Science (ultrasonic) - shared
59~40306+18~07249_20260926_022033.wav,DEV_001_20260926_022033.wav,0,59.40306,18.07249,Phogri,Pholidoptera griseoaptera,Dark Bush-cricket,bush-cricket,0.93,,,26/09/2026,25/09/2026,02:20:33,ClassifEspSWE-0002026-05-29_1,JOHANKARLSSON,202609261753IXZ6J05B,2026_26_sep_02,Citizen Science (ultrasonic) - shared
59~40306+18~07249_20260926_022040.wav,DEV_001_20260926_022040.wav,0,59.40306,18.07249,Phogri,Pholidoptera griseoaptera,Dark Bush-cricket,bush-cricket,0.98,,,26/09/2026,25/09/2026,02:20:40,ClassifEspSWE-0002026-05-29_1,JOHANKARLSSON,202609261753IXZ6J05B,2026_26_sep_02,Citizen Science (ultrasonic) - shared
59~40306+18~07249_20260926_022048.wav,DEV_001_20260926_022048.wav,0,59.40306,18.07249,Phogri,Pholidoptera griseoaptera,Dark Bush-cricket,bush-cricket,0.98,,,26/09/2026,25/09/2026,02:20:48,ClassifEspSWE-0002026-05-29_1,JOHANKARLSSON,202609261753IXZ6J05B,2026_26_sep_02,Citizen Science (ultrasonic) - shared
59~40306+18~07249_20260926_022057.wav,DEV_001_20260926_022057.wav,0,59.40306,18.07249,Phogri,Pholidoptera griseoaptera,Dark Bush-cricket,bush-cricket,0.98,,,26/09/2026,25/09/2026,02:20:57,ClassifEspSWE-0002026-05-29_1,JOHANKARLSSON,202609261753IXZ6J05B,2026_26_sep_02,Citizen Science (ultrasonic) - shared
59~40306+18~07249_20260926_022105.wav,DEV_001_20260926_022105.wav,0,59.40306,18.07249,Phogri,Pholidoptera griseoaptera,Dark Bush-cricket,bush-cricket,0.95,,,26/09/2026,25/09/2026,02:21:05,ClassifEspSWE-0002026-05-29_1,JOHANKARLSSON,202609261753IXZ6J05B,2026_26_sep_02,Citizen Science (ultrasonic) - shared
59~40306+18~07249_20260926_022112.wav,DEV_001_20260926_022112.wav,0,59.40306,18.07249,Phogri,Pholidoptera griseoaptera,Dark Bush-cricket,bush-cricket,0.96,,,26/09/2026,25/09/2026,02:21:12,ClassifEspSWE-0002026-05-29_1,JOHANKARLSSON,202609261753IXZ6J05B,2026_26_sep_02,Citizen Science (ultrasonic) - shared
59~40306+18~07249_20260926_022118.wav,DEV_001_20260926_022118.wav,0,59.40306,18.07249,Phogri,Pholidoptera griseoaptera,Dark Bush-cricket,bush-cricket,0.95,,,26/09/2026,25/09/2026,02:21:18,ClassifEspSWE-0002026-05-29_1,JOHANKARLSSON,202609261753IXZ6J05B,2026_26_sep_02,Citizen Science (ultrasonic) - shared
59~40306+18~07249_20260926_022128.wav,DEV_001_20260926_022128.wav,0,59.40306,18.07249,Phogri,Pholidoptera griseoaptera,Dark Bush-cricket,bush-cricket,0.99,,,26/09/2026,25/09/2026,02:21:28,ClassifEspSWE-0002026-05-29_1,JOHANKARLSSON,202609261753IXZ6J05B,2026_26_sep_02,Citizen Science (ultrasonic) - shared
59~40306+18~07249_20260926_022137.wav,DEV_001_20260926_022137.wav,0,59.40306,18.07249,Phogri,Pholidoptera griseoaptera,Dark Bush-cricket,bush-cricket,0.97,,,26/09/2026,25/09/2026,02:21:37,ClassifEspSWE-0002026-05-29_1,JOHANKARLSSON,202609261753IXZ6J05B,2026_26_sep_02,Citizen Science (ultrasonic) - shared
59~40306+18~07249_20260926_022142.wav,DEV_001_20260926_022142.wav,0,59.40306,18.07249,Phogri,Pholidoptera griseoaptera,Dark Bush-cricket,bush-cricket,0.84,,,26/09/2026,25/09/2026,02:21:42,ClassifEspSWE-0002026-05-29_1,JOHANKARLSSON,202609261753IXZ6J05B,2026_26_sep_02,Citizen Science (ultrasonic) - shared
59~40306+18~07249_20260926_022150.wav,DEV_001_20260926_022150.wav,0,59.40306,18.07249,Phogri,Pholidoptera griseoaptera,Dark Bush-cricket,bush-cricket,0.98,,,26/09/2026,25/09/2026,02:21:50,ClassifEspSWE-0002026-05-29_1,JOHANKARLSSON,202609261753IXZ6J05B,2026_26_sep_02,Citizen Science (ultrasonic) - shared
59~40306+18~07249_20260926_022159.wav,DEV_001_20260926_022159.wav,0,59.40306,18.07249,Phogri,Pholidoptera griseoaptera,Dark Bush-cricket,bush-cricket,0.92,,,26/09/2026,25/09/2026,02:21:59,ClassifEspSWE-0002026-05-29_1,JOHANKARLSSON,202609261753IXZ6J05B,2026_26_sep_02,Citizen Science (ultrasonic) - shared
59~40306+18~07249_20260926_022208.wav,DEV_001_20260926_022208.wav,0,59.40306,18.07249,Phogri,Pholidoptera griseoaptera,Dark Bush-cricket,bush-cricket,0.97,,,26/09/2026,25/09/2026,02:22:08,ClassifEspSWE-0002026-05-29_1,JOHANKARLSSON,202609261753IXZ6J05B,2026_26_sep_02,Citizen Science (ultrasonic) - shared
59~40306+18~07249_20260926_022213.wav,DEV_001_20260926_022213.wav,0,59.40306,18.07249,Phogri,Pholidoptera griseoaptera,Dark Bush-cricket,bush-cricket,0.98,,,26/09/2026,25/09/2026,02:22:13,ClassifEspSWE-0002026-05-29_1,JOHANKARLSSON,202609261753IXZ6J05B,2026_26_sep_02,Citizen Science (ultrasonic) - shared
59~40306+18~07249_20260926_022224.wav,DEV_001_20260926_022224.wav,0,59.40306,18.07249,Phogri,Pholidoptera griseoaptera,Dark Bush-cricket,bush-cricket,0.97,,,26/09/2026,25/09/2026,02:22:24,ClassifEspSWE-0002026-05-29_1,JOHANKARLSSON,202609261753IXZ6J05B,2026_26_sep_02,Citizen Science (ultrasonic) - shared
59~40306+18~07249_20260926_022231.wav,DEV_001_20260926_022231.wav,0,59.40306,18.07249,Phogri,Pholidoptera griseoaptera,Dark Bush-cricket,bush-cricket,0.96,,,26/09/2026,25/09/2026,02:22:31,ClassifEspSWE-0002026-05-29_1,JOHANKARLSSON,202609261753IXZ6J05B,2026_26_sep_02,Citizen Science (ultrasonic) - shared
59~40306+18~07249_20260926_022237.wav,DEV_001_20260926_022237.wav,0,59.40306,18.07249,Phogri,Pholidoptera griseoaptera,Dark Bush-cricket,bush-cricket,0.84,,,26/09/2026,25/09/2026,02:22:37,ClassifEspSWE-0002026-05-29_1,JOHANKARLSSON,202609261753IXZ6J05B,2026_26_sep_02,Citizen Science (ultrasonic) - shared
59~40306+18~07249_20260926_022246.wav,DEV_001_20260926_022246.wav,0,59.40306,18.07249,Phogri,Pholidoptera griseoaptera,Dark Bush-cricket,bush-cricket,0.97,,,26/09/2026,25/09/2026,02:22:46,ClassifEspSWE-0002026-05-29_1,JOHANKARLSSON,202609261753IXZ6J05B,2026_26_sep_02,Citizen Science (ultrasonic) - shared
59~40306+18~07249_20260926_022253.wav,DEV_001_20260926_022253.wav,0,59.40306,18.07249,Phogri,Pholidoptera griseoaptera,Dark Bush-cricket,bush-cricket,0.96,,,26/09/2026,25/09/2026,02:22:53,ClassifEspSWE-0002026-05-29_1,JOHANKARLSSON,202609261753IXZ6J05B,2026_26_sep_02,Citizen Science (ultrasonic) - shared
59~40306+18~07249_20260926_022301.wav,DEV_001_20260926_022301.wav,0,59.40306,18.07249,Phogri,Pholidoptera griseoaptera,Dark Bush-cricket,bush-cricket,0.97,,,26/09/2026,25/09/2026,02:23:01,ClassifEspSWE-0002026-05-29_1,JOHANKARLSSON,202609261753IXZ6J05B,2026_26_sep_02,Citizen Science (ultrasonic) - shared
59~40306+18~07249_20260926_022309.wav,DEV_001_20260926_022309.wav,0,59.40306,18.07249,Phogri,Pholidoptera griseoaptera,Dark Bush-cricket,bush-cricket,0.87,,,26/09/2026,25/09/2026,02:23:09,ClassifEspSWE-0002026-05-29_1,JOHANKARLSSON,202609261753IXZ6J05B,2026_26_sep_02,Citizen Science (ultrasonic) - shared
59~40306+18~07249_20260926_022317.wav,DEV_001_20260926_022317.wav,0,59.40306,18.07249,Phogri,Pholidoptera griseoaptera,Dark Bush-cricket,bush-cricket,0.96,,,26/09/2026,25/09/2026,02:23:17,ClassifEspSWE-0002026-05-29_1,JOHANKARLSSON,202609261753IXZ6J05B,2026_26_sep_02,Citizen Science (ultrasonic) - shared
59~40306+18~07249_20260926_022325.wav,DEV_001_20260926_022325.wav,0,59.40306,18.07249,Phogri,Pholidoptera griseoaptera,Dark Bush-cricket,bush-cricket,0.95,,,26/09/2026,25/09/2026,02:23:25,ClassifEspSWE-0002026-05-29_1,JOHANKARLSSON,202609261753IXZ6J05B,2026_26_sep_02,Citizen Science (ultrasonic) - shared
59~40306+18~07249_20260926_022332.wav,DEV_001_20260926_022332.wav,0,59.40306,18.07249,Phogri,Pholidoptera griseoaptera,Dark Bush-cricket,bush-cricket,0.8,,,26/09/2026,25/09/2026,02:23:32,ClassifEspSWE-0002026-05-29_1,JOHANKARLSSON,202609261753IXZ6J05B,2026_26_sep_02,Citizen Science (ultrasonic) - shared
59~40306+18~07249_20260926_022341.wav,DEV_001_20260926_022341.wav,0,59.40306,18.07249,Phogri,Pholidoptera griseoaptera,Dark Bush-cricket,bush-cricket,0.96,,,26/09/2026,25/09/2026,02:23:41,ClassifEspSWE-0002026-05-29_1,JOHANKARLSSON,202609261753IXZ6J05B,2026_26_sep_02,Citizen Science (ultrasonic) - shared
59~40306+18~07249_20260926_022350.wav,DEV_001_20260926_022350.wav,0,59.40306,18.07249,Phogri,Pholidoptera griseoaptera,Dark Bush-cricket,bush-cricket,0.96,,,26/09/2026,25/09/2026,02:23:50,ClassifEspSWE-0002026-05-29_1,JOHANKARLSSON,202609261753IXZ6J05B,2026_26_sep_02,Citizen Science (ultrasonic) - shared
59~40306+18~07249_20260926_022358.wav,DEV_001_20260926_022358.wav,0,59.40306,18.07249,Phogri,Pholidoptera griseoaptera,Dark Bush-cricket,bush-cricket,0.9,,,26/09/2026,25/09/2026,02:23:58,ClassifEspSWE-0002026-05-29_1,JOHANKARLSSON,202609261753IXZ6J05B,2026_26_sep_02,Citizen Science (ultrasonic) - shared
59~40306+18~07249_20260926_022407.wav,DEV_001_20260926_022407.wav,0,59.40306,18.07249,Phogri,Pholidoptera griseoaptera,Dark Bush-cricket,bush-cricket,0.88,,,26/09/2026,25/09/2026,02:24:07,ClassifEspSWE-0002026-05-29_1,JOHANKARLSSON,202609261753IXZ6J05B,2026_26_sep_02,Citizen Science (ultrasonic) - shared
59~40306+18~07249_20260926_022414.wav,DEV_001_20260926_022414.wav,0,59.40306,18.07249,Phogri,Pholidoptera griseoaptera,Dark Bush-cricket,bush-cricket,0.94,,,26/09/2026,25/09/2026,02:24:14,ClassifEspSWE-0002026-05-29_1,JOHANKARLSSON,202609261753IXZ6J05B,2026_26_sep_02,Citizen Science (ultrasonic) - shared
59~40306+18~07249_20260926_022422.wav,DEV_001_20260926_022422.wav,0,59.40306,18.07249,Phogri,Pholidoptera griseoaptera,Dark Bush-cricket,bush-cricket,0.97,,,26/09/2026,25/09/2026,02:24:22,ClassifEspSWE-0002026-05-29_1,JOHANKARLSSON,202609261753IXZ6J05B,2026_26_sep_02,Citizen Science (ultrasonic) - shared
59~40306+18~07249_20260926_022430.wav,DEV_001_20260926_022430.wav,0,59.40306,18.07249,Phogri,Pholidoptera griseoaptera,Dark Bush-cricket,bush-cricket,0.9,,,26/09/2026,25/09/2026,02:24:30,ClassifEspSWE-0002026-05-29_1,JOHANKARLSSON,202609261753IXZ6J05B,2026_26_sep_02,Citizen Science (ultrasonic) - shared
59~40306+18~07249_20260926_022439.wav,DEV_001_20260926_022439.wav,0,59.40306,18.07249,Phogri,Pholidoptera griseoaptera,Dark Bush-cricket,bush-cricket,0.95,,,26/09/2026,25/09/2026,02:24:39,ClassifEspSWE-0002026-05-29_1,JOHANKARLSSON,202609261753IXZ6J05B,2026_26_sep_02,Citizen Science (ultrasonic) - shared
59~40306+18~07249_20260926_022444.wav,DEV_001_20260926_022444.wav,0,59.40306,18.07249,Phogri,Pholidoptera griseoaptera,Dark Bush-cricket,bush-cricket,0.98,,,26/09/2026,25/09/2026,02:24:44,ClassifEspSWE-0002026-05-29_1,JOHANKARLSSON,202609261753IXZ6J05B,2026_26_sep_02,Citizen Science (ultrasonic) - shared
59~40306+18~07249_20260926_022449.wav,DEV_001_20260926_022449.wav,0,59.40306,18.07249,Phogri,Pholidoptera griseoaptera,Dark Bush-cricket,bush-cricket,0.96,,,26/09/2026,25/09/2026,02:24:49,ClassifEspSWE-0002026-05-29_1,JOHANKARLSSON,202609261753IXZ6J05B,2026_26_sep_02,Citizen Science (ultrasonic) - shared
59~40306+18~07249_20260926_022456.wav,DEV_001_20260926_022456.wav,0,59.40306,18.07249,Phogri,Pholidoptera griseoaptera,Dark Bush-cricket,bush-cricket,0.96,,,26/09/2026,25/09/2026,02:24:56,ClassifEspSWE-0002026-05-29_1,JOHANKARLSSON,202609261753IXZ6J05B,2026_26_sep_02,Citizen Science (ultrasonic) - shared
59~40306+18~07249_20260926_022501.wav,DEV_001_20260926_022501.wav,0,59.40306,18.07249,Phogri,Pholidoptera griseoaptera,Dark Bush-cricket,bush-cricket,0.89,,,26/09/2026,25/09/2026,02:25:01,ClassifEspSWE-0002026-05-29_1,JOHANKARLSSON,202609261753IXZ6J05B,2026_26_sep_02,Citizen Science (ultrasonic) - shared
59~40306+18~07249_20260926_022507.wav,DEV_001_20260926_022507.wav,0,59.40306,18.07249,Phogri,Pholidoptera griseoaptera,Dark Bush-cricket,bush-cricket,0.96,,,26/09/2026,25/09/2026,02:25:07,ClassifEspSWE-0002026-05-29_1,JOHANKARLSSON,202609261753IXZ6J05B,2026_26_sep_02,Citizen Science (ultrasonic) - shared
59~40306+18~07249_20260926_022515.wav,DEV_001_20260926_022515.wav,0,59.40306,18.07249,Phogri,Pholidoptera griseoaptera,Dark Bush-cricket,bush-cricket,0.97,,,26/09/2026,25/09/2026,02:25:15,ClassifEspSWE-0002026-05-29_1,JOHANKARLSSON,202609261753IXZ6J05B,2026_26_sep_02,Citizen Science (ultrasonic) - shared
59~40306+18~07249_20260926_022522.wav,DEV_001_20260926_022522.wav,0,59.40306,18.07249,Phogri,Pholidoptera griseoaptera,Dark Bush-cricket,bush-cricket,0.95,,,26/09/2026,25/09/2026,02:25:22,ClassifEspSWE-0002026-05-29_1,JOHANKARLSSON,202609261753IXZ6J05B,2026_26_sep_02,Citizen Science (ultrasonic) - shared
59~40306+18~07249_20260926_022536.wav,DEV_001_20260926_022536.wav,0,59.40306,18.07249,Phogri,Pholidoptera griseoaptera,Dark Bush-cricket,bush-cricket,0.95,,,26/09/2026,25/09/2026,02:25:36,ClassifEspSWE-0002026-05-29_1,JOHANKARLSSON,202609261753IXZ6J05B,2026_26_sep_02,Citizen Science (ultrasonic) - shared
59~40306+18~07249_20260926_022545.wav,DEV_001_20260926_022545.wav,0,59.40306,18.07249,Phogri,Pholidoptera griseoaptera,Dark Bush-cricket,bush-cricket,0.96,,,26/09/2026,25/09/2026,02:25:45,ClassifEspSWE-0002026-05-29_1,JOHANKARLSSON,202609261753IXZ6J05B,2026_26_sep_02,Citizen Science (ultrasonic) - shared
59~40306+18~07249_20260926_022555.wav,DEV_001_20260926_022555.wav,0,59.40306,18.07249,Phogri,Pholidoptera griseoaptera,Dark Bush-cricket,bush-cricket,0.98,,,26/09/2026,25/09/2026,02:25:55,ClassifEspSWE-0002026-05-29_1,JOHANKARLSSON,202609261753IXZ6J05B,2026_26_sep_02,Citizen Science (ultrasonic) - shared
59~40306+18~07249_20260926_022605.wav,DEV_001_20260926_022605.wav,0,59.40306,18.07249,Phogri,Pholidoptera griseoaptera,Dark Bush-cricket,bush-cricket,0.89,,,26/09/2026,25/09/2026,02:26:05,ClassifEspSWE-0002026-05-29_1,JOHANKARLSSON,202609261753IXZ6J05B,2026_26_sep_02,Citizen Science (ultrasonic) - shared
59~40306+18~07249_20260926_022612.wav,DEV_001_20260926_022612.wav,0,59.40306,18.07249,Phogri,Pholidoptera griseoaptera,Dark Bush-cricket,bush-cricket,0.95,,,26/09/2026,25/09/2026,02:26:12,ClassifEspSWE-0002026-05-29_1,JOHANKARLSSON,202609261753IXZ6J05B,2026_26_sep_02,Citizen Science (ultrasonic) - shared
59~40306+18~07249_20260926_022620.wav,DEV_001_20260926_022620.wav,0,59.40306,18.07249,Phogri,Pholidoptera griseoaptera,Dark Bush-cricket,bush-cricket,0.98,,,26/09/2026,25/09/2026,02:26:20,ClassifEspSWE-0002026-05-29_1,JOHANKARLSSON,202609261753IXZ6J05B,2026_26_sep_02,Citizen Science (ultrasonic) - shared
59~40306+18~07249_20260926_022628.wav,DEV_001_20260926_022628.wav,0,59.40306,18.07249,Phogri,Pholidoptera griseoaptera,Dark Bush-cricket,bush-cricket,0.94,,,26/09/2026,25/09/2026,02:26:28,ClassifEspSWE-0002026-05-29_1,JOHANKARLSSON,202609261753IXZ6J05B,2026_26_sep_02,Citizen Science (ultrasonic) - shared
59~40306+18~07249_20260926_022637.wav,DEV_001_20260926_022637.wav,0,59.40306,18.07249,Phogri,Pholidoptera griseoaptera,Dark Bush-cricket,bush-cricket,0.96,,,26/09/2026,25/09/2026,02:26:37,ClassifEspSWE-0002026-05-29_1,JOHANKARLSSON,202609261753IXZ6J05B,2026_26_sep_02,Citizen Science (ultrasonic) - shared
59~40306+18~07249_20260926_022645.wav,DEV_001_20260926_022645.wav,0,59.40306,18.07249,Phogri,Pholidoptera griseoaptera,Dark Bush-cricket,bush-cricket,0.94,,,26/09/2026,25/09/2026,02:26:45,ClassifEspSWE-0002026-05-29_1,JOHANKARLSSON,202609261753IXZ6J05B,2026_26_sep_02,Citizen Science (ultrasonic) - shared
59~40306+18~07249_20260926_022658.wav,DEV_001_20260926_022658.wav,0,59.40306,18.07249,Phogri,Pholidoptera griseoaptera,Dark Bush-cricket,bush-cricket,0.92,,,26/09/2026,25/09/2026,02:26:58,ClassifEspSWE-0002026-05-29_1,JOHANKARLSSON,202609261753IXZ6J05B,2026_26_sep_02,Citizen Science (ultrasonic) - shared
59~40306+18~07249_20260926_022703.wav,DEV_001_20260926_022703.wav,0,59.40306,18.07249,Phogri,Pholidoptera griseoaptera,Dark Bush-cricket,bush-cricket,0.95,,,26/09/2026,25/09/2026,02:27:03,ClassifEspSWE-0002026-05-29_1,JOHANKARLSSON,202609261753IXZ6J05B,2026_26_sep_02,Citizen Science (ultrasonic) - shared
59~40306+18~07249_20260926_022711.wav,DEV_001_20260926_022711.wav,0,59.40306,18.07249,Phogri,Pholidoptera griseoaptera,Dark Bush-cricket,bush-cricket,0.91,,,26/09/2026,25/09/2026,02:27:11,ClassifEspSWE-0002026-05-29_1,JOHANKARLSSON,202609261753IXZ6J05B,2026_26_sep_02,Citizen Science (ultrasonic) - shared
59~40306+18~07249_20260926_022719.wav,DEV_001_20260926_022719.wav,0,59.40306,18.07249,Phogri,Pholidoptera griseoaptera,Dark Bush-cricket,bush-cricket,0.91,,,26/09/2026,25/09/2026,02:27:19,ClassifEspSWE-0002026-05-29_1,JOHANKARLSSON,202609261753IXZ6J05B,2026_26_sep_02,Citizen Science (ultrasonic) - shared
59~40306+18~07249_20260926_022724.wav,DEV_001_20260926_022724.wav,0,59.40306,18.07249,Phogri,Pholidoptera griseoaptera,Dark Bush-cricket,bush-cricket,0.93,,,26/09/2026,25/09/2026,02:27:24,ClassifEspSWE-0002026-05-29_1,JOHANKARLSSON,202609261753IXZ6J05B,2026_26_sep_02,Citizen Science (ultrasonic) - shared
59~40306+18~07249_20260926_022732.wav,DEV_001_20260926_022732.wav,0,59.40306,18.07249,Phogri,Pholidoptera griseoaptera,Dark Bush-cricket,bush-cricket,0.94,,,26/09/2026,25/09/2026,02:27:32,ClassifEspSWE-0002026-05-29_1,JOHANKARLSSON,202609261753IXZ6J05B,2026_26_sep_02,Citizen Science (ultrasonic) - shared
59~40306+18~07249_20260926_022741.wav,DEV_001_20260926_022741.wav,0,59.40306,18.07249,Phogri,Pholidoptera griseoaptera,Dark Bush-cricket,bush-cricket,0.88,,,26/09/2026,25/09/2026,02:27:41,ClassifEspSWE-0002026-05-29_1,JOHANKARLSSON,202609261753IXZ6J05B,2026_26_sep_02,Citizen Science (ultrasonic) - shared
59~40306+18~07249_20260926_022748.wav,DEV_001_20260926_022748.wav,0,59.40306,18.07249,Phogri,Pholidoptera griseoaptera,Dark Bush-cricket,bush-cricket,0.92,,,26/09/2026,25/09/2026,02:27:48,ClassifEspSWE-0002026-05-29_1,JOHANKARLSSON,202609261753IXZ6J05B,2026_26_sep_02,Citizen Science (ultrasonic) - shared
59~40306+18~07249_20260926_022756.wav,DEV_001_20260926_022756.wav,0,59.40306,18.07249,Phogri,Pholidoptera griseoaptera,Dark Bush-cricket,bush-cricket,0.97,,,26/09/2026,25/09/2026,02:27:56,ClassifEspSWE-0002026-05-29_1,JOHANKARLSSON,202609261753IXZ6J05B,2026_26_sep_02,Citizen Science (ultrasonic) - shared
59~40306+18~07249_20260926_022801.wav,DEV_001_20260926_022801.wav,0,59.40306,18.07249,Phogri,Pholidoptera griseoaptera,Dark Bush-cricket,bush-cricket,0.93,,,26/09/2026,25/09/2026,02:28:01,ClassifEspSWE-0002026-05-29_1,JOHANKARLSSON,202609261753IXZ6J05B,2026_26_sep_02,Citizen Science (ultrasonic) - shared
59~40306+18~07249_20260926_022808.wav,DEV_001_20260926_022808.wav,0,59.40306,18.07249,Phogri,Pholidoptera griseoaptera,Dark Bush-cricket,bush-cricket,0.96,,,26/09/2026,25/09/2026,02:28:08,ClassifEspSWE-0002026-05-29_1,JOHANKARLSSON,202609261753IXZ6J05B,2026_26_sep_02,Citizen Science (ultrasonic) - shared
59~40306+18~07249_20260926_022815.wav,DEV_001_20260926_022815.wav,0,59.40306,18.07249,Phogri,Pholidoptera griseoaptera,Dark Bush-cricket,bush-cricket,0.97,,,26/09/2026,25/09/2026,02:28:15,ClassifEspSWE-0002026-05-29_1,JOHANKARLSSON,202609261753IXZ6J05B,2026_26_sep_02,Citizen Science (ultrasonic) - shared
59~40306+18~07249_20260926_022823.wav,DEV_001_20260926_022823.wav,0,59.40306,18.07249,Phogri,Pholidoptera griseoaptera,Dark Bush-cricket,bush-cricket,0.96,,,26/09/2026,25/09/2026,02:28:23,ClassifEspSWE-0002026-05-29_1,JOHANKARLSSON,202609261753IXZ6J05B,2026_26_sep_02,Citizen Science (ultrasonic) - shared
59~40306+18~07249_20260926_022831.wav,DEV_001_20260926_022831.wav,0,59.40306,18.07249,Phogri,Pholidoptera griseoaptera,Dark Bush-cricket,bush-cricket,0.92,,,26/09/2026,25/09/2026,02:28:31,ClassifEspSWE-0002026-05-29_1,JOHANKARLSSON,202609261753IXZ6J05B,2026_26_sep_02,Citizen Science (ultrasonic) - shared
59~40306+18~07249_20260926_022838.wav,DEV_001_20260926_022838.wav,0,59.40306,18.07249,Phogri,Pholidoptera griseoaptera,Dark Bush-cricket,bush-cricket,0.93,,,26/09/2026,25/09/2026,02:28:38,ClassifEspSWE-0002026-05-29_1,JOHANKARLSSON,202609261753IXZ6J05B,2026_26_sep_02,Citizen Science (ultrasonic) - shared
59~40306+18~07249_20260926_022846.wav,DEV_001_20260926_022846.wav,0,59.40306,18.07249,Phogri,Pholidoptera griseoaptera,Dark Bush-cricket,bush-cricket,0.98,,,26/09/2026,25/09/2026,02:28:46,ClassifEspSWE-0002026-05-29_1,JOHANKARLSSON,202609261753IXZ6J05B,2026_26_sep_02,Citizen Science (ultrasonic) - shared
59~40306+18~07249_20260926_022854.wav,DEV_001_20260926_022854.wav,0,59.40306,18.07249,Phogri,Pholidoptera griseoaptera,Dark Bush-cricket,bush-cricket,0.98,,,26/09/2026,25/09/2026,02:28:54,ClassifEspSWE-0002026-05-29_1,JOHANKARLSSON,202609261753IXZ6J05B,2026_26_sep_02,Citizen Science (ultrasonic) - shared
59~40306+18~07249_20260926_022901.wav,DEV_001_20260926_022901.wav,0,59.40306,18.07249,Phogri,Pholidoptera griseoaptera,Dark Bush-cricket,bush-cricket,0.83,,,26/09/2026,25/09/2026,02:29:01,ClassifEspSWE-0002026-05-29_1,JOHANKARLSSON,202609261753IXZ6J05B,2026_26_sep_02,Citizen Science (ultrasonic) - shared
59~40306+18~07249_20260926_022907.wav,DEV_001_20260926_022907.wav,0,59.40306,18.07249,Phogri,Pholidoptera griseoaptera,Dark Bush-cricket,bush-cricket,0.96,,,26/09/2026,25/09/2026,02:29:07,ClassifEspSWE-0002026-05-29_1,JOHANKARLSSON,202609261753IXZ6J05B,2026_26_sep_02,Citizen Science (ultrasonic) - shared
59~40306+18~07249_20260926_022914.wav,DEV_001_20260926_022914.wav,0,59.40306,18.07249,Phogri,Pholidoptera griseoaptera,Dark Bush-cricket,bush-cricket,0.96,,,26/09/2026,25/09/2026,02:29:14,ClassifEspSWE-0002026-05-29_1,JOHANKARLSSON,202609261753IXZ6J05B,2026_26_sep_02,Citizen Science (ultrasonic) - shared
59~40306+18~07249_20260926_022920.wav,DEV_001_20260926_022920.wav,0,59.40306,18.07249,Phogri,Pholidoptera griseoaptera,Dark Bush-cricket,bush-cricket,0.94,,,26/09/2026,25/09/2026,02:29:20,ClassifEspSWE-0002026-05-29_1,JOHANKARLSSON,202609261753IXZ6J05B,2026_26_sep_02,Citizen Science (ultrasonic) - shared
59~40306+18~07249_20260926_022926.wav,DEV_001_20260926_022926.wav,0,59.40306,18.07249,Phogri,Pholidoptera griseoaptera,Dark Bush-cricket,bush-cricket,0.97,,,26/09/2026,25/09/2026,02:29:26,ClassifEspSWE-0002026-05-29_1,JOHANKARLSSON,202609261753IXZ6J05B,2026_26_sep_02,Citizen Science (ultrasonic) - shared
59~40306+18~07249_20260926_022932.wav,DEV_001_20260926_022932.wav,0,59.40306,18.07249,Phogri,Pholidoptera griseoaptera,Dark Bush-cricket,bush-cricket,0.97,,,26/09/2026,25/09/2026,02:29:32,ClassifEspSWE-0002026-05-29_1,JOHANKARLSSON,202609261753IXZ6J05B,2026_26_sep_02,Citizen Science (ultrasonic) - shared
59~40306+18~07249_20260926_022938.wav,DEV_001_20260926_022938.wav,0,59.40306,18.07249,Phogri,Pholidoptera griseoaptera,Dark Bush-cricket,bush-cricket,0.98,,,26/09/2026,25/09/2026,02:29:38,ClassifEspSWE-0002026-05-29_1,JOHANKARLSSON,202609261753IXZ6J05B,2026_26_sep_02,Citizen Science (ultrasonic) - shared
59~40306+18~07249_20260926_022946.wav,DEV_001_20260926_022946.wav,0,59.40306,18.07249,Phogri,Pholidoptera griseoaptera,Dark Bush-cricket,bush-cricket,0.98,,,26/09/2026,25/09/2026,02:29:46,ClassifEspSWE-0002026-05-29_1,JOHANKARLSSON,202609261753IXZ6J05B,2026_26_sep_02,Citizen Science (ultrasonic) - shared
59~40306+18~07249_20260926_022953.wav,DEV_001_20260926_022953.wav,0,59.40306,18.07249,Phogri,Pholidoptera griseoaptera,Dark Bush-cricket,bush-cricket,0.86,,,26/09/2026,25/09/2026,02:29:53,ClassifEspSWE-0002026-05-29_1,JOHANKARLSSON,202609261753IXZ6J05B,2026_26_sep_02,Citizen Science (ultrasonic) - shared
59~40306+18~07249_20260926_022958.wav,DEV_001_20260926_022958.wav,0,59.40306,18.07249,Phogri,Pholidoptera griseoaptera,Dark Bush-cricket,bush-cricket,0.97,,,26/09/2026,25/09/2026,02:29:58,ClassifEspSWE-0002026-05-29_1,JOHANKARLSSON,202609261753IXZ6J05B,2026_26_sep_02,Citizen Science (ultrasonic) - shared
59~40306+18~07249_20260926_023006.wav,DEV_001_20260926_023006.wav,0,59.40306,18.07249,Phogri,Pholidoptera griseoaptera,Dark Bush-cricket,bush-cricket,0.95,,,26/09/2026,25/09/2026,02:30:06,ClassifEspSWE-0002026-05-29_1,JOHANKARLSSON,202609261753IXZ6J05B,2026_26_sep_02,Citizen Science (ultrasonic) - shared
59~40306+18~07249_20260926_023014.wav,DEV_001_20260926_023014.wav,0,59.40306,18.07249,Phogri,Pholidoptera griseoaptera,Dark Bush-cricket,bush-cricket,0.98,,,26/09/2026,25/09/2026,02:30:14,ClassifEspSWE-0002026-05-29_1,JOHANKARLSSON,202609261753IXZ6J05B,2026_26_sep_02,Citizen Science (ultrasonic) - shared
59~40306+18~07249_20260926_023022.wav,DEV_001_20260926_023022.wav,0,59.40306,18.07249,Phogri,Pholidoptera griseoaptera,Dark Bush-cricket,bush-cricket,0.91,,,26/09/2026,25/09/2026,02:30:22,ClassifEspSWE-0002026-05-29_1,JOHANKARLSSON,202609261753IXZ6J05B,2026_26_sep_02,Citizen Science (ultrasonic) - shared
59~40306+18~07249_20260926_023028.wav,DEV_001_20260926_023028.wav,0,59.40306,18.07249,Phogri,Pholidoptera griseoaptera,Dark Bush-cricket,bush-cricket,0.84,,,26/09/2026,25/09/2026,02:30:28,ClassifEspSWE-0002026-05-29_1,JOHANKARLSSON,202609261753IXZ6J05B,2026_26_sep_02,Citizen Science (ultrasonic) - shared
59~40306+18~07249_20260926_023034.wav,DEV_001_20260926_023034.wav,0,59.40306,18.07249,Phogri,Pholidoptera griseoaptera,Dark Bush-cricket,bush-cricket,0.87,,,26/09/2026,25/09/2026,02:30:34,ClassifEspSWE-0002026-05-29_1,JOHANKARLSSON,202609261753IXZ6J05B,2026_26_sep_02,Citizen Science (ultrasonic) - shared
59~40306+18~07249_20260926_023041.wav,DEV_001_20260926_023041.wav,0,59.40306,18.07249,Phogri,Pholidoptera griseoaptera,Dark Bush-cricket,bush-cricket,0.97,,,26/09/2026,25/09/2026,02:30:41,ClassifEspSWE-0002026-05-29_1,JOHANKARLSSON,202609261753IXZ6J05B,2026_26_sep_02,Citizen Science (ultrasonic) - shared
59~40306+18~07249_20260926_023049.wav,DEV_001_20260926_023049.wav,0,59.40306,18.07249,Phogri,Pholidoptera griseoaptera,Dark Bush-cricket,bush-cricket,0.97,,,26/09/2026,25/09/2026,02:30:49,ClassifEspSWE-0002026-05-29_1,JOHANKARLSSON,202609261753IXZ6J05B,2026_26_sep_02,Citizen Science (ultrasonic) - shared
59~40306+18~07249_20260926_023056.wav,DEV_001_20260926_023056.wav,0,59.40306,18.07249,Phogri,Pholidoptera griseoaptera,Dark Bush-cricket,bush-cricket,0.98,,,26/09/2026,25/09/2026,02:30:56,ClassifEspSWE-0002026-05-29_1,JOHANKARLSSON,202609261753IXZ6J05B,2026_26_sep_02,Citizen Science (ultrasonic) - shared
59~40306+18~07249_20260926_023103.wav,DEV_001_20260926_023103.wav,0,59.40306,18.07249,Phogri,Pholidoptera griseoaptera,Dark Bush-cricket,bush-cricket,0.94,,,26/09/2026,25/09/2026,02:31:03,ClassifEspSWE-0002026-05-29_1,JOHANKARLSSON,202609261753IXZ6J05B,2026_26_sep_02,Citizen Science (ultrasonic) - shared
59~40306+18~07249_20260926_023108.wav,DEV_001_20260926_023108.wav,0,59.40306,18.07249,Phogri,Pholidoptera griseoaptera,Dark Bush-cricket,bush-cricket,0.99,,,26/09/2026,25/09/2026,02:31:08,ClassifEspSWE-0002026-05-29_1,JOHANKARLSSON,202609261753IXZ6J05B,2026_26_sep_02,Citizen Science (ultrasonic) - shared
59~40306+18~07249_20260926_023114.wav,DEV_001_20260926_023114.wav,0,59.40306,18.07249,Phogri,Pholidoptera griseoaptera,Dark Bush-cricket,bush-cricket,0.97,,,26/09/2026,25/09/2026,02:31:14,ClassifEspSWE-0002026-05-29_1,JOHANKARLSSON,202609261753IXZ6J05B,2026_26_sep_02,Citizen Science (ultrasonic) - shared
59~40306+18~07249_20260926_023121.wav,DEV_001_20260926_023121.wav,0,59.40306,18.07249,Phogri,Pholidoptera griseoaptera,Dark Bush-cricket,bush-cricket,0.92,,,26/09/2026,25/09/2026,02:31:21,ClassifEspSWE-0002026-05-29_1,JOHANKARLSSON,202609261753IXZ6J05B,2026_26_sep_02,Citizen Science (ultrasonic) - shared
59~40306+18~07249_20260926_023128.wav,DEV_001_20260926_023128.wav,0,59.40306,18.07249,Phogri,Pholidoptera griseoaptera,Dark Bush-cricket,bush-cricket,0.98,,,26/09/2026,25/09/2026,02:31:28,ClassifEspSWE-0002026-05-29_1,JOHANKARLSSON,202609261753IXZ6J05B,2026_26_sep_02,Citizen Science (ultrasonic) - shared
59~40306+18~07249_20260926_023134.wav,DEV_001_20260926_023134.wav,0,59.40306,18.07249,Phogri,Pholidoptera griseoaptera,Dark Bush-cricket,bush-cricket,0.93,,,26/09/2026,25/09/2026,02:31:34,ClassifEspSWE-0002026-05-29_1,JOHANKARLSSON,202609261753IXZ6J05B,2026_26_sep_02,Citizen Science (ultrasonic) - shared
59~40306+18~07249_20260926_023140.wav,DEV_001_20260926_023140.wav,0,59.40306,18.07249,Phogri,Pholidoptera griseoaptera,Dark Bush-cricket,bush-cricket,0.96,,,26/09/2026,25/09/2026,02:31:40,ClassifEspSWE-0002026-05-29_1,JOHANKARLSSON,202609261753IXZ6J05B,2026_26_sep_02,Citizen Science (ultrasonic) - shared
59~40306+18~07249_20260926_023146.wav,DEV_001_20260926_023146.wav,0,59.40306,18.07249,Phogri,Pholidoptera griseoaptera,Dark Bush-cricket,bush-cricket,0.9,,,26/09/2026,25/09/2026,02:31:46,ClassifEspSWE-0002026-05-29_1,JOHANKARLSSON,202609261753IXZ6J05B,2026_26_sep_02,Citizen Science (ultrasonic) - shared
59~40306+18~07249_20260926_023152.wav,DEV_001_20260926_023152.wav,0,59.40306,18.07249,Phogri,Pholidoptera griseoaptera,Dark Bush-cricket,bush-cricket,0.98,,,26/09/2026,25/09/2026,02:31:52,ClassifEspSWE-0002026-05-29_1,JOHANKARLSSON,202609261753IXZ6J05B,2026_26_sep_02,Citizen Science (ultrasonic) - shared
59~40306+18~07249_20260926_023200.wav,DEV_001_20260926_023200.wav,0,59.40306,18.07249,Phogri,Pholidoptera griseoaptera,Dark Bush-cricket,bush-cricket,0.95,,,26/09/2026,25/09/2026,02:32:00,ClassifEspSWE-0002026-05-29_1,JOHANKARLSSON,202609261753IXZ6J05B,2026_26_sep_02,Citizen Science (ultrasonic) - shared
59~40306+18~07249_20260926_023207.wav,DEV_001_20260926_023207.wav,0,59.40306,18.07249,Phogri,Pholidoptera griseoaptera,Dark Bush-cricket,bush-cricket,0.95,,,26/09/2026,25/09/2026,02:32:07,ClassifEspSWE-0002026-05-29_1,JOHANKARLSSON,202609261753IXZ6J05B,2026_26_sep_02,Citizen Science (ultrasonic) - shared
59~40306+18~07249_20260926_023213.wav,DEV_001_20260926_023213.wav,0,59.40306,18.07249,Phogri,Pholidoptera griseoaptera,Dark Bush-cricket,bush-cricket,0.98,,,26/09/2026,25/09/2026,02:32:13,ClassifEspSWE-0002026-05-29_1,JOHANKARLSSON,202609261753IXZ6J05B,2026_26_sep_02,Citizen Science (ultrasonic) - shared
59~40306+18~07249_20260926_023219.wav,DEV_001_20260926_023219.wav,0,59.40306,18.07249,Phogri,Pholidoptera griseoaptera,Dark Bush-cricket,bush-cricket,0.97,,,26/09/2026,25/09/2026,02:32:19,ClassifEspSWE-0002026-05-29_1,JOHANKARLSSON,202609261753IXZ6J05B,2026_26_sep_02,Citizen Science (ultrasonic) - shared
59~40306+18~07249_20260926_023226.wav,DEV_001_20260926_023226.wav,0,59.40306,18.07249,Phogri,Pholidoptera griseoaptera,Dark Bush-cricket,bush-cricket,0.93,,,26/09/2026,25/09/2026,02:32:26,ClassifEspSWE-0002026-05-29_1,JOHANKARLSSON,202609261753IXZ6J05B,2026_26_sep_02,Citizen Science (ultrasonic) - shared
59~40306+18~07249_20260926_023235.wav,DEV_001_20260926_023235.wav,0,59.40306,18.07249,Phogri,Pholidoptera griseoaptera,Dark Bush-cricket,bush-cricket,0.98,,,26/09/2026,25/09/2026,02:32:35,ClassifEspSWE-0002026-05-29_1,JOHANKARLSSON,202609261753IXZ6J05B,2026_26_sep_02,Citizen Science (ultrasonic) - shared
59~40306+18~07249_20260926_023240.wav,DEV_001_20260926_023240.wav,0,59.40306,18.07249,Phogri,Pholidoptera griseoaptera,Dark Bush-cricket,bush-cricket,0.98,,,26/09/2026,25/09/2026,02:32:40,ClassifEspSWE-0002026-05-29_1,JOHANKARLSSON,202609261753IXZ6J05B,2026_26_sep_02,Citizen Science (ultrasonic) - shared
59~40306+18~07249_20260926_023246.wav,DEV_001_20260926_023246.wav,0,59.40306,18.07249,Phogri,Pholidoptera griseoaptera,Dark Bush-cricket,bush-cricket,0.96,,,26/09/2026,25/09/2026,02:32:46,ClassifEspSWE-0002026-05-29_1,JOHANKARLSSON,202609261753IXZ6J05B,2026_26_sep_02,Citizen Science (ultrasonic) - shared
59~40306+18~07249_20260926_023255.wav,DEV_001_20260926_023255.wav,0,59.40306,18.07249,Phogri,Pholidoptera griseoaptera,Dark Bush-cricket,bush-cricket,0.99,,,26/09/2026,25/09/2026,02:32:55,ClassifEspSWE-0002026-05-29_1,JOHANKARLSSON,202609261753IXZ6J05B,2026_26_sep_02,Citizen Science (ultrasonic) - shared
59~40306+18~07249_20260926_023304.wav,DEV_001_20260926_023304.wav,0,59.40306,18.07249,Phogri,Pholidoptera griseoaptera,Dark Bush-cricket,bush-cricket,0.98,,,26/09/2026,25/09/2026,02:33:04,ClassifEspSWE-0002026-05-29_1,JOHANKARLSSON,202609261753IXZ6J05B,2026_26_sep_02,Citizen Science (ultrasonic) - shared
59~40306+18~07249_20260926_023309.wav,DEV_001_20260926_023309.wav,0,59.40306,18.07249,Phogri,Pholidoptera griseoaptera,Dark Bush-cricket,bush-cricket,0.92,,,26/09/2026,25/09/2026,02:33:09,ClassifEspSWE-0002026-05-29_1,JOHANKARLSSON,202609261753IXZ6J05B,2026_26_sep_02,Citizen Science (ultrasonic) - shared
59~40306+18~07249_20260926_023316.wav,DEV_001_20260926_023316.wav,0,59.40306,18.07249,Phogri,Pholidoptera griseoaptera,Dark Bush-cricket,bush-cricket,0.96,,,26/09/2026,25/09/2026,02:33:16,ClassifEspSWE-0002026-05-29_1,JOHANKARLSSON,202609261753IXZ6J05B,2026_26_sep_02,Citizen Science (ultrasonic) - shared
59~40306+18~07249_20260926_023321.wav,DEV_001_20260926_023321.wav,0,59.40306,18.07249,Phogri,Pholidoptera griseoaptera,Dark Bush-cricket,bush-cricket,0.96,,,26/09/2026,25/09/2026,02:33:21,ClassifEspSWE-0002026-05-29_1,JOHANKARLSSON,202609261753IXZ6J05B,2026_26_sep_02,Citizen Science (ultrasonic) - shared
59~40306+18~07249_20260926_023326.wav,DEV_001_20260926_023326.wav,0,59.40306,18.07249,Phogri,Pholidoptera griseoaptera,Dark Bush-cricket,bush-cricket,0.98,,,26/09/2026,25/09/2026,02:33:26,ClassifEspSWE-0002026-05-29_1,JOHANKARLSSON,202609261753IXZ6J05B,2026_26_sep_02,Citizen Science (ultrasonic) - shared
59~40306+18~07249_20260926_023334.wav,DEV_001_20260926_023334.wav,0,59.40306,18.07249,Phogri,Pholidoptera griseoaptera,Dark Bush-cricket,bush-cricket,0.99,,,26/09/2026,25/09/2026,02:33:34,ClassifEspSWE-0002026-05-29_1,JOHANKARLSSON,202609261753IXZ6J05B,2026_26_sep_02,Citizen Science (ultrasonic) - shared
59~40306+18~07249_20260926_023339.wav,DEV_001_20260926_023339.wav,0,59.40306,18.07249,Phogri,Pholidoptera griseoaptera,Dark Bush-cricket,bush-cricket,0.95,,,26/09/2026,25/09/2026,02:33:39,ClassifEspSWE-0002026-05-29_1,JOHANKARLSSON,202609261753IXZ6J05B,2026_26_sep_02,Citizen Science (ultrasonic) - shared
59~40306+18~07249_20260926_023347.wav,DEV_001_20260926_023347.wav,0,59.40306,18.07249,Phogri,Pholidoptera griseoaptera,Dark Bush-cricket,bush-cricket,0.91,,,26/09/2026,25/09/2026,02:33:47,ClassifEspSWE-0002026-05-29_1,JOHANKARLSSON,202609261753IXZ6J05B,2026_26_sep_02,Citizen Science (ultrasonic) - shared
59~40306+18~07249_20260926_023354.wav,DEV_001_20260926_023354.wav,0,59.40306,18.07249,Phogri,Pholidoptera griseoaptera,Dark Bush-cricket,bush-cricket,0.93,,,26/09/2026,25/09/2026,02:33:54,ClassifEspSWE-0002026-05-29_1,JOHANKARLSSON,202609261753IXZ6J05B,2026_26_sep_02,Citizen Science (ultrasonic) - shared
59~40306+18~07249_20260926_023359.wav,DEV_001_20260926_023359.wav,0,59.40306,18.07249,Phogri,Pholidoptera griseoaptera,Dark Bush-cricket,bush-cricket,0.93,,,26/09/2026,25/09/2026,02:33:59,ClassifEspSWE-0002026-05-29_1,JOHANKARLSSON,202609261753IXZ6J05B,2026_26_sep_02,Citizen Science (ultrasonic) - shared
59~40306+18~07249_20260926_023406.wav,DEV_001_20260926_023406.wav,0,59.40306,18.07249,Phogri,Pholidoptera griseoaptera,Dark Bush-cricket,bush-cricket,0.92,,,26/09/2026,25/09/2026,02:34:06,ClassifEspSWE-0002026-05-29_1,JOHANKARLSSON,202609261753IXZ6J05B,2026_26_sep_02,Citizen Science (ultrasonic) - shared
59~40306+18~07249_20260926_023413.wav,DEV_001_20260926_023413.wav,0,59.40306,18.07249,Phogri,Pholidoptera griseoaptera,Dark Bush-cricket,bush-cricket,0.99,,,26/09/2026,25/09/2026,02:34:13,ClassifEspSWE-0002026-05-29_1,JOHANKARLSSON,202609261753IXZ6J05B,2026_26_sep_02,Citizen Science (ultrasonic) - shared
59~40306+18~07249_20260926_023419.wav,DEV_001_20260926_023419.wav,0,59.40306,18.07249,Phogri,Pholidoptera griseoaptera,Dark Bush-cricket,bush-cricket,0.95,,,26/09/2026,25/09/2026,02:34:19,ClassifEspSWE-0002026-05-29_1,JOHANKARLSSON,202609261753IXZ6J05B,2026_26_sep_02,Citizen Science (ultrasonic) - shared
59~40306+18~07249_20260926_023424.wav,DEV_001_20260926_023424.wav,0,59.40306,18.07249,Phogri,Pholidoptera griseoaptera,Dark Bush-cricket,bush-cricket,0.9,,,26/09/2026,25/09/2026,02:34:24,ClassifEspSWE-0002026-05-29_1,JOHANKARLSSON,202609261753IXZ6J05B,2026_26_sep_02,Citizen Science (ultrasonic) - shared
59~40306+18~07249_20260926_023429.wav,DEV_001_20260926_023429.wav,0,59.40306,18.07249,Phogri,Pholidoptera griseoaptera,Dark Bush-cricket,bush-cricket,0.91,,,26/09/2026,25/09/2026,02:34:29,ClassifEspSWE-0002026-05-29_1,JOHANKARLSSON,202609261753IXZ6J05B,2026_26_sep_02,Citizen Science (ultrasonic) - shared
59~40306+18~07249_20260926_023436.wav,DEV_001_20260926_023436.wav,0,59.40306,18.07249,Phogri,Pholidoptera griseoaptera,Dark Bush-cricket,bush-cricket,0.89,,,26/09/2026,25/09/2026,02:34:36,ClassifEspSWE-0002026-05-29_1,JOHANKARLSSON,202609261753IXZ6J05B,2026_26_sep_02,Citizen Science (ultrasonic) - shared
59~40306+18~07249_20260926_023449.wav,DEV_001_20260926_023449.wav,0,59.40306,18.07249,Phogri,Pholidoptera griseoaptera,Dark Bush-cricket,bush-cricket,0.97,,,26/09/2026,25/09/2026,02:34:49,ClassifEspSWE-0002026-05-29_1,JOHANKARLSSON,202609261753IXZ6J05B,2026_26_sep_02,Citizen Science (ultrasonic) - shared
59~40306+18~07249_20260926_023501.wav,DEV_001_20260926_023501.wav,0,59.40306,18.07249,Phogri,Pholidoptera griseoaptera,Dark Bush-cricket,bush-cricket,0.99,,,26/09/2026,25/09/2026,02:35:01,ClassifEspSWE-0002026-05-29_1,JOHANKARLSSON,202609261753IXZ6J05B,2026_26_sep_02,Citizen Science (ultrasonic) - shared
59~40306+18~07249_20260926_023506.wav,DEV_001_20260926_023506.wav,0,59.40306,18.07249,Phogri,Pholidoptera griseoaptera,Dark Bush-cricket,bush-cricket,0.99,,,26/09/2026,25/09/2026,02:35:06,ClassifEspSWE-0002026-05-29_1,JOHANKARLSSON,202609261753IXZ6J05B,2026_26_sep_02,Citizen Science (ultrasonic) - shared
59~40306+18~07249_20260926_023511.wav,DEV_001_20260926_023511.wav,0,59.40306,18.07249,Phogri,Pholidoptera griseoaptera,Dark Bush-cricket,bush-cricket,0.96,,,26/09/2026,25/09/2026,02:35:11,ClassifEspSWE-0002026-05-29_1,JOHANKARLSSON,202609261753IXZ6J05B,2026_26_sep_02,Citizen Science (ultrasonic) - shared
59~40306+18~07249_20260926_023530.wav,DEV_001_20260926_023530.wav,0,59.40306,18.07249,Phogri,Pholidoptera griseoaptera,Dark Bush-cricket,bush-cricket,0.98,,,26/09/2026,25/09/2026,02:35:30,ClassifEspSWE-0002026-05-29_1,JOHANKARLSSON,202609261753IXZ6J05B,2026_26_sep_02,Citizen Science (ultrasonic) - shared
59~40306+18~07249_20260926_023542.wav,DEV_001_20260926_023542.wav,0,59.40306,18.07249,Phogri,Pholidoptera griseoaptera,Dark Bush-cricket,bush-cricket,0.95,,,26/09/2026,25/09/2026,02:35:42,ClassifEspSWE-0002026-05-29_1,JOHANKARLSSON,202609261753IXZ6J05B,2026_26_sep_02,Citizen Science (ultrasonic) - shared
59~40306+18~07249_20260926_023554.wav,DEV_001_20260926_023554.wav,0,59.40306,18.07249,Phogri,Pholidoptera griseoaptera,Dark Bush-cricket,bush-cricket,0.98,,,26/09/2026,25/09/2026,02:35:54,ClassifEspSWE-0002026-05-29_1,JOHANKARLSSON,202609261753IXZ6J05B,2026_26_sep_02,Citizen Science (ultrasonic) - shared
59~40306+18~07249_20260926_023623.wav,DEV_001_20260926_023623.wav,0,59.40306,18.07249,Phogri,Pholidoptera griseoaptera,Dark Bush-cricket,bush-cricket,0.98,,,26/09/2026,25/09/2026,02:36:23,ClassifEspSWE-0002026-05-29_1,JOHANKARLSSON,202609261753IXZ6J05B,2026_26_sep_02,Citizen Science (ultrasonic) - shared
59~40306+18~07249_20260926_023633.wav,DEV_001_20260926_023633.wav,0,59.40306,18.07249,Phogri,Pholidoptera griseoaptera,Dark Bush-cricket,bush-cricket,0.97,,,26/09/2026,25/09/2026,02:36:33,ClassifEspSWE-0002026-05-29_1,JOHANKARLSSON,202609261753IXZ6J05B,2026_26_sep_02,Citizen Science (ultrasonic) - shared
59~40306+18~07249_20260926_023639.wav,DEV_001_20260926_023639.wav,0,59.40306,18.07249,Phogri,Pholidoptera griseoaptera,Dark Bush-cricket,bush-cricket,0.99,,,26/09/2026,25/09/2026,02:36:39,ClassifEspSWE-0002026-05-29_1,JOHANKARLSSON,202609261753IXZ6J05B,2026_26_sep_02,Citizen Science (ultrasonic) - shared
59~40306+18~07249_20260926_023644.wav,DEV_001_20260926_023644.wav,0,59.40306,18.07249,Phogri,Pholidoptera griseoaptera,Dark Bush-cricket,bush-cricket,0.95,,,26/09/2026,25/09/2026,02:36:44,ClassifEspSWE-0002026-05-29_1,JOHANKARLSSON,202609261753IXZ6J05B,2026_26_sep_02,Citizen Science (ultrasonic) - shared
59~40306+18~07249_20260926_023652.wav,DEV_001_20260926_023652.wav,0,59.40306,18.07249,Phogri,Pholidoptera griseoaptera,Dark Bush-cricket,bush-cricket,0.96,,,26/09/2026,25/09/2026,02:36:52,ClassifEspSWE-0002026-05-29_1,JOHANKARLSSON,202609261753IXZ6J05B,2026_26_sep_02,Citizen Science (ultrasonic) - shared
59~40306+18~07249_20260926_023704.wav,DEV_001_20260926_023704.wav,0,59.40306,18.07249,Phogri,Pholidoptera griseoaptera,Dark Bush-cricket,bush-cricket,0.95,,,26/09/2026,25/09/2026,02:37:04,ClassifEspSWE-0002026-05-29_1,JOHANKARLSSON,202609261753IXZ6J05B,2026_26_sep_02,Citizen Science (ultrasonic) - shared
59~40306+18~07249_20260926_023723.wav,DEV_001_20260926_023723.wav,0,59.40306,18.07249,Phogri,Pholidoptera griseoaptera,Dark Bush-cricket,bush-cricket,0.8,,,26/09/2026,25/09/2026,02:37:23,ClassifEspSWE-0002026-05-29_1,JOHANKARLSSON,202609261753IXZ6J05B,2026_26_sep_02,Citizen Science (ultrasonic) - shared
59~40306+18~07249_20260926_023737.wav,DEV_001_20260926_023737.wav,0,59.40306,18.07249,Phogri,Pholidoptera griseoaptera,Dark Bush-cricket,bush-cricket,0.9,,,26/09/2026,25/09/2026,02:37:37,ClassifEspSWE-0002026-05-29_1,JOHANKARLSSON,202609261753IXZ6J05B,2026_26_sep_02,Citizen Science (ultrasonic) - shared
59~40306+18~07249_20260926_023744.wav,DEV_001_20260926_023744.wav,0,59.40306,18.07249,Phogri,Pholidoptera griseoaptera,Dark Bush-cricket,bush-cricket,0.97,,,26/09/2026,25/09/2026,02:37:44,ClassifEspSWE-0002026-05-29_1,JOHANKARLSSON,202609261753IXZ6J05B,2026_26_sep_02,Citizen Science (ultrasonic) - shared
59~40306+18~07249_20260926_023752.wav,DEV_001_20260926_023752.wav,0,59.40306,18.07249,Phogri,Pholidoptera griseoaptera,Dark Bush-cricket,bush-cricket,0.98,,,26/09/2026,25/09/2026,02:37:52,ClassifEspSWE-0002026-05-29_1,JOHANKARLSSON,202609261753IXZ6J05B,2026_26_sep_02,Citizen Science (ultrasonic) - shared
59~40306+18~07249_20260926_023801.wav,DEV_001_20260926_023801.wav,0,59.40306,18.07249,Phogri,Pholidoptera griseoaptera,Dark Bush-cricket,bush-cricket,0.99,,,26/09/2026,25/09/2026,02:38:01,ClassifEspSWE-0002026-05-29_1,JOHANKARLSSON,202609261753IXZ6J05B,2026_26_sep_02,Citizen Science (ultrasonic) - shared
59~40306+18~07249_20260926_023807.wav,DEV_001_20260926_023807.wav,0,59.40306,18.07249,Phogri,Pholidoptera griseoaptera,Dark Bush-cricket,bush-cricket,0.96,,,26/09/2026,25/09/2026,02:38:07,ClassifEspSWE-0002026-05-29_1,JOHANKARLSSON,202609261753IXZ6J05B,2026_26_sep_02,Citizen Science (ultrasonic) - shared
59~40306+18~07249_20260926_023824.wav,DEV_001_20260926_023824.wav,0,59.40306,18.07249,Phogri,Pholidoptera griseoaptera,Dark Bush-cricket,bush-cricket,0.96,,,26/09/2026,25/09/2026,02:38:24,ClassifEspSWE-0002026-05-29_1,JOHANKARLSSON,202609261753IXZ6J05B,2026_26_sep_02,Citizen Science (ultrasonic) - shared
59~40306+18~07249_20260926_023831.wav,DEV_001_20260926_023831.wav,0,59.40306,18.07249,Phogri,Pholidoptera griseoaptera,Dark Bush-cricket,bush-cricket,0.95,,,26/09/2026,25/09/2026,02:38:31,ClassifEspSWE-0002026-05-29_1,JOHANKARLSSON,202609261753IXZ6J05B,2026_26_sep_02,Citizen Science (ultrasonic) - shared
59~40306+18~07249_20260926_023838.wav,DEV_001_20260926_023838.wav,0,59.40306,18.07249,Phogri,Pholidoptera griseoaptera,Dark Bush-cricket,bush-cricket,0.91,,,26/09/2026,25/09/2026,02:38:38,ClassifEspSWE-0002026-05-29_1,JOHANKARLSSON,202609261753IXZ6J05B,2026_26_sep_02,Citizen Science (ultrasonic) - shared
59~40306+18~07249_20260926_023844.wav,DEV_001_20260926_023844.wav,0,59.40306,18.07249,Phogri,Pholidoptera griseoaptera,Dark Bush-cricket,bush-cricket,0.87,,,26/09/2026,25/09/2026,02:38:44,ClassifEspSWE-0002026-05-29_1,JOHANKARLSSON,202609261753IXZ6J05B,2026_26_sep_02,Citizen Science (ultrasonic) - shared
59~40306+18~07249_20260926_023908.wav,DEV_001_20260926_023908.wav,0,59.40306,18.07249,Phogri,Pholidoptera griseoaptera,Dark Bush-cricket,bush-cricket,0.97,,,26/09/2026,25/09/2026,02:39:08,ClassifEspSWE-0002026-05-29_1,JOHANKARLSSON,202609261753IXZ6J05B,2026_26_sep_02,Citizen Science (ultrasonic) - shared
59~40306+18~07249_20260926_023913.wav,DEV_001_20260926_023913.wav,0,59.40306,18.07249,Phogri,Pholidoptera griseoaptera,Dark Bush-cricket,bush-cricket,0.97,,,26/09/2026,25/09/2026,02:39:13,ClassifEspSWE-0002026-05-29_1,JOHANKARLSSON,202609261753IXZ6J05B,2026_26_sep_02,Citizen Science (ultrasonic) - shared
59~40306+18~07249_20260926_023932.wav,DEV_001_20260926_023932.wav,0,59.40306,18.07249,Phogri,Pholidoptera griseoaptera,Dark Bush-cricket,bush-cricket,0.99,,,26/09/2026,25/09/2026,02:39:32,ClassifEspSWE-0002026-05-29_1,JOHANKARLSSON,202609261753IXZ6J05B,2026_26_sep_02,Citizen Science (ultrasonic) - shared
59~40306+18~07249_20260926_023942.wav,DEV_001_20260926_023942.wav,0,59.40306,18.07249,Phogri,Pholidoptera griseoaptera,Dark Bush-cricket,bush-cricket,0.96,,,26/09/2026,25/09/2026,02:39:42,ClassifEspSWE-0002026-05-29_1,JOHANKARLSSON,202609261753IXZ6J05B,2026_26_sep_02,Citizen Science (ultrasonic) - shared
59~40306+18~07249_20260926_023954.wav,DEV_001_20260926_023954.wav,0,59.40306,18.07249,Phogri,Pholidoptera griseoaptera,Dark Bush-cricket,bush-cricket,0.96,,,26/09/2026,25/09/2026,02:39:54,ClassifEspSWE-0002026-05-29_1,JOHANKARLSSON,202609261753IXZ6J05B,2026_26_sep_02,Citizen Science (ultrasonic) - shared
59~40306+18~07249_20260926_024000.wav,DEV_001_20260926_024000.wav,0,59.40306,18.07249,Phogri,Pholidoptera griseoaptera,Dark Bush-cricket,bush-cricket,0.98,,,26/09/2026,25/09/2026,02:40:00,ClassifEspSWE-0002026-05-29_1,JOHANKARLSSON,202609261753IXZ6J05B,2026_26_sep_02,Citizen Science (ultrasonic) - shared
59~40306+18~07249_20260926_024006.wav,DEV_001_20260926_024006.wav,0,59.40306,18.07249,Phogri,Pholidoptera griseoaptera,Dark Bush-cricket,bush-cricket,0.92,,,26/09/2026,25/09/2026,02:40:06,ClassifEspSWE-0002026-05-29_1,JOHANKARLSSON,202609261753IXZ6J05B,2026_26_sep_02,Citizen Science (ultrasonic) - shared
59~40306+18~07249_20260926_024013.wav,DEV_001_20260926_024013.wav,0,59.40306,18.07249,Phogri,Pholidoptera griseoaptera,Dark Bush-cricket,bush-cricket,0.86,,,26/09/2026,25/09/2026,02:40:13,ClassifEspSWE-0002026-05-29_1,JOHANKARLSSON,202609261753IXZ6J05B,2026_26_sep_02,Citizen Science (ultrasonic) - shared
59~40306+18~07249_20260926_024021.wav,DEV_001_20260926_024021.wav,0,59.40306,18.07249,Phogri,Pholidoptera griseoaptera,Dark Bush-cricket,bush-cricket,0.91,,,26/09/2026,25/09/2026,02:40:21,ClassifEspSWE-0002026-05-29_1,JOHANKARLSSON,202609261753IXZ6J05B,2026_26_sep_02,Citizen Science (ultrasonic) - shared
59~40306+18~07249_20260926_024026.wav,DEV_001_20260926_024026.wav,0,59.40306,18.07249,Phogri,Pholidoptera griseoaptera,Dark Bush-cricket,bush-cricket,0.97,,,26/09/2026,25/09/2026,02:40:26,ClassifEspSWE-0002026-05-29_1,JOHANKARLSSON,202609261753IXZ6J05B,2026_26_sep_02,Citizen Science (ultrasonic) - shared
59~40306+18~07249_20260926_024034.wav,DEV_001_20260926_024034.wav,0,59.40306,18.07249,Phogri,Pholidoptera griseoaptera,Dark Bush-cricket,bush-cricket,0.98,,,26/09/2026,25/09/2026,02:40:34,ClassifEspSWE-0002026-05-29_1,JOHANKARLSSON,202609261753IXZ6J05B,2026_26_sep_02,Citizen Science (ultrasonic) - shared
59~40306+18~07249_20260926_024041.wav,DEV_001_20260926_024041.wav,0,59.40306,18.07249,Phogri,Pholidoptera griseoaptera,Dark Bush-cricket,bush-cricket,0.97,,,26/09/2026,25/09/2026,02:40:41,ClassifEspSWE-0002026-05-29_1,JOHANKARLSSON,202609261753IXZ6J05B,2026_26_sep_02,Citizen Science (ultrasonic) - shared
59~40306+18~07249_20260926_024048.wav,DEV_001_20260926_024048.wav,0,59.40306,18.07249,Phogri,Pholidoptera griseoaptera,Dark Bush-cricket,bush-cricket,0.96,,,26/09/2026,25/09/2026,02:40:48,ClassifEspSWE-0002026-05-29_1,JOHANKARLSSON,202609261753IXZ6J05B,2026_26_sep_02,Citizen Science (ultrasonic) - shared
59~40306+18~07249_20260926_024059.wav,DEV_001_20260926_024059.wav,0,59.40306,18.07249,Phogri,Pholidoptera griseoaptera,Dark Bush-cricket,bush-cricket,0.99,,,26/09/2026,25/09/2026,02:40:59,ClassifEspSWE-0002026-05-29_1,JOHANKARLSSON,202609261753IXZ6J05B,2026_26_sep_02,Citizen Science (ultrasonic) - shared
59~40306+18~07249_20260926_024106.wav,DEV_001_20260926_024106.wav,0,59.40306,18.07249,Phogri,Pholidoptera griseoaptera,Dark Bush-cricket,bush-cricket,0.95,,,26/09/2026,25/09/2026,02:41:06,ClassifEspSWE-0002026-05-29_1,JOHANKARLSSON,202609261753IXZ6J05B,2026_26_sep_02,Citizen Science (ultrasonic) - shared
59~40306+18~07249_20260926_024112.wav,DEV_001_20260926_024112.wav,0,59.40306,18.07249,Phogri,Pholidoptera griseoaptera,Dark Bush-cricket,bush-cricket,0.98,,,26/09/2026,25/09/2026,02:41:12,ClassifEspSWE-0002026-05-29_1,JOHANKARLSSON,202609261753IXZ6J05B,2026_26_sep_02,Citizen Science (ultrasonic) - shared
59~40306+18~07249_20260926_024201.wav,DEV_001_20260926_024201.wav,0,59.40306,18.07249,Phogri,Pholidoptera griseoaptera,Dark Bush-cricket,bush-cricket,0.96,,,26/09/2026,25/09/2026,02:42:01,ClassifEspSWE-0002026-05-29_1,JOHANKARLSSON,202609261753IXZ6J05B,2026_26_sep_02,Citizen Science (ultrasonic) - shared
59~40306+18~07249_20260926_024207.wav,DEV_001_20260926_024207.wav,0,59.40306,18.07249,Phogri,Pholidoptera griseoaptera,Dark Bush-cricket,bush-cricket,0.93,,,26/09/2026,25/09/2026,02:42:07,ClassifEspSWE-0002026-05-29_1,JOHANKARLSSON,202609261753IXZ6J05B,2026_26_sep_02,Citizen Science (ultrasonic) - shared
59~40306+18~07249_20260926_024218.wav,DEV_001_20260926_024218.wav,0,59.40306,18.07249,Phogri,Pholidoptera griseoaptera,Dark Bush-cricket,bush-cricket,0.95,,,26/09/2026,25/09/2026,02:42:18,ClassifEspSWE-0002026-05-29_1,JOHANKARLSSON,202609261753IXZ6J05B,2026_26_sep_02,Citizen Science (ultrasonic) - shared
59~40306+18~07249_20260926_024226.wav,DEV_001_20260926_024226.wav,0,59.40306,18.07249,Phogri,Pholidoptera griseoaptera,Dark Bush-cricket,bush-cricket,0.94,,,26/09/2026,25/09/2026,02:42:26,ClassifEspSWE-0002026-05-29_1,JOHANKARLSSON,202609261753IXZ6J05B,2026_26_sep_02,Citizen Science (ultrasonic) - shared
59~40306+18~07249_20260926_024250.wav,DEV_001_20260926_024250.wav,0,59.40306,18.07249,Phogri,Pholidoptera griseoaptera,Dark Bush-cricket,bush-cricket,0.99,,,26/09/2026,25/09/2026,02:42:50,ClassifEspSWE-0002026-05-29_1,JOHANKARLSSON,202609261753IXZ6J05B,2026_26_sep_02,Citizen Science (ultrasonic) - shared
59~40306+18~07249_20260926_024301.wav,DEV_001_20260926_024301.wav,0,59.40306,18.07249,Phogri,Pholidoptera griseoaptera,Dark Bush-cricket,bush-cricket,0.96,,,26/09/2026,25/09/2026,02:43:01,ClassifEspSWE-0002026-05-29_1,JOHANKARLSSON,202609261753IXZ6J05B,2026_26_sep_02,Citizen Science (ultrasonic) - shared
59~40306+18~07249_20260926_024311.wav,DEV_001_20260926_024311.wav,0,59.40306,18.07249,Phogri,Pholidoptera griseoaptera,Dark Bush-cricket,bush-cricket,0.95,,,26/09/2026,25/09/2026,02:43:11,ClassifEspSWE-0002026-05-29_1,JOHANKARLSSON,202609261753IXZ6J05B,2026_26_sep_02,Citizen Science (ultrasonic) - shared
59~40306+18~07249_20260926_024318.wav,DEV_001_20260926_024318.wav,0,59.40306,18.07249,Phogri,Pholidoptera griseoaptera,Dark Bush-cricket,bush-cricket,0.97,,,26/09/2026,25/09/2026,02:43:18,ClassifEspSWE-0002026-05-29_1,JOHANKARLSSON,202609261753IXZ6J05B,2026_26_sep_02,Citizen Science (ultrasonic) - shared
59~40306+18~07249_20260926_024326.wav,DEV_001_20260926_024326.wav,0,59.40306,18.07249,Phogri,Pholidoptera griseoaptera,Dark Bush-cricket,bush-cricket,0.97,,,26/09/2026,25/09/2026,02:43:26,ClassifEspSWE-0002026-05-29_1,JOHANKARLSSON,202609261753IXZ6J05B,2026_26_sep_02,Citizen Science (ultrasonic) - shared
59~40306+18~07249_20260926_024337.wav,DEV_001_20260926_024337.wav,0,59.40306,18.07249,Phogri,Pholidoptera griseoaptera,Dark Bush-cricket,bush-cricket,0.95,,,26/09/2026,25/09/2026,02:43:37,ClassifEspSWE-0002026-05-29_1,JOHANKARLSSON,202609261753IXZ6J05B,2026_26_sep_02,Citizen Science (ultrasonic) - shared
59~40306+18~07249_20260926_024342.wav,DEV_001_20260926_024342.wav,0,59.40306,18.07249,Phogri,Pholidoptera griseoaptera,Dark Bush-cricket,bush-cricket,0.96,,,26/09/2026,25/09/2026,02:43:42,ClassifEspSWE-0002026-05-29_1,JOHANKARLSSON,202609261753IXZ6J05B,2026_26_sep_02,Citizen Science (ultrasonic) - shared
59~40306+18~07249_20260926_024348.wav,DEV_001_20260926_024348.wav,0,59.40306,18.07249,Phogri,Pholidoptera griseoaptera,Dark Bush-cricket,bush-cricket,0.92,,,26/09/2026,25/09/2026,02:43:48,ClassifEspSWE-0002026-05-29_1,JOHANKARLSSON,202609261753IXZ6J05B,2026_26_sep_02,Citizen Science (ultrasonic) - shared
59~40306+18~07249_20260926_024403.wav,DEV_001_20260926_024403.wav,0,59.40306,18.07249,Phogri,Pholidoptera griseoaptera,Dark Bush-cricket,bush-cricket,0.97,,,26/09/2026,25/09/2026,02:44:03,ClassifEspSWE-0002026-05-29_1,JOHANKARLSSON,202609261753IXZ6J05B,2026_26_sep_02,Citizen Science (ultrasonic) - shared
59~40306+18~07249_20260926_024409.wav,DEV_001_20260926_024409.wav,0,59.40306,18.07249,Phogri,Pholidoptera griseoaptera,Dark Bush-cricket,bush-cricket,0.97,,,26/09/2026,25/09/2026,02:44:09,ClassifEspSWE-0002026-05-29_1,JOHANKARLSSON,202609261753IXZ6J05B,2026_26_sep_02,Citizen Science (ultrasonic) - shared
59~40306+18~07249_20260926_024417.wav,DEV_001_20260926_024417.wav,0,59.40306,18.07249,Phogri,Pholidoptera griseoaptera,Dark Bush-cricket,bush-cricket,0.96,,,26/09/2026,25/09/2026,02:44:17,ClassifEspSWE-0002026-05-29_1,JOHANKARLSSON,202609261753IXZ6J05B,2026_26_sep_02,Citizen Science (ultrasonic) - shared
59~40306+18~07249_20260926_024423.wav,DEV_001_20260926_024423.wav,0,59.40306,18.07249,Phogri,Pholidoptera griseoaptera,Dark Bush-cricket,bush-cricket,0.94,,,26/09/2026,25/09/2026,02:44:23,ClassifEspSWE-0002026-05-29_1,JOHANKARLSSON,202609261753IXZ6J05B,2026_26_sep_02,Citizen Science (ultrasonic) - shared
59~40306+18~07249_20260926_024428.wav,DEV_001_20260926_024428.wav,0,59.40306,18.07249,Phogri,Pholidoptera griseoaptera,Dark Bush-cricket,bush-cricket,0.98,,,26/09/2026,25/09/2026,02:44:28,ClassifEspSWE-0002026-05-29_1,JOHANKARLSSON,202609261753IXZ6J05B,2026_26_sep_02,Citizen Science (ultrasonic) - shared
59~40306+18~07249_20260926_024436.wav,DEV_001_20260926_024436.wav,0,59.40306,18.07249,Phogri,Pholidoptera griseoaptera,Dark Bush-cricket,bush-cricket,0.98,,,26/09/2026,25/09/2026,02:44:36,ClassifEspSWE-0002026-05-29_1,JOHANKARLSSON,202609261753IXZ6J05B,2026_26_sep_02,Citizen Science (ultrasonic) - shared
59~40306+18~07249_20260926_024442.wav,DEV_001_20260926_024442.wav,0,59.40306,18.07249,Phogri,Pholidoptera griseoaptera,Dark Bush-cricket,bush-cricket,0.96,,,26/09/2026,25/09/2026,02:44:42,ClassifEspSWE-0002026-05-29_1,JOHANKARLSSON,202609261753IXZ6J05B,2026_26_sep_02,Citizen Science (ultrasonic) - shared
59~40306+18~07249_20260926_024451.wav,DEV_001_20260926_024451.wav,0,59.40306,18.07249,Phogri,Pholidoptera griseoaptera,Dark Bush-cricket,bush-cricket,0.99,,,26/09/2026,25/09/2026,02:44:51,ClassifEspSWE-0002026-05-29_1,JOHANKARLSSON,202609261753IXZ6J05B,2026_26_sep_02,Citizen Science (ultrasonic) - shared
59~40306+18~07249_20260926_024456.wav,DEV_001_20260926_024456.wav,0,59.40306,18.07249,Phogri,Pholidoptera griseoaptera,Dark Bush-cricket,bush-cricket,0.97,,,26/09/2026,25/09/2026,02:44:56,ClassifEspSWE-0002026-05-29_1,JOHANKARLSSON,202609261753IXZ6J05B,2026_26_sep_02,Citizen Science (ultrasonic) - shared
59~40306+18~07249_20260926_024505.wav,DEV_001_20260926_024505.wav,0,59.40306,18.07249,Phogri,Pholidoptera griseoaptera,Dark Bush-cricket,bush-cricket,0.94,,,26/09/2026,25/09/2026,02:45:05,ClassifEspSWE-0002026-05-29_1,JOHANKARLSSON,202609261753IXZ6J05B,2026_26_sep_02,Citizen Science (ultrasonic) - shared
59~40306+18~07249_20260926_024512.wav,DEV_001_20260926_024512.wav,0,59.40306,18.07249,Phogri,Pholidoptera griseoaptera,Dark Bush-cricket,bush-cricket,0.96,,,26/09/2026,25/09/2026,02:45:12,ClassifEspSWE-0002026-05-29_1,JOHANKARLSSON,202609261753IXZ6J05B,2026_26_sep_02,Citizen Science (ultrasonic) - shared
59~40306+18~07249_20260926_024521.wav,DEV_001_20260926_024521.wav,0,59.40306,18.07249,Phogri,Pholidoptera griseoaptera,Dark Bush-cricket,bush-cricket,0.98,,,26/09/2026,25/09/2026,02:45:21,ClassifEspSWE-0002026-05-29_1,JOHANKARLSSON,202609261753IXZ6J05B,2026_26_sep_02,Citizen Science (ultrasonic) - shared
59~40306+18~07249_20260926_024530.wav,DEV_001_20260926_024530.wav,0,59.40306,18.07249,Phogri,Pholidoptera griseoaptera,Dark Bush-cricket,bush-cricket,0.96,,,26/09/2026,25/09/2026,02:45:30,ClassifEspSWE-0002026-05-29_1,JOHANKARLSSON,202609261753IXZ6J05B,2026_26_sep_02,Citizen Science (ultrasonic) - shared
59~40306+18~07249_20260926_024536.wav,DEV_001_20260926_024536.wav,0,59.40306,18.07249,Phogri,Pholidoptera griseoaptera,Dark Bush-cricket,bush-cricket,0.95,,,26/09/2026,25/09/2026,02:45:36,ClassifEspSWE-0002026-05-29_1,JOHANKARLSSON,202609261753IXZ6J05B,2026_26_sep_02,Citizen Science (ultrasonic) - shared
59~40306+18~07249_20260926_024542.wav,DEV_001_20260926_024542.wav,0,59.40306,18.07249,Phogri,Pholidoptera griseoaptera,Dark Bush-cricket,bush-cricket,0.98,,,26/09/2026,25/09/2026,02:45:42,ClassifEspSWE-0002026-05-29_1,JOHANKARLSSON,202609261753IXZ6J05B,2026_26_sep_02,Citizen Science (ultrasonic) - shared
59~40306+18~07249_20260926_024549.wav,DEV_001_20260926_024549.wav,0,59.40306,18.07249,Phogri,Pholidoptera griseoaptera,Dark Bush-cricket,bush-cricket,0.97,,,26/09/2026,25/09/2026,02:45:49,ClassifEspSWE-0002026-05-29_1,JOHANKARLSSON,202609261753IXZ6J05B,2026_26_sep_02,Citizen Science (ultrasonic) - shared
59~40306+18~07249_20260926_024557.wav,DEV_001_20260926_024557.wav,0,59.40306,18.07249,Phogri,Pholidoptera griseoaptera,Dark Bush-cricket,bush-cricket,0.91,,,26/09/2026,25/09/2026,02:45:57,ClassifEspSWE-0002026-05-29_1,JOHANKARLSSON,202609261753IXZ6J05B,2026_26_sep_02,Citizen Science (ultrasonic) - shared
59~40306+18~07249_20260926_024602.wav,DEV_001_20260926_024602.wav,0,59.40306,18.07249,Phogri,Pholidoptera griseoaptera,Dark Bush-cricket,bush-cricket,0.94,,,26/09/2026,25/09/2026,02:46:02,ClassifEspSWE-0002026-05-29_1,JOHANKARLSSON,202609261753IXZ6J05B,2026_26_sep_02,Citizen Science (ultrasonic) - shared
59~40306+18~07249_20260926_024608.wav,DEV_001_20260926_024608.wav,0,59.40306,18.07249,Phogri,Pholidoptera griseoaptera,Dark Bush-cricket,bush-cricket,0.95,,,26/09/2026,25/09/2026,02:46:08,ClassifEspSWE-0002026-05-29_1,JOHANKARLSSON,202609261753IXZ6J05B,2026_26_sep_02,Citizen Science (ultrasonic) - shared
59~40306+18~07249_20260926_024617.wav,DEV_001_20260926_024617.wav,0,59.40306,18.07249,Phogri,Pholidoptera griseoaptera,Dark Bush-cricket,bush-cricket,0.95,,,26/09/2026,25/09/2026,02:46:17,ClassifEspSWE-0002026-05-29_1,JOHANKARLSSON,202609261753IXZ6J05B,2026_26_sep_02,Citizen Science (ultrasonic) - shared
59~40306+18~07249_20260926_024625.wav,DEV_001_20260926_024625.wav,0,59.40306,18.07249,Phogri,Pholidoptera griseoaptera,Dark Bush-cricket,bush-cricket,0.96,,,26/09/2026,25/09/2026,02:46:25,ClassifEspSWE-0002026-05-29_1,JOHANKARLSSON,202609261753IXZ6J05B,2026_26_sep_02,Citizen Science (ultrasonic) - shared
59~40306+18~07249_20260926_024634.wav,DEV_001_20260926_024634.wav,0,59.40306,18.07249,Phogri,Pholidoptera griseoaptera,Dark Bush-cricket,bush-cricket,0.8,,,26/09/2026,25/09/2026,02:46:34,ClassifEspSWE-0002026-05-29_1,JOHANKARLSSON,202609261753IXZ6J05B,2026_26_sep_02,Citizen Science (ultrasonic) - shared
59~40306+18~07249_20260926_024639.wav,DEV_001_20260926_024639.wav,0,59.40306,18.07249,Phogri,Pholidoptera griseoaptera,Dark Bush-cricket,bush-cricket,0.95,,,26/09/2026,25/09/2026,02:46:39,ClassifEspSWE-0002026-05-29_1,JOHANKARLSSON,202609261753IXZ6J05B,2026_26_sep_02,Citizen Science (ultrasonic) - shared
59~40306+18~07249_20260926_024645.wav,DEV_001_20260926_024645.wav,0,59.40306,18.07249,Phogri,Pholidoptera griseoaptera,Dark Bush-cricket,bush-cricket,0.98,,,26/09/2026,25/09/2026,02:46:45,ClassifEspSWE-0002026-05-29_1,JOHANKARLSSON,202609261753IXZ6J05B,2026_26_sep_02,Citizen Science (ultrasonic) - shared
59~40306+18~07249_20260926_024651.wav,DEV_001_20260926_024651.wav,0,59.40306,18.07249,Phogri,Pholidoptera griseoaptera,Dark Bush-cricket,bush-cricket,0.97,,,26/09/2026,25/09/2026,02:46:51,ClassifEspSWE-0002026-05-29_1,JOHANKARLSSON,202609261753IXZ6J05B,2026_26_sep_02,Citizen Science (ultrasonic) - shared
59~40306+18~07249_20260926_024657.wav,DEV_001_20260926_024657.wav,0,59.40306,18.07249,Phogri,Pholidoptera griseoaptera,Dark Bush-cricket,bush-cricket,0.98,,,26/09/2026,25/09/2026,02:46:57,ClassifEspSWE-0002026-05-29_1,JOHANKARLSSON,202609261753IXZ6J05B,2026_26_sep_02,Citizen Science (ultrasonic) - shared
59~40306+18~07249_20260926_024708.wav,DEV_001_20260926_024708.wav,0,59.40306,18.07249,Phogri,Pholidoptera griseoaptera,Dark Bush-cricket,bush-cricket,0.97,,,26/09/2026,25/09/2026,02:47:08,ClassifEspSWE-0002026-05-29_1,JOHANKARLSSON,202609261753IXZ6J05B,2026_26_sep_02,Citizen Science (ultrasonic) - shared
59~40306+18~07249_20260926_024716.wav,DEV_001_20260926_024716.wav,0,59.40306,18.07249,Phogri,Pholidoptera griseoaptera,Dark Bush-cricket,bush-cricket,0.91,,,26/09/2026,25/09/2026,02:47:16,ClassifEspSWE-0002026-05-29_1,JOHANKARLSSON,202609261753IXZ6J05B,2026_26_sep_02,Citizen Science (ultrasonic) - shared
59~40306+18~07249_20260926_024721.wav,DEV_001_20260926_024721.wav,0,59.40306,18.07249,Phogri,Pholidoptera griseoaptera,Dark Bush-cricket,bush-cricket,0.91,,,26/09/2026,25/09/2026,02:47:21,ClassifEspSWE-0002026-05-29_1,JOHANKARLSSON,202609261753IXZ6J05B,2026_26_sep_02,Citizen Science (ultrasonic) - shared
59~40306+18~07249_20260926_024726.wav,DEV_001_20260926_024726.wav,0,59.40306,18.07249,Phogri,Pholidoptera griseoaptera,Dark Bush-cricket,bush-cricket,0.97,,,26/09/2026,25/09/2026,02:47:26,ClassifEspSWE-0002026-05-29_1,JOHANKARLSSON,202609261753IXZ6J05B,2026_26_sep_02,Citizen Science (ultrasonic) - shared
59~40306+18~07249_20260926_024734.wav,DEV_001_20260926_024734.wav,0,59.40306,18.07249,Phogri,Pholidoptera griseoaptera,Dark Bush-cricket,bush-cricket,0.9,,,26/09/2026,25/09/2026,02:47:34,ClassifEspSWE-0002026-05-29_1,JOHANKARLSSON,202609261753IXZ6J05B,2026_26_sep_02,Citizen Science (ultrasonic) - shared
59~40306+18~07249_20260926_024743.wav,DEV_001_20260926_024743.wav,0,59.40306,18.07249,Phogri,Pholidoptera griseoaptera,Dark Bush-cricket,bush-cricket,0.95,,,26/09/2026,25/09/2026,02:47:43,ClassifEspSWE-0002026-05-29_1,JOHANKARLSSON,202609261753IXZ6J05B,2026_26_sep_02,Citizen Science (ultrasonic) - shared
59~40306+18~07249_20260926_024748.wav,DEV_001_20260926_024748.wav,0,59.40306,18.07249,Phogri,Pholidoptera griseoaptera,Dark Bush-cricket,bush-cricket,0.96,,,26/09/2026,25/09/2026,02:47:48,ClassifEspSWE-0002026-05-29_1,JOHANKARLSSON,202609261753IXZ6J05B,2026_26_sep_02,Citizen Science (ultrasonic) - shared
59~40306+18~07249_20260926_024753.wav,DEV_001_20260926_024753.wav,0,59.40306,18.07249,Phogri,Pholidoptera griseoaptera,Dark Bush-cricket,bush-cricket,0.92,,,26/09/2026,25/09/2026,02:47:53,ClassifEspSWE-0002026-05-29_1,JOHANKARLSSON,202609261753IXZ6J05B,2026_26_sep_02,Citizen Science (ultrasonic) - shared
59~40306+18~07249_20260926_024803.wav,DEV_001_20260926_024803.wav,0,59.40306,18.07249,Phogri,Pholidoptera griseoaptera,Dark Bush-cricket,bush-cricket,0.93,,,26/09/2026,25/09/2026,02:48:03,ClassifEspSWE-0002026-05-29_1,JOHANKARLSSON,202609261753IXZ6J05B,2026_26_sep_02,Citizen Science (ultrasonic) - shared
59~40306+18~07249_20260926_024812.wav,DEV_001_20260926_024812.wav,0,59.40306,18.07249,Phogri,Pholidoptera griseoaptera,Dark Bush-cricket,bush-cricket,0.94,,,26/09/2026,25/09/2026,02:48:12,ClassifEspSWE-0002026-05-29_1,JOHANKARLSSON,202609261753IXZ6J05B,2026_26_sep_02,Citizen Science (ultrasonic) - shared
59~40306+18~07249_20260926_024821.wav,DEV_001_20260926_024821.wav,0,59.40306,18.07249,Phogri,Pholidoptera griseoaptera,Dark Bush-cricket,bush-cricket,0.98,,,26/09/2026,25/09/2026,02:48:21,ClassifEspSWE-0002026-05-29_1,JOHANKARLSSON,202609261753IXZ6J05B,2026_26_sep_02,Citizen Science (ultrasonic) - shared
59~40306+18~07249_20260926_024829.wav,DEV_001_20260926_024829.wav,0,59.40306,18.07249,Phogri,Pholidoptera griseoaptera,Dark Bush-cricket,bush-cricket,0.95,,,26/09/2026,25/09/2026,02:48:29,ClassifEspSWE-0002026-05-29_1,JOHANKARLSSON,202609261753IXZ6J05B,2026_26_sep_02,Citizen Science (ultrasonic) - shared
59~40306+18~07249_20260926_024838.wav,DEV_001_20260926_024838.wav,0,59.40306,18.07249,Phogri,Pholidoptera griseoaptera,Dark Bush-cricket,bush-cricket,0.96,,,26/09/2026,25/09/2026,02:48:38,ClassifEspSWE-0002026-05-29_1,JOHANKARLSSON,202609261753IXZ6J05B,2026_26_sep_02,Citizen Science (ultrasonic) - shared
59~40306+18~07249_20260926_024847.wav,DEV_001_20260926_024847.wav,0,59.40306,18.07249,Phogri,Pholidoptera griseoaptera,Dark Bush-cricket,bush-cricket,0.98,,,26/09/2026,25/09/2026,02:48:47,ClassifEspSWE-0002026-05-29_1,JOHANKARLSSON,202609261753IXZ6J05B,2026_26_sep_02,Citizen Science (ultrasonic) - shared
59~40306+18~07249_20260926_024855.wav,DEV_001_20260926_024855.wav,0,59.40306,18.07249,Phogri,Pholidoptera griseoaptera,Dark Bush-cricket,bush-cricket,0.97,,,26/09/2026,25/09/2026,02:48:55,ClassifEspSWE-0002026-05-29_1,JOHANKARLSSON,202609261753IXZ6J05B,2026_26_sep_02,Citizen Science (ultrasonic) - shared
59~40306+18~07249_20260926_024902.wav,DEV_001_20260926_024902.wav,0,59.40306,18.07249,Phogri,Pholidoptera griseoaptera,Dark Bush-cricket,bush-cricket,0.97,,,26/09/2026,25/09/2026,02:49:02,ClassifEspSWE-0002026-05-29_1,JOHANKARLSSON,202609261753IXZ6J05B,2026_26_sep_02,Citizen Science (ultrasonic) - shared
59~40306+18~07249_20260926_024909.wav,DEV_001_20260926_024909.wav,0,59.40306,18.07249,Phogri,Pholidoptera griseoaptera,Dark Bush-cricket,bush-cricket,0.97,,,26/09/2026,25/09/2026,02:49:09,ClassifEspSWE-0002026-05-29_1,JOHANKARLSSON,202609261753IXZ6J05B,2026_26_sep_02,Citizen Science (ultrasonic) - shared
59~40306+18~07249_20260926_024915.wav,DEV_001_20260926_024915.wav,0,59.40306,18.07249,Phogri,Pholidoptera griseoaptera,Dark Bush-cricket,bush-cricket,0.97,,,26/09/2026,25/09/2026,02:49:15,ClassifEspSWE-0002026-05-29_1,JOHANKARLSSON,202609261753IXZ6J05B,2026_26_sep_02,Citizen Science (ultrasonic) - shared
59~40306+18~07249_20260926_024923.wav,DEV_001_20260926_024923.wav,0,59.40306,18.07249,Phogri,Pholidoptera griseoaptera,Dark Bush-cricket,bush-cricket,0.92,,,26/09/2026,25/09/2026,02:49:23,ClassifEspSWE-0002026-05-29_1,JOHANKARLSSON,202609261753IXZ6J05B,2026_26_sep_02,Citizen Science (ultrasonic) - shared
59~40306+18~07249_20260926_024931.wav,DEV_001_20260926_024931.wav,0,59.40306,18.07249,Phogri,Pholidoptera griseoaptera,Dark Bush-cricket,bush-cricket,0.97,,,26/09/2026,25/09/2026,02:49:31,ClassifEspSWE-0002026-05-29_1,JOHANKARLSSON,202609261753IXZ6J05B,2026_26_sep_02,Citizen Science (ultrasonic) - shared
59~40306+18~07249_20260926_024939.wav,DEV_001_20260926_024939.wav,0,59.40306,18.07249,Phogri,Pholidoptera griseoaptera,Dark Bush-cricket,bush-cricket,0.94,,,26/09/2026,25/09/2026,02:49:39,ClassifEspSWE-0002026-05-29_1,JOHANKARLSSON,202609261753IXZ6J05B,2026_26_sep_02,Citizen Science (ultrasonic) - shared
59~40306+18~07249_20260926_024947.wav,DEV_001_20260926_024947.wav,0,59.40306,18.07249,Phogri,Pholidoptera griseoaptera,Dark Bush-cricket,bush-cricket,0.97,,,26/09/2026,25/09/2026,02:49:47,ClassifEspSWE-0002026-05-29_1,JOHANKARLSSON,202609261753IXZ6J05B,2026_26_sep_02,Citizen Science (ultrasonic) - shared
59~40306+18~07249_20260926_024956.wav,DEV_001_20260926_024956.wav,0,59.40306,18.07249,Phogri,Pholidoptera griseoaptera,Dark Bush-cricket,bush-cricket,0.84,,,26/09/2026,25/09/2026,02:49:56,ClassifEspSWE-0002026-05-29_1,JOHANKARLSSON,202609261753IXZ6J05B,2026_26_sep_02,Citizen Science (ultrasonic) - shared
59~40306+18~07249_20260926_025003.wav,DEV_001_20260926_025003.wav,0,59.40306,18.07249,Phogri,Pholidoptera griseoaptera,Dark Bush-cricket,bush-cricket,0.96,,,26/09/2026,25/09/2026,02:50:03,ClassifEspSWE-0002026-05-29_1,JOHANKARLSSON,202609261753IXZ6J05B,2026_26_sep_02,Citizen Science (ultrasonic) - shared
59~40306+18~07249_20260926_025011.wav,DEV_001_20260926_025011.wav,0,59.40306,18.07249,Phogri,Pholidoptera griseoaptera,Dark Bush-cricket,bush-cricket,0.95,,,26/09/2026,25/09/2026,02:50:11,ClassifEspSWE-0002026-05-29_1,JOHANKARLSSON,202609261753IXZ6J05B,2026_26_sep_02,Citizen Science (ultrasonic) - shared
59~40306+18~07249_20260926_025021.wav,DEV_001_20260926_025021.wav,0,59.40306,18.07249,Phogri,Pholidoptera griseoaptera,Dark Bush-cricket,bush-cricket,0.96,,,26/09/2026,25/09/2026,02:50:21,ClassifEspSWE-0002026-05-29_1,JOHANKARLSSON,202609261753IXZ6J05B,2026_26_sep_02,Citizen Science (ultrasonic) - shared
59~40306+18~07249_20260926_025028.wav,DEV_001_20260926_025028.wav,0,59.40306,18.07249,Phogri,Pholidoptera griseoaptera,Dark Bush-cricket,bush-cricket,0.92,,,26/09/2026,25/09/2026,02:50:28,ClassifEspSWE-0002026-05-29_1,JOHANKARLSSON,202609261753IXZ6J05B,2026_26_sep_02,Citizen Science (ultrasonic) - shared
59~40306+18~07249_20260926_025037.wav,DEV_001_20260926_025037.wav,0,59.40306,18.07249,Phogri,Pholidoptera griseoaptera,Dark Bush-cricket,bush-cricket,0.98,,,26/09/2026,25/09/2026,02:50:37,ClassifEspSWE-0002026-05-29_1,JOHANKARLSSON,202609261753IXZ6J05B,2026_26_sep_02,Citizen Science (ultrasonic) - shared
59~40306+18~07249_20260926_025045.wav,DEV_001_20260926_025045.wav,0,59.40306,18.07249,Phogri,Pholidoptera griseoaptera,Dark Bush-cricket,bush-cricket,0.91,,,26/09/2026,25/09/2026,02:50:45,ClassifEspSWE-0002026-05-29_1,JOHANKARLSSON,202609261753IXZ6J05B,2026_26_sep_02,Citizen Science (ultrasonic) - shared
59~40306+18~07249_20260926_025053.wav,DEV_001_20260926_025053.wav,0,59.40306,18.07249,Phogri,Pholidoptera griseoaptera,Dark Bush-cricket,bush-cricket,0.95,,,26/09/2026,25/09/2026,02:50:53,ClassifEspSWE-0002026-05-29_1,JOHANKARLSSON,202609261753IXZ6J05B,2026_26_sep_02,Citizen Science (ultrasonic) - shared
59~40306+18~07249_20260926_025058.wav,DEV_001_20260926_025058.wav,0,59.40306,18.07249,Phogri,Pholidoptera griseoaptera,Dark Bush-cricket,bush-cricket,0.94,,,26/09/2026,25/09/2026,02:50:58,ClassifEspSWE-0002026-05-29_1,JOHANKARLSSON,202609261753IXZ6J05B,2026_26_sep_02,Citizen Science (ultrasonic) - shared
59~40306+18~07249_20260926_025108.wav,DEV_001_20260926_025108.wav,0,59.40306,18.07249,Phogri,Pholidoptera griseoaptera,Dark Bush-cricket,bush-cricket,0.97,,,26/09/2026,25/09/2026,02:51:08,ClassifEspSWE-0002026-05-29_1,JOHANKARLSSON,202609261753IXZ6J05B,2026_26_sep_02,Citizen Science (ultrasonic) - shared
59~40306+18~07249_20260926_025116.wav,DEV_001_20260926_025116.wav,0,59.40306,18.07249,Phogri,Pholidoptera griseoaptera,Dark Bush-cricket,bush-cricket,0.94,,,26/09/2026,25/09/2026,02:51:16,ClassifEspSWE-0002026-05-29_1,JOHANKARLSSON,202609261753IXZ6J05B,2026_26_sep_02,Citizen Science (ultrasonic) - shared
59~40306+18~07249_20260926_025129.wav,DEV_001_20260926_025129.wav,0,59.40306,18.07249,Phogri,Pholidoptera griseoaptera,Dark Bush-cricket,bush-cricket,0.95,,,26/09/2026,25/09/2026,02:51:29,ClassifEspSWE-0002026-05-29_1,JOHANKARLSSON,202609261753IXZ6J05B,2026_26_sep_02,Citizen Science (ultrasonic) - shared
59~40306+18~07249_20260926_025137.wav,DEV_001_20260926_025137.wav,0,59.40306,18.07249,Phogri,Pholidoptera griseoaptera,Dark Bush-cricket,bush-cricket,0.98,,,26/09/2026,25/09/2026,02:51:37,ClassifEspSWE-0002026-05-29_1,JOHANKARLSSON,202609261753IXZ6J05B,2026_26_sep_02,Citizen Science (ultrasonic) - shared
59~40306+18~07249_20260926_025144.wav,DEV_001_20260926_025144.wav,0,59.40306,18.07249,Phogri,Pholidoptera griseoaptera,Dark Bush-cricket,bush-cricket,0.99,,,26/09/2026,25/09/2026,02:51:44,ClassifEspSWE-0002026-05-29_1,JOHANKARLSSON,202609261753IXZ6J05B,2026_26_sep_02,Citizen Science (ultrasonic) - shared
59~40306+18~07249_20260926_025152.wav,DEV_001_20260926_025152.wav,0,59.40306,18.07249,Phogri,Pholidoptera griseoaptera,Dark Bush-cricket,bush-cricket,0.98,,,26/09/2026,25/09/2026,02:51:52,ClassifEspSWE-0002026-05-29_1,JOHANKARLSSON,202609261753IXZ6J05B,2026_26_sep_02,Citizen Science (ultrasonic) - shared
59~40306+18~07249_20260926_025200.wav,DEV_001_20260926_025200.wav,0,59.40306,18.07249,Phogri,Pholidoptera griseoaptera,Dark Bush-cricket,bush-cricket,0.94,,,26/09/2026,25/09/2026,02:52:00,ClassifEspSWE-0002026-05-29_1,JOHANKARLSSON,202609261753IXZ6J05B,2026_26_sep_02,Citizen Science (ultrasonic) - shared
59~40306+18~07249_20260926_025209.wav,DEV_001_20260926_025209.wav,0,59.40306,18.07249,Phogri,Pholidoptera griseoaptera,Dark Bush-cricket,bush-cricket,0.96,,,26/09/2026,25/09/2026,02:52:09,ClassifEspSWE-0002026-05-29_1,JOHANKARLSSON,202609261753IXZ6J05B,2026_26_sep_02,Citizen Science (ultrasonic) - shared
59~40306+18~07249_20260926_025215.wav,DEV_001_20260926_025215.wav,0,59.40306,18.07249,Phogri,Pholidoptera griseoaptera,Dark Bush-cricket,bush-cricket,0.96,,,26/09/2026,25/09/2026,02:52:15,ClassifEspSWE-0002026-05-29_1,JOHANKARLSSON,202609261753IXZ6J05B,2026_26_sep_02,Citizen Science (ultrasonic) - shared
59~40306+18~07249_20260926_025222.wav,DEV_001_20260926_025222.wav,0,59.40306,18.07249,Phogri,Pholidoptera griseoaptera,Dark Bush-cricket,bush-cricket,0.97,,,26/09/2026,25/09/2026,02:52:22,ClassifEspSWE-0002026-05-29_1,JOHANKARLSSON,202609261753IXZ6J05B,2026_26_sep_02,Citizen Science (ultrasonic) - shared
59~40306+18~07249_20260926_025229.wav,DEV_001_20260926_025229.wav,0,59.40306,18.07249,Phogri,Pholidoptera griseoaptera,Dark Bush-cricket,bush-cricket,0.95,,,26/09/2026,25/09/2026,02:52:29,ClassifEspSWE-0002026-05-29_1,JOHANKARLSSON,202609261753IXZ6J05B,2026_26_sep_02,Citizen Science (ultrasonic) - shared
59~40306+18~07249_20260926_025234.wav,DEV_001_20260926_025234.wav,0,59.40306,18.07249,Phogri,Pholidoptera griseoaptera,Dark Bush-cricket,bush-cricket,0.97,,,26/09/2026,25/09/2026,02:52:34,ClassifEspSWE-0002026-05-29_1,JOHANKARLSSON,202609261753IXZ6J05B,2026_26_sep_02,Citizen Science (ultrasonic) - shared
59~40306+18~07249_20260926_025241.wav,DEV_001_20260926_025241.wav,0,59.40306,18.07249,Phogri,Pholidoptera griseoaptera,Dark Bush-cricket,bush-cricket,0.96,,,26/09/2026,25/09/2026,02:52:41,ClassifEspSWE-0002026-05-29_1,JOHANKARLSSON,202609261753IXZ6J05B,2026_26_sep_02,Citizen Science (ultrasonic) - shared
59~40306+18~07249_20260926_025247.wav,DEV_001_20260926_025247.wav,0,59.40306,18.07249,Phogri,Pholidoptera griseoaptera,Dark Bush-cricket,bush-cricket,0.98,,,26/09/2026,25/09/2026,02:52:47,ClassifEspSWE-0002026-05-29_1,JOHANKARLSSON,202609261753IXZ6J05B,2026_26_sep_02,Citizen Science (ultrasonic) - shared
59~40306+18~07249_20260926_025302.wav,DEV_001_20260926_025302.wav,0,59.40306,18.07249,Phogri,Pholidoptera griseoaptera,Dark Bush-cricket,bush-cricket,0.87,,,26/09/2026,25/09/2026,02:53:02,ClassifEspSWE-0002026-05-29_1,JOHANKARLSSON,202609261753IXZ6J05B,2026_26_sep_02,Citizen Science (ultrasonic) - shared
59~40306+18~07249_20260926_025307.wav,DEV_001_20260926_025307.wav,0,59.40306,18.07249,Phogri,Pholidoptera griseoaptera,Dark Bush-cricket,bush-cricket,0.97,,,26/09/2026,25/09/2026,02:53:07,ClassifEspSWE-0002026-05-29_1,JOHANKARLSSON,202609261753IXZ6J05B,2026_26_sep_02,Citizen Science (ultrasonic) - shared
59~40306+18~07249_20260926_025313.wav,DEV_001_20260926_025313.wav,0,59.40306,18.07249,Phogri,Pholidoptera griseoaptera,Dark Bush-cricket,bush-cricket,0.97,,,26/09/2026,25/09/2026,02:53:13,ClassifEspSWE-0002026-05-29_1,JOHANKARLSSON,202609261753IXZ6J05B,2026_26_sep_02,Citizen Science (ultrasonic) - shared
59~40306+18~07249_20260926_025320.wav,DEV_001_20260926_025320.wav,0,59.40306,18.07249,Phogri,Pholidoptera griseoaptera,Dark Bush-cricket,bush-cricket,0.96,,,26/09/2026,25/09/2026,02:53:20,ClassifEspSWE-0002026-05-29_1,JOHANKARLSSON,202609261753IXZ6J05B,2026_26_sep_02,Citizen Science (ultrasonic) - shared
59~40306+18~07249_20260926_025330.wav,DEV_001_20260926_025330.wav,0,59.40306,18.07249,Phogri,Pholidoptera griseoaptera,Dark Bush-cricket,bush-cricket,0.97,,,26/09/2026,25/09/2026,02:53:30,ClassifEspSWE-0002026-05-29_1,JOHANKARLSSON,202609261753IXZ6J05B,2026_26_sep_02,Citizen Science (ultrasonic) - shared
59~40306+18~07249_20260926_025341.wav,DEV_001_20260926_025341.wav,0,59.40306,18.07249,Phogri,Pholidoptera griseoaptera,Dark Bush-cricket,bush-cricket,0.97,,,26/09/2026,25/09/2026,02:53:41,ClassifEspSWE-0002026-05-29_1,JOHANKARLSSON,202609261753IXZ6J05B,2026_26_sep_02,Citizen Science (ultrasonic) - shared
59~40306+18~07249_20260926_025348.wav,DEV_001_20260926_025348.wav,0,59.40306,18.07249,Phogri,Pholidoptera griseoaptera,Dark Bush-cricket,bush-cricket,0.95,,,26/09/2026,25/09/2026,02:53:48,ClassifEspSWE-0002026-05-29_1,JOHANKARLSSON,202609261753IXZ6J05B,2026_26_sep_02,Citizen Science (ultrasonic) - shared
59~40306+18~07249_20260926_025357.wav,DEV_001_20260926_025357.wav,0,59.40306,18.07249,Phogri,Pholidoptera griseoaptera,Dark Bush-cricket,bush-cricket,0.94,,,26/09/2026,25/09/2026,02:53:57,ClassifEspSWE-0002026-05-29_1,JOHANKARLSSON,202609261753IXZ6J05B,2026_26_sep_02,Citizen Science (ultrasonic) - shared
59~40306+18~07249_20260926_025405.wav,DEV_001_20260926_025405.wav,0,59.40306,18.07249,Phogri,Pholidoptera griseoaptera,Dark Bush-cricket,bush-cricket,0.97,,,26/09/2026,25/09/2026,02:54:05,ClassifEspSWE-0002026-05-29_1,JOHANKARLSSON,202609261753IXZ6J05B,2026_26_sep_02,Citizen Science (ultrasonic) - shared
59~40306+18~07249_20260926_025414.wav,DEV_001_20260926_025414.wav,0,59.40306,18.07249,Phogri,Pholidoptera griseoaptera,Dark Bush-cricket,bush-cricket,0.98,,,26/09/2026,25/09/2026,02:54:14,ClassifEspSWE-0002026-05-29_1,JOHANKARLSSON,202609261753IXZ6J05B,2026_26_sep_02,Citizen Science (ultrasonic) - shared
59~40306+18~07249_20260926_025421.wav,DEV_001_20260926_025421.wav,0,59.40306,18.07249,Phogri,Pholidoptera griseoaptera,Dark Bush-cricket,bush-cricket,0.91,,,26/09/2026,25/09/2026,02:54:21,ClassifEspSWE-0002026-05-29_1,JOHANKARLSSON,202609261753IXZ6J05B,2026_26_sep_02,Citizen Science (ultrasonic) - shared
59~40306+18~07249_20260926_025429.wav,DEV_001_20260926_025429.wav,0,59.40306,18.07249,Phogri,Pholidoptera griseoaptera,Dark Bush-cricket,bush-cricket,0.98,,,26/09/2026,25/09/2026,02:54:29,ClassifEspSWE-0002026-05-29_1,JOHANKARLSSON,202609261753IXZ6J05B,2026_26_sep_02,Citizen Science (ultrasonic) - shared
59~40306+18~07249_20260926_025438.wav,DEV_001_20260926_025438.wav,0,59.40306,18.07249,Phogri,Pholidoptera griseoaptera,Dark Bush-cricket,bush-cricket,0.95,,,26/09/2026,25/09/2026,02:54:38,ClassifEspSWE-0002026-05-29_1,JOHANKARLSSON,202609261753IXZ6J05B,2026_26_sep_02,Citizen Science (ultrasonic) - shared
59~40306+18~07249_20260926_025447.wav,DEV_001_20260926_025447.wav,0,59.40306,18.07249,Phogri,Pholidoptera griseoaptera,Dark Bush-cricket,bush-cricket,0.93,,,26/09/2026,25/09/2026,02:54:47,ClassifEspSWE-0002026-05-29_1,JOHANKARLSSON,202609261753IXZ6J05B,2026_26_sep_02,Citizen Science (ultrasonic) - shared
59~40306+18~07249_20260926_025456.wav,DEV_001_20260926_025456.wav,0,59.40306,18.07249,Phogri,Pholidoptera griseoaptera,Dark Bush-cricket,bush-cricket,0.95,,,26/09/2026,25/09/2026,02:54:56,ClassifEspSWE-0002026-05-29_1,JOHANKARLSSON,202609261753IXZ6J05B,2026_26_sep_02,Citizen Science (ultrasonic) - shared
59~40306+18~07249_20260926_025504.wav,DEV_001_20260926_025504.wav,0,59.40306,18.07249,Phogri,Pholidoptera griseoaptera,Dark Bush-cricket,bush-cricket,0.97,,,26/09/2026,25/09/2026,02:55:04,ClassifEspSWE-0002026-05-29_1,JOHANKARLSSON,202609261753IXZ6J05B,2026_26_sep_02,Citizen Science (ultrasonic) - shared
59~40306+18~07249_20260926_025513.wav,DEV_001_20260926_025513.wav,0,59.40306,18.07249,Phogri,Pholidoptera griseoaptera,Dark Bush-cricket,bush-cricket,0.96,,,26/09/2026,25/09/2026,02:55:13,ClassifEspSWE-0002026-05-29_1,JOHANKARLSSON,202609261753IXZ6J05B,2026_26_sep_02,Citizen Science (ultrasonic) - shared
59~40306+18~07249_20260926_025521.wav,DEV_001_20260926_025521.wav,0,59.40306,18.07249,Phogri,Pholidoptera griseoaptera,Dark Bush-cricket,bush-cricket,0.95,,,26/09/2026,25/09/2026,02:55:21,ClassifEspSWE-0002026-05-29_1,JOHANKARLSSON,202609261753IXZ6J05B,2026_26_sep_02,Citizen Science (ultrasonic) - shared
59~40306+18~07249_20260926_025530.wav,DEV_001_20260926_025530.wav,0,59.40306,18.07249,Phogri,Pholidoptera griseoaptera,Dark Bush-cricket,bush-cricket,0.98,,,26/09/2026,25/09/2026,02:55:30,ClassifEspSWE-0002026-05-29_1,JOHANKARLSSON,202609261753IXZ6J05B,2026_26_sep_02,Citizen Science (ultrasonic) - shared
59~40306+18~07249_20260926_025537.wav,DEV_001_20260926_025537.wav,0,59.40306,18.07249,Phogri,Pholidoptera griseoaptera,Dark Bush-cricket,bush-cricket,0.96,,,26/09/2026,25/09/2026,02:55:37,ClassifEspSWE-0002026-05-29_1,JOHANKARLSSON,202609261753IXZ6J05B,2026_26_sep_02,Citizen Science (ultrasonic) - shared
59~40306+18~07249_20260926_025545.wav,DEV_001_20260926_025545.wav,0,59.40306,18.07249,Phogri,Pholidoptera griseoaptera,Dark Bush-cricket,bush-cricket,0.89,,,26/09/2026,25/09/2026,02:55:45,ClassifEspSWE-0002026-05-29_1,JOHANKARLSSON,202609261753IXZ6J05B,2026_26_sep_02,Citizen Science (ultrasonic) - shared
59~40306+18~07249_20260926_025552.wav,DEV_001_20260926_025552.wav,0,59.40306,18.07249,Phogri,Pholidoptera griseoaptera,Dark Bush-cricket,bush-cricket,0.98,,,26/09/2026,25/09/2026,02:55:52,ClassifEspSWE-0002026-05-29_1,JOHANKARLSSON,202609261753IXZ6J05B,2026_26_sep_02,Citizen Science (ultrasonic) - shared
59~40306+18~07249_20260926_025600.wav,DEV_001_20260926_025600.wav,0,59.40306,18.07249,Phogri,Pholidoptera griseoaptera,Dark Bush-cricket,bush-cricket,0.98,,,26/09/2026,25/09/2026,02:56:00,ClassifEspSWE-0002026-05-29_1,JOHANKARLSSON,202609261753IXZ6J05B,2026_26_sep_02,Citizen Science (ultrasonic) - shared
59~40306+18~07249_20260926_025607.wav,DEV_001_20260926_025607.wav,0,59.40306,18.07249,Phogri,Pholidoptera griseoaptera,Dark Bush-cricket,bush-cricket,0.81,,,26/09/2026,25/09/2026,02:56:07,ClassifEspSWE-0002026-05-29_1,JOHANKARLSSON,202609261753IXZ6J05B,2026_26_sep_02,Citizen Science (ultrasonic) - shared
59~40306+18~07249_20260926_025613.wav,DEV_001_20260926_025613.wav,0,59.40306,18.07249,Phogri,Pholidoptera griseoaptera,Dark Bush-cricket,bush-cricket,0.94,,,26/09/2026,25/09/2026,02:56:13,ClassifEspSWE-0002026-05-29_1,JOHANKARLSSON,202609261753IXZ6J05B,2026_26_sep_02,Citizen Science (ultrasonic) - shared
59~40306+18~07249_20260926_025620.wav,DEV_001_20260926_025620.wav,0,59.40306,18.07249,Phogri,Pholidoptera griseoaptera,Dark Bush-cricket,bush-cricket,0.98,,,26/09/2026,25/09/2026,02:56:20,ClassifEspSWE-0002026-05-29_1,JOHANKARLSSON,202609261753IXZ6J05B,2026_26_sep_02,Citizen Science (ultrasonic) - shared
59~40306+18~07249_20260926_025626.wav,DEV_001_20260926_025626.wav,0,59.40306,18.07249,Phogri,Pholidoptera griseoaptera,Dark Bush-cricket,bush-cricket,0.96,,,26/09/2026,25/09/2026,02:56:26,ClassifEspSWE-0002026-05-29_1,JOHANKARLSSON,202609261753IXZ6J05B,2026_26_sep_02,Citizen Science (ultrasonic) - shared
59~40306+18~07249_20260926_025635.wav,DEV_001_20260926_025635.wav,0,59.40306,18.07249,Phogri,Pholidoptera griseoaptera,Dark Bush-cricket,bush-cricket,0.98,,,26/09/2026,25/09/2026,02:56:35,ClassifEspSWE-0002026-05-29_1,JOHANKARLSSON,202609261753IXZ6J05B,2026_26_sep_02,Citizen Science (ultrasonic) - shared
59~40306+18~07249_20260926_025642.wav,DEV_001_20260926_025642.wav,0,59.40306,18.07249,Phogri,Pholidoptera griseoaptera,Dark Bush-cricket,bush-cricket,0.92,,,26/09/2026,25/09/2026,02:56:42,ClassifEspSWE-0002026-05-29_1,JOHANKARLSSON,202609261753IXZ6J05B,2026_26_sep_02,Citizen Science (ultrasonic) - shared
59~40306+18~07249_20260926_025649.wav,DEV_001_20260926_025649.wav,0,59.40306,18.07249,Phogri,Pholidoptera griseoaptera,Dark Bush-cricket,bush-cricket,0.91,,,26/09/2026,25/09/2026,02:56:49,ClassifEspSWE-0002026-05-29_1,JOHANKARLSSON,202609261753IXZ6J05B,2026_26_sep_02,Citizen Science (ultrasonic) - shared
59~40306+18~07249_20260926_025656.wav,DEV_001_20260926_025656.wav,0,59.40306,18.07249,Phogri,Pholidoptera griseoaptera,Dark Bush-cricket,bush-cricket,0.93,,,26/09/2026,25/09/2026,02:56:56,ClassifEspSWE-0002026-05-29_1,JOHANKARLSSON,202609261753IXZ6J05B,2026_26_sep_02,Citizen Science (ultrasonic) - shared
59~40306+18~07249_20260926_025704.wav,DEV_001_20260926_025704.wav,0,59.40306,18.07249,Phogri,Pholidoptera griseoaptera,Dark Bush-cricket,bush-cricket,0.95,,,26/09/2026,25/09/2026,02:57:04,ClassifEspSWE-0002026-05-29_1,JOHANKARLSSON,202609261753IXZ6J05B,2026_26_sep_02,Citizen Science (ultrasonic) - shared
59~40306+18~07249_20260926_025711.wav,DEV_001_20260926_025711.wav,0,59.40306,18.07249,Phogri,Pholidoptera griseoaptera,Dark Bush-cricket,bush-cricket,0.95,,,26/09/2026,25/09/2026,02:57:11,ClassifEspSWE-0002026-05-29_1,JOHANKARLSSON,202609261753IXZ6J05B,2026_26_sep_02,Citizen Science (ultrasonic) - shared
59~40306+18~07249_20260926_025718.wav,DEV_001_20260926_025718.wav,0,59.40306,18.07249,Phogri,Pholidoptera griseoaptera,Dark Bush-cricket,bush-cricket,0.97,,,26/09/2026,25/09/2026,02:57:18,ClassifEspSWE-0002026-05-29_1,JOHANKARLSSON,202609261753IXZ6J05B,2026_26_sep_02,Citizen Science (ultrasonic) - shared
59~40306+18~07249_20260926_025724.wav,DEV_001_20260926_025724.wav,0,59.40306,18.07249,Phogri,Pholidoptera griseoaptera,Dark Bush-cricket,bush-cricket,0.95,,,26/09/2026,25/09/2026,02:57:24,ClassifEspSWE-0002026-05-29_1,JOHANKARLSSON,202609261753IXZ6J05B,2026_26_sep_02,Citizen Science (ultrasonic) - shared
59~40306+18~07249_20260926_025731.wav,DEV_001_20260926_025731.wav,0,59.40306,18.07249,Phogri,Pholidoptera griseoaptera,Dark Bush-cricket,bush-cricket,0.95,,,26/09/2026,25/09/2026,02:57:31,ClassifEspSWE-0002026-05-29_1,JOHANKARLSSON,202609261753IXZ6J05B,2026_26_sep_02,Citizen Science (ultrasonic) - shared
59~40306+18~07249_20260926_025740.wav,DEV_001_20260926_025740.wav,0,59.40306,18.07249,Phogri,Pholidoptera griseoaptera,Dark Bush-cricket,bush-cricket,0.91,,,26/09/2026,25/09/2026,02:57:40,ClassifEspSWE-0002026-05-29_1,JOHANKARLSSON,202609261753IXZ6J05B,2026_26_sep_02,Citizen Science (ultrasonic) - shared
59~40306+18~07249_20260926_025747.wav,DEV_001_20260926_025747.wav,0,59.40306,18.07249,Phogri,Pholidoptera griseoaptera,Dark Bush-cricket,bush-cricket,0.97,,,26/09/2026,25/09/2026,02:57:47,ClassifEspSWE-0002026-05-29_1,JOHANKARLSSON,202609261753IXZ6J05B,2026_26_sep_02,Citizen Science (ultrasonic) - shared
59~40306+18~07249_20260926_025753.wav,DEV_001_20260926_025753.wav,0,59.40306,18.07249,Phogri,Pholidoptera griseoaptera,Dark Bush-cricket,bush-cricket,0.97,,,26/09/2026,25/09/2026,02:57:53,ClassifEspSWE-0002026-05-29_1,JOHANKARLSSON,202609261753IXZ6J05B,2026_26_sep_02,Citizen Science (ultrasonic) - shared
59~40306+18~07249_20260926_025802.wav,DEV_001_20260926_025802.wav,0,59.40306,18.07249,Phogri,Pholidoptera griseoaptera,Dark Bush-cricket,bush-cricket,0.94,,,26/09/2026,25/09/2026,02:58:02,ClassifEspSWE-0002026-05-29_1,JOHANKARLSSON,202609261753IXZ6J05B,2026_26_sep_02,Citizen Science (ultrasonic) - shared
59~40306+18~07249_20260926_025811.wav,DEV_001_20260926_025811.wav,0,59.40306,18.07249,Phogri,Pholidoptera griseoaptera,Dark Bush-cricket,bush-cricket,0.95,,,26/09/2026,25/09/2026,02:58:11,ClassifEspSWE-0002026-05-29_1,JOHANKARLSSON,202609261753IXZ6J05B,2026_26_sep_02,Citizen Science (ultrasonic) - shared
59~40306+18~07249_20260926_025818.wav,DEV_001_20260926_025818.wav,0,59.40306,18.07249,Phogri,Pholidoptera griseoaptera,Dark Bush-cricket,bush-cricket,0.91,,,26/09/2026,25/09/2026,02:58:18,ClassifEspSWE-0002026-05-29_1,JOHANKARLSSON,202609261753IXZ6J05B,2026_26_sep_02,Citizen Science (ultrasonic) - shared
59~40306+18~07249_20260926_025826.wav,DEV_001_20260926_025826.wav,0,59.40306,18.07249,Phogri,Pholidoptera griseoaptera,Dark Bush-cricket,bush-cricket,0.95,,,26/09/2026,25/09/2026,02:58:26,ClassifEspSWE-0002026-05-29_1,JOHANKARLSSON,202609261753IXZ6J05B,2026_26_sep_02,Citizen Science (ultrasonic) - shared
59~40306+18~07249_20260926_025834.wav,DEV_001_20260926_025834.wav,0,59.40306,18.07249,Phogri,Pholidoptera griseoaptera,Dark Bush-cricket,bush-cricket,0.98,,,26/09/2026,25/09/2026,02:58:34,ClassifEspSWE-0002026-05-29_1,JOHANKARLSSON,202609261753IXZ6J05B,2026_26_sep_02,Citizen Science (ultrasonic) - shared
59~40306+18~07249_20260926_025843.wav,DEV_001_20260926_025843.wav,0,59.40306,18.07249,Phogri,Pholidoptera griseoaptera,Dark Bush-cricket,bush-cricket,0.94,,,26/09/2026,25/09/2026,02:58:43,ClassifEspSWE-0002026-05-29_1,JOHANKARLSSON,202609261753IXZ6J05B,2026_26_sep_02,Citizen Science (ultrasonic) - shared
59~40306+18~07249_20260926_025851.wav,DEV_001_20260926_025851.wav,0,59.40306,18.07249,Phogri,Pholidoptera griseoaptera,Dark Bush-cricket,bush-cricket,0.88,,,26/09/2026,25/09/2026,02:58:51,ClassifEspSWE-0002026-05-29_1,JOHANKARLSSON,202609261753IXZ6J05B,2026_26_sep_02,Citizen Science (ultrasonic) - shared
59~40306+18~07249_20260926_025859.wav,DEV_001_20260926_025859.wav,0,59.40306,18.07249,Phogri,Pholidoptera griseoaptera,Dark Bush-cricket,bush-cricket,0.96,,,26/09/2026,25/09/2026,02:58:59,ClassifEspSWE-0002026-05-29_1,JOHANKARLSSON,202609261753IXZ6J05B,2026_26_sep_02,Citizen Science (ultrasonic) - shared
59~40306+18~07249_20260926_025907.wav,DEV_001_20260926_025907.wav,0,59.40306,18.07249,Phogri,Pholidoptera griseoaptera,Dark Bush-cricket,bush-cricket,0.97,,,26/09/2026,25/09/2026,02:59:07,ClassifEspSWE-0002026-05-29_1,JOHANKARLSSON,202609261753IXZ6J05B,2026_26_sep_02,Citizen Science (ultrasonic) - shared
59~40306+18~07249_20260926_025916.wav,DEV_001_20260926_025916.wav,0,59.40306,18.07249,Phogri,Pholidoptera griseoaptera,Dark Bush-cricket,bush-cricket,0.97,,,26/09/2026,25/09/2026,02:59:16,ClassifEspSWE-0002026-05-29_1,JOHANKARLSSON,202609261753IXZ6J05B,2026_26_sep_02,Citizen Science (ultrasonic) - shared
59~40306+18~07249_20260926_025921.wav,DEV_001_20260926_025921.wav,0,59.40306,18.07249,Phogri,Pholidoptera griseoaptera,Dark Bush-cricket,bush-cricket,0.91,,,26/09/2026,25/09/2026,02:59:21,ClassifEspSWE-0002026-05-29_1,JOHANKARLSSON,202609261753IXZ6J05B,2026_26_sep_02,Citizen Science (ultrasonic) - shared
59~40306+18~07249_20260926_025929.wav,DEV_001_20260926_025929.wav,0,59.40306,18.07249,Phogri,Pholidoptera griseoaptera,Dark Bush-cricket,bush-cricket,0.98,,,26/09/2026,25/09/2026,02:59:29,ClassifEspSWE-0002026-05-29_1,JOHANKARLSSON,202609261753IXZ6J05B,2026_26_sep_02,Citizen Science (ultrasonic) - shared
59~40306+18~07249_20260926_025935.wav,DEV_001_20260926_025935.wav,0,59.40306,18.07249,Phogri,Pholidoptera griseoaptera,Dark Bush-cricket,bush-cricket,0.9,,,26/09/2026,25/09/2026,02:59:35,ClassifEspSWE-0002026-05-29_1,JOHANKARLSSON,202609261753IXZ6J05B,2026_26_sep_02,Citizen Science (ultrasonic) - shared
59~40306+18~07249_20260926_025943.wav,DEV_001_20260926_025943.wav,0,59.40306,18.07249,Phogri,Pholidoptera griseoaptera,Dark Bush-cricket,bush-cricket,0.98,,,26/09/2026,25/09/2026,02:59:43,ClassifEspSWE-0002026-05-29_1,JOHANKARLSSON,202609261753IXZ6J05B,2026_26_sep_02,Citizen Science (ultrasonic) - shared
59~40306+18~07249_20260926_025950.wav,DEV_001_20260926_025950.wav,0,59.40306,18.07249,Phogri,Pholidoptera griseoaptera,Dark Bush-cricket,bush-cricket,0.91,,,26/09/2026,25/09/2026,02:59:50,ClassifEspSWE-0002026-05-29_1,JOHANKARLSSON,202609261753IXZ6J05B,2026_26_sep_02,Citizen Science (ultrasonic) - shared
59~40306+18~07249_20260926_025958.wav,DEV_001_20260926_025958.wav,0,59.40306,18.07249,Phogri,Pholidoptera griseoaptera,Dark Bush-cricket,bush-cricket,0.92,,,26/09/2026,25/09/2026,02:59:58,ClassifEspSWE-0002026-05-29_1,JOHANKARLSSON,202609261753IXZ6J05B,2026_26_sep_02,Citizen Science (ultrasonic) - shared