RECORDING FILE NAME,ORIGINAL FILE NAME,ORIGINAL FILE PART,LATITUDE,LONGITUDE,SPECIES,SCIENTIFIC NAME,ENGLISH NAME,SPECIES GROUP,PROBABILITY,WARNINGS,CALL TYPE,ACTUAL DATE,SURVEY DATE,TIME,CLASSIFIER NAME,USER ID,UPLOAD KEY,BATCH NAME,PROJECT NAME
59~40306+18~07249_20260926_010056.wav,DEV_001_20260926_010056.wav,0,59.40306,18.07249,bird,Aves sp.,Unidentified bird,bird,0.16,Low confidence,,26/09/2026,25/09/2026,01:00:56,ClassifEspSWE-0002026-05-29_1,JOHANKARLSSON,202609261752HZWP6EHC,2026_26_sep_01,Citizen Science (ultrasonic) - shared
59~40306+18~07249_20260926_010734.wav,DEV_001_20260926_010734.wav,0,59.40306,18.07249,bird,Aves sp.,Unidentified bird,bird,0.15,Low confidence,,26/09/2026,25/09/2026,01:07:34,ClassifEspSWE-0002026-05-29_1,JOHANKARLSSON,202609261752HZWP6EHC,2026_26_sep_01,Citizen Science (ultrasonic) - shared
59~40306+18~07249_20260926_012548.wav,DEV_001_20260926_012548.wav,0,59.40306,18.07249,bird,Aves sp.,Unidentified bird,bird,0.15,Low confidence,,26/09/2026,25/09/2026,01:25:48,ClassifEspSWE-0002026-05-29_1,JOHANKARLSSON,202609261752HZWP6EHC,2026_26_sep_01,Citizen Science (ultrasonic) - shared
59~40306+18~07249_20260926_010002.wav,DEV_001_20260926_010002.wav,0,59.40306,18.07249,Leppun,Leptophyes punctatissima,Speckled Bush-cricket,bush-cricket,0.99,,,26/09/2026,25/09/2026,01:00:02,ClassifEspSWE-0002026-05-29_1,JOHANKARLSSON,202609261752HZWP6EHC,2026_26_sep_01,Citizen Science (ultrasonic) - shared
59~40306+18~07249_20260926_010007.wav,DEV_001_20260926_010007.wav,0,59.40306,18.07249,Leppun,Leptophyes punctatissima,Speckled Bush-cricket,bush-cricket,0.97,,,26/09/2026,25/09/2026,01:00:07,ClassifEspSWE-0002026-05-29_1,JOHANKARLSSON,202609261752HZWP6EHC,2026_26_sep_01,Citizen Science (ultrasonic) - shared
59~40306+18~07249_20260926_010014.wav,DEV_001_20260926_010014.wav,0,59.40306,18.07249,Leppun,Leptophyes punctatissima,Speckled Bush-cricket,bush-cricket,0.99,,,26/09/2026,25/09/2026,01:00:14,ClassifEspSWE-0002026-05-29_1,JOHANKARLSSON,202609261752HZWP6EHC,2026_26_sep_01,Citizen Science (ultrasonic) - shared
59~40306+18~07249_20260926_010019.wav,DEV_001_20260926_010019.wav,0,59.40306,18.07249,Leppun,Leptophyes punctatissima,Speckled Bush-cricket,bush-cricket,0.99,,,26/09/2026,25/09/2026,01:00:19,ClassifEspSWE-0002026-05-29_1,JOHANKARLSSON,202609261752HZWP6EHC,2026_26_sep_01,Citizen Science (ultrasonic) - shared
59~40306+18~07249_20260926_010027.wav,DEV_001_20260926_010027.wav,0,59.40306,18.07249,Leppun,Leptophyes punctatissima,Speckled Bush-cricket,bush-cricket,0.99,,,26/09/2026,25/09/2026,01:00:27,ClassifEspSWE-0002026-05-29_1,JOHANKARLSSON,202609261752HZWP6EHC,2026_26_sep_01,Citizen Science (ultrasonic) - shared
59~40306+18~07249_20260926_010033.wav,DEV_001_20260926_010033.wav,0,59.40306,18.07249,Leppun,Leptophyes punctatissima,Speckled Bush-cricket,bush-cricket,0.99,,,26/09/2026,25/09/2026,01:00:33,ClassifEspSWE-0002026-05-29_1,JOHANKARLSSON,202609261752HZWP6EHC,2026_26_sep_01,Citizen Science (ultrasonic) - shared
59~40306+18~07249_20260926_010038.wav,DEV_001_20260926_010038.wav,0,59.40306,18.07249,Leppun,Leptophyes punctatissima,Speckled Bush-cricket,bush-cricket,0.99,,,26/09/2026,25/09/2026,01:00:38,ClassifEspSWE-0002026-05-29_1,JOHANKARLSSON,202609261752HZWP6EHC,2026_26_sep_01,Citizen Science (ultrasonic) - shared
59~40306+18~07249_20260926_010044.wav,DEV_001_20260926_010044.wav,0,59.40306,18.07249,Leppun,Leptophyes punctatissima,Speckled Bush-cricket,bush-cricket,0.99,,,26/09/2026,25/09/2026,01:00:44,ClassifEspSWE-0002026-05-29_1,JOHANKARLSSON,202609261752HZWP6EHC,2026_26_sep_01,Citizen Science (ultrasonic) - shared
59~40306+18~07249_20260926_010050.wav,DEV_001_20260926_010050.wav,0,59.40306,18.07249,Leppun,Leptophyes punctatissima,Speckled Bush-cricket,bush-cricket,0.99,,,26/09/2026,25/09/2026,01:00:50,ClassifEspSWE-0002026-05-29_1,JOHANKARLSSON,202609261752HZWP6EHC,2026_26_sep_01,Citizen Science (ultrasonic) - shared
59~40306+18~07249_20260926_010056.wav,DEV_001_20260926_010056.wav,0,59.40306,18.07249,Leppun,Leptophyes punctatissima,Speckled Bush-cricket,bush-cricket,0.99,,,26/09/2026,25/09/2026,01:00:56,ClassifEspSWE-0002026-05-29_1,JOHANKARLSSON,202609261752HZWP6EHC,2026_26_sep_01,Citizen Science (ultrasonic) - shared
59~40306+18~07249_20260926_010101.wav,DEV_001_20260926_010101.wav,0,59.40306,18.07249,Leppun,Leptophyes punctatissima,Speckled Bush-cricket,bush-cricket,0.99,,,26/09/2026,25/09/2026,01:01:01,ClassifEspSWE-0002026-05-29_1,JOHANKARLSSON,202609261752HZWP6EHC,2026_26_sep_01,Citizen Science (ultrasonic) - shared
59~40306+18~07249_20260926_010106.wav,DEV_001_20260926_010106.wav,0,59.40306,18.07249,Leppun,Leptophyes punctatissima,Speckled Bush-cricket,bush-cricket,0.99,,,26/09/2026,25/09/2026,01:01:06,ClassifEspSWE-0002026-05-29_1,JOHANKARLSSON,202609261752HZWP6EHC,2026_26_sep_01,Citizen Science (ultrasonic) - shared
59~40306+18~07249_20260926_010111.wav,DEV_001_20260926_010111.wav,0,59.40306,18.07249,Leppun,Leptophyes punctatissima,Speckled Bush-cricket,bush-cricket,0.99,,,26/09/2026,25/09/2026,01:01:11,ClassifEspSWE-0002026-05-29_1,JOHANKARLSSON,202609261752HZWP6EHC,2026_26_sep_01,Citizen Science (ultrasonic) - shared
59~40306+18~07249_20260926_010118.wav,DEV_001_20260926_010118.wav,0,59.40306,18.07249,Leppun,Leptophyes punctatissima,Speckled Bush-cricket,bush-cricket,0.99,,,26/09/2026,25/09/2026,01:01:18,ClassifEspSWE-0002026-05-29_1,JOHANKARLSSON,202609261752HZWP6EHC,2026_26_sep_01,Citizen Science (ultrasonic) - shared
59~40306+18~07249_20260926_010123.wav,DEV_001_20260926_010123.wav,0,59.40306,18.07249,Leppun,Leptophyes punctatissima,Speckled Bush-cricket,bush-cricket,0.99,,,26/09/2026,25/09/2026,01:01:23,ClassifEspSWE-0002026-05-29_1,JOHANKARLSSON,202609261752HZWP6EHC,2026_26_sep_01,Citizen Science (ultrasonic) - shared
59~40306+18~07249_20260926_010128.wav,DEV_001_20260926_010128.wav,0,59.40306,18.07249,Leppun,Leptophyes punctatissima,Speckled Bush-cricket,bush-cricket,0.99,,,26/09/2026,25/09/2026,01:01:28,ClassifEspSWE-0002026-05-29_1,JOHANKARLSSON,202609261752HZWP6EHC,2026_26_sep_01,Citizen Science (ultrasonic) - shared
59~40306+18~07249_20260926_010136.wav,DEV_001_20260926_010136.wav,0,59.40306,18.07249,Leppun,Leptophyes punctatissima,Speckled Bush-cricket,bush-cricket,0.99,,,26/09/2026,25/09/2026,01:01:36,ClassifEspSWE-0002026-05-29_1,JOHANKARLSSON,202609261752HZWP6EHC,2026_26_sep_01,Citizen Science (ultrasonic) - shared
59~40306+18~07249_20260926_010143.wav,DEV_001_20260926_010143.wav,0,59.40306,18.07249,Leppun,Leptophyes punctatissima,Speckled Bush-cricket,bush-cricket,0.99,,,26/09/2026,25/09/2026,01:01:43,ClassifEspSWE-0002026-05-29_1,JOHANKARLSSON,202609261752HZWP6EHC,2026_26_sep_01,Citizen Science (ultrasonic) - shared
59~40306+18~07249_20260926_010151.wav,DEV_001_20260926_010151.wav,0,59.40306,18.07249,Leppun,Leptophyes punctatissima,Speckled Bush-cricket,bush-cricket,0.99,,,26/09/2026,25/09/2026,01:01:51,ClassifEspSWE-0002026-05-29_1,JOHANKARLSSON,202609261752HZWP6EHC,2026_26_sep_01,Citizen Science (ultrasonic) - shared
59~40306+18~07249_20260926_010157.wav,DEV_001_20260926_010157.wav,0,59.40306,18.07249,Leppun,Leptophyes punctatissima,Speckled Bush-cricket,bush-cricket,0.99,,,26/09/2026,25/09/2026,01:01:57,ClassifEspSWE-0002026-05-29_1,JOHANKARLSSON,202609261752HZWP6EHC,2026_26_sep_01,Citizen Science (ultrasonic) - shared
59~40306+18~07249_20260926_010202.wav,DEV_001_20260926_010202.wav,0,59.40306,18.07249,Leppun,Leptophyes punctatissima,Speckled Bush-cricket,bush-cricket,0.99,,,26/09/2026,25/09/2026,01:02:02,ClassifEspSWE-0002026-05-29_1,JOHANKARLSSON,202609261752HZWP6EHC,2026_26_sep_01,Citizen Science (ultrasonic) - shared
59~40306+18~07249_20260926_010215.wav,DEV_001_20260926_010215.wav,0,59.40306,18.07249,Leppun,Leptophyes punctatissima,Speckled Bush-cricket,bush-cricket,0.99,,,26/09/2026,25/09/2026,01:02:15,ClassifEspSWE-0002026-05-29_1,JOHANKARLSSON,202609261752HZWP6EHC,2026_26_sep_01,Citizen Science (ultrasonic) - shared
59~40306+18~07249_20260926_010220.wav,DEV_001_20260926_010220.wav,0,59.40306,18.07249,Leppun,Leptophyes punctatissima,Speckled Bush-cricket,bush-cricket,0.99,,,26/09/2026,25/09/2026,01:02:20,ClassifEspSWE-0002026-05-29_1,JOHANKARLSSON,202609261752HZWP6EHC,2026_26_sep_01,Citizen Science (ultrasonic) - shared
59~40306+18~07249_20260926_010226.wav,DEV_001_20260926_010226.wav,0,59.40306,18.07249,Leppun,Leptophyes punctatissima,Speckled Bush-cricket,bush-cricket,0.99,,,26/09/2026,25/09/2026,01:02:26,ClassifEspSWE-0002026-05-29_1,JOHANKARLSSON,202609261752HZWP6EHC,2026_26_sep_01,Citizen Science (ultrasonic) - shared
59~40306+18~07249_20260926_010231.wav,DEV_001_20260926_010231.wav,0,59.40306,18.07249,Leppun,Leptophyes punctatissima,Speckled Bush-cricket,bush-cricket,0.99,,,26/09/2026,25/09/2026,01:02:31,ClassifEspSWE-0002026-05-29_1,JOHANKARLSSON,202609261752HZWP6EHC,2026_26_sep_01,Citizen Science (ultrasonic) - shared
59~40306+18~07249_20260926_010238.wav,DEV_001_20260926_010238.wav,0,59.40306,18.07249,Leppun,Leptophyes punctatissima,Speckled Bush-cricket,bush-cricket,0.99,,,26/09/2026,25/09/2026,01:02:38,ClassifEspSWE-0002026-05-29_1,JOHANKARLSSON,202609261752HZWP6EHC,2026_26_sep_01,Citizen Science (ultrasonic) - shared
59~40306+18~07249_20260926_010243.wav,DEV_001_20260926_010243.wav,0,59.40306,18.07249,Leppun,Leptophyes punctatissima,Speckled Bush-cricket,bush-cricket,0.99,,,26/09/2026,25/09/2026,01:02:43,ClassifEspSWE-0002026-05-29_1,JOHANKARLSSON,202609261752HZWP6EHC,2026_26_sep_01,Citizen Science (ultrasonic) - shared
59~40306+18~07249_20260926_010250.wav,DEV_001_20260926_010250.wav,0,59.40306,18.07249,Leppun,Leptophyes punctatissima,Speckled Bush-cricket,bush-cricket,0.99,,,26/09/2026,25/09/2026,01:02:50,ClassifEspSWE-0002026-05-29_1,JOHANKARLSSON,202609261752HZWP6EHC,2026_26_sep_01,Citizen Science (ultrasonic) - shared
59~40306+18~07249_20260926_010257.wav,DEV_001_20260926_010257.wav,0,59.40306,18.07249,Leppun,Leptophyes punctatissima,Speckled Bush-cricket,bush-cricket,0.99,,,26/09/2026,25/09/2026,01:02:57,ClassifEspSWE-0002026-05-29_1,JOHANKARLSSON,202609261752HZWP6EHC,2026_26_sep_01,Citizen Science (ultrasonic) - shared
59~40306+18~07249_20260926_010303.wav,DEV_001_20260926_010303.wav,0,59.40306,18.07249,Leppun,Leptophyes punctatissima,Speckled Bush-cricket,bush-cricket,0.99,,,26/09/2026,25/09/2026,01:03:03,ClassifEspSWE-0002026-05-29_1,JOHANKARLSSON,202609261752HZWP6EHC,2026_26_sep_01,Citizen Science (ultrasonic) - shared
59~40306+18~07249_20260926_010310.wav,DEV_001_20260926_010310.wav,0,59.40306,18.07249,Leppun,Leptophyes punctatissima,Speckled Bush-cricket,bush-cricket,0.99,,,26/09/2026,25/09/2026,01:03:10,ClassifEspSWE-0002026-05-29_1,JOHANKARLSSON,202609261752HZWP6EHC,2026_26_sep_01,Citizen Science (ultrasonic) - shared
59~40306+18~07249_20260926_010317.wav,DEV_001_20260926_010317.wav,0,59.40306,18.07249,Leppun,Leptophyes punctatissima,Speckled Bush-cricket,bush-cricket,0.99,,,26/09/2026,25/09/2026,01:03:17,ClassifEspSWE-0002026-05-29_1,JOHANKARLSSON,202609261752HZWP6EHC,2026_26_sep_01,Citizen Science (ultrasonic) - shared
59~40306+18~07249_20260926_010323.wav,DEV_001_20260926_010323.wav,0,59.40306,18.07249,Leppun,Leptophyes punctatissima,Speckled Bush-cricket,bush-cricket,0.99,,,26/09/2026,25/09/2026,01:03:23,ClassifEspSWE-0002026-05-29_1,JOHANKARLSSON,202609261752HZWP6EHC,2026_26_sep_01,Citizen Science (ultrasonic) - shared
59~40306+18~07249_20260926_010330.wav,DEV_001_20260926_010330.wav,0,59.40306,18.07249,Leppun,Leptophyes punctatissima,Speckled Bush-cricket,bush-cricket,0.98,,,26/09/2026,25/09/2026,01:03:30,ClassifEspSWE-0002026-05-29_1,JOHANKARLSSON,202609261752HZWP6EHC,2026_26_sep_01,Citizen Science (ultrasonic) - shared
59~40306+18~07249_20260926_010335.wav,DEV_001_20260926_010335.wav,0,59.40306,18.07249,Leppun,Leptophyes punctatissima,Speckled Bush-cricket,bush-cricket,0.99,,,26/09/2026,25/09/2026,01:03:35,ClassifEspSWE-0002026-05-29_1,JOHANKARLSSON,202609261752HZWP6EHC,2026_26_sep_01,Citizen Science (ultrasonic) - shared
59~40306+18~07249_20260926_010343.wav,DEV_001_20260926_010343.wav,0,59.40306,18.07249,Leppun,Leptophyes punctatissima,Speckled Bush-cricket,bush-cricket,0.99,,,26/09/2026,25/09/2026,01:03:43,ClassifEspSWE-0002026-05-29_1,JOHANKARLSSON,202609261752HZWP6EHC,2026_26_sep_01,Citizen Science (ultrasonic) - shared
59~40306+18~07249_20260926_010348.wav,DEV_001_20260926_010348.wav,0,59.40306,18.07249,Leppun,Leptophyes punctatissima,Speckled Bush-cricket,bush-cricket,0.99,,,26/09/2026,25/09/2026,01:03:48,ClassifEspSWE-0002026-05-29_1,JOHANKARLSSON,202609261752HZWP6EHC,2026_26_sep_01,Citizen Science (ultrasonic) - shared
59~40306+18~07249_20260926_010356.wav,DEV_001_20260926_010356.wav,0,59.40306,18.07249,Leppun,Leptophyes punctatissima,Speckled Bush-cricket,bush-cricket,0.99,,,26/09/2026,25/09/2026,01:03:56,ClassifEspSWE-0002026-05-29_1,JOHANKARLSSON,202609261752HZWP6EHC,2026_26_sep_01,Citizen Science (ultrasonic) - shared
59~40306+18~07249_20260926_010401.wav,DEV_001_20260926_010401.wav,0,59.40306,18.07249,Leppun,Leptophyes punctatissima,Speckled Bush-cricket,bush-cricket,0.99,,,26/09/2026,25/09/2026,01:04:01,ClassifEspSWE-0002026-05-29_1,JOHANKARLSSON,202609261752HZWP6EHC,2026_26_sep_01,Citizen Science (ultrasonic) - shared
59~40306+18~07249_20260926_010407.wav,DEV_001_20260926_010407.wav,0,59.40306,18.07249,Leppun,Leptophyes punctatissima,Speckled Bush-cricket,bush-cricket,0.99,,,26/09/2026,25/09/2026,01:04:07,ClassifEspSWE-0002026-05-29_1,JOHANKARLSSON,202609261752HZWP6EHC,2026_26_sep_01,Citizen Science (ultrasonic) - shared
59~40306+18~07249_20260926_010415.wav,DEV_001_20260926_010415.wav,0,59.40306,18.07249,Leppun,Leptophyes punctatissima,Speckled Bush-cricket,bush-cricket,0.99,,,26/09/2026,25/09/2026,01:04:15,ClassifEspSWE-0002026-05-29_1,JOHANKARLSSON,202609261752HZWP6EHC,2026_26_sep_01,Citizen Science (ultrasonic) - shared
59~40306+18~07249_20260926_010422.wav,DEV_001_20260926_010422.wav,0,59.40306,18.07249,Leppun,Leptophyes punctatissima,Speckled Bush-cricket,bush-cricket,0.99,,,26/09/2026,25/09/2026,01:04:22,ClassifEspSWE-0002026-05-29_1,JOHANKARLSSON,202609261752HZWP6EHC,2026_26_sep_01,Citizen Science (ultrasonic) - shared
59~40306+18~07249_20260926_010428.wav,DEV_001_20260926_010428.wav,0,59.40306,18.07249,Leppun,Leptophyes punctatissima,Speckled Bush-cricket,bush-cricket,0.99,,,26/09/2026,25/09/2026,01:04:28,ClassifEspSWE-0002026-05-29_1,JOHANKARLSSON,202609261752HZWP6EHC,2026_26_sep_01,Citizen Science (ultrasonic) - shared
59~40306+18~07249_20260926_010435.wav,DEV_001_20260926_010435.wav,0,59.40306,18.07249,Leppun,Leptophyes punctatissima,Speckled Bush-cricket,bush-cricket,0.99,,,26/09/2026,25/09/2026,01:04:35,ClassifEspSWE-0002026-05-29_1,JOHANKARLSSON,202609261752HZWP6EHC,2026_26_sep_01,Citizen Science (ultrasonic) - shared
59~40306+18~07249_20260926_010440.wav,DEV_001_20260926_010440.wav,0,59.40306,18.07249,Leppun,Leptophyes punctatissima,Speckled Bush-cricket,bush-cricket,0.99,,,26/09/2026,25/09/2026,01:04:40,ClassifEspSWE-0002026-05-29_1,JOHANKARLSSON,202609261752HZWP6EHC,2026_26_sep_01,Citizen Science (ultrasonic) - shared
59~40306+18~07249_20260926_010445.wav,DEV_001_20260926_010445.wav,0,59.40306,18.07249,Leppun,Leptophyes punctatissima,Speckled Bush-cricket,bush-cricket,0.99,,,26/09/2026,25/09/2026,01:04:45,ClassifEspSWE-0002026-05-29_1,JOHANKARLSSON,202609261752HZWP6EHC,2026_26_sep_01,Citizen Science (ultrasonic) - shared
59~40306+18~07249_20260926_010453.wav,DEV_001_20260926_010453.wav,0,59.40306,18.07249,Leppun,Leptophyes punctatissima,Speckled Bush-cricket,bush-cricket,0.99,,,26/09/2026,25/09/2026,01:04:53,ClassifEspSWE-0002026-05-29_1,JOHANKARLSSON,202609261752HZWP6EHC,2026_26_sep_01,Citizen Science (ultrasonic) - shared
59~40306+18~07249_20260926_010458.wav,DEV_001_20260926_010458.wav,0,59.40306,18.07249,Leppun,Leptophyes punctatissima,Speckled Bush-cricket,bush-cricket,0.99,,,26/09/2026,25/09/2026,01:04:58,ClassifEspSWE-0002026-05-29_1,JOHANKARLSSON,202609261752HZWP6EHC,2026_26_sep_01,Citizen Science (ultrasonic) - shared
59~40306+18~07249_20260926_010505.wav,DEV_001_20260926_010505.wav,0,59.40306,18.07249,Leppun,Leptophyes punctatissima,Speckled Bush-cricket,bush-cricket,0.99,,,26/09/2026,25/09/2026,01:05:05,ClassifEspSWE-0002026-05-29_1,JOHANKARLSSON,202609261752HZWP6EHC,2026_26_sep_01,Citizen Science (ultrasonic) - shared
59~40306+18~07249_20260926_010510.wav,DEV_001_20260926_010510.wav,0,59.40306,18.07249,Leppun,Leptophyes punctatissima,Speckled Bush-cricket,bush-cricket,0.99,,,26/09/2026,25/09/2026,01:05:10,ClassifEspSWE-0002026-05-29_1,JOHANKARLSSON,202609261752HZWP6EHC,2026_26_sep_01,Citizen Science (ultrasonic) - shared
59~40306+18~07249_20260926_010516.wav,DEV_001_20260926_010516.wav,0,59.40306,18.07249,Leppun,Leptophyes punctatissima,Speckled Bush-cricket,bush-cricket,0.99,,,26/09/2026,25/09/2026,01:05:16,ClassifEspSWE-0002026-05-29_1,JOHANKARLSSON,202609261752HZWP6EHC,2026_26_sep_01,Citizen Science (ultrasonic) - shared
59~40306+18~07249_20260926_010522.wav,DEV_001_20260926_010522.wav,0,59.40306,18.07249,Leppun,Leptophyes punctatissima,Speckled Bush-cricket,bush-cricket,0.99,,,26/09/2026,25/09/2026,01:05:22,ClassifEspSWE-0002026-05-29_1,JOHANKARLSSON,202609261752HZWP6EHC,2026_26_sep_01,Citizen Science (ultrasonic) - shared
59~40306+18~07249_20260926_010529.wav,DEV_001_20260926_010529.wav,0,59.40306,18.07249,Leppun,Leptophyes punctatissima,Speckled Bush-cricket,bush-cricket,0.99,,,26/09/2026,25/09/2026,01:05:29,ClassifEspSWE-0002026-05-29_1,JOHANKARLSSON,202609261752HZWP6EHC,2026_26_sep_01,Citizen Science (ultrasonic) - shared
59~40306+18~07249_20260926_010535.wav,DEV_001_20260926_010535.wav,0,59.40306,18.07249,Leppun,Leptophyes punctatissima,Speckled Bush-cricket,bush-cricket,0.99,,,26/09/2026,25/09/2026,01:05:35,ClassifEspSWE-0002026-05-29_1,JOHANKARLSSON,202609261752HZWP6EHC,2026_26_sep_01,Citizen Science (ultrasonic) - shared
59~40306+18~07249_20260926_010541.wav,DEV_001_20260926_010541.wav,0,59.40306,18.07249,Leppun,Leptophyes punctatissima,Speckled Bush-cricket,bush-cricket,0.99,,,26/09/2026,25/09/2026,01:05:41,ClassifEspSWE-0002026-05-29_1,JOHANKARLSSON,202609261752HZWP6EHC,2026_26_sep_01,Citizen Science (ultrasonic) - shared
59~40306+18~07249_20260926_010549.wav,DEV_001_20260926_010549.wav,0,59.40306,18.07249,Leppun,Leptophyes punctatissima,Speckled Bush-cricket,bush-cricket,0.99,,,26/09/2026,25/09/2026,01:05:49,ClassifEspSWE-0002026-05-29_1,JOHANKARLSSON,202609261752HZWP6EHC,2026_26_sep_01,Citizen Science (ultrasonic) - shared
59~40306+18~07249_20260926_010556.wav,DEV_001_20260926_010556.wav,0,59.40306,18.07249,Leppun,Leptophyes punctatissima,Speckled Bush-cricket,bush-cricket,0.99,,,26/09/2026,25/09/2026,01:05:56,ClassifEspSWE-0002026-05-29_1,JOHANKARLSSON,202609261752HZWP6EHC,2026_26_sep_01,Citizen Science (ultrasonic) - shared
59~40306+18~07249_20260926_010602.wav,DEV_001_20260926_010602.wav,0,59.40306,18.07249,Leppun,Leptophyes punctatissima,Speckled Bush-cricket,bush-cricket,0.99,,,26/09/2026,25/09/2026,01:06:02,ClassifEspSWE-0002026-05-29_1,JOHANKARLSSON,202609261752HZWP6EHC,2026_26_sep_01,Citizen Science (ultrasonic) - shared
59~40306+18~07249_20260926_010609.wav,DEV_001_20260926_010609.wav,0,59.40306,18.07249,Leppun,Leptophyes punctatissima,Speckled Bush-cricket,bush-cricket,0.99,,,26/09/2026,25/09/2026,01:06:09,ClassifEspSWE-0002026-05-29_1,JOHANKARLSSON,202609261752HZWP6EHC,2026_26_sep_01,Citizen Science (ultrasonic) - shared
59~40306+18~07249_20260926_010614.wav,DEV_001_20260926_010614.wav,0,59.40306,18.07249,Leppun,Leptophyes punctatissima,Speckled Bush-cricket,bush-cricket,0.99,,,26/09/2026,25/09/2026,01:06:14,ClassifEspSWE-0002026-05-29_1,JOHANKARLSSON,202609261752HZWP6EHC,2026_26_sep_01,Citizen Science (ultrasonic) - shared
59~40306+18~07249_20260926_010620.wav,DEV_001_20260926_010620.wav,0,59.40306,18.07249,Leppun,Leptophyes punctatissima,Speckled Bush-cricket,bush-cricket,0.99,,,26/09/2026,25/09/2026,01:06:20,ClassifEspSWE-0002026-05-29_1,JOHANKARLSSON,202609261752HZWP6EHC,2026_26_sep_01,Citizen Science (ultrasonic) - shared
59~40306+18~07249_20260926_010627.wav,DEV_001_20260926_010627.wav,0,59.40306,18.07249,Leppun,Leptophyes punctatissima,Speckled Bush-cricket,bush-cricket,0.99,,,26/09/2026,25/09/2026,01:06:27,ClassifEspSWE-0002026-05-29_1,JOHANKARLSSON,202609261752HZWP6EHC,2026_26_sep_01,Citizen Science (ultrasonic) - shared
59~40306+18~07249_20260926_010633.wav,DEV_001_20260926_010633.wav,0,59.40306,18.07249,Leppun,Leptophyes punctatissima,Speckled Bush-cricket,bush-cricket,0.99,,,26/09/2026,25/09/2026,01:06:33,ClassifEspSWE-0002026-05-29_1,JOHANKARLSSON,202609261752HZWP6EHC,2026_26_sep_01,Citizen Science (ultrasonic) - shared
59~40306+18~07249_20260926_010639.wav,DEV_001_20260926_010639.wav,0,59.40306,18.07249,Leppun,Leptophyes punctatissima,Speckled Bush-cricket,bush-cricket,0.99,,,26/09/2026,25/09/2026,01:06:39,ClassifEspSWE-0002026-05-29_1,JOHANKARLSSON,202609261752HZWP6EHC,2026_26_sep_01,Citizen Science (ultrasonic) - shared
59~40306+18~07249_20260926_010645.wav,DEV_001_20260926_010645.wav,0,59.40306,18.07249,Leppun,Leptophyes punctatissima,Speckled Bush-cricket,bush-cricket,0.99,,,26/09/2026,25/09/2026,01:06:45,ClassifEspSWE-0002026-05-29_1,JOHANKARLSSON,202609261752HZWP6EHC,2026_26_sep_01,Citizen Science (ultrasonic) - shared
59~40306+18~07249_20260926_010652.wav,DEV_001_20260926_010652.wav,0,59.40306,18.07249,Leppun,Leptophyes punctatissima,Speckled Bush-cricket,bush-cricket,0.99,,,26/09/2026,25/09/2026,01:06:52,ClassifEspSWE-0002026-05-29_1,JOHANKARLSSON,202609261752HZWP6EHC,2026_26_sep_01,Citizen Science (ultrasonic) - shared
59~40306+18~07249_20260926_010658.wav,DEV_001_20260926_010658.wav,0,59.40306,18.07249,Leppun,Leptophyes punctatissima,Speckled Bush-cricket,bush-cricket,0.99,,,26/09/2026,25/09/2026,01:06:58,ClassifEspSWE-0002026-05-29_1,JOHANKARLSSON,202609261752HZWP6EHC,2026_26_sep_01,Citizen Science (ultrasonic) - shared
59~40306+18~07249_20260926_010704.wav,DEV_001_20260926_010704.wav,0,59.40306,18.07249,Leppun,Leptophyes punctatissima,Speckled Bush-cricket,bush-cricket,0.99,,,26/09/2026,25/09/2026,01:07:04,ClassifEspSWE-0002026-05-29_1,JOHANKARLSSON,202609261752HZWP6EHC,2026_26_sep_01,Citizen Science (ultrasonic) - shared
59~40306+18~07249_20260926_010710.wav,DEV_001_20260926_010710.wav,0,59.40306,18.07249,Leppun,Leptophyes punctatissima,Speckled Bush-cricket,bush-cricket,0.99,,,26/09/2026,25/09/2026,01:07:10,ClassifEspSWE-0002026-05-29_1,JOHANKARLSSON,202609261752HZWP6EHC,2026_26_sep_01,Citizen Science (ultrasonic) - shared
59~40306+18~07249_20260926_010717.wav,DEV_001_20260926_010717.wav,0,59.40306,18.07249,Leppun,Leptophyes punctatissima,Speckled Bush-cricket,bush-cricket,0.99,,,26/09/2026,25/09/2026,01:07:17,ClassifEspSWE-0002026-05-29_1,JOHANKARLSSON,202609261752HZWP6EHC,2026_26_sep_01,Citizen Science (ultrasonic) - shared
59~40306+18~07249_20260926_010722.wav,DEV_001_20260926_010722.wav,0,59.40306,18.07249,Leppun,Leptophyes punctatissima,Speckled Bush-cricket,bush-cricket,0.99,,,26/09/2026,25/09/2026,01:07:22,ClassifEspSWE-0002026-05-29_1,JOHANKARLSSON,202609261752HZWP6EHC,2026_26_sep_01,Citizen Science (ultrasonic) - shared
59~40306+18~07249_20260926_010727.wav,DEV_001_20260926_010727.wav,0,59.40306,18.07249,Leppun,Leptophyes punctatissima,Speckled Bush-cricket,bush-cricket,0.99,,,26/09/2026,25/09/2026,01:07:27,ClassifEspSWE-0002026-05-29_1,JOHANKARLSSON,202609261752HZWP6EHC,2026_26_sep_01,Citizen Science (ultrasonic) - shared
59~40306+18~07249_20260926_010734.wav,DEV_001_20260926_010734.wav,0,59.40306,18.07249,Leppun,Leptophyes punctatissima,Speckled Bush-cricket,bush-cricket,0.99,,,26/09/2026,25/09/2026,01:07:34,ClassifEspSWE-0002026-05-29_1,JOHANKARLSSON,202609261752HZWP6EHC,2026_26_sep_01,Citizen Science (ultrasonic) - shared
59~40306+18~07249_20260926_010740.wav,DEV_001_20260926_010740.wav,0,59.40306,18.07249,Leppun,Leptophyes punctatissima,Speckled Bush-cricket,bush-cricket,0.99,,,26/09/2026,25/09/2026,01:07:40,ClassifEspSWE-0002026-05-29_1,JOHANKARLSSON,202609261752HZWP6EHC,2026_26_sep_01,Citizen Science (ultrasonic) - shared
59~40306+18~07249_20260926_010745.wav,DEV_001_20260926_010745.wav,0,59.40306,18.07249,Leppun,Leptophyes punctatissima,Speckled Bush-cricket,bush-cricket,0.99,,,26/09/2026,25/09/2026,01:07:45,ClassifEspSWE-0002026-05-29_1,JOHANKARLSSON,202609261752HZWP6EHC,2026_26_sep_01,Citizen Science (ultrasonic) - shared
59~40306+18~07249_20260926_010751.wav,DEV_001_20260926_010751.wav,0,59.40306,18.07249,Leppun,Leptophyes punctatissima,Speckled Bush-cricket,bush-cricket,0.99,,,26/09/2026,25/09/2026,01:07:51,ClassifEspSWE-0002026-05-29_1,JOHANKARLSSON,202609261752HZWP6EHC,2026_26_sep_01,Citizen Science (ultrasonic) - shared
59~40306+18~07249_20260926_010756.wav,DEV_001_20260926_010756.wav,0,59.40306,18.07249,Leppun,Leptophyes punctatissima,Speckled Bush-cricket,bush-cricket,0.99,,,26/09/2026,25/09/2026,01:07:56,ClassifEspSWE-0002026-05-29_1,JOHANKARLSSON,202609261752HZWP6EHC,2026_26_sep_01,Citizen Science (ultrasonic) - shared
59~40306+18~07249_20260926_010802.wav,DEV_001_20260926_010802.wav,0,59.40306,18.07249,Leppun,Leptophyes punctatissima,Speckled Bush-cricket,bush-cricket,0.99,,,26/09/2026,25/09/2026,01:08:02,ClassifEspSWE-0002026-05-29_1,JOHANKARLSSON,202609261752HZWP6EHC,2026_26_sep_01,Citizen Science (ultrasonic) - shared
59~40306+18~07249_20260926_010807.wav,DEV_001_20260926_010807.wav,0,59.40306,18.07249,Leppun,Leptophyes punctatissima,Speckled Bush-cricket,bush-cricket,0.99,,,26/09/2026,25/09/2026,01:08:07,ClassifEspSWE-0002026-05-29_1,JOHANKARLSSON,202609261752HZWP6EHC,2026_26_sep_01,Citizen Science (ultrasonic) - shared
59~40306+18~07249_20260926_010813.wav,DEV_001_20260926_010813.wav,0,59.40306,18.07249,Leppun,Leptophyes punctatissima,Speckled Bush-cricket,bush-cricket,0.99,,,26/09/2026,25/09/2026,01:08:13,ClassifEspSWE-0002026-05-29_1,JOHANKARLSSON,202609261752HZWP6EHC,2026_26_sep_01,Citizen Science (ultrasonic) - shared
59~40306+18~07249_20260926_010819.wav,DEV_001_20260926_010819.wav,0,59.40306,18.07249,Leppun,Leptophyes punctatissima,Speckled Bush-cricket,bush-cricket,0.99,,,26/09/2026,25/09/2026,01:08:19,ClassifEspSWE-0002026-05-29_1,JOHANKARLSSON,202609261752HZWP6EHC,2026_26_sep_01,Citizen Science (ultrasonic) - shared
59~40306+18~07249_20260926_010825.wav,DEV_001_20260926_010825.wav,0,59.40306,18.07249,Leppun,Leptophyes punctatissima,Speckled Bush-cricket,bush-cricket,0.99,,,26/09/2026,25/09/2026,01:08:25,ClassifEspSWE-0002026-05-29_1,JOHANKARLSSON,202609261752HZWP6EHC,2026_26_sep_01,Citizen Science (ultrasonic) - shared
59~40306+18~07249_20260926_010833.wav,DEV_001_20260926_010833.wav,0,59.40306,18.07249,Leppun,Leptophyes punctatissima,Speckled Bush-cricket,bush-cricket,0.99,,,26/09/2026,25/09/2026,01:08:33,ClassifEspSWE-0002026-05-29_1,JOHANKARLSSON,202609261752HZWP6EHC,2026_26_sep_01,Citizen Science (ultrasonic) - shared
59~40306+18~07249_20260926_010839.wav,DEV_001_20260926_010839.wav,0,59.40306,18.07249,Leppun,Leptophyes punctatissima,Speckled Bush-cricket,bush-cricket,0.99,,,26/09/2026,25/09/2026,01:08:39,ClassifEspSWE-0002026-05-29_1,JOHANKARLSSON,202609261752HZWP6EHC,2026_26_sep_01,Citizen Science (ultrasonic) - shared
59~40306+18~07249_20260926_010845.wav,DEV_001_20260926_010845.wav,0,59.40306,18.07249,Leppun,Leptophyes punctatissima,Speckled Bush-cricket,bush-cricket,0.99,,,26/09/2026,25/09/2026,01:08:45,ClassifEspSWE-0002026-05-29_1,JOHANKARLSSON,202609261752HZWP6EHC,2026_26_sep_01,Citizen Science (ultrasonic) - shared
59~40306+18~07249_20260926_010851.wav,DEV_001_20260926_010851.wav,0,59.40306,18.07249,Leppun,Leptophyes punctatissima,Speckled Bush-cricket,bush-cricket,0.99,,,26/09/2026,25/09/2026,01:08:51,ClassifEspSWE-0002026-05-29_1,JOHANKARLSSON,202609261752HZWP6EHC,2026_26_sep_01,Citizen Science (ultrasonic) - shared
59~40306+18~07249_20260926_010856.wav,DEV_001_20260926_010856.wav,0,59.40306,18.07249,Leppun,Leptophyes punctatissima,Speckled Bush-cricket,bush-cricket,0.99,,,26/09/2026,25/09/2026,01:08:56,ClassifEspSWE-0002026-05-29_1,JOHANKARLSSON,202609261752HZWP6EHC,2026_26_sep_01,Citizen Science (ultrasonic) - shared
59~40306+18~07249_20260926_010903.wav,DEV_001_20260926_010903.wav,0,59.40306,18.07249,Leppun,Leptophyes punctatissima,Speckled Bush-cricket,bush-cricket,0.99,,,26/09/2026,25/09/2026,01:09:03,ClassifEspSWE-0002026-05-29_1,JOHANKARLSSON,202609261752HZWP6EHC,2026_26_sep_01,Citizen Science (ultrasonic) - shared
59~40306+18~07249_20260926_010908.wav,DEV_001_20260926_010908.wav,0,59.40306,18.07249,Leppun,Leptophyes punctatissima,Speckled Bush-cricket,bush-cricket,0.99,,,26/09/2026,25/09/2026,01:09:08,ClassifEspSWE-0002026-05-29_1,JOHANKARLSSON,202609261752HZWP6EHC,2026_26_sep_01,Citizen Science (ultrasonic) - shared
59~40306+18~07249_20260926_010914.wav,DEV_001_20260926_010914.wav,0,59.40306,18.07249,Leppun,Leptophyes punctatissima,Speckled Bush-cricket,bush-cricket,0.99,,,26/09/2026,25/09/2026,01:09:14,ClassifEspSWE-0002026-05-29_1,JOHANKARLSSON,202609261752HZWP6EHC,2026_26_sep_01,Citizen Science (ultrasonic) - shared
59~40306+18~07249_20260926_010920.wav,DEV_001_20260926_010920.wav,0,59.40306,18.07249,Leppun,Leptophyes punctatissima,Speckled Bush-cricket,bush-cricket,0.99,,,26/09/2026,25/09/2026,01:09:20,ClassifEspSWE-0002026-05-29_1,JOHANKARLSSON,202609261752HZWP6EHC,2026_26_sep_01,Citizen Science (ultrasonic) - shared
59~40306+18~07249_20260926_010925.wav,DEV_001_20260926_010925.wav,0,59.40306,18.07249,Leppun,Leptophyes punctatissima,Speckled Bush-cricket,bush-cricket,0.99,,,26/09/2026,25/09/2026,01:09:25,ClassifEspSWE-0002026-05-29_1,JOHANKARLSSON,202609261752HZWP6EHC,2026_26_sep_01,Citizen Science (ultrasonic) - shared
59~40306+18~07249_20260926_010933.wav,DEV_001_20260926_010933.wav,0,59.40306,18.07249,Leppun,Leptophyes punctatissima,Speckled Bush-cricket,bush-cricket,0.99,,,26/09/2026,25/09/2026,01:09:33,ClassifEspSWE-0002026-05-29_1,JOHANKARLSSON,202609261752HZWP6EHC,2026_26_sep_01,Citizen Science (ultrasonic) - shared
59~40306+18~07249_20260926_010944.wav,DEV_001_20260926_010944.wav,0,59.40306,18.07249,Leppun,Leptophyes punctatissima,Speckled Bush-cricket,bush-cricket,0.99,,,26/09/2026,25/09/2026,01:09:44,ClassifEspSWE-0002026-05-29_1,JOHANKARLSSON,202609261752HZWP6EHC,2026_26_sep_01,Citizen Science (ultrasonic) - shared
59~40306+18~07249_20260926_010950.wav,DEV_001_20260926_010950.wav,0,59.40306,18.07249,Leppun,Leptophyes punctatissima,Speckled Bush-cricket,bush-cricket,0.99,,,26/09/2026,25/09/2026,01:09:50,ClassifEspSWE-0002026-05-29_1,JOHANKARLSSON,202609261752HZWP6EHC,2026_26_sep_01,Citizen Science (ultrasonic) - shared
59~40306+18~07249_20260926_010956.wav,DEV_001_20260926_010956.wav,0,59.40306,18.07249,Leppun,Leptophyes punctatissima,Speckled Bush-cricket,bush-cricket,0.99,,,26/09/2026,25/09/2026,01:09:56,ClassifEspSWE-0002026-05-29_1,JOHANKARLSSON,202609261752HZWP6EHC,2026_26_sep_01,Citizen Science (ultrasonic) - shared
59~40306+18~07249_20260926_011003.wav,DEV_001_20260926_011003.wav,0,59.40306,18.07249,Leppun,Leptophyes punctatissima,Speckled Bush-cricket,bush-cricket,0.99,,,26/09/2026,25/09/2026,01:10:03,ClassifEspSWE-0002026-05-29_1,JOHANKARLSSON,202609261752HZWP6EHC,2026_26_sep_01,Citizen Science (ultrasonic) - shared
59~40306+18~07249_20260926_011010.wav,DEV_001_20260926_011010.wav,0,59.40306,18.07249,Leppun,Leptophyes punctatissima,Speckled Bush-cricket,bush-cricket,0.99,,,26/09/2026,25/09/2026,01:10:10,ClassifEspSWE-0002026-05-29_1,JOHANKARLSSON,202609261752HZWP6EHC,2026_26_sep_01,Citizen Science (ultrasonic) - shared
59~40306+18~07249_20260926_011017.wav,DEV_001_20260926_011017.wav,0,59.40306,18.07249,Leppun,Leptophyes punctatissima,Speckled Bush-cricket,bush-cricket,0.99,,,26/09/2026,25/09/2026,01:10:17,ClassifEspSWE-0002026-05-29_1,JOHANKARLSSON,202609261752HZWP6EHC,2026_26_sep_01,Citizen Science (ultrasonic) - shared
59~40306+18~07249_20260926_011022.wav,DEV_001_20260926_011022.wav,0,59.40306,18.07249,Leppun,Leptophyes punctatissima,Speckled Bush-cricket,bush-cricket,0.99,,,26/09/2026,25/09/2026,01:10:22,ClassifEspSWE-0002026-05-29_1,JOHANKARLSSON,202609261752HZWP6EHC,2026_26_sep_01,Citizen Science (ultrasonic) - shared
59~40306+18~07249_20260926_011030.wav,DEV_001_20260926_011030.wav,0,59.40306,18.07249,Leppun,Leptophyes punctatissima,Speckled Bush-cricket,bush-cricket,0.99,,,26/09/2026,25/09/2026,01:10:30,ClassifEspSWE-0002026-05-29_1,JOHANKARLSSON,202609261752HZWP6EHC,2026_26_sep_01,Citizen Science (ultrasonic) - shared
59~40306+18~07249_20260926_011035.wav,DEV_001_20260926_011035.wav,0,59.40306,18.07249,Leppun,Leptophyes punctatissima,Speckled Bush-cricket,bush-cricket,0.99,,,26/09/2026,25/09/2026,01:10:35,ClassifEspSWE-0002026-05-29_1,JOHANKARLSSON,202609261752HZWP6EHC,2026_26_sep_01,Citizen Science (ultrasonic) - shared
59~40306+18~07249_20260926_011040.wav,DEV_001_20260926_011040.wav,0,59.40306,18.07249,Leppun,Leptophyes punctatissima,Speckled Bush-cricket,bush-cricket,0.99,,,26/09/2026,25/09/2026,01:10:40,ClassifEspSWE-0002026-05-29_1,JOHANKARLSSON,202609261752HZWP6EHC,2026_26_sep_01,Citizen Science (ultrasonic) - shared
59~40306+18~07249_20260926_011047.wav,DEV_001_20260926_011047.wav,0,59.40306,18.07249,Leppun,Leptophyes punctatissima,Speckled Bush-cricket,bush-cricket,0.99,,,26/09/2026,25/09/2026,01:10:47,ClassifEspSWE-0002026-05-29_1,JOHANKARLSSON,202609261752HZWP6EHC,2026_26_sep_01,Citizen Science (ultrasonic) - shared
59~40306+18~07249_20260926_011053.wav,DEV_001_20260926_011053.wav,0,59.40306,18.07249,Leppun,Leptophyes punctatissima,Speckled Bush-cricket,bush-cricket,0.99,,,26/09/2026,25/09/2026,01:10:53,ClassifEspSWE-0002026-05-29_1,JOHANKARLSSON,202609261752HZWP6EHC,2026_26_sep_01,Citizen Science (ultrasonic) - shared
59~40306+18~07249_20260926_011058.wav,DEV_001_20260926_011058.wav,0,59.40306,18.07249,Leppun,Leptophyes punctatissima,Speckled Bush-cricket,bush-cricket,0.99,,,26/09/2026,25/09/2026,01:10:58,ClassifEspSWE-0002026-05-29_1,JOHANKARLSSON,202609261752HZWP6EHC,2026_26_sep_01,Citizen Science (ultrasonic) - shared
59~40306+18~07249_20260926_011104.wav,DEV_001_20260926_011104.wav,0,59.40306,18.07249,Leppun,Leptophyes punctatissima,Speckled Bush-cricket,bush-cricket,0.99,,,26/09/2026,25/09/2026,01:11:04,ClassifEspSWE-0002026-05-29_1,JOHANKARLSSON,202609261752HZWP6EHC,2026_26_sep_01,Citizen Science (ultrasonic) - shared
59~40306+18~07249_20260926_011111.wav,DEV_001_20260926_011111.wav,0,59.40306,18.07249,Leppun,Leptophyes punctatissima,Speckled Bush-cricket,bush-cricket,0.99,,,26/09/2026,25/09/2026,01:11:11,ClassifEspSWE-0002026-05-29_1,JOHANKARLSSON,202609261752HZWP6EHC,2026_26_sep_01,Citizen Science (ultrasonic) - shared
59~40306+18~07249_20260926_011119.wav,DEV_001_20260926_011119.wav,0,59.40306,18.07249,Leppun,Leptophyes punctatissima,Speckled Bush-cricket,bush-cricket,0.99,,,26/09/2026,25/09/2026,01:11:19,ClassifEspSWE-0002026-05-29_1,JOHANKARLSSON,202609261752HZWP6EHC,2026_26_sep_01,Citizen Science (ultrasonic) - shared
59~40306+18~07249_20260926_011126.wav,DEV_001_20260926_011126.wav,0,59.40306,18.07249,Leppun,Leptophyes punctatissima,Speckled Bush-cricket,bush-cricket,0.99,,,26/09/2026,25/09/2026,01:11:26,ClassifEspSWE-0002026-05-29_1,JOHANKARLSSON,202609261752HZWP6EHC,2026_26_sep_01,Citizen Science (ultrasonic) - shared
59~40306+18~07249_20260926_011132.wav,DEV_001_20260926_011132.wav,0,59.40306,18.07249,Leppun,Leptophyes punctatissima,Speckled Bush-cricket,bush-cricket,0.99,,,26/09/2026,25/09/2026,01:11:32,ClassifEspSWE-0002026-05-29_1,JOHANKARLSSON,202609261752HZWP6EHC,2026_26_sep_01,Citizen Science (ultrasonic) - shared
59~40306+18~07249_20260926_011141.wav,DEV_001_20260926_011141.wav,0,59.40306,18.07249,Leppun,Leptophyes punctatissima,Speckled Bush-cricket,bush-cricket,0.99,,,26/09/2026,25/09/2026,01:11:41,ClassifEspSWE-0002026-05-29_1,JOHANKARLSSON,202609261752HZWP6EHC,2026_26_sep_01,Citizen Science (ultrasonic) - shared
59~40306+18~07249_20260926_011147.wav,DEV_001_20260926_011147.wav,0,59.40306,18.07249,Leppun,Leptophyes punctatissima,Speckled Bush-cricket,bush-cricket,0.99,,,26/09/2026,25/09/2026,01:11:47,ClassifEspSWE-0002026-05-29_1,JOHANKARLSSON,202609261752HZWP6EHC,2026_26_sep_01,Citizen Science (ultrasonic) - shared
59~40306+18~07249_20260926_011152.wav,DEV_001_20260926_011152.wav,0,59.40306,18.07249,Leppun,Leptophyes punctatissima,Speckled Bush-cricket,bush-cricket,0.99,,,26/09/2026,25/09/2026,01:11:52,ClassifEspSWE-0002026-05-29_1,JOHANKARLSSON,202609261752HZWP6EHC,2026_26_sep_01,Citizen Science (ultrasonic) - shared
59~40306+18~07249_20260926_011159.wav,DEV_001_20260926_011159.wav,0,59.40306,18.07249,Leppun,Leptophyes punctatissima,Speckled Bush-cricket,bush-cricket,0.99,,,26/09/2026,25/09/2026,01:11:59,ClassifEspSWE-0002026-05-29_1,JOHANKARLSSON,202609261752HZWP6EHC,2026_26_sep_01,Citizen Science (ultrasonic) - shared
59~40306+18~07249_20260926_011205.wav,DEV_001_20260926_011205.wav,0,59.40306,18.07249,Leppun,Leptophyes punctatissima,Speckled Bush-cricket,bush-cricket,0.99,,,26/09/2026,25/09/2026,01:12:05,ClassifEspSWE-0002026-05-29_1,JOHANKARLSSON,202609261752HZWP6EHC,2026_26_sep_01,Citizen Science (ultrasonic) - shared
59~40306+18~07249_20260926_011211.wav,DEV_001_20260926_011211.wav,0,59.40306,18.07249,Leppun,Leptophyes punctatissima,Speckled Bush-cricket,bush-cricket,0.99,,,26/09/2026,25/09/2026,01:12:11,ClassifEspSWE-0002026-05-29_1,JOHANKARLSSON,202609261752HZWP6EHC,2026_26_sep_01,Citizen Science (ultrasonic) - shared
59~40306+18~07249_20260926_011216.wav,DEV_001_20260926_011216.wav,0,59.40306,18.07249,Leppun,Leptophyes punctatissima,Speckled Bush-cricket,bush-cricket,0.99,,,26/09/2026,25/09/2026,01:12:16,ClassifEspSWE-0002026-05-29_1,JOHANKARLSSON,202609261752HZWP6EHC,2026_26_sep_01,Citizen Science (ultrasonic) - shared
59~40306+18~07249_20260926_011222.wav,DEV_001_20260926_011222.wav,0,59.40306,18.07249,Leppun,Leptophyes punctatissima,Speckled Bush-cricket,bush-cricket,0.99,,,26/09/2026,25/09/2026,01:12:22,ClassifEspSWE-0002026-05-29_1,JOHANKARLSSON,202609261752HZWP6EHC,2026_26_sep_01,Citizen Science (ultrasonic) - shared
59~40306+18~07249_20260926_011228.wav,DEV_001_20260926_011228.wav,0,59.40306,18.07249,Leppun,Leptophyes punctatissima,Speckled Bush-cricket,bush-cricket,0.99,,,26/09/2026,25/09/2026,01:12:28,ClassifEspSWE-0002026-05-29_1,JOHANKARLSSON,202609261752HZWP6EHC,2026_26_sep_01,Citizen Science (ultrasonic) - shared
59~40306+18~07249_20260926_011234.wav,DEV_001_20260926_011234.wav,0,59.40306,18.07249,Leppun,Leptophyes punctatissima,Speckled Bush-cricket,bush-cricket,0.99,,,26/09/2026,25/09/2026,01:12:34,ClassifEspSWE-0002026-05-29_1,JOHANKARLSSON,202609261752HZWP6EHC,2026_26_sep_01,Citizen Science (ultrasonic) - shared
59~40306+18~07249_20260926_011241.wav,DEV_001_20260926_011241.wav,0,59.40306,18.07249,Leppun,Leptophyes punctatissima,Speckled Bush-cricket,bush-cricket,0.99,,,26/09/2026,25/09/2026,01:12:41,ClassifEspSWE-0002026-05-29_1,JOHANKARLSSON,202609261752HZWP6EHC,2026_26_sep_01,Citizen Science (ultrasonic) - shared
59~40306+18~07249_20260926_011246.wav,DEV_001_20260926_011246.wav,0,59.40306,18.07249,Leppun,Leptophyes punctatissima,Speckled Bush-cricket,bush-cricket,0.99,,,26/09/2026,25/09/2026,01:12:46,ClassifEspSWE-0002026-05-29_1,JOHANKARLSSON,202609261752HZWP6EHC,2026_26_sep_01,Citizen Science (ultrasonic) - shared
59~40306+18~07249_20260926_011251.wav,DEV_001_20260926_011251.wav,0,59.40306,18.07249,Leppun,Leptophyes punctatissima,Speckled Bush-cricket,bush-cricket,0.99,,,26/09/2026,25/09/2026,01:12:51,ClassifEspSWE-0002026-05-29_1,JOHANKARLSSON,202609261752HZWP6EHC,2026_26_sep_01,Citizen Science (ultrasonic) - shared
59~40306+18~07249_20260926_011258.wav,DEV_001_20260926_011258.wav,0,59.40306,18.07249,Leppun,Leptophyes punctatissima,Speckled Bush-cricket,bush-cricket,0.99,,,26/09/2026,25/09/2026,01:12:58,ClassifEspSWE-0002026-05-29_1,JOHANKARLSSON,202609261752HZWP6EHC,2026_26_sep_01,Citizen Science (ultrasonic) - shared
59~40306+18~07249_20260926_011304.wav,DEV_001_20260926_011304.wav,0,59.40306,18.07249,Leppun,Leptophyes punctatissima,Speckled Bush-cricket,bush-cricket,0.99,,,26/09/2026,25/09/2026,01:13:04,ClassifEspSWE-0002026-05-29_1,JOHANKARLSSON,202609261752HZWP6EHC,2026_26_sep_01,Citizen Science (ultrasonic) - shared
59~40306+18~07249_20260926_011309.wav,DEV_001_20260926_011309.wav,0,59.40306,18.07249,Leppun,Leptophyes punctatissima,Speckled Bush-cricket,bush-cricket,0.99,,,26/09/2026,25/09/2026,01:13:09,ClassifEspSWE-0002026-05-29_1,JOHANKARLSSON,202609261752HZWP6EHC,2026_26_sep_01,Citizen Science (ultrasonic) - shared
59~40306+18~07249_20260926_011317.wav,DEV_001_20260926_011317.wav,0,59.40306,18.07249,Leppun,Leptophyes punctatissima,Speckled Bush-cricket,bush-cricket,0.99,,,26/09/2026,25/09/2026,01:13:17,ClassifEspSWE-0002026-05-29_1,JOHANKARLSSON,202609261752HZWP6EHC,2026_26_sep_01,Citizen Science (ultrasonic) - shared
59~40306+18~07249_20260926_011324.wav,DEV_001_20260926_011324.wav,0,59.40306,18.07249,Leppun,Leptophyes punctatissima,Speckled Bush-cricket,bush-cricket,0.99,,,26/09/2026,25/09/2026,01:13:24,ClassifEspSWE-0002026-05-29_1,JOHANKARLSSON,202609261752HZWP6EHC,2026_26_sep_01,Citizen Science (ultrasonic) - shared
59~40306+18~07249_20260926_011332.wav,DEV_001_20260926_011332.wav,0,59.40306,18.07249,Leppun,Leptophyes punctatissima,Speckled Bush-cricket,bush-cricket,0.99,,,26/09/2026,25/09/2026,01:13:32,ClassifEspSWE-0002026-05-29_1,JOHANKARLSSON,202609261752HZWP6EHC,2026_26_sep_01,Citizen Science (ultrasonic) - shared
59~40306+18~07249_20260926_011338.wav,DEV_001_20260926_011338.wav,0,59.40306,18.07249,Leppun,Leptophyes punctatissima,Speckled Bush-cricket,bush-cricket,0.99,,,26/09/2026,25/09/2026,01:13:38,ClassifEspSWE-0002026-05-29_1,JOHANKARLSSON,202609261752HZWP6EHC,2026_26_sep_01,Citizen Science (ultrasonic) - shared
59~40306+18~07249_20260926_011344.wav,DEV_001_20260926_011344.wav,0,59.40306,18.07249,Leppun,Leptophyes punctatissima,Speckled Bush-cricket,bush-cricket,0.99,,,26/09/2026,25/09/2026,01:13:44,ClassifEspSWE-0002026-05-29_1,JOHANKARLSSON,202609261752HZWP6EHC,2026_26_sep_01,Citizen Science (ultrasonic) - shared
59~40306+18~07249_20260926_011350.wav,DEV_001_20260926_011350.wav,0,59.40306,18.07249,Leppun,Leptophyes punctatissima,Speckled Bush-cricket,bush-cricket,0.99,,,26/09/2026,25/09/2026,01:13:50,ClassifEspSWE-0002026-05-29_1,JOHANKARLSSON,202609261752HZWP6EHC,2026_26_sep_01,Citizen Science (ultrasonic) - shared
59~40306+18~07249_20260926_011356.wav,DEV_001_20260926_011356.wav,0,59.40306,18.07249,Leppun,Leptophyes punctatissima,Speckled Bush-cricket,bush-cricket,0.99,,,26/09/2026,25/09/2026,01:13:56,ClassifEspSWE-0002026-05-29_1,JOHANKARLSSON,202609261752HZWP6EHC,2026_26_sep_01,Citizen Science (ultrasonic) - shared
59~40306+18~07249_20260926_011404.wav,DEV_001_20260926_011404.wav,0,59.40306,18.07249,Leppun,Leptophyes punctatissima,Speckled Bush-cricket,bush-cricket,0.99,,,26/09/2026,25/09/2026,01:14:04,ClassifEspSWE-0002026-05-29_1,JOHANKARLSSON,202609261752HZWP6EHC,2026_26_sep_01,Citizen Science (ultrasonic) - shared
59~40306+18~07249_20260926_011411.wav,DEV_001_20260926_011411.wav,0,59.40306,18.07249,Leppun,Leptophyes punctatissima,Speckled Bush-cricket,bush-cricket,0.99,,,26/09/2026,25/09/2026,01:14:11,ClassifEspSWE-0002026-05-29_1,JOHANKARLSSON,202609261752HZWP6EHC,2026_26_sep_01,Citizen Science (ultrasonic) - shared
59~40306+18~07249_20260926_011418.wav,DEV_001_20260926_011418.wav,0,59.40306,18.07249,Leppun,Leptophyes punctatissima,Speckled Bush-cricket,bush-cricket,0.99,,,26/09/2026,25/09/2026,01:14:18,ClassifEspSWE-0002026-05-29_1,JOHANKARLSSON,202609261752HZWP6EHC,2026_26_sep_01,Citizen Science (ultrasonic) - shared
59~40306+18~07249_20260926_011423.wav,DEV_001_20260926_011423.wav,0,59.40306,18.07249,Leppun,Leptophyes punctatissima,Speckled Bush-cricket,bush-cricket,0.99,,,26/09/2026,25/09/2026,01:14:23,ClassifEspSWE-0002026-05-29_1,JOHANKARLSSON,202609261752HZWP6EHC,2026_26_sep_01,Citizen Science (ultrasonic) - shared
59~40306+18~07249_20260926_011429.wav,DEV_001_20260926_011429.wav,0,59.40306,18.07249,Leppun,Leptophyes punctatissima,Speckled Bush-cricket,bush-cricket,0.99,,,26/09/2026,25/09/2026,01:14:29,ClassifEspSWE-0002026-05-29_1,JOHANKARLSSON,202609261752HZWP6EHC,2026_26_sep_01,Citizen Science (ultrasonic) - shared
59~40306+18~07249_20260926_011434.wav,DEV_001_20260926_011434.wav,0,59.40306,18.07249,Leppun,Leptophyes punctatissima,Speckled Bush-cricket,bush-cricket,0.99,,,26/09/2026,25/09/2026,01:14:34,ClassifEspSWE-0002026-05-29_1,JOHANKARLSSON,202609261752HZWP6EHC,2026_26_sep_01,Citizen Science (ultrasonic) - shared
59~40306+18~07249_20260926_011440.wav,DEV_001_20260926_011440.wav,0,59.40306,18.07249,Leppun,Leptophyes punctatissima,Speckled Bush-cricket,bush-cricket,0.99,,,26/09/2026,25/09/2026,01:14:40,ClassifEspSWE-0002026-05-29_1,JOHANKARLSSON,202609261752HZWP6EHC,2026_26_sep_01,Citizen Science (ultrasonic) - shared
59~40306+18~07249_20260926_011447.wav,DEV_001_20260926_011447.wav,0,59.40306,18.07249,Leppun,Leptophyes punctatissima,Speckled Bush-cricket,bush-cricket,0.99,,,26/09/2026,25/09/2026,01:14:47,ClassifEspSWE-0002026-05-29_1,JOHANKARLSSON,202609261752HZWP6EHC,2026_26_sep_01,Citizen Science (ultrasonic) - shared
59~40306+18~07249_20260926_011453.wav,DEV_001_20260926_011453.wav,0,59.40306,18.07249,Leppun,Leptophyes punctatissima,Speckled Bush-cricket,bush-cricket,0.99,,,26/09/2026,25/09/2026,01:14:53,ClassifEspSWE-0002026-05-29_1,JOHANKARLSSON,202609261752HZWP6EHC,2026_26_sep_01,Citizen Science (ultrasonic) - shared
59~40306+18~07249_20260926_011459.wav,DEV_001_20260926_011459.wav,0,59.40306,18.07249,Leppun,Leptophyes punctatissima,Speckled Bush-cricket,bush-cricket,0.99,,,26/09/2026,25/09/2026,01:14:59,ClassifEspSWE-0002026-05-29_1,JOHANKARLSSON,202609261752HZWP6EHC,2026_26_sep_01,Citizen Science (ultrasonic) - shared
59~40306+18~07249_20260926_011504.wav,DEV_001_20260926_011504.wav,0,59.40306,18.07249,Leppun,Leptophyes punctatissima,Speckled Bush-cricket,bush-cricket,0.99,,,26/09/2026,25/09/2026,01:15:04,ClassifEspSWE-0002026-05-29_1,JOHANKARLSSON,202609261752HZWP6EHC,2026_26_sep_01,Citizen Science (ultrasonic) - shared
59~40306+18~07249_20260926_011509.wav,DEV_001_20260926_011509.wav,0,59.40306,18.07249,Leppun,Leptophyes punctatissima,Speckled Bush-cricket,bush-cricket,0.99,,,26/09/2026,25/09/2026,01:15:09,ClassifEspSWE-0002026-05-29_1,JOHANKARLSSON,202609261752HZWP6EHC,2026_26_sep_01,Citizen Science (ultrasonic) - shared
59~40306+18~07249_20260926_011514.wav,DEV_001_20260926_011514.wav,0,59.40306,18.07249,Leppun,Leptophyes punctatissima,Speckled Bush-cricket,bush-cricket,0.99,,,26/09/2026,25/09/2026,01:15:14,ClassifEspSWE-0002026-05-29_1,JOHANKARLSSON,202609261752HZWP6EHC,2026_26_sep_01,Citizen Science (ultrasonic) - shared
59~40306+18~07249_20260926_011520.wav,DEV_001_20260926_011520.wav,0,59.40306,18.07249,Leppun,Leptophyes punctatissima,Speckled Bush-cricket,bush-cricket,0.99,,,26/09/2026,25/09/2026,01:15:20,ClassifEspSWE-0002026-05-29_1,JOHANKARLSSON,202609261752HZWP6EHC,2026_26_sep_01,Citizen Science (ultrasonic) - shared
59~40306+18~07249_20260926_011528.wav,DEV_001_20260926_011528.wav,0,59.40306,18.07249,Leppun,Leptophyes punctatissima,Speckled Bush-cricket,bush-cricket,0.99,,,26/09/2026,25/09/2026,01:15:28,ClassifEspSWE-0002026-05-29_1,JOHANKARLSSON,202609261752HZWP6EHC,2026_26_sep_01,Citizen Science (ultrasonic) - shared
59~40306+18~07249_20260926_011535.wav,DEV_001_20260926_011535.wav,0,59.40306,18.07249,Leppun,Leptophyes punctatissima,Speckled Bush-cricket,bush-cricket,0.99,,,26/09/2026,25/09/2026,01:15:35,ClassifEspSWE-0002026-05-29_1,JOHANKARLSSON,202609261752HZWP6EHC,2026_26_sep_01,Citizen Science (ultrasonic) - shared
59~40306+18~07249_20260926_011545.wav,DEV_001_20260926_011545.wav,0,59.40306,18.07249,Leppun,Leptophyes punctatissima,Speckled Bush-cricket,bush-cricket,0.99,,,26/09/2026,25/09/2026,01:15:45,ClassifEspSWE-0002026-05-29_1,JOHANKARLSSON,202609261752HZWP6EHC,2026_26_sep_01,Citizen Science (ultrasonic) - shared
59~40306+18~07249_20260926_011552.wav,DEV_001_20260926_011552.wav,0,59.40306,18.07249,Leppun,Leptophyes punctatissima,Speckled Bush-cricket,bush-cricket,0.99,,,26/09/2026,25/09/2026,01:15:52,ClassifEspSWE-0002026-05-29_1,JOHANKARLSSON,202609261752HZWP6EHC,2026_26_sep_01,Citizen Science (ultrasonic) - shared
59~40306+18~07249_20260926_011559.wav,DEV_001_20260926_011559.wav,0,59.40306,18.07249,Leppun,Leptophyes punctatissima,Speckled Bush-cricket,bush-cricket,0.99,,,26/09/2026,25/09/2026,01:15:59,ClassifEspSWE-0002026-05-29_1,JOHANKARLSSON,202609261752HZWP6EHC,2026_26_sep_01,Citizen Science (ultrasonic) - shared
59~40306+18~07249_20260926_011605.wav,DEV_001_20260926_011605.wav,0,59.40306,18.07249,Leppun,Leptophyes punctatissima,Speckled Bush-cricket,bush-cricket,0.99,,,26/09/2026,25/09/2026,01:16:05,ClassifEspSWE-0002026-05-29_1,JOHANKARLSSON,202609261752HZWP6EHC,2026_26_sep_01,Citizen Science (ultrasonic) - shared
59~40306+18~07249_20260926_011610.wav,DEV_001_20260926_011610.wav,0,59.40306,18.07249,Leppun,Leptophyes punctatissima,Speckled Bush-cricket,bush-cricket,0.99,,,26/09/2026,25/09/2026,01:16:10,ClassifEspSWE-0002026-05-29_1,JOHANKARLSSON,202609261752HZWP6EHC,2026_26_sep_01,Citizen Science (ultrasonic) - shared
59~40306+18~07249_20260926_011616.wav,DEV_001_20260926_011616.wav,0,59.40306,18.07249,Leppun,Leptophyes punctatissima,Speckled Bush-cricket,bush-cricket,0.99,,,26/09/2026,25/09/2026,01:16:16,ClassifEspSWE-0002026-05-29_1,JOHANKARLSSON,202609261752HZWP6EHC,2026_26_sep_01,Citizen Science (ultrasonic) - shared
59~40306+18~07249_20260926_011622.wav,DEV_001_20260926_011622.wav,0,59.40306,18.07249,Leppun,Leptophyes punctatissima,Speckled Bush-cricket,bush-cricket,0.99,,,26/09/2026,25/09/2026,01:16:22,ClassifEspSWE-0002026-05-29_1,JOHANKARLSSON,202609261752HZWP6EHC,2026_26_sep_01,Citizen Science (ultrasonic) - shared
59~40306+18~07249_20260926_011629.wav,DEV_001_20260926_011629.wav,0,59.40306,18.07249,Leppun,Leptophyes punctatissima,Speckled Bush-cricket,bush-cricket,0.99,,,26/09/2026,25/09/2026,01:16:29,ClassifEspSWE-0002026-05-29_1,JOHANKARLSSON,202609261752HZWP6EHC,2026_26_sep_01,Citizen Science (ultrasonic) - shared
59~40306+18~07249_20260926_011634.wav,DEV_001_20260926_011634.wav,0,59.40306,18.07249,Leppun,Leptophyes punctatissima,Speckled Bush-cricket,bush-cricket,0.99,,,26/09/2026,25/09/2026,01:16:34,ClassifEspSWE-0002026-05-29_1,JOHANKARLSSON,202609261752HZWP6EHC,2026_26_sep_01,Citizen Science (ultrasonic) - shared
59~40306+18~07249_20260926_011642.wav,DEV_001_20260926_011642.wav,0,59.40306,18.07249,Leppun,Leptophyes punctatissima,Speckled Bush-cricket,bush-cricket,0.99,,,26/09/2026,25/09/2026,01:16:42,ClassifEspSWE-0002026-05-29_1,JOHANKARLSSON,202609261752HZWP6EHC,2026_26_sep_01,Citizen Science (ultrasonic) - shared
59~40306+18~07249_20260926_011649.wav,DEV_001_20260926_011649.wav,0,59.40306,18.07249,Leppun,Leptophyes punctatissima,Speckled Bush-cricket,bush-cricket,0.99,,,26/09/2026,25/09/2026,01:16:49,ClassifEspSWE-0002026-05-29_1,JOHANKARLSSON,202609261752HZWP6EHC,2026_26_sep_01,Citizen Science (ultrasonic) - shared
59~40306+18~07249_20260926_011655.wav,DEV_001_20260926_011655.wav,0,59.40306,18.07249,Leppun,Leptophyes punctatissima,Speckled Bush-cricket,bush-cricket,0.99,,,26/09/2026,25/09/2026,01:16:55,ClassifEspSWE-0002026-05-29_1,JOHANKARLSSON,202609261752HZWP6EHC,2026_26_sep_01,Citizen Science (ultrasonic) - shared
59~40306+18~07249_20260926_011701.wav,DEV_001_20260926_011701.wav,0,59.40306,18.07249,Leppun,Leptophyes punctatissima,Speckled Bush-cricket,bush-cricket,0.99,,,26/09/2026,25/09/2026,01:17:01,ClassifEspSWE-0002026-05-29_1,JOHANKARLSSON,202609261752HZWP6EHC,2026_26_sep_01,Citizen Science (ultrasonic) - shared
59~40306+18~07249_20260926_011707.wav,DEV_001_20260926_011707.wav,0,59.40306,18.07249,Leppun,Leptophyes punctatissima,Speckled Bush-cricket,bush-cricket,0.99,,,26/09/2026,25/09/2026,01:17:07,ClassifEspSWE-0002026-05-29_1,JOHANKARLSSON,202609261752HZWP6EHC,2026_26_sep_01,Citizen Science (ultrasonic) - shared
59~40306+18~07249_20260926_011713.wav,DEV_001_20260926_011713.wav,0,59.40306,18.07249,Leppun,Leptophyes punctatissima,Speckled Bush-cricket,bush-cricket,0.99,,,26/09/2026,25/09/2026,01:17:13,ClassifEspSWE-0002026-05-29_1,JOHANKARLSSON,202609261752HZWP6EHC,2026_26_sep_01,Citizen Science (ultrasonic) - shared
59~40306+18~07249_20260926_011721.wav,DEV_001_20260926_011721.wav,0,59.40306,18.07249,Leppun,Leptophyes punctatissima,Speckled Bush-cricket,bush-cricket,0.99,,,26/09/2026,25/09/2026,01:17:21,ClassifEspSWE-0002026-05-29_1,JOHANKARLSSON,202609261752HZWP6EHC,2026_26_sep_01,Citizen Science (ultrasonic) - shared
59~40306+18~07249_20260926_011729.wav,DEV_001_20260926_011729.wav,0,59.40306,18.07249,Leppun,Leptophyes punctatissima,Speckled Bush-cricket,bush-cricket,0.99,,,26/09/2026,25/09/2026,01:17:29,ClassifEspSWE-0002026-05-29_1,JOHANKARLSSON,202609261752HZWP6EHC,2026_26_sep_01,Citizen Science (ultrasonic) - shared
59~40306+18~07249_20260926_011737.wav,DEV_001_20260926_011737.wav,0,59.40306,18.07249,Leppun,Leptophyes punctatissima,Speckled Bush-cricket,bush-cricket,0.99,,,26/09/2026,25/09/2026,01:17:37,ClassifEspSWE-0002026-05-29_1,JOHANKARLSSON,202609261752HZWP6EHC,2026_26_sep_01,Citizen Science (ultrasonic) - shared
59~40306+18~07249_20260926_011743.wav,DEV_001_20260926_011743.wav,0,59.40306,18.07249,Leppun,Leptophyes punctatissima,Speckled Bush-cricket,bush-cricket,0.99,,,26/09/2026,25/09/2026,01:17:43,ClassifEspSWE-0002026-05-29_1,JOHANKARLSSON,202609261752HZWP6EHC,2026_26_sep_01,Citizen Science (ultrasonic) - shared
59~40306+18~07249_20260926_011749.wav,DEV_001_20260926_011749.wav,0,59.40306,18.07249,Leppun,Leptophyes punctatissima,Speckled Bush-cricket,bush-cricket,0.99,,,26/09/2026,25/09/2026,01:17:49,ClassifEspSWE-0002026-05-29_1,JOHANKARLSSON,202609261752HZWP6EHC,2026_26_sep_01,Citizen Science (ultrasonic) - shared
59~40306+18~07249_20260926_011756.wav,DEV_001_20260926_011756.wav,0,59.40306,18.07249,Leppun,Leptophyes punctatissima,Speckled Bush-cricket,bush-cricket,0.99,,,26/09/2026,25/09/2026,01:17:56,ClassifEspSWE-0002026-05-29_1,JOHANKARLSSON,202609261752HZWP6EHC,2026_26_sep_01,Citizen Science (ultrasonic) - shared
59~40306+18~07249_20260926_011804.wav,DEV_001_20260926_011804.wav,0,59.40306,18.07249,Leppun,Leptophyes punctatissima,Speckled Bush-cricket,bush-cricket,0.99,,,26/09/2026,25/09/2026,01:18:04,ClassifEspSWE-0002026-05-29_1,JOHANKARLSSON,202609261752HZWP6EHC,2026_26_sep_01,Citizen Science (ultrasonic) - shared
59~40306+18~07249_20260926_011809.wav,DEV_001_20260926_011809.wav,0,59.40306,18.07249,Leppun,Leptophyes punctatissima,Speckled Bush-cricket,bush-cricket,0.99,,,26/09/2026,25/09/2026,01:18:09,ClassifEspSWE-0002026-05-29_1,JOHANKARLSSON,202609261752HZWP6EHC,2026_26_sep_01,Citizen Science (ultrasonic) - shared
59~40306+18~07249_20260926_011817.wav,DEV_001_20260926_011817.wav,0,59.40306,18.07249,Leppun,Leptophyes punctatissima,Speckled Bush-cricket,bush-cricket,0.99,,,26/09/2026,25/09/2026,01:18:17,ClassifEspSWE-0002026-05-29_1,JOHANKARLSSON,202609261752HZWP6EHC,2026_26_sep_01,Citizen Science (ultrasonic) - shared
59~40306+18~07249_20260926_011824.wav,DEV_001_20260926_011824.wav,0,59.40306,18.07249,Leppun,Leptophyes punctatissima,Speckled Bush-cricket,bush-cricket,0.99,,,26/09/2026,25/09/2026,01:18:24,ClassifEspSWE-0002026-05-29_1,JOHANKARLSSON,202609261752HZWP6EHC,2026_26_sep_01,Citizen Science (ultrasonic) - shared
59~40306+18~07249_20260926_011830.wav,DEV_001_20260926_011830.wav,0,59.40306,18.07249,Leppun,Leptophyes punctatissima,Speckled Bush-cricket,bush-cricket,0.99,,,26/09/2026,25/09/2026,01:18:30,ClassifEspSWE-0002026-05-29_1,JOHANKARLSSON,202609261752HZWP6EHC,2026_26_sep_01,Citizen Science (ultrasonic) - shared
59~40306+18~07249_20260926_011837.wav,DEV_001_20260926_011837.wav,0,59.40306,18.07249,Leppun,Leptophyes punctatissima,Speckled Bush-cricket,bush-cricket,0.99,,,26/09/2026,25/09/2026,01:18:37,ClassifEspSWE-0002026-05-29_1,JOHANKARLSSON,202609261752HZWP6EHC,2026_26_sep_01,Citizen Science (ultrasonic) - shared
59~40306+18~07249_20260926_011844.wav,DEV_001_20260926_011844.wav,0,59.40306,18.07249,Leppun,Leptophyes punctatissima,Speckled Bush-cricket,bush-cricket,0.99,,,26/09/2026,25/09/2026,01:18:44,ClassifEspSWE-0002026-05-29_1,JOHANKARLSSON,202609261752HZWP6EHC,2026_26_sep_01,Citizen Science (ultrasonic) - shared
59~40306+18~07249_20260926_011851.wav,DEV_001_20260926_011851.wav,0,59.40306,18.07249,Leppun,Leptophyes punctatissima,Speckled Bush-cricket,bush-cricket,0.99,,,26/09/2026,25/09/2026,01:18:51,ClassifEspSWE-0002026-05-29_1,JOHANKARLSSON,202609261752HZWP6EHC,2026_26_sep_01,Citizen Science (ultrasonic) - shared
59~40306+18~07249_20260926_011858.wav,DEV_001_20260926_011858.wav,0,59.40306,18.07249,Leppun,Leptophyes punctatissima,Speckled Bush-cricket,bush-cricket,0.99,,,26/09/2026,25/09/2026,01:18:58,ClassifEspSWE-0002026-05-29_1,JOHANKARLSSON,202609261752HZWP6EHC,2026_26_sep_01,Citizen Science (ultrasonic) - shared
59~40306+18~07249_20260926_011904.wav,DEV_001_20260926_011904.wav,0,59.40306,18.07249,Leppun,Leptophyes punctatissima,Speckled Bush-cricket,bush-cricket,0.99,,,26/09/2026,25/09/2026,01:19:04,ClassifEspSWE-0002026-05-29_1,JOHANKARLSSON,202609261752HZWP6EHC,2026_26_sep_01,Citizen Science (ultrasonic) - shared
59~40306+18~07249_20260926_011911.wav,DEV_001_20260926_011911.wav,0,59.40306,18.07249,Leppun,Leptophyes punctatissima,Speckled Bush-cricket,bush-cricket,0.99,,,26/09/2026,25/09/2026,01:19:11,ClassifEspSWE-0002026-05-29_1,JOHANKARLSSON,202609261752HZWP6EHC,2026_26_sep_01,Citizen Science (ultrasonic) - shared
59~40306+18~07249_20260926_011918.wav,DEV_001_20260926_011918.wav,0,59.40306,18.07249,Leppun,Leptophyes punctatissima,Speckled Bush-cricket,bush-cricket,0.99,,,26/09/2026,25/09/2026,01:19:18,ClassifEspSWE-0002026-05-29_1,JOHANKARLSSON,202609261752HZWP6EHC,2026_26_sep_01,Citizen Science (ultrasonic) - shared
59~40306+18~07249_20260926_011926.wav,DEV_001_20260926_011926.wav,0,59.40306,18.07249,Leppun,Leptophyes punctatissima,Speckled Bush-cricket,bush-cricket,0.99,,,26/09/2026,25/09/2026,01:19:26,ClassifEspSWE-0002026-05-29_1,JOHANKARLSSON,202609261752HZWP6EHC,2026_26_sep_01,Citizen Science (ultrasonic) - shared
59~40306+18~07249_20260926_011931.wav,DEV_001_20260926_011931.wav,0,59.40306,18.07249,Leppun,Leptophyes punctatissima,Speckled Bush-cricket,bush-cricket,0.99,,,26/09/2026,25/09/2026,01:19:31,ClassifEspSWE-0002026-05-29_1,JOHANKARLSSON,202609261752HZWP6EHC,2026_26_sep_01,Citizen Science (ultrasonic) - shared
59~40306+18~07249_20260926_011937.wav,DEV_001_20260926_011937.wav,0,59.40306,18.07249,Leppun,Leptophyes punctatissima,Speckled Bush-cricket,bush-cricket,0.99,,,26/09/2026,25/09/2026,01:19:37,ClassifEspSWE-0002026-05-29_1,JOHANKARLSSON,202609261752HZWP6EHC,2026_26_sep_01,Citizen Science (ultrasonic) - shared
59~40306+18~07249_20260926_011945.wav,DEV_001_20260926_011945.wav,0,59.40306,18.07249,Leppun,Leptophyes punctatissima,Speckled Bush-cricket,bush-cricket,0.99,,,26/09/2026,25/09/2026,01:19:45,ClassifEspSWE-0002026-05-29_1,JOHANKARLSSON,202609261752HZWP6EHC,2026_26_sep_01,Citizen Science (ultrasonic) - shared
59~40306+18~07249_20260926_011950.wav,DEV_001_20260926_011950.wav,0,59.40306,18.07249,Leppun,Leptophyes punctatissima,Speckled Bush-cricket,bush-cricket,0.99,,,26/09/2026,25/09/2026,01:19:50,ClassifEspSWE-0002026-05-29_1,JOHANKARLSSON,202609261752HZWP6EHC,2026_26_sep_01,Citizen Science (ultrasonic) - shared
59~40306+18~07249_20260926_011957.wav,DEV_001_20260926_011957.wav,0,59.40306,18.07249,Leppun,Leptophyes punctatissima,Speckled Bush-cricket,bush-cricket,0.99,,,26/09/2026,25/09/2026,01:19:57,ClassifEspSWE-0002026-05-29_1,JOHANKARLSSON,202609261752HZWP6EHC,2026_26_sep_01,Citizen Science (ultrasonic) - shared
59~40306+18~07249_20260926_012002.wav,DEV_001_20260926_012002.wav,0,59.40306,18.07249,Leppun,Leptophyes punctatissima,Speckled Bush-cricket,bush-cricket,0.99,,,26/09/2026,25/09/2026,01:20:02,ClassifEspSWE-0002026-05-29_1,JOHANKARLSSON,202609261752HZWP6EHC,2026_26_sep_01,Citizen Science (ultrasonic) - shared
59~40306+18~07249_20260926_012009.wav,DEV_001_20260926_012009.wav,0,59.40306,18.07249,Leppun,Leptophyes punctatissima,Speckled Bush-cricket,bush-cricket,0.99,,,26/09/2026,25/09/2026,01:20:09,ClassifEspSWE-0002026-05-29_1,JOHANKARLSSON,202609261752HZWP6EHC,2026_26_sep_01,Citizen Science (ultrasonic) - shared
59~40306+18~07249_20260926_012014.wav,DEV_001_20260926_012014.wav,0,59.40306,18.07249,Leppun,Leptophyes punctatissima,Speckled Bush-cricket,bush-cricket,0.99,,,26/09/2026,25/09/2026,01:20:14,ClassifEspSWE-0002026-05-29_1,JOHANKARLSSON,202609261752HZWP6EHC,2026_26_sep_01,Citizen Science (ultrasonic) - shared
59~40306+18~07249_20260926_012020.wav,DEV_001_20260926_012020.wav,0,59.40306,18.07249,Leppun,Leptophyes punctatissima,Speckled Bush-cricket,bush-cricket,0.99,,,26/09/2026,25/09/2026,01:20:20,ClassifEspSWE-0002026-05-29_1,JOHANKARLSSON,202609261752HZWP6EHC,2026_26_sep_01,Citizen Science (ultrasonic) - shared
59~40306+18~07249_20260926_012028.wav,DEV_001_20260926_012028.wav,0,59.40306,18.07249,Leppun,Leptophyes punctatissima,Speckled Bush-cricket,bush-cricket,0.99,,,26/09/2026,25/09/2026,01:20:28,ClassifEspSWE-0002026-05-29_1,JOHANKARLSSON,202609261752HZWP6EHC,2026_26_sep_01,Citizen Science (ultrasonic) - shared
59~40306+18~07249_20260926_012033.wav,DEV_001_20260926_012033.wav,0,59.40306,18.07249,Leppun,Leptophyes punctatissima,Speckled Bush-cricket,bush-cricket,0.99,,,26/09/2026,25/09/2026,01:20:33,ClassifEspSWE-0002026-05-29_1,JOHANKARLSSON,202609261752HZWP6EHC,2026_26_sep_01,Citizen Science (ultrasonic) - shared
59~40306+18~07249_20260926_012038.wav,DEV_001_20260926_012038.wav,0,59.40306,18.07249,Leppun,Leptophyes punctatissima,Speckled Bush-cricket,bush-cricket,0.99,,,26/09/2026,25/09/2026,01:20:38,ClassifEspSWE-0002026-05-29_1,JOHANKARLSSON,202609261752HZWP6EHC,2026_26_sep_01,Citizen Science (ultrasonic) - shared
59~40306+18~07249_20260926_012044.wav,DEV_001_20260926_012044.wav,0,59.40306,18.07249,Leppun,Leptophyes punctatissima,Speckled Bush-cricket,bush-cricket,0.99,,,26/09/2026,25/09/2026,01:20:44,ClassifEspSWE-0002026-05-29_1,JOHANKARLSSON,202609261752HZWP6EHC,2026_26_sep_01,Citizen Science (ultrasonic) - shared
59~40306+18~07249_20260926_012050.wav,DEV_001_20260926_012050.wav,0,59.40306,18.07249,Leppun,Leptophyes punctatissima,Speckled Bush-cricket,bush-cricket,0.99,,,26/09/2026,25/09/2026,01:20:50,ClassifEspSWE-0002026-05-29_1,JOHANKARLSSON,202609261752HZWP6EHC,2026_26_sep_01,Citizen Science (ultrasonic) - shared
59~40306+18~07249_20260926_012057.wav,DEV_001_20260926_012057.wav,0,59.40306,18.07249,Leppun,Leptophyes punctatissima,Speckled Bush-cricket,bush-cricket,0.99,,,26/09/2026,25/09/2026,01:20:57,ClassifEspSWE-0002026-05-29_1,JOHANKARLSSON,202609261752HZWP6EHC,2026_26_sep_01,Citizen Science (ultrasonic) - shared
59~40306+18~07249_20260926_012104.wav,DEV_001_20260926_012104.wav,0,59.40306,18.07249,Leppun,Leptophyes punctatissima,Speckled Bush-cricket,bush-cricket,0.99,,,26/09/2026,25/09/2026,01:21:04,ClassifEspSWE-0002026-05-29_1,JOHANKARLSSON,202609261752HZWP6EHC,2026_26_sep_01,Citizen Science (ultrasonic) - shared
59~40306+18~07249_20260926_012111.wav,DEV_001_20260926_012111.wav,0,59.40306,18.07249,Leppun,Leptophyes punctatissima,Speckled Bush-cricket,bush-cricket,0.99,,,26/09/2026,25/09/2026,01:21:11,ClassifEspSWE-0002026-05-29_1,JOHANKARLSSON,202609261752HZWP6EHC,2026_26_sep_01,Citizen Science (ultrasonic) - shared
59~40306+18~07249_20260926_012118.wav,DEV_001_20260926_012118.wav,0,59.40306,18.07249,Leppun,Leptophyes punctatissima,Speckled Bush-cricket,bush-cricket,0.99,,,26/09/2026,25/09/2026,01:21:18,ClassifEspSWE-0002026-05-29_1,JOHANKARLSSON,202609261752HZWP6EHC,2026_26_sep_01,Citizen Science (ultrasonic) - shared
59~40306+18~07249_20260926_012125.wav,DEV_001_20260926_012125.wav,0,59.40306,18.07249,Leppun,Leptophyes punctatissima,Speckled Bush-cricket,bush-cricket,0.99,,,26/09/2026,25/09/2026,01:21:25,ClassifEspSWE-0002026-05-29_1,JOHANKARLSSON,202609261752HZWP6EHC,2026_26_sep_01,Citizen Science (ultrasonic) - shared
59~40306+18~07249_20260926_012130.wav,DEV_001_20260926_012130.wav,0,59.40306,18.07249,Leppun,Leptophyes punctatissima,Speckled Bush-cricket,bush-cricket,0.99,,,26/09/2026,25/09/2026,01:21:30,ClassifEspSWE-0002026-05-29_1,JOHANKARLSSON,202609261752HZWP6EHC,2026_26_sep_01,Citizen Science (ultrasonic) - shared
59~40306+18~07249_20260926_012137.wav,DEV_001_20260926_012137.wav,0,59.40306,18.07249,Leppun,Leptophyes punctatissima,Speckled Bush-cricket,bush-cricket,0.99,,,26/09/2026,25/09/2026,01:21:37,ClassifEspSWE-0002026-05-29_1,JOHANKARLSSON,202609261752HZWP6EHC,2026_26_sep_01,Citizen Science (ultrasonic) - shared
59~40306+18~07249_20260926_012144.wav,DEV_001_20260926_012144.wav,0,59.40306,18.07249,Leppun,Leptophyes punctatissima,Speckled Bush-cricket,bush-cricket,0.99,,,26/09/2026,25/09/2026,01:21:44,ClassifEspSWE-0002026-05-29_1,JOHANKARLSSON,202609261752HZWP6EHC,2026_26_sep_01,Citizen Science (ultrasonic) - shared
59~40306+18~07249_20260926_012151.wav,DEV_001_20260926_012151.wav,0,59.40306,18.07249,Leppun,Leptophyes punctatissima,Speckled Bush-cricket,bush-cricket,0.99,,,26/09/2026,25/09/2026,01:21:51,ClassifEspSWE-0002026-05-29_1,JOHANKARLSSON,202609261752HZWP6EHC,2026_26_sep_01,Citizen Science (ultrasonic) - shared
59~40306+18~07249_20260926_012158.wav,DEV_001_20260926_012158.wav,0,59.40306,18.07249,Leppun,Leptophyes punctatissima,Speckled Bush-cricket,bush-cricket,0.99,,,26/09/2026,25/09/2026,01:21:58,ClassifEspSWE-0002026-05-29_1,JOHANKARLSSON,202609261752HZWP6EHC,2026_26_sep_01,Citizen Science (ultrasonic) - shared
59~40306+18~07249_20260926_012203.wav,DEV_001_20260926_012203.wav,0,59.40306,18.07249,Leppun,Leptophyes punctatissima,Speckled Bush-cricket,bush-cricket,0.99,,,26/09/2026,25/09/2026,01:22:03,ClassifEspSWE-0002026-05-29_1,JOHANKARLSSON,202609261752HZWP6EHC,2026_26_sep_01,Citizen Science (ultrasonic) - shared
59~40306+18~07249_20260926_012209.wav,DEV_001_20260926_012209.wav,0,59.40306,18.07249,Leppun,Leptophyes punctatissima,Speckled Bush-cricket,bush-cricket,0.99,,,26/09/2026,25/09/2026,01:22:09,ClassifEspSWE-0002026-05-29_1,JOHANKARLSSON,202609261752HZWP6EHC,2026_26_sep_01,Citizen Science (ultrasonic) - shared
59~40306+18~07249_20260926_012214.wav,DEV_001_20260926_012214.wav,0,59.40306,18.07249,Leppun,Leptophyes punctatissima,Speckled Bush-cricket,bush-cricket,0.99,,,26/09/2026,25/09/2026,01:22:14,ClassifEspSWE-0002026-05-29_1,JOHANKARLSSON,202609261752HZWP6EHC,2026_26_sep_01,Citizen Science (ultrasonic) - shared
59~40306+18~07249_20260926_012220.wav,DEV_001_20260926_012220.wav,0,59.40306,18.07249,Leppun,Leptophyes punctatissima,Speckled Bush-cricket,bush-cricket,0.99,,,26/09/2026,25/09/2026,01:22:20,ClassifEspSWE-0002026-05-29_1,JOHANKARLSSON,202609261752HZWP6EHC,2026_26_sep_01,Citizen Science (ultrasonic) - shared
59~40306+18~07249_20260926_012227.wav,DEV_001_20260926_012227.wav,0,59.40306,18.07249,Leppun,Leptophyes punctatissima,Speckled Bush-cricket,bush-cricket,0.99,,,26/09/2026,25/09/2026,01:22:27,ClassifEspSWE-0002026-05-29_1,JOHANKARLSSON,202609261752HZWP6EHC,2026_26_sep_01,Citizen Science (ultrasonic) - shared
59~40306+18~07249_20260926_012232.wav,DEV_001_20260926_012232.wav,0,59.40306,18.07249,Leppun,Leptophyes punctatissima,Speckled Bush-cricket,bush-cricket,0.99,,,26/09/2026,25/09/2026,01:22:32,ClassifEspSWE-0002026-05-29_1,JOHANKARLSSON,202609261752HZWP6EHC,2026_26_sep_01,Citizen Science (ultrasonic) - shared
59~40306+18~07249_20260926_012240.wav,DEV_001_20260926_012240.wav,0,59.40306,18.07249,Leppun,Leptophyes punctatissima,Speckled Bush-cricket,bush-cricket,0.99,,,26/09/2026,25/09/2026,01:22:40,ClassifEspSWE-0002026-05-29_1,JOHANKARLSSON,202609261752HZWP6EHC,2026_26_sep_01,Citizen Science (ultrasonic) - shared
59~40306+18~07249_20260926_012248.wav,DEV_001_20260926_012248.wav,0,59.40306,18.07249,Leppun,Leptophyes punctatissima,Speckled Bush-cricket,bush-cricket,0.99,,,26/09/2026,25/09/2026,01:22:48,ClassifEspSWE-0002026-05-29_1,JOHANKARLSSON,202609261752HZWP6EHC,2026_26_sep_01,Citizen Science (ultrasonic) - shared
59~40306+18~07249_20260926_012256.wav,DEV_001_20260926_012256.wav,0,59.40306,18.07249,Leppun,Leptophyes punctatissima,Speckled Bush-cricket,bush-cricket,0.99,,,26/09/2026,25/09/2026,01:22:56,ClassifEspSWE-0002026-05-29_1,JOHANKARLSSON,202609261752HZWP6EHC,2026_26_sep_01,Citizen Science (ultrasonic) - shared
59~40306+18~07249_20260926_012302.wav,DEV_001_20260926_012302.wav,0,59.40306,18.07249,Leppun,Leptophyes punctatissima,Speckled Bush-cricket,bush-cricket,0.99,,,26/09/2026,25/09/2026,01:23:02,ClassifEspSWE-0002026-05-29_1,JOHANKARLSSON,202609261752HZWP6EHC,2026_26_sep_01,Citizen Science (ultrasonic) - shared
59~40306+18~07249_20260926_012309.wav,DEV_001_20260926_012309.wav,0,59.40306,18.07249,Leppun,Leptophyes punctatissima,Speckled Bush-cricket,bush-cricket,0.99,,,26/09/2026,25/09/2026,01:23:09,ClassifEspSWE-0002026-05-29_1,JOHANKARLSSON,202609261752HZWP6EHC,2026_26_sep_01,Citizen Science (ultrasonic) - shared
59~40306+18~07249_20260926_012315.wav,DEV_001_20260926_012315.wav,0,59.40306,18.07249,Leppun,Leptophyes punctatissima,Speckled Bush-cricket,bush-cricket,0.99,,,26/09/2026,25/09/2026,01:23:15,ClassifEspSWE-0002026-05-29_1,JOHANKARLSSON,202609261752HZWP6EHC,2026_26_sep_01,Citizen Science (ultrasonic) - shared
59~40306+18~07249_20260926_012322.wav,DEV_001_20260926_012322.wav,0,59.40306,18.07249,Leppun,Leptophyes punctatissima,Speckled Bush-cricket,bush-cricket,0.99,,,26/09/2026,25/09/2026,01:23:22,ClassifEspSWE-0002026-05-29_1,JOHANKARLSSON,202609261752HZWP6EHC,2026_26_sep_01,Citizen Science (ultrasonic) - shared
59~40306+18~07249_20260926_012327.wav,DEV_001_20260926_012327.wav,0,59.40306,18.07249,Leppun,Leptophyes punctatissima,Speckled Bush-cricket,bush-cricket,0.99,,,26/09/2026,25/09/2026,01:23:27,ClassifEspSWE-0002026-05-29_1,JOHANKARLSSON,202609261752HZWP6EHC,2026_26_sep_01,Citizen Science (ultrasonic) - shared
59~40306+18~07249_20260926_012332.wav,DEV_001_20260926_012332.wav,0,59.40306,18.07249,Leppun,Leptophyes punctatissima,Speckled Bush-cricket,bush-cricket,0.99,,,26/09/2026,25/09/2026,01:23:32,ClassifEspSWE-0002026-05-29_1,JOHANKARLSSON,202609261752HZWP6EHC,2026_26_sep_01,Citizen Science (ultrasonic) - shared
59~40306+18~07249_20260926_012338.wav,DEV_001_20260926_012338.wav,0,59.40306,18.07249,Leppun,Leptophyes punctatissima,Speckled Bush-cricket,bush-cricket,0.99,,,26/09/2026,25/09/2026,01:23:38,ClassifEspSWE-0002026-05-29_1,JOHANKARLSSON,202609261752HZWP6EHC,2026_26_sep_01,Citizen Science (ultrasonic) - shared
59~40306+18~07249_20260926_012344.wav,DEV_001_20260926_012344.wav,0,59.40306,18.07249,Leppun,Leptophyes punctatissima,Speckled Bush-cricket,bush-cricket,0.99,,,26/09/2026,25/09/2026,01:23:44,ClassifEspSWE-0002026-05-29_1,JOHANKARLSSON,202609261752HZWP6EHC,2026_26_sep_01,Citizen Science (ultrasonic) - shared
59~40306+18~07249_20260926_012350.wav,DEV_001_20260926_012350.wav,0,59.40306,18.07249,Leppun,Leptophyes punctatissima,Speckled Bush-cricket,bush-cricket,0.99,,,26/09/2026,25/09/2026,01:23:50,ClassifEspSWE-0002026-05-29_1,JOHANKARLSSON,202609261752HZWP6EHC,2026_26_sep_01,Citizen Science (ultrasonic) - shared
59~40306+18~07249_20260926_012358.wav,DEV_001_20260926_012358.wav,0,59.40306,18.07249,Leppun,Leptophyes punctatissima,Speckled Bush-cricket,bush-cricket,0.99,,,26/09/2026,25/09/2026,01:23:58,ClassifEspSWE-0002026-05-29_1,JOHANKARLSSON,202609261752HZWP6EHC,2026_26_sep_01,Citizen Science (ultrasonic) - shared
59~40306+18~07249_20260926_012403.wav,DEV_001_20260926_012403.wav,0,59.40306,18.07249,Leppun,Leptophyes punctatissima,Speckled Bush-cricket,bush-cricket,0.99,,,26/09/2026,25/09/2026,01:24:03,ClassifEspSWE-0002026-05-29_1,JOHANKARLSSON,202609261752HZWP6EHC,2026_26_sep_01,Citizen Science (ultrasonic) - shared
59~40306+18~07249_20260926_012410.wav,DEV_001_20260926_012410.wav,0,59.40306,18.07249,Leppun,Leptophyes punctatissima,Speckled Bush-cricket,bush-cricket,0.99,,,26/09/2026,25/09/2026,01:24:10,ClassifEspSWE-0002026-05-29_1,JOHANKARLSSON,202609261752HZWP6EHC,2026_26_sep_01,Citizen Science (ultrasonic) - shared
59~40306+18~07249_20260926_012416.wav,DEV_001_20260926_012416.wav,0,59.40306,18.07249,Leppun,Leptophyes punctatissima,Speckled Bush-cricket,bush-cricket,0.99,,,26/09/2026,25/09/2026,01:24:16,ClassifEspSWE-0002026-05-29_1,JOHANKARLSSON,202609261752HZWP6EHC,2026_26_sep_01,Citizen Science (ultrasonic) - shared
59~40306+18~07249_20260926_012424.wav,DEV_001_20260926_012424.wav,0,59.40306,18.07249,Leppun,Leptophyes punctatissima,Speckled Bush-cricket,bush-cricket,0.99,,,26/09/2026,25/09/2026,01:24:24,ClassifEspSWE-0002026-05-29_1,JOHANKARLSSON,202609261752HZWP6EHC,2026_26_sep_01,Citizen Science (ultrasonic) - shared
59~40306+18~07249_20260926_012431.wav,DEV_001_20260926_012431.wav,0,59.40306,18.07249,Leppun,Leptophyes punctatissima,Speckled Bush-cricket,bush-cricket,0.99,,,26/09/2026,25/09/2026,01:24:31,ClassifEspSWE-0002026-05-29_1,JOHANKARLSSON,202609261752HZWP6EHC,2026_26_sep_01,Citizen Science (ultrasonic) - shared
59~40306+18~07249_20260926_012438.wav,DEV_001_20260926_012438.wav,0,59.40306,18.07249,Leppun,Leptophyes punctatissima,Speckled Bush-cricket,bush-cricket,0.99,,,26/09/2026,25/09/2026,01:24:38,ClassifEspSWE-0002026-05-29_1,JOHANKARLSSON,202609261752HZWP6EHC,2026_26_sep_01,Citizen Science (ultrasonic) - shared
59~40306+18~07249_20260926_012443.wav,DEV_001_20260926_012443.wav,0,59.40306,18.07249,Leppun,Leptophyes punctatissima,Speckled Bush-cricket,bush-cricket,0.99,,,26/09/2026,25/09/2026,01:24:43,ClassifEspSWE-0002026-05-29_1,JOHANKARLSSON,202609261752HZWP6EHC,2026_26_sep_01,Citizen Science (ultrasonic) - shared
59~40306+18~07249_20260926_012450.wav,DEV_001_20260926_012450.wav,0,59.40306,18.07249,Leppun,Leptophyes punctatissima,Speckled Bush-cricket,bush-cricket,0.99,,,26/09/2026,25/09/2026,01:24:50,ClassifEspSWE-0002026-05-29_1,JOHANKARLSSON,202609261752HZWP6EHC,2026_26_sep_01,Citizen Science (ultrasonic) - shared
59~40306+18~07249_20260926_012456.wav,DEV_001_20260926_012456.wav,0,59.40306,18.07249,Leppun,Leptophyes punctatissima,Speckled Bush-cricket,bush-cricket,0.99,,,26/09/2026,25/09/2026,01:24:56,ClassifEspSWE-0002026-05-29_1,JOHANKARLSSON,202609261752HZWP6EHC,2026_26_sep_01,Citizen Science (ultrasonic) - shared
59~40306+18~07249_20260926_012503.wav,DEV_001_20260926_012503.wav,0,59.40306,18.07249,Leppun,Leptophyes punctatissima,Speckled Bush-cricket,bush-cricket,0.99,,,26/09/2026,25/09/2026,01:25:03,ClassifEspSWE-0002026-05-29_1,JOHANKARLSSON,202609261752HZWP6EHC,2026_26_sep_01,Citizen Science (ultrasonic) - shared
59~40306+18~07249_20260926_012510.wav,DEV_001_20260926_012510.wav,0,59.40306,18.07249,Leppun,Leptophyes punctatissima,Speckled Bush-cricket,bush-cricket,0.99,,,26/09/2026,25/09/2026,01:25:10,ClassifEspSWE-0002026-05-29_1,JOHANKARLSSON,202609261752HZWP6EHC,2026_26_sep_01,Citizen Science (ultrasonic) - shared
59~40306+18~07249_20260926_012517.wav,DEV_001_20260926_012517.wav,0,59.40306,18.07249,Leppun,Leptophyes punctatissima,Speckled Bush-cricket,bush-cricket,0.99,,,26/09/2026,25/09/2026,01:25:17,ClassifEspSWE-0002026-05-29_1,JOHANKARLSSON,202609261752HZWP6EHC,2026_26_sep_01,Citizen Science (ultrasonic) - shared
59~40306+18~07249_20260926_012523.wav,DEV_001_20260926_012523.wav,0,59.40306,18.07249,Leppun,Leptophyes punctatissima,Speckled Bush-cricket,bush-cricket,0.99,,,26/09/2026,25/09/2026,01:25:23,ClassifEspSWE-0002026-05-29_1,JOHANKARLSSON,202609261752HZWP6EHC,2026_26_sep_01,Citizen Science (ultrasonic) - shared
59~40306+18~07249_20260926_012530.wav,DEV_001_20260926_012530.wav,0,59.40306,18.07249,Leppun,Leptophyes punctatissima,Speckled Bush-cricket,bush-cricket,0.99,,,26/09/2026,25/09/2026,01:25:30,ClassifEspSWE-0002026-05-29_1,JOHANKARLSSON,202609261752HZWP6EHC,2026_26_sep_01,Citizen Science (ultrasonic) - shared
59~40306+18~07249_20260926_012536.wav,DEV_001_20260926_012536.wav,0,59.40306,18.07249,Leppun,Leptophyes punctatissima,Speckled Bush-cricket,bush-cricket,0.99,,,26/09/2026,25/09/2026,01:25:36,ClassifEspSWE-0002026-05-29_1,JOHANKARLSSON,202609261752HZWP6EHC,2026_26_sep_01,Citizen Science (ultrasonic) - shared
59~40306+18~07249_20260926_012542.wav,DEV_001_20260926_012542.wav,0,59.40306,18.07249,Leppun,Leptophyes punctatissima,Speckled Bush-cricket,bush-cricket,0.99,,,26/09/2026,25/09/2026,01:25:42,ClassifEspSWE-0002026-05-29_1,JOHANKARLSSON,202609261752HZWP6EHC,2026_26_sep_01,Citizen Science (ultrasonic) - shared
59~40306+18~07249_20260926_012548.wav,DEV_001_20260926_012548.wav,0,59.40306,18.07249,Leppun,Leptophyes punctatissima,Speckled Bush-cricket,bush-cricket,0.99,,,26/09/2026,25/09/2026,01:25:48,ClassifEspSWE-0002026-05-29_1,JOHANKARLSSON,202609261752HZWP6EHC,2026_26_sep_01,Citizen Science (ultrasonic) - shared
59~40306+18~07249_20260926_012554.wav,DEV_001_20260926_012554.wav,0,59.40306,18.07249,Leppun,Leptophyes punctatissima,Speckled Bush-cricket,bush-cricket,0.99,,,26/09/2026,25/09/2026,01:25:54,ClassifEspSWE-0002026-05-29_1,JOHANKARLSSON,202609261752HZWP6EHC,2026_26_sep_01,Citizen Science (ultrasonic) - shared
59~40306+18~07249_20260926_012600.wav,DEV_001_20260926_012600.wav,0,59.40306,18.07249,Leppun,Leptophyes punctatissima,Speckled Bush-cricket,bush-cricket,0.99,,,26/09/2026,25/09/2026,01:26:00,ClassifEspSWE-0002026-05-29_1,JOHANKARLSSON,202609261752HZWP6EHC,2026_26_sep_01,Citizen Science (ultrasonic) - shared
59~40306+18~07249_20260926_012606.wav,DEV_001_20260926_012606.wav,0,59.40306,18.07249,Leppun,Leptophyes punctatissima,Speckled Bush-cricket,bush-cricket,0.99,,,26/09/2026,25/09/2026,01:26:06,ClassifEspSWE-0002026-05-29_1,JOHANKARLSSON,202609261752HZWP6EHC,2026_26_sep_01,Citizen Science (ultrasonic) - shared
59~40306+18~07249_20260926_012613.wav,DEV_001_20260926_012613.wav,0,59.40306,18.07249,Leppun,Leptophyes punctatissima,Speckled Bush-cricket,bush-cricket,0.99,,,26/09/2026,25/09/2026,01:26:13,ClassifEspSWE-0002026-05-29_1,JOHANKARLSSON,202609261752HZWP6EHC,2026_26_sep_01,Citizen Science (ultrasonic) - shared
59~40306+18~07249_20260926_012618.wav,DEV_001_20260926_012618.wav,0,59.40306,18.07249,Leppun,Leptophyes punctatissima,Speckled Bush-cricket,bush-cricket,0.99,,,26/09/2026,25/09/2026,01:26:18,ClassifEspSWE-0002026-05-29_1,JOHANKARLSSON,202609261752HZWP6EHC,2026_26_sep_01,Citizen Science (ultrasonic) - shared
59~40306+18~07249_20260926_012626.wav,DEV_001_20260926_012626.wav,0,59.40306,18.07249,Leppun,Leptophyes punctatissima,Speckled Bush-cricket,bush-cricket,0.99,,,26/09/2026,25/09/2026,01:26:26,ClassifEspSWE-0002026-05-29_1,JOHANKARLSSON,202609261752HZWP6EHC,2026_26_sep_01,Citizen Science (ultrasonic) - shared
59~40306+18~07249_20260926_012634.wav,DEV_001_20260926_012634.wav,0,59.40306,18.07249,Leppun,Leptophyes punctatissima,Speckled Bush-cricket,bush-cricket,0.99,,,26/09/2026,25/09/2026,01:26:34,ClassifEspSWE-0002026-05-29_1,JOHANKARLSSON,202609261752HZWP6EHC,2026_26_sep_01,Citizen Science (ultrasonic) - shared
59~40306+18~07249_20260926_012639.wav,DEV_001_20260926_012639.wav,0,59.40306,18.07249,Leppun,Leptophyes punctatissima,Speckled Bush-cricket,bush-cricket,0.99,,,26/09/2026,25/09/2026,01:26:39,ClassifEspSWE-0002026-05-29_1,JOHANKARLSSON,202609261752HZWP6EHC,2026_26_sep_01,Citizen Science (ultrasonic) - shared
59~40306+18~07249_20260926_012645.wav,DEV_001_20260926_012645.wav,0,59.40306,18.07249,Leppun,Leptophyes punctatissima,Speckled Bush-cricket,bush-cricket,0.99,,,26/09/2026,25/09/2026,01:26:45,ClassifEspSWE-0002026-05-29_1,JOHANKARLSSON,202609261752HZWP6EHC,2026_26_sep_01,Citizen Science (ultrasonic) - shared
59~40306+18~07249_20260926_012651.wav,DEV_001_20260926_012651.wav,0,59.40306,18.07249,Leppun,Leptophyes punctatissima,Speckled Bush-cricket,bush-cricket,0.99,,,26/09/2026,25/09/2026,01:26:51,ClassifEspSWE-0002026-05-29_1,JOHANKARLSSON,202609261752HZWP6EHC,2026_26_sep_01,Citizen Science (ultrasonic) - shared
59~40306+18~07249_20260926_012657.wav,DEV_001_20260926_012657.wav,0,59.40306,18.07249,Leppun,Leptophyes punctatissima,Speckled Bush-cricket,bush-cricket,0.99,,,26/09/2026,25/09/2026,01:26:57,ClassifEspSWE-0002026-05-29_1,JOHANKARLSSON,202609261752HZWP6EHC,2026_26_sep_01,Citizen Science (ultrasonic) - shared
59~40306+18~07249_20260926_012702.wav,DEV_001_20260926_012702.wav,0,59.40306,18.07249,Leppun,Leptophyes punctatissima,Speckled Bush-cricket,bush-cricket,0.99,,,26/09/2026,25/09/2026,01:27:02,ClassifEspSWE-0002026-05-29_1,JOHANKARLSSON,202609261752HZWP6EHC,2026_26_sep_01,Citizen Science (ultrasonic) - shared
59~40306+18~07249_20260926_012707.wav,DEV_001_20260926_012707.wav,0,59.40306,18.07249,Leppun,Leptophyes punctatissima,Speckled Bush-cricket,bush-cricket,0.99,,,26/09/2026,25/09/2026,01:27:07,ClassifEspSWE-0002026-05-29_1,JOHANKARLSSON,202609261752HZWP6EHC,2026_26_sep_01,Citizen Science (ultrasonic) - shared
59~40306+18~07249_20260926_012715.wav,DEV_001_20260926_012715.wav,0,59.40306,18.07249,Leppun,Leptophyes punctatissima,Speckled Bush-cricket,bush-cricket,0.99,,,26/09/2026,25/09/2026,01:27:15,ClassifEspSWE-0002026-05-29_1,JOHANKARLSSON,202609261752HZWP6EHC,2026_26_sep_01,Citizen Science (ultrasonic) - shared
59~40306+18~07249_20260926_012720.wav,DEV_001_20260926_012720.wav,0,59.40306,18.07249,Leppun,Leptophyes punctatissima,Speckled Bush-cricket,bush-cricket,0.99,,,26/09/2026,25/09/2026,01:27:20,ClassifEspSWE-0002026-05-29_1,JOHANKARLSSON,202609261752HZWP6EHC,2026_26_sep_01,Citizen Science (ultrasonic) - shared
59~40306+18~07249_20260926_012725.wav,DEV_001_20260926_012725.wav,0,59.40306,18.07249,Leppun,Leptophyes punctatissima,Speckled Bush-cricket,bush-cricket,0.99,,,26/09/2026,25/09/2026,01:27:25,ClassifEspSWE-0002026-05-29_1,JOHANKARLSSON,202609261752HZWP6EHC,2026_26_sep_01,Citizen Science (ultrasonic) - shared
59~40306+18~07249_20260926_012732.wav,DEV_001_20260926_012732.wav,0,59.40306,18.07249,Leppun,Leptophyes punctatissima,Speckled Bush-cricket,bush-cricket,0.99,,,26/09/2026,25/09/2026,01:27:32,ClassifEspSWE-0002026-05-29_1,JOHANKARLSSON,202609261752HZWP6EHC,2026_26_sep_01,Citizen Science (ultrasonic) - shared
59~40306+18~07249_20260926_012739.wav,DEV_001_20260926_012739.wav,0,59.40306,18.07249,Leppun,Leptophyes punctatissima,Speckled Bush-cricket,bush-cricket,0.99,,,26/09/2026,25/09/2026,01:27:39,ClassifEspSWE-0002026-05-29_1,JOHANKARLSSON,202609261752HZWP6EHC,2026_26_sep_01,Citizen Science (ultrasonic) - shared
59~40306+18~07249_20260926_012744.wav,DEV_001_20260926_012744.wav,0,59.40306,18.07249,Leppun,Leptophyes punctatissima,Speckled Bush-cricket,bush-cricket,0.99,,,26/09/2026,25/09/2026,01:27:44,ClassifEspSWE-0002026-05-29_1,JOHANKARLSSON,202609261752HZWP6EHC,2026_26_sep_01,Citizen Science (ultrasonic) - shared
59~40306+18~07249_20260926_012750.wav,DEV_001_20260926_012750.wav,0,59.40306,18.07249,Leppun,Leptophyes punctatissima,Speckled Bush-cricket,bush-cricket,0.99,,,26/09/2026,25/09/2026,01:27:50,ClassifEspSWE-0002026-05-29_1,JOHANKARLSSON,202609261752HZWP6EHC,2026_26_sep_01,Citizen Science (ultrasonic) - shared
59~40306+18~07249_20260926_012755.wav,DEV_001_20260926_012755.wav,0,59.40306,18.07249,Leppun,Leptophyes punctatissima,Speckled Bush-cricket,bush-cricket,0.99,,,26/09/2026,25/09/2026,01:27:55,ClassifEspSWE-0002026-05-29_1,JOHANKARLSSON,202609261752HZWP6EHC,2026_26_sep_01,Citizen Science (ultrasonic) - shared
59~40306+18~07249_20260926_012801.wav,DEV_001_20260926_012801.wav,0,59.40306,18.07249,Leppun,Leptophyes punctatissima,Speckled Bush-cricket,bush-cricket,0.99,,,26/09/2026,25/09/2026,01:28:01,ClassifEspSWE-0002026-05-29_1,JOHANKARLSSON,202609261752HZWP6EHC,2026_26_sep_01,Citizen Science (ultrasonic) - shared
59~40306+18~07249_20260926_012806.wav,DEV_001_20260926_012806.wav,0,59.40306,18.07249,Leppun,Leptophyes punctatissima,Speckled Bush-cricket,bush-cricket,0.99,,,26/09/2026,25/09/2026,01:28:06,ClassifEspSWE-0002026-05-29_1,JOHANKARLSSON,202609261752HZWP6EHC,2026_26_sep_01,Citizen Science (ultrasonic) - shared
59~40306+18~07249_20260926_012813.wav,DEV_001_20260926_012813.wav,0,59.40306,18.07249,Leppun,Leptophyes punctatissima,Speckled Bush-cricket,bush-cricket,0.99,,,26/09/2026,25/09/2026,01:28:13,ClassifEspSWE-0002026-05-29_1,JOHANKARLSSON,202609261752HZWP6EHC,2026_26_sep_01,Citizen Science (ultrasonic) - shared
59~40306+18~07249_20260926_012819.wav,DEV_001_20260926_012819.wav,0,59.40306,18.07249,Leppun,Leptophyes punctatissima,Speckled Bush-cricket,bush-cricket,0.99,,,26/09/2026,25/09/2026,01:28:19,ClassifEspSWE-0002026-05-29_1,JOHANKARLSSON,202609261752HZWP6EHC,2026_26_sep_01,Citizen Science (ultrasonic) - shared
59~40306+18~07249_20260926_012826.wav,DEV_001_20260926_012826.wav,0,59.40306,18.07249,Leppun,Leptophyes punctatissima,Speckled Bush-cricket,bush-cricket,0.99,,,26/09/2026,25/09/2026,01:28:26,ClassifEspSWE-0002026-05-29_1,JOHANKARLSSON,202609261752HZWP6EHC,2026_26_sep_01,Citizen Science (ultrasonic) - shared
59~40306+18~07249_20260926_012832.wav,DEV_001_20260926_012832.wav,0,59.40306,18.07249,Leppun,Leptophyes punctatissima,Speckled Bush-cricket,bush-cricket,0.99,,,26/09/2026,25/09/2026,01:28:32,ClassifEspSWE-0002026-05-29_1,JOHANKARLSSON,202609261752HZWP6EHC,2026_26_sep_01,Citizen Science (ultrasonic) - shared
59~40306+18~07249_20260926_012837.wav,DEV_001_20260926_012837.wav,0,59.40306,18.07249,Leppun,Leptophyes punctatissima,Speckled Bush-cricket,bush-cricket,0.99,,,26/09/2026,25/09/2026,01:28:37,ClassifEspSWE-0002026-05-29_1,JOHANKARLSSON,202609261752HZWP6EHC,2026_26_sep_01,Citizen Science (ultrasonic) - shared
59~40306+18~07249_20260926_012842.wav,DEV_001_20260926_012842.wav,0,59.40306,18.07249,Leppun,Leptophyes punctatissima,Speckled Bush-cricket,bush-cricket,0.99,,,26/09/2026,25/09/2026,01:28:42,ClassifEspSWE-0002026-05-29_1,JOHANKARLSSON,202609261752HZWP6EHC,2026_26_sep_01,Citizen Science (ultrasonic) - shared
59~40306+18~07249_20260926_012850.wav,DEV_001_20260926_012850.wav,0,59.40306,18.07249,Leppun,Leptophyes punctatissima,Speckled Bush-cricket,bush-cricket,0.99,,,26/09/2026,25/09/2026,01:28:50,ClassifEspSWE-0002026-05-29_1,JOHANKARLSSON,202609261752HZWP6EHC,2026_26_sep_01,Citizen Science (ultrasonic) - shared
59~40306+18~07249_20260926_012858.wav,DEV_001_20260926_012858.wav,0,59.40306,18.07249,Leppun,Leptophyes punctatissima,Speckled Bush-cricket,bush-cricket,0.99,,,26/09/2026,25/09/2026,01:28:58,ClassifEspSWE-0002026-05-29_1,JOHANKARLSSON,202609261752HZWP6EHC,2026_26_sep_01,Citizen Science (ultrasonic) - shared
59~40306+18~07249_20260926_012904.wav,DEV_001_20260926_012904.wav,0,59.40306,18.07249,Leppun,Leptophyes punctatissima,Speckled Bush-cricket,bush-cricket,0.99,,,26/09/2026,25/09/2026,01:29:04,ClassifEspSWE-0002026-05-29_1,JOHANKARLSSON,202609261752HZWP6EHC,2026_26_sep_01,Citizen Science (ultrasonic) - shared
59~40306+18~07249_20260926_012909.wav,DEV_001_20260926_012909.wav,0,59.40306,18.07249,Leppun,Leptophyes punctatissima,Speckled Bush-cricket,bush-cricket,0.99,,,26/09/2026,25/09/2026,01:29:09,ClassifEspSWE-0002026-05-29_1,JOHANKARLSSON,202609261752HZWP6EHC,2026_26_sep_01,Citizen Science (ultrasonic) - shared
59~40306+18~07249_20260926_012916.wav,DEV_001_20260926_012916.wav,0,59.40306,18.07249,Leppun,Leptophyes punctatissima,Speckled Bush-cricket,bush-cricket,0.99,,,26/09/2026,25/09/2026,01:29:16,ClassifEspSWE-0002026-05-29_1,JOHANKARLSSON,202609261752HZWP6EHC,2026_26_sep_01,Citizen Science (ultrasonic) - shared
59~40306+18~07249_20260926_012924.wav,DEV_001_20260926_012924.wav,0,59.40306,18.07249,Leppun,Leptophyes punctatissima,Speckled Bush-cricket,bush-cricket,0.99,,,26/09/2026,25/09/2026,01:29:24,ClassifEspSWE-0002026-05-29_1,JOHANKARLSSON,202609261752HZWP6EHC,2026_26_sep_01,Citizen Science (ultrasonic) - shared
59~40306+18~07249_20260926_012931.wav,DEV_001_20260926_012931.wav,0,59.40306,18.07249,Leppun,Leptophyes punctatissima,Speckled Bush-cricket,bush-cricket,0.99,,,26/09/2026,25/09/2026,01:29:31,ClassifEspSWE-0002026-05-29_1,JOHANKARLSSON,202609261752HZWP6EHC,2026_26_sep_01,Citizen Science (ultrasonic) - shared
59~40306+18~07249_20260926_012937.wav,DEV_001_20260926_012937.wav,0,59.40306,18.07249,Leppun,Leptophyes punctatissima,Speckled Bush-cricket,bush-cricket,0.99,,,26/09/2026,25/09/2026,01:29:37,ClassifEspSWE-0002026-05-29_1,JOHANKARLSSON,202609261752HZWP6EHC,2026_26_sep_01,Citizen Science (ultrasonic) - shared
59~40306+18~07249_20260926_012943.wav,DEV_001_20260926_012943.wav,0,59.40306,18.07249,Leppun,Leptophyes punctatissima,Speckled Bush-cricket,bush-cricket,0.99,,,26/09/2026,25/09/2026,01:29:43,ClassifEspSWE-0002026-05-29_1,JOHANKARLSSON,202609261752HZWP6EHC,2026_26_sep_01,Citizen Science (ultrasonic) - shared
59~40306+18~07249_20260926_012951.wav,DEV_001_20260926_012951.wav,0,59.40306,18.07249,Leppun,Leptophyes punctatissima,Speckled Bush-cricket,bush-cricket,0.98,,,26/09/2026,25/09/2026,01:29:51,ClassifEspSWE-0002026-05-29_1,JOHANKARLSSON,202609261752HZWP6EHC,2026_26_sep_01,Citizen Science (ultrasonic) - shared
59~40306+18~07249_20260926_012957.wav,DEV_001_20260926_012957.wav,0,59.40306,18.07249,Leppun,Leptophyes punctatissima,Speckled Bush-cricket,bush-cricket,0.99,,,26/09/2026,25/09/2026,01:29:57,ClassifEspSWE-0002026-05-29_1,JOHANKARLSSON,202609261752HZWP6EHC,2026_26_sep_01,Citizen Science (ultrasonic) - shared
59~40306+18~07249_20260926_013003.wav,DEV_001_20260926_013003.wav,0,59.40306,18.07249,Leppun,Leptophyes punctatissima,Speckled Bush-cricket,bush-cricket,0.99,,,26/09/2026,25/09/2026,01:30:03,ClassifEspSWE-0002026-05-29_1,JOHANKARLSSON,202609261752HZWP6EHC,2026_26_sep_01,Citizen Science (ultrasonic) - shared
59~40306+18~07249_20260926_013009.wav,DEV_001_20260926_013009.wav,0,59.40306,18.07249,Leppun,Leptophyes punctatissima,Speckled Bush-cricket,bush-cricket,0.99,,,26/09/2026,25/09/2026,01:30:09,ClassifEspSWE-0002026-05-29_1,JOHANKARLSSON,202609261752HZWP6EHC,2026_26_sep_01,Citizen Science (ultrasonic) - shared
59~40306+18~07249_20260926_013016.wav,DEV_001_20260926_013016.wav,0,59.40306,18.07249,Leppun,Leptophyes punctatissima,Speckled Bush-cricket,bush-cricket,0.99,,,26/09/2026,25/09/2026,01:30:16,ClassifEspSWE-0002026-05-29_1,JOHANKARLSSON,202609261752HZWP6EHC,2026_26_sep_01,Citizen Science (ultrasonic) - shared
59~40306+18~07249_20260926_013022.wav,DEV_001_20260926_013022.wav,0,59.40306,18.07249,Leppun,Leptophyes punctatissima,Speckled Bush-cricket,bush-cricket,0.99,,,26/09/2026,25/09/2026,01:30:22,ClassifEspSWE-0002026-05-29_1,JOHANKARLSSON,202609261752HZWP6EHC,2026_26_sep_01,Citizen Science (ultrasonic) - shared
59~40306+18~07249_20260926_013027.wav,DEV_001_20260926_013027.wav,0,59.40306,18.07249,Leppun,Leptophyes punctatissima,Speckled Bush-cricket,bush-cricket,0.99,,,26/09/2026,25/09/2026,01:30:27,ClassifEspSWE-0002026-05-29_1,JOHANKARLSSON,202609261752HZWP6EHC,2026_26_sep_01,Citizen Science (ultrasonic) - shared
59~40306+18~07249_20260926_013033.wav,DEV_001_20260926_013033.wav,0,59.40306,18.07249,Leppun,Leptophyes punctatissima,Speckled Bush-cricket,bush-cricket,0.99,,,26/09/2026,25/09/2026,01:30:33,ClassifEspSWE-0002026-05-29_1,JOHANKARLSSON,202609261752HZWP6EHC,2026_26_sep_01,Citizen Science (ultrasonic) - shared
59~40306+18~07249_20260926_013040.wav,DEV_001_20260926_013040.wav,0,59.40306,18.07249,Leppun,Leptophyes punctatissima,Speckled Bush-cricket,bush-cricket,0.99,,,26/09/2026,25/09/2026,01:30:40,ClassifEspSWE-0002026-05-29_1,JOHANKARLSSON,202609261752HZWP6EHC,2026_26_sep_01,Citizen Science (ultrasonic) - shared
59~40306+18~07249_20260926_013045.wav,DEV_001_20260926_013045.wav,0,59.40306,18.07249,Leppun,Leptophyes punctatissima,Speckled Bush-cricket,bush-cricket,0.99,,,26/09/2026,25/09/2026,01:30:45,ClassifEspSWE-0002026-05-29_1,JOHANKARLSSON,202609261752HZWP6EHC,2026_26_sep_01,Citizen Science (ultrasonic) - shared
59~40306+18~07249_20260926_013051.wav,DEV_001_20260926_013051.wav,0,59.40306,18.07249,Leppun,Leptophyes punctatissima,Speckled Bush-cricket,bush-cricket,0.99,,,26/09/2026,25/09/2026,01:30:51,ClassifEspSWE-0002026-05-29_1,JOHANKARLSSON,202609261752HZWP6EHC,2026_26_sep_01,Citizen Science (ultrasonic) - shared
59~40306+18~07249_20260926_013059.wav,DEV_001_20260926_013059.wav,0,59.40306,18.07249,Leppun,Leptophyes punctatissima,Speckled Bush-cricket,bush-cricket,0.99,,,26/09/2026,25/09/2026,01:30:59,ClassifEspSWE-0002026-05-29_1,JOHANKARLSSON,202609261752HZWP6EHC,2026_26_sep_01,Citizen Science (ultrasonic) - shared
59~40306+18~07249_20260926_013105.wav,DEV_001_20260926_013105.wav,0,59.40306,18.07249,Leppun,Leptophyes punctatissima,Speckled Bush-cricket,bush-cricket,0.99,,,26/09/2026,25/09/2026,01:31:05,ClassifEspSWE-0002026-05-29_1,JOHANKARLSSON,202609261752HZWP6EHC,2026_26_sep_01,Citizen Science (ultrasonic) - shared
59~40306+18~07249_20260926_013111.wav,DEV_001_20260926_013111.wav,0,59.40306,18.07249,Leppun,Leptophyes punctatissima,Speckled Bush-cricket,bush-cricket,0.99,,,26/09/2026,25/09/2026,01:31:11,ClassifEspSWE-0002026-05-29_1,JOHANKARLSSON,202609261752HZWP6EHC,2026_26_sep_01,Citizen Science (ultrasonic) - shared
59~40306+18~07249_20260926_013117.wav,DEV_001_20260926_013117.wav,0,59.40306,18.07249,Leppun,Leptophyes punctatissima,Speckled Bush-cricket,bush-cricket,0.99,,,26/09/2026,25/09/2026,01:31:17,ClassifEspSWE-0002026-05-29_1,JOHANKARLSSON,202609261752HZWP6EHC,2026_26_sep_01,Citizen Science (ultrasonic) - shared
59~40306+18~07249_20260926_013125.wav,DEV_001_20260926_013125.wav,0,59.40306,18.07249,Leppun,Leptophyes punctatissima,Speckled Bush-cricket,bush-cricket,0.99,,,26/09/2026,25/09/2026,01:31:25,ClassifEspSWE-0002026-05-29_1,JOHANKARLSSON,202609261752HZWP6EHC,2026_26_sep_01,Citizen Science (ultrasonic) - shared
59~40306+18~07249_20260926_013133.wav,DEV_001_20260926_013133.wav,0,59.40306,18.07249,Leppun,Leptophyes punctatissima,Speckled Bush-cricket,bush-cricket,0.99,,,26/09/2026,25/09/2026,01:31:33,ClassifEspSWE-0002026-05-29_1,JOHANKARLSSON,202609261752HZWP6EHC,2026_26_sep_01,Citizen Science (ultrasonic) - shared
59~40306+18~07249_20260926_013138.wav,DEV_001_20260926_013138.wav,0,59.40306,18.07249,Leppun,Leptophyes punctatissima,Speckled Bush-cricket,bush-cricket,0.99,,,26/09/2026,25/09/2026,01:31:38,ClassifEspSWE-0002026-05-29_1,JOHANKARLSSON,202609261752HZWP6EHC,2026_26_sep_01,Citizen Science (ultrasonic) - shared
59~40306+18~07249_20260926_013144.wav,DEV_001_20260926_013144.wav,0,59.40306,18.07249,Leppun,Leptophyes punctatissima,Speckled Bush-cricket,bush-cricket,0.99,,,26/09/2026,25/09/2026,01:31:44,ClassifEspSWE-0002026-05-29_1,JOHANKARLSSON,202609261752HZWP6EHC,2026_26_sep_01,Citizen Science (ultrasonic) - shared
59~40306+18~07249_20260926_013150.wav,DEV_001_20260926_013150.wav,0,59.40306,18.07249,Leppun,Leptophyes punctatissima,Speckled Bush-cricket,bush-cricket,0.99,,,26/09/2026,25/09/2026,01:31:50,ClassifEspSWE-0002026-05-29_1,JOHANKARLSSON,202609261752HZWP6EHC,2026_26_sep_01,Citizen Science (ultrasonic) - shared
59~40306+18~07249_20260926_013156.wav,DEV_001_20260926_013156.wav,0,59.40306,18.07249,Leppun,Leptophyes punctatissima,Speckled Bush-cricket,bush-cricket,0.99,,,26/09/2026,25/09/2026,01:31:56,ClassifEspSWE-0002026-05-29_1,JOHANKARLSSON,202609261752HZWP6EHC,2026_26_sep_01,Citizen Science (ultrasonic) - shared
59~40306+18~07249_20260926_013202.wav,DEV_001_20260926_013202.wav,0,59.40306,18.07249,Leppun,Leptophyes punctatissima,Speckled Bush-cricket,bush-cricket,0.99,,,26/09/2026,25/09/2026,01:32:02,ClassifEspSWE-0002026-05-29_1,JOHANKARLSSON,202609261752HZWP6EHC,2026_26_sep_01,Citizen Science (ultrasonic) - shared
59~40306+18~07249_20260926_013209.wav,DEV_001_20260926_013209.wav,0,59.40306,18.07249,Leppun,Leptophyes punctatissima,Speckled Bush-cricket,bush-cricket,0.99,,,26/09/2026,25/09/2026,01:32:09,ClassifEspSWE-0002026-05-29_1,JOHANKARLSSON,202609261752HZWP6EHC,2026_26_sep_01,Citizen Science (ultrasonic) - shared
59~40306+18~07249_20260926_013214.wav,DEV_001_20260926_013214.wav,0,59.40306,18.07249,Leppun,Leptophyes punctatissima,Speckled Bush-cricket,bush-cricket,0.99,,,26/09/2026,25/09/2026,01:32:14,ClassifEspSWE-0002026-05-29_1,JOHANKARLSSON,202609261752HZWP6EHC,2026_26_sep_01,Citizen Science (ultrasonic) - shared
59~40306+18~07249_20260926_013221.wav,DEV_001_20260926_013221.wav,0,59.40306,18.07249,Leppun,Leptophyes punctatissima,Speckled Bush-cricket,bush-cricket,0.99,,,26/09/2026,25/09/2026,01:32:21,ClassifEspSWE-0002026-05-29_1,JOHANKARLSSON,202609261752HZWP6EHC,2026_26_sep_01,Citizen Science (ultrasonic) - shared
59~40306+18~07249_20260926_013227.wav,DEV_001_20260926_013227.wav,0,59.40306,18.07249,Leppun,Leptophyes punctatissima,Speckled Bush-cricket,bush-cricket,0.99,,,26/09/2026,25/09/2026,01:32:27,ClassifEspSWE-0002026-05-29_1,JOHANKARLSSON,202609261752HZWP6EHC,2026_26_sep_01,Citizen Science (ultrasonic) - shared
59~40306+18~07249_20260926_013232.wav,DEV_001_20260926_013232.wav,0,59.40306,18.07249,Leppun,Leptophyes punctatissima,Speckled Bush-cricket,bush-cricket,0.99,,,26/09/2026,25/09/2026,01:32:32,ClassifEspSWE-0002026-05-29_1,JOHANKARLSSON,202609261752HZWP6EHC,2026_26_sep_01,Citizen Science (ultrasonic) - shared
59~40306+18~07249_20260926_013239.wav,DEV_001_20260926_013239.wav,0,59.40306,18.07249,Leppun,Leptophyes punctatissima,Speckled Bush-cricket,bush-cricket,0.99,,,26/09/2026,25/09/2026,01:32:39,ClassifEspSWE-0002026-05-29_1,JOHANKARLSSON,202609261752HZWP6EHC,2026_26_sep_01,Citizen Science (ultrasonic) - shared
59~40306+18~07249_20260926_013247.wav,DEV_001_20260926_013247.wav,0,59.40306,18.07249,Leppun,Leptophyes punctatissima,Speckled Bush-cricket,bush-cricket,0.99,,,26/09/2026,25/09/2026,01:32:47,ClassifEspSWE-0002026-05-29_1,JOHANKARLSSON,202609261752HZWP6EHC,2026_26_sep_01,Citizen Science (ultrasonic) - shared
59~40306+18~07249_20260926_013254.wav,DEV_001_20260926_013254.wav,0,59.40306,18.07249,Leppun,Leptophyes punctatissima,Speckled Bush-cricket,bush-cricket,0.99,,,26/09/2026,25/09/2026,01:32:54,ClassifEspSWE-0002026-05-29_1,JOHANKARLSSON,202609261752HZWP6EHC,2026_26_sep_01,Citizen Science (ultrasonic) - shared
59~40306+18~07249_20260926_013300.wav,DEV_001_20260926_013300.wav,0,59.40306,18.07249,Leppun,Leptophyes punctatissima,Speckled Bush-cricket,bush-cricket,0.99,,,26/09/2026,25/09/2026,01:33:00,ClassifEspSWE-0002026-05-29_1,JOHANKARLSSON,202609261752HZWP6EHC,2026_26_sep_01,Citizen Science (ultrasonic) - shared
59~40306+18~07249_20260926_013307.wav,DEV_001_20260926_013307.wav,0,59.40306,18.07249,Leppun,Leptophyes punctatissima,Speckled Bush-cricket,bush-cricket,0.99,,,26/09/2026,25/09/2026,01:33:07,ClassifEspSWE-0002026-05-29_1,JOHANKARLSSON,202609261752HZWP6EHC,2026_26_sep_01,Citizen Science (ultrasonic) - shared
59~40306+18~07249_20260926_013313.wav,DEV_001_20260926_013313.wav,0,59.40306,18.07249,Leppun,Leptophyes punctatissima,Speckled Bush-cricket,bush-cricket,0.99,,,26/09/2026,25/09/2026,01:33:13,ClassifEspSWE-0002026-05-29_1,JOHANKARLSSON,202609261752HZWP6EHC,2026_26_sep_01,Citizen Science (ultrasonic) - shared
59~40306+18~07249_20260926_013319.wav,DEV_001_20260926_013319.wav,0,59.40306,18.07249,Leppun,Leptophyes punctatissima,Speckled Bush-cricket,bush-cricket,0.99,,,26/09/2026,25/09/2026,01:33:19,ClassifEspSWE-0002026-05-29_1,JOHANKARLSSON,202609261752HZWP6EHC,2026_26_sep_01,Citizen Science (ultrasonic) - shared
59~40306+18~07249_20260926_013326.wav,DEV_001_20260926_013326.wav,0,59.40306,18.07249,Leppun,Leptophyes punctatissima,Speckled Bush-cricket,bush-cricket,0.99,,,26/09/2026,25/09/2026,01:33:26,ClassifEspSWE-0002026-05-29_1,JOHANKARLSSON,202609261752HZWP6EHC,2026_26_sep_01,Citizen Science (ultrasonic) - shared
59~40306+18~07249_20260926_013338.wav,DEV_001_20260926_013338.wav,0,59.40306,18.07249,Leppun,Leptophyes punctatissima,Speckled Bush-cricket,bush-cricket,0.99,,,26/09/2026,25/09/2026,01:33:38,ClassifEspSWE-0002026-05-29_1,JOHANKARLSSON,202609261752HZWP6EHC,2026_26_sep_01,Citizen Science (ultrasonic) - shared
59~40306+18~07249_20260926_013345.wav,DEV_001_20260926_013345.wav,0,59.40306,18.07249,Leppun,Leptophyes punctatissima,Speckled Bush-cricket,bush-cricket,0.99,,,26/09/2026,25/09/2026,01:33:45,ClassifEspSWE-0002026-05-29_1,JOHANKARLSSON,202609261752HZWP6EHC,2026_26_sep_01,Citizen Science (ultrasonic) - shared
59~40306+18~07249_20260926_013350.wav,DEV_001_20260926_013350.wav,0,59.40306,18.07249,Leppun,Leptophyes punctatissima,Speckled Bush-cricket,bush-cricket,0.99,,,26/09/2026,25/09/2026,01:33:50,ClassifEspSWE-0002026-05-29_1,JOHANKARLSSON,202609261752HZWP6EHC,2026_26_sep_01,Citizen Science (ultrasonic) - shared
59~40306+18~07249_20260926_013356.wav,DEV_001_20260926_013356.wav,0,59.40306,18.07249,Leppun,Leptophyes punctatissima,Speckled Bush-cricket,bush-cricket,0.99,,,26/09/2026,25/09/2026,01:33:56,ClassifEspSWE-0002026-05-29_1,JOHANKARLSSON,202609261752HZWP6EHC,2026_26_sep_01,Citizen Science (ultrasonic) - shared
59~40306+18~07249_20260926_013403.wav,DEV_001_20260926_013403.wav,0,59.40306,18.07249,Leppun,Leptophyes punctatissima,Speckled Bush-cricket,bush-cricket,0.99,,,26/09/2026,25/09/2026,01:34:03,ClassifEspSWE-0002026-05-29_1,JOHANKARLSSON,202609261752HZWP6EHC,2026_26_sep_01,Citizen Science (ultrasonic) - shared
59~40306+18~07249_20260926_013409.wav,DEV_001_20260926_013409.wav,0,59.40306,18.07249,Leppun,Leptophyes punctatissima,Speckled Bush-cricket,bush-cricket,0.99,,,26/09/2026,25/09/2026,01:34:09,ClassifEspSWE-0002026-05-29_1,JOHANKARLSSON,202609261752HZWP6EHC,2026_26_sep_01,Citizen Science (ultrasonic) - shared
59~40306+18~07249_20260926_013416.wav,DEV_001_20260926_013416.wav,0,59.40306,18.07249,Leppun,Leptophyes punctatissima,Speckled Bush-cricket,bush-cricket,0.99,,,26/09/2026,25/09/2026,01:34:16,ClassifEspSWE-0002026-05-29_1,JOHANKARLSSON,202609261752HZWP6EHC,2026_26_sep_01,Citizen Science (ultrasonic) - shared
59~40306+18~07249_20260926_013422.wav,DEV_001_20260926_013422.wav,0,59.40306,18.07249,Leppun,Leptophyes punctatissima,Speckled Bush-cricket,bush-cricket,0.99,,,26/09/2026,25/09/2026,01:34:22,ClassifEspSWE-0002026-05-29_1,JOHANKARLSSON,202609261752HZWP6EHC,2026_26_sep_01,Citizen Science (ultrasonic) - shared
59~40306+18~07249_20260926_013428.wav,DEV_001_20260926_013428.wav,0,59.40306,18.07249,Leppun,Leptophyes punctatissima,Speckled Bush-cricket,bush-cricket,0.99,,,26/09/2026,25/09/2026,01:34:28,ClassifEspSWE-0002026-05-29_1,JOHANKARLSSON,202609261752HZWP6EHC,2026_26_sep_01,Citizen Science (ultrasonic) - shared
59~40306+18~07249_20260926_013434.wav,DEV_001_20260926_013434.wav,0,59.40306,18.07249,Leppun,Leptophyes punctatissima,Speckled Bush-cricket,bush-cricket,0.99,,,26/09/2026,25/09/2026,01:34:34,ClassifEspSWE-0002026-05-29_1,JOHANKARLSSON,202609261752HZWP6EHC,2026_26_sep_01,Citizen Science (ultrasonic) - shared
59~40306+18~07249_20260926_013442.wav,DEV_001_20260926_013442.wav,0,59.40306,18.07249,Leppun,Leptophyes punctatissima,Speckled Bush-cricket,bush-cricket,0.99,,,26/09/2026,25/09/2026,01:34:42,ClassifEspSWE-0002026-05-29_1,JOHANKARLSSON,202609261752HZWP6EHC,2026_26_sep_01,Citizen Science (ultrasonic) - shared
59~40306+18~07249_20260926_013449.wav,DEV_001_20260926_013449.wav,0,59.40306,18.07249,Leppun,Leptophyes punctatissima,Speckled Bush-cricket,bush-cricket,0.99,,,26/09/2026,25/09/2026,01:34:49,ClassifEspSWE-0002026-05-29_1,JOHANKARLSSON,202609261752HZWP6EHC,2026_26_sep_01,Citizen Science (ultrasonic) - shared
59~40306+18~07249_20260926_013454.wav,DEV_001_20260926_013454.wav,0,59.40306,18.07249,Leppun,Leptophyes punctatissima,Speckled Bush-cricket,bush-cricket,0.99,,,26/09/2026,25/09/2026,01:34:54,ClassifEspSWE-0002026-05-29_1,JOHANKARLSSON,202609261752HZWP6EHC,2026_26_sep_01,Citizen Science (ultrasonic) - shared
59~40306+18~07249_20260926_013502.wav,DEV_001_20260926_013502.wav,0,59.40306,18.07249,Leppun,Leptophyes punctatissima,Speckled Bush-cricket,bush-cricket,0.99,,,26/09/2026,25/09/2026,01:35:02,ClassifEspSWE-0002026-05-29_1,JOHANKARLSSON,202609261752HZWP6EHC,2026_26_sep_01,Citizen Science (ultrasonic) - shared
59~40306+18~07249_20260926_013510.wav,DEV_001_20260926_013510.wav,0,59.40306,18.07249,Leppun,Leptophyes punctatissima,Speckled Bush-cricket,bush-cricket,0.99,,,26/09/2026,25/09/2026,01:35:10,ClassifEspSWE-0002026-05-29_1,JOHANKARLSSON,202609261752HZWP6EHC,2026_26_sep_01,Citizen Science (ultrasonic) - shared
59~40306+18~07249_20260926_013516.wav,DEV_001_20260926_013516.wav,0,59.40306,18.07249,Leppun,Leptophyes punctatissima,Speckled Bush-cricket,bush-cricket,0.99,,,26/09/2026,25/09/2026,01:35:16,ClassifEspSWE-0002026-05-29_1,JOHANKARLSSON,202609261752HZWP6EHC,2026_26_sep_01,Citizen Science (ultrasonic) - shared
59~40306+18~07249_20260926_013521.wav,DEV_001_20260926_013521.wav,0,59.40306,18.07249,Leppun,Leptophyes punctatissima,Speckled Bush-cricket,bush-cricket,0.99,,,26/09/2026,25/09/2026,01:35:21,ClassifEspSWE-0002026-05-29_1,JOHANKARLSSON,202609261752HZWP6EHC,2026_26_sep_01,Citizen Science (ultrasonic) - shared
59~40306+18~07249_20260926_013529.wav,DEV_001_20260926_013529.wav,0,59.40306,18.07249,Leppun,Leptophyes punctatissima,Speckled Bush-cricket,bush-cricket,0.99,,,26/09/2026,25/09/2026,01:35:29,ClassifEspSWE-0002026-05-29_1,JOHANKARLSSON,202609261752HZWP6EHC,2026_26_sep_01,Citizen Science (ultrasonic) - shared
59~40306+18~07249_20260926_013536.wav,DEV_001_20260926_013536.wav,0,59.40306,18.07249,Leppun,Leptophyes punctatissima,Speckled Bush-cricket,bush-cricket,0.99,,,26/09/2026,25/09/2026,01:35:36,ClassifEspSWE-0002026-05-29_1,JOHANKARLSSON,202609261752HZWP6EHC,2026_26_sep_01,Citizen Science (ultrasonic) - shared
59~40306+18~07249_20260926_013543.wav,DEV_001_20260926_013543.wav,0,59.40306,18.07249,Leppun,Leptophyes punctatissima,Speckled Bush-cricket,bush-cricket,0.99,,,26/09/2026,25/09/2026,01:35:43,ClassifEspSWE-0002026-05-29_1,JOHANKARLSSON,202609261752HZWP6EHC,2026_26_sep_01,Citizen Science (ultrasonic) - shared
59~40306+18~07249_20260926_013548.wav,DEV_001_20260926_013548.wav,0,59.40306,18.07249,Leppun,Leptophyes punctatissima,Speckled Bush-cricket,bush-cricket,0.99,,,26/09/2026,25/09/2026,01:35:48,ClassifEspSWE-0002026-05-29_1,JOHANKARLSSON,202609261752HZWP6EHC,2026_26_sep_01,Citizen Science (ultrasonic) - shared
59~40306+18~07249_20260926_013555.wav,DEV_001_20260926_013555.wav,0,59.40306,18.07249,Leppun,Leptophyes punctatissima,Speckled Bush-cricket,bush-cricket,0.99,,,26/09/2026,25/09/2026,01:35:55,ClassifEspSWE-0002026-05-29_1,JOHANKARLSSON,202609261752HZWP6EHC,2026_26_sep_01,Citizen Science (ultrasonic) - shared
59~40306+18~07249_20260926_013601.wav,DEV_001_20260926_013601.wav,0,59.40306,18.07249,Leppun,Leptophyes punctatissima,Speckled Bush-cricket,bush-cricket,0.99,,,26/09/2026,25/09/2026,01:36:01,ClassifEspSWE-0002026-05-29_1,JOHANKARLSSON,202609261752HZWP6EHC,2026_26_sep_01,Citizen Science (ultrasonic) - shared
59~40306+18~07249_20260926_013607.wav,DEV_001_20260926_013607.wav,0,59.40306,18.07249,Leppun,Leptophyes punctatissima,Speckled Bush-cricket,bush-cricket,0.99,,,26/09/2026,25/09/2026,01:36:07,ClassifEspSWE-0002026-05-29_1,JOHANKARLSSON,202609261752HZWP6EHC,2026_26_sep_01,Citizen Science (ultrasonic) - shared
59~40306+18~07249_20260926_013614.wav,DEV_001_20260926_013614.wav,0,59.40306,18.07249,Leppun,Leptophyes punctatissima,Speckled Bush-cricket,bush-cricket,0.99,,,26/09/2026,25/09/2026,01:36:14,ClassifEspSWE-0002026-05-29_1,JOHANKARLSSON,202609261752HZWP6EHC,2026_26_sep_01,Citizen Science (ultrasonic) - shared
59~40306+18~07249_20260926_013621.wav,DEV_001_20260926_013621.wav,0,59.40306,18.07249,Leppun,Leptophyes punctatissima,Speckled Bush-cricket,bush-cricket,0.99,,,26/09/2026,25/09/2026,01:36:21,ClassifEspSWE-0002026-05-29_1,JOHANKARLSSON,202609261752HZWP6EHC,2026_26_sep_01,Citizen Science (ultrasonic) - shared
59~40306+18~07249_20260926_013626.wav,DEV_001_20260926_013626.wav,0,59.40306,18.07249,Leppun,Leptophyes punctatissima,Speckled Bush-cricket,bush-cricket,0.99,,,26/09/2026,25/09/2026,01:36:26,ClassifEspSWE-0002026-05-29_1,JOHANKARLSSON,202609261752HZWP6EHC,2026_26_sep_01,Citizen Science (ultrasonic) - shared
59~40306+18~07249_20260926_013633.wav,DEV_001_20260926_013633.wav,0,59.40306,18.07249,Leppun,Leptophyes punctatissima,Speckled Bush-cricket,bush-cricket,0.99,,,26/09/2026,25/09/2026,01:36:33,ClassifEspSWE-0002026-05-29_1,JOHANKARLSSON,202609261752HZWP6EHC,2026_26_sep_01,Citizen Science (ultrasonic) - shared
59~40306+18~07249_20260926_013640.wav,DEV_001_20260926_013640.wav,0,59.40306,18.07249,Leppun,Leptophyes punctatissima,Speckled Bush-cricket,bush-cricket,0.99,,,26/09/2026,25/09/2026,01:36:40,ClassifEspSWE-0002026-05-29_1,JOHANKARLSSON,202609261752HZWP6EHC,2026_26_sep_01,Citizen Science (ultrasonic) - shared
59~40306+18~07249_20260926_013645.wav,DEV_001_20260926_013645.wav,0,59.40306,18.07249,Leppun,Leptophyes punctatissima,Speckled Bush-cricket,bush-cricket,0.99,,,26/09/2026,25/09/2026,01:36:45,ClassifEspSWE-0002026-05-29_1,JOHANKARLSSON,202609261752HZWP6EHC,2026_26_sep_01,Citizen Science (ultrasonic) - shared
59~40306+18~07249_20260926_013652.wav,DEV_001_20260926_013652.wav,0,59.40306,18.07249,Leppun,Leptophyes punctatissima,Speckled Bush-cricket,bush-cricket,0.99,,,26/09/2026,25/09/2026,01:36:52,ClassifEspSWE-0002026-05-29_1,JOHANKARLSSON,202609261752HZWP6EHC,2026_26_sep_01,Citizen Science (ultrasonic) - shared
59~40306+18~07249_20260926_013659.wav,DEV_001_20260926_013659.wav,0,59.40306,18.07249,Leppun,Leptophyes punctatissima,Speckled Bush-cricket,bush-cricket,0.99,,,26/09/2026,25/09/2026,01:36:59,ClassifEspSWE-0002026-05-29_1,JOHANKARLSSON,202609261752HZWP6EHC,2026_26_sep_01,Citizen Science (ultrasonic) - shared
59~40306+18~07249_20260926_013705.wav,DEV_001_20260926_013705.wav,0,59.40306,18.07249,Leppun,Leptophyes punctatissima,Speckled Bush-cricket,bush-cricket,0.99,,,26/09/2026,25/09/2026,01:37:05,ClassifEspSWE-0002026-05-29_1,JOHANKARLSSON,202609261752HZWP6EHC,2026_26_sep_01,Citizen Science (ultrasonic) - shared
59~40306+18~07249_20260926_013711.wav,DEV_001_20260926_013711.wav,0,59.40306,18.07249,Leppun,Leptophyes punctatissima,Speckled Bush-cricket,bush-cricket,0.99,,,26/09/2026,25/09/2026,01:37:11,ClassifEspSWE-0002026-05-29_1,JOHANKARLSSON,202609261752HZWP6EHC,2026_26_sep_01,Citizen Science (ultrasonic) - shared
59~40306+18~07249_20260926_013717.wav,DEV_001_20260926_013717.wav,0,59.40306,18.07249,Leppun,Leptophyes punctatissima,Speckled Bush-cricket,bush-cricket,0.99,,,26/09/2026,25/09/2026,01:37:17,ClassifEspSWE-0002026-05-29_1,JOHANKARLSSON,202609261752HZWP6EHC,2026_26_sep_01,Citizen Science (ultrasonic) - shared
59~40306+18~07249_20260926_013723.wav,DEV_001_20260926_013723.wav,0,59.40306,18.07249,Leppun,Leptophyes punctatissima,Speckled Bush-cricket,bush-cricket,0.99,,,26/09/2026,25/09/2026,01:37:23,ClassifEspSWE-0002026-05-29_1,JOHANKARLSSON,202609261752HZWP6EHC,2026_26_sep_01,Citizen Science (ultrasonic) - shared
59~40306+18~07249_20260926_013729.wav,DEV_001_20260926_013729.wav,0,59.40306,18.07249,Leppun,Leptophyes punctatissima,Speckled Bush-cricket,bush-cricket,0.99,,,26/09/2026,25/09/2026,01:37:29,ClassifEspSWE-0002026-05-29_1,JOHANKARLSSON,202609261752HZWP6EHC,2026_26_sep_01,Citizen Science (ultrasonic) - shared
59~40306+18~07249_20260926_013734.wav,DEV_001_20260926_013734.wav,0,59.40306,18.07249,Leppun,Leptophyes punctatissima,Speckled Bush-cricket,bush-cricket,0.99,,,26/09/2026,25/09/2026,01:37:34,ClassifEspSWE-0002026-05-29_1,JOHANKARLSSON,202609261752HZWP6EHC,2026_26_sep_01,Citizen Science (ultrasonic) - shared
59~40306+18~07249_20260926_013741.wav,DEV_001_20260926_013741.wav,0,59.40306,18.07249,Leppun,Leptophyes punctatissima,Speckled Bush-cricket,bush-cricket,0.99,,,26/09/2026,25/09/2026,01:37:41,ClassifEspSWE-0002026-05-29_1,JOHANKARLSSON,202609261752HZWP6EHC,2026_26_sep_01,Citizen Science (ultrasonic) - shared
59~40306+18~07249_20260926_013748.wav,DEV_001_20260926_013748.wav,0,59.40306,18.07249,Leppun,Leptophyes punctatissima,Speckled Bush-cricket,bush-cricket,0.99,,,26/09/2026,25/09/2026,01:37:48,ClassifEspSWE-0002026-05-29_1,JOHANKARLSSON,202609261752HZWP6EHC,2026_26_sep_01,Citizen Science (ultrasonic) - shared
59~40306+18~07249_20260926_013755.wav,DEV_001_20260926_013755.wav,0,59.40306,18.07249,Leppun,Leptophyes punctatissima,Speckled Bush-cricket,bush-cricket,0.99,,,26/09/2026,25/09/2026,01:37:55,ClassifEspSWE-0002026-05-29_1,JOHANKARLSSON,202609261752HZWP6EHC,2026_26_sep_01,Citizen Science (ultrasonic) - shared
59~40306+18~07249_20260926_013801.wav,DEV_001_20260926_013801.wav,0,59.40306,18.07249,Leppun,Leptophyes punctatissima,Speckled Bush-cricket,bush-cricket,0.99,,,26/09/2026,25/09/2026,01:38:01,ClassifEspSWE-0002026-05-29_1,JOHANKARLSSON,202609261752HZWP6EHC,2026_26_sep_01,Citizen Science (ultrasonic) - shared
59~40306+18~07249_20260926_013809.wav,DEV_001_20260926_013809.wav,0,59.40306,18.07249,Leppun,Leptophyes punctatissima,Speckled Bush-cricket,bush-cricket,0.99,,,26/09/2026,25/09/2026,01:38:09,ClassifEspSWE-0002026-05-29_1,JOHANKARLSSON,202609261752HZWP6EHC,2026_26_sep_01,Citizen Science (ultrasonic) - shared
59~40306+18~07249_20260926_013815.wav,DEV_001_20260926_013815.wav,0,59.40306,18.07249,Leppun,Leptophyes punctatissima,Speckled Bush-cricket,bush-cricket,0.99,,,26/09/2026,25/09/2026,01:38:15,ClassifEspSWE-0002026-05-29_1,JOHANKARLSSON,202609261752HZWP6EHC,2026_26_sep_01,Citizen Science (ultrasonic) - shared
59~40306+18~07249_20260926_013822.wav,DEV_001_20260926_013822.wav,0,59.40306,18.07249,Leppun,Leptophyes punctatissima,Speckled Bush-cricket,bush-cricket,0.99,,,26/09/2026,25/09/2026,01:38:22,ClassifEspSWE-0002026-05-29_1,JOHANKARLSSON,202609261752HZWP6EHC,2026_26_sep_01,Citizen Science (ultrasonic) - shared
59~40306+18~07249_20260926_013827.wav,DEV_001_20260926_013827.wav,0,59.40306,18.07249,Leppun,Leptophyes punctatissima,Speckled Bush-cricket,bush-cricket,0.99,,,26/09/2026,25/09/2026,01:38:27,ClassifEspSWE-0002026-05-29_1,JOHANKARLSSON,202609261752HZWP6EHC,2026_26_sep_01,Citizen Science (ultrasonic) - shared
59~40306+18~07249_20260926_013833.wav,DEV_001_20260926_013833.wav,0,59.40306,18.07249,Leppun,Leptophyes punctatissima,Speckled Bush-cricket,bush-cricket,0.99,,,26/09/2026,25/09/2026,01:38:33,ClassifEspSWE-0002026-05-29_1,JOHANKARLSSON,202609261752HZWP6EHC,2026_26_sep_01,Citizen Science (ultrasonic) - shared
59~40306+18~07249_20260926_013840.wav,DEV_001_20260926_013840.wav,0,59.40306,18.07249,Leppun,Leptophyes punctatissima,Speckled Bush-cricket,bush-cricket,0.99,,,26/09/2026,25/09/2026,01:38:40,ClassifEspSWE-0002026-05-29_1,JOHANKARLSSON,202609261752HZWP6EHC,2026_26_sep_01,Citizen Science (ultrasonic) - shared
59~40306+18~07249_20260926_013845.wav,DEV_001_20260926_013845.wav,0,59.40306,18.07249,Leppun,Leptophyes punctatissima,Speckled Bush-cricket,bush-cricket,0.99,,,26/09/2026,25/09/2026,01:38:45,ClassifEspSWE-0002026-05-29_1,JOHANKARLSSON,202609261752HZWP6EHC,2026_26_sep_01,Citizen Science (ultrasonic) - shared
59~40306+18~07249_20260926_013852.wav,DEV_001_20260926_013852.wav,0,59.40306,18.07249,Leppun,Leptophyes punctatissima,Speckled Bush-cricket,bush-cricket,0.99,,,26/09/2026,25/09/2026,01:38:52,ClassifEspSWE-0002026-05-29_1,JOHANKARLSSON,202609261752HZWP6EHC,2026_26_sep_01,Citizen Science (ultrasonic) - shared
59~40306+18~07249_20260926_013858.wav,DEV_001_20260926_013858.wav,0,59.40306,18.07249,Leppun,Leptophyes punctatissima,Speckled Bush-cricket,bush-cricket,0.99,,,26/09/2026,25/09/2026,01:38:58,ClassifEspSWE-0002026-05-29_1,JOHANKARLSSON,202609261752HZWP6EHC,2026_26_sep_01,Citizen Science (ultrasonic) - shared
59~40306+18~07249_20260926_013905.wav,DEV_001_20260926_013905.wav,0,59.40306,18.07249,Leppun,Leptophyes punctatissima,Speckled Bush-cricket,bush-cricket,0.99,,,26/09/2026,25/09/2026,01:39:05,ClassifEspSWE-0002026-05-29_1,JOHANKARLSSON,202609261752HZWP6EHC,2026_26_sep_01,Citizen Science (ultrasonic) - shared
59~40306+18~07249_20260926_013912.wav,DEV_001_20260926_013912.wav,0,59.40306,18.07249,Leppun,Leptophyes punctatissima,Speckled Bush-cricket,bush-cricket,0.99,,,26/09/2026,25/09/2026,01:39:12,ClassifEspSWE-0002026-05-29_1,JOHANKARLSSON,202609261752HZWP6EHC,2026_26_sep_01,Citizen Science (ultrasonic) - shared
59~40306+18~07249_20260926_013918.wav,DEV_001_20260926_013918.wav,0,59.40306,18.07249,Leppun,Leptophyes punctatissima,Speckled Bush-cricket,bush-cricket,0.99,,,26/09/2026,25/09/2026,01:39:18,ClassifEspSWE-0002026-05-29_1,JOHANKARLSSON,202609261752HZWP6EHC,2026_26_sep_01,Citizen Science (ultrasonic) - shared
59~40306+18~07249_20260926_013924.wav,DEV_001_20260926_013924.wav,0,59.40306,18.07249,Leppun,Leptophyes punctatissima,Speckled Bush-cricket,bush-cricket,0.99,,,26/09/2026,25/09/2026,01:39:24,ClassifEspSWE-0002026-05-29_1,JOHANKARLSSON,202609261752HZWP6EHC,2026_26_sep_01,Citizen Science (ultrasonic) - shared
59~40306+18~07249_20260926_013930.wav,DEV_001_20260926_013930.wav,0,59.40306,18.07249,Leppun,Leptophyes punctatissima,Speckled Bush-cricket,bush-cricket,0.99,,,26/09/2026,25/09/2026,01:39:30,ClassifEspSWE-0002026-05-29_1,JOHANKARLSSON,202609261752HZWP6EHC,2026_26_sep_01,Citizen Science (ultrasonic) - shared
59~40306+18~07249_20260926_013937.wav,DEV_001_20260926_013937.wav,0,59.40306,18.07249,Leppun,Leptophyes punctatissima,Speckled Bush-cricket,bush-cricket,0.99,,,26/09/2026,25/09/2026,01:39:37,ClassifEspSWE-0002026-05-29_1,JOHANKARLSSON,202609261752HZWP6EHC,2026_26_sep_01,Citizen Science (ultrasonic) - shared
59~40306+18~07249_20260926_013944.wav,DEV_001_20260926_013944.wav,0,59.40306,18.07249,Leppun,Leptophyes punctatissima,Speckled Bush-cricket,bush-cricket,0.99,,,26/09/2026,25/09/2026,01:39:44,ClassifEspSWE-0002026-05-29_1,JOHANKARLSSON,202609261752HZWP6EHC,2026_26_sep_01,Citizen Science (ultrasonic) - shared
59~40306+18~07249_20260926_013951.wav,DEV_001_20260926_013951.wav,0,59.40306,18.07249,Leppun,Leptophyes punctatissima,Speckled Bush-cricket,bush-cricket,0.99,,,26/09/2026,25/09/2026,01:39:51,ClassifEspSWE-0002026-05-29_1,JOHANKARLSSON,202609261752HZWP6EHC,2026_26_sep_01,Citizen Science (ultrasonic) - shared
59~40306+18~07249_20260926_013957.wav,DEV_001_20260926_013957.wav,0,59.40306,18.07249,Leppun,Leptophyes punctatissima,Speckled Bush-cricket,bush-cricket,0.99,,,26/09/2026,25/09/2026,01:39:57,ClassifEspSWE-0002026-05-29_1,JOHANKARLSSON,202609261752HZWP6EHC,2026_26_sep_01,Citizen Science (ultrasonic) - shared
59~40306+18~07249_20260926_014004.wav,DEV_001_20260926_014004.wav,0,59.40306,18.07249,Leppun,Leptophyes punctatissima,Speckled Bush-cricket,bush-cricket,0.99,,,26/09/2026,25/09/2026,01:40:04,ClassifEspSWE-0002026-05-29_1,JOHANKARLSSON,202609261752HZWP6EHC,2026_26_sep_01,Citizen Science (ultrasonic) - shared
59~40306+18~07249_20260926_014011.wav,DEV_001_20260926_014011.wav,0,59.40306,18.07249,Leppun,Leptophyes punctatissima,Speckled Bush-cricket,bush-cricket,0.99,,,26/09/2026,25/09/2026,01:40:11,ClassifEspSWE-0002026-05-29_1,JOHANKARLSSON,202609261752HZWP6EHC,2026_26_sep_01,Citizen Science (ultrasonic) - shared
59~40306+18~07249_20260926_014017.wav,DEV_001_20260926_014017.wav,0,59.40306,18.07249,Leppun,Leptophyes punctatissima,Speckled Bush-cricket,bush-cricket,0.99,,,26/09/2026,25/09/2026,01:40:17,ClassifEspSWE-0002026-05-29_1,JOHANKARLSSON,202609261752HZWP6EHC,2026_26_sep_01,Citizen Science (ultrasonic) - shared
59~40306+18~07249_20260926_014023.wav,DEV_001_20260926_014023.wav,0,59.40306,18.07249,Leppun,Leptophyes punctatissima,Speckled Bush-cricket,bush-cricket,0.99,,,26/09/2026,25/09/2026,01:40:23,ClassifEspSWE-0002026-05-29_1,JOHANKARLSSON,202609261752HZWP6EHC,2026_26_sep_01,Citizen Science (ultrasonic) - shared
59~40306+18~07249_20260926_014029.wav,DEV_001_20260926_014029.wav,0,59.40306,18.07249,Leppun,Leptophyes punctatissima,Speckled Bush-cricket,bush-cricket,0.99,,,26/09/2026,25/09/2026,01:40:29,ClassifEspSWE-0002026-05-29_1,JOHANKARLSSON,202609261752HZWP6EHC,2026_26_sep_01,Citizen Science (ultrasonic) - shared
59~40306+18~07249_20260926_014036.wav,DEV_001_20260926_014036.wav,0,59.40306,18.07249,Leppun,Leptophyes punctatissima,Speckled Bush-cricket,bush-cricket,0.99,,,26/09/2026,25/09/2026,01:40:36,ClassifEspSWE-0002026-05-29_1,JOHANKARLSSON,202609261752HZWP6EHC,2026_26_sep_01,Citizen Science (ultrasonic) - shared
59~40306+18~07249_20260926_014043.wav,DEV_001_20260926_014043.wav,0,59.40306,18.07249,Leppun,Leptophyes punctatissima,Speckled Bush-cricket,bush-cricket,0.99,,,26/09/2026,25/09/2026,01:40:43,ClassifEspSWE-0002026-05-29_1,JOHANKARLSSON,202609261752HZWP6EHC,2026_26_sep_01,Citizen Science (ultrasonic) - shared
59~40306+18~07249_20260926_014049.wav,DEV_001_20260926_014049.wav,0,59.40306,18.07249,Leppun,Leptophyes punctatissima,Speckled Bush-cricket,bush-cricket,0.99,,,26/09/2026,25/09/2026,01:40:49,ClassifEspSWE-0002026-05-29_1,JOHANKARLSSON,202609261752HZWP6EHC,2026_26_sep_01,Citizen Science (ultrasonic) - shared
59~40306+18~07249_20260926_014056.wav,DEV_001_20260926_014056.wav,0,59.40306,18.07249,Leppun,Leptophyes punctatissima,Speckled Bush-cricket,bush-cricket,0.99,,,26/09/2026,25/09/2026,01:40:56,ClassifEspSWE-0002026-05-29_1,JOHANKARLSSON,202609261752HZWP6EHC,2026_26_sep_01,Citizen Science (ultrasonic) - shared
59~40306+18~07249_20260926_014103.wav,DEV_001_20260926_014103.wav,0,59.40306,18.07249,Leppun,Leptophyes punctatissima,Speckled Bush-cricket,bush-cricket,0.99,,,26/09/2026,25/09/2026,01:41:03,ClassifEspSWE-0002026-05-29_1,JOHANKARLSSON,202609261752HZWP6EHC,2026_26_sep_01,Citizen Science (ultrasonic) - shared
59~40306+18~07249_20260926_014109.wav,DEV_001_20260926_014109.wav,0,59.40306,18.07249,Leppun,Leptophyes punctatissima,Speckled Bush-cricket,bush-cricket,0.99,,,26/09/2026,25/09/2026,01:41:09,ClassifEspSWE-0002026-05-29_1,JOHANKARLSSON,202609261752HZWP6EHC,2026_26_sep_01,Citizen Science (ultrasonic) - shared
59~40306+18~07249_20260926_014114.wav,DEV_001_20260926_014114.wav,0,59.40306,18.07249,Leppun,Leptophyes punctatissima,Speckled Bush-cricket,bush-cricket,0.99,,,26/09/2026,25/09/2026,01:41:14,ClassifEspSWE-0002026-05-29_1,JOHANKARLSSON,202609261752HZWP6EHC,2026_26_sep_01,Citizen Science (ultrasonic) - shared
59~40306+18~07249_20260926_014121.wav,DEV_001_20260926_014121.wav,0,59.40306,18.07249,Leppun,Leptophyes punctatissima,Speckled Bush-cricket,bush-cricket,0.99,,,26/09/2026,25/09/2026,01:41:21,ClassifEspSWE-0002026-05-29_1,JOHANKARLSSON,202609261752HZWP6EHC,2026_26_sep_01,Citizen Science (ultrasonic) - shared
59~40306+18~07249_20260926_014127.wav,DEV_001_20260926_014127.wav,0,59.40306,18.07249,Leppun,Leptophyes punctatissima,Speckled Bush-cricket,bush-cricket,0.99,,,26/09/2026,25/09/2026,01:41:27,ClassifEspSWE-0002026-05-29_1,JOHANKARLSSON,202609261752HZWP6EHC,2026_26_sep_01,Citizen Science (ultrasonic) - shared
59~40306+18~07249_20260926_014132.wav,DEV_001_20260926_014132.wav,0,59.40306,18.07249,Leppun,Leptophyes punctatissima,Speckled Bush-cricket,bush-cricket,0.99,,,26/09/2026,25/09/2026,01:41:32,ClassifEspSWE-0002026-05-29_1,JOHANKARLSSON,202609261752HZWP6EHC,2026_26_sep_01,Citizen Science (ultrasonic) - shared
59~40306+18~07249_20260926_014137.wav,DEV_001_20260926_014137.wav,0,59.40306,18.07249,Leppun,Leptophyes punctatissima,Speckled Bush-cricket,bush-cricket,0.99,,,26/09/2026,25/09/2026,01:41:37,ClassifEspSWE-0002026-05-29_1,JOHANKARLSSON,202609261752HZWP6EHC,2026_26_sep_01,Citizen Science (ultrasonic) - shared
59~40306+18~07249_20260926_014145.wav,DEV_001_20260926_014145.wav,0,59.40306,18.07249,Leppun,Leptophyes punctatissima,Speckled Bush-cricket,bush-cricket,0.99,,,26/09/2026,25/09/2026,01:41:45,ClassifEspSWE-0002026-05-29_1,JOHANKARLSSON,202609261752HZWP6EHC,2026_26_sep_01,Citizen Science (ultrasonic) - shared
59~40306+18~07249_20260926_014151.wav,DEV_001_20260926_014151.wav,0,59.40306,18.07249,Leppun,Leptophyes punctatissima,Speckled Bush-cricket,bush-cricket,0.99,,,26/09/2026,25/09/2026,01:41:51,ClassifEspSWE-0002026-05-29_1,JOHANKARLSSON,202609261752HZWP6EHC,2026_26_sep_01,Citizen Science (ultrasonic) - shared
59~40306+18~07249_20260926_014157.wav,DEV_001_20260926_014157.wav,0,59.40306,18.07249,Leppun,Leptophyes punctatissima,Speckled Bush-cricket,bush-cricket,0.99,,,26/09/2026,25/09/2026,01:41:57,ClassifEspSWE-0002026-05-29_1,JOHANKARLSSON,202609261752HZWP6EHC,2026_26_sep_01,Citizen Science (ultrasonic) - shared
59~40306+18~07249_20260926_014204.wav,DEV_001_20260926_014204.wav,0,59.40306,18.07249,Leppun,Leptophyes punctatissima,Speckled Bush-cricket,bush-cricket,0.99,,,26/09/2026,25/09/2026,01:42:04,ClassifEspSWE-0002026-05-29_1,JOHANKARLSSON,202609261752HZWP6EHC,2026_26_sep_01,Citizen Science (ultrasonic) - shared
59~40306+18~07249_20260926_014211.wav,DEV_001_20260926_014211.wav,0,59.40306,18.07249,Leppun,Leptophyes punctatissima,Speckled Bush-cricket,bush-cricket,0.99,,,26/09/2026,25/09/2026,01:42:11,ClassifEspSWE-0002026-05-29_1,JOHANKARLSSON,202609261752HZWP6EHC,2026_26_sep_01,Citizen Science (ultrasonic) - shared
59~40306+18~07249_20260926_014217.wav,DEV_001_20260926_014217.wav,0,59.40306,18.07249,Leppun,Leptophyes punctatissima,Speckled Bush-cricket,bush-cricket,0.99,,,26/09/2026,25/09/2026,01:42:17,ClassifEspSWE-0002026-05-29_1,JOHANKARLSSON,202609261752HZWP6EHC,2026_26_sep_01,Citizen Science (ultrasonic) - shared
59~40306+18~07249_20260926_014223.wav,DEV_001_20260926_014223.wav,0,59.40306,18.07249,Leppun,Leptophyes punctatissima,Speckled Bush-cricket,bush-cricket,0.99,,,26/09/2026,25/09/2026,01:42:23,ClassifEspSWE-0002026-05-29_1,JOHANKARLSSON,202609261752HZWP6EHC,2026_26_sep_01,Citizen Science (ultrasonic) - shared
59~40306+18~07249_20260926_014230.wav,DEV_001_20260926_014230.wav,0,59.40306,18.07249,Leppun,Leptophyes punctatissima,Speckled Bush-cricket,bush-cricket,0.99,,,26/09/2026,25/09/2026,01:42:30,ClassifEspSWE-0002026-05-29_1,JOHANKARLSSON,202609261752HZWP6EHC,2026_26_sep_01,Citizen Science (ultrasonic) - shared
59~40306+18~07249_20260926_014237.wav,DEV_001_20260926_014237.wav,0,59.40306,18.07249,Leppun,Leptophyes punctatissima,Speckled Bush-cricket,bush-cricket,0.99,,,26/09/2026,25/09/2026,01:42:37,ClassifEspSWE-0002026-05-29_1,JOHANKARLSSON,202609261752HZWP6EHC,2026_26_sep_01,Citizen Science (ultrasonic) - shared
59~40306+18~07249_20260926_014244.wav,DEV_001_20260926_014244.wav,0,59.40306,18.07249,Leppun,Leptophyes punctatissima,Speckled Bush-cricket,bush-cricket,0.99,,,26/09/2026,25/09/2026,01:42:44,ClassifEspSWE-0002026-05-29_1,JOHANKARLSSON,202609261752HZWP6EHC,2026_26_sep_01,Citizen Science (ultrasonic) - shared
59~40306+18~07249_20260926_014251.wav,DEV_001_20260926_014251.wav,0,59.40306,18.07249,Leppun,Leptophyes punctatissima,Speckled Bush-cricket,bush-cricket,0.99,,,26/09/2026,25/09/2026,01:42:51,ClassifEspSWE-0002026-05-29_1,JOHANKARLSSON,202609261752HZWP6EHC,2026_26_sep_01,Citizen Science (ultrasonic) - shared
59~40306+18~07249_20260926_014257.wav,DEV_001_20260926_014257.wav,0,59.40306,18.07249,Leppun,Leptophyes punctatissima,Speckled Bush-cricket,bush-cricket,0.99,,,26/09/2026,25/09/2026,01:42:57,ClassifEspSWE-0002026-05-29_1,JOHANKARLSSON,202609261752HZWP6EHC,2026_26_sep_01,Citizen Science (ultrasonic) - shared
59~40306+18~07249_20260926_014304.wav,DEV_001_20260926_014304.wav,0,59.40306,18.07249,Leppun,Leptophyes punctatissima,Speckled Bush-cricket,bush-cricket,0.99,,,26/09/2026,25/09/2026,01:43:04,ClassifEspSWE-0002026-05-29_1,JOHANKARLSSON,202609261752HZWP6EHC,2026_26_sep_01,Citizen Science (ultrasonic) - shared
59~40306+18~07249_20260926_014310.wav,DEV_001_20260926_014310.wav,0,59.40306,18.07249,Leppun,Leptophyes punctatissima,Speckled Bush-cricket,bush-cricket,0.99,,,26/09/2026,25/09/2026,01:43:10,ClassifEspSWE-0002026-05-29_1,JOHANKARLSSON,202609261752HZWP6EHC,2026_26_sep_01,Citizen Science (ultrasonic) - shared
59~40306+18~07249_20260926_014317.wav,DEV_001_20260926_014317.wav,0,59.40306,18.07249,Leppun,Leptophyes punctatissima,Speckled Bush-cricket,bush-cricket,0.99,,,26/09/2026,25/09/2026,01:43:17,ClassifEspSWE-0002026-05-29_1,JOHANKARLSSON,202609261752HZWP6EHC,2026_26_sep_01,Citizen Science (ultrasonic) - shared
59~40306+18~07249_20260926_014325.wav,DEV_001_20260926_014325.wav,0,59.40306,18.07249,Leppun,Leptophyes punctatissima,Speckled Bush-cricket,bush-cricket,0.99,,,26/09/2026,25/09/2026,01:43:25,ClassifEspSWE-0002026-05-29_1,JOHANKARLSSON,202609261752HZWP6EHC,2026_26_sep_01,Citizen Science (ultrasonic) - shared
59~40306+18~07249_20260926_014332.wav,DEV_001_20260926_014332.wav,0,59.40306,18.07249,Leppun,Leptophyes punctatissima,Speckled Bush-cricket,bush-cricket,0.99,,,26/09/2026,25/09/2026,01:43:32,ClassifEspSWE-0002026-05-29_1,JOHANKARLSSON,202609261752HZWP6EHC,2026_26_sep_01,Citizen Science (ultrasonic) - shared
59~40306+18~07249_20260926_014344.wav,DEV_001_20260926_014344.wav,0,59.40306,18.07249,Leppun,Leptophyes punctatissima,Speckled Bush-cricket,bush-cricket,0.99,,,26/09/2026,25/09/2026,01:43:44,ClassifEspSWE-0002026-05-29_1,JOHANKARLSSON,202609261752HZWP6EHC,2026_26_sep_01,Citizen Science (ultrasonic) - shared
59~40306+18~07249_20260926_014352.wav,DEV_001_20260926_014352.wav,0,59.40306,18.07249,Leppun,Leptophyes punctatissima,Speckled Bush-cricket,bush-cricket,0.99,,,26/09/2026,25/09/2026,01:43:52,ClassifEspSWE-0002026-05-29_1,JOHANKARLSSON,202609261752HZWP6EHC,2026_26_sep_01,Citizen Science (ultrasonic) - shared
59~40306+18~07249_20260926_014358.wav,DEV_001_20260926_014358.wav,0,59.40306,18.07249,Leppun,Leptophyes punctatissima,Speckled Bush-cricket,bush-cricket,0.99,,,26/09/2026,25/09/2026,01:43:58,ClassifEspSWE-0002026-05-29_1,JOHANKARLSSON,202609261752HZWP6EHC,2026_26_sep_01,Citizen Science (ultrasonic) - shared
59~40306+18~07249_20260926_014405.wav,DEV_001_20260926_014405.wav,0,59.40306,18.07249,Leppun,Leptophyes punctatissima,Speckled Bush-cricket,bush-cricket,0.99,,,26/09/2026,25/09/2026,01:44:05,ClassifEspSWE-0002026-05-29_1,JOHANKARLSSON,202609261752HZWP6EHC,2026_26_sep_01,Citizen Science (ultrasonic) - shared
59~40306+18~07249_20260926_014411.wav,DEV_001_20260926_014411.wav,0,59.40306,18.07249,Leppun,Leptophyes punctatissima,Speckled Bush-cricket,bush-cricket,0.99,,,26/09/2026,25/09/2026,01:44:11,ClassifEspSWE-0002026-05-29_1,JOHANKARLSSON,202609261752HZWP6EHC,2026_26_sep_01,Citizen Science (ultrasonic) - shared
59~40306+18~07249_20260926_014419.wav,DEV_001_20260926_014419.wav,0,59.40306,18.07249,Leppun,Leptophyes punctatissima,Speckled Bush-cricket,bush-cricket,0.99,,,26/09/2026,25/09/2026,01:44:19,ClassifEspSWE-0002026-05-29_1,JOHANKARLSSON,202609261752HZWP6EHC,2026_26_sep_01,Citizen Science (ultrasonic) - shared
59~40306+18~07249_20260926_014424.wav,DEV_001_20260926_014424.wav,0,59.40306,18.07249,Leppun,Leptophyes punctatissima,Speckled Bush-cricket,bush-cricket,0.99,,,26/09/2026,25/09/2026,01:44:24,ClassifEspSWE-0002026-05-29_1,JOHANKARLSSON,202609261752HZWP6EHC,2026_26_sep_01,Citizen Science (ultrasonic) - shared
59~40306+18~07249_20260926_014431.wav,DEV_001_20260926_014431.wav,0,59.40306,18.07249,Leppun,Leptophyes punctatissima,Speckled Bush-cricket,bush-cricket,0.99,,,26/09/2026,25/09/2026,01:44:31,ClassifEspSWE-0002026-05-29_1,JOHANKARLSSON,202609261752HZWP6EHC,2026_26_sep_01,Citizen Science (ultrasonic) - shared
59~40306+18~07249_20260926_014438.wav,DEV_001_20260926_014438.wav,0,59.40306,18.07249,Leppun,Leptophyes punctatissima,Speckled Bush-cricket,bush-cricket,0.99,,,26/09/2026,25/09/2026,01:44:38,ClassifEspSWE-0002026-05-29_1,JOHANKARLSSON,202609261752HZWP6EHC,2026_26_sep_01,Citizen Science (ultrasonic) - shared
59~40306+18~07249_20260926_014445.wav,DEV_001_20260926_014445.wav,0,59.40306,18.07249,Leppun,Leptophyes punctatissima,Speckled Bush-cricket,bush-cricket,0.99,,,26/09/2026,25/09/2026,01:44:45,ClassifEspSWE-0002026-05-29_1,JOHANKARLSSON,202609261752HZWP6EHC,2026_26_sep_01,Citizen Science (ultrasonic) - shared
59~40306+18~07249_20260926_014453.wav,DEV_001_20260926_014453.wav,0,59.40306,18.07249,Leppun,Leptophyes punctatissima,Speckled Bush-cricket,bush-cricket,0.99,,,26/09/2026,25/09/2026,01:44:53,ClassifEspSWE-0002026-05-29_1,JOHANKARLSSON,202609261752HZWP6EHC,2026_26_sep_01,Citizen Science (ultrasonic) - shared
59~40306+18~07249_20260926_014458.wav,DEV_001_20260926_014458.wav,0,59.40306,18.07249,Leppun,Leptophyes punctatissima,Speckled Bush-cricket,bush-cricket,0.99,,,26/09/2026,25/09/2026,01:44:58,ClassifEspSWE-0002026-05-29_1,JOHANKARLSSON,202609261752HZWP6EHC,2026_26_sep_01,Citizen Science (ultrasonic) - shared
59~40306+18~07249_20260926_014504.wav,DEV_001_20260926_014504.wav,0,59.40306,18.07249,Leppun,Leptophyes punctatissima,Speckled Bush-cricket,bush-cricket,0.99,,,26/09/2026,25/09/2026,01:45:04,ClassifEspSWE-0002026-05-29_1,JOHANKARLSSON,202609261752HZWP6EHC,2026_26_sep_01,Citizen Science (ultrasonic) - shared
59~40306+18~07249_20260926_014511.wav,DEV_001_20260926_014511.wav,0,59.40306,18.07249,Leppun,Leptophyes punctatissima,Speckled Bush-cricket,bush-cricket,0.99,,,26/09/2026,25/09/2026,01:45:11,ClassifEspSWE-0002026-05-29_1,JOHANKARLSSON,202609261752HZWP6EHC,2026_26_sep_01,Citizen Science (ultrasonic) - shared
59~40306+18~07249_20260926_014516.wav,DEV_001_20260926_014516.wav,0,59.40306,18.07249,Leppun,Leptophyes punctatissima,Speckled Bush-cricket,bush-cricket,0.99,,,26/09/2026,25/09/2026,01:45:16,ClassifEspSWE-0002026-05-29_1,JOHANKARLSSON,202609261752HZWP6EHC,2026_26_sep_01,Citizen Science (ultrasonic) - shared
59~40306+18~07249_20260926_014521.wav,DEV_001_20260926_014521.wav,0,59.40306,18.07249,Leppun,Leptophyes punctatissima,Speckled Bush-cricket,bush-cricket,0.99,,,26/09/2026,25/09/2026,01:45:21,ClassifEspSWE-0002026-05-29_1,JOHANKARLSSON,202609261752HZWP6EHC,2026_26_sep_01,Citizen Science (ultrasonic) - shared
59~40306+18~07249_20260926_014526.wav,DEV_001_20260926_014526.wav,0,59.40306,18.07249,Leppun,Leptophyes punctatissima,Speckled Bush-cricket,bush-cricket,0.99,,,26/09/2026,25/09/2026,01:45:26,ClassifEspSWE-0002026-05-29_1,JOHANKARLSSON,202609261752HZWP6EHC,2026_26_sep_01,Citizen Science (ultrasonic) - shared
59~40306+18~07249_20260926_014534.wav,DEV_001_20260926_014534.wav,0,59.40306,18.07249,Leppun,Leptophyes punctatissima,Speckled Bush-cricket,bush-cricket,0.99,,,26/09/2026,25/09/2026,01:45:34,ClassifEspSWE-0002026-05-29_1,JOHANKARLSSON,202609261752HZWP6EHC,2026_26_sep_01,Citizen Science (ultrasonic) - shared
59~40306+18~07249_20260926_014542.wav,DEV_001_20260926_014542.wav,0,59.40306,18.07249,Leppun,Leptophyes punctatissima,Speckled Bush-cricket,bush-cricket,0.99,,,26/09/2026,25/09/2026,01:45:42,ClassifEspSWE-0002026-05-29_1,JOHANKARLSSON,202609261752HZWP6EHC,2026_26_sep_01,Citizen Science (ultrasonic) - shared
59~40306+18~07249_20260926_014549.wav,DEV_001_20260926_014549.wav,0,59.40306,18.07249,Leppun,Leptophyes punctatissima,Speckled Bush-cricket,bush-cricket,0.99,,,26/09/2026,25/09/2026,01:45:49,ClassifEspSWE-0002026-05-29_1,JOHANKARLSSON,202609261752HZWP6EHC,2026_26_sep_01,Citizen Science (ultrasonic) - shared
59~40306+18~07249_20260926_014555.wav,DEV_001_20260926_014555.wav,0,59.40306,18.07249,Leppun,Leptophyes punctatissima,Speckled Bush-cricket,bush-cricket,0.99,,,26/09/2026,25/09/2026,01:45:55,ClassifEspSWE-0002026-05-29_1,JOHANKARLSSON,202609261752HZWP6EHC,2026_26_sep_01,Citizen Science (ultrasonic) - shared
59~40306+18~07249_20260926_014602.wav,DEV_001_20260926_014602.wav,0,59.40306,18.07249,Leppun,Leptophyes punctatissima,Speckled Bush-cricket,bush-cricket,0.99,,,26/09/2026,25/09/2026,01:46:02,ClassifEspSWE-0002026-05-29_1,JOHANKARLSSON,202609261752HZWP6EHC,2026_26_sep_01,Citizen Science (ultrasonic) - shared
59~40306+18~07249_20260926_014609.wav,DEV_001_20260926_014609.wav,0,59.40306,18.07249,Leppun,Leptophyes punctatissima,Speckled Bush-cricket,bush-cricket,0.99,,,26/09/2026,25/09/2026,01:46:09,ClassifEspSWE-0002026-05-29_1,JOHANKARLSSON,202609261752HZWP6EHC,2026_26_sep_01,Citizen Science (ultrasonic) - shared
59~40306+18~07249_20260926_014616.wav,DEV_001_20260926_014616.wav,0,59.40306,18.07249,Leppun,Leptophyes punctatissima,Speckled Bush-cricket,bush-cricket,0.99,,,26/09/2026,25/09/2026,01:46:16,ClassifEspSWE-0002026-05-29_1,JOHANKARLSSON,202609261752HZWP6EHC,2026_26_sep_01,Citizen Science (ultrasonic) - shared
59~40306+18~07249_20260926_014623.wav,DEV_001_20260926_014623.wav,0,59.40306,18.07249,Leppun,Leptophyes punctatissima,Speckled Bush-cricket,bush-cricket,0.99,,,26/09/2026,25/09/2026,01:46:23,ClassifEspSWE-0002026-05-29_1,JOHANKARLSSON,202609261752HZWP6EHC,2026_26_sep_01,Citizen Science (ultrasonic) - shared
59~40306+18~07249_20260926_014635.wav,DEV_001_20260926_014635.wav,0,59.40306,18.07249,Leppun,Leptophyes punctatissima,Speckled Bush-cricket,bush-cricket,0.99,,,26/09/2026,25/09/2026,01:46:35,ClassifEspSWE-0002026-05-29_1,JOHANKARLSSON,202609261752HZWP6EHC,2026_26_sep_01,Citizen Science (ultrasonic) - shared
59~40306+18~07249_20260926_014642.wav,DEV_001_20260926_014642.wav,0,59.40306,18.07249,Leppun,Leptophyes punctatissima,Speckled Bush-cricket,bush-cricket,0.99,,,26/09/2026,25/09/2026,01:46:42,ClassifEspSWE-0002026-05-29_1,JOHANKARLSSON,202609261752HZWP6EHC,2026_26_sep_01,Citizen Science (ultrasonic) - shared
59~40306+18~07249_20260926_014647.wav,DEV_001_20260926_014647.wav,0,59.40306,18.07249,Leppun,Leptophyes punctatissima,Speckled Bush-cricket,bush-cricket,0.99,,,26/09/2026,25/09/2026,01:46:47,ClassifEspSWE-0002026-05-29_1,JOHANKARLSSON,202609261752HZWP6EHC,2026_26_sep_01,Citizen Science (ultrasonic) - shared
59~40306+18~07249_20260926_014655.wav,DEV_001_20260926_014655.wav,0,59.40306,18.07249,Leppun,Leptophyes punctatissima,Speckled Bush-cricket,bush-cricket,0.99,,,26/09/2026,25/09/2026,01:46:55,ClassifEspSWE-0002026-05-29_1,JOHANKARLSSON,202609261752HZWP6EHC,2026_26_sep_01,Citizen Science (ultrasonic) - shared
59~40306+18~07249_20260926_014701.wav,DEV_001_20260926_014701.wav,0,59.40306,18.07249,Leppun,Leptophyes punctatissima,Speckled Bush-cricket,bush-cricket,0.99,,,26/09/2026,25/09/2026,01:47:01,ClassifEspSWE-0002026-05-29_1,JOHANKARLSSON,202609261752HZWP6EHC,2026_26_sep_01,Citizen Science (ultrasonic) - shared
59~40306+18~07249_20260926_014707.wav,DEV_001_20260926_014707.wav,0,59.40306,18.07249,Leppun,Leptophyes punctatissima,Speckled Bush-cricket,bush-cricket,0.99,,,26/09/2026,25/09/2026,01:47:07,ClassifEspSWE-0002026-05-29_1,JOHANKARLSSON,202609261752HZWP6EHC,2026_26_sep_01,Citizen Science (ultrasonic) - shared
59~40306+18~07249_20260926_014715.wav,DEV_001_20260926_014715.wav,0,59.40306,18.07249,Leppun,Leptophyes punctatissima,Speckled Bush-cricket,bush-cricket,0.99,,,26/09/2026,25/09/2026,01:47:15,ClassifEspSWE-0002026-05-29_1,JOHANKARLSSON,202609261752HZWP6EHC,2026_26_sep_01,Citizen Science (ultrasonic) - shared
59~40306+18~07249_20260926_014721.wav,DEV_001_20260926_014721.wav,0,59.40306,18.07249,Leppun,Leptophyes punctatissima,Speckled Bush-cricket,bush-cricket,0.99,,,26/09/2026,25/09/2026,01:47:21,ClassifEspSWE-0002026-05-29_1,JOHANKARLSSON,202609261752HZWP6EHC,2026_26_sep_01,Citizen Science (ultrasonic) - shared
59~40306+18~07249_20260926_014728.wav,DEV_001_20260926_014728.wav,0,59.40306,18.07249,Leppun,Leptophyes punctatissima,Speckled Bush-cricket,bush-cricket,0.99,,,26/09/2026,25/09/2026,01:47:28,ClassifEspSWE-0002026-05-29_1,JOHANKARLSSON,202609261752HZWP6EHC,2026_26_sep_01,Citizen Science (ultrasonic) - shared
59~40306+18~07249_20260926_014735.wav,DEV_001_20260926_014735.wav,0,59.40306,18.07249,Leppun,Leptophyes punctatissima,Speckled Bush-cricket,bush-cricket,0.99,,,26/09/2026,25/09/2026,01:47:35,ClassifEspSWE-0002026-05-29_1,JOHANKARLSSON,202609261752HZWP6EHC,2026_26_sep_01,Citizen Science (ultrasonic) - shared
59~40306+18~07249_20260926_014740.wav,DEV_001_20260926_014740.wav,0,59.40306,18.07249,Leppun,Leptophyes punctatissima,Speckled Bush-cricket,bush-cricket,0.99,,,26/09/2026,25/09/2026,01:47:40,ClassifEspSWE-0002026-05-29_1,JOHANKARLSSON,202609261752HZWP6EHC,2026_26_sep_01,Citizen Science (ultrasonic) - shared
59~40306+18~07249_20260926_014747.wav,DEV_001_20260926_014747.wav,0,59.40306,18.07249,Leppun,Leptophyes punctatissima,Speckled Bush-cricket,bush-cricket,0.99,,,26/09/2026,25/09/2026,01:47:47,ClassifEspSWE-0002026-05-29_1,JOHANKARLSSON,202609261752HZWP6EHC,2026_26_sep_01,Citizen Science (ultrasonic) - shared
59~40306+18~07249_20260926_014753.wav,DEV_001_20260926_014753.wav,0,59.40306,18.07249,Leppun,Leptophyes punctatissima,Speckled Bush-cricket,bush-cricket,0.99,,,26/09/2026,25/09/2026,01:47:53,ClassifEspSWE-0002026-05-29_1,JOHANKARLSSON,202609261752HZWP6EHC,2026_26_sep_01,Citizen Science (ultrasonic) - shared
59~40306+18~07249_20260926_014800.wav,DEV_001_20260926_014800.wav,0,59.40306,18.07249,Leppun,Leptophyes punctatissima,Speckled Bush-cricket,bush-cricket,0.99,,,26/09/2026,25/09/2026,01:48:00,ClassifEspSWE-0002026-05-29_1,JOHANKARLSSON,202609261752HZWP6EHC,2026_26_sep_01,Citizen Science (ultrasonic) - shared
59~40306+18~07249_20260926_014808.wav,DEV_001_20260926_014808.wav,0,59.40306,18.07249,Leppun,Leptophyes punctatissima,Speckled Bush-cricket,bush-cricket,0.99,,,26/09/2026,25/09/2026,01:48:08,ClassifEspSWE-0002026-05-29_1,JOHANKARLSSON,202609261752HZWP6EHC,2026_26_sep_01,Citizen Science (ultrasonic) - shared
59~40306+18~07249_20260926_014813.wav,DEV_001_20260926_014813.wav,0,59.40306,18.07249,Leppun,Leptophyes punctatissima,Speckled Bush-cricket,bush-cricket,0.99,,,26/09/2026,25/09/2026,01:48:13,ClassifEspSWE-0002026-05-29_1,JOHANKARLSSON,202609261752HZWP6EHC,2026_26_sep_01,Citizen Science (ultrasonic) - shared
59~40306+18~07249_20260926_014824.wav,DEV_001_20260926_014824.wav,0,59.40306,18.07249,Leppun,Leptophyes punctatissima,Speckled Bush-cricket,bush-cricket,0.99,,,26/09/2026,25/09/2026,01:48:24,ClassifEspSWE-0002026-05-29_1,JOHANKARLSSON,202609261752HZWP6EHC,2026_26_sep_01,Citizen Science (ultrasonic) - shared
59~40306+18~07249_20260926_014829.wav,DEV_001_20260926_014829.wav,0,59.40306,18.07249,Leppun,Leptophyes punctatissima,Speckled Bush-cricket,bush-cricket,0.99,,,26/09/2026,25/09/2026,01:48:29,ClassifEspSWE-0002026-05-29_1,JOHANKARLSSON,202609261752HZWP6EHC,2026_26_sep_01,Citizen Science (ultrasonic) - shared
59~40306+18~07249_20260926_014834.wav,DEV_001_20260926_014834.wav,0,59.40306,18.07249,Leppun,Leptophyes punctatissima,Speckled Bush-cricket,bush-cricket,0.99,,,26/09/2026,25/09/2026,01:48:34,ClassifEspSWE-0002026-05-29_1,JOHANKARLSSON,202609261752HZWP6EHC,2026_26_sep_01,Citizen Science (ultrasonic) - shared
59~40306+18~07249_20260926_014840.wav,DEV_001_20260926_014840.wav,0,59.40306,18.07249,Leppun,Leptophyes punctatissima,Speckled Bush-cricket,bush-cricket,0.99,,,26/09/2026,25/09/2026,01:48:40,ClassifEspSWE-0002026-05-29_1,JOHANKARLSSON,202609261752HZWP6EHC,2026_26_sep_01,Citizen Science (ultrasonic) - shared
59~40306+18~07249_20260926_014846.wav,DEV_001_20260926_014846.wav,0,59.40306,18.07249,Leppun,Leptophyes punctatissima,Speckled Bush-cricket,bush-cricket,0.99,,,26/09/2026,25/09/2026,01:48:46,ClassifEspSWE-0002026-05-29_1,JOHANKARLSSON,202609261752HZWP6EHC,2026_26_sep_01,Citizen Science (ultrasonic) - shared
59~40306+18~07249_20260926_014851.wav,DEV_001_20260926_014851.wav,0,59.40306,18.07249,Leppun,Leptophyes punctatissima,Speckled Bush-cricket,bush-cricket,0.99,,,26/09/2026,25/09/2026,01:48:51,ClassifEspSWE-0002026-05-29_1,JOHANKARLSSON,202609261752HZWP6EHC,2026_26_sep_01,Citizen Science (ultrasonic) - shared
59~40306+18~07249_20260926_014859.wav,DEV_001_20260926_014859.wav,0,59.40306,18.07249,Leppun,Leptophyes punctatissima,Speckled Bush-cricket,bush-cricket,0.99,,,26/09/2026,25/09/2026,01:48:59,ClassifEspSWE-0002026-05-29_1,JOHANKARLSSON,202609261752HZWP6EHC,2026_26_sep_01,Citizen Science (ultrasonic) - shared
59~40306+18~07249_20260926_014905.wav,DEV_001_20260926_014905.wav,0,59.40306,18.07249,Leppun,Leptophyes punctatissima,Speckled Bush-cricket,bush-cricket,0.99,,,26/09/2026,25/09/2026,01:49:05,ClassifEspSWE-0002026-05-29_1,JOHANKARLSSON,202609261752HZWP6EHC,2026_26_sep_01,Citizen Science (ultrasonic) - shared
59~40306+18~07249_20260926_014911.wav,DEV_001_20260926_014911.wav,0,59.40306,18.07249,Leppun,Leptophyes punctatissima,Speckled Bush-cricket,bush-cricket,0.99,,,26/09/2026,25/09/2026,01:49:11,ClassifEspSWE-0002026-05-29_1,JOHANKARLSSON,202609261752HZWP6EHC,2026_26_sep_01,Citizen Science (ultrasonic) - shared
59~40306+18~07249_20260926_014924.wav,DEV_001_20260926_014924.wav,0,59.40306,18.07249,Leppun,Leptophyes punctatissima,Speckled Bush-cricket,bush-cricket,0.99,,,26/09/2026,25/09/2026,01:49:24,ClassifEspSWE-0002026-05-29_1,JOHANKARLSSON,202609261752HZWP6EHC,2026_26_sep_01,Citizen Science (ultrasonic) - shared
59~40306+18~07249_20260926_014930.wav,DEV_001_20260926_014930.wav,0,59.40306,18.07249,Leppun,Leptophyes punctatissima,Speckled Bush-cricket,bush-cricket,0.99,,,26/09/2026,25/09/2026,01:49:30,ClassifEspSWE-0002026-05-29_1,JOHANKARLSSON,202609261752HZWP6EHC,2026_26_sep_01,Citizen Science (ultrasonic) - shared
59~40306+18~07249_20260926_014935.wav,DEV_001_20260926_014935.wav,0,59.40306,18.07249,Leppun,Leptophyes punctatissima,Speckled Bush-cricket,bush-cricket,0.94,,,26/09/2026,25/09/2026,01:49:35,ClassifEspSWE-0002026-05-29_1,JOHANKARLSSON,202609261752HZWP6EHC,2026_26_sep_01,Citizen Science (ultrasonic) - shared
59~40306+18~07249_20260926_014943.wav,DEV_001_20260926_014943.wav,0,59.40306,18.07249,Leppun,Leptophyes punctatissima,Speckled Bush-cricket,bush-cricket,0.99,,,26/09/2026,25/09/2026,01:49:43,ClassifEspSWE-0002026-05-29_1,JOHANKARLSSON,202609261752HZWP6EHC,2026_26_sep_01,Citizen Science (ultrasonic) - shared
59~40306+18~07249_20260926_014949.wav,DEV_001_20260926_014949.wav,0,59.40306,18.07249,Leppun,Leptophyes punctatissima,Speckled Bush-cricket,bush-cricket,0.99,,,26/09/2026,25/09/2026,01:49:49,ClassifEspSWE-0002026-05-29_1,JOHANKARLSSON,202609261752HZWP6EHC,2026_26_sep_01,Citizen Science (ultrasonic) - shared
59~40306+18~07249_20260926_014955.wav,DEV_001_20260926_014955.wav,0,59.40306,18.07249,Leppun,Leptophyes punctatissima,Speckled Bush-cricket,bush-cricket,0.99,,,26/09/2026,25/09/2026,01:49:55,ClassifEspSWE-0002026-05-29_1,JOHANKARLSSON,202609261752HZWP6EHC,2026_26_sep_01,Citizen Science (ultrasonic) - shared
59~40306+18~07249_20260926_015001.wav,DEV_001_20260926_015001.wav,0,59.40306,18.07249,Leppun,Leptophyes punctatissima,Speckled Bush-cricket,bush-cricket,0.99,,,26/09/2026,25/09/2026,01:50:01,ClassifEspSWE-0002026-05-29_1,JOHANKARLSSON,202609261752HZWP6EHC,2026_26_sep_01,Citizen Science (ultrasonic) - shared
59~40306+18~07249_20260926_015009.wav,DEV_001_20260926_015009.wav,0,59.40306,18.07249,Leppun,Leptophyes punctatissima,Speckled Bush-cricket,bush-cricket,0.99,,,26/09/2026,25/09/2026,01:50:09,ClassifEspSWE-0002026-05-29_1,JOHANKARLSSON,202609261752HZWP6EHC,2026_26_sep_01,Citizen Science (ultrasonic) - shared
59~40306+18~07249_20260926_015016.wav,DEV_001_20260926_015016.wav,0,59.40306,18.07249,Leppun,Leptophyes punctatissima,Speckled Bush-cricket,bush-cricket,0.99,,,26/09/2026,25/09/2026,01:50:16,ClassifEspSWE-0002026-05-29_1,JOHANKARLSSON,202609261752HZWP6EHC,2026_26_sep_01,Citizen Science (ultrasonic) - shared
59~40306+18~07249_20260926_015022.wav,DEV_001_20260926_015022.wav,0,59.40306,18.07249,Leppun,Leptophyes punctatissima,Speckled Bush-cricket,bush-cricket,0.99,,,26/09/2026,25/09/2026,01:50:22,ClassifEspSWE-0002026-05-29_1,JOHANKARLSSON,202609261752HZWP6EHC,2026_26_sep_01,Citizen Science (ultrasonic) - shared
59~40306+18~07249_20260926_015027.wav,DEV_001_20260926_015027.wav,0,59.40306,18.07249,Leppun,Leptophyes punctatissima,Speckled Bush-cricket,bush-cricket,0.99,,,26/09/2026,25/09/2026,01:50:27,ClassifEspSWE-0002026-05-29_1,JOHANKARLSSON,202609261752HZWP6EHC,2026_26_sep_01,Citizen Science (ultrasonic) - shared
59~40306+18~07249_20260926_015034.wav,DEV_001_20260926_015034.wav,0,59.40306,18.07249,Leppun,Leptophyes punctatissima,Speckled Bush-cricket,bush-cricket,0.99,,,26/09/2026,25/09/2026,01:50:34,ClassifEspSWE-0002026-05-29_1,JOHANKARLSSON,202609261752HZWP6EHC,2026_26_sep_01,Citizen Science (ultrasonic) - shared
59~40306+18~07249_20260926_015039.wav,DEV_001_20260926_015039.wav,0,59.40306,18.07249,Leppun,Leptophyes punctatissima,Speckled Bush-cricket,bush-cricket,0.99,,,26/09/2026,25/09/2026,01:50:39,ClassifEspSWE-0002026-05-29_1,JOHANKARLSSON,202609261752HZWP6EHC,2026_26_sep_01,Citizen Science (ultrasonic) - shared
59~40306+18~07249_20260926_015045.wav,DEV_001_20260926_015045.wav,0,59.40306,18.07249,Leppun,Leptophyes punctatissima,Speckled Bush-cricket,bush-cricket,0.99,,,26/09/2026,25/09/2026,01:50:45,ClassifEspSWE-0002026-05-29_1,JOHANKARLSSON,202609261752HZWP6EHC,2026_26_sep_01,Citizen Science (ultrasonic) - shared
59~40306+18~07249_20260926_015051.wav,DEV_001_20260926_015051.wav,0,59.40306,18.07249,Leppun,Leptophyes punctatissima,Speckled Bush-cricket,bush-cricket,0.99,,,26/09/2026,25/09/2026,01:50:51,ClassifEspSWE-0002026-05-29_1,JOHANKARLSSON,202609261752HZWP6EHC,2026_26_sep_01,Citizen Science (ultrasonic) - shared
59~40306+18~07249_20260926_015057.wav,DEV_001_20260926_015057.wav,0,59.40306,18.07249,Leppun,Leptophyes punctatissima,Speckled Bush-cricket,bush-cricket,0.99,,,26/09/2026,25/09/2026,01:50:57,ClassifEspSWE-0002026-05-29_1,JOHANKARLSSON,202609261752HZWP6EHC,2026_26_sep_01,Citizen Science (ultrasonic) - shared
59~40306+18~07249_20260926_015105.wav,DEV_001_20260926_015105.wav,0,59.40306,18.07249,Leppun,Leptophyes punctatissima,Speckled Bush-cricket,bush-cricket,0.99,,,26/09/2026,25/09/2026,01:51:05,ClassifEspSWE-0002026-05-29_1,JOHANKARLSSON,202609261752HZWP6EHC,2026_26_sep_01,Citizen Science (ultrasonic) - shared
59~40306+18~07249_20260926_015111.wav,DEV_001_20260926_015111.wav,0,59.40306,18.07249,Leppun,Leptophyes punctatissima,Speckled Bush-cricket,bush-cricket,0.99,,,26/09/2026,25/09/2026,01:51:11,ClassifEspSWE-0002026-05-29_1,JOHANKARLSSON,202609261752HZWP6EHC,2026_26_sep_01,Citizen Science (ultrasonic) - shared
59~40306+18~07249_20260926_015124.wav,DEV_001_20260926_015124.wav,0,59.40306,18.07249,Leppun,Leptophyes punctatissima,Speckled Bush-cricket,bush-cricket,0.99,,,26/09/2026,25/09/2026,01:51:24,ClassifEspSWE-0002026-05-29_1,JOHANKARLSSON,202609261752HZWP6EHC,2026_26_sep_01,Citizen Science (ultrasonic) - shared
59~40306+18~07249_20260926_015131.wav,DEV_001_20260926_015131.wav,0,59.40306,18.07249,Leppun,Leptophyes punctatissima,Speckled Bush-cricket,bush-cricket,0.99,,,26/09/2026,25/09/2026,01:51:31,ClassifEspSWE-0002026-05-29_1,JOHANKARLSSON,202609261752HZWP6EHC,2026_26_sep_01,Citizen Science (ultrasonic) - shared
59~40306+18~07249_20260926_015136.wav,DEV_001_20260926_015136.wav,0,59.40306,18.07249,Leppun,Leptophyes punctatissima,Speckled Bush-cricket,bush-cricket,0.99,,,26/09/2026,25/09/2026,01:51:36,ClassifEspSWE-0002026-05-29_1,JOHANKARLSSON,202609261752HZWP6EHC,2026_26_sep_01,Citizen Science (ultrasonic) - shared
59~40306+18~07249_20260926_015142.wav,DEV_001_20260926_015142.wav,0,59.40306,18.07249,Leppun,Leptophyes punctatissima,Speckled Bush-cricket,bush-cricket,0.99,,,26/09/2026,25/09/2026,01:51:42,ClassifEspSWE-0002026-05-29_1,JOHANKARLSSON,202609261752HZWP6EHC,2026_26_sep_01,Citizen Science (ultrasonic) - shared
59~40306+18~07249_20260926_015147.wav,DEV_001_20260926_015147.wav,0,59.40306,18.07249,Leppun,Leptophyes punctatissima,Speckled Bush-cricket,bush-cricket,0.99,,,26/09/2026,25/09/2026,01:51:47,ClassifEspSWE-0002026-05-29_1,JOHANKARLSSON,202609261752HZWP6EHC,2026_26_sep_01,Citizen Science (ultrasonic) - shared
59~40306+18~07249_20260926_015154.wav,DEV_001_20260926_015154.wav,0,59.40306,18.07249,Leppun,Leptophyes punctatissima,Speckled Bush-cricket,bush-cricket,0.99,,,26/09/2026,25/09/2026,01:51:54,ClassifEspSWE-0002026-05-29_1,JOHANKARLSSON,202609261752HZWP6EHC,2026_26_sep_01,Citizen Science (ultrasonic) - shared
59~40306+18~07249_20260926_015202.wav,DEV_001_20260926_015202.wav,0,59.40306,18.07249,Leppun,Leptophyes punctatissima,Speckled Bush-cricket,bush-cricket,0.99,,,26/09/2026,25/09/2026,01:52:02,ClassifEspSWE-0002026-05-29_1,JOHANKARLSSON,202609261752HZWP6EHC,2026_26_sep_01,Citizen Science (ultrasonic) - shared
59~40306+18~07249_20260926_015209.wav,DEV_001_20260926_015209.wav,0,59.40306,18.07249,Leppun,Leptophyes punctatissima,Speckled Bush-cricket,bush-cricket,0.99,,,26/09/2026,25/09/2026,01:52:09,ClassifEspSWE-0002026-05-29_1,JOHANKARLSSON,202609261752HZWP6EHC,2026_26_sep_01,Citizen Science (ultrasonic) - shared
59~40306+18~07249_20260926_015216.wav,DEV_001_20260926_015216.wav,0,59.40306,18.07249,Leppun,Leptophyes punctatissima,Speckled Bush-cricket,bush-cricket,0.99,,,26/09/2026,25/09/2026,01:52:16,ClassifEspSWE-0002026-05-29_1,JOHANKARLSSON,202609261752HZWP6EHC,2026_26_sep_01,Citizen Science (ultrasonic) - shared
59~40306+18~07249_20260926_015221.wav,DEV_001_20260926_015221.wav,0,59.40306,18.07249,Leppun,Leptophyes punctatissima,Speckled Bush-cricket,bush-cricket,0.99,,,26/09/2026,25/09/2026,01:52:21,ClassifEspSWE-0002026-05-29_1,JOHANKARLSSON,202609261752HZWP6EHC,2026_26_sep_01,Citizen Science (ultrasonic) - shared
59~40306+18~07249_20260926_015227.wav,DEV_001_20260926_015227.wav,0,59.40306,18.07249,Leppun,Leptophyes punctatissima,Speckled Bush-cricket,bush-cricket,0.99,,,26/09/2026,25/09/2026,01:52:27,ClassifEspSWE-0002026-05-29_1,JOHANKARLSSON,202609261752HZWP6EHC,2026_26_sep_01,Citizen Science (ultrasonic) - shared
59~40306+18~07249_20260926_015233.wav,DEV_001_20260926_015233.wav,0,59.40306,18.07249,Leppun,Leptophyes punctatissima,Speckled Bush-cricket,bush-cricket,0.99,,,26/09/2026,25/09/2026,01:52:33,ClassifEspSWE-0002026-05-29_1,JOHANKARLSSON,202609261752HZWP6EHC,2026_26_sep_01,Citizen Science (ultrasonic) - shared
59~40306+18~07249_20260926_015239.wav,DEV_001_20260926_015239.wav,0,59.40306,18.07249,Leppun,Leptophyes punctatissima,Speckled Bush-cricket,bush-cricket,0.99,,,26/09/2026,25/09/2026,01:52:39,ClassifEspSWE-0002026-05-29_1,JOHANKARLSSON,202609261752HZWP6EHC,2026_26_sep_01,Citizen Science (ultrasonic) - shared
59~40306+18~07249_20260926_015244.wav,DEV_001_20260926_015244.wav,0,59.40306,18.07249,Leppun,Leptophyes punctatissima,Speckled Bush-cricket,bush-cricket,0.99,,,26/09/2026,25/09/2026,01:52:44,ClassifEspSWE-0002026-05-29_1,JOHANKARLSSON,202609261752HZWP6EHC,2026_26_sep_01,Citizen Science (ultrasonic) - shared
59~40306+18~07249_20260926_015250.wav,DEV_001_20260926_015250.wav,0,59.40306,18.07249,Leppun,Leptophyes punctatissima,Speckled Bush-cricket,bush-cricket,0.99,,,26/09/2026,25/09/2026,01:52:50,ClassifEspSWE-0002026-05-29_1,JOHANKARLSSON,202609261752HZWP6EHC,2026_26_sep_01,Citizen Science (ultrasonic) - shared
59~40306+18~07249_20260926_015257.wav,DEV_001_20260926_015257.wav,0,59.40306,18.07249,Leppun,Leptophyes punctatissima,Speckled Bush-cricket,bush-cricket,0.99,,,26/09/2026,25/09/2026,01:52:57,ClassifEspSWE-0002026-05-29_1,JOHANKARLSSON,202609261752HZWP6EHC,2026_26_sep_01,Citizen Science (ultrasonic) - shared
59~40306+18~07249_20260926_015302.wav,DEV_001_20260926_015302.wav,0,59.40306,18.07249,Leppun,Leptophyes punctatissima,Speckled Bush-cricket,bush-cricket,0.99,,,26/09/2026,25/09/2026,01:53:02,ClassifEspSWE-0002026-05-29_1,JOHANKARLSSON,202609261752HZWP6EHC,2026_26_sep_01,Citizen Science (ultrasonic) - shared
59~40306+18~07249_20260926_015309.wav,DEV_001_20260926_015309.wav,0,59.40306,18.07249,Leppun,Leptophyes punctatissima,Speckled Bush-cricket,bush-cricket,0.99,,,26/09/2026,25/09/2026,01:53:09,ClassifEspSWE-0002026-05-29_1,JOHANKARLSSON,202609261752HZWP6EHC,2026_26_sep_01,Citizen Science (ultrasonic) - shared
59~40306+18~07249_20260926_015314.wav,DEV_001_20260926_015314.wav,0,59.40306,18.07249,Leppun,Leptophyes punctatissima,Speckled Bush-cricket,bush-cricket,0.99,,,26/09/2026,25/09/2026,01:53:14,ClassifEspSWE-0002026-05-29_1,JOHANKARLSSON,202609261752HZWP6EHC,2026_26_sep_01,Citizen Science (ultrasonic) - shared
59~40306+18~07249_20260926_015319.wav,DEV_001_20260926_015319.wav,0,59.40306,18.07249,Leppun,Leptophyes punctatissima,Speckled Bush-cricket,bush-cricket,0.99,,,26/09/2026,25/09/2026,01:53:19,ClassifEspSWE-0002026-05-29_1,JOHANKARLSSON,202609261752HZWP6EHC,2026_26_sep_01,Citizen Science (ultrasonic) - shared
59~40306+18~07249_20260926_015326.wav,DEV_001_20260926_015326.wav,0,59.40306,18.07249,Leppun,Leptophyes punctatissima,Speckled Bush-cricket,bush-cricket,0.99,,,26/09/2026,25/09/2026,01:53:26,ClassifEspSWE-0002026-05-29_1,JOHANKARLSSON,202609261752HZWP6EHC,2026_26_sep_01,Citizen Science (ultrasonic) - shared
59~40306+18~07249_20260926_015331.wav,DEV_001_20260926_015331.wav,0,59.40306,18.07249,Leppun,Leptophyes punctatissima,Speckled Bush-cricket,bush-cricket,0.99,,,26/09/2026,25/09/2026,01:53:31,ClassifEspSWE-0002026-05-29_1,JOHANKARLSSON,202609261752HZWP6EHC,2026_26_sep_01,Citizen Science (ultrasonic) - shared
59~40306+18~07249_20260926_015338.wav,DEV_001_20260926_015338.wav,0,59.40306,18.07249,Leppun,Leptophyes punctatissima,Speckled Bush-cricket,bush-cricket,0.99,,,26/09/2026,25/09/2026,01:53:38,ClassifEspSWE-0002026-05-29_1,JOHANKARLSSON,202609261752HZWP6EHC,2026_26_sep_01,Citizen Science (ultrasonic) - shared
59~40306+18~07249_20260926_015344.wav,DEV_001_20260926_015344.wav,0,59.40306,18.07249,Leppun,Leptophyes punctatissima,Speckled Bush-cricket,bush-cricket,0.99,,,26/09/2026,25/09/2026,01:53:44,ClassifEspSWE-0002026-05-29_1,JOHANKARLSSON,202609261752HZWP6EHC,2026_26_sep_01,Citizen Science (ultrasonic) - shared
59~40306+18~07249_20260926_015350.wav,DEV_001_20260926_015350.wav,0,59.40306,18.07249,Leppun,Leptophyes punctatissima,Speckled Bush-cricket,bush-cricket,0.99,,,26/09/2026,25/09/2026,01:53:50,ClassifEspSWE-0002026-05-29_1,JOHANKARLSSON,202609261752HZWP6EHC,2026_26_sep_01,Citizen Science (ultrasonic) - shared
59~40306+18~07249_20260926_015356.wav,DEV_001_20260926_015356.wav,0,59.40306,18.07249,Leppun,Leptophyes punctatissima,Speckled Bush-cricket,bush-cricket,0.99,,,26/09/2026,25/09/2026,01:53:56,ClassifEspSWE-0002026-05-29_1,JOHANKARLSSON,202609261752HZWP6EHC,2026_26_sep_01,Citizen Science (ultrasonic) - shared
59~40306+18~07249_20260926_015404.wav,DEV_001_20260926_015404.wav,0,59.40306,18.07249,Leppun,Leptophyes punctatissima,Speckled Bush-cricket,bush-cricket,0.99,,,26/09/2026,25/09/2026,01:54:04,ClassifEspSWE-0002026-05-29_1,JOHANKARLSSON,202609261752HZWP6EHC,2026_26_sep_01,Citizen Science (ultrasonic) - shared
59~40306+18~07249_20260926_015410.wav,DEV_001_20260926_015410.wav,0,59.40306,18.07249,Leppun,Leptophyes punctatissima,Speckled Bush-cricket,bush-cricket,0.99,,,26/09/2026,25/09/2026,01:54:10,ClassifEspSWE-0002026-05-29_1,JOHANKARLSSON,202609261752HZWP6EHC,2026_26_sep_01,Citizen Science (ultrasonic) - shared
59~40306+18~07249_20260926_015416.wav,DEV_001_20260926_015416.wav,0,59.40306,18.07249,Leppun,Leptophyes punctatissima,Speckled Bush-cricket,bush-cricket,0.99,,,26/09/2026,25/09/2026,01:54:16,ClassifEspSWE-0002026-05-29_1,JOHANKARLSSON,202609261752HZWP6EHC,2026_26_sep_01,Citizen Science (ultrasonic) - shared
59~40306+18~07249_20260926_015422.wav,DEV_001_20260926_015422.wav,0,59.40306,18.07249,Leppun,Leptophyes punctatissima,Speckled Bush-cricket,bush-cricket,0.99,,,26/09/2026,25/09/2026,01:54:22,ClassifEspSWE-0002026-05-29_1,JOHANKARLSSON,202609261752HZWP6EHC,2026_26_sep_01,Citizen Science (ultrasonic) - shared
59~40306+18~07249_20260926_015429.wav,DEV_001_20260926_015429.wav,0,59.40306,18.07249,Leppun,Leptophyes punctatissima,Speckled Bush-cricket,bush-cricket,0.99,,,26/09/2026,25/09/2026,01:54:29,ClassifEspSWE-0002026-05-29_1,JOHANKARLSSON,202609261752HZWP6EHC,2026_26_sep_01,Citizen Science (ultrasonic) - shared
59~40306+18~07249_20260926_015438.wav,DEV_001_20260926_015438.wav,0,59.40306,18.07249,Leppun,Leptophyes punctatissima,Speckled Bush-cricket,bush-cricket,0.99,,,26/09/2026,25/09/2026,01:54:38,ClassifEspSWE-0002026-05-29_1,JOHANKARLSSON,202609261752HZWP6EHC,2026_26_sep_01,Citizen Science (ultrasonic) - shared
59~40306+18~07249_20260926_015443.wav,DEV_001_20260926_015443.wav,0,59.40306,18.07249,Leppun,Leptophyes punctatissima,Speckled Bush-cricket,bush-cricket,0.99,,,26/09/2026,25/09/2026,01:54:43,ClassifEspSWE-0002026-05-29_1,JOHANKARLSSON,202609261752HZWP6EHC,2026_26_sep_01,Citizen Science (ultrasonic) - shared
59~40306+18~07249_20260926_015449.wav,DEV_001_20260926_015449.wav,0,59.40306,18.07249,Leppun,Leptophyes punctatissima,Speckled Bush-cricket,bush-cricket,0.99,,,26/09/2026,25/09/2026,01:54:49,ClassifEspSWE-0002026-05-29_1,JOHANKARLSSON,202609261752HZWP6EHC,2026_26_sep_01,Citizen Science (ultrasonic) - shared
59~40306+18~07249_20260926_015456.wav,DEV_001_20260926_015456.wav,0,59.40306,18.07249,Leppun,Leptophyes punctatissima,Speckled Bush-cricket,bush-cricket,0.99,,,26/09/2026,25/09/2026,01:54:56,ClassifEspSWE-0002026-05-29_1,JOHANKARLSSON,202609261752HZWP6EHC,2026_26_sep_01,Citizen Science (ultrasonic) - shared
59~40306+18~07249_20260926_015502.wav,DEV_001_20260926_015502.wav,0,59.40306,18.07249,Leppun,Leptophyes punctatissima,Speckled Bush-cricket,bush-cricket,0.99,,,26/09/2026,25/09/2026,01:55:02,ClassifEspSWE-0002026-05-29_1,JOHANKARLSSON,202609261752HZWP6EHC,2026_26_sep_01,Citizen Science (ultrasonic) - shared
59~40306+18~07249_20260926_015509.wav,DEV_001_20260926_015509.wav,0,59.40306,18.07249,Leppun,Leptophyes punctatissima,Speckled Bush-cricket,bush-cricket,0.99,,,26/09/2026,25/09/2026,01:55:09,ClassifEspSWE-0002026-05-29_1,JOHANKARLSSON,202609261752HZWP6EHC,2026_26_sep_01,Citizen Science (ultrasonic) - shared
59~40306+18~07249_20260926_015515.wav,DEV_001_20260926_015515.wav,0,59.40306,18.07249,Leppun,Leptophyes punctatissima,Speckled Bush-cricket,bush-cricket,0.99,,,26/09/2026,25/09/2026,01:55:15,ClassifEspSWE-0002026-05-29_1,JOHANKARLSSON,202609261752HZWP6EHC,2026_26_sep_01,Citizen Science (ultrasonic) - shared
59~40306+18~07249_20260926_015521.wav,DEV_001_20260926_015521.wav,0,59.40306,18.07249,Leppun,Leptophyes punctatissima,Speckled Bush-cricket,bush-cricket,0.99,,,26/09/2026,25/09/2026,01:55:21,ClassifEspSWE-0002026-05-29_1,JOHANKARLSSON,202609261752HZWP6EHC,2026_26_sep_01,Citizen Science (ultrasonic) - shared
59~40306+18~07249_20260926_015528.wav,DEV_001_20260926_015528.wav,0,59.40306,18.07249,Leppun,Leptophyes punctatissima,Speckled Bush-cricket,bush-cricket,0.99,,,26/09/2026,25/09/2026,01:55:28,ClassifEspSWE-0002026-05-29_1,JOHANKARLSSON,202609261752HZWP6EHC,2026_26_sep_01,Citizen Science (ultrasonic) - shared
59~40306+18~07249_20260926_015534.wav,DEV_001_20260926_015534.wav,0,59.40306,18.07249,Leppun,Leptophyes punctatissima,Speckled Bush-cricket,bush-cricket,0.99,,,26/09/2026,25/09/2026,01:55:34,ClassifEspSWE-0002026-05-29_1,JOHANKARLSSON,202609261752HZWP6EHC,2026_26_sep_01,Citizen Science (ultrasonic) - shared
59~40306+18~07249_20260926_015540.wav,DEV_001_20260926_015540.wav,0,59.40306,18.07249,Leppun,Leptophyes punctatissima,Speckled Bush-cricket,bush-cricket,0.99,,,26/09/2026,25/09/2026,01:55:40,ClassifEspSWE-0002026-05-29_1,JOHANKARLSSON,202609261752HZWP6EHC,2026_26_sep_01,Citizen Science (ultrasonic) - shared
59~40306+18~07249_20260926_015545.wav,DEV_001_20260926_015545.wav,0,59.40306,18.07249,Leppun,Leptophyes punctatissima,Speckled Bush-cricket,bush-cricket,0.99,,,26/09/2026,25/09/2026,01:55:45,ClassifEspSWE-0002026-05-29_1,JOHANKARLSSON,202609261752HZWP6EHC,2026_26_sep_01,Citizen Science (ultrasonic) - shared
59~40306+18~07249_20260926_015551.wav,DEV_001_20260926_015551.wav,0,59.40306,18.07249,Leppun,Leptophyes punctatissima,Speckled Bush-cricket,bush-cricket,0.99,,,26/09/2026,25/09/2026,01:55:51,ClassifEspSWE-0002026-05-29_1,JOHANKARLSSON,202609261752HZWP6EHC,2026_26_sep_01,Citizen Science (ultrasonic) - shared
59~40306+18~07249_20260926_015556.wav,DEV_001_20260926_015556.wav,0,59.40306,18.07249,Leppun,Leptophyes punctatissima,Speckled Bush-cricket,bush-cricket,0.99,,,26/09/2026,25/09/2026,01:55:56,ClassifEspSWE-0002026-05-29_1,JOHANKARLSSON,202609261752HZWP6EHC,2026_26_sep_01,Citizen Science (ultrasonic) - shared
59~40306+18~07249_20260926_015603.wav,DEV_001_20260926_015603.wav,0,59.40306,18.07249,Leppun,Leptophyes punctatissima,Speckled Bush-cricket,bush-cricket,0.99,,,26/09/2026,25/09/2026,01:56:03,ClassifEspSWE-0002026-05-29_1,JOHANKARLSSON,202609261752HZWP6EHC,2026_26_sep_01,Citizen Science (ultrasonic) - shared
59~40306+18~07249_20260926_015609.wav,DEV_001_20260926_015609.wav,0,59.40306,18.07249,Leppun,Leptophyes punctatissima,Speckled Bush-cricket,bush-cricket,0.99,,,26/09/2026,25/09/2026,01:56:09,ClassifEspSWE-0002026-05-29_1,JOHANKARLSSON,202609261752HZWP6EHC,2026_26_sep_01,Citizen Science (ultrasonic) - shared
59~40306+18~07249_20260926_015616.wav,DEV_001_20260926_015616.wav,0,59.40306,18.07249,Leppun,Leptophyes punctatissima,Speckled Bush-cricket,bush-cricket,0.99,,,26/09/2026,25/09/2026,01:56:16,ClassifEspSWE-0002026-05-29_1,JOHANKARLSSON,202609261752HZWP6EHC,2026_26_sep_01,Citizen Science (ultrasonic) - shared
59~40306+18~07249_20260926_015621.wav,DEV_001_20260926_015621.wav,0,59.40306,18.07249,Leppun,Leptophyes punctatissima,Speckled Bush-cricket,bush-cricket,0.99,,,26/09/2026,25/09/2026,01:56:21,ClassifEspSWE-0002026-05-29_1,JOHANKARLSSON,202609261752HZWP6EHC,2026_26_sep_01,Citizen Science (ultrasonic) - shared
59~40306+18~07249_20260926_015627.wav,DEV_001_20260926_015627.wav,0,59.40306,18.07249,Leppun,Leptophyes punctatissima,Speckled Bush-cricket,bush-cricket,0.99,,,26/09/2026,25/09/2026,01:56:27,ClassifEspSWE-0002026-05-29_1,JOHANKARLSSON,202609261752HZWP6EHC,2026_26_sep_01,Citizen Science (ultrasonic) - shared
59~40306+18~07249_20260926_015634.wav,DEV_001_20260926_015634.wav,0,59.40306,18.07249,Leppun,Leptophyes punctatissima,Speckled Bush-cricket,bush-cricket,0.99,,,26/09/2026,25/09/2026,01:56:34,ClassifEspSWE-0002026-05-29_1,JOHANKARLSSON,202609261752HZWP6EHC,2026_26_sep_01,Citizen Science (ultrasonic) - shared
59~40306+18~07249_20260926_015642.wav,DEV_001_20260926_015642.wav,0,59.40306,18.07249,Leppun,Leptophyes punctatissima,Speckled Bush-cricket,bush-cricket,0.99,,,26/09/2026,25/09/2026,01:56:42,ClassifEspSWE-0002026-05-29_1,JOHANKARLSSON,202609261752HZWP6EHC,2026_26_sep_01,Citizen Science (ultrasonic) - shared
59~40306+18~07249_20260926_015648.wav,DEV_001_20260926_015648.wav,0,59.40306,18.07249,Leppun,Leptophyes punctatissima,Speckled Bush-cricket,bush-cricket,0.99,,,26/09/2026,25/09/2026,01:56:48,ClassifEspSWE-0002026-05-29_1,JOHANKARLSSON,202609261752HZWP6EHC,2026_26_sep_01,Citizen Science (ultrasonic) - shared
59~40306+18~07249_20260926_015654.wav,DEV_001_20260926_015654.wav,0,59.40306,18.07249,Leppun,Leptophyes punctatissima,Speckled Bush-cricket,bush-cricket,0.99,,,26/09/2026,25/09/2026,01:56:54,ClassifEspSWE-0002026-05-29_1,JOHANKARLSSON,202609261752HZWP6EHC,2026_26_sep_01,Citizen Science (ultrasonic) - shared
59~40306+18~07249_20260926_015700.wav,DEV_001_20260926_015700.wav,0,59.40306,18.07249,Leppun,Leptophyes punctatissima,Speckled Bush-cricket,bush-cricket,0.99,,,26/09/2026,25/09/2026,01:57:00,ClassifEspSWE-0002026-05-29_1,JOHANKARLSSON,202609261752HZWP6EHC,2026_26_sep_01,Citizen Science (ultrasonic) - shared
59~40306+18~07249_20260926_015707.wav,DEV_001_20260926_015707.wav,0,59.40306,18.07249,Leppun,Leptophyes punctatissima,Speckled Bush-cricket,bush-cricket,0.99,,,26/09/2026,25/09/2026,01:57:07,ClassifEspSWE-0002026-05-29_1,JOHANKARLSSON,202609261752HZWP6EHC,2026_26_sep_01,Citizen Science (ultrasonic) - shared
59~40306+18~07249_20260926_015713.wav,DEV_001_20260926_015713.wav,0,59.40306,18.07249,Leppun,Leptophyes punctatissima,Speckled Bush-cricket,bush-cricket,0.99,,,26/09/2026,25/09/2026,01:57:13,ClassifEspSWE-0002026-05-29_1,JOHANKARLSSON,202609261752HZWP6EHC,2026_26_sep_01,Citizen Science (ultrasonic) - shared
59~40306+18~07249_20260926_015719.wav,DEV_001_20260926_015719.wav,0,59.40306,18.07249,Leppun,Leptophyes punctatissima,Speckled Bush-cricket,bush-cricket,0.99,,,26/09/2026,25/09/2026,01:57:19,ClassifEspSWE-0002026-05-29_1,JOHANKARLSSON,202609261752HZWP6EHC,2026_26_sep_01,Citizen Science (ultrasonic) - shared
59~40306+18~07249_20260926_015725.wav,DEV_001_20260926_015725.wav,0,59.40306,18.07249,Leppun,Leptophyes punctatissima,Speckled Bush-cricket,bush-cricket,0.99,,,26/09/2026,25/09/2026,01:57:25,ClassifEspSWE-0002026-05-29_1,JOHANKARLSSON,202609261752HZWP6EHC,2026_26_sep_01,Citizen Science (ultrasonic) - shared
59~40306+18~07249_20260926_015731.wav,DEV_001_20260926_015731.wav,0,59.40306,18.07249,Leppun,Leptophyes punctatissima,Speckled Bush-cricket,bush-cricket,0.99,,,26/09/2026,25/09/2026,01:57:31,ClassifEspSWE-0002026-05-29_1,JOHANKARLSSON,202609261752HZWP6EHC,2026_26_sep_01,Citizen Science (ultrasonic) - shared
59~40306+18~07249_20260926_015737.wav,DEV_001_20260926_015737.wav,0,59.40306,18.07249,Leppun,Leptophyes punctatissima,Speckled Bush-cricket,bush-cricket,0.99,,,26/09/2026,25/09/2026,01:57:37,ClassifEspSWE-0002026-05-29_1,JOHANKARLSSON,202609261752HZWP6EHC,2026_26_sep_01,Citizen Science (ultrasonic) - shared
59~40306+18~07249_20260926_015743.wav,DEV_001_20260926_015743.wav,0,59.40306,18.07249,Leppun,Leptophyes punctatissima,Speckled Bush-cricket,bush-cricket,0.99,,,26/09/2026,25/09/2026,01:57:43,ClassifEspSWE-0002026-05-29_1,JOHANKARLSSON,202609261752HZWP6EHC,2026_26_sep_01,Citizen Science (ultrasonic) - shared
59~40306+18~07249_20260926_015748.wav,DEV_001_20260926_015748.wav,0,59.40306,18.07249,Leppun,Leptophyes punctatissima,Speckled Bush-cricket,bush-cricket,0.99,,,26/09/2026,25/09/2026,01:57:48,ClassifEspSWE-0002026-05-29_1,JOHANKARLSSON,202609261752HZWP6EHC,2026_26_sep_01,Citizen Science (ultrasonic) - shared
59~40306+18~07249_20260926_015755.wav,DEV_001_20260926_015755.wav,0,59.40306,18.07249,Leppun,Leptophyes punctatissima,Speckled Bush-cricket,bush-cricket,0.99,,,26/09/2026,25/09/2026,01:57:55,ClassifEspSWE-0002026-05-29_1,JOHANKARLSSON,202609261752HZWP6EHC,2026_26_sep_01,Citizen Science (ultrasonic) - shared
59~40306+18~07249_20260926_015802.wav,DEV_001_20260926_015802.wav,0,59.40306,18.07249,Leppun,Leptophyes punctatissima,Speckled Bush-cricket,bush-cricket,0.99,,,26/09/2026,25/09/2026,01:58:02,ClassifEspSWE-0002026-05-29_1,JOHANKARLSSON,202609261752HZWP6EHC,2026_26_sep_01,Citizen Science (ultrasonic) - shared
59~40306+18~07249_20260926_015808.wav,DEV_001_20260926_015808.wav,0,59.40306,18.07249,Leppun,Leptophyes punctatissima,Speckled Bush-cricket,bush-cricket,0.99,,,26/09/2026,25/09/2026,01:58:08,ClassifEspSWE-0002026-05-29_1,JOHANKARLSSON,202609261752HZWP6EHC,2026_26_sep_01,Citizen Science (ultrasonic) - shared
59~40306+18~07249_20260926_015816.wav,DEV_001_20260926_015816.wav,0,59.40306,18.07249,Leppun,Leptophyes punctatissima,Speckled Bush-cricket,bush-cricket,0.99,,,26/09/2026,25/09/2026,01:58:16,ClassifEspSWE-0002026-05-29_1,JOHANKARLSSON,202609261752HZWP6EHC,2026_26_sep_01,Citizen Science (ultrasonic) - shared
59~40306+18~07249_20260926_015821.wav,DEV_001_20260926_015821.wav,0,59.40306,18.07249,Leppun,Leptophyes punctatissima,Speckled Bush-cricket,bush-cricket,0.99,,,26/09/2026,25/09/2026,01:58:21,ClassifEspSWE-0002026-05-29_1,JOHANKARLSSON,202609261752HZWP6EHC,2026_26_sep_01,Citizen Science (ultrasonic) - shared
59~40306+18~07249_20260926_015827.wav,DEV_001_20260926_015827.wav,0,59.40306,18.07249,Leppun,Leptophyes punctatissima,Speckled Bush-cricket,bush-cricket,0.99,,,26/09/2026,25/09/2026,01:58:27,ClassifEspSWE-0002026-05-29_1,JOHANKARLSSON,202609261752HZWP6EHC,2026_26_sep_01,Citizen Science (ultrasonic) - shared
59~40306+18~07249_20260926_015833.wav,DEV_001_20260926_015833.wav,0,59.40306,18.07249,Leppun,Leptophyes punctatissima,Speckled Bush-cricket,bush-cricket,0.99,,,26/09/2026,25/09/2026,01:58:33,ClassifEspSWE-0002026-05-29_1,JOHANKARLSSON,202609261752HZWP6EHC,2026_26_sep_01,Citizen Science (ultrasonic) - shared
59~40306+18~07249_20260926_015840.wav,DEV_001_20260926_015840.wav,0,59.40306,18.07249,Leppun,Leptophyes punctatissima,Speckled Bush-cricket,bush-cricket,0.99,,,26/09/2026,25/09/2026,01:58:40,ClassifEspSWE-0002026-05-29_1,JOHANKARLSSON,202609261752HZWP6EHC,2026_26_sep_01,Citizen Science (ultrasonic) - shared
59~40306+18~07249_20260926_015846.wav,DEV_001_20260926_015846.wav,0,59.40306,18.07249,Leppun,Leptophyes punctatissima,Speckled Bush-cricket,bush-cricket,0.99,,,26/09/2026,25/09/2026,01:58:46,ClassifEspSWE-0002026-05-29_1,JOHANKARLSSON,202609261752HZWP6EHC,2026_26_sep_01,Citizen Science (ultrasonic) - shared
59~40306+18~07249_20260926_015851.wav,DEV_001_20260926_015851.wav,0,59.40306,18.07249,Leppun,Leptophyes punctatissima,Speckled Bush-cricket,bush-cricket,0.99,,,26/09/2026,25/09/2026,01:58:51,ClassifEspSWE-0002026-05-29_1,JOHANKARLSSON,202609261752HZWP6EHC,2026_26_sep_01,Citizen Science (ultrasonic) - shared
59~40306+18~07249_20260926_015858.wav,DEV_001_20260926_015858.wav,0,59.40306,18.07249,Leppun,Leptophyes punctatissima,Speckled Bush-cricket,bush-cricket,0.99,,,26/09/2026,25/09/2026,01:58:58,ClassifEspSWE-0002026-05-29_1,JOHANKARLSSON,202609261752HZWP6EHC,2026_26_sep_01,Citizen Science (ultrasonic) - shared
59~40306+18~07249_20260926_015905.wav,DEV_001_20260926_015905.wav,0,59.40306,18.07249,Leppun,Leptophyes punctatissima,Speckled Bush-cricket,bush-cricket,0.99,,,26/09/2026,25/09/2026,01:59:05,ClassifEspSWE-0002026-05-29_1,JOHANKARLSSON,202609261752HZWP6EHC,2026_26_sep_01,Citizen Science (ultrasonic) - shared
59~40306+18~07249_20260926_015911.wav,DEV_001_20260926_015911.wav,0,59.40306,18.07249,Leppun,Leptophyes punctatissima,Speckled Bush-cricket,bush-cricket,0.99,,,26/09/2026,25/09/2026,01:59:11,ClassifEspSWE-0002026-05-29_1,JOHANKARLSSON,202609261752HZWP6EHC,2026_26_sep_01,Citizen Science (ultrasonic) - shared
59~40306+18~07249_20260926_015917.wav,DEV_001_20260926_015917.wav,0,59.40306,18.07249,Leppun,Leptophyes punctatissima,Speckled Bush-cricket,bush-cricket,0.99,,,26/09/2026,25/09/2026,01:59:17,ClassifEspSWE-0002026-05-29_1,JOHANKARLSSON,202609261752HZWP6EHC,2026_26_sep_01,Citizen Science (ultrasonic) - shared
59~40306+18~07249_20260926_015923.wav,DEV_001_20260926_015923.wav,0,59.40306,18.07249,Leppun,Leptophyes punctatissima,Speckled Bush-cricket,bush-cricket,0.99,,,26/09/2026,25/09/2026,01:59:23,ClassifEspSWE-0002026-05-29_1,JOHANKARLSSON,202609261752HZWP6EHC,2026_26_sep_01,Citizen Science (ultrasonic) - shared
59~40306+18~07249_20260926_015929.wav,DEV_001_20260926_015929.wav,0,59.40306,18.07249,Leppun,Leptophyes punctatissima,Speckled Bush-cricket,bush-cricket,0.99,,,26/09/2026,25/09/2026,01:59:29,ClassifEspSWE-0002026-05-29_1,JOHANKARLSSON,202609261752HZWP6EHC,2026_26_sep_01,Citizen Science (ultrasonic) - shared
59~40306+18~07249_20260926_015935.wav,DEV_001_20260926_015935.wav,0,59.40306,18.07249,Leppun,Leptophyes punctatissima,Speckled Bush-cricket,bush-cricket,0.99,,,26/09/2026,25/09/2026,01:59:35,ClassifEspSWE-0002026-05-29_1,JOHANKARLSSON,202609261752HZWP6EHC,2026_26_sep_01,Citizen Science (ultrasonic) - shared
59~40306+18~07249_20260926_015943.wav,DEV_001_20260926_015943.wav,0,59.40306,18.07249,Leppun,Leptophyes punctatissima,Speckled Bush-cricket,bush-cricket,0.99,,,26/09/2026,25/09/2026,01:59:43,ClassifEspSWE-0002026-05-29_1,JOHANKARLSSON,202609261752HZWP6EHC,2026_26_sep_01,Citizen Science (ultrasonic) - shared
59~40306+18~07249_20260926_015950.wav,DEV_001_20260926_015950.wav,0,59.40306,18.07249,Leppun,Leptophyes punctatissima,Speckled Bush-cricket,bush-cricket,0.99,,,26/09/2026,25/09/2026,01:59:50,ClassifEspSWE-0002026-05-29_1,JOHANKARLSSON,202609261752HZWP6EHC,2026_26_sep_01,Citizen Science (ultrasonic) - shared
59~40306+18~07249_20260926_015956.wav,DEV_001_20260926_015956.wav,0,59.40306,18.07249,Leppun,Leptophyes punctatissima,Speckled Bush-cricket,bush-cricket,0.99,,,26/09/2026,25/09/2026,01:59:56,ClassifEspSWE-0002026-05-29_1,JOHANKARLSSON,202609261752HZWP6EHC,2026_26_sep_01,Citizen Science (ultrasonic) - shared
59~40306+18~07249_20260926_010002.wav,DEV_001_20260926_010002.wav,0,59.40306,18.07249,Phogri,Pholidoptera griseoaptera,Dark Bush-cricket,bush-cricket,0.9,,,26/09/2026,25/09/2026,01:00:02,ClassifEspSWE-0002026-05-29_1,JOHANKARLSSON,202609261752HZWP6EHC,2026_26_sep_01,Citizen Science (ultrasonic) - shared
59~40306+18~07249_20260926_010007.wav,DEV_001_20260926_010007.wav,0,59.40306,18.07249,Phogri,Pholidoptera griseoaptera,Dark Bush-cricket,bush-cricket,0.98,,,26/09/2026,25/09/2026,01:00:07,ClassifEspSWE-0002026-05-29_1,JOHANKARLSSON,202609261752HZWP6EHC,2026_26_sep_01,Citizen Science (ultrasonic) - shared
59~40306+18~07249_20260926_010014.wav,DEV_001_20260926_010014.wav,0,59.40306,18.07249,Phogri,Pholidoptera griseoaptera,Dark Bush-cricket,bush-cricket,0.99,,,26/09/2026,25/09/2026,01:00:14,ClassifEspSWE-0002026-05-29_1,JOHANKARLSSON,202609261752HZWP6EHC,2026_26_sep_01,Citizen Science (ultrasonic) - shared
59~40306+18~07249_20260926_010019.wav,DEV_001_20260926_010019.wav,0,59.40306,18.07249,Phogri,Pholidoptera griseoaptera,Dark Bush-cricket,bush-cricket,0.98,,,26/09/2026,25/09/2026,01:00:19,ClassifEspSWE-0002026-05-29_1,JOHANKARLSSON,202609261752HZWP6EHC,2026_26_sep_01,Citizen Science (ultrasonic) - shared
59~40306+18~07249_20260926_010027.wav,DEV_001_20260926_010027.wav,0,59.40306,18.07249,Phogri,Pholidoptera griseoaptera,Dark Bush-cricket,bush-cricket,0.99,,,26/09/2026,25/09/2026,01:00:27,ClassifEspSWE-0002026-05-29_1,JOHANKARLSSON,202609261752HZWP6EHC,2026_26_sep_01,Citizen Science (ultrasonic) - shared
59~40306+18~07249_20260926_010033.wav,DEV_001_20260926_010033.wav,0,59.40306,18.07249,Phogri,Pholidoptera griseoaptera,Dark Bush-cricket,bush-cricket,0.99,,,26/09/2026,25/09/2026,01:00:33,ClassifEspSWE-0002026-05-29_1,JOHANKARLSSON,202609261752HZWP6EHC,2026_26_sep_01,Citizen Science (ultrasonic) - shared
59~40306+18~07249_20260926_010038.wav,DEV_001_20260926_010038.wav,0,59.40306,18.07249,Phogri,Pholidoptera griseoaptera,Dark Bush-cricket,bush-cricket,0.98,,,26/09/2026,25/09/2026,01:00:38,ClassifEspSWE-0002026-05-29_1,JOHANKARLSSON,202609261752HZWP6EHC,2026_26_sep_01,Citizen Science (ultrasonic) - shared
59~40306+18~07249_20260926_010044.wav,DEV_001_20260926_010044.wav,0,59.40306,18.07249,Phogri,Pholidoptera griseoaptera,Dark Bush-cricket,bush-cricket,0.98,,,26/09/2026,25/09/2026,01:00:44,ClassifEspSWE-0002026-05-29_1,JOHANKARLSSON,202609261752HZWP6EHC,2026_26_sep_01,Citizen Science (ultrasonic) - shared
59~40306+18~07249_20260926_010050.wav,DEV_001_20260926_010050.wav,0,59.40306,18.07249,Phogri,Pholidoptera griseoaptera,Dark Bush-cricket,bush-cricket,0.99,,,26/09/2026,25/09/2026,01:00:50,ClassifEspSWE-0002026-05-29_1,JOHANKARLSSON,202609261752HZWP6EHC,2026_26_sep_01,Citizen Science (ultrasonic) - shared
59~40306+18~07249_20260926_010056.wav,DEV_001_20260926_010056.wav,0,59.40306,18.07249,Phogri,Pholidoptera griseoaptera,Dark Bush-cricket,bush-cricket,0.99,,,26/09/2026,25/09/2026,01:00:56,ClassifEspSWE-0002026-05-29_1,JOHANKARLSSON,202609261752HZWP6EHC,2026_26_sep_01,Citizen Science (ultrasonic) - shared
59~40306+18~07249_20260926_010101.wav,DEV_001_20260926_010101.wav,0,59.40306,18.07249,Phogri,Pholidoptera griseoaptera,Dark Bush-cricket,bush-cricket,0.98,,,26/09/2026,25/09/2026,01:01:01,ClassifEspSWE-0002026-05-29_1,JOHANKARLSSON,202609261752HZWP6EHC,2026_26_sep_01,Citizen Science (ultrasonic) - shared
59~40306+18~07249_20260926_010106.wav,DEV_001_20260926_010106.wav,0,59.40306,18.07249,Phogri,Pholidoptera griseoaptera,Dark Bush-cricket,bush-cricket,0.98,,,26/09/2026,25/09/2026,01:01:06,ClassifEspSWE-0002026-05-29_1,JOHANKARLSSON,202609261752HZWP6EHC,2026_26_sep_01,Citizen Science (ultrasonic) - shared
59~40306+18~07249_20260926_010111.wav,DEV_001_20260926_010111.wav,0,59.40306,18.07249,Phogri,Pholidoptera griseoaptera,Dark Bush-cricket,bush-cricket,0.94,,,26/09/2026,25/09/2026,01:01:11,ClassifEspSWE-0002026-05-29_1,JOHANKARLSSON,202609261752HZWP6EHC,2026_26_sep_01,Citizen Science (ultrasonic) - shared
59~40306+18~07249_20260926_010118.wav,DEV_001_20260926_010118.wav,0,59.40306,18.07249,Phogri,Pholidoptera griseoaptera,Dark Bush-cricket,bush-cricket,0.96,,,26/09/2026,25/09/2026,01:01:18,ClassifEspSWE-0002026-05-29_1,JOHANKARLSSON,202609261752HZWP6EHC,2026_26_sep_01,Citizen Science (ultrasonic) - shared
59~40306+18~07249_20260926_010123.wav,DEV_001_20260926_010123.wav,0,59.40306,18.07249,Phogri,Pholidoptera griseoaptera,Dark Bush-cricket,bush-cricket,0.99,,,26/09/2026,25/09/2026,01:01:23,ClassifEspSWE-0002026-05-29_1,JOHANKARLSSON,202609261752HZWP6EHC,2026_26_sep_01,Citizen Science (ultrasonic) - shared
59~40306+18~07249_20260926_010128.wav,DEV_001_20260926_010128.wav,0,59.40306,18.07249,Phogri,Pholidoptera griseoaptera,Dark Bush-cricket,bush-cricket,0.91,,,26/09/2026,25/09/2026,01:01:28,ClassifEspSWE-0002026-05-29_1,JOHANKARLSSON,202609261752HZWP6EHC,2026_26_sep_01,Citizen Science (ultrasonic) - shared
59~40306+18~07249_20260926_010136.wav,DEV_001_20260926_010136.wav,0,59.40306,18.07249,Phogri,Pholidoptera griseoaptera,Dark Bush-cricket,bush-cricket,0.99,,,26/09/2026,25/09/2026,01:01:36,ClassifEspSWE-0002026-05-29_1,JOHANKARLSSON,202609261752HZWP6EHC,2026_26_sep_01,Citizen Science (ultrasonic) - shared
59~40306+18~07249_20260926_010143.wav,DEV_001_20260926_010143.wav,0,59.40306,18.07249,Phogri,Pholidoptera griseoaptera,Dark Bush-cricket,bush-cricket,0.98,,,26/09/2026,25/09/2026,01:01:43,ClassifEspSWE-0002026-05-29_1,JOHANKARLSSON,202609261752HZWP6EHC,2026_26_sep_01,Citizen Science (ultrasonic) - shared
59~40306+18~07249_20260926_010151.wav,DEV_001_20260926_010151.wav,0,59.40306,18.07249,Phogri,Pholidoptera griseoaptera,Dark Bush-cricket,bush-cricket,0.98,,,26/09/2026,25/09/2026,01:01:51,ClassifEspSWE-0002026-05-29_1,JOHANKARLSSON,202609261752HZWP6EHC,2026_26_sep_01,Citizen Science (ultrasonic) - shared
59~40306+18~07249_20260926_010157.wav,DEV_001_20260926_010157.wav,0,59.40306,18.07249,Phogri,Pholidoptera griseoaptera,Dark Bush-cricket,bush-cricket,0.99,,,26/09/2026,25/09/2026,01:01:57,ClassifEspSWE-0002026-05-29_1,JOHANKARLSSON,202609261752HZWP6EHC,2026_26_sep_01,Citizen Science (ultrasonic) - shared
59~40306+18~07249_20260926_010202.wav,DEV_001_20260926_010202.wav,0,59.40306,18.07249,Phogri,Pholidoptera griseoaptera,Dark Bush-cricket,bush-cricket,0.98,,,26/09/2026,25/09/2026,01:02:02,ClassifEspSWE-0002026-05-29_1,JOHANKARLSSON,202609261752HZWP6EHC,2026_26_sep_01,Citizen Science (ultrasonic) - shared
59~40306+18~07249_20260926_010210.wav,DEV_001_20260926_010210.wav,0,59.40306,18.07249,Phogri,Pholidoptera griseoaptera,Dark Bush-cricket,bush-cricket,0.99,,,26/09/2026,25/09/2026,01:02:10,ClassifEspSWE-0002026-05-29_1,JOHANKARLSSON,202609261752HZWP6EHC,2026_26_sep_01,Citizen Science (ultrasonic) - shared
59~40306+18~07249_20260926_010215.wav,DEV_001_20260926_010215.wav,0,59.40306,18.07249,Phogri,Pholidoptera griseoaptera,Dark Bush-cricket,bush-cricket,0.98,,,26/09/2026,25/09/2026,01:02:15,ClassifEspSWE-0002026-05-29_1,JOHANKARLSSON,202609261752HZWP6EHC,2026_26_sep_01,Citizen Science (ultrasonic) - shared
59~40306+18~07249_20260926_010220.wav,DEV_001_20260926_010220.wav,0,59.40306,18.07249,Phogri,Pholidoptera griseoaptera,Dark Bush-cricket,bush-cricket,0.99,,,26/09/2026,25/09/2026,01:02:20,ClassifEspSWE-0002026-05-29_1,JOHANKARLSSON,202609261752HZWP6EHC,2026_26_sep_01,Citizen Science (ultrasonic) - shared
59~40306+18~07249_20260926_010226.wav,DEV_001_20260926_010226.wav,0,59.40306,18.07249,Phogri,Pholidoptera griseoaptera,Dark Bush-cricket,bush-cricket,0.98,,,26/09/2026,25/09/2026,01:02:26,ClassifEspSWE-0002026-05-29_1,JOHANKARLSSON,202609261752HZWP6EHC,2026_26_sep_01,Citizen Science (ultrasonic) - shared
59~40306+18~07249_20260926_010231.wav,DEV_001_20260926_010231.wav,0,59.40306,18.07249,Phogri,Pholidoptera griseoaptera,Dark Bush-cricket,bush-cricket,0.99,,,26/09/2026,25/09/2026,01:02:31,ClassifEspSWE-0002026-05-29_1,JOHANKARLSSON,202609261752HZWP6EHC,2026_26_sep_01,Citizen Science (ultrasonic) - shared
59~40306+18~07249_20260926_010238.wav,DEV_001_20260926_010238.wav,0,59.40306,18.07249,Phogri,Pholidoptera griseoaptera,Dark Bush-cricket,bush-cricket,0.99,,,26/09/2026,25/09/2026,01:02:38,ClassifEspSWE-0002026-05-29_1,JOHANKARLSSON,202609261752HZWP6EHC,2026_26_sep_01,Citizen Science (ultrasonic) - shared
59~40306+18~07249_20260926_010243.wav,DEV_001_20260926_010243.wav,0,59.40306,18.07249,Phogri,Pholidoptera griseoaptera,Dark Bush-cricket,bush-cricket,0.99,,,26/09/2026,25/09/2026,01:02:43,ClassifEspSWE-0002026-05-29_1,JOHANKARLSSON,202609261752HZWP6EHC,2026_26_sep_01,Citizen Science (ultrasonic) - shared
59~40306+18~07249_20260926_010250.wav,DEV_001_20260926_010250.wav,0,59.40306,18.07249,Phogri,Pholidoptera griseoaptera,Dark Bush-cricket,bush-cricket,0.99,,,26/09/2026,25/09/2026,01:02:50,ClassifEspSWE-0002026-05-29_1,JOHANKARLSSON,202609261752HZWP6EHC,2026_26_sep_01,Citizen Science (ultrasonic) - shared
59~40306+18~07249_20260926_010257.wav,DEV_001_20260926_010257.wav,0,59.40306,18.07249,Phogri,Pholidoptera griseoaptera,Dark Bush-cricket,bush-cricket,0.99,,,26/09/2026,25/09/2026,01:02:57,ClassifEspSWE-0002026-05-29_1,JOHANKARLSSON,202609261752HZWP6EHC,2026_26_sep_01,Citizen Science (ultrasonic) - shared
59~40306+18~07249_20260926_010303.wav,DEV_001_20260926_010303.wav,0,59.40306,18.07249,Phogri,Pholidoptera griseoaptera,Dark Bush-cricket,bush-cricket,0.99,,,26/09/2026,25/09/2026,01:03:03,ClassifEspSWE-0002026-05-29_1,JOHANKARLSSON,202609261752HZWP6EHC,2026_26_sep_01,Citizen Science (ultrasonic) - shared
59~40306+18~07249_20260926_010310.wav,DEV_001_20260926_010310.wav,0,59.40306,18.07249,Phogri,Pholidoptera griseoaptera,Dark Bush-cricket,bush-cricket,0.99,,,26/09/2026,25/09/2026,01:03:10,ClassifEspSWE-0002026-05-29_1,JOHANKARLSSON,202609261752HZWP6EHC,2026_26_sep_01,Citizen Science (ultrasonic) - shared
59~40306+18~07249_20260926_010317.wav,DEV_001_20260926_010317.wav,0,59.40306,18.07249,Phogri,Pholidoptera griseoaptera,Dark Bush-cricket,bush-cricket,0.97,,,26/09/2026,25/09/2026,01:03:17,ClassifEspSWE-0002026-05-29_1,JOHANKARLSSON,202609261752HZWP6EHC,2026_26_sep_01,Citizen Science (ultrasonic) - shared
59~40306+18~07249_20260926_010323.wav,DEV_001_20260926_010323.wav,0,59.40306,18.07249,Phogri,Pholidoptera griseoaptera,Dark Bush-cricket,bush-cricket,0.99,,,26/09/2026,25/09/2026,01:03:23,ClassifEspSWE-0002026-05-29_1,JOHANKARLSSON,202609261752HZWP6EHC,2026_26_sep_01,Citizen Science (ultrasonic) - shared
59~40306+18~07249_20260926_010330.wav,DEV_001_20260926_010330.wav,0,59.40306,18.07249,Phogri,Pholidoptera griseoaptera,Dark Bush-cricket,bush-cricket,0.99,,,26/09/2026,25/09/2026,01:03:30,ClassifEspSWE-0002026-05-29_1,JOHANKARLSSON,202609261752HZWP6EHC,2026_26_sep_01,Citizen Science (ultrasonic) - shared
59~40306+18~07249_20260926_010335.wav,DEV_001_20260926_010335.wav,0,59.40306,18.07249,Phogri,Pholidoptera griseoaptera,Dark Bush-cricket,bush-cricket,0.99,,,26/09/2026,25/09/2026,01:03:35,ClassifEspSWE-0002026-05-29_1,JOHANKARLSSON,202609261752HZWP6EHC,2026_26_sep_01,Citizen Science (ultrasonic) - shared
59~40306+18~07249_20260926_010343.wav,DEV_001_20260926_010343.wav,0,59.40306,18.07249,Phogri,Pholidoptera griseoaptera,Dark Bush-cricket,bush-cricket,0.99,,,26/09/2026,25/09/2026,01:03:43,ClassifEspSWE-0002026-05-29_1,JOHANKARLSSON,202609261752HZWP6EHC,2026_26_sep_01,Citizen Science (ultrasonic) - shared
59~40306+18~07249_20260926_010348.wav,DEV_001_20260926_010348.wav,0,59.40306,18.07249,Phogri,Pholidoptera griseoaptera,Dark Bush-cricket,bush-cricket,0.98,,,26/09/2026,25/09/2026,01:03:48,ClassifEspSWE-0002026-05-29_1,JOHANKARLSSON,202609261752HZWP6EHC,2026_26_sep_01,Citizen Science (ultrasonic) - shared
59~40306+18~07249_20260926_010356.wav,DEV_001_20260926_010356.wav,0,59.40306,18.07249,Phogri,Pholidoptera griseoaptera,Dark Bush-cricket,bush-cricket,0.99,,,26/09/2026,25/09/2026,01:03:56,ClassifEspSWE-0002026-05-29_1,JOHANKARLSSON,202609261752HZWP6EHC,2026_26_sep_01,Citizen Science (ultrasonic) - shared
59~40306+18~07249_20260926_010401.wav,DEV_001_20260926_010401.wav,0,59.40306,18.07249,Phogri,Pholidoptera griseoaptera,Dark Bush-cricket,bush-cricket,0.99,,,26/09/2026,25/09/2026,01:04:01,ClassifEspSWE-0002026-05-29_1,JOHANKARLSSON,202609261752HZWP6EHC,2026_26_sep_01,Citizen Science (ultrasonic) - shared
59~40306+18~07249_20260926_010407.wav,DEV_001_20260926_010407.wav,0,59.40306,18.07249,Phogri,Pholidoptera griseoaptera,Dark Bush-cricket,bush-cricket,0.96,,,26/09/2026,25/09/2026,01:04:07,ClassifEspSWE-0002026-05-29_1,JOHANKARLSSON,202609261752HZWP6EHC,2026_26_sep_01,Citizen Science (ultrasonic) - shared
59~40306+18~07249_20260926_010415.wav,DEV_001_20260926_010415.wav,0,59.40306,18.07249,Phogri,Pholidoptera griseoaptera,Dark Bush-cricket,bush-cricket,0.99,,,26/09/2026,25/09/2026,01:04:15,ClassifEspSWE-0002026-05-29_1,JOHANKARLSSON,202609261752HZWP6EHC,2026_26_sep_01,Citizen Science (ultrasonic) - shared
59~40306+18~07249_20260926_010422.wav,DEV_001_20260926_010422.wav,0,59.40306,18.07249,Phogri,Pholidoptera griseoaptera,Dark Bush-cricket,bush-cricket,0.99,,,26/09/2026,25/09/2026,01:04:22,ClassifEspSWE-0002026-05-29_1,JOHANKARLSSON,202609261752HZWP6EHC,2026_26_sep_01,Citizen Science (ultrasonic) - shared
59~40306+18~07249_20260926_010428.wav,DEV_001_20260926_010428.wav,0,59.40306,18.07249,Phogri,Pholidoptera griseoaptera,Dark Bush-cricket,bush-cricket,0.99,,,26/09/2026,25/09/2026,01:04:28,ClassifEspSWE-0002026-05-29_1,JOHANKARLSSON,202609261752HZWP6EHC,2026_26_sep_01,Citizen Science (ultrasonic) - shared
59~40306+18~07249_20260926_010435.wav,DEV_001_20260926_010435.wav,0,59.40306,18.07249,Phogri,Pholidoptera griseoaptera,Dark Bush-cricket,bush-cricket,0.99,,,26/09/2026,25/09/2026,01:04:35,ClassifEspSWE-0002026-05-29_1,JOHANKARLSSON,202609261752HZWP6EHC,2026_26_sep_01,Citizen Science (ultrasonic) - shared
59~40306+18~07249_20260926_010440.wav,DEV_001_20260926_010440.wav,0,59.40306,18.07249,Phogri,Pholidoptera griseoaptera,Dark Bush-cricket,bush-cricket,0.99,,,26/09/2026,25/09/2026,01:04:40,ClassifEspSWE-0002026-05-29_1,JOHANKARLSSON,202609261752HZWP6EHC,2026_26_sep_01,Citizen Science (ultrasonic) - shared
59~40306+18~07249_20260926_010445.wav,DEV_001_20260926_010445.wav,0,59.40306,18.07249,Phogri,Pholidoptera griseoaptera,Dark Bush-cricket,bush-cricket,0.99,,,26/09/2026,25/09/2026,01:04:45,ClassifEspSWE-0002026-05-29_1,JOHANKARLSSON,202609261752HZWP6EHC,2026_26_sep_01,Citizen Science (ultrasonic) - shared
59~40306+18~07249_20260926_010453.wav,DEV_001_20260926_010453.wav,0,59.40306,18.07249,Phogri,Pholidoptera griseoaptera,Dark Bush-cricket,bush-cricket,0.97,,,26/09/2026,25/09/2026,01:04:53,ClassifEspSWE-0002026-05-29_1,JOHANKARLSSON,202609261752HZWP6EHC,2026_26_sep_01,Citizen Science (ultrasonic) - shared
59~40306+18~07249_20260926_010458.wav,DEV_001_20260926_010458.wav,0,59.40306,18.07249,Phogri,Pholidoptera griseoaptera,Dark Bush-cricket,bush-cricket,0.97,,,26/09/2026,25/09/2026,01:04:58,ClassifEspSWE-0002026-05-29_1,JOHANKARLSSON,202609261752HZWP6EHC,2026_26_sep_01,Citizen Science (ultrasonic) - shared
59~40306+18~07249_20260926_010505.wav,DEV_001_20260926_010505.wav,0,59.40306,18.07249,Phogri,Pholidoptera griseoaptera,Dark Bush-cricket,bush-cricket,0.99,,,26/09/2026,25/09/2026,01:05:05,ClassifEspSWE-0002026-05-29_1,JOHANKARLSSON,202609261752HZWP6EHC,2026_26_sep_01,Citizen Science (ultrasonic) - shared
59~40306+18~07249_20260926_010510.wav,DEV_001_20260926_010510.wav,0,59.40306,18.07249,Phogri,Pholidoptera griseoaptera,Dark Bush-cricket,bush-cricket,0.94,,,26/09/2026,25/09/2026,01:05:10,ClassifEspSWE-0002026-05-29_1,JOHANKARLSSON,202609261752HZWP6EHC,2026_26_sep_01,Citizen Science (ultrasonic) - shared
59~40306+18~07249_20260926_010516.wav,DEV_001_20260926_010516.wav,0,59.40306,18.07249,Phogri,Pholidoptera griseoaptera,Dark Bush-cricket,bush-cricket,0.99,,,26/09/2026,25/09/2026,01:05:16,ClassifEspSWE-0002026-05-29_1,JOHANKARLSSON,202609261752HZWP6EHC,2026_26_sep_01,Citizen Science (ultrasonic) - shared
59~40306+18~07249_20260926_010522.wav,DEV_001_20260926_010522.wav,0,59.40306,18.07249,Phogri,Pholidoptera griseoaptera,Dark Bush-cricket,bush-cricket,0.99,,,26/09/2026,25/09/2026,01:05:22,ClassifEspSWE-0002026-05-29_1,JOHANKARLSSON,202609261752HZWP6EHC,2026_26_sep_01,Citizen Science (ultrasonic) - shared
59~40306+18~07249_20260926_010529.wav,DEV_001_20260926_010529.wav,0,59.40306,18.07249,Phogri,Pholidoptera griseoaptera,Dark Bush-cricket,bush-cricket,0.99,,,26/09/2026,25/09/2026,01:05:29,ClassifEspSWE-0002026-05-29_1,JOHANKARLSSON,202609261752HZWP6EHC,2026_26_sep_01,Citizen Science (ultrasonic) - shared
59~40306+18~07249_20260926_010535.wav,DEV_001_20260926_010535.wav,0,59.40306,18.07249,Phogri,Pholidoptera griseoaptera,Dark Bush-cricket,bush-cricket,0.99,,,26/09/2026,25/09/2026,01:05:35,ClassifEspSWE-0002026-05-29_1,JOHANKARLSSON,202609261752HZWP6EHC,2026_26_sep_01,Citizen Science (ultrasonic) - shared
59~40306+18~07249_20260926_010541.wav,DEV_001_20260926_010541.wav,0,59.40306,18.07249,Phogri,Pholidoptera griseoaptera,Dark Bush-cricket,bush-cricket,0.99,,,26/09/2026,25/09/2026,01:05:41,ClassifEspSWE-0002026-05-29_1,JOHANKARLSSON,202609261752HZWP6EHC,2026_26_sep_01,Citizen Science (ultrasonic) - shared
59~40306+18~07249_20260926_010549.wav,DEV_001_20260926_010549.wav,0,59.40306,18.07249,Phogri,Pholidoptera griseoaptera,Dark Bush-cricket,bush-cricket,0.99,,,26/09/2026,25/09/2026,01:05:49,ClassifEspSWE-0002026-05-29_1,JOHANKARLSSON,202609261752HZWP6EHC,2026_26_sep_01,Citizen Science (ultrasonic) - shared
59~40306+18~07249_20260926_010556.wav,DEV_001_20260926_010556.wav,0,59.40306,18.07249,Phogri,Pholidoptera griseoaptera,Dark Bush-cricket,bush-cricket,0.99,,,26/09/2026,25/09/2026,01:05:56,ClassifEspSWE-0002026-05-29_1,JOHANKARLSSON,202609261752HZWP6EHC,2026_26_sep_01,Citizen Science (ultrasonic) - shared
59~40306+18~07249_20260926_010602.wav,DEV_001_20260926_010602.wav,0,59.40306,18.07249,Phogri,Pholidoptera griseoaptera,Dark Bush-cricket,bush-cricket,0.99,,,26/09/2026,25/09/2026,01:06:02,ClassifEspSWE-0002026-05-29_1,JOHANKARLSSON,202609261752HZWP6EHC,2026_26_sep_01,Citizen Science (ultrasonic) - shared
59~40306+18~07249_20260926_010609.wav,DEV_001_20260926_010609.wav,0,59.40306,18.07249,Phogri,Pholidoptera griseoaptera,Dark Bush-cricket,bush-cricket,0.99,,,26/09/2026,25/09/2026,01:06:09,ClassifEspSWE-0002026-05-29_1,JOHANKARLSSON,202609261752HZWP6EHC,2026_26_sep_01,Citizen Science (ultrasonic) - shared
59~40306+18~07249_20260926_010614.wav,DEV_001_20260926_010614.wav,0,59.40306,18.07249,Phogri,Pholidoptera griseoaptera,Dark Bush-cricket,bush-cricket,0.99,,,26/09/2026,25/09/2026,01:06:14,ClassifEspSWE-0002026-05-29_1,JOHANKARLSSON,202609261752HZWP6EHC,2026_26_sep_01,Citizen Science (ultrasonic) - shared
59~40306+18~07249_20260926_010620.wav,DEV_001_20260926_010620.wav,0,59.40306,18.07249,Phogri,Pholidoptera griseoaptera,Dark Bush-cricket,bush-cricket,0.98,,,26/09/2026,25/09/2026,01:06:20,ClassifEspSWE-0002026-05-29_1,JOHANKARLSSON,202609261752HZWP6EHC,2026_26_sep_01,Citizen Science (ultrasonic) - shared
59~40306+18~07249_20260926_010627.wav,DEV_001_20260926_010627.wav,0,59.40306,18.07249,Phogri,Pholidoptera griseoaptera,Dark Bush-cricket,bush-cricket,0.98,,,26/09/2026,25/09/2026,01:06:27,ClassifEspSWE-0002026-05-29_1,JOHANKARLSSON,202609261752HZWP6EHC,2026_26_sep_01,Citizen Science (ultrasonic) - shared
59~40306+18~07249_20260926_010633.wav,DEV_001_20260926_010633.wav,0,59.40306,18.07249,Phogri,Pholidoptera griseoaptera,Dark Bush-cricket,bush-cricket,0.99,,,26/09/2026,25/09/2026,01:06:33,ClassifEspSWE-0002026-05-29_1,JOHANKARLSSON,202609261752HZWP6EHC,2026_26_sep_01,Citizen Science (ultrasonic) - shared
59~40306+18~07249_20260926_010639.wav,DEV_001_20260926_010639.wav,0,59.40306,18.07249,Phogri,Pholidoptera griseoaptera,Dark Bush-cricket,bush-cricket,0.98,,,26/09/2026,25/09/2026,01:06:39,ClassifEspSWE-0002026-05-29_1,JOHANKARLSSON,202609261752HZWP6EHC,2026_26_sep_01,Citizen Science (ultrasonic) - shared
59~40306+18~07249_20260926_010645.wav,DEV_001_20260926_010645.wav,0,59.40306,18.07249,Phogri,Pholidoptera griseoaptera,Dark Bush-cricket,bush-cricket,0.97,,,26/09/2026,25/09/2026,01:06:45,ClassifEspSWE-0002026-05-29_1,JOHANKARLSSON,202609261752HZWP6EHC,2026_26_sep_01,Citizen Science (ultrasonic) - shared
59~40306+18~07249_20260926_010652.wav,DEV_001_20260926_010652.wav,0,59.40306,18.07249,Phogri,Pholidoptera griseoaptera,Dark Bush-cricket,bush-cricket,0.99,,,26/09/2026,25/09/2026,01:06:52,ClassifEspSWE-0002026-05-29_1,JOHANKARLSSON,202609261752HZWP6EHC,2026_26_sep_01,Citizen Science (ultrasonic) - shared
59~40306+18~07249_20260926_010658.wav,DEV_001_20260926_010658.wav,0,59.40306,18.07249,Phogri,Pholidoptera griseoaptera,Dark Bush-cricket,bush-cricket,0.99,,,26/09/2026,25/09/2026,01:06:58,ClassifEspSWE-0002026-05-29_1,JOHANKARLSSON,202609261752HZWP6EHC,2026_26_sep_01,Citizen Science (ultrasonic) - shared
59~40306+18~07249_20260926_010704.wav,DEV_001_20260926_010704.wav,0,59.40306,18.07249,Phogri,Pholidoptera griseoaptera,Dark Bush-cricket,bush-cricket,0.99,,,26/09/2026,25/09/2026,01:07:04,ClassifEspSWE-0002026-05-29_1,JOHANKARLSSON,202609261752HZWP6EHC,2026_26_sep_01,Citizen Science (ultrasonic) - shared
59~40306+18~07249_20260926_010710.wav,DEV_001_20260926_010710.wav,0,59.40306,18.07249,Phogri,Pholidoptera griseoaptera,Dark Bush-cricket,bush-cricket,0.99,,,26/09/2026,25/09/2026,01:07:10,ClassifEspSWE-0002026-05-29_1,JOHANKARLSSON,202609261752HZWP6EHC,2026_26_sep_01,Citizen Science (ultrasonic) - shared
59~40306+18~07249_20260926_010717.wav,DEV_001_20260926_010717.wav,0,59.40306,18.07249,Phogri,Pholidoptera griseoaptera,Dark Bush-cricket,bush-cricket,0.99,,,26/09/2026,25/09/2026,01:07:17,ClassifEspSWE-0002026-05-29_1,JOHANKARLSSON,202609261752HZWP6EHC,2026_26_sep_01,Citizen Science (ultrasonic) - shared
59~40306+18~07249_20260926_010722.wav,DEV_001_20260926_010722.wav,0,59.40306,18.07249,Phogri,Pholidoptera griseoaptera,Dark Bush-cricket,bush-cricket,0.99,,,26/09/2026,25/09/2026,01:07:22,ClassifEspSWE-0002026-05-29_1,JOHANKARLSSON,202609261752HZWP6EHC,2026_26_sep_01,Citizen Science (ultrasonic) - shared
59~40306+18~07249_20260926_010727.wav,DEV_001_20260926_010727.wav,0,59.40306,18.07249,Phogri,Pholidoptera griseoaptera,Dark Bush-cricket,bush-cricket,0.99,,,26/09/2026,25/09/2026,01:07:27,ClassifEspSWE-0002026-05-29_1,JOHANKARLSSON,202609261752HZWP6EHC,2026_26_sep_01,Citizen Science (ultrasonic) - shared
59~40306+18~07249_20260926_010734.wav,DEV_001_20260926_010734.wav,0,59.40306,18.07249,Phogri,Pholidoptera griseoaptera,Dark Bush-cricket,bush-cricket,0.99,,,26/09/2026,25/09/2026,01:07:34,ClassifEspSWE-0002026-05-29_1,JOHANKARLSSON,202609261752HZWP6EHC,2026_26_sep_01,Citizen Science (ultrasonic) - shared
59~40306+18~07249_20260926_010740.wav,DEV_001_20260926_010740.wav,0,59.40306,18.07249,Phogri,Pholidoptera griseoaptera,Dark Bush-cricket,bush-cricket,0.96,,,26/09/2026,25/09/2026,01:07:40,ClassifEspSWE-0002026-05-29_1,JOHANKARLSSON,202609261752HZWP6EHC,2026_26_sep_01,Citizen Science (ultrasonic) - shared
59~40306+18~07249_20260926_010745.wav,DEV_001_20260926_010745.wav,0,59.40306,18.07249,Phogri,Pholidoptera griseoaptera,Dark Bush-cricket,bush-cricket,0.99,,,26/09/2026,25/09/2026,01:07:45,ClassifEspSWE-0002026-05-29_1,JOHANKARLSSON,202609261752HZWP6EHC,2026_26_sep_01,Citizen Science (ultrasonic) - shared
59~40306+18~07249_20260926_010751.wav,DEV_001_20260926_010751.wav,0,59.40306,18.07249,Phogri,Pholidoptera griseoaptera,Dark Bush-cricket,bush-cricket,0.99,,,26/09/2026,25/09/2026,01:07:51,ClassifEspSWE-0002026-05-29_1,JOHANKARLSSON,202609261752HZWP6EHC,2026_26_sep_01,Citizen Science (ultrasonic) - shared
59~40306+18~07249_20260926_010756.wav,DEV_001_20260926_010756.wav,0,59.40306,18.07249,Phogri,Pholidoptera griseoaptera,Dark Bush-cricket,bush-cricket,0.99,,,26/09/2026,25/09/2026,01:07:56,ClassifEspSWE-0002026-05-29_1,JOHANKARLSSON,202609261752HZWP6EHC,2026_26_sep_01,Citizen Science (ultrasonic) - shared
59~40306+18~07249_20260926_010802.wav,DEV_001_20260926_010802.wav,0,59.40306,18.07249,Phogri,Pholidoptera griseoaptera,Dark Bush-cricket,bush-cricket,0.97,,,26/09/2026,25/09/2026,01:08:02,ClassifEspSWE-0002026-05-29_1,JOHANKARLSSON,202609261752HZWP6EHC,2026_26_sep_01,Citizen Science (ultrasonic) - shared
59~40306+18~07249_20260926_010807.wav,DEV_001_20260926_010807.wav,0,59.40306,18.07249,Phogri,Pholidoptera griseoaptera,Dark Bush-cricket,bush-cricket,0.99,,,26/09/2026,25/09/2026,01:08:07,ClassifEspSWE-0002026-05-29_1,JOHANKARLSSON,202609261752HZWP6EHC,2026_26_sep_01,Citizen Science (ultrasonic) - shared
59~40306+18~07249_20260926_010813.wav,DEV_001_20260926_010813.wav,0,59.40306,18.07249,Phogri,Pholidoptera griseoaptera,Dark Bush-cricket,bush-cricket,0.93,,,26/09/2026,25/09/2026,01:08:13,ClassifEspSWE-0002026-05-29_1,JOHANKARLSSON,202609261752HZWP6EHC,2026_26_sep_01,Citizen Science (ultrasonic) - shared
59~40306+18~07249_20260926_010819.wav,DEV_001_20260926_010819.wav,0,59.40306,18.07249,Phogri,Pholidoptera griseoaptera,Dark Bush-cricket,bush-cricket,0.98,,,26/09/2026,25/09/2026,01:08:19,ClassifEspSWE-0002026-05-29_1,JOHANKARLSSON,202609261752HZWP6EHC,2026_26_sep_01,Citizen Science (ultrasonic) - shared
59~40306+18~07249_20260926_010825.wav,DEV_001_20260926_010825.wav,0,59.40306,18.07249,Phogri,Pholidoptera griseoaptera,Dark Bush-cricket,bush-cricket,0.98,,,26/09/2026,25/09/2026,01:08:25,ClassifEspSWE-0002026-05-29_1,JOHANKARLSSON,202609261752HZWP6EHC,2026_26_sep_01,Citizen Science (ultrasonic) - shared
59~40306+18~07249_20260926_010833.wav,DEV_001_20260926_010833.wav,0,59.40306,18.07249,Phogri,Pholidoptera griseoaptera,Dark Bush-cricket,bush-cricket,0.84,,,26/09/2026,25/09/2026,01:08:33,ClassifEspSWE-0002026-05-29_1,JOHANKARLSSON,202609261752HZWP6EHC,2026_26_sep_01,Citizen Science (ultrasonic) - shared
59~40306+18~07249_20260926_010839.wav,DEV_001_20260926_010839.wav,0,59.40306,18.07249,Phogri,Pholidoptera griseoaptera,Dark Bush-cricket,bush-cricket,0.98,,,26/09/2026,25/09/2026,01:08:39,ClassifEspSWE-0002026-05-29_1,JOHANKARLSSON,202609261752HZWP6EHC,2026_26_sep_01,Citizen Science (ultrasonic) - shared
59~40306+18~07249_20260926_010845.wav,DEV_001_20260926_010845.wav,0,59.40306,18.07249,Phogri,Pholidoptera griseoaptera,Dark Bush-cricket,bush-cricket,0.99,,,26/09/2026,25/09/2026,01:08:45,ClassifEspSWE-0002026-05-29_1,JOHANKARLSSON,202609261752HZWP6EHC,2026_26_sep_01,Citizen Science (ultrasonic) - shared
59~40306+18~07249_20260926_010851.wav,DEV_001_20260926_010851.wav,0,59.40306,18.07249,Phogri,Pholidoptera griseoaptera,Dark Bush-cricket,bush-cricket,0.98,,,26/09/2026,25/09/2026,01:08:51,ClassifEspSWE-0002026-05-29_1,JOHANKARLSSON,202609261752HZWP6EHC,2026_26_sep_01,Citizen Science (ultrasonic) - shared
59~40306+18~07249_20260926_010856.wav,DEV_001_20260926_010856.wav,0,59.40306,18.07249,Phogri,Pholidoptera griseoaptera,Dark Bush-cricket,bush-cricket,0.98,,,26/09/2026,25/09/2026,01:08:56,ClassifEspSWE-0002026-05-29_1,JOHANKARLSSON,202609261752HZWP6EHC,2026_26_sep_01,Citizen Science (ultrasonic) - shared
59~40306+18~07249_20260926_010903.wav,DEV_001_20260926_010903.wav,0,59.40306,18.07249,Phogri,Pholidoptera griseoaptera,Dark Bush-cricket,bush-cricket,0.98,,,26/09/2026,25/09/2026,01:09:03,ClassifEspSWE-0002026-05-29_1,JOHANKARLSSON,202609261752HZWP6EHC,2026_26_sep_01,Citizen Science (ultrasonic) - shared
59~40306+18~07249_20260926_010908.wav,DEV_001_20260926_010908.wav,0,59.40306,18.07249,Phogri,Pholidoptera griseoaptera,Dark Bush-cricket,bush-cricket,0.99,,,26/09/2026,25/09/2026,01:09:08,ClassifEspSWE-0002026-05-29_1,JOHANKARLSSON,202609261752HZWP6EHC,2026_26_sep_01,Citizen Science (ultrasonic) - shared
59~40306+18~07249_20260926_010914.wav,DEV_001_20260926_010914.wav,0,59.40306,18.07249,Phogri,Pholidoptera griseoaptera,Dark Bush-cricket,bush-cricket,0.99,,,26/09/2026,25/09/2026,01:09:14,ClassifEspSWE-0002026-05-29_1,JOHANKARLSSON,202609261752HZWP6EHC,2026_26_sep_01,Citizen Science (ultrasonic) - shared
59~40306+18~07249_20260926_010920.wav,DEV_001_20260926_010920.wav,0,59.40306,18.07249,Phogri,Pholidoptera griseoaptera,Dark Bush-cricket,bush-cricket,0.99,,,26/09/2026,25/09/2026,01:09:20,ClassifEspSWE-0002026-05-29_1,JOHANKARLSSON,202609261752HZWP6EHC,2026_26_sep_01,Citizen Science (ultrasonic) - shared
59~40306+18~07249_20260926_010925.wav,DEV_001_20260926_010925.wav,0,59.40306,18.07249,Phogri,Pholidoptera griseoaptera,Dark Bush-cricket,bush-cricket,0.99,,,26/09/2026,25/09/2026,01:09:25,ClassifEspSWE-0002026-05-29_1,JOHANKARLSSON,202609261752HZWP6EHC,2026_26_sep_01,Citizen Science (ultrasonic) - shared
59~40306+18~07249_20260926_010933.wav,DEV_001_20260926_010933.wav,0,59.40306,18.07249,Phogri,Pholidoptera griseoaptera,Dark Bush-cricket,bush-cricket,0.95,,,26/09/2026,25/09/2026,01:09:33,ClassifEspSWE-0002026-05-29_1,JOHANKARLSSON,202609261752HZWP6EHC,2026_26_sep_01,Citizen Science (ultrasonic) - shared
59~40306+18~07249_20260926_010944.wav,DEV_001_20260926_010944.wav,0,59.40306,18.07249,Phogri,Pholidoptera griseoaptera,Dark Bush-cricket,bush-cricket,0.98,,,26/09/2026,25/09/2026,01:09:44,ClassifEspSWE-0002026-05-29_1,JOHANKARLSSON,202609261752HZWP6EHC,2026_26_sep_01,Citizen Science (ultrasonic) - shared
59~40306+18~07249_20260926_010950.wav,DEV_001_20260926_010950.wav,0,59.40306,18.07249,Phogri,Pholidoptera griseoaptera,Dark Bush-cricket,bush-cricket,0.99,,,26/09/2026,25/09/2026,01:09:50,ClassifEspSWE-0002026-05-29_1,JOHANKARLSSON,202609261752HZWP6EHC,2026_26_sep_01,Citizen Science (ultrasonic) - shared
59~40306+18~07249_20260926_010956.wav,DEV_001_20260926_010956.wav,0,59.40306,18.07249,Phogri,Pholidoptera griseoaptera,Dark Bush-cricket,bush-cricket,0.97,,,26/09/2026,25/09/2026,01:09:56,ClassifEspSWE-0002026-05-29_1,JOHANKARLSSON,202609261752HZWP6EHC,2026_26_sep_01,Citizen Science (ultrasonic) - shared
59~40306+18~07249_20260926_011003.wav,DEV_001_20260926_011003.wav,0,59.40306,18.07249,Phogri,Pholidoptera griseoaptera,Dark Bush-cricket,bush-cricket,0.99,,,26/09/2026,25/09/2026,01:10:03,ClassifEspSWE-0002026-05-29_1,JOHANKARLSSON,202609261752HZWP6EHC,2026_26_sep_01,Citizen Science (ultrasonic) - shared
59~40306+18~07249_20260926_011010.wav,DEV_001_20260926_011010.wav,0,59.40306,18.07249,Phogri,Pholidoptera griseoaptera,Dark Bush-cricket,bush-cricket,0.98,,,26/09/2026,25/09/2026,01:10:10,ClassifEspSWE-0002026-05-29_1,JOHANKARLSSON,202609261752HZWP6EHC,2026_26_sep_01,Citizen Science (ultrasonic) - shared
59~40306+18~07249_20260926_011017.wav,DEV_001_20260926_011017.wav,0,59.40306,18.07249,Phogri,Pholidoptera griseoaptera,Dark Bush-cricket,bush-cricket,0.99,,,26/09/2026,25/09/2026,01:10:17,ClassifEspSWE-0002026-05-29_1,JOHANKARLSSON,202609261752HZWP6EHC,2026_26_sep_01,Citizen Science (ultrasonic) - shared
59~40306+18~07249_20260926_011022.wav,DEV_001_20260926_011022.wav,0,59.40306,18.07249,Phogri,Pholidoptera griseoaptera,Dark Bush-cricket,bush-cricket,0.99,,,26/09/2026,25/09/2026,01:10:22,ClassifEspSWE-0002026-05-29_1,JOHANKARLSSON,202609261752HZWP6EHC,2026_26_sep_01,Citizen Science (ultrasonic) - shared
59~40306+18~07249_20260926_011030.wav,DEV_001_20260926_011030.wav,0,59.40306,18.07249,Phogri,Pholidoptera griseoaptera,Dark Bush-cricket,bush-cricket,0.99,,,26/09/2026,25/09/2026,01:10:30,ClassifEspSWE-0002026-05-29_1,JOHANKARLSSON,202609261752HZWP6EHC,2026_26_sep_01,Citizen Science (ultrasonic) - shared
59~40306+18~07249_20260926_011035.wav,DEV_001_20260926_011035.wav,0,59.40306,18.07249,Phogri,Pholidoptera griseoaptera,Dark Bush-cricket,bush-cricket,0.91,,,26/09/2026,25/09/2026,01:10:35,ClassifEspSWE-0002026-05-29_1,JOHANKARLSSON,202609261752HZWP6EHC,2026_26_sep_01,Citizen Science (ultrasonic) - shared
59~40306+18~07249_20260926_011040.wav,DEV_001_20260926_011040.wav,0,59.40306,18.07249,Phogri,Pholidoptera griseoaptera,Dark Bush-cricket,bush-cricket,0.99,,,26/09/2026,25/09/2026,01:10:40,ClassifEspSWE-0002026-05-29_1,JOHANKARLSSON,202609261752HZWP6EHC,2026_26_sep_01,Citizen Science (ultrasonic) - shared
59~40306+18~07249_20260926_011047.wav,DEV_001_20260926_011047.wav,0,59.40306,18.07249,Phogri,Pholidoptera griseoaptera,Dark Bush-cricket,bush-cricket,0.99,,,26/09/2026,25/09/2026,01:10:47,ClassifEspSWE-0002026-05-29_1,JOHANKARLSSON,202609261752HZWP6EHC,2026_26_sep_01,Citizen Science (ultrasonic) - shared
59~40306+18~07249_20260926_011053.wav,DEV_001_20260926_011053.wav,0,59.40306,18.07249,Phogri,Pholidoptera griseoaptera,Dark Bush-cricket,bush-cricket,0.98,,,26/09/2026,25/09/2026,01:10:53,ClassifEspSWE-0002026-05-29_1,JOHANKARLSSON,202609261752HZWP6EHC,2026_26_sep_01,Citizen Science (ultrasonic) - shared
59~40306+18~07249_20260926_011058.wav,DEV_001_20260926_011058.wav,0,59.40306,18.07249,Phogri,Pholidoptera griseoaptera,Dark Bush-cricket,bush-cricket,0.99,,,26/09/2026,25/09/2026,01:10:58,ClassifEspSWE-0002026-05-29_1,JOHANKARLSSON,202609261752HZWP6EHC,2026_26_sep_01,Citizen Science (ultrasonic) - shared
59~40306+18~07249_20260926_011104.wav,DEV_001_20260926_011104.wav,0,59.40306,18.07249,Phogri,Pholidoptera griseoaptera,Dark Bush-cricket,bush-cricket,0.99,,,26/09/2026,25/09/2026,01:11:04,ClassifEspSWE-0002026-05-29_1,JOHANKARLSSON,202609261752HZWP6EHC,2026_26_sep_01,Citizen Science (ultrasonic) - shared
59~40306+18~07249_20260926_011111.wav,DEV_001_20260926_011111.wav,0,59.40306,18.07249,Phogri,Pholidoptera griseoaptera,Dark Bush-cricket,bush-cricket,0.99,,,26/09/2026,25/09/2026,01:11:11,ClassifEspSWE-0002026-05-29_1,JOHANKARLSSON,202609261752HZWP6EHC,2026_26_sep_01,Citizen Science (ultrasonic) - shared
59~40306+18~07249_20260926_011119.wav,DEV_001_20260926_011119.wav,0,59.40306,18.07249,Phogri,Pholidoptera griseoaptera,Dark Bush-cricket,bush-cricket,0.99,,,26/09/2026,25/09/2026,01:11:19,ClassifEspSWE-0002026-05-29_1,JOHANKARLSSON,202609261752HZWP6EHC,2026_26_sep_01,Citizen Science (ultrasonic) - shared
59~40306+18~07249_20260926_011126.wav,DEV_001_20260926_011126.wav,0,59.40306,18.07249,Phogri,Pholidoptera griseoaptera,Dark Bush-cricket,bush-cricket,0.99,,,26/09/2026,25/09/2026,01:11:26,ClassifEspSWE-0002026-05-29_1,JOHANKARLSSON,202609261752HZWP6EHC,2026_26_sep_01,Citizen Science (ultrasonic) - shared
59~40306+18~07249_20260926_011132.wav,DEV_001_20260926_011132.wav,0,59.40306,18.07249,Phogri,Pholidoptera griseoaptera,Dark Bush-cricket,bush-cricket,0.99,,,26/09/2026,25/09/2026,01:11:32,ClassifEspSWE-0002026-05-29_1,JOHANKARLSSON,202609261752HZWP6EHC,2026_26_sep_01,Citizen Science (ultrasonic) - shared
59~40306+18~07249_20260926_011141.wav,DEV_001_20260926_011141.wav,0,59.40306,18.07249,Phogri,Pholidoptera griseoaptera,Dark Bush-cricket,bush-cricket,0.99,,,26/09/2026,25/09/2026,01:11:41,ClassifEspSWE-0002026-05-29_1,JOHANKARLSSON,202609261752HZWP6EHC,2026_26_sep_01,Citizen Science (ultrasonic) - shared
59~40306+18~07249_20260926_011147.wav,DEV_001_20260926_011147.wav,0,59.40306,18.07249,Phogri,Pholidoptera griseoaptera,Dark Bush-cricket,bush-cricket,0.83,,,26/09/2026,25/09/2026,01:11:47,ClassifEspSWE-0002026-05-29_1,JOHANKARLSSON,202609261752HZWP6EHC,2026_26_sep_01,Citizen Science (ultrasonic) - shared
59~40306+18~07249_20260926_011152.wav,DEV_001_20260926_011152.wav,0,59.40306,18.07249,Phogri,Pholidoptera griseoaptera,Dark Bush-cricket,bush-cricket,0.99,,,26/09/2026,25/09/2026,01:11:52,ClassifEspSWE-0002026-05-29_1,JOHANKARLSSON,202609261752HZWP6EHC,2026_26_sep_01,Citizen Science (ultrasonic) - shared
59~40306+18~07249_20260926_011159.wav,DEV_001_20260926_011159.wav,0,59.40306,18.07249,Phogri,Pholidoptera griseoaptera,Dark Bush-cricket,bush-cricket,0.98,,,26/09/2026,25/09/2026,01:11:59,ClassifEspSWE-0002026-05-29_1,JOHANKARLSSON,202609261752HZWP6EHC,2026_26_sep_01,Citizen Science (ultrasonic) - shared
59~40306+18~07249_20260926_011205.wav,DEV_001_20260926_011205.wav,0,59.40306,18.07249,Phogri,Pholidoptera griseoaptera,Dark Bush-cricket,bush-cricket,0.99,,,26/09/2026,25/09/2026,01:12:05,ClassifEspSWE-0002026-05-29_1,JOHANKARLSSON,202609261752HZWP6EHC,2026_26_sep_01,Citizen Science (ultrasonic) - shared
59~40306+18~07249_20260926_011211.wav,DEV_001_20260926_011211.wav,0,59.40306,18.07249,Phogri,Pholidoptera griseoaptera,Dark Bush-cricket,bush-cricket,0.99,,,26/09/2026,25/09/2026,01:12:11,ClassifEspSWE-0002026-05-29_1,JOHANKARLSSON,202609261752HZWP6EHC,2026_26_sep_01,Citizen Science (ultrasonic) - shared
59~40306+18~07249_20260926_011216.wav,DEV_001_20260926_011216.wav,0,59.40306,18.07249,Phogri,Pholidoptera griseoaptera,Dark Bush-cricket,bush-cricket,0.99,,,26/09/2026,25/09/2026,01:12:16,ClassifEspSWE-0002026-05-29_1,JOHANKARLSSON,202609261752HZWP6EHC,2026_26_sep_01,Citizen Science (ultrasonic) - shared
59~40306+18~07249_20260926_011222.wav,DEV_001_20260926_011222.wav,0,59.40306,18.07249,Phogri,Pholidoptera griseoaptera,Dark Bush-cricket,bush-cricket,0.99,,,26/09/2026,25/09/2026,01:12:22,ClassifEspSWE-0002026-05-29_1,JOHANKARLSSON,202609261752HZWP6EHC,2026_26_sep_01,Citizen Science (ultrasonic) - shared
59~40306+18~07249_20260926_011228.wav,DEV_001_20260926_011228.wav,0,59.40306,18.07249,Phogri,Pholidoptera griseoaptera,Dark Bush-cricket,bush-cricket,0.99,,,26/09/2026,25/09/2026,01:12:28,ClassifEspSWE-0002026-05-29_1,JOHANKARLSSON,202609261752HZWP6EHC,2026_26_sep_01,Citizen Science (ultrasonic) - shared
59~40306+18~07249_20260926_011234.wav,DEV_001_20260926_011234.wav,0,59.40306,18.07249,Phogri,Pholidoptera griseoaptera,Dark Bush-cricket,bush-cricket,0.99,,,26/09/2026,25/09/2026,01:12:34,ClassifEspSWE-0002026-05-29_1,JOHANKARLSSON,202609261752HZWP6EHC,2026_26_sep_01,Citizen Science (ultrasonic) - shared
59~40306+18~07249_20260926_011241.wav,DEV_001_20260926_011241.wav,0,59.40306,18.07249,Phogri,Pholidoptera griseoaptera,Dark Bush-cricket,bush-cricket,0.99,,,26/09/2026,25/09/2026,01:12:41,ClassifEspSWE-0002026-05-29_1,JOHANKARLSSON,202609261752HZWP6EHC,2026_26_sep_01,Citizen Science (ultrasonic) - shared
59~40306+18~07249_20260926_011246.wav,DEV_001_20260926_011246.wav,0,59.40306,18.07249,Phogri,Pholidoptera griseoaptera,Dark Bush-cricket,bush-cricket,0.99,,,26/09/2026,25/09/2026,01:12:46,ClassifEspSWE-0002026-05-29_1,JOHANKARLSSON,202609261752HZWP6EHC,2026_26_sep_01,Citizen Science (ultrasonic) - shared
59~40306+18~07249_20260926_011251.wav,DEV_001_20260926_011251.wav,0,59.40306,18.07249,Phogri,Pholidoptera griseoaptera,Dark Bush-cricket,bush-cricket,0.98,,,26/09/2026,25/09/2026,01:12:51,ClassifEspSWE-0002026-05-29_1,JOHANKARLSSON,202609261752HZWP6EHC,2026_26_sep_01,Citizen Science (ultrasonic) - shared
59~40306+18~07249_20260926_011258.wav,DEV_001_20260926_011258.wav,0,59.40306,18.07249,Phogri,Pholidoptera griseoaptera,Dark Bush-cricket,bush-cricket,0.99,,,26/09/2026,25/09/2026,01:12:58,ClassifEspSWE-0002026-05-29_1,JOHANKARLSSON,202609261752HZWP6EHC,2026_26_sep_01,Citizen Science (ultrasonic) - shared
59~40306+18~07249_20260926_011304.wav,DEV_001_20260926_011304.wav,0,59.40306,18.07249,Phogri,Pholidoptera griseoaptera,Dark Bush-cricket,bush-cricket,0.99,,,26/09/2026,25/09/2026,01:13:04,ClassifEspSWE-0002026-05-29_1,JOHANKARLSSON,202609261752HZWP6EHC,2026_26_sep_01,Citizen Science (ultrasonic) - shared
59~40306+18~07249_20260926_011309.wav,DEV_001_20260926_011309.wav,0,59.40306,18.07249,Phogri,Pholidoptera griseoaptera,Dark Bush-cricket,bush-cricket,0.97,,,26/09/2026,25/09/2026,01:13:09,ClassifEspSWE-0002026-05-29_1,JOHANKARLSSON,202609261752HZWP6EHC,2026_26_sep_01,Citizen Science (ultrasonic) - shared
59~40306+18~07249_20260926_011317.wav,DEV_001_20260926_011317.wav,0,59.40306,18.07249,Phogri,Pholidoptera griseoaptera,Dark Bush-cricket,bush-cricket,0.97,,,26/09/2026,25/09/2026,01:13:17,ClassifEspSWE-0002026-05-29_1,JOHANKARLSSON,202609261752HZWP6EHC,2026_26_sep_01,Citizen Science (ultrasonic) - shared
59~40306+18~07249_20260926_011324.wav,DEV_001_20260926_011324.wav,0,59.40306,18.07249,Phogri,Pholidoptera griseoaptera,Dark Bush-cricket,bush-cricket,0.95,,,26/09/2026,25/09/2026,01:13:24,ClassifEspSWE-0002026-05-29_1,JOHANKARLSSON,202609261752HZWP6EHC,2026_26_sep_01,Citizen Science (ultrasonic) - shared
59~40306+18~07249_20260926_011332.wav,DEV_001_20260926_011332.wav,0,59.40306,18.07249,Phogri,Pholidoptera griseoaptera,Dark Bush-cricket,bush-cricket,0.98,,,26/09/2026,25/09/2026,01:13:32,ClassifEspSWE-0002026-05-29_1,JOHANKARLSSON,202609261752HZWP6EHC,2026_26_sep_01,Citizen Science (ultrasonic) - shared
59~40306+18~07249_20260926_011338.wav,DEV_001_20260926_011338.wav,0,59.40306,18.07249,Phogri,Pholidoptera griseoaptera,Dark Bush-cricket,bush-cricket,0.99,,,26/09/2026,25/09/2026,01:13:38,ClassifEspSWE-0002026-05-29_1,JOHANKARLSSON,202609261752HZWP6EHC,2026_26_sep_01,Citizen Science (ultrasonic) - shared
59~40306+18~07249_20260926_011344.wav,DEV_001_20260926_011344.wav,0,59.40306,18.07249,Phogri,Pholidoptera griseoaptera,Dark Bush-cricket,bush-cricket,0.99,,,26/09/2026,25/09/2026,01:13:44,ClassifEspSWE-0002026-05-29_1,JOHANKARLSSON,202609261752HZWP6EHC,2026_26_sep_01,Citizen Science (ultrasonic) - shared
59~40306+18~07249_20260926_011350.wav,DEV_001_20260926_011350.wav,0,59.40306,18.07249,Phogri,Pholidoptera griseoaptera,Dark Bush-cricket,bush-cricket,0.99,,,26/09/2026,25/09/2026,01:13:50,ClassifEspSWE-0002026-05-29_1,JOHANKARLSSON,202609261752HZWP6EHC,2026_26_sep_01,Citizen Science (ultrasonic) - shared
59~40306+18~07249_20260926_011356.wav,DEV_001_20260926_011356.wav,0,59.40306,18.07249,Phogri,Pholidoptera griseoaptera,Dark Bush-cricket,bush-cricket,0.99,,,26/09/2026,25/09/2026,01:13:56,ClassifEspSWE-0002026-05-29_1,JOHANKARLSSON,202609261752HZWP6EHC,2026_26_sep_01,Citizen Science (ultrasonic) - shared
59~40306+18~07249_20260926_011404.wav,DEV_001_20260926_011404.wav,0,59.40306,18.07249,Phogri,Pholidoptera griseoaptera,Dark Bush-cricket,bush-cricket,0.99,,,26/09/2026,25/09/2026,01:14:04,ClassifEspSWE-0002026-05-29_1,JOHANKARLSSON,202609261752HZWP6EHC,2026_26_sep_01,Citizen Science (ultrasonic) - shared
59~40306+18~07249_20260926_011411.wav,DEV_001_20260926_011411.wav,0,59.40306,18.07249,Phogri,Pholidoptera griseoaptera,Dark Bush-cricket,bush-cricket,0.99,,,26/09/2026,25/09/2026,01:14:11,ClassifEspSWE-0002026-05-29_1,JOHANKARLSSON,202609261752HZWP6EHC,2026_26_sep_01,Citizen Science (ultrasonic) - shared
59~40306+18~07249_20260926_011418.wav,DEV_001_20260926_011418.wav,0,59.40306,18.07249,Phogri,Pholidoptera griseoaptera,Dark Bush-cricket,bush-cricket,0.95,,,26/09/2026,25/09/2026,01:14:18,ClassifEspSWE-0002026-05-29_1,JOHANKARLSSON,202609261752HZWP6EHC,2026_26_sep_01,Citizen Science (ultrasonic) - shared
59~40306+18~07249_20260926_011423.wav,DEV_001_20260926_011423.wav,0,59.40306,18.07249,Phogri,Pholidoptera griseoaptera,Dark Bush-cricket,bush-cricket,0.99,,,26/09/2026,25/09/2026,01:14:23,ClassifEspSWE-0002026-05-29_1,JOHANKARLSSON,202609261752HZWP6EHC,2026_26_sep_01,Citizen Science (ultrasonic) - shared
59~40306+18~07249_20260926_011429.wav,DEV_001_20260926_011429.wav,0,59.40306,18.07249,Phogri,Pholidoptera griseoaptera,Dark Bush-cricket,bush-cricket,0.99,,,26/09/2026,25/09/2026,01:14:29,ClassifEspSWE-0002026-05-29_1,JOHANKARLSSON,202609261752HZWP6EHC,2026_26_sep_01,Citizen Science (ultrasonic) - shared
59~40306+18~07249_20260926_011434.wav,DEV_001_20260926_011434.wav,0,59.40306,18.07249,Phogri,Pholidoptera griseoaptera,Dark Bush-cricket,bush-cricket,0.99,,,26/09/2026,25/09/2026,01:14:34,ClassifEspSWE-0002026-05-29_1,JOHANKARLSSON,202609261752HZWP6EHC,2026_26_sep_01,Citizen Science (ultrasonic) - shared
59~40306+18~07249_20260926_011440.wav,DEV_001_20260926_011440.wav,0,59.40306,18.07249,Phogri,Pholidoptera griseoaptera,Dark Bush-cricket,bush-cricket,0.97,,,26/09/2026,25/09/2026,01:14:40,ClassifEspSWE-0002026-05-29_1,JOHANKARLSSON,202609261752HZWP6EHC,2026_26_sep_01,Citizen Science (ultrasonic) - shared
59~40306+18~07249_20260926_011447.wav,DEV_001_20260926_011447.wav,0,59.40306,18.07249,Phogri,Pholidoptera griseoaptera,Dark Bush-cricket,bush-cricket,0.99,,,26/09/2026,25/09/2026,01:14:47,ClassifEspSWE-0002026-05-29_1,JOHANKARLSSON,202609261752HZWP6EHC,2026_26_sep_01,Citizen Science (ultrasonic) - shared
59~40306+18~07249_20260926_011453.wav,DEV_001_20260926_011453.wav,0,59.40306,18.07249,Phogri,Pholidoptera griseoaptera,Dark Bush-cricket,bush-cricket,0.99,,,26/09/2026,25/09/2026,01:14:53,ClassifEspSWE-0002026-05-29_1,JOHANKARLSSON,202609261752HZWP6EHC,2026_26_sep_01,Citizen Science (ultrasonic) - shared
59~40306+18~07249_20260926_011459.wav,DEV_001_20260926_011459.wav,0,59.40306,18.07249,Phogri,Pholidoptera griseoaptera,Dark Bush-cricket,bush-cricket,0.99,,,26/09/2026,25/09/2026,01:14:59,ClassifEspSWE-0002026-05-29_1,JOHANKARLSSON,202609261752HZWP6EHC,2026_26_sep_01,Citizen Science (ultrasonic) - shared
59~40306+18~07249_20260926_011504.wav,DEV_001_20260926_011504.wav,0,59.40306,18.07249,Phogri,Pholidoptera griseoaptera,Dark Bush-cricket,bush-cricket,0.98,,,26/09/2026,25/09/2026,01:15:04,ClassifEspSWE-0002026-05-29_1,JOHANKARLSSON,202609261752HZWP6EHC,2026_26_sep_01,Citizen Science (ultrasonic) - shared
59~40306+18~07249_20260926_011509.wav,DEV_001_20260926_011509.wav,0,59.40306,18.07249,Phogri,Pholidoptera griseoaptera,Dark Bush-cricket,bush-cricket,0.99,,,26/09/2026,25/09/2026,01:15:09,ClassifEspSWE-0002026-05-29_1,JOHANKARLSSON,202609261752HZWP6EHC,2026_26_sep_01,Citizen Science (ultrasonic) - shared
59~40306+18~07249_20260926_011514.wav,DEV_001_20260926_011514.wav,0,59.40306,18.07249,Phogri,Pholidoptera griseoaptera,Dark Bush-cricket,bush-cricket,0.99,,,26/09/2026,25/09/2026,01:15:14,ClassifEspSWE-0002026-05-29_1,JOHANKARLSSON,202609261752HZWP6EHC,2026_26_sep_01,Citizen Science (ultrasonic) - shared
59~40306+18~07249_20260926_011520.wav,DEV_001_20260926_011520.wav,0,59.40306,18.07249,Phogri,Pholidoptera griseoaptera,Dark Bush-cricket,bush-cricket,0.96,,,26/09/2026,25/09/2026,01:15:20,ClassifEspSWE-0002026-05-29_1,JOHANKARLSSON,202609261752HZWP6EHC,2026_26_sep_01,Citizen Science (ultrasonic) - shared
59~40306+18~07249_20260926_011528.wav,DEV_001_20260926_011528.wav,0,59.40306,18.07249,Phogri,Pholidoptera griseoaptera,Dark Bush-cricket,bush-cricket,0.94,,,26/09/2026,25/09/2026,01:15:28,ClassifEspSWE-0002026-05-29_1,JOHANKARLSSON,202609261752HZWP6EHC,2026_26_sep_01,Citizen Science (ultrasonic) - shared
59~40306+18~07249_20260926_011535.wav,DEV_001_20260926_011535.wav,0,59.40306,18.07249,Phogri,Pholidoptera griseoaptera,Dark Bush-cricket,bush-cricket,0.99,,,26/09/2026,25/09/2026,01:15:35,ClassifEspSWE-0002026-05-29_1,JOHANKARLSSON,202609261752HZWP6EHC,2026_26_sep_01,Citizen Science (ultrasonic) - shared
59~40306+18~07249_20260926_011545.wav,DEV_001_20260926_011545.wav,0,59.40306,18.07249,Phogri,Pholidoptera griseoaptera,Dark Bush-cricket,bush-cricket,0.99,,,26/09/2026,25/09/2026,01:15:45,ClassifEspSWE-0002026-05-29_1,JOHANKARLSSON,202609261752HZWP6EHC,2026_26_sep_01,Citizen Science (ultrasonic) - shared
59~40306+18~07249_20260926_011552.wav,DEV_001_20260926_011552.wav,0,59.40306,18.07249,Phogri,Pholidoptera griseoaptera,Dark Bush-cricket,bush-cricket,0.99,,,26/09/2026,25/09/2026,01:15:52,ClassifEspSWE-0002026-05-29_1,JOHANKARLSSON,202609261752HZWP6EHC,2026_26_sep_01,Citizen Science (ultrasonic) - shared
59~40306+18~07249_20260926_011559.wav,DEV_001_20260926_011559.wav,0,59.40306,18.07249,Phogri,Pholidoptera griseoaptera,Dark Bush-cricket,bush-cricket,0.99,,,26/09/2026,25/09/2026,01:15:59,ClassifEspSWE-0002026-05-29_1,JOHANKARLSSON,202609261752HZWP6EHC,2026_26_sep_01,Citizen Science (ultrasonic) - shared
59~40306+18~07249_20260926_011605.wav,DEV_001_20260926_011605.wav,0,59.40306,18.07249,Phogri,Pholidoptera griseoaptera,Dark Bush-cricket,bush-cricket,0.99,,,26/09/2026,25/09/2026,01:16:05,ClassifEspSWE-0002026-05-29_1,JOHANKARLSSON,202609261752HZWP6EHC,2026_26_sep_01,Citizen Science (ultrasonic) - shared
59~40306+18~07249_20260926_011610.wav,DEV_001_20260926_011610.wav,0,59.40306,18.07249,Phogri,Pholidoptera griseoaptera,Dark Bush-cricket,bush-cricket,0.99,,,26/09/2026,25/09/2026,01:16:10,ClassifEspSWE-0002026-05-29_1,JOHANKARLSSON,202609261752HZWP6EHC,2026_26_sep_01,Citizen Science (ultrasonic) - shared
59~40306+18~07249_20260926_011616.wav,DEV_001_20260926_011616.wav,0,59.40306,18.07249,Phogri,Pholidoptera griseoaptera,Dark Bush-cricket,bush-cricket,0.99,,,26/09/2026,25/09/2026,01:16:16,ClassifEspSWE-0002026-05-29_1,JOHANKARLSSON,202609261752HZWP6EHC,2026_26_sep_01,Citizen Science (ultrasonic) - shared
59~40306+18~07249_20260926_011622.wav,DEV_001_20260926_011622.wav,0,59.40306,18.07249,Phogri,Pholidoptera griseoaptera,Dark Bush-cricket,bush-cricket,0.99,,,26/09/2026,25/09/2026,01:16:22,ClassifEspSWE-0002026-05-29_1,JOHANKARLSSON,202609261752HZWP6EHC,2026_26_sep_01,Citizen Science (ultrasonic) - shared
59~40306+18~07249_20260926_011629.wav,DEV_001_20260926_011629.wav,0,59.40306,18.07249,Phogri,Pholidoptera griseoaptera,Dark Bush-cricket,bush-cricket,0.99,,,26/09/2026,25/09/2026,01:16:29,ClassifEspSWE-0002026-05-29_1,JOHANKARLSSON,202609261752HZWP6EHC,2026_26_sep_01,Citizen Science (ultrasonic) - shared
59~40306+18~07249_20260926_011634.wav,DEV_001_20260926_011634.wav,0,59.40306,18.07249,Phogri,Pholidoptera griseoaptera,Dark Bush-cricket,bush-cricket,0.99,,,26/09/2026,25/09/2026,01:16:34,ClassifEspSWE-0002026-05-29_1,JOHANKARLSSON,202609261752HZWP6EHC,2026_26_sep_01,Citizen Science (ultrasonic) - shared
59~40306+18~07249_20260926_011642.wav,DEV_001_20260926_011642.wav,0,59.40306,18.07249,Phogri,Pholidoptera griseoaptera,Dark Bush-cricket,bush-cricket,0.89,,,26/09/2026,25/09/2026,01:16:42,ClassifEspSWE-0002026-05-29_1,JOHANKARLSSON,202609261752HZWP6EHC,2026_26_sep_01,Citizen Science (ultrasonic) - shared
59~40306+18~07249_20260926_011649.wav,DEV_001_20260926_011649.wav,0,59.40306,18.07249,Phogri,Pholidoptera griseoaptera,Dark Bush-cricket,bush-cricket,0.99,,,26/09/2026,25/09/2026,01:16:49,ClassifEspSWE-0002026-05-29_1,JOHANKARLSSON,202609261752HZWP6EHC,2026_26_sep_01,Citizen Science (ultrasonic) - shared
59~40306+18~07249_20260926_011655.wav,DEV_001_20260926_011655.wav,0,59.40306,18.07249,Phogri,Pholidoptera griseoaptera,Dark Bush-cricket,bush-cricket,0.99,,,26/09/2026,25/09/2026,01:16:55,ClassifEspSWE-0002026-05-29_1,JOHANKARLSSON,202609261752HZWP6EHC,2026_26_sep_01,Citizen Science (ultrasonic) - shared
59~40306+18~07249_20260926_011701.wav,DEV_001_20260926_011701.wav,0,59.40306,18.07249,Phogri,Pholidoptera griseoaptera,Dark Bush-cricket,bush-cricket,0.99,,,26/09/2026,25/09/2026,01:17:01,ClassifEspSWE-0002026-05-29_1,JOHANKARLSSON,202609261752HZWP6EHC,2026_26_sep_01,Citizen Science (ultrasonic) - shared
59~40306+18~07249_20260926_011707.wav,DEV_001_20260926_011707.wav,0,59.40306,18.07249,Phogri,Pholidoptera griseoaptera,Dark Bush-cricket,bush-cricket,0.99,,,26/09/2026,25/09/2026,01:17:07,ClassifEspSWE-0002026-05-29_1,JOHANKARLSSON,202609261752HZWP6EHC,2026_26_sep_01,Citizen Science (ultrasonic) - shared
59~40306+18~07249_20260926_011713.wav,DEV_001_20260926_011713.wav,0,59.40306,18.07249,Phogri,Pholidoptera griseoaptera,Dark Bush-cricket,bush-cricket,0.99,,,26/09/2026,25/09/2026,01:17:13,ClassifEspSWE-0002026-05-29_1,JOHANKARLSSON,202609261752HZWP6EHC,2026_26_sep_01,Citizen Science (ultrasonic) - shared
59~40306+18~07249_20260926_011721.wav,DEV_001_20260926_011721.wav,0,59.40306,18.07249,Phogri,Pholidoptera griseoaptera,Dark Bush-cricket,bush-cricket,0.99,,,26/09/2026,25/09/2026,01:17:21,ClassifEspSWE-0002026-05-29_1,JOHANKARLSSON,202609261752HZWP6EHC,2026_26_sep_01,Citizen Science (ultrasonic) - shared
59~40306+18~07249_20260926_011729.wav,DEV_001_20260926_011729.wav,0,59.40306,18.07249,Phogri,Pholidoptera griseoaptera,Dark Bush-cricket,bush-cricket,0.98,,,26/09/2026,25/09/2026,01:17:29,ClassifEspSWE-0002026-05-29_1,JOHANKARLSSON,202609261752HZWP6EHC,2026_26_sep_01,Citizen Science (ultrasonic) - shared
59~40306+18~07249_20260926_011737.wav,DEV_001_20260926_011737.wav,0,59.40306,18.07249,Phogri,Pholidoptera griseoaptera,Dark Bush-cricket,bush-cricket,0.99,,,26/09/2026,25/09/2026,01:17:37,ClassifEspSWE-0002026-05-29_1,JOHANKARLSSON,202609261752HZWP6EHC,2026_26_sep_01,Citizen Science (ultrasonic) - shared
59~40306+18~07249_20260926_011743.wav,DEV_001_20260926_011743.wav,0,59.40306,18.07249,Phogri,Pholidoptera griseoaptera,Dark Bush-cricket,bush-cricket,0.97,,,26/09/2026,25/09/2026,01:17:43,ClassifEspSWE-0002026-05-29_1,JOHANKARLSSON,202609261752HZWP6EHC,2026_26_sep_01,Citizen Science (ultrasonic) - shared
59~40306+18~07249_20260926_011749.wav,DEV_001_20260926_011749.wav,0,59.40306,18.07249,Phogri,Pholidoptera griseoaptera,Dark Bush-cricket,bush-cricket,0.99,,,26/09/2026,25/09/2026,01:17:49,ClassifEspSWE-0002026-05-29_1,JOHANKARLSSON,202609261752HZWP6EHC,2026_26_sep_01,Citizen Science (ultrasonic) - shared
59~40306+18~07249_20260926_011756.wav,DEV_001_20260926_011756.wav,0,59.40306,18.07249,Phogri,Pholidoptera griseoaptera,Dark Bush-cricket,bush-cricket,0.99,,,26/09/2026,25/09/2026,01:17:56,ClassifEspSWE-0002026-05-29_1,JOHANKARLSSON,202609261752HZWP6EHC,2026_26_sep_01,Citizen Science (ultrasonic) - shared
59~40306+18~07249_20260926_011804.wav,DEV_001_20260926_011804.wav,0,59.40306,18.07249,Phogri,Pholidoptera griseoaptera,Dark Bush-cricket,bush-cricket,0.99,,,26/09/2026,25/09/2026,01:18:04,ClassifEspSWE-0002026-05-29_1,JOHANKARLSSON,202609261752HZWP6EHC,2026_26_sep_01,Citizen Science (ultrasonic) - shared
59~40306+18~07249_20260926_011809.wav,DEV_001_20260926_011809.wav,0,59.40306,18.07249,Phogri,Pholidoptera griseoaptera,Dark Bush-cricket,bush-cricket,0.99,,,26/09/2026,25/09/2026,01:18:09,ClassifEspSWE-0002026-05-29_1,JOHANKARLSSON,202609261752HZWP6EHC,2026_26_sep_01,Citizen Science (ultrasonic) - shared
59~40306+18~07249_20260926_011817.wav,DEV_001_20260926_011817.wav,0,59.40306,18.07249,Phogri,Pholidoptera griseoaptera,Dark Bush-cricket,bush-cricket,0.99,,,26/09/2026,25/09/2026,01:18:17,ClassifEspSWE-0002026-05-29_1,JOHANKARLSSON,202609261752HZWP6EHC,2026_26_sep_01,Citizen Science (ultrasonic) - shared
59~40306+18~07249_20260926_011824.wav,DEV_001_20260926_011824.wav,0,59.40306,18.07249,Phogri,Pholidoptera griseoaptera,Dark Bush-cricket,bush-cricket,0.99,,,26/09/2026,25/09/2026,01:18:24,ClassifEspSWE-0002026-05-29_1,JOHANKARLSSON,202609261752HZWP6EHC,2026_26_sep_01,Citizen Science (ultrasonic) - shared
59~40306+18~07249_20260926_011830.wav,DEV_001_20260926_011830.wav,0,59.40306,18.07249,Phogri,Pholidoptera griseoaptera,Dark Bush-cricket,bush-cricket,0.98,,,26/09/2026,25/09/2026,01:18:30,ClassifEspSWE-0002026-05-29_1,JOHANKARLSSON,202609261752HZWP6EHC,2026_26_sep_01,Citizen Science (ultrasonic) - shared
59~40306+18~07249_20260926_011837.wav,DEV_001_20260926_011837.wav,0,59.40306,18.07249,Phogri,Pholidoptera griseoaptera,Dark Bush-cricket,bush-cricket,0.98,,,26/09/2026,25/09/2026,01:18:37,ClassifEspSWE-0002026-05-29_1,JOHANKARLSSON,202609261752HZWP6EHC,2026_26_sep_01,Citizen Science (ultrasonic) - shared
59~40306+18~07249_20260926_011844.wav,DEV_001_20260926_011844.wav,0,59.40306,18.07249,Phogri,Pholidoptera griseoaptera,Dark Bush-cricket,bush-cricket,0.97,,,26/09/2026,25/09/2026,01:18:44,ClassifEspSWE-0002026-05-29_1,JOHANKARLSSON,202609261752HZWP6EHC,2026_26_sep_01,Citizen Science (ultrasonic) - shared
59~40306+18~07249_20260926_011851.wav,DEV_001_20260926_011851.wav,0,59.40306,18.07249,Phogri,Pholidoptera griseoaptera,Dark Bush-cricket,bush-cricket,0.99,,,26/09/2026,25/09/2026,01:18:51,ClassifEspSWE-0002026-05-29_1,JOHANKARLSSON,202609261752HZWP6EHC,2026_26_sep_01,Citizen Science (ultrasonic) - shared
59~40306+18~07249_20260926_011858.wav,DEV_001_20260926_011858.wav,0,59.40306,18.07249,Phogri,Pholidoptera griseoaptera,Dark Bush-cricket,bush-cricket,0.99,,,26/09/2026,25/09/2026,01:18:58,ClassifEspSWE-0002026-05-29_1,JOHANKARLSSON,202609261752HZWP6EHC,2026_26_sep_01,Citizen Science (ultrasonic) - shared
59~40306+18~07249_20260926_011904.wav,DEV_001_20260926_011904.wav,0,59.40306,18.07249,Phogri,Pholidoptera griseoaptera,Dark Bush-cricket,bush-cricket,0.99,,,26/09/2026,25/09/2026,01:19:04,ClassifEspSWE-0002026-05-29_1,JOHANKARLSSON,202609261752HZWP6EHC,2026_26_sep_01,Citizen Science (ultrasonic) - shared
59~40306+18~07249_20260926_011911.wav,DEV_001_20260926_011911.wav,0,59.40306,18.07249,Phogri,Pholidoptera griseoaptera,Dark Bush-cricket,bush-cricket,0.97,,,26/09/2026,25/09/2026,01:19:11,ClassifEspSWE-0002026-05-29_1,JOHANKARLSSON,202609261752HZWP6EHC,2026_26_sep_01,Citizen Science (ultrasonic) - shared
59~40306+18~07249_20260926_011918.wav,DEV_001_20260926_011918.wav,0,59.40306,18.07249,Phogri,Pholidoptera griseoaptera,Dark Bush-cricket,bush-cricket,0.99,,,26/09/2026,25/09/2026,01:19:18,ClassifEspSWE-0002026-05-29_1,JOHANKARLSSON,202609261752HZWP6EHC,2026_26_sep_01,Citizen Science (ultrasonic) - shared
59~40306+18~07249_20260926_011926.wav,DEV_001_20260926_011926.wav,0,59.40306,18.07249,Phogri,Pholidoptera griseoaptera,Dark Bush-cricket,bush-cricket,0.96,,,26/09/2026,25/09/2026,01:19:26,ClassifEspSWE-0002026-05-29_1,JOHANKARLSSON,202609261752HZWP6EHC,2026_26_sep_01,Citizen Science (ultrasonic) - shared
59~40306+18~07249_20260926_011931.wav,DEV_001_20260926_011931.wav,0,59.40306,18.07249,Phogri,Pholidoptera griseoaptera,Dark Bush-cricket,bush-cricket,0.99,,,26/09/2026,25/09/2026,01:19:31,ClassifEspSWE-0002026-05-29_1,JOHANKARLSSON,202609261752HZWP6EHC,2026_26_sep_01,Citizen Science (ultrasonic) - shared
59~40306+18~07249_20260926_011937.wav,DEV_001_20260926_011937.wav,0,59.40306,18.07249,Phogri,Pholidoptera griseoaptera,Dark Bush-cricket,bush-cricket,0.99,,,26/09/2026,25/09/2026,01:19:37,ClassifEspSWE-0002026-05-29_1,JOHANKARLSSON,202609261752HZWP6EHC,2026_26_sep_01,Citizen Science (ultrasonic) - shared
59~40306+18~07249_20260926_011945.wav,DEV_001_20260926_011945.wav,0,59.40306,18.07249,Phogri,Pholidoptera griseoaptera,Dark Bush-cricket,bush-cricket,0.99,,,26/09/2026,25/09/2026,01:19:45,ClassifEspSWE-0002026-05-29_1,JOHANKARLSSON,202609261752HZWP6EHC,2026_26_sep_01,Citizen Science (ultrasonic) - shared
59~40306+18~07249_20260926_011950.wav,DEV_001_20260926_011950.wav,0,59.40306,18.07249,Phogri,Pholidoptera griseoaptera,Dark Bush-cricket,bush-cricket,0.99,,,26/09/2026,25/09/2026,01:19:50,ClassifEspSWE-0002026-05-29_1,JOHANKARLSSON,202609261752HZWP6EHC,2026_26_sep_01,Citizen Science (ultrasonic) - shared
59~40306+18~07249_20260926_011957.wav,DEV_001_20260926_011957.wav,0,59.40306,18.07249,Phogri,Pholidoptera griseoaptera,Dark Bush-cricket,bush-cricket,0.99,,,26/09/2026,25/09/2026,01:19:57,ClassifEspSWE-0002026-05-29_1,JOHANKARLSSON,202609261752HZWP6EHC,2026_26_sep_01,Citizen Science (ultrasonic) - shared
59~40306+18~07249_20260926_012002.wav,DEV_001_20260926_012002.wav,0,59.40306,18.07249,Phogri,Pholidoptera griseoaptera,Dark Bush-cricket,bush-cricket,0.99,,,26/09/2026,25/09/2026,01:20:02,ClassifEspSWE-0002026-05-29_1,JOHANKARLSSON,202609261752HZWP6EHC,2026_26_sep_01,Citizen Science (ultrasonic) - shared
59~40306+18~07249_20260926_012009.wav,DEV_001_20260926_012009.wav,0,59.40306,18.07249,Phogri,Pholidoptera griseoaptera,Dark Bush-cricket,bush-cricket,0.98,,,26/09/2026,25/09/2026,01:20:09,ClassifEspSWE-0002026-05-29_1,JOHANKARLSSON,202609261752HZWP6EHC,2026_26_sep_01,Citizen Science (ultrasonic) - shared
59~40306+18~07249_20260926_012014.wav,DEV_001_20260926_012014.wav,0,59.40306,18.07249,Phogri,Pholidoptera griseoaptera,Dark Bush-cricket,bush-cricket,0.99,,,26/09/2026,25/09/2026,01:20:14,ClassifEspSWE-0002026-05-29_1,JOHANKARLSSON,202609261752HZWP6EHC,2026_26_sep_01,Citizen Science (ultrasonic) - shared
59~40306+18~07249_20260926_012020.wav,DEV_001_20260926_012020.wav,0,59.40306,18.07249,Phogri,Pholidoptera griseoaptera,Dark Bush-cricket,bush-cricket,0.98,,,26/09/2026,25/09/2026,01:20:20,ClassifEspSWE-0002026-05-29_1,JOHANKARLSSON,202609261752HZWP6EHC,2026_26_sep_01,Citizen Science (ultrasonic) - shared
59~40306+18~07249_20260926_012028.wav,DEV_001_20260926_012028.wav,0,59.40306,18.07249,Phogri,Pholidoptera griseoaptera,Dark Bush-cricket,bush-cricket,0.96,,,26/09/2026,25/09/2026,01:20:28,ClassifEspSWE-0002026-05-29_1,JOHANKARLSSON,202609261752HZWP6EHC,2026_26_sep_01,Citizen Science (ultrasonic) - shared
59~40306+18~07249_20260926_012033.wav,DEV_001_20260926_012033.wav,0,59.40306,18.07249,Phogri,Pholidoptera griseoaptera,Dark Bush-cricket,bush-cricket,0.99,,,26/09/2026,25/09/2026,01:20:33,ClassifEspSWE-0002026-05-29_1,JOHANKARLSSON,202609261752HZWP6EHC,2026_26_sep_01,Citizen Science (ultrasonic) - shared
59~40306+18~07249_20260926_012038.wav,DEV_001_20260926_012038.wav,0,59.40306,18.07249,Phogri,Pholidoptera griseoaptera,Dark Bush-cricket,bush-cricket,0.98,,,26/09/2026,25/09/2026,01:20:38,ClassifEspSWE-0002026-05-29_1,JOHANKARLSSON,202609261752HZWP6EHC,2026_26_sep_01,Citizen Science (ultrasonic) - shared
59~40306+18~07249_20260926_012044.wav,DEV_001_20260926_012044.wav,0,59.40306,18.07249,Phogri,Pholidoptera griseoaptera,Dark Bush-cricket,bush-cricket,0.99,,,26/09/2026,25/09/2026,01:20:44,ClassifEspSWE-0002026-05-29_1,JOHANKARLSSON,202609261752HZWP6EHC,2026_26_sep_01,Citizen Science (ultrasonic) - shared
59~40306+18~07249_20260926_012050.wav,DEV_001_20260926_012050.wav,0,59.40306,18.07249,Phogri,Pholidoptera griseoaptera,Dark Bush-cricket,bush-cricket,0.98,,,26/09/2026,25/09/2026,01:20:50,ClassifEspSWE-0002026-05-29_1,JOHANKARLSSON,202609261752HZWP6EHC,2026_26_sep_01,Citizen Science (ultrasonic) - shared
59~40306+18~07249_20260926_012057.wav,DEV_001_20260926_012057.wav,0,59.40306,18.07249,Phogri,Pholidoptera griseoaptera,Dark Bush-cricket,bush-cricket,0.99,,,26/09/2026,25/09/2026,01:20:57,ClassifEspSWE-0002026-05-29_1,JOHANKARLSSON,202609261752HZWP6EHC,2026_26_sep_01,Citizen Science (ultrasonic) - shared
59~40306+18~07249_20260926_012104.wav,DEV_001_20260926_012104.wav,0,59.40306,18.07249,Phogri,Pholidoptera griseoaptera,Dark Bush-cricket,bush-cricket,0.98,,,26/09/2026,25/09/2026,01:21:04,ClassifEspSWE-0002026-05-29_1,JOHANKARLSSON,202609261752HZWP6EHC,2026_26_sep_01,Citizen Science (ultrasonic) - shared
59~40306+18~07249_20260926_012111.wav,DEV_001_20260926_012111.wav,0,59.40306,18.07249,Phogri,Pholidoptera griseoaptera,Dark Bush-cricket,bush-cricket,0.99,,,26/09/2026,25/09/2026,01:21:11,ClassifEspSWE-0002026-05-29_1,JOHANKARLSSON,202609261752HZWP6EHC,2026_26_sep_01,Citizen Science (ultrasonic) - shared
59~40306+18~07249_20260926_012118.wav,DEV_001_20260926_012118.wav,0,59.40306,18.07249,Phogri,Pholidoptera griseoaptera,Dark Bush-cricket,bush-cricket,0.89,,,26/09/2026,25/09/2026,01:21:18,ClassifEspSWE-0002026-05-29_1,JOHANKARLSSON,202609261752HZWP6EHC,2026_26_sep_01,Citizen Science (ultrasonic) - shared
59~40306+18~07249_20260926_012125.wav,DEV_001_20260926_012125.wav,0,59.40306,18.07249,Phogri,Pholidoptera griseoaptera,Dark Bush-cricket,bush-cricket,0.99,,,26/09/2026,25/09/2026,01:21:25,ClassifEspSWE-0002026-05-29_1,JOHANKARLSSON,202609261752HZWP6EHC,2026_26_sep_01,Citizen Science (ultrasonic) - shared
59~40306+18~07249_20260926_012130.wav,DEV_001_20260926_012130.wav,0,59.40306,18.07249,Phogri,Pholidoptera griseoaptera,Dark Bush-cricket,bush-cricket,0.99,,,26/09/2026,25/09/2026,01:21:30,ClassifEspSWE-0002026-05-29_1,JOHANKARLSSON,202609261752HZWP6EHC,2026_26_sep_01,Citizen Science (ultrasonic) - shared
59~40306+18~07249_20260926_012137.wav,DEV_001_20260926_012137.wav,0,59.40306,18.07249,Phogri,Pholidoptera griseoaptera,Dark Bush-cricket,bush-cricket,0.99,,,26/09/2026,25/09/2026,01:21:37,ClassifEspSWE-0002026-05-29_1,JOHANKARLSSON,202609261752HZWP6EHC,2026_26_sep_01,Citizen Science (ultrasonic) - shared
59~40306+18~07249_20260926_012144.wav,DEV_001_20260926_012144.wav,0,59.40306,18.07249,Phogri,Pholidoptera griseoaptera,Dark Bush-cricket,bush-cricket,0.99,,,26/09/2026,25/09/2026,01:21:44,ClassifEspSWE-0002026-05-29_1,JOHANKARLSSON,202609261752HZWP6EHC,2026_26_sep_01,Citizen Science (ultrasonic) - shared
59~40306+18~07249_20260926_012151.wav,DEV_001_20260926_012151.wav,0,59.40306,18.07249,Phogri,Pholidoptera griseoaptera,Dark Bush-cricket,bush-cricket,0.99,,,26/09/2026,25/09/2026,01:21:51,ClassifEspSWE-0002026-05-29_1,JOHANKARLSSON,202609261752HZWP6EHC,2026_26_sep_01,Citizen Science (ultrasonic) - shared
59~40306+18~07249_20260926_012158.wav,DEV_001_20260926_012158.wav,0,59.40306,18.07249,Phogri,Pholidoptera griseoaptera,Dark Bush-cricket,bush-cricket,0.99,,,26/09/2026,25/09/2026,01:21:58,ClassifEspSWE-0002026-05-29_1,JOHANKARLSSON,202609261752HZWP6EHC,2026_26_sep_01,Citizen Science (ultrasonic) - shared
59~40306+18~07249_20260926_012203.wav,DEV_001_20260926_012203.wav,0,59.40306,18.07249,Phogri,Pholidoptera griseoaptera,Dark Bush-cricket,bush-cricket,0.99,,,26/09/2026,25/09/2026,01:22:03,ClassifEspSWE-0002026-05-29_1,JOHANKARLSSON,202609261752HZWP6EHC,2026_26_sep_01,Citizen Science (ultrasonic) - shared
59~40306+18~07249_20260926_012209.wav,DEV_001_20260926_012209.wav,0,59.40306,18.07249,Phogri,Pholidoptera griseoaptera,Dark Bush-cricket,bush-cricket,0.99,,,26/09/2026,25/09/2026,01:22:09,ClassifEspSWE-0002026-05-29_1,JOHANKARLSSON,202609261752HZWP6EHC,2026_26_sep_01,Citizen Science (ultrasonic) - shared
59~40306+18~07249_20260926_012214.wav,DEV_001_20260926_012214.wav,0,59.40306,18.07249,Phogri,Pholidoptera griseoaptera,Dark Bush-cricket,bush-cricket,0.99,,,26/09/2026,25/09/2026,01:22:14,ClassifEspSWE-0002026-05-29_1,JOHANKARLSSON,202609261752HZWP6EHC,2026_26_sep_01,Citizen Science (ultrasonic) - shared
59~40306+18~07249_20260926_012220.wav,DEV_001_20260926_012220.wav,0,59.40306,18.07249,Phogri,Pholidoptera griseoaptera,Dark Bush-cricket,bush-cricket,0.97,,,26/09/2026,25/09/2026,01:22:20,ClassifEspSWE-0002026-05-29_1,JOHANKARLSSON,202609261752HZWP6EHC,2026_26_sep_01,Citizen Science (ultrasonic) - shared
59~40306+18~07249_20260926_012227.wav,DEV_001_20260926_012227.wav,0,59.40306,18.07249,Phogri,Pholidoptera griseoaptera,Dark Bush-cricket,bush-cricket,0.99,,,26/09/2026,25/09/2026,01:22:27,ClassifEspSWE-0002026-05-29_1,JOHANKARLSSON,202609261752HZWP6EHC,2026_26_sep_01,Citizen Science (ultrasonic) - shared
59~40306+18~07249_20260926_012232.wav,DEV_001_20260926_012232.wav,0,59.40306,18.07249,Phogri,Pholidoptera griseoaptera,Dark Bush-cricket,bush-cricket,0.99,,,26/09/2026,25/09/2026,01:22:32,ClassifEspSWE-0002026-05-29_1,JOHANKARLSSON,202609261752HZWP6EHC,2026_26_sep_01,Citizen Science (ultrasonic) - shared
59~40306+18~07249_20260926_012240.wav,DEV_001_20260926_012240.wav,0,59.40306,18.07249,Phogri,Pholidoptera griseoaptera,Dark Bush-cricket,bush-cricket,0.99,,,26/09/2026,25/09/2026,01:22:40,ClassifEspSWE-0002026-05-29_1,JOHANKARLSSON,202609261752HZWP6EHC,2026_26_sep_01,Citizen Science (ultrasonic) - shared
59~40306+18~07249_20260926_012248.wav,DEV_001_20260926_012248.wav,0,59.40306,18.07249,Phogri,Pholidoptera griseoaptera,Dark Bush-cricket,bush-cricket,0.99,,,26/09/2026,25/09/2026,01:22:48,ClassifEspSWE-0002026-05-29_1,JOHANKARLSSON,202609261752HZWP6EHC,2026_26_sep_01,Citizen Science (ultrasonic) - shared
59~40306+18~07249_20260926_012256.wav,DEV_001_20260926_012256.wav,0,59.40306,18.07249,Phogri,Pholidoptera griseoaptera,Dark Bush-cricket,bush-cricket,0.99,,,26/09/2026,25/09/2026,01:22:56,ClassifEspSWE-0002026-05-29_1,JOHANKARLSSON,202609261752HZWP6EHC,2026_26_sep_01,Citizen Science (ultrasonic) - shared
59~40306+18~07249_20260926_012302.wav,DEV_001_20260926_012302.wav,0,59.40306,18.07249,Phogri,Pholidoptera griseoaptera,Dark Bush-cricket,bush-cricket,0.99,,,26/09/2026,25/09/2026,01:23:02,ClassifEspSWE-0002026-05-29_1,JOHANKARLSSON,202609261752HZWP6EHC,2026_26_sep_01,Citizen Science (ultrasonic) - shared
59~40306+18~07249_20260926_012309.wav,DEV_001_20260926_012309.wav,0,59.40306,18.07249,Phogri,Pholidoptera griseoaptera,Dark Bush-cricket,bush-cricket,0.95,,,26/09/2026,25/09/2026,01:23:09,ClassifEspSWE-0002026-05-29_1,JOHANKARLSSON,202609261752HZWP6EHC,2026_26_sep_01,Citizen Science (ultrasonic) - shared
59~40306+18~07249_20260926_012315.wav,DEV_001_20260926_012315.wav,0,59.40306,18.07249,Phogri,Pholidoptera griseoaptera,Dark Bush-cricket,bush-cricket,0.86,,,26/09/2026,25/09/2026,01:23:15,ClassifEspSWE-0002026-05-29_1,JOHANKARLSSON,202609261752HZWP6EHC,2026_26_sep_01,Citizen Science (ultrasonic) - shared
59~40306+18~07249_20260926_012322.wav,DEV_001_20260926_012322.wav,0,59.40306,18.07249,Phogri,Pholidoptera griseoaptera,Dark Bush-cricket,bush-cricket,0.99,,,26/09/2026,25/09/2026,01:23:22,ClassifEspSWE-0002026-05-29_1,JOHANKARLSSON,202609261752HZWP6EHC,2026_26_sep_01,Citizen Science (ultrasonic) - shared
59~40306+18~07249_20260926_012327.wav,DEV_001_20260926_012327.wav,0,59.40306,18.07249,Phogri,Pholidoptera griseoaptera,Dark Bush-cricket,bush-cricket,0.98,,,26/09/2026,25/09/2026,01:23:27,ClassifEspSWE-0002026-05-29_1,JOHANKARLSSON,202609261752HZWP6EHC,2026_26_sep_01,Citizen Science (ultrasonic) - shared
59~40306+18~07249_20260926_012332.wav,DEV_001_20260926_012332.wav,0,59.40306,18.07249,Phogri,Pholidoptera griseoaptera,Dark Bush-cricket,bush-cricket,0.99,,,26/09/2026,25/09/2026,01:23:32,ClassifEspSWE-0002026-05-29_1,JOHANKARLSSON,202609261752HZWP6EHC,2026_26_sep_01,Citizen Science (ultrasonic) - shared
59~40306+18~07249_20260926_012338.wav,DEV_001_20260926_012338.wav,0,59.40306,18.07249,Phogri,Pholidoptera griseoaptera,Dark Bush-cricket,bush-cricket,0.95,,,26/09/2026,25/09/2026,01:23:38,ClassifEspSWE-0002026-05-29_1,JOHANKARLSSON,202609261752HZWP6EHC,2026_26_sep_01,Citizen Science (ultrasonic) - shared
59~40306+18~07249_20260926_012344.wav,DEV_001_20260926_012344.wav,0,59.40306,18.07249,Phogri,Pholidoptera griseoaptera,Dark Bush-cricket,bush-cricket,0.99,,,26/09/2026,25/09/2026,01:23:44,ClassifEspSWE-0002026-05-29_1,JOHANKARLSSON,202609261752HZWP6EHC,2026_26_sep_01,Citizen Science (ultrasonic) - shared
59~40306+18~07249_20260926_012350.wav,DEV_001_20260926_012350.wav,0,59.40306,18.07249,Phogri,Pholidoptera griseoaptera,Dark Bush-cricket,bush-cricket,0.99,,,26/09/2026,25/09/2026,01:23:50,ClassifEspSWE-0002026-05-29_1,JOHANKARLSSON,202609261752HZWP6EHC,2026_26_sep_01,Citizen Science (ultrasonic) - shared
59~40306+18~07249_20260926_012358.wav,DEV_001_20260926_012358.wav,0,59.40306,18.07249,Phogri,Pholidoptera griseoaptera,Dark Bush-cricket,bush-cricket,0.98,,,26/09/2026,25/09/2026,01:23:58,ClassifEspSWE-0002026-05-29_1,JOHANKARLSSON,202609261752HZWP6EHC,2026_26_sep_01,Citizen Science (ultrasonic) - shared
59~40306+18~07249_20260926_012403.wav,DEV_001_20260926_012403.wav,0,59.40306,18.07249,Phogri,Pholidoptera griseoaptera,Dark Bush-cricket,bush-cricket,0.98,,,26/09/2026,25/09/2026,01:24:03,ClassifEspSWE-0002026-05-29_1,JOHANKARLSSON,202609261752HZWP6EHC,2026_26_sep_01,Citizen Science (ultrasonic) - shared
59~40306+18~07249_20260926_012410.wav,DEV_001_20260926_012410.wav,0,59.40306,18.07249,Phogri,Pholidoptera griseoaptera,Dark Bush-cricket,bush-cricket,0.99,,,26/09/2026,25/09/2026,01:24:10,ClassifEspSWE-0002026-05-29_1,JOHANKARLSSON,202609261752HZWP6EHC,2026_26_sep_01,Citizen Science (ultrasonic) - shared
59~40306+18~07249_20260926_012416.wav,DEV_001_20260926_012416.wav,0,59.40306,18.07249,Phogri,Pholidoptera griseoaptera,Dark Bush-cricket,bush-cricket,0.98,,,26/09/2026,25/09/2026,01:24:16,ClassifEspSWE-0002026-05-29_1,JOHANKARLSSON,202609261752HZWP6EHC,2026_26_sep_01,Citizen Science (ultrasonic) - shared
59~40306+18~07249_20260926_012424.wav,DEV_001_20260926_012424.wav,0,59.40306,18.07249,Phogri,Pholidoptera griseoaptera,Dark Bush-cricket,bush-cricket,0.99,,,26/09/2026,25/09/2026,01:24:24,ClassifEspSWE-0002026-05-29_1,JOHANKARLSSON,202609261752HZWP6EHC,2026_26_sep_01,Citizen Science (ultrasonic) - shared
59~40306+18~07249_20260926_012431.wav,DEV_001_20260926_012431.wav,0,59.40306,18.07249,Phogri,Pholidoptera griseoaptera,Dark Bush-cricket,bush-cricket,0.97,,,26/09/2026,25/09/2026,01:24:31,ClassifEspSWE-0002026-05-29_1,JOHANKARLSSON,202609261752HZWP6EHC,2026_26_sep_01,Citizen Science (ultrasonic) - shared
59~40306+18~07249_20260926_012438.wav,DEV_001_20260926_012438.wav,0,59.40306,18.07249,Phogri,Pholidoptera griseoaptera,Dark Bush-cricket,bush-cricket,0.88,,,26/09/2026,25/09/2026,01:24:38,ClassifEspSWE-0002026-05-29_1,JOHANKARLSSON,202609261752HZWP6EHC,2026_26_sep_01,Citizen Science (ultrasonic) - shared
59~40306+18~07249_20260926_012443.wav,DEV_001_20260926_012443.wav,0,59.40306,18.07249,Phogri,Pholidoptera griseoaptera,Dark Bush-cricket,bush-cricket,0.99,,,26/09/2026,25/09/2026,01:24:43,ClassifEspSWE-0002026-05-29_1,JOHANKARLSSON,202609261752HZWP6EHC,2026_26_sep_01,Citizen Science (ultrasonic) - shared
59~40306+18~07249_20260926_012450.wav,DEV_001_20260926_012450.wav,0,59.40306,18.07249,Phogri,Pholidoptera griseoaptera,Dark Bush-cricket,bush-cricket,0.99,,,26/09/2026,25/09/2026,01:24:50,ClassifEspSWE-0002026-05-29_1,JOHANKARLSSON,202609261752HZWP6EHC,2026_26_sep_01,Citizen Science (ultrasonic) - shared
59~40306+18~07249_20260926_012456.wav,DEV_001_20260926_012456.wav,0,59.40306,18.07249,Phogri,Pholidoptera griseoaptera,Dark Bush-cricket,bush-cricket,0.98,,,26/09/2026,25/09/2026,01:24:56,ClassifEspSWE-0002026-05-29_1,JOHANKARLSSON,202609261752HZWP6EHC,2026_26_sep_01,Citizen Science (ultrasonic) - shared
59~40306+18~07249_20260926_012503.wav,DEV_001_20260926_012503.wav,0,59.40306,18.07249,Phogri,Pholidoptera griseoaptera,Dark Bush-cricket,bush-cricket,0.97,,,26/09/2026,25/09/2026,01:25:03,ClassifEspSWE-0002026-05-29_1,JOHANKARLSSON,202609261752HZWP6EHC,2026_26_sep_01,Citizen Science (ultrasonic) - shared
59~40306+18~07249_20260926_012510.wav,DEV_001_20260926_012510.wav,0,59.40306,18.07249,Phogri,Pholidoptera griseoaptera,Dark Bush-cricket,bush-cricket,0.99,,,26/09/2026,25/09/2026,01:25:10,ClassifEspSWE-0002026-05-29_1,JOHANKARLSSON,202609261752HZWP6EHC,2026_26_sep_01,Citizen Science (ultrasonic) - shared
59~40306+18~07249_20260926_012517.wav,DEV_001_20260926_012517.wav,0,59.40306,18.07249,Phogri,Pholidoptera griseoaptera,Dark Bush-cricket,bush-cricket,0.98,,,26/09/2026,25/09/2026,01:25:17,ClassifEspSWE-0002026-05-29_1,JOHANKARLSSON,202609261752HZWP6EHC,2026_26_sep_01,Citizen Science (ultrasonic) - shared
59~40306+18~07249_20260926_012523.wav,DEV_001_20260926_012523.wav,0,59.40306,18.07249,Phogri,Pholidoptera griseoaptera,Dark Bush-cricket,bush-cricket,0.99,,,26/09/2026,25/09/2026,01:25:23,ClassifEspSWE-0002026-05-29_1,JOHANKARLSSON,202609261752HZWP6EHC,2026_26_sep_01,Citizen Science (ultrasonic) - shared
59~40306+18~07249_20260926_012530.wav,DEV_001_20260926_012530.wav,0,59.40306,18.07249,Phogri,Pholidoptera griseoaptera,Dark Bush-cricket,bush-cricket,0.98,,,26/09/2026,25/09/2026,01:25:30,ClassifEspSWE-0002026-05-29_1,JOHANKARLSSON,202609261752HZWP6EHC,2026_26_sep_01,Citizen Science (ultrasonic) - shared
59~40306+18~07249_20260926_012536.wav,DEV_001_20260926_012536.wav,0,59.40306,18.07249,Phogri,Pholidoptera griseoaptera,Dark Bush-cricket,bush-cricket,0.98,,,26/09/2026,25/09/2026,01:25:36,ClassifEspSWE-0002026-05-29_1,JOHANKARLSSON,202609261752HZWP6EHC,2026_26_sep_01,Citizen Science (ultrasonic) - shared
59~40306+18~07249_20260926_012542.wav,DEV_001_20260926_012542.wav,0,59.40306,18.07249,Phogri,Pholidoptera griseoaptera,Dark Bush-cricket,bush-cricket,0.98,,,26/09/2026,25/09/2026,01:25:42,ClassifEspSWE-0002026-05-29_1,JOHANKARLSSON,202609261752HZWP6EHC,2026_26_sep_01,Citizen Science (ultrasonic) - shared
59~40306+18~07249_20260926_012548.wav,DEV_001_20260926_012548.wav,0,59.40306,18.07249,Phogri,Pholidoptera griseoaptera,Dark Bush-cricket,bush-cricket,0.99,,,26/09/2026,25/09/2026,01:25:48,ClassifEspSWE-0002026-05-29_1,JOHANKARLSSON,202609261752HZWP6EHC,2026_26_sep_01,Citizen Science (ultrasonic) - shared
59~40306+18~07249_20260926_012554.wav,DEV_001_20260926_012554.wav,0,59.40306,18.07249,Phogri,Pholidoptera griseoaptera,Dark Bush-cricket,bush-cricket,0.98,,,26/09/2026,25/09/2026,01:25:54,ClassifEspSWE-0002026-05-29_1,JOHANKARLSSON,202609261752HZWP6EHC,2026_26_sep_01,Citizen Science (ultrasonic) - shared
59~40306+18~07249_20260926_012600.wav,DEV_001_20260926_012600.wav,0,59.40306,18.07249,Phogri,Pholidoptera griseoaptera,Dark Bush-cricket,bush-cricket,0.99,,,26/09/2026,25/09/2026,01:26:00,ClassifEspSWE-0002026-05-29_1,JOHANKARLSSON,202609261752HZWP6EHC,2026_26_sep_01,Citizen Science (ultrasonic) - shared
59~40306+18~07249_20260926_012606.wav,DEV_001_20260926_012606.wav,0,59.40306,18.07249,Phogri,Pholidoptera griseoaptera,Dark Bush-cricket,bush-cricket,0.98,,,26/09/2026,25/09/2026,01:26:06,ClassifEspSWE-0002026-05-29_1,JOHANKARLSSON,202609261752HZWP6EHC,2026_26_sep_01,Citizen Science (ultrasonic) - shared
59~40306+18~07249_20260926_012613.wav,DEV_001_20260926_012613.wav,0,59.40306,18.07249,Phogri,Pholidoptera griseoaptera,Dark Bush-cricket,bush-cricket,0.95,,,26/09/2026,25/09/2026,01:26:13,ClassifEspSWE-0002026-05-29_1,JOHANKARLSSON,202609261752HZWP6EHC,2026_26_sep_01,Citizen Science (ultrasonic) - shared
59~40306+18~07249_20260926_012618.wav,DEV_001_20260926_012618.wav,0,59.40306,18.07249,Phogri,Pholidoptera griseoaptera,Dark Bush-cricket,bush-cricket,0.99,,,26/09/2026,25/09/2026,01:26:18,ClassifEspSWE-0002026-05-29_1,JOHANKARLSSON,202609261752HZWP6EHC,2026_26_sep_01,Citizen Science (ultrasonic) - shared
59~40306+18~07249_20260926_012626.wav,DEV_001_20260926_012626.wav,0,59.40306,18.07249,Phogri,Pholidoptera griseoaptera,Dark Bush-cricket,bush-cricket,0.98,,,26/09/2026,25/09/2026,01:26:26,ClassifEspSWE-0002026-05-29_1,JOHANKARLSSON,202609261752HZWP6EHC,2026_26_sep_01,Citizen Science (ultrasonic) - shared
59~40306+18~07249_20260926_012634.wav,DEV_001_20260926_012634.wav,0,59.40306,18.07249,Phogri,Pholidoptera griseoaptera,Dark Bush-cricket,bush-cricket,0.97,,,26/09/2026,25/09/2026,01:26:34,ClassifEspSWE-0002026-05-29_1,JOHANKARLSSON,202609261752HZWP6EHC,2026_26_sep_01,Citizen Science (ultrasonic) - shared
59~40306+18~07249_20260926_012639.wav,DEV_001_20260926_012639.wav,0,59.40306,18.07249,Phogri,Pholidoptera griseoaptera,Dark Bush-cricket,bush-cricket,0.99,,,26/09/2026,25/09/2026,01:26:39,ClassifEspSWE-0002026-05-29_1,JOHANKARLSSON,202609261752HZWP6EHC,2026_26_sep_01,Citizen Science (ultrasonic) - shared
59~40306+18~07249_20260926_012645.wav,DEV_001_20260926_012645.wav,0,59.40306,18.07249,Phogri,Pholidoptera griseoaptera,Dark Bush-cricket,bush-cricket,0.99,,,26/09/2026,25/09/2026,01:26:45,ClassifEspSWE-0002026-05-29_1,JOHANKARLSSON,202609261752HZWP6EHC,2026_26_sep_01,Citizen Science (ultrasonic) - shared
59~40306+18~07249_20260926_012651.wav,DEV_001_20260926_012651.wav,0,59.40306,18.07249,Phogri,Pholidoptera griseoaptera,Dark Bush-cricket,bush-cricket,0.98,,,26/09/2026,25/09/2026,01:26:51,ClassifEspSWE-0002026-05-29_1,JOHANKARLSSON,202609261752HZWP6EHC,2026_26_sep_01,Citizen Science (ultrasonic) - shared
59~40306+18~07249_20260926_012657.wav,DEV_001_20260926_012657.wav,0,59.40306,18.07249,Phogri,Pholidoptera griseoaptera,Dark Bush-cricket,bush-cricket,0.99,,,26/09/2026,25/09/2026,01:26:57,ClassifEspSWE-0002026-05-29_1,JOHANKARLSSON,202609261752HZWP6EHC,2026_26_sep_01,Citizen Science (ultrasonic) - shared
59~40306+18~07249_20260926_012702.wav,DEV_001_20260926_012702.wav,0,59.40306,18.07249,Phogri,Pholidoptera griseoaptera,Dark Bush-cricket,bush-cricket,0.98,,,26/09/2026,25/09/2026,01:27:02,ClassifEspSWE-0002026-05-29_1,JOHANKARLSSON,202609261752HZWP6EHC,2026_26_sep_01,Citizen Science (ultrasonic) - shared
59~40306+18~07249_20260926_012707.wav,DEV_001_20260926_012707.wav,0,59.40306,18.07249,Phogri,Pholidoptera griseoaptera,Dark Bush-cricket,bush-cricket,0.99,,,26/09/2026,25/09/2026,01:27:07,ClassifEspSWE-0002026-05-29_1,JOHANKARLSSON,202609261752HZWP6EHC,2026_26_sep_01,Citizen Science (ultrasonic) - shared
59~40306+18~07249_20260926_012715.wav,DEV_001_20260926_012715.wav,0,59.40306,18.07249,Phogri,Pholidoptera griseoaptera,Dark Bush-cricket,bush-cricket,0.98,,,26/09/2026,25/09/2026,01:27:15,ClassifEspSWE-0002026-05-29_1,JOHANKARLSSON,202609261752HZWP6EHC,2026_26_sep_01,Citizen Science (ultrasonic) - shared
59~40306+18~07249_20260926_012720.wav,DEV_001_20260926_012720.wav,0,59.40306,18.07249,Phogri,Pholidoptera griseoaptera,Dark Bush-cricket,bush-cricket,0.99,,,26/09/2026,25/09/2026,01:27:20,ClassifEspSWE-0002026-05-29_1,JOHANKARLSSON,202609261752HZWP6EHC,2026_26_sep_01,Citizen Science (ultrasonic) - shared
59~40306+18~07249_20260926_012725.wav,DEV_001_20260926_012725.wav,0,59.40306,18.07249,Phogri,Pholidoptera griseoaptera,Dark Bush-cricket,bush-cricket,0.99,,,26/09/2026,25/09/2026,01:27:25,ClassifEspSWE-0002026-05-29_1,JOHANKARLSSON,202609261752HZWP6EHC,2026_26_sep_01,Citizen Science (ultrasonic) - shared
59~40306+18~07249_20260926_012732.wav,DEV_001_20260926_012732.wav,0,59.40306,18.07249,Phogri,Pholidoptera griseoaptera,Dark Bush-cricket,bush-cricket,0.95,,,26/09/2026,25/09/2026,01:27:32,ClassifEspSWE-0002026-05-29_1,JOHANKARLSSON,202609261752HZWP6EHC,2026_26_sep_01,Citizen Science (ultrasonic) - shared
59~40306+18~07249_20260926_012739.wav,DEV_001_20260926_012739.wav,0,59.40306,18.07249,Phogri,Pholidoptera griseoaptera,Dark Bush-cricket,bush-cricket,0.99,,,26/09/2026,25/09/2026,01:27:39,ClassifEspSWE-0002026-05-29_1,JOHANKARLSSON,202609261752HZWP6EHC,2026_26_sep_01,Citizen Science (ultrasonic) - shared
59~40306+18~07249_20260926_012744.wav,DEV_001_20260926_012744.wav,0,59.40306,18.07249,Phogri,Pholidoptera griseoaptera,Dark Bush-cricket,bush-cricket,0.99,,,26/09/2026,25/09/2026,01:27:44,ClassifEspSWE-0002026-05-29_1,JOHANKARLSSON,202609261752HZWP6EHC,2026_26_sep_01,Citizen Science (ultrasonic) - shared
59~40306+18~07249_20260926_012750.wav,DEV_001_20260926_012750.wav,0,59.40306,18.07249,Phogri,Pholidoptera griseoaptera,Dark Bush-cricket,bush-cricket,0.99,,,26/09/2026,25/09/2026,01:27:50,ClassifEspSWE-0002026-05-29_1,JOHANKARLSSON,202609261752HZWP6EHC,2026_26_sep_01,Citizen Science (ultrasonic) - shared
59~40306+18~07249_20260926_012755.wav,DEV_001_20260926_012755.wav,0,59.40306,18.07249,Phogri,Pholidoptera griseoaptera,Dark Bush-cricket,bush-cricket,0.99,,,26/09/2026,25/09/2026,01:27:55,ClassifEspSWE-0002026-05-29_1,JOHANKARLSSON,202609261752HZWP6EHC,2026_26_sep_01,Citizen Science (ultrasonic) - shared
59~40306+18~07249_20260926_012801.wav,DEV_001_20260926_012801.wav,0,59.40306,18.07249,Phogri,Pholidoptera griseoaptera,Dark Bush-cricket,bush-cricket,0.99,,,26/09/2026,25/09/2026,01:28:01,ClassifEspSWE-0002026-05-29_1,JOHANKARLSSON,202609261752HZWP6EHC,2026_26_sep_01,Citizen Science (ultrasonic) - shared
59~40306+18~07249_20260926_012806.wav,DEV_001_20260926_012806.wav,0,59.40306,18.07249,Phogri,Pholidoptera griseoaptera,Dark Bush-cricket,bush-cricket,0.99,,,26/09/2026,25/09/2026,01:28:06,ClassifEspSWE-0002026-05-29_1,JOHANKARLSSON,202609261752HZWP6EHC,2026_26_sep_01,Citizen Science (ultrasonic) - shared
59~40306+18~07249_20260926_012813.wav,DEV_001_20260926_012813.wav,0,59.40306,18.07249,Phogri,Pholidoptera griseoaptera,Dark Bush-cricket,bush-cricket,0.99,,,26/09/2026,25/09/2026,01:28:13,ClassifEspSWE-0002026-05-29_1,JOHANKARLSSON,202609261752HZWP6EHC,2026_26_sep_01,Citizen Science (ultrasonic) - shared
59~40306+18~07249_20260926_012819.wav,DEV_001_20260926_012819.wav,0,59.40306,18.07249,Phogri,Pholidoptera griseoaptera,Dark Bush-cricket,bush-cricket,0.99,,,26/09/2026,25/09/2026,01:28:19,ClassifEspSWE-0002026-05-29_1,JOHANKARLSSON,202609261752HZWP6EHC,2026_26_sep_01,Citizen Science (ultrasonic) - shared
59~40306+18~07249_20260926_012826.wav,DEV_001_20260926_012826.wav,0,59.40306,18.07249,Phogri,Pholidoptera griseoaptera,Dark Bush-cricket,bush-cricket,0.99,,,26/09/2026,25/09/2026,01:28:26,ClassifEspSWE-0002026-05-29_1,JOHANKARLSSON,202609261752HZWP6EHC,2026_26_sep_01,Citizen Science (ultrasonic) - shared
59~40306+18~07249_20260926_012832.wav,DEV_001_20260926_012832.wav,0,59.40306,18.07249,Phogri,Pholidoptera griseoaptera,Dark Bush-cricket,bush-cricket,0.98,,,26/09/2026,25/09/2026,01:28:32,ClassifEspSWE-0002026-05-29_1,JOHANKARLSSON,202609261752HZWP6EHC,2026_26_sep_01,Citizen Science (ultrasonic) - shared
59~40306+18~07249_20260926_012837.wav,DEV_001_20260926_012837.wav,0,59.40306,18.07249,Phogri,Pholidoptera griseoaptera,Dark Bush-cricket,bush-cricket,0.99,,,26/09/2026,25/09/2026,01:28:37,ClassifEspSWE-0002026-05-29_1,JOHANKARLSSON,202609261752HZWP6EHC,2026_26_sep_01,Citizen Science (ultrasonic) - shared
59~40306+18~07249_20260926_012842.wav,DEV_001_20260926_012842.wav,0,59.40306,18.07249,Phogri,Pholidoptera griseoaptera,Dark Bush-cricket,bush-cricket,0.99,,,26/09/2026,25/09/2026,01:28:42,ClassifEspSWE-0002026-05-29_1,JOHANKARLSSON,202609261752HZWP6EHC,2026_26_sep_01,Citizen Science (ultrasonic) - shared
59~40306+18~07249_20260926_012850.wav,DEV_001_20260926_012850.wav,0,59.40306,18.07249,Phogri,Pholidoptera griseoaptera,Dark Bush-cricket,bush-cricket,0.95,,,26/09/2026,25/09/2026,01:28:50,ClassifEspSWE-0002026-05-29_1,JOHANKARLSSON,202609261752HZWP6EHC,2026_26_sep_01,Citizen Science (ultrasonic) - shared
59~40306+18~07249_20260926_012858.wav,DEV_001_20260926_012858.wav,0,59.40306,18.07249,Phogri,Pholidoptera griseoaptera,Dark Bush-cricket,bush-cricket,0.71,,,26/09/2026,25/09/2026,01:28:58,ClassifEspSWE-0002026-05-29_1,JOHANKARLSSON,202609261752HZWP6EHC,2026_26_sep_01,Citizen Science (ultrasonic) - shared
59~40306+18~07249_20260926_012904.wav,DEV_001_20260926_012904.wav,0,59.40306,18.07249,Phogri,Pholidoptera griseoaptera,Dark Bush-cricket,bush-cricket,0.99,,,26/09/2026,25/09/2026,01:29:04,ClassifEspSWE-0002026-05-29_1,JOHANKARLSSON,202609261752HZWP6EHC,2026_26_sep_01,Citizen Science (ultrasonic) - shared
59~40306+18~07249_20260926_012909.wav,DEV_001_20260926_012909.wav,0,59.40306,18.07249,Phogri,Pholidoptera griseoaptera,Dark Bush-cricket,bush-cricket,0.99,,,26/09/2026,25/09/2026,01:29:09,ClassifEspSWE-0002026-05-29_1,JOHANKARLSSON,202609261752HZWP6EHC,2026_26_sep_01,Citizen Science (ultrasonic) - shared
59~40306+18~07249_20260926_012916.wav,DEV_001_20260926_012916.wav,0,59.40306,18.07249,Phogri,Pholidoptera griseoaptera,Dark Bush-cricket,bush-cricket,0.99,,,26/09/2026,25/09/2026,01:29:16,ClassifEspSWE-0002026-05-29_1,JOHANKARLSSON,202609261752HZWP6EHC,2026_26_sep_01,Citizen Science (ultrasonic) - shared
59~40306+18~07249_20260926_012924.wav,DEV_001_20260926_012924.wav,0,59.40306,18.07249,Phogri,Pholidoptera griseoaptera,Dark Bush-cricket,bush-cricket,0.99,,,26/09/2026,25/09/2026,01:29:24,ClassifEspSWE-0002026-05-29_1,JOHANKARLSSON,202609261752HZWP6EHC,2026_26_sep_01,Citizen Science (ultrasonic) - shared
59~40306+18~07249_20260926_012931.wav,DEV_001_20260926_012931.wav,0,59.40306,18.07249,Phogri,Pholidoptera griseoaptera,Dark Bush-cricket,bush-cricket,0.99,,,26/09/2026,25/09/2026,01:29:31,ClassifEspSWE-0002026-05-29_1,JOHANKARLSSON,202609261752HZWP6EHC,2026_26_sep_01,Citizen Science (ultrasonic) - shared
59~40306+18~07249_20260926_012937.wav,DEV_001_20260926_012937.wav,0,59.40306,18.07249,Phogri,Pholidoptera griseoaptera,Dark Bush-cricket,bush-cricket,0.93,,,26/09/2026,25/09/2026,01:29:37,ClassifEspSWE-0002026-05-29_1,JOHANKARLSSON,202609261752HZWP6EHC,2026_26_sep_01,Citizen Science (ultrasonic) - shared
59~40306+18~07249_20260926_012943.wav,DEV_001_20260926_012943.wav,0,59.40306,18.07249,Phogri,Pholidoptera griseoaptera,Dark Bush-cricket,bush-cricket,0.99,,,26/09/2026,25/09/2026,01:29:43,ClassifEspSWE-0002026-05-29_1,JOHANKARLSSON,202609261752HZWP6EHC,2026_26_sep_01,Citizen Science (ultrasonic) - shared
59~40306+18~07249_20260926_012951.wav,DEV_001_20260926_012951.wav,0,59.40306,18.07249,Phogri,Pholidoptera griseoaptera,Dark Bush-cricket,bush-cricket,0.99,,,26/09/2026,25/09/2026,01:29:51,ClassifEspSWE-0002026-05-29_1,JOHANKARLSSON,202609261752HZWP6EHC,2026_26_sep_01,Citizen Science (ultrasonic) - shared
59~40306+18~07249_20260926_012957.wav,DEV_001_20260926_012957.wav,0,59.40306,18.07249,Phogri,Pholidoptera griseoaptera,Dark Bush-cricket,bush-cricket,0.97,,,26/09/2026,25/09/2026,01:29:57,ClassifEspSWE-0002026-05-29_1,JOHANKARLSSON,202609261752HZWP6EHC,2026_26_sep_01,Citizen Science (ultrasonic) - shared
59~40306+18~07249_20260926_013003.wav,DEV_001_20260926_013003.wav,0,59.40306,18.07249,Phogri,Pholidoptera griseoaptera,Dark Bush-cricket,bush-cricket,0.89,,,26/09/2026,25/09/2026,01:30:03,ClassifEspSWE-0002026-05-29_1,JOHANKARLSSON,202609261752HZWP6EHC,2026_26_sep_01,Citizen Science (ultrasonic) - shared
59~40306+18~07249_20260926_013009.wav,DEV_001_20260926_013009.wav,0,59.40306,18.07249,Phogri,Pholidoptera griseoaptera,Dark Bush-cricket,bush-cricket,0.99,,,26/09/2026,25/09/2026,01:30:09,ClassifEspSWE-0002026-05-29_1,JOHANKARLSSON,202609261752HZWP6EHC,2026_26_sep_01,Citizen Science (ultrasonic) - shared
59~40306+18~07249_20260926_013016.wav,DEV_001_20260926_013016.wav,0,59.40306,18.07249,Phogri,Pholidoptera griseoaptera,Dark Bush-cricket,bush-cricket,0.98,,,26/09/2026,25/09/2026,01:30:16,ClassifEspSWE-0002026-05-29_1,JOHANKARLSSON,202609261752HZWP6EHC,2026_26_sep_01,Citizen Science (ultrasonic) - shared
59~40306+18~07249_20260926_013022.wav,DEV_001_20260926_013022.wav,0,59.40306,18.07249,Phogri,Pholidoptera griseoaptera,Dark Bush-cricket,bush-cricket,0.99,,,26/09/2026,25/09/2026,01:30:22,ClassifEspSWE-0002026-05-29_1,JOHANKARLSSON,202609261752HZWP6EHC,2026_26_sep_01,Citizen Science (ultrasonic) - shared
59~40306+18~07249_20260926_013027.wav,DEV_001_20260926_013027.wav,0,59.40306,18.07249,Phogri,Pholidoptera griseoaptera,Dark Bush-cricket,bush-cricket,0.99,,,26/09/2026,25/09/2026,01:30:27,ClassifEspSWE-0002026-05-29_1,JOHANKARLSSON,202609261752HZWP6EHC,2026_26_sep_01,Citizen Science (ultrasonic) - shared
59~40306+18~07249_20260926_013033.wav,DEV_001_20260926_013033.wav,0,59.40306,18.07249,Phogri,Pholidoptera griseoaptera,Dark Bush-cricket,bush-cricket,0.98,,,26/09/2026,25/09/2026,01:30:33,ClassifEspSWE-0002026-05-29_1,JOHANKARLSSON,202609261752HZWP6EHC,2026_26_sep_01,Citizen Science (ultrasonic) - shared
59~40306+18~07249_20260926_013040.wav,DEV_001_20260926_013040.wav,0,59.40306,18.07249,Phogri,Pholidoptera griseoaptera,Dark Bush-cricket,bush-cricket,0.99,,,26/09/2026,25/09/2026,01:30:40,ClassifEspSWE-0002026-05-29_1,JOHANKARLSSON,202609261752HZWP6EHC,2026_26_sep_01,Citizen Science (ultrasonic) - shared
59~40306+18~07249_20260926_013045.wav,DEV_001_20260926_013045.wav,0,59.40306,18.07249,Phogri,Pholidoptera griseoaptera,Dark Bush-cricket,bush-cricket,0.99,,,26/09/2026,25/09/2026,01:30:45,ClassifEspSWE-0002026-05-29_1,JOHANKARLSSON,202609261752HZWP6EHC,2026_26_sep_01,Citizen Science (ultrasonic) - shared
59~40306+18~07249_20260926_013051.wav,DEV_001_20260926_013051.wav,0,59.40306,18.07249,Phogri,Pholidoptera griseoaptera,Dark Bush-cricket,bush-cricket,0.87,,,26/09/2026,25/09/2026,01:30:51,ClassifEspSWE-0002026-05-29_1,JOHANKARLSSON,202609261752HZWP6EHC,2026_26_sep_01,Citizen Science (ultrasonic) - shared
59~40306+18~07249_20260926_013059.wav,DEV_001_20260926_013059.wav,0,59.40306,18.07249,Phogri,Pholidoptera griseoaptera,Dark Bush-cricket,bush-cricket,0.99,,,26/09/2026,25/09/2026,01:30:59,ClassifEspSWE-0002026-05-29_1,JOHANKARLSSON,202609261752HZWP6EHC,2026_26_sep_01,Citizen Science (ultrasonic) - shared
59~40306+18~07249_20260926_013105.wav,DEV_001_20260926_013105.wav,0,59.40306,18.07249,Phogri,Pholidoptera griseoaptera,Dark Bush-cricket,bush-cricket,0.97,,,26/09/2026,25/09/2026,01:31:05,ClassifEspSWE-0002026-05-29_1,JOHANKARLSSON,202609261752HZWP6EHC,2026_26_sep_01,Citizen Science (ultrasonic) - shared
59~40306+18~07249_20260926_013111.wav,DEV_001_20260926_013111.wav,0,59.40306,18.07249,Phogri,Pholidoptera griseoaptera,Dark Bush-cricket,bush-cricket,0.93,,,26/09/2026,25/09/2026,01:31:11,ClassifEspSWE-0002026-05-29_1,JOHANKARLSSON,202609261752HZWP6EHC,2026_26_sep_01,Citizen Science (ultrasonic) - shared
59~40306+18~07249_20260926_013117.wav,DEV_001_20260926_013117.wav,0,59.40306,18.07249,Phogri,Pholidoptera griseoaptera,Dark Bush-cricket,bush-cricket,0.94,,,26/09/2026,25/09/2026,01:31:17,ClassifEspSWE-0002026-05-29_1,JOHANKARLSSON,202609261752HZWP6EHC,2026_26_sep_01,Citizen Science (ultrasonic) - shared
59~40306+18~07249_20260926_013125.wav,DEV_001_20260926_013125.wav,0,59.40306,18.07249,Phogri,Pholidoptera griseoaptera,Dark Bush-cricket,bush-cricket,0.95,,,26/09/2026,25/09/2026,01:31:25,ClassifEspSWE-0002026-05-29_1,JOHANKARLSSON,202609261752HZWP6EHC,2026_26_sep_01,Citizen Science (ultrasonic) - shared
59~40306+18~07249_20260926_013133.wav,DEV_001_20260926_013133.wav,0,59.40306,18.07249,Phogri,Pholidoptera griseoaptera,Dark Bush-cricket,bush-cricket,0.98,,,26/09/2026,25/09/2026,01:31:33,ClassifEspSWE-0002026-05-29_1,JOHANKARLSSON,202609261752HZWP6EHC,2026_26_sep_01,Citizen Science (ultrasonic) - shared
59~40306+18~07249_20260926_013138.wav,DEV_001_20260926_013138.wav,0,59.40306,18.07249,Phogri,Pholidoptera griseoaptera,Dark Bush-cricket,bush-cricket,0.99,,,26/09/2026,25/09/2026,01:31:38,ClassifEspSWE-0002026-05-29_1,JOHANKARLSSON,202609261752HZWP6EHC,2026_26_sep_01,Citizen Science (ultrasonic) - shared
59~40306+18~07249_20260926_013144.wav,DEV_001_20260926_013144.wav,0,59.40306,18.07249,Phogri,Pholidoptera griseoaptera,Dark Bush-cricket,bush-cricket,0.96,,,26/09/2026,25/09/2026,01:31:44,ClassifEspSWE-0002026-05-29_1,JOHANKARLSSON,202609261752HZWP6EHC,2026_26_sep_01,Citizen Science (ultrasonic) - shared
59~40306+18~07249_20260926_013150.wav,DEV_001_20260926_013150.wav,0,59.40306,18.07249,Phogri,Pholidoptera griseoaptera,Dark Bush-cricket,bush-cricket,0.99,,,26/09/2026,25/09/2026,01:31:50,ClassifEspSWE-0002026-05-29_1,JOHANKARLSSON,202609261752HZWP6EHC,2026_26_sep_01,Citizen Science (ultrasonic) - shared
59~40306+18~07249_20260926_013156.wav,DEV_001_20260926_013156.wav,0,59.40306,18.07249,Phogri,Pholidoptera griseoaptera,Dark Bush-cricket,bush-cricket,0.99,,,26/09/2026,25/09/2026,01:31:56,ClassifEspSWE-0002026-05-29_1,JOHANKARLSSON,202609261752HZWP6EHC,2026_26_sep_01,Citizen Science (ultrasonic) - shared
59~40306+18~07249_20260926_013202.wav,DEV_001_20260926_013202.wav,0,59.40306,18.07249,Phogri,Pholidoptera griseoaptera,Dark Bush-cricket,bush-cricket,0.97,,,26/09/2026,25/09/2026,01:32:02,ClassifEspSWE-0002026-05-29_1,JOHANKARLSSON,202609261752HZWP6EHC,2026_26_sep_01,Citizen Science (ultrasonic) - shared
59~40306+18~07249_20260926_013209.wav,DEV_001_20260926_013209.wav,0,59.40306,18.07249,Phogri,Pholidoptera griseoaptera,Dark Bush-cricket,bush-cricket,0.99,,,26/09/2026,25/09/2026,01:32:09,ClassifEspSWE-0002026-05-29_1,JOHANKARLSSON,202609261752HZWP6EHC,2026_26_sep_01,Citizen Science (ultrasonic) - shared
59~40306+18~07249_20260926_013214.wav,DEV_001_20260926_013214.wav,0,59.40306,18.07249,Phogri,Pholidoptera griseoaptera,Dark Bush-cricket,bush-cricket,0.97,,,26/09/2026,25/09/2026,01:32:14,ClassifEspSWE-0002026-05-29_1,JOHANKARLSSON,202609261752HZWP6EHC,2026_26_sep_01,Citizen Science (ultrasonic) - shared
59~40306+18~07249_20260926_013221.wav,DEV_001_20260926_013221.wav,0,59.40306,18.07249,Phogri,Pholidoptera griseoaptera,Dark Bush-cricket,bush-cricket,0.96,,,26/09/2026,25/09/2026,01:32:21,ClassifEspSWE-0002026-05-29_1,JOHANKARLSSON,202609261752HZWP6EHC,2026_26_sep_01,Citizen Science (ultrasonic) - shared
59~40306+18~07249_20260926_013227.wav,DEV_001_20260926_013227.wav,0,59.40306,18.07249,Phogri,Pholidoptera griseoaptera,Dark Bush-cricket,bush-cricket,0.99,,,26/09/2026,25/09/2026,01:32:27,ClassifEspSWE-0002026-05-29_1,JOHANKARLSSON,202609261752HZWP6EHC,2026_26_sep_01,Citizen Science (ultrasonic) - shared
59~40306+18~07249_20260926_013232.wav,DEV_001_20260926_013232.wav,0,59.40306,18.07249,Phogri,Pholidoptera griseoaptera,Dark Bush-cricket,bush-cricket,0.99,,,26/09/2026,25/09/2026,01:32:32,ClassifEspSWE-0002026-05-29_1,JOHANKARLSSON,202609261752HZWP6EHC,2026_26_sep_01,Citizen Science (ultrasonic) - shared
59~40306+18~07249_20260926_013239.wav,DEV_001_20260926_013239.wav,0,59.40306,18.07249,Phogri,Pholidoptera griseoaptera,Dark Bush-cricket,bush-cricket,0.99,,,26/09/2026,25/09/2026,01:32:39,ClassifEspSWE-0002026-05-29_1,JOHANKARLSSON,202609261752HZWP6EHC,2026_26_sep_01,Citizen Science (ultrasonic) - shared
59~40306+18~07249_20260926_013247.wav,DEV_001_20260926_013247.wav,0,59.40306,18.07249,Phogri,Pholidoptera griseoaptera,Dark Bush-cricket,bush-cricket,0.98,,,26/09/2026,25/09/2026,01:32:47,ClassifEspSWE-0002026-05-29_1,JOHANKARLSSON,202609261752HZWP6EHC,2026_26_sep_01,Citizen Science (ultrasonic) - shared
59~40306+18~07249_20260926_013254.wav,DEV_001_20260926_013254.wav,0,59.40306,18.07249,Phogri,Pholidoptera griseoaptera,Dark Bush-cricket,bush-cricket,0.96,,,26/09/2026,25/09/2026,01:32:54,ClassifEspSWE-0002026-05-29_1,JOHANKARLSSON,202609261752HZWP6EHC,2026_26_sep_01,Citizen Science (ultrasonic) - shared
59~40306+18~07249_20260926_013300.wav,DEV_001_20260926_013300.wav,0,59.40306,18.07249,Phogri,Pholidoptera griseoaptera,Dark Bush-cricket,bush-cricket,0.95,,,26/09/2026,25/09/2026,01:33:00,ClassifEspSWE-0002026-05-29_1,JOHANKARLSSON,202609261752HZWP6EHC,2026_26_sep_01,Citizen Science (ultrasonic) - shared
59~40306+18~07249_20260926_013307.wav,DEV_001_20260926_013307.wav,0,59.40306,18.07249,Phogri,Pholidoptera griseoaptera,Dark Bush-cricket,bush-cricket,0.98,,,26/09/2026,25/09/2026,01:33:07,ClassifEspSWE-0002026-05-29_1,JOHANKARLSSON,202609261752HZWP6EHC,2026_26_sep_01,Citizen Science (ultrasonic) - shared
59~40306+18~07249_20260926_013313.wav,DEV_001_20260926_013313.wav,0,59.40306,18.07249,Phogri,Pholidoptera griseoaptera,Dark Bush-cricket,bush-cricket,0.98,,,26/09/2026,25/09/2026,01:33:13,ClassifEspSWE-0002026-05-29_1,JOHANKARLSSON,202609261752HZWP6EHC,2026_26_sep_01,Citizen Science (ultrasonic) - shared
59~40306+18~07249_20260926_013319.wav,DEV_001_20260926_013319.wav,0,59.40306,18.07249,Phogri,Pholidoptera griseoaptera,Dark Bush-cricket,bush-cricket,0.97,,,26/09/2026,25/09/2026,01:33:19,ClassifEspSWE-0002026-05-29_1,JOHANKARLSSON,202609261752HZWP6EHC,2026_26_sep_01,Citizen Science (ultrasonic) - shared
59~40306+18~07249_20260926_013326.wav,DEV_001_20260926_013326.wav,0,59.40306,18.07249,Phogri,Pholidoptera griseoaptera,Dark Bush-cricket,bush-cricket,0.95,,,26/09/2026,25/09/2026,01:33:26,ClassifEspSWE-0002026-05-29_1,JOHANKARLSSON,202609261752HZWP6EHC,2026_26_sep_01,Citizen Science (ultrasonic) - shared
59~40306+18~07249_20260926_013333.wav,DEV_001_20260926_013333.wav,0,59.40306,18.07249,Phogri,Pholidoptera griseoaptera,Dark Bush-cricket,bush-cricket,0.9,,,26/09/2026,25/09/2026,01:33:33,ClassifEspSWE-0002026-05-29_1,JOHANKARLSSON,202609261752HZWP6EHC,2026_26_sep_01,Citizen Science (ultrasonic) - shared
59~40306+18~07249_20260926_013338.wav,DEV_001_20260926_013338.wav,0,59.40306,18.07249,Phogri,Pholidoptera griseoaptera,Dark Bush-cricket,bush-cricket,0.98,,,26/09/2026,25/09/2026,01:33:38,ClassifEspSWE-0002026-05-29_1,JOHANKARLSSON,202609261752HZWP6EHC,2026_26_sep_01,Citizen Science (ultrasonic) - shared
59~40306+18~07249_20260926_013345.wav,DEV_001_20260926_013345.wav,0,59.40306,18.07249,Phogri,Pholidoptera griseoaptera,Dark Bush-cricket,bush-cricket,0.99,,,26/09/2026,25/09/2026,01:33:45,ClassifEspSWE-0002026-05-29_1,JOHANKARLSSON,202609261752HZWP6EHC,2026_26_sep_01,Citizen Science (ultrasonic) - shared
59~40306+18~07249_20260926_013350.wav,DEV_001_20260926_013350.wav,0,59.40306,18.07249,Phogri,Pholidoptera griseoaptera,Dark Bush-cricket,bush-cricket,0.96,,,26/09/2026,25/09/2026,01:33:50,ClassifEspSWE-0002026-05-29_1,JOHANKARLSSON,202609261752HZWP6EHC,2026_26_sep_01,Citizen Science (ultrasonic) - shared
59~40306+18~07249_20260926_013356.wav,DEV_001_20260926_013356.wav,0,59.40306,18.07249,Phogri,Pholidoptera griseoaptera,Dark Bush-cricket,bush-cricket,0.97,,,26/09/2026,25/09/2026,01:33:56,ClassifEspSWE-0002026-05-29_1,JOHANKARLSSON,202609261752HZWP6EHC,2026_26_sep_01,Citizen Science (ultrasonic) - shared
59~40306+18~07249_20260926_013403.wav,DEV_001_20260926_013403.wav,0,59.40306,18.07249,Phogri,Pholidoptera griseoaptera,Dark Bush-cricket,bush-cricket,0.99,,,26/09/2026,25/09/2026,01:34:03,ClassifEspSWE-0002026-05-29_1,JOHANKARLSSON,202609261752HZWP6EHC,2026_26_sep_01,Citizen Science (ultrasonic) - shared
59~40306+18~07249_20260926_013409.wav,DEV_001_20260926_013409.wav,0,59.40306,18.07249,Phogri,Pholidoptera griseoaptera,Dark Bush-cricket,bush-cricket,0.99,,,26/09/2026,25/09/2026,01:34:09,ClassifEspSWE-0002026-05-29_1,JOHANKARLSSON,202609261752HZWP6EHC,2026_26_sep_01,Citizen Science (ultrasonic) - shared
59~40306+18~07249_20260926_013416.wav,DEV_001_20260926_013416.wav,0,59.40306,18.07249,Phogri,Pholidoptera griseoaptera,Dark Bush-cricket,bush-cricket,0.99,,,26/09/2026,25/09/2026,01:34:16,ClassifEspSWE-0002026-05-29_1,JOHANKARLSSON,202609261752HZWP6EHC,2026_26_sep_01,Citizen Science (ultrasonic) - shared
59~40306+18~07249_20260926_013422.wav,DEV_001_20260926_013422.wav,0,59.40306,18.07249,Phogri,Pholidoptera griseoaptera,Dark Bush-cricket,bush-cricket,0.99,,,26/09/2026,25/09/2026,01:34:22,ClassifEspSWE-0002026-05-29_1,JOHANKARLSSON,202609261752HZWP6EHC,2026_26_sep_01,Citizen Science (ultrasonic) - shared
59~40306+18~07249_20260926_013428.wav,DEV_001_20260926_013428.wav,0,59.40306,18.07249,Phogri,Pholidoptera griseoaptera,Dark Bush-cricket,bush-cricket,0.99,,,26/09/2026,25/09/2026,01:34:28,ClassifEspSWE-0002026-05-29_1,JOHANKARLSSON,202609261752HZWP6EHC,2026_26_sep_01,Citizen Science (ultrasonic) - shared
59~40306+18~07249_20260926_013434.wav,DEV_001_20260926_013434.wav,0,59.40306,18.07249,Phogri,Pholidoptera griseoaptera,Dark Bush-cricket,bush-cricket,0.99,,,26/09/2026,25/09/2026,01:34:34,ClassifEspSWE-0002026-05-29_1,JOHANKARLSSON,202609261752HZWP6EHC,2026_26_sep_01,Citizen Science (ultrasonic) - shared
59~40306+18~07249_20260926_013442.wav,DEV_001_20260926_013442.wav,0,59.40306,18.07249,Phogri,Pholidoptera griseoaptera,Dark Bush-cricket,bush-cricket,0.99,,,26/09/2026,25/09/2026,01:34:42,ClassifEspSWE-0002026-05-29_1,JOHANKARLSSON,202609261752HZWP6EHC,2026_26_sep_01,Citizen Science (ultrasonic) - shared
59~40306+18~07249_20260926_013449.wav,DEV_001_20260926_013449.wav,0,59.40306,18.07249,Phogri,Pholidoptera griseoaptera,Dark Bush-cricket,bush-cricket,0.99,,,26/09/2026,25/09/2026,01:34:49,ClassifEspSWE-0002026-05-29_1,JOHANKARLSSON,202609261752HZWP6EHC,2026_26_sep_01,Citizen Science (ultrasonic) - shared
59~40306+18~07249_20260926_013454.wav,DEV_001_20260926_013454.wav,0,59.40306,18.07249,Phogri,Pholidoptera griseoaptera,Dark Bush-cricket,bush-cricket,0.98,,,26/09/2026,25/09/2026,01:34:54,ClassifEspSWE-0002026-05-29_1,JOHANKARLSSON,202609261752HZWP6EHC,2026_26_sep_01,Citizen Science (ultrasonic) - shared
59~40306+18~07249_20260926_013502.wav,DEV_001_20260926_013502.wav,0,59.40306,18.07249,Phogri,Pholidoptera griseoaptera,Dark Bush-cricket,bush-cricket,0.99,,,26/09/2026,25/09/2026,01:35:02,ClassifEspSWE-0002026-05-29_1,JOHANKARLSSON,202609261752HZWP6EHC,2026_26_sep_01,Citizen Science (ultrasonic) - shared
59~40306+18~07249_20260926_013510.wav,DEV_001_20260926_013510.wav,0,59.40306,18.07249,Phogri,Pholidoptera griseoaptera,Dark Bush-cricket,bush-cricket,0.97,,,26/09/2026,25/09/2026,01:35:10,ClassifEspSWE-0002026-05-29_1,JOHANKARLSSON,202609261752HZWP6EHC,2026_26_sep_01,Citizen Science (ultrasonic) - shared
59~40306+18~07249_20260926_013516.wav,DEV_001_20260926_013516.wav,0,59.40306,18.07249,Phogri,Pholidoptera griseoaptera,Dark Bush-cricket,bush-cricket,0.99,,,26/09/2026,25/09/2026,01:35:16,ClassifEspSWE-0002026-05-29_1,JOHANKARLSSON,202609261752HZWP6EHC,2026_26_sep_01,Citizen Science (ultrasonic) - shared
59~40306+18~07249_20260926_013521.wav,DEV_001_20260926_013521.wav,0,59.40306,18.07249,Phogri,Pholidoptera griseoaptera,Dark Bush-cricket,bush-cricket,0.94,,,26/09/2026,25/09/2026,01:35:21,ClassifEspSWE-0002026-05-29_1,JOHANKARLSSON,202609261752HZWP6EHC,2026_26_sep_01,Citizen Science (ultrasonic) - shared
59~40306+18~07249_20260926_013529.wav,DEV_001_20260926_013529.wav,0,59.40306,18.07249,Phogri,Pholidoptera griseoaptera,Dark Bush-cricket,bush-cricket,0.95,,,26/09/2026,25/09/2026,01:35:29,ClassifEspSWE-0002026-05-29_1,JOHANKARLSSON,202609261752HZWP6EHC,2026_26_sep_01,Citizen Science (ultrasonic) - shared
59~40306+18~07249_20260926_013536.wav,DEV_001_20260926_013536.wav,0,59.40306,18.07249,Phogri,Pholidoptera griseoaptera,Dark Bush-cricket,bush-cricket,0.99,,,26/09/2026,25/09/2026,01:35:36,ClassifEspSWE-0002026-05-29_1,JOHANKARLSSON,202609261752HZWP6EHC,2026_26_sep_01,Citizen Science (ultrasonic) - shared
59~40306+18~07249_20260926_013543.wav,DEV_001_20260926_013543.wav,0,59.40306,18.07249,Phogri,Pholidoptera griseoaptera,Dark Bush-cricket,bush-cricket,0.97,,,26/09/2026,25/09/2026,01:35:43,ClassifEspSWE-0002026-05-29_1,JOHANKARLSSON,202609261752HZWP6EHC,2026_26_sep_01,Citizen Science (ultrasonic) - shared
59~40306+18~07249_20260926_013548.wav,DEV_001_20260926_013548.wav,0,59.40306,18.07249,Phogri,Pholidoptera griseoaptera,Dark Bush-cricket,bush-cricket,0.99,,,26/09/2026,25/09/2026,01:35:48,ClassifEspSWE-0002026-05-29_1,JOHANKARLSSON,202609261752HZWP6EHC,2026_26_sep_01,Citizen Science (ultrasonic) - shared
59~40306+18~07249_20260926_013555.wav,DEV_001_20260926_013555.wav,0,59.40306,18.07249,Phogri,Pholidoptera griseoaptera,Dark Bush-cricket,bush-cricket,0.99,,,26/09/2026,25/09/2026,01:35:55,ClassifEspSWE-0002026-05-29_1,JOHANKARLSSON,202609261752HZWP6EHC,2026_26_sep_01,Citizen Science (ultrasonic) - shared
59~40306+18~07249_20260926_013601.wav,DEV_001_20260926_013601.wav,0,59.40306,18.07249,Phogri,Pholidoptera griseoaptera,Dark Bush-cricket,bush-cricket,0.98,,,26/09/2026,25/09/2026,01:36:01,ClassifEspSWE-0002026-05-29_1,JOHANKARLSSON,202609261752HZWP6EHC,2026_26_sep_01,Citizen Science (ultrasonic) - shared
59~40306+18~07249_20260926_013607.wav,DEV_001_20260926_013607.wav,0,59.40306,18.07249,Phogri,Pholidoptera griseoaptera,Dark Bush-cricket,bush-cricket,0.98,,,26/09/2026,25/09/2026,01:36:07,ClassifEspSWE-0002026-05-29_1,JOHANKARLSSON,202609261752HZWP6EHC,2026_26_sep_01,Citizen Science (ultrasonic) - shared
59~40306+18~07249_20260926_013614.wav,DEV_001_20260926_013614.wav,0,59.40306,18.07249,Phogri,Pholidoptera griseoaptera,Dark Bush-cricket,bush-cricket,0.96,,,26/09/2026,25/09/2026,01:36:14,ClassifEspSWE-0002026-05-29_1,JOHANKARLSSON,202609261752HZWP6EHC,2026_26_sep_01,Citizen Science (ultrasonic) - shared
59~40306+18~07249_20260926_013621.wav,DEV_001_20260926_013621.wav,0,59.40306,18.07249,Phogri,Pholidoptera griseoaptera,Dark Bush-cricket,bush-cricket,0.99,,,26/09/2026,25/09/2026,01:36:21,ClassifEspSWE-0002026-05-29_1,JOHANKARLSSON,202609261752HZWP6EHC,2026_26_sep_01,Citizen Science (ultrasonic) - shared
59~40306+18~07249_20260926_013626.wav,DEV_001_20260926_013626.wav,0,59.40306,18.07249,Phogri,Pholidoptera griseoaptera,Dark Bush-cricket,bush-cricket,0.99,,,26/09/2026,25/09/2026,01:36:26,ClassifEspSWE-0002026-05-29_1,JOHANKARLSSON,202609261752HZWP6EHC,2026_26_sep_01,Citizen Science (ultrasonic) - shared
59~40306+18~07249_20260926_013633.wav,DEV_001_20260926_013633.wav,0,59.40306,18.07249,Phogri,Pholidoptera griseoaptera,Dark Bush-cricket,bush-cricket,0.98,,,26/09/2026,25/09/2026,01:36:33,ClassifEspSWE-0002026-05-29_1,JOHANKARLSSON,202609261752HZWP6EHC,2026_26_sep_01,Citizen Science (ultrasonic) - shared
59~40306+18~07249_20260926_013640.wav,DEV_001_20260926_013640.wav,0,59.40306,18.07249,Phogri,Pholidoptera griseoaptera,Dark Bush-cricket,bush-cricket,0.96,,,26/09/2026,25/09/2026,01:36:40,ClassifEspSWE-0002026-05-29_1,JOHANKARLSSON,202609261752HZWP6EHC,2026_26_sep_01,Citizen Science (ultrasonic) - shared
59~40306+18~07249_20260926_013645.wav,DEV_001_20260926_013645.wav,0,59.40306,18.07249,Phogri,Pholidoptera griseoaptera,Dark Bush-cricket,bush-cricket,0.96,,,26/09/2026,25/09/2026,01:36:45,ClassifEspSWE-0002026-05-29_1,JOHANKARLSSON,202609261752HZWP6EHC,2026_26_sep_01,Citizen Science (ultrasonic) - shared
59~40306+18~07249_20260926_013652.wav,DEV_001_20260926_013652.wav,0,59.40306,18.07249,Phogri,Pholidoptera griseoaptera,Dark Bush-cricket,bush-cricket,0.99,,,26/09/2026,25/09/2026,01:36:52,ClassifEspSWE-0002026-05-29_1,JOHANKARLSSON,202609261752HZWP6EHC,2026_26_sep_01,Citizen Science (ultrasonic) - shared
59~40306+18~07249_20260926_013659.wav,DEV_001_20260926_013659.wav,0,59.40306,18.07249,Phogri,Pholidoptera griseoaptera,Dark Bush-cricket,bush-cricket,0.97,,,26/09/2026,25/09/2026,01:36:59,ClassifEspSWE-0002026-05-29_1,JOHANKARLSSON,202609261752HZWP6EHC,2026_26_sep_01,Citizen Science (ultrasonic) - shared
59~40306+18~07249_20260926_013705.wav,DEV_001_20260926_013705.wav,0,59.40306,18.07249,Phogri,Pholidoptera griseoaptera,Dark Bush-cricket,bush-cricket,0.99,,,26/09/2026,25/09/2026,01:37:05,ClassifEspSWE-0002026-05-29_1,JOHANKARLSSON,202609261752HZWP6EHC,2026_26_sep_01,Citizen Science (ultrasonic) - shared
59~40306+18~07249_20260926_013711.wav,DEV_001_20260926_013711.wav,0,59.40306,18.07249,Phogri,Pholidoptera griseoaptera,Dark Bush-cricket,bush-cricket,0.99,,,26/09/2026,25/09/2026,01:37:11,ClassifEspSWE-0002026-05-29_1,JOHANKARLSSON,202609261752HZWP6EHC,2026_26_sep_01,Citizen Science (ultrasonic) - shared
59~40306+18~07249_20260926_013717.wav,DEV_001_20260926_013717.wav,0,59.40306,18.07249,Phogri,Pholidoptera griseoaptera,Dark Bush-cricket,bush-cricket,0.99,,,26/09/2026,25/09/2026,01:37:17,ClassifEspSWE-0002026-05-29_1,JOHANKARLSSON,202609261752HZWP6EHC,2026_26_sep_01,Citizen Science (ultrasonic) - shared
59~40306+18~07249_20260926_013723.wav,DEV_001_20260926_013723.wav,0,59.40306,18.07249,Phogri,Pholidoptera griseoaptera,Dark Bush-cricket,bush-cricket,0.96,,,26/09/2026,25/09/2026,01:37:23,ClassifEspSWE-0002026-05-29_1,JOHANKARLSSON,202609261752HZWP6EHC,2026_26_sep_01,Citizen Science (ultrasonic) - shared
59~40306+18~07249_20260926_013729.wav,DEV_001_20260926_013729.wav,0,59.40306,18.07249,Phogri,Pholidoptera griseoaptera,Dark Bush-cricket,bush-cricket,0.99,,,26/09/2026,25/09/2026,01:37:29,ClassifEspSWE-0002026-05-29_1,JOHANKARLSSON,202609261752HZWP6EHC,2026_26_sep_01,Citizen Science (ultrasonic) - shared
59~40306+18~07249_20260926_013734.wav,DEV_001_20260926_013734.wav,0,59.40306,18.07249,Phogri,Pholidoptera griseoaptera,Dark Bush-cricket,bush-cricket,0.96,,,26/09/2026,25/09/2026,01:37:34,ClassifEspSWE-0002026-05-29_1,JOHANKARLSSON,202609261752HZWP6EHC,2026_26_sep_01,Citizen Science (ultrasonic) - shared
59~40306+18~07249_20260926_013741.wav,DEV_001_20260926_013741.wav,0,59.40306,18.07249,Phogri,Pholidoptera griseoaptera,Dark Bush-cricket,bush-cricket,0.98,,,26/09/2026,25/09/2026,01:37:41,ClassifEspSWE-0002026-05-29_1,JOHANKARLSSON,202609261752HZWP6EHC,2026_26_sep_01,Citizen Science (ultrasonic) - shared
59~40306+18~07249_20260926_013748.wav,DEV_001_20260926_013748.wav,0,59.40306,18.07249,Phogri,Pholidoptera griseoaptera,Dark Bush-cricket,bush-cricket,0.98,,,26/09/2026,25/09/2026,01:37:48,ClassifEspSWE-0002026-05-29_1,JOHANKARLSSON,202609261752HZWP6EHC,2026_26_sep_01,Citizen Science (ultrasonic) - shared
59~40306+18~07249_20260926_013755.wav,DEV_001_20260926_013755.wav,0,59.40306,18.07249,Phogri,Pholidoptera griseoaptera,Dark Bush-cricket,bush-cricket,0.99,,,26/09/2026,25/09/2026,01:37:55,ClassifEspSWE-0002026-05-29_1,JOHANKARLSSON,202609261752HZWP6EHC,2026_26_sep_01,Citizen Science (ultrasonic) - shared
59~40306+18~07249_20260926_013801.wav,DEV_001_20260926_013801.wav,0,59.40306,18.07249,Phogri,Pholidoptera griseoaptera,Dark Bush-cricket,bush-cricket,0.99,,,26/09/2026,25/09/2026,01:38:01,ClassifEspSWE-0002026-05-29_1,JOHANKARLSSON,202609261752HZWP6EHC,2026_26_sep_01,Citizen Science (ultrasonic) - shared
59~40306+18~07249_20260926_013809.wav,DEV_001_20260926_013809.wav,0,59.40306,18.07249,Phogri,Pholidoptera griseoaptera,Dark Bush-cricket,bush-cricket,0.99,,,26/09/2026,25/09/2026,01:38:09,ClassifEspSWE-0002026-05-29_1,JOHANKARLSSON,202609261752HZWP6EHC,2026_26_sep_01,Citizen Science (ultrasonic) - shared
59~40306+18~07249_20260926_013815.wav,DEV_001_20260926_013815.wav,0,59.40306,18.07249,Phogri,Pholidoptera griseoaptera,Dark Bush-cricket,bush-cricket,0.99,,,26/09/2026,25/09/2026,01:38:15,ClassifEspSWE-0002026-05-29_1,JOHANKARLSSON,202609261752HZWP6EHC,2026_26_sep_01,Citizen Science (ultrasonic) - shared
59~40306+18~07249_20260926_013822.wav,DEV_001_20260926_013822.wav,0,59.40306,18.07249,Phogri,Pholidoptera griseoaptera,Dark Bush-cricket,bush-cricket,0.99,,,26/09/2026,25/09/2026,01:38:22,ClassifEspSWE-0002026-05-29_1,JOHANKARLSSON,202609261752HZWP6EHC,2026_26_sep_01,Citizen Science (ultrasonic) - shared
59~40306+18~07249_20260926_013827.wav,DEV_001_20260926_013827.wav,0,59.40306,18.07249,Phogri,Pholidoptera griseoaptera,Dark Bush-cricket,bush-cricket,0.99,,,26/09/2026,25/09/2026,01:38:27,ClassifEspSWE-0002026-05-29_1,JOHANKARLSSON,202609261752HZWP6EHC,2026_26_sep_01,Citizen Science (ultrasonic) - shared
59~40306+18~07249_20260926_013833.wav,DEV_001_20260926_013833.wav,0,59.40306,18.07249,Phogri,Pholidoptera griseoaptera,Dark Bush-cricket,bush-cricket,0.99,,,26/09/2026,25/09/2026,01:38:33,ClassifEspSWE-0002026-05-29_1,JOHANKARLSSON,202609261752HZWP6EHC,2026_26_sep_01,Citizen Science (ultrasonic) - shared
59~40306+18~07249_20260926_013840.wav,DEV_001_20260926_013840.wav,0,59.40306,18.07249,Phogri,Pholidoptera griseoaptera,Dark Bush-cricket,bush-cricket,0.99,,,26/09/2026,25/09/2026,01:38:40,ClassifEspSWE-0002026-05-29_1,JOHANKARLSSON,202609261752HZWP6EHC,2026_26_sep_01,Citizen Science (ultrasonic) - shared
59~40306+18~07249_20260926_013845.wav,DEV_001_20260926_013845.wav,0,59.40306,18.07249,Phogri,Pholidoptera griseoaptera,Dark Bush-cricket,bush-cricket,0.97,,,26/09/2026,25/09/2026,01:38:45,ClassifEspSWE-0002026-05-29_1,JOHANKARLSSON,202609261752HZWP6EHC,2026_26_sep_01,Citizen Science (ultrasonic) - shared
59~40306+18~07249_20260926_013852.wav,DEV_001_20260926_013852.wav,0,59.40306,18.07249,Phogri,Pholidoptera griseoaptera,Dark Bush-cricket,bush-cricket,0.98,,,26/09/2026,25/09/2026,01:38:52,ClassifEspSWE-0002026-05-29_1,JOHANKARLSSON,202609261752HZWP6EHC,2026_26_sep_01,Citizen Science (ultrasonic) - shared
59~40306+18~07249_20260926_013858.wav,DEV_001_20260926_013858.wav,0,59.40306,18.07249,Phogri,Pholidoptera griseoaptera,Dark Bush-cricket,bush-cricket,0.99,,,26/09/2026,25/09/2026,01:38:58,ClassifEspSWE-0002026-05-29_1,JOHANKARLSSON,202609261752HZWP6EHC,2026_26_sep_01,Citizen Science (ultrasonic) - shared
59~40306+18~07249_20260926_013905.wav,DEV_001_20260926_013905.wav,0,59.40306,18.07249,Phogri,Pholidoptera griseoaptera,Dark Bush-cricket,bush-cricket,0.98,,,26/09/2026,25/09/2026,01:39:05,ClassifEspSWE-0002026-05-29_1,JOHANKARLSSON,202609261752HZWP6EHC,2026_26_sep_01,Citizen Science (ultrasonic) - shared
59~40306+18~07249_20260926_013912.wav,DEV_001_20260926_013912.wav,0,59.40306,18.07249,Phogri,Pholidoptera griseoaptera,Dark Bush-cricket,bush-cricket,0.99,,,26/09/2026,25/09/2026,01:39:12,ClassifEspSWE-0002026-05-29_1,JOHANKARLSSON,202609261752HZWP6EHC,2026_26_sep_01,Citizen Science (ultrasonic) - shared
59~40306+18~07249_20260926_013918.wav,DEV_001_20260926_013918.wav,0,59.40306,18.07249,Phogri,Pholidoptera griseoaptera,Dark Bush-cricket,bush-cricket,0.99,,,26/09/2026,25/09/2026,01:39:18,ClassifEspSWE-0002026-05-29_1,JOHANKARLSSON,202609261752HZWP6EHC,2026_26_sep_01,Citizen Science (ultrasonic) - shared
59~40306+18~07249_20260926_013924.wav,DEV_001_20260926_013924.wav,0,59.40306,18.07249,Phogri,Pholidoptera griseoaptera,Dark Bush-cricket,bush-cricket,0.99,,,26/09/2026,25/09/2026,01:39:24,ClassifEspSWE-0002026-05-29_1,JOHANKARLSSON,202609261752HZWP6EHC,2026_26_sep_01,Citizen Science (ultrasonic) - shared
59~40306+18~07249_20260926_013930.wav,DEV_001_20260926_013930.wav,0,59.40306,18.07249,Phogri,Pholidoptera griseoaptera,Dark Bush-cricket,bush-cricket,0.99,,,26/09/2026,25/09/2026,01:39:30,ClassifEspSWE-0002026-05-29_1,JOHANKARLSSON,202609261752HZWP6EHC,2026_26_sep_01,Citizen Science (ultrasonic) - shared
59~40306+18~07249_20260926_013937.wav,DEV_001_20260926_013937.wav,0,59.40306,18.07249,Phogri,Pholidoptera griseoaptera,Dark Bush-cricket,bush-cricket,0.99,,,26/09/2026,25/09/2026,01:39:37,ClassifEspSWE-0002026-05-29_1,JOHANKARLSSON,202609261752HZWP6EHC,2026_26_sep_01,Citizen Science (ultrasonic) - shared
59~40306+18~07249_20260926_013944.wav,DEV_001_20260926_013944.wav,0,59.40306,18.07249,Phogri,Pholidoptera griseoaptera,Dark Bush-cricket,bush-cricket,0.99,,,26/09/2026,25/09/2026,01:39:44,ClassifEspSWE-0002026-05-29_1,JOHANKARLSSON,202609261752HZWP6EHC,2026_26_sep_01,Citizen Science (ultrasonic) - shared
59~40306+18~07249_20260926_013951.wav,DEV_001_20260926_013951.wav,0,59.40306,18.07249,Phogri,Pholidoptera griseoaptera,Dark Bush-cricket,bush-cricket,0.97,,,26/09/2026,25/09/2026,01:39:51,ClassifEspSWE-0002026-05-29_1,JOHANKARLSSON,202609261752HZWP6EHC,2026_26_sep_01,Citizen Science (ultrasonic) - shared
59~40306+18~07249_20260926_013957.wav,DEV_001_20260926_013957.wav,0,59.40306,18.07249,Phogri,Pholidoptera griseoaptera,Dark Bush-cricket,bush-cricket,0.98,,,26/09/2026,25/09/2026,01:39:57,ClassifEspSWE-0002026-05-29_1,JOHANKARLSSON,202609261752HZWP6EHC,2026_26_sep_01,Citizen Science (ultrasonic) - shared
59~40306+18~07249_20260926_014004.wav,DEV_001_20260926_014004.wav,0,59.40306,18.07249,Phogri,Pholidoptera griseoaptera,Dark Bush-cricket,bush-cricket,0.98,,,26/09/2026,25/09/2026,01:40:04,ClassifEspSWE-0002026-05-29_1,JOHANKARLSSON,202609261752HZWP6EHC,2026_26_sep_01,Citizen Science (ultrasonic) - shared
59~40306+18~07249_20260926_014011.wav,DEV_001_20260926_014011.wav,0,59.40306,18.07249,Phogri,Pholidoptera griseoaptera,Dark Bush-cricket,bush-cricket,0.99,,,26/09/2026,25/09/2026,01:40:11,ClassifEspSWE-0002026-05-29_1,JOHANKARLSSON,202609261752HZWP6EHC,2026_26_sep_01,Citizen Science (ultrasonic) - shared
59~40306+18~07249_20260926_014017.wav,DEV_001_20260926_014017.wav,0,59.40306,18.07249,Phogri,Pholidoptera griseoaptera,Dark Bush-cricket,bush-cricket,0.99,,,26/09/2026,25/09/2026,01:40:17,ClassifEspSWE-0002026-05-29_1,JOHANKARLSSON,202609261752HZWP6EHC,2026_26_sep_01,Citizen Science (ultrasonic) - shared
59~40306+18~07249_20260926_014023.wav,DEV_001_20260926_014023.wav,0,59.40306,18.07249,Phogri,Pholidoptera griseoaptera,Dark Bush-cricket,bush-cricket,0.99,,,26/09/2026,25/09/2026,01:40:23,ClassifEspSWE-0002026-05-29_1,JOHANKARLSSON,202609261752HZWP6EHC,2026_26_sep_01,Citizen Science (ultrasonic) - shared
59~40306+18~07249_20260926_014029.wav,DEV_001_20260926_014029.wav,0,59.40306,18.07249,Phogri,Pholidoptera griseoaptera,Dark Bush-cricket,bush-cricket,0.99,,,26/09/2026,25/09/2026,01:40:29,ClassifEspSWE-0002026-05-29_1,JOHANKARLSSON,202609261752HZWP6EHC,2026_26_sep_01,Citizen Science (ultrasonic) - shared
59~40306+18~07249_20260926_014036.wav,DEV_001_20260926_014036.wav,0,59.40306,18.07249,Phogri,Pholidoptera griseoaptera,Dark Bush-cricket,bush-cricket,0.99,,,26/09/2026,25/09/2026,01:40:36,ClassifEspSWE-0002026-05-29_1,JOHANKARLSSON,202609261752HZWP6EHC,2026_26_sep_01,Citizen Science (ultrasonic) - shared
59~40306+18~07249_20260926_014043.wav,DEV_001_20260926_014043.wav,0,59.40306,18.07249,Phogri,Pholidoptera griseoaptera,Dark Bush-cricket,bush-cricket,0.99,,,26/09/2026,25/09/2026,01:40:43,ClassifEspSWE-0002026-05-29_1,JOHANKARLSSON,202609261752HZWP6EHC,2026_26_sep_01,Citizen Science (ultrasonic) - shared
59~40306+18~07249_20260926_014049.wav,DEV_001_20260926_014049.wav,0,59.40306,18.07249,Phogri,Pholidoptera griseoaptera,Dark Bush-cricket,bush-cricket,0.99,,,26/09/2026,25/09/2026,01:40:49,ClassifEspSWE-0002026-05-29_1,JOHANKARLSSON,202609261752HZWP6EHC,2026_26_sep_01,Citizen Science (ultrasonic) - shared
59~40306+18~07249_20260926_014056.wav,DEV_001_20260926_014056.wav,0,59.40306,18.07249,Phogri,Pholidoptera griseoaptera,Dark Bush-cricket,bush-cricket,0.99,,,26/09/2026,25/09/2026,01:40:56,ClassifEspSWE-0002026-05-29_1,JOHANKARLSSON,202609261752HZWP6EHC,2026_26_sep_01,Citizen Science (ultrasonic) - shared
59~40306+18~07249_20260926_014103.wav,DEV_001_20260926_014103.wav,0,59.40306,18.07249,Phogri,Pholidoptera griseoaptera,Dark Bush-cricket,bush-cricket,0.99,,,26/09/2026,25/09/2026,01:41:03,ClassifEspSWE-0002026-05-29_1,JOHANKARLSSON,202609261752HZWP6EHC,2026_26_sep_01,Citizen Science (ultrasonic) - shared
59~40306+18~07249_20260926_014109.wav,DEV_001_20260926_014109.wav,0,59.40306,18.07249,Phogri,Pholidoptera griseoaptera,Dark Bush-cricket,bush-cricket,0.99,,,26/09/2026,25/09/2026,01:41:09,ClassifEspSWE-0002026-05-29_1,JOHANKARLSSON,202609261752HZWP6EHC,2026_26_sep_01,Citizen Science (ultrasonic) - shared
59~40306+18~07249_20260926_014114.wav,DEV_001_20260926_014114.wav,0,59.40306,18.07249,Phogri,Pholidoptera griseoaptera,Dark Bush-cricket,bush-cricket,0.99,,,26/09/2026,25/09/2026,01:41:14,ClassifEspSWE-0002026-05-29_1,JOHANKARLSSON,202609261752HZWP6EHC,2026_26_sep_01,Citizen Science (ultrasonic) - shared
59~40306+18~07249_20260926_014121.wav,DEV_001_20260926_014121.wav,0,59.40306,18.07249,Phogri,Pholidoptera griseoaptera,Dark Bush-cricket,bush-cricket,0.94,,,26/09/2026,25/09/2026,01:41:21,ClassifEspSWE-0002026-05-29_1,JOHANKARLSSON,202609261752HZWP6EHC,2026_26_sep_01,Citizen Science (ultrasonic) - shared
59~40306+18~07249_20260926_014127.wav,DEV_001_20260926_014127.wav,0,59.40306,18.07249,Phogri,Pholidoptera griseoaptera,Dark Bush-cricket,bush-cricket,0.99,,,26/09/2026,25/09/2026,01:41:27,ClassifEspSWE-0002026-05-29_1,JOHANKARLSSON,202609261752HZWP6EHC,2026_26_sep_01,Citizen Science (ultrasonic) - shared
59~40306+18~07249_20260926_014132.wav,DEV_001_20260926_014132.wav,0,59.40306,18.07249,Phogri,Pholidoptera griseoaptera,Dark Bush-cricket,bush-cricket,0.99,,,26/09/2026,25/09/2026,01:41:32,ClassifEspSWE-0002026-05-29_1,JOHANKARLSSON,202609261752HZWP6EHC,2026_26_sep_01,Citizen Science (ultrasonic) - shared
59~40306+18~07249_20260926_014137.wav,DEV_001_20260926_014137.wav,0,59.40306,18.07249,Phogri,Pholidoptera griseoaptera,Dark Bush-cricket,bush-cricket,0.99,,,26/09/2026,25/09/2026,01:41:37,ClassifEspSWE-0002026-05-29_1,JOHANKARLSSON,202609261752HZWP6EHC,2026_26_sep_01,Citizen Science (ultrasonic) - shared
59~40306+18~07249_20260926_014145.wav,DEV_001_20260926_014145.wav,0,59.40306,18.07249,Phogri,Pholidoptera griseoaptera,Dark Bush-cricket,bush-cricket,0.99,,,26/09/2026,25/09/2026,01:41:45,ClassifEspSWE-0002026-05-29_1,JOHANKARLSSON,202609261752HZWP6EHC,2026_26_sep_01,Citizen Science (ultrasonic) - shared
59~40306+18~07249_20260926_014151.wav,DEV_001_20260926_014151.wav,0,59.40306,18.07249,Phogri,Pholidoptera griseoaptera,Dark Bush-cricket,bush-cricket,0.99,,,26/09/2026,25/09/2026,01:41:51,ClassifEspSWE-0002026-05-29_1,JOHANKARLSSON,202609261752HZWP6EHC,2026_26_sep_01,Citizen Science (ultrasonic) - shared
59~40306+18~07249_20260926_014157.wav,DEV_001_20260926_014157.wav,0,59.40306,18.07249,Phogri,Pholidoptera griseoaptera,Dark Bush-cricket,bush-cricket,0.98,,,26/09/2026,25/09/2026,01:41:57,ClassifEspSWE-0002026-05-29_1,JOHANKARLSSON,202609261752HZWP6EHC,2026_26_sep_01,Citizen Science (ultrasonic) - shared
59~40306+18~07249_20260926_014204.wav,DEV_001_20260926_014204.wav,0,59.40306,18.07249,Phogri,Pholidoptera griseoaptera,Dark Bush-cricket,bush-cricket,0.99,,,26/09/2026,25/09/2026,01:42:04,ClassifEspSWE-0002026-05-29_1,JOHANKARLSSON,202609261752HZWP6EHC,2026_26_sep_01,Citizen Science (ultrasonic) - shared
59~40306+18~07249_20260926_014211.wav,DEV_001_20260926_014211.wav,0,59.40306,18.07249,Phogri,Pholidoptera griseoaptera,Dark Bush-cricket,bush-cricket,0.95,,,26/09/2026,25/09/2026,01:42:11,ClassifEspSWE-0002026-05-29_1,JOHANKARLSSON,202609261752HZWP6EHC,2026_26_sep_01,Citizen Science (ultrasonic) - shared
59~40306+18~07249_20260926_014217.wav,DEV_001_20260926_014217.wav,0,59.40306,18.07249,Phogri,Pholidoptera griseoaptera,Dark Bush-cricket,bush-cricket,0.99,,,26/09/2026,25/09/2026,01:42:17,ClassifEspSWE-0002026-05-29_1,JOHANKARLSSON,202609261752HZWP6EHC,2026_26_sep_01,Citizen Science (ultrasonic) - shared
59~40306+18~07249_20260926_014223.wav,DEV_001_20260926_014223.wav,0,59.40306,18.07249,Phogri,Pholidoptera griseoaptera,Dark Bush-cricket,bush-cricket,0.97,,,26/09/2026,25/09/2026,01:42:23,ClassifEspSWE-0002026-05-29_1,JOHANKARLSSON,202609261752HZWP6EHC,2026_26_sep_01,Citizen Science (ultrasonic) - shared
59~40306+18~07249_20260926_014230.wav,DEV_001_20260926_014230.wav,0,59.40306,18.07249,Phogri,Pholidoptera griseoaptera,Dark Bush-cricket,bush-cricket,0.99,,,26/09/2026,25/09/2026,01:42:30,ClassifEspSWE-0002026-05-29_1,JOHANKARLSSON,202609261752HZWP6EHC,2026_26_sep_01,Citizen Science (ultrasonic) - shared
59~40306+18~07249_20260926_014237.wav,DEV_001_20260926_014237.wav,0,59.40306,18.07249,Phogri,Pholidoptera griseoaptera,Dark Bush-cricket,bush-cricket,0.96,,,26/09/2026,25/09/2026,01:42:37,ClassifEspSWE-0002026-05-29_1,JOHANKARLSSON,202609261752HZWP6EHC,2026_26_sep_01,Citizen Science (ultrasonic) - shared
59~40306+18~07249_20260926_014244.wav,DEV_001_20260926_014244.wav,0,59.40306,18.07249,Phogri,Pholidoptera griseoaptera,Dark Bush-cricket,bush-cricket,0.95,,,26/09/2026,25/09/2026,01:42:44,ClassifEspSWE-0002026-05-29_1,JOHANKARLSSON,202609261752HZWP6EHC,2026_26_sep_01,Citizen Science (ultrasonic) - shared
59~40306+18~07249_20260926_014251.wav,DEV_001_20260926_014251.wav,0,59.40306,18.07249,Phogri,Pholidoptera griseoaptera,Dark Bush-cricket,bush-cricket,0.99,,,26/09/2026,25/09/2026,01:42:51,ClassifEspSWE-0002026-05-29_1,JOHANKARLSSON,202609261752HZWP6EHC,2026_26_sep_01,Citizen Science (ultrasonic) - shared
59~40306+18~07249_20260926_014257.wav,DEV_001_20260926_014257.wav,0,59.40306,18.07249,Phogri,Pholidoptera griseoaptera,Dark Bush-cricket,bush-cricket,0.99,,,26/09/2026,25/09/2026,01:42:57,ClassifEspSWE-0002026-05-29_1,JOHANKARLSSON,202609261752HZWP6EHC,2026_26_sep_01,Citizen Science (ultrasonic) - shared
59~40306+18~07249_20260926_014304.wav,DEV_001_20260926_014304.wav,0,59.40306,18.07249,Phogri,Pholidoptera griseoaptera,Dark Bush-cricket,bush-cricket,0.96,,,26/09/2026,25/09/2026,01:43:04,ClassifEspSWE-0002026-05-29_1,JOHANKARLSSON,202609261752HZWP6EHC,2026_26_sep_01,Citizen Science (ultrasonic) - shared
59~40306+18~07249_20260926_014310.wav,DEV_001_20260926_014310.wav,0,59.40306,18.07249,Phogri,Pholidoptera griseoaptera,Dark Bush-cricket,bush-cricket,0.97,,,26/09/2026,25/09/2026,01:43:10,ClassifEspSWE-0002026-05-29_1,JOHANKARLSSON,202609261752HZWP6EHC,2026_26_sep_01,Citizen Science (ultrasonic) - shared
59~40306+18~07249_20260926_014317.wav,DEV_001_20260926_014317.wav,0,59.40306,18.07249,Phogri,Pholidoptera griseoaptera,Dark Bush-cricket,bush-cricket,0.98,,,26/09/2026,25/09/2026,01:43:17,ClassifEspSWE-0002026-05-29_1,JOHANKARLSSON,202609261752HZWP6EHC,2026_26_sep_01,Citizen Science (ultrasonic) - shared
59~40306+18~07249_20260926_014325.wav,DEV_001_20260926_014325.wav,0,59.40306,18.07249,Phogri,Pholidoptera griseoaptera,Dark Bush-cricket,bush-cricket,0.98,,,26/09/2026,25/09/2026,01:43:25,ClassifEspSWE-0002026-05-29_1,JOHANKARLSSON,202609261752HZWP6EHC,2026_26_sep_01,Citizen Science (ultrasonic) - shared
59~40306+18~07249_20260926_014332.wav,DEV_001_20260926_014332.wav,0,59.40306,18.07249,Phogri,Pholidoptera griseoaptera,Dark Bush-cricket,bush-cricket,0.99,,,26/09/2026,25/09/2026,01:43:32,ClassifEspSWE-0002026-05-29_1,JOHANKARLSSON,202609261752HZWP6EHC,2026_26_sep_01,Citizen Science (ultrasonic) - shared
59~40306+18~07249_20260926_014338.wav,DEV_001_20260926_014338.wav,0,59.40306,18.07249,Phogri,Pholidoptera griseoaptera,Dark Bush-cricket,bush-cricket,0.97,,,26/09/2026,25/09/2026,01:43:38,ClassifEspSWE-0002026-05-29_1,JOHANKARLSSON,202609261752HZWP6EHC,2026_26_sep_01,Citizen Science (ultrasonic) - shared
59~40306+18~07249_20260926_014344.wav,DEV_001_20260926_014344.wav,0,59.40306,18.07249,Phogri,Pholidoptera griseoaptera,Dark Bush-cricket,bush-cricket,0.98,,,26/09/2026,25/09/2026,01:43:44,ClassifEspSWE-0002026-05-29_1,JOHANKARLSSON,202609261752HZWP6EHC,2026_26_sep_01,Citizen Science (ultrasonic) - shared
59~40306+18~07249_20260926_014352.wav,DEV_001_20260926_014352.wav,0,59.40306,18.07249,Phogri,Pholidoptera griseoaptera,Dark Bush-cricket,bush-cricket,0.98,,,26/09/2026,25/09/2026,01:43:52,ClassifEspSWE-0002026-05-29_1,JOHANKARLSSON,202609261752HZWP6EHC,2026_26_sep_01,Citizen Science (ultrasonic) - shared
59~40306+18~07249_20260926_014358.wav,DEV_001_20260926_014358.wav,0,59.40306,18.07249,Phogri,Pholidoptera griseoaptera,Dark Bush-cricket,bush-cricket,0.99,,,26/09/2026,25/09/2026,01:43:58,ClassifEspSWE-0002026-05-29_1,JOHANKARLSSON,202609261752HZWP6EHC,2026_26_sep_01,Citizen Science (ultrasonic) - shared
59~40306+18~07249_20260926_014405.wav,DEV_001_20260926_014405.wav,0,59.40306,18.07249,Phogri,Pholidoptera griseoaptera,Dark Bush-cricket,bush-cricket,0.99,,,26/09/2026,25/09/2026,01:44:05,ClassifEspSWE-0002026-05-29_1,JOHANKARLSSON,202609261752HZWP6EHC,2026_26_sep_01,Citizen Science (ultrasonic) - shared
59~40306+18~07249_20260926_014411.wav,DEV_001_20260926_014411.wav,0,59.40306,18.07249,Phogri,Pholidoptera griseoaptera,Dark Bush-cricket,bush-cricket,0.99,,,26/09/2026,25/09/2026,01:44:11,ClassifEspSWE-0002026-05-29_1,JOHANKARLSSON,202609261752HZWP6EHC,2026_26_sep_01,Citizen Science (ultrasonic) - shared
59~40306+18~07249_20260926_014419.wav,DEV_001_20260926_014419.wav,0,59.40306,18.07249,Phogri,Pholidoptera griseoaptera,Dark Bush-cricket,bush-cricket,0.99,,,26/09/2026,25/09/2026,01:44:19,ClassifEspSWE-0002026-05-29_1,JOHANKARLSSON,202609261752HZWP6EHC,2026_26_sep_01,Citizen Science (ultrasonic) - shared
59~40306+18~07249_20260926_014424.wav,DEV_001_20260926_014424.wav,0,59.40306,18.07249,Phogri,Pholidoptera griseoaptera,Dark Bush-cricket,bush-cricket,0.99,,,26/09/2026,25/09/2026,01:44:24,ClassifEspSWE-0002026-05-29_1,JOHANKARLSSON,202609261752HZWP6EHC,2026_26_sep_01,Citizen Science (ultrasonic) - shared
59~40306+18~07249_20260926_014431.wav,DEV_001_20260926_014431.wav,0,59.40306,18.07249,Phogri,Pholidoptera griseoaptera,Dark Bush-cricket,bush-cricket,0.99,,,26/09/2026,25/09/2026,01:44:31,ClassifEspSWE-0002026-05-29_1,JOHANKARLSSON,202609261752HZWP6EHC,2026_26_sep_01,Citizen Science (ultrasonic) - shared
59~40306+18~07249_20260926_014438.wav,DEV_001_20260926_014438.wav,0,59.40306,18.07249,Phogri,Pholidoptera griseoaptera,Dark Bush-cricket,bush-cricket,0.99,,,26/09/2026,25/09/2026,01:44:38,ClassifEspSWE-0002026-05-29_1,JOHANKARLSSON,202609261752HZWP6EHC,2026_26_sep_01,Citizen Science (ultrasonic) - shared
59~40306+18~07249_20260926_014445.wav,DEV_001_20260926_014445.wav,0,59.40306,18.07249,Phogri,Pholidoptera griseoaptera,Dark Bush-cricket,bush-cricket,0.93,,,26/09/2026,25/09/2026,01:44:45,ClassifEspSWE-0002026-05-29_1,JOHANKARLSSON,202609261752HZWP6EHC,2026_26_sep_01,Citizen Science (ultrasonic) - shared
59~40306+18~07249_20260926_014453.wav,DEV_001_20260926_014453.wav,0,59.40306,18.07249,Phogri,Pholidoptera griseoaptera,Dark Bush-cricket,bush-cricket,0.98,,,26/09/2026,25/09/2026,01:44:53,ClassifEspSWE-0002026-05-29_1,JOHANKARLSSON,202609261752HZWP6EHC,2026_26_sep_01,Citizen Science (ultrasonic) - shared
59~40306+18~07249_20260926_014458.wav,DEV_001_20260926_014458.wav,0,59.40306,18.07249,Phogri,Pholidoptera griseoaptera,Dark Bush-cricket,bush-cricket,0.99,,,26/09/2026,25/09/2026,01:44:58,ClassifEspSWE-0002026-05-29_1,JOHANKARLSSON,202609261752HZWP6EHC,2026_26_sep_01,Citizen Science (ultrasonic) - shared
59~40306+18~07249_20260926_014504.wav,DEV_001_20260926_014504.wav,0,59.40306,18.07249,Phogri,Pholidoptera griseoaptera,Dark Bush-cricket,bush-cricket,0.99,,,26/09/2026,25/09/2026,01:45:04,ClassifEspSWE-0002026-05-29_1,JOHANKARLSSON,202609261752HZWP6EHC,2026_26_sep_01,Citizen Science (ultrasonic) - shared
59~40306+18~07249_20260926_014511.wav,DEV_001_20260926_014511.wav,0,59.40306,18.07249,Phogri,Pholidoptera griseoaptera,Dark Bush-cricket,bush-cricket,0.99,,,26/09/2026,25/09/2026,01:45:11,ClassifEspSWE-0002026-05-29_1,JOHANKARLSSON,202609261752HZWP6EHC,2026_26_sep_01,Citizen Science (ultrasonic) - shared
59~40306+18~07249_20260926_014516.wav,DEV_001_20260926_014516.wav,0,59.40306,18.07249,Phogri,Pholidoptera griseoaptera,Dark Bush-cricket,bush-cricket,0.99,,,26/09/2026,25/09/2026,01:45:16,ClassifEspSWE-0002026-05-29_1,JOHANKARLSSON,202609261752HZWP6EHC,2026_26_sep_01,Citizen Science (ultrasonic) - shared
59~40306+18~07249_20260926_014521.wav,DEV_001_20260926_014521.wav,0,59.40306,18.07249,Phogri,Pholidoptera griseoaptera,Dark Bush-cricket,bush-cricket,0.99,,,26/09/2026,25/09/2026,01:45:21,ClassifEspSWE-0002026-05-29_1,JOHANKARLSSON,202609261752HZWP6EHC,2026_26_sep_01,Citizen Science (ultrasonic) - shared
59~40306+18~07249_20260926_014526.wav,DEV_001_20260926_014526.wav,0,59.40306,18.07249,Phogri,Pholidoptera griseoaptera,Dark Bush-cricket,bush-cricket,0.99,,,26/09/2026,25/09/2026,01:45:26,ClassifEspSWE-0002026-05-29_1,JOHANKARLSSON,202609261752HZWP6EHC,2026_26_sep_01,Citizen Science (ultrasonic) - shared
59~40306+18~07249_20260926_014534.wav,DEV_001_20260926_014534.wav,0,59.40306,18.07249,Phogri,Pholidoptera griseoaptera,Dark Bush-cricket,bush-cricket,0.88,,,26/09/2026,25/09/2026,01:45:34,ClassifEspSWE-0002026-05-29_1,JOHANKARLSSON,202609261752HZWP6EHC,2026_26_sep_01,Citizen Science (ultrasonic) - shared
59~40306+18~07249_20260926_014542.wav,DEV_001_20260926_014542.wav,0,59.40306,18.07249,Phogri,Pholidoptera griseoaptera,Dark Bush-cricket,bush-cricket,0.99,,,26/09/2026,25/09/2026,01:45:42,ClassifEspSWE-0002026-05-29_1,JOHANKARLSSON,202609261752HZWP6EHC,2026_26_sep_01,Citizen Science (ultrasonic) - shared
59~40306+18~07249_20260926_014549.wav,DEV_001_20260926_014549.wav,0,59.40306,18.07249,Phogri,Pholidoptera griseoaptera,Dark Bush-cricket,bush-cricket,0.86,,,26/09/2026,25/09/2026,01:45:49,ClassifEspSWE-0002026-05-29_1,JOHANKARLSSON,202609261752HZWP6EHC,2026_26_sep_01,Citizen Science (ultrasonic) - shared
59~40306+18~07249_20260926_014555.wav,DEV_001_20260926_014555.wav,0,59.40306,18.07249,Phogri,Pholidoptera griseoaptera,Dark Bush-cricket,bush-cricket,0.94,,,26/09/2026,25/09/2026,01:45:55,ClassifEspSWE-0002026-05-29_1,JOHANKARLSSON,202609261752HZWP6EHC,2026_26_sep_01,Citizen Science (ultrasonic) - shared
59~40306+18~07249_20260926_014602.wav,DEV_001_20260926_014602.wav,0,59.40306,18.07249,Phogri,Pholidoptera griseoaptera,Dark Bush-cricket,bush-cricket,0.97,,,26/09/2026,25/09/2026,01:46:02,ClassifEspSWE-0002026-05-29_1,JOHANKARLSSON,202609261752HZWP6EHC,2026_26_sep_01,Citizen Science (ultrasonic) - shared
59~40306+18~07249_20260926_014609.wav,DEV_001_20260926_014609.wav,0,59.40306,18.07249,Phogri,Pholidoptera griseoaptera,Dark Bush-cricket,bush-cricket,0.86,,,26/09/2026,25/09/2026,01:46:09,ClassifEspSWE-0002026-05-29_1,JOHANKARLSSON,202609261752HZWP6EHC,2026_26_sep_01,Citizen Science (ultrasonic) - shared
59~40306+18~07249_20260926_014616.wav,DEV_001_20260926_014616.wav,0,59.40306,18.07249,Phogri,Pholidoptera griseoaptera,Dark Bush-cricket,bush-cricket,0.99,,,26/09/2026,25/09/2026,01:46:16,ClassifEspSWE-0002026-05-29_1,JOHANKARLSSON,202609261752HZWP6EHC,2026_26_sep_01,Citizen Science (ultrasonic) - shared
59~40306+18~07249_20260926_014623.wav,DEV_001_20260926_014623.wav,0,59.40306,18.07249,Phogri,Pholidoptera griseoaptera,Dark Bush-cricket,bush-cricket,0.98,,,26/09/2026,25/09/2026,01:46:23,ClassifEspSWE-0002026-05-29_1,JOHANKARLSSON,202609261752HZWP6EHC,2026_26_sep_01,Citizen Science (ultrasonic) - shared
59~40306+18~07249_20260926_014629.wav,DEV_001_20260926_014629.wav,0,59.40306,18.07249,Phogri,Pholidoptera griseoaptera,Dark Bush-cricket,bush-cricket,0.99,,,26/09/2026,25/09/2026,01:46:29,ClassifEspSWE-0002026-05-29_1,JOHANKARLSSON,202609261752HZWP6EHC,2026_26_sep_01,Citizen Science (ultrasonic) - shared
59~40306+18~07249_20260926_014635.wav,DEV_001_20260926_014635.wav,0,59.40306,18.07249,Phogri,Pholidoptera griseoaptera,Dark Bush-cricket,bush-cricket,0.99,,,26/09/2026,25/09/2026,01:46:35,ClassifEspSWE-0002026-05-29_1,JOHANKARLSSON,202609261752HZWP6EHC,2026_26_sep_01,Citizen Science (ultrasonic) - shared
59~40306+18~07249_20260926_014642.wav,DEV_001_20260926_014642.wav,0,59.40306,18.07249,Phogri,Pholidoptera griseoaptera,Dark Bush-cricket,bush-cricket,0.99,,,26/09/2026,25/09/2026,01:46:42,ClassifEspSWE-0002026-05-29_1,JOHANKARLSSON,202609261752HZWP6EHC,2026_26_sep_01,Citizen Science (ultrasonic) - shared
59~40306+18~07249_20260926_014647.wav,DEV_001_20260926_014647.wav,0,59.40306,18.07249,Phogri,Pholidoptera griseoaptera,Dark Bush-cricket,bush-cricket,0.99,,,26/09/2026,25/09/2026,01:46:47,ClassifEspSWE-0002026-05-29_1,JOHANKARLSSON,202609261752HZWP6EHC,2026_26_sep_01,Citizen Science (ultrasonic) - shared
59~40306+18~07249_20260926_014655.wav,DEV_001_20260926_014655.wav,0,59.40306,18.07249,Phogri,Pholidoptera griseoaptera,Dark Bush-cricket,bush-cricket,0.98,,,26/09/2026,25/09/2026,01:46:55,ClassifEspSWE-0002026-05-29_1,JOHANKARLSSON,202609261752HZWP6EHC,2026_26_sep_01,Citizen Science (ultrasonic) - shared
59~40306+18~07249_20260926_014701.wav,DEV_001_20260926_014701.wav,0,59.40306,18.07249,Phogri,Pholidoptera griseoaptera,Dark Bush-cricket,bush-cricket,0.97,,,26/09/2026,25/09/2026,01:47:01,ClassifEspSWE-0002026-05-29_1,JOHANKARLSSON,202609261752HZWP6EHC,2026_26_sep_01,Citizen Science (ultrasonic) - shared
59~40306+18~07249_20260926_014707.wav,DEV_001_20260926_014707.wav,0,59.40306,18.07249,Phogri,Pholidoptera griseoaptera,Dark Bush-cricket,bush-cricket,0.95,,,26/09/2026,25/09/2026,01:47:07,ClassifEspSWE-0002026-05-29_1,JOHANKARLSSON,202609261752HZWP6EHC,2026_26_sep_01,Citizen Science (ultrasonic) - shared
59~40306+18~07249_20260926_014715.wav,DEV_001_20260926_014715.wav,0,59.40306,18.07249,Phogri,Pholidoptera griseoaptera,Dark Bush-cricket,bush-cricket,0.97,,,26/09/2026,25/09/2026,01:47:15,ClassifEspSWE-0002026-05-29_1,JOHANKARLSSON,202609261752HZWP6EHC,2026_26_sep_01,Citizen Science (ultrasonic) - shared
59~40306+18~07249_20260926_014721.wav,DEV_001_20260926_014721.wav,0,59.40306,18.07249,Phogri,Pholidoptera griseoaptera,Dark Bush-cricket,bush-cricket,0.98,,,26/09/2026,25/09/2026,01:47:21,ClassifEspSWE-0002026-05-29_1,JOHANKARLSSON,202609261752HZWP6EHC,2026_26_sep_01,Citizen Science (ultrasonic) - shared
59~40306+18~07249_20260926_014728.wav,DEV_001_20260926_014728.wav,0,59.40306,18.07249,Phogri,Pholidoptera griseoaptera,Dark Bush-cricket,bush-cricket,0.99,,,26/09/2026,25/09/2026,01:47:28,ClassifEspSWE-0002026-05-29_1,JOHANKARLSSON,202609261752HZWP6EHC,2026_26_sep_01,Citizen Science (ultrasonic) - shared
59~40306+18~07249_20260926_014735.wav,DEV_001_20260926_014735.wav,0,59.40306,18.07249,Phogri,Pholidoptera griseoaptera,Dark Bush-cricket,bush-cricket,0.99,,,26/09/2026,25/09/2026,01:47:35,ClassifEspSWE-0002026-05-29_1,JOHANKARLSSON,202609261752HZWP6EHC,2026_26_sep_01,Citizen Science (ultrasonic) - shared
59~40306+18~07249_20260926_014740.wav,DEV_001_20260926_014740.wav,0,59.40306,18.07249,Phogri,Pholidoptera griseoaptera,Dark Bush-cricket,bush-cricket,0.97,,,26/09/2026,25/09/2026,01:47:40,ClassifEspSWE-0002026-05-29_1,JOHANKARLSSON,202609261752HZWP6EHC,2026_26_sep_01,Citizen Science (ultrasonic) - shared
59~40306+18~07249_20260926_014747.wav,DEV_001_20260926_014747.wav,0,59.40306,18.07249,Phogri,Pholidoptera griseoaptera,Dark Bush-cricket,bush-cricket,0.92,,,26/09/2026,25/09/2026,01:47:47,ClassifEspSWE-0002026-05-29_1,JOHANKARLSSON,202609261752HZWP6EHC,2026_26_sep_01,Citizen Science (ultrasonic) - shared
59~40306+18~07249_20260926_014753.wav,DEV_001_20260926_014753.wav,0,59.40306,18.07249,Phogri,Pholidoptera griseoaptera,Dark Bush-cricket,bush-cricket,0.96,,,26/09/2026,25/09/2026,01:47:53,ClassifEspSWE-0002026-05-29_1,JOHANKARLSSON,202609261752HZWP6EHC,2026_26_sep_01,Citizen Science (ultrasonic) - shared
59~40306+18~07249_20260926_014800.wav,DEV_001_20260926_014800.wav,0,59.40306,18.07249,Phogri,Pholidoptera griseoaptera,Dark Bush-cricket,bush-cricket,0.98,,,26/09/2026,25/09/2026,01:48:00,ClassifEspSWE-0002026-05-29_1,JOHANKARLSSON,202609261752HZWP6EHC,2026_26_sep_01,Citizen Science (ultrasonic) - shared
59~40306+18~07249_20260926_014808.wav,DEV_001_20260926_014808.wav,0,59.40306,18.07249,Phogri,Pholidoptera griseoaptera,Dark Bush-cricket,bush-cricket,0.99,,,26/09/2026,25/09/2026,01:48:08,ClassifEspSWE-0002026-05-29_1,JOHANKARLSSON,202609261752HZWP6EHC,2026_26_sep_01,Citizen Science (ultrasonic) - shared
59~40306+18~07249_20260926_014813.wav,DEV_001_20260926_014813.wav,0,59.40306,18.07249,Phogri,Pholidoptera griseoaptera,Dark Bush-cricket,bush-cricket,0.91,,,26/09/2026,25/09/2026,01:48:13,ClassifEspSWE-0002026-05-29_1,JOHANKARLSSON,202609261752HZWP6EHC,2026_26_sep_01,Citizen Science (ultrasonic) - shared
59~40306+18~07249_20260926_014824.wav,DEV_001_20260926_014824.wav,0,59.40306,18.07249,Phogri,Pholidoptera griseoaptera,Dark Bush-cricket,bush-cricket,0.96,,,26/09/2026,25/09/2026,01:48:24,ClassifEspSWE-0002026-05-29_1,JOHANKARLSSON,202609261752HZWP6EHC,2026_26_sep_01,Citizen Science (ultrasonic) - shared
59~40306+18~07249_20260926_014829.wav,DEV_001_20260926_014829.wav,0,59.40306,18.07249,Phogri,Pholidoptera griseoaptera,Dark Bush-cricket,bush-cricket,0.99,,,26/09/2026,25/09/2026,01:48:29,ClassifEspSWE-0002026-05-29_1,JOHANKARLSSON,202609261752HZWP6EHC,2026_26_sep_01,Citizen Science (ultrasonic) - shared
59~40306+18~07249_20260926_014834.wav,DEV_001_20260926_014834.wav,0,59.40306,18.07249,Phogri,Pholidoptera griseoaptera,Dark Bush-cricket,bush-cricket,0.99,,,26/09/2026,25/09/2026,01:48:34,ClassifEspSWE-0002026-05-29_1,JOHANKARLSSON,202609261752HZWP6EHC,2026_26_sep_01,Citizen Science (ultrasonic) - shared
59~40306+18~07249_20260926_014840.wav,DEV_001_20260926_014840.wav,0,59.40306,18.07249,Phogri,Pholidoptera griseoaptera,Dark Bush-cricket,bush-cricket,0.98,,,26/09/2026,25/09/2026,01:48:40,ClassifEspSWE-0002026-05-29_1,JOHANKARLSSON,202609261752HZWP6EHC,2026_26_sep_01,Citizen Science (ultrasonic) - shared
59~40306+18~07249_20260926_014846.wav,DEV_001_20260926_014846.wav,0,59.40306,18.07249,Phogri,Pholidoptera griseoaptera,Dark Bush-cricket,bush-cricket,0.99,,,26/09/2026,25/09/2026,01:48:46,ClassifEspSWE-0002026-05-29_1,JOHANKARLSSON,202609261752HZWP6EHC,2026_26_sep_01,Citizen Science (ultrasonic) - shared
59~40306+18~07249_20260926_014851.wav,DEV_001_20260926_014851.wav,0,59.40306,18.07249,Phogri,Pholidoptera griseoaptera,Dark Bush-cricket,bush-cricket,0.98,,,26/09/2026,25/09/2026,01:48:51,ClassifEspSWE-0002026-05-29_1,JOHANKARLSSON,202609261752HZWP6EHC,2026_26_sep_01,Citizen Science (ultrasonic) - shared
59~40306+18~07249_20260926_014859.wav,DEV_001_20260926_014859.wav,0,59.40306,18.07249,Phogri,Pholidoptera griseoaptera,Dark Bush-cricket,bush-cricket,0.99,,,26/09/2026,25/09/2026,01:48:59,ClassifEspSWE-0002026-05-29_1,JOHANKARLSSON,202609261752HZWP6EHC,2026_26_sep_01,Citizen Science (ultrasonic) - shared
59~40306+18~07249_20260926_014905.wav,DEV_001_20260926_014905.wav,0,59.40306,18.07249,Phogri,Pholidoptera griseoaptera,Dark Bush-cricket,bush-cricket,0.99,,,26/09/2026,25/09/2026,01:49:05,ClassifEspSWE-0002026-05-29_1,JOHANKARLSSON,202609261752HZWP6EHC,2026_26_sep_01,Citizen Science (ultrasonic) - shared
59~40306+18~07249_20260926_014911.wav,DEV_001_20260926_014911.wav,0,59.40306,18.07249,Phogri,Pholidoptera griseoaptera,Dark Bush-cricket,bush-cricket,0.99,,,26/09/2026,25/09/2026,01:49:11,ClassifEspSWE-0002026-05-29_1,JOHANKARLSSON,202609261752HZWP6EHC,2026_26_sep_01,Citizen Science (ultrasonic) - shared
59~40306+18~07249_20260926_014916.wav,DEV_001_20260926_014916.wav,0,59.40306,18.07249,Phogri,Pholidoptera griseoaptera,Dark Bush-cricket,bush-cricket,0.99,,,26/09/2026,25/09/2026,01:49:16,ClassifEspSWE-0002026-05-29_1,JOHANKARLSSON,202609261752HZWP6EHC,2026_26_sep_01,Citizen Science (ultrasonic) - shared
59~40306+18~07249_20260926_014924.wav,DEV_001_20260926_014924.wav,0,59.40306,18.07249,Phogri,Pholidoptera griseoaptera,Dark Bush-cricket,bush-cricket,0.98,,,26/09/2026,25/09/2026,01:49:24,ClassifEspSWE-0002026-05-29_1,JOHANKARLSSON,202609261752HZWP6EHC,2026_26_sep_01,Citizen Science (ultrasonic) - shared
59~40306+18~07249_20260926_014930.wav,DEV_001_20260926_014930.wav,0,59.40306,18.07249,Phogri,Pholidoptera griseoaptera,Dark Bush-cricket,bush-cricket,0.99,,,26/09/2026,25/09/2026,01:49:30,ClassifEspSWE-0002026-05-29_1,JOHANKARLSSON,202609261752HZWP6EHC,2026_26_sep_01,Citizen Science (ultrasonic) - shared
59~40306+18~07249_20260926_014935.wav,DEV_001_20260926_014935.wav,0,59.40306,18.07249,Phogri,Pholidoptera griseoaptera,Dark Bush-cricket,bush-cricket,0.99,,,26/09/2026,25/09/2026,01:49:35,ClassifEspSWE-0002026-05-29_1,JOHANKARLSSON,202609261752HZWP6EHC,2026_26_sep_01,Citizen Science (ultrasonic) - shared
59~40306+18~07249_20260926_014943.wav,DEV_001_20260926_014943.wav,0,59.40306,18.07249,Phogri,Pholidoptera griseoaptera,Dark Bush-cricket,bush-cricket,0.99,,,26/09/2026,25/09/2026,01:49:43,ClassifEspSWE-0002026-05-29_1,JOHANKARLSSON,202609261752HZWP6EHC,2026_26_sep_01,Citizen Science (ultrasonic) - shared
59~40306+18~07249_20260926_014949.wav,DEV_001_20260926_014949.wav,0,59.40306,18.07249,Phogri,Pholidoptera griseoaptera,Dark Bush-cricket,bush-cricket,0.99,,,26/09/2026,25/09/2026,01:49:49,ClassifEspSWE-0002026-05-29_1,JOHANKARLSSON,202609261752HZWP6EHC,2026_26_sep_01,Citizen Science (ultrasonic) - shared
59~40306+18~07249_20260926_014955.wav,DEV_001_20260926_014955.wav,0,59.40306,18.07249,Phogri,Pholidoptera griseoaptera,Dark Bush-cricket,bush-cricket,0.99,,,26/09/2026,25/09/2026,01:49:55,ClassifEspSWE-0002026-05-29_1,JOHANKARLSSON,202609261752HZWP6EHC,2026_26_sep_01,Citizen Science (ultrasonic) - shared
59~40306+18~07249_20260926_015001.wav,DEV_001_20260926_015001.wav,0,59.40306,18.07249,Phogri,Pholidoptera griseoaptera,Dark Bush-cricket,bush-cricket,0.81,,,26/09/2026,25/09/2026,01:50:01,ClassifEspSWE-0002026-05-29_1,JOHANKARLSSON,202609261752HZWP6EHC,2026_26_sep_01,Citizen Science (ultrasonic) - shared
59~40306+18~07249_20260926_015009.wav,DEV_001_20260926_015009.wav,0,59.40306,18.07249,Phogri,Pholidoptera griseoaptera,Dark Bush-cricket,bush-cricket,0.98,,,26/09/2026,25/09/2026,01:50:09,ClassifEspSWE-0002026-05-29_1,JOHANKARLSSON,202609261752HZWP6EHC,2026_26_sep_01,Citizen Science (ultrasonic) - shared
59~40306+18~07249_20260926_015016.wav,DEV_001_20260926_015016.wav,0,59.40306,18.07249,Phogri,Pholidoptera griseoaptera,Dark Bush-cricket,bush-cricket,0.99,,,26/09/2026,25/09/2026,01:50:16,ClassifEspSWE-0002026-05-29_1,JOHANKARLSSON,202609261752HZWP6EHC,2026_26_sep_01,Citizen Science (ultrasonic) - shared
59~40306+18~07249_20260926_015022.wav,DEV_001_20260926_015022.wav,0,59.40306,18.07249,Phogri,Pholidoptera griseoaptera,Dark Bush-cricket,bush-cricket,0.99,,,26/09/2026,25/09/2026,01:50:22,ClassifEspSWE-0002026-05-29_1,JOHANKARLSSON,202609261752HZWP6EHC,2026_26_sep_01,Citizen Science (ultrasonic) - shared
59~40306+18~07249_20260926_015027.wav,DEV_001_20260926_015027.wav,0,59.40306,18.07249,Phogri,Pholidoptera griseoaptera,Dark Bush-cricket,bush-cricket,0.99,,,26/09/2026,25/09/2026,01:50:27,ClassifEspSWE-0002026-05-29_1,JOHANKARLSSON,202609261752HZWP6EHC,2026_26_sep_01,Citizen Science (ultrasonic) - shared
59~40306+18~07249_20260926_015034.wav,DEV_001_20260926_015034.wav,0,59.40306,18.07249,Phogri,Pholidoptera griseoaptera,Dark Bush-cricket,bush-cricket,0.97,,,26/09/2026,25/09/2026,01:50:34,ClassifEspSWE-0002026-05-29_1,JOHANKARLSSON,202609261752HZWP6EHC,2026_26_sep_01,Citizen Science (ultrasonic) - shared
59~40306+18~07249_20260926_015039.wav,DEV_001_20260926_015039.wav,0,59.40306,18.07249,Phogri,Pholidoptera griseoaptera,Dark Bush-cricket,bush-cricket,0.98,,,26/09/2026,25/09/2026,01:50:39,ClassifEspSWE-0002026-05-29_1,JOHANKARLSSON,202609261752HZWP6EHC,2026_26_sep_01,Citizen Science (ultrasonic) - shared
59~40306+18~07249_20260926_015045.wav,DEV_001_20260926_015045.wav,0,59.40306,18.07249,Phogri,Pholidoptera griseoaptera,Dark Bush-cricket,bush-cricket,0.99,,,26/09/2026,25/09/2026,01:50:45,ClassifEspSWE-0002026-05-29_1,JOHANKARLSSON,202609261752HZWP6EHC,2026_26_sep_01,Citizen Science (ultrasonic) - shared
59~40306+18~07249_20260926_015051.wav,DEV_001_20260926_015051.wav,0,59.40306,18.07249,Phogri,Pholidoptera griseoaptera,Dark Bush-cricket,bush-cricket,0.99,,,26/09/2026,25/09/2026,01:50:51,ClassifEspSWE-0002026-05-29_1,JOHANKARLSSON,202609261752HZWP6EHC,2026_26_sep_01,Citizen Science (ultrasonic) - shared
59~40306+18~07249_20260926_015057.wav,DEV_001_20260926_015057.wav,0,59.40306,18.07249,Phogri,Pholidoptera griseoaptera,Dark Bush-cricket,bush-cricket,0.99,,,26/09/2026,25/09/2026,01:50:57,ClassifEspSWE-0002026-05-29_1,JOHANKARLSSON,202609261752HZWP6EHC,2026_26_sep_01,Citizen Science (ultrasonic) - shared
59~40306+18~07249_20260926_015105.wav,DEV_001_20260926_015105.wav,0,59.40306,18.07249,Phogri,Pholidoptera griseoaptera,Dark Bush-cricket,bush-cricket,0.97,,,26/09/2026,25/09/2026,01:51:05,ClassifEspSWE-0002026-05-29_1,JOHANKARLSSON,202609261752HZWP6EHC,2026_26_sep_01,Citizen Science (ultrasonic) - shared
59~40306+18~07249_20260926_015111.wav,DEV_001_20260926_015111.wav,0,59.40306,18.07249,Phogri,Pholidoptera griseoaptera,Dark Bush-cricket,bush-cricket,0.82,,,26/09/2026,25/09/2026,01:51:11,ClassifEspSWE-0002026-05-29_1,JOHANKARLSSON,202609261752HZWP6EHC,2026_26_sep_01,Citizen Science (ultrasonic) - shared
59~40306+18~07249_20260926_015124.wav,DEV_001_20260926_015124.wav,0,59.40306,18.07249,Phogri,Pholidoptera griseoaptera,Dark Bush-cricket,bush-cricket,0.92,,,26/09/2026,25/09/2026,01:51:24,ClassifEspSWE-0002026-05-29_1,JOHANKARLSSON,202609261752HZWP6EHC,2026_26_sep_01,Citizen Science (ultrasonic) - shared
59~40306+18~07249_20260926_015131.wav,DEV_001_20260926_015131.wav,0,59.40306,18.07249,Phogri,Pholidoptera griseoaptera,Dark Bush-cricket,bush-cricket,0.99,,,26/09/2026,25/09/2026,01:51:31,ClassifEspSWE-0002026-05-29_1,JOHANKARLSSON,202609261752HZWP6EHC,2026_26_sep_01,Citizen Science (ultrasonic) - shared
59~40306+18~07249_20260926_015136.wav,DEV_001_20260926_015136.wav,0,59.40306,18.07249,Phogri,Pholidoptera griseoaptera,Dark Bush-cricket,bush-cricket,0.98,,,26/09/2026,25/09/2026,01:51:36,ClassifEspSWE-0002026-05-29_1,JOHANKARLSSON,202609261752HZWP6EHC,2026_26_sep_01,Citizen Science (ultrasonic) - shared
59~40306+18~07249_20260926_015142.wav,DEV_001_20260926_015142.wav,0,59.40306,18.07249,Phogri,Pholidoptera griseoaptera,Dark Bush-cricket,bush-cricket,0.98,,,26/09/2026,25/09/2026,01:51:42,ClassifEspSWE-0002026-05-29_1,JOHANKARLSSON,202609261752HZWP6EHC,2026_26_sep_01,Citizen Science (ultrasonic) - shared
59~40306+18~07249_20260926_015147.wav,DEV_001_20260926_015147.wav,0,59.40306,18.07249,Phogri,Pholidoptera griseoaptera,Dark Bush-cricket,bush-cricket,0.99,,,26/09/2026,25/09/2026,01:51:47,ClassifEspSWE-0002026-05-29_1,JOHANKARLSSON,202609261752HZWP6EHC,2026_26_sep_01,Citizen Science (ultrasonic) - shared
59~40306+18~07249_20260926_015154.wav,DEV_001_20260926_015154.wav,0,59.40306,18.07249,Phogri,Pholidoptera griseoaptera,Dark Bush-cricket,bush-cricket,0.99,,,26/09/2026,25/09/2026,01:51:54,ClassifEspSWE-0002026-05-29_1,JOHANKARLSSON,202609261752HZWP6EHC,2026_26_sep_01,Citizen Science (ultrasonic) - shared
59~40306+18~07249_20260926_015202.wav,DEV_001_20260926_015202.wav,0,59.40306,18.07249,Phogri,Pholidoptera griseoaptera,Dark Bush-cricket,bush-cricket,0.95,,,26/09/2026,25/09/2026,01:52:02,ClassifEspSWE-0002026-05-29_1,JOHANKARLSSON,202609261752HZWP6EHC,2026_26_sep_01,Citizen Science (ultrasonic) - shared
59~40306+18~07249_20260926_015209.wav,DEV_001_20260926_015209.wav,0,59.40306,18.07249,Phogri,Pholidoptera griseoaptera,Dark Bush-cricket,bush-cricket,0.99,,,26/09/2026,25/09/2026,01:52:09,ClassifEspSWE-0002026-05-29_1,JOHANKARLSSON,202609261752HZWP6EHC,2026_26_sep_01,Citizen Science (ultrasonic) - shared
59~40306+18~07249_20260926_015216.wav,DEV_001_20260926_015216.wav,0,59.40306,18.07249,Phogri,Pholidoptera griseoaptera,Dark Bush-cricket,bush-cricket,0.99,,,26/09/2026,25/09/2026,01:52:16,ClassifEspSWE-0002026-05-29_1,JOHANKARLSSON,202609261752HZWP6EHC,2026_26_sep_01,Citizen Science (ultrasonic) - shared
59~40306+18~07249_20260926_015221.wav,DEV_001_20260926_015221.wav,0,59.40306,18.07249,Phogri,Pholidoptera griseoaptera,Dark Bush-cricket,bush-cricket,0.9,,,26/09/2026,25/09/2026,01:52:21,ClassifEspSWE-0002026-05-29_1,JOHANKARLSSON,202609261752HZWP6EHC,2026_26_sep_01,Citizen Science (ultrasonic) - shared
59~40306+18~07249_20260926_015227.wav,DEV_001_20260926_015227.wav,0,59.40306,18.07249,Phogri,Pholidoptera griseoaptera,Dark Bush-cricket,bush-cricket,0.98,,,26/09/2026,25/09/2026,01:52:27,ClassifEspSWE-0002026-05-29_1,JOHANKARLSSON,202609261752HZWP6EHC,2026_26_sep_01,Citizen Science (ultrasonic) - shared
59~40306+18~07249_20260926_015233.wav,DEV_001_20260926_015233.wav,0,59.40306,18.07249,Phogri,Pholidoptera griseoaptera,Dark Bush-cricket,bush-cricket,0.88,,,26/09/2026,25/09/2026,01:52:33,ClassifEspSWE-0002026-05-29_1,JOHANKARLSSON,202609261752HZWP6EHC,2026_26_sep_01,Citizen Science (ultrasonic) - shared
59~40306+18~07249_20260926_015239.wav,DEV_001_20260926_015239.wav,0,59.40306,18.07249,Phogri,Pholidoptera griseoaptera,Dark Bush-cricket,bush-cricket,0.99,,,26/09/2026,25/09/2026,01:52:39,ClassifEspSWE-0002026-05-29_1,JOHANKARLSSON,202609261752HZWP6EHC,2026_26_sep_01,Citizen Science (ultrasonic) - shared
59~40306+18~07249_20260926_015244.wav,DEV_001_20260926_015244.wav,0,59.40306,18.07249,Phogri,Pholidoptera griseoaptera,Dark Bush-cricket,bush-cricket,0.97,,,26/09/2026,25/09/2026,01:52:44,ClassifEspSWE-0002026-05-29_1,JOHANKARLSSON,202609261752HZWP6EHC,2026_26_sep_01,Citizen Science (ultrasonic) - shared
59~40306+18~07249_20260926_015250.wav,DEV_001_20260926_015250.wav,0,59.40306,18.07249,Phogri,Pholidoptera griseoaptera,Dark Bush-cricket,bush-cricket,0.94,,,26/09/2026,25/09/2026,01:52:50,ClassifEspSWE-0002026-05-29_1,JOHANKARLSSON,202609261752HZWP6EHC,2026_26_sep_01,Citizen Science (ultrasonic) - shared
59~40306+18~07249_20260926_015257.wav,DEV_001_20260926_015257.wav,0,59.40306,18.07249,Phogri,Pholidoptera griseoaptera,Dark Bush-cricket,bush-cricket,0.97,,,26/09/2026,25/09/2026,01:52:57,ClassifEspSWE-0002026-05-29_1,JOHANKARLSSON,202609261752HZWP6EHC,2026_26_sep_01,Citizen Science (ultrasonic) - shared
59~40306+18~07249_20260926_015302.wav,DEV_001_20260926_015302.wav,0,59.40306,18.07249,Phogri,Pholidoptera griseoaptera,Dark Bush-cricket,bush-cricket,0.99,,,26/09/2026,25/09/2026,01:53:02,ClassifEspSWE-0002026-05-29_1,JOHANKARLSSON,202609261752HZWP6EHC,2026_26_sep_01,Citizen Science (ultrasonic) - shared
59~40306+18~07249_20260926_015309.wav,DEV_001_20260926_015309.wav,0,59.40306,18.07249,Phogri,Pholidoptera griseoaptera,Dark Bush-cricket,bush-cricket,0.94,,,26/09/2026,25/09/2026,01:53:09,ClassifEspSWE-0002026-05-29_1,JOHANKARLSSON,202609261752HZWP6EHC,2026_26_sep_01,Citizen Science (ultrasonic) - shared
59~40306+18~07249_20260926_015314.wav,DEV_001_20260926_015314.wav,0,59.40306,18.07249,Phogri,Pholidoptera griseoaptera,Dark Bush-cricket,bush-cricket,0.98,,,26/09/2026,25/09/2026,01:53:14,ClassifEspSWE-0002026-05-29_1,JOHANKARLSSON,202609261752HZWP6EHC,2026_26_sep_01,Citizen Science (ultrasonic) - shared
59~40306+18~07249_20260926_015319.wav,DEV_001_20260926_015319.wav,0,59.40306,18.07249,Phogri,Pholidoptera griseoaptera,Dark Bush-cricket,bush-cricket,0.98,,,26/09/2026,25/09/2026,01:53:19,ClassifEspSWE-0002026-05-29_1,JOHANKARLSSON,202609261752HZWP6EHC,2026_26_sep_01,Citizen Science (ultrasonic) - shared
59~40306+18~07249_20260926_015326.wav,DEV_001_20260926_015326.wav,0,59.40306,18.07249,Phogri,Pholidoptera griseoaptera,Dark Bush-cricket,bush-cricket,0.97,,,26/09/2026,25/09/2026,01:53:26,ClassifEspSWE-0002026-05-29_1,JOHANKARLSSON,202609261752HZWP6EHC,2026_26_sep_01,Citizen Science (ultrasonic) - shared
59~40306+18~07249_20260926_015331.wav,DEV_001_20260926_015331.wav,0,59.40306,18.07249,Phogri,Pholidoptera griseoaptera,Dark Bush-cricket,bush-cricket,0.97,,,26/09/2026,25/09/2026,01:53:31,ClassifEspSWE-0002026-05-29_1,JOHANKARLSSON,202609261752HZWP6EHC,2026_26_sep_01,Citizen Science (ultrasonic) - shared
59~40306+18~07249_20260926_015338.wav,DEV_001_20260926_015338.wav,0,59.40306,18.07249,Phogri,Pholidoptera griseoaptera,Dark Bush-cricket,bush-cricket,0.97,,,26/09/2026,25/09/2026,01:53:38,ClassifEspSWE-0002026-05-29_1,JOHANKARLSSON,202609261752HZWP6EHC,2026_26_sep_01,Citizen Science (ultrasonic) - shared
59~40306+18~07249_20260926_015344.wav,DEV_001_20260926_015344.wav,0,59.40306,18.07249,Phogri,Pholidoptera griseoaptera,Dark Bush-cricket,bush-cricket,0.89,,,26/09/2026,25/09/2026,01:53:44,ClassifEspSWE-0002026-05-29_1,JOHANKARLSSON,202609261752HZWP6EHC,2026_26_sep_01,Citizen Science (ultrasonic) - shared
59~40306+18~07249_20260926_015350.wav,DEV_001_20260926_015350.wav,0,59.40306,18.07249,Phogri,Pholidoptera griseoaptera,Dark Bush-cricket,bush-cricket,0.98,,,26/09/2026,25/09/2026,01:53:50,ClassifEspSWE-0002026-05-29_1,JOHANKARLSSON,202609261752HZWP6EHC,2026_26_sep_01,Citizen Science (ultrasonic) - shared
59~40306+18~07249_20260926_015356.wav,DEV_001_20260926_015356.wav,0,59.40306,18.07249,Phogri,Pholidoptera griseoaptera,Dark Bush-cricket,bush-cricket,0.94,,,26/09/2026,25/09/2026,01:53:56,ClassifEspSWE-0002026-05-29_1,JOHANKARLSSON,202609261752HZWP6EHC,2026_26_sep_01,Citizen Science (ultrasonic) - shared
59~40306+18~07249_20260926_015404.wav,DEV_001_20260926_015404.wav,0,59.40306,18.07249,Phogri,Pholidoptera griseoaptera,Dark Bush-cricket,bush-cricket,0.98,,,26/09/2026,25/09/2026,01:54:04,ClassifEspSWE-0002026-05-29_1,JOHANKARLSSON,202609261752HZWP6EHC,2026_26_sep_01,Citizen Science (ultrasonic) - shared
59~40306+18~07249_20260926_015410.wav,DEV_001_20260926_015410.wav,0,59.40306,18.07249,Phogri,Pholidoptera griseoaptera,Dark Bush-cricket,bush-cricket,0.99,,,26/09/2026,25/09/2026,01:54:10,ClassifEspSWE-0002026-05-29_1,JOHANKARLSSON,202609261752HZWP6EHC,2026_26_sep_01,Citizen Science (ultrasonic) - shared
59~40306+18~07249_20260926_015416.wav,DEV_001_20260926_015416.wav,0,59.40306,18.07249,Phogri,Pholidoptera griseoaptera,Dark Bush-cricket,bush-cricket,0.91,,,26/09/2026,25/09/2026,01:54:16,ClassifEspSWE-0002026-05-29_1,JOHANKARLSSON,202609261752HZWP6EHC,2026_26_sep_01,Citizen Science (ultrasonic) - shared
59~40306+18~07249_20260926_015422.wav,DEV_001_20260926_015422.wav,0,59.40306,18.07249,Phogri,Pholidoptera griseoaptera,Dark Bush-cricket,bush-cricket,0.98,,,26/09/2026,25/09/2026,01:54:22,ClassifEspSWE-0002026-05-29_1,JOHANKARLSSON,202609261752HZWP6EHC,2026_26_sep_01,Citizen Science (ultrasonic) - shared
59~40306+18~07249_20260926_015429.wav,DEV_001_20260926_015429.wav,0,59.40306,18.07249,Phogri,Pholidoptera griseoaptera,Dark Bush-cricket,bush-cricket,0.98,,,26/09/2026,25/09/2026,01:54:29,ClassifEspSWE-0002026-05-29_1,JOHANKARLSSON,202609261752HZWP6EHC,2026_26_sep_01,Citizen Science (ultrasonic) - shared
59~40306+18~07249_20260926_015438.wav,DEV_001_20260926_015438.wav,0,59.40306,18.07249,Phogri,Pholidoptera griseoaptera,Dark Bush-cricket,bush-cricket,0.96,,,26/09/2026,25/09/2026,01:54:38,ClassifEspSWE-0002026-05-29_1,JOHANKARLSSON,202609261752HZWP6EHC,2026_26_sep_01,Citizen Science (ultrasonic) - shared
59~40306+18~07249_20260926_015443.wav,DEV_001_20260926_015443.wav,0,59.40306,18.07249,Phogri,Pholidoptera griseoaptera,Dark Bush-cricket,bush-cricket,0.9,,,26/09/2026,25/09/2026,01:54:43,ClassifEspSWE-0002026-05-29_1,JOHANKARLSSON,202609261752HZWP6EHC,2026_26_sep_01,Citizen Science (ultrasonic) - shared
59~40306+18~07249_20260926_015449.wav,DEV_001_20260926_015449.wav,0,59.40306,18.07249,Phogri,Pholidoptera griseoaptera,Dark Bush-cricket,bush-cricket,0.98,,,26/09/2026,25/09/2026,01:54:49,ClassifEspSWE-0002026-05-29_1,JOHANKARLSSON,202609261752HZWP6EHC,2026_26_sep_01,Citizen Science (ultrasonic) - shared
59~40306+18~07249_20260926_015456.wav,DEV_001_20260926_015456.wav,0,59.40306,18.07249,Phogri,Pholidoptera griseoaptera,Dark Bush-cricket,bush-cricket,0.97,,,26/09/2026,25/09/2026,01:54:56,ClassifEspSWE-0002026-05-29_1,JOHANKARLSSON,202609261752HZWP6EHC,2026_26_sep_01,Citizen Science (ultrasonic) - shared
59~40306+18~07249_20260926_015502.wav,DEV_001_20260926_015502.wav,0,59.40306,18.07249,Phogri,Pholidoptera griseoaptera,Dark Bush-cricket,bush-cricket,0.99,,,26/09/2026,25/09/2026,01:55:02,ClassifEspSWE-0002026-05-29_1,JOHANKARLSSON,202609261752HZWP6EHC,2026_26_sep_01,Citizen Science (ultrasonic) - shared
59~40306+18~07249_20260926_015509.wav,DEV_001_20260926_015509.wav,0,59.40306,18.07249,Phogri,Pholidoptera griseoaptera,Dark Bush-cricket,bush-cricket,0.92,,,26/09/2026,25/09/2026,01:55:09,ClassifEspSWE-0002026-05-29_1,JOHANKARLSSON,202609261752HZWP6EHC,2026_26_sep_01,Citizen Science (ultrasonic) - shared
59~40306+18~07249_20260926_015515.wav,DEV_001_20260926_015515.wav,0,59.40306,18.07249,Phogri,Pholidoptera griseoaptera,Dark Bush-cricket,bush-cricket,0.97,,,26/09/2026,25/09/2026,01:55:15,ClassifEspSWE-0002026-05-29_1,JOHANKARLSSON,202609261752HZWP6EHC,2026_26_sep_01,Citizen Science (ultrasonic) - shared
59~40306+18~07249_20260926_015521.wav,DEV_001_20260926_015521.wav,0,59.40306,18.07249,Phogri,Pholidoptera griseoaptera,Dark Bush-cricket,bush-cricket,0.97,,,26/09/2026,25/09/2026,01:55:21,ClassifEspSWE-0002026-05-29_1,JOHANKARLSSON,202609261752HZWP6EHC,2026_26_sep_01,Citizen Science (ultrasonic) - shared
59~40306+18~07249_20260926_015528.wav,DEV_001_20260926_015528.wav,0,59.40306,18.07249,Phogri,Pholidoptera griseoaptera,Dark Bush-cricket,bush-cricket,0.99,,,26/09/2026,25/09/2026,01:55:28,ClassifEspSWE-0002026-05-29_1,JOHANKARLSSON,202609261752HZWP6EHC,2026_26_sep_01,Citizen Science (ultrasonic) - shared
59~40306+18~07249_20260926_015534.wav,DEV_001_20260926_015534.wav,0,59.40306,18.07249,Phogri,Pholidoptera griseoaptera,Dark Bush-cricket,bush-cricket,0.89,,,26/09/2026,25/09/2026,01:55:34,ClassifEspSWE-0002026-05-29_1,JOHANKARLSSON,202609261752HZWP6EHC,2026_26_sep_01,Citizen Science (ultrasonic) - shared
59~40306+18~07249_20260926_015540.wav,DEV_001_20260926_015540.wav,0,59.40306,18.07249,Phogri,Pholidoptera griseoaptera,Dark Bush-cricket,bush-cricket,0.96,,,26/09/2026,25/09/2026,01:55:40,ClassifEspSWE-0002026-05-29_1,JOHANKARLSSON,202609261752HZWP6EHC,2026_26_sep_01,Citizen Science (ultrasonic) - shared
59~40306+18~07249_20260926_015545.wav,DEV_001_20260926_015545.wav,0,59.40306,18.07249,Phogri,Pholidoptera griseoaptera,Dark Bush-cricket,bush-cricket,0.98,,,26/09/2026,25/09/2026,01:55:45,ClassifEspSWE-0002026-05-29_1,JOHANKARLSSON,202609261752HZWP6EHC,2026_26_sep_01,Citizen Science (ultrasonic) - shared
59~40306+18~07249_20260926_015551.wav,DEV_001_20260926_015551.wav,0,59.40306,18.07249,Phogri,Pholidoptera griseoaptera,Dark Bush-cricket,bush-cricket,0.97,,,26/09/2026,25/09/2026,01:55:51,ClassifEspSWE-0002026-05-29_1,JOHANKARLSSON,202609261752HZWP6EHC,2026_26_sep_01,Citizen Science (ultrasonic) - shared
59~40306+18~07249_20260926_015556.wav,DEV_001_20260926_015556.wav,0,59.40306,18.07249,Phogri,Pholidoptera griseoaptera,Dark Bush-cricket,bush-cricket,0.99,,,26/09/2026,25/09/2026,01:55:56,ClassifEspSWE-0002026-05-29_1,JOHANKARLSSON,202609261752HZWP6EHC,2026_26_sep_01,Citizen Science (ultrasonic) - shared
59~40306+18~07249_20260926_015603.wav,DEV_001_20260926_015603.wav,0,59.40306,18.07249,Phogri,Pholidoptera griseoaptera,Dark Bush-cricket,bush-cricket,0.99,,,26/09/2026,25/09/2026,01:56:03,ClassifEspSWE-0002026-05-29_1,JOHANKARLSSON,202609261752HZWP6EHC,2026_26_sep_01,Citizen Science (ultrasonic) - shared
59~40306+18~07249_20260926_015609.wav,DEV_001_20260926_015609.wav,0,59.40306,18.07249,Phogri,Pholidoptera griseoaptera,Dark Bush-cricket,bush-cricket,0.98,,,26/09/2026,25/09/2026,01:56:09,ClassifEspSWE-0002026-05-29_1,JOHANKARLSSON,202609261752HZWP6EHC,2026_26_sep_01,Citizen Science (ultrasonic) - shared
59~40306+18~07249_20260926_015616.wav,DEV_001_20260926_015616.wav,0,59.40306,18.07249,Phogri,Pholidoptera griseoaptera,Dark Bush-cricket,bush-cricket,0.94,,,26/09/2026,25/09/2026,01:56:16,ClassifEspSWE-0002026-05-29_1,JOHANKARLSSON,202609261752HZWP6EHC,2026_26_sep_01,Citizen Science (ultrasonic) - shared
59~40306+18~07249_20260926_015621.wav,DEV_001_20260926_015621.wav,0,59.40306,18.07249,Phogri,Pholidoptera griseoaptera,Dark Bush-cricket,bush-cricket,0.99,,,26/09/2026,25/09/2026,01:56:21,ClassifEspSWE-0002026-05-29_1,JOHANKARLSSON,202609261752HZWP6EHC,2026_26_sep_01,Citizen Science (ultrasonic) - shared
59~40306+18~07249_20260926_015627.wav,DEV_001_20260926_015627.wav,0,59.40306,18.07249,Phogri,Pholidoptera griseoaptera,Dark Bush-cricket,bush-cricket,0.86,,,26/09/2026,25/09/2026,01:56:27,ClassifEspSWE-0002026-05-29_1,JOHANKARLSSON,202609261752HZWP6EHC,2026_26_sep_01,Citizen Science (ultrasonic) - shared
59~40306+18~07249_20260926_015634.wav,DEV_001_20260926_015634.wav,0,59.40306,18.07249,Phogri,Pholidoptera griseoaptera,Dark Bush-cricket,bush-cricket,0.98,,,26/09/2026,25/09/2026,01:56:34,ClassifEspSWE-0002026-05-29_1,JOHANKARLSSON,202609261752HZWP6EHC,2026_26_sep_01,Citizen Science (ultrasonic) - shared
59~40306+18~07249_20260926_015642.wav,DEV_001_20260926_015642.wav,0,59.40306,18.07249,Phogri,Pholidoptera griseoaptera,Dark Bush-cricket,bush-cricket,0.98,,,26/09/2026,25/09/2026,01:56:42,ClassifEspSWE-0002026-05-29_1,JOHANKARLSSON,202609261752HZWP6EHC,2026_26_sep_01,Citizen Science (ultrasonic) - shared
59~40306+18~07249_20260926_015648.wav,DEV_001_20260926_015648.wav,0,59.40306,18.07249,Phogri,Pholidoptera griseoaptera,Dark Bush-cricket,bush-cricket,0.98,,,26/09/2026,25/09/2026,01:56:48,ClassifEspSWE-0002026-05-29_1,JOHANKARLSSON,202609261752HZWP6EHC,2026_26_sep_01,Citizen Science (ultrasonic) - shared
59~40306+18~07249_20260926_015654.wav,DEV_001_20260926_015654.wav,0,59.40306,18.07249,Phogri,Pholidoptera griseoaptera,Dark Bush-cricket,bush-cricket,0.97,,,26/09/2026,25/09/2026,01:56:54,ClassifEspSWE-0002026-05-29_1,JOHANKARLSSON,202609261752HZWP6EHC,2026_26_sep_01,Citizen Science (ultrasonic) - shared
59~40306+18~07249_20260926_015700.wav,DEV_001_20260926_015700.wav,0,59.40306,18.07249,Phogri,Pholidoptera griseoaptera,Dark Bush-cricket,bush-cricket,0.99,,,26/09/2026,25/09/2026,01:57:00,ClassifEspSWE-0002026-05-29_1,JOHANKARLSSON,202609261752HZWP6EHC,2026_26_sep_01,Citizen Science (ultrasonic) - shared
59~40306+18~07249_20260926_015707.wav,DEV_001_20260926_015707.wav,0,59.40306,18.07249,Phogri,Pholidoptera griseoaptera,Dark Bush-cricket,bush-cricket,0.99,,,26/09/2026,25/09/2026,01:57:07,ClassifEspSWE-0002026-05-29_1,JOHANKARLSSON,202609261752HZWP6EHC,2026_26_sep_01,Citizen Science (ultrasonic) - shared
59~40306+18~07249_20260926_015713.wav,DEV_001_20260926_015713.wav,0,59.40306,18.07249,Phogri,Pholidoptera griseoaptera,Dark Bush-cricket,bush-cricket,0.99,,,26/09/2026,25/09/2026,01:57:13,ClassifEspSWE-0002026-05-29_1,JOHANKARLSSON,202609261752HZWP6EHC,2026_26_sep_01,Citizen Science (ultrasonic) - shared
59~40306+18~07249_20260926_015719.wav,DEV_001_20260926_015719.wav,0,59.40306,18.07249,Phogri,Pholidoptera griseoaptera,Dark Bush-cricket,bush-cricket,0.99,,,26/09/2026,25/09/2026,01:57:19,ClassifEspSWE-0002026-05-29_1,JOHANKARLSSON,202609261752HZWP6EHC,2026_26_sep_01,Citizen Science (ultrasonic) - shared
59~40306+18~07249_20260926_015725.wav,DEV_001_20260926_015725.wav,0,59.40306,18.07249,Phogri,Pholidoptera griseoaptera,Dark Bush-cricket,bush-cricket,0.96,,,26/09/2026,25/09/2026,01:57:25,ClassifEspSWE-0002026-05-29_1,JOHANKARLSSON,202609261752HZWP6EHC,2026_26_sep_01,Citizen Science (ultrasonic) - shared
59~40306+18~07249_20260926_015731.wav,DEV_001_20260926_015731.wav,0,59.40306,18.07249,Phogri,Pholidoptera griseoaptera,Dark Bush-cricket,bush-cricket,0.98,,,26/09/2026,25/09/2026,01:57:31,ClassifEspSWE-0002026-05-29_1,JOHANKARLSSON,202609261752HZWP6EHC,2026_26_sep_01,Citizen Science (ultrasonic) - shared
59~40306+18~07249_20260926_015737.wav,DEV_001_20260926_015737.wav,0,59.40306,18.07249,Phogri,Pholidoptera griseoaptera,Dark Bush-cricket,bush-cricket,0.98,,,26/09/2026,25/09/2026,01:57:37,ClassifEspSWE-0002026-05-29_1,JOHANKARLSSON,202609261752HZWP6EHC,2026_26_sep_01,Citizen Science (ultrasonic) - shared
59~40306+18~07249_20260926_015743.wav,DEV_001_20260926_015743.wav,0,59.40306,18.07249,Phogri,Pholidoptera griseoaptera,Dark Bush-cricket,bush-cricket,0.99,,,26/09/2026,25/09/2026,01:57:43,ClassifEspSWE-0002026-05-29_1,JOHANKARLSSON,202609261752HZWP6EHC,2026_26_sep_01,Citizen Science (ultrasonic) - shared
59~40306+18~07249_20260926_015748.wav,DEV_001_20260926_015748.wav,0,59.40306,18.07249,Phogri,Pholidoptera griseoaptera,Dark Bush-cricket,bush-cricket,0.99,,,26/09/2026,25/09/2026,01:57:48,ClassifEspSWE-0002026-05-29_1,JOHANKARLSSON,202609261752HZWP6EHC,2026_26_sep_01,Citizen Science (ultrasonic) - shared
59~40306+18~07249_20260926_015755.wav,DEV_001_20260926_015755.wav,0,59.40306,18.07249,Phogri,Pholidoptera griseoaptera,Dark Bush-cricket,bush-cricket,0.96,,,26/09/2026,25/09/2026,01:57:55,ClassifEspSWE-0002026-05-29_1,JOHANKARLSSON,202609261752HZWP6EHC,2026_26_sep_01,Citizen Science (ultrasonic) - shared
59~40306+18~07249_20260926_015802.wav,DEV_001_20260926_015802.wav,0,59.40306,18.07249,Phogri,Pholidoptera griseoaptera,Dark Bush-cricket,bush-cricket,0.91,,,26/09/2026,25/09/2026,01:58:02,ClassifEspSWE-0002026-05-29_1,JOHANKARLSSON,202609261752HZWP6EHC,2026_26_sep_01,Citizen Science (ultrasonic) - shared
59~40306+18~07249_20260926_015808.wav,DEV_001_20260926_015808.wav,0,59.40306,18.07249,Phogri,Pholidoptera griseoaptera,Dark Bush-cricket,bush-cricket,0.98,,,26/09/2026,25/09/2026,01:58:08,ClassifEspSWE-0002026-05-29_1,JOHANKARLSSON,202609261752HZWP6EHC,2026_26_sep_01,Citizen Science (ultrasonic) - shared
59~40306+18~07249_20260926_015816.wav,DEV_001_20260926_015816.wav,0,59.40306,18.07249,Phogri,Pholidoptera griseoaptera,Dark Bush-cricket,bush-cricket,0.88,,,26/09/2026,25/09/2026,01:58:16,ClassifEspSWE-0002026-05-29_1,JOHANKARLSSON,202609261752HZWP6EHC,2026_26_sep_01,Citizen Science (ultrasonic) - shared
59~40306+18~07249_20260926_015821.wav,DEV_001_20260926_015821.wav,0,59.40306,18.07249,Phogri,Pholidoptera griseoaptera,Dark Bush-cricket,bush-cricket,0.99,,,26/09/2026,25/09/2026,01:58:21,ClassifEspSWE-0002026-05-29_1,JOHANKARLSSON,202609261752HZWP6EHC,2026_26_sep_01,Citizen Science (ultrasonic) - shared
59~40306+18~07249_20260926_015827.wav,DEV_001_20260926_015827.wav,0,59.40306,18.07249,Phogri,Pholidoptera griseoaptera,Dark Bush-cricket,bush-cricket,0.97,,,26/09/2026,25/09/2026,01:58:27,ClassifEspSWE-0002026-05-29_1,JOHANKARLSSON,202609261752HZWP6EHC,2026_26_sep_01,Citizen Science (ultrasonic) - shared
59~40306+18~07249_20260926_015833.wav,DEV_001_20260926_015833.wav,0,59.40306,18.07249,Phogri,Pholidoptera griseoaptera,Dark Bush-cricket,bush-cricket,0.98,,,26/09/2026,25/09/2026,01:58:33,ClassifEspSWE-0002026-05-29_1,JOHANKARLSSON,202609261752HZWP6EHC,2026_26_sep_01,Citizen Science (ultrasonic) - shared
59~40306+18~07249_20260926_015840.wav,DEV_001_20260926_015840.wav,0,59.40306,18.07249,Phogri,Pholidoptera griseoaptera,Dark Bush-cricket,bush-cricket,0.99,,,26/09/2026,25/09/2026,01:58:40,ClassifEspSWE-0002026-05-29_1,JOHANKARLSSON,202609261752HZWP6EHC,2026_26_sep_01,Citizen Science (ultrasonic) - shared
59~40306+18~07249_20260926_015846.wav,DEV_001_20260926_015846.wav,0,59.40306,18.07249,Phogri,Pholidoptera griseoaptera,Dark Bush-cricket,bush-cricket,0.98,,,26/09/2026,25/09/2026,01:58:46,ClassifEspSWE-0002026-05-29_1,JOHANKARLSSON,202609261752HZWP6EHC,2026_26_sep_01,Citizen Science (ultrasonic) - shared
59~40306+18~07249_20260926_015851.wav,DEV_001_20260926_015851.wav,0,59.40306,18.07249,Phogri,Pholidoptera griseoaptera,Dark Bush-cricket,bush-cricket,0.98,,,26/09/2026,25/09/2026,01:58:51,ClassifEspSWE-0002026-05-29_1,JOHANKARLSSON,202609261752HZWP6EHC,2026_26_sep_01,Citizen Science (ultrasonic) - shared
59~40306+18~07249_20260926_015858.wav,DEV_001_20260926_015858.wav,0,59.40306,18.07249,Phogri,Pholidoptera griseoaptera,Dark Bush-cricket,bush-cricket,0.99,,,26/09/2026,25/09/2026,01:58:58,ClassifEspSWE-0002026-05-29_1,JOHANKARLSSON,202609261752HZWP6EHC,2026_26_sep_01,Citizen Science (ultrasonic) - shared
59~40306+18~07249_20260926_015905.wav,DEV_001_20260926_015905.wav,0,59.40306,18.07249,Phogri,Pholidoptera griseoaptera,Dark Bush-cricket,bush-cricket,0.99,,,26/09/2026,25/09/2026,01:59:05,ClassifEspSWE-0002026-05-29_1,JOHANKARLSSON,202609261752HZWP6EHC,2026_26_sep_01,Citizen Science (ultrasonic) - shared
59~40306+18~07249_20260926_015911.wav,DEV_001_20260926_015911.wav,0,59.40306,18.07249,Phogri,Pholidoptera griseoaptera,Dark Bush-cricket,bush-cricket,0.99,,,26/09/2026,25/09/2026,01:59:11,ClassifEspSWE-0002026-05-29_1,JOHANKARLSSON,202609261752HZWP6EHC,2026_26_sep_01,Citizen Science (ultrasonic) - shared
59~40306+18~07249_20260926_015917.wav,DEV_001_20260926_015917.wav,0,59.40306,18.07249,Phogri,Pholidoptera griseoaptera,Dark Bush-cricket,bush-cricket,0.97,,,26/09/2026,25/09/2026,01:59:17,ClassifEspSWE-0002026-05-29_1,JOHANKARLSSON,202609261752HZWP6EHC,2026_26_sep_01,Citizen Science (ultrasonic) - shared
59~40306+18~07249_20260926_015923.wav,DEV_001_20260926_015923.wav,0,59.40306,18.07249,Phogri,Pholidoptera griseoaptera,Dark Bush-cricket,bush-cricket,0.99,,,26/09/2026,25/09/2026,01:59:23,ClassifEspSWE-0002026-05-29_1,JOHANKARLSSON,202609261752HZWP6EHC,2026_26_sep_01,Citizen Science (ultrasonic) - shared
59~40306+18~07249_20260926_015929.wav,DEV_001_20260926_015929.wav,0,59.40306,18.07249,Phogri,Pholidoptera griseoaptera,Dark Bush-cricket,bush-cricket,0.95,,,26/09/2026,25/09/2026,01:59:29,ClassifEspSWE-0002026-05-29_1,JOHANKARLSSON,202609261752HZWP6EHC,2026_26_sep_01,Citizen Science (ultrasonic) - shared
59~40306+18~07249_20260926_015935.wav,DEV_001_20260926_015935.wav,0,59.40306,18.07249,Phogri,Pholidoptera griseoaptera,Dark Bush-cricket,bush-cricket,0.98,,,26/09/2026,25/09/2026,01:59:35,ClassifEspSWE-0002026-05-29_1,JOHANKARLSSON,202609261752HZWP6EHC,2026_26_sep_01,Citizen Science (ultrasonic) - shared
59~40306+18~07249_20260926_015943.wav,DEV_001_20260926_015943.wav,0,59.40306,18.07249,Phogri,Pholidoptera griseoaptera,Dark Bush-cricket,bush-cricket,0.97,,,26/09/2026,25/09/2026,01:59:43,ClassifEspSWE-0002026-05-29_1,JOHANKARLSSON,202609261752HZWP6EHC,2026_26_sep_01,Citizen Science (ultrasonic) - shared
59~40306+18~07249_20260926_015950.wav,DEV_001_20260926_015950.wav,0,59.40306,18.07249,Phogri,Pholidoptera griseoaptera,Dark Bush-cricket,bush-cricket,0.98,,,26/09/2026,25/09/2026,01:59:50,ClassifEspSWE-0002026-05-29_1,JOHANKARLSSON,202609261752HZWP6EHC,2026_26_sep_01,Citizen Science (ultrasonic) - shared
59~40306+18~07249_20260926_015956.wav,DEV_001_20260926_015956.wav,0,59.40306,18.07249,Phogri,Pholidoptera griseoaptera,Dark Bush-cricket,bush-cricket,0.97,,,26/09/2026,25/09/2026,01:59:56,ClassifEspSWE-0002026-05-29_1,JOHANKARLSSON,202609261752HZWP6EHC,2026_26_sep_01,Citizen Science (ultrasonic) - shared