RECORDING FILE NAME,ORIGINAL FILE NAME,ORIGINAL FILE PART,LATITUDE,LONGITUDE,SPECIES,SCIENTIFIC NAME,ENGLISH NAME,SPECIES GROUP,PROBABILITY,WARNINGS,CALL TYPE,ACTUAL DATE,SURVEY DATE,TIME,CLASSIFIER NAME,USER ID,UPLOAD KEY,BATCH NAME,PROJECT NAME
59~40306+18~07249_20260925_200638.wav,DEV_001_20260925_200638.wav,0,59.40306,18.07249,Pippyg,Pipistrellus pygmaeus,Soprano Pipistrelle,bat,0.86,,echolocation,25/09/2026,25/09/2026,20:06:38,ClassifEspSWE-0002026-05-29_1,JOHANKARLSSON,202609261749LURHAINK,2026_25_sep_20,Citizen Science (ultrasonic) - shared
59~40306+18~07249_20260925_203840.wav,DEV_001_20260925_203840.wav,0,59.40306,18.07249,Pippyg,Pipistrellus pygmaeus,Soprano Pipistrelle,bat,0.97,,echolocation,25/09/2026,25/09/2026,20:38:40,ClassifEspSWE-0002026-05-29_1,JOHANKARLSSON,202609261749LURHAINK,2026_25_sep_20,Citizen Science (ultrasonic) - shared
59~40306+18~07249_20260925_205913.wav,DEV_001_20260925_205913.wav,0,59.40306,18.07249,Pippyg,Pipistrellus pygmaeus,Soprano Pipistrelle,bat,0.11,Low confidence,echolocation,25/09/2026,25/09/2026,20:59:13,ClassifEspSWE-0002026-05-29_1,JOHANKARLSSON,202609261749LURHAINK,2026_25_sep_20,Citizen Science (ultrasonic) - shared
59~40306+18~07249_20260925_200001.wav,DEV_001_20260925_200001.wav,0,59.40306,18.07249,Leppun,Leptophyes punctatissima,Speckled Bush-cricket,bush-cricket,0.99,,,25/09/2026,25/09/2026,20:00:01,ClassifEspSWE-0002026-05-29_1,JOHANKARLSSON,202609261749LURHAINK,2026_25_sep_20,Citizen Science (ultrasonic) - shared
59~40306+18~07249_20260925_200007.wav,DEV_001_20260925_200007.wav,0,59.40306,18.07249,Leppun,Leptophyes punctatissima,Speckled Bush-cricket,bush-cricket,0.99,,,25/09/2026,25/09/2026,20:00:07,ClassifEspSWE-0002026-05-29_1,JOHANKARLSSON,202609261749LURHAINK,2026_25_sep_20,Citizen Science (ultrasonic) - shared
59~40306+18~07249_20260925_200014.wav,DEV_001_20260925_200014.wav,0,59.40306,18.07249,Leppun,Leptophyes punctatissima,Speckled Bush-cricket,bush-cricket,0.99,,,25/09/2026,25/09/2026,20:00:14,ClassifEspSWE-0002026-05-29_1,JOHANKARLSSON,202609261749LURHAINK,2026_25_sep_20,Citizen Science (ultrasonic) - shared
59~40306+18~07249_20260925_200020.wav,DEV_001_20260925_200020.wav,0,59.40306,18.07249,Leppun,Leptophyes punctatissima,Speckled Bush-cricket,bush-cricket,0.99,,,25/09/2026,25/09/2026,20:00:20,ClassifEspSWE-0002026-05-29_1,JOHANKARLSSON,202609261749LURHAINK,2026_25_sep_20,Citizen Science (ultrasonic) - shared
59~40306+18~07249_20260925_200025.wav,DEV_001_20260925_200025.wav,0,59.40306,18.07249,Leppun,Leptophyes punctatissima,Speckled Bush-cricket,bush-cricket,0.99,,,25/09/2026,25/09/2026,20:00:25,ClassifEspSWE-0002026-05-29_1,JOHANKARLSSON,202609261749LURHAINK,2026_25_sep_20,Citizen Science (ultrasonic) - shared
59~40306+18~07249_20260925_200031.wav,DEV_001_20260925_200031.wav,0,59.40306,18.07249,Leppun,Leptophyes punctatissima,Speckled Bush-cricket,bush-cricket,0.99,,,25/09/2026,25/09/2026,20:00:31,ClassifEspSWE-0002026-05-29_1,JOHANKARLSSON,202609261749LURHAINK,2026_25_sep_20,Citizen Science (ultrasonic) - shared
59~40306+18~07249_20260925_200037.wav,DEV_001_20260925_200037.wav,0,59.40306,18.07249,Leppun,Leptophyes punctatissima,Speckled Bush-cricket,bush-cricket,0.99,,,25/09/2026,25/09/2026,20:00:37,ClassifEspSWE-0002026-05-29_1,JOHANKARLSSON,202609261749LURHAINK,2026_25_sep_20,Citizen Science (ultrasonic) - shared
59~40306+18~07249_20260925_200043.wav,DEV_001_20260925_200043.wav,0,59.40306,18.07249,Leppun,Leptophyes punctatissima,Speckled Bush-cricket,bush-cricket,0.99,,,25/09/2026,25/09/2026,20:00:43,ClassifEspSWE-0002026-05-29_1,JOHANKARLSSON,202609261749LURHAINK,2026_25_sep_20,Citizen Science (ultrasonic) - shared
59~40306+18~07249_20260925_200048.wav,DEV_001_20260925_200048.wav,0,59.40306,18.07249,Leppun,Leptophyes punctatissima,Speckled Bush-cricket,bush-cricket,0.99,,,25/09/2026,25/09/2026,20:00:48,ClassifEspSWE-0002026-05-29_1,JOHANKARLSSON,202609261749LURHAINK,2026_25_sep_20,Citizen Science (ultrasonic) - shared
59~40306+18~07249_20260925_200054.wav,DEV_001_20260925_200054.wav,0,59.40306,18.07249,Leppun,Leptophyes punctatissima,Speckled Bush-cricket,bush-cricket,0.99,,,25/09/2026,25/09/2026,20:00:54,ClassifEspSWE-0002026-05-29_1,JOHANKARLSSON,202609261749LURHAINK,2026_25_sep_20,Citizen Science (ultrasonic) - shared
59~40306+18~07249_20260925_200059.wav,DEV_001_20260925_200059.wav,0,59.40306,18.07249,Leppun,Leptophyes punctatissima,Speckled Bush-cricket,bush-cricket,0.99,,,25/09/2026,25/09/2026,20:00:59,ClassifEspSWE-0002026-05-29_1,JOHANKARLSSON,202609261749LURHAINK,2026_25_sep_20,Citizen Science (ultrasonic) - shared
59~40306+18~07249_20260925_200105.wav,DEV_001_20260925_200105.wav,0,59.40306,18.07249,Leppun,Leptophyes punctatissima,Speckled Bush-cricket,bush-cricket,0.99,,,25/09/2026,25/09/2026,20:01:05,ClassifEspSWE-0002026-05-29_1,JOHANKARLSSON,202609261749LURHAINK,2026_25_sep_20,Citizen Science (ultrasonic) - shared
59~40306+18~07249_20260925_200110.wav,DEV_001_20260925_200110.wav,0,59.40306,18.07249,Leppun,Leptophyes punctatissima,Speckled Bush-cricket,bush-cricket,0.99,,,25/09/2026,25/09/2026,20:01:10,ClassifEspSWE-0002026-05-29_1,JOHANKARLSSON,202609261749LURHAINK,2026_25_sep_20,Citizen Science (ultrasonic) - shared
59~40306+18~07249_20260925_200115.wav,DEV_001_20260925_200115.wav,0,59.40306,18.07249,Leppun,Leptophyes punctatissima,Speckled Bush-cricket,bush-cricket,0.99,,,25/09/2026,25/09/2026,20:01:15,ClassifEspSWE-0002026-05-29_1,JOHANKARLSSON,202609261749LURHAINK,2026_25_sep_20,Citizen Science (ultrasonic) - shared
59~40306+18~07249_20260925_200120.wav,DEV_001_20260925_200120.wav,0,59.40306,18.07249,Leppun,Leptophyes punctatissima,Speckled Bush-cricket,bush-cricket,0.99,,,25/09/2026,25/09/2026,20:01:20,ClassifEspSWE-0002026-05-29_1,JOHANKARLSSON,202609261749LURHAINK,2026_25_sep_20,Citizen Science (ultrasonic) - shared
59~40306+18~07249_20260925_200126.wav,DEV_001_20260925_200126.wav,0,59.40306,18.07249,Leppun,Leptophyes punctatissima,Speckled Bush-cricket,bush-cricket,0.99,,,25/09/2026,25/09/2026,20:01:26,ClassifEspSWE-0002026-05-29_1,JOHANKARLSSON,202609261749LURHAINK,2026_25_sep_20,Citizen Science (ultrasonic) - shared
59~40306+18~07249_20260925_200131.wav,DEV_001_20260925_200131.wav,0,59.40306,18.07249,Leppun,Leptophyes punctatissima,Speckled Bush-cricket,bush-cricket,0.99,,,25/09/2026,25/09/2026,20:01:31,ClassifEspSWE-0002026-05-29_1,JOHANKARLSSON,202609261749LURHAINK,2026_25_sep_20,Citizen Science (ultrasonic) - shared
59~40306+18~07249_20260925_200136.wav,DEV_001_20260925_200136.wav,0,59.40306,18.07249,Leppun,Leptophyes punctatissima,Speckled Bush-cricket,bush-cricket,0.99,,,25/09/2026,25/09/2026,20:01:36,ClassifEspSWE-0002026-05-29_1,JOHANKARLSSON,202609261749LURHAINK,2026_25_sep_20,Citizen Science (ultrasonic) - shared
59~40306+18~07249_20260925_200144.wav,DEV_001_20260925_200144.wav,0,59.40306,18.07249,Leppun,Leptophyes punctatissima,Speckled Bush-cricket,bush-cricket,0.99,,,25/09/2026,25/09/2026,20:01:44,ClassifEspSWE-0002026-05-29_1,JOHANKARLSSON,202609261749LURHAINK,2026_25_sep_20,Citizen Science (ultrasonic) - shared
59~40306+18~07249_20260925_200150.wav,DEV_001_20260925_200150.wav,0,59.40306,18.07249,Leppun,Leptophyes punctatissima,Speckled Bush-cricket,bush-cricket,0.99,,,25/09/2026,25/09/2026,20:01:50,ClassifEspSWE-0002026-05-29_1,JOHANKARLSSON,202609261749LURHAINK,2026_25_sep_20,Citizen Science (ultrasonic) - shared
59~40306+18~07249_20260925_200155.wav,DEV_001_20260925_200155.wav,0,59.40306,18.07249,Leppun,Leptophyes punctatissima,Speckled Bush-cricket,bush-cricket,0.99,,,25/09/2026,25/09/2026,20:01:55,ClassifEspSWE-0002026-05-29_1,JOHANKARLSSON,202609261749LURHAINK,2026_25_sep_20,Citizen Science (ultrasonic) - shared
59~40306+18~07249_20260925_200200.wav,DEV_001_20260925_200200.wav,0,59.40306,18.07249,Leppun,Leptophyes punctatissima,Speckled Bush-cricket,bush-cricket,0.99,,,25/09/2026,25/09/2026,20:02:00,ClassifEspSWE-0002026-05-29_1,JOHANKARLSSON,202609261749LURHAINK,2026_25_sep_20,Citizen Science (ultrasonic) - shared
59~40306+18~07249_20260925_200206.wav,DEV_001_20260925_200206.wav,0,59.40306,18.07249,Leppun,Leptophyes punctatissima,Speckled Bush-cricket,bush-cricket,0.99,,,25/09/2026,25/09/2026,20:02:06,ClassifEspSWE-0002026-05-29_1,JOHANKARLSSON,202609261749LURHAINK,2026_25_sep_20,Citizen Science (ultrasonic) - shared
59~40306+18~07249_20260925_200212.wav,DEV_001_20260925_200212.wav,0,59.40306,18.07249,Leppun,Leptophyes punctatissima,Speckled Bush-cricket,bush-cricket,0.99,,,25/09/2026,25/09/2026,20:02:12,ClassifEspSWE-0002026-05-29_1,JOHANKARLSSON,202609261749LURHAINK,2026_25_sep_20,Citizen Science (ultrasonic) - shared
59~40306+18~07249_20260925_200219.wav,DEV_001_20260925_200219.wav,0,59.40306,18.07249,Leppun,Leptophyes punctatissima,Speckled Bush-cricket,bush-cricket,0.99,,,25/09/2026,25/09/2026,20:02:19,ClassifEspSWE-0002026-05-29_1,JOHANKARLSSON,202609261749LURHAINK,2026_25_sep_20,Citizen Science (ultrasonic) - shared
59~40306+18~07249_20260925_200225.wav,DEV_001_20260925_200225.wav,0,59.40306,18.07249,Leppun,Leptophyes punctatissima,Speckled Bush-cricket,bush-cricket,0.99,,,25/09/2026,25/09/2026,20:02:25,ClassifEspSWE-0002026-05-29_1,JOHANKARLSSON,202609261749LURHAINK,2026_25_sep_20,Citizen Science (ultrasonic) - shared
59~40306+18~07249_20260925_200231.wav,DEV_001_20260925_200231.wav,0,59.40306,18.07249,Leppun,Leptophyes punctatissima,Speckled Bush-cricket,bush-cricket,0.99,,,25/09/2026,25/09/2026,20:02:31,ClassifEspSWE-0002026-05-29_1,JOHANKARLSSON,202609261749LURHAINK,2026_25_sep_20,Citizen Science (ultrasonic) - shared
59~40306+18~07249_20260925_200236.wav,DEV_001_20260925_200236.wav,0,59.40306,18.07249,Leppun,Leptophyes punctatissima,Speckled Bush-cricket,bush-cricket,0.99,,,25/09/2026,25/09/2026,20:02:36,ClassifEspSWE-0002026-05-29_1,JOHANKARLSSON,202609261749LURHAINK,2026_25_sep_20,Citizen Science (ultrasonic) - shared
59~40306+18~07249_20260925_200243.wav,DEV_001_20260925_200243.wav,0,59.40306,18.07249,Leppun,Leptophyes punctatissima,Speckled Bush-cricket,bush-cricket,0.99,,,25/09/2026,25/09/2026,20:02:43,ClassifEspSWE-0002026-05-29_1,JOHANKARLSSON,202609261749LURHAINK,2026_25_sep_20,Citizen Science (ultrasonic) - shared
59~40306+18~07249_20260925_200249.wav,DEV_001_20260925_200249.wav,0,59.40306,18.07249,Leppun,Leptophyes punctatissima,Speckled Bush-cricket,bush-cricket,0.99,,,25/09/2026,25/09/2026,20:02:49,ClassifEspSWE-0002026-05-29_1,JOHANKARLSSON,202609261749LURHAINK,2026_25_sep_20,Citizen Science (ultrasonic) - shared
59~40306+18~07249_20260925_200255.wav,DEV_001_20260925_200255.wav,0,59.40306,18.07249,Leppun,Leptophyes punctatissima,Speckled Bush-cricket,bush-cricket,0.99,,,25/09/2026,25/09/2026,20:02:55,ClassifEspSWE-0002026-05-29_1,JOHANKARLSSON,202609261749LURHAINK,2026_25_sep_20,Citizen Science (ultrasonic) - shared
59~40306+18~07249_20260925_200300.wav,DEV_001_20260925_200300.wav,0,59.40306,18.07249,Leppun,Leptophyes punctatissima,Speckled Bush-cricket,bush-cricket,0.99,,,25/09/2026,25/09/2026,20:03:00,ClassifEspSWE-0002026-05-29_1,JOHANKARLSSON,202609261749LURHAINK,2026_25_sep_20,Citizen Science (ultrasonic) - shared
59~40306+18~07249_20260925_200306.wav,DEV_001_20260925_200306.wav,0,59.40306,18.07249,Leppun,Leptophyes punctatissima,Speckled Bush-cricket,bush-cricket,0.99,,,25/09/2026,25/09/2026,20:03:06,ClassifEspSWE-0002026-05-29_1,JOHANKARLSSON,202609261749LURHAINK,2026_25_sep_20,Citizen Science (ultrasonic) - shared
59~40306+18~07249_20260925_200312.wav,DEV_001_20260925_200312.wav,0,59.40306,18.07249,Leppun,Leptophyes punctatissima,Speckled Bush-cricket,bush-cricket,0.99,,,25/09/2026,25/09/2026,20:03:12,ClassifEspSWE-0002026-05-29_1,JOHANKARLSSON,202609261749LURHAINK,2026_25_sep_20,Citizen Science (ultrasonic) - shared
59~40306+18~07249_20260925_200317.wav,DEV_001_20260925_200317.wav,0,59.40306,18.07249,Leppun,Leptophyes punctatissima,Speckled Bush-cricket,bush-cricket,0.99,,,25/09/2026,25/09/2026,20:03:17,ClassifEspSWE-0002026-05-29_1,JOHANKARLSSON,202609261749LURHAINK,2026_25_sep_20,Citizen Science (ultrasonic) - shared
59~40306+18~07249_20260925_200322.wav,DEV_001_20260925_200322.wav,0,59.40306,18.07249,Leppun,Leptophyes punctatissima,Speckled Bush-cricket,bush-cricket,0.99,,,25/09/2026,25/09/2026,20:03:22,ClassifEspSWE-0002026-05-29_1,JOHANKARLSSON,202609261749LURHAINK,2026_25_sep_20,Citizen Science (ultrasonic) - shared
59~40306+18~07249_20260925_200328.wav,DEV_001_20260925_200328.wav,0,59.40306,18.07249,Leppun,Leptophyes punctatissima,Speckled Bush-cricket,bush-cricket,0.99,,,25/09/2026,25/09/2026,20:03:28,ClassifEspSWE-0002026-05-29_1,JOHANKARLSSON,202609261749LURHAINK,2026_25_sep_20,Citizen Science (ultrasonic) - shared
59~40306+18~07249_20260925_200334.wav,DEV_001_20260925_200334.wav,0,59.40306,18.07249,Leppun,Leptophyes punctatissima,Speckled Bush-cricket,bush-cricket,0.99,,,25/09/2026,25/09/2026,20:03:34,ClassifEspSWE-0002026-05-29_1,JOHANKARLSSON,202609261749LURHAINK,2026_25_sep_20,Citizen Science (ultrasonic) - shared
59~40306+18~07249_20260925_200339.wav,DEV_001_20260925_200339.wav,0,59.40306,18.07249,Leppun,Leptophyes punctatissima,Speckled Bush-cricket,bush-cricket,0.99,,,25/09/2026,25/09/2026,20:03:39,ClassifEspSWE-0002026-05-29_1,JOHANKARLSSON,202609261749LURHAINK,2026_25_sep_20,Citizen Science (ultrasonic) - shared
59~40306+18~07249_20260925_200346.wav,DEV_001_20260925_200346.wav,0,59.40306,18.07249,Leppun,Leptophyes punctatissima,Speckled Bush-cricket,bush-cricket,0.99,,,25/09/2026,25/09/2026,20:03:46,ClassifEspSWE-0002026-05-29_1,JOHANKARLSSON,202609261749LURHAINK,2026_25_sep_20,Citizen Science (ultrasonic) - shared
59~40306+18~07249_20260925_200351.wav,DEV_001_20260925_200351.wav,0,59.40306,18.07249,Leppun,Leptophyes punctatissima,Speckled Bush-cricket,bush-cricket,0.99,,,25/09/2026,25/09/2026,20:03:51,ClassifEspSWE-0002026-05-29_1,JOHANKARLSSON,202609261749LURHAINK,2026_25_sep_20,Citizen Science (ultrasonic) - shared
59~40306+18~07249_20260925_200358.wav,DEV_001_20260925_200358.wav,0,59.40306,18.07249,Leppun,Leptophyes punctatissima,Speckled Bush-cricket,bush-cricket,0.99,,,25/09/2026,25/09/2026,20:03:58,ClassifEspSWE-0002026-05-29_1,JOHANKARLSSON,202609261749LURHAINK,2026_25_sep_20,Citizen Science (ultrasonic) - shared
59~40306+18~07249_20260925_200404.wav,DEV_001_20260925_200404.wav,0,59.40306,18.07249,Leppun,Leptophyes punctatissima,Speckled Bush-cricket,bush-cricket,0.99,,,25/09/2026,25/09/2026,20:04:04,ClassifEspSWE-0002026-05-29_1,JOHANKARLSSON,202609261749LURHAINK,2026_25_sep_20,Citizen Science (ultrasonic) - shared
59~40306+18~07249_20260925_200411.wav,DEV_001_20260925_200411.wav,0,59.40306,18.07249,Leppun,Leptophyes punctatissima,Speckled Bush-cricket,bush-cricket,0.99,,,25/09/2026,25/09/2026,20:04:11,ClassifEspSWE-0002026-05-29_1,JOHANKARLSSON,202609261749LURHAINK,2026_25_sep_20,Citizen Science (ultrasonic) - shared
59~40306+18~07249_20260925_200417.wav,DEV_001_20260925_200417.wav,0,59.40306,18.07249,Leppun,Leptophyes punctatissima,Speckled Bush-cricket,bush-cricket,0.99,,,25/09/2026,25/09/2026,20:04:17,ClassifEspSWE-0002026-05-29_1,JOHANKARLSSON,202609261749LURHAINK,2026_25_sep_20,Citizen Science (ultrasonic) - shared
59~40306+18~07249_20260925_200424.wav,DEV_001_20260925_200424.wav,0,59.40306,18.07249,Leppun,Leptophyes punctatissima,Speckled Bush-cricket,bush-cricket,0.99,,,25/09/2026,25/09/2026,20:04:24,ClassifEspSWE-0002026-05-29_1,JOHANKARLSSON,202609261749LURHAINK,2026_25_sep_20,Citizen Science (ultrasonic) - shared
59~40306+18~07249_20260925_200429.wav,DEV_001_20260925_200429.wav,0,59.40306,18.07249,Leppun,Leptophyes punctatissima,Speckled Bush-cricket,bush-cricket,0.99,,,25/09/2026,25/09/2026,20:04:29,ClassifEspSWE-0002026-05-29_1,JOHANKARLSSON,202609261749LURHAINK,2026_25_sep_20,Citizen Science (ultrasonic) - shared
59~40306+18~07249_20260925_200436.wav,DEV_001_20260925_200436.wav,0,59.40306,18.07249,Leppun,Leptophyes punctatissima,Speckled Bush-cricket,bush-cricket,0.99,,,25/09/2026,25/09/2026,20:04:36,ClassifEspSWE-0002026-05-29_1,JOHANKARLSSON,202609261749LURHAINK,2026_25_sep_20,Citizen Science (ultrasonic) - shared
59~40306+18~07249_20260925_200442.wav,DEV_001_20260925_200442.wav,0,59.40306,18.07249,Leppun,Leptophyes punctatissima,Speckled Bush-cricket,bush-cricket,0.99,,,25/09/2026,25/09/2026,20:04:42,ClassifEspSWE-0002026-05-29_1,JOHANKARLSSON,202609261749LURHAINK,2026_25_sep_20,Citizen Science (ultrasonic) - shared
59~40306+18~07249_20260925_200447.wav,DEV_001_20260925_200447.wav,0,59.40306,18.07249,Leppun,Leptophyes punctatissima,Speckled Bush-cricket,bush-cricket,0.99,,,25/09/2026,25/09/2026,20:04:47,ClassifEspSWE-0002026-05-29_1,JOHANKARLSSON,202609261749LURHAINK,2026_25_sep_20,Citizen Science (ultrasonic) - shared
59~40306+18~07249_20260925_200454.wav,DEV_001_20260925_200454.wav,0,59.40306,18.07249,Leppun,Leptophyes punctatissima,Speckled Bush-cricket,bush-cricket,0.99,,,25/09/2026,25/09/2026,20:04:54,ClassifEspSWE-0002026-05-29_1,JOHANKARLSSON,202609261749LURHAINK,2026_25_sep_20,Citizen Science (ultrasonic) - shared
59~40306+18~07249_20260925_200459.wav,DEV_001_20260925_200459.wav,0,59.40306,18.07249,Leppun,Leptophyes punctatissima,Speckled Bush-cricket,bush-cricket,0.99,,,25/09/2026,25/09/2026,20:04:59,ClassifEspSWE-0002026-05-29_1,JOHANKARLSSON,202609261749LURHAINK,2026_25_sep_20,Citizen Science (ultrasonic) - shared
59~40306+18~07249_20260925_200504.wav,DEV_001_20260925_200504.wav,0,59.40306,18.07249,Leppun,Leptophyes punctatissima,Speckled Bush-cricket,bush-cricket,0.99,,,25/09/2026,25/09/2026,20:05:04,ClassifEspSWE-0002026-05-29_1,JOHANKARLSSON,202609261749LURHAINK,2026_25_sep_20,Citizen Science (ultrasonic) - shared
59~40306+18~07249_20260925_200510.wav,DEV_001_20260925_200510.wav,0,59.40306,18.07249,Leppun,Leptophyes punctatissima,Speckled Bush-cricket,bush-cricket,0.99,,,25/09/2026,25/09/2026,20:05:10,ClassifEspSWE-0002026-05-29_1,JOHANKARLSSON,202609261749LURHAINK,2026_25_sep_20,Citizen Science (ultrasonic) - shared
59~40306+18~07249_20260925_200517.wav,DEV_001_20260925_200517.wav,0,59.40306,18.07249,Leppun,Leptophyes punctatissima,Speckled Bush-cricket,bush-cricket,0.99,,,25/09/2026,25/09/2026,20:05:17,ClassifEspSWE-0002026-05-29_1,JOHANKARLSSON,202609261749LURHAINK,2026_25_sep_20,Citizen Science (ultrasonic) - shared
59~40306+18~07249_20260925_200522.wav,DEV_001_20260925_200522.wav,0,59.40306,18.07249,Leppun,Leptophyes punctatissima,Speckled Bush-cricket,bush-cricket,0.99,,,25/09/2026,25/09/2026,20:05:22,ClassifEspSWE-0002026-05-29_1,JOHANKARLSSON,202609261749LURHAINK,2026_25_sep_20,Citizen Science (ultrasonic) - shared
59~40306+18~07249_20260925_200528.wav,DEV_001_20260925_200528.wav,0,59.40306,18.07249,Leppun,Leptophyes punctatissima,Speckled Bush-cricket,bush-cricket,0.99,,,25/09/2026,25/09/2026,20:05:28,ClassifEspSWE-0002026-05-29_1,JOHANKARLSSON,202609261749LURHAINK,2026_25_sep_20,Citizen Science (ultrasonic) - shared
59~40306+18~07249_20260925_200534.wav,DEV_001_20260925_200534.wav,0,59.40306,18.07249,Leppun,Leptophyes punctatissima,Speckled Bush-cricket,bush-cricket,0.99,,,25/09/2026,25/09/2026,20:05:34,ClassifEspSWE-0002026-05-29_1,JOHANKARLSSON,202609261749LURHAINK,2026_25_sep_20,Citizen Science (ultrasonic) - shared
59~40306+18~07249_20260925_200541.wav,DEV_001_20260925_200541.wav,0,59.40306,18.07249,Leppun,Leptophyes punctatissima,Speckled Bush-cricket,bush-cricket,0.99,,,25/09/2026,25/09/2026,20:05:41,ClassifEspSWE-0002026-05-29_1,JOHANKARLSSON,202609261749LURHAINK,2026_25_sep_20,Citizen Science (ultrasonic) - shared
59~40306+18~07249_20260925_200547.wav,DEV_001_20260925_200547.wav,0,59.40306,18.07249,Leppun,Leptophyes punctatissima,Speckled Bush-cricket,bush-cricket,0.99,,,25/09/2026,25/09/2026,20:05:47,ClassifEspSWE-0002026-05-29_1,JOHANKARLSSON,202609261749LURHAINK,2026_25_sep_20,Citizen Science (ultrasonic) - shared
59~40306+18~07249_20260925_200553.wav,DEV_001_20260925_200553.wav,0,59.40306,18.07249,Leppun,Leptophyes punctatissima,Speckled Bush-cricket,bush-cricket,0.99,,,25/09/2026,25/09/2026,20:05:53,ClassifEspSWE-0002026-05-29_1,JOHANKARLSSON,202609261749LURHAINK,2026_25_sep_20,Citizen Science (ultrasonic) - shared
59~40306+18~07249_20260925_200559.wav,DEV_001_20260925_200559.wav,0,59.40306,18.07249,Leppun,Leptophyes punctatissima,Speckled Bush-cricket,bush-cricket,0.99,,,25/09/2026,25/09/2026,20:05:59,ClassifEspSWE-0002026-05-29_1,JOHANKARLSSON,202609261749LURHAINK,2026_25_sep_20,Citizen Science (ultrasonic) - shared
59~40306+18~07249_20260925_200605.wav,DEV_001_20260925_200605.wav,0,59.40306,18.07249,Leppun,Leptophyes punctatissima,Speckled Bush-cricket,bush-cricket,0.99,,,25/09/2026,25/09/2026,20:06:05,ClassifEspSWE-0002026-05-29_1,JOHANKARLSSON,202609261749LURHAINK,2026_25_sep_20,Citizen Science (ultrasonic) - shared
59~40306+18~07249_20260925_200611.wav,DEV_001_20260925_200611.wav,0,59.40306,18.07249,Leppun,Leptophyes punctatissima,Speckled Bush-cricket,bush-cricket,0.99,,,25/09/2026,25/09/2026,20:06:11,ClassifEspSWE-0002026-05-29_1,JOHANKARLSSON,202609261749LURHAINK,2026_25_sep_20,Citizen Science (ultrasonic) - shared
59~40306+18~07249_20260925_200616.wav,DEV_001_20260925_200616.wav,0,59.40306,18.07249,Leppun,Leptophyes punctatissima,Speckled Bush-cricket,bush-cricket,0.99,,,25/09/2026,25/09/2026,20:06:16,ClassifEspSWE-0002026-05-29_1,JOHANKARLSSON,202609261749LURHAINK,2026_25_sep_20,Citizen Science (ultrasonic) - shared
59~40306+18~07249_20260925_200621.wav,DEV_001_20260925_200621.wav,0,59.40306,18.07249,Leppun,Leptophyes punctatissima,Speckled Bush-cricket,bush-cricket,0.99,,,25/09/2026,25/09/2026,20:06:21,ClassifEspSWE-0002026-05-29_1,JOHANKARLSSON,202609261749LURHAINK,2026_25_sep_20,Citizen Science (ultrasonic) - shared
59~40306+18~07249_20260925_200627.wav,DEV_001_20260925_200627.wav,0,59.40306,18.07249,Leppun,Leptophyes punctatissima,Speckled Bush-cricket,bush-cricket,0.99,,,25/09/2026,25/09/2026,20:06:27,ClassifEspSWE-0002026-05-29_1,JOHANKARLSSON,202609261749LURHAINK,2026_25_sep_20,Citizen Science (ultrasonic) - shared
59~40306+18~07249_20260925_200633.wav,DEV_001_20260925_200633.wav,0,59.40306,18.07249,Leppun,Leptophyes punctatissima,Speckled Bush-cricket,bush-cricket,0.99,,,25/09/2026,25/09/2026,20:06:33,ClassifEspSWE-0002026-05-29_1,JOHANKARLSSON,202609261749LURHAINK,2026_25_sep_20,Citizen Science (ultrasonic) - shared
59~40306+18~07249_20260925_200638.wav,DEV_001_20260925_200638.wav,0,59.40306,18.07249,Leppun,Leptophyes punctatissima,Speckled Bush-cricket,bush-cricket,0.99,,,25/09/2026,25/09/2026,20:06:38,ClassifEspSWE-0002026-05-29_1,JOHANKARLSSON,202609261749LURHAINK,2026_25_sep_20,Citizen Science (ultrasonic) - shared
59~40306+18~07249_20260925_200644.wav,DEV_001_20260925_200644.wav,0,59.40306,18.07249,Leppun,Leptophyes punctatissima,Speckled Bush-cricket,bush-cricket,0.99,,,25/09/2026,25/09/2026,20:06:44,ClassifEspSWE-0002026-05-29_1,JOHANKARLSSON,202609261749LURHAINK,2026_25_sep_20,Citizen Science (ultrasonic) - shared
59~40306+18~07249_20260925_200649.wav,DEV_001_20260925_200649.wav,0,59.40306,18.07249,Leppun,Leptophyes punctatissima,Speckled Bush-cricket,bush-cricket,0.99,,,25/09/2026,25/09/2026,20:06:49,ClassifEspSWE-0002026-05-29_1,JOHANKARLSSON,202609261749LURHAINK,2026_25_sep_20,Citizen Science (ultrasonic) - shared
59~40306+18~07249_20260925_200655.wav,DEV_001_20260925_200655.wav,0,59.40306,18.07249,Leppun,Leptophyes punctatissima,Speckled Bush-cricket,bush-cricket,0.99,,,25/09/2026,25/09/2026,20:06:55,ClassifEspSWE-0002026-05-29_1,JOHANKARLSSON,202609261749LURHAINK,2026_25_sep_20,Citizen Science (ultrasonic) - shared
59~40306+18~07249_20260925_200702.wav,DEV_001_20260925_200702.wav,0,59.40306,18.07249,Leppun,Leptophyes punctatissima,Speckled Bush-cricket,bush-cricket,0.99,,,25/09/2026,25/09/2026,20:07:02,ClassifEspSWE-0002026-05-29_1,JOHANKARLSSON,202609261749LURHAINK,2026_25_sep_20,Citizen Science (ultrasonic) - shared
59~40306+18~07249_20260925_200709.wav,DEV_001_20260925_200709.wav,0,59.40306,18.07249,Leppun,Leptophyes punctatissima,Speckled Bush-cricket,bush-cricket,0.99,,,25/09/2026,25/09/2026,20:07:09,ClassifEspSWE-0002026-05-29_1,JOHANKARLSSON,202609261749LURHAINK,2026_25_sep_20,Citizen Science (ultrasonic) - shared
59~40306+18~07249_20260925_200714.wav,DEV_001_20260925_200714.wav,0,59.40306,18.07249,Leppun,Leptophyes punctatissima,Speckled Bush-cricket,bush-cricket,0.99,,,25/09/2026,25/09/2026,20:07:14,ClassifEspSWE-0002026-05-29_1,JOHANKARLSSON,202609261749LURHAINK,2026_25_sep_20,Citizen Science (ultrasonic) - shared
59~40306+18~07249_20260925_200720.wav,DEV_001_20260925_200720.wav,0,59.40306,18.07249,Leppun,Leptophyes punctatissima,Speckled Bush-cricket,bush-cricket,0.99,,,25/09/2026,25/09/2026,20:07:20,ClassifEspSWE-0002026-05-29_1,JOHANKARLSSON,202609261749LURHAINK,2026_25_sep_20,Citizen Science (ultrasonic) - shared
59~40306+18~07249_20260925_200725.wav,DEV_001_20260925_200725.wav,0,59.40306,18.07249,Leppun,Leptophyes punctatissima,Speckled Bush-cricket,bush-cricket,0.99,,,25/09/2026,25/09/2026,20:07:25,ClassifEspSWE-0002026-05-29_1,JOHANKARLSSON,202609261749LURHAINK,2026_25_sep_20,Citizen Science (ultrasonic) - shared
59~40306+18~07249_20260925_200731.wav,DEV_001_20260925_200731.wav,0,59.40306,18.07249,Leppun,Leptophyes punctatissima,Speckled Bush-cricket,bush-cricket,0.99,,,25/09/2026,25/09/2026,20:07:31,ClassifEspSWE-0002026-05-29_1,JOHANKARLSSON,202609261749LURHAINK,2026_25_sep_20,Citizen Science (ultrasonic) - shared
59~40306+18~07249_20260925_200736.wav,DEV_001_20260925_200736.wav,0,59.40306,18.07249,Leppun,Leptophyes punctatissima,Speckled Bush-cricket,bush-cricket,0.99,,,25/09/2026,25/09/2026,20:07:36,ClassifEspSWE-0002026-05-29_1,JOHANKARLSSON,202609261749LURHAINK,2026_25_sep_20,Citizen Science (ultrasonic) - shared
59~40306+18~07249_20260925_200742.wav,DEV_001_20260925_200742.wav,0,59.40306,18.07249,Leppun,Leptophyes punctatissima,Speckled Bush-cricket,bush-cricket,0.99,,,25/09/2026,25/09/2026,20:07:42,ClassifEspSWE-0002026-05-29_1,JOHANKARLSSON,202609261749LURHAINK,2026_25_sep_20,Citizen Science (ultrasonic) - shared
59~40306+18~07249_20260925_200747.wav,DEV_001_20260925_200747.wav,0,59.40306,18.07249,Leppun,Leptophyes punctatissima,Speckled Bush-cricket,bush-cricket,0.99,,,25/09/2026,25/09/2026,20:07:47,ClassifEspSWE-0002026-05-29_1,JOHANKARLSSON,202609261749LURHAINK,2026_25_sep_20,Citizen Science (ultrasonic) - shared
59~40306+18~07249_20260925_200752.wav,DEV_001_20260925_200752.wav,0,59.40306,18.07249,Leppun,Leptophyes punctatissima,Speckled Bush-cricket,bush-cricket,0.99,,,25/09/2026,25/09/2026,20:07:52,ClassifEspSWE-0002026-05-29_1,JOHANKARLSSON,202609261749LURHAINK,2026_25_sep_20,Citizen Science (ultrasonic) - shared
59~40306+18~07249_20260925_200757.wav,DEV_001_20260925_200757.wav,0,59.40306,18.07249,Leppun,Leptophyes punctatissima,Speckled Bush-cricket,bush-cricket,0.99,,,25/09/2026,25/09/2026,20:07:57,ClassifEspSWE-0002026-05-29_1,JOHANKARLSSON,202609261749LURHAINK,2026_25_sep_20,Citizen Science (ultrasonic) - shared
59~40306+18~07249_20260925_200803.wav,DEV_001_20260925_200803.wav,0,59.40306,18.07249,Leppun,Leptophyes punctatissima,Speckled Bush-cricket,bush-cricket,0.99,,,25/09/2026,25/09/2026,20:08:03,ClassifEspSWE-0002026-05-29_1,JOHANKARLSSON,202609261749LURHAINK,2026_25_sep_20,Citizen Science (ultrasonic) - shared
59~40306+18~07249_20260925_200809.wav,DEV_001_20260925_200809.wav,0,59.40306,18.07249,Leppun,Leptophyes punctatissima,Speckled Bush-cricket,bush-cricket,0.99,,,25/09/2026,25/09/2026,20:08:09,ClassifEspSWE-0002026-05-29_1,JOHANKARLSSON,202609261749LURHAINK,2026_25_sep_20,Citizen Science (ultrasonic) - shared
59~40306+18~07249_20260925_200816.wav,DEV_001_20260925_200816.wav,0,59.40306,18.07249,Leppun,Leptophyes punctatissima,Speckled Bush-cricket,bush-cricket,0.99,,,25/09/2026,25/09/2026,20:08:16,ClassifEspSWE-0002026-05-29_1,JOHANKARLSSON,202609261749LURHAINK,2026_25_sep_20,Citizen Science (ultrasonic) - shared
59~40306+18~07249_20260925_200821.wav,DEV_001_20260925_200821.wav,0,59.40306,18.07249,Leppun,Leptophyes punctatissima,Speckled Bush-cricket,bush-cricket,0.99,,,25/09/2026,25/09/2026,20:08:21,ClassifEspSWE-0002026-05-29_1,JOHANKARLSSON,202609261749LURHAINK,2026_25_sep_20,Citizen Science (ultrasonic) - shared
59~40306+18~07249_20260925_200828.wav,DEV_001_20260925_200828.wav,0,59.40306,18.07249,Leppun,Leptophyes punctatissima,Speckled Bush-cricket,bush-cricket,0.99,,,25/09/2026,25/09/2026,20:08:28,ClassifEspSWE-0002026-05-29_1,JOHANKARLSSON,202609261749LURHAINK,2026_25_sep_20,Citizen Science (ultrasonic) - shared
59~40306+18~07249_20260925_200833.wav,DEV_001_20260925_200833.wav,0,59.40306,18.07249,Leppun,Leptophyes punctatissima,Speckled Bush-cricket,bush-cricket,0.99,,,25/09/2026,25/09/2026,20:08:33,ClassifEspSWE-0002026-05-29_1,JOHANKARLSSON,202609261749LURHAINK,2026_25_sep_20,Citizen Science (ultrasonic) - shared
59~40306+18~07249_20260925_200839.wav,DEV_001_20260925_200839.wav,0,59.40306,18.07249,Leppun,Leptophyes punctatissima,Speckled Bush-cricket,bush-cricket,0.99,,,25/09/2026,25/09/2026,20:08:39,ClassifEspSWE-0002026-05-29_1,JOHANKARLSSON,202609261749LURHAINK,2026_25_sep_20,Citizen Science (ultrasonic) - shared
59~40306+18~07249_20260925_200844.wav,DEV_001_20260925_200844.wav,0,59.40306,18.07249,Leppun,Leptophyes punctatissima,Speckled Bush-cricket,bush-cricket,0.99,,,25/09/2026,25/09/2026,20:08:44,ClassifEspSWE-0002026-05-29_1,JOHANKARLSSON,202609261749LURHAINK,2026_25_sep_20,Citizen Science (ultrasonic) - shared
59~40306+18~07249_20260925_200849.wav,DEV_001_20260925_200849.wav,0,59.40306,18.07249,Leppun,Leptophyes punctatissima,Speckled Bush-cricket,bush-cricket,0.99,,,25/09/2026,25/09/2026,20:08:49,ClassifEspSWE-0002026-05-29_1,JOHANKARLSSON,202609261749LURHAINK,2026_25_sep_20,Citizen Science (ultrasonic) - shared
59~40306+18~07249_20260925_200855.wav,DEV_001_20260925_200855.wav,0,59.40306,18.07249,Leppun,Leptophyes punctatissima,Speckled Bush-cricket,bush-cricket,0.99,,,25/09/2026,25/09/2026,20:08:55,ClassifEspSWE-0002026-05-29_1,JOHANKARLSSON,202609261749LURHAINK,2026_25_sep_20,Citizen Science (ultrasonic) - shared
59~40306+18~07249_20260925_200900.wav,DEV_001_20260925_200900.wav,0,59.40306,18.07249,Leppun,Leptophyes punctatissima,Speckled Bush-cricket,bush-cricket,0.99,,,25/09/2026,25/09/2026,20:09:00,ClassifEspSWE-0002026-05-29_1,JOHANKARLSSON,202609261749LURHAINK,2026_25_sep_20,Citizen Science (ultrasonic) - shared
59~40306+18~07249_20260925_200906.wav,DEV_001_20260925_200906.wav,0,59.40306,18.07249,Leppun,Leptophyes punctatissima,Speckled Bush-cricket,bush-cricket,0.99,,,25/09/2026,25/09/2026,20:09:06,ClassifEspSWE-0002026-05-29_1,JOHANKARLSSON,202609261749LURHAINK,2026_25_sep_20,Citizen Science (ultrasonic) - shared
59~40306+18~07249_20260925_200912.wav,DEV_001_20260925_200912.wav,0,59.40306,18.07249,Leppun,Leptophyes punctatissima,Speckled Bush-cricket,bush-cricket,0.99,,,25/09/2026,25/09/2026,20:09:12,ClassifEspSWE-0002026-05-29_1,JOHANKARLSSON,202609261749LURHAINK,2026_25_sep_20,Citizen Science (ultrasonic) - shared
59~40306+18~07249_20260925_200919.wav,DEV_001_20260925_200919.wav,0,59.40306,18.07249,Leppun,Leptophyes punctatissima,Speckled Bush-cricket,bush-cricket,0.99,,,25/09/2026,25/09/2026,20:09:19,ClassifEspSWE-0002026-05-29_1,JOHANKARLSSON,202609261749LURHAINK,2026_25_sep_20,Citizen Science (ultrasonic) - shared
59~40306+18~07249_20260925_200924.wav,DEV_001_20260925_200924.wav,0,59.40306,18.07249,Leppun,Leptophyes punctatissima,Speckled Bush-cricket,bush-cricket,0.99,,,25/09/2026,25/09/2026,20:09:24,ClassifEspSWE-0002026-05-29_1,JOHANKARLSSON,202609261749LURHAINK,2026_25_sep_20,Citizen Science (ultrasonic) - shared
59~40306+18~07249_20260925_200930.wav,DEV_001_20260925_200930.wav,0,59.40306,18.07249,Leppun,Leptophyes punctatissima,Speckled Bush-cricket,bush-cricket,0.99,,,25/09/2026,25/09/2026,20:09:30,ClassifEspSWE-0002026-05-29_1,JOHANKARLSSON,202609261749LURHAINK,2026_25_sep_20,Citizen Science (ultrasonic) - shared
59~40306+18~07249_20260925_200935.wav,DEV_001_20260925_200935.wav,0,59.40306,18.07249,Leppun,Leptophyes punctatissima,Speckled Bush-cricket,bush-cricket,0.99,,,25/09/2026,25/09/2026,20:09:35,ClassifEspSWE-0002026-05-29_1,JOHANKARLSSON,202609261749LURHAINK,2026_25_sep_20,Citizen Science (ultrasonic) - shared
59~40306+18~07249_20260925_200940.wav,DEV_001_20260925_200940.wav,0,59.40306,18.07249,Leppun,Leptophyes punctatissima,Speckled Bush-cricket,bush-cricket,0.99,,,25/09/2026,25/09/2026,20:09:40,ClassifEspSWE-0002026-05-29_1,JOHANKARLSSON,202609261749LURHAINK,2026_25_sep_20,Citizen Science (ultrasonic) - shared
59~40306+18~07249_20260925_200947.wav,DEV_001_20260925_200947.wav,0,59.40306,18.07249,Leppun,Leptophyes punctatissima,Speckled Bush-cricket,bush-cricket,0.99,,,25/09/2026,25/09/2026,20:09:47,ClassifEspSWE-0002026-05-29_1,JOHANKARLSSON,202609261749LURHAINK,2026_25_sep_20,Citizen Science (ultrasonic) - shared
59~40306+18~07249_20260925_200953.wav,DEV_001_20260925_200953.wav,0,59.40306,18.07249,Leppun,Leptophyes punctatissima,Speckled Bush-cricket,bush-cricket,0.99,,,25/09/2026,25/09/2026,20:09:53,ClassifEspSWE-0002026-05-29_1,JOHANKARLSSON,202609261749LURHAINK,2026_25_sep_20,Citizen Science (ultrasonic) - shared
59~40306+18~07249_20260925_200958.wav,DEV_001_20260925_200958.wav,0,59.40306,18.07249,Leppun,Leptophyes punctatissima,Speckled Bush-cricket,bush-cricket,0.99,,,25/09/2026,25/09/2026,20:09:58,ClassifEspSWE-0002026-05-29_1,JOHANKARLSSON,202609261749LURHAINK,2026_25_sep_20,Citizen Science (ultrasonic) - shared
59~40306+18~07249_20260925_201005.wav,DEV_001_20260925_201005.wav,0,59.40306,18.07249,Leppun,Leptophyes punctatissima,Speckled Bush-cricket,bush-cricket,0.99,,,25/09/2026,25/09/2026,20:10:05,ClassifEspSWE-0002026-05-29_1,JOHANKARLSSON,202609261749LURHAINK,2026_25_sep_20,Citizen Science (ultrasonic) - shared
59~40306+18~07249_20260925_201012.wav,DEV_001_20260925_201012.wav,0,59.40306,18.07249,Leppun,Leptophyes punctatissima,Speckled Bush-cricket,bush-cricket,0.99,,,25/09/2026,25/09/2026,20:10:12,ClassifEspSWE-0002026-05-29_1,JOHANKARLSSON,202609261749LURHAINK,2026_25_sep_20,Citizen Science (ultrasonic) - shared
59~40306+18~07249_20260925_201018.wav,DEV_001_20260925_201018.wav,0,59.40306,18.07249,Leppun,Leptophyes punctatissima,Speckled Bush-cricket,bush-cricket,0.99,,,25/09/2026,25/09/2026,20:10:18,ClassifEspSWE-0002026-05-29_1,JOHANKARLSSON,202609261749LURHAINK,2026_25_sep_20,Citizen Science (ultrasonic) - shared
59~40306+18~07249_20260925_201024.wav,DEV_001_20260925_201024.wav,0,59.40306,18.07249,Leppun,Leptophyes punctatissima,Speckled Bush-cricket,bush-cricket,0.99,,,25/09/2026,25/09/2026,20:10:24,ClassifEspSWE-0002026-05-29_1,JOHANKARLSSON,202609261749LURHAINK,2026_25_sep_20,Citizen Science (ultrasonic) - shared
59~40306+18~07249_20260925_201029.wav,DEV_001_20260925_201029.wav,0,59.40306,18.07249,Leppun,Leptophyes punctatissima,Speckled Bush-cricket,bush-cricket,0.99,,,25/09/2026,25/09/2026,20:10:29,ClassifEspSWE-0002026-05-29_1,JOHANKARLSSON,202609261749LURHAINK,2026_25_sep_20,Citizen Science (ultrasonic) - shared
59~40306+18~07249_20260925_201036.wav,DEV_001_20260925_201036.wav,0,59.40306,18.07249,Leppun,Leptophyes punctatissima,Speckled Bush-cricket,bush-cricket,0.99,,,25/09/2026,25/09/2026,20:10:36,ClassifEspSWE-0002026-05-29_1,JOHANKARLSSON,202609261749LURHAINK,2026_25_sep_20,Citizen Science (ultrasonic) - shared
59~40306+18~07249_20260925_201042.wav,DEV_001_20260925_201042.wav,0,59.40306,18.07249,Leppun,Leptophyes punctatissima,Speckled Bush-cricket,bush-cricket,0.99,,,25/09/2026,25/09/2026,20:10:42,ClassifEspSWE-0002026-05-29_1,JOHANKARLSSON,202609261749LURHAINK,2026_25_sep_20,Citizen Science (ultrasonic) - shared
59~40306+18~07249_20260925_201048.wav,DEV_001_20260925_201048.wav,0,59.40306,18.07249,Leppun,Leptophyes punctatissima,Speckled Bush-cricket,bush-cricket,0.99,,,25/09/2026,25/09/2026,20:10:48,ClassifEspSWE-0002026-05-29_1,JOHANKARLSSON,202609261749LURHAINK,2026_25_sep_20,Citizen Science (ultrasonic) - shared
59~40306+18~07249_20260925_201054.wav,DEV_001_20260925_201054.wav,0,59.40306,18.07249,Leppun,Leptophyes punctatissima,Speckled Bush-cricket,bush-cricket,0.99,,,25/09/2026,25/09/2026,20:10:54,ClassifEspSWE-0002026-05-29_1,JOHANKARLSSON,202609261749LURHAINK,2026_25_sep_20,Citizen Science (ultrasonic) - shared
59~40306+18~07249_20260925_201100.wav,DEV_001_20260925_201100.wav,0,59.40306,18.07249,Leppun,Leptophyes punctatissima,Speckled Bush-cricket,bush-cricket,0.99,,,25/09/2026,25/09/2026,20:11:00,ClassifEspSWE-0002026-05-29_1,JOHANKARLSSON,202609261749LURHAINK,2026_25_sep_20,Citizen Science (ultrasonic) - shared
59~40306+18~07249_20260925_201106.wav,DEV_001_20260925_201106.wav,0,59.40306,18.07249,Leppun,Leptophyes punctatissima,Speckled Bush-cricket,bush-cricket,0.99,,,25/09/2026,25/09/2026,20:11:06,ClassifEspSWE-0002026-05-29_1,JOHANKARLSSON,202609261749LURHAINK,2026_25_sep_20,Citizen Science (ultrasonic) - shared
59~40306+18~07249_20260925_201113.wav,DEV_001_20260925_201113.wav,0,59.40306,18.07249,Leppun,Leptophyes punctatissima,Speckled Bush-cricket,bush-cricket,0.99,,,25/09/2026,25/09/2026,20:11:13,ClassifEspSWE-0002026-05-29_1,JOHANKARLSSON,202609261749LURHAINK,2026_25_sep_20,Citizen Science (ultrasonic) - shared
59~40306+18~07249_20260925_201119.wav,DEV_001_20260925_201119.wav,0,59.40306,18.07249,Leppun,Leptophyes punctatissima,Speckled Bush-cricket,bush-cricket,0.99,,,25/09/2026,25/09/2026,20:11:19,ClassifEspSWE-0002026-05-29_1,JOHANKARLSSON,202609261749LURHAINK,2026_25_sep_20,Citizen Science (ultrasonic) - shared
59~40306+18~07249_20260925_201124.wav,DEV_001_20260925_201124.wav,0,59.40306,18.07249,Leppun,Leptophyes punctatissima,Speckled Bush-cricket,bush-cricket,0.99,,,25/09/2026,25/09/2026,20:11:24,ClassifEspSWE-0002026-05-29_1,JOHANKARLSSON,202609261749LURHAINK,2026_25_sep_20,Citizen Science (ultrasonic) - shared
59~40306+18~07249_20260925_201129.wav,DEV_001_20260925_201129.wav,0,59.40306,18.07249,Leppun,Leptophyes punctatissima,Speckled Bush-cricket,bush-cricket,0.99,,,25/09/2026,25/09/2026,20:11:29,ClassifEspSWE-0002026-05-29_1,JOHANKARLSSON,202609261749LURHAINK,2026_25_sep_20,Citizen Science (ultrasonic) - shared
59~40306+18~07249_20260925_201134.wav,DEV_001_20260925_201134.wav,0,59.40306,18.07249,Leppun,Leptophyes punctatissima,Speckled Bush-cricket,bush-cricket,0.99,,,25/09/2026,25/09/2026,20:11:34,ClassifEspSWE-0002026-05-29_1,JOHANKARLSSON,202609261749LURHAINK,2026_25_sep_20,Citizen Science (ultrasonic) - shared
59~40306+18~07249_20260925_201140.wav,DEV_001_20260925_201140.wav,0,59.40306,18.07249,Leppun,Leptophyes punctatissima,Speckled Bush-cricket,bush-cricket,0.99,,,25/09/2026,25/09/2026,20:11:40,ClassifEspSWE-0002026-05-29_1,JOHANKARLSSON,202609261749LURHAINK,2026_25_sep_20,Citizen Science (ultrasonic) - shared
59~40306+18~07249_20260925_201145.wav,DEV_001_20260925_201145.wav,0,59.40306,18.07249,Leppun,Leptophyes punctatissima,Speckled Bush-cricket,bush-cricket,0.99,,,25/09/2026,25/09/2026,20:11:45,ClassifEspSWE-0002026-05-29_1,JOHANKARLSSON,202609261749LURHAINK,2026_25_sep_20,Citizen Science (ultrasonic) - shared
59~40306+18~07249_20260925_201151.wav,DEV_001_20260925_201151.wav,0,59.40306,18.07249,Leppun,Leptophyes punctatissima,Speckled Bush-cricket,bush-cricket,0.99,,,25/09/2026,25/09/2026,20:11:51,ClassifEspSWE-0002026-05-29_1,JOHANKARLSSON,202609261749LURHAINK,2026_25_sep_20,Citizen Science (ultrasonic) - shared
59~40306+18~07249_20260925_201158.wav,DEV_001_20260925_201158.wav,0,59.40306,18.07249,Leppun,Leptophyes punctatissima,Speckled Bush-cricket,bush-cricket,0.99,,,25/09/2026,25/09/2026,20:11:58,ClassifEspSWE-0002026-05-29_1,JOHANKARLSSON,202609261749LURHAINK,2026_25_sep_20,Citizen Science (ultrasonic) - shared
59~40306+18~07249_20260925_201203.wav,DEV_001_20260925_201203.wav,0,59.40306,18.07249,Leppun,Leptophyes punctatissima,Speckled Bush-cricket,bush-cricket,0.99,,,25/09/2026,25/09/2026,20:12:03,ClassifEspSWE-0002026-05-29_1,JOHANKARLSSON,202609261749LURHAINK,2026_25_sep_20,Citizen Science (ultrasonic) - shared
59~40306+18~07249_20260925_201208.wav,DEV_001_20260925_201208.wav,0,59.40306,18.07249,Leppun,Leptophyes punctatissima,Speckled Bush-cricket,bush-cricket,0.99,,,25/09/2026,25/09/2026,20:12:08,ClassifEspSWE-0002026-05-29_1,JOHANKARLSSON,202609261749LURHAINK,2026_25_sep_20,Citizen Science (ultrasonic) - shared
59~40306+18~07249_20260925_201214.wav,DEV_001_20260925_201214.wav,0,59.40306,18.07249,Leppun,Leptophyes punctatissima,Speckled Bush-cricket,bush-cricket,0.99,,,25/09/2026,25/09/2026,20:12:14,ClassifEspSWE-0002026-05-29_1,JOHANKARLSSON,202609261749LURHAINK,2026_25_sep_20,Citizen Science (ultrasonic) - shared
59~40306+18~07249_20260925_201219.wav,DEV_001_20260925_201219.wav,0,59.40306,18.07249,Leppun,Leptophyes punctatissima,Speckled Bush-cricket,bush-cricket,0.99,,,25/09/2026,25/09/2026,20:12:19,ClassifEspSWE-0002026-05-29_1,JOHANKARLSSON,202609261749LURHAINK,2026_25_sep_20,Citizen Science (ultrasonic) - shared
59~40306+18~07249_20260925_201225.wav,DEV_001_20260925_201225.wav,0,59.40306,18.07249,Leppun,Leptophyes punctatissima,Speckled Bush-cricket,bush-cricket,0.99,,,25/09/2026,25/09/2026,20:12:25,ClassifEspSWE-0002026-05-29_1,JOHANKARLSSON,202609261749LURHAINK,2026_25_sep_20,Citizen Science (ultrasonic) - shared
59~40306+18~07249_20260925_201231.wav,DEV_001_20260925_201231.wav,0,59.40306,18.07249,Leppun,Leptophyes punctatissima,Speckled Bush-cricket,bush-cricket,0.99,,,25/09/2026,25/09/2026,20:12:31,ClassifEspSWE-0002026-05-29_1,JOHANKARLSSON,202609261749LURHAINK,2026_25_sep_20,Citizen Science (ultrasonic) - shared
59~40306+18~07249_20260925_201237.wav,DEV_001_20260925_201237.wav,0,59.40306,18.07249,Leppun,Leptophyes punctatissima,Speckled Bush-cricket,bush-cricket,0.99,,,25/09/2026,25/09/2026,20:12:37,ClassifEspSWE-0002026-05-29_1,JOHANKARLSSON,202609261749LURHAINK,2026_25_sep_20,Citizen Science (ultrasonic) - shared
59~40306+18~07249_20260925_201243.wav,DEV_001_20260925_201243.wav,0,59.40306,18.07249,Leppun,Leptophyes punctatissima,Speckled Bush-cricket,bush-cricket,0.99,,,25/09/2026,25/09/2026,20:12:43,ClassifEspSWE-0002026-05-29_1,JOHANKARLSSON,202609261749LURHAINK,2026_25_sep_20,Citizen Science (ultrasonic) - shared
59~40306+18~07249_20260925_201249.wav,DEV_001_20260925_201249.wav,0,59.40306,18.07249,Leppun,Leptophyes punctatissima,Speckled Bush-cricket,bush-cricket,0.99,,,25/09/2026,25/09/2026,20:12:49,ClassifEspSWE-0002026-05-29_1,JOHANKARLSSON,202609261749LURHAINK,2026_25_sep_20,Citizen Science (ultrasonic) - shared
59~40306+18~07249_20260925_201255.wav,DEV_001_20260925_201255.wav,0,59.40306,18.07249,Leppun,Leptophyes punctatissima,Speckled Bush-cricket,bush-cricket,0.99,,,25/09/2026,25/09/2026,20:12:55,ClassifEspSWE-0002026-05-29_1,JOHANKARLSSON,202609261749LURHAINK,2026_25_sep_20,Citizen Science (ultrasonic) - shared
59~40306+18~07249_20260925_201301.wav,DEV_001_20260925_201301.wav,0,59.40306,18.07249,Leppun,Leptophyes punctatissima,Speckled Bush-cricket,bush-cricket,0.99,,,25/09/2026,25/09/2026,20:13:01,ClassifEspSWE-0002026-05-29_1,JOHANKARLSSON,202609261749LURHAINK,2026_25_sep_20,Citizen Science (ultrasonic) - shared
59~40306+18~07249_20260925_201306.wav,DEV_001_20260925_201306.wav,0,59.40306,18.07249,Leppun,Leptophyes punctatissima,Speckled Bush-cricket,bush-cricket,0.99,,,25/09/2026,25/09/2026,20:13:06,ClassifEspSWE-0002026-05-29_1,JOHANKARLSSON,202609261749LURHAINK,2026_25_sep_20,Citizen Science (ultrasonic) - shared
59~40306+18~07249_20260925_201312.wav,DEV_001_20260925_201312.wav,0,59.40306,18.07249,Leppun,Leptophyes punctatissima,Speckled Bush-cricket,bush-cricket,0.99,,,25/09/2026,25/09/2026,20:13:12,ClassifEspSWE-0002026-05-29_1,JOHANKARLSSON,202609261749LURHAINK,2026_25_sep_20,Citizen Science (ultrasonic) - shared
59~40306+18~07249_20260925_201317.wav,DEV_001_20260925_201317.wav,0,59.40306,18.07249,Leppun,Leptophyes punctatissima,Speckled Bush-cricket,bush-cricket,0.99,,,25/09/2026,25/09/2026,20:13:17,ClassifEspSWE-0002026-05-29_1,JOHANKARLSSON,202609261749LURHAINK,2026_25_sep_20,Citizen Science (ultrasonic) - shared
59~40306+18~07249_20260925_201323.wav,DEV_001_20260925_201323.wav,0,59.40306,18.07249,Leppun,Leptophyes punctatissima,Speckled Bush-cricket,bush-cricket,0.99,,,25/09/2026,25/09/2026,20:13:23,ClassifEspSWE-0002026-05-29_1,JOHANKARLSSON,202609261749LURHAINK,2026_25_sep_20,Citizen Science (ultrasonic) - shared
59~40306+18~07249_20260925_201329.wav,DEV_001_20260925_201329.wav,0,59.40306,18.07249,Leppun,Leptophyes punctatissima,Speckled Bush-cricket,bush-cricket,0.99,,,25/09/2026,25/09/2026,20:13:29,ClassifEspSWE-0002026-05-29_1,JOHANKARLSSON,202609261749LURHAINK,2026_25_sep_20,Citizen Science (ultrasonic) - shared
59~40306+18~07249_20260925_201336.wav,DEV_001_20260925_201336.wav,0,59.40306,18.07249,Leppun,Leptophyes punctatissima,Speckled Bush-cricket,bush-cricket,0.99,,,25/09/2026,25/09/2026,20:13:36,ClassifEspSWE-0002026-05-29_1,JOHANKARLSSON,202609261749LURHAINK,2026_25_sep_20,Citizen Science (ultrasonic) - shared
59~40306+18~07249_20260925_201342.wav,DEV_001_20260925_201342.wav,0,59.40306,18.07249,Leppun,Leptophyes punctatissima,Speckled Bush-cricket,bush-cricket,0.99,,,25/09/2026,25/09/2026,20:13:42,ClassifEspSWE-0002026-05-29_1,JOHANKARLSSON,202609261749LURHAINK,2026_25_sep_20,Citizen Science (ultrasonic) - shared
59~40306+18~07249_20260925_201349.wav,DEV_001_20260925_201349.wav,0,59.40306,18.07249,Leppun,Leptophyes punctatissima,Speckled Bush-cricket,bush-cricket,0.99,,,25/09/2026,25/09/2026,20:13:49,ClassifEspSWE-0002026-05-29_1,JOHANKARLSSON,202609261749LURHAINK,2026_25_sep_20,Citizen Science (ultrasonic) - shared
59~40306+18~07249_20260925_201355.wav,DEV_001_20260925_201355.wav,0,59.40306,18.07249,Leppun,Leptophyes punctatissima,Speckled Bush-cricket,bush-cricket,0.99,,,25/09/2026,25/09/2026,20:13:55,ClassifEspSWE-0002026-05-29_1,JOHANKARLSSON,202609261749LURHAINK,2026_25_sep_20,Citizen Science (ultrasonic) - shared
59~40306+18~07249_20260925_201400.wav,DEV_001_20260925_201400.wav,0,59.40306,18.07249,Leppun,Leptophyes punctatissima,Speckled Bush-cricket,bush-cricket,0.99,,,25/09/2026,25/09/2026,20:14:00,ClassifEspSWE-0002026-05-29_1,JOHANKARLSSON,202609261749LURHAINK,2026_25_sep_20,Citizen Science (ultrasonic) - shared
59~40306+18~07249_20260925_201405.wav,DEV_001_20260925_201405.wav,0,59.40306,18.07249,Leppun,Leptophyes punctatissima,Speckled Bush-cricket,bush-cricket,0.99,,,25/09/2026,25/09/2026,20:14:05,ClassifEspSWE-0002026-05-29_1,JOHANKARLSSON,202609261749LURHAINK,2026_25_sep_20,Citizen Science (ultrasonic) - shared
59~40306+18~07249_20260925_201412.wav,DEV_001_20260925_201412.wav,0,59.40306,18.07249,Leppun,Leptophyes punctatissima,Speckled Bush-cricket,bush-cricket,0.99,,,25/09/2026,25/09/2026,20:14:12,ClassifEspSWE-0002026-05-29_1,JOHANKARLSSON,202609261749LURHAINK,2026_25_sep_20,Citizen Science (ultrasonic) - shared
59~40306+18~07249_20260925_201417.wav,DEV_001_20260925_201417.wav,0,59.40306,18.07249,Leppun,Leptophyes punctatissima,Speckled Bush-cricket,bush-cricket,0.99,,,25/09/2026,25/09/2026,20:14:17,ClassifEspSWE-0002026-05-29_1,JOHANKARLSSON,202609261749LURHAINK,2026_25_sep_20,Citizen Science (ultrasonic) - shared
59~40306+18~07249_20260925_201423.wav,DEV_001_20260925_201423.wav,0,59.40306,18.07249,Leppun,Leptophyes punctatissima,Speckled Bush-cricket,bush-cricket,0.99,,,25/09/2026,25/09/2026,20:14:23,ClassifEspSWE-0002026-05-29_1,JOHANKARLSSON,202609261749LURHAINK,2026_25_sep_20,Citizen Science (ultrasonic) - shared
59~40306+18~07249_20260925_201429.wav,DEV_001_20260925_201429.wav,0,59.40306,18.07249,Leppun,Leptophyes punctatissima,Speckled Bush-cricket,bush-cricket,0.99,,,25/09/2026,25/09/2026,20:14:29,ClassifEspSWE-0002026-05-29_1,JOHANKARLSSON,202609261749LURHAINK,2026_25_sep_20,Citizen Science (ultrasonic) - shared
59~40306+18~07249_20260925_201435.wav,DEV_001_20260925_201435.wav,0,59.40306,18.07249,Leppun,Leptophyes punctatissima,Speckled Bush-cricket,bush-cricket,0.99,,,25/09/2026,25/09/2026,20:14:35,ClassifEspSWE-0002026-05-29_1,JOHANKARLSSON,202609261749LURHAINK,2026_25_sep_20,Citizen Science (ultrasonic) - shared
59~40306+18~07249_20260925_201441.wav,DEV_001_20260925_201441.wav,0,59.40306,18.07249,Leppun,Leptophyes punctatissima,Speckled Bush-cricket,bush-cricket,0.99,,,25/09/2026,25/09/2026,20:14:41,ClassifEspSWE-0002026-05-29_1,JOHANKARLSSON,202609261749LURHAINK,2026_25_sep_20,Citizen Science (ultrasonic) - shared
59~40306+18~07249_20260925_201446.wav,DEV_001_20260925_201446.wav,0,59.40306,18.07249,Leppun,Leptophyes punctatissima,Speckled Bush-cricket,bush-cricket,0.99,,,25/09/2026,25/09/2026,20:14:46,ClassifEspSWE-0002026-05-29_1,JOHANKARLSSON,202609261749LURHAINK,2026_25_sep_20,Citizen Science (ultrasonic) - shared
59~40306+18~07249_20260925_201453.wav,DEV_001_20260925_201453.wav,0,59.40306,18.07249,Leppun,Leptophyes punctatissima,Speckled Bush-cricket,bush-cricket,0.99,,,25/09/2026,25/09/2026,20:14:53,ClassifEspSWE-0002026-05-29_1,JOHANKARLSSON,202609261749LURHAINK,2026_25_sep_20,Citizen Science (ultrasonic) - shared
59~40306+18~07249_20260925_201458.wav,DEV_001_20260925_201458.wav,0,59.40306,18.07249,Leppun,Leptophyes punctatissima,Speckled Bush-cricket,bush-cricket,0.99,,,25/09/2026,25/09/2026,20:14:58,ClassifEspSWE-0002026-05-29_1,JOHANKARLSSON,202609261749LURHAINK,2026_25_sep_20,Citizen Science (ultrasonic) - shared
59~40306+18~07249_20260925_201504.wav,DEV_001_20260925_201504.wav,0,59.40306,18.07249,Leppun,Leptophyes punctatissima,Speckled Bush-cricket,bush-cricket,0.99,,,25/09/2026,25/09/2026,20:15:04,ClassifEspSWE-0002026-05-29_1,JOHANKARLSSON,202609261749LURHAINK,2026_25_sep_20,Citizen Science (ultrasonic) - shared
59~40306+18~07249_20260925_201509.wav,DEV_001_20260925_201509.wav,0,59.40306,18.07249,Leppun,Leptophyes punctatissima,Speckled Bush-cricket,bush-cricket,0.99,,,25/09/2026,25/09/2026,20:15:09,ClassifEspSWE-0002026-05-29_1,JOHANKARLSSON,202609261749LURHAINK,2026_25_sep_20,Citizen Science (ultrasonic) - shared
59~40306+18~07249_20260925_201516.wav,DEV_001_20260925_201516.wav,0,59.40306,18.07249,Leppun,Leptophyes punctatissima,Speckled Bush-cricket,bush-cricket,0.99,,,25/09/2026,25/09/2026,20:15:16,ClassifEspSWE-0002026-05-29_1,JOHANKARLSSON,202609261749LURHAINK,2026_25_sep_20,Citizen Science (ultrasonic) - shared
59~40306+18~07249_20260925_201521.wav,DEV_001_20260925_201521.wav,0,59.40306,18.07249,Leppun,Leptophyes punctatissima,Speckled Bush-cricket,bush-cricket,0.99,,,25/09/2026,25/09/2026,20:15:21,ClassifEspSWE-0002026-05-29_1,JOHANKARLSSON,202609261749LURHAINK,2026_25_sep_20,Citizen Science (ultrasonic) - shared
59~40306+18~07249_20260925_201527.wav,DEV_001_20260925_201527.wav,0,59.40306,18.07249,Leppun,Leptophyes punctatissima,Speckled Bush-cricket,bush-cricket,0.99,,,25/09/2026,25/09/2026,20:15:27,ClassifEspSWE-0002026-05-29_1,JOHANKARLSSON,202609261749LURHAINK,2026_25_sep_20,Citizen Science (ultrasonic) - shared
59~40306+18~07249_20260925_201533.wav,DEV_001_20260925_201533.wav,0,59.40306,18.07249,Leppun,Leptophyes punctatissima,Speckled Bush-cricket,bush-cricket,0.99,,,25/09/2026,25/09/2026,20:15:33,ClassifEspSWE-0002026-05-29_1,JOHANKARLSSON,202609261749LURHAINK,2026_25_sep_20,Citizen Science (ultrasonic) - shared
59~40306+18~07249_20260925_201539.wav,DEV_001_20260925_201539.wav,0,59.40306,18.07249,Leppun,Leptophyes punctatissima,Speckled Bush-cricket,bush-cricket,0.99,,,25/09/2026,25/09/2026,20:15:39,ClassifEspSWE-0002026-05-29_1,JOHANKARLSSON,202609261749LURHAINK,2026_25_sep_20,Citizen Science (ultrasonic) - shared
59~40306+18~07249_20260925_201544.wav,DEV_001_20260925_201544.wav,0,59.40306,18.07249,Leppun,Leptophyes punctatissima,Speckled Bush-cricket,bush-cricket,0.99,,,25/09/2026,25/09/2026,20:15:44,ClassifEspSWE-0002026-05-29_1,JOHANKARLSSON,202609261749LURHAINK,2026_25_sep_20,Citizen Science (ultrasonic) - shared
59~40306+18~07249_20260925_201550.wav,DEV_001_20260925_201550.wav,0,59.40306,18.07249,Leppun,Leptophyes punctatissima,Speckled Bush-cricket,bush-cricket,0.99,,,25/09/2026,25/09/2026,20:15:50,ClassifEspSWE-0002026-05-29_1,JOHANKARLSSON,202609261749LURHAINK,2026_25_sep_20,Citizen Science (ultrasonic) - shared
59~40306+18~07249_20260925_201556.wav,DEV_001_20260925_201556.wav,0,59.40306,18.07249,Leppun,Leptophyes punctatissima,Speckled Bush-cricket,bush-cricket,0.99,,,25/09/2026,25/09/2026,20:15:56,ClassifEspSWE-0002026-05-29_1,JOHANKARLSSON,202609261749LURHAINK,2026_25_sep_20,Citizen Science (ultrasonic) - shared
59~40306+18~07249_20260925_201602.wav,DEV_001_20260925_201602.wav,0,59.40306,18.07249,Leppun,Leptophyes punctatissima,Speckled Bush-cricket,bush-cricket,0.99,,,25/09/2026,25/09/2026,20:16:02,ClassifEspSWE-0002026-05-29_1,JOHANKARLSSON,202609261749LURHAINK,2026_25_sep_20,Citizen Science (ultrasonic) - shared
59~40306+18~07249_20260925_201609.wav,DEV_001_20260925_201609.wav,0,59.40306,18.07249,Leppun,Leptophyes punctatissima,Speckled Bush-cricket,bush-cricket,0.99,,,25/09/2026,25/09/2026,20:16:09,ClassifEspSWE-0002026-05-29_1,JOHANKARLSSON,202609261749LURHAINK,2026_25_sep_20,Citizen Science (ultrasonic) - shared
59~40306+18~07249_20260925_201615.wav,DEV_001_20260925_201615.wav,0,59.40306,18.07249,Leppun,Leptophyes punctatissima,Speckled Bush-cricket,bush-cricket,0.99,,,25/09/2026,25/09/2026,20:16:15,ClassifEspSWE-0002026-05-29_1,JOHANKARLSSON,202609261749LURHAINK,2026_25_sep_20,Citizen Science (ultrasonic) - shared
59~40306+18~07249_20260925_201621.wav,DEV_001_20260925_201621.wav,0,59.40306,18.07249,Leppun,Leptophyes punctatissima,Speckled Bush-cricket,bush-cricket,0.99,,,25/09/2026,25/09/2026,20:16:21,ClassifEspSWE-0002026-05-29_1,JOHANKARLSSON,202609261749LURHAINK,2026_25_sep_20,Citizen Science (ultrasonic) - shared
59~40306+18~07249_20260925_201628.wav,DEV_001_20260925_201628.wav,0,59.40306,18.07249,Leppun,Leptophyes punctatissima,Speckled Bush-cricket,bush-cricket,0.99,,,25/09/2026,25/09/2026,20:16:28,ClassifEspSWE-0002026-05-29_1,JOHANKARLSSON,202609261749LURHAINK,2026_25_sep_20,Citizen Science (ultrasonic) - shared
59~40306+18~07249_20260925_201633.wav,DEV_001_20260925_201633.wav,0,59.40306,18.07249,Leppun,Leptophyes punctatissima,Speckled Bush-cricket,bush-cricket,0.99,,,25/09/2026,25/09/2026,20:16:33,ClassifEspSWE-0002026-05-29_1,JOHANKARLSSON,202609261749LURHAINK,2026_25_sep_20,Citizen Science (ultrasonic) - shared
59~40306+18~07249_20260925_201638.wav,DEV_001_20260925_201638.wav,0,59.40306,18.07249,Leppun,Leptophyes punctatissima,Speckled Bush-cricket,bush-cricket,0.99,,,25/09/2026,25/09/2026,20:16:38,ClassifEspSWE-0002026-05-29_1,JOHANKARLSSON,202609261749LURHAINK,2026_25_sep_20,Citizen Science (ultrasonic) - shared
59~40306+18~07249_20260925_201645.wav,DEV_001_20260925_201645.wav,0,59.40306,18.07249,Leppun,Leptophyes punctatissima,Speckled Bush-cricket,bush-cricket,0.99,,,25/09/2026,25/09/2026,20:16:45,ClassifEspSWE-0002026-05-29_1,JOHANKARLSSON,202609261749LURHAINK,2026_25_sep_20,Citizen Science (ultrasonic) - shared
59~40306+18~07249_20260925_201651.wav,DEV_001_20260925_201651.wav,0,59.40306,18.07249,Leppun,Leptophyes punctatissima,Speckled Bush-cricket,bush-cricket,0.99,,,25/09/2026,25/09/2026,20:16:51,ClassifEspSWE-0002026-05-29_1,JOHANKARLSSON,202609261749LURHAINK,2026_25_sep_20,Citizen Science (ultrasonic) - shared
59~40306+18~07249_20260925_201658.wav,DEV_001_20260925_201658.wav,0,59.40306,18.07249,Leppun,Leptophyes punctatissima,Speckled Bush-cricket,bush-cricket,0.99,,,25/09/2026,25/09/2026,20:16:58,ClassifEspSWE-0002026-05-29_1,JOHANKARLSSON,202609261749LURHAINK,2026_25_sep_20,Citizen Science (ultrasonic) - shared
59~40306+18~07249_20260925_201703.wav,DEV_001_20260925_201703.wav,0,59.40306,18.07249,Leppun,Leptophyes punctatissima,Speckled Bush-cricket,bush-cricket,0.99,,,25/09/2026,25/09/2026,20:17:03,ClassifEspSWE-0002026-05-29_1,JOHANKARLSSON,202609261749LURHAINK,2026_25_sep_20,Citizen Science (ultrasonic) - shared
59~40306+18~07249_20260925_201709.wav,DEV_001_20260925_201709.wav,0,59.40306,18.07249,Leppun,Leptophyes punctatissima,Speckled Bush-cricket,bush-cricket,0.99,,,25/09/2026,25/09/2026,20:17:09,ClassifEspSWE-0002026-05-29_1,JOHANKARLSSON,202609261749LURHAINK,2026_25_sep_20,Citizen Science (ultrasonic) - shared
59~40306+18~07249_20260925_201715.wav,DEV_001_20260925_201715.wav,0,59.40306,18.07249,Leppun,Leptophyes punctatissima,Speckled Bush-cricket,bush-cricket,0.99,,,25/09/2026,25/09/2026,20:17:15,ClassifEspSWE-0002026-05-29_1,JOHANKARLSSON,202609261749LURHAINK,2026_25_sep_20,Citizen Science (ultrasonic) - shared
59~40306+18~07249_20260925_201720.wav,DEV_001_20260925_201720.wav,0,59.40306,18.07249,Leppun,Leptophyes punctatissima,Speckled Bush-cricket,bush-cricket,0.99,,,25/09/2026,25/09/2026,20:17:20,ClassifEspSWE-0002026-05-29_1,JOHANKARLSSON,202609261749LURHAINK,2026_25_sep_20,Citizen Science (ultrasonic) - shared
59~40306+18~07249_20260925_201726.wav,DEV_001_20260925_201726.wav,0,59.40306,18.07249,Leppun,Leptophyes punctatissima,Speckled Bush-cricket,bush-cricket,0.99,,,25/09/2026,25/09/2026,20:17:26,ClassifEspSWE-0002026-05-29_1,JOHANKARLSSON,202609261749LURHAINK,2026_25_sep_20,Citizen Science (ultrasonic) - shared
59~40306+18~07249_20260925_201732.wav,DEV_001_20260925_201732.wav,0,59.40306,18.07249,Leppun,Leptophyes punctatissima,Speckled Bush-cricket,bush-cricket,0.99,,,25/09/2026,25/09/2026,20:17:32,ClassifEspSWE-0002026-05-29_1,JOHANKARLSSON,202609261749LURHAINK,2026_25_sep_20,Citizen Science (ultrasonic) - shared
59~40306+18~07249_20260925_201738.wav,DEV_001_20260925_201738.wav,0,59.40306,18.07249,Leppun,Leptophyes punctatissima,Speckled Bush-cricket,bush-cricket,0.99,,,25/09/2026,25/09/2026,20:17:38,ClassifEspSWE-0002026-05-29_1,JOHANKARLSSON,202609261749LURHAINK,2026_25_sep_20,Citizen Science (ultrasonic) - shared
59~40306+18~07249_20260925_201744.wav,DEV_001_20260925_201744.wav,0,59.40306,18.07249,Leppun,Leptophyes punctatissima,Speckled Bush-cricket,bush-cricket,0.99,,,25/09/2026,25/09/2026,20:17:44,ClassifEspSWE-0002026-05-29_1,JOHANKARLSSON,202609261749LURHAINK,2026_25_sep_20,Citizen Science (ultrasonic) - shared
59~40306+18~07249_20260925_201750.wav,DEV_001_20260925_201750.wav,0,59.40306,18.07249,Leppun,Leptophyes punctatissima,Speckled Bush-cricket,bush-cricket,0.99,,,25/09/2026,25/09/2026,20:17:50,ClassifEspSWE-0002026-05-29_1,JOHANKARLSSON,202609261749LURHAINK,2026_25_sep_20,Citizen Science (ultrasonic) - shared
59~40306+18~07249_20260925_201756.wav,DEV_001_20260925_201756.wav,0,59.40306,18.07249,Leppun,Leptophyes punctatissima,Speckled Bush-cricket,bush-cricket,0.99,,,25/09/2026,25/09/2026,20:17:56,ClassifEspSWE-0002026-05-29_1,JOHANKARLSSON,202609261749LURHAINK,2026_25_sep_20,Citizen Science (ultrasonic) - shared
59~40306+18~07249_20260925_201803.wav,DEV_001_20260925_201803.wav,0,59.40306,18.07249,Leppun,Leptophyes punctatissima,Speckled Bush-cricket,bush-cricket,0.99,,,25/09/2026,25/09/2026,20:18:03,ClassifEspSWE-0002026-05-29_1,JOHANKARLSSON,202609261749LURHAINK,2026_25_sep_20,Citizen Science (ultrasonic) - shared
59~40306+18~07249_20260925_201809.wav,DEV_001_20260925_201809.wav,0,59.40306,18.07249,Leppun,Leptophyes punctatissima,Speckled Bush-cricket,bush-cricket,0.99,,,25/09/2026,25/09/2026,20:18:09,ClassifEspSWE-0002026-05-29_1,JOHANKARLSSON,202609261749LURHAINK,2026_25_sep_20,Citizen Science (ultrasonic) - shared
59~40306+18~07249_20260925_201815.wav,DEV_001_20260925_201815.wav,0,59.40306,18.07249,Leppun,Leptophyes punctatissima,Speckled Bush-cricket,bush-cricket,0.99,,,25/09/2026,25/09/2026,20:18:15,ClassifEspSWE-0002026-05-29_1,JOHANKARLSSON,202609261749LURHAINK,2026_25_sep_20,Citizen Science (ultrasonic) - shared
59~40306+18~07249_20260925_201821.wav,DEV_001_20260925_201821.wav,0,59.40306,18.07249,Leppun,Leptophyes punctatissima,Speckled Bush-cricket,bush-cricket,0.99,,,25/09/2026,25/09/2026,20:18:21,ClassifEspSWE-0002026-05-29_1,JOHANKARLSSON,202609261749LURHAINK,2026_25_sep_20,Citizen Science (ultrasonic) - shared
59~40306+18~07249_20260925_201827.wav,DEV_001_20260925_201827.wav,0,59.40306,18.07249,Leppun,Leptophyes punctatissima,Speckled Bush-cricket,bush-cricket,0.99,,,25/09/2026,25/09/2026,20:18:27,ClassifEspSWE-0002026-05-29_1,JOHANKARLSSON,202609261749LURHAINK,2026_25_sep_20,Citizen Science (ultrasonic) - shared
59~40306+18~07249_20260925_201834.wav,DEV_001_20260925_201834.wav,0,59.40306,18.07249,Leppun,Leptophyes punctatissima,Speckled Bush-cricket,bush-cricket,0.99,,,25/09/2026,25/09/2026,20:18:34,ClassifEspSWE-0002026-05-29_1,JOHANKARLSSON,202609261749LURHAINK,2026_25_sep_20,Citizen Science (ultrasonic) - shared
59~40306+18~07249_20260925_201840.wav,DEV_001_20260925_201840.wav,0,59.40306,18.07249,Leppun,Leptophyes punctatissima,Speckled Bush-cricket,bush-cricket,0.99,,,25/09/2026,25/09/2026,20:18:40,ClassifEspSWE-0002026-05-29_1,JOHANKARLSSON,202609261749LURHAINK,2026_25_sep_20,Citizen Science (ultrasonic) - shared
59~40306+18~07249_20260925_201846.wav,DEV_001_20260925_201846.wav,0,59.40306,18.07249,Leppun,Leptophyes punctatissima,Speckled Bush-cricket,bush-cricket,0.99,,,25/09/2026,25/09/2026,20:18:46,ClassifEspSWE-0002026-05-29_1,JOHANKARLSSON,202609261749LURHAINK,2026_25_sep_20,Citizen Science (ultrasonic) - shared
59~40306+18~07249_20260925_201853.wav,DEV_001_20260925_201853.wav,0,59.40306,18.07249,Leppun,Leptophyes punctatissima,Speckled Bush-cricket,bush-cricket,0.99,,,25/09/2026,25/09/2026,20:18:53,ClassifEspSWE-0002026-05-29_1,JOHANKARLSSON,202609261749LURHAINK,2026_25_sep_20,Citizen Science (ultrasonic) - shared
59~40306+18~07249_20260925_201858.wav,DEV_001_20260925_201858.wav,0,59.40306,18.07249,Leppun,Leptophyes punctatissima,Speckled Bush-cricket,bush-cricket,0.99,,,25/09/2026,25/09/2026,20:18:58,ClassifEspSWE-0002026-05-29_1,JOHANKARLSSON,202609261749LURHAINK,2026_25_sep_20,Citizen Science (ultrasonic) - shared
59~40306+18~07249_20260925_201904.wav,DEV_001_20260925_201904.wav,0,59.40306,18.07249,Leppun,Leptophyes punctatissima,Speckled Bush-cricket,bush-cricket,0.99,,,25/09/2026,25/09/2026,20:19:04,ClassifEspSWE-0002026-05-29_1,JOHANKARLSSON,202609261749LURHAINK,2026_25_sep_20,Citizen Science (ultrasonic) - shared
59~40306+18~07249_20260925_201910.wav,DEV_001_20260925_201910.wav,0,59.40306,18.07249,Leppun,Leptophyes punctatissima,Speckled Bush-cricket,bush-cricket,0.99,,,25/09/2026,25/09/2026,20:19:10,ClassifEspSWE-0002026-05-29_1,JOHANKARLSSON,202609261749LURHAINK,2026_25_sep_20,Citizen Science (ultrasonic) - shared
59~40306+18~07249_20260925_201916.wav,DEV_001_20260925_201916.wav,0,59.40306,18.07249,Leppun,Leptophyes punctatissima,Speckled Bush-cricket,bush-cricket,0.99,,,25/09/2026,25/09/2026,20:19:16,ClassifEspSWE-0002026-05-29_1,JOHANKARLSSON,202609261749LURHAINK,2026_25_sep_20,Citizen Science (ultrasonic) - shared
59~40306+18~07249_20260925_201922.wav,DEV_001_20260925_201922.wav,0,59.40306,18.07249,Leppun,Leptophyes punctatissima,Speckled Bush-cricket,bush-cricket,0.99,,,25/09/2026,25/09/2026,20:19:22,ClassifEspSWE-0002026-05-29_1,JOHANKARLSSON,202609261749LURHAINK,2026_25_sep_20,Citizen Science (ultrasonic) - shared
59~40306+18~07249_20260925_201928.wav,DEV_001_20260925_201928.wav,0,59.40306,18.07249,Leppun,Leptophyes punctatissima,Speckled Bush-cricket,bush-cricket,0.99,,,25/09/2026,25/09/2026,20:19:28,ClassifEspSWE-0002026-05-29_1,JOHANKARLSSON,202609261749LURHAINK,2026_25_sep_20,Citizen Science (ultrasonic) - shared
59~40306+18~07249_20260925_201934.wav,DEV_001_20260925_201934.wav,0,59.40306,18.07249,Leppun,Leptophyes punctatissima,Speckled Bush-cricket,bush-cricket,0.99,,,25/09/2026,25/09/2026,20:19:34,ClassifEspSWE-0002026-05-29_1,JOHANKARLSSON,202609261749LURHAINK,2026_25_sep_20,Citizen Science (ultrasonic) - shared
59~40306+18~07249_20260925_201940.wav,DEV_001_20260925_201940.wav,0,59.40306,18.07249,Leppun,Leptophyes punctatissima,Speckled Bush-cricket,bush-cricket,0.99,,,25/09/2026,25/09/2026,20:19:40,ClassifEspSWE-0002026-05-29_1,JOHANKARLSSON,202609261749LURHAINK,2026_25_sep_20,Citizen Science (ultrasonic) - shared
59~40306+18~07249_20260925_201945.wav,DEV_001_20260925_201945.wav,0,59.40306,18.07249,Leppun,Leptophyes punctatissima,Speckled Bush-cricket,bush-cricket,0.99,,,25/09/2026,25/09/2026,20:19:45,ClassifEspSWE-0002026-05-29_1,JOHANKARLSSON,202609261749LURHAINK,2026_25_sep_20,Citizen Science (ultrasonic) - shared
59~40306+18~07249_20260925_201951.wav,DEV_001_20260925_201951.wav,0,59.40306,18.07249,Leppun,Leptophyes punctatissima,Speckled Bush-cricket,bush-cricket,0.99,,,25/09/2026,25/09/2026,20:19:51,ClassifEspSWE-0002026-05-29_1,JOHANKARLSSON,202609261749LURHAINK,2026_25_sep_20,Citizen Science (ultrasonic) - shared
59~40306+18~07249_20260925_201956.wav,DEV_001_20260925_201956.wav,0,59.40306,18.07249,Leppun,Leptophyes punctatissima,Speckled Bush-cricket,bush-cricket,0.99,,,25/09/2026,25/09/2026,20:19:56,ClassifEspSWE-0002026-05-29_1,JOHANKARLSSON,202609261749LURHAINK,2026_25_sep_20,Citizen Science (ultrasonic) - shared
59~40306+18~07249_20260925_202002.wav,DEV_001_20260925_202002.wav,0,59.40306,18.07249,Leppun,Leptophyes punctatissima,Speckled Bush-cricket,bush-cricket,0.99,,,25/09/2026,25/09/2026,20:20:02,ClassifEspSWE-0002026-05-29_1,JOHANKARLSSON,202609261749LURHAINK,2026_25_sep_20,Citizen Science (ultrasonic) - shared
59~40306+18~07249_20260925_202007.wav,DEV_001_20260925_202007.wav,0,59.40306,18.07249,Leppun,Leptophyes punctatissima,Speckled Bush-cricket,bush-cricket,0.99,,,25/09/2026,25/09/2026,20:20:07,ClassifEspSWE-0002026-05-29_1,JOHANKARLSSON,202609261749LURHAINK,2026_25_sep_20,Citizen Science (ultrasonic) - shared
59~40306+18~07249_20260925_202013.wav,DEV_001_20260925_202013.wav,0,59.40306,18.07249,Leppun,Leptophyes punctatissima,Speckled Bush-cricket,bush-cricket,0.99,,,25/09/2026,25/09/2026,20:20:13,ClassifEspSWE-0002026-05-29_1,JOHANKARLSSON,202609261749LURHAINK,2026_25_sep_20,Citizen Science (ultrasonic) - shared
59~40306+18~07249_20260925_202019.wav,DEV_001_20260925_202019.wav,0,59.40306,18.07249,Leppun,Leptophyes punctatissima,Speckled Bush-cricket,bush-cricket,0.99,,,25/09/2026,25/09/2026,20:20:19,ClassifEspSWE-0002026-05-29_1,JOHANKARLSSON,202609261749LURHAINK,2026_25_sep_20,Citizen Science (ultrasonic) - shared
59~40306+18~07249_20260925_202024.wav,DEV_001_20260925_202024.wav,0,59.40306,18.07249,Leppun,Leptophyes punctatissima,Speckled Bush-cricket,bush-cricket,0.99,,,25/09/2026,25/09/2026,20:20:24,ClassifEspSWE-0002026-05-29_1,JOHANKARLSSON,202609261749LURHAINK,2026_25_sep_20,Citizen Science (ultrasonic) - shared
59~40306+18~07249_20260925_202030.wav,DEV_001_20260925_202030.wav,0,59.40306,18.07249,Leppun,Leptophyes punctatissima,Speckled Bush-cricket,bush-cricket,0.99,,,25/09/2026,25/09/2026,20:20:30,ClassifEspSWE-0002026-05-29_1,JOHANKARLSSON,202609261749LURHAINK,2026_25_sep_20,Citizen Science (ultrasonic) - shared
59~40306+18~07249_20260925_202036.wav,DEV_001_20260925_202036.wav,0,59.40306,18.07249,Leppun,Leptophyes punctatissima,Speckled Bush-cricket,bush-cricket,0.99,,,25/09/2026,25/09/2026,20:20:36,ClassifEspSWE-0002026-05-29_1,JOHANKARLSSON,202609261749LURHAINK,2026_25_sep_20,Citizen Science (ultrasonic) - shared
59~40306+18~07249_20260925_202042.wav,DEV_001_20260925_202042.wav,0,59.40306,18.07249,Leppun,Leptophyes punctatissima,Speckled Bush-cricket,bush-cricket,0.99,,,25/09/2026,25/09/2026,20:20:42,ClassifEspSWE-0002026-05-29_1,JOHANKARLSSON,202609261749LURHAINK,2026_25_sep_20,Citizen Science (ultrasonic) - shared
59~40306+18~07249_20260925_202048.wav,DEV_001_20260925_202048.wav,0,59.40306,18.07249,Leppun,Leptophyes punctatissima,Speckled Bush-cricket,bush-cricket,0.99,,,25/09/2026,25/09/2026,20:20:48,ClassifEspSWE-0002026-05-29_1,JOHANKARLSSON,202609261749LURHAINK,2026_25_sep_20,Citizen Science (ultrasonic) - shared
59~40306+18~07249_20260925_202054.wav,DEV_001_20260925_202054.wav,0,59.40306,18.07249,Leppun,Leptophyes punctatissima,Speckled Bush-cricket,bush-cricket,0.99,,,25/09/2026,25/09/2026,20:20:54,ClassifEspSWE-0002026-05-29_1,JOHANKARLSSON,202609261749LURHAINK,2026_25_sep_20,Citizen Science (ultrasonic) - shared
59~40306+18~07249_20260925_202059.wav,DEV_001_20260925_202059.wav,0,59.40306,18.07249,Leppun,Leptophyes punctatissima,Speckled Bush-cricket,bush-cricket,0.99,,,25/09/2026,25/09/2026,20:20:59,ClassifEspSWE-0002026-05-29_1,JOHANKARLSSON,202609261749LURHAINK,2026_25_sep_20,Citizen Science (ultrasonic) - shared
59~40306+18~07249_20260925_202104.wav,DEV_001_20260925_202104.wav,0,59.40306,18.07249,Leppun,Leptophyes punctatissima,Speckled Bush-cricket,bush-cricket,0.99,,,25/09/2026,25/09/2026,20:21:04,ClassifEspSWE-0002026-05-29_1,JOHANKARLSSON,202609261749LURHAINK,2026_25_sep_20,Citizen Science (ultrasonic) - shared
59~40306+18~07249_20260925_202111.wav,DEV_001_20260925_202111.wav,0,59.40306,18.07249,Leppun,Leptophyes punctatissima,Speckled Bush-cricket,bush-cricket,0.99,,,25/09/2026,25/09/2026,20:21:11,ClassifEspSWE-0002026-05-29_1,JOHANKARLSSON,202609261749LURHAINK,2026_25_sep_20,Citizen Science (ultrasonic) - shared
59~40306+18~07249_20260925_202116.wav,DEV_001_20260925_202116.wav,0,59.40306,18.07249,Leppun,Leptophyes punctatissima,Speckled Bush-cricket,bush-cricket,0.99,,,25/09/2026,25/09/2026,20:21:16,ClassifEspSWE-0002026-05-29_1,JOHANKARLSSON,202609261749LURHAINK,2026_25_sep_20,Citizen Science (ultrasonic) - shared
59~40306+18~07249_20260925_202122.wav,DEV_001_20260925_202122.wav,0,59.40306,18.07249,Leppun,Leptophyes punctatissima,Speckled Bush-cricket,bush-cricket,0.99,,,25/09/2026,25/09/2026,20:21:22,ClassifEspSWE-0002026-05-29_1,JOHANKARLSSON,202609261749LURHAINK,2026_25_sep_20,Citizen Science (ultrasonic) - shared
59~40306+18~07249_20260925_202127.wav,DEV_001_20260925_202127.wav,0,59.40306,18.07249,Leppun,Leptophyes punctatissima,Speckled Bush-cricket,bush-cricket,0.99,,,25/09/2026,25/09/2026,20:21:27,ClassifEspSWE-0002026-05-29_1,JOHANKARLSSON,202609261749LURHAINK,2026_25_sep_20,Citizen Science (ultrasonic) - shared
59~40306+18~07249_20260925_202132.wav,DEV_001_20260925_202132.wav,0,59.40306,18.07249,Leppun,Leptophyes punctatissima,Speckled Bush-cricket,bush-cricket,0.99,,,25/09/2026,25/09/2026,20:21:32,ClassifEspSWE-0002026-05-29_1,JOHANKARLSSON,202609261749LURHAINK,2026_25_sep_20,Citizen Science (ultrasonic) - shared
59~40306+18~07249_20260925_202138.wav,DEV_001_20260925_202138.wav,0,59.40306,18.07249,Leppun,Leptophyes punctatissima,Speckled Bush-cricket,bush-cricket,0.99,,,25/09/2026,25/09/2026,20:21:38,ClassifEspSWE-0002026-05-29_1,JOHANKARLSSON,202609261749LURHAINK,2026_25_sep_20,Citizen Science (ultrasonic) - shared
59~40306+18~07249_20260925_202144.wav,DEV_001_20260925_202144.wav,0,59.40306,18.07249,Leppun,Leptophyes punctatissima,Speckled Bush-cricket,bush-cricket,0.99,,,25/09/2026,25/09/2026,20:21:44,ClassifEspSWE-0002026-05-29_1,JOHANKARLSSON,202609261749LURHAINK,2026_25_sep_20,Citizen Science (ultrasonic) - shared
59~40306+18~07249_20260925_202149.wav,DEV_001_20260925_202149.wav,0,59.40306,18.07249,Leppun,Leptophyes punctatissima,Speckled Bush-cricket,bush-cricket,0.99,,,25/09/2026,25/09/2026,20:21:49,ClassifEspSWE-0002026-05-29_1,JOHANKARLSSON,202609261749LURHAINK,2026_25_sep_20,Citizen Science (ultrasonic) - shared
59~40306+18~07249_20260925_202155.wav,DEV_001_20260925_202155.wav,0,59.40306,18.07249,Leppun,Leptophyes punctatissima,Speckled Bush-cricket,bush-cricket,0.99,,,25/09/2026,25/09/2026,20:21:55,ClassifEspSWE-0002026-05-29_1,JOHANKARLSSON,202609261749LURHAINK,2026_25_sep_20,Citizen Science (ultrasonic) - shared
59~40306+18~07249_20260925_202202.wav,DEV_001_20260925_202202.wav,0,59.40306,18.07249,Leppun,Leptophyes punctatissima,Speckled Bush-cricket,bush-cricket,0.99,,,25/09/2026,25/09/2026,20:22:02,ClassifEspSWE-0002026-05-29_1,JOHANKARLSSON,202609261749LURHAINK,2026_25_sep_20,Citizen Science (ultrasonic) - shared
59~40306+18~07249_20260925_202207.wav,DEV_001_20260925_202207.wav,0,59.40306,18.07249,Leppun,Leptophyes punctatissima,Speckled Bush-cricket,bush-cricket,0.99,,,25/09/2026,25/09/2026,20:22:07,ClassifEspSWE-0002026-05-29_1,JOHANKARLSSON,202609261749LURHAINK,2026_25_sep_20,Citizen Science (ultrasonic) - shared
59~40306+18~07249_20260925_202214.wav,DEV_001_20260925_202214.wav,0,59.40306,18.07249,Leppun,Leptophyes punctatissima,Speckled Bush-cricket,bush-cricket,0.99,,,25/09/2026,25/09/2026,20:22:14,ClassifEspSWE-0002026-05-29_1,JOHANKARLSSON,202609261749LURHAINK,2026_25_sep_20,Citizen Science (ultrasonic) - shared
59~40306+18~07249_20260925_202219.wav,DEV_001_20260925_202219.wav,0,59.40306,18.07249,Leppun,Leptophyes punctatissima,Speckled Bush-cricket,bush-cricket,0.99,,,25/09/2026,25/09/2026,20:22:19,ClassifEspSWE-0002026-05-29_1,JOHANKARLSSON,202609261749LURHAINK,2026_25_sep_20,Citizen Science (ultrasonic) - shared
59~40306+18~07249_20260925_202225.wav,DEV_001_20260925_202225.wav,0,59.40306,18.07249,Leppun,Leptophyes punctatissima,Speckled Bush-cricket,bush-cricket,0.99,,,25/09/2026,25/09/2026,20:22:25,ClassifEspSWE-0002026-05-29_1,JOHANKARLSSON,202609261749LURHAINK,2026_25_sep_20,Citizen Science (ultrasonic) - shared
59~40306+18~07249_20260925_202230.wav,DEV_001_20260925_202230.wav,0,59.40306,18.07249,Leppun,Leptophyes punctatissima,Speckled Bush-cricket,bush-cricket,0.99,,,25/09/2026,25/09/2026,20:22:30,ClassifEspSWE-0002026-05-29_1,JOHANKARLSSON,202609261749LURHAINK,2026_25_sep_20,Citizen Science (ultrasonic) - shared
59~40306+18~07249_20260925_202237.wav,DEV_001_20260925_202237.wav,0,59.40306,18.07249,Leppun,Leptophyes punctatissima,Speckled Bush-cricket,bush-cricket,0.99,,,25/09/2026,25/09/2026,20:22:37,ClassifEspSWE-0002026-05-29_1,JOHANKARLSSON,202609261749LURHAINK,2026_25_sep_20,Citizen Science (ultrasonic) - shared
59~40306+18~07249_20260925_202242.wav,DEV_001_20260925_202242.wav,0,59.40306,18.07249,Leppun,Leptophyes punctatissima,Speckled Bush-cricket,bush-cricket,0.99,,,25/09/2026,25/09/2026,20:22:42,ClassifEspSWE-0002026-05-29_1,JOHANKARLSSON,202609261749LURHAINK,2026_25_sep_20,Citizen Science (ultrasonic) - shared
59~40306+18~07249_20260925_202249.wav,DEV_001_20260925_202249.wav,0,59.40306,18.07249,Leppun,Leptophyes punctatissima,Speckled Bush-cricket,bush-cricket,0.99,,,25/09/2026,25/09/2026,20:22:49,ClassifEspSWE-0002026-05-29_1,JOHANKARLSSON,202609261749LURHAINK,2026_25_sep_20,Citizen Science (ultrasonic) - shared
59~40306+18~07249_20260925_202255.wav,DEV_001_20260925_202255.wav,0,59.40306,18.07249,Leppun,Leptophyes punctatissima,Speckled Bush-cricket,bush-cricket,0.99,,,25/09/2026,25/09/2026,20:22:55,ClassifEspSWE-0002026-05-29_1,JOHANKARLSSON,202609261749LURHAINK,2026_25_sep_20,Citizen Science (ultrasonic) - shared
59~40306+18~07249_20260925_202300.wav,DEV_001_20260925_202300.wav,0,59.40306,18.07249,Leppun,Leptophyes punctatissima,Speckled Bush-cricket,bush-cricket,0.99,,,25/09/2026,25/09/2026,20:23:00,ClassifEspSWE-0002026-05-29_1,JOHANKARLSSON,202609261749LURHAINK,2026_25_sep_20,Citizen Science (ultrasonic) - shared
59~40306+18~07249_20260925_202306.wav,DEV_001_20260925_202306.wav,0,59.40306,18.07249,Leppun,Leptophyes punctatissima,Speckled Bush-cricket,bush-cricket,0.99,,,25/09/2026,25/09/2026,20:23:06,ClassifEspSWE-0002026-05-29_1,JOHANKARLSSON,202609261749LURHAINK,2026_25_sep_20,Citizen Science (ultrasonic) - shared
59~40306+18~07249_20260925_202312.wav,DEV_001_20260925_202312.wav,0,59.40306,18.07249,Leppun,Leptophyes punctatissima,Speckled Bush-cricket,bush-cricket,0.99,,,25/09/2026,25/09/2026,20:23:12,ClassifEspSWE-0002026-05-29_1,JOHANKARLSSON,202609261749LURHAINK,2026_25_sep_20,Citizen Science (ultrasonic) - shared
59~40306+18~07249_20260925_202317.wav,DEV_001_20260925_202317.wav,0,59.40306,18.07249,Leppun,Leptophyes punctatissima,Speckled Bush-cricket,bush-cricket,0.99,,,25/09/2026,25/09/2026,20:23:17,ClassifEspSWE-0002026-05-29_1,JOHANKARLSSON,202609261749LURHAINK,2026_25_sep_20,Citizen Science (ultrasonic) - shared
59~40306+18~07249_20260925_202322.wav,DEV_001_20260925_202322.wav,0,59.40306,18.07249,Leppun,Leptophyes punctatissima,Speckled Bush-cricket,bush-cricket,0.99,,,25/09/2026,25/09/2026,20:23:22,ClassifEspSWE-0002026-05-29_1,JOHANKARLSSON,202609261749LURHAINK,2026_25_sep_20,Citizen Science (ultrasonic) - shared
59~40306+18~07249_20260925_202328.wav,DEV_001_20260925_202328.wav,0,59.40306,18.07249,Leppun,Leptophyes punctatissima,Speckled Bush-cricket,bush-cricket,0.99,,,25/09/2026,25/09/2026,20:23:28,ClassifEspSWE-0002026-05-29_1,JOHANKARLSSON,202609261749LURHAINK,2026_25_sep_20,Citizen Science (ultrasonic) - shared
59~40306+18~07249_20260925_202334.wav,DEV_001_20260925_202334.wav,0,59.40306,18.07249,Leppun,Leptophyes punctatissima,Speckled Bush-cricket,bush-cricket,0.99,,,25/09/2026,25/09/2026,20:23:34,ClassifEspSWE-0002026-05-29_1,JOHANKARLSSON,202609261749LURHAINK,2026_25_sep_20,Citizen Science (ultrasonic) - shared
59~40306+18~07249_20260925_202340.wav,DEV_001_20260925_202340.wav,0,59.40306,18.07249,Leppun,Leptophyes punctatissima,Speckled Bush-cricket,bush-cricket,0.99,,,25/09/2026,25/09/2026,20:23:40,ClassifEspSWE-0002026-05-29_1,JOHANKARLSSON,202609261749LURHAINK,2026_25_sep_20,Citizen Science (ultrasonic) - shared
59~40306+18~07249_20260925_202345.wav,DEV_001_20260925_202345.wav,0,59.40306,18.07249,Leppun,Leptophyes punctatissima,Speckled Bush-cricket,bush-cricket,0.99,,,25/09/2026,25/09/2026,20:23:45,ClassifEspSWE-0002026-05-29_1,JOHANKARLSSON,202609261749LURHAINK,2026_25_sep_20,Citizen Science (ultrasonic) - shared
59~40306+18~07249_20260925_202350.wav,DEV_001_20260925_202350.wav,0,59.40306,18.07249,Leppun,Leptophyes punctatissima,Speckled Bush-cricket,bush-cricket,0.99,,,25/09/2026,25/09/2026,20:23:50,ClassifEspSWE-0002026-05-29_1,JOHANKARLSSON,202609261749LURHAINK,2026_25_sep_20,Citizen Science (ultrasonic) - shared
59~40306+18~07249_20260925_202355.wav,DEV_001_20260925_202355.wav,0,59.40306,18.07249,Leppun,Leptophyes punctatissima,Speckled Bush-cricket,bush-cricket,0.99,,,25/09/2026,25/09/2026,20:23:55,ClassifEspSWE-0002026-05-29_1,JOHANKARLSSON,202609261749LURHAINK,2026_25_sep_20,Citizen Science (ultrasonic) - shared
59~40306+18~07249_20260925_202402.wav,DEV_001_20260925_202402.wav,0,59.40306,18.07249,Leppun,Leptophyes punctatissima,Speckled Bush-cricket,bush-cricket,0.99,,,25/09/2026,25/09/2026,20:24:02,ClassifEspSWE-0002026-05-29_1,JOHANKARLSSON,202609261749LURHAINK,2026_25_sep_20,Citizen Science (ultrasonic) - shared
59~40306+18~07249_20260925_202408.wav,DEV_001_20260925_202408.wav,0,59.40306,18.07249,Leppun,Leptophyes punctatissima,Speckled Bush-cricket,bush-cricket,0.99,,,25/09/2026,25/09/2026,20:24:08,ClassifEspSWE-0002026-05-29_1,JOHANKARLSSON,202609261749LURHAINK,2026_25_sep_20,Citizen Science (ultrasonic) - shared
59~40306+18~07249_20260925_202413.wav,DEV_001_20260925_202413.wav,0,59.40306,18.07249,Leppun,Leptophyes punctatissima,Speckled Bush-cricket,bush-cricket,0.99,,,25/09/2026,25/09/2026,20:24:13,ClassifEspSWE-0002026-05-29_1,JOHANKARLSSON,202609261749LURHAINK,2026_25_sep_20,Citizen Science (ultrasonic) - shared
59~40306+18~07249_20260925_202419.wav,DEV_001_20260925_202419.wav,0,59.40306,18.07249,Leppun,Leptophyes punctatissima,Speckled Bush-cricket,bush-cricket,0.99,,,25/09/2026,25/09/2026,20:24:19,ClassifEspSWE-0002026-05-29_1,JOHANKARLSSON,202609261749LURHAINK,2026_25_sep_20,Citizen Science (ultrasonic) - shared
59~40306+18~07249_20260925_202426.wav,DEV_001_20260925_202426.wav,0,59.40306,18.07249,Leppun,Leptophyes punctatissima,Speckled Bush-cricket,bush-cricket,0.99,,,25/09/2026,25/09/2026,20:24:26,ClassifEspSWE-0002026-05-29_1,JOHANKARLSSON,202609261749LURHAINK,2026_25_sep_20,Citizen Science (ultrasonic) - shared
59~40306+18~07249_20260925_202431.wav,DEV_001_20260925_202431.wav,0,59.40306,18.07249,Leppun,Leptophyes punctatissima,Speckled Bush-cricket,bush-cricket,0.99,,,25/09/2026,25/09/2026,20:24:31,ClassifEspSWE-0002026-05-29_1,JOHANKARLSSON,202609261749LURHAINK,2026_25_sep_20,Citizen Science (ultrasonic) - shared
59~40306+18~07249_20260925_202437.wav,DEV_001_20260925_202437.wav,0,59.40306,18.07249,Leppun,Leptophyes punctatissima,Speckled Bush-cricket,bush-cricket,0.99,,,25/09/2026,25/09/2026,20:24:37,ClassifEspSWE-0002026-05-29_1,JOHANKARLSSON,202609261749LURHAINK,2026_25_sep_20,Citizen Science (ultrasonic) - shared
59~40306+18~07249_20260925_202444.wav,DEV_001_20260925_202444.wav,0,59.40306,18.07249,Leppun,Leptophyes punctatissima,Speckled Bush-cricket,bush-cricket,0.99,,,25/09/2026,25/09/2026,20:24:44,ClassifEspSWE-0002026-05-29_1,JOHANKARLSSON,202609261749LURHAINK,2026_25_sep_20,Citizen Science (ultrasonic) - shared
59~40306+18~07249_20260925_202449.wav,DEV_001_20260925_202449.wav,0,59.40306,18.07249,Leppun,Leptophyes punctatissima,Speckled Bush-cricket,bush-cricket,0.99,,,25/09/2026,25/09/2026,20:24:49,ClassifEspSWE-0002026-05-29_1,JOHANKARLSSON,202609261749LURHAINK,2026_25_sep_20,Citizen Science (ultrasonic) - shared
59~40306+18~07249_20260925_202456.wav,DEV_001_20260925_202456.wav,0,59.40306,18.07249,Leppun,Leptophyes punctatissima,Speckled Bush-cricket,bush-cricket,0.99,,,25/09/2026,25/09/2026,20:24:56,ClassifEspSWE-0002026-05-29_1,JOHANKARLSSON,202609261749LURHAINK,2026_25_sep_20,Citizen Science (ultrasonic) - shared
59~40306+18~07249_20260925_202501.wav,DEV_001_20260925_202501.wav,0,59.40306,18.07249,Leppun,Leptophyes punctatissima,Speckled Bush-cricket,bush-cricket,0.99,,,25/09/2026,25/09/2026,20:25:01,ClassifEspSWE-0002026-05-29_1,JOHANKARLSSON,202609261749LURHAINK,2026_25_sep_20,Citizen Science (ultrasonic) - shared
59~40306+18~07249_20260925_202507.wav,DEV_001_20260925_202507.wav,0,59.40306,18.07249,Leppun,Leptophyes punctatissima,Speckled Bush-cricket,bush-cricket,0.99,,,25/09/2026,25/09/2026,20:25:07,ClassifEspSWE-0002026-05-29_1,JOHANKARLSSON,202609261749LURHAINK,2026_25_sep_20,Citizen Science (ultrasonic) - shared
59~40306+18~07249_20260925_202513.wav,DEV_001_20260925_202513.wav,0,59.40306,18.07249,Leppun,Leptophyes punctatissima,Speckled Bush-cricket,bush-cricket,0.99,,,25/09/2026,25/09/2026,20:25:13,ClassifEspSWE-0002026-05-29_1,JOHANKARLSSON,202609261749LURHAINK,2026_25_sep_20,Citizen Science (ultrasonic) - shared
59~40306+18~07249_20260925_202519.wav,DEV_001_20260925_202519.wav,0,59.40306,18.07249,Leppun,Leptophyes punctatissima,Speckled Bush-cricket,bush-cricket,0.99,,,25/09/2026,25/09/2026,20:25:19,ClassifEspSWE-0002026-05-29_1,JOHANKARLSSON,202609261749LURHAINK,2026_25_sep_20,Citizen Science (ultrasonic) - shared
59~40306+18~07249_20260925_202525.wav,DEV_001_20260925_202525.wav,0,59.40306,18.07249,Leppun,Leptophyes punctatissima,Speckled Bush-cricket,bush-cricket,0.99,,,25/09/2026,25/09/2026,20:25:25,ClassifEspSWE-0002026-05-29_1,JOHANKARLSSON,202609261749LURHAINK,2026_25_sep_20,Citizen Science (ultrasonic) - shared
59~40306+18~07249_20260925_202531.wav,DEV_001_20260925_202531.wav,0,59.40306,18.07249,Leppun,Leptophyes punctatissima,Speckled Bush-cricket,bush-cricket,0.99,,,25/09/2026,25/09/2026,20:25:31,ClassifEspSWE-0002026-05-29_1,JOHANKARLSSON,202609261749LURHAINK,2026_25_sep_20,Citizen Science (ultrasonic) - shared
59~40306+18~07249_20260925_202536.wav,DEV_001_20260925_202536.wav,0,59.40306,18.07249,Leppun,Leptophyes punctatissima,Speckled Bush-cricket,bush-cricket,0.99,,,25/09/2026,25/09/2026,20:25:36,ClassifEspSWE-0002026-05-29_1,JOHANKARLSSON,202609261749LURHAINK,2026_25_sep_20,Citizen Science (ultrasonic) - shared
59~40306+18~07249_20260925_202542.wav,DEV_001_20260925_202542.wav,0,59.40306,18.07249,Leppun,Leptophyes punctatissima,Speckled Bush-cricket,bush-cricket,0.99,,,25/09/2026,25/09/2026,20:25:42,ClassifEspSWE-0002026-05-29_1,JOHANKARLSSON,202609261749LURHAINK,2026_25_sep_20,Citizen Science (ultrasonic) - shared
59~40306+18~07249_20260925_202547.wav,DEV_001_20260925_202547.wav,0,59.40306,18.07249,Leppun,Leptophyes punctatissima,Speckled Bush-cricket,bush-cricket,0.99,,,25/09/2026,25/09/2026,20:25:47,ClassifEspSWE-0002026-05-29_1,JOHANKARLSSON,202609261749LURHAINK,2026_25_sep_20,Citizen Science (ultrasonic) - shared
59~40306+18~07249_20260925_202554.wav,DEV_001_20260925_202554.wav,0,59.40306,18.07249,Leppun,Leptophyes punctatissima,Speckled Bush-cricket,bush-cricket,0.99,,,25/09/2026,25/09/2026,20:25:54,ClassifEspSWE-0002026-05-29_1,JOHANKARLSSON,202609261749LURHAINK,2026_25_sep_20,Citizen Science (ultrasonic) - shared
59~40306+18~07249_20260925_202601.wav,DEV_001_20260925_202601.wav,0,59.40306,18.07249,Leppun,Leptophyes punctatissima,Speckled Bush-cricket,bush-cricket,0.99,,,25/09/2026,25/09/2026,20:26:01,ClassifEspSWE-0002026-05-29_1,JOHANKARLSSON,202609261749LURHAINK,2026_25_sep_20,Citizen Science (ultrasonic) - shared
59~40306+18~07249_20260925_202606.wav,DEV_001_20260925_202606.wav,0,59.40306,18.07249,Leppun,Leptophyes punctatissima,Speckled Bush-cricket,bush-cricket,0.99,,,25/09/2026,25/09/2026,20:26:06,ClassifEspSWE-0002026-05-29_1,JOHANKARLSSON,202609261749LURHAINK,2026_25_sep_20,Citizen Science (ultrasonic) - shared
59~40306+18~07249_20260925_202612.wav,DEV_001_20260925_202612.wav,0,59.40306,18.07249,Leppun,Leptophyes punctatissima,Speckled Bush-cricket,bush-cricket,0.99,,,25/09/2026,25/09/2026,20:26:12,ClassifEspSWE-0002026-05-29_1,JOHANKARLSSON,202609261749LURHAINK,2026_25_sep_20,Citizen Science (ultrasonic) - shared
59~40306+18~07249_20260925_202617.wav,DEV_001_20260925_202617.wav,0,59.40306,18.07249,Leppun,Leptophyes punctatissima,Speckled Bush-cricket,bush-cricket,0.99,,,25/09/2026,25/09/2026,20:26:17,ClassifEspSWE-0002026-05-29_1,JOHANKARLSSON,202609261749LURHAINK,2026_25_sep_20,Citizen Science (ultrasonic) - shared
59~40306+18~07249_20260925_202622.wav,DEV_001_20260925_202622.wav,0,59.40306,18.07249,Leppun,Leptophyes punctatissima,Speckled Bush-cricket,bush-cricket,0.99,,,25/09/2026,25/09/2026,20:26:22,ClassifEspSWE-0002026-05-29_1,JOHANKARLSSON,202609261749LURHAINK,2026_25_sep_20,Citizen Science (ultrasonic) - shared
59~40306+18~07249_20260925_202628.wav,DEV_001_20260925_202628.wav,0,59.40306,18.07249,Leppun,Leptophyes punctatissima,Speckled Bush-cricket,bush-cricket,0.99,,,25/09/2026,25/09/2026,20:26:28,ClassifEspSWE-0002026-05-29_1,JOHANKARLSSON,202609261749LURHAINK,2026_25_sep_20,Citizen Science (ultrasonic) - shared
59~40306+18~07249_20260925_202635.wav,DEV_001_20260925_202635.wav,0,59.40306,18.07249,Leppun,Leptophyes punctatissima,Speckled Bush-cricket,bush-cricket,0.99,,,25/09/2026,25/09/2026,20:26:35,ClassifEspSWE-0002026-05-29_1,JOHANKARLSSON,202609261749LURHAINK,2026_25_sep_20,Citizen Science (ultrasonic) - shared
59~40306+18~07249_20260925_202641.wav,DEV_001_20260925_202641.wav,0,59.40306,18.07249,Leppun,Leptophyes punctatissima,Speckled Bush-cricket,bush-cricket,0.99,,,25/09/2026,25/09/2026,20:26:41,ClassifEspSWE-0002026-05-29_1,JOHANKARLSSON,202609261749LURHAINK,2026_25_sep_20,Citizen Science (ultrasonic) - shared
59~40306+18~07249_20260925_202647.wav,DEV_001_20260925_202647.wav,0,59.40306,18.07249,Leppun,Leptophyes punctatissima,Speckled Bush-cricket,bush-cricket,0.99,,,25/09/2026,25/09/2026,20:26:47,ClassifEspSWE-0002026-05-29_1,JOHANKARLSSON,202609261749LURHAINK,2026_25_sep_20,Citizen Science (ultrasonic) - shared
59~40306+18~07249_20260925_202653.wav,DEV_001_20260925_202653.wav,0,59.40306,18.07249,Leppun,Leptophyes punctatissima,Speckled Bush-cricket,bush-cricket,0.99,,,25/09/2026,25/09/2026,20:26:53,ClassifEspSWE-0002026-05-29_1,JOHANKARLSSON,202609261749LURHAINK,2026_25_sep_20,Citizen Science (ultrasonic) - shared
59~40306+18~07249_20260925_202658.wav,DEV_001_20260925_202658.wav,0,59.40306,18.07249,Leppun,Leptophyes punctatissima,Speckled Bush-cricket,bush-cricket,0.99,,,25/09/2026,25/09/2026,20:26:58,ClassifEspSWE-0002026-05-29_1,JOHANKARLSSON,202609261749LURHAINK,2026_25_sep_20,Citizen Science (ultrasonic) - shared
59~40306+18~07249_20260925_202705.wav,DEV_001_20260925_202705.wav,0,59.40306,18.07249,Leppun,Leptophyes punctatissima,Speckled Bush-cricket,bush-cricket,0.99,,,25/09/2026,25/09/2026,20:27:05,ClassifEspSWE-0002026-05-29_1,JOHANKARLSSON,202609261749LURHAINK,2026_25_sep_20,Citizen Science (ultrasonic) - shared
59~40306+18~07249_20260925_202711.wav,DEV_001_20260925_202711.wav,0,59.40306,18.07249,Leppun,Leptophyes punctatissima,Speckled Bush-cricket,bush-cricket,0.99,,,25/09/2026,25/09/2026,20:27:11,ClassifEspSWE-0002026-05-29_1,JOHANKARLSSON,202609261749LURHAINK,2026_25_sep_20,Citizen Science (ultrasonic) - shared
59~40306+18~07249_20260925_202716.wav,DEV_001_20260925_202716.wav,0,59.40306,18.07249,Leppun,Leptophyes punctatissima,Speckled Bush-cricket,bush-cricket,0.99,,,25/09/2026,25/09/2026,20:27:16,ClassifEspSWE-0002026-05-29_1,JOHANKARLSSON,202609261749LURHAINK,2026_25_sep_20,Citizen Science (ultrasonic) - shared
59~40306+18~07249_20260925_202723.wav,DEV_001_20260925_202723.wav,0,59.40306,18.07249,Leppun,Leptophyes punctatissima,Speckled Bush-cricket,bush-cricket,0.99,,,25/09/2026,25/09/2026,20:27:23,ClassifEspSWE-0002026-05-29_1,JOHANKARLSSON,202609261749LURHAINK,2026_25_sep_20,Citizen Science (ultrasonic) - shared
59~40306+18~07249_20260925_202729.wav,DEV_001_20260925_202729.wav,0,59.40306,18.07249,Leppun,Leptophyes punctatissima,Speckled Bush-cricket,bush-cricket,0.99,,,25/09/2026,25/09/2026,20:27:29,ClassifEspSWE-0002026-05-29_1,JOHANKARLSSON,202609261749LURHAINK,2026_25_sep_20,Citizen Science (ultrasonic) - shared
59~40306+18~07249_20260925_202735.wav,DEV_001_20260925_202735.wav,0,59.40306,18.07249,Leppun,Leptophyes punctatissima,Speckled Bush-cricket,bush-cricket,0.99,,,25/09/2026,25/09/2026,20:27:35,ClassifEspSWE-0002026-05-29_1,JOHANKARLSSON,202609261749LURHAINK,2026_25_sep_20,Citizen Science (ultrasonic) - shared
59~40306+18~07249_20260925_202741.wav,DEV_001_20260925_202741.wav,0,59.40306,18.07249,Leppun,Leptophyes punctatissima,Speckled Bush-cricket,bush-cricket,0.99,,,25/09/2026,25/09/2026,20:27:41,ClassifEspSWE-0002026-05-29_1,JOHANKARLSSON,202609261749LURHAINK,2026_25_sep_20,Citizen Science (ultrasonic) - shared
59~40306+18~07249_20260925_202747.wav,DEV_001_20260925_202747.wav,0,59.40306,18.07249,Leppun,Leptophyes punctatissima,Speckled Bush-cricket,bush-cricket,0.99,,,25/09/2026,25/09/2026,20:27:47,ClassifEspSWE-0002026-05-29_1,JOHANKARLSSON,202609261749LURHAINK,2026_25_sep_20,Citizen Science (ultrasonic) - shared
59~40306+18~07249_20260925_202752.wav,DEV_001_20260925_202752.wav,0,59.40306,18.07249,Leppun,Leptophyes punctatissima,Speckled Bush-cricket,bush-cricket,0.99,,,25/09/2026,25/09/2026,20:27:52,ClassifEspSWE-0002026-05-29_1,JOHANKARLSSON,202609261749LURHAINK,2026_25_sep_20,Citizen Science (ultrasonic) - shared
59~40306+18~07249_20260925_202758.wav,DEV_001_20260925_202758.wav,0,59.40306,18.07249,Leppun,Leptophyes punctatissima,Speckled Bush-cricket,bush-cricket,0.99,,,25/09/2026,25/09/2026,20:27:58,ClassifEspSWE-0002026-05-29_1,JOHANKARLSSON,202609261749LURHAINK,2026_25_sep_20,Citizen Science (ultrasonic) - shared
59~40306+18~07249_20260925_202805.wav,DEV_001_20260925_202805.wav,0,59.40306,18.07249,Leppun,Leptophyes punctatissima,Speckled Bush-cricket,bush-cricket,0.99,,,25/09/2026,25/09/2026,20:28:05,ClassifEspSWE-0002026-05-29_1,JOHANKARLSSON,202609261749LURHAINK,2026_25_sep_20,Citizen Science (ultrasonic) - shared
59~40306+18~07249_20260925_202811.wav,DEV_001_20260925_202811.wav,0,59.40306,18.07249,Leppun,Leptophyes punctatissima,Speckled Bush-cricket,bush-cricket,0.99,,,25/09/2026,25/09/2026,20:28:11,ClassifEspSWE-0002026-05-29_1,JOHANKARLSSON,202609261749LURHAINK,2026_25_sep_20,Citizen Science (ultrasonic) - shared
59~40306+18~07249_20260925_202818.wav,DEV_001_20260925_202818.wav,0,59.40306,18.07249,Leppun,Leptophyes punctatissima,Speckled Bush-cricket,bush-cricket,0.99,,,25/09/2026,25/09/2026,20:28:18,ClassifEspSWE-0002026-05-29_1,JOHANKARLSSON,202609261749LURHAINK,2026_25_sep_20,Citizen Science (ultrasonic) - shared
59~40306+18~07249_20260925_202824.wav,DEV_001_20260925_202824.wav,0,59.40306,18.07249,Leppun,Leptophyes punctatissima,Speckled Bush-cricket,bush-cricket,0.99,,,25/09/2026,25/09/2026,20:28:24,ClassifEspSWE-0002026-05-29_1,JOHANKARLSSON,202609261749LURHAINK,2026_25_sep_20,Citizen Science (ultrasonic) - shared
59~40306+18~07249_20260925_202830.wav,DEV_001_20260925_202830.wav,0,59.40306,18.07249,Leppun,Leptophyes punctatissima,Speckled Bush-cricket,bush-cricket,0.99,,,25/09/2026,25/09/2026,20:28:30,ClassifEspSWE-0002026-05-29_1,JOHANKARLSSON,202609261749LURHAINK,2026_25_sep_20,Citizen Science (ultrasonic) - shared
59~40306+18~07249_20260925_202836.wav,DEV_001_20260925_202836.wav,0,59.40306,18.07249,Leppun,Leptophyes punctatissima,Speckled Bush-cricket,bush-cricket,0.99,,,25/09/2026,25/09/2026,20:28:36,ClassifEspSWE-0002026-05-29_1,JOHANKARLSSON,202609261749LURHAINK,2026_25_sep_20,Citizen Science (ultrasonic) - shared
59~40306+18~07249_20260925_202842.wav,DEV_001_20260925_202842.wav,0,59.40306,18.07249,Leppun,Leptophyes punctatissima,Speckled Bush-cricket,bush-cricket,0.99,,,25/09/2026,25/09/2026,20:28:42,ClassifEspSWE-0002026-05-29_1,JOHANKARLSSON,202609261749LURHAINK,2026_25_sep_20,Citizen Science (ultrasonic) - shared
59~40306+18~07249_20260925_202849.wav,DEV_001_20260925_202849.wav,0,59.40306,18.07249,Leppun,Leptophyes punctatissima,Speckled Bush-cricket,bush-cricket,0.99,,,25/09/2026,25/09/2026,20:28:49,ClassifEspSWE-0002026-05-29_1,JOHANKARLSSON,202609261749LURHAINK,2026_25_sep_20,Citizen Science (ultrasonic) - shared
59~40306+18~07249_20260925_202854.wav,DEV_001_20260925_202854.wav,0,59.40306,18.07249,Leppun,Leptophyes punctatissima,Speckled Bush-cricket,bush-cricket,0.99,,,25/09/2026,25/09/2026,20:28:54,ClassifEspSWE-0002026-05-29_1,JOHANKARLSSON,202609261749LURHAINK,2026_25_sep_20,Citizen Science (ultrasonic) - shared
59~40306+18~07249_20260925_202900.wav,DEV_001_20260925_202900.wav,0,59.40306,18.07249,Leppun,Leptophyes punctatissima,Speckled Bush-cricket,bush-cricket,0.99,,,25/09/2026,25/09/2026,20:29:00,ClassifEspSWE-0002026-05-29_1,JOHANKARLSSON,202609261749LURHAINK,2026_25_sep_20,Citizen Science (ultrasonic) - shared
59~40306+18~07249_20260925_202906.wav,DEV_001_20260925_202906.wav,0,59.40306,18.07249,Leppun,Leptophyes punctatissima,Speckled Bush-cricket,bush-cricket,0.99,,,25/09/2026,25/09/2026,20:29:06,ClassifEspSWE-0002026-05-29_1,JOHANKARLSSON,202609261749LURHAINK,2026_25_sep_20,Citizen Science (ultrasonic) - shared
59~40306+18~07249_20260925_202911.wav,DEV_001_20260925_202911.wav,0,59.40306,18.07249,Leppun,Leptophyes punctatissima,Speckled Bush-cricket,bush-cricket,0.99,,,25/09/2026,25/09/2026,20:29:11,ClassifEspSWE-0002026-05-29_1,JOHANKARLSSON,202609261749LURHAINK,2026_25_sep_20,Citizen Science (ultrasonic) - shared
59~40306+18~07249_20260925_202918.wav,DEV_001_20260925_202918.wav,0,59.40306,18.07249,Leppun,Leptophyes punctatissima,Speckled Bush-cricket,bush-cricket,0.99,,,25/09/2026,25/09/2026,20:29:18,ClassifEspSWE-0002026-05-29_1,JOHANKARLSSON,202609261749LURHAINK,2026_25_sep_20,Citizen Science (ultrasonic) - shared
59~40306+18~07249_20260925_202924.wav,DEV_001_20260925_202924.wav,0,59.40306,18.07249,Leppun,Leptophyes punctatissima,Speckled Bush-cricket,bush-cricket,0.99,,,25/09/2026,25/09/2026,20:29:24,ClassifEspSWE-0002026-05-29_1,JOHANKARLSSON,202609261749LURHAINK,2026_25_sep_20,Citizen Science (ultrasonic) - shared
59~40306+18~07249_20260925_202931.wav,DEV_001_20260925_202931.wav,0,59.40306,18.07249,Leppun,Leptophyes punctatissima,Speckled Bush-cricket,bush-cricket,0.99,,,25/09/2026,25/09/2026,20:29:31,ClassifEspSWE-0002026-05-29_1,JOHANKARLSSON,202609261749LURHAINK,2026_25_sep_20,Citizen Science (ultrasonic) - shared
59~40306+18~07249_20260925_202936.wav,DEV_001_20260925_202936.wav,0,59.40306,18.07249,Leppun,Leptophyes punctatissima,Speckled Bush-cricket,bush-cricket,0.99,,,25/09/2026,25/09/2026,20:29:36,ClassifEspSWE-0002026-05-29_1,JOHANKARLSSON,202609261749LURHAINK,2026_25_sep_20,Citizen Science (ultrasonic) - shared
59~40306+18~07249_20260925_202943.wav,DEV_001_20260925_202943.wav,0,59.40306,18.07249,Leppun,Leptophyes punctatissima,Speckled Bush-cricket,bush-cricket,0.99,,,25/09/2026,25/09/2026,20:29:43,ClassifEspSWE-0002026-05-29_1,JOHANKARLSSON,202609261749LURHAINK,2026_25_sep_20,Citizen Science (ultrasonic) - shared
59~40306+18~07249_20260925_202948.wav,DEV_001_20260925_202948.wav,0,59.40306,18.07249,Leppun,Leptophyes punctatissima,Speckled Bush-cricket,bush-cricket,0.99,,,25/09/2026,25/09/2026,20:29:48,ClassifEspSWE-0002026-05-29_1,JOHANKARLSSON,202609261749LURHAINK,2026_25_sep_20,Citizen Science (ultrasonic) - shared
59~40306+18~07249_20260925_202954.wav,DEV_001_20260925_202954.wav,0,59.40306,18.07249,Leppun,Leptophyes punctatissima,Speckled Bush-cricket,bush-cricket,0.99,,,25/09/2026,25/09/2026,20:29:54,ClassifEspSWE-0002026-05-29_1,JOHANKARLSSON,202609261749LURHAINK,2026_25_sep_20,Citizen Science (ultrasonic) - shared
59~40306+18~07249_20260925_202959.wav,DEV_001_20260925_202959.wav,0,59.40306,18.07249,Leppun,Leptophyes punctatissima,Speckled Bush-cricket,bush-cricket,0.99,,,25/09/2026,25/09/2026,20:29:59,ClassifEspSWE-0002026-05-29_1,JOHANKARLSSON,202609261749LURHAINK,2026_25_sep_20,Citizen Science (ultrasonic) - shared
59~40306+18~07249_20260925_203004.wav,DEV_001_20260925_203004.wav,0,59.40306,18.07249,Leppun,Leptophyes punctatissima,Speckled Bush-cricket,bush-cricket,0.99,,,25/09/2026,25/09/2026,20:30:04,ClassifEspSWE-0002026-05-29_1,JOHANKARLSSON,202609261749LURHAINK,2026_25_sep_20,Citizen Science (ultrasonic) - shared
59~40306+18~07249_20260925_203010.wav,DEV_001_20260925_203010.wav,0,59.40306,18.07249,Leppun,Leptophyes punctatissima,Speckled Bush-cricket,bush-cricket,0.99,,,25/09/2026,25/09/2026,20:30:10,ClassifEspSWE-0002026-05-29_1,JOHANKARLSSON,202609261749LURHAINK,2026_25_sep_20,Citizen Science (ultrasonic) - shared
59~40306+18~07249_20260925_203016.wav,DEV_001_20260925_203016.wav,0,59.40306,18.07249,Leppun,Leptophyes punctatissima,Speckled Bush-cricket,bush-cricket,0.99,,,25/09/2026,25/09/2026,20:30:16,ClassifEspSWE-0002026-05-29_1,JOHANKARLSSON,202609261749LURHAINK,2026_25_sep_20,Citizen Science (ultrasonic) - shared
59~40306+18~07249_20260925_203022.wav,DEV_001_20260925_203022.wav,0,59.40306,18.07249,Leppun,Leptophyes punctatissima,Speckled Bush-cricket,bush-cricket,0.99,,,25/09/2026,25/09/2026,20:30:22,ClassifEspSWE-0002026-05-29_1,JOHANKARLSSON,202609261749LURHAINK,2026_25_sep_20,Citizen Science (ultrasonic) - shared
59~40306+18~07249_20260925_203027.wav,DEV_001_20260925_203027.wav,0,59.40306,18.07249,Leppun,Leptophyes punctatissima,Speckled Bush-cricket,bush-cricket,0.99,,,25/09/2026,25/09/2026,20:30:27,ClassifEspSWE-0002026-05-29_1,JOHANKARLSSON,202609261749LURHAINK,2026_25_sep_20,Citizen Science (ultrasonic) - shared
59~40306+18~07249_20260925_203034.wav,DEV_001_20260925_203034.wav,0,59.40306,18.07249,Leppun,Leptophyes punctatissima,Speckled Bush-cricket,bush-cricket,0.99,,,25/09/2026,25/09/2026,20:30:34,ClassifEspSWE-0002026-05-29_1,JOHANKARLSSON,202609261749LURHAINK,2026_25_sep_20,Citizen Science (ultrasonic) - shared
59~40306+18~07249_20260925_203040.wav,DEV_001_20260925_203040.wav,0,59.40306,18.07249,Leppun,Leptophyes punctatissima,Speckled Bush-cricket,bush-cricket,0.99,,,25/09/2026,25/09/2026,20:30:40,ClassifEspSWE-0002026-05-29_1,JOHANKARLSSON,202609261749LURHAINK,2026_25_sep_20,Citizen Science (ultrasonic) - shared
59~40306+18~07249_20260925_203046.wav,DEV_001_20260925_203046.wav,0,59.40306,18.07249,Leppun,Leptophyes punctatissima,Speckled Bush-cricket,bush-cricket,0.99,,,25/09/2026,25/09/2026,20:30:46,ClassifEspSWE-0002026-05-29_1,JOHANKARLSSON,202609261749LURHAINK,2026_25_sep_20,Citizen Science (ultrasonic) - shared
59~40306+18~07249_20260925_203051.wav,DEV_001_20260925_203051.wav,0,59.40306,18.07249,Leppun,Leptophyes punctatissima,Speckled Bush-cricket,bush-cricket,0.99,,,25/09/2026,25/09/2026,20:30:51,ClassifEspSWE-0002026-05-29_1,JOHANKARLSSON,202609261749LURHAINK,2026_25_sep_20,Citizen Science (ultrasonic) - shared
59~40306+18~07249_20260925_203056.wav,DEV_001_20260925_203056.wav,0,59.40306,18.07249,Leppun,Leptophyes punctatissima,Speckled Bush-cricket,bush-cricket,0.99,,,25/09/2026,25/09/2026,20:30:56,ClassifEspSWE-0002026-05-29_1,JOHANKARLSSON,202609261749LURHAINK,2026_25_sep_20,Citizen Science (ultrasonic) - shared
59~40306+18~07249_20260925_203102.wav,DEV_001_20260925_203102.wav,0,59.40306,18.07249,Leppun,Leptophyes punctatissima,Speckled Bush-cricket,bush-cricket,0.99,,,25/09/2026,25/09/2026,20:31:02,ClassifEspSWE-0002026-05-29_1,JOHANKARLSSON,202609261749LURHAINK,2026_25_sep_20,Citizen Science (ultrasonic) - shared
59~40306+18~07249_20260925_203108.wav,DEV_001_20260925_203108.wav,0,59.40306,18.07249,Leppun,Leptophyes punctatissima,Speckled Bush-cricket,bush-cricket,0.99,,,25/09/2026,25/09/2026,20:31:08,ClassifEspSWE-0002026-05-29_1,JOHANKARLSSON,202609261749LURHAINK,2026_25_sep_20,Citizen Science (ultrasonic) - shared
59~40306+18~07249_20260925_203113.wav,DEV_001_20260925_203113.wav,0,59.40306,18.07249,Leppun,Leptophyes punctatissima,Speckled Bush-cricket,bush-cricket,0.99,,,25/09/2026,25/09/2026,20:31:13,ClassifEspSWE-0002026-05-29_1,JOHANKARLSSON,202609261749LURHAINK,2026_25_sep_20,Citizen Science (ultrasonic) - shared
59~40306+18~07249_20260925_203118.wav,DEV_001_20260925_203118.wav,0,59.40306,18.07249,Leppun,Leptophyes punctatissima,Speckled Bush-cricket,bush-cricket,0.99,,,25/09/2026,25/09/2026,20:31:18,ClassifEspSWE-0002026-05-29_1,JOHANKARLSSON,202609261749LURHAINK,2026_25_sep_20,Citizen Science (ultrasonic) - shared
59~40306+18~07249_20260925_203124.wav,DEV_001_20260925_203124.wav,0,59.40306,18.07249,Leppun,Leptophyes punctatissima,Speckled Bush-cricket,bush-cricket,0.99,,,25/09/2026,25/09/2026,20:31:24,ClassifEspSWE-0002026-05-29_1,JOHANKARLSSON,202609261749LURHAINK,2026_25_sep_20,Citizen Science (ultrasonic) - shared
59~40306+18~07249_20260925_203129.wav,DEV_001_20260925_203129.wav,0,59.40306,18.07249,Leppun,Leptophyes punctatissima,Speckled Bush-cricket,bush-cricket,0.99,,,25/09/2026,25/09/2026,20:31:29,ClassifEspSWE-0002026-05-29_1,JOHANKARLSSON,202609261749LURHAINK,2026_25_sep_20,Citizen Science (ultrasonic) - shared
59~40306+18~07249_20260925_203135.wav,DEV_001_20260925_203135.wav,0,59.40306,18.07249,Leppun,Leptophyes punctatissima,Speckled Bush-cricket,bush-cricket,0.99,,,25/09/2026,25/09/2026,20:31:35,ClassifEspSWE-0002026-05-29_1,JOHANKARLSSON,202609261749LURHAINK,2026_25_sep_20,Citizen Science (ultrasonic) - shared
59~40306+18~07249_20260925_203140.wav,DEV_001_20260925_203140.wav,0,59.40306,18.07249,Leppun,Leptophyes punctatissima,Speckled Bush-cricket,bush-cricket,0.99,,,25/09/2026,25/09/2026,20:31:40,ClassifEspSWE-0002026-05-29_1,JOHANKARLSSON,202609261749LURHAINK,2026_25_sep_20,Citizen Science (ultrasonic) - shared
59~40306+18~07249_20260925_203146.wav,DEV_001_20260925_203146.wav,0,59.40306,18.07249,Leppun,Leptophyes punctatissima,Speckled Bush-cricket,bush-cricket,0.99,,,25/09/2026,25/09/2026,20:31:46,ClassifEspSWE-0002026-05-29_1,JOHANKARLSSON,202609261749LURHAINK,2026_25_sep_20,Citizen Science (ultrasonic) - shared
59~40306+18~07249_20260925_203151.wav,DEV_001_20260925_203151.wav,0,59.40306,18.07249,Leppun,Leptophyes punctatissima,Speckled Bush-cricket,bush-cricket,0.99,,,25/09/2026,25/09/2026,20:31:51,ClassifEspSWE-0002026-05-29_1,JOHANKARLSSON,202609261749LURHAINK,2026_25_sep_20,Citizen Science (ultrasonic) - shared
59~40306+18~07249_20260925_203156.wav,DEV_001_20260925_203156.wav,0,59.40306,18.07249,Leppun,Leptophyes punctatissima,Speckled Bush-cricket,bush-cricket,0.99,,,25/09/2026,25/09/2026,20:31:56,ClassifEspSWE-0002026-05-29_1,JOHANKARLSSON,202609261749LURHAINK,2026_25_sep_20,Citizen Science (ultrasonic) - shared
59~40306+18~07249_20260925_203202.wav,DEV_001_20260925_203202.wav,0,59.40306,18.07249,Leppun,Leptophyes punctatissima,Speckled Bush-cricket,bush-cricket,0.99,,,25/09/2026,25/09/2026,20:32:02,ClassifEspSWE-0002026-05-29_1,JOHANKARLSSON,202609261749LURHAINK,2026_25_sep_20,Citizen Science (ultrasonic) - shared
59~40306+18~07249_20260925_203208.wav,DEV_001_20260925_203208.wav,0,59.40306,18.07249,Leppun,Leptophyes punctatissima,Speckled Bush-cricket,bush-cricket,0.99,,,25/09/2026,25/09/2026,20:32:08,ClassifEspSWE-0002026-05-29_1,JOHANKARLSSON,202609261749LURHAINK,2026_25_sep_20,Citizen Science (ultrasonic) - shared
59~40306+18~07249_20260925_203213.wav,DEV_001_20260925_203213.wav,0,59.40306,18.07249,Leppun,Leptophyes punctatissima,Speckled Bush-cricket,bush-cricket,0.99,,,25/09/2026,25/09/2026,20:32:13,ClassifEspSWE-0002026-05-29_1,JOHANKARLSSON,202609261749LURHAINK,2026_25_sep_20,Citizen Science (ultrasonic) - shared
59~40306+18~07249_20260925_203219.wav,DEV_001_20260925_203219.wav,0,59.40306,18.07249,Leppun,Leptophyes punctatissima,Speckled Bush-cricket,bush-cricket,0.99,,,25/09/2026,25/09/2026,20:32:19,ClassifEspSWE-0002026-05-29_1,JOHANKARLSSON,202609261749LURHAINK,2026_25_sep_20,Citizen Science (ultrasonic) - shared
59~40306+18~07249_20260925_203226.wav,DEV_001_20260925_203226.wav,0,59.40306,18.07249,Leppun,Leptophyes punctatissima,Speckled Bush-cricket,bush-cricket,0.99,,,25/09/2026,25/09/2026,20:32:26,ClassifEspSWE-0002026-05-29_1,JOHANKARLSSON,202609261749LURHAINK,2026_25_sep_20,Citizen Science (ultrasonic) - shared
59~40306+18~07249_20260925_203231.wav,DEV_001_20260925_203231.wav,0,59.40306,18.07249,Leppun,Leptophyes punctatissima,Speckled Bush-cricket,bush-cricket,0.99,,,25/09/2026,25/09/2026,20:32:31,ClassifEspSWE-0002026-05-29_1,JOHANKARLSSON,202609261749LURHAINK,2026_25_sep_20,Citizen Science (ultrasonic) - shared
59~40306+18~07249_20260925_203236.wav,DEV_001_20260925_203236.wav,0,59.40306,18.07249,Leppun,Leptophyes punctatissima,Speckled Bush-cricket,bush-cricket,0.99,,,25/09/2026,25/09/2026,20:32:36,ClassifEspSWE-0002026-05-29_1,JOHANKARLSSON,202609261749LURHAINK,2026_25_sep_20,Citizen Science (ultrasonic) - shared
59~40306+18~07249_20260925_203242.wav,DEV_001_20260925_203242.wav,0,59.40306,18.07249,Leppun,Leptophyes punctatissima,Speckled Bush-cricket,bush-cricket,0.99,,,25/09/2026,25/09/2026,20:32:42,ClassifEspSWE-0002026-05-29_1,JOHANKARLSSON,202609261749LURHAINK,2026_25_sep_20,Citizen Science (ultrasonic) - shared
59~40306+18~07249_20260925_203249.wav,DEV_001_20260925_203249.wav,0,59.40306,18.07249,Leppun,Leptophyes punctatissima,Speckled Bush-cricket,bush-cricket,0.99,,,25/09/2026,25/09/2026,20:32:49,ClassifEspSWE-0002026-05-29_1,JOHANKARLSSON,202609261749LURHAINK,2026_25_sep_20,Citizen Science (ultrasonic) - shared
59~40306+18~07249_20260925_203254.wav,DEV_001_20260925_203254.wav,0,59.40306,18.07249,Leppun,Leptophyes punctatissima,Speckled Bush-cricket,bush-cricket,0.99,,,25/09/2026,25/09/2026,20:32:54,ClassifEspSWE-0002026-05-29_1,JOHANKARLSSON,202609261749LURHAINK,2026_25_sep_20,Citizen Science (ultrasonic) - shared
59~40306+18~07249_20260925_203301.wav,DEV_001_20260925_203301.wav,0,59.40306,18.07249,Leppun,Leptophyes punctatissima,Speckled Bush-cricket,bush-cricket,0.99,,,25/09/2026,25/09/2026,20:33:01,ClassifEspSWE-0002026-05-29_1,JOHANKARLSSON,202609261749LURHAINK,2026_25_sep_20,Citizen Science (ultrasonic) - shared
59~40306+18~07249_20260925_203306.wav,DEV_001_20260925_203306.wav,0,59.40306,18.07249,Leppun,Leptophyes punctatissima,Speckled Bush-cricket,bush-cricket,0.99,,,25/09/2026,25/09/2026,20:33:06,ClassifEspSWE-0002026-05-29_1,JOHANKARLSSON,202609261749LURHAINK,2026_25_sep_20,Citizen Science (ultrasonic) - shared
59~40306+18~07249_20260925_203312.wav,DEV_001_20260925_203312.wav,0,59.40306,18.07249,Leppun,Leptophyes punctatissima,Speckled Bush-cricket,bush-cricket,0.99,,,25/09/2026,25/09/2026,20:33:12,ClassifEspSWE-0002026-05-29_1,JOHANKARLSSON,202609261749LURHAINK,2026_25_sep_20,Citizen Science (ultrasonic) - shared
59~40306+18~07249_20260925_203319.wav,DEV_001_20260925_203319.wav,0,59.40306,18.07249,Leppun,Leptophyes punctatissima,Speckled Bush-cricket,bush-cricket,0.99,,,25/09/2026,25/09/2026,20:33:19,ClassifEspSWE-0002026-05-29_1,JOHANKARLSSON,202609261749LURHAINK,2026_25_sep_20,Citizen Science (ultrasonic) - shared
59~40306+18~07249_20260925_203324.wav,DEV_001_20260925_203324.wav,0,59.40306,18.07249,Leppun,Leptophyes punctatissima,Speckled Bush-cricket,bush-cricket,0.99,,,25/09/2026,25/09/2026,20:33:24,ClassifEspSWE-0002026-05-29_1,JOHANKARLSSON,202609261749LURHAINK,2026_25_sep_20,Citizen Science (ultrasonic) - shared
59~40306+18~07249_20260925_203330.wav,DEV_001_20260925_203330.wav,0,59.40306,18.07249,Leppun,Leptophyes punctatissima,Speckled Bush-cricket,bush-cricket,0.99,,,25/09/2026,25/09/2026,20:33:30,ClassifEspSWE-0002026-05-29_1,JOHANKARLSSON,202609261749LURHAINK,2026_25_sep_20,Citizen Science (ultrasonic) - shared
59~40306+18~07249_20260925_203335.wav,DEV_001_20260925_203335.wav,0,59.40306,18.07249,Leppun,Leptophyes punctatissima,Speckled Bush-cricket,bush-cricket,0.99,,,25/09/2026,25/09/2026,20:33:35,ClassifEspSWE-0002026-05-29_1,JOHANKARLSSON,202609261749LURHAINK,2026_25_sep_20,Citizen Science (ultrasonic) - shared
59~40306+18~07249_20260925_203341.wav,DEV_001_20260925_203341.wav,0,59.40306,18.07249,Leppun,Leptophyes punctatissima,Speckled Bush-cricket,bush-cricket,0.99,,,25/09/2026,25/09/2026,20:33:41,ClassifEspSWE-0002026-05-29_1,JOHANKARLSSON,202609261749LURHAINK,2026_25_sep_20,Citizen Science (ultrasonic) - shared
59~40306+18~07249_20260925_203348.wav,DEV_001_20260925_203348.wav,0,59.40306,18.07249,Leppun,Leptophyes punctatissima,Speckled Bush-cricket,bush-cricket,0.99,,,25/09/2026,25/09/2026,20:33:48,ClassifEspSWE-0002026-05-29_1,JOHANKARLSSON,202609261749LURHAINK,2026_25_sep_20,Citizen Science (ultrasonic) - shared
59~40306+18~07249_20260925_203354.wav,DEV_001_20260925_203354.wav,0,59.40306,18.07249,Leppun,Leptophyes punctatissima,Speckled Bush-cricket,bush-cricket,0.99,,,25/09/2026,25/09/2026,20:33:54,ClassifEspSWE-0002026-05-29_1,JOHANKARLSSON,202609261749LURHAINK,2026_25_sep_20,Citizen Science (ultrasonic) - shared
59~40306+18~07249_20260925_203400.wav,DEV_001_20260925_203400.wav,0,59.40306,18.07249,Leppun,Leptophyes punctatissima,Speckled Bush-cricket,bush-cricket,0.99,,,25/09/2026,25/09/2026,20:34:00,ClassifEspSWE-0002026-05-29_1,JOHANKARLSSON,202609261749LURHAINK,2026_25_sep_20,Citizen Science (ultrasonic) - shared
59~40306+18~07249_20260925_203407.wav,DEV_001_20260925_203407.wav,0,59.40306,18.07249,Leppun,Leptophyes punctatissima,Speckled Bush-cricket,bush-cricket,0.99,,,25/09/2026,25/09/2026,20:34:07,ClassifEspSWE-0002026-05-29_1,JOHANKARLSSON,202609261749LURHAINK,2026_25_sep_20,Citizen Science (ultrasonic) - shared
59~40306+18~07249_20260925_203412.wav,DEV_001_20260925_203412.wav,0,59.40306,18.07249,Leppun,Leptophyes punctatissima,Speckled Bush-cricket,bush-cricket,0.99,,,25/09/2026,25/09/2026,20:34:12,ClassifEspSWE-0002026-05-29_1,JOHANKARLSSON,202609261749LURHAINK,2026_25_sep_20,Citizen Science (ultrasonic) - shared
59~40306+18~07249_20260925_203418.wav,DEV_001_20260925_203418.wav,0,59.40306,18.07249,Leppun,Leptophyes punctatissima,Speckled Bush-cricket,bush-cricket,0.99,,,25/09/2026,25/09/2026,20:34:18,ClassifEspSWE-0002026-05-29_1,JOHANKARLSSON,202609261749LURHAINK,2026_25_sep_20,Citizen Science (ultrasonic) - shared
59~40306+18~07249_20260925_203425.wav,DEV_001_20260925_203425.wav,0,59.40306,18.07249,Leppun,Leptophyes punctatissima,Speckled Bush-cricket,bush-cricket,0.99,,,25/09/2026,25/09/2026,20:34:25,ClassifEspSWE-0002026-05-29_1,JOHANKARLSSON,202609261749LURHAINK,2026_25_sep_20,Citizen Science (ultrasonic) - shared
59~40306+18~07249_20260925_203432.wav,DEV_001_20260925_203432.wav,0,59.40306,18.07249,Leppun,Leptophyes punctatissima,Speckled Bush-cricket,bush-cricket,0.99,,,25/09/2026,25/09/2026,20:34:32,ClassifEspSWE-0002026-05-29_1,JOHANKARLSSON,202609261749LURHAINK,2026_25_sep_20,Citizen Science (ultrasonic) - shared
59~40306+18~07249_20260925_203438.wav,DEV_001_20260925_203438.wav,0,59.40306,18.07249,Leppun,Leptophyes punctatissima,Speckled Bush-cricket,bush-cricket,0.99,,,25/09/2026,25/09/2026,20:34:38,ClassifEspSWE-0002026-05-29_1,JOHANKARLSSON,202609261749LURHAINK,2026_25_sep_20,Citizen Science (ultrasonic) - shared
59~40306+18~07249_20260925_203443.wav,DEV_001_20260925_203443.wav,0,59.40306,18.07249,Leppun,Leptophyes punctatissima,Speckled Bush-cricket,bush-cricket,0.99,,,25/09/2026,25/09/2026,20:34:43,ClassifEspSWE-0002026-05-29_1,JOHANKARLSSON,202609261749LURHAINK,2026_25_sep_20,Citizen Science (ultrasonic) - shared
59~40306+18~07249_20260925_203449.wav,DEV_001_20260925_203449.wav,0,59.40306,18.07249,Leppun,Leptophyes punctatissima,Speckled Bush-cricket,bush-cricket,0.99,,,25/09/2026,25/09/2026,20:34:49,ClassifEspSWE-0002026-05-29_1,JOHANKARLSSON,202609261749LURHAINK,2026_25_sep_20,Citizen Science (ultrasonic) - shared
59~40306+18~07249_20260925_203455.wav,DEV_001_20260925_203455.wav,0,59.40306,18.07249,Leppun,Leptophyes punctatissima,Speckled Bush-cricket,bush-cricket,0.99,,,25/09/2026,25/09/2026,20:34:55,ClassifEspSWE-0002026-05-29_1,JOHANKARLSSON,202609261749LURHAINK,2026_25_sep_20,Citizen Science (ultrasonic) - shared
59~40306+18~07249_20260925_203500.wav,DEV_001_20260925_203500.wav,0,59.40306,18.07249,Leppun,Leptophyes punctatissima,Speckled Bush-cricket,bush-cricket,0.99,,,25/09/2026,25/09/2026,20:35:00,ClassifEspSWE-0002026-05-29_1,JOHANKARLSSON,202609261749LURHAINK,2026_25_sep_20,Citizen Science (ultrasonic) - shared
59~40306+18~07249_20260925_203507.wav,DEV_001_20260925_203507.wav,0,59.40306,18.07249,Leppun,Leptophyes punctatissima,Speckled Bush-cricket,bush-cricket,0.99,,,25/09/2026,25/09/2026,20:35:07,ClassifEspSWE-0002026-05-29_1,JOHANKARLSSON,202609261749LURHAINK,2026_25_sep_20,Citizen Science (ultrasonic) - shared
59~40306+18~07249_20260925_203513.wav,DEV_001_20260925_203513.wav,0,59.40306,18.07249,Leppun,Leptophyes punctatissima,Speckled Bush-cricket,bush-cricket,0.99,,,25/09/2026,25/09/2026,20:35:13,ClassifEspSWE-0002026-05-29_1,JOHANKARLSSON,202609261749LURHAINK,2026_25_sep_20,Citizen Science (ultrasonic) - shared
59~40306+18~07249_20260925_203518.wav,DEV_001_20260925_203518.wav,0,59.40306,18.07249,Leppun,Leptophyes punctatissima,Speckled Bush-cricket,bush-cricket,0.99,,,25/09/2026,25/09/2026,20:35:18,ClassifEspSWE-0002026-05-29_1,JOHANKARLSSON,202609261749LURHAINK,2026_25_sep_20,Citizen Science (ultrasonic) - shared
59~40306+18~07249_20260925_203524.wav,DEV_001_20260925_203524.wav,0,59.40306,18.07249,Leppun,Leptophyes punctatissima,Speckled Bush-cricket,bush-cricket,0.99,,,25/09/2026,25/09/2026,20:35:24,ClassifEspSWE-0002026-05-29_1,JOHANKARLSSON,202609261749LURHAINK,2026_25_sep_20,Citizen Science (ultrasonic) - shared
59~40306+18~07249_20260925_203531.wav,DEV_001_20260925_203531.wav,0,59.40306,18.07249,Leppun,Leptophyes punctatissima,Speckled Bush-cricket,bush-cricket,0.99,,,25/09/2026,25/09/2026,20:35:31,ClassifEspSWE-0002026-05-29_1,JOHANKARLSSON,202609261749LURHAINK,2026_25_sep_20,Citizen Science (ultrasonic) - shared
59~40306+18~07249_20260925_203536.wav,DEV_001_20260925_203536.wav,0,59.40306,18.07249,Leppun,Leptophyes punctatissima,Speckled Bush-cricket,bush-cricket,0.99,,,25/09/2026,25/09/2026,20:35:36,ClassifEspSWE-0002026-05-29_1,JOHANKARLSSON,202609261749LURHAINK,2026_25_sep_20,Citizen Science (ultrasonic) - shared
59~40306+18~07249_20260925_203543.wav,DEV_001_20260925_203543.wav,0,59.40306,18.07249,Leppun,Leptophyes punctatissima,Speckled Bush-cricket,bush-cricket,0.99,,,25/09/2026,25/09/2026,20:35:43,ClassifEspSWE-0002026-05-29_1,JOHANKARLSSON,202609261749LURHAINK,2026_25_sep_20,Citizen Science (ultrasonic) - shared
59~40306+18~07249_20260925_203550.wav,DEV_001_20260925_203550.wav,0,59.40306,18.07249,Leppun,Leptophyes punctatissima,Speckled Bush-cricket,bush-cricket,0.99,,,25/09/2026,25/09/2026,20:35:50,ClassifEspSWE-0002026-05-29_1,JOHANKARLSSON,202609261749LURHAINK,2026_25_sep_20,Citizen Science (ultrasonic) - shared
59~40306+18~07249_20260925_203556.wav,DEV_001_20260925_203556.wav,0,59.40306,18.07249,Leppun,Leptophyes punctatissima,Speckled Bush-cricket,bush-cricket,0.99,,,25/09/2026,25/09/2026,20:35:56,ClassifEspSWE-0002026-05-29_1,JOHANKARLSSON,202609261749LURHAINK,2026_25_sep_20,Citizen Science (ultrasonic) - shared
59~40306+18~07249_20260925_203601.wav,DEV_001_20260925_203601.wav,0,59.40306,18.07249,Leppun,Leptophyes punctatissima,Speckled Bush-cricket,bush-cricket,0.99,,,25/09/2026,25/09/2026,20:36:01,ClassifEspSWE-0002026-05-29_1,JOHANKARLSSON,202609261749LURHAINK,2026_25_sep_20,Citizen Science (ultrasonic) - shared
59~40306+18~07249_20260925_203606.wav,DEV_001_20260925_203606.wav,0,59.40306,18.07249,Leppun,Leptophyes punctatissima,Speckled Bush-cricket,bush-cricket,0.99,,,25/09/2026,25/09/2026,20:36:06,ClassifEspSWE-0002026-05-29_1,JOHANKARLSSON,202609261749LURHAINK,2026_25_sep_20,Citizen Science (ultrasonic) - shared
59~40306+18~07249_20260925_203613.wav,DEV_001_20260925_203613.wav,0,59.40306,18.07249,Leppun,Leptophyes punctatissima,Speckled Bush-cricket,bush-cricket,0.99,,,25/09/2026,25/09/2026,20:36:13,ClassifEspSWE-0002026-05-29_1,JOHANKARLSSON,202609261749LURHAINK,2026_25_sep_20,Citizen Science (ultrasonic) - shared
59~40306+18~07249_20260925_203619.wav,DEV_001_20260925_203619.wav,0,59.40306,18.07249,Leppun,Leptophyes punctatissima,Speckled Bush-cricket,bush-cricket,0.99,,,25/09/2026,25/09/2026,20:36:19,ClassifEspSWE-0002026-05-29_1,JOHANKARLSSON,202609261749LURHAINK,2026_25_sep_20,Citizen Science (ultrasonic) - shared
59~40306+18~07249_20260925_203626.wav,DEV_001_20260925_203626.wav,0,59.40306,18.07249,Leppun,Leptophyes punctatissima,Speckled Bush-cricket,bush-cricket,0.99,,,25/09/2026,25/09/2026,20:36:26,ClassifEspSWE-0002026-05-29_1,JOHANKARLSSON,202609261749LURHAINK,2026_25_sep_20,Citizen Science (ultrasonic) - shared
59~40306+18~07249_20260925_203632.wav,DEV_001_20260925_203632.wav,0,59.40306,18.07249,Leppun,Leptophyes punctatissima,Speckled Bush-cricket,bush-cricket,0.99,,,25/09/2026,25/09/2026,20:36:32,ClassifEspSWE-0002026-05-29_1,JOHANKARLSSON,202609261749LURHAINK,2026_25_sep_20,Citizen Science (ultrasonic) - shared
59~40306+18~07249_20260925_203638.wav,DEV_001_20260925_203638.wav,0,59.40306,18.07249,Leppun,Leptophyes punctatissima,Speckled Bush-cricket,bush-cricket,0.99,,,25/09/2026,25/09/2026,20:36:38,ClassifEspSWE-0002026-05-29_1,JOHANKARLSSON,202609261749LURHAINK,2026_25_sep_20,Citizen Science (ultrasonic) - shared
59~40306+18~07249_20260925_203644.wav,DEV_001_20260925_203644.wav,0,59.40306,18.07249,Leppun,Leptophyes punctatissima,Speckled Bush-cricket,bush-cricket,0.99,,,25/09/2026,25/09/2026,20:36:44,ClassifEspSWE-0002026-05-29_1,JOHANKARLSSON,202609261749LURHAINK,2026_25_sep_20,Citizen Science (ultrasonic) - shared
59~40306+18~07249_20260925_203650.wav,DEV_001_20260925_203650.wav,0,59.40306,18.07249,Leppun,Leptophyes punctatissima,Speckled Bush-cricket,bush-cricket,0.99,,,25/09/2026,25/09/2026,20:36:50,ClassifEspSWE-0002026-05-29_1,JOHANKARLSSON,202609261749LURHAINK,2026_25_sep_20,Citizen Science (ultrasonic) - shared
59~40306+18~07249_20260925_203656.wav,DEV_001_20260925_203656.wav,0,59.40306,18.07249,Leppun,Leptophyes punctatissima,Speckled Bush-cricket,bush-cricket,0.99,,,25/09/2026,25/09/2026,20:36:56,ClassifEspSWE-0002026-05-29_1,JOHANKARLSSON,202609261749LURHAINK,2026_25_sep_20,Citizen Science (ultrasonic) - shared
59~40306+18~07249_20260925_203702.wav,DEV_001_20260925_203702.wav,0,59.40306,18.07249,Leppun,Leptophyes punctatissima,Speckled Bush-cricket,bush-cricket,0.99,,,25/09/2026,25/09/2026,20:37:02,ClassifEspSWE-0002026-05-29_1,JOHANKARLSSON,202609261749LURHAINK,2026_25_sep_20,Citizen Science (ultrasonic) - shared
59~40306+18~07249_20260925_203709.wav,DEV_001_20260925_203709.wav,0,59.40306,18.07249,Leppun,Leptophyes punctatissima,Speckled Bush-cricket,bush-cricket,0.99,,,25/09/2026,25/09/2026,20:37:09,ClassifEspSWE-0002026-05-29_1,JOHANKARLSSON,202609261749LURHAINK,2026_25_sep_20,Citizen Science (ultrasonic) - shared
59~40306+18~07249_20260925_203716.wav,DEV_001_20260925_203716.wav,0,59.40306,18.07249,Leppun,Leptophyes punctatissima,Speckled Bush-cricket,bush-cricket,0.99,,,25/09/2026,25/09/2026,20:37:16,ClassifEspSWE-0002026-05-29_1,JOHANKARLSSON,202609261749LURHAINK,2026_25_sep_20,Citizen Science (ultrasonic) - shared
59~40306+18~07249_20260925_203722.wav,DEV_001_20260925_203722.wav,0,59.40306,18.07249,Leppun,Leptophyes punctatissima,Speckled Bush-cricket,bush-cricket,0.99,,,25/09/2026,25/09/2026,20:37:22,ClassifEspSWE-0002026-05-29_1,JOHANKARLSSON,202609261749LURHAINK,2026_25_sep_20,Citizen Science (ultrasonic) - shared
59~40306+18~07249_20260925_203728.wav,DEV_001_20260925_203728.wav,0,59.40306,18.07249,Leppun,Leptophyes punctatissima,Speckled Bush-cricket,bush-cricket,0.99,,,25/09/2026,25/09/2026,20:37:28,ClassifEspSWE-0002026-05-29_1,JOHANKARLSSON,202609261749LURHAINK,2026_25_sep_20,Citizen Science (ultrasonic) - shared
59~40306+18~07249_20260925_203734.wav,DEV_001_20260925_203734.wav,0,59.40306,18.07249,Leppun,Leptophyes punctatissima,Speckled Bush-cricket,bush-cricket,0.99,,,25/09/2026,25/09/2026,20:37:34,ClassifEspSWE-0002026-05-29_1,JOHANKARLSSON,202609261749LURHAINK,2026_25_sep_20,Citizen Science (ultrasonic) - shared
59~40306+18~07249_20260925_203740.wav,DEV_001_20260925_203740.wav,0,59.40306,18.07249,Leppun,Leptophyes punctatissima,Speckled Bush-cricket,bush-cricket,0.99,,,25/09/2026,25/09/2026,20:37:40,ClassifEspSWE-0002026-05-29_1,JOHANKARLSSON,202609261749LURHAINK,2026_25_sep_20,Citizen Science (ultrasonic) - shared
59~40306+18~07249_20260925_203745.wav,DEV_001_20260925_203745.wav,0,59.40306,18.07249,Leppun,Leptophyes punctatissima,Speckled Bush-cricket,bush-cricket,0.99,,,25/09/2026,25/09/2026,20:37:45,ClassifEspSWE-0002026-05-29_1,JOHANKARLSSON,202609261749LURHAINK,2026_25_sep_20,Citizen Science (ultrasonic) - shared
59~40306+18~07249_20260925_203752.wav,DEV_001_20260925_203752.wav,0,59.40306,18.07249,Leppun,Leptophyes punctatissima,Speckled Bush-cricket,bush-cricket,0.99,,,25/09/2026,25/09/2026,20:37:52,ClassifEspSWE-0002026-05-29_1,JOHANKARLSSON,202609261749LURHAINK,2026_25_sep_20,Citizen Science (ultrasonic) - shared
59~40306+18~07249_20260925_203758.wav,DEV_001_20260925_203758.wav,0,59.40306,18.07249,Leppun,Leptophyes punctatissima,Speckled Bush-cricket,bush-cricket,0.99,,,25/09/2026,25/09/2026,20:37:58,ClassifEspSWE-0002026-05-29_1,JOHANKARLSSON,202609261749LURHAINK,2026_25_sep_20,Citizen Science (ultrasonic) - shared
59~40306+18~07249_20260925_203805.wav,DEV_001_20260925_203805.wav,0,59.40306,18.07249,Leppun,Leptophyes punctatissima,Speckled Bush-cricket,bush-cricket,0.99,,,25/09/2026,25/09/2026,20:38:05,ClassifEspSWE-0002026-05-29_1,JOHANKARLSSON,202609261749LURHAINK,2026_25_sep_20,Citizen Science (ultrasonic) - shared
59~40306+18~07249_20260925_203811.wav,DEV_001_20260925_203811.wav,0,59.40306,18.07249,Leppun,Leptophyes punctatissima,Speckled Bush-cricket,bush-cricket,0.99,,,25/09/2026,25/09/2026,20:38:11,ClassifEspSWE-0002026-05-29_1,JOHANKARLSSON,202609261749LURHAINK,2026_25_sep_20,Citizen Science (ultrasonic) - shared
59~40306+18~07249_20260925_203816.wav,DEV_001_20260925_203816.wav,0,59.40306,18.07249,Leppun,Leptophyes punctatissima,Speckled Bush-cricket,bush-cricket,0.99,,,25/09/2026,25/09/2026,20:38:16,ClassifEspSWE-0002026-05-29_1,JOHANKARLSSON,202609261749LURHAINK,2026_25_sep_20,Citizen Science (ultrasonic) - shared
59~40306+18~07249_20260925_203821.wav,DEV_001_20260925_203821.wav,0,59.40306,18.07249,Leppun,Leptophyes punctatissima,Speckled Bush-cricket,bush-cricket,0.99,,,25/09/2026,25/09/2026,20:38:21,ClassifEspSWE-0002026-05-29_1,JOHANKARLSSON,202609261749LURHAINK,2026_25_sep_20,Citizen Science (ultrasonic) - shared
59~40306+18~07249_20260925_203827.wav,DEV_001_20260925_203827.wav,0,59.40306,18.07249,Leppun,Leptophyes punctatissima,Speckled Bush-cricket,bush-cricket,0.99,,,25/09/2026,25/09/2026,20:38:27,ClassifEspSWE-0002026-05-29_1,JOHANKARLSSON,202609261749LURHAINK,2026_25_sep_20,Citizen Science (ultrasonic) - shared
59~40306+18~07249_20260925_203834.wav,DEV_001_20260925_203834.wav,0,59.40306,18.07249,Leppun,Leptophyes punctatissima,Speckled Bush-cricket,bush-cricket,0.99,,,25/09/2026,25/09/2026,20:38:34,ClassifEspSWE-0002026-05-29_1,JOHANKARLSSON,202609261749LURHAINK,2026_25_sep_20,Citizen Science (ultrasonic) - shared
59~40306+18~07249_20260925_203840.wav,DEV_001_20260925_203840.wav,0,59.40306,18.07249,Leppun,Leptophyes punctatissima,Speckled Bush-cricket,bush-cricket,0.99,,,25/09/2026,25/09/2026,20:38:40,ClassifEspSWE-0002026-05-29_1,JOHANKARLSSON,202609261749LURHAINK,2026_25_sep_20,Citizen Science (ultrasonic) - shared
59~40306+18~07249_20260925_203847.wav,DEV_001_20260925_203847.wav,0,59.40306,18.07249,Leppun,Leptophyes punctatissima,Speckled Bush-cricket,bush-cricket,0.99,,,25/09/2026,25/09/2026,20:38:47,ClassifEspSWE-0002026-05-29_1,JOHANKARLSSON,202609261749LURHAINK,2026_25_sep_20,Citizen Science (ultrasonic) - shared
59~40306+18~07249_20260925_203853.wav,DEV_001_20260925_203853.wav,0,59.40306,18.07249,Leppun,Leptophyes punctatissima,Speckled Bush-cricket,bush-cricket,0.99,,,25/09/2026,25/09/2026,20:38:53,ClassifEspSWE-0002026-05-29_1,JOHANKARLSSON,202609261749LURHAINK,2026_25_sep_20,Citizen Science (ultrasonic) - shared
59~40306+18~07249_20260925_203859.wav,DEV_001_20260925_203859.wav,0,59.40306,18.07249,Leppun,Leptophyes punctatissima,Speckled Bush-cricket,bush-cricket,0.99,,,25/09/2026,25/09/2026,20:38:59,ClassifEspSWE-0002026-05-29_1,JOHANKARLSSON,202609261749LURHAINK,2026_25_sep_20,Citizen Science (ultrasonic) - shared
59~40306+18~07249_20260925_203905.wav,DEV_001_20260925_203905.wav,0,59.40306,18.07249,Leppun,Leptophyes punctatissima,Speckled Bush-cricket,bush-cricket,0.99,,,25/09/2026,25/09/2026,20:39:05,ClassifEspSWE-0002026-05-29_1,JOHANKARLSSON,202609261749LURHAINK,2026_25_sep_20,Citizen Science (ultrasonic) - shared
59~40306+18~07249_20260925_203912.wav,DEV_001_20260925_203912.wav,0,59.40306,18.07249,Leppun,Leptophyes punctatissima,Speckled Bush-cricket,bush-cricket,0.99,,,25/09/2026,25/09/2026,20:39:12,ClassifEspSWE-0002026-05-29_1,JOHANKARLSSON,202609261749LURHAINK,2026_25_sep_20,Citizen Science (ultrasonic) - shared
59~40306+18~07249_20260925_203917.wav,DEV_001_20260925_203917.wav,0,59.40306,18.07249,Leppun,Leptophyes punctatissima,Speckled Bush-cricket,bush-cricket,0.99,,,25/09/2026,25/09/2026,20:39:17,ClassifEspSWE-0002026-05-29_1,JOHANKARLSSON,202609261749LURHAINK,2026_25_sep_20,Citizen Science (ultrasonic) - shared
59~40306+18~07249_20260925_203923.wav,DEV_001_20260925_203923.wav,0,59.40306,18.07249,Leppun,Leptophyes punctatissima,Speckled Bush-cricket,bush-cricket,0.99,,,25/09/2026,25/09/2026,20:39:23,ClassifEspSWE-0002026-05-29_1,JOHANKARLSSON,202609261749LURHAINK,2026_25_sep_20,Citizen Science (ultrasonic) - shared
59~40306+18~07249_20260925_203930.wav,DEV_001_20260925_203930.wav,0,59.40306,18.07249,Leppun,Leptophyes punctatissima,Speckled Bush-cricket,bush-cricket,0.99,,,25/09/2026,25/09/2026,20:39:30,ClassifEspSWE-0002026-05-29_1,JOHANKARLSSON,202609261749LURHAINK,2026_25_sep_20,Citizen Science (ultrasonic) - shared
59~40306+18~07249_20260925_203936.wav,DEV_001_20260925_203936.wav,0,59.40306,18.07249,Leppun,Leptophyes punctatissima,Speckled Bush-cricket,bush-cricket,0.99,,,25/09/2026,25/09/2026,20:39:36,ClassifEspSWE-0002026-05-29_1,JOHANKARLSSON,202609261749LURHAINK,2026_25_sep_20,Citizen Science (ultrasonic) - shared
59~40306+18~07249_20260925_203942.wav,DEV_001_20260925_203942.wav,0,59.40306,18.07249,Leppun,Leptophyes punctatissima,Speckled Bush-cricket,bush-cricket,0.99,,,25/09/2026,25/09/2026,20:39:42,ClassifEspSWE-0002026-05-29_1,JOHANKARLSSON,202609261749LURHAINK,2026_25_sep_20,Citizen Science (ultrasonic) - shared
59~40306+18~07249_20260925_203948.wav,DEV_001_20260925_203948.wav,0,59.40306,18.07249,Leppun,Leptophyes punctatissima,Speckled Bush-cricket,bush-cricket,0.99,,,25/09/2026,25/09/2026,20:39:48,ClassifEspSWE-0002026-05-29_1,JOHANKARLSSON,202609261749LURHAINK,2026_25_sep_20,Citizen Science (ultrasonic) - shared
59~40306+18~07249_20260925_203954.wav,DEV_001_20260925_203954.wav,0,59.40306,18.07249,Leppun,Leptophyes punctatissima,Speckled Bush-cricket,bush-cricket,0.99,,,25/09/2026,25/09/2026,20:39:54,ClassifEspSWE-0002026-05-29_1,JOHANKARLSSON,202609261749LURHAINK,2026_25_sep_20,Citizen Science (ultrasonic) - shared
59~40306+18~07249_20260925_204001.wav,DEV_001_20260925_204001.wav,0,59.40306,18.07249,Leppun,Leptophyes punctatissima,Speckled Bush-cricket,bush-cricket,0.99,,,25/09/2026,25/09/2026,20:40:01,ClassifEspSWE-0002026-05-29_1,JOHANKARLSSON,202609261749LURHAINK,2026_25_sep_20,Citizen Science (ultrasonic) - shared
59~40306+18~07249_20260925_204007.wav,DEV_001_20260925_204007.wav,0,59.40306,18.07249,Leppun,Leptophyes punctatissima,Speckled Bush-cricket,bush-cricket,0.99,,,25/09/2026,25/09/2026,20:40:07,ClassifEspSWE-0002026-05-29_1,JOHANKARLSSON,202609261749LURHAINK,2026_25_sep_20,Citizen Science (ultrasonic) - shared
59~40306+18~07249_20260925_204013.wav,DEV_001_20260925_204013.wav,0,59.40306,18.07249,Leppun,Leptophyes punctatissima,Speckled Bush-cricket,bush-cricket,0.99,,,25/09/2026,25/09/2026,20:40:13,ClassifEspSWE-0002026-05-29_1,JOHANKARLSSON,202609261749LURHAINK,2026_25_sep_20,Citizen Science (ultrasonic) - shared
59~40306+18~07249_20260925_204020.wav,DEV_001_20260925_204020.wav,0,59.40306,18.07249,Leppun,Leptophyes punctatissima,Speckled Bush-cricket,bush-cricket,0.99,,,25/09/2026,25/09/2026,20:40:20,ClassifEspSWE-0002026-05-29_1,JOHANKARLSSON,202609261749LURHAINK,2026_25_sep_20,Citizen Science (ultrasonic) - shared
59~40306+18~07249_20260925_204026.wav,DEV_001_20260925_204026.wav,0,59.40306,18.07249,Leppun,Leptophyes punctatissima,Speckled Bush-cricket,bush-cricket,0.99,,,25/09/2026,25/09/2026,20:40:26,ClassifEspSWE-0002026-05-29_1,JOHANKARLSSON,202609261749LURHAINK,2026_25_sep_20,Citizen Science (ultrasonic) - shared
59~40306+18~07249_20260925_204031.wav,DEV_001_20260925_204031.wav,0,59.40306,18.07249,Leppun,Leptophyes punctatissima,Speckled Bush-cricket,bush-cricket,0.99,,,25/09/2026,25/09/2026,20:40:31,ClassifEspSWE-0002026-05-29_1,JOHANKARLSSON,202609261749LURHAINK,2026_25_sep_20,Citizen Science (ultrasonic) - shared
59~40306+18~07249_20260925_204038.wav,DEV_001_20260925_204038.wav,0,59.40306,18.07249,Leppun,Leptophyes punctatissima,Speckled Bush-cricket,bush-cricket,0.99,,,25/09/2026,25/09/2026,20:40:38,ClassifEspSWE-0002026-05-29_1,JOHANKARLSSON,202609261749LURHAINK,2026_25_sep_20,Citizen Science (ultrasonic) - shared
59~40306+18~07249_20260925_204044.wav,DEV_001_20260925_204044.wav,0,59.40306,18.07249,Leppun,Leptophyes punctatissima,Speckled Bush-cricket,bush-cricket,0.99,,,25/09/2026,25/09/2026,20:40:44,ClassifEspSWE-0002026-05-29_1,JOHANKARLSSON,202609261749LURHAINK,2026_25_sep_20,Citizen Science (ultrasonic) - shared
59~40306+18~07249_20260925_204049.wav,DEV_001_20260925_204049.wav,0,59.40306,18.07249,Leppun,Leptophyes punctatissima,Speckled Bush-cricket,bush-cricket,0.99,,,25/09/2026,25/09/2026,20:40:49,ClassifEspSWE-0002026-05-29_1,JOHANKARLSSON,202609261749LURHAINK,2026_25_sep_20,Citizen Science (ultrasonic) - shared
59~40306+18~07249_20260925_204055.wav,DEV_001_20260925_204055.wav,0,59.40306,18.07249,Leppun,Leptophyes punctatissima,Speckled Bush-cricket,bush-cricket,0.99,,,25/09/2026,25/09/2026,20:40:55,ClassifEspSWE-0002026-05-29_1,JOHANKARLSSON,202609261749LURHAINK,2026_25_sep_20,Citizen Science (ultrasonic) - shared
59~40306+18~07249_20260925_204100.wav,DEV_001_20260925_204100.wav,0,59.40306,18.07249,Leppun,Leptophyes punctatissima,Speckled Bush-cricket,bush-cricket,0.99,,,25/09/2026,25/09/2026,20:41:00,ClassifEspSWE-0002026-05-29_1,JOHANKARLSSON,202609261749LURHAINK,2026_25_sep_20,Citizen Science (ultrasonic) - shared
59~40306+18~07249_20260925_204105.wav,DEV_001_20260925_204105.wav,0,59.40306,18.07249,Leppun,Leptophyes punctatissima,Speckled Bush-cricket,bush-cricket,0.99,,,25/09/2026,25/09/2026,20:41:05,ClassifEspSWE-0002026-05-29_1,JOHANKARLSSON,202609261749LURHAINK,2026_25_sep_20,Citizen Science (ultrasonic) - shared
59~40306+18~07249_20260925_204112.wav,DEV_001_20260925_204112.wav,0,59.40306,18.07249,Leppun,Leptophyes punctatissima,Speckled Bush-cricket,bush-cricket,0.99,,,25/09/2026,25/09/2026,20:41:12,ClassifEspSWE-0002026-05-29_1,JOHANKARLSSON,202609261749LURHAINK,2026_25_sep_20,Citizen Science (ultrasonic) - shared
59~40306+18~07249_20260925_204117.wav,DEV_001_20260925_204117.wav,0,59.40306,18.07249,Leppun,Leptophyes punctatissima,Speckled Bush-cricket,bush-cricket,0.99,,,25/09/2026,25/09/2026,20:41:17,ClassifEspSWE-0002026-05-29_1,JOHANKARLSSON,202609261749LURHAINK,2026_25_sep_20,Citizen Science (ultrasonic) - shared
59~40306+18~07249_20260925_204123.wav,DEV_001_20260925_204123.wav,0,59.40306,18.07249,Leppun,Leptophyes punctatissima,Speckled Bush-cricket,bush-cricket,0.99,,,25/09/2026,25/09/2026,20:41:23,ClassifEspSWE-0002026-05-29_1,JOHANKARLSSON,202609261749LURHAINK,2026_25_sep_20,Citizen Science (ultrasonic) - shared
59~40306+18~07249_20260925_204128.wav,DEV_001_20260925_204128.wav,0,59.40306,18.07249,Leppun,Leptophyes punctatissima,Speckled Bush-cricket,bush-cricket,0.99,,,25/09/2026,25/09/2026,20:41:28,ClassifEspSWE-0002026-05-29_1,JOHANKARLSSON,202609261749LURHAINK,2026_25_sep_20,Citizen Science (ultrasonic) - shared
59~40306+18~07249_20260925_204133.wav,DEV_001_20260925_204133.wav,0,59.40306,18.07249,Leppun,Leptophyes punctatissima,Speckled Bush-cricket,bush-cricket,0.99,,,25/09/2026,25/09/2026,20:41:33,ClassifEspSWE-0002026-05-29_1,JOHANKARLSSON,202609261749LURHAINK,2026_25_sep_20,Citizen Science (ultrasonic) - shared
59~40306+18~07249_20260925_204138.wav,DEV_001_20260925_204138.wav,0,59.40306,18.07249,Leppun,Leptophyes punctatissima,Speckled Bush-cricket,bush-cricket,0.99,,,25/09/2026,25/09/2026,20:41:38,ClassifEspSWE-0002026-05-29_1,JOHANKARLSSON,202609261749LURHAINK,2026_25_sep_20,Citizen Science (ultrasonic) - shared
59~40306+18~07249_20260925_204145.wav,DEV_001_20260925_204145.wav,0,59.40306,18.07249,Leppun,Leptophyes punctatissima,Speckled Bush-cricket,bush-cricket,0.99,,,25/09/2026,25/09/2026,20:41:45,ClassifEspSWE-0002026-05-29_1,JOHANKARLSSON,202609261749LURHAINK,2026_25_sep_20,Citizen Science (ultrasonic) - shared
59~40306+18~07249_20260925_204150.wav,DEV_001_20260925_204150.wav,0,59.40306,18.07249,Leppun,Leptophyes punctatissima,Speckled Bush-cricket,bush-cricket,0.99,,,25/09/2026,25/09/2026,20:41:50,ClassifEspSWE-0002026-05-29_1,JOHANKARLSSON,202609261749LURHAINK,2026_25_sep_20,Citizen Science (ultrasonic) - shared
59~40306+18~07249_20260925_204155.wav,DEV_001_20260925_204155.wav,0,59.40306,18.07249,Leppun,Leptophyes punctatissima,Speckled Bush-cricket,bush-cricket,0.99,,,25/09/2026,25/09/2026,20:41:55,ClassifEspSWE-0002026-05-29_1,JOHANKARLSSON,202609261749LURHAINK,2026_25_sep_20,Citizen Science (ultrasonic) - shared
59~40306+18~07249_20260925_204200.wav,DEV_001_20260925_204200.wav,0,59.40306,18.07249,Leppun,Leptophyes punctatissima,Speckled Bush-cricket,bush-cricket,0.99,,,25/09/2026,25/09/2026,20:42:00,ClassifEspSWE-0002026-05-29_1,JOHANKARLSSON,202609261749LURHAINK,2026_25_sep_20,Citizen Science (ultrasonic) - shared
59~40306+18~07249_20260925_204206.wav,DEV_001_20260925_204206.wav,0,59.40306,18.07249,Leppun,Leptophyes punctatissima,Speckled Bush-cricket,bush-cricket,0.99,,,25/09/2026,25/09/2026,20:42:06,ClassifEspSWE-0002026-05-29_1,JOHANKARLSSON,202609261749LURHAINK,2026_25_sep_20,Citizen Science (ultrasonic) - shared
59~40306+18~07249_20260925_204212.wav,DEV_001_20260925_204212.wav,0,59.40306,18.07249,Leppun,Leptophyes punctatissima,Speckled Bush-cricket,bush-cricket,0.99,,,25/09/2026,25/09/2026,20:42:12,ClassifEspSWE-0002026-05-29_1,JOHANKARLSSON,202609261749LURHAINK,2026_25_sep_20,Citizen Science (ultrasonic) - shared
59~40306+18~07249_20260925_204218.wav,DEV_001_20260925_204218.wav,0,59.40306,18.07249,Leppun,Leptophyes punctatissima,Speckled Bush-cricket,bush-cricket,0.99,,,25/09/2026,25/09/2026,20:42:18,ClassifEspSWE-0002026-05-29_1,JOHANKARLSSON,202609261749LURHAINK,2026_25_sep_20,Citizen Science (ultrasonic) - shared
59~40306+18~07249_20260925_204225.wav,DEV_001_20260925_204225.wav,0,59.40306,18.07249,Leppun,Leptophyes punctatissima,Speckled Bush-cricket,bush-cricket,0.99,,,25/09/2026,25/09/2026,20:42:25,ClassifEspSWE-0002026-05-29_1,JOHANKARLSSON,202609261749LURHAINK,2026_25_sep_20,Citizen Science (ultrasonic) - shared
59~40306+18~07249_20260925_204231.wav,DEV_001_20260925_204231.wav,0,59.40306,18.07249,Leppun,Leptophyes punctatissima,Speckled Bush-cricket,bush-cricket,0.99,,,25/09/2026,25/09/2026,20:42:31,ClassifEspSWE-0002026-05-29_1,JOHANKARLSSON,202609261749LURHAINK,2026_25_sep_20,Citizen Science (ultrasonic) - shared
59~40306+18~07249_20260925_204237.wav,DEV_001_20260925_204237.wav,0,59.40306,18.07249,Leppun,Leptophyes punctatissima,Speckled Bush-cricket,bush-cricket,0.99,,,25/09/2026,25/09/2026,20:42:37,ClassifEspSWE-0002026-05-29_1,JOHANKARLSSON,202609261749LURHAINK,2026_25_sep_20,Citizen Science (ultrasonic) - shared
59~40306+18~07249_20260925_204242.wav,DEV_001_20260925_204242.wav,0,59.40306,18.07249,Leppun,Leptophyes punctatissima,Speckled Bush-cricket,bush-cricket,0.99,,,25/09/2026,25/09/2026,20:42:42,ClassifEspSWE-0002026-05-29_1,JOHANKARLSSON,202609261749LURHAINK,2026_25_sep_20,Citizen Science (ultrasonic) - shared
59~40306+18~07249_20260925_204248.wav,DEV_001_20260925_204248.wav,0,59.40306,18.07249,Leppun,Leptophyes punctatissima,Speckled Bush-cricket,bush-cricket,0.99,,,25/09/2026,25/09/2026,20:42:48,ClassifEspSWE-0002026-05-29_1,JOHANKARLSSON,202609261749LURHAINK,2026_25_sep_20,Citizen Science (ultrasonic) - shared
59~40306+18~07249_20260925_204253.wav,DEV_001_20260925_204253.wav,0,59.40306,18.07249,Leppun,Leptophyes punctatissima,Speckled Bush-cricket,bush-cricket,0.99,,,25/09/2026,25/09/2026,20:42:53,ClassifEspSWE-0002026-05-29_1,JOHANKARLSSON,202609261749LURHAINK,2026_25_sep_20,Citizen Science (ultrasonic) - shared
59~40306+18~07249_20260925_204259.wav,DEV_001_20260925_204259.wav,0,59.40306,18.07249,Leppun,Leptophyes punctatissima,Speckled Bush-cricket,bush-cricket,0.99,,,25/09/2026,25/09/2026,20:42:59,ClassifEspSWE-0002026-05-29_1,JOHANKARLSSON,202609261749LURHAINK,2026_25_sep_20,Citizen Science (ultrasonic) - shared
59~40306+18~07249_20260925_204304.wav,DEV_001_20260925_204304.wav,0,59.40306,18.07249,Leppun,Leptophyes punctatissima,Speckled Bush-cricket,bush-cricket,0.99,,,25/09/2026,25/09/2026,20:43:04,ClassifEspSWE-0002026-05-29_1,JOHANKARLSSON,202609261749LURHAINK,2026_25_sep_20,Citizen Science (ultrasonic) - shared
59~40306+18~07249_20260925_204309.wav,DEV_001_20260925_204309.wav,0,59.40306,18.07249,Leppun,Leptophyes punctatissima,Speckled Bush-cricket,bush-cricket,0.99,,,25/09/2026,25/09/2026,20:43:09,ClassifEspSWE-0002026-05-29_1,JOHANKARLSSON,202609261749LURHAINK,2026_25_sep_20,Citizen Science (ultrasonic) - shared
59~40306+18~07249_20260925_204316.wav,DEV_001_20260925_204316.wav,0,59.40306,18.07249,Leppun,Leptophyes punctatissima,Speckled Bush-cricket,bush-cricket,0.99,,,25/09/2026,25/09/2026,20:43:16,ClassifEspSWE-0002026-05-29_1,JOHANKARLSSON,202609261749LURHAINK,2026_25_sep_20,Citizen Science (ultrasonic) - shared
59~40306+18~07249_20260925_204321.wav,DEV_001_20260925_204321.wav,0,59.40306,18.07249,Leppun,Leptophyes punctatissima,Speckled Bush-cricket,bush-cricket,0.99,,,25/09/2026,25/09/2026,20:43:21,ClassifEspSWE-0002026-05-29_1,JOHANKARLSSON,202609261749LURHAINK,2026_25_sep_20,Citizen Science (ultrasonic) - shared
59~40306+18~07249_20260925_204326.wav,DEV_001_20260925_204326.wav,0,59.40306,18.07249,Leppun,Leptophyes punctatissima,Speckled Bush-cricket,bush-cricket,0.99,,,25/09/2026,25/09/2026,20:43:26,ClassifEspSWE-0002026-05-29_1,JOHANKARLSSON,202609261749LURHAINK,2026_25_sep_20,Citizen Science (ultrasonic) - shared
59~40306+18~07249_20260925_204331.wav,DEV_001_20260925_204331.wav,0,59.40306,18.07249,Leppun,Leptophyes punctatissima,Speckled Bush-cricket,bush-cricket,0.99,,,25/09/2026,25/09/2026,20:43:31,ClassifEspSWE-0002026-05-29_1,JOHANKARLSSON,202609261749LURHAINK,2026_25_sep_20,Citizen Science (ultrasonic) - shared
59~40306+18~07249_20260925_204337.wav,DEV_001_20260925_204337.wav,0,59.40306,18.07249,Leppun,Leptophyes punctatissima,Speckled Bush-cricket,bush-cricket,0.99,,,25/09/2026,25/09/2026,20:43:37,ClassifEspSWE-0002026-05-29_1,JOHANKARLSSON,202609261749LURHAINK,2026_25_sep_20,Citizen Science (ultrasonic) - shared
59~40306+18~07249_20260925_204342.wav,DEV_001_20260925_204342.wav,0,59.40306,18.07249,Leppun,Leptophyes punctatissima,Speckled Bush-cricket,bush-cricket,0.99,,,25/09/2026,25/09/2026,20:43:42,ClassifEspSWE-0002026-05-29_1,JOHANKARLSSON,202609261749LURHAINK,2026_25_sep_20,Citizen Science (ultrasonic) - shared
59~40306+18~07249_20260925_204348.wav,DEV_001_20260925_204348.wav,0,59.40306,18.07249,Leppun,Leptophyes punctatissima,Speckled Bush-cricket,bush-cricket,0.99,,,25/09/2026,25/09/2026,20:43:48,ClassifEspSWE-0002026-05-29_1,JOHANKARLSSON,202609261749LURHAINK,2026_25_sep_20,Citizen Science (ultrasonic) - shared
59~40306+18~07249_20260925_204354.wav,DEV_001_20260925_204354.wav,0,59.40306,18.07249,Leppun,Leptophyes punctatissima,Speckled Bush-cricket,bush-cricket,0.99,,,25/09/2026,25/09/2026,20:43:54,ClassifEspSWE-0002026-05-29_1,JOHANKARLSSON,202609261749LURHAINK,2026_25_sep_20,Citizen Science (ultrasonic) - shared
59~40306+18~07249_20260925_204359.wav,DEV_001_20260925_204359.wav,0,59.40306,18.07249,Leppun,Leptophyes punctatissima,Speckled Bush-cricket,bush-cricket,0.99,,,25/09/2026,25/09/2026,20:43:59,ClassifEspSWE-0002026-05-29_1,JOHANKARLSSON,202609261749LURHAINK,2026_25_sep_20,Citizen Science (ultrasonic) - shared
59~40306+18~07249_20260925_204405.wav,DEV_001_20260925_204405.wav,0,59.40306,18.07249,Leppun,Leptophyes punctatissima,Speckled Bush-cricket,bush-cricket,0.99,,,25/09/2026,25/09/2026,20:44:05,ClassifEspSWE-0002026-05-29_1,JOHANKARLSSON,202609261749LURHAINK,2026_25_sep_20,Citizen Science (ultrasonic) - shared
59~40306+18~07249_20260925_204410.wav,DEV_001_20260925_204410.wav,0,59.40306,18.07249,Leppun,Leptophyes punctatissima,Speckled Bush-cricket,bush-cricket,0.99,,,25/09/2026,25/09/2026,20:44:10,ClassifEspSWE-0002026-05-29_1,JOHANKARLSSON,202609261749LURHAINK,2026_25_sep_20,Citizen Science (ultrasonic) - shared
59~40306+18~07249_20260925_204416.wav,DEV_001_20260925_204416.wav,0,59.40306,18.07249,Leppun,Leptophyes punctatissima,Speckled Bush-cricket,bush-cricket,0.99,,,25/09/2026,25/09/2026,20:44:16,ClassifEspSWE-0002026-05-29_1,JOHANKARLSSON,202609261749LURHAINK,2026_25_sep_20,Citizen Science (ultrasonic) - shared
59~40306+18~07249_20260925_204422.wav,DEV_001_20260925_204422.wav,0,59.40306,18.07249,Leppun,Leptophyes punctatissima,Speckled Bush-cricket,bush-cricket,0.99,,,25/09/2026,25/09/2026,20:44:22,ClassifEspSWE-0002026-05-29_1,JOHANKARLSSON,202609261749LURHAINK,2026_25_sep_20,Citizen Science (ultrasonic) - shared
59~40306+18~07249_20260925_204427.wav,DEV_001_20260925_204427.wav,0,59.40306,18.07249,Leppun,Leptophyes punctatissima,Speckled Bush-cricket,bush-cricket,0.99,,,25/09/2026,25/09/2026,20:44:27,ClassifEspSWE-0002026-05-29_1,JOHANKARLSSON,202609261749LURHAINK,2026_25_sep_20,Citizen Science (ultrasonic) - shared
59~40306+18~07249_20260925_204433.wav,DEV_001_20260925_204433.wav,0,59.40306,18.07249,Leppun,Leptophyes punctatissima,Speckled Bush-cricket,bush-cricket,0.99,,,25/09/2026,25/09/2026,20:44:33,ClassifEspSWE-0002026-05-29_1,JOHANKARLSSON,202609261749LURHAINK,2026_25_sep_20,Citizen Science (ultrasonic) - shared
59~40306+18~07249_20260925_204438.wav,DEV_001_20260925_204438.wav,0,59.40306,18.07249,Leppun,Leptophyes punctatissima,Speckled Bush-cricket,bush-cricket,0.99,,,25/09/2026,25/09/2026,20:44:38,ClassifEspSWE-0002026-05-29_1,JOHANKARLSSON,202609261749LURHAINK,2026_25_sep_20,Citizen Science (ultrasonic) - shared
59~40306+18~07249_20260925_204444.wav,DEV_001_20260925_204444.wav,0,59.40306,18.07249,Leppun,Leptophyes punctatissima,Speckled Bush-cricket,bush-cricket,0.99,,,25/09/2026,25/09/2026,20:44:44,ClassifEspSWE-0002026-05-29_1,JOHANKARLSSON,202609261749LURHAINK,2026_25_sep_20,Citizen Science (ultrasonic) - shared
59~40306+18~07249_20260925_204449.wav,DEV_001_20260925_204449.wav,0,59.40306,18.07249,Leppun,Leptophyes punctatissima,Speckled Bush-cricket,bush-cricket,0.99,,,25/09/2026,25/09/2026,20:44:49,ClassifEspSWE-0002026-05-29_1,JOHANKARLSSON,202609261749LURHAINK,2026_25_sep_20,Citizen Science (ultrasonic) - shared
59~40306+18~07249_20260925_204454.wav,DEV_001_20260925_204454.wav,0,59.40306,18.07249,Leppun,Leptophyes punctatissima,Speckled Bush-cricket,bush-cricket,0.99,,,25/09/2026,25/09/2026,20:44:54,ClassifEspSWE-0002026-05-29_1,JOHANKARLSSON,202609261749LURHAINK,2026_25_sep_20,Citizen Science (ultrasonic) - shared
59~40306+18~07249_20260925_204500.wav,DEV_001_20260925_204500.wav,0,59.40306,18.07249,Leppun,Leptophyes punctatissima,Speckled Bush-cricket,bush-cricket,0.99,,,25/09/2026,25/09/2026,20:45:00,ClassifEspSWE-0002026-05-29_1,JOHANKARLSSON,202609261749LURHAINK,2026_25_sep_20,Citizen Science (ultrasonic) - shared
59~40306+18~07249_20260925_204506.wav,DEV_001_20260925_204506.wav,0,59.40306,18.07249,Leppun,Leptophyes punctatissima,Speckled Bush-cricket,bush-cricket,0.99,,,25/09/2026,25/09/2026,20:45:06,ClassifEspSWE-0002026-05-29_1,JOHANKARLSSON,202609261749LURHAINK,2026_25_sep_20,Citizen Science (ultrasonic) - shared
59~40306+18~07249_20260925_204513.wav,DEV_001_20260925_204513.wav,0,59.40306,18.07249,Leppun,Leptophyes punctatissima,Speckled Bush-cricket,bush-cricket,0.99,,,25/09/2026,25/09/2026,20:45:13,ClassifEspSWE-0002026-05-29_1,JOHANKARLSSON,202609261749LURHAINK,2026_25_sep_20,Citizen Science (ultrasonic) - shared
59~40306+18~07249_20260925_204519.wav,DEV_001_20260925_204519.wav,0,59.40306,18.07249,Leppun,Leptophyes punctatissima,Speckled Bush-cricket,bush-cricket,0.99,,,25/09/2026,25/09/2026,20:45:19,ClassifEspSWE-0002026-05-29_1,JOHANKARLSSON,202609261749LURHAINK,2026_25_sep_20,Citizen Science (ultrasonic) - shared
59~40306+18~07249_20260925_204526.wav,DEV_001_20260925_204526.wav,0,59.40306,18.07249,Leppun,Leptophyes punctatissima,Speckled Bush-cricket,bush-cricket,0.99,,,25/09/2026,25/09/2026,20:45:26,ClassifEspSWE-0002026-05-29_1,JOHANKARLSSON,202609261749LURHAINK,2026_25_sep_20,Citizen Science (ultrasonic) - shared
59~40306+18~07249_20260925_204533.wav,DEV_001_20260925_204533.wav,0,59.40306,18.07249,Leppun,Leptophyes punctatissima,Speckled Bush-cricket,bush-cricket,0.99,,,25/09/2026,25/09/2026,20:45:33,ClassifEspSWE-0002026-05-29_1,JOHANKARLSSON,202609261749LURHAINK,2026_25_sep_20,Citizen Science (ultrasonic) - shared
59~40306+18~07249_20260925_204538.wav,DEV_001_20260925_204538.wav,0,59.40306,18.07249,Leppun,Leptophyes punctatissima,Speckled Bush-cricket,bush-cricket,0.99,,,25/09/2026,25/09/2026,20:45:38,ClassifEspSWE-0002026-05-29_1,JOHANKARLSSON,202609261749LURHAINK,2026_25_sep_20,Citizen Science (ultrasonic) - shared
59~40306+18~07249_20260925_204545.wav,DEV_001_20260925_204545.wav,0,59.40306,18.07249,Leppun,Leptophyes punctatissima,Speckled Bush-cricket,bush-cricket,0.99,,,25/09/2026,25/09/2026,20:45:45,ClassifEspSWE-0002026-05-29_1,JOHANKARLSSON,202609261749LURHAINK,2026_25_sep_20,Citizen Science (ultrasonic) - shared
59~40306+18~07249_20260925_204550.wav,DEV_001_20260925_204550.wav,0,59.40306,18.07249,Leppun,Leptophyes punctatissima,Speckled Bush-cricket,bush-cricket,0.99,,,25/09/2026,25/09/2026,20:45:50,ClassifEspSWE-0002026-05-29_1,JOHANKARLSSON,202609261749LURHAINK,2026_25_sep_20,Citizen Science (ultrasonic) - shared
59~40306+18~07249_20260925_204556.wav,DEV_001_20260925_204556.wav,0,59.40306,18.07249,Leppun,Leptophyes punctatissima,Speckled Bush-cricket,bush-cricket,0.99,,,25/09/2026,25/09/2026,20:45:56,ClassifEspSWE-0002026-05-29_1,JOHANKARLSSON,202609261749LURHAINK,2026_25_sep_20,Citizen Science (ultrasonic) - shared
59~40306+18~07249_20260925_204603.wav,DEV_001_20260925_204603.wav,0,59.40306,18.07249,Leppun,Leptophyes punctatissima,Speckled Bush-cricket,bush-cricket,0.99,,,25/09/2026,25/09/2026,20:46:03,ClassifEspSWE-0002026-05-29_1,JOHANKARLSSON,202609261749LURHAINK,2026_25_sep_20,Citizen Science (ultrasonic) - shared
59~40306+18~07249_20260925_204608.wav,DEV_001_20260925_204608.wav,0,59.40306,18.07249,Leppun,Leptophyes punctatissima,Speckled Bush-cricket,bush-cricket,0.99,,,25/09/2026,25/09/2026,20:46:08,ClassifEspSWE-0002026-05-29_1,JOHANKARLSSON,202609261749LURHAINK,2026_25_sep_20,Citizen Science (ultrasonic) - shared
59~40306+18~07249_20260925_204614.wav,DEV_001_20260925_204614.wav,0,59.40306,18.07249,Leppun,Leptophyes punctatissima,Speckled Bush-cricket,bush-cricket,0.99,,,25/09/2026,25/09/2026,20:46:14,ClassifEspSWE-0002026-05-29_1,JOHANKARLSSON,202609261749LURHAINK,2026_25_sep_20,Citizen Science (ultrasonic) - shared
59~40306+18~07249_20260925_204619.wav,DEV_001_20260925_204619.wav,0,59.40306,18.07249,Leppun,Leptophyes punctatissima,Speckled Bush-cricket,bush-cricket,0.99,,,25/09/2026,25/09/2026,20:46:19,ClassifEspSWE-0002026-05-29_1,JOHANKARLSSON,202609261749LURHAINK,2026_25_sep_20,Citizen Science (ultrasonic) - shared
59~40306+18~07249_20260925_204625.wav,DEV_001_20260925_204625.wav,0,59.40306,18.07249,Leppun,Leptophyes punctatissima,Speckled Bush-cricket,bush-cricket,0.99,,,25/09/2026,25/09/2026,20:46:25,ClassifEspSWE-0002026-05-29_1,JOHANKARLSSON,202609261749LURHAINK,2026_25_sep_20,Citizen Science (ultrasonic) - shared
59~40306+18~07249_20260925_204630.wav,DEV_001_20260925_204630.wav,0,59.40306,18.07249,Leppun,Leptophyes punctatissima,Speckled Bush-cricket,bush-cricket,0.99,,,25/09/2026,25/09/2026,20:46:30,ClassifEspSWE-0002026-05-29_1,JOHANKARLSSON,202609261749LURHAINK,2026_25_sep_20,Citizen Science (ultrasonic) - shared
59~40306+18~07249_20260925_204636.wav,DEV_001_20260925_204636.wav,0,59.40306,18.07249,Leppun,Leptophyes punctatissima,Speckled Bush-cricket,bush-cricket,0.99,,,25/09/2026,25/09/2026,20:46:36,ClassifEspSWE-0002026-05-29_1,JOHANKARLSSON,202609261749LURHAINK,2026_25_sep_20,Citizen Science (ultrasonic) - shared
59~40306+18~07249_20260925_204642.wav,DEV_001_20260925_204642.wav,0,59.40306,18.07249,Leppun,Leptophyes punctatissima,Speckled Bush-cricket,bush-cricket,0.99,,,25/09/2026,25/09/2026,20:46:42,ClassifEspSWE-0002026-05-29_1,JOHANKARLSSON,202609261749LURHAINK,2026_25_sep_20,Citizen Science (ultrasonic) - shared
59~40306+18~07249_20260925_204648.wav,DEV_001_20260925_204648.wav,0,59.40306,18.07249,Leppun,Leptophyes punctatissima,Speckled Bush-cricket,bush-cricket,0.99,,,25/09/2026,25/09/2026,20:46:48,ClassifEspSWE-0002026-05-29_1,JOHANKARLSSON,202609261749LURHAINK,2026_25_sep_20,Citizen Science (ultrasonic) - shared
59~40306+18~07249_20260925_204654.wav,DEV_001_20260925_204654.wav,0,59.40306,18.07249,Leppun,Leptophyes punctatissima,Speckled Bush-cricket,bush-cricket,0.99,,,25/09/2026,25/09/2026,20:46:54,ClassifEspSWE-0002026-05-29_1,JOHANKARLSSON,202609261749LURHAINK,2026_25_sep_20,Citizen Science (ultrasonic) - shared
59~40306+18~07249_20260925_204659.wav,DEV_001_20260925_204659.wav,0,59.40306,18.07249,Leppun,Leptophyes punctatissima,Speckled Bush-cricket,bush-cricket,0.99,,,25/09/2026,25/09/2026,20:46:59,ClassifEspSWE-0002026-05-29_1,JOHANKARLSSON,202609261749LURHAINK,2026_25_sep_20,Citizen Science (ultrasonic) - shared
59~40306+18~07249_20260925_204705.wav,DEV_001_20260925_204705.wav,0,59.40306,18.07249,Leppun,Leptophyes punctatissima,Speckled Bush-cricket,bush-cricket,0.99,,,25/09/2026,25/09/2026,20:47:05,ClassifEspSWE-0002026-05-29_1,JOHANKARLSSON,202609261749LURHAINK,2026_25_sep_20,Citizen Science (ultrasonic) - shared
59~40306+18~07249_20260925_204711.wav,DEV_001_20260925_204711.wav,0,59.40306,18.07249,Leppun,Leptophyes punctatissima,Speckled Bush-cricket,bush-cricket,0.99,,,25/09/2026,25/09/2026,20:47:11,ClassifEspSWE-0002026-05-29_1,JOHANKARLSSON,202609261749LURHAINK,2026_25_sep_20,Citizen Science (ultrasonic) - shared
59~40306+18~07249_20260925_204716.wav,DEV_001_20260925_204716.wav,0,59.40306,18.07249,Leppun,Leptophyes punctatissima,Speckled Bush-cricket,bush-cricket,0.99,,,25/09/2026,25/09/2026,20:47:16,ClassifEspSWE-0002026-05-29_1,JOHANKARLSSON,202609261749LURHAINK,2026_25_sep_20,Citizen Science (ultrasonic) - shared
59~40306+18~07249_20260925_204722.wav,DEV_001_20260925_204722.wav,0,59.40306,18.07249,Leppun,Leptophyes punctatissima,Speckled Bush-cricket,bush-cricket,0.99,,,25/09/2026,25/09/2026,20:47:22,ClassifEspSWE-0002026-05-29_1,JOHANKARLSSON,202609261749LURHAINK,2026_25_sep_20,Citizen Science (ultrasonic) - shared
59~40306+18~07249_20260925_204727.wav,DEV_001_20260925_204727.wav,0,59.40306,18.07249,Leppun,Leptophyes punctatissima,Speckled Bush-cricket,bush-cricket,0.99,,,25/09/2026,25/09/2026,20:47:27,ClassifEspSWE-0002026-05-29_1,JOHANKARLSSON,202609261749LURHAINK,2026_25_sep_20,Citizen Science (ultrasonic) - shared
59~40306+18~07249_20260925_204734.wav,DEV_001_20260925_204734.wav,0,59.40306,18.07249,Leppun,Leptophyes punctatissima,Speckled Bush-cricket,bush-cricket,0.99,,,25/09/2026,25/09/2026,20:47:34,ClassifEspSWE-0002026-05-29_1,JOHANKARLSSON,202609261749LURHAINK,2026_25_sep_20,Citizen Science (ultrasonic) - shared
59~40306+18~07249_20260925_204739.wav,DEV_001_20260925_204739.wav,0,59.40306,18.07249,Leppun,Leptophyes punctatissima,Speckled Bush-cricket,bush-cricket,0.99,,,25/09/2026,25/09/2026,20:47:39,ClassifEspSWE-0002026-05-29_1,JOHANKARLSSON,202609261749LURHAINK,2026_25_sep_20,Citizen Science (ultrasonic) - shared
59~40306+18~07249_20260925_204746.wav,DEV_001_20260925_204746.wav,0,59.40306,18.07249,Leppun,Leptophyes punctatissima,Speckled Bush-cricket,bush-cricket,0.99,,,25/09/2026,25/09/2026,20:47:46,ClassifEspSWE-0002026-05-29_1,JOHANKARLSSON,202609261749LURHAINK,2026_25_sep_20,Citizen Science (ultrasonic) - shared
59~40306+18~07249_20260925_204751.wav,DEV_001_20260925_204751.wav,0,59.40306,18.07249,Leppun,Leptophyes punctatissima,Speckled Bush-cricket,bush-cricket,0.99,,,25/09/2026,25/09/2026,20:47:51,ClassifEspSWE-0002026-05-29_1,JOHANKARLSSON,202609261749LURHAINK,2026_25_sep_20,Citizen Science (ultrasonic) - shared
59~40306+18~07249_20260925_204757.wav,DEV_001_20260925_204757.wav,0,59.40306,18.07249,Leppun,Leptophyes punctatissima,Speckled Bush-cricket,bush-cricket,0.99,,,25/09/2026,25/09/2026,20:47:57,ClassifEspSWE-0002026-05-29_1,JOHANKARLSSON,202609261749LURHAINK,2026_25_sep_20,Citizen Science (ultrasonic) - shared
59~40306+18~07249_20260925_204802.wav,DEV_001_20260925_204802.wav,0,59.40306,18.07249,Leppun,Leptophyes punctatissima,Speckled Bush-cricket,bush-cricket,0.99,,,25/09/2026,25/09/2026,20:48:02,ClassifEspSWE-0002026-05-29_1,JOHANKARLSSON,202609261749LURHAINK,2026_25_sep_20,Citizen Science (ultrasonic) - shared
59~40306+18~07249_20260925_204808.wav,DEV_001_20260925_204808.wav,0,59.40306,18.07249,Leppun,Leptophyes punctatissima,Speckled Bush-cricket,bush-cricket,0.99,,,25/09/2026,25/09/2026,20:48:08,ClassifEspSWE-0002026-05-29_1,JOHANKARLSSON,202609261749LURHAINK,2026_25_sep_20,Citizen Science (ultrasonic) - shared
59~40306+18~07249_20260925_204813.wav,DEV_001_20260925_204813.wav,0,59.40306,18.07249,Leppun,Leptophyes punctatissima,Speckled Bush-cricket,bush-cricket,0.99,,,25/09/2026,25/09/2026,20:48:13,ClassifEspSWE-0002026-05-29_1,JOHANKARLSSON,202609261749LURHAINK,2026_25_sep_20,Citizen Science (ultrasonic) - shared
59~40306+18~07249_20260925_204819.wav,DEV_001_20260925_204819.wav,0,59.40306,18.07249,Leppun,Leptophyes punctatissima,Speckled Bush-cricket,bush-cricket,0.99,,,25/09/2026,25/09/2026,20:48:19,ClassifEspSWE-0002026-05-29_1,JOHANKARLSSON,202609261749LURHAINK,2026_25_sep_20,Citizen Science (ultrasonic) - shared
59~40306+18~07249_20260925_204825.wav,DEV_001_20260925_204825.wav,0,59.40306,18.07249,Leppun,Leptophyes punctatissima,Speckled Bush-cricket,bush-cricket,0.99,,,25/09/2026,25/09/2026,20:48:25,ClassifEspSWE-0002026-05-29_1,JOHANKARLSSON,202609261749LURHAINK,2026_25_sep_20,Citizen Science (ultrasonic) - shared
59~40306+18~07249_20260925_204830.wav,DEV_001_20260925_204830.wav,0,59.40306,18.07249,Leppun,Leptophyes punctatissima,Speckled Bush-cricket,bush-cricket,0.99,,,25/09/2026,25/09/2026,20:48:30,ClassifEspSWE-0002026-05-29_1,JOHANKARLSSON,202609261749LURHAINK,2026_25_sep_20,Citizen Science (ultrasonic) - shared
59~40306+18~07249_20260925_204836.wav,DEV_001_20260925_204836.wav,0,59.40306,18.07249,Leppun,Leptophyes punctatissima,Speckled Bush-cricket,bush-cricket,0.99,,,25/09/2026,25/09/2026,20:48:36,ClassifEspSWE-0002026-05-29_1,JOHANKARLSSON,202609261749LURHAINK,2026_25_sep_20,Citizen Science (ultrasonic) - shared
59~40306+18~07249_20260925_204841.wav,DEV_001_20260925_204841.wav,0,59.40306,18.07249,Leppun,Leptophyes punctatissima,Speckled Bush-cricket,bush-cricket,0.99,,,25/09/2026,25/09/2026,20:48:41,ClassifEspSWE-0002026-05-29_1,JOHANKARLSSON,202609261749LURHAINK,2026_25_sep_20,Citizen Science (ultrasonic) - shared
59~40306+18~07249_20260925_204847.wav,DEV_001_20260925_204847.wav,0,59.40306,18.07249,Leppun,Leptophyes punctatissima,Speckled Bush-cricket,bush-cricket,0.99,,,25/09/2026,25/09/2026,20:48:47,ClassifEspSWE-0002026-05-29_1,JOHANKARLSSON,202609261749LURHAINK,2026_25_sep_20,Citizen Science (ultrasonic) - shared
59~40306+18~07249_20260925_204852.wav,DEV_001_20260925_204852.wav,0,59.40306,18.07249,Leppun,Leptophyes punctatissima,Speckled Bush-cricket,bush-cricket,0.99,,,25/09/2026,25/09/2026,20:48:52,ClassifEspSWE-0002026-05-29_1,JOHANKARLSSON,202609261749LURHAINK,2026_25_sep_20,Citizen Science (ultrasonic) - shared
59~40306+18~07249_20260925_204859.wav,DEV_001_20260925_204859.wav,0,59.40306,18.07249,Leppun,Leptophyes punctatissima,Speckled Bush-cricket,bush-cricket,0.99,,,25/09/2026,25/09/2026,20:48:59,ClassifEspSWE-0002026-05-29_1,JOHANKARLSSON,202609261749LURHAINK,2026_25_sep_20,Citizen Science (ultrasonic) - shared
59~40306+18~07249_20260925_204905.wav,DEV_001_20260925_204905.wav,0,59.40306,18.07249,Leppun,Leptophyes punctatissima,Speckled Bush-cricket,bush-cricket,0.99,,,25/09/2026,25/09/2026,20:49:05,ClassifEspSWE-0002026-05-29_1,JOHANKARLSSON,202609261749LURHAINK,2026_25_sep_20,Citizen Science (ultrasonic) - shared
59~40306+18~07249_20260925_204910.wav,DEV_001_20260925_204910.wav,0,59.40306,18.07249,Leppun,Leptophyes punctatissima,Speckled Bush-cricket,bush-cricket,0.99,,,25/09/2026,25/09/2026,20:49:10,ClassifEspSWE-0002026-05-29_1,JOHANKARLSSON,202609261749LURHAINK,2026_25_sep_20,Citizen Science (ultrasonic) - shared
59~40306+18~07249_20260925_204916.wav,DEV_001_20260925_204916.wav,0,59.40306,18.07249,Leppun,Leptophyes punctatissima,Speckled Bush-cricket,bush-cricket,0.99,,,25/09/2026,25/09/2026,20:49:16,ClassifEspSWE-0002026-05-29_1,JOHANKARLSSON,202609261749LURHAINK,2026_25_sep_20,Citizen Science (ultrasonic) - shared
59~40306+18~07249_20260925_204921.wav,DEV_001_20260925_204921.wav,0,59.40306,18.07249,Leppun,Leptophyes punctatissima,Speckled Bush-cricket,bush-cricket,0.99,,,25/09/2026,25/09/2026,20:49:21,ClassifEspSWE-0002026-05-29_1,JOHANKARLSSON,202609261749LURHAINK,2026_25_sep_20,Citizen Science (ultrasonic) - shared
59~40306+18~07249_20260925_204927.wav,DEV_001_20260925_204927.wav,0,59.40306,18.07249,Leppun,Leptophyes punctatissima,Speckled Bush-cricket,bush-cricket,0.99,,,25/09/2026,25/09/2026,20:49:27,ClassifEspSWE-0002026-05-29_1,JOHANKARLSSON,202609261749LURHAINK,2026_25_sep_20,Citizen Science (ultrasonic) - shared
59~40306+18~07249_20260925_204933.wav,DEV_001_20260925_204933.wav,0,59.40306,18.07249,Leppun,Leptophyes punctatissima,Speckled Bush-cricket,bush-cricket,0.99,,,25/09/2026,25/09/2026,20:49:33,ClassifEspSWE-0002026-05-29_1,JOHANKARLSSON,202609261749LURHAINK,2026_25_sep_20,Citizen Science (ultrasonic) - shared
59~40306+18~07249_20260925_204939.wav,DEV_001_20260925_204939.wav,0,59.40306,18.07249,Leppun,Leptophyes punctatissima,Speckled Bush-cricket,bush-cricket,0.99,,,25/09/2026,25/09/2026,20:49:39,ClassifEspSWE-0002026-05-29_1,JOHANKARLSSON,202609261749LURHAINK,2026_25_sep_20,Citizen Science (ultrasonic) - shared
59~40306+18~07249_20260925_204945.wav,DEV_001_20260925_204945.wav,0,59.40306,18.07249,Leppun,Leptophyes punctatissima,Speckled Bush-cricket,bush-cricket,0.99,,,25/09/2026,25/09/2026,20:49:45,ClassifEspSWE-0002026-05-29_1,JOHANKARLSSON,202609261749LURHAINK,2026_25_sep_20,Citizen Science (ultrasonic) - shared
59~40306+18~07249_20260925_204951.wav,DEV_001_20260925_204951.wav,0,59.40306,18.07249,Leppun,Leptophyes punctatissima,Speckled Bush-cricket,bush-cricket,0.99,,,25/09/2026,25/09/2026,20:49:51,ClassifEspSWE-0002026-05-29_1,JOHANKARLSSON,202609261749LURHAINK,2026_25_sep_20,Citizen Science (ultrasonic) - shared
59~40306+18~07249_20260925_204957.wav,DEV_001_20260925_204957.wav,0,59.40306,18.07249,Leppun,Leptophyes punctatissima,Speckled Bush-cricket,bush-cricket,0.99,,,25/09/2026,25/09/2026,20:49:57,ClassifEspSWE-0002026-05-29_1,JOHANKARLSSON,202609261749LURHAINK,2026_25_sep_20,Citizen Science (ultrasonic) - shared
59~40306+18~07249_20260925_205002.wav,DEV_001_20260925_205002.wav,0,59.40306,18.07249,Leppun,Leptophyes punctatissima,Speckled Bush-cricket,bush-cricket,0.99,,,25/09/2026,25/09/2026,20:50:02,ClassifEspSWE-0002026-05-29_1,JOHANKARLSSON,202609261749LURHAINK,2026_25_sep_20,Citizen Science (ultrasonic) - shared
59~40306+18~07249_20260925_205008.wav,DEV_001_20260925_205008.wav,0,59.40306,18.07249,Leppun,Leptophyes punctatissima,Speckled Bush-cricket,bush-cricket,0.99,,,25/09/2026,25/09/2026,20:50:08,ClassifEspSWE-0002026-05-29_1,JOHANKARLSSON,202609261749LURHAINK,2026_25_sep_20,Citizen Science (ultrasonic) - shared
59~40306+18~07249_20260925_205013.wav,DEV_001_20260925_205013.wav,0,59.40306,18.07249,Leppun,Leptophyes punctatissima,Speckled Bush-cricket,bush-cricket,0.99,,,25/09/2026,25/09/2026,20:50:13,ClassifEspSWE-0002026-05-29_1,JOHANKARLSSON,202609261749LURHAINK,2026_25_sep_20,Citizen Science (ultrasonic) - shared
59~40306+18~07249_20260925_205018.wav,DEV_001_20260925_205018.wav,0,59.40306,18.07249,Leppun,Leptophyes punctatissima,Speckled Bush-cricket,bush-cricket,0.99,,,25/09/2026,25/09/2026,20:50:18,ClassifEspSWE-0002026-05-29_1,JOHANKARLSSON,202609261749LURHAINK,2026_25_sep_20,Citizen Science (ultrasonic) - shared
59~40306+18~07249_20260925_205024.wav,DEV_001_20260925_205024.wav,0,59.40306,18.07249,Leppun,Leptophyes punctatissima,Speckled Bush-cricket,bush-cricket,0.99,,,25/09/2026,25/09/2026,20:50:24,ClassifEspSWE-0002026-05-29_1,JOHANKARLSSON,202609261749LURHAINK,2026_25_sep_20,Citizen Science (ultrasonic) - shared
59~40306+18~07249_20260925_205030.wav,DEV_001_20260925_205030.wav,0,59.40306,18.07249,Leppun,Leptophyes punctatissima,Speckled Bush-cricket,bush-cricket,0.99,,,25/09/2026,25/09/2026,20:50:30,ClassifEspSWE-0002026-05-29_1,JOHANKARLSSON,202609261749LURHAINK,2026_25_sep_20,Citizen Science (ultrasonic) - shared
59~40306+18~07249_20260925_205035.wav,DEV_001_20260925_205035.wav,0,59.40306,18.07249,Leppun,Leptophyes punctatissima,Speckled Bush-cricket,bush-cricket,0.99,,,25/09/2026,25/09/2026,20:50:35,ClassifEspSWE-0002026-05-29_1,JOHANKARLSSON,202609261749LURHAINK,2026_25_sep_20,Citizen Science (ultrasonic) - shared
59~40306+18~07249_20260925_205041.wav,DEV_001_20260925_205041.wav,0,59.40306,18.07249,Leppun,Leptophyes punctatissima,Speckled Bush-cricket,bush-cricket,0.99,,,25/09/2026,25/09/2026,20:50:41,ClassifEspSWE-0002026-05-29_1,JOHANKARLSSON,202609261749LURHAINK,2026_25_sep_20,Citizen Science (ultrasonic) - shared
59~40306+18~07249_20260925_205047.wav,DEV_001_20260925_205047.wav,0,59.40306,18.07249,Leppun,Leptophyes punctatissima,Speckled Bush-cricket,bush-cricket,0.99,,,25/09/2026,25/09/2026,20:50:47,ClassifEspSWE-0002026-05-29_1,JOHANKARLSSON,202609261749LURHAINK,2026_25_sep_20,Citizen Science (ultrasonic) - shared
59~40306+18~07249_20260925_205052.wav,DEV_001_20260925_205052.wav,0,59.40306,18.07249,Leppun,Leptophyes punctatissima,Speckled Bush-cricket,bush-cricket,0.99,,,25/09/2026,25/09/2026,20:50:52,ClassifEspSWE-0002026-05-29_1,JOHANKARLSSON,202609261749LURHAINK,2026_25_sep_20,Citizen Science (ultrasonic) - shared
59~40306+18~07249_20260925_205057.wav,DEV_001_20260925_205057.wav,0,59.40306,18.07249,Leppun,Leptophyes punctatissima,Speckled Bush-cricket,bush-cricket,0.99,,,25/09/2026,25/09/2026,20:50:57,ClassifEspSWE-0002026-05-29_1,JOHANKARLSSON,202609261749LURHAINK,2026_25_sep_20,Citizen Science (ultrasonic) - shared
59~40306+18~07249_20260925_205103.wav,DEV_001_20260925_205103.wav,0,59.40306,18.07249,Leppun,Leptophyes punctatissima,Speckled Bush-cricket,bush-cricket,0.99,,,25/09/2026,25/09/2026,20:51:03,ClassifEspSWE-0002026-05-29_1,JOHANKARLSSON,202609261749LURHAINK,2026_25_sep_20,Citizen Science (ultrasonic) - shared
59~40306+18~07249_20260925_205108.wav,DEV_001_20260925_205108.wav,0,59.40306,18.07249,Leppun,Leptophyes punctatissima,Speckled Bush-cricket,bush-cricket,0.99,,,25/09/2026,25/09/2026,20:51:08,ClassifEspSWE-0002026-05-29_1,JOHANKARLSSON,202609261749LURHAINK,2026_25_sep_20,Citizen Science (ultrasonic) - shared
59~40306+18~07249_20260925_205114.wav,DEV_001_20260925_205114.wav,0,59.40306,18.07249,Leppun,Leptophyes punctatissima,Speckled Bush-cricket,bush-cricket,0.99,,,25/09/2026,25/09/2026,20:51:14,ClassifEspSWE-0002026-05-29_1,JOHANKARLSSON,202609261749LURHAINK,2026_25_sep_20,Citizen Science (ultrasonic) - shared
59~40306+18~07249_20260925_205120.wav,DEV_001_20260925_205120.wav,0,59.40306,18.07249,Leppun,Leptophyes punctatissima,Speckled Bush-cricket,bush-cricket,0.99,,,25/09/2026,25/09/2026,20:51:20,ClassifEspSWE-0002026-05-29_1,JOHANKARLSSON,202609261749LURHAINK,2026_25_sep_20,Citizen Science (ultrasonic) - shared
59~40306+18~07249_20260925_205125.wav,DEV_001_20260925_205125.wav,0,59.40306,18.07249,Leppun,Leptophyes punctatissima,Speckled Bush-cricket,bush-cricket,0.99,,,25/09/2026,25/09/2026,20:51:25,ClassifEspSWE-0002026-05-29_1,JOHANKARLSSON,202609261749LURHAINK,2026_25_sep_20,Citizen Science (ultrasonic) - shared
59~40306+18~07249_20260925_205132.wav,DEV_001_20260925_205132.wav,0,59.40306,18.07249,Leppun,Leptophyes punctatissima,Speckled Bush-cricket,bush-cricket,0.99,,,25/09/2026,25/09/2026,20:51:32,ClassifEspSWE-0002026-05-29_1,JOHANKARLSSON,202609261749LURHAINK,2026_25_sep_20,Citizen Science (ultrasonic) - shared
59~40306+18~07249_20260925_205137.wav,DEV_001_20260925_205137.wav,0,59.40306,18.07249,Leppun,Leptophyes punctatissima,Speckled Bush-cricket,bush-cricket,0.99,,,25/09/2026,25/09/2026,20:51:37,ClassifEspSWE-0002026-05-29_1,JOHANKARLSSON,202609261749LURHAINK,2026_25_sep_20,Citizen Science (ultrasonic) - shared
59~40306+18~07249_20260925_205144.wav,DEV_001_20260925_205144.wav,0,59.40306,18.07249,Leppun,Leptophyes punctatissima,Speckled Bush-cricket,bush-cricket,0.99,,,25/09/2026,25/09/2026,20:51:44,ClassifEspSWE-0002026-05-29_1,JOHANKARLSSON,202609261749LURHAINK,2026_25_sep_20,Citizen Science (ultrasonic) - shared
59~40306+18~07249_20260925_205151.wav,DEV_001_20260925_205151.wav,0,59.40306,18.07249,Leppun,Leptophyes punctatissima,Speckled Bush-cricket,bush-cricket,0.99,,,25/09/2026,25/09/2026,20:51:51,ClassifEspSWE-0002026-05-29_1,JOHANKARLSSON,202609261749LURHAINK,2026_25_sep_20,Citizen Science (ultrasonic) - shared
59~40306+18~07249_20260925_205157.wav,DEV_001_20260925_205157.wav,0,59.40306,18.07249,Leppun,Leptophyes punctatissima,Speckled Bush-cricket,bush-cricket,0.99,,,25/09/2026,25/09/2026,20:51:57,ClassifEspSWE-0002026-05-29_1,JOHANKARLSSON,202609261749LURHAINK,2026_25_sep_20,Citizen Science (ultrasonic) - shared
59~40306+18~07249_20260925_205203.wav,DEV_001_20260925_205203.wav,0,59.40306,18.07249,Leppun,Leptophyes punctatissima,Speckled Bush-cricket,bush-cricket,0.99,,,25/09/2026,25/09/2026,20:52:03,ClassifEspSWE-0002026-05-29_1,JOHANKARLSSON,202609261749LURHAINK,2026_25_sep_20,Citizen Science (ultrasonic) - shared
59~40306+18~07249_20260925_205208.wav,DEV_001_20260925_205208.wav,0,59.40306,18.07249,Leppun,Leptophyes punctatissima,Speckled Bush-cricket,bush-cricket,0.99,,,25/09/2026,25/09/2026,20:52:08,ClassifEspSWE-0002026-05-29_1,JOHANKARLSSON,202609261749LURHAINK,2026_25_sep_20,Citizen Science (ultrasonic) - shared
59~40306+18~07249_20260925_205214.wav,DEV_001_20260925_205214.wav,0,59.40306,18.07249,Leppun,Leptophyes punctatissima,Speckled Bush-cricket,bush-cricket,0.99,,,25/09/2026,25/09/2026,20:52:14,ClassifEspSWE-0002026-05-29_1,JOHANKARLSSON,202609261749LURHAINK,2026_25_sep_20,Citizen Science (ultrasonic) - shared
59~40306+18~07249_20260925_205220.wav,DEV_001_20260925_205220.wav,0,59.40306,18.07249,Leppun,Leptophyes punctatissima,Speckled Bush-cricket,bush-cricket,0.99,,,25/09/2026,25/09/2026,20:52:20,ClassifEspSWE-0002026-05-29_1,JOHANKARLSSON,202609261749LURHAINK,2026_25_sep_20,Citizen Science (ultrasonic) - shared
59~40306+18~07249_20260925_205225.wav,DEV_001_20260925_205225.wav,0,59.40306,18.07249,Leppun,Leptophyes punctatissima,Speckled Bush-cricket,bush-cricket,0.99,,,25/09/2026,25/09/2026,20:52:25,ClassifEspSWE-0002026-05-29_1,JOHANKARLSSON,202609261749LURHAINK,2026_25_sep_20,Citizen Science (ultrasonic) - shared
59~40306+18~07249_20260925_205231.wav,DEV_001_20260925_205231.wav,0,59.40306,18.07249,Leppun,Leptophyes punctatissima,Speckled Bush-cricket,bush-cricket,0.99,,,25/09/2026,25/09/2026,20:52:31,ClassifEspSWE-0002026-05-29_1,JOHANKARLSSON,202609261749LURHAINK,2026_25_sep_20,Citizen Science (ultrasonic) - shared
59~40306+18~07249_20260925_205237.wav,DEV_001_20260925_205237.wav,0,59.40306,18.07249,Leppun,Leptophyes punctatissima,Speckled Bush-cricket,bush-cricket,0.99,,,25/09/2026,25/09/2026,20:52:37,ClassifEspSWE-0002026-05-29_1,JOHANKARLSSON,202609261749LURHAINK,2026_25_sep_20,Citizen Science (ultrasonic) - shared
59~40306+18~07249_20260925_205243.wav,DEV_001_20260925_205243.wav,0,59.40306,18.07249,Leppun,Leptophyes punctatissima,Speckled Bush-cricket,bush-cricket,0.99,,,25/09/2026,25/09/2026,20:52:43,ClassifEspSWE-0002026-05-29_1,JOHANKARLSSON,202609261749LURHAINK,2026_25_sep_20,Citizen Science (ultrasonic) - shared
59~40306+18~07249_20260925_205249.wav,DEV_001_20260925_205249.wav,0,59.40306,18.07249,Leppun,Leptophyes punctatissima,Speckled Bush-cricket,bush-cricket,0.99,,,25/09/2026,25/09/2026,20:52:49,ClassifEspSWE-0002026-05-29_1,JOHANKARLSSON,202609261749LURHAINK,2026_25_sep_20,Citizen Science (ultrasonic) - shared
59~40306+18~07249_20260925_205254.wav,DEV_001_20260925_205254.wav,0,59.40306,18.07249,Leppun,Leptophyes punctatissima,Speckled Bush-cricket,bush-cricket,0.99,,,25/09/2026,25/09/2026,20:52:54,ClassifEspSWE-0002026-05-29_1,JOHANKARLSSON,202609261749LURHAINK,2026_25_sep_20,Citizen Science (ultrasonic) - shared
59~40306+18~07249_20260925_205300.wav,DEV_001_20260925_205300.wav,0,59.40306,18.07249,Leppun,Leptophyes punctatissima,Speckled Bush-cricket,bush-cricket,0.99,,,25/09/2026,25/09/2026,20:53:00,ClassifEspSWE-0002026-05-29_1,JOHANKARLSSON,202609261749LURHAINK,2026_25_sep_20,Citizen Science (ultrasonic) - shared
59~40306+18~07249_20260925_205306.wav,DEV_001_20260925_205306.wav,0,59.40306,18.07249,Leppun,Leptophyes punctatissima,Speckled Bush-cricket,bush-cricket,0.99,,,25/09/2026,25/09/2026,20:53:06,ClassifEspSWE-0002026-05-29_1,JOHANKARLSSON,202609261749LURHAINK,2026_25_sep_20,Citizen Science (ultrasonic) - shared
59~40306+18~07249_20260925_205311.wav,DEV_001_20260925_205311.wav,0,59.40306,18.07249,Leppun,Leptophyes punctatissima,Speckled Bush-cricket,bush-cricket,0.99,,,25/09/2026,25/09/2026,20:53:11,ClassifEspSWE-0002026-05-29_1,JOHANKARLSSON,202609261749LURHAINK,2026_25_sep_20,Citizen Science (ultrasonic) - shared
59~40306+18~07249_20260925_205317.wav,DEV_001_20260925_205317.wav,0,59.40306,18.07249,Leppun,Leptophyes punctatissima,Speckled Bush-cricket,bush-cricket,0.99,,,25/09/2026,25/09/2026,20:53:17,ClassifEspSWE-0002026-05-29_1,JOHANKARLSSON,202609261749LURHAINK,2026_25_sep_20,Citizen Science (ultrasonic) - shared
59~40306+18~07249_20260925_205322.wav,DEV_001_20260925_205322.wav,0,59.40306,18.07249,Leppun,Leptophyes punctatissima,Speckled Bush-cricket,bush-cricket,0.99,,,25/09/2026,25/09/2026,20:53:22,ClassifEspSWE-0002026-05-29_1,JOHANKARLSSON,202609261749LURHAINK,2026_25_sep_20,Citizen Science (ultrasonic) - shared
59~40306+18~07249_20260925_205328.wav,DEV_001_20260925_205328.wav,0,59.40306,18.07249,Leppun,Leptophyes punctatissima,Speckled Bush-cricket,bush-cricket,0.99,,,25/09/2026,25/09/2026,20:53:28,ClassifEspSWE-0002026-05-29_1,JOHANKARLSSON,202609261749LURHAINK,2026_25_sep_20,Citizen Science (ultrasonic) - shared
59~40306+18~07249_20260925_205333.wav,DEV_001_20260925_205333.wav,0,59.40306,18.07249,Leppun,Leptophyes punctatissima,Speckled Bush-cricket,bush-cricket,0.99,,,25/09/2026,25/09/2026,20:53:33,ClassifEspSWE-0002026-05-29_1,JOHANKARLSSON,202609261749LURHAINK,2026_25_sep_20,Citizen Science (ultrasonic) - shared
59~40306+18~07249_20260925_205339.wav,DEV_001_20260925_205339.wav,0,59.40306,18.07249,Leppun,Leptophyes punctatissima,Speckled Bush-cricket,bush-cricket,0.99,,,25/09/2026,25/09/2026,20:53:39,ClassifEspSWE-0002026-05-29_1,JOHANKARLSSON,202609261749LURHAINK,2026_25_sep_20,Citizen Science (ultrasonic) - shared
59~40306+18~07249_20260925_205345.wav,DEV_001_20260925_205345.wav,0,59.40306,18.07249,Leppun,Leptophyes punctatissima,Speckled Bush-cricket,bush-cricket,0.99,,,25/09/2026,25/09/2026,20:53:45,ClassifEspSWE-0002026-05-29_1,JOHANKARLSSON,202609261749LURHAINK,2026_25_sep_20,Citizen Science (ultrasonic) - shared
59~40306+18~07249_20260925_205351.wav,DEV_001_20260925_205351.wav,0,59.40306,18.07249,Leppun,Leptophyes punctatissima,Speckled Bush-cricket,bush-cricket,0.99,,,25/09/2026,25/09/2026,20:53:51,ClassifEspSWE-0002026-05-29_1,JOHANKARLSSON,202609261749LURHAINK,2026_25_sep_20,Citizen Science (ultrasonic) - shared
59~40306+18~07249_20260925_205357.wav,DEV_001_20260925_205357.wav,0,59.40306,18.07249,Leppun,Leptophyes punctatissima,Speckled Bush-cricket,bush-cricket,0.99,,,25/09/2026,25/09/2026,20:53:57,ClassifEspSWE-0002026-05-29_1,JOHANKARLSSON,202609261749LURHAINK,2026_25_sep_20,Citizen Science (ultrasonic) - shared
59~40306+18~07249_20260925_205403.wav,DEV_001_20260925_205403.wav,0,59.40306,18.07249,Leppun,Leptophyes punctatissima,Speckled Bush-cricket,bush-cricket,0.99,,,25/09/2026,25/09/2026,20:54:03,ClassifEspSWE-0002026-05-29_1,JOHANKARLSSON,202609261749LURHAINK,2026_25_sep_20,Citizen Science (ultrasonic) - shared
59~40306+18~07249_20260925_205409.wav,DEV_001_20260925_205409.wav,0,59.40306,18.07249,Leppun,Leptophyes punctatissima,Speckled Bush-cricket,bush-cricket,0.99,,,25/09/2026,25/09/2026,20:54:09,ClassifEspSWE-0002026-05-29_1,JOHANKARLSSON,202609261749LURHAINK,2026_25_sep_20,Citizen Science (ultrasonic) - shared
59~40306+18~07249_20260925_205415.wav,DEV_001_20260925_205415.wav,0,59.40306,18.07249,Leppun,Leptophyes punctatissima,Speckled Bush-cricket,bush-cricket,0.99,,,25/09/2026,25/09/2026,20:54:15,ClassifEspSWE-0002026-05-29_1,JOHANKARLSSON,202609261749LURHAINK,2026_25_sep_20,Citizen Science (ultrasonic) - shared
59~40306+18~07249_20260925_205421.wav,DEV_001_20260925_205421.wav,0,59.40306,18.07249,Leppun,Leptophyes punctatissima,Speckled Bush-cricket,bush-cricket,0.99,,,25/09/2026,25/09/2026,20:54:21,ClassifEspSWE-0002026-05-29_1,JOHANKARLSSON,202609261749LURHAINK,2026_25_sep_20,Citizen Science (ultrasonic) - shared
59~40306+18~07249_20260925_205427.wav,DEV_001_20260925_205427.wav,0,59.40306,18.07249,Leppun,Leptophyes punctatissima,Speckled Bush-cricket,bush-cricket,0.99,,,25/09/2026,25/09/2026,20:54:27,ClassifEspSWE-0002026-05-29_1,JOHANKARLSSON,202609261749LURHAINK,2026_25_sep_20,Citizen Science (ultrasonic) - shared
59~40306+18~07249_20260925_205433.wav,DEV_001_20260925_205433.wav,0,59.40306,18.07249,Leppun,Leptophyes punctatissima,Speckled Bush-cricket,bush-cricket,0.99,,,25/09/2026,25/09/2026,20:54:33,ClassifEspSWE-0002026-05-29_1,JOHANKARLSSON,202609261749LURHAINK,2026_25_sep_20,Citizen Science (ultrasonic) - shared
59~40306+18~07249_20260925_205440.wav,DEV_001_20260925_205440.wav,0,59.40306,18.07249,Leppun,Leptophyes punctatissima,Speckled Bush-cricket,bush-cricket,0.99,,,25/09/2026,25/09/2026,20:54:40,ClassifEspSWE-0002026-05-29_1,JOHANKARLSSON,202609261749LURHAINK,2026_25_sep_20,Citizen Science (ultrasonic) - shared
59~40306+18~07249_20260925_205446.wav,DEV_001_20260925_205446.wav,0,59.40306,18.07249,Leppun,Leptophyes punctatissima,Speckled Bush-cricket,bush-cricket,0.99,,,25/09/2026,25/09/2026,20:54:46,ClassifEspSWE-0002026-05-29_1,JOHANKARLSSON,202609261749LURHAINK,2026_25_sep_20,Citizen Science (ultrasonic) - shared
59~40306+18~07249_20260925_205452.wav,DEV_001_20260925_205452.wav,0,59.40306,18.07249,Leppun,Leptophyes punctatissima,Speckled Bush-cricket,bush-cricket,0.99,,,25/09/2026,25/09/2026,20:54:52,ClassifEspSWE-0002026-05-29_1,JOHANKARLSSON,202609261749LURHAINK,2026_25_sep_20,Citizen Science (ultrasonic) - shared
59~40306+18~07249_20260925_205458.wav,DEV_001_20260925_205458.wav,0,59.40306,18.07249,Leppun,Leptophyes punctatissima,Speckled Bush-cricket,bush-cricket,0.99,,,25/09/2026,25/09/2026,20:54:58,ClassifEspSWE-0002026-05-29_1,JOHANKARLSSON,202609261749LURHAINK,2026_25_sep_20,Citizen Science (ultrasonic) - shared
59~40306+18~07249_20260925_205504.wav,DEV_001_20260925_205504.wav,0,59.40306,18.07249,Leppun,Leptophyes punctatissima,Speckled Bush-cricket,bush-cricket,0.99,,,25/09/2026,25/09/2026,20:55:04,ClassifEspSWE-0002026-05-29_1,JOHANKARLSSON,202609261749LURHAINK,2026_25_sep_20,Citizen Science (ultrasonic) - shared
59~40306+18~07249_20260925_205510.wav,DEV_001_20260925_205510.wav,0,59.40306,18.07249,Leppun,Leptophyes punctatissima,Speckled Bush-cricket,bush-cricket,0.99,,,25/09/2026,25/09/2026,20:55:10,ClassifEspSWE-0002026-05-29_1,JOHANKARLSSON,202609261749LURHAINK,2026_25_sep_20,Citizen Science (ultrasonic) - shared
59~40306+18~07249_20260925_205516.wav,DEV_001_20260925_205516.wav,0,59.40306,18.07249,Leppun,Leptophyes punctatissima,Speckled Bush-cricket,bush-cricket,0.99,,,25/09/2026,25/09/2026,20:55:16,ClassifEspSWE-0002026-05-29_1,JOHANKARLSSON,202609261749LURHAINK,2026_25_sep_20,Citizen Science (ultrasonic) - shared
59~40306+18~07249_20260925_205522.wav,DEV_001_20260925_205522.wav,0,59.40306,18.07249,Leppun,Leptophyes punctatissima,Speckled Bush-cricket,bush-cricket,0.99,,,25/09/2026,25/09/2026,20:55:22,ClassifEspSWE-0002026-05-29_1,JOHANKARLSSON,202609261749LURHAINK,2026_25_sep_20,Citizen Science (ultrasonic) - shared
59~40306+18~07249_20260925_205527.wav,DEV_001_20260925_205527.wav,0,59.40306,18.07249,Leppun,Leptophyes punctatissima,Speckled Bush-cricket,bush-cricket,0.99,,,25/09/2026,25/09/2026,20:55:27,ClassifEspSWE-0002026-05-29_1,JOHANKARLSSON,202609261749LURHAINK,2026_25_sep_20,Citizen Science (ultrasonic) - shared
59~40306+18~07249_20260925_205534.wav,DEV_001_20260925_205534.wav,0,59.40306,18.07249,Leppun,Leptophyes punctatissima,Speckled Bush-cricket,bush-cricket,0.99,,,25/09/2026,25/09/2026,20:55:34,ClassifEspSWE-0002026-05-29_1,JOHANKARLSSON,202609261749LURHAINK,2026_25_sep_20,Citizen Science (ultrasonic) - shared
59~40306+18~07249_20260925_205540.wav,DEV_001_20260925_205540.wav,0,59.40306,18.07249,Leppun,Leptophyes punctatissima,Speckled Bush-cricket,bush-cricket,0.99,,,25/09/2026,25/09/2026,20:55:40,ClassifEspSWE-0002026-05-29_1,JOHANKARLSSON,202609261749LURHAINK,2026_25_sep_20,Citizen Science (ultrasonic) - shared
59~40306+18~07249_20260925_205545.wav,DEV_001_20260925_205545.wav,0,59.40306,18.07249,Leppun,Leptophyes punctatissima,Speckled Bush-cricket,bush-cricket,0.99,,,25/09/2026,25/09/2026,20:55:45,ClassifEspSWE-0002026-05-29_1,JOHANKARLSSON,202609261749LURHAINK,2026_25_sep_20,Citizen Science (ultrasonic) - shared
59~40306+18~07249_20260925_205551.wav,DEV_001_20260925_205551.wav,0,59.40306,18.07249,Leppun,Leptophyes punctatissima,Speckled Bush-cricket,bush-cricket,0.99,,,25/09/2026,25/09/2026,20:55:51,ClassifEspSWE-0002026-05-29_1,JOHANKARLSSON,202609261749LURHAINK,2026_25_sep_20,Citizen Science (ultrasonic) - shared
59~40306+18~07249_20260925_205557.wav,DEV_001_20260925_205557.wav,0,59.40306,18.07249,Leppun,Leptophyes punctatissima,Speckled Bush-cricket,bush-cricket,0.99,,,25/09/2026,25/09/2026,20:55:57,ClassifEspSWE-0002026-05-29_1,JOHANKARLSSON,202609261749LURHAINK,2026_25_sep_20,Citizen Science (ultrasonic) - shared
59~40306+18~07249_20260925_205603.wav,DEV_001_20260925_205603.wav,0,59.40306,18.07249,Leppun,Leptophyes punctatissima,Speckled Bush-cricket,bush-cricket,0.99,,,25/09/2026,25/09/2026,20:56:03,ClassifEspSWE-0002026-05-29_1,JOHANKARLSSON,202609261749LURHAINK,2026_25_sep_20,Citizen Science (ultrasonic) - shared
59~40306+18~07249_20260925_205609.wav,DEV_001_20260925_205609.wav,0,59.40306,18.07249,Leppun,Leptophyes punctatissima,Speckled Bush-cricket,bush-cricket,0.99,,,25/09/2026,25/09/2026,20:56:09,ClassifEspSWE-0002026-05-29_1,JOHANKARLSSON,202609261749LURHAINK,2026_25_sep_20,Citizen Science (ultrasonic) - shared
59~40306+18~07249_20260925_205616.wav,DEV_001_20260925_205616.wav,0,59.40306,18.07249,Leppun,Leptophyes punctatissima,Speckled Bush-cricket,bush-cricket,0.99,,,25/09/2026,25/09/2026,20:56:16,ClassifEspSWE-0002026-05-29_1,JOHANKARLSSON,202609261749LURHAINK,2026_25_sep_20,Citizen Science (ultrasonic) - shared
59~40306+18~07249_20260925_205622.wav,DEV_001_20260925_205622.wav,0,59.40306,18.07249,Leppun,Leptophyes punctatissima,Speckled Bush-cricket,bush-cricket,0.99,,,25/09/2026,25/09/2026,20:56:22,ClassifEspSWE-0002026-05-29_1,JOHANKARLSSON,202609261749LURHAINK,2026_25_sep_20,Citizen Science (ultrasonic) - shared
59~40306+18~07249_20260925_205628.wav,DEV_001_20260925_205628.wav,0,59.40306,18.07249,Leppun,Leptophyes punctatissima,Speckled Bush-cricket,bush-cricket,0.99,,,25/09/2026,25/09/2026,20:56:28,ClassifEspSWE-0002026-05-29_1,JOHANKARLSSON,202609261749LURHAINK,2026_25_sep_20,Citizen Science (ultrasonic) - shared
59~40306+18~07249_20260925_205635.wav,DEV_001_20260925_205635.wav,0,59.40306,18.07249,Leppun,Leptophyes punctatissima,Speckled Bush-cricket,bush-cricket,0.99,,,25/09/2026,25/09/2026,20:56:35,ClassifEspSWE-0002026-05-29_1,JOHANKARLSSON,202609261749LURHAINK,2026_25_sep_20,Citizen Science (ultrasonic) - shared
59~40306+18~07249_20260925_205641.wav,DEV_001_20260925_205641.wav,0,59.40306,18.07249,Leppun,Leptophyes punctatissima,Speckled Bush-cricket,bush-cricket,0.99,,,25/09/2026,25/09/2026,20:56:41,ClassifEspSWE-0002026-05-29_1,JOHANKARLSSON,202609261749LURHAINK,2026_25_sep_20,Citizen Science (ultrasonic) - shared
59~40306+18~07249_20260925_205648.wav,DEV_001_20260925_205648.wav,0,59.40306,18.07249,Leppun,Leptophyes punctatissima,Speckled Bush-cricket,bush-cricket,0.99,,,25/09/2026,25/09/2026,20:56:48,ClassifEspSWE-0002026-05-29_1,JOHANKARLSSON,202609261749LURHAINK,2026_25_sep_20,Citizen Science (ultrasonic) - shared
59~40306+18~07249_20260925_205654.wav,DEV_001_20260925_205654.wav,0,59.40306,18.07249,Leppun,Leptophyes punctatissima,Speckled Bush-cricket,bush-cricket,0.99,,,25/09/2026,25/09/2026,20:56:54,ClassifEspSWE-0002026-05-29_1,JOHANKARLSSON,202609261749LURHAINK,2026_25_sep_20,Citizen Science (ultrasonic) - shared
59~40306+18~07249_20260925_205701.wav,DEV_001_20260925_205701.wav,0,59.40306,18.07249,Leppun,Leptophyes punctatissima,Speckled Bush-cricket,bush-cricket,0.99,,,25/09/2026,25/09/2026,20:57:01,ClassifEspSWE-0002026-05-29_1,JOHANKARLSSON,202609261749LURHAINK,2026_25_sep_20,Citizen Science (ultrasonic) - shared
59~40306+18~07249_20260925_205707.wav,DEV_001_20260925_205707.wav,0,59.40306,18.07249,Leppun,Leptophyes punctatissima,Speckled Bush-cricket,bush-cricket,0.99,,,25/09/2026,25/09/2026,20:57:07,ClassifEspSWE-0002026-05-29_1,JOHANKARLSSON,202609261749LURHAINK,2026_25_sep_20,Citizen Science (ultrasonic) - shared
59~40306+18~07249_20260925_205713.wav,DEV_001_20260925_205713.wav,0,59.40306,18.07249,Leppun,Leptophyes punctatissima,Speckled Bush-cricket,bush-cricket,0.99,,,25/09/2026,25/09/2026,20:57:13,ClassifEspSWE-0002026-05-29_1,JOHANKARLSSON,202609261749LURHAINK,2026_25_sep_20,Citizen Science (ultrasonic) - shared
59~40306+18~07249_20260925_205720.wav,DEV_001_20260925_205720.wav,0,59.40306,18.07249,Leppun,Leptophyes punctatissima,Speckled Bush-cricket,bush-cricket,0.99,,,25/09/2026,25/09/2026,20:57:20,ClassifEspSWE-0002026-05-29_1,JOHANKARLSSON,202609261749LURHAINK,2026_25_sep_20,Citizen Science (ultrasonic) - shared
59~40306+18~07249_20260925_205726.wav,DEV_001_20260925_205726.wav,0,59.40306,18.07249,Leppun,Leptophyes punctatissima,Speckled Bush-cricket,bush-cricket,0.99,,,25/09/2026,25/09/2026,20:57:26,ClassifEspSWE-0002026-05-29_1,JOHANKARLSSON,202609261749LURHAINK,2026_25_sep_20,Citizen Science (ultrasonic) - shared
59~40306+18~07249_20260925_205732.wav,DEV_001_20260925_205732.wav,0,59.40306,18.07249,Leppun,Leptophyes punctatissima,Speckled Bush-cricket,bush-cricket,0.99,,,25/09/2026,25/09/2026,20:57:32,ClassifEspSWE-0002026-05-29_1,JOHANKARLSSON,202609261749LURHAINK,2026_25_sep_20,Citizen Science (ultrasonic) - shared
59~40306+18~07249_20260925_205738.wav,DEV_001_20260925_205738.wav,0,59.40306,18.07249,Leppun,Leptophyes punctatissima,Speckled Bush-cricket,bush-cricket,0.99,,,25/09/2026,25/09/2026,20:57:38,ClassifEspSWE-0002026-05-29_1,JOHANKARLSSON,202609261749LURHAINK,2026_25_sep_20,Citizen Science (ultrasonic) - shared
59~40306+18~07249_20260925_205745.wav,DEV_001_20260925_205745.wav,0,59.40306,18.07249,Leppun,Leptophyes punctatissima,Speckled Bush-cricket,bush-cricket,0.99,,,25/09/2026,25/09/2026,20:57:45,ClassifEspSWE-0002026-05-29_1,JOHANKARLSSON,202609261749LURHAINK,2026_25_sep_20,Citizen Science (ultrasonic) - shared
59~40306+18~07249_20260925_205750.wav,DEV_001_20260925_205750.wav,0,59.40306,18.07249,Leppun,Leptophyes punctatissima,Speckled Bush-cricket,bush-cricket,0.99,,,25/09/2026,25/09/2026,20:57:50,ClassifEspSWE-0002026-05-29_1,JOHANKARLSSON,202609261749LURHAINK,2026_25_sep_20,Citizen Science (ultrasonic) - shared
59~40306+18~07249_20260925_205756.wav,DEV_001_20260925_205756.wav,0,59.40306,18.07249,Leppun,Leptophyes punctatissima,Speckled Bush-cricket,bush-cricket,0.99,,,25/09/2026,25/09/2026,20:57:56,ClassifEspSWE-0002026-05-29_1,JOHANKARLSSON,202609261749LURHAINK,2026_25_sep_20,Citizen Science (ultrasonic) - shared
59~40306+18~07249_20260925_205802.wav,DEV_001_20260925_205802.wav,0,59.40306,18.07249,Leppun,Leptophyes punctatissima,Speckled Bush-cricket,bush-cricket,0.99,,,25/09/2026,25/09/2026,20:58:02,ClassifEspSWE-0002026-05-29_1,JOHANKARLSSON,202609261749LURHAINK,2026_25_sep_20,Citizen Science (ultrasonic) - shared
59~40306+18~07249_20260925_205808.wav,DEV_001_20260925_205808.wav,0,59.40306,18.07249,Leppun,Leptophyes punctatissima,Speckled Bush-cricket,bush-cricket,0.99,,,25/09/2026,25/09/2026,20:58:08,ClassifEspSWE-0002026-05-29_1,JOHANKARLSSON,202609261749LURHAINK,2026_25_sep_20,Citizen Science (ultrasonic) - shared
59~40306+18~07249_20260925_205814.wav,DEV_001_20260925_205814.wav,0,59.40306,18.07249,Leppun,Leptophyes punctatissima,Speckled Bush-cricket,bush-cricket,0.99,,,25/09/2026,25/09/2026,20:58:14,ClassifEspSWE-0002026-05-29_1,JOHANKARLSSON,202609261749LURHAINK,2026_25_sep_20,Citizen Science (ultrasonic) - shared
59~40306+18~07249_20260925_205821.wav,DEV_001_20260925_205821.wav,0,59.40306,18.07249,Leppun,Leptophyes punctatissima,Speckled Bush-cricket,bush-cricket,0.99,,,25/09/2026,25/09/2026,20:58:21,ClassifEspSWE-0002026-05-29_1,JOHANKARLSSON,202609261749LURHAINK,2026_25_sep_20,Citizen Science (ultrasonic) - shared
59~40306+18~07249_20260925_205827.wav,DEV_001_20260925_205827.wav,0,59.40306,18.07249,Leppun,Leptophyes punctatissima,Speckled Bush-cricket,bush-cricket,0.99,,,25/09/2026,25/09/2026,20:58:27,ClassifEspSWE-0002026-05-29_1,JOHANKARLSSON,202609261749LURHAINK,2026_25_sep_20,Citizen Science (ultrasonic) - shared
59~40306+18~07249_20260925_205833.wav,DEV_001_20260925_205833.wav,0,59.40306,18.07249,Leppun,Leptophyes punctatissima,Speckled Bush-cricket,bush-cricket,0.99,,,25/09/2026,25/09/2026,20:58:33,ClassifEspSWE-0002026-05-29_1,JOHANKARLSSON,202609261749LURHAINK,2026_25_sep_20,Citizen Science (ultrasonic) - shared
59~40306+18~07249_20260925_205839.wav,DEV_001_20260925_205839.wav,0,59.40306,18.07249,Leppun,Leptophyes punctatissima,Speckled Bush-cricket,bush-cricket,0.99,,,25/09/2026,25/09/2026,20:58:39,ClassifEspSWE-0002026-05-29_1,JOHANKARLSSON,202609261749LURHAINK,2026_25_sep_20,Citizen Science (ultrasonic) - shared
59~40306+18~07249_20260925_205844.wav,DEV_001_20260925_205844.wav,0,59.40306,18.07249,Leppun,Leptophyes punctatissima,Speckled Bush-cricket,bush-cricket,0.99,,,25/09/2026,25/09/2026,20:58:44,ClassifEspSWE-0002026-05-29_1,JOHANKARLSSON,202609261749LURHAINK,2026_25_sep_20,Citizen Science (ultrasonic) - shared
59~40306+18~07249_20260925_205850.wav,DEV_001_20260925_205850.wav,0,59.40306,18.07249,Leppun,Leptophyes punctatissima,Speckled Bush-cricket,bush-cricket,0.99,,,25/09/2026,25/09/2026,20:58:50,ClassifEspSWE-0002026-05-29_1,JOHANKARLSSON,202609261749LURHAINK,2026_25_sep_20,Citizen Science (ultrasonic) - shared
59~40306+18~07249_20260925_205856.wav,DEV_001_20260925_205856.wav,0,59.40306,18.07249,Leppun,Leptophyes punctatissima,Speckled Bush-cricket,bush-cricket,0.99,,,25/09/2026,25/09/2026,20:58:56,ClassifEspSWE-0002026-05-29_1,JOHANKARLSSON,202609261749LURHAINK,2026_25_sep_20,Citizen Science (ultrasonic) - shared
59~40306+18~07249_20260925_205901.wav,DEV_001_20260925_205901.wav,0,59.40306,18.07249,Leppun,Leptophyes punctatissima,Speckled Bush-cricket,bush-cricket,0.99,,,25/09/2026,25/09/2026,20:59:01,ClassifEspSWE-0002026-05-29_1,JOHANKARLSSON,202609261749LURHAINK,2026_25_sep_20,Citizen Science (ultrasonic) - shared
59~40306+18~07249_20260925_205907.wav,DEV_001_20260925_205907.wav,0,59.40306,18.07249,Leppun,Leptophyes punctatissima,Speckled Bush-cricket,bush-cricket,0.99,,,25/09/2026,25/09/2026,20:59:07,ClassifEspSWE-0002026-05-29_1,JOHANKARLSSON,202609261749LURHAINK,2026_25_sep_20,Citizen Science (ultrasonic) - shared
59~40306+18~07249_20260925_205913.wav,DEV_001_20260925_205913.wav,0,59.40306,18.07249,Leppun,Leptophyes punctatissima,Speckled Bush-cricket,bush-cricket,0.99,,,25/09/2026,25/09/2026,20:59:13,ClassifEspSWE-0002026-05-29_1,JOHANKARLSSON,202609261749LURHAINK,2026_25_sep_20,Citizen Science (ultrasonic) - shared
59~40306+18~07249_20260925_205918.wav,DEV_001_20260925_205918.wav,0,59.40306,18.07249,Leppun,Leptophyes punctatissima,Speckled Bush-cricket,bush-cricket,0.99,,,25/09/2026,25/09/2026,20:59:18,ClassifEspSWE-0002026-05-29_1,JOHANKARLSSON,202609261749LURHAINK,2026_25_sep_20,Citizen Science (ultrasonic) - shared
59~40306+18~07249_20260925_205925.wav,DEV_001_20260925_205925.wav,0,59.40306,18.07249,Leppun,Leptophyes punctatissima,Speckled Bush-cricket,bush-cricket,0.99,,,25/09/2026,25/09/2026,20:59:25,ClassifEspSWE-0002026-05-29_1,JOHANKARLSSON,202609261749LURHAINK,2026_25_sep_20,Citizen Science (ultrasonic) - shared
59~40306+18~07249_20260925_205934.wav,DEV_001_20260925_205934.wav,0,59.40306,18.07249,Leppun,Leptophyes punctatissima,Speckled Bush-cricket,bush-cricket,0.99,,,25/09/2026,25/09/2026,20:59:34,ClassifEspSWE-0002026-05-29_1,JOHANKARLSSON,202609261749LURHAINK,2026_25_sep_20,Citizen Science (ultrasonic) - shared
59~40306+18~07249_20260925_205940.wav,DEV_001_20260925_205940.wav,0,59.40306,18.07249,Leppun,Leptophyes punctatissima,Speckled Bush-cricket,bush-cricket,0.99,,,25/09/2026,25/09/2026,20:59:40,ClassifEspSWE-0002026-05-29_1,JOHANKARLSSON,202609261749LURHAINK,2026_25_sep_20,Citizen Science (ultrasonic) - shared
59~40306+18~07249_20260925_205945.wav,DEV_001_20260925_205945.wav,0,59.40306,18.07249,Leppun,Leptophyes punctatissima,Speckled Bush-cricket,bush-cricket,0.99,,,25/09/2026,25/09/2026,20:59:45,ClassifEspSWE-0002026-05-29_1,JOHANKARLSSON,202609261749LURHAINK,2026_25_sep_20,Citizen Science (ultrasonic) - shared
59~40306+18~07249_20260925_205951.wav,DEV_001_20260925_205951.wav,0,59.40306,18.07249,Leppun,Leptophyes punctatissima,Speckled Bush-cricket,bush-cricket,0.99,,,25/09/2026,25/09/2026,20:59:51,ClassifEspSWE-0002026-05-29_1,JOHANKARLSSON,202609261749LURHAINK,2026_25_sep_20,Citizen Science (ultrasonic) - shared
59~40306+18~07249_20260925_200001.wav,DEV_001_20260925_200001.wav,0,59.40306,18.07249,Phogri,Pholidoptera griseoaptera,Dark Bush-cricket,bush-cricket,0.91,,,25/09/2026,25/09/2026,20:00:01,ClassifEspSWE-0002026-05-29_1,JOHANKARLSSON,202609261749LURHAINK,2026_25_sep_20,Citizen Science (ultrasonic) - shared
59~40306+18~07249_20260925_200007.wav,DEV_001_20260925_200007.wav,0,59.40306,18.07249,Phogri,Pholidoptera griseoaptera,Dark Bush-cricket,bush-cricket,0.88,,,25/09/2026,25/09/2026,20:00:07,ClassifEspSWE-0002026-05-29_1,JOHANKARLSSON,202609261749LURHAINK,2026_25_sep_20,Citizen Science (ultrasonic) - shared
59~40306+18~07249_20260925_200014.wav,DEV_001_20260925_200014.wav,0,59.40306,18.07249,Phogri,Pholidoptera griseoaptera,Dark Bush-cricket,bush-cricket,0.99,,,25/09/2026,25/09/2026,20:00:14,ClassifEspSWE-0002026-05-29_1,JOHANKARLSSON,202609261749LURHAINK,2026_25_sep_20,Citizen Science (ultrasonic) - shared
59~40306+18~07249_20260925_200020.wav,DEV_001_20260925_200020.wav,0,59.40306,18.07249,Phogri,Pholidoptera griseoaptera,Dark Bush-cricket,bush-cricket,0.99,,,25/09/2026,25/09/2026,20:00:20,ClassifEspSWE-0002026-05-29_1,JOHANKARLSSON,202609261749LURHAINK,2026_25_sep_20,Citizen Science (ultrasonic) - shared
59~40306+18~07249_20260925_200025.wav,DEV_001_20260925_200025.wav,0,59.40306,18.07249,Phogri,Pholidoptera griseoaptera,Dark Bush-cricket,bush-cricket,0.95,,,25/09/2026,25/09/2026,20:00:25,ClassifEspSWE-0002026-05-29_1,JOHANKARLSSON,202609261749LURHAINK,2026_25_sep_20,Citizen Science (ultrasonic) - shared
59~40306+18~07249_20260925_200031.wav,DEV_001_20260925_200031.wav,0,59.40306,18.07249,Phogri,Pholidoptera griseoaptera,Dark Bush-cricket,bush-cricket,0.93,,,25/09/2026,25/09/2026,20:00:31,ClassifEspSWE-0002026-05-29_1,JOHANKARLSSON,202609261749LURHAINK,2026_25_sep_20,Citizen Science (ultrasonic) - shared
59~40306+18~07249_20260925_200037.wav,DEV_001_20260925_200037.wav,0,59.40306,18.07249,Phogri,Pholidoptera griseoaptera,Dark Bush-cricket,bush-cricket,0.99,,,25/09/2026,25/09/2026,20:00:37,ClassifEspSWE-0002026-05-29_1,JOHANKARLSSON,202609261749LURHAINK,2026_25_sep_20,Citizen Science (ultrasonic) - shared
59~40306+18~07249_20260925_200043.wav,DEV_001_20260925_200043.wav,0,59.40306,18.07249,Phogri,Pholidoptera griseoaptera,Dark Bush-cricket,bush-cricket,0.99,,,25/09/2026,25/09/2026,20:00:43,ClassifEspSWE-0002026-05-29_1,JOHANKARLSSON,202609261749LURHAINK,2026_25_sep_20,Citizen Science (ultrasonic) - shared
59~40306+18~07249_20260925_200048.wav,DEV_001_20260925_200048.wav,0,59.40306,18.07249,Phogri,Pholidoptera griseoaptera,Dark Bush-cricket,bush-cricket,0.98,,,25/09/2026,25/09/2026,20:00:48,ClassifEspSWE-0002026-05-29_1,JOHANKARLSSON,202609261749LURHAINK,2026_25_sep_20,Citizen Science (ultrasonic) - shared
59~40306+18~07249_20260925_200054.wav,DEV_001_20260925_200054.wav,0,59.40306,18.07249,Phogri,Pholidoptera griseoaptera,Dark Bush-cricket,bush-cricket,0.98,,,25/09/2026,25/09/2026,20:00:54,ClassifEspSWE-0002026-05-29_1,JOHANKARLSSON,202609261749LURHAINK,2026_25_sep_20,Citizen Science (ultrasonic) - shared
59~40306+18~07249_20260925_200059.wav,DEV_001_20260925_200059.wav,0,59.40306,18.07249,Phogri,Pholidoptera griseoaptera,Dark Bush-cricket,bush-cricket,0.98,,,25/09/2026,25/09/2026,20:00:59,ClassifEspSWE-0002026-05-29_1,JOHANKARLSSON,202609261749LURHAINK,2026_25_sep_20,Citizen Science (ultrasonic) - shared
59~40306+18~07249_20260925_200105.wav,DEV_001_20260925_200105.wav,0,59.40306,18.07249,Phogri,Pholidoptera griseoaptera,Dark Bush-cricket,bush-cricket,0.97,,,25/09/2026,25/09/2026,20:01:05,ClassifEspSWE-0002026-05-29_1,JOHANKARLSSON,202609261749LURHAINK,2026_25_sep_20,Citizen Science (ultrasonic) - shared
59~40306+18~07249_20260925_200110.wav,DEV_001_20260925_200110.wav,0,59.40306,18.07249,Phogri,Pholidoptera griseoaptera,Dark Bush-cricket,bush-cricket,0.97,,,25/09/2026,25/09/2026,20:01:10,ClassifEspSWE-0002026-05-29_1,JOHANKARLSSON,202609261749LURHAINK,2026_25_sep_20,Citizen Science (ultrasonic) - shared
59~40306+18~07249_20260925_200115.wav,DEV_001_20260925_200115.wav,0,59.40306,18.07249,Phogri,Pholidoptera griseoaptera,Dark Bush-cricket,bush-cricket,0.99,,,25/09/2026,25/09/2026,20:01:15,ClassifEspSWE-0002026-05-29_1,JOHANKARLSSON,202609261749LURHAINK,2026_25_sep_20,Citizen Science (ultrasonic) - shared
59~40306+18~07249_20260925_200120.wav,DEV_001_20260925_200120.wav,0,59.40306,18.07249,Phogri,Pholidoptera griseoaptera,Dark Bush-cricket,bush-cricket,0.99,,,25/09/2026,25/09/2026,20:01:20,ClassifEspSWE-0002026-05-29_1,JOHANKARLSSON,202609261749LURHAINK,2026_25_sep_20,Citizen Science (ultrasonic) - shared
59~40306+18~07249_20260925_200126.wav,DEV_001_20260925_200126.wav,0,59.40306,18.07249,Phogri,Pholidoptera griseoaptera,Dark Bush-cricket,bush-cricket,0.99,,,25/09/2026,25/09/2026,20:01:26,ClassifEspSWE-0002026-05-29_1,JOHANKARLSSON,202609261749LURHAINK,2026_25_sep_20,Citizen Science (ultrasonic) - shared
59~40306+18~07249_20260925_200131.wav,DEV_001_20260925_200131.wav,0,59.40306,18.07249,Phogri,Pholidoptera griseoaptera,Dark Bush-cricket,bush-cricket,0.99,,,25/09/2026,25/09/2026,20:01:31,ClassifEspSWE-0002026-05-29_1,JOHANKARLSSON,202609261749LURHAINK,2026_25_sep_20,Citizen Science (ultrasonic) - shared
59~40306+18~07249_20260925_200136.wav,DEV_001_20260925_200136.wav,0,59.40306,18.07249,Phogri,Pholidoptera griseoaptera,Dark Bush-cricket,bush-cricket,0.98,,,25/09/2026,25/09/2026,20:01:36,ClassifEspSWE-0002026-05-29_1,JOHANKARLSSON,202609261749LURHAINK,2026_25_sep_20,Citizen Science (ultrasonic) - shared
59~40306+18~07249_20260925_200144.wav,DEV_001_20260925_200144.wav,0,59.40306,18.07249,Phogri,Pholidoptera griseoaptera,Dark Bush-cricket,bush-cricket,0.95,,,25/09/2026,25/09/2026,20:01:44,ClassifEspSWE-0002026-05-29_1,JOHANKARLSSON,202609261749LURHAINK,2026_25_sep_20,Citizen Science (ultrasonic) - shared
59~40306+18~07249_20260925_200150.wav,DEV_001_20260925_200150.wav,0,59.40306,18.07249,Phogri,Pholidoptera griseoaptera,Dark Bush-cricket,bush-cricket,0.99,,,25/09/2026,25/09/2026,20:01:50,ClassifEspSWE-0002026-05-29_1,JOHANKARLSSON,202609261749LURHAINK,2026_25_sep_20,Citizen Science (ultrasonic) - shared
59~40306+18~07249_20260925_200155.wav,DEV_001_20260925_200155.wav,0,59.40306,18.07249,Phogri,Pholidoptera griseoaptera,Dark Bush-cricket,bush-cricket,0.95,,,25/09/2026,25/09/2026,20:01:55,ClassifEspSWE-0002026-05-29_1,JOHANKARLSSON,202609261749LURHAINK,2026_25_sep_20,Citizen Science (ultrasonic) - shared
59~40306+18~07249_20260925_200200.wav,DEV_001_20260925_200200.wav,0,59.40306,18.07249,Phogri,Pholidoptera griseoaptera,Dark Bush-cricket,bush-cricket,0.99,,,25/09/2026,25/09/2026,20:02:00,ClassifEspSWE-0002026-05-29_1,JOHANKARLSSON,202609261749LURHAINK,2026_25_sep_20,Citizen Science (ultrasonic) - shared
59~40306+18~07249_20260925_200206.wav,DEV_001_20260925_200206.wav,0,59.40306,18.07249,Phogri,Pholidoptera griseoaptera,Dark Bush-cricket,bush-cricket,0.99,,,25/09/2026,25/09/2026,20:02:06,ClassifEspSWE-0002026-05-29_1,JOHANKARLSSON,202609261749LURHAINK,2026_25_sep_20,Citizen Science (ultrasonic) - shared
59~40306+18~07249_20260925_200212.wav,DEV_001_20260925_200212.wav,0,59.40306,18.07249,Phogri,Pholidoptera griseoaptera,Dark Bush-cricket,bush-cricket,0.96,,,25/09/2026,25/09/2026,20:02:12,ClassifEspSWE-0002026-05-29_1,JOHANKARLSSON,202609261749LURHAINK,2026_25_sep_20,Citizen Science (ultrasonic) - shared
59~40306+18~07249_20260925_200219.wav,DEV_001_20260925_200219.wav,0,59.40306,18.07249,Phogri,Pholidoptera griseoaptera,Dark Bush-cricket,bush-cricket,0.99,,,25/09/2026,25/09/2026,20:02:19,ClassifEspSWE-0002026-05-29_1,JOHANKARLSSON,202609261749LURHAINK,2026_25_sep_20,Citizen Science (ultrasonic) - shared
59~40306+18~07249_20260925_200225.wav,DEV_001_20260925_200225.wav,0,59.40306,18.07249,Phogri,Pholidoptera griseoaptera,Dark Bush-cricket,bush-cricket,0.99,,,25/09/2026,25/09/2026,20:02:25,ClassifEspSWE-0002026-05-29_1,JOHANKARLSSON,202609261749LURHAINK,2026_25_sep_20,Citizen Science (ultrasonic) - shared
59~40306+18~07249_20260925_200231.wav,DEV_001_20260925_200231.wav,0,59.40306,18.07249,Phogri,Pholidoptera griseoaptera,Dark Bush-cricket,bush-cricket,0.94,,,25/09/2026,25/09/2026,20:02:31,ClassifEspSWE-0002026-05-29_1,JOHANKARLSSON,202609261749LURHAINK,2026_25_sep_20,Citizen Science (ultrasonic) - shared
59~40306+18~07249_20260925_200236.wav,DEV_001_20260925_200236.wav,0,59.40306,18.07249,Phogri,Pholidoptera griseoaptera,Dark Bush-cricket,bush-cricket,0.89,,,25/09/2026,25/09/2026,20:02:36,ClassifEspSWE-0002026-05-29_1,JOHANKARLSSON,202609261749LURHAINK,2026_25_sep_20,Citizen Science (ultrasonic) - shared
59~40306+18~07249_20260925_200243.wav,DEV_001_20260925_200243.wav,0,59.40306,18.07249,Phogri,Pholidoptera griseoaptera,Dark Bush-cricket,bush-cricket,0.98,,,25/09/2026,25/09/2026,20:02:43,ClassifEspSWE-0002026-05-29_1,JOHANKARLSSON,202609261749LURHAINK,2026_25_sep_20,Citizen Science (ultrasonic) - shared
59~40306+18~07249_20260925_200249.wav,DEV_001_20260925_200249.wav,0,59.40306,18.07249,Phogri,Pholidoptera griseoaptera,Dark Bush-cricket,bush-cricket,0.99,,,25/09/2026,25/09/2026,20:02:49,ClassifEspSWE-0002026-05-29_1,JOHANKARLSSON,202609261749LURHAINK,2026_25_sep_20,Citizen Science (ultrasonic) - shared
59~40306+18~07249_20260925_200255.wav,DEV_001_20260925_200255.wav,0,59.40306,18.07249,Phogri,Pholidoptera griseoaptera,Dark Bush-cricket,bush-cricket,0.93,,,25/09/2026,25/09/2026,20:02:55,ClassifEspSWE-0002026-05-29_1,JOHANKARLSSON,202609261749LURHAINK,2026_25_sep_20,Citizen Science (ultrasonic) - shared
59~40306+18~07249_20260925_200300.wav,DEV_001_20260925_200300.wav,0,59.40306,18.07249,Phogri,Pholidoptera griseoaptera,Dark Bush-cricket,bush-cricket,0.96,,,25/09/2026,25/09/2026,20:03:00,ClassifEspSWE-0002026-05-29_1,JOHANKARLSSON,202609261749LURHAINK,2026_25_sep_20,Citizen Science (ultrasonic) - shared
59~40306+18~07249_20260925_200306.wav,DEV_001_20260925_200306.wav,0,59.40306,18.07249,Phogri,Pholidoptera griseoaptera,Dark Bush-cricket,bush-cricket,0.89,,,25/09/2026,25/09/2026,20:03:06,ClassifEspSWE-0002026-05-29_1,JOHANKARLSSON,202609261749LURHAINK,2026_25_sep_20,Citizen Science (ultrasonic) - shared
59~40306+18~07249_20260925_200312.wav,DEV_001_20260925_200312.wav,0,59.40306,18.07249,Phogri,Pholidoptera griseoaptera,Dark Bush-cricket,bush-cricket,0.99,,,25/09/2026,25/09/2026,20:03:12,ClassifEspSWE-0002026-05-29_1,JOHANKARLSSON,202609261749LURHAINK,2026_25_sep_20,Citizen Science (ultrasonic) - shared
59~40306+18~07249_20260925_200317.wav,DEV_001_20260925_200317.wav,0,59.40306,18.07249,Phogri,Pholidoptera griseoaptera,Dark Bush-cricket,bush-cricket,0.98,,,25/09/2026,25/09/2026,20:03:17,ClassifEspSWE-0002026-05-29_1,JOHANKARLSSON,202609261749LURHAINK,2026_25_sep_20,Citizen Science (ultrasonic) - shared
59~40306+18~07249_20260925_200322.wav,DEV_001_20260925_200322.wav,0,59.40306,18.07249,Phogri,Pholidoptera griseoaptera,Dark Bush-cricket,bush-cricket,0.99,,,25/09/2026,25/09/2026,20:03:22,ClassifEspSWE-0002026-05-29_1,JOHANKARLSSON,202609261749LURHAINK,2026_25_sep_20,Citizen Science (ultrasonic) - shared
59~40306+18~07249_20260925_200328.wav,DEV_001_20260925_200328.wav,0,59.40306,18.07249,Phogri,Pholidoptera griseoaptera,Dark Bush-cricket,bush-cricket,0.97,,,25/09/2026,25/09/2026,20:03:28,ClassifEspSWE-0002026-05-29_1,JOHANKARLSSON,202609261749LURHAINK,2026_25_sep_20,Citizen Science (ultrasonic) - shared
59~40306+18~07249_20260925_200334.wav,DEV_001_20260925_200334.wav,0,59.40306,18.07249,Phogri,Pholidoptera griseoaptera,Dark Bush-cricket,bush-cricket,0.97,,,25/09/2026,25/09/2026,20:03:34,ClassifEspSWE-0002026-05-29_1,JOHANKARLSSON,202609261749LURHAINK,2026_25_sep_20,Citizen Science (ultrasonic) - shared
59~40306+18~07249_20260925_200339.wav,DEV_001_20260925_200339.wav,0,59.40306,18.07249,Phogri,Pholidoptera griseoaptera,Dark Bush-cricket,bush-cricket,0.99,,,25/09/2026,25/09/2026,20:03:39,ClassifEspSWE-0002026-05-29_1,JOHANKARLSSON,202609261749LURHAINK,2026_25_sep_20,Citizen Science (ultrasonic) - shared
59~40306+18~07249_20260925_200346.wav,DEV_001_20260925_200346.wav,0,59.40306,18.07249,Phogri,Pholidoptera griseoaptera,Dark Bush-cricket,bush-cricket,0.98,,,25/09/2026,25/09/2026,20:03:46,ClassifEspSWE-0002026-05-29_1,JOHANKARLSSON,202609261749LURHAINK,2026_25_sep_20,Citizen Science (ultrasonic) - shared
59~40306+18~07249_20260925_200351.wav,DEV_001_20260925_200351.wav,0,59.40306,18.07249,Phogri,Pholidoptera griseoaptera,Dark Bush-cricket,bush-cricket,0.98,,,25/09/2026,25/09/2026,20:03:51,ClassifEspSWE-0002026-05-29_1,JOHANKARLSSON,202609261749LURHAINK,2026_25_sep_20,Citizen Science (ultrasonic) - shared
59~40306+18~07249_20260925_200358.wav,DEV_001_20260925_200358.wav,0,59.40306,18.07249,Phogri,Pholidoptera griseoaptera,Dark Bush-cricket,bush-cricket,0.94,,,25/09/2026,25/09/2026,20:03:58,ClassifEspSWE-0002026-05-29_1,JOHANKARLSSON,202609261749LURHAINK,2026_25_sep_20,Citizen Science (ultrasonic) - shared
59~40306+18~07249_20260925_200404.wav,DEV_001_20260925_200404.wav,0,59.40306,18.07249,Phogri,Pholidoptera griseoaptera,Dark Bush-cricket,bush-cricket,0.97,,,25/09/2026,25/09/2026,20:04:04,ClassifEspSWE-0002026-05-29_1,JOHANKARLSSON,202609261749LURHAINK,2026_25_sep_20,Citizen Science (ultrasonic) - shared
59~40306+18~07249_20260925_200411.wav,DEV_001_20260925_200411.wav,0,59.40306,18.07249,Phogri,Pholidoptera griseoaptera,Dark Bush-cricket,bush-cricket,0.99,,,25/09/2026,25/09/2026,20:04:11,ClassifEspSWE-0002026-05-29_1,JOHANKARLSSON,202609261749LURHAINK,2026_25_sep_20,Citizen Science (ultrasonic) - shared
59~40306+18~07249_20260925_200417.wav,DEV_001_20260925_200417.wav,0,59.40306,18.07249,Phogri,Pholidoptera griseoaptera,Dark Bush-cricket,bush-cricket,0.94,,,25/09/2026,25/09/2026,20:04:17,ClassifEspSWE-0002026-05-29_1,JOHANKARLSSON,202609261749LURHAINK,2026_25_sep_20,Citizen Science (ultrasonic) - shared
59~40306+18~07249_20260925_200424.wav,DEV_001_20260925_200424.wav,0,59.40306,18.07249,Phogri,Pholidoptera griseoaptera,Dark Bush-cricket,bush-cricket,0.95,,,25/09/2026,25/09/2026,20:04:24,ClassifEspSWE-0002026-05-29_1,JOHANKARLSSON,202609261749LURHAINK,2026_25_sep_20,Citizen Science (ultrasonic) - shared
59~40306+18~07249_20260925_200429.wav,DEV_001_20260925_200429.wav,0,59.40306,18.07249,Phogri,Pholidoptera griseoaptera,Dark Bush-cricket,bush-cricket,0.99,,,25/09/2026,25/09/2026,20:04:29,ClassifEspSWE-0002026-05-29_1,JOHANKARLSSON,202609261749LURHAINK,2026_25_sep_20,Citizen Science (ultrasonic) - shared
59~40306+18~07249_20260925_200436.wav,DEV_001_20260925_200436.wav,0,59.40306,18.07249,Phogri,Pholidoptera griseoaptera,Dark Bush-cricket,bush-cricket,0.96,,,25/09/2026,25/09/2026,20:04:36,ClassifEspSWE-0002026-05-29_1,JOHANKARLSSON,202609261749LURHAINK,2026_25_sep_20,Citizen Science (ultrasonic) - shared
59~40306+18~07249_20260925_200442.wav,DEV_001_20260925_200442.wav,0,59.40306,18.07249,Phogri,Pholidoptera griseoaptera,Dark Bush-cricket,bush-cricket,0.98,,,25/09/2026,25/09/2026,20:04:42,ClassifEspSWE-0002026-05-29_1,JOHANKARLSSON,202609261749LURHAINK,2026_25_sep_20,Citizen Science (ultrasonic) - shared
59~40306+18~07249_20260925_200447.wav,DEV_001_20260925_200447.wav,0,59.40306,18.07249,Phogri,Pholidoptera griseoaptera,Dark Bush-cricket,bush-cricket,0.99,,,25/09/2026,25/09/2026,20:04:47,ClassifEspSWE-0002026-05-29_1,JOHANKARLSSON,202609261749LURHAINK,2026_25_sep_20,Citizen Science (ultrasonic) - shared
59~40306+18~07249_20260925_200454.wav,DEV_001_20260925_200454.wav,0,59.40306,18.07249,Phogri,Pholidoptera griseoaptera,Dark Bush-cricket,bush-cricket,0.9,,,25/09/2026,25/09/2026,20:04:54,ClassifEspSWE-0002026-05-29_1,JOHANKARLSSON,202609261749LURHAINK,2026_25_sep_20,Citizen Science (ultrasonic) - shared
59~40306+18~07249_20260925_200459.wav,DEV_001_20260925_200459.wav,0,59.40306,18.07249,Phogri,Pholidoptera griseoaptera,Dark Bush-cricket,bush-cricket,0.61,,,25/09/2026,25/09/2026,20:04:59,ClassifEspSWE-0002026-05-29_1,JOHANKARLSSON,202609261749LURHAINK,2026_25_sep_20,Citizen Science (ultrasonic) - shared
59~40306+18~07249_20260925_200504.wav,DEV_001_20260925_200504.wav,0,59.40306,18.07249,Phogri,Pholidoptera griseoaptera,Dark Bush-cricket,bush-cricket,0.93,,,25/09/2026,25/09/2026,20:05:04,ClassifEspSWE-0002026-05-29_1,JOHANKARLSSON,202609261749LURHAINK,2026_25_sep_20,Citizen Science (ultrasonic) - shared
59~40306+18~07249_20260925_200510.wav,DEV_001_20260925_200510.wav,0,59.40306,18.07249,Phogri,Pholidoptera griseoaptera,Dark Bush-cricket,bush-cricket,0.96,,,25/09/2026,25/09/2026,20:05:10,ClassifEspSWE-0002026-05-29_1,JOHANKARLSSON,202609261749LURHAINK,2026_25_sep_20,Citizen Science (ultrasonic) - shared
59~40306+18~07249_20260925_200517.wav,DEV_001_20260925_200517.wav,0,59.40306,18.07249,Phogri,Pholidoptera griseoaptera,Dark Bush-cricket,bush-cricket,0.97,,,25/09/2026,25/09/2026,20:05:17,ClassifEspSWE-0002026-05-29_1,JOHANKARLSSON,202609261749LURHAINK,2026_25_sep_20,Citizen Science (ultrasonic) - shared
59~40306+18~07249_20260925_200522.wav,DEV_001_20260925_200522.wav,0,59.40306,18.07249,Phogri,Pholidoptera griseoaptera,Dark Bush-cricket,bush-cricket,0.98,,,25/09/2026,25/09/2026,20:05:22,ClassifEspSWE-0002026-05-29_1,JOHANKARLSSON,202609261749LURHAINK,2026_25_sep_20,Citizen Science (ultrasonic) - shared
59~40306+18~07249_20260925_200528.wav,DEV_001_20260925_200528.wav,0,59.40306,18.07249,Phogri,Pholidoptera griseoaptera,Dark Bush-cricket,bush-cricket,0.98,,,25/09/2026,25/09/2026,20:05:28,ClassifEspSWE-0002026-05-29_1,JOHANKARLSSON,202609261749LURHAINK,2026_25_sep_20,Citizen Science (ultrasonic) - shared
59~40306+18~07249_20260925_200534.wav,DEV_001_20260925_200534.wav,0,59.40306,18.07249,Phogri,Pholidoptera griseoaptera,Dark Bush-cricket,bush-cricket,0.98,,,25/09/2026,25/09/2026,20:05:34,ClassifEspSWE-0002026-05-29_1,JOHANKARLSSON,202609261749LURHAINK,2026_25_sep_20,Citizen Science (ultrasonic) - shared
59~40306+18~07249_20260925_200541.wav,DEV_001_20260925_200541.wav,0,59.40306,18.07249,Phogri,Pholidoptera griseoaptera,Dark Bush-cricket,bush-cricket,0.99,,,25/09/2026,25/09/2026,20:05:41,ClassifEspSWE-0002026-05-29_1,JOHANKARLSSON,202609261749LURHAINK,2026_25_sep_20,Citizen Science (ultrasonic) - shared
59~40306+18~07249_20260925_200547.wav,DEV_001_20260925_200547.wav,0,59.40306,18.07249,Phogri,Pholidoptera griseoaptera,Dark Bush-cricket,bush-cricket,0.99,,,25/09/2026,25/09/2026,20:05:47,ClassifEspSWE-0002026-05-29_1,JOHANKARLSSON,202609261749LURHAINK,2026_25_sep_20,Citizen Science (ultrasonic) - shared
59~40306+18~07249_20260925_200553.wav,DEV_001_20260925_200553.wav,0,59.40306,18.07249,Phogri,Pholidoptera griseoaptera,Dark Bush-cricket,bush-cricket,0.98,,,25/09/2026,25/09/2026,20:05:53,ClassifEspSWE-0002026-05-29_1,JOHANKARLSSON,202609261749LURHAINK,2026_25_sep_20,Citizen Science (ultrasonic) - shared
59~40306+18~07249_20260925_200559.wav,DEV_001_20260925_200559.wav,0,59.40306,18.07249,Phogri,Pholidoptera griseoaptera,Dark Bush-cricket,bush-cricket,0.96,,,25/09/2026,25/09/2026,20:05:59,ClassifEspSWE-0002026-05-29_1,JOHANKARLSSON,202609261749LURHAINK,2026_25_sep_20,Citizen Science (ultrasonic) - shared
59~40306+18~07249_20260925_200605.wav,DEV_001_20260925_200605.wav,0,59.40306,18.07249,Phogri,Pholidoptera griseoaptera,Dark Bush-cricket,bush-cricket,0.97,,,25/09/2026,25/09/2026,20:06:05,ClassifEspSWE-0002026-05-29_1,JOHANKARLSSON,202609261749LURHAINK,2026_25_sep_20,Citizen Science (ultrasonic) - shared
59~40306+18~07249_20260925_200611.wav,DEV_001_20260925_200611.wav,0,59.40306,18.07249,Phogri,Pholidoptera griseoaptera,Dark Bush-cricket,bush-cricket,0.91,,,25/09/2026,25/09/2026,20:06:11,ClassifEspSWE-0002026-05-29_1,JOHANKARLSSON,202609261749LURHAINK,2026_25_sep_20,Citizen Science (ultrasonic) - shared
59~40306+18~07249_20260925_200616.wav,DEV_001_20260925_200616.wav,0,59.40306,18.07249,Phogri,Pholidoptera griseoaptera,Dark Bush-cricket,bush-cricket,0.99,,,25/09/2026,25/09/2026,20:06:16,ClassifEspSWE-0002026-05-29_1,JOHANKARLSSON,202609261749LURHAINK,2026_25_sep_20,Citizen Science (ultrasonic) - shared
59~40306+18~07249_20260925_200621.wav,DEV_001_20260925_200621.wav,0,59.40306,18.07249,Phogri,Pholidoptera griseoaptera,Dark Bush-cricket,bush-cricket,0.98,,,25/09/2026,25/09/2026,20:06:21,ClassifEspSWE-0002026-05-29_1,JOHANKARLSSON,202609261749LURHAINK,2026_25_sep_20,Citizen Science (ultrasonic) - shared
59~40306+18~07249_20260925_200627.wav,DEV_001_20260925_200627.wav,0,59.40306,18.07249,Phogri,Pholidoptera griseoaptera,Dark Bush-cricket,bush-cricket,0.94,,,25/09/2026,25/09/2026,20:06:27,ClassifEspSWE-0002026-05-29_1,JOHANKARLSSON,202609261749LURHAINK,2026_25_sep_20,Citizen Science (ultrasonic) - shared
59~40306+18~07249_20260925_200633.wav,DEV_001_20260925_200633.wav,0,59.40306,18.07249,Phogri,Pholidoptera griseoaptera,Dark Bush-cricket,bush-cricket,0.99,,,25/09/2026,25/09/2026,20:06:33,ClassifEspSWE-0002026-05-29_1,JOHANKARLSSON,202609261749LURHAINK,2026_25_sep_20,Citizen Science (ultrasonic) - shared
59~40306+18~07249_20260925_200638.wav,DEV_001_20260925_200638.wav,0,59.40306,18.07249,Phogri,Pholidoptera griseoaptera,Dark Bush-cricket,bush-cricket,0.99,,,25/09/2026,25/09/2026,20:06:38,ClassifEspSWE-0002026-05-29_1,JOHANKARLSSON,202609261749LURHAINK,2026_25_sep_20,Citizen Science (ultrasonic) - shared
59~40306+18~07249_20260925_200644.wav,DEV_001_20260925_200644.wav,0,59.40306,18.07249,Phogri,Pholidoptera griseoaptera,Dark Bush-cricket,bush-cricket,0.99,,,25/09/2026,25/09/2026,20:06:44,ClassifEspSWE-0002026-05-29_1,JOHANKARLSSON,202609261749LURHAINK,2026_25_sep_20,Citizen Science (ultrasonic) - shared
59~40306+18~07249_20260925_200649.wav,DEV_001_20260925_200649.wav,0,59.40306,18.07249,Phogri,Pholidoptera griseoaptera,Dark Bush-cricket,bush-cricket,0.98,,,25/09/2026,25/09/2026,20:06:49,ClassifEspSWE-0002026-05-29_1,JOHANKARLSSON,202609261749LURHAINK,2026_25_sep_20,Citizen Science (ultrasonic) - shared
59~40306+18~07249_20260925_200655.wav,DEV_001_20260925_200655.wav,0,59.40306,18.07249,Phogri,Pholidoptera griseoaptera,Dark Bush-cricket,bush-cricket,0.87,,,25/09/2026,25/09/2026,20:06:55,ClassifEspSWE-0002026-05-29_1,JOHANKARLSSON,202609261749LURHAINK,2026_25_sep_20,Citizen Science (ultrasonic) - shared
59~40306+18~07249_20260925_200702.wav,DEV_001_20260925_200702.wav,0,59.40306,18.07249,Phogri,Pholidoptera griseoaptera,Dark Bush-cricket,bush-cricket,0.94,,,25/09/2026,25/09/2026,20:07:02,ClassifEspSWE-0002026-05-29_1,JOHANKARLSSON,202609261749LURHAINK,2026_25_sep_20,Citizen Science (ultrasonic) - shared
59~40306+18~07249_20260925_200709.wav,DEV_001_20260925_200709.wav,0,59.40306,18.07249,Phogri,Pholidoptera griseoaptera,Dark Bush-cricket,bush-cricket,0.91,,,25/09/2026,25/09/2026,20:07:09,ClassifEspSWE-0002026-05-29_1,JOHANKARLSSON,202609261749LURHAINK,2026_25_sep_20,Citizen Science (ultrasonic) - shared
59~40306+18~07249_20260925_200714.wav,DEV_001_20260925_200714.wav,0,59.40306,18.07249,Phogri,Pholidoptera griseoaptera,Dark Bush-cricket,bush-cricket,0.96,,,25/09/2026,25/09/2026,20:07:14,ClassifEspSWE-0002026-05-29_1,JOHANKARLSSON,202609261749LURHAINK,2026_25_sep_20,Citizen Science (ultrasonic) - shared
59~40306+18~07249_20260925_200720.wav,DEV_001_20260925_200720.wav,0,59.40306,18.07249,Phogri,Pholidoptera griseoaptera,Dark Bush-cricket,bush-cricket,0.98,,,25/09/2026,25/09/2026,20:07:20,ClassifEspSWE-0002026-05-29_1,JOHANKARLSSON,202609261749LURHAINK,2026_25_sep_20,Citizen Science (ultrasonic) - shared
59~40306+18~07249_20260925_200725.wav,DEV_001_20260925_200725.wav,0,59.40306,18.07249,Phogri,Pholidoptera griseoaptera,Dark Bush-cricket,bush-cricket,0.95,,,25/09/2026,25/09/2026,20:07:25,ClassifEspSWE-0002026-05-29_1,JOHANKARLSSON,202609261749LURHAINK,2026_25_sep_20,Citizen Science (ultrasonic) - shared
59~40306+18~07249_20260925_200731.wav,DEV_001_20260925_200731.wav,0,59.40306,18.07249,Phogri,Pholidoptera griseoaptera,Dark Bush-cricket,bush-cricket,0.98,,,25/09/2026,25/09/2026,20:07:31,ClassifEspSWE-0002026-05-29_1,JOHANKARLSSON,202609261749LURHAINK,2026_25_sep_20,Citizen Science (ultrasonic) - shared
59~40306+18~07249_20260925_200736.wav,DEV_001_20260925_200736.wav,0,59.40306,18.07249,Phogri,Pholidoptera griseoaptera,Dark Bush-cricket,bush-cricket,0.98,,,25/09/2026,25/09/2026,20:07:36,ClassifEspSWE-0002026-05-29_1,JOHANKARLSSON,202609261749LURHAINK,2026_25_sep_20,Citizen Science (ultrasonic) - shared
59~40306+18~07249_20260925_200742.wav,DEV_001_20260925_200742.wav,0,59.40306,18.07249,Phogri,Pholidoptera griseoaptera,Dark Bush-cricket,bush-cricket,0.95,,,25/09/2026,25/09/2026,20:07:42,ClassifEspSWE-0002026-05-29_1,JOHANKARLSSON,202609261749LURHAINK,2026_25_sep_20,Citizen Science (ultrasonic) - shared
59~40306+18~07249_20260925_200747.wav,DEV_001_20260925_200747.wav,0,59.40306,18.07249,Phogri,Pholidoptera griseoaptera,Dark Bush-cricket,bush-cricket,0.99,,,25/09/2026,25/09/2026,20:07:47,ClassifEspSWE-0002026-05-29_1,JOHANKARLSSON,202609261749LURHAINK,2026_25_sep_20,Citizen Science (ultrasonic) - shared
59~40306+18~07249_20260925_200752.wav,DEV_001_20260925_200752.wav,0,59.40306,18.07249,Phogri,Pholidoptera griseoaptera,Dark Bush-cricket,bush-cricket,0.99,,,25/09/2026,25/09/2026,20:07:52,ClassifEspSWE-0002026-05-29_1,JOHANKARLSSON,202609261749LURHAINK,2026_25_sep_20,Citizen Science (ultrasonic) - shared
59~40306+18~07249_20260925_200757.wav,DEV_001_20260925_200757.wav,0,59.40306,18.07249,Phogri,Pholidoptera griseoaptera,Dark Bush-cricket,bush-cricket,0.97,,,25/09/2026,25/09/2026,20:07:57,ClassifEspSWE-0002026-05-29_1,JOHANKARLSSON,202609261749LURHAINK,2026_25_sep_20,Citizen Science (ultrasonic) - shared
59~40306+18~07249_20260925_200803.wav,DEV_001_20260925_200803.wav,0,59.40306,18.07249,Phogri,Pholidoptera griseoaptera,Dark Bush-cricket,bush-cricket,0.96,,,25/09/2026,25/09/2026,20:08:03,ClassifEspSWE-0002026-05-29_1,JOHANKARLSSON,202609261749LURHAINK,2026_25_sep_20,Citizen Science (ultrasonic) - shared
59~40306+18~07249_20260925_200809.wav,DEV_001_20260925_200809.wav,0,59.40306,18.07249,Phogri,Pholidoptera griseoaptera,Dark Bush-cricket,bush-cricket,0.97,,,25/09/2026,25/09/2026,20:08:09,ClassifEspSWE-0002026-05-29_1,JOHANKARLSSON,202609261749LURHAINK,2026_25_sep_20,Citizen Science (ultrasonic) - shared
59~40306+18~07249_20260925_200816.wav,DEV_001_20260925_200816.wav,0,59.40306,18.07249,Phogri,Pholidoptera griseoaptera,Dark Bush-cricket,bush-cricket,0.9,,,25/09/2026,25/09/2026,20:08:16,ClassifEspSWE-0002026-05-29_1,JOHANKARLSSON,202609261749LURHAINK,2026_25_sep_20,Citizen Science (ultrasonic) - shared
59~40306+18~07249_20260925_200821.wav,DEV_001_20260925_200821.wav,0,59.40306,18.07249,Phogri,Pholidoptera griseoaptera,Dark Bush-cricket,bush-cricket,0.98,,,25/09/2026,25/09/2026,20:08:21,ClassifEspSWE-0002026-05-29_1,JOHANKARLSSON,202609261749LURHAINK,2026_25_sep_20,Citizen Science (ultrasonic) - shared
59~40306+18~07249_20260925_200828.wav,DEV_001_20260925_200828.wav,0,59.40306,18.07249,Phogri,Pholidoptera griseoaptera,Dark Bush-cricket,bush-cricket,0.97,,,25/09/2026,25/09/2026,20:08:28,ClassifEspSWE-0002026-05-29_1,JOHANKARLSSON,202609261749LURHAINK,2026_25_sep_20,Citizen Science (ultrasonic) - shared
59~40306+18~07249_20260925_200833.wav,DEV_001_20260925_200833.wav,0,59.40306,18.07249,Phogri,Pholidoptera griseoaptera,Dark Bush-cricket,bush-cricket,0.92,,,25/09/2026,25/09/2026,20:08:33,ClassifEspSWE-0002026-05-29_1,JOHANKARLSSON,202609261749LURHAINK,2026_25_sep_20,Citizen Science (ultrasonic) - shared
59~40306+18~07249_20260925_200839.wav,DEV_001_20260925_200839.wav,0,59.40306,18.07249,Phogri,Pholidoptera griseoaptera,Dark Bush-cricket,bush-cricket,0.96,,,25/09/2026,25/09/2026,20:08:39,ClassifEspSWE-0002026-05-29_1,JOHANKARLSSON,202609261749LURHAINK,2026_25_sep_20,Citizen Science (ultrasonic) - shared
59~40306+18~07249_20260925_200844.wav,DEV_001_20260925_200844.wav,0,59.40306,18.07249,Phogri,Pholidoptera griseoaptera,Dark Bush-cricket,bush-cricket,0.96,,,25/09/2026,25/09/2026,20:08:44,ClassifEspSWE-0002026-05-29_1,JOHANKARLSSON,202609261749LURHAINK,2026_25_sep_20,Citizen Science (ultrasonic) - shared
59~40306+18~07249_20260925_200849.wav,DEV_001_20260925_200849.wav,0,59.40306,18.07249,Phogri,Pholidoptera griseoaptera,Dark Bush-cricket,bush-cricket,0.98,,,25/09/2026,25/09/2026,20:08:49,ClassifEspSWE-0002026-05-29_1,JOHANKARLSSON,202609261749LURHAINK,2026_25_sep_20,Citizen Science (ultrasonic) - shared
59~40306+18~07249_20260925_200855.wav,DEV_001_20260925_200855.wav,0,59.40306,18.07249,Phogri,Pholidoptera griseoaptera,Dark Bush-cricket,bush-cricket,0.99,,,25/09/2026,25/09/2026,20:08:55,ClassifEspSWE-0002026-05-29_1,JOHANKARLSSON,202609261749LURHAINK,2026_25_sep_20,Citizen Science (ultrasonic) - shared
59~40306+18~07249_20260925_200900.wav,DEV_001_20260925_200900.wav,0,59.40306,18.07249,Phogri,Pholidoptera griseoaptera,Dark Bush-cricket,bush-cricket,0.95,,,25/09/2026,25/09/2026,20:09:00,ClassifEspSWE-0002026-05-29_1,JOHANKARLSSON,202609261749LURHAINK,2026_25_sep_20,Citizen Science (ultrasonic) - shared
59~40306+18~07249_20260925_200906.wav,DEV_001_20260925_200906.wav,0,59.40306,18.07249,Phogri,Pholidoptera griseoaptera,Dark Bush-cricket,bush-cricket,0.97,,,25/09/2026,25/09/2026,20:09:06,ClassifEspSWE-0002026-05-29_1,JOHANKARLSSON,202609261749LURHAINK,2026_25_sep_20,Citizen Science (ultrasonic) - shared
59~40306+18~07249_20260925_200912.wav,DEV_001_20260925_200912.wav,0,59.40306,18.07249,Phogri,Pholidoptera griseoaptera,Dark Bush-cricket,bush-cricket,0.98,,,25/09/2026,25/09/2026,20:09:12,ClassifEspSWE-0002026-05-29_1,JOHANKARLSSON,202609261749LURHAINK,2026_25_sep_20,Citizen Science (ultrasonic) - shared
59~40306+18~07249_20260925_200919.wav,DEV_001_20260925_200919.wav,0,59.40306,18.07249,Phogri,Pholidoptera griseoaptera,Dark Bush-cricket,bush-cricket,0.99,,,25/09/2026,25/09/2026,20:09:19,ClassifEspSWE-0002026-05-29_1,JOHANKARLSSON,202609261749LURHAINK,2026_25_sep_20,Citizen Science (ultrasonic) - shared
59~40306+18~07249_20260925_200924.wav,DEV_001_20260925_200924.wav,0,59.40306,18.07249,Phogri,Pholidoptera griseoaptera,Dark Bush-cricket,bush-cricket,0.99,,,25/09/2026,25/09/2026,20:09:24,ClassifEspSWE-0002026-05-29_1,JOHANKARLSSON,202609261749LURHAINK,2026_25_sep_20,Citizen Science (ultrasonic) - shared
59~40306+18~07249_20260925_200930.wav,DEV_001_20260925_200930.wav,0,59.40306,18.07249,Phogri,Pholidoptera griseoaptera,Dark Bush-cricket,bush-cricket,0.67,,,25/09/2026,25/09/2026,20:09:30,ClassifEspSWE-0002026-05-29_1,JOHANKARLSSON,202609261749LURHAINK,2026_25_sep_20,Citizen Science (ultrasonic) - shared
59~40306+18~07249_20260925_200935.wav,DEV_001_20260925_200935.wav,0,59.40306,18.07249,Phogri,Pholidoptera griseoaptera,Dark Bush-cricket,bush-cricket,0.95,,,25/09/2026,25/09/2026,20:09:35,ClassifEspSWE-0002026-05-29_1,JOHANKARLSSON,202609261749LURHAINK,2026_25_sep_20,Citizen Science (ultrasonic) - shared
59~40306+18~07249_20260925_200940.wav,DEV_001_20260925_200940.wav,0,59.40306,18.07249,Phogri,Pholidoptera griseoaptera,Dark Bush-cricket,bush-cricket,0.99,,,25/09/2026,25/09/2026,20:09:40,ClassifEspSWE-0002026-05-29_1,JOHANKARLSSON,202609261749LURHAINK,2026_25_sep_20,Citizen Science (ultrasonic) - shared
59~40306+18~07249_20260925_200947.wav,DEV_001_20260925_200947.wav,0,59.40306,18.07249,Phogri,Pholidoptera griseoaptera,Dark Bush-cricket,bush-cricket,0.97,,,25/09/2026,25/09/2026,20:09:47,ClassifEspSWE-0002026-05-29_1,JOHANKARLSSON,202609261749LURHAINK,2026_25_sep_20,Citizen Science (ultrasonic) - shared
59~40306+18~07249_20260925_200953.wav,DEV_001_20260925_200953.wav,0,59.40306,18.07249,Phogri,Pholidoptera griseoaptera,Dark Bush-cricket,bush-cricket,0.93,,,25/09/2026,25/09/2026,20:09:53,ClassifEspSWE-0002026-05-29_1,JOHANKARLSSON,202609261749LURHAINK,2026_25_sep_20,Citizen Science (ultrasonic) - shared
59~40306+18~07249_20260925_200958.wav,DEV_001_20260925_200958.wav,0,59.40306,18.07249,Phogri,Pholidoptera griseoaptera,Dark Bush-cricket,bush-cricket,0.96,,,25/09/2026,25/09/2026,20:09:58,ClassifEspSWE-0002026-05-29_1,JOHANKARLSSON,202609261749LURHAINK,2026_25_sep_20,Citizen Science (ultrasonic) - shared
59~40306+18~07249_20260925_201005.wav,DEV_001_20260925_201005.wav,0,59.40306,18.07249,Phogri,Pholidoptera griseoaptera,Dark Bush-cricket,bush-cricket,0.97,,,25/09/2026,25/09/2026,20:10:05,ClassifEspSWE-0002026-05-29_1,JOHANKARLSSON,202609261749LURHAINK,2026_25_sep_20,Citizen Science (ultrasonic) - shared
59~40306+18~07249_20260925_201012.wav,DEV_001_20260925_201012.wav,0,59.40306,18.07249,Phogri,Pholidoptera griseoaptera,Dark Bush-cricket,bush-cricket,0.72,,,25/09/2026,25/09/2026,20:10:12,ClassifEspSWE-0002026-05-29_1,JOHANKARLSSON,202609261749LURHAINK,2026_25_sep_20,Citizen Science (ultrasonic) - shared
59~40306+18~07249_20260925_201018.wav,DEV_001_20260925_201018.wav,0,59.40306,18.07249,Phogri,Pholidoptera griseoaptera,Dark Bush-cricket,bush-cricket,0.97,,,25/09/2026,25/09/2026,20:10:18,ClassifEspSWE-0002026-05-29_1,JOHANKARLSSON,202609261749LURHAINK,2026_25_sep_20,Citizen Science (ultrasonic) - shared
59~40306+18~07249_20260925_201024.wav,DEV_001_20260925_201024.wav,0,59.40306,18.07249,Phogri,Pholidoptera griseoaptera,Dark Bush-cricket,bush-cricket,0.96,,,25/09/2026,25/09/2026,20:10:24,ClassifEspSWE-0002026-05-29_1,JOHANKARLSSON,202609261749LURHAINK,2026_25_sep_20,Citizen Science (ultrasonic) - shared
59~40306+18~07249_20260925_201029.wav,DEV_001_20260925_201029.wav,0,59.40306,18.07249,Phogri,Pholidoptera griseoaptera,Dark Bush-cricket,bush-cricket,0.94,,,25/09/2026,25/09/2026,20:10:29,ClassifEspSWE-0002026-05-29_1,JOHANKARLSSON,202609261749LURHAINK,2026_25_sep_20,Citizen Science (ultrasonic) - shared
59~40306+18~07249_20260925_201036.wav,DEV_001_20260925_201036.wav,0,59.40306,18.07249,Phogri,Pholidoptera griseoaptera,Dark Bush-cricket,bush-cricket,0.99,,,25/09/2026,25/09/2026,20:10:36,ClassifEspSWE-0002026-05-29_1,JOHANKARLSSON,202609261749LURHAINK,2026_25_sep_20,Citizen Science (ultrasonic) - shared
59~40306+18~07249_20260925_201042.wav,DEV_001_20260925_201042.wav,0,59.40306,18.07249,Phogri,Pholidoptera griseoaptera,Dark Bush-cricket,bush-cricket,0.97,,,25/09/2026,25/09/2026,20:10:42,ClassifEspSWE-0002026-05-29_1,JOHANKARLSSON,202609261749LURHAINK,2026_25_sep_20,Citizen Science (ultrasonic) - shared
59~40306+18~07249_20260925_201048.wav,DEV_001_20260925_201048.wav,0,59.40306,18.07249,Phogri,Pholidoptera griseoaptera,Dark Bush-cricket,bush-cricket,0.99,,,25/09/2026,25/09/2026,20:10:48,ClassifEspSWE-0002026-05-29_1,JOHANKARLSSON,202609261749LURHAINK,2026_25_sep_20,Citizen Science (ultrasonic) - shared
59~40306+18~07249_20260925_201054.wav,DEV_001_20260925_201054.wav,0,59.40306,18.07249,Phogri,Pholidoptera griseoaptera,Dark Bush-cricket,bush-cricket,0.95,,,25/09/2026,25/09/2026,20:10:54,ClassifEspSWE-0002026-05-29_1,JOHANKARLSSON,202609261749LURHAINK,2026_25_sep_20,Citizen Science (ultrasonic) - shared
59~40306+18~07249_20260925_201100.wav,DEV_001_20260925_201100.wav,0,59.40306,18.07249,Phogri,Pholidoptera griseoaptera,Dark Bush-cricket,bush-cricket,0.98,,,25/09/2026,25/09/2026,20:11:00,ClassifEspSWE-0002026-05-29_1,JOHANKARLSSON,202609261749LURHAINK,2026_25_sep_20,Citizen Science (ultrasonic) - shared
59~40306+18~07249_20260925_201106.wav,DEV_001_20260925_201106.wav,0,59.40306,18.07249,Phogri,Pholidoptera griseoaptera,Dark Bush-cricket,bush-cricket,0.9,,,25/09/2026,25/09/2026,20:11:06,ClassifEspSWE-0002026-05-29_1,JOHANKARLSSON,202609261749LURHAINK,2026_25_sep_20,Citizen Science (ultrasonic) - shared
59~40306+18~07249_20260925_201113.wav,DEV_001_20260925_201113.wav,0,59.40306,18.07249,Phogri,Pholidoptera griseoaptera,Dark Bush-cricket,bush-cricket,0.97,,,25/09/2026,25/09/2026,20:11:13,ClassifEspSWE-0002026-05-29_1,JOHANKARLSSON,202609261749LURHAINK,2026_25_sep_20,Citizen Science (ultrasonic) - shared
59~40306+18~07249_20260925_201119.wav,DEV_001_20260925_201119.wav,0,59.40306,18.07249,Phogri,Pholidoptera griseoaptera,Dark Bush-cricket,bush-cricket,0.97,,,25/09/2026,25/09/2026,20:11:19,ClassifEspSWE-0002026-05-29_1,JOHANKARLSSON,202609261749LURHAINK,2026_25_sep_20,Citizen Science (ultrasonic) - shared
59~40306+18~07249_20260925_201124.wav,DEV_001_20260925_201124.wav,0,59.40306,18.07249,Phogri,Pholidoptera griseoaptera,Dark Bush-cricket,bush-cricket,0.99,,,25/09/2026,25/09/2026,20:11:24,ClassifEspSWE-0002026-05-29_1,JOHANKARLSSON,202609261749LURHAINK,2026_25_sep_20,Citizen Science (ultrasonic) - shared
59~40306+18~07249_20260925_201129.wav,DEV_001_20260925_201129.wav,0,59.40306,18.07249,Phogri,Pholidoptera griseoaptera,Dark Bush-cricket,bush-cricket,0.97,,,25/09/2026,25/09/2026,20:11:29,ClassifEspSWE-0002026-05-29_1,JOHANKARLSSON,202609261749LURHAINK,2026_25_sep_20,Citizen Science (ultrasonic) - shared
59~40306+18~07249_20260925_201134.wav,DEV_001_20260925_201134.wav,0,59.40306,18.07249,Phogri,Pholidoptera griseoaptera,Dark Bush-cricket,bush-cricket,0.91,,,25/09/2026,25/09/2026,20:11:34,ClassifEspSWE-0002026-05-29_1,JOHANKARLSSON,202609261749LURHAINK,2026_25_sep_20,Citizen Science (ultrasonic) - shared
59~40306+18~07249_20260925_201140.wav,DEV_001_20260925_201140.wav,0,59.40306,18.07249,Phogri,Pholidoptera griseoaptera,Dark Bush-cricket,bush-cricket,0.99,,,25/09/2026,25/09/2026,20:11:40,ClassifEspSWE-0002026-05-29_1,JOHANKARLSSON,202609261749LURHAINK,2026_25_sep_20,Citizen Science (ultrasonic) - shared
59~40306+18~07249_20260925_201145.wav,DEV_001_20260925_201145.wav,0,59.40306,18.07249,Phogri,Pholidoptera griseoaptera,Dark Bush-cricket,bush-cricket,0.95,,,25/09/2026,25/09/2026,20:11:45,ClassifEspSWE-0002026-05-29_1,JOHANKARLSSON,202609261749LURHAINK,2026_25_sep_20,Citizen Science (ultrasonic) - shared
59~40306+18~07249_20260925_201151.wav,DEV_001_20260925_201151.wav,0,59.40306,18.07249,Phogri,Pholidoptera griseoaptera,Dark Bush-cricket,bush-cricket,0.99,,,25/09/2026,25/09/2026,20:11:51,ClassifEspSWE-0002026-05-29_1,JOHANKARLSSON,202609261749LURHAINK,2026_25_sep_20,Citizen Science (ultrasonic) - shared
59~40306+18~07249_20260925_201158.wav,DEV_001_20260925_201158.wav,0,59.40306,18.07249,Phogri,Pholidoptera griseoaptera,Dark Bush-cricket,bush-cricket,0.92,,,25/09/2026,25/09/2026,20:11:58,ClassifEspSWE-0002026-05-29_1,JOHANKARLSSON,202609261749LURHAINK,2026_25_sep_20,Citizen Science (ultrasonic) - shared
59~40306+18~07249_20260925_201203.wav,DEV_001_20260925_201203.wav,0,59.40306,18.07249,Phogri,Pholidoptera griseoaptera,Dark Bush-cricket,bush-cricket,0.98,,,25/09/2026,25/09/2026,20:12:03,ClassifEspSWE-0002026-05-29_1,JOHANKARLSSON,202609261749LURHAINK,2026_25_sep_20,Citizen Science (ultrasonic) - shared
59~40306+18~07249_20260925_201208.wav,DEV_001_20260925_201208.wav,0,59.40306,18.07249,Phogri,Pholidoptera griseoaptera,Dark Bush-cricket,bush-cricket,0.94,,,25/09/2026,25/09/2026,20:12:08,ClassifEspSWE-0002026-05-29_1,JOHANKARLSSON,202609261749LURHAINK,2026_25_sep_20,Citizen Science (ultrasonic) - shared
59~40306+18~07249_20260925_201214.wav,DEV_001_20260925_201214.wav,0,59.40306,18.07249,Phogri,Pholidoptera griseoaptera,Dark Bush-cricket,bush-cricket,0.97,,,25/09/2026,25/09/2026,20:12:14,ClassifEspSWE-0002026-05-29_1,JOHANKARLSSON,202609261749LURHAINK,2026_25_sep_20,Citizen Science (ultrasonic) - shared
59~40306+18~07249_20260925_201219.wav,DEV_001_20260925_201219.wav,0,59.40306,18.07249,Phogri,Pholidoptera griseoaptera,Dark Bush-cricket,bush-cricket,0.99,,,25/09/2026,25/09/2026,20:12:19,ClassifEspSWE-0002026-05-29_1,JOHANKARLSSON,202609261749LURHAINK,2026_25_sep_20,Citizen Science (ultrasonic) - shared
59~40306+18~07249_20260925_201225.wav,DEV_001_20260925_201225.wav,0,59.40306,18.07249,Phogri,Pholidoptera griseoaptera,Dark Bush-cricket,bush-cricket,0.95,,,25/09/2026,25/09/2026,20:12:25,ClassifEspSWE-0002026-05-29_1,JOHANKARLSSON,202609261749LURHAINK,2026_25_sep_20,Citizen Science (ultrasonic) - shared
59~40306+18~07249_20260925_201231.wav,DEV_001_20260925_201231.wav,0,59.40306,18.07249,Phogri,Pholidoptera griseoaptera,Dark Bush-cricket,bush-cricket,0.83,,,25/09/2026,25/09/2026,20:12:31,ClassifEspSWE-0002026-05-29_1,JOHANKARLSSON,202609261749LURHAINK,2026_25_sep_20,Citizen Science (ultrasonic) - shared
59~40306+18~07249_20260925_201237.wav,DEV_001_20260925_201237.wav,0,59.40306,18.07249,Phogri,Pholidoptera griseoaptera,Dark Bush-cricket,bush-cricket,0.89,,,25/09/2026,25/09/2026,20:12:37,ClassifEspSWE-0002026-05-29_1,JOHANKARLSSON,202609261749LURHAINK,2026_25_sep_20,Citizen Science (ultrasonic) - shared
59~40306+18~07249_20260925_201243.wav,DEV_001_20260925_201243.wav,0,59.40306,18.07249,Phogri,Pholidoptera griseoaptera,Dark Bush-cricket,bush-cricket,0.9,,,25/09/2026,25/09/2026,20:12:43,ClassifEspSWE-0002026-05-29_1,JOHANKARLSSON,202609261749LURHAINK,2026_25_sep_20,Citizen Science (ultrasonic) - shared
59~40306+18~07249_20260925_201249.wav,DEV_001_20260925_201249.wav,0,59.40306,18.07249,Phogri,Pholidoptera griseoaptera,Dark Bush-cricket,bush-cricket,0.94,,,25/09/2026,25/09/2026,20:12:49,ClassifEspSWE-0002026-05-29_1,JOHANKARLSSON,202609261749LURHAINK,2026_25_sep_20,Citizen Science (ultrasonic) - shared
59~40306+18~07249_20260925_201255.wav,DEV_001_20260925_201255.wav,0,59.40306,18.07249,Phogri,Pholidoptera griseoaptera,Dark Bush-cricket,bush-cricket,0.99,,,25/09/2026,25/09/2026,20:12:55,ClassifEspSWE-0002026-05-29_1,JOHANKARLSSON,202609261749LURHAINK,2026_25_sep_20,Citizen Science (ultrasonic) - shared
59~40306+18~07249_20260925_201301.wav,DEV_001_20260925_201301.wav,0,59.40306,18.07249,Phogri,Pholidoptera griseoaptera,Dark Bush-cricket,bush-cricket,0.95,,,25/09/2026,25/09/2026,20:13:01,ClassifEspSWE-0002026-05-29_1,JOHANKARLSSON,202609261749LURHAINK,2026_25_sep_20,Citizen Science (ultrasonic) - shared
59~40306+18~07249_20260925_201306.wav,DEV_001_20260925_201306.wav,0,59.40306,18.07249,Phogri,Pholidoptera griseoaptera,Dark Bush-cricket,bush-cricket,0.99,,,25/09/2026,25/09/2026,20:13:06,ClassifEspSWE-0002026-05-29_1,JOHANKARLSSON,202609261749LURHAINK,2026_25_sep_20,Citizen Science (ultrasonic) - shared
59~40306+18~07249_20260925_201312.wav,DEV_001_20260925_201312.wav,0,59.40306,18.07249,Phogri,Pholidoptera griseoaptera,Dark Bush-cricket,bush-cricket,0.96,,,25/09/2026,25/09/2026,20:13:12,ClassifEspSWE-0002026-05-29_1,JOHANKARLSSON,202609261749LURHAINK,2026_25_sep_20,Citizen Science (ultrasonic) - shared
59~40306+18~07249_20260925_201317.wav,DEV_001_20260925_201317.wav,0,59.40306,18.07249,Phogri,Pholidoptera griseoaptera,Dark Bush-cricket,bush-cricket,0.96,,,25/09/2026,25/09/2026,20:13:17,ClassifEspSWE-0002026-05-29_1,JOHANKARLSSON,202609261749LURHAINK,2026_25_sep_20,Citizen Science (ultrasonic) - shared
59~40306+18~07249_20260925_201323.wav,DEV_001_20260925_201323.wav,0,59.40306,18.07249,Phogri,Pholidoptera griseoaptera,Dark Bush-cricket,bush-cricket,0.99,,,25/09/2026,25/09/2026,20:13:23,ClassifEspSWE-0002026-05-29_1,JOHANKARLSSON,202609261749LURHAINK,2026_25_sep_20,Citizen Science (ultrasonic) - shared
59~40306+18~07249_20260925_201329.wav,DEV_001_20260925_201329.wav,0,59.40306,18.07249,Phogri,Pholidoptera griseoaptera,Dark Bush-cricket,bush-cricket,0.96,,,25/09/2026,25/09/2026,20:13:29,ClassifEspSWE-0002026-05-29_1,JOHANKARLSSON,202609261749LURHAINK,2026_25_sep_20,Citizen Science (ultrasonic) - shared
59~40306+18~07249_20260925_201336.wav,DEV_001_20260925_201336.wav,0,59.40306,18.07249,Phogri,Pholidoptera griseoaptera,Dark Bush-cricket,bush-cricket,0.89,,,25/09/2026,25/09/2026,20:13:36,ClassifEspSWE-0002026-05-29_1,JOHANKARLSSON,202609261749LURHAINK,2026_25_sep_20,Citizen Science (ultrasonic) - shared
59~40306+18~07249_20260925_201342.wav,DEV_001_20260925_201342.wav,0,59.40306,18.07249,Phogri,Pholidoptera griseoaptera,Dark Bush-cricket,bush-cricket,0.99,,,25/09/2026,25/09/2026,20:13:42,ClassifEspSWE-0002026-05-29_1,JOHANKARLSSON,202609261749LURHAINK,2026_25_sep_20,Citizen Science (ultrasonic) - shared
59~40306+18~07249_20260925_201349.wav,DEV_001_20260925_201349.wav,0,59.40306,18.07249,Phogri,Pholidoptera griseoaptera,Dark Bush-cricket,bush-cricket,0.93,,,25/09/2026,25/09/2026,20:13:49,ClassifEspSWE-0002026-05-29_1,JOHANKARLSSON,202609261749LURHAINK,2026_25_sep_20,Citizen Science (ultrasonic) - shared
59~40306+18~07249_20260925_201355.wav,DEV_001_20260925_201355.wav,0,59.40306,18.07249,Phogri,Pholidoptera griseoaptera,Dark Bush-cricket,bush-cricket,0.91,,,25/09/2026,25/09/2026,20:13:55,ClassifEspSWE-0002026-05-29_1,JOHANKARLSSON,202609261749LURHAINK,2026_25_sep_20,Citizen Science (ultrasonic) - shared
59~40306+18~07249_20260925_201400.wav,DEV_001_20260925_201400.wav,0,59.40306,18.07249,Phogri,Pholidoptera griseoaptera,Dark Bush-cricket,bush-cricket,0.99,,,25/09/2026,25/09/2026,20:14:00,ClassifEspSWE-0002026-05-29_1,JOHANKARLSSON,202609261749LURHAINK,2026_25_sep_20,Citizen Science (ultrasonic) - shared
59~40306+18~07249_20260925_201405.wav,DEV_001_20260925_201405.wav,0,59.40306,18.07249,Phogri,Pholidoptera griseoaptera,Dark Bush-cricket,bush-cricket,0.98,,,25/09/2026,25/09/2026,20:14:05,ClassifEspSWE-0002026-05-29_1,JOHANKARLSSON,202609261749LURHAINK,2026_25_sep_20,Citizen Science (ultrasonic) - shared
59~40306+18~07249_20260925_201412.wav,DEV_001_20260925_201412.wav,0,59.40306,18.07249,Phogri,Pholidoptera griseoaptera,Dark Bush-cricket,bush-cricket,0.94,,,25/09/2026,25/09/2026,20:14:12,ClassifEspSWE-0002026-05-29_1,JOHANKARLSSON,202609261749LURHAINK,2026_25_sep_20,Citizen Science (ultrasonic) - shared
59~40306+18~07249_20260925_201417.wav,DEV_001_20260925_201417.wav,0,59.40306,18.07249,Phogri,Pholidoptera griseoaptera,Dark Bush-cricket,bush-cricket,0.99,,,25/09/2026,25/09/2026,20:14:17,ClassifEspSWE-0002026-05-29_1,JOHANKARLSSON,202609261749LURHAINK,2026_25_sep_20,Citizen Science (ultrasonic) - shared
59~40306+18~07249_20260925_201423.wav,DEV_001_20260925_201423.wav,0,59.40306,18.07249,Phogri,Pholidoptera griseoaptera,Dark Bush-cricket,bush-cricket,0.98,,,25/09/2026,25/09/2026,20:14:23,ClassifEspSWE-0002026-05-29_1,JOHANKARLSSON,202609261749LURHAINK,2026_25_sep_20,Citizen Science (ultrasonic) - shared
59~40306+18~07249_20260925_201429.wav,DEV_001_20260925_201429.wav,0,59.40306,18.07249,Phogri,Pholidoptera griseoaptera,Dark Bush-cricket,bush-cricket,0.97,,,25/09/2026,25/09/2026,20:14:29,ClassifEspSWE-0002026-05-29_1,JOHANKARLSSON,202609261749LURHAINK,2026_25_sep_20,Citizen Science (ultrasonic) - shared
59~40306+18~07249_20260925_201435.wav,DEV_001_20260925_201435.wav,0,59.40306,18.07249,Phogri,Pholidoptera griseoaptera,Dark Bush-cricket,bush-cricket,0.96,,,25/09/2026,25/09/2026,20:14:35,ClassifEspSWE-0002026-05-29_1,JOHANKARLSSON,202609261749LURHAINK,2026_25_sep_20,Citizen Science (ultrasonic) - shared
59~40306+18~07249_20260925_201441.wav,DEV_001_20260925_201441.wav,0,59.40306,18.07249,Phogri,Pholidoptera griseoaptera,Dark Bush-cricket,bush-cricket,0.99,,,25/09/2026,25/09/2026,20:14:41,ClassifEspSWE-0002026-05-29_1,JOHANKARLSSON,202609261749LURHAINK,2026_25_sep_20,Citizen Science (ultrasonic) - shared
59~40306+18~07249_20260925_201446.wav,DEV_001_20260925_201446.wav,0,59.40306,18.07249,Phogri,Pholidoptera griseoaptera,Dark Bush-cricket,bush-cricket,0.96,,,25/09/2026,25/09/2026,20:14:46,ClassifEspSWE-0002026-05-29_1,JOHANKARLSSON,202609261749LURHAINK,2026_25_sep_20,Citizen Science (ultrasonic) - shared
59~40306+18~07249_20260925_201453.wav,DEV_001_20260925_201453.wav,0,59.40306,18.07249,Phogri,Pholidoptera griseoaptera,Dark Bush-cricket,bush-cricket,0.98,,,25/09/2026,25/09/2026,20:14:53,ClassifEspSWE-0002026-05-29_1,JOHANKARLSSON,202609261749LURHAINK,2026_25_sep_20,Citizen Science (ultrasonic) - shared
59~40306+18~07249_20260925_201458.wav,DEV_001_20260925_201458.wav,0,59.40306,18.07249,Phogri,Pholidoptera griseoaptera,Dark Bush-cricket,bush-cricket,0.99,,,25/09/2026,25/09/2026,20:14:58,ClassifEspSWE-0002026-05-29_1,JOHANKARLSSON,202609261749LURHAINK,2026_25_sep_20,Citizen Science (ultrasonic) - shared
59~40306+18~07249_20260925_201504.wav,DEV_001_20260925_201504.wav,0,59.40306,18.07249,Phogri,Pholidoptera griseoaptera,Dark Bush-cricket,bush-cricket,0.96,,,25/09/2026,25/09/2026,20:15:04,ClassifEspSWE-0002026-05-29_1,JOHANKARLSSON,202609261749LURHAINK,2026_25_sep_20,Citizen Science (ultrasonic) - shared
59~40306+18~07249_20260925_201509.wav,DEV_001_20260925_201509.wav,0,59.40306,18.07249,Phogri,Pholidoptera griseoaptera,Dark Bush-cricket,bush-cricket,0.83,,,25/09/2026,25/09/2026,20:15:09,ClassifEspSWE-0002026-05-29_1,JOHANKARLSSON,202609261749LURHAINK,2026_25_sep_20,Citizen Science (ultrasonic) - shared
59~40306+18~07249_20260925_201516.wav,DEV_001_20260925_201516.wav,0,59.40306,18.07249,Phogri,Pholidoptera griseoaptera,Dark Bush-cricket,bush-cricket,0.98,,,25/09/2026,25/09/2026,20:15:16,ClassifEspSWE-0002026-05-29_1,JOHANKARLSSON,202609261749LURHAINK,2026_25_sep_20,Citizen Science (ultrasonic) - shared
59~40306+18~07249_20260925_201521.wav,DEV_001_20260925_201521.wav,0,59.40306,18.07249,Phogri,Pholidoptera griseoaptera,Dark Bush-cricket,bush-cricket,0.97,,,25/09/2026,25/09/2026,20:15:21,ClassifEspSWE-0002026-05-29_1,JOHANKARLSSON,202609261749LURHAINK,2026_25_sep_20,Citizen Science (ultrasonic) - shared
59~40306+18~07249_20260925_201527.wav,DEV_001_20260925_201527.wav,0,59.40306,18.07249,Phogri,Pholidoptera griseoaptera,Dark Bush-cricket,bush-cricket,0.8,,,25/09/2026,25/09/2026,20:15:27,ClassifEspSWE-0002026-05-29_1,JOHANKARLSSON,202609261749LURHAINK,2026_25_sep_20,Citizen Science (ultrasonic) - shared
59~40306+18~07249_20260925_201533.wav,DEV_001_20260925_201533.wav,0,59.40306,18.07249,Phogri,Pholidoptera griseoaptera,Dark Bush-cricket,bush-cricket,0.95,,,25/09/2026,25/09/2026,20:15:33,ClassifEspSWE-0002026-05-29_1,JOHANKARLSSON,202609261749LURHAINK,2026_25_sep_20,Citizen Science (ultrasonic) - shared
59~40306+18~07249_20260925_201539.wav,DEV_001_20260925_201539.wav,0,59.40306,18.07249,Phogri,Pholidoptera griseoaptera,Dark Bush-cricket,bush-cricket,0.98,,,25/09/2026,25/09/2026,20:15:39,ClassifEspSWE-0002026-05-29_1,JOHANKARLSSON,202609261749LURHAINK,2026_25_sep_20,Citizen Science (ultrasonic) - shared
59~40306+18~07249_20260925_201544.wav,DEV_001_20260925_201544.wav,0,59.40306,18.07249,Phogri,Pholidoptera griseoaptera,Dark Bush-cricket,bush-cricket,0.99,,,25/09/2026,25/09/2026,20:15:44,ClassifEspSWE-0002026-05-29_1,JOHANKARLSSON,202609261749LURHAINK,2026_25_sep_20,Citizen Science (ultrasonic) - shared
59~40306+18~07249_20260925_201550.wav,DEV_001_20260925_201550.wav,0,59.40306,18.07249,Phogri,Pholidoptera griseoaptera,Dark Bush-cricket,bush-cricket,0.95,,,25/09/2026,25/09/2026,20:15:50,ClassifEspSWE-0002026-05-29_1,JOHANKARLSSON,202609261749LURHAINK,2026_25_sep_20,Citizen Science (ultrasonic) - shared
59~40306+18~07249_20260925_201556.wav,DEV_001_20260925_201556.wav,0,59.40306,18.07249,Phogri,Pholidoptera griseoaptera,Dark Bush-cricket,bush-cricket,0.87,,,25/09/2026,25/09/2026,20:15:56,ClassifEspSWE-0002026-05-29_1,JOHANKARLSSON,202609261749LURHAINK,2026_25_sep_20,Citizen Science (ultrasonic) - shared
59~40306+18~07249_20260925_201602.wav,DEV_001_20260925_201602.wav,0,59.40306,18.07249,Phogri,Pholidoptera griseoaptera,Dark Bush-cricket,bush-cricket,0.85,,,25/09/2026,25/09/2026,20:16:02,ClassifEspSWE-0002026-05-29_1,JOHANKARLSSON,202609261749LURHAINK,2026_25_sep_20,Citizen Science (ultrasonic) - shared
59~40306+18~07249_20260925_201609.wav,DEV_001_20260925_201609.wav,0,59.40306,18.07249,Phogri,Pholidoptera griseoaptera,Dark Bush-cricket,bush-cricket,0.97,,,25/09/2026,25/09/2026,20:16:09,ClassifEspSWE-0002026-05-29_1,JOHANKARLSSON,202609261749LURHAINK,2026_25_sep_20,Citizen Science (ultrasonic) - shared
59~40306+18~07249_20260925_201615.wav,DEV_001_20260925_201615.wav,0,59.40306,18.07249,Phogri,Pholidoptera griseoaptera,Dark Bush-cricket,bush-cricket,0.99,,,25/09/2026,25/09/2026,20:16:15,ClassifEspSWE-0002026-05-29_1,JOHANKARLSSON,202609261749LURHAINK,2026_25_sep_20,Citizen Science (ultrasonic) - shared
59~40306+18~07249_20260925_201621.wav,DEV_001_20260925_201621.wav,0,59.40306,18.07249,Phogri,Pholidoptera griseoaptera,Dark Bush-cricket,bush-cricket,0.94,,,25/09/2026,25/09/2026,20:16:21,ClassifEspSWE-0002026-05-29_1,JOHANKARLSSON,202609261749LURHAINK,2026_25_sep_20,Citizen Science (ultrasonic) - shared
59~40306+18~07249_20260925_201628.wav,DEV_001_20260925_201628.wav,0,59.40306,18.07249,Phogri,Pholidoptera griseoaptera,Dark Bush-cricket,bush-cricket,0.98,,,25/09/2026,25/09/2026,20:16:28,ClassifEspSWE-0002026-05-29_1,JOHANKARLSSON,202609261749LURHAINK,2026_25_sep_20,Citizen Science (ultrasonic) - shared
59~40306+18~07249_20260925_201633.wav,DEV_001_20260925_201633.wav,0,59.40306,18.07249,Phogri,Pholidoptera griseoaptera,Dark Bush-cricket,bush-cricket,0.99,,,25/09/2026,25/09/2026,20:16:33,ClassifEspSWE-0002026-05-29_1,JOHANKARLSSON,202609261749LURHAINK,2026_25_sep_20,Citizen Science (ultrasonic) - shared
59~40306+18~07249_20260925_201638.wav,DEV_001_20260925_201638.wav,0,59.40306,18.07249,Phogri,Pholidoptera griseoaptera,Dark Bush-cricket,bush-cricket,0.97,,,25/09/2026,25/09/2026,20:16:38,ClassifEspSWE-0002026-05-29_1,JOHANKARLSSON,202609261749LURHAINK,2026_25_sep_20,Citizen Science (ultrasonic) - shared
59~40306+18~07249_20260925_201645.wav,DEV_001_20260925_201645.wav,0,59.40306,18.07249,Phogri,Pholidoptera griseoaptera,Dark Bush-cricket,bush-cricket,0.91,,,25/09/2026,25/09/2026,20:16:45,ClassifEspSWE-0002026-05-29_1,JOHANKARLSSON,202609261749LURHAINK,2026_25_sep_20,Citizen Science (ultrasonic) - shared
59~40306+18~07249_20260925_201651.wav,DEV_001_20260925_201651.wav,0,59.40306,18.07249,Phogri,Pholidoptera griseoaptera,Dark Bush-cricket,bush-cricket,0.96,,,25/09/2026,25/09/2026,20:16:51,ClassifEspSWE-0002026-05-29_1,JOHANKARLSSON,202609261749LURHAINK,2026_25_sep_20,Citizen Science (ultrasonic) - shared
59~40306+18~07249_20260925_201658.wav,DEV_001_20260925_201658.wav,0,59.40306,18.07249,Phogri,Pholidoptera griseoaptera,Dark Bush-cricket,bush-cricket,0.99,,,25/09/2026,25/09/2026,20:16:58,ClassifEspSWE-0002026-05-29_1,JOHANKARLSSON,202609261749LURHAINK,2026_25_sep_20,Citizen Science (ultrasonic) - shared
59~40306+18~07249_20260925_201703.wav,DEV_001_20260925_201703.wav,0,59.40306,18.07249,Phogri,Pholidoptera griseoaptera,Dark Bush-cricket,bush-cricket,0.97,,,25/09/2026,25/09/2026,20:17:03,ClassifEspSWE-0002026-05-29_1,JOHANKARLSSON,202609261749LURHAINK,2026_25_sep_20,Citizen Science (ultrasonic) - shared
59~40306+18~07249_20260925_201709.wav,DEV_001_20260925_201709.wav,0,59.40306,18.07249,Phogri,Pholidoptera griseoaptera,Dark Bush-cricket,bush-cricket,0.97,,,25/09/2026,25/09/2026,20:17:09,ClassifEspSWE-0002026-05-29_1,JOHANKARLSSON,202609261749LURHAINK,2026_25_sep_20,Citizen Science (ultrasonic) - shared
59~40306+18~07249_20260925_201715.wav,DEV_001_20260925_201715.wav,0,59.40306,18.07249,Phogri,Pholidoptera griseoaptera,Dark Bush-cricket,bush-cricket,0.97,,,25/09/2026,25/09/2026,20:17:15,ClassifEspSWE-0002026-05-29_1,JOHANKARLSSON,202609261749LURHAINK,2026_25_sep_20,Citizen Science (ultrasonic) - shared
59~40306+18~07249_20260925_201720.wav,DEV_001_20260925_201720.wav,0,59.40306,18.07249,Phogri,Pholidoptera griseoaptera,Dark Bush-cricket,bush-cricket,0.91,,,25/09/2026,25/09/2026,20:17:20,ClassifEspSWE-0002026-05-29_1,JOHANKARLSSON,202609261749LURHAINK,2026_25_sep_20,Citizen Science (ultrasonic) - shared
59~40306+18~07249_20260925_201726.wav,DEV_001_20260925_201726.wav,0,59.40306,18.07249,Phogri,Pholidoptera griseoaptera,Dark Bush-cricket,bush-cricket,0.99,,,25/09/2026,25/09/2026,20:17:26,ClassifEspSWE-0002026-05-29_1,JOHANKARLSSON,202609261749LURHAINK,2026_25_sep_20,Citizen Science (ultrasonic) - shared
59~40306+18~07249_20260925_201732.wav,DEV_001_20260925_201732.wav,0,59.40306,18.07249,Phogri,Pholidoptera griseoaptera,Dark Bush-cricket,bush-cricket,0.99,,,25/09/2026,25/09/2026,20:17:32,ClassifEspSWE-0002026-05-29_1,JOHANKARLSSON,202609261749LURHAINK,2026_25_sep_20,Citizen Science (ultrasonic) - shared
59~40306+18~07249_20260925_201738.wav,DEV_001_20260925_201738.wav,0,59.40306,18.07249,Phogri,Pholidoptera griseoaptera,Dark Bush-cricket,bush-cricket,0.96,,,25/09/2026,25/09/2026,20:17:38,ClassifEspSWE-0002026-05-29_1,JOHANKARLSSON,202609261749LURHAINK,2026_25_sep_20,Citizen Science (ultrasonic) - shared
59~40306+18~07249_20260925_201744.wav,DEV_001_20260925_201744.wav,0,59.40306,18.07249,Phogri,Pholidoptera griseoaptera,Dark Bush-cricket,bush-cricket,0.9,,,25/09/2026,25/09/2026,20:17:44,ClassifEspSWE-0002026-05-29_1,JOHANKARLSSON,202609261749LURHAINK,2026_25_sep_20,Citizen Science (ultrasonic) - shared
59~40306+18~07249_20260925_201750.wav,DEV_001_20260925_201750.wav,0,59.40306,18.07249,Phogri,Pholidoptera griseoaptera,Dark Bush-cricket,bush-cricket,0.83,,,25/09/2026,25/09/2026,20:17:50,ClassifEspSWE-0002026-05-29_1,JOHANKARLSSON,202609261749LURHAINK,2026_25_sep_20,Citizen Science (ultrasonic) - shared
59~40306+18~07249_20260925_201756.wav,DEV_001_20260925_201756.wav,0,59.40306,18.07249,Phogri,Pholidoptera griseoaptera,Dark Bush-cricket,bush-cricket,0.99,,,25/09/2026,25/09/2026,20:17:56,ClassifEspSWE-0002026-05-29_1,JOHANKARLSSON,202609261749LURHAINK,2026_25_sep_20,Citizen Science (ultrasonic) - shared
59~40306+18~07249_20260925_201803.wav,DEV_001_20260925_201803.wav,0,59.40306,18.07249,Phogri,Pholidoptera griseoaptera,Dark Bush-cricket,bush-cricket,0.98,,,25/09/2026,25/09/2026,20:18:03,ClassifEspSWE-0002026-05-29_1,JOHANKARLSSON,202609261749LURHAINK,2026_25_sep_20,Citizen Science (ultrasonic) - shared
59~40306+18~07249_20260925_201809.wav,DEV_001_20260925_201809.wav,0,59.40306,18.07249,Phogri,Pholidoptera griseoaptera,Dark Bush-cricket,bush-cricket,0.92,,,25/09/2026,25/09/2026,20:18:09,ClassifEspSWE-0002026-05-29_1,JOHANKARLSSON,202609261749LURHAINK,2026_25_sep_20,Citizen Science (ultrasonic) - shared
59~40306+18~07249_20260925_201815.wav,DEV_001_20260925_201815.wav,0,59.40306,18.07249,Phogri,Pholidoptera griseoaptera,Dark Bush-cricket,bush-cricket,0.89,,,25/09/2026,25/09/2026,20:18:15,ClassifEspSWE-0002026-05-29_1,JOHANKARLSSON,202609261749LURHAINK,2026_25_sep_20,Citizen Science (ultrasonic) - shared
59~40306+18~07249_20260925_201821.wav,DEV_001_20260925_201821.wav,0,59.40306,18.07249,Phogri,Pholidoptera griseoaptera,Dark Bush-cricket,bush-cricket,0.9,,,25/09/2026,25/09/2026,20:18:21,ClassifEspSWE-0002026-05-29_1,JOHANKARLSSON,202609261749LURHAINK,2026_25_sep_20,Citizen Science (ultrasonic) - shared
59~40306+18~07249_20260925_201827.wav,DEV_001_20260925_201827.wav,0,59.40306,18.07249,Phogri,Pholidoptera griseoaptera,Dark Bush-cricket,bush-cricket,0.94,,,25/09/2026,25/09/2026,20:18:27,ClassifEspSWE-0002026-05-29_1,JOHANKARLSSON,202609261749LURHAINK,2026_25_sep_20,Citizen Science (ultrasonic) - shared
59~40306+18~07249_20260925_201834.wav,DEV_001_20260925_201834.wav,0,59.40306,18.07249,Phogri,Pholidoptera griseoaptera,Dark Bush-cricket,bush-cricket,0.84,,,25/09/2026,25/09/2026,20:18:34,ClassifEspSWE-0002026-05-29_1,JOHANKARLSSON,202609261749LURHAINK,2026_25_sep_20,Citizen Science (ultrasonic) - shared
59~40306+18~07249_20260925_201840.wav,DEV_001_20260925_201840.wav,0,59.40306,18.07249,Phogri,Pholidoptera griseoaptera,Dark Bush-cricket,bush-cricket,0.96,,,25/09/2026,25/09/2026,20:18:40,ClassifEspSWE-0002026-05-29_1,JOHANKARLSSON,202609261749LURHAINK,2026_25_sep_20,Citizen Science (ultrasonic) - shared
59~40306+18~07249_20260925_201846.wav,DEV_001_20260925_201846.wav,0,59.40306,18.07249,Phogri,Pholidoptera griseoaptera,Dark Bush-cricket,bush-cricket,0.85,,,25/09/2026,25/09/2026,20:18:46,ClassifEspSWE-0002026-05-29_1,JOHANKARLSSON,202609261749LURHAINK,2026_25_sep_20,Citizen Science (ultrasonic) - shared
59~40306+18~07249_20260925_201853.wav,DEV_001_20260925_201853.wav,0,59.40306,18.07249,Phogri,Pholidoptera griseoaptera,Dark Bush-cricket,bush-cricket,0.98,,,25/09/2026,25/09/2026,20:18:53,ClassifEspSWE-0002026-05-29_1,JOHANKARLSSON,202609261749LURHAINK,2026_25_sep_20,Citizen Science (ultrasonic) - shared
59~40306+18~07249_20260925_201858.wav,DEV_001_20260925_201858.wav,0,59.40306,18.07249,Phogri,Pholidoptera griseoaptera,Dark Bush-cricket,bush-cricket,0.97,,,25/09/2026,25/09/2026,20:18:58,ClassifEspSWE-0002026-05-29_1,JOHANKARLSSON,202609261749LURHAINK,2026_25_sep_20,Citizen Science (ultrasonic) - shared
59~40306+18~07249_20260925_201904.wav,DEV_001_20260925_201904.wav,0,59.40306,18.07249,Phogri,Pholidoptera griseoaptera,Dark Bush-cricket,bush-cricket,0.96,,,25/09/2026,25/09/2026,20:19:04,ClassifEspSWE-0002026-05-29_1,JOHANKARLSSON,202609261749LURHAINK,2026_25_sep_20,Citizen Science (ultrasonic) - shared
59~40306+18~07249_20260925_201910.wav,DEV_001_20260925_201910.wav,0,59.40306,18.07249,Phogri,Pholidoptera griseoaptera,Dark Bush-cricket,bush-cricket,0.98,,,25/09/2026,25/09/2026,20:19:10,ClassifEspSWE-0002026-05-29_1,JOHANKARLSSON,202609261749LURHAINK,2026_25_sep_20,Citizen Science (ultrasonic) - shared
59~40306+18~07249_20260925_201916.wav,DEV_001_20260925_201916.wav,0,59.40306,18.07249,Phogri,Pholidoptera griseoaptera,Dark Bush-cricket,bush-cricket,0.99,,,25/09/2026,25/09/2026,20:19:16,ClassifEspSWE-0002026-05-29_1,JOHANKARLSSON,202609261749LURHAINK,2026_25_sep_20,Citizen Science (ultrasonic) - shared
59~40306+18~07249_20260925_201922.wav,DEV_001_20260925_201922.wav,0,59.40306,18.07249,Phogri,Pholidoptera griseoaptera,Dark Bush-cricket,bush-cricket,0.98,,,25/09/2026,25/09/2026,20:19:22,ClassifEspSWE-0002026-05-29_1,JOHANKARLSSON,202609261749LURHAINK,2026_25_sep_20,Citizen Science (ultrasonic) - shared
59~40306+18~07249_20260925_201928.wav,DEV_001_20260925_201928.wav,0,59.40306,18.07249,Phogri,Pholidoptera griseoaptera,Dark Bush-cricket,bush-cricket,0.99,,,25/09/2026,25/09/2026,20:19:28,ClassifEspSWE-0002026-05-29_1,JOHANKARLSSON,202609261749LURHAINK,2026_25_sep_20,Citizen Science (ultrasonic) - shared
59~40306+18~07249_20260925_201934.wav,DEV_001_20260925_201934.wav,0,59.40306,18.07249,Phogri,Pholidoptera griseoaptera,Dark Bush-cricket,bush-cricket,0.99,,,25/09/2026,25/09/2026,20:19:34,ClassifEspSWE-0002026-05-29_1,JOHANKARLSSON,202609261749LURHAINK,2026_25_sep_20,Citizen Science (ultrasonic) - shared
59~40306+18~07249_20260925_201940.wav,DEV_001_20260925_201940.wav,0,59.40306,18.07249,Phogri,Pholidoptera griseoaptera,Dark Bush-cricket,bush-cricket,0.99,,,25/09/2026,25/09/2026,20:19:40,ClassifEspSWE-0002026-05-29_1,JOHANKARLSSON,202609261749LURHAINK,2026_25_sep_20,Citizen Science (ultrasonic) - shared
59~40306+18~07249_20260925_201945.wav,DEV_001_20260925_201945.wav,0,59.40306,18.07249,Phogri,Pholidoptera griseoaptera,Dark Bush-cricket,bush-cricket,0.99,,,25/09/2026,25/09/2026,20:19:45,ClassifEspSWE-0002026-05-29_1,JOHANKARLSSON,202609261749LURHAINK,2026_25_sep_20,Citizen Science (ultrasonic) - shared
59~40306+18~07249_20260925_201951.wav,DEV_001_20260925_201951.wav,0,59.40306,18.07249,Phogri,Pholidoptera griseoaptera,Dark Bush-cricket,bush-cricket,0.99,,,25/09/2026,25/09/2026,20:19:51,ClassifEspSWE-0002026-05-29_1,JOHANKARLSSON,202609261749LURHAINK,2026_25_sep_20,Citizen Science (ultrasonic) - shared
59~40306+18~07249_20260925_201956.wav,DEV_001_20260925_201956.wav,0,59.40306,18.07249,Phogri,Pholidoptera griseoaptera,Dark Bush-cricket,bush-cricket,0.97,,,25/09/2026,25/09/2026,20:19:56,ClassifEspSWE-0002026-05-29_1,JOHANKARLSSON,202609261749LURHAINK,2026_25_sep_20,Citizen Science (ultrasonic) - shared
59~40306+18~07249_20260925_202002.wav,DEV_001_20260925_202002.wav,0,59.40306,18.07249,Phogri,Pholidoptera griseoaptera,Dark Bush-cricket,bush-cricket,0.99,,,25/09/2026,25/09/2026,20:20:02,ClassifEspSWE-0002026-05-29_1,JOHANKARLSSON,202609261749LURHAINK,2026_25_sep_20,Citizen Science (ultrasonic) - shared
59~40306+18~07249_20260925_202007.wav,DEV_001_20260925_202007.wav,0,59.40306,18.07249,Phogri,Pholidoptera griseoaptera,Dark Bush-cricket,bush-cricket,0.99,,,25/09/2026,25/09/2026,20:20:07,ClassifEspSWE-0002026-05-29_1,JOHANKARLSSON,202609261749LURHAINK,2026_25_sep_20,Citizen Science (ultrasonic) - shared
59~40306+18~07249_20260925_202013.wav,DEV_001_20260925_202013.wav,0,59.40306,18.07249,Phogri,Pholidoptera griseoaptera,Dark Bush-cricket,bush-cricket,0.98,,,25/09/2026,25/09/2026,20:20:13,ClassifEspSWE-0002026-05-29_1,JOHANKARLSSON,202609261749LURHAINK,2026_25_sep_20,Citizen Science (ultrasonic) - shared
59~40306+18~07249_20260925_202019.wav,DEV_001_20260925_202019.wav,0,59.40306,18.07249,Phogri,Pholidoptera griseoaptera,Dark Bush-cricket,bush-cricket,0.99,,,25/09/2026,25/09/2026,20:20:19,ClassifEspSWE-0002026-05-29_1,JOHANKARLSSON,202609261749LURHAINK,2026_25_sep_20,Citizen Science (ultrasonic) - shared
59~40306+18~07249_20260925_202024.wav,DEV_001_20260925_202024.wav,0,59.40306,18.07249,Phogri,Pholidoptera griseoaptera,Dark Bush-cricket,bush-cricket,0.97,,,25/09/2026,25/09/2026,20:20:24,ClassifEspSWE-0002026-05-29_1,JOHANKARLSSON,202609261749LURHAINK,2026_25_sep_20,Citizen Science (ultrasonic) - shared
59~40306+18~07249_20260925_202030.wav,DEV_001_20260925_202030.wav,0,59.40306,18.07249,Phogri,Pholidoptera griseoaptera,Dark Bush-cricket,bush-cricket,0.98,,,25/09/2026,25/09/2026,20:20:30,ClassifEspSWE-0002026-05-29_1,JOHANKARLSSON,202609261749LURHAINK,2026_25_sep_20,Citizen Science (ultrasonic) - shared
59~40306+18~07249_20260925_202036.wav,DEV_001_20260925_202036.wav,0,59.40306,18.07249,Phogri,Pholidoptera griseoaptera,Dark Bush-cricket,bush-cricket,0.99,,,25/09/2026,25/09/2026,20:20:36,ClassifEspSWE-0002026-05-29_1,JOHANKARLSSON,202609261749LURHAINK,2026_25_sep_20,Citizen Science (ultrasonic) - shared
59~40306+18~07249_20260925_202042.wav,DEV_001_20260925_202042.wav,0,59.40306,18.07249,Phogri,Pholidoptera griseoaptera,Dark Bush-cricket,bush-cricket,0.99,,,25/09/2026,25/09/2026,20:20:42,ClassifEspSWE-0002026-05-29_1,JOHANKARLSSON,202609261749LURHAINK,2026_25_sep_20,Citizen Science (ultrasonic) - shared
59~40306+18~07249_20260925_202048.wav,DEV_001_20260925_202048.wav,0,59.40306,18.07249,Phogri,Pholidoptera griseoaptera,Dark Bush-cricket,bush-cricket,0.99,,,25/09/2026,25/09/2026,20:20:48,ClassifEspSWE-0002026-05-29_1,JOHANKARLSSON,202609261749LURHAINK,2026_25_sep_20,Citizen Science (ultrasonic) - shared
59~40306+18~07249_20260925_202054.wav,DEV_001_20260925_202054.wav,0,59.40306,18.07249,Phogri,Pholidoptera griseoaptera,Dark Bush-cricket,bush-cricket,0.99,,,25/09/2026,25/09/2026,20:20:54,ClassifEspSWE-0002026-05-29_1,JOHANKARLSSON,202609261749LURHAINK,2026_25_sep_20,Citizen Science (ultrasonic) - shared
59~40306+18~07249_20260925_202059.wav,DEV_001_20260925_202059.wav,0,59.40306,18.07249,Phogri,Pholidoptera griseoaptera,Dark Bush-cricket,bush-cricket,0.99,,,25/09/2026,25/09/2026,20:20:59,ClassifEspSWE-0002026-05-29_1,JOHANKARLSSON,202609261749LURHAINK,2026_25_sep_20,Citizen Science (ultrasonic) - shared
59~40306+18~07249_20260925_202104.wav,DEV_001_20260925_202104.wav,0,59.40306,18.07249,Phogri,Pholidoptera griseoaptera,Dark Bush-cricket,bush-cricket,0.97,,,25/09/2026,25/09/2026,20:21:04,ClassifEspSWE-0002026-05-29_1,JOHANKARLSSON,202609261749LURHAINK,2026_25_sep_20,Citizen Science (ultrasonic) - shared
59~40306+18~07249_20260925_202111.wav,DEV_001_20260925_202111.wav,0,59.40306,18.07249,Phogri,Pholidoptera griseoaptera,Dark Bush-cricket,bush-cricket,0.99,,,25/09/2026,25/09/2026,20:21:11,ClassifEspSWE-0002026-05-29_1,JOHANKARLSSON,202609261749LURHAINK,2026_25_sep_20,Citizen Science (ultrasonic) - shared
59~40306+18~07249_20260925_202116.wav,DEV_001_20260925_202116.wav,0,59.40306,18.07249,Phogri,Pholidoptera griseoaptera,Dark Bush-cricket,bush-cricket,0.98,,,25/09/2026,25/09/2026,20:21:16,ClassifEspSWE-0002026-05-29_1,JOHANKARLSSON,202609261749LURHAINK,2026_25_sep_20,Citizen Science (ultrasonic) - shared
59~40306+18~07249_20260925_202122.wav,DEV_001_20260925_202122.wav,0,59.40306,18.07249,Phogri,Pholidoptera griseoaptera,Dark Bush-cricket,bush-cricket,0.99,,,25/09/2026,25/09/2026,20:21:22,ClassifEspSWE-0002026-05-29_1,JOHANKARLSSON,202609261749LURHAINK,2026_25_sep_20,Citizen Science (ultrasonic) - shared
59~40306+18~07249_20260925_202127.wav,DEV_001_20260925_202127.wav,0,59.40306,18.07249,Phogri,Pholidoptera griseoaptera,Dark Bush-cricket,bush-cricket,0.98,,,25/09/2026,25/09/2026,20:21:27,ClassifEspSWE-0002026-05-29_1,JOHANKARLSSON,202609261749LURHAINK,2026_25_sep_20,Citizen Science (ultrasonic) - shared
59~40306+18~07249_20260925_202132.wav,DEV_001_20260925_202132.wav,0,59.40306,18.07249,Phogri,Pholidoptera griseoaptera,Dark Bush-cricket,bush-cricket,0.99,,,25/09/2026,25/09/2026,20:21:32,ClassifEspSWE-0002026-05-29_1,JOHANKARLSSON,202609261749LURHAINK,2026_25_sep_20,Citizen Science (ultrasonic) - shared
59~40306+18~07249_20260925_202138.wav,DEV_001_20260925_202138.wav,0,59.40306,18.07249,Phogri,Pholidoptera griseoaptera,Dark Bush-cricket,bush-cricket,0.99,,,25/09/2026,25/09/2026,20:21:38,ClassifEspSWE-0002026-05-29_1,JOHANKARLSSON,202609261749LURHAINK,2026_25_sep_20,Citizen Science (ultrasonic) - shared
59~40306+18~07249_20260925_202144.wav,DEV_001_20260925_202144.wav,0,59.40306,18.07249,Phogri,Pholidoptera griseoaptera,Dark Bush-cricket,bush-cricket,0.99,,,25/09/2026,25/09/2026,20:21:44,ClassifEspSWE-0002026-05-29_1,JOHANKARLSSON,202609261749LURHAINK,2026_25_sep_20,Citizen Science (ultrasonic) - shared
59~40306+18~07249_20260925_202149.wav,DEV_001_20260925_202149.wav,0,59.40306,18.07249,Phogri,Pholidoptera griseoaptera,Dark Bush-cricket,bush-cricket,0.99,,,25/09/2026,25/09/2026,20:21:49,ClassifEspSWE-0002026-05-29_1,JOHANKARLSSON,202609261749LURHAINK,2026_25_sep_20,Citizen Science (ultrasonic) - shared
59~40306+18~07249_20260925_202155.wav,DEV_001_20260925_202155.wav,0,59.40306,18.07249,Phogri,Pholidoptera griseoaptera,Dark Bush-cricket,bush-cricket,0.99,,,25/09/2026,25/09/2026,20:21:55,ClassifEspSWE-0002026-05-29_1,JOHANKARLSSON,202609261749LURHAINK,2026_25_sep_20,Citizen Science (ultrasonic) - shared
59~40306+18~07249_20260925_202202.wav,DEV_001_20260925_202202.wav,0,59.40306,18.07249,Phogri,Pholidoptera griseoaptera,Dark Bush-cricket,bush-cricket,0.99,,,25/09/2026,25/09/2026,20:22:02,ClassifEspSWE-0002026-05-29_1,JOHANKARLSSON,202609261749LURHAINK,2026_25_sep_20,Citizen Science (ultrasonic) - shared
59~40306+18~07249_20260925_202207.wav,DEV_001_20260925_202207.wav,0,59.40306,18.07249,Phogri,Pholidoptera griseoaptera,Dark Bush-cricket,bush-cricket,0.98,,,25/09/2026,25/09/2026,20:22:07,ClassifEspSWE-0002026-05-29_1,JOHANKARLSSON,202609261749LURHAINK,2026_25_sep_20,Citizen Science (ultrasonic) - shared
59~40306+18~07249_20260925_202214.wav,DEV_001_20260925_202214.wav,0,59.40306,18.07249,Phogri,Pholidoptera griseoaptera,Dark Bush-cricket,bush-cricket,0.98,,,25/09/2026,25/09/2026,20:22:14,ClassifEspSWE-0002026-05-29_1,JOHANKARLSSON,202609261749LURHAINK,2026_25_sep_20,Citizen Science (ultrasonic) - shared
59~40306+18~07249_20260925_202219.wav,DEV_001_20260925_202219.wav,0,59.40306,18.07249,Phogri,Pholidoptera griseoaptera,Dark Bush-cricket,bush-cricket,0.99,,,25/09/2026,25/09/2026,20:22:19,ClassifEspSWE-0002026-05-29_1,JOHANKARLSSON,202609261749LURHAINK,2026_25_sep_20,Citizen Science (ultrasonic) - shared
59~40306+18~07249_20260925_202225.wav,DEV_001_20260925_202225.wav,0,59.40306,18.07249,Phogri,Pholidoptera griseoaptera,Dark Bush-cricket,bush-cricket,0.93,,,25/09/2026,25/09/2026,20:22:25,ClassifEspSWE-0002026-05-29_1,JOHANKARLSSON,202609261749LURHAINK,2026_25_sep_20,Citizen Science (ultrasonic) - shared
59~40306+18~07249_20260925_202230.wav,DEV_001_20260925_202230.wav,0,59.40306,18.07249,Phogri,Pholidoptera griseoaptera,Dark Bush-cricket,bush-cricket,0.98,,,25/09/2026,25/09/2026,20:22:30,ClassifEspSWE-0002026-05-29_1,JOHANKARLSSON,202609261749LURHAINK,2026_25_sep_20,Citizen Science (ultrasonic) - shared
59~40306+18~07249_20260925_202237.wav,DEV_001_20260925_202237.wav,0,59.40306,18.07249,Phogri,Pholidoptera griseoaptera,Dark Bush-cricket,bush-cricket,0.93,,,25/09/2026,25/09/2026,20:22:37,ClassifEspSWE-0002026-05-29_1,JOHANKARLSSON,202609261749LURHAINK,2026_25_sep_20,Citizen Science (ultrasonic) - shared
59~40306+18~07249_20260925_202242.wav,DEV_001_20260925_202242.wav,0,59.40306,18.07249,Phogri,Pholidoptera griseoaptera,Dark Bush-cricket,bush-cricket,0.99,,,25/09/2026,25/09/2026,20:22:42,ClassifEspSWE-0002026-05-29_1,JOHANKARLSSON,202609261749LURHAINK,2026_25_sep_20,Citizen Science (ultrasonic) - shared
59~40306+18~07249_20260925_202249.wav,DEV_001_20260925_202249.wav,0,59.40306,18.07249,Phogri,Pholidoptera griseoaptera,Dark Bush-cricket,bush-cricket,0.99,,,25/09/2026,25/09/2026,20:22:49,ClassifEspSWE-0002026-05-29_1,JOHANKARLSSON,202609261749LURHAINK,2026_25_sep_20,Citizen Science (ultrasonic) - shared
59~40306+18~07249_20260925_202255.wav,DEV_001_20260925_202255.wav,0,59.40306,18.07249,Phogri,Pholidoptera griseoaptera,Dark Bush-cricket,bush-cricket,0.99,,,25/09/2026,25/09/2026,20:22:55,ClassifEspSWE-0002026-05-29_1,JOHANKARLSSON,202609261749LURHAINK,2026_25_sep_20,Citizen Science (ultrasonic) - shared
59~40306+18~07249_20260925_202300.wav,DEV_001_20260925_202300.wav,0,59.40306,18.07249,Phogri,Pholidoptera griseoaptera,Dark Bush-cricket,bush-cricket,0.99,,,25/09/2026,25/09/2026,20:23:00,ClassifEspSWE-0002026-05-29_1,JOHANKARLSSON,202609261749LURHAINK,2026_25_sep_20,Citizen Science (ultrasonic) - shared
59~40306+18~07249_20260925_202306.wav,DEV_001_20260925_202306.wav,0,59.40306,18.07249,Phogri,Pholidoptera griseoaptera,Dark Bush-cricket,bush-cricket,0.99,,,25/09/2026,25/09/2026,20:23:06,ClassifEspSWE-0002026-05-29_1,JOHANKARLSSON,202609261749LURHAINK,2026_25_sep_20,Citizen Science (ultrasonic) - shared
59~40306+18~07249_20260925_202312.wav,DEV_001_20260925_202312.wav,0,59.40306,18.07249,Phogri,Pholidoptera griseoaptera,Dark Bush-cricket,bush-cricket,0.99,,,25/09/2026,25/09/2026,20:23:12,ClassifEspSWE-0002026-05-29_1,JOHANKARLSSON,202609261749LURHAINK,2026_25_sep_20,Citizen Science (ultrasonic) - shared
59~40306+18~07249_20260925_202317.wav,DEV_001_20260925_202317.wav,0,59.40306,18.07249,Phogri,Pholidoptera griseoaptera,Dark Bush-cricket,bush-cricket,0.98,,,25/09/2026,25/09/2026,20:23:17,ClassifEspSWE-0002026-05-29_1,JOHANKARLSSON,202609261749LURHAINK,2026_25_sep_20,Citizen Science (ultrasonic) - shared
59~40306+18~07249_20260925_202322.wav,DEV_001_20260925_202322.wav,0,59.40306,18.07249,Phogri,Pholidoptera griseoaptera,Dark Bush-cricket,bush-cricket,0.99,,,25/09/2026,25/09/2026,20:23:22,ClassifEspSWE-0002026-05-29_1,JOHANKARLSSON,202609261749LURHAINK,2026_25_sep_20,Citizen Science (ultrasonic) - shared
59~40306+18~07249_20260925_202328.wav,DEV_001_20260925_202328.wav,0,59.40306,18.07249,Phogri,Pholidoptera griseoaptera,Dark Bush-cricket,bush-cricket,0.96,,,25/09/2026,25/09/2026,20:23:28,ClassifEspSWE-0002026-05-29_1,JOHANKARLSSON,202609261749LURHAINK,2026_25_sep_20,Citizen Science (ultrasonic) - shared
59~40306+18~07249_20260925_202334.wav,DEV_001_20260925_202334.wav,0,59.40306,18.07249,Phogri,Pholidoptera griseoaptera,Dark Bush-cricket,bush-cricket,0.99,,,25/09/2026,25/09/2026,20:23:34,ClassifEspSWE-0002026-05-29_1,JOHANKARLSSON,202609261749LURHAINK,2026_25_sep_20,Citizen Science (ultrasonic) - shared
59~40306+18~07249_20260925_202340.wav,DEV_001_20260925_202340.wav,0,59.40306,18.07249,Phogri,Pholidoptera griseoaptera,Dark Bush-cricket,bush-cricket,0.99,,,25/09/2026,25/09/2026,20:23:40,ClassifEspSWE-0002026-05-29_1,JOHANKARLSSON,202609261749LURHAINK,2026_25_sep_20,Citizen Science (ultrasonic) - shared
59~40306+18~07249_20260925_202345.wav,DEV_001_20260925_202345.wav,0,59.40306,18.07249,Phogri,Pholidoptera griseoaptera,Dark Bush-cricket,bush-cricket,0.99,,,25/09/2026,25/09/2026,20:23:45,ClassifEspSWE-0002026-05-29_1,JOHANKARLSSON,202609261749LURHAINK,2026_25_sep_20,Citizen Science (ultrasonic) - shared
59~40306+18~07249_20260925_202350.wav,DEV_001_20260925_202350.wav,0,59.40306,18.07249,Phogri,Pholidoptera griseoaptera,Dark Bush-cricket,bush-cricket,0.99,,,25/09/2026,25/09/2026,20:23:50,ClassifEspSWE-0002026-05-29_1,JOHANKARLSSON,202609261749LURHAINK,2026_25_sep_20,Citizen Science (ultrasonic) - shared
59~40306+18~07249_20260925_202355.wav,DEV_001_20260925_202355.wav,0,59.40306,18.07249,Phogri,Pholidoptera griseoaptera,Dark Bush-cricket,bush-cricket,0.97,,,25/09/2026,25/09/2026,20:23:55,ClassifEspSWE-0002026-05-29_1,JOHANKARLSSON,202609261749LURHAINK,2026_25_sep_20,Citizen Science (ultrasonic) - shared
59~40306+18~07249_20260925_202402.wav,DEV_001_20260925_202402.wav,0,59.40306,18.07249,Phogri,Pholidoptera griseoaptera,Dark Bush-cricket,bush-cricket,0.99,,,25/09/2026,25/09/2026,20:24:02,ClassifEspSWE-0002026-05-29_1,JOHANKARLSSON,202609261749LURHAINK,2026_25_sep_20,Citizen Science (ultrasonic) - shared
59~40306+18~07249_20260925_202408.wav,DEV_001_20260925_202408.wav,0,59.40306,18.07249,Phogri,Pholidoptera griseoaptera,Dark Bush-cricket,bush-cricket,0.98,,,25/09/2026,25/09/2026,20:24:08,ClassifEspSWE-0002026-05-29_1,JOHANKARLSSON,202609261749LURHAINK,2026_25_sep_20,Citizen Science (ultrasonic) - shared
59~40306+18~07249_20260925_202413.wav,DEV_001_20260925_202413.wav,0,59.40306,18.07249,Phogri,Pholidoptera griseoaptera,Dark Bush-cricket,bush-cricket,0.99,,,25/09/2026,25/09/2026,20:24:13,ClassifEspSWE-0002026-05-29_1,JOHANKARLSSON,202609261749LURHAINK,2026_25_sep_20,Citizen Science (ultrasonic) - shared
59~40306+18~07249_20260925_202419.wav,DEV_001_20260925_202419.wav,0,59.40306,18.07249,Phogri,Pholidoptera griseoaptera,Dark Bush-cricket,bush-cricket,0.99,,,25/09/2026,25/09/2026,20:24:19,ClassifEspSWE-0002026-05-29_1,JOHANKARLSSON,202609261749LURHAINK,2026_25_sep_20,Citizen Science (ultrasonic) - shared
59~40306+18~07249_20260925_202426.wav,DEV_001_20260925_202426.wav,0,59.40306,18.07249,Phogri,Pholidoptera griseoaptera,Dark Bush-cricket,bush-cricket,0.99,,,25/09/2026,25/09/2026,20:24:26,ClassifEspSWE-0002026-05-29_1,JOHANKARLSSON,202609261749LURHAINK,2026_25_sep_20,Citizen Science (ultrasonic) - shared
59~40306+18~07249_20260925_202431.wav,DEV_001_20260925_202431.wav,0,59.40306,18.07249,Phogri,Pholidoptera griseoaptera,Dark Bush-cricket,bush-cricket,0.99,,,25/09/2026,25/09/2026,20:24:31,ClassifEspSWE-0002026-05-29_1,JOHANKARLSSON,202609261749LURHAINK,2026_25_sep_20,Citizen Science (ultrasonic) - shared
59~40306+18~07249_20260925_202437.wav,DEV_001_20260925_202437.wav,0,59.40306,18.07249,Phogri,Pholidoptera griseoaptera,Dark Bush-cricket,bush-cricket,0.98,,,25/09/2026,25/09/2026,20:24:37,ClassifEspSWE-0002026-05-29_1,JOHANKARLSSON,202609261749LURHAINK,2026_25_sep_20,Citizen Science (ultrasonic) - shared
59~40306+18~07249_20260925_202444.wav,DEV_001_20260925_202444.wav,0,59.40306,18.07249,Phogri,Pholidoptera griseoaptera,Dark Bush-cricket,bush-cricket,0.99,,,25/09/2026,25/09/2026,20:24:44,ClassifEspSWE-0002026-05-29_1,JOHANKARLSSON,202609261749LURHAINK,2026_25_sep_20,Citizen Science (ultrasonic) - shared
59~40306+18~07249_20260925_202449.wav,DEV_001_20260925_202449.wav,0,59.40306,18.07249,Phogri,Pholidoptera griseoaptera,Dark Bush-cricket,bush-cricket,0.99,,,25/09/2026,25/09/2026,20:24:49,ClassifEspSWE-0002026-05-29_1,JOHANKARLSSON,202609261749LURHAINK,2026_25_sep_20,Citizen Science (ultrasonic) - shared
59~40306+18~07249_20260925_202456.wav,DEV_001_20260925_202456.wav,0,59.40306,18.07249,Phogri,Pholidoptera griseoaptera,Dark Bush-cricket,bush-cricket,0.99,,,25/09/2026,25/09/2026,20:24:56,ClassifEspSWE-0002026-05-29_1,JOHANKARLSSON,202609261749LURHAINK,2026_25_sep_20,Citizen Science (ultrasonic) - shared
59~40306+18~07249_20260925_202501.wav,DEV_001_20260925_202501.wav,0,59.40306,18.07249,Phogri,Pholidoptera griseoaptera,Dark Bush-cricket,bush-cricket,0.99,,,25/09/2026,25/09/2026,20:25:01,ClassifEspSWE-0002026-05-29_1,JOHANKARLSSON,202609261749LURHAINK,2026_25_sep_20,Citizen Science (ultrasonic) - shared
59~40306+18~07249_20260925_202507.wav,DEV_001_20260925_202507.wav,0,59.40306,18.07249,Phogri,Pholidoptera griseoaptera,Dark Bush-cricket,bush-cricket,0.99,,,25/09/2026,25/09/2026,20:25:07,ClassifEspSWE-0002026-05-29_1,JOHANKARLSSON,202609261749LURHAINK,2026_25_sep_20,Citizen Science (ultrasonic) - shared
59~40306+18~07249_20260925_202513.wav,DEV_001_20260925_202513.wav,0,59.40306,18.07249,Phogri,Pholidoptera griseoaptera,Dark Bush-cricket,bush-cricket,0.99,,,25/09/2026,25/09/2026,20:25:13,ClassifEspSWE-0002026-05-29_1,JOHANKARLSSON,202609261749LURHAINK,2026_25_sep_20,Citizen Science (ultrasonic) - shared
59~40306+18~07249_20260925_202519.wav,DEV_001_20260925_202519.wav,0,59.40306,18.07249,Phogri,Pholidoptera griseoaptera,Dark Bush-cricket,bush-cricket,0.99,,,25/09/2026,25/09/2026,20:25:19,ClassifEspSWE-0002026-05-29_1,JOHANKARLSSON,202609261749LURHAINK,2026_25_sep_20,Citizen Science (ultrasonic) - shared
59~40306+18~07249_20260925_202525.wav,DEV_001_20260925_202525.wav,0,59.40306,18.07249,Phogri,Pholidoptera griseoaptera,Dark Bush-cricket,bush-cricket,0.99,,,25/09/2026,25/09/2026,20:25:25,ClassifEspSWE-0002026-05-29_1,JOHANKARLSSON,202609261749LURHAINK,2026_25_sep_20,Citizen Science (ultrasonic) - shared
59~40306+18~07249_20260925_202531.wav,DEV_001_20260925_202531.wav,0,59.40306,18.07249,Phogri,Pholidoptera griseoaptera,Dark Bush-cricket,bush-cricket,0.99,,,25/09/2026,25/09/2026,20:25:31,ClassifEspSWE-0002026-05-29_1,JOHANKARLSSON,202609261749LURHAINK,2026_25_sep_20,Citizen Science (ultrasonic) - shared
59~40306+18~07249_20260925_202536.wav,DEV_001_20260925_202536.wav,0,59.40306,18.07249,Phogri,Pholidoptera griseoaptera,Dark Bush-cricket,bush-cricket,0.99,,,25/09/2026,25/09/2026,20:25:36,ClassifEspSWE-0002026-05-29_1,JOHANKARLSSON,202609261749LURHAINK,2026_25_sep_20,Citizen Science (ultrasonic) - shared
59~40306+18~07249_20260925_202542.wav,DEV_001_20260925_202542.wav,0,59.40306,18.07249,Phogri,Pholidoptera griseoaptera,Dark Bush-cricket,bush-cricket,0.99,,,25/09/2026,25/09/2026,20:25:42,ClassifEspSWE-0002026-05-29_1,JOHANKARLSSON,202609261749LURHAINK,2026_25_sep_20,Citizen Science (ultrasonic) - shared
59~40306+18~07249_20260925_202547.wav,DEV_001_20260925_202547.wav,0,59.40306,18.07249,Phogri,Pholidoptera griseoaptera,Dark Bush-cricket,bush-cricket,0.98,,,25/09/2026,25/09/2026,20:25:47,ClassifEspSWE-0002026-05-29_1,JOHANKARLSSON,202609261749LURHAINK,2026_25_sep_20,Citizen Science (ultrasonic) - shared
59~40306+18~07249_20260925_202554.wav,DEV_001_20260925_202554.wav,0,59.40306,18.07249,Phogri,Pholidoptera griseoaptera,Dark Bush-cricket,bush-cricket,0.99,,,25/09/2026,25/09/2026,20:25:54,ClassifEspSWE-0002026-05-29_1,JOHANKARLSSON,202609261749LURHAINK,2026_25_sep_20,Citizen Science (ultrasonic) - shared
59~40306+18~07249_20260925_202601.wav,DEV_001_20260925_202601.wav,0,59.40306,18.07249,Phogri,Pholidoptera griseoaptera,Dark Bush-cricket,bush-cricket,0.99,,,25/09/2026,25/09/2026,20:26:01,ClassifEspSWE-0002026-05-29_1,JOHANKARLSSON,202609261749LURHAINK,2026_25_sep_20,Citizen Science (ultrasonic) - shared
59~40306+18~07249_20260925_202606.wav,DEV_001_20260925_202606.wav,0,59.40306,18.07249,Phogri,Pholidoptera griseoaptera,Dark Bush-cricket,bush-cricket,0.99,,,25/09/2026,25/09/2026,20:26:06,ClassifEspSWE-0002026-05-29_1,JOHANKARLSSON,202609261749LURHAINK,2026_25_sep_20,Citizen Science (ultrasonic) - shared
59~40306+18~07249_20260925_202612.wav,DEV_001_20260925_202612.wav,0,59.40306,18.07249,Phogri,Pholidoptera griseoaptera,Dark Bush-cricket,bush-cricket,0.99,,,25/09/2026,25/09/2026,20:26:12,ClassifEspSWE-0002026-05-29_1,JOHANKARLSSON,202609261749LURHAINK,2026_25_sep_20,Citizen Science (ultrasonic) - shared
59~40306+18~07249_20260925_202617.wav,DEV_001_20260925_202617.wav,0,59.40306,18.07249,Phogri,Pholidoptera griseoaptera,Dark Bush-cricket,bush-cricket,0.99,,,25/09/2026,25/09/2026,20:26:17,ClassifEspSWE-0002026-05-29_1,JOHANKARLSSON,202609261749LURHAINK,2026_25_sep_20,Citizen Science (ultrasonic) - shared
59~40306+18~07249_20260925_202622.wav,DEV_001_20260925_202622.wav,0,59.40306,18.07249,Phogri,Pholidoptera griseoaptera,Dark Bush-cricket,bush-cricket,0.99,,,25/09/2026,25/09/2026,20:26:22,ClassifEspSWE-0002026-05-29_1,JOHANKARLSSON,202609261749LURHAINK,2026_25_sep_20,Citizen Science (ultrasonic) - shared
59~40306+18~07249_20260925_202628.wav,DEV_001_20260925_202628.wav,0,59.40306,18.07249,Phogri,Pholidoptera griseoaptera,Dark Bush-cricket,bush-cricket,0.99,,,25/09/2026,25/09/2026,20:26:28,ClassifEspSWE-0002026-05-29_1,JOHANKARLSSON,202609261749LURHAINK,2026_25_sep_20,Citizen Science (ultrasonic) - shared
59~40306+18~07249_20260925_202635.wav,DEV_001_20260925_202635.wav,0,59.40306,18.07249,Phogri,Pholidoptera griseoaptera,Dark Bush-cricket,bush-cricket,0.99,,,25/09/2026,25/09/2026,20:26:35,ClassifEspSWE-0002026-05-29_1,JOHANKARLSSON,202609261749LURHAINK,2026_25_sep_20,Citizen Science (ultrasonic) - shared
59~40306+18~07249_20260925_202641.wav,DEV_001_20260925_202641.wav,0,59.40306,18.07249,Phogri,Pholidoptera griseoaptera,Dark Bush-cricket,bush-cricket,0.98,,,25/09/2026,25/09/2026,20:26:41,ClassifEspSWE-0002026-05-29_1,JOHANKARLSSON,202609261749LURHAINK,2026_25_sep_20,Citizen Science (ultrasonic) - shared
59~40306+18~07249_20260925_202647.wav,DEV_001_20260925_202647.wav,0,59.40306,18.07249,Phogri,Pholidoptera griseoaptera,Dark Bush-cricket,bush-cricket,0.99,,,25/09/2026,25/09/2026,20:26:47,ClassifEspSWE-0002026-05-29_1,JOHANKARLSSON,202609261749LURHAINK,2026_25_sep_20,Citizen Science (ultrasonic) - shared
59~40306+18~07249_20260925_202653.wav,DEV_001_20260925_202653.wav,0,59.40306,18.07249,Phogri,Pholidoptera griseoaptera,Dark Bush-cricket,bush-cricket,0.98,,,25/09/2026,25/09/2026,20:26:53,ClassifEspSWE-0002026-05-29_1,JOHANKARLSSON,202609261749LURHAINK,2026_25_sep_20,Citizen Science (ultrasonic) - shared
59~40306+18~07249_20260925_202658.wav,DEV_001_20260925_202658.wav,0,59.40306,18.07249,Phogri,Pholidoptera griseoaptera,Dark Bush-cricket,bush-cricket,0.99,,,25/09/2026,25/09/2026,20:26:58,ClassifEspSWE-0002026-05-29_1,JOHANKARLSSON,202609261749LURHAINK,2026_25_sep_20,Citizen Science (ultrasonic) - shared
59~40306+18~07249_20260925_202705.wav,DEV_001_20260925_202705.wav,0,59.40306,18.07249,Phogri,Pholidoptera griseoaptera,Dark Bush-cricket,bush-cricket,0.96,,,25/09/2026,25/09/2026,20:27:05,ClassifEspSWE-0002026-05-29_1,JOHANKARLSSON,202609261749LURHAINK,2026_25_sep_20,Citizen Science (ultrasonic) - shared
59~40306+18~07249_20260925_202711.wav,DEV_001_20260925_202711.wav,0,59.40306,18.07249,Phogri,Pholidoptera griseoaptera,Dark Bush-cricket,bush-cricket,0.99,,,25/09/2026,25/09/2026,20:27:11,ClassifEspSWE-0002026-05-29_1,JOHANKARLSSON,202609261749LURHAINK,2026_25_sep_20,Citizen Science (ultrasonic) - shared
59~40306+18~07249_20260925_202716.wav,DEV_001_20260925_202716.wav,0,59.40306,18.07249,Phogri,Pholidoptera griseoaptera,Dark Bush-cricket,bush-cricket,0.99,,,25/09/2026,25/09/2026,20:27:16,ClassifEspSWE-0002026-05-29_1,JOHANKARLSSON,202609261749LURHAINK,2026_25_sep_20,Citizen Science (ultrasonic) - shared
59~40306+18~07249_20260925_202723.wav,DEV_001_20260925_202723.wav,0,59.40306,18.07249,Phogri,Pholidoptera griseoaptera,Dark Bush-cricket,bush-cricket,0.96,,,25/09/2026,25/09/2026,20:27:23,ClassifEspSWE-0002026-05-29_1,JOHANKARLSSON,202609261749LURHAINK,2026_25_sep_20,Citizen Science (ultrasonic) - shared
59~40306+18~07249_20260925_202729.wav,DEV_001_20260925_202729.wav,0,59.40306,18.07249,Phogri,Pholidoptera griseoaptera,Dark Bush-cricket,bush-cricket,0.99,,,25/09/2026,25/09/2026,20:27:29,ClassifEspSWE-0002026-05-29_1,JOHANKARLSSON,202609261749LURHAINK,2026_25_sep_20,Citizen Science (ultrasonic) - shared
59~40306+18~07249_20260925_202735.wav,DEV_001_20260925_202735.wav,0,59.40306,18.07249,Phogri,Pholidoptera griseoaptera,Dark Bush-cricket,bush-cricket,0.99,,,25/09/2026,25/09/2026,20:27:35,ClassifEspSWE-0002026-05-29_1,JOHANKARLSSON,202609261749LURHAINK,2026_25_sep_20,Citizen Science (ultrasonic) - shared
59~40306+18~07249_20260925_202741.wav,DEV_001_20260925_202741.wav,0,59.40306,18.07249,Phogri,Pholidoptera griseoaptera,Dark Bush-cricket,bush-cricket,0.99,,,25/09/2026,25/09/2026,20:27:41,ClassifEspSWE-0002026-05-29_1,JOHANKARLSSON,202609261749LURHAINK,2026_25_sep_20,Citizen Science (ultrasonic) - shared
59~40306+18~07249_20260925_202747.wav,DEV_001_20260925_202747.wav,0,59.40306,18.07249,Phogri,Pholidoptera griseoaptera,Dark Bush-cricket,bush-cricket,0.99,,,25/09/2026,25/09/2026,20:27:47,ClassifEspSWE-0002026-05-29_1,JOHANKARLSSON,202609261749LURHAINK,2026_25_sep_20,Citizen Science (ultrasonic) - shared
59~40306+18~07249_20260925_202752.wav,DEV_001_20260925_202752.wav,0,59.40306,18.07249,Phogri,Pholidoptera griseoaptera,Dark Bush-cricket,bush-cricket,0.99,,,25/09/2026,25/09/2026,20:27:52,ClassifEspSWE-0002026-05-29_1,JOHANKARLSSON,202609261749LURHAINK,2026_25_sep_20,Citizen Science (ultrasonic) - shared
59~40306+18~07249_20260925_202758.wav,DEV_001_20260925_202758.wav,0,59.40306,18.07249,Phogri,Pholidoptera griseoaptera,Dark Bush-cricket,bush-cricket,0.98,,,25/09/2026,25/09/2026,20:27:58,ClassifEspSWE-0002026-05-29_1,JOHANKARLSSON,202609261749LURHAINK,2026_25_sep_20,Citizen Science (ultrasonic) - shared
59~40306+18~07249_20260925_202805.wav,DEV_001_20260925_202805.wav,0,59.40306,18.07249,Phogri,Pholidoptera griseoaptera,Dark Bush-cricket,bush-cricket,0.99,,,25/09/2026,25/09/2026,20:28:05,ClassifEspSWE-0002026-05-29_1,JOHANKARLSSON,202609261749LURHAINK,2026_25_sep_20,Citizen Science (ultrasonic) - shared
59~40306+18~07249_20260925_202811.wav,DEV_001_20260925_202811.wav,0,59.40306,18.07249,Phogri,Pholidoptera griseoaptera,Dark Bush-cricket,bush-cricket,0.99,,,25/09/2026,25/09/2026,20:28:11,ClassifEspSWE-0002026-05-29_1,JOHANKARLSSON,202609261749LURHAINK,2026_25_sep_20,Citizen Science (ultrasonic) - shared
59~40306+18~07249_20260925_202818.wav,DEV_001_20260925_202818.wav,0,59.40306,18.07249,Phogri,Pholidoptera griseoaptera,Dark Bush-cricket,bush-cricket,0.98,,,25/09/2026,25/09/2026,20:28:18,ClassifEspSWE-0002026-05-29_1,JOHANKARLSSON,202609261749LURHAINK,2026_25_sep_20,Citizen Science (ultrasonic) - shared
59~40306+18~07249_20260925_202824.wav,DEV_001_20260925_202824.wav,0,59.40306,18.07249,Phogri,Pholidoptera griseoaptera,Dark Bush-cricket,bush-cricket,0.99,,,25/09/2026,25/09/2026,20:28:24,ClassifEspSWE-0002026-05-29_1,JOHANKARLSSON,202609261749LURHAINK,2026_25_sep_20,Citizen Science (ultrasonic) - shared
59~40306+18~07249_20260925_202830.wav,DEV_001_20260925_202830.wav,0,59.40306,18.07249,Phogri,Pholidoptera griseoaptera,Dark Bush-cricket,bush-cricket,0.97,,,25/09/2026,25/09/2026,20:28:30,ClassifEspSWE-0002026-05-29_1,JOHANKARLSSON,202609261749LURHAINK,2026_25_sep_20,Citizen Science (ultrasonic) - shared
59~40306+18~07249_20260925_202836.wav,DEV_001_20260925_202836.wav,0,59.40306,18.07249,Phogri,Pholidoptera griseoaptera,Dark Bush-cricket,bush-cricket,0.99,,,25/09/2026,25/09/2026,20:28:36,ClassifEspSWE-0002026-05-29_1,JOHANKARLSSON,202609261749LURHAINK,2026_25_sep_20,Citizen Science (ultrasonic) - shared
59~40306+18~07249_20260925_202842.wav,DEV_001_20260925_202842.wav,0,59.40306,18.07249,Phogri,Pholidoptera griseoaptera,Dark Bush-cricket,bush-cricket,0.99,,,25/09/2026,25/09/2026,20:28:42,ClassifEspSWE-0002026-05-29_1,JOHANKARLSSON,202609261749LURHAINK,2026_25_sep_20,Citizen Science (ultrasonic) - shared
59~40306+18~07249_20260925_202849.wav,DEV_001_20260925_202849.wav,0,59.40306,18.07249,Phogri,Pholidoptera griseoaptera,Dark Bush-cricket,bush-cricket,0.97,,,25/09/2026,25/09/2026,20:28:49,ClassifEspSWE-0002026-05-29_1,JOHANKARLSSON,202609261749LURHAINK,2026_25_sep_20,Citizen Science (ultrasonic) - shared
59~40306+18~07249_20260925_202854.wav,DEV_001_20260925_202854.wav,0,59.40306,18.07249,Phogri,Pholidoptera griseoaptera,Dark Bush-cricket,bush-cricket,0.98,,,25/09/2026,25/09/2026,20:28:54,ClassifEspSWE-0002026-05-29_1,JOHANKARLSSON,202609261749LURHAINK,2026_25_sep_20,Citizen Science (ultrasonic) - shared
59~40306+18~07249_20260925_202900.wav,DEV_001_20260925_202900.wav,0,59.40306,18.07249,Phogri,Pholidoptera griseoaptera,Dark Bush-cricket,bush-cricket,0.95,,,25/09/2026,25/09/2026,20:29:00,ClassifEspSWE-0002026-05-29_1,JOHANKARLSSON,202609261749LURHAINK,2026_25_sep_20,Citizen Science (ultrasonic) - shared
59~40306+18~07249_20260925_202906.wav,DEV_001_20260925_202906.wav,0,59.40306,18.07249,Phogri,Pholidoptera griseoaptera,Dark Bush-cricket,bush-cricket,0.95,,,25/09/2026,25/09/2026,20:29:06,ClassifEspSWE-0002026-05-29_1,JOHANKARLSSON,202609261749LURHAINK,2026_25_sep_20,Citizen Science (ultrasonic) - shared
59~40306+18~07249_20260925_202911.wav,DEV_001_20260925_202911.wav,0,59.40306,18.07249,Phogri,Pholidoptera griseoaptera,Dark Bush-cricket,bush-cricket,0.94,,,25/09/2026,25/09/2026,20:29:11,ClassifEspSWE-0002026-05-29_1,JOHANKARLSSON,202609261749LURHAINK,2026_25_sep_20,Citizen Science (ultrasonic) - shared
59~40306+18~07249_20260925_202918.wav,DEV_001_20260925_202918.wav,0,59.40306,18.07249,Phogri,Pholidoptera griseoaptera,Dark Bush-cricket,bush-cricket,0.96,,,25/09/2026,25/09/2026,20:29:18,ClassifEspSWE-0002026-05-29_1,JOHANKARLSSON,202609261749LURHAINK,2026_25_sep_20,Citizen Science (ultrasonic) - shared
59~40306+18~07249_20260925_202924.wav,DEV_001_20260925_202924.wav,0,59.40306,18.07249,Phogri,Pholidoptera griseoaptera,Dark Bush-cricket,bush-cricket,0.98,,,25/09/2026,25/09/2026,20:29:24,ClassifEspSWE-0002026-05-29_1,JOHANKARLSSON,202609261749LURHAINK,2026_25_sep_20,Citizen Science (ultrasonic) - shared
59~40306+18~07249_20260925_202931.wav,DEV_001_20260925_202931.wav,0,59.40306,18.07249,Phogri,Pholidoptera griseoaptera,Dark Bush-cricket,bush-cricket,0.99,,,25/09/2026,25/09/2026,20:29:31,ClassifEspSWE-0002026-05-29_1,JOHANKARLSSON,202609261749LURHAINK,2026_25_sep_20,Citizen Science (ultrasonic) - shared
59~40306+18~07249_20260925_202936.wav,DEV_001_20260925_202936.wav,0,59.40306,18.07249,Phogri,Pholidoptera griseoaptera,Dark Bush-cricket,bush-cricket,0.87,,,25/09/2026,25/09/2026,20:29:36,ClassifEspSWE-0002026-05-29_1,JOHANKARLSSON,202609261749LURHAINK,2026_25_sep_20,Citizen Science (ultrasonic) - shared
59~40306+18~07249_20260925_202943.wav,DEV_001_20260925_202943.wav,0,59.40306,18.07249,Phogri,Pholidoptera griseoaptera,Dark Bush-cricket,bush-cricket,0.99,,,25/09/2026,25/09/2026,20:29:43,ClassifEspSWE-0002026-05-29_1,JOHANKARLSSON,202609261749LURHAINK,2026_25_sep_20,Citizen Science (ultrasonic) - shared
59~40306+18~07249_20260925_202948.wav,DEV_001_20260925_202948.wav,0,59.40306,18.07249,Phogri,Pholidoptera griseoaptera,Dark Bush-cricket,bush-cricket,0.99,,,25/09/2026,25/09/2026,20:29:48,ClassifEspSWE-0002026-05-29_1,JOHANKARLSSON,202609261749LURHAINK,2026_25_sep_20,Citizen Science (ultrasonic) - shared
59~40306+18~07249_20260925_202954.wav,DEV_001_20260925_202954.wav,0,59.40306,18.07249,Phogri,Pholidoptera griseoaptera,Dark Bush-cricket,bush-cricket,0.97,,,25/09/2026,25/09/2026,20:29:54,ClassifEspSWE-0002026-05-29_1,JOHANKARLSSON,202609261749LURHAINK,2026_25_sep_20,Citizen Science (ultrasonic) - shared
59~40306+18~07249_20260925_202959.wav,DEV_001_20260925_202959.wav,0,59.40306,18.07249,Phogri,Pholidoptera griseoaptera,Dark Bush-cricket,bush-cricket,0.92,,,25/09/2026,25/09/2026,20:29:59,ClassifEspSWE-0002026-05-29_1,JOHANKARLSSON,202609261749LURHAINK,2026_25_sep_20,Citizen Science (ultrasonic) - shared
59~40306+18~07249_20260925_203004.wav,DEV_001_20260925_203004.wav,0,59.40306,18.07249,Phogri,Pholidoptera griseoaptera,Dark Bush-cricket,bush-cricket,0.99,,,25/09/2026,25/09/2026,20:30:04,ClassifEspSWE-0002026-05-29_1,JOHANKARLSSON,202609261749LURHAINK,2026_25_sep_20,Citizen Science (ultrasonic) - shared
59~40306+18~07249_20260925_203010.wav,DEV_001_20260925_203010.wav,0,59.40306,18.07249,Phogri,Pholidoptera griseoaptera,Dark Bush-cricket,bush-cricket,0.99,,,25/09/2026,25/09/2026,20:30:10,ClassifEspSWE-0002026-05-29_1,JOHANKARLSSON,202609261749LURHAINK,2026_25_sep_20,Citizen Science (ultrasonic) - shared
59~40306+18~07249_20260925_203016.wav,DEV_001_20260925_203016.wav,0,59.40306,18.07249,Phogri,Pholidoptera griseoaptera,Dark Bush-cricket,bush-cricket,0.99,,,25/09/2026,25/09/2026,20:30:16,ClassifEspSWE-0002026-05-29_1,JOHANKARLSSON,202609261749LURHAINK,2026_25_sep_20,Citizen Science (ultrasonic) - shared
59~40306+18~07249_20260925_203022.wav,DEV_001_20260925_203022.wav,0,59.40306,18.07249,Phogri,Pholidoptera griseoaptera,Dark Bush-cricket,bush-cricket,0.99,,,25/09/2026,25/09/2026,20:30:22,ClassifEspSWE-0002026-05-29_1,JOHANKARLSSON,202609261749LURHAINK,2026_25_sep_20,Citizen Science (ultrasonic) - shared
59~40306+18~07249_20260925_203027.wav,DEV_001_20260925_203027.wav,0,59.40306,18.07249,Phogri,Pholidoptera griseoaptera,Dark Bush-cricket,bush-cricket,0.99,,,25/09/2026,25/09/2026,20:30:27,ClassifEspSWE-0002026-05-29_1,JOHANKARLSSON,202609261749LURHAINK,2026_25_sep_20,Citizen Science (ultrasonic) - shared
59~40306+18~07249_20260925_203034.wav,DEV_001_20260925_203034.wav,0,59.40306,18.07249,Phogri,Pholidoptera griseoaptera,Dark Bush-cricket,bush-cricket,0.99,,,25/09/2026,25/09/2026,20:30:34,ClassifEspSWE-0002026-05-29_1,JOHANKARLSSON,202609261749LURHAINK,2026_25_sep_20,Citizen Science (ultrasonic) - shared
59~40306+18~07249_20260925_203040.wav,DEV_001_20260925_203040.wav,0,59.40306,18.07249,Phogri,Pholidoptera griseoaptera,Dark Bush-cricket,bush-cricket,0.99,,,25/09/2026,25/09/2026,20:30:40,ClassifEspSWE-0002026-05-29_1,JOHANKARLSSON,202609261749LURHAINK,2026_25_sep_20,Citizen Science (ultrasonic) - shared
59~40306+18~07249_20260925_203046.wav,DEV_001_20260925_203046.wav,0,59.40306,18.07249,Phogri,Pholidoptera griseoaptera,Dark Bush-cricket,bush-cricket,0.99,,,25/09/2026,25/09/2026,20:30:46,ClassifEspSWE-0002026-05-29_1,JOHANKARLSSON,202609261749LURHAINK,2026_25_sep_20,Citizen Science (ultrasonic) - shared
59~40306+18~07249_20260925_203051.wav,DEV_001_20260925_203051.wav,0,59.40306,18.07249,Phogri,Pholidoptera griseoaptera,Dark Bush-cricket,bush-cricket,0.88,,,25/09/2026,25/09/2026,20:30:51,ClassifEspSWE-0002026-05-29_1,JOHANKARLSSON,202609261749LURHAINK,2026_25_sep_20,Citizen Science (ultrasonic) - shared
59~40306+18~07249_20260925_203056.wav,DEV_001_20260925_203056.wav,0,59.40306,18.07249,Phogri,Pholidoptera griseoaptera,Dark Bush-cricket,bush-cricket,0.98,,,25/09/2026,25/09/2026,20:30:56,ClassifEspSWE-0002026-05-29_1,JOHANKARLSSON,202609261749LURHAINK,2026_25_sep_20,Citizen Science (ultrasonic) - shared
59~40306+18~07249_20260925_203102.wav,DEV_001_20260925_203102.wav,0,59.40306,18.07249,Phogri,Pholidoptera griseoaptera,Dark Bush-cricket,bush-cricket,0.98,,,25/09/2026,25/09/2026,20:31:02,ClassifEspSWE-0002026-05-29_1,JOHANKARLSSON,202609261749LURHAINK,2026_25_sep_20,Citizen Science (ultrasonic) - shared
59~40306+18~07249_20260925_203108.wav,DEV_001_20260925_203108.wav,0,59.40306,18.07249,Phogri,Pholidoptera griseoaptera,Dark Bush-cricket,bush-cricket,0.99,,,25/09/2026,25/09/2026,20:31:08,ClassifEspSWE-0002026-05-29_1,JOHANKARLSSON,202609261749LURHAINK,2026_25_sep_20,Citizen Science (ultrasonic) - shared
59~40306+18~07249_20260925_203113.wav,DEV_001_20260925_203113.wav,0,59.40306,18.07249,Phogri,Pholidoptera griseoaptera,Dark Bush-cricket,bush-cricket,0.98,,,25/09/2026,25/09/2026,20:31:13,ClassifEspSWE-0002026-05-29_1,JOHANKARLSSON,202609261749LURHAINK,2026_25_sep_20,Citizen Science (ultrasonic) - shared
59~40306+18~07249_20260925_203118.wav,DEV_001_20260925_203118.wav,0,59.40306,18.07249,Phogri,Pholidoptera griseoaptera,Dark Bush-cricket,bush-cricket,0.97,,,25/09/2026,25/09/2026,20:31:18,ClassifEspSWE-0002026-05-29_1,JOHANKARLSSON,202609261749LURHAINK,2026_25_sep_20,Citizen Science (ultrasonic) - shared
59~40306+18~07249_20260925_203124.wav,DEV_001_20260925_203124.wav,0,59.40306,18.07249,Phogri,Pholidoptera griseoaptera,Dark Bush-cricket,bush-cricket,0.99,,,25/09/2026,25/09/2026,20:31:24,ClassifEspSWE-0002026-05-29_1,JOHANKARLSSON,202609261749LURHAINK,2026_25_sep_20,Citizen Science (ultrasonic) - shared
59~40306+18~07249_20260925_203129.wav,DEV_001_20260925_203129.wav,0,59.40306,18.07249,Phogri,Pholidoptera griseoaptera,Dark Bush-cricket,bush-cricket,0.97,,,25/09/2026,25/09/2026,20:31:29,ClassifEspSWE-0002026-05-29_1,JOHANKARLSSON,202609261749LURHAINK,2026_25_sep_20,Citizen Science (ultrasonic) - shared
59~40306+18~07249_20260925_203135.wav,DEV_001_20260925_203135.wav,0,59.40306,18.07249,Phogri,Pholidoptera griseoaptera,Dark Bush-cricket,bush-cricket,0.94,,,25/09/2026,25/09/2026,20:31:35,ClassifEspSWE-0002026-05-29_1,JOHANKARLSSON,202609261749LURHAINK,2026_25_sep_20,Citizen Science (ultrasonic) - shared
59~40306+18~07249_20260925_203140.wav,DEV_001_20260925_203140.wav,0,59.40306,18.07249,Phogri,Pholidoptera griseoaptera,Dark Bush-cricket,bush-cricket,0.99,,,25/09/2026,25/09/2026,20:31:40,ClassifEspSWE-0002026-05-29_1,JOHANKARLSSON,202609261749LURHAINK,2026_25_sep_20,Citizen Science (ultrasonic) - shared
59~40306+18~07249_20260925_203146.wav,DEV_001_20260925_203146.wav,0,59.40306,18.07249,Phogri,Pholidoptera griseoaptera,Dark Bush-cricket,bush-cricket,0.95,,,25/09/2026,25/09/2026,20:31:46,ClassifEspSWE-0002026-05-29_1,JOHANKARLSSON,202609261749LURHAINK,2026_25_sep_20,Citizen Science (ultrasonic) - shared
59~40306+18~07249_20260925_203151.wav,DEV_001_20260925_203151.wav,0,59.40306,18.07249,Phogri,Pholidoptera griseoaptera,Dark Bush-cricket,bush-cricket,0.98,,,25/09/2026,25/09/2026,20:31:51,ClassifEspSWE-0002026-05-29_1,JOHANKARLSSON,202609261749LURHAINK,2026_25_sep_20,Citizen Science (ultrasonic) - shared
59~40306+18~07249_20260925_203156.wav,DEV_001_20260925_203156.wav,0,59.40306,18.07249,Phogri,Pholidoptera griseoaptera,Dark Bush-cricket,bush-cricket,0.99,,,25/09/2026,25/09/2026,20:31:56,ClassifEspSWE-0002026-05-29_1,JOHANKARLSSON,202609261749LURHAINK,2026_25_sep_20,Citizen Science (ultrasonic) - shared
59~40306+18~07249_20260925_203202.wav,DEV_001_20260925_203202.wav,0,59.40306,18.07249,Phogri,Pholidoptera griseoaptera,Dark Bush-cricket,bush-cricket,0.99,,,25/09/2026,25/09/2026,20:32:02,ClassifEspSWE-0002026-05-29_1,JOHANKARLSSON,202609261749LURHAINK,2026_25_sep_20,Citizen Science (ultrasonic) - shared
59~40306+18~07249_20260925_203208.wav,DEV_001_20260925_203208.wav,0,59.40306,18.07249,Phogri,Pholidoptera griseoaptera,Dark Bush-cricket,bush-cricket,0.99,,,25/09/2026,25/09/2026,20:32:08,ClassifEspSWE-0002026-05-29_1,JOHANKARLSSON,202609261749LURHAINK,2026_25_sep_20,Citizen Science (ultrasonic) - shared
59~40306+18~07249_20260925_203213.wav,DEV_001_20260925_203213.wav,0,59.40306,18.07249,Phogri,Pholidoptera griseoaptera,Dark Bush-cricket,bush-cricket,0.99,,,25/09/2026,25/09/2026,20:32:13,ClassifEspSWE-0002026-05-29_1,JOHANKARLSSON,202609261749LURHAINK,2026_25_sep_20,Citizen Science (ultrasonic) - shared
59~40306+18~07249_20260925_203219.wav,DEV_001_20260925_203219.wav,0,59.40306,18.07249,Phogri,Pholidoptera griseoaptera,Dark Bush-cricket,bush-cricket,0.99,,,25/09/2026,25/09/2026,20:32:19,ClassifEspSWE-0002026-05-29_1,JOHANKARLSSON,202609261749LURHAINK,2026_25_sep_20,Citizen Science (ultrasonic) - shared
59~40306+18~07249_20260925_203226.wav,DEV_001_20260925_203226.wav,0,59.40306,18.07249,Phogri,Pholidoptera griseoaptera,Dark Bush-cricket,bush-cricket,0.99,,,25/09/2026,25/09/2026,20:32:26,ClassifEspSWE-0002026-05-29_1,JOHANKARLSSON,202609261749LURHAINK,2026_25_sep_20,Citizen Science (ultrasonic) - shared
59~40306+18~07249_20260925_203231.wav,DEV_001_20260925_203231.wav,0,59.40306,18.07249,Phogri,Pholidoptera griseoaptera,Dark Bush-cricket,bush-cricket,0.99,,,25/09/2026,25/09/2026,20:32:31,ClassifEspSWE-0002026-05-29_1,JOHANKARLSSON,202609261749LURHAINK,2026_25_sep_20,Citizen Science (ultrasonic) - shared
59~40306+18~07249_20260925_203236.wav,DEV_001_20260925_203236.wav,0,59.40306,18.07249,Phogri,Pholidoptera griseoaptera,Dark Bush-cricket,bush-cricket,0.7,,,25/09/2026,25/09/2026,20:32:36,ClassifEspSWE-0002026-05-29_1,JOHANKARLSSON,202609261749LURHAINK,2026_25_sep_20,Citizen Science (ultrasonic) - shared
59~40306+18~07249_20260925_203242.wav,DEV_001_20260925_203242.wav,0,59.40306,18.07249,Phogri,Pholidoptera griseoaptera,Dark Bush-cricket,bush-cricket,0.99,,,25/09/2026,25/09/2026,20:32:42,ClassifEspSWE-0002026-05-29_1,JOHANKARLSSON,202609261749LURHAINK,2026_25_sep_20,Citizen Science (ultrasonic) - shared
59~40306+18~07249_20260925_203249.wav,DEV_001_20260925_203249.wav,0,59.40306,18.07249,Phogri,Pholidoptera griseoaptera,Dark Bush-cricket,bush-cricket,0.96,,,25/09/2026,25/09/2026,20:32:49,ClassifEspSWE-0002026-05-29_1,JOHANKARLSSON,202609261749LURHAINK,2026_25_sep_20,Citizen Science (ultrasonic) - shared
59~40306+18~07249_20260925_203254.wav,DEV_001_20260925_203254.wav,0,59.40306,18.07249,Phogri,Pholidoptera griseoaptera,Dark Bush-cricket,bush-cricket,0.99,,,25/09/2026,25/09/2026,20:32:54,ClassifEspSWE-0002026-05-29_1,JOHANKARLSSON,202609261749LURHAINK,2026_25_sep_20,Citizen Science (ultrasonic) - shared
59~40306+18~07249_20260925_203301.wav,DEV_001_20260925_203301.wav,0,59.40306,18.07249,Phogri,Pholidoptera griseoaptera,Dark Bush-cricket,bush-cricket,0.99,,,25/09/2026,25/09/2026,20:33:01,ClassifEspSWE-0002026-05-29_1,JOHANKARLSSON,202609261749LURHAINK,2026_25_sep_20,Citizen Science (ultrasonic) - shared
59~40306+18~07249_20260925_203306.wav,DEV_001_20260925_203306.wav,0,59.40306,18.07249,Phogri,Pholidoptera griseoaptera,Dark Bush-cricket,bush-cricket,0.99,,,25/09/2026,25/09/2026,20:33:06,ClassifEspSWE-0002026-05-29_1,JOHANKARLSSON,202609261749LURHAINK,2026_25_sep_20,Citizen Science (ultrasonic) - shared
59~40306+18~07249_20260925_203312.wav,DEV_001_20260925_203312.wav,0,59.40306,18.07249,Phogri,Pholidoptera griseoaptera,Dark Bush-cricket,bush-cricket,0.96,,,25/09/2026,25/09/2026,20:33:12,ClassifEspSWE-0002026-05-29_1,JOHANKARLSSON,202609261749LURHAINK,2026_25_sep_20,Citizen Science (ultrasonic) - shared
59~40306+18~07249_20260925_203319.wav,DEV_001_20260925_203319.wav,0,59.40306,18.07249,Phogri,Pholidoptera griseoaptera,Dark Bush-cricket,bush-cricket,0.85,,,25/09/2026,25/09/2026,20:33:19,ClassifEspSWE-0002026-05-29_1,JOHANKARLSSON,202609261749LURHAINK,2026_25_sep_20,Citizen Science (ultrasonic) - shared
59~40306+18~07249_20260925_203324.wav,DEV_001_20260925_203324.wav,0,59.40306,18.07249,Phogri,Pholidoptera griseoaptera,Dark Bush-cricket,bush-cricket,0.98,,,25/09/2026,25/09/2026,20:33:24,ClassifEspSWE-0002026-05-29_1,JOHANKARLSSON,202609261749LURHAINK,2026_25_sep_20,Citizen Science (ultrasonic) - shared
59~40306+18~07249_20260925_203330.wav,DEV_001_20260925_203330.wav,0,59.40306,18.07249,Phogri,Pholidoptera griseoaptera,Dark Bush-cricket,bush-cricket,0.97,,,25/09/2026,25/09/2026,20:33:30,ClassifEspSWE-0002026-05-29_1,JOHANKARLSSON,202609261749LURHAINK,2026_25_sep_20,Citizen Science (ultrasonic) - shared
59~40306+18~07249_20260925_203335.wav,DEV_001_20260925_203335.wav,0,59.40306,18.07249,Phogri,Pholidoptera griseoaptera,Dark Bush-cricket,bush-cricket,0.97,,,25/09/2026,25/09/2026,20:33:35,ClassifEspSWE-0002026-05-29_1,JOHANKARLSSON,202609261749LURHAINK,2026_25_sep_20,Citizen Science (ultrasonic) - shared
59~40306+18~07249_20260925_203341.wav,DEV_001_20260925_203341.wav,0,59.40306,18.07249,Phogri,Pholidoptera griseoaptera,Dark Bush-cricket,bush-cricket,0.94,,,25/09/2026,25/09/2026,20:33:41,ClassifEspSWE-0002026-05-29_1,JOHANKARLSSON,202609261749LURHAINK,2026_25_sep_20,Citizen Science (ultrasonic) - shared
59~40306+18~07249_20260925_203348.wav,DEV_001_20260925_203348.wav,0,59.40306,18.07249,Phogri,Pholidoptera griseoaptera,Dark Bush-cricket,bush-cricket,0.99,,,25/09/2026,25/09/2026,20:33:48,ClassifEspSWE-0002026-05-29_1,JOHANKARLSSON,202609261749LURHAINK,2026_25_sep_20,Citizen Science (ultrasonic) - shared
59~40306+18~07249_20260925_203354.wav,DEV_001_20260925_203354.wav,0,59.40306,18.07249,Phogri,Pholidoptera griseoaptera,Dark Bush-cricket,bush-cricket,0.99,,,25/09/2026,25/09/2026,20:33:54,ClassifEspSWE-0002026-05-29_1,JOHANKARLSSON,202609261749LURHAINK,2026_25_sep_20,Citizen Science (ultrasonic) - shared
59~40306+18~07249_20260925_203400.wav,DEV_001_20260925_203400.wav,0,59.40306,18.07249,Phogri,Pholidoptera griseoaptera,Dark Bush-cricket,bush-cricket,0.98,,,25/09/2026,25/09/2026,20:34:00,ClassifEspSWE-0002026-05-29_1,JOHANKARLSSON,202609261749LURHAINK,2026_25_sep_20,Citizen Science (ultrasonic) - shared
59~40306+18~07249_20260925_203407.wav,DEV_001_20260925_203407.wav,0,59.40306,18.07249,Phogri,Pholidoptera griseoaptera,Dark Bush-cricket,bush-cricket,0.96,,,25/09/2026,25/09/2026,20:34:07,ClassifEspSWE-0002026-05-29_1,JOHANKARLSSON,202609261749LURHAINK,2026_25_sep_20,Citizen Science (ultrasonic) - shared
59~40306+18~07249_20260925_203412.wav,DEV_001_20260925_203412.wav,0,59.40306,18.07249,Phogri,Pholidoptera griseoaptera,Dark Bush-cricket,bush-cricket,0.99,,,25/09/2026,25/09/2026,20:34:12,ClassifEspSWE-0002026-05-29_1,JOHANKARLSSON,202609261749LURHAINK,2026_25_sep_20,Citizen Science (ultrasonic) - shared
59~40306+18~07249_20260925_203418.wav,DEV_001_20260925_203418.wav,0,59.40306,18.07249,Phogri,Pholidoptera griseoaptera,Dark Bush-cricket,bush-cricket,0.99,,,25/09/2026,25/09/2026,20:34:18,ClassifEspSWE-0002026-05-29_1,JOHANKARLSSON,202609261749LURHAINK,2026_25_sep_20,Citizen Science (ultrasonic) - shared
59~40306+18~07249_20260925_203425.wav,DEV_001_20260925_203425.wav,0,59.40306,18.07249,Phogri,Pholidoptera griseoaptera,Dark Bush-cricket,bush-cricket,0.95,,,25/09/2026,25/09/2026,20:34:25,ClassifEspSWE-0002026-05-29_1,JOHANKARLSSON,202609261749LURHAINK,2026_25_sep_20,Citizen Science (ultrasonic) - shared
59~40306+18~07249_20260925_203432.wav,DEV_001_20260925_203432.wav,0,59.40306,18.07249,Phogri,Pholidoptera griseoaptera,Dark Bush-cricket,bush-cricket,0.98,,,25/09/2026,25/09/2026,20:34:32,ClassifEspSWE-0002026-05-29_1,JOHANKARLSSON,202609261749LURHAINK,2026_25_sep_20,Citizen Science (ultrasonic) - shared
59~40306+18~07249_20260925_203438.wav,DEV_001_20260925_203438.wav,0,59.40306,18.07249,Phogri,Pholidoptera griseoaptera,Dark Bush-cricket,bush-cricket,0.99,,,25/09/2026,25/09/2026,20:34:38,ClassifEspSWE-0002026-05-29_1,JOHANKARLSSON,202609261749LURHAINK,2026_25_sep_20,Citizen Science (ultrasonic) - shared
59~40306+18~07249_20260925_203443.wav,DEV_001_20260925_203443.wav,0,59.40306,18.07249,Phogri,Pholidoptera griseoaptera,Dark Bush-cricket,bush-cricket,0.99,,,25/09/2026,25/09/2026,20:34:43,ClassifEspSWE-0002026-05-29_1,JOHANKARLSSON,202609261749LURHAINK,2026_25_sep_20,Citizen Science (ultrasonic) - shared
59~40306+18~07249_20260925_203449.wav,DEV_001_20260925_203449.wav,0,59.40306,18.07249,Phogri,Pholidoptera griseoaptera,Dark Bush-cricket,bush-cricket,0.98,,,25/09/2026,25/09/2026,20:34:49,ClassifEspSWE-0002026-05-29_1,JOHANKARLSSON,202609261749LURHAINK,2026_25_sep_20,Citizen Science (ultrasonic) - shared
59~40306+18~07249_20260925_203455.wav,DEV_001_20260925_203455.wav,0,59.40306,18.07249,Phogri,Pholidoptera griseoaptera,Dark Bush-cricket,bush-cricket,0.97,,,25/09/2026,25/09/2026,20:34:55,ClassifEspSWE-0002026-05-29_1,JOHANKARLSSON,202609261749LURHAINK,2026_25_sep_20,Citizen Science (ultrasonic) - shared
59~40306+18~07249_20260925_203500.wav,DEV_001_20260925_203500.wav,0,59.40306,18.07249,Phogri,Pholidoptera griseoaptera,Dark Bush-cricket,bush-cricket,0.99,,,25/09/2026,25/09/2026,20:35:00,ClassifEspSWE-0002026-05-29_1,JOHANKARLSSON,202609261749LURHAINK,2026_25_sep_20,Citizen Science (ultrasonic) - shared
59~40306+18~07249_20260925_203507.wav,DEV_001_20260925_203507.wav,0,59.40306,18.07249,Phogri,Pholidoptera griseoaptera,Dark Bush-cricket,bush-cricket,0.99,,,25/09/2026,25/09/2026,20:35:07,ClassifEspSWE-0002026-05-29_1,JOHANKARLSSON,202609261749LURHAINK,2026_25_sep_20,Citizen Science (ultrasonic) - shared
59~40306+18~07249_20260925_203513.wav,DEV_001_20260925_203513.wav,0,59.40306,18.07249,Phogri,Pholidoptera griseoaptera,Dark Bush-cricket,bush-cricket,0.98,,,25/09/2026,25/09/2026,20:35:13,ClassifEspSWE-0002026-05-29_1,JOHANKARLSSON,202609261749LURHAINK,2026_25_sep_20,Citizen Science (ultrasonic) - shared
59~40306+18~07249_20260925_203518.wav,DEV_001_20260925_203518.wav,0,59.40306,18.07249,Phogri,Pholidoptera griseoaptera,Dark Bush-cricket,bush-cricket,0.87,,,25/09/2026,25/09/2026,20:35:18,ClassifEspSWE-0002026-05-29_1,JOHANKARLSSON,202609261749LURHAINK,2026_25_sep_20,Citizen Science (ultrasonic) - shared
59~40306+18~07249_20260925_203524.wav,DEV_001_20260925_203524.wav,0,59.40306,18.07249,Phogri,Pholidoptera griseoaptera,Dark Bush-cricket,bush-cricket,0.97,,,25/09/2026,25/09/2026,20:35:24,ClassifEspSWE-0002026-05-29_1,JOHANKARLSSON,202609261749LURHAINK,2026_25_sep_20,Citizen Science (ultrasonic) - shared
59~40306+18~07249_20260925_203531.wav,DEV_001_20260925_203531.wav,0,59.40306,18.07249,Phogri,Pholidoptera griseoaptera,Dark Bush-cricket,bush-cricket,0.93,,,25/09/2026,25/09/2026,20:35:31,ClassifEspSWE-0002026-05-29_1,JOHANKARLSSON,202609261749LURHAINK,2026_25_sep_20,Citizen Science (ultrasonic) - shared
59~40306+18~07249_20260925_203536.wav,DEV_001_20260925_203536.wav,0,59.40306,18.07249,Phogri,Pholidoptera griseoaptera,Dark Bush-cricket,bush-cricket,0.93,,,25/09/2026,25/09/2026,20:35:36,ClassifEspSWE-0002026-05-29_1,JOHANKARLSSON,202609261749LURHAINK,2026_25_sep_20,Citizen Science (ultrasonic) - shared
59~40306+18~07249_20260925_203543.wav,DEV_001_20260925_203543.wav,0,59.40306,18.07249,Phogri,Pholidoptera griseoaptera,Dark Bush-cricket,bush-cricket,0.74,,,25/09/2026,25/09/2026,20:35:43,ClassifEspSWE-0002026-05-29_1,JOHANKARLSSON,202609261749LURHAINK,2026_25_sep_20,Citizen Science (ultrasonic) - shared
59~40306+18~07249_20260925_203550.wav,DEV_001_20260925_203550.wav,0,59.40306,18.07249,Phogri,Pholidoptera griseoaptera,Dark Bush-cricket,bush-cricket,0.98,,,25/09/2026,25/09/2026,20:35:50,ClassifEspSWE-0002026-05-29_1,JOHANKARLSSON,202609261749LURHAINK,2026_25_sep_20,Citizen Science (ultrasonic) - shared
59~40306+18~07249_20260925_203556.wav,DEV_001_20260925_203556.wav,0,59.40306,18.07249,Phogri,Pholidoptera griseoaptera,Dark Bush-cricket,bush-cricket,0.96,,,25/09/2026,25/09/2026,20:35:56,ClassifEspSWE-0002026-05-29_1,JOHANKARLSSON,202609261749LURHAINK,2026_25_sep_20,Citizen Science (ultrasonic) - shared
59~40306+18~07249_20260925_203601.wav,DEV_001_20260925_203601.wav,0,59.40306,18.07249,Phogri,Pholidoptera griseoaptera,Dark Bush-cricket,bush-cricket,0.97,,,25/09/2026,25/09/2026,20:36:01,ClassifEspSWE-0002026-05-29_1,JOHANKARLSSON,202609261749LURHAINK,2026_25_sep_20,Citizen Science (ultrasonic) - shared
59~40306+18~07249_20260925_203606.wav,DEV_001_20260925_203606.wav,0,59.40306,18.07249,Phogri,Pholidoptera griseoaptera,Dark Bush-cricket,bush-cricket,0.99,,,25/09/2026,25/09/2026,20:36:06,ClassifEspSWE-0002026-05-29_1,JOHANKARLSSON,202609261749LURHAINK,2026_25_sep_20,Citizen Science (ultrasonic) - shared
59~40306+18~07249_20260925_203613.wav,DEV_001_20260925_203613.wav,0,59.40306,18.07249,Phogri,Pholidoptera griseoaptera,Dark Bush-cricket,bush-cricket,0.91,,,25/09/2026,25/09/2026,20:36:13,ClassifEspSWE-0002026-05-29_1,JOHANKARLSSON,202609261749LURHAINK,2026_25_sep_20,Citizen Science (ultrasonic) - shared
59~40306+18~07249_20260925_203619.wav,DEV_001_20260925_203619.wav,0,59.40306,18.07249,Phogri,Pholidoptera griseoaptera,Dark Bush-cricket,bush-cricket,0.98,,,25/09/2026,25/09/2026,20:36:19,ClassifEspSWE-0002026-05-29_1,JOHANKARLSSON,202609261749LURHAINK,2026_25_sep_20,Citizen Science (ultrasonic) - shared
59~40306+18~07249_20260925_203626.wav,DEV_001_20260925_203626.wav,0,59.40306,18.07249,Phogri,Pholidoptera griseoaptera,Dark Bush-cricket,bush-cricket,0.91,,,25/09/2026,25/09/2026,20:36:26,ClassifEspSWE-0002026-05-29_1,JOHANKARLSSON,202609261749LURHAINK,2026_25_sep_20,Citizen Science (ultrasonic) - shared
59~40306+18~07249_20260925_203632.wav,DEV_001_20260925_203632.wav,0,59.40306,18.07249,Phogri,Pholidoptera griseoaptera,Dark Bush-cricket,bush-cricket,0.84,,,25/09/2026,25/09/2026,20:36:32,ClassifEspSWE-0002026-05-29_1,JOHANKARLSSON,202609261749LURHAINK,2026_25_sep_20,Citizen Science (ultrasonic) - shared
59~40306+18~07249_20260925_203638.wav,DEV_001_20260925_203638.wav,0,59.40306,18.07249,Phogri,Pholidoptera griseoaptera,Dark Bush-cricket,bush-cricket,0.93,,,25/09/2026,25/09/2026,20:36:38,ClassifEspSWE-0002026-05-29_1,JOHANKARLSSON,202609261749LURHAINK,2026_25_sep_20,Citizen Science (ultrasonic) - shared
59~40306+18~07249_20260925_203644.wav,DEV_001_20260925_203644.wav,0,59.40306,18.07249,Phogri,Pholidoptera griseoaptera,Dark Bush-cricket,bush-cricket,0.98,,,25/09/2026,25/09/2026,20:36:44,ClassifEspSWE-0002026-05-29_1,JOHANKARLSSON,202609261749LURHAINK,2026_25_sep_20,Citizen Science (ultrasonic) - shared
59~40306+18~07249_20260925_203650.wav,DEV_001_20260925_203650.wav,0,59.40306,18.07249,Phogri,Pholidoptera griseoaptera,Dark Bush-cricket,bush-cricket,0.98,,,25/09/2026,25/09/2026,20:36:50,ClassifEspSWE-0002026-05-29_1,JOHANKARLSSON,202609261749LURHAINK,2026_25_sep_20,Citizen Science (ultrasonic) - shared
59~40306+18~07249_20260925_203656.wav,DEV_001_20260925_203656.wav,0,59.40306,18.07249,Phogri,Pholidoptera griseoaptera,Dark Bush-cricket,bush-cricket,0.81,,,25/09/2026,25/09/2026,20:36:56,ClassifEspSWE-0002026-05-29_1,JOHANKARLSSON,202609261749LURHAINK,2026_25_sep_20,Citizen Science (ultrasonic) - shared
59~40306+18~07249_20260925_203702.wav,DEV_001_20260925_203702.wav,0,59.40306,18.07249,Phogri,Pholidoptera griseoaptera,Dark Bush-cricket,bush-cricket,0.97,,,25/09/2026,25/09/2026,20:37:02,ClassifEspSWE-0002026-05-29_1,JOHANKARLSSON,202609261749LURHAINK,2026_25_sep_20,Citizen Science (ultrasonic) - shared
59~40306+18~07249_20260925_203709.wav,DEV_001_20260925_203709.wav,0,59.40306,18.07249,Phogri,Pholidoptera griseoaptera,Dark Bush-cricket,bush-cricket,0.64,,,25/09/2026,25/09/2026,20:37:09,ClassifEspSWE-0002026-05-29_1,JOHANKARLSSON,202609261749LURHAINK,2026_25_sep_20,Citizen Science (ultrasonic) - shared
59~40306+18~07249_20260925_203716.wav,DEV_001_20260925_203716.wav,0,59.40306,18.07249,Phogri,Pholidoptera griseoaptera,Dark Bush-cricket,bush-cricket,0.87,,,25/09/2026,25/09/2026,20:37:16,ClassifEspSWE-0002026-05-29_1,JOHANKARLSSON,202609261749LURHAINK,2026_25_sep_20,Citizen Science (ultrasonic) - shared
59~40306+18~07249_20260925_203722.wav,DEV_001_20260925_203722.wav,0,59.40306,18.07249,Phogri,Pholidoptera griseoaptera,Dark Bush-cricket,bush-cricket,0.69,,,25/09/2026,25/09/2026,20:37:22,ClassifEspSWE-0002026-05-29_1,JOHANKARLSSON,202609261749LURHAINK,2026_25_sep_20,Citizen Science (ultrasonic) - shared
59~40306+18~07249_20260925_203728.wav,DEV_001_20260925_203728.wav,0,59.40306,18.07249,Phogri,Pholidoptera griseoaptera,Dark Bush-cricket,bush-cricket,0.96,,,25/09/2026,25/09/2026,20:37:28,ClassifEspSWE-0002026-05-29_1,JOHANKARLSSON,202609261749LURHAINK,2026_25_sep_20,Citizen Science (ultrasonic) - shared
59~40306+18~07249_20260925_203734.wav,DEV_001_20260925_203734.wav,0,59.40306,18.07249,Phogri,Pholidoptera griseoaptera,Dark Bush-cricket,bush-cricket,0.98,,,25/09/2026,25/09/2026,20:37:34,ClassifEspSWE-0002026-05-29_1,JOHANKARLSSON,202609261749LURHAINK,2026_25_sep_20,Citizen Science (ultrasonic) - shared
59~40306+18~07249_20260925_203740.wav,DEV_001_20260925_203740.wav,0,59.40306,18.07249,Phogri,Pholidoptera griseoaptera,Dark Bush-cricket,bush-cricket,0.69,,,25/09/2026,25/09/2026,20:37:40,ClassifEspSWE-0002026-05-29_1,JOHANKARLSSON,202609261749LURHAINK,2026_25_sep_20,Citizen Science (ultrasonic) - shared
59~40306+18~07249_20260925_203745.wav,DEV_001_20260925_203745.wav,0,59.40306,18.07249,Phogri,Pholidoptera griseoaptera,Dark Bush-cricket,bush-cricket,0.98,,,25/09/2026,25/09/2026,20:37:45,ClassifEspSWE-0002026-05-29_1,JOHANKARLSSON,202609261749LURHAINK,2026_25_sep_20,Citizen Science (ultrasonic) - shared
59~40306+18~07249_20260925_203752.wav,DEV_001_20260925_203752.wav,0,59.40306,18.07249,Phogri,Pholidoptera griseoaptera,Dark Bush-cricket,bush-cricket,0.98,,,25/09/2026,25/09/2026,20:37:52,ClassifEspSWE-0002026-05-29_1,JOHANKARLSSON,202609261749LURHAINK,2026_25_sep_20,Citizen Science (ultrasonic) - shared
59~40306+18~07249_20260925_203758.wav,DEV_001_20260925_203758.wav,0,59.40306,18.07249,Phogri,Pholidoptera griseoaptera,Dark Bush-cricket,bush-cricket,0.99,,,25/09/2026,25/09/2026,20:37:58,ClassifEspSWE-0002026-05-29_1,JOHANKARLSSON,202609261749LURHAINK,2026_25_sep_20,Citizen Science (ultrasonic) - shared
59~40306+18~07249_20260925_203805.wav,DEV_001_20260925_203805.wav,0,59.40306,18.07249,Phogri,Pholidoptera griseoaptera,Dark Bush-cricket,bush-cricket,0.97,,,25/09/2026,25/09/2026,20:38:05,ClassifEspSWE-0002026-05-29_1,JOHANKARLSSON,202609261749LURHAINK,2026_25_sep_20,Citizen Science (ultrasonic) - shared
59~40306+18~07249_20260925_203811.wav,DEV_001_20260925_203811.wav,0,59.40306,18.07249,Phogri,Pholidoptera griseoaptera,Dark Bush-cricket,bush-cricket,0.94,,,25/09/2026,25/09/2026,20:38:11,ClassifEspSWE-0002026-05-29_1,JOHANKARLSSON,202609261749LURHAINK,2026_25_sep_20,Citizen Science (ultrasonic) - shared
59~40306+18~07249_20260925_203816.wav,DEV_001_20260925_203816.wav,0,59.40306,18.07249,Phogri,Pholidoptera griseoaptera,Dark Bush-cricket,bush-cricket,0.95,,,25/09/2026,25/09/2026,20:38:16,ClassifEspSWE-0002026-05-29_1,JOHANKARLSSON,202609261749LURHAINK,2026_25_sep_20,Citizen Science (ultrasonic) - shared
59~40306+18~07249_20260925_203821.wav,DEV_001_20260925_203821.wav,0,59.40306,18.07249,Phogri,Pholidoptera griseoaptera,Dark Bush-cricket,bush-cricket,0.71,,,25/09/2026,25/09/2026,20:38:21,ClassifEspSWE-0002026-05-29_1,JOHANKARLSSON,202609261749LURHAINK,2026_25_sep_20,Citizen Science (ultrasonic) - shared
59~40306+18~07249_20260925_203827.wav,DEV_001_20260925_203827.wav,0,59.40306,18.07249,Phogri,Pholidoptera griseoaptera,Dark Bush-cricket,bush-cricket,0.71,,,25/09/2026,25/09/2026,20:38:27,ClassifEspSWE-0002026-05-29_1,JOHANKARLSSON,202609261749LURHAINK,2026_25_sep_20,Citizen Science (ultrasonic) - shared
59~40306+18~07249_20260925_203834.wav,DEV_001_20260925_203834.wav,0,59.40306,18.07249,Phogri,Pholidoptera griseoaptera,Dark Bush-cricket,bush-cricket,0.95,,,25/09/2026,25/09/2026,20:38:34,ClassifEspSWE-0002026-05-29_1,JOHANKARLSSON,202609261749LURHAINK,2026_25_sep_20,Citizen Science (ultrasonic) - shared
59~40306+18~07249_20260925_203840.wav,DEV_001_20260925_203840.wav,0,59.40306,18.07249,Phogri,Pholidoptera griseoaptera,Dark Bush-cricket,bush-cricket,0.92,,,25/09/2026,25/09/2026,20:38:40,ClassifEspSWE-0002026-05-29_1,JOHANKARLSSON,202609261749LURHAINK,2026_25_sep_20,Citizen Science (ultrasonic) - shared
59~40306+18~07249_20260925_203847.wav,DEV_001_20260925_203847.wav,0,59.40306,18.07249,Phogri,Pholidoptera griseoaptera,Dark Bush-cricket,bush-cricket,0.87,,,25/09/2026,25/09/2026,20:38:47,ClassifEspSWE-0002026-05-29_1,JOHANKARLSSON,202609261749LURHAINK,2026_25_sep_20,Citizen Science (ultrasonic) - shared
59~40306+18~07249_20260925_203853.wav,DEV_001_20260925_203853.wav,0,59.40306,18.07249,Phogri,Pholidoptera griseoaptera,Dark Bush-cricket,bush-cricket,0.89,,,25/09/2026,25/09/2026,20:38:53,ClassifEspSWE-0002026-05-29_1,JOHANKARLSSON,202609261749LURHAINK,2026_25_sep_20,Citizen Science (ultrasonic) - shared
59~40306+18~07249_20260925_203859.wav,DEV_001_20260925_203859.wav,0,59.40306,18.07249,Phogri,Pholidoptera griseoaptera,Dark Bush-cricket,bush-cricket,0.76,,,25/09/2026,25/09/2026,20:38:59,ClassifEspSWE-0002026-05-29_1,JOHANKARLSSON,202609261749LURHAINK,2026_25_sep_20,Citizen Science (ultrasonic) - shared
59~40306+18~07249_20260925_203905.wav,DEV_001_20260925_203905.wav,0,59.40306,18.07249,Phogri,Pholidoptera griseoaptera,Dark Bush-cricket,bush-cricket,0.87,,,25/09/2026,25/09/2026,20:39:05,ClassifEspSWE-0002026-05-29_1,JOHANKARLSSON,202609261749LURHAINK,2026_25_sep_20,Citizen Science (ultrasonic) - shared
59~40306+18~07249_20260925_203912.wav,DEV_001_20260925_203912.wav,0,59.40306,18.07249,Phogri,Pholidoptera griseoaptera,Dark Bush-cricket,bush-cricket,0.94,,,25/09/2026,25/09/2026,20:39:12,ClassifEspSWE-0002026-05-29_1,JOHANKARLSSON,202609261749LURHAINK,2026_25_sep_20,Citizen Science (ultrasonic) - shared
59~40306+18~07249_20260925_203917.wav,DEV_001_20260925_203917.wav,0,59.40306,18.07249,Phogri,Pholidoptera griseoaptera,Dark Bush-cricket,bush-cricket,0.77,,,25/09/2026,25/09/2026,20:39:17,ClassifEspSWE-0002026-05-29_1,JOHANKARLSSON,202609261749LURHAINK,2026_25_sep_20,Citizen Science (ultrasonic) - shared
59~40306+18~07249_20260925_203923.wav,DEV_001_20260925_203923.wav,0,59.40306,18.07249,Phogri,Pholidoptera griseoaptera,Dark Bush-cricket,bush-cricket,0.86,,,25/09/2026,25/09/2026,20:39:23,ClassifEspSWE-0002026-05-29_1,JOHANKARLSSON,202609261749LURHAINK,2026_25_sep_20,Citizen Science (ultrasonic) - shared
59~40306+18~07249_20260925_203930.wav,DEV_001_20260925_203930.wav,0,59.40306,18.07249,Phogri,Pholidoptera griseoaptera,Dark Bush-cricket,bush-cricket,0.63,,,25/09/2026,25/09/2026,20:39:30,ClassifEspSWE-0002026-05-29_1,JOHANKARLSSON,202609261749LURHAINK,2026_25_sep_20,Citizen Science (ultrasonic) - shared
59~40306+18~07249_20260925_203936.wav,DEV_001_20260925_203936.wav,0,59.40306,18.07249,Phogri,Pholidoptera griseoaptera,Dark Bush-cricket,bush-cricket,0.67,,,25/09/2026,25/09/2026,20:39:36,ClassifEspSWE-0002026-05-29_1,JOHANKARLSSON,202609261749LURHAINK,2026_25_sep_20,Citizen Science (ultrasonic) - shared
59~40306+18~07249_20260925_203942.wav,DEV_001_20260925_203942.wav,0,59.40306,18.07249,Phogri,Pholidoptera griseoaptera,Dark Bush-cricket,bush-cricket,0.88,,,25/09/2026,25/09/2026,20:39:42,ClassifEspSWE-0002026-05-29_1,JOHANKARLSSON,202609261749LURHAINK,2026_25_sep_20,Citizen Science (ultrasonic) - shared
59~40306+18~07249_20260925_203948.wav,DEV_001_20260925_203948.wav,0,59.40306,18.07249,Phogri,Pholidoptera griseoaptera,Dark Bush-cricket,bush-cricket,0.93,,,25/09/2026,25/09/2026,20:39:48,ClassifEspSWE-0002026-05-29_1,JOHANKARLSSON,202609261749LURHAINK,2026_25_sep_20,Citizen Science (ultrasonic) - shared
59~40306+18~07249_20260925_203954.wav,DEV_001_20260925_203954.wav,0,59.40306,18.07249,Phogri,Pholidoptera griseoaptera,Dark Bush-cricket,bush-cricket,0.91,,,25/09/2026,25/09/2026,20:39:54,ClassifEspSWE-0002026-05-29_1,JOHANKARLSSON,202609261749LURHAINK,2026_25_sep_20,Citizen Science (ultrasonic) - shared
59~40306+18~07249_20260925_204001.wav,DEV_001_20260925_204001.wav,0,59.40306,18.07249,Phogri,Pholidoptera griseoaptera,Dark Bush-cricket,bush-cricket,0.92,,,25/09/2026,25/09/2026,20:40:01,ClassifEspSWE-0002026-05-29_1,JOHANKARLSSON,202609261749LURHAINK,2026_25_sep_20,Citizen Science (ultrasonic) - shared
59~40306+18~07249_20260925_204007.wav,DEV_001_20260925_204007.wav,0,59.40306,18.07249,Phogri,Pholidoptera griseoaptera,Dark Bush-cricket,bush-cricket,0.71,,,25/09/2026,25/09/2026,20:40:07,ClassifEspSWE-0002026-05-29_1,JOHANKARLSSON,202609261749LURHAINK,2026_25_sep_20,Citizen Science (ultrasonic) - shared
59~40306+18~07249_20260925_204013.wav,DEV_001_20260925_204013.wav,0,59.40306,18.07249,Phogri,Pholidoptera griseoaptera,Dark Bush-cricket,bush-cricket,0.9,,,25/09/2026,25/09/2026,20:40:13,ClassifEspSWE-0002026-05-29_1,JOHANKARLSSON,202609261749LURHAINK,2026_25_sep_20,Citizen Science (ultrasonic) - shared
59~40306+18~07249_20260925_204020.wav,DEV_001_20260925_204020.wav,0,59.40306,18.07249,Phogri,Pholidoptera griseoaptera,Dark Bush-cricket,bush-cricket,0.82,,,25/09/2026,25/09/2026,20:40:20,ClassifEspSWE-0002026-05-29_1,JOHANKARLSSON,202609261749LURHAINK,2026_25_sep_20,Citizen Science (ultrasonic) - shared
59~40306+18~07249_20260925_204026.wav,DEV_001_20260925_204026.wav,0,59.40306,18.07249,Phogri,Pholidoptera griseoaptera,Dark Bush-cricket,bush-cricket,0.96,,,25/09/2026,25/09/2026,20:40:26,ClassifEspSWE-0002026-05-29_1,JOHANKARLSSON,202609261749LURHAINK,2026_25_sep_20,Citizen Science (ultrasonic) - shared
59~40306+18~07249_20260925_204031.wav,DEV_001_20260925_204031.wav,0,59.40306,18.07249,Phogri,Pholidoptera griseoaptera,Dark Bush-cricket,bush-cricket,0.72,,,25/09/2026,25/09/2026,20:40:31,ClassifEspSWE-0002026-05-29_1,JOHANKARLSSON,202609261749LURHAINK,2026_25_sep_20,Citizen Science (ultrasonic) - shared
59~40306+18~07249_20260925_204038.wav,DEV_001_20260925_204038.wav,0,59.40306,18.07249,Phogri,Pholidoptera griseoaptera,Dark Bush-cricket,bush-cricket,0.99,,,25/09/2026,25/09/2026,20:40:38,ClassifEspSWE-0002026-05-29_1,JOHANKARLSSON,202609261749LURHAINK,2026_25_sep_20,Citizen Science (ultrasonic) - shared
59~40306+18~07249_20260925_204044.wav,DEV_001_20260925_204044.wav,0,59.40306,18.07249,Phogri,Pholidoptera griseoaptera,Dark Bush-cricket,bush-cricket,0.98,,,25/09/2026,25/09/2026,20:40:44,ClassifEspSWE-0002026-05-29_1,JOHANKARLSSON,202609261749LURHAINK,2026_25_sep_20,Citizen Science (ultrasonic) - shared
59~40306+18~07249_20260925_204049.wav,DEV_001_20260925_204049.wav,0,59.40306,18.07249,Phogri,Pholidoptera griseoaptera,Dark Bush-cricket,bush-cricket,0.57,,,25/09/2026,25/09/2026,20:40:49,ClassifEspSWE-0002026-05-29_1,JOHANKARLSSON,202609261749LURHAINK,2026_25_sep_20,Citizen Science (ultrasonic) - shared
59~40306+18~07249_20260925_204055.wav,DEV_001_20260925_204055.wav,0,59.40306,18.07249,Phogri,Pholidoptera griseoaptera,Dark Bush-cricket,bush-cricket,0.85,,,25/09/2026,25/09/2026,20:40:55,ClassifEspSWE-0002026-05-29_1,JOHANKARLSSON,202609261749LURHAINK,2026_25_sep_20,Citizen Science (ultrasonic) - shared
59~40306+18~07249_20260925_204100.wav,DEV_001_20260925_204100.wav,0,59.40306,18.07249,Phogri,Pholidoptera griseoaptera,Dark Bush-cricket,bush-cricket,0.88,,,25/09/2026,25/09/2026,20:41:00,ClassifEspSWE-0002026-05-29_1,JOHANKARLSSON,202609261749LURHAINK,2026_25_sep_20,Citizen Science (ultrasonic) - shared
59~40306+18~07249_20260925_204105.wav,DEV_001_20260925_204105.wav,0,59.40306,18.07249,Phogri,Pholidoptera griseoaptera,Dark Bush-cricket,bush-cricket,0.98,,,25/09/2026,25/09/2026,20:41:05,ClassifEspSWE-0002026-05-29_1,JOHANKARLSSON,202609261749LURHAINK,2026_25_sep_20,Citizen Science (ultrasonic) - shared
59~40306+18~07249_20260925_204112.wav,DEV_001_20260925_204112.wav,0,59.40306,18.07249,Phogri,Pholidoptera griseoaptera,Dark Bush-cricket,bush-cricket,0.81,,,25/09/2026,25/09/2026,20:41:12,ClassifEspSWE-0002026-05-29_1,JOHANKARLSSON,202609261749LURHAINK,2026_25_sep_20,Citizen Science (ultrasonic) - shared
59~40306+18~07249_20260925_204117.wav,DEV_001_20260925_204117.wav,0,59.40306,18.07249,Phogri,Pholidoptera griseoaptera,Dark Bush-cricket,bush-cricket,0.92,,,25/09/2026,25/09/2026,20:41:17,ClassifEspSWE-0002026-05-29_1,JOHANKARLSSON,202609261749LURHAINK,2026_25_sep_20,Citizen Science (ultrasonic) - shared
59~40306+18~07249_20260925_204123.wav,DEV_001_20260925_204123.wav,0,59.40306,18.07249,Phogri,Pholidoptera griseoaptera,Dark Bush-cricket,bush-cricket,0.64,,,25/09/2026,25/09/2026,20:41:23,ClassifEspSWE-0002026-05-29_1,JOHANKARLSSON,202609261749LURHAINK,2026_25_sep_20,Citizen Science (ultrasonic) - shared
59~40306+18~07249_20260925_204128.wav,DEV_001_20260925_204128.wav,0,59.40306,18.07249,Phogri,Pholidoptera griseoaptera,Dark Bush-cricket,bush-cricket,0.97,,,25/09/2026,25/09/2026,20:41:28,ClassifEspSWE-0002026-05-29_1,JOHANKARLSSON,202609261749LURHAINK,2026_25_sep_20,Citizen Science (ultrasonic) - shared
59~40306+18~07249_20260925_204133.wav,DEV_001_20260925_204133.wav,0,59.40306,18.07249,Phogri,Pholidoptera griseoaptera,Dark Bush-cricket,bush-cricket,0.6,,,25/09/2026,25/09/2026,20:41:33,ClassifEspSWE-0002026-05-29_1,JOHANKARLSSON,202609261749LURHAINK,2026_25_sep_20,Citizen Science (ultrasonic) - shared
59~40306+18~07249_20260925_204138.wav,DEV_001_20260925_204138.wav,0,59.40306,18.07249,Phogri,Pholidoptera griseoaptera,Dark Bush-cricket,bush-cricket,0.96,,,25/09/2026,25/09/2026,20:41:38,ClassifEspSWE-0002026-05-29_1,JOHANKARLSSON,202609261749LURHAINK,2026_25_sep_20,Citizen Science (ultrasonic) - shared
59~40306+18~07249_20260925_204145.wav,DEV_001_20260925_204145.wav,0,59.40306,18.07249,Phogri,Pholidoptera griseoaptera,Dark Bush-cricket,bush-cricket,0.72,,,25/09/2026,25/09/2026,20:41:45,ClassifEspSWE-0002026-05-29_1,JOHANKARLSSON,202609261749LURHAINK,2026_25_sep_20,Citizen Science (ultrasonic) - shared
59~40306+18~07249_20260925_204150.wav,DEV_001_20260925_204150.wav,0,59.40306,18.07249,Phogri,Pholidoptera griseoaptera,Dark Bush-cricket,bush-cricket,0.65,,,25/09/2026,25/09/2026,20:41:50,ClassifEspSWE-0002026-05-29_1,JOHANKARLSSON,202609261749LURHAINK,2026_25_sep_20,Citizen Science (ultrasonic) - shared
59~40306+18~07249_20260925_204155.wav,DEV_001_20260925_204155.wav,0,59.40306,18.07249,Phogri,Pholidoptera griseoaptera,Dark Bush-cricket,bush-cricket,0.51,,,25/09/2026,25/09/2026,20:41:55,ClassifEspSWE-0002026-05-29_1,JOHANKARLSSON,202609261749LURHAINK,2026_25_sep_20,Citizen Science (ultrasonic) - shared
59~40306+18~07249_20260925_204200.wav,DEV_001_20260925_204200.wav,0,59.40306,18.07249,Phogri,Pholidoptera griseoaptera,Dark Bush-cricket,bush-cricket,0.93,,,25/09/2026,25/09/2026,20:42:00,ClassifEspSWE-0002026-05-29_1,JOHANKARLSSON,202609261749LURHAINK,2026_25_sep_20,Citizen Science (ultrasonic) - shared
59~40306+18~07249_20260925_204206.wav,DEV_001_20260925_204206.wav,0,59.40306,18.07249,Phogri,Pholidoptera griseoaptera,Dark Bush-cricket,bush-cricket,0.8,,,25/09/2026,25/09/2026,20:42:06,ClassifEspSWE-0002026-05-29_1,JOHANKARLSSON,202609261749LURHAINK,2026_25_sep_20,Citizen Science (ultrasonic) - shared
59~40306+18~07249_20260925_204212.wav,DEV_001_20260925_204212.wav,0,59.40306,18.07249,Phogri,Pholidoptera griseoaptera,Dark Bush-cricket,bush-cricket,0.9,,,25/09/2026,25/09/2026,20:42:12,ClassifEspSWE-0002026-05-29_1,JOHANKARLSSON,202609261749LURHAINK,2026_25_sep_20,Citizen Science (ultrasonic) - shared
59~40306+18~07249_20260925_204218.wav,DEV_001_20260925_204218.wav,0,59.40306,18.07249,Phogri,Pholidoptera griseoaptera,Dark Bush-cricket,bush-cricket,0.93,,,25/09/2026,25/09/2026,20:42:18,ClassifEspSWE-0002026-05-29_1,JOHANKARLSSON,202609261749LURHAINK,2026_25_sep_20,Citizen Science (ultrasonic) - shared
59~40306+18~07249_20260925_204225.wav,DEV_001_20260925_204225.wav,0,59.40306,18.07249,Phogri,Pholidoptera griseoaptera,Dark Bush-cricket,bush-cricket,0.87,,,25/09/2026,25/09/2026,20:42:25,ClassifEspSWE-0002026-05-29_1,JOHANKARLSSON,202609261749LURHAINK,2026_25_sep_20,Citizen Science (ultrasonic) - shared
59~40306+18~07249_20260925_204231.wav,DEV_001_20260925_204231.wav,0,59.40306,18.07249,Phogri,Pholidoptera griseoaptera,Dark Bush-cricket,bush-cricket,0.95,,,25/09/2026,25/09/2026,20:42:31,ClassifEspSWE-0002026-05-29_1,JOHANKARLSSON,202609261749LURHAINK,2026_25_sep_20,Citizen Science (ultrasonic) - shared
59~40306+18~07249_20260925_204237.wav,DEV_001_20260925_204237.wav,0,59.40306,18.07249,Phogri,Pholidoptera griseoaptera,Dark Bush-cricket,bush-cricket,0.72,,,25/09/2026,25/09/2026,20:42:37,ClassifEspSWE-0002026-05-29_1,JOHANKARLSSON,202609261749LURHAINK,2026_25_sep_20,Citizen Science (ultrasonic) - shared
59~40306+18~07249_20260925_204242.wav,DEV_001_20260925_204242.wav,0,59.40306,18.07249,Phogri,Pholidoptera griseoaptera,Dark Bush-cricket,bush-cricket,0.88,,,25/09/2026,25/09/2026,20:42:42,ClassifEspSWE-0002026-05-29_1,JOHANKARLSSON,202609261749LURHAINK,2026_25_sep_20,Citizen Science (ultrasonic) - shared
59~40306+18~07249_20260925_204248.wav,DEV_001_20260925_204248.wav,0,59.40306,18.07249,Phogri,Pholidoptera griseoaptera,Dark Bush-cricket,bush-cricket,0.94,,,25/09/2026,25/09/2026,20:42:48,ClassifEspSWE-0002026-05-29_1,JOHANKARLSSON,202609261749LURHAINK,2026_25_sep_20,Citizen Science (ultrasonic) - shared
59~40306+18~07249_20260925_204253.wav,DEV_001_20260925_204253.wav,0,59.40306,18.07249,Phogri,Pholidoptera griseoaptera,Dark Bush-cricket,bush-cricket,0.97,,,25/09/2026,25/09/2026,20:42:53,ClassifEspSWE-0002026-05-29_1,JOHANKARLSSON,202609261749LURHAINK,2026_25_sep_20,Citizen Science (ultrasonic) - shared
59~40306+18~07249_20260925_204259.wav,DEV_001_20260925_204259.wav,0,59.40306,18.07249,Phogri,Pholidoptera griseoaptera,Dark Bush-cricket,bush-cricket,0.93,,,25/09/2026,25/09/2026,20:42:59,ClassifEspSWE-0002026-05-29_1,JOHANKARLSSON,202609261749LURHAINK,2026_25_sep_20,Citizen Science (ultrasonic) - shared
59~40306+18~07249_20260925_204304.wav,DEV_001_20260925_204304.wav,0,59.40306,18.07249,Phogri,Pholidoptera griseoaptera,Dark Bush-cricket,bush-cricket,0.53,,,25/09/2026,25/09/2026,20:43:04,ClassifEspSWE-0002026-05-29_1,JOHANKARLSSON,202609261749LURHAINK,2026_25_sep_20,Citizen Science (ultrasonic) - shared
59~40306+18~07249_20260925_204309.wav,DEV_001_20260925_204309.wav,0,59.40306,18.07249,Phogri,Pholidoptera griseoaptera,Dark Bush-cricket,bush-cricket,0.82,,,25/09/2026,25/09/2026,20:43:09,ClassifEspSWE-0002026-05-29_1,JOHANKARLSSON,202609261749LURHAINK,2026_25_sep_20,Citizen Science (ultrasonic) - shared
59~40306+18~07249_20260925_204316.wav,DEV_001_20260925_204316.wav,0,59.40306,18.07249,Phogri,Pholidoptera griseoaptera,Dark Bush-cricket,bush-cricket,0.95,,,25/09/2026,25/09/2026,20:43:16,ClassifEspSWE-0002026-05-29_1,JOHANKARLSSON,202609261749LURHAINK,2026_25_sep_20,Citizen Science (ultrasonic) - shared
59~40306+18~07249_20260925_204321.wav,DEV_001_20260925_204321.wav,0,59.40306,18.07249,Phogri,Pholidoptera griseoaptera,Dark Bush-cricket,bush-cricket,0.83,,,25/09/2026,25/09/2026,20:43:21,ClassifEspSWE-0002026-05-29_1,JOHANKARLSSON,202609261749LURHAINK,2026_25_sep_20,Citizen Science (ultrasonic) - shared
59~40306+18~07249_20260925_204326.wav,DEV_001_20260925_204326.wav,0,59.40306,18.07249,Phogri,Pholidoptera griseoaptera,Dark Bush-cricket,bush-cricket,0.89,,,25/09/2026,25/09/2026,20:43:26,ClassifEspSWE-0002026-05-29_1,JOHANKARLSSON,202609261749LURHAINK,2026_25_sep_20,Citizen Science (ultrasonic) - shared
59~40306+18~07249_20260925_204331.wav,DEV_001_20260925_204331.wav,0,59.40306,18.07249,Phogri,Pholidoptera griseoaptera,Dark Bush-cricket,bush-cricket,0.97,,,25/09/2026,25/09/2026,20:43:31,ClassifEspSWE-0002026-05-29_1,JOHANKARLSSON,202609261749LURHAINK,2026_25_sep_20,Citizen Science (ultrasonic) - shared
59~40306+18~07249_20260925_204337.wav,DEV_001_20260925_204337.wav,0,59.40306,18.07249,Phogri,Pholidoptera griseoaptera,Dark Bush-cricket,bush-cricket,0.76,,,25/09/2026,25/09/2026,20:43:37,ClassifEspSWE-0002026-05-29_1,JOHANKARLSSON,202609261749LURHAINK,2026_25_sep_20,Citizen Science (ultrasonic) - shared
59~40306+18~07249_20260925_204342.wav,DEV_001_20260925_204342.wav,0,59.40306,18.07249,Phogri,Pholidoptera griseoaptera,Dark Bush-cricket,bush-cricket,0.9,,,25/09/2026,25/09/2026,20:43:42,ClassifEspSWE-0002026-05-29_1,JOHANKARLSSON,202609261749LURHAINK,2026_25_sep_20,Citizen Science (ultrasonic) - shared
59~40306+18~07249_20260925_204348.wav,DEV_001_20260925_204348.wav,0,59.40306,18.07249,Phogri,Pholidoptera griseoaptera,Dark Bush-cricket,bush-cricket,0.97,,,25/09/2026,25/09/2026,20:43:48,ClassifEspSWE-0002026-05-29_1,JOHANKARLSSON,202609261749LURHAINK,2026_25_sep_20,Citizen Science (ultrasonic) - shared
59~40306+18~07249_20260925_204354.wav,DEV_001_20260925_204354.wav,0,59.40306,18.07249,Phogri,Pholidoptera griseoaptera,Dark Bush-cricket,bush-cricket,0.93,,,25/09/2026,25/09/2026,20:43:54,ClassifEspSWE-0002026-05-29_1,JOHANKARLSSON,202609261749LURHAINK,2026_25_sep_20,Citizen Science (ultrasonic) - shared
59~40306+18~07249_20260925_204359.wav,DEV_001_20260925_204359.wav,0,59.40306,18.07249,Phogri,Pholidoptera griseoaptera,Dark Bush-cricket,bush-cricket,0.67,,,25/09/2026,25/09/2026,20:43:59,ClassifEspSWE-0002026-05-29_1,JOHANKARLSSON,202609261749LURHAINK,2026_25_sep_20,Citizen Science (ultrasonic) - shared
59~40306+18~07249_20260925_204405.wav,DEV_001_20260925_204405.wav,0,59.40306,18.07249,Phogri,Pholidoptera griseoaptera,Dark Bush-cricket,bush-cricket,0.99,,,25/09/2026,25/09/2026,20:44:05,ClassifEspSWE-0002026-05-29_1,JOHANKARLSSON,202609261749LURHAINK,2026_25_sep_20,Citizen Science (ultrasonic) - shared
59~40306+18~07249_20260925_204410.wav,DEV_001_20260925_204410.wav,0,59.40306,18.07249,Phogri,Pholidoptera griseoaptera,Dark Bush-cricket,bush-cricket,0.98,,,25/09/2026,25/09/2026,20:44:10,ClassifEspSWE-0002026-05-29_1,JOHANKARLSSON,202609261749LURHAINK,2026_25_sep_20,Citizen Science (ultrasonic) - shared
59~40306+18~07249_20260925_204416.wav,DEV_001_20260925_204416.wav,0,59.40306,18.07249,Phogri,Pholidoptera griseoaptera,Dark Bush-cricket,bush-cricket,0.98,,,25/09/2026,25/09/2026,20:44:16,ClassifEspSWE-0002026-05-29_1,JOHANKARLSSON,202609261749LURHAINK,2026_25_sep_20,Citizen Science (ultrasonic) - shared
59~40306+18~07249_20260925_204422.wav,DEV_001_20260925_204422.wav,0,59.40306,18.07249,Phogri,Pholidoptera griseoaptera,Dark Bush-cricket,bush-cricket,0.93,,,25/09/2026,25/09/2026,20:44:22,ClassifEspSWE-0002026-05-29_1,JOHANKARLSSON,202609261749LURHAINK,2026_25_sep_20,Citizen Science (ultrasonic) - shared
59~40306+18~07249_20260925_204427.wav,DEV_001_20260925_204427.wav,0,59.40306,18.07249,Phogri,Pholidoptera griseoaptera,Dark Bush-cricket,bush-cricket,0.96,,,25/09/2026,25/09/2026,20:44:27,ClassifEspSWE-0002026-05-29_1,JOHANKARLSSON,202609261749LURHAINK,2026_25_sep_20,Citizen Science (ultrasonic) - shared
59~40306+18~07249_20260925_204433.wav,DEV_001_20260925_204433.wav,0,59.40306,18.07249,Phogri,Pholidoptera griseoaptera,Dark Bush-cricket,bush-cricket,0.95,,,25/09/2026,25/09/2026,20:44:33,ClassifEspSWE-0002026-05-29_1,JOHANKARLSSON,202609261749LURHAINK,2026_25_sep_20,Citizen Science (ultrasonic) - shared
59~40306+18~07249_20260925_204438.wav,DEV_001_20260925_204438.wav,0,59.40306,18.07249,Phogri,Pholidoptera griseoaptera,Dark Bush-cricket,bush-cricket,0.97,,,25/09/2026,25/09/2026,20:44:38,ClassifEspSWE-0002026-05-29_1,JOHANKARLSSON,202609261749LURHAINK,2026_25_sep_20,Citizen Science (ultrasonic) - shared
59~40306+18~07249_20260925_204444.wav,DEV_001_20260925_204444.wav,0,59.40306,18.07249,Phogri,Pholidoptera griseoaptera,Dark Bush-cricket,bush-cricket,0.88,,,25/09/2026,25/09/2026,20:44:44,ClassifEspSWE-0002026-05-29_1,JOHANKARLSSON,202609261749LURHAINK,2026_25_sep_20,Citizen Science (ultrasonic) - shared
59~40306+18~07249_20260925_204449.wav,DEV_001_20260925_204449.wav,0,59.40306,18.07249,Phogri,Pholidoptera griseoaptera,Dark Bush-cricket,bush-cricket,0.9,,,25/09/2026,25/09/2026,20:44:49,ClassifEspSWE-0002026-05-29_1,JOHANKARLSSON,202609261749LURHAINK,2026_25_sep_20,Citizen Science (ultrasonic) - shared
59~40306+18~07249_20260925_204454.wav,DEV_001_20260925_204454.wav,0,59.40306,18.07249,Phogri,Pholidoptera griseoaptera,Dark Bush-cricket,bush-cricket,0.97,,,25/09/2026,25/09/2026,20:44:54,ClassifEspSWE-0002026-05-29_1,JOHANKARLSSON,202609261749LURHAINK,2026_25_sep_20,Citizen Science (ultrasonic) - shared
59~40306+18~07249_20260925_204506.wav,DEV_001_20260925_204506.wav,0,59.40306,18.07249,Phogri,Pholidoptera griseoaptera,Dark Bush-cricket,bush-cricket,0.84,,,25/09/2026,25/09/2026,20:45:06,ClassifEspSWE-0002026-05-29_1,JOHANKARLSSON,202609261749LURHAINK,2026_25_sep_20,Citizen Science (ultrasonic) - shared
59~40306+18~07249_20260925_204513.wav,DEV_001_20260925_204513.wav,0,59.40306,18.07249,Phogri,Pholidoptera griseoaptera,Dark Bush-cricket,bush-cricket,0.97,,,25/09/2026,25/09/2026,20:45:13,ClassifEspSWE-0002026-05-29_1,JOHANKARLSSON,202609261749LURHAINK,2026_25_sep_20,Citizen Science (ultrasonic) - shared
59~40306+18~07249_20260925_204519.wav,DEV_001_20260925_204519.wav,0,59.40306,18.07249,Phogri,Pholidoptera griseoaptera,Dark Bush-cricket,bush-cricket,0.85,,,25/09/2026,25/09/2026,20:45:19,ClassifEspSWE-0002026-05-29_1,JOHANKARLSSON,202609261749LURHAINK,2026_25_sep_20,Citizen Science (ultrasonic) - shared
59~40306+18~07249_20260925_204526.wav,DEV_001_20260925_204526.wav,0,59.40306,18.07249,Phogri,Pholidoptera griseoaptera,Dark Bush-cricket,bush-cricket,0.63,,,25/09/2026,25/09/2026,20:45:26,ClassifEspSWE-0002026-05-29_1,JOHANKARLSSON,202609261749LURHAINK,2026_25_sep_20,Citizen Science (ultrasonic) - shared
59~40306+18~07249_20260925_204533.wav,DEV_001_20260925_204533.wav,0,59.40306,18.07249,Phogri,Pholidoptera griseoaptera,Dark Bush-cricket,bush-cricket,0.98,,,25/09/2026,25/09/2026,20:45:33,ClassifEspSWE-0002026-05-29_1,JOHANKARLSSON,202609261749LURHAINK,2026_25_sep_20,Citizen Science (ultrasonic) - shared
59~40306+18~07249_20260925_204538.wav,DEV_001_20260925_204538.wav,0,59.40306,18.07249,Phogri,Pholidoptera griseoaptera,Dark Bush-cricket,bush-cricket,0.77,,,25/09/2026,25/09/2026,20:45:38,ClassifEspSWE-0002026-05-29_1,JOHANKARLSSON,202609261749LURHAINK,2026_25_sep_20,Citizen Science (ultrasonic) - shared
59~40306+18~07249_20260925_204545.wav,DEV_001_20260925_204545.wav,0,59.40306,18.07249,Phogri,Pholidoptera griseoaptera,Dark Bush-cricket,bush-cricket,0.98,,,25/09/2026,25/09/2026,20:45:45,ClassifEspSWE-0002026-05-29_1,JOHANKARLSSON,202609261749LURHAINK,2026_25_sep_20,Citizen Science (ultrasonic) - shared
59~40306+18~07249_20260925_204550.wav,DEV_001_20260925_204550.wav,0,59.40306,18.07249,Phogri,Pholidoptera griseoaptera,Dark Bush-cricket,bush-cricket,0.98,,,25/09/2026,25/09/2026,20:45:50,ClassifEspSWE-0002026-05-29_1,JOHANKARLSSON,202609261749LURHAINK,2026_25_sep_20,Citizen Science (ultrasonic) - shared
59~40306+18~07249_20260925_204556.wav,DEV_001_20260925_204556.wav,0,59.40306,18.07249,Phogri,Pholidoptera griseoaptera,Dark Bush-cricket,bush-cricket,0.97,,,25/09/2026,25/09/2026,20:45:56,ClassifEspSWE-0002026-05-29_1,JOHANKARLSSON,202609261749LURHAINK,2026_25_sep_20,Citizen Science (ultrasonic) - shared
59~40306+18~07249_20260925_204603.wav,DEV_001_20260925_204603.wav,0,59.40306,18.07249,Phogri,Pholidoptera griseoaptera,Dark Bush-cricket,bush-cricket,0.92,,,25/09/2026,25/09/2026,20:46:03,ClassifEspSWE-0002026-05-29_1,JOHANKARLSSON,202609261749LURHAINK,2026_25_sep_20,Citizen Science (ultrasonic) - shared
59~40306+18~07249_20260925_204608.wav,DEV_001_20260925_204608.wav,0,59.40306,18.07249,Phogri,Pholidoptera griseoaptera,Dark Bush-cricket,bush-cricket,0.87,,,25/09/2026,25/09/2026,20:46:08,ClassifEspSWE-0002026-05-29_1,JOHANKARLSSON,202609261749LURHAINK,2026_25_sep_20,Citizen Science (ultrasonic) - shared
59~40306+18~07249_20260925_204614.wav,DEV_001_20260925_204614.wav,0,59.40306,18.07249,Phogri,Pholidoptera griseoaptera,Dark Bush-cricket,bush-cricket,0.96,,,25/09/2026,25/09/2026,20:46:14,ClassifEspSWE-0002026-05-29_1,JOHANKARLSSON,202609261749LURHAINK,2026_25_sep_20,Citizen Science (ultrasonic) - shared
59~40306+18~07249_20260925_204619.wav,DEV_001_20260925_204619.wav,0,59.40306,18.07249,Phogri,Pholidoptera griseoaptera,Dark Bush-cricket,bush-cricket,0.96,,,25/09/2026,25/09/2026,20:46:19,ClassifEspSWE-0002026-05-29_1,JOHANKARLSSON,202609261749LURHAINK,2026_25_sep_20,Citizen Science (ultrasonic) - shared
59~40306+18~07249_20260925_204625.wav,DEV_001_20260925_204625.wav,0,59.40306,18.07249,Phogri,Pholidoptera griseoaptera,Dark Bush-cricket,bush-cricket,0.93,,,25/09/2026,25/09/2026,20:46:25,ClassifEspSWE-0002026-05-29_1,JOHANKARLSSON,202609261749LURHAINK,2026_25_sep_20,Citizen Science (ultrasonic) - shared
59~40306+18~07249_20260925_204630.wav,DEV_001_20260925_204630.wav,0,59.40306,18.07249,Phogri,Pholidoptera griseoaptera,Dark Bush-cricket,bush-cricket,0.99,,,25/09/2026,25/09/2026,20:46:30,ClassifEspSWE-0002026-05-29_1,JOHANKARLSSON,202609261749LURHAINK,2026_25_sep_20,Citizen Science (ultrasonic) - shared
59~40306+18~07249_20260925_204636.wav,DEV_001_20260925_204636.wav,0,59.40306,18.07249,Phogri,Pholidoptera griseoaptera,Dark Bush-cricket,bush-cricket,0.99,,,25/09/2026,25/09/2026,20:46:36,ClassifEspSWE-0002026-05-29_1,JOHANKARLSSON,202609261749LURHAINK,2026_25_sep_20,Citizen Science (ultrasonic) - shared
59~40306+18~07249_20260925_204642.wav,DEV_001_20260925_204642.wav,0,59.40306,18.07249,Phogri,Pholidoptera griseoaptera,Dark Bush-cricket,bush-cricket,0.95,,,25/09/2026,25/09/2026,20:46:42,ClassifEspSWE-0002026-05-29_1,JOHANKARLSSON,202609261749LURHAINK,2026_25_sep_20,Citizen Science (ultrasonic) - shared
59~40306+18~07249_20260925_204648.wav,DEV_001_20260925_204648.wav,0,59.40306,18.07249,Phogri,Pholidoptera griseoaptera,Dark Bush-cricket,bush-cricket,0.91,,,25/09/2026,25/09/2026,20:46:48,ClassifEspSWE-0002026-05-29_1,JOHANKARLSSON,202609261749LURHAINK,2026_25_sep_20,Citizen Science (ultrasonic) - shared
59~40306+18~07249_20260925_204654.wav,DEV_001_20260925_204654.wav,0,59.40306,18.07249,Phogri,Pholidoptera griseoaptera,Dark Bush-cricket,bush-cricket,0.95,,,25/09/2026,25/09/2026,20:46:54,ClassifEspSWE-0002026-05-29_1,JOHANKARLSSON,202609261749LURHAINK,2026_25_sep_20,Citizen Science (ultrasonic) - shared
59~40306+18~07249_20260925_204659.wav,DEV_001_20260925_204659.wav,0,59.40306,18.07249,Phogri,Pholidoptera griseoaptera,Dark Bush-cricket,bush-cricket,0.66,,,25/09/2026,25/09/2026,20:46:59,ClassifEspSWE-0002026-05-29_1,JOHANKARLSSON,202609261749LURHAINK,2026_25_sep_20,Citizen Science (ultrasonic) - shared
59~40306+18~07249_20260925_204705.wav,DEV_001_20260925_204705.wav,0,59.40306,18.07249,Phogri,Pholidoptera griseoaptera,Dark Bush-cricket,bush-cricket,0.69,,,25/09/2026,25/09/2026,20:47:05,ClassifEspSWE-0002026-05-29_1,JOHANKARLSSON,202609261749LURHAINK,2026_25_sep_20,Citizen Science (ultrasonic) - shared
59~40306+18~07249_20260925_204711.wav,DEV_001_20260925_204711.wav,0,59.40306,18.07249,Phogri,Pholidoptera griseoaptera,Dark Bush-cricket,bush-cricket,0.96,,,25/09/2026,25/09/2026,20:47:11,ClassifEspSWE-0002026-05-29_1,JOHANKARLSSON,202609261749LURHAINK,2026_25_sep_20,Citizen Science (ultrasonic) - shared
59~40306+18~07249_20260925_204716.wav,DEV_001_20260925_204716.wav,0,59.40306,18.07249,Phogri,Pholidoptera griseoaptera,Dark Bush-cricket,bush-cricket,0.63,,,25/09/2026,25/09/2026,20:47:16,ClassifEspSWE-0002026-05-29_1,JOHANKARLSSON,202609261749LURHAINK,2026_25_sep_20,Citizen Science (ultrasonic) - shared
59~40306+18~07249_20260925_204722.wav,DEV_001_20260925_204722.wav,0,59.40306,18.07249,Phogri,Pholidoptera griseoaptera,Dark Bush-cricket,bush-cricket,0.92,,,25/09/2026,25/09/2026,20:47:22,ClassifEspSWE-0002026-05-29_1,JOHANKARLSSON,202609261749LURHAINK,2026_25_sep_20,Citizen Science (ultrasonic) - shared
59~40306+18~07249_20260925_204727.wav,DEV_001_20260925_204727.wav,0,59.40306,18.07249,Phogri,Pholidoptera griseoaptera,Dark Bush-cricket,bush-cricket,0.99,,,25/09/2026,25/09/2026,20:47:27,ClassifEspSWE-0002026-05-29_1,JOHANKARLSSON,202609261749LURHAINK,2026_25_sep_20,Citizen Science (ultrasonic) - shared
59~40306+18~07249_20260925_204734.wav,DEV_001_20260925_204734.wav,0,59.40306,18.07249,Phogri,Pholidoptera griseoaptera,Dark Bush-cricket,bush-cricket,0.74,,,25/09/2026,25/09/2026,20:47:34,ClassifEspSWE-0002026-05-29_1,JOHANKARLSSON,202609261749LURHAINK,2026_25_sep_20,Citizen Science (ultrasonic) - shared
59~40306+18~07249_20260925_204739.wav,DEV_001_20260925_204739.wav,0,59.40306,18.07249,Phogri,Pholidoptera griseoaptera,Dark Bush-cricket,bush-cricket,0.61,,,25/09/2026,25/09/2026,20:47:39,ClassifEspSWE-0002026-05-29_1,JOHANKARLSSON,202609261749LURHAINK,2026_25_sep_20,Citizen Science (ultrasonic) - shared
59~40306+18~07249_20260925_204751.wav,DEV_001_20260925_204751.wav,0,59.40306,18.07249,Phogri,Pholidoptera griseoaptera,Dark Bush-cricket,bush-cricket,0.85,,,25/09/2026,25/09/2026,20:47:51,ClassifEspSWE-0002026-05-29_1,JOHANKARLSSON,202609261749LURHAINK,2026_25_sep_20,Citizen Science (ultrasonic) - shared
59~40306+18~07249_20260925_204757.wav,DEV_001_20260925_204757.wav,0,59.40306,18.07249,Phogri,Pholidoptera griseoaptera,Dark Bush-cricket,bush-cricket,0.55,,,25/09/2026,25/09/2026,20:47:57,ClassifEspSWE-0002026-05-29_1,JOHANKARLSSON,202609261749LURHAINK,2026_25_sep_20,Citizen Science (ultrasonic) - shared
59~40306+18~07249_20260925_204802.wav,DEV_001_20260925_204802.wav,0,59.40306,18.07249,Phogri,Pholidoptera griseoaptera,Dark Bush-cricket,bush-cricket,0.99,,,25/09/2026,25/09/2026,20:48:02,ClassifEspSWE-0002026-05-29_1,JOHANKARLSSON,202609261749LURHAINK,2026_25_sep_20,Citizen Science (ultrasonic) - shared
59~40306+18~07249_20260925_204808.wav,DEV_001_20260925_204808.wav,0,59.40306,18.07249,Phogri,Pholidoptera griseoaptera,Dark Bush-cricket,bush-cricket,0.92,,,25/09/2026,25/09/2026,20:48:08,ClassifEspSWE-0002026-05-29_1,JOHANKARLSSON,202609261749LURHAINK,2026_25_sep_20,Citizen Science (ultrasonic) - shared
59~40306+18~07249_20260925_204813.wav,DEV_001_20260925_204813.wav,0,59.40306,18.07249,Phogri,Pholidoptera griseoaptera,Dark Bush-cricket,bush-cricket,0.92,,,25/09/2026,25/09/2026,20:48:13,ClassifEspSWE-0002026-05-29_1,JOHANKARLSSON,202609261749LURHAINK,2026_25_sep_20,Citizen Science (ultrasonic) - shared
59~40306+18~07249_20260925_204819.wav,DEV_001_20260925_204819.wav,0,59.40306,18.07249,Phogri,Pholidoptera griseoaptera,Dark Bush-cricket,bush-cricket,0.99,,,25/09/2026,25/09/2026,20:48:19,ClassifEspSWE-0002026-05-29_1,JOHANKARLSSON,202609261749LURHAINK,2026_25_sep_20,Citizen Science (ultrasonic) - shared
59~40306+18~07249_20260925_204825.wav,DEV_001_20260925_204825.wav,0,59.40306,18.07249,Phogri,Pholidoptera griseoaptera,Dark Bush-cricket,bush-cricket,0.82,,,25/09/2026,25/09/2026,20:48:25,ClassifEspSWE-0002026-05-29_1,JOHANKARLSSON,202609261749LURHAINK,2026_25_sep_20,Citizen Science (ultrasonic) - shared
59~40306+18~07249_20260925_204830.wav,DEV_001_20260925_204830.wav,0,59.40306,18.07249,Phogri,Pholidoptera griseoaptera,Dark Bush-cricket,bush-cricket,0.99,,,25/09/2026,25/09/2026,20:48:30,ClassifEspSWE-0002026-05-29_1,JOHANKARLSSON,202609261749LURHAINK,2026_25_sep_20,Citizen Science (ultrasonic) - shared
59~40306+18~07249_20260925_204836.wav,DEV_001_20260925_204836.wav,0,59.40306,18.07249,Phogri,Pholidoptera griseoaptera,Dark Bush-cricket,bush-cricket,0.95,,,25/09/2026,25/09/2026,20:48:36,ClassifEspSWE-0002026-05-29_1,JOHANKARLSSON,202609261749LURHAINK,2026_25_sep_20,Citizen Science (ultrasonic) - shared
59~40306+18~07249_20260925_204841.wav,DEV_001_20260925_204841.wav,0,59.40306,18.07249,Phogri,Pholidoptera griseoaptera,Dark Bush-cricket,bush-cricket,0.94,,,25/09/2026,25/09/2026,20:48:41,ClassifEspSWE-0002026-05-29_1,JOHANKARLSSON,202609261749LURHAINK,2026_25_sep_20,Citizen Science (ultrasonic) - shared
59~40306+18~07249_20260925_204847.wav,DEV_001_20260925_204847.wav,0,59.40306,18.07249,Phogri,Pholidoptera griseoaptera,Dark Bush-cricket,bush-cricket,0.71,,,25/09/2026,25/09/2026,20:48:47,ClassifEspSWE-0002026-05-29_1,JOHANKARLSSON,202609261749LURHAINK,2026_25_sep_20,Citizen Science (ultrasonic) - shared
59~40306+18~07249_20260925_204852.wav,DEV_001_20260925_204852.wav,0,59.40306,18.07249,Phogri,Pholidoptera griseoaptera,Dark Bush-cricket,bush-cricket,0.97,,,25/09/2026,25/09/2026,20:48:52,ClassifEspSWE-0002026-05-29_1,JOHANKARLSSON,202609261749LURHAINK,2026_25_sep_20,Citizen Science (ultrasonic) - shared
59~40306+18~07249_20260925_204859.wav,DEV_001_20260925_204859.wav,0,59.40306,18.07249,Phogri,Pholidoptera griseoaptera,Dark Bush-cricket,bush-cricket,0.94,,,25/09/2026,25/09/2026,20:48:59,ClassifEspSWE-0002026-05-29_1,JOHANKARLSSON,202609261749LURHAINK,2026_25_sep_20,Citizen Science (ultrasonic) - shared
59~40306+18~07249_20260925_204905.wav,DEV_001_20260925_204905.wav,0,59.40306,18.07249,Phogri,Pholidoptera griseoaptera,Dark Bush-cricket,bush-cricket,0.97,,,25/09/2026,25/09/2026,20:49:05,ClassifEspSWE-0002026-05-29_1,JOHANKARLSSON,202609261749LURHAINK,2026_25_sep_20,Citizen Science (ultrasonic) - shared
59~40306+18~07249_20260925_204910.wav,DEV_001_20260925_204910.wav,0,59.40306,18.07249,Phogri,Pholidoptera griseoaptera,Dark Bush-cricket,bush-cricket,0.95,,,25/09/2026,25/09/2026,20:49:10,ClassifEspSWE-0002026-05-29_1,JOHANKARLSSON,202609261749LURHAINK,2026_25_sep_20,Citizen Science (ultrasonic) - shared
59~40306+18~07249_20260925_204916.wav,DEV_001_20260925_204916.wav,0,59.40306,18.07249,Phogri,Pholidoptera griseoaptera,Dark Bush-cricket,bush-cricket,0.96,,,25/09/2026,25/09/2026,20:49:16,ClassifEspSWE-0002026-05-29_1,JOHANKARLSSON,202609261749LURHAINK,2026_25_sep_20,Citizen Science (ultrasonic) - shared
59~40306+18~07249_20260925_204921.wav,DEV_001_20260925_204921.wav,0,59.40306,18.07249,Phogri,Pholidoptera griseoaptera,Dark Bush-cricket,bush-cricket,0.86,,,25/09/2026,25/09/2026,20:49:21,ClassifEspSWE-0002026-05-29_1,JOHANKARLSSON,202609261749LURHAINK,2026_25_sep_20,Citizen Science (ultrasonic) - shared
59~40306+18~07249_20260925_204927.wav,DEV_001_20260925_204927.wav,0,59.40306,18.07249,Phogri,Pholidoptera griseoaptera,Dark Bush-cricket,bush-cricket,0.99,,,25/09/2026,25/09/2026,20:49:27,ClassifEspSWE-0002026-05-29_1,JOHANKARLSSON,202609261749LURHAINK,2026_25_sep_20,Citizen Science (ultrasonic) - shared
59~40306+18~07249_20260925_204933.wav,DEV_001_20260925_204933.wav,0,59.40306,18.07249,Phogri,Pholidoptera griseoaptera,Dark Bush-cricket,bush-cricket,0.74,,,25/09/2026,25/09/2026,20:49:33,ClassifEspSWE-0002026-05-29_1,JOHANKARLSSON,202609261749LURHAINK,2026_25_sep_20,Citizen Science (ultrasonic) - shared
59~40306+18~07249_20260925_204939.wav,DEV_001_20260925_204939.wav,0,59.40306,18.07249,Phogri,Pholidoptera griseoaptera,Dark Bush-cricket,bush-cricket,0.87,,,25/09/2026,25/09/2026,20:49:39,ClassifEspSWE-0002026-05-29_1,JOHANKARLSSON,202609261749LURHAINK,2026_25_sep_20,Citizen Science (ultrasonic) - shared
59~40306+18~07249_20260925_204945.wav,DEV_001_20260925_204945.wav,0,59.40306,18.07249,Phogri,Pholidoptera griseoaptera,Dark Bush-cricket,bush-cricket,0.98,,,25/09/2026,25/09/2026,20:49:45,ClassifEspSWE-0002026-05-29_1,JOHANKARLSSON,202609261749LURHAINK,2026_25_sep_20,Citizen Science (ultrasonic) - shared
59~40306+18~07249_20260925_204951.wav,DEV_001_20260925_204951.wav,0,59.40306,18.07249,Phogri,Pholidoptera griseoaptera,Dark Bush-cricket,bush-cricket,0.99,,,25/09/2026,25/09/2026,20:49:51,ClassifEspSWE-0002026-05-29_1,JOHANKARLSSON,202609261749LURHAINK,2026_25_sep_20,Citizen Science (ultrasonic) - shared
59~40306+18~07249_20260925_204957.wav,DEV_001_20260925_204957.wav,0,59.40306,18.07249,Phogri,Pholidoptera griseoaptera,Dark Bush-cricket,bush-cricket,0.99,,,25/09/2026,25/09/2026,20:49:57,ClassifEspSWE-0002026-05-29_1,JOHANKARLSSON,202609261749LURHAINK,2026_25_sep_20,Citizen Science (ultrasonic) - shared
59~40306+18~07249_20260925_205002.wav,DEV_001_20260925_205002.wav,0,59.40306,18.07249,Phogri,Pholidoptera griseoaptera,Dark Bush-cricket,bush-cricket,0.98,,,25/09/2026,25/09/2026,20:50:02,ClassifEspSWE-0002026-05-29_1,JOHANKARLSSON,202609261749LURHAINK,2026_25_sep_20,Citizen Science (ultrasonic) - shared
59~40306+18~07249_20260925_205008.wav,DEV_001_20260925_205008.wav,0,59.40306,18.07249,Phogri,Pholidoptera griseoaptera,Dark Bush-cricket,bush-cricket,0.99,,,25/09/2026,25/09/2026,20:50:08,ClassifEspSWE-0002026-05-29_1,JOHANKARLSSON,202609261749LURHAINK,2026_25_sep_20,Citizen Science (ultrasonic) - shared
59~40306+18~07249_20260925_205013.wav,DEV_001_20260925_205013.wav,0,59.40306,18.07249,Phogri,Pholidoptera griseoaptera,Dark Bush-cricket,bush-cricket,0.99,,,25/09/2026,25/09/2026,20:50:13,ClassifEspSWE-0002026-05-29_1,JOHANKARLSSON,202609261749LURHAINK,2026_25_sep_20,Citizen Science (ultrasonic) - shared
59~40306+18~07249_20260925_205018.wav,DEV_001_20260925_205018.wav,0,59.40306,18.07249,Phogri,Pholidoptera griseoaptera,Dark Bush-cricket,bush-cricket,0.89,,,25/09/2026,25/09/2026,20:50:18,ClassifEspSWE-0002026-05-29_1,JOHANKARLSSON,202609261749LURHAINK,2026_25_sep_20,Citizen Science (ultrasonic) - shared
59~40306+18~07249_20260925_205024.wav,DEV_001_20260925_205024.wav,0,59.40306,18.07249,Phogri,Pholidoptera griseoaptera,Dark Bush-cricket,bush-cricket,0.88,,,25/09/2026,25/09/2026,20:50:24,ClassifEspSWE-0002026-05-29_1,JOHANKARLSSON,202609261749LURHAINK,2026_25_sep_20,Citizen Science (ultrasonic) - shared
59~40306+18~07249_20260925_205030.wav,DEV_001_20260925_205030.wav,0,59.40306,18.07249,Phogri,Pholidoptera griseoaptera,Dark Bush-cricket,bush-cricket,0.93,,,25/09/2026,25/09/2026,20:50:30,ClassifEspSWE-0002026-05-29_1,JOHANKARLSSON,202609261749LURHAINK,2026_25_sep_20,Citizen Science (ultrasonic) - shared
59~40306+18~07249_20260925_205035.wav,DEV_001_20260925_205035.wav,0,59.40306,18.07249,Phogri,Pholidoptera griseoaptera,Dark Bush-cricket,bush-cricket,0.64,,,25/09/2026,25/09/2026,20:50:35,ClassifEspSWE-0002026-05-29_1,JOHANKARLSSON,202609261749LURHAINK,2026_25_sep_20,Citizen Science (ultrasonic) - shared
59~40306+18~07249_20260925_205041.wav,DEV_001_20260925_205041.wav,0,59.40306,18.07249,Phogri,Pholidoptera griseoaptera,Dark Bush-cricket,bush-cricket,0.91,,,25/09/2026,25/09/2026,20:50:41,ClassifEspSWE-0002026-05-29_1,JOHANKARLSSON,202609261749LURHAINK,2026_25_sep_20,Citizen Science (ultrasonic) - shared
59~40306+18~07249_20260925_205047.wav,DEV_001_20260925_205047.wav,0,59.40306,18.07249,Phogri,Pholidoptera griseoaptera,Dark Bush-cricket,bush-cricket,0.96,,,25/09/2026,25/09/2026,20:50:47,ClassifEspSWE-0002026-05-29_1,JOHANKARLSSON,202609261749LURHAINK,2026_25_sep_20,Citizen Science (ultrasonic) - shared
59~40306+18~07249_20260925_205052.wav,DEV_001_20260925_205052.wav,0,59.40306,18.07249,Phogri,Pholidoptera griseoaptera,Dark Bush-cricket,bush-cricket,0.97,,,25/09/2026,25/09/2026,20:50:52,ClassifEspSWE-0002026-05-29_1,JOHANKARLSSON,202609261749LURHAINK,2026_25_sep_20,Citizen Science (ultrasonic) - shared
59~40306+18~07249_20260925_205057.wav,DEV_001_20260925_205057.wav,0,59.40306,18.07249,Phogri,Pholidoptera griseoaptera,Dark Bush-cricket,bush-cricket,0.99,,,25/09/2026,25/09/2026,20:50:57,ClassifEspSWE-0002026-05-29_1,JOHANKARLSSON,202609261749LURHAINK,2026_25_sep_20,Citizen Science (ultrasonic) - shared
59~40306+18~07249_20260925_205103.wav,DEV_001_20260925_205103.wav,0,59.40306,18.07249,Phogri,Pholidoptera griseoaptera,Dark Bush-cricket,bush-cricket,0.99,,,25/09/2026,25/09/2026,20:51:03,ClassifEspSWE-0002026-05-29_1,JOHANKARLSSON,202609261749LURHAINK,2026_25_sep_20,Citizen Science (ultrasonic) - shared
59~40306+18~07249_20260925_205108.wav,DEV_001_20260925_205108.wav,0,59.40306,18.07249,Phogri,Pholidoptera griseoaptera,Dark Bush-cricket,bush-cricket,0.98,,,25/09/2026,25/09/2026,20:51:08,ClassifEspSWE-0002026-05-29_1,JOHANKARLSSON,202609261749LURHAINK,2026_25_sep_20,Citizen Science (ultrasonic) - shared
59~40306+18~07249_20260925_205114.wav,DEV_001_20260925_205114.wav,0,59.40306,18.07249,Phogri,Pholidoptera griseoaptera,Dark Bush-cricket,bush-cricket,0.95,,,25/09/2026,25/09/2026,20:51:14,ClassifEspSWE-0002026-05-29_1,JOHANKARLSSON,202609261749LURHAINK,2026_25_sep_20,Citizen Science (ultrasonic) - shared
59~40306+18~07249_20260925_205120.wav,DEV_001_20260925_205120.wav,0,59.40306,18.07249,Phogri,Pholidoptera griseoaptera,Dark Bush-cricket,bush-cricket,0.82,,,25/09/2026,25/09/2026,20:51:20,ClassifEspSWE-0002026-05-29_1,JOHANKARLSSON,202609261749LURHAINK,2026_25_sep_20,Citizen Science (ultrasonic) - shared
59~40306+18~07249_20260925_205125.wav,DEV_001_20260925_205125.wav,0,59.40306,18.07249,Phogri,Pholidoptera griseoaptera,Dark Bush-cricket,bush-cricket,0.99,,,25/09/2026,25/09/2026,20:51:25,ClassifEspSWE-0002026-05-29_1,JOHANKARLSSON,202609261749LURHAINK,2026_25_sep_20,Citizen Science (ultrasonic) - shared
59~40306+18~07249_20260925_205137.wav,DEV_001_20260925_205137.wav,0,59.40306,18.07249,Phogri,Pholidoptera griseoaptera,Dark Bush-cricket,bush-cricket,0.69,,,25/09/2026,25/09/2026,20:51:37,ClassifEspSWE-0002026-05-29_1,JOHANKARLSSON,202609261749LURHAINK,2026_25_sep_20,Citizen Science (ultrasonic) - shared
59~40306+18~07249_20260925_205144.wav,DEV_001_20260925_205144.wav,0,59.40306,18.07249,Phogri,Pholidoptera griseoaptera,Dark Bush-cricket,bush-cricket,0.97,,,25/09/2026,25/09/2026,20:51:44,ClassifEspSWE-0002026-05-29_1,JOHANKARLSSON,202609261749LURHAINK,2026_25_sep_20,Citizen Science (ultrasonic) - shared
59~40306+18~07249_20260925_205151.wav,DEV_001_20260925_205151.wav,0,59.40306,18.07249,Phogri,Pholidoptera griseoaptera,Dark Bush-cricket,bush-cricket,0.9,,,25/09/2026,25/09/2026,20:51:51,ClassifEspSWE-0002026-05-29_1,JOHANKARLSSON,202609261749LURHAINK,2026_25_sep_20,Citizen Science (ultrasonic) - shared
59~40306+18~07249_20260925_205157.wav,DEV_001_20260925_205157.wav,0,59.40306,18.07249,Phogri,Pholidoptera griseoaptera,Dark Bush-cricket,bush-cricket,0.95,,,25/09/2026,25/09/2026,20:51:57,ClassifEspSWE-0002026-05-29_1,JOHANKARLSSON,202609261749LURHAINK,2026_25_sep_20,Citizen Science (ultrasonic) - shared
59~40306+18~07249_20260925_205203.wav,DEV_001_20260925_205203.wav,0,59.40306,18.07249,Phogri,Pholidoptera griseoaptera,Dark Bush-cricket,bush-cricket,0.6,,,25/09/2026,25/09/2026,20:52:03,ClassifEspSWE-0002026-05-29_1,JOHANKARLSSON,202609261749LURHAINK,2026_25_sep_20,Citizen Science (ultrasonic) - shared
59~40306+18~07249_20260925_205208.wav,DEV_001_20260925_205208.wav,0,59.40306,18.07249,Phogri,Pholidoptera griseoaptera,Dark Bush-cricket,bush-cricket,0.82,,,25/09/2026,25/09/2026,20:52:08,ClassifEspSWE-0002026-05-29_1,JOHANKARLSSON,202609261749LURHAINK,2026_25_sep_20,Citizen Science (ultrasonic) - shared
59~40306+18~07249_20260925_205214.wav,DEV_001_20260925_205214.wav,0,59.40306,18.07249,Phogri,Pholidoptera griseoaptera,Dark Bush-cricket,bush-cricket,0.98,,,25/09/2026,25/09/2026,20:52:14,ClassifEspSWE-0002026-05-29_1,JOHANKARLSSON,202609261749LURHAINK,2026_25_sep_20,Citizen Science (ultrasonic) - shared
59~40306+18~07249_20260925_205220.wav,DEV_001_20260925_205220.wav,0,59.40306,18.07249,Phogri,Pholidoptera griseoaptera,Dark Bush-cricket,bush-cricket,0.96,,,25/09/2026,25/09/2026,20:52:20,ClassifEspSWE-0002026-05-29_1,JOHANKARLSSON,202609261749LURHAINK,2026_25_sep_20,Citizen Science (ultrasonic) - shared
59~40306+18~07249_20260925_205225.wav,DEV_001_20260925_205225.wav,0,59.40306,18.07249,Phogri,Pholidoptera griseoaptera,Dark Bush-cricket,bush-cricket,0.99,,,25/09/2026,25/09/2026,20:52:25,ClassifEspSWE-0002026-05-29_1,JOHANKARLSSON,202609261749LURHAINK,2026_25_sep_20,Citizen Science (ultrasonic) - shared
59~40306+18~07249_20260925_205231.wav,DEV_001_20260925_205231.wav,0,59.40306,18.07249,Phogri,Pholidoptera griseoaptera,Dark Bush-cricket,bush-cricket,0.96,,,25/09/2026,25/09/2026,20:52:31,ClassifEspSWE-0002026-05-29_1,JOHANKARLSSON,202609261749LURHAINK,2026_25_sep_20,Citizen Science (ultrasonic) - shared
59~40306+18~07249_20260925_205237.wav,DEV_001_20260925_205237.wav,0,59.40306,18.07249,Phogri,Pholidoptera griseoaptera,Dark Bush-cricket,bush-cricket,0.99,,,25/09/2026,25/09/2026,20:52:37,ClassifEspSWE-0002026-05-29_1,JOHANKARLSSON,202609261749LURHAINK,2026_25_sep_20,Citizen Science (ultrasonic) - shared
59~40306+18~07249_20260925_205243.wav,DEV_001_20260925_205243.wav,0,59.40306,18.07249,Phogri,Pholidoptera griseoaptera,Dark Bush-cricket,bush-cricket,0.99,,,25/09/2026,25/09/2026,20:52:43,ClassifEspSWE-0002026-05-29_1,JOHANKARLSSON,202609261749LURHAINK,2026_25_sep_20,Citizen Science (ultrasonic) - shared
59~40306+18~07249_20260925_205249.wav,DEV_001_20260925_205249.wav,0,59.40306,18.07249,Phogri,Pholidoptera griseoaptera,Dark Bush-cricket,bush-cricket,0.97,,,25/09/2026,25/09/2026,20:52:49,ClassifEspSWE-0002026-05-29_1,JOHANKARLSSON,202609261749LURHAINK,2026_25_sep_20,Citizen Science (ultrasonic) - shared
59~40306+18~07249_20260925_205254.wav,DEV_001_20260925_205254.wav,0,59.40306,18.07249,Phogri,Pholidoptera griseoaptera,Dark Bush-cricket,bush-cricket,0.99,,,25/09/2026,25/09/2026,20:52:54,ClassifEspSWE-0002026-05-29_1,JOHANKARLSSON,202609261749LURHAINK,2026_25_sep_20,Citizen Science (ultrasonic) - shared
59~40306+18~07249_20260925_205300.wav,DEV_001_20260925_205300.wav,0,59.40306,18.07249,Phogri,Pholidoptera griseoaptera,Dark Bush-cricket,bush-cricket,0.98,,,25/09/2026,25/09/2026,20:53:00,ClassifEspSWE-0002026-05-29_1,JOHANKARLSSON,202609261749LURHAINK,2026_25_sep_20,Citizen Science (ultrasonic) - shared
59~40306+18~07249_20260925_205306.wav,DEV_001_20260925_205306.wav,0,59.40306,18.07249,Phogri,Pholidoptera griseoaptera,Dark Bush-cricket,bush-cricket,0.52,,,25/09/2026,25/09/2026,20:53:06,ClassifEspSWE-0002026-05-29_1,JOHANKARLSSON,202609261749LURHAINK,2026_25_sep_20,Citizen Science (ultrasonic) - shared
59~40306+18~07249_20260925_205311.wav,DEV_001_20260925_205311.wav,0,59.40306,18.07249,Phogri,Pholidoptera griseoaptera,Dark Bush-cricket,bush-cricket,0.73,,,25/09/2026,25/09/2026,20:53:11,ClassifEspSWE-0002026-05-29_1,JOHANKARLSSON,202609261749LURHAINK,2026_25_sep_20,Citizen Science (ultrasonic) - shared
59~40306+18~07249_20260925_205317.wav,DEV_001_20260925_205317.wav,0,59.40306,18.07249,Phogri,Pholidoptera griseoaptera,Dark Bush-cricket,bush-cricket,0.94,,,25/09/2026,25/09/2026,20:53:17,ClassifEspSWE-0002026-05-29_1,JOHANKARLSSON,202609261749LURHAINK,2026_25_sep_20,Citizen Science (ultrasonic) - shared
59~40306+18~07249_20260925_205322.wav,DEV_001_20260925_205322.wav,0,59.40306,18.07249,Phogri,Pholidoptera griseoaptera,Dark Bush-cricket,bush-cricket,0.97,,,25/09/2026,25/09/2026,20:53:22,ClassifEspSWE-0002026-05-29_1,JOHANKARLSSON,202609261749LURHAINK,2026_25_sep_20,Citizen Science (ultrasonic) - shared
59~40306+18~07249_20260925_205328.wav,DEV_001_20260925_205328.wav,0,59.40306,18.07249,Phogri,Pholidoptera griseoaptera,Dark Bush-cricket,bush-cricket,0.99,,,25/09/2026,25/09/2026,20:53:28,ClassifEspSWE-0002026-05-29_1,JOHANKARLSSON,202609261749LURHAINK,2026_25_sep_20,Citizen Science (ultrasonic) - shared
59~40306+18~07249_20260925_205333.wav,DEV_001_20260925_205333.wav,0,59.40306,18.07249,Phogri,Pholidoptera griseoaptera,Dark Bush-cricket,bush-cricket,0.98,,,25/09/2026,25/09/2026,20:53:33,ClassifEspSWE-0002026-05-29_1,JOHANKARLSSON,202609261749LURHAINK,2026_25_sep_20,Citizen Science (ultrasonic) - shared
59~40306+18~07249_20260925_205339.wav,DEV_001_20260925_205339.wav,0,59.40306,18.07249,Phogri,Pholidoptera griseoaptera,Dark Bush-cricket,bush-cricket,0.97,,,25/09/2026,25/09/2026,20:53:39,ClassifEspSWE-0002026-05-29_1,JOHANKARLSSON,202609261749LURHAINK,2026_25_sep_20,Citizen Science (ultrasonic) - shared
59~40306+18~07249_20260925_205345.wav,DEV_001_20260925_205345.wav,0,59.40306,18.07249,Phogri,Pholidoptera griseoaptera,Dark Bush-cricket,bush-cricket,0.99,,,25/09/2026,25/09/2026,20:53:45,ClassifEspSWE-0002026-05-29_1,JOHANKARLSSON,202609261749LURHAINK,2026_25_sep_20,Citizen Science (ultrasonic) - shared
59~40306+18~07249_20260925_205351.wav,DEV_001_20260925_205351.wav,0,59.40306,18.07249,Phogri,Pholidoptera griseoaptera,Dark Bush-cricket,bush-cricket,0.87,,,25/09/2026,25/09/2026,20:53:51,ClassifEspSWE-0002026-05-29_1,JOHANKARLSSON,202609261749LURHAINK,2026_25_sep_20,Citizen Science (ultrasonic) - shared
59~40306+18~07249_20260925_205357.wav,DEV_001_20260925_205357.wav,0,59.40306,18.07249,Phogri,Pholidoptera griseoaptera,Dark Bush-cricket,bush-cricket,0.98,,,25/09/2026,25/09/2026,20:53:57,ClassifEspSWE-0002026-05-29_1,JOHANKARLSSON,202609261749LURHAINK,2026_25_sep_20,Citizen Science (ultrasonic) - shared
59~40306+18~07249_20260925_205403.wav,DEV_001_20260925_205403.wav,0,59.40306,18.07249,Phogri,Pholidoptera griseoaptera,Dark Bush-cricket,bush-cricket,0.91,,,25/09/2026,25/09/2026,20:54:03,ClassifEspSWE-0002026-05-29_1,JOHANKARLSSON,202609261749LURHAINK,2026_25_sep_20,Citizen Science (ultrasonic) - shared
59~40306+18~07249_20260925_205409.wav,DEV_001_20260925_205409.wav,0,59.40306,18.07249,Phogri,Pholidoptera griseoaptera,Dark Bush-cricket,bush-cricket,0.5,,,25/09/2026,25/09/2026,20:54:09,ClassifEspSWE-0002026-05-29_1,JOHANKARLSSON,202609261749LURHAINK,2026_25_sep_20,Citizen Science (ultrasonic) - shared
59~40306+18~07249_20260925_205415.wav,DEV_001_20260925_205415.wav,0,59.40306,18.07249,Phogri,Pholidoptera griseoaptera,Dark Bush-cricket,bush-cricket,0.91,,,25/09/2026,25/09/2026,20:54:15,ClassifEspSWE-0002026-05-29_1,JOHANKARLSSON,202609261749LURHAINK,2026_25_sep_20,Citizen Science (ultrasonic) - shared
59~40306+18~07249_20260925_205421.wav,DEV_001_20260925_205421.wav,0,59.40306,18.07249,Phogri,Pholidoptera griseoaptera,Dark Bush-cricket,bush-cricket,0.93,,,25/09/2026,25/09/2026,20:54:21,ClassifEspSWE-0002026-05-29_1,JOHANKARLSSON,202609261749LURHAINK,2026_25_sep_20,Citizen Science (ultrasonic) - shared
59~40306+18~07249_20260925_205427.wav,DEV_001_20260925_205427.wav,0,59.40306,18.07249,Phogri,Pholidoptera griseoaptera,Dark Bush-cricket,bush-cricket,0.61,,,25/09/2026,25/09/2026,20:54:27,ClassifEspSWE-0002026-05-29_1,JOHANKARLSSON,202609261749LURHAINK,2026_25_sep_20,Citizen Science (ultrasonic) - shared
59~40306+18~07249_20260925_205433.wav,DEV_001_20260925_205433.wav,0,59.40306,18.07249,Phogri,Pholidoptera griseoaptera,Dark Bush-cricket,bush-cricket,0.97,,,25/09/2026,25/09/2026,20:54:33,ClassifEspSWE-0002026-05-29_1,JOHANKARLSSON,202609261749LURHAINK,2026_25_sep_20,Citizen Science (ultrasonic) - shared
59~40306+18~07249_20260925_205440.wav,DEV_001_20260925_205440.wav,0,59.40306,18.07249,Phogri,Pholidoptera griseoaptera,Dark Bush-cricket,bush-cricket,0.98,,,25/09/2026,25/09/2026,20:54:40,ClassifEspSWE-0002026-05-29_1,JOHANKARLSSON,202609261749LURHAINK,2026_25_sep_20,Citizen Science (ultrasonic) - shared
59~40306+18~07249_20260925_205446.wav,DEV_001_20260925_205446.wav,0,59.40306,18.07249,Phogri,Pholidoptera griseoaptera,Dark Bush-cricket,bush-cricket,0.9,,,25/09/2026,25/09/2026,20:54:46,ClassifEspSWE-0002026-05-29_1,JOHANKARLSSON,202609261749LURHAINK,2026_25_sep_20,Citizen Science (ultrasonic) - shared
59~40306+18~07249_20260925_205452.wav,DEV_001_20260925_205452.wav,0,59.40306,18.07249,Phogri,Pholidoptera griseoaptera,Dark Bush-cricket,bush-cricket,0.65,,,25/09/2026,25/09/2026,20:54:52,ClassifEspSWE-0002026-05-29_1,JOHANKARLSSON,202609261749LURHAINK,2026_25_sep_20,Citizen Science (ultrasonic) - shared
59~40306+18~07249_20260925_205458.wav,DEV_001_20260925_205458.wav,0,59.40306,18.07249,Phogri,Pholidoptera griseoaptera,Dark Bush-cricket,bush-cricket,0.82,,,25/09/2026,25/09/2026,20:54:58,ClassifEspSWE-0002026-05-29_1,JOHANKARLSSON,202609261749LURHAINK,2026_25_sep_20,Citizen Science (ultrasonic) - shared
59~40306+18~07249_20260925_205504.wav,DEV_001_20260925_205504.wav,0,59.40306,18.07249,Phogri,Pholidoptera griseoaptera,Dark Bush-cricket,bush-cricket,0.89,,,25/09/2026,25/09/2026,20:55:04,ClassifEspSWE-0002026-05-29_1,JOHANKARLSSON,202609261749LURHAINK,2026_25_sep_20,Citizen Science (ultrasonic) - shared
59~40306+18~07249_20260925_205510.wav,DEV_001_20260925_205510.wav,0,59.40306,18.07249,Phogri,Pholidoptera griseoaptera,Dark Bush-cricket,bush-cricket,0.99,,,25/09/2026,25/09/2026,20:55:10,ClassifEspSWE-0002026-05-29_1,JOHANKARLSSON,202609261749LURHAINK,2026_25_sep_20,Citizen Science (ultrasonic) - shared
59~40306+18~07249_20260925_205516.wav,DEV_001_20260925_205516.wav,0,59.40306,18.07249,Phogri,Pholidoptera griseoaptera,Dark Bush-cricket,bush-cricket,0.85,,,25/09/2026,25/09/2026,20:55:16,ClassifEspSWE-0002026-05-29_1,JOHANKARLSSON,202609261749LURHAINK,2026_25_sep_20,Citizen Science (ultrasonic) - shared
59~40306+18~07249_20260925_205522.wav,DEV_001_20260925_205522.wav,0,59.40306,18.07249,Phogri,Pholidoptera griseoaptera,Dark Bush-cricket,bush-cricket,0.96,,,25/09/2026,25/09/2026,20:55:22,ClassifEspSWE-0002026-05-29_1,JOHANKARLSSON,202609261749LURHAINK,2026_25_sep_20,Citizen Science (ultrasonic) - shared
59~40306+18~07249_20260925_205527.wav,DEV_001_20260925_205527.wav,0,59.40306,18.07249,Phogri,Pholidoptera griseoaptera,Dark Bush-cricket,bush-cricket,0.98,,,25/09/2026,25/09/2026,20:55:27,ClassifEspSWE-0002026-05-29_1,JOHANKARLSSON,202609261749LURHAINK,2026_25_sep_20,Citizen Science (ultrasonic) - shared
59~40306+18~07249_20260925_205534.wav,DEV_001_20260925_205534.wav,0,59.40306,18.07249,Phogri,Pholidoptera griseoaptera,Dark Bush-cricket,bush-cricket,0.86,,,25/09/2026,25/09/2026,20:55:34,ClassifEspSWE-0002026-05-29_1,JOHANKARLSSON,202609261749LURHAINK,2026_25_sep_20,Citizen Science (ultrasonic) - shared
59~40306+18~07249_20260925_205540.wav,DEV_001_20260925_205540.wav,0,59.40306,18.07249,Phogri,Pholidoptera griseoaptera,Dark Bush-cricket,bush-cricket,0.9,,,25/09/2026,25/09/2026,20:55:40,ClassifEspSWE-0002026-05-29_1,JOHANKARLSSON,202609261749LURHAINK,2026_25_sep_20,Citizen Science (ultrasonic) - shared
59~40306+18~07249_20260925_205545.wav,DEV_001_20260925_205545.wav,0,59.40306,18.07249,Phogri,Pholidoptera griseoaptera,Dark Bush-cricket,bush-cricket,0.87,,,25/09/2026,25/09/2026,20:55:45,ClassifEspSWE-0002026-05-29_1,JOHANKARLSSON,202609261749LURHAINK,2026_25_sep_20,Citizen Science (ultrasonic) - shared
59~40306+18~07249_20260925_205551.wav,DEV_001_20260925_205551.wav,0,59.40306,18.07249,Phogri,Pholidoptera griseoaptera,Dark Bush-cricket,bush-cricket,0.78,,,25/09/2026,25/09/2026,20:55:51,ClassifEspSWE-0002026-05-29_1,JOHANKARLSSON,202609261749LURHAINK,2026_25_sep_20,Citizen Science (ultrasonic) - shared
59~40306+18~07249_20260925_205557.wav,DEV_001_20260925_205557.wav,0,59.40306,18.07249,Phogri,Pholidoptera griseoaptera,Dark Bush-cricket,bush-cricket,0.8,,,25/09/2026,25/09/2026,20:55:57,ClassifEspSWE-0002026-05-29_1,JOHANKARLSSON,202609261749LURHAINK,2026_25_sep_20,Citizen Science (ultrasonic) - shared
59~40306+18~07249_20260925_205603.wav,DEV_001_20260925_205603.wav,0,59.40306,18.07249,Phogri,Pholidoptera griseoaptera,Dark Bush-cricket,bush-cricket,0.84,,,25/09/2026,25/09/2026,20:56:03,ClassifEspSWE-0002026-05-29_1,JOHANKARLSSON,202609261749LURHAINK,2026_25_sep_20,Citizen Science (ultrasonic) - shared
59~40306+18~07249_20260925_205609.wav,DEV_001_20260925_205609.wav,0,59.40306,18.07249,Phogri,Pholidoptera griseoaptera,Dark Bush-cricket,bush-cricket,0.97,,,25/09/2026,25/09/2026,20:56:09,ClassifEspSWE-0002026-05-29_1,JOHANKARLSSON,202609261749LURHAINK,2026_25_sep_20,Citizen Science (ultrasonic) - shared
59~40306+18~07249_20260925_205616.wav,DEV_001_20260925_205616.wav,0,59.40306,18.07249,Phogri,Pholidoptera griseoaptera,Dark Bush-cricket,bush-cricket,0.98,,,25/09/2026,25/09/2026,20:56:16,ClassifEspSWE-0002026-05-29_1,JOHANKARLSSON,202609261749LURHAINK,2026_25_sep_20,Citizen Science (ultrasonic) - shared
59~40306+18~07249_20260925_205622.wav,DEV_001_20260925_205622.wav,0,59.40306,18.07249,Phogri,Pholidoptera griseoaptera,Dark Bush-cricket,bush-cricket,0.99,,,25/09/2026,25/09/2026,20:56:22,ClassifEspSWE-0002026-05-29_1,JOHANKARLSSON,202609261749LURHAINK,2026_25_sep_20,Citizen Science (ultrasonic) - shared
59~40306+18~07249_20260925_205628.wav,DEV_001_20260925_205628.wav,0,59.40306,18.07249,Phogri,Pholidoptera griseoaptera,Dark Bush-cricket,bush-cricket,0.71,,,25/09/2026,25/09/2026,20:56:28,ClassifEspSWE-0002026-05-29_1,JOHANKARLSSON,202609261749LURHAINK,2026_25_sep_20,Citizen Science (ultrasonic) - shared
59~40306+18~07249_20260925_205635.wav,DEV_001_20260925_205635.wav,0,59.40306,18.07249,Phogri,Pholidoptera griseoaptera,Dark Bush-cricket,bush-cricket,0.98,,,25/09/2026,25/09/2026,20:56:35,ClassifEspSWE-0002026-05-29_1,JOHANKARLSSON,202609261749LURHAINK,2026_25_sep_20,Citizen Science (ultrasonic) - shared
59~40306+18~07249_20260925_205641.wav,DEV_001_20260925_205641.wav,0,59.40306,18.07249,Phogri,Pholidoptera griseoaptera,Dark Bush-cricket,bush-cricket,0.84,,,25/09/2026,25/09/2026,20:56:41,ClassifEspSWE-0002026-05-29_1,JOHANKARLSSON,202609261749LURHAINK,2026_25_sep_20,Citizen Science (ultrasonic) - shared
59~40306+18~07249_20260925_205648.wav,DEV_001_20260925_205648.wav,0,59.40306,18.07249,Phogri,Pholidoptera griseoaptera,Dark Bush-cricket,bush-cricket,0.95,,,25/09/2026,25/09/2026,20:56:48,ClassifEspSWE-0002026-05-29_1,JOHANKARLSSON,202609261749LURHAINK,2026_25_sep_20,Citizen Science (ultrasonic) - shared
59~40306+18~07249_20260925_205654.wav,DEV_001_20260925_205654.wav,0,59.40306,18.07249,Phogri,Pholidoptera griseoaptera,Dark Bush-cricket,bush-cricket,0.96,,,25/09/2026,25/09/2026,20:56:54,ClassifEspSWE-0002026-05-29_1,JOHANKARLSSON,202609261749LURHAINK,2026_25_sep_20,Citizen Science (ultrasonic) - shared
59~40306+18~07249_20260925_205701.wav,DEV_001_20260925_205701.wav,0,59.40306,18.07249,Phogri,Pholidoptera griseoaptera,Dark Bush-cricket,bush-cricket,0.97,,,25/09/2026,25/09/2026,20:57:01,ClassifEspSWE-0002026-05-29_1,JOHANKARLSSON,202609261749LURHAINK,2026_25_sep_20,Citizen Science (ultrasonic) - shared
59~40306+18~07249_20260925_205707.wav,DEV_001_20260925_205707.wav,0,59.40306,18.07249,Phogri,Pholidoptera griseoaptera,Dark Bush-cricket,bush-cricket,0.96,,,25/09/2026,25/09/2026,20:57:07,ClassifEspSWE-0002026-05-29_1,JOHANKARLSSON,202609261749LURHAINK,2026_25_sep_20,Citizen Science (ultrasonic) - shared
59~40306+18~07249_20260925_205713.wav,DEV_001_20260925_205713.wav,0,59.40306,18.07249,Phogri,Pholidoptera griseoaptera,Dark Bush-cricket,bush-cricket,0.83,,,25/09/2026,25/09/2026,20:57:13,ClassifEspSWE-0002026-05-29_1,JOHANKARLSSON,202609261749LURHAINK,2026_25_sep_20,Citizen Science (ultrasonic) - shared
59~40306+18~07249_20260925_205720.wav,DEV_001_20260925_205720.wav,0,59.40306,18.07249,Phogri,Pholidoptera griseoaptera,Dark Bush-cricket,bush-cricket,0.99,,,25/09/2026,25/09/2026,20:57:20,ClassifEspSWE-0002026-05-29_1,JOHANKARLSSON,202609261749LURHAINK,2026_25_sep_20,Citizen Science (ultrasonic) - shared
59~40306+18~07249_20260925_205726.wav,DEV_001_20260925_205726.wav,0,59.40306,18.07249,Phogri,Pholidoptera griseoaptera,Dark Bush-cricket,bush-cricket,0.99,,,25/09/2026,25/09/2026,20:57:26,ClassifEspSWE-0002026-05-29_1,JOHANKARLSSON,202609261749LURHAINK,2026_25_sep_20,Citizen Science (ultrasonic) - shared
59~40306+18~07249_20260925_205732.wav,DEV_001_20260925_205732.wav,0,59.40306,18.07249,Phogri,Pholidoptera griseoaptera,Dark Bush-cricket,bush-cricket,0.98,,,25/09/2026,25/09/2026,20:57:32,ClassifEspSWE-0002026-05-29_1,JOHANKARLSSON,202609261749LURHAINK,2026_25_sep_20,Citizen Science (ultrasonic) - shared
59~40306+18~07249_20260925_205738.wav,DEV_001_20260925_205738.wav,0,59.40306,18.07249,Phogri,Pholidoptera griseoaptera,Dark Bush-cricket,bush-cricket,0.97,,,25/09/2026,25/09/2026,20:57:38,ClassifEspSWE-0002026-05-29_1,JOHANKARLSSON,202609261749LURHAINK,2026_25_sep_20,Citizen Science (ultrasonic) - shared
59~40306+18~07249_20260925_205745.wav,DEV_001_20260925_205745.wav,0,59.40306,18.07249,Phogri,Pholidoptera griseoaptera,Dark Bush-cricket,bush-cricket,0.9,,,25/09/2026,25/09/2026,20:57:45,ClassifEspSWE-0002026-05-29_1,JOHANKARLSSON,202609261749LURHAINK,2026_25_sep_20,Citizen Science (ultrasonic) - shared
59~40306+18~07249_20260925_205750.wav,DEV_001_20260925_205750.wav,0,59.40306,18.07249,Phogri,Pholidoptera griseoaptera,Dark Bush-cricket,bush-cricket,0.86,,,25/09/2026,25/09/2026,20:57:50,ClassifEspSWE-0002026-05-29_1,JOHANKARLSSON,202609261749LURHAINK,2026_25_sep_20,Citizen Science (ultrasonic) - shared
59~40306+18~07249_20260925_205756.wav,DEV_001_20260925_205756.wav,0,59.40306,18.07249,Phogri,Pholidoptera griseoaptera,Dark Bush-cricket,bush-cricket,0.93,,,25/09/2026,25/09/2026,20:57:56,ClassifEspSWE-0002026-05-29_1,JOHANKARLSSON,202609261749LURHAINK,2026_25_sep_20,Citizen Science (ultrasonic) - shared
59~40306+18~07249_20260925_205802.wav,DEV_001_20260925_205802.wav,0,59.40306,18.07249,Phogri,Pholidoptera griseoaptera,Dark Bush-cricket,bush-cricket,0.97,,,25/09/2026,25/09/2026,20:58:02,ClassifEspSWE-0002026-05-29_1,JOHANKARLSSON,202609261749LURHAINK,2026_25_sep_20,Citizen Science (ultrasonic) - shared
59~40306+18~07249_20260925_205808.wav,DEV_001_20260925_205808.wav,0,59.40306,18.07249,Phogri,Pholidoptera griseoaptera,Dark Bush-cricket,bush-cricket,0.96,,,25/09/2026,25/09/2026,20:58:08,ClassifEspSWE-0002026-05-29_1,JOHANKARLSSON,202609261749LURHAINK,2026_25_sep_20,Citizen Science (ultrasonic) - shared
59~40306+18~07249_20260925_205814.wav,DEV_001_20260925_205814.wav,0,59.40306,18.07249,Phogri,Pholidoptera griseoaptera,Dark Bush-cricket,bush-cricket,0.97,,,25/09/2026,25/09/2026,20:58:14,ClassifEspSWE-0002026-05-29_1,JOHANKARLSSON,202609261749LURHAINK,2026_25_sep_20,Citizen Science (ultrasonic) - shared
59~40306+18~07249_20260925_205821.wav,DEV_001_20260925_205821.wav,0,59.40306,18.07249,Phogri,Pholidoptera griseoaptera,Dark Bush-cricket,bush-cricket,0.98,,,25/09/2026,25/09/2026,20:58:21,ClassifEspSWE-0002026-05-29_1,JOHANKARLSSON,202609261749LURHAINK,2026_25_sep_20,Citizen Science (ultrasonic) - shared
59~40306+18~07249_20260925_205827.wav,DEV_001_20260925_205827.wav,0,59.40306,18.07249,Phogri,Pholidoptera griseoaptera,Dark Bush-cricket,bush-cricket,0.98,,,25/09/2026,25/09/2026,20:58:27,ClassifEspSWE-0002026-05-29_1,JOHANKARLSSON,202609261749LURHAINK,2026_25_sep_20,Citizen Science (ultrasonic) - shared
59~40306+18~07249_20260925_205833.wav,DEV_001_20260925_205833.wav,0,59.40306,18.07249,Phogri,Pholidoptera griseoaptera,Dark Bush-cricket,bush-cricket,0.98,,,25/09/2026,25/09/2026,20:58:33,ClassifEspSWE-0002026-05-29_1,JOHANKARLSSON,202609261749LURHAINK,2026_25_sep_20,Citizen Science (ultrasonic) - shared
59~40306+18~07249_20260925_205839.wav,DEV_001_20260925_205839.wav,0,59.40306,18.07249,Phogri,Pholidoptera griseoaptera,Dark Bush-cricket,bush-cricket,0.91,,,25/09/2026,25/09/2026,20:58:39,ClassifEspSWE-0002026-05-29_1,JOHANKARLSSON,202609261749LURHAINK,2026_25_sep_20,Citizen Science (ultrasonic) - shared
59~40306+18~07249_20260925_205844.wav,DEV_001_20260925_205844.wav,0,59.40306,18.07249,Phogri,Pholidoptera griseoaptera,Dark Bush-cricket,bush-cricket,0.99,,,25/09/2026,25/09/2026,20:58:44,ClassifEspSWE-0002026-05-29_1,JOHANKARLSSON,202609261749LURHAINK,2026_25_sep_20,Citizen Science (ultrasonic) - shared
59~40306+18~07249_20260925_205850.wav,DEV_001_20260925_205850.wav,0,59.40306,18.07249,Phogri,Pholidoptera griseoaptera,Dark Bush-cricket,bush-cricket,0.99,,,25/09/2026,25/09/2026,20:58:50,ClassifEspSWE-0002026-05-29_1,JOHANKARLSSON,202609261749LURHAINK,2026_25_sep_20,Citizen Science (ultrasonic) - shared
59~40306+18~07249_20260925_205856.wav,DEV_001_20260925_205856.wav,0,59.40306,18.07249,Phogri,Pholidoptera griseoaptera,Dark Bush-cricket,bush-cricket,0.99,,,25/09/2026,25/09/2026,20:58:56,ClassifEspSWE-0002026-05-29_1,JOHANKARLSSON,202609261749LURHAINK,2026_25_sep_20,Citizen Science (ultrasonic) - shared
59~40306+18~07249_20260925_205901.wav,DEV_001_20260925_205901.wav,0,59.40306,18.07249,Phogri,Pholidoptera griseoaptera,Dark Bush-cricket,bush-cricket,0.99,,,25/09/2026,25/09/2026,20:59:01,ClassifEspSWE-0002026-05-29_1,JOHANKARLSSON,202609261749LURHAINK,2026_25_sep_20,Citizen Science (ultrasonic) - shared
59~40306+18~07249_20260925_205907.wav,DEV_001_20260925_205907.wav,0,59.40306,18.07249,Phogri,Pholidoptera griseoaptera,Dark Bush-cricket,bush-cricket,0.99,,,25/09/2026,25/09/2026,20:59:07,ClassifEspSWE-0002026-05-29_1,JOHANKARLSSON,202609261749LURHAINK,2026_25_sep_20,Citizen Science (ultrasonic) - shared
59~40306+18~07249_20260925_205913.wav,DEV_001_20260925_205913.wav,0,59.40306,18.07249,Phogri,Pholidoptera griseoaptera,Dark Bush-cricket,bush-cricket,0.99,,,25/09/2026,25/09/2026,20:59:13,ClassifEspSWE-0002026-05-29_1,JOHANKARLSSON,202609261749LURHAINK,2026_25_sep_20,Citizen Science (ultrasonic) - shared
59~40306+18~07249_20260925_205918.wav,DEV_001_20260925_205918.wav,0,59.40306,18.07249,Phogri,Pholidoptera griseoaptera,Dark Bush-cricket,bush-cricket,0.98,,,25/09/2026,25/09/2026,20:59:18,ClassifEspSWE-0002026-05-29_1,JOHANKARLSSON,202609261749LURHAINK,2026_25_sep_20,Citizen Science (ultrasonic) - shared
59~40306+18~07249_20260925_205925.wav,DEV_001_20260925_205925.wav,0,59.40306,18.07249,Phogri,Pholidoptera griseoaptera,Dark Bush-cricket,bush-cricket,0.96,,,25/09/2026,25/09/2026,20:59:25,ClassifEspSWE-0002026-05-29_1,JOHANKARLSSON,202609261749LURHAINK,2026_25_sep_20,Citizen Science (ultrasonic) - shared
59~40306+18~07249_20260925_205934.wav,DEV_001_20260925_205934.wav,0,59.40306,18.07249,Phogri,Pholidoptera griseoaptera,Dark Bush-cricket,bush-cricket,0.99,,,25/09/2026,25/09/2026,20:59:34,ClassifEspSWE-0002026-05-29_1,JOHANKARLSSON,202609261749LURHAINK,2026_25_sep_20,Citizen Science (ultrasonic) - shared
59~40306+18~07249_20260925_205940.wav,DEV_001_20260925_205940.wav,0,59.40306,18.07249,Phogri,Pholidoptera griseoaptera,Dark Bush-cricket,bush-cricket,0.98,,,25/09/2026,25/09/2026,20:59:40,ClassifEspSWE-0002026-05-29_1,JOHANKARLSSON,202609261749LURHAINK,2026_25_sep_20,Citizen Science (ultrasonic) - shared
59~40306+18~07249_20260925_205945.wav,DEV_001_20260925_205945.wav,0,59.40306,18.07249,Phogri,Pholidoptera griseoaptera,Dark Bush-cricket,bush-cricket,0.97,,,25/09/2026,25/09/2026,20:59:45,ClassifEspSWE-0002026-05-29_1,JOHANKARLSSON,202609261749LURHAINK,2026_25_sep_20,Citizen Science (ultrasonic) - shared
59~40306+18~07249_20260925_205951.wav,DEV_001_20260925_205951.wav,0,59.40306,18.07249,Phogri,Pholidoptera griseoaptera,Dark Bush-cricket,bush-cricket,0.98,,,25/09/2026,25/09/2026,20:59:51,ClassifEspSWE-0002026-05-29_1,JOHANKARLSSON,202609261749LURHAINK,2026_25_sep_20,Citizen Science (ultrasonic) - shared