RECORDING FILE NAME,ORIGINAL FILE NAME,ORIGINAL FILE PART,LATITUDE,LONGITUDE,SPECIES,SCIENTIFIC NAME,ENGLISH NAME,SPECIES GROUP,PROBABILITY,WARNINGS,CALL TYPE,ACTUAL DATE,SURVEY DATE,TIME,CLASSIFIER NAME,USER ID,UPLOAD KEY,BATCH NAME,PROJECT NAME
59~40304+18~07242_20260927_195544.wav,DEV_002_20260927_195544.wav,0,59.40304,18.07242,Nycnoc,Nyctalus noctula,Noctule,bat,0.92,,echolocation,27/09/2026,27/09/2026,19:55:44,ClassifEspSWE-0002026-05-29_1,JOHANKARLSSON,202609290745OY4UGOY4,,Citizen Science (ultrasonic) - shared
59~40304+18~07242_20260927_195549.wav,DEV_002_20260927_195549.wav,0,59.40304,18.07242,Nycnoc,Nyctalus noctula,Noctule,bat,0.99,,echolocation,27/09/2026,27/09/2026,19:55:49,ClassifEspSWE-0002026-05-29_1,JOHANKARLSSON,202609290745OY4UGOY4,,Citizen Science (ultrasonic) - shared
59~40304+18~07242_20260927_195554.wav,DEV_002_20260927_195554.wav,0,59.40304,18.07242,Nycnoc,Nyctalus noctula,Noctule,bat,0.65,,echolocation,27/09/2026,27/09/2026,19:55:54,ClassifEspSWE-0002026-05-29_1,JOHANKARLSSON,202609290745OY4UGOY4,,Citizen Science (ultrasonic) - shared
59~40304+18~07242_20260927_190250.wav,DEV_002_20260927_190250.wav,0,59.40304,18.07242,Pippyg,Pipistrellus pygmaeus,Soprano Pipistrelle,bat,0.16,Low confidence,echolocation,27/09/2026,27/09/2026,19:02:50,ClassifEspSWE-0002026-05-29_1,JOHANKARLSSON,202609290745OY4UGOY4,,Citizen Science (ultrasonic) - shared
59~40304+18~07242_20260927_190333.wav,DEV_002_20260927_190333.wav,0,59.40304,18.07242,Pippyg,Pipistrellus pygmaeus,Soprano Pipistrelle,bat,0.79,,echolocation,27/09/2026,27/09/2026,19:03:33,ClassifEspSWE-0002026-05-29_1,JOHANKARLSSON,202609290745OY4UGOY4,,Citizen Science (ultrasonic) - shared
59~40304+18~07242_20260927_190410.wav,DEV_002_20260927_190410.wav,0,59.40304,18.07242,Pippyg,Pipistrellus pygmaeus,Soprano Pipistrelle,bat,0.15,,echolocation,27/09/2026,27/09/2026,19:04:10,ClassifEspSWE-0002026-05-29_1,JOHANKARLSSON,202609290745OY4UGOY4,,Citizen Science (ultrasonic) - shared
59~40304+18~07242_20260927_190650.wav,DEV_002_20260927_190650.wav,0,59.40304,18.07242,Pippyg,Pipistrellus pygmaeus,Soprano Pipistrelle,bat,0.14,,echolocation,27/09/2026,27/09/2026,19:06:50,ClassifEspSWE-0002026-05-29_1,JOHANKARLSSON,202609290745OY4UGOY4,,Citizen Science (ultrasonic) - shared
59~40304+18~07242_20260927_190809.wav,DEV_002_20260927_190809.wav,0,59.40304,18.07242,Pippyg,Pipistrellus pygmaeus,Soprano Pipistrelle,bat,0.57,,echolocation,27/09/2026,27/09/2026,19:08:09,ClassifEspSWE-0002026-05-29_1,JOHANKARLSSON,202609290745OY4UGOY4,,Citizen Science (ultrasonic) - shared
59~40304+18~07242_20260927_191256.wav,DEV_002_20260927_191256.wav,0,59.40304,18.07242,Pippyg,Pipistrellus pygmaeus,Soprano Pipistrelle,bat,0.51,,echolocation,27/09/2026,27/09/2026,19:12:56,ClassifEspSWE-0002026-05-29_1,JOHANKARLSSON,202609290745OY4UGOY4,,Citizen Science (ultrasonic) - shared
59~40304+18~07242_20260927_191313.wav,DEV_002_20260927_191313.wav,0,59.40304,18.07242,Pippyg,Pipistrellus pygmaeus,Soprano Pipistrelle,bat,0.13,,echolocation,27/09/2026,27/09/2026,19:13:13,ClassifEspSWE-0002026-05-29_1,JOHANKARLSSON,202609290745OY4UGOY4,,Citizen Science (ultrasonic) - shared
59~40304+18~07242_20260927_191340.wav,DEV_002_20260927_191340.wav,0,59.40304,18.07242,Pippyg,Pipistrellus pygmaeus,Soprano Pipistrelle,bat,0.69,,echolocation,27/09/2026,27/09/2026,19:13:40,ClassifEspSWE-0002026-05-29_1,JOHANKARLSSON,202609290745OY4UGOY4,,Citizen Science (ultrasonic) - shared
59~40304+18~07242_20260927_191346.wav,DEV_002_20260927_191346.wav,0,59.40304,18.07242,Pippyg,Pipistrellus pygmaeus,Soprano Pipistrelle,bat,0.74,,echolocation,27/09/2026,27/09/2026,19:13:46,ClassifEspSWE-0002026-05-29_1,JOHANKARLSSON,202609290745OY4UGOY4,,Citizen Science (ultrasonic) - shared
59~40304+18~07242_20260927_191407.wav,DEV_002_20260927_191407.wav,0,59.40304,18.07242,Pippyg,Pipistrellus pygmaeus,Soprano Pipistrelle,bat,0.84,,echolocation,27/09/2026,27/09/2026,19:14:07,ClassifEspSWE-0002026-05-29_1,JOHANKARLSSON,202609290745OY4UGOY4,,Citizen Science (ultrasonic) - shared
59~40304+18~07242_20260927_191518.wav,DEV_002_20260927_191518.wav,0,59.40304,18.07242,Pippyg,Pipistrellus pygmaeus,Soprano Pipistrelle,bat,0.85,,echolocation,27/09/2026,27/09/2026,19:15:18,ClassifEspSWE-0002026-05-29_1,JOHANKARLSSON,202609290745OY4UGOY4,,Citizen Science (ultrasonic) - shared
59~40304+18~07242_20260927_191722.wav,DEV_002_20260927_191722.wav,0,59.40304,18.07242,Pippyg,Pipistrellus pygmaeus,Soprano Pipistrelle,bat,0.45,,echolocation,27/09/2026,27/09/2026,19:17:22,ClassifEspSWE-0002026-05-29_1,JOHANKARLSSON,202609290745OY4UGOY4,,Citizen Science (ultrasonic) - shared
59~40304+18~07242_20260927_191733.wav,DEV_002_20260927_191733.wav,0,59.40304,18.07242,Pippyg,Pipistrellus pygmaeus,Soprano Pipistrelle,bat,0.54,,echolocation,27/09/2026,27/09/2026,19:17:33,ClassifEspSWE-0002026-05-29_1,JOHANKARLSSON,202609290745OY4UGOY4,,Citizen Science (ultrasonic) - shared
59~40304+18~07242_20260927_192002.wav,DEV_002_20260927_192002.wav,0,59.40304,18.07242,Pippyg,Pipistrellus pygmaeus,Soprano Pipistrelle,bat,0.9,,echolocation,27/09/2026,27/09/2026,19:20:02,ClassifEspSWE-0002026-05-29_1,JOHANKARLSSON,202609290745OY4UGOY4,,Citizen Science (ultrasonic) - shared
59~40304+18~07242_20260927_192008.wav,DEV_002_20260927_192008.wav,0,59.40304,18.07242,Pippyg,Pipistrellus pygmaeus,Soprano Pipistrelle,bat,0.99,,echolocation,27/09/2026,27/09/2026,19:20:08,ClassifEspSWE-0002026-05-29_1,JOHANKARLSSON,202609290745OY4UGOY4,,Citizen Science (ultrasonic) - shared
59~40304+18~07242_20260927_192736.wav,DEV_002_20260927_192736.wav,0,59.40304,18.07242,Pippyg,Pipistrellus pygmaeus,Soprano Pipistrelle,bat,0.94,,echolocation,27/09/2026,27/09/2026,19:27:36,ClassifEspSWE-0002026-05-29_1,JOHANKARLSSON,202609290745OY4UGOY4,,Citizen Science (ultrasonic) - shared
59~40304+18~07242_20260927_192855.wav,DEV_002_20260927_192855.wav,0,59.40304,18.07242,Pippyg,Pipistrellus pygmaeus,Soprano Pipistrelle,bat,0.8,,echolocation,27/09/2026,27/09/2026,19:28:55,ClassifEspSWE-0002026-05-29_1,JOHANKARLSSON,202609290745OY4UGOY4,,Citizen Science (ultrasonic) - shared
59~40304+18~07242_20260927_193116.wav,DEV_002_20260927_193116.wav,0,59.40304,18.07242,Pippyg,Pipistrellus pygmaeus,Soprano Pipistrelle,bat,0.98,,echolocation,27/09/2026,27/09/2026,19:31:16,ClassifEspSWE-0002026-05-29_1,JOHANKARLSSON,202609290745OY4UGOY4,,Citizen Science (ultrasonic) - shared
59~40304+18~07242_20260927_193328.wav,DEV_002_20260927_193328.wav,0,59.40304,18.07242,Pippyg,Pipistrellus pygmaeus,Soprano Pipistrelle,bat,0.23,Low confidence,echolocation,27/09/2026,27/09/2026,19:33:28,ClassifEspSWE-0002026-05-29_1,JOHANKARLSSON,202609290745OY4UGOY4,,Citizen Science (ultrasonic) - shared
59~40304+18~07242_20260927_195745.wav,DEV_002_20260927_195745.wav,0,59.40304,18.07242,Pippyg,Pipistrellus pygmaeus,Soprano Pipistrelle,bat,0.99,,echolocation,27/09/2026,27/09/2026,19:57:45,ClassifEspSWE-0002026-05-29_1,JOHANKARLSSON,202609290745OY4UGOY4,,Citizen Science (ultrasonic) - shared
59~40304+18~07242_20260927_193801.wav,DEV_002_20260927_193801.wav,0,59.40304,18.07242,Vesmur,Vespertilio murinus,Parti-coloured Bat,bat,0.14,Low confidence,echolocation,27/09/2026,27/09/2026,19:38:01,ClassifEspSWE-0002026-05-29_1,JOHANKARLSSON,202609290745OY4UGOY4,,Citizen Science (ultrasonic) - shared
59~40304+18~07242_20260927_191817.wav,DEV_002_20260927_191817.wav,0,59.40304,18.07242,Leppun,Leptophyes punctatissima,Speckled Bush-cricket,bush-cricket,0.99,,,27/09/2026,27/09/2026,19:18:17,ClassifEspSWE-0002026-05-29_1,JOHANKARLSSON,202609290745OY4UGOY4,,Citizen Science (ultrasonic) - shared
59~40304+18~07242_20260927_191833.wav,DEV_002_20260927_191833.wav,0,59.40304,18.07242,Leppun,Leptophyes punctatissima,Speckled Bush-cricket,bush-cricket,0.99,,,27/09/2026,27/09/2026,19:18:33,ClassifEspSWE-0002026-05-29_1,JOHANKARLSSON,202609290745OY4UGOY4,,Citizen Science (ultrasonic) - shared
59~40304+18~07242_20260927_191839.wav,DEV_002_20260927_191839.wav,0,59.40304,18.07242,Leppun,Leptophyes punctatissima,Speckled Bush-cricket,bush-cricket,0.99,,,27/09/2026,27/09/2026,19:18:39,ClassifEspSWE-0002026-05-29_1,JOHANKARLSSON,202609290745OY4UGOY4,,Citizen Science (ultrasonic) - shared
59~40304+18~07242_20260927_191844.wav,DEV_002_20260927_191844.wav,0,59.40304,18.07242,Leppun,Leptophyes punctatissima,Speckled Bush-cricket,bush-cricket,0.99,,,27/09/2026,27/09/2026,19:18:44,ClassifEspSWE-0002026-05-29_1,JOHANKARLSSON,202609290745OY4UGOY4,,Citizen Science (ultrasonic) - shared
59~40304+18~07242_20260927_191850.wav,DEV_002_20260927_191850.wav,0,59.40304,18.07242,Leppun,Leptophyes punctatissima,Speckled Bush-cricket,bush-cricket,0.99,,,27/09/2026,27/09/2026,19:18:50,ClassifEspSWE-0002026-05-29_1,JOHANKARLSSON,202609290745OY4UGOY4,,Citizen Science (ultrasonic) - shared
59~40304+18~07242_20260927_191856.wav,DEV_002_20260927_191856.wav,0,59.40304,18.07242,Leppun,Leptophyes punctatissima,Speckled Bush-cricket,bush-cricket,0.99,,,27/09/2026,27/09/2026,19:18:56,ClassifEspSWE-0002026-05-29_1,JOHANKARLSSON,202609290745OY4UGOY4,,Citizen Science (ultrasonic) - shared
59~40304+18~07242_20260927_191902.wav,DEV_002_20260927_191902.wav,0,59.40304,18.07242,Leppun,Leptophyes punctatissima,Speckled Bush-cricket,bush-cricket,0.99,,,27/09/2026,27/09/2026,19:19:02,ClassifEspSWE-0002026-05-29_1,JOHANKARLSSON,202609290745OY4UGOY4,,Citizen Science (ultrasonic) - shared
59~40304+18~07242_20260927_191909.wav,DEV_002_20260927_191909.wav,0,59.40304,18.07242,Leppun,Leptophyes punctatissima,Speckled Bush-cricket,bush-cricket,0.99,,,27/09/2026,27/09/2026,19:19:09,ClassifEspSWE-0002026-05-29_1,JOHANKARLSSON,202609290745OY4UGOY4,,Citizen Science (ultrasonic) - shared
59~40304+18~07242_20260927_191918.wav,DEV_002_20260927_191918.wav,0,59.40304,18.07242,Leppun,Leptophyes punctatissima,Speckled Bush-cricket,bush-cricket,0.99,,,27/09/2026,27/09/2026,19:19:18,ClassifEspSWE-0002026-05-29_1,JOHANKARLSSON,202609290745OY4UGOY4,,Citizen Science (ultrasonic) - shared
59~40304+18~07242_20260927_191926.wav,DEV_002_20260927_191926.wav,0,59.40304,18.07242,Leppun,Leptophyes punctatissima,Speckled Bush-cricket,bush-cricket,0.99,,,27/09/2026,27/09/2026,19:19:26,ClassifEspSWE-0002026-05-29_1,JOHANKARLSSON,202609290745OY4UGOY4,,Citizen Science (ultrasonic) - shared
59~40304+18~07242_20260927_191931.wav,DEV_002_20260927_191931.wav,0,59.40304,18.07242,Leppun,Leptophyes punctatissima,Speckled Bush-cricket,bush-cricket,0.99,,,27/09/2026,27/09/2026,19:19:31,ClassifEspSWE-0002026-05-29_1,JOHANKARLSSON,202609290745OY4UGOY4,,Citizen Science (ultrasonic) - shared
59~40304+18~07242_20260927_191937.wav,DEV_002_20260927_191937.wav,0,59.40304,18.07242,Leppun,Leptophyes punctatissima,Speckled Bush-cricket,bush-cricket,0.99,,,27/09/2026,27/09/2026,19:19:37,ClassifEspSWE-0002026-05-29_1,JOHANKARLSSON,202609290745OY4UGOY4,,Citizen Science (ultrasonic) - shared
59~40304+18~07242_20260927_191942.wav,DEV_002_20260927_191942.wav,0,59.40304,18.07242,Leppun,Leptophyes punctatissima,Speckled Bush-cricket,bush-cricket,0.99,,,27/09/2026,27/09/2026,19:19:42,ClassifEspSWE-0002026-05-29_1,JOHANKARLSSON,202609290745OY4UGOY4,,Citizen Science (ultrasonic) - shared
59~40304+18~07242_20260927_191950.wav,DEV_002_20260927_191950.wav,0,59.40304,18.07242,Leppun,Leptophyes punctatissima,Speckled Bush-cricket,bush-cricket,0.99,,,27/09/2026,27/09/2026,19:19:50,ClassifEspSWE-0002026-05-29_1,JOHANKARLSSON,202609290745OY4UGOY4,,Citizen Science (ultrasonic) - shared
59~40304+18~07242_20260927_191956.wav,DEV_002_20260927_191956.wav,0,59.40304,18.07242,Leppun,Leptophyes punctatissima,Speckled Bush-cricket,bush-cricket,0.99,,,27/09/2026,27/09/2026,19:19:56,ClassifEspSWE-0002026-05-29_1,JOHANKARLSSON,202609290745OY4UGOY4,,Citizen Science (ultrasonic) - shared
59~40304+18~07242_20260927_192002.wav,DEV_002_20260927_192002.wav,0,59.40304,18.07242,Leppun,Leptophyes punctatissima,Speckled Bush-cricket,bush-cricket,0.99,,,27/09/2026,27/09/2026,19:20:02,ClassifEspSWE-0002026-05-29_1,JOHANKARLSSON,202609290745OY4UGOY4,,Citizen Science (ultrasonic) - shared
59~40304+18~07242_20260927_192008.wav,DEV_002_20260927_192008.wav,0,59.40304,18.07242,Leppun,Leptophyes punctatissima,Speckled Bush-cricket,bush-cricket,0.99,,,27/09/2026,27/09/2026,19:20:08,ClassifEspSWE-0002026-05-29_1,JOHANKARLSSON,202609290745OY4UGOY4,,Citizen Science (ultrasonic) - shared
59~40304+18~07242_20260927_192013.wav,DEV_002_20260927_192013.wav,0,59.40304,18.07242,Leppun,Leptophyes punctatissima,Speckled Bush-cricket,bush-cricket,0.99,,,27/09/2026,27/09/2026,19:20:13,ClassifEspSWE-0002026-05-29_1,JOHANKARLSSON,202609290745OY4UGOY4,,Citizen Science (ultrasonic) - shared
59~40304+18~07242_20260927_192018.wav,DEV_002_20260927_192018.wav,0,59.40304,18.07242,Leppun,Leptophyes punctatissima,Speckled Bush-cricket,bush-cricket,0.99,,,27/09/2026,27/09/2026,19:20:18,ClassifEspSWE-0002026-05-29_1,JOHANKARLSSON,202609290745OY4UGOY4,,Citizen Science (ultrasonic) - shared
59~40304+18~07242_20260927_192027.wav,DEV_002_20260927_192027.wav,0,59.40304,18.07242,Leppun,Leptophyes punctatissima,Speckled Bush-cricket,bush-cricket,0.99,,,27/09/2026,27/09/2026,19:20:27,ClassifEspSWE-0002026-05-29_1,JOHANKARLSSON,202609290745OY4UGOY4,,Citizen Science (ultrasonic) - shared
59~40304+18~07242_20260927_192032.wav,DEV_002_20260927_192032.wav,0,59.40304,18.07242,Leppun,Leptophyes punctatissima,Speckled Bush-cricket,bush-cricket,0.99,,,27/09/2026,27/09/2026,19:20:32,ClassifEspSWE-0002026-05-29_1,JOHANKARLSSON,202609290745OY4UGOY4,,Citizen Science (ultrasonic) - shared
59~40304+18~07242_20260927_192039.wav,DEV_002_20260927_192039.wav,0,59.40304,18.07242,Leppun,Leptophyes punctatissima,Speckled Bush-cricket,bush-cricket,0.99,,,27/09/2026,27/09/2026,19:20:39,ClassifEspSWE-0002026-05-29_1,JOHANKARLSSON,202609290745OY4UGOY4,,Citizen Science (ultrasonic) - shared
59~40304+18~07242_20260927_192045.wav,DEV_002_20260927_192045.wav,0,59.40304,18.07242,Leppun,Leptophyes punctatissima,Speckled Bush-cricket,bush-cricket,0.99,,,27/09/2026,27/09/2026,19:20:45,ClassifEspSWE-0002026-05-29_1,JOHANKARLSSON,202609290745OY4UGOY4,,Citizen Science (ultrasonic) - shared
59~40304+18~07242_20260927_192051.wav,DEV_002_20260927_192051.wav,0,59.40304,18.07242,Leppun,Leptophyes punctatissima,Speckled Bush-cricket,bush-cricket,0.99,,,27/09/2026,27/09/2026,19:20:51,ClassifEspSWE-0002026-05-29_1,JOHANKARLSSON,202609290745OY4UGOY4,,Citizen Science (ultrasonic) - shared
59~40304+18~07242_20260927_192058.wav,DEV_002_20260927_192058.wav,0,59.40304,18.07242,Leppun,Leptophyes punctatissima,Speckled Bush-cricket,bush-cricket,0.99,,,27/09/2026,27/09/2026,19:20:58,ClassifEspSWE-0002026-05-29_1,JOHANKARLSSON,202609290745OY4UGOY4,,Citizen Science (ultrasonic) - shared
59~40304+18~07242_20260927_192104.wav,DEV_002_20260927_192104.wav,0,59.40304,18.07242,Leppun,Leptophyes punctatissima,Speckled Bush-cricket,bush-cricket,0.99,,,27/09/2026,27/09/2026,19:21:04,ClassifEspSWE-0002026-05-29_1,JOHANKARLSSON,202609290745OY4UGOY4,,Citizen Science (ultrasonic) - shared
59~40304+18~07242_20260927_192110.wav,DEV_002_20260927_192110.wav,0,59.40304,18.07242,Leppun,Leptophyes punctatissima,Speckled Bush-cricket,bush-cricket,0.99,,,27/09/2026,27/09/2026,19:21:10,ClassifEspSWE-0002026-05-29_1,JOHANKARLSSON,202609290745OY4UGOY4,,Citizen Science (ultrasonic) - shared
59~40304+18~07242_20260927_192117.wav,DEV_002_20260927_192117.wav,0,59.40304,18.07242,Leppun,Leptophyes punctatissima,Speckled Bush-cricket,bush-cricket,0.99,,,27/09/2026,27/09/2026,19:21:17,ClassifEspSWE-0002026-05-29_1,JOHANKARLSSON,202609290745OY4UGOY4,,Citizen Science (ultrasonic) - shared
59~40304+18~07242_20260927_192124.wav,DEV_002_20260927_192124.wav,0,59.40304,18.07242,Leppun,Leptophyes punctatissima,Speckled Bush-cricket,bush-cricket,0.99,,,27/09/2026,27/09/2026,19:21:24,ClassifEspSWE-0002026-05-29_1,JOHANKARLSSON,202609290745OY4UGOY4,,Citizen Science (ultrasonic) - shared
59~40304+18~07242_20260927_192134.wav,DEV_002_20260927_192134.wav,0,59.40304,18.07242,Leppun,Leptophyes punctatissima,Speckled Bush-cricket,bush-cricket,0.99,,,27/09/2026,27/09/2026,19:21:34,ClassifEspSWE-0002026-05-29_1,JOHANKARLSSON,202609290745OY4UGOY4,,Citizen Science (ultrasonic) - shared
59~40304+18~07242_20260927_192144.wav,DEV_002_20260927_192144.wav,0,59.40304,18.07242,Leppun,Leptophyes punctatissima,Speckled Bush-cricket,bush-cricket,0.99,,,27/09/2026,27/09/2026,19:21:44,ClassifEspSWE-0002026-05-29_1,JOHANKARLSSON,202609290745OY4UGOY4,,Citizen Science (ultrasonic) - shared
59~40304+18~07242_20260927_192151.wav,DEV_002_20260927_192151.wav,0,59.40304,18.07242,Leppun,Leptophyes punctatissima,Speckled Bush-cricket,bush-cricket,0.99,,,27/09/2026,27/09/2026,19:21:51,ClassifEspSWE-0002026-05-29_1,JOHANKARLSSON,202609290745OY4UGOY4,,Citizen Science (ultrasonic) - shared
59~40304+18~07242_20260927_192158.wav,DEV_002_20260927_192158.wav,0,59.40304,18.07242,Leppun,Leptophyes punctatissima,Speckled Bush-cricket,bush-cricket,0.99,,,27/09/2026,27/09/2026,19:21:58,ClassifEspSWE-0002026-05-29_1,JOHANKARLSSON,202609290745OY4UGOY4,,Citizen Science (ultrasonic) - shared
59~40304+18~07242_20260927_192205.wav,DEV_002_20260927_192205.wav,0,59.40304,18.07242,Leppun,Leptophyes punctatissima,Speckled Bush-cricket,bush-cricket,0.99,,,27/09/2026,27/09/2026,19:22:05,ClassifEspSWE-0002026-05-29_1,JOHANKARLSSON,202609290745OY4UGOY4,,Citizen Science (ultrasonic) - shared
59~40304+18~07242_20260927_192211.wav,DEV_002_20260927_192211.wav,0,59.40304,18.07242,Leppun,Leptophyes punctatissima,Speckled Bush-cricket,bush-cricket,0.99,,,27/09/2026,27/09/2026,19:22:11,ClassifEspSWE-0002026-05-29_1,JOHANKARLSSON,202609290745OY4UGOY4,,Citizen Science (ultrasonic) - shared
59~40304+18~07242_20260927_192219.wav,DEV_002_20260927_192219.wav,0,59.40304,18.07242,Leppun,Leptophyes punctatissima,Speckled Bush-cricket,bush-cricket,0.99,,,27/09/2026,27/09/2026,19:22:19,ClassifEspSWE-0002026-05-29_1,JOHANKARLSSON,202609290745OY4UGOY4,,Citizen Science (ultrasonic) - shared
59~40304+18~07242_20260927_192227.wav,DEV_002_20260927_192227.wav,0,59.40304,18.07242,Leppun,Leptophyes punctatissima,Speckled Bush-cricket,bush-cricket,0.99,,,27/09/2026,27/09/2026,19:22:27,ClassifEspSWE-0002026-05-29_1,JOHANKARLSSON,202609290745OY4UGOY4,,Citizen Science (ultrasonic) - shared
59~40304+18~07242_20260927_192238.wav,DEV_002_20260927_192238.wav,0,59.40304,18.07242,Leppun,Leptophyes punctatissima,Speckled Bush-cricket,bush-cricket,0.99,,,27/09/2026,27/09/2026,19:22:38,ClassifEspSWE-0002026-05-29_1,JOHANKARLSSON,202609290745OY4UGOY4,,Citizen Science (ultrasonic) - shared
59~40304+18~07242_20260927_192246.wav,DEV_002_20260927_192246.wav,0,59.40304,18.07242,Leppun,Leptophyes punctatissima,Speckled Bush-cricket,bush-cricket,0.99,,,27/09/2026,27/09/2026,19:22:46,ClassifEspSWE-0002026-05-29_1,JOHANKARLSSON,202609290745OY4UGOY4,,Citizen Science (ultrasonic) - shared
59~40304+18~07242_20260927_192254.wav,DEV_002_20260927_192254.wav,0,59.40304,18.07242,Leppun,Leptophyes punctatissima,Speckled Bush-cricket,bush-cricket,0.99,,,27/09/2026,27/09/2026,19:22:54,ClassifEspSWE-0002026-05-29_1,JOHANKARLSSON,202609290745OY4UGOY4,,Citizen Science (ultrasonic) - shared
59~40304+18~07242_20260927_192301.wav,DEV_002_20260927_192301.wav,0,59.40304,18.07242,Leppun,Leptophyes punctatissima,Speckled Bush-cricket,bush-cricket,0.99,,,27/09/2026,27/09/2026,19:23:01,ClassifEspSWE-0002026-05-29_1,JOHANKARLSSON,202609290745OY4UGOY4,,Citizen Science (ultrasonic) - shared
59~40304+18~07242_20260927_192307.wav,DEV_002_20260927_192307.wav,0,59.40304,18.07242,Leppun,Leptophyes punctatissima,Speckled Bush-cricket,bush-cricket,0.99,,,27/09/2026,27/09/2026,19:23:07,ClassifEspSWE-0002026-05-29_1,JOHANKARLSSON,202609290745OY4UGOY4,,Citizen Science (ultrasonic) - shared
59~40304+18~07242_20260927_192313.wav,DEV_002_20260927_192313.wav,0,59.40304,18.07242,Leppun,Leptophyes punctatissima,Speckled Bush-cricket,bush-cricket,0.99,,,27/09/2026,27/09/2026,19:23:13,ClassifEspSWE-0002026-05-29_1,JOHANKARLSSON,202609290745OY4UGOY4,,Citizen Science (ultrasonic) - shared
59~40304+18~07242_20260927_192319.wav,DEV_002_20260927_192319.wav,0,59.40304,18.07242,Leppun,Leptophyes punctatissima,Speckled Bush-cricket,bush-cricket,0.99,,,27/09/2026,27/09/2026,19:23:19,ClassifEspSWE-0002026-05-29_1,JOHANKARLSSON,202609290745OY4UGOY4,,Citizen Science (ultrasonic) - shared
59~40304+18~07242_20260927_192325.wav,DEV_002_20260927_192325.wav,0,59.40304,18.07242,Leppun,Leptophyes punctatissima,Speckled Bush-cricket,bush-cricket,0.99,,,27/09/2026,27/09/2026,19:23:25,ClassifEspSWE-0002026-05-29_1,JOHANKARLSSON,202609290745OY4UGOY4,,Citizen Science (ultrasonic) - shared
59~40304+18~07242_20260927_192331.wav,DEV_002_20260927_192331.wav,0,59.40304,18.07242,Leppun,Leptophyes punctatissima,Speckled Bush-cricket,bush-cricket,0.99,,,27/09/2026,27/09/2026,19:23:31,ClassifEspSWE-0002026-05-29_1,JOHANKARLSSON,202609290745OY4UGOY4,,Citizen Science (ultrasonic) - shared
59~40304+18~07242_20260927_192336.wav,DEV_002_20260927_192336.wav,0,59.40304,18.07242,Leppun,Leptophyes punctatissima,Speckled Bush-cricket,bush-cricket,0.99,,,27/09/2026,27/09/2026,19:23:36,ClassifEspSWE-0002026-05-29_1,JOHANKARLSSON,202609290745OY4UGOY4,,Citizen Science (ultrasonic) - shared
59~40304+18~07242_20260927_192342.wav,DEV_002_20260927_192342.wav,0,59.40304,18.07242,Leppun,Leptophyes punctatissima,Speckled Bush-cricket,bush-cricket,0.99,,,27/09/2026,27/09/2026,19:23:42,ClassifEspSWE-0002026-05-29_1,JOHANKARLSSON,202609290745OY4UGOY4,,Citizen Science (ultrasonic) - shared
59~40304+18~07242_20260927_192349.wav,DEV_002_20260927_192349.wav,0,59.40304,18.07242,Leppun,Leptophyes punctatissima,Speckled Bush-cricket,bush-cricket,0.99,,,27/09/2026,27/09/2026,19:23:49,ClassifEspSWE-0002026-05-29_1,JOHANKARLSSON,202609290745OY4UGOY4,,Citizen Science (ultrasonic) - shared
59~40304+18~07242_20260927_192358.wav,DEV_002_20260927_192358.wav,0,59.40304,18.07242,Leppun,Leptophyes punctatissima,Speckled Bush-cricket,bush-cricket,0.99,,,27/09/2026,27/09/2026,19:23:58,ClassifEspSWE-0002026-05-29_1,JOHANKARLSSON,202609290745OY4UGOY4,,Citizen Science (ultrasonic) - shared
59~40304+18~07242_20260927_192405.wav,DEV_002_20260927_192405.wav,0,59.40304,18.07242,Leppun,Leptophyes punctatissima,Speckled Bush-cricket,bush-cricket,0.99,,,27/09/2026,27/09/2026,19:24:05,ClassifEspSWE-0002026-05-29_1,JOHANKARLSSON,202609290745OY4UGOY4,,Citizen Science (ultrasonic) - shared
59~40304+18~07242_20260927_192410.wav,DEV_002_20260927_192410.wav,0,59.40304,18.07242,Leppun,Leptophyes punctatissima,Speckled Bush-cricket,bush-cricket,0.99,,,27/09/2026,27/09/2026,19:24:10,ClassifEspSWE-0002026-05-29_1,JOHANKARLSSON,202609290745OY4UGOY4,,Citizen Science (ultrasonic) - shared
59~40304+18~07242_20260927_192416.wav,DEV_002_20260927_192416.wav,0,59.40304,18.07242,Leppun,Leptophyes punctatissima,Speckled Bush-cricket,bush-cricket,0.99,,,27/09/2026,27/09/2026,19:24:16,ClassifEspSWE-0002026-05-29_1,JOHANKARLSSON,202609290745OY4UGOY4,,Citizen Science (ultrasonic) - shared
59~40304+18~07242_20260927_192424.wav,DEV_002_20260927_192424.wav,0,59.40304,18.07242,Leppun,Leptophyes punctatissima,Speckled Bush-cricket,bush-cricket,0.99,,,27/09/2026,27/09/2026,19:24:24,ClassifEspSWE-0002026-05-29_1,JOHANKARLSSON,202609290745OY4UGOY4,,Citizen Science (ultrasonic) - shared
59~40304+18~07242_20260927_192429.wav,DEV_002_20260927_192429.wav,0,59.40304,18.07242,Leppun,Leptophyes punctatissima,Speckled Bush-cricket,bush-cricket,0.99,,,27/09/2026,27/09/2026,19:24:29,ClassifEspSWE-0002026-05-29_1,JOHANKARLSSON,202609290745OY4UGOY4,,Citizen Science (ultrasonic) - shared
59~40304+18~07242_20260927_192437.wav,DEV_002_20260927_192437.wav,0,59.40304,18.07242,Leppun,Leptophyes punctatissima,Speckled Bush-cricket,bush-cricket,0.99,,,27/09/2026,27/09/2026,19:24:37,ClassifEspSWE-0002026-05-29_1,JOHANKARLSSON,202609290745OY4UGOY4,,Citizen Science (ultrasonic) - shared
59~40304+18~07242_20260927_192442.wav,DEV_002_20260927_192442.wav,0,59.40304,18.07242,Leppun,Leptophyes punctatissima,Speckled Bush-cricket,bush-cricket,0.99,,,27/09/2026,27/09/2026,19:24:42,ClassifEspSWE-0002026-05-29_1,JOHANKARLSSON,202609290745OY4UGOY4,,Citizen Science (ultrasonic) - shared
59~40304+18~07242_20260927_192448.wav,DEV_002_20260927_192448.wav,0,59.40304,18.07242,Leppun,Leptophyes punctatissima,Speckled Bush-cricket,bush-cricket,0.99,,,27/09/2026,27/09/2026,19:24:48,ClassifEspSWE-0002026-05-29_1,JOHANKARLSSON,202609290745OY4UGOY4,,Citizen Science (ultrasonic) - shared
59~40304+18~07242_20260927_192455.wav,DEV_002_20260927_192455.wav,0,59.40304,18.07242,Leppun,Leptophyes punctatissima,Speckled Bush-cricket,bush-cricket,0.99,,,27/09/2026,27/09/2026,19:24:55,ClassifEspSWE-0002026-05-29_1,JOHANKARLSSON,202609290745OY4UGOY4,,Citizen Science (ultrasonic) - shared
59~40304+18~07242_20260927_192501.wav,DEV_002_20260927_192501.wav,0,59.40304,18.07242,Leppun,Leptophyes punctatissima,Speckled Bush-cricket,bush-cricket,0.99,,,27/09/2026,27/09/2026,19:25:01,ClassifEspSWE-0002026-05-29_1,JOHANKARLSSON,202609290745OY4UGOY4,,Citizen Science (ultrasonic) - shared
59~40304+18~07242_20260927_192508.wav,DEV_002_20260927_192508.wav,0,59.40304,18.07242,Leppun,Leptophyes punctatissima,Speckled Bush-cricket,bush-cricket,0.99,,,27/09/2026,27/09/2026,19:25:08,ClassifEspSWE-0002026-05-29_1,JOHANKARLSSON,202609290745OY4UGOY4,,Citizen Science (ultrasonic) - shared
59~40304+18~07242_20260927_192515.wav,DEV_002_20260927_192515.wav,0,59.40304,18.07242,Leppun,Leptophyes punctatissima,Speckled Bush-cricket,bush-cricket,0.99,,,27/09/2026,27/09/2026,19:25:15,ClassifEspSWE-0002026-05-29_1,JOHANKARLSSON,202609290745OY4UGOY4,,Citizen Science (ultrasonic) - shared
59~40304+18~07242_20260927_192522.wav,DEV_002_20260927_192522.wav,0,59.40304,18.07242,Leppun,Leptophyes punctatissima,Speckled Bush-cricket,bush-cricket,0.99,,,27/09/2026,27/09/2026,19:25:22,ClassifEspSWE-0002026-05-29_1,JOHANKARLSSON,202609290745OY4UGOY4,,Citizen Science (ultrasonic) - shared
59~40304+18~07242_20260927_192527.wav,DEV_002_20260927_192527.wav,0,59.40304,18.07242,Leppun,Leptophyes punctatissima,Speckled Bush-cricket,bush-cricket,0.99,,,27/09/2026,27/09/2026,19:25:27,ClassifEspSWE-0002026-05-29_1,JOHANKARLSSON,202609290745OY4UGOY4,,Citizen Science (ultrasonic) - shared
59~40304+18~07242_20260927_192536.wav,DEV_002_20260927_192536.wav,0,59.40304,18.07242,Leppun,Leptophyes punctatissima,Speckled Bush-cricket,bush-cricket,0.99,,,27/09/2026,27/09/2026,19:25:36,ClassifEspSWE-0002026-05-29_1,JOHANKARLSSON,202609290745OY4UGOY4,,Citizen Science (ultrasonic) - shared
59~40304+18~07242_20260927_192543.wav,DEV_002_20260927_192543.wav,0,59.40304,18.07242,Leppun,Leptophyes punctatissima,Speckled Bush-cricket,bush-cricket,0.99,,,27/09/2026,27/09/2026,19:25:43,ClassifEspSWE-0002026-05-29_1,JOHANKARLSSON,202609290745OY4UGOY4,,Citizen Science (ultrasonic) - shared
59~40304+18~07242_20260927_192550.wav,DEV_002_20260927_192550.wav,0,59.40304,18.07242,Leppun,Leptophyes punctatissima,Speckled Bush-cricket,bush-cricket,0.99,,,27/09/2026,27/09/2026,19:25:50,ClassifEspSWE-0002026-05-29_1,JOHANKARLSSON,202609290745OY4UGOY4,,Citizen Science (ultrasonic) - shared
59~40304+18~07242_20260927_192555.wav,DEV_002_20260927_192555.wav,0,59.40304,18.07242,Leppun,Leptophyes punctatissima,Speckled Bush-cricket,bush-cricket,0.99,,,27/09/2026,27/09/2026,19:25:55,ClassifEspSWE-0002026-05-29_1,JOHANKARLSSON,202609290745OY4UGOY4,,Citizen Science (ultrasonic) - shared
59~40304+18~07242_20260927_192602.wav,DEV_002_20260927_192602.wav,0,59.40304,18.07242,Leppun,Leptophyes punctatissima,Speckled Bush-cricket,bush-cricket,0.99,,,27/09/2026,27/09/2026,19:26:02,ClassifEspSWE-0002026-05-29_1,JOHANKARLSSON,202609290745OY4UGOY4,,Citizen Science (ultrasonic) - shared
59~40304+18~07242_20260927_192610.wav,DEV_002_20260927_192610.wav,0,59.40304,18.07242,Leppun,Leptophyes punctatissima,Speckled Bush-cricket,bush-cricket,0.99,,,27/09/2026,27/09/2026,19:26:10,ClassifEspSWE-0002026-05-29_1,JOHANKARLSSON,202609290745OY4UGOY4,,Citizen Science (ultrasonic) - shared
59~40304+18~07242_20260927_192616.wav,DEV_002_20260927_192616.wav,0,59.40304,18.07242,Leppun,Leptophyes punctatissima,Speckled Bush-cricket,bush-cricket,0.99,,,27/09/2026,27/09/2026,19:26:16,ClassifEspSWE-0002026-05-29_1,JOHANKARLSSON,202609290745OY4UGOY4,,Citizen Science (ultrasonic) - shared
59~40304+18~07242_20260927_192622.wav,DEV_002_20260927_192622.wav,0,59.40304,18.07242,Leppun,Leptophyes punctatissima,Speckled Bush-cricket,bush-cricket,0.99,,,27/09/2026,27/09/2026,19:26:22,ClassifEspSWE-0002026-05-29_1,JOHANKARLSSON,202609290745OY4UGOY4,,Citizen Science (ultrasonic) - shared
59~40304+18~07242_20260927_192627.wav,DEV_002_20260927_192627.wav,0,59.40304,18.07242,Leppun,Leptophyes punctatissima,Speckled Bush-cricket,bush-cricket,0.99,,,27/09/2026,27/09/2026,19:26:27,ClassifEspSWE-0002026-05-29_1,JOHANKARLSSON,202609290745OY4UGOY4,,Citizen Science (ultrasonic) - shared
59~40304+18~07242_20260927_192635.wav,DEV_002_20260927_192635.wav,0,59.40304,18.07242,Leppun,Leptophyes punctatissima,Speckled Bush-cricket,bush-cricket,0.99,,,27/09/2026,27/09/2026,19:26:35,ClassifEspSWE-0002026-05-29_1,JOHANKARLSSON,202609290745OY4UGOY4,,Citizen Science (ultrasonic) - shared
59~40304+18~07242_20260927_192643.wav,DEV_002_20260927_192643.wav,0,59.40304,18.07242,Leppun,Leptophyes punctatissima,Speckled Bush-cricket,bush-cricket,0.99,,,27/09/2026,27/09/2026,19:26:43,ClassifEspSWE-0002026-05-29_1,JOHANKARLSSON,202609290745OY4UGOY4,,Citizen Science (ultrasonic) - shared
59~40304+18~07242_20260927_192648.wav,DEV_002_20260927_192648.wav,0,59.40304,18.07242,Leppun,Leptophyes punctatissima,Speckled Bush-cricket,bush-cricket,0.99,,,27/09/2026,27/09/2026,19:26:48,ClassifEspSWE-0002026-05-29_1,JOHANKARLSSON,202609290745OY4UGOY4,,Citizen Science (ultrasonic) - shared
59~40304+18~07242_20260927_192653.wav,DEV_002_20260927_192653.wav,0,59.40304,18.07242,Leppun,Leptophyes punctatissima,Speckled Bush-cricket,bush-cricket,0.99,,,27/09/2026,27/09/2026,19:26:53,ClassifEspSWE-0002026-05-29_1,JOHANKARLSSON,202609290745OY4UGOY4,,Citizen Science (ultrasonic) - shared
59~40304+18~07242_20260927_192700.wav,DEV_002_20260927_192700.wav,0,59.40304,18.07242,Leppun,Leptophyes punctatissima,Speckled Bush-cricket,bush-cricket,0.99,,,27/09/2026,27/09/2026,19:27:00,ClassifEspSWE-0002026-05-29_1,JOHANKARLSSON,202609290745OY4UGOY4,,Citizen Science (ultrasonic) - shared
59~40304+18~07242_20260927_192710.wav,DEV_002_20260927_192710.wav,0,59.40304,18.07242,Leppun,Leptophyes punctatissima,Speckled Bush-cricket,bush-cricket,0.99,,,27/09/2026,27/09/2026,19:27:10,ClassifEspSWE-0002026-05-29_1,JOHANKARLSSON,202609290745OY4UGOY4,,Citizen Science (ultrasonic) - shared
59~40304+18~07242_20260927_192716.wav,DEV_002_20260927_192716.wav,0,59.40304,18.07242,Leppun,Leptophyes punctatissima,Speckled Bush-cricket,bush-cricket,0.99,,,27/09/2026,27/09/2026,19:27:16,ClassifEspSWE-0002026-05-29_1,JOHANKARLSSON,202609290745OY4UGOY4,,Citizen Science (ultrasonic) - shared
59~40304+18~07242_20260927_192721.wav,DEV_002_20260927_192721.wav,0,59.40304,18.07242,Leppun,Leptophyes punctatissima,Speckled Bush-cricket,bush-cricket,0.99,,,27/09/2026,27/09/2026,19:27:21,ClassifEspSWE-0002026-05-29_1,JOHANKARLSSON,202609290745OY4UGOY4,,Citizen Science (ultrasonic) - shared
59~40304+18~07242_20260927_192728.wav,DEV_002_20260927_192728.wav,0,59.40304,18.07242,Leppun,Leptophyes punctatissima,Speckled Bush-cricket,bush-cricket,0.99,,,27/09/2026,27/09/2026,19:27:28,ClassifEspSWE-0002026-05-29_1,JOHANKARLSSON,202609290745OY4UGOY4,,Citizen Science (ultrasonic) - shared
59~40304+18~07242_20260927_192736.wav,DEV_002_20260927_192736.wav,0,59.40304,18.07242,Leppun,Leptophyes punctatissima,Speckled Bush-cricket,bush-cricket,0.99,,,27/09/2026,27/09/2026,19:27:36,ClassifEspSWE-0002026-05-29_1,JOHANKARLSSON,202609290745OY4UGOY4,,Citizen Science (ultrasonic) - shared
59~40304+18~07242_20260927_192743.wav,DEV_002_20260927_192743.wav,0,59.40304,18.07242,Leppun,Leptophyes punctatissima,Speckled Bush-cricket,bush-cricket,0.99,,,27/09/2026,27/09/2026,19:27:43,ClassifEspSWE-0002026-05-29_1,JOHANKARLSSON,202609290745OY4UGOY4,,Citizen Science (ultrasonic) - shared
59~40304+18~07242_20260927_192750.wav,DEV_002_20260927_192750.wav,0,59.40304,18.07242,Leppun,Leptophyes punctatissima,Speckled Bush-cricket,bush-cricket,0.99,,,27/09/2026,27/09/2026,19:27:50,ClassifEspSWE-0002026-05-29_1,JOHANKARLSSON,202609290745OY4UGOY4,,Citizen Science (ultrasonic) - shared
59~40304+18~07242_20260927_192756.wav,DEV_002_20260927_192756.wav,0,59.40304,18.07242,Leppun,Leptophyes punctatissima,Speckled Bush-cricket,bush-cricket,0.99,,,27/09/2026,27/09/2026,19:27:56,ClassifEspSWE-0002026-05-29_1,JOHANKARLSSON,202609290745OY4UGOY4,,Citizen Science (ultrasonic) - shared
59~40304+18~07242_20260927_192806.wav,DEV_002_20260927_192806.wav,0,59.40304,18.07242,Leppun,Leptophyes punctatissima,Speckled Bush-cricket,bush-cricket,0.99,,,27/09/2026,27/09/2026,19:28:06,ClassifEspSWE-0002026-05-29_1,JOHANKARLSSON,202609290745OY4UGOY4,,Citizen Science (ultrasonic) - shared
59~40304+18~07242_20260927_192813.wav,DEV_002_20260927_192813.wav,0,59.40304,18.07242,Leppun,Leptophyes punctatissima,Speckled Bush-cricket,bush-cricket,0.99,,,27/09/2026,27/09/2026,19:28:13,ClassifEspSWE-0002026-05-29_1,JOHANKARLSSON,202609290745OY4UGOY4,,Citizen Science (ultrasonic) - shared
59~40304+18~07242_20260927_192821.wav,DEV_002_20260927_192821.wav,0,59.40304,18.07242,Leppun,Leptophyes punctatissima,Speckled Bush-cricket,bush-cricket,0.99,,,27/09/2026,27/09/2026,19:28:21,ClassifEspSWE-0002026-05-29_1,JOHANKARLSSON,202609290745OY4UGOY4,,Citizen Science (ultrasonic) - shared
59~40304+18~07242_20260927_192830.wav,DEV_002_20260927_192830.wav,0,59.40304,18.07242,Leppun,Leptophyes punctatissima,Speckled Bush-cricket,bush-cricket,0.99,,,27/09/2026,27/09/2026,19:28:30,ClassifEspSWE-0002026-05-29_1,JOHANKARLSSON,202609290745OY4UGOY4,,Citizen Science (ultrasonic) - shared
59~40304+18~07242_20260927_192839.wav,DEV_002_20260927_192839.wav,0,59.40304,18.07242,Leppun,Leptophyes punctatissima,Speckled Bush-cricket,bush-cricket,0.99,,,27/09/2026,27/09/2026,19:28:39,ClassifEspSWE-0002026-05-29_1,JOHANKARLSSON,202609290745OY4UGOY4,,Citizen Science (ultrasonic) - shared
59~40304+18~07242_20260927_192847.wav,DEV_002_20260927_192847.wav,0,59.40304,18.07242,Leppun,Leptophyes punctatissima,Speckled Bush-cricket,bush-cricket,0.99,,,27/09/2026,27/09/2026,19:28:47,ClassifEspSWE-0002026-05-29_1,JOHANKARLSSON,202609290745OY4UGOY4,,Citizen Science (ultrasonic) - shared
59~40304+18~07242_20260927_192855.wav,DEV_002_20260927_192855.wav,0,59.40304,18.07242,Leppun,Leptophyes punctatissima,Speckled Bush-cricket,bush-cricket,0.99,,,27/09/2026,27/09/2026,19:28:55,ClassifEspSWE-0002026-05-29_1,JOHANKARLSSON,202609290745OY4UGOY4,,Citizen Science (ultrasonic) - shared
59~40304+18~07242_20260927_192902.wav,DEV_002_20260927_192902.wav,0,59.40304,18.07242,Leppun,Leptophyes punctatissima,Speckled Bush-cricket,bush-cricket,0.99,,,27/09/2026,27/09/2026,19:29:02,ClassifEspSWE-0002026-05-29_1,JOHANKARLSSON,202609290745OY4UGOY4,,Citizen Science (ultrasonic) - shared
59~40304+18~07242_20260927_192909.wav,DEV_002_20260927_192909.wav,0,59.40304,18.07242,Leppun,Leptophyes punctatissima,Speckled Bush-cricket,bush-cricket,0.99,,,27/09/2026,27/09/2026,19:29:09,ClassifEspSWE-0002026-05-29_1,JOHANKARLSSON,202609290745OY4UGOY4,,Citizen Science (ultrasonic) - shared
59~40304+18~07242_20260927_192917.wav,DEV_002_20260927_192917.wav,0,59.40304,18.07242,Leppun,Leptophyes punctatissima,Speckled Bush-cricket,bush-cricket,0.99,,,27/09/2026,27/09/2026,19:29:17,ClassifEspSWE-0002026-05-29_1,JOHANKARLSSON,202609290745OY4UGOY4,,Citizen Science (ultrasonic) - shared
59~40304+18~07242_20260927_192929.wav,DEV_002_20260927_192929.wav,0,59.40304,18.07242,Leppun,Leptophyes punctatissima,Speckled Bush-cricket,bush-cricket,0.99,,,27/09/2026,27/09/2026,19:29:29,ClassifEspSWE-0002026-05-29_1,JOHANKARLSSON,202609290745OY4UGOY4,,Citizen Science (ultrasonic) - shared
59~40304+18~07242_20260927_192936.wav,DEV_002_20260927_192936.wav,0,59.40304,18.07242,Leppun,Leptophyes punctatissima,Speckled Bush-cricket,bush-cricket,0.99,,,27/09/2026,27/09/2026,19:29:36,ClassifEspSWE-0002026-05-29_1,JOHANKARLSSON,202609290745OY4UGOY4,,Citizen Science (ultrasonic) - shared
59~40304+18~07242_20260927_192943.wav,DEV_002_20260927_192943.wav,0,59.40304,18.07242,Leppun,Leptophyes punctatissima,Speckled Bush-cricket,bush-cricket,0.99,,,27/09/2026,27/09/2026,19:29:43,ClassifEspSWE-0002026-05-29_1,JOHANKARLSSON,202609290745OY4UGOY4,,Citizen Science (ultrasonic) - shared
59~40304+18~07242_20260927_192950.wav,DEV_002_20260927_192950.wav,0,59.40304,18.07242,Leppun,Leptophyes punctatissima,Speckled Bush-cricket,bush-cricket,0.99,,,27/09/2026,27/09/2026,19:29:50,ClassifEspSWE-0002026-05-29_1,JOHANKARLSSON,202609290745OY4UGOY4,,Citizen Science (ultrasonic) - shared
59~40304+18~07242_20260927_192958.wav,DEV_002_20260927_192958.wav,0,59.40304,18.07242,Leppun,Leptophyes punctatissima,Speckled Bush-cricket,bush-cricket,0.99,,,27/09/2026,27/09/2026,19:29:58,ClassifEspSWE-0002026-05-29_1,JOHANKARLSSON,202609290745OY4UGOY4,,Citizen Science (ultrasonic) - shared
59~40304+18~07242_20260927_193006.wav,DEV_002_20260927_193006.wav,0,59.40304,18.07242,Leppun,Leptophyes punctatissima,Speckled Bush-cricket,bush-cricket,0.99,,,27/09/2026,27/09/2026,19:30:06,ClassifEspSWE-0002026-05-29_1,JOHANKARLSSON,202609290745OY4UGOY4,,Citizen Science (ultrasonic) - shared
59~40304+18~07242_20260927_193012.wav,DEV_002_20260927_193012.wav,0,59.40304,18.07242,Leppun,Leptophyes punctatissima,Speckled Bush-cricket,bush-cricket,0.99,,,27/09/2026,27/09/2026,19:30:12,ClassifEspSWE-0002026-05-29_1,JOHANKARLSSON,202609290745OY4UGOY4,,Citizen Science (ultrasonic) - shared
59~40304+18~07242_20260927_193019.wav,DEV_002_20260927_193019.wav,0,59.40304,18.07242,Leppun,Leptophyes punctatissima,Speckled Bush-cricket,bush-cricket,0.99,,,27/09/2026,27/09/2026,19:30:19,ClassifEspSWE-0002026-05-29_1,JOHANKARLSSON,202609290745OY4UGOY4,,Citizen Science (ultrasonic) - shared
59~40304+18~07242_20260927_193027.wav,DEV_002_20260927_193027.wav,0,59.40304,18.07242,Leppun,Leptophyes punctatissima,Speckled Bush-cricket,bush-cricket,0.99,,,27/09/2026,27/09/2026,19:30:27,ClassifEspSWE-0002026-05-29_1,JOHANKARLSSON,202609290745OY4UGOY4,,Citizen Science (ultrasonic) - shared
59~40304+18~07242_20260927_193036.wav,DEV_002_20260927_193036.wav,0,59.40304,18.07242,Leppun,Leptophyes punctatissima,Speckled Bush-cricket,bush-cricket,0.99,,,27/09/2026,27/09/2026,19:30:36,ClassifEspSWE-0002026-05-29_1,JOHANKARLSSON,202609290745OY4UGOY4,,Citizen Science (ultrasonic) - shared
59~40304+18~07242_20260927_193044.wav,DEV_002_20260927_193044.wav,0,59.40304,18.07242,Leppun,Leptophyes punctatissima,Speckled Bush-cricket,bush-cricket,0.99,,,27/09/2026,27/09/2026,19:30:44,ClassifEspSWE-0002026-05-29_1,JOHANKARLSSON,202609290745OY4UGOY4,,Citizen Science (ultrasonic) - shared
59~40304+18~07242_20260927_193049.wav,DEV_002_20260927_193049.wav,0,59.40304,18.07242,Leppun,Leptophyes punctatissima,Speckled Bush-cricket,bush-cricket,0.99,,,27/09/2026,27/09/2026,19:30:49,ClassifEspSWE-0002026-05-29_1,JOHANKARLSSON,202609290745OY4UGOY4,,Citizen Science (ultrasonic) - shared
59~40304+18~07242_20260927_193057.wav,DEV_002_20260927_193057.wav,0,59.40304,18.07242,Leppun,Leptophyes punctatissima,Speckled Bush-cricket,bush-cricket,0.99,,,27/09/2026,27/09/2026,19:30:57,ClassifEspSWE-0002026-05-29_1,JOHANKARLSSON,202609290745OY4UGOY4,,Citizen Science (ultrasonic) - shared
59~40304+18~07242_20260927_193103.wav,DEV_002_20260927_193103.wav,0,59.40304,18.07242,Leppun,Leptophyes punctatissima,Speckled Bush-cricket,bush-cricket,0.99,,,27/09/2026,27/09/2026,19:31:03,ClassifEspSWE-0002026-05-29_1,JOHANKARLSSON,202609290745OY4UGOY4,,Citizen Science (ultrasonic) - shared
59~40304+18~07242_20260927_193110.wav,DEV_002_20260927_193110.wav,0,59.40304,18.07242,Leppun,Leptophyes punctatissima,Speckled Bush-cricket,bush-cricket,0.99,,,27/09/2026,27/09/2026,19:31:10,ClassifEspSWE-0002026-05-29_1,JOHANKARLSSON,202609290745OY4UGOY4,,Citizen Science (ultrasonic) - shared
59~40304+18~07242_20260927_193116.wav,DEV_002_20260927_193116.wav,0,59.40304,18.07242,Leppun,Leptophyes punctatissima,Speckled Bush-cricket,bush-cricket,0.99,,,27/09/2026,27/09/2026,19:31:16,ClassifEspSWE-0002026-05-29_1,JOHANKARLSSON,202609290745OY4UGOY4,,Citizen Science (ultrasonic) - shared
59~40304+18~07242_20260927_193124.wav,DEV_002_20260927_193124.wav,0,59.40304,18.07242,Leppun,Leptophyes punctatissima,Speckled Bush-cricket,bush-cricket,0.99,,,27/09/2026,27/09/2026,19:31:24,ClassifEspSWE-0002026-05-29_1,JOHANKARLSSON,202609290745OY4UGOY4,,Citizen Science (ultrasonic) - shared
59~40304+18~07242_20260927_193131.wav,DEV_002_20260927_193131.wav,0,59.40304,18.07242,Leppun,Leptophyes punctatissima,Speckled Bush-cricket,bush-cricket,0.99,,,27/09/2026,27/09/2026,19:31:31,ClassifEspSWE-0002026-05-29_1,JOHANKARLSSON,202609290745OY4UGOY4,,Citizen Science (ultrasonic) - shared
59~40304+18~07242_20260927_193136.wav,DEV_002_20260927_193136.wav,0,59.40304,18.07242,Leppun,Leptophyes punctatissima,Speckled Bush-cricket,bush-cricket,0.99,,,27/09/2026,27/09/2026,19:31:36,ClassifEspSWE-0002026-05-29_1,JOHANKARLSSON,202609290745OY4UGOY4,,Citizen Science (ultrasonic) - shared
59~40304+18~07242_20260927_193145.wav,DEV_002_20260927_193145.wav,0,59.40304,18.07242,Leppun,Leptophyes punctatissima,Speckled Bush-cricket,bush-cricket,0.99,,,27/09/2026,27/09/2026,19:31:45,ClassifEspSWE-0002026-05-29_1,JOHANKARLSSON,202609290745OY4UGOY4,,Citizen Science (ultrasonic) - shared
59~40304+18~07242_20260927_193153.wav,DEV_002_20260927_193153.wav,0,59.40304,18.07242,Leppun,Leptophyes punctatissima,Speckled Bush-cricket,bush-cricket,0.99,,,27/09/2026,27/09/2026,19:31:53,ClassifEspSWE-0002026-05-29_1,JOHANKARLSSON,202609290745OY4UGOY4,,Citizen Science (ultrasonic) - shared
59~40304+18~07242_20260927_193159.wav,DEV_002_20260927_193159.wav,0,59.40304,18.07242,Leppun,Leptophyes punctatissima,Speckled Bush-cricket,bush-cricket,0.99,,,27/09/2026,27/09/2026,19:31:59,ClassifEspSWE-0002026-05-29_1,JOHANKARLSSON,202609290745OY4UGOY4,,Citizen Science (ultrasonic) - shared
59~40304+18~07242_20260927_193205.wav,DEV_002_20260927_193205.wav,0,59.40304,18.07242,Leppun,Leptophyes punctatissima,Speckled Bush-cricket,bush-cricket,0.99,,,27/09/2026,27/09/2026,19:32:05,ClassifEspSWE-0002026-05-29_1,JOHANKARLSSON,202609290745OY4UGOY4,,Citizen Science (ultrasonic) - shared
59~40304+18~07242_20260927_193210.wav,DEV_002_20260927_193210.wav,0,59.40304,18.07242,Leppun,Leptophyes punctatissima,Speckled Bush-cricket,bush-cricket,0.99,,,27/09/2026,27/09/2026,19:32:10,ClassifEspSWE-0002026-05-29_1,JOHANKARLSSON,202609290745OY4UGOY4,,Citizen Science (ultrasonic) - shared
59~40304+18~07242_20260927_193218.wav,DEV_002_20260927_193218.wav,0,59.40304,18.07242,Leppun,Leptophyes punctatissima,Speckled Bush-cricket,bush-cricket,0.99,,,27/09/2026,27/09/2026,19:32:18,ClassifEspSWE-0002026-05-29_1,JOHANKARLSSON,202609290745OY4UGOY4,,Citizen Science (ultrasonic) - shared
59~40304+18~07242_20260927_193225.wav,DEV_002_20260927_193225.wav,0,59.40304,18.07242,Leppun,Leptophyes punctatissima,Speckled Bush-cricket,bush-cricket,0.99,,,27/09/2026,27/09/2026,19:32:25,ClassifEspSWE-0002026-05-29_1,JOHANKARLSSON,202609290745OY4UGOY4,,Citizen Science (ultrasonic) - shared
59~40304+18~07242_20260927_193232.wav,DEV_002_20260927_193232.wav,0,59.40304,18.07242,Leppun,Leptophyes punctatissima,Speckled Bush-cricket,bush-cricket,0.99,,,27/09/2026,27/09/2026,19:32:32,ClassifEspSWE-0002026-05-29_1,JOHANKARLSSON,202609290745OY4UGOY4,,Citizen Science (ultrasonic) - shared
59~40304+18~07242_20260927_193240.wav,DEV_002_20260927_193240.wav,0,59.40304,18.07242,Leppun,Leptophyes punctatissima,Speckled Bush-cricket,bush-cricket,0.99,,,27/09/2026,27/09/2026,19:32:40,ClassifEspSWE-0002026-05-29_1,JOHANKARLSSON,202609290745OY4UGOY4,,Citizen Science (ultrasonic) - shared
59~40304+18~07242_20260927_193245.wav,DEV_002_20260927_193245.wav,0,59.40304,18.07242,Leppun,Leptophyes punctatissima,Speckled Bush-cricket,bush-cricket,0.99,,,27/09/2026,27/09/2026,19:32:45,ClassifEspSWE-0002026-05-29_1,JOHANKARLSSON,202609290745OY4UGOY4,,Citizen Science (ultrasonic) - shared
59~40304+18~07242_20260927_193251.wav,DEV_002_20260927_193251.wav,0,59.40304,18.07242,Leppun,Leptophyes punctatissima,Speckled Bush-cricket,bush-cricket,0.99,,,27/09/2026,27/09/2026,19:32:51,ClassifEspSWE-0002026-05-29_1,JOHANKARLSSON,202609290745OY4UGOY4,,Citizen Science (ultrasonic) - shared
59~40304+18~07242_20260927_193258.wav,DEV_002_20260927_193258.wav,0,59.40304,18.07242,Leppun,Leptophyes punctatissima,Speckled Bush-cricket,bush-cricket,0.99,,,27/09/2026,27/09/2026,19:32:58,ClassifEspSWE-0002026-05-29_1,JOHANKARLSSON,202609290745OY4UGOY4,,Citizen Science (ultrasonic) - shared
59~40304+18~07242_20260927_193304.wav,DEV_002_20260927_193304.wav,0,59.40304,18.07242,Leppun,Leptophyes punctatissima,Speckled Bush-cricket,bush-cricket,0.99,,,27/09/2026,27/09/2026,19:33:04,ClassifEspSWE-0002026-05-29_1,JOHANKARLSSON,202609290745OY4UGOY4,,Citizen Science (ultrasonic) - shared
59~40304+18~07242_20260927_193310.wav,DEV_002_20260927_193310.wav,0,59.40304,18.07242,Leppun,Leptophyes punctatissima,Speckled Bush-cricket,bush-cricket,0.99,,,27/09/2026,27/09/2026,19:33:10,ClassifEspSWE-0002026-05-29_1,JOHANKARLSSON,202609290745OY4UGOY4,,Citizen Science (ultrasonic) - shared
59~40304+18~07242_20260927_193316.wav,DEV_002_20260927_193316.wav,0,59.40304,18.07242,Leppun,Leptophyes punctatissima,Speckled Bush-cricket,bush-cricket,0.99,,,27/09/2026,27/09/2026,19:33:16,ClassifEspSWE-0002026-05-29_1,JOHANKARLSSON,202609290745OY4UGOY4,,Citizen Science (ultrasonic) - shared
59~40304+18~07242_20260927_193322.wav,DEV_002_20260927_193322.wav,0,59.40304,18.07242,Leppun,Leptophyes punctatissima,Speckled Bush-cricket,bush-cricket,0.99,,,27/09/2026,27/09/2026,19:33:22,ClassifEspSWE-0002026-05-29_1,JOHANKARLSSON,202609290745OY4UGOY4,,Citizen Science (ultrasonic) - shared
59~40304+18~07242_20260927_193328.wav,DEV_002_20260927_193328.wav,0,59.40304,18.07242,Leppun,Leptophyes punctatissima,Speckled Bush-cricket,bush-cricket,0.99,,,27/09/2026,27/09/2026,19:33:28,ClassifEspSWE-0002026-05-29_1,JOHANKARLSSON,202609290745OY4UGOY4,,Citizen Science (ultrasonic) - shared
59~40304+18~07242_20260927_193334.wav,DEV_002_20260927_193334.wav,0,59.40304,18.07242,Leppun,Leptophyes punctatissima,Speckled Bush-cricket,bush-cricket,0.99,,,27/09/2026,27/09/2026,19:33:34,ClassifEspSWE-0002026-05-29_1,JOHANKARLSSON,202609290745OY4UGOY4,,Citizen Science (ultrasonic) - shared
59~40304+18~07242_20260927_193339.wav,DEV_002_20260927_193339.wav,0,59.40304,18.07242,Leppun,Leptophyes punctatissima,Speckled Bush-cricket,bush-cricket,0.99,,,27/09/2026,27/09/2026,19:33:39,ClassifEspSWE-0002026-05-29_1,JOHANKARLSSON,202609290745OY4UGOY4,,Citizen Science (ultrasonic) - shared
59~40304+18~07242_20260927_193344.wav,DEV_002_20260927_193344.wav,0,59.40304,18.07242,Leppun,Leptophyes punctatissima,Speckled Bush-cricket,bush-cricket,0.99,,,27/09/2026,27/09/2026,19:33:44,ClassifEspSWE-0002026-05-29_1,JOHANKARLSSON,202609290745OY4UGOY4,,Citizen Science (ultrasonic) - shared
59~40304+18~07242_20260927_193352.wav,DEV_002_20260927_193352.wav,0,59.40304,18.07242,Leppun,Leptophyes punctatissima,Speckled Bush-cricket,bush-cricket,0.99,,,27/09/2026,27/09/2026,19:33:52,ClassifEspSWE-0002026-05-29_1,JOHANKARLSSON,202609290745OY4UGOY4,,Citizen Science (ultrasonic) - shared
59~40304+18~07242_20260927_193357.wav,DEV_002_20260927_193357.wav,0,59.40304,18.07242,Leppun,Leptophyes punctatissima,Speckled Bush-cricket,bush-cricket,0.99,,,27/09/2026,27/09/2026,19:33:57,ClassifEspSWE-0002026-05-29_1,JOHANKARLSSON,202609290745OY4UGOY4,,Citizen Science (ultrasonic) - shared
59~40304+18~07242_20260927_193402.wav,DEV_002_20260927_193402.wav,0,59.40304,18.07242,Leppun,Leptophyes punctatissima,Speckled Bush-cricket,bush-cricket,0.99,,,27/09/2026,27/09/2026,19:34:02,ClassifEspSWE-0002026-05-29_1,JOHANKARLSSON,202609290745OY4UGOY4,,Citizen Science (ultrasonic) - shared
59~40304+18~07242_20260927_193408.wav,DEV_002_20260927_193408.wav,0,59.40304,18.07242,Leppun,Leptophyes punctatissima,Speckled Bush-cricket,bush-cricket,0.99,,,27/09/2026,27/09/2026,19:34:08,ClassifEspSWE-0002026-05-29_1,JOHANKARLSSON,202609290745OY4UGOY4,,Citizen Science (ultrasonic) - shared
59~40304+18~07242_20260927_193413.wav,DEV_002_20260927_193413.wav,0,59.40304,18.07242,Leppun,Leptophyes punctatissima,Speckled Bush-cricket,bush-cricket,0.99,,,27/09/2026,27/09/2026,19:34:13,ClassifEspSWE-0002026-05-29_1,JOHANKARLSSON,202609290745OY4UGOY4,,Citizen Science (ultrasonic) - shared
59~40304+18~07242_20260927_193420.wav,DEV_002_20260927_193420.wav,0,59.40304,18.07242,Leppun,Leptophyes punctatissima,Speckled Bush-cricket,bush-cricket,0.99,,,27/09/2026,27/09/2026,19:34:20,ClassifEspSWE-0002026-05-29_1,JOHANKARLSSON,202609290745OY4UGOY4,,Citizen Science (ultrasonic) - shared
59~40304+18~07242_20260927_193426.wav,DEV_002_20260927_193426.wav,0,59.40304,18.07242,Leppun,Leptophyes punctatissima,Speckled Bush-cricket,bush-cricket,0.99,,,27/09/2026,27/09/2026,19:34:26,ClassifEspSWE-0002026-05-29_1,JOHANKARLSSON,202609290745OY4UGOY4,,Citizen Science (ultrasonic) - shared
59~40304+18~07242_20260927_193431.wav,DEV_002_20260927_193431.wav,0,59.40304,18.07242,Leppun,Leptophyes punctatissima,Speckled Bush-cricket,bush-cricket,0.99,,,27/09/2026,27/09/2026,19:34:31,ClassifEspSWE-0002026-05-29_1,JOHANKARLSSON,202609290745OY4UGOY4,,Citizen Science (ultrasonic) - shared
59~40304+18~07242_20260927_193436.wav,DEV_002_20260927_193436.wav,0,59.40304,18.07242,Leppun,Leptophyes punctatissima,Speckled Bush-cricket,bush-cricket,0.99,,,27/09/2026,27/09/2026,19:34:36,ClassifEspSWE-0002026-05-29_1,JOHANKARLSSON,202609290745OY4UGOY4,,Citizen Science (ultrasonic) - shared
59~40304+18~07242_20260927_193441.wav,DEV_002_20260927_193441.wav,0,59.40304,18.07242,Leppun,Leptophyes punctatissima,Speckled Bush-cricket,bush-cricket,0.99,,,27/09/2026,27/09/2026,19:34:41,ClassifEspSWE-0002026-05-29_1,JOHANKARLSSON,202609290745OY4UGOY4,,Citizen Science (ultrasonic) - shared
59~40304+18~07242_20260927_193446.wav,DEV_002_20260927_193446.wav,0,59.40304,18.07242,Leppun,Leptophyes punctatissima,Speckled Bush-cricket,bush-cricket,0.99,,,27/09/2026,27/09/2026,19:34:46,ClassifEspSWE-0002026-05-29_1,JOHANKARLSSON,202609290745OY4UGOY4,,Citizen Science (ultrasonic) - shared
59~40304+18~07242_20260927_193452.wav,DEV_002_20260927_193452.wav,0,59.40304,18.07242,Leppun,Leptophyes punctatissima,Speckled Bush-cricket,bush-cricket,0.99,,,27/09/2026,27/09/2026,19:34:52,ClassifEspSWE-0002026-05-29_1,JOHANKARLSSON,202609290745OY4UGOY4,,Citizen Science (ultrasonic) - shared
59~40304+18~07242_20260927_193458.wav,DEV_002_20260927_193458.wav,0,59.40304,18.07242,Leppun,Leptophyes punctatissima,Speckled Bush-cricket,bush-cricket,0.99,,,27/09/2026,27/09/2026,19:34:58,ClassifEspSWE-0002026-05-29_1,JOHANKARLSSON,202609290745OY4UGOY4,,Citizen Science (ultrasonic) - shared
59~40304+18~07242_20260927_193505.wav,DEV_002_20260927_193505.wav,0,59.40304,18.07242,Leppun,Leptophyes punctatissima,Speckled Bush-cricket,bush-cricket,0.99,,,27/09/2026,27/09/2026,19:35:05,ClassifEspSWE-0002026-05-29_1,JOHANKARLSSON,202609290745OY4UGOY4,,Citizen Science (ultrasonic) - shared
59~40304+18~07242_20260927_193512.wav,DEV_002_20260927_193512.wav,0,59.40304,18.07242,Leppun,Leptophyes punctatissima,Speckled Bush-cricket,bush-cricket,0.99,,,27/09/2026,27/09/2026,19:35:12,ClassifEspSWE-0002026-05-29_1,JOHANKARLSSON,202609290745OY4UGOY4,,Citizen Science (ultrasonic) - shared
59~40304+18~07242_20260927_193519.wav,DEV_002_20260927_193519.wav,0,59.40304,18.07242,Leppun,Leptophyes punctatissima,Speckled Bush-cricket,bush-cricket,0.99,,,27/09/2026,27/09/2026,19:35:19,ClassifEspSWE-0002026-05-29_1,JOHANKARLSSON,202609290745OY4UGOY4,,Citizen Science (ultrasonic) - shared
59~40304+18~07242_20260927_193525.wav,DEV_002_20260927_193525.wav,0,59.40304,18.07242,Leppun,Leptophyes punctatissima,Speckled Bush-cricket,bush-cricket,0.99,,,27/09/2026,27/09/2026,19:35:25,ClassifEspSWE-0002026-05-29_1,JOHANKARLSSON,202609290745OY4UGOY4,,Citizen Science (ultrasonic) - shared
59~40304+18~07242_20260927_193532.wav,DEV_002_20260927_193532.wav,0,59.40304,18.07242,Leppun,Leptophyes punctatissima,Speckled Bush-cricket,bush-cricket,0.99,,,27/09/2026,27/09/2026,19:35:32,ClassifEspSWE-0002026-05-29_1,JOHANKARLSSON,202609290745OY4UGOY4,,Citizen Science (ultrasonic) - shared
59~40304+18~07242_20260927_193538.wav,DEV_002_20260927_193538.wav,0,59.40304,18.07242,Leppun,Leptophyes punctatissima,Speckled Bush-cricket,bush-cricket,0.99,,,27/09/2026,27/09/2026,19:35:38,ClassifEspSWE-0002026-05-29_1,JOHANKARLSSON,202609290745OY4UGOY4,,Citizen Science (ultrasonic) - shared
59~40304+18~07242_20260927_193545.wav,DEV_002_20260927_193545.wav,0,59.40304,18.07242,Leppun,Leptophyes punctatissima,Speckled Bush-cricket,bush-cricket,0.99,,,27/09/2026,27/09/2026,19:35:45,ClassifEspSWE-0002026-05-29_1,JOHANKARLSSON,202609290745OY4UGOY4,,Citizen Science (ultrasonic) - shared
59~40304+18~07242_20260927_193550.wav,DEV_002_20260927_193550.wav,0,59.40304,18.07242,Leppun,Leptophyes punctatissima,Speckled Bush-cricket,bush-cricket,0.99,,,27/09/2026,27/09/2026,19:35:50,ClassifEspSWE-0002026-05-29_1,JOHANKARLSSON,202609290745OY4UGOY4,,Citizen Science (ultrasonic) - shared
59~40304+18~07242_20260927_193557.wav,DEV_002_20260927_193557.wav,0,59.40304,18.07242,Leppun,Leptophyes punctatissima,Speckled Bush-cricket,bush-cricket,0.99,,,27/09/2026,27/09/2026,19:35:57,ClassifEspSWE-0002026-05-29_1,JOHANKARLSSON,202609290745OY4UGOY4,,Citizen Science (ultrasonic) - shared
59~40304+18~07242_20260927_193602.wav,DEV_002_20260927_193602.wav,0,59.40304,18.07242,Leppun,Leptophyes punctatissima,Speckled Bush-cricket,bush-cricket,0.99,,,27/09/2026,27/09/2026,19:36:02,ClassifEspSWE-0002026-05-29_1,JOHANKARLSSON,202609290745OY4UGOY4,,Citizen Science (ultrasonic) - shared
59~40304+18~07242_20260927_193607.wav,DEV_002_20260927_193607.wav,0,59.40304,18.07242,Leppun,Leptophyes punctatissima,Speckled Bush-cricket,bush-cricket,0.99,,,27/09/2026,27/09/2026,19:36:07,ClassifEspSWE-0002026-05-29_1,JOHANKARLSSON,202609290745OY4UGOY4,,Citizen Science (ultrasonic) - shared
59~40304+18~07242_20260927_193613.wav,DEV_002_20260927_193613.wav,0,59.40304,18.07242,Leppun,Leptophyes punctatissima,Speckled Bush-cricket,bush-cricket,0.99,,,27/09/2026,27/09/2026,19:36:13,ClassifEspSWE-0002026-05-29_1,JOHANKARLSSON,202609290745OY4UGOY4,,Citizen Science (ultrasonic) - shared
59~40304+18~07242_20260927_193620.wav,DEV_002_20260927_193620.wav,0,59.40304,18.07242,Leppun,Leptophyes punctatissima,Speckled Bush-cricket,bush-cricket,0.99,,,27/09/2026,27/09/2026,19:36:20,ClassifEspSWE-0002026-05-29_1,JOHANKARLSSON,202609290745OY4UGOY4,,Citizen Science (ultrasonic) - shared
59~40304+18~07242_20260927_193626.wav,DEV_002_20260927_193626.wav,0,59.40304,18.07242,Leppun,Leptophyes punctatissima,Speckled Bush-cricket,bush-cricket,0.99,,,27/09/2026,27/09/2026,19:36:26,ClassifEspSWE-0002026-05-29_1,JOHANKARLSSON,202609290745OY4UGOY4,,Citizen Science (ultrasonic) - shared
59~40304+18~07242_20260927_193632.wav,DEV_002_20260927_193632.wav,0,59.40304,18.07242,Leppun,Leptophyes punctatissima,Speckled Bush-cricket,bush-cricket,0.99,,,27/09/2026,27/09/2026,19:36:32,ClassifEspSWE-0002026-05-29_1,JOHANKARLSSON,202609290745OY4UGOY4,,Citizen Science (ultrasonic) - shared
59~40304+18~07242_20260927_193638.wav,DEV_002_20260927_193638.wav,0,59.40304,18.07242,Leppun,Leptophyes punctatissima,Speckled Bush-cricket,bush-cricket,0.99,,,27/09/2026,27/09/2026,19:36:38,ClassifEspSWE-0002026-05-29_1,JOHANKARLSSON,202609290745OY4UGOY4,,Citizen Science (ultrasonic) - shared
59~40304+18~07242_20260927_193644.wav,DEV_002_20260927_193644.wav,0,59.40304,18.07242,Leppun,Leptophyes punctatissima,Speckled Bush-cricket,bush-cricket,0.99,,,27/09/2026,27/09/2026,19:36:44,ClassifEspSWE-0002026-05-29_1,JOHANKARLSSON,202609290745OY4UGOY4,,Citizen Science (ultrasonic) - shared
59~40304+18~07242_20260927_193651.wav,DEV_002_20260927_193651.wav,0,59.40304,18.07242,Leppun,Leptophyes punctatissima,Speckled Bush-cricket,bush-cricket,0.99,,,27/09/2026,27/09/2026,19:36:51,ClassifEspSWE-0002026-05-29_1,JOHANKARLSSON,202609290745OY4UGOY4,,Citizen Science (ultrasonic) - shared
59~40304+18~07242_20260927_193656.wav,DEV_002_20260927_193656.wav,0,59.40304,18.07242,Leppun,Leptophyes punctatissima,Speckled Bush-cricket,bush-cricket,0.99,,,27/09/2026,27/09/2026,19:36:56,ClassifEspSWE-0002026-05-29_1,JOHANKARLSSON,202609290745OY4UGOY4,,Citizen Science (ultrasonic) - shared
59~40304+18~07242_20260927_193702.wav,DEV_002_20260927_193702.wav,0,59.40304,18.07242,Leppun,Leptophyes punctatissima,Speckled Bush-cricket,bush-cricket,0.99,,,27/09/2026,27/09/2026,19:37:02,ClassifEspSWE-0002026-05-29_1,JOHANKARLSSON,202609290745OY4UGOY4,,Citizen Science (ultrasonic) - shared
59~40304+18~07242_20260927_193707.wav,DEV_002_20260927_193707.wav,0,59.40304,18.07242,Leppun,Leptophyes punctatissima,Speckled Bush-cricket,bush-cricket,0.99,,,27/09/2026,27/09/2026,19:37:07,ClassifEspSWE-0002026-05-29_1,JOHANKARLSSON,202609290745OY4UGOY4,,Citizen Science (ultrasonic) - shared
59~40304+18~07242_20260927_193713.wav,DEV_002_20260927_193713.wav,0,59.40304,18.07242,Leppun,Leptophyes punctatissima,Speckled Bush-cricket,bush-cricket,0.99,,,27/09/2026,27/09/2026,19:37:13,ClassifEspSWE-0002026-05-29_1,JOHANKARLSSON,202609290745OY4UGOY4,,Citizen Science (ultrasonic) - shared
59~40304+18~07242_20260927_193718.wav,DEV_002_20260927_193718.wav,0,59.40304,18.07242,Leppun,Leptophyes punctatissima,Speckled Bush-cricket,bush-cricket,0.99,,,27/09/2026,27/09/2026,19:37:18,ClassifEspSWE-0002026-05-29_1,JOHANKARLSSON,202609290745OY4UGOY4,,Citizen Science (ultrasonic) - shared
59~40304+18~07242_20260927_193723.wav,DEV_002_20260927_193723.wav,0,59.40304,18.07242,Leppun,Leptophyes punctatissima,Speckled Bush-cricket,bush-cricket,0.99,,,27/09/2026,27/09/2026,19:37:23,ClassifEspSWE-0002026-05-29_1,JOHANKARLSSON,202609290745OY4UGOY4,,Citizen Science (ultrasonic) - shared
59~40304+18~07242_20260927_193729.wav,DEV_002_20260927_193729.wav,0,59.40304,18.07242,Leppun,Leptophyes punctatissima,Speckled Bush-cricket,bush-cricket,0.99,,,27/09/2026,27/09/2026,19:37:29,ClassifEspSWE-0002026-05-29_1,JOHANKARLSSON,202609290745OY4UGOY4,,Citizen Science (ultrasonic) - shared
59~40304+18~07242_20260927_193734.wav,DEV_002_20260927_193734.wav,0,59.40304,18.07242,Leppun,Leptophyes punctatissima,Speckled Bush-cricket,bush-cricket,0.99,,,27/09/2026,27/09/2026,19:37:34,ClassifEspSWE-0002026-05-29_1,JOHANKARLSSON,202609290745OY4UGOY4,,Citizen Science (ultrasonic) - shared
59~40304+18~07242_20260927_193739.wav,DEV_002_20260927_193739.wav,0,59.40304,18.07242,Leppun,Leptophyes punctatissima,Speckled Bush-cricket,bush-cricket,0.99,,,27/09/2026,27/09/2026,19:37:39,ClassifEspSWE-0002026-05-29_1,JOHANKARLSSON,202609290745OY4UGOY4,,Citizen Science (ultrasonic) - shared
59~40304+18~07242_20260927_193745.wav,DEV_002_20260927_193745.wav,0,59.40304,18.07242,Leppun,Leptophyes punctatissima,Speckled Bush-cricket,bush-cricket,0.99,,,27/09/2026,27/09/2026,19:37:45,ClassifEspSWE-0002026-05-29_1,JOHANKARLSSON,202609290745OY4UGOY4,,Citizen Science (ultrasonic) - shared
59~40304+18~07242_20260927_193750.wav,DEV_002_20260927_193750.wav,0,59.40304,18.07242,Leppun,Leptophyes punctatissima,Speckled Bush-cricket,bush-cricket,0.99,,,27/09/2026,27/09/2026,19:37:50,ClassifEspSWE-0002026-05-29_1,JOHANKARLSSON,202609290745OY4UGOY4,,Citizen Science (ultrasonic) - shared
59~40304+18~07242_20260927_193756.wav,DEV_002_20260927_193756.wav,0,59.40304,18.07242,Leppun,Leptophyes punctatissima,Speckled Bush-cricket,bush-cricket,0.99,,,27/09/2026,27/09/2026,19:37:56,ClassifEspSWE-0002026-05-29_1,JOHANKARLSSON,202609290745OY4UGOY4,,Citizen Science (ultrasonic) - shared
59~40304+18~07242_20260927_193801.wav,DEV_002_20260927_193801.wav,0,59.40304,18.07242,Leppun,Leptophyes punctatissima,Speckled Bush-cricket,bush-cricket,0.99,,,27/09/2026,27/09/2026,19:38:01,ClassifEspSWE-0002026-05-29_1,JOHANKARLSSON,202609290745OY4UGOY4,,Citizen Science (ultrasonic) - shared
59~40304+18~07242_20260927_193807.wav,DEV_002_20260927_193807.wav,0,59.40304,18.07242,Leppun,Leptophyes punctatissima,Speckled Bush-cricket,bush-cricket,0.99,,,27/09/2026,27/09/2026,19:38:07,ClassifEspSWE-0002026-05-29_1,JOHANKARLSSON,202609290745OY4UGOY4,,Citizen Science (ultrasonic) - shared
59~40304+18~07242_20260927_193812.wav,DEV_002_20260927_193812.wav,0,59.40304,18.07242,Leppun,Leptophyes punctatissima,Speckled Bush-cricket,bush-cricket,0.99,,,27/09/2026,27/09/2026,19:38:12,ClassifEspSWE-0002026-05-29_1,JOHANKARLSSON,202609290745OY4UGOY4,,Citizen Science (ultrasonic) - shared
59~40304+18~07242_20260927_193818.wav,DEV_002_20260927_193818.wav,0,59.40304,18.07242,Leppun,Leptophyes punctatissima,Speckled Bush-cricket,bush-cricket,0.99,,,27/09/2026,27/09/2026,19:38:18,ClassifEspSWE-0002026-05-29_1,JOHANKARLSSON,202609290745OY4UGOY4,,Citizen Science (ultrasonic) - shared
59~40304+18~07242_20260927_193825.wav,DEV_002_20260927_193825.wav,0,59.40304,18.07242,Leppun,Leptophyes punctatissima,Speckled Bush-cricket,bush-cricket,0.99,,,27/09/2026,27/09/2026,19:38:25,ClassifEspSWE-0002026-05-29_1,JOHANKARLSSON,202609290745OY4UGOY4,,Citizen Science (ultrasonic) - shared
59~40304+18~07242_20260927_193831.wav,DEV_002_20260927_193831.wav,0,59.40304,18.07242,Leppun,Leptophyes punctatissima,Speckled Bush-cricket,bush-cricket,0.99,,,27/09/2026,27/09/2026,19:38:31,ClassifEspSWE-0002026-05-29_1,JOHANKARLSSON,202609290745OY4UGOY4,,Citizen Science (ultrasonic) - shared
59~40304+18~07242_20260927_193837.wav,DEV_002_20260927_193837.wav,0,59.40304,18.07242,Leppun,Leptophyes punctatissima,Speckled Bush-cricket,bush-cricket,0.99,,,27/09/2026,27/09/2026,19:38:37,ClassifEspSWE-0002026-05-29_1,JOHANKARLSSON,202609290745OY4UGOY4,,Citizen Science (ultrasonic) - shared
59~40304+18~07242_20260927_193843.wav,DEV_002_20260927_193843.wav,0,59.40304,18.07242,Leppun,Leptophyes punctatissima,Speckled Bush-cricket,bush-cricket,0.99,,,27/09/2026,27/09/2026,19:38:43,ClassifEspSWE-0002026-05-29_1,JOHANKARLSSON,202609290745OY4UGOY4,,Citizen Science (ultrasonic) - shared
59~40304+18~07242_20260927_193851.wav,DEV_002_20260927_193851.wav,0,59.40304,18.07242,Leppun,Leptophyes punctatissima,Speckled Bush-cricket,bush-cricket,0.99,,,27/09/2026,27/09/2026,19:38:51,ClassifEspSWE-0002026-05-29_1,JOHANKARLSSON,202609290745OY4UGOY4,,Citizen Science (ultrasonic) - shared
59~40304+18~07242_20260927_193857.wav,DEV_002_20260927_193857.wav,0,59.40304,18.07242,Leppun,Leptophyes punctatissima,Speckled Bush-cricket,bush-cricket,0.99,,,27/09/2026,27/09/2026,19:38:57,ClassifEspSWE-0002026-05-29_1,JOHANKARLSSON,202609290745OY4UGOY4,,Citizen Science (ultrasonic) - shared
59~40304+18~07242_20260927_193903.wav,DEV_002_20260927_193903.wav,0,59.40304,18.07242,Leppun,Leptophyes punctatissima,Speckled Bush-cricket,bush-cricket,0.99,,,27/09/2026,27/09/2026,19:39:03,ClassifEspSWE-0002026-05-29_1,JOHANKARLSSON,202609290745OY4UGOY4,,Citizen Science (ultrasonic) - shared
59~40304+18~07242_20260927_193908.wav,DEV_002_20260927_193908.wav,0,59.40304,18.07242,Leppun,Leptophyes punctatissima,Speckled Bush-cricket,bush-cricket,0.99,,,27/09/2026,27/09/2026,19:39:08,ClassifEspSWE-0002026-05-29_1,JOHANKARLSSON,202609290745OY4UGOY4,,Citizen Science (ultrasonic) - shared
59~40304+18~07242_20260927_193914.wav,DEV_002_20260927_193914.wav,0,59.40304,18.07242,Leppun,Leptophyes punctatissima,Speckled Bush-cricket,bush-cricket,0.99,,,27/09/2026,27/09/2026,19:39:14,ClassifEspSWE-0002026-05-29_1,JOHANKARLSSON,202609290745OY4UGOY4,,Citizen Science (ultrasonic) - shared
59~40304+18~07242_20260927_193919.wav,DEV_002_20260927_193919.wav,0,59.40304,18.07242,Leppun,Leptophyes punctatissima,Speckled Bush-cricket,bush-cricket,0.99,,,27/09/2026,27/09/2026,19:39:19,ClassifEspSWE-0002026-05-29_1,JOHANKARLSSON,202609290745OY4UGOY4,,Citizen Science (ultrasonic) - shared
59~40304+18~07242_20260927_193925.wav,DEV_002_20260927_193925.wav,0,59.40304,18.07242,Leppun,Leptophyes punctatissima,Speckled Bush-cricket,bush-cricket,0.99,,,27/09/2026,27/09/2026,19:39:25,ClassifEspSWE-0002026-05-29_1,JOHANKARLSSON,202609290745OY4UGOY4,,Citizen Science (ultrasonic) - shared
59~40304+18~07242_20260927_193931.wav,DEV_002_20260927_193931.wav,0,59.40304,18.07242,Leppun,Leptophyes punctatissima,Speckled Bush-cricket,bush-cricket,0.99,,,27/09/2026,27/09/2026,19:39:31,ClassifEspSWE-0002026-05-29_1,JOHANKARLSSON,202609290745OY4UGOY4,,Citizen Science (ultrasonic) - shared
59~40304+18~07242_20260927_193939.wav,DEV_002_20260927_193939.wav,0,59.40304,18.07242,Leppun,Leptophyes punctatissima,Speckled Bush-cricket,bush-cricket,0.99,,,27/09/2026,27/09/2026,19:39:39,ClassifEspSWE-0002026-05-29_1,JOHANKARLSSON,202609290745OY4UGOY4,,Citizen Science (ultrasonic) - shared
59~40304+18~07242_20260927_193947.wav,DEV_002_20260927_193947.wav,0,59.40304,18.07242,Leppun,Leptophyes punctatissima,Speckled Bush-cricket,bush-cricket,0.99,,,27/09/2026,27/09/2026,19:39:47,ClassifEspSWE-0002026-05-29_1,JOHANKARLSSON,202609290745OY4UGOY4,,Citizen Science (ultrasonic) - shared
59~40304+18~07242_20260927_193954.wav,DEV_002_20260927_193954.wav,0,59.40304,18.07242,Leppun,Leptophyes punctatissima,Speckled Bush-cricket,bush-cricket,0.99,,,27/09/2026,27/09/2026,19:39:54,ClassifEspSWE-0002026-05-29_1,JOHANKARLSSON,202609290745OY4UGOY4,,Citizen Science (ultrasonic) - shared
59~40304+18~07242_20260927_194000.wav,DEV_002_20260927_194000.wav,0,59.40304,18.07242,Leppun,Leptophyes punctatissima,Speckled Bush-cricket,bush-cricket,0.99,,,27/09/2026,27/09/2026,19:40:00,ClassifEspSWE-0002026-05-29_1,JOHANKARLSSON,202609290745OY4UGOY4,,Citizen Science (ultrasonic) - shared
59~40304+18~07242_20260927_194007.wav,DEV_002_20260927_194007.wav,0,59.40304,18.07242,Leppun,Leptophyes punctatissima,Speckled Bush-cricket,bush-cricket,0.99,,,27/09/2026,27/09/2026,19:40:07,ClassifEspSWE-0002026-05-29_1,JOHANKARLSSON,202609290745OY4UGOY4,,Citizen Science (ultrasonic) - shared
59~40304+18~07242_20260927_194013.wav,DEV_002_20260927_194013.wav,0,59.40304,18.07242,Leppun,Leptophyes punctatissima,Speckled Bush-cricket,bush-cricket,0.99,,,27/09/2026,27/09/2026,19:40:13,ClassifEspSWE-0002026-05-29_1,JOHANKARLSSON,202609290745OY4UGOY4,,Citizen Science (ultrasonic) - shared
59~40304+18~07242_20260927_194019.wav,DEV_002_20260927_194019.wav,0,59.40304,18.07242,Leppun,Leptophyes punctatissima,Speckled Bush-cricket,bush-cricket,0.99,,,27/09/2026,27/09/2026,19:40:19,ClassifEspSWE-0002026-05-29_1,JOHANKARLSSON,202609290745OY4UGOY4,,Citizen Science (ultrasonic) - shared
59~40304+18~07242_20260927_194025.wav,DEV_002_20260927_194025.wav,0,59.40304,18.07242,Leppun,Leptophyes punctatissima,Speckled Bush-cricket,bush-cricket,0.99,,,27/09/2026,27/09/2026,19:40:25,ClassifEspSWE-0002026-05-29_1,JOHANKARLSSON,202609290745OY4UGOY4,,Citizen Science (ultrasonic) - shared
59~40304+18~07242_20260927_194032.wav,DEV_002_20260927_194032.wav,0,59.40304,18.07242,Leppun,Leptophyes punctatissima,Speckled Bush-cricket,bush-cricket,0.99,,,27/09/2026,27/09/2026,19:40:32,ClassifEspSWE-0002026-05-29_1,JOHANKARLSSON,202609290745OY4UGOY4,,Citizen Science (ultrasonic) - shared
59~40304+18~07242_20260927_194039.wav,DEV_002_20260927_194039.wav,0,59.40304,18.07242,Leppun,Leptophyes punctatissima,Speckled Bush-cricket,bush-cricket,0.99,,,27/09/2026,27/09/2026,19:40:39,ClassifEspSWE-0002026-05-29_1,JOHANKARLSSON,202609290745OY4UGOY4,,Citizen Science (ultrasonic) - shared
59~40304+18~07242_20260927_194044.wav,DEV_002_20260927_194044.wav,0,59.40304,18.07242,Leppun,Leptophyes punctatissima,Speckled Bush-cricket,bush-cricket,0.99,,,27/09/2026,27/09/2026,19:40:44,ClassifEspSWE-0002026-05-29_1,JOHANKARLSSON,202609290745OY4UGOY4,,Citizen Science (ultrasonic) - shared
59~40304+18~07242_20260927_194051.wav,DEV_002_20260927_194051.wav,0,59.40304,18.07242,Leppun,Leptophyes punctatissima,Speckled Bush-cricket,bush-cricket,0.99,,,27/09/2026,27/09/2026,19:40:51,ClassifEspSWE-0002026-05-29_1,JOHANKARLSSON,202609290745OY4UGOY4,,Citizen Science (ultrasonic) - shared
59~40304+18~07242_20260927_194058.wav,DEV_002_20260927_194058.wav,0,59.40304,18.07242,Leppun,Leptophyes punctatissima,Speckled Bush-cricket,bush-cricket,0.99,,,27/09/2026,27/09/2026,19:40:58,ClassifEspSWE-0002026-05-29_1,JOHANKARLSSON,202609290745OY4UGOY4,,Citizen Science (ultrasonic) - shared
59~40304+18~07242_20260927_194105.wav,DEV_002_20260927_194105.wav,0,59.40304,18.07242,Leppun,Leptophyes punctatissima,Speckled Bush-cricket,bush-cricket,0.99,,,27/09/2026,27/09/2026,19:41:05,ClassifEspSWE-0002026-05-29_1,JOHANKARLSSON,202609290745OY4UGOY4,,Citizen Science (ultrasonic) - shared
59~40304+18~07242_20260927_194113.wav,DEV_002_20260927_194113.wav,0,59.40304,18.07242,Leppun,Leptophyes punctatissima,Speckled Bush-cricket,bush-cricket,0.99,,,27/09/2026,27/09/2026,19:41:13,ClassifEspSWE-0002026-05-29_1,JOHANKARLSSON,202609290745OY4UGOY4,,Citizen Science (ultrasonic) - shared
59~40304+18~07242_20260927_194119.wav,DEV_002_20260927_194119.wav,0,59.40304,18.07242,Leppun,Leptophyes punctatissima,Speckled Bush-cricket,bush-cricket,0.99,,,27/09/2026,27/09/2026,19:41:19,ClassifEspSWE-0002026-05-29_1,JOHANKARLSSON,202609290745OY4UGOY4,,Citizen Science (ultrasonic) - shared
59~40304+18~07242_20260927_194125.wav,DEV_002_20260927_194125.wav,0,59.40304,18.07242,Leppun,Leptophyes punctatissima,Speckled Bush-cricket,bush-cricket,0.99,,,27/09/2026,27/09/2026,19:41:25,ClassifEspSWE-0002026-05-29_1,JOHANKARLSSON,202609290745OY4UGOY4,,Citizen Science (ultrasonic) - shared
59~40304+18~07242_20260927_194132.wav,DEV_002_20260927_194132.wav,0,59.40304,18.07242,Leppun,Leptophyes punctatissima,Speckled Bush-cricket,bush-cricket,0.99,,,27/09/2026,27/09/2026,19:41:32,ClassifEspSWE-0002026-05-29_1,JOHANKARLSSON,202609290745OY4UGOY4,,Citizen Science (ultrasonic) - shared
59~40304+18~07242_20260927_194139.wav,DEV_002_20260927_194139.wav,0,59.40304,18.07242,Leppun,Leptophyes punctatissima,Speckled Bush-cricket,bush-cricket,0.99,,,27/09/2026,27/09/2026,19:41:39,ClassifEspSWE-0002026-05-29_1,JOHANKARLSSON,202609290745OY4UGOY4,,Citizen Science (ultrasonic) - shared
59~40304+18~07242_20260927_194146.wav,DEV_002_20260927_194146.wav,0,59.40304,18.07242,Leppun,Leptophyes punctatissima,Speckled Bush-cricket,bush-cricket,0.99,,,27/09/2026,27/09/2026,19:41:46,ClassifEspSWE-0002026-05-29_1,JOHANKARLSSON,202609290745OY4UGOY4,,Citizen Science (ultrasonic) - shared
59~40304+18~07242_20260927_194151.wav,DEV_002_20260927_194151.wav,0,59.40304,18.07242,Leppun,Leptophyes punctatissima,Speckled Bush-cricket,bush-cricket,0.99,,,27/09/2026,27/09/2026,19:41:51,ClassifEspSWE-0002026-05-29_1,JOHANKARLSSON,202609290745OY4UGOY4,,Citizen Science (ultrasonic) - shared
59~40304+18~07242_20260927_194158.wav,DEV_002_20260927_194158.wav,0,59.40304,18.07242,Leppun,Leptophyes punctatissima,Speckled Bush-cricket,bush-cricket,0.99,,,27/09/2026,27/09/2026,19:41:58,ClassifEspSWE-0002026-05-29_1,JOHANKARLSSON,202609290745OY4UGOY4,,Citizen Science (ultrasonic) - shared
59~40304+18~07242_20260927_194203.wav,DEV_002_20260927_194203.wav,0,59.40304,18.07242,Leppun,Leptophyes punctatissima,Speckled Bush-cricket,bush-cricket,0.99,,,27/09/2026,27/09/2026,19:42:03,ClassifEspSWE-0002026-05-29_1,JOHANKARLSSON,202609290745OY4UGOY4,,Citizen Science (ultrasonic) - shared
59~40304+18~07242_20260927_194210.wav,DEV_002_20260927_194210.wav,0,59.40304,18.07242,Leppun,Leptophyes punctatissima,Speckled Bush-cricket,bush-cricket,0.99,,,27/09/2026,27/09/2026,19:42:10,ClassifEspSWE-0002026-05-29_1,JOHANKARLSSON,202609290745OY4UGOY4,,Citizen Science (ultrasonic) - shared
59~40304+18~07242_20260927_194216.wav,DEV_002_20260927_194216.wav,0,59.40304,18.07242,Leppun,Leptophyes punctatissima,Speckled Bush-cricket,bush-cricket,0.99,,,27/09/2026,27/09/2026,19:42:16,ClassifEspSWE-0002026-05-29_1,JOHANKARLSSON,202609290745OY4UGOY4,,Citizen Science (ultrasonic) - shared
59~40304+18~07242_20260927_194221.wav,DEV_002_20260927_194221.wav,0,59.40304,18.07242,Leppun,Leptophyes punctatissima,Speckled Bush-cricket,bush-cricket,0.99,,,27/09/2026,27/09/2026,19:42:21,ClassifEspSWE-0002026-05-29_1,JOHANKARLSSON,202609290745OY4UGOY4,,Citizen Science (ultrasonic) - shared
59~40304+18~07242_20260927_194227.wav,DEV_002_20260927_194227.wav,0,59.40304,18.07242,Leppun,Leptophyes punctatissima,Speckled Bush-cricket,bush-cricket,0.99,,,27/09/2026,27/09/2026,19:42:27,ClassifEspSWE-0002026-05-29_1,JOHANKARLSSON,202609290745OY4UGOY4,,Citizen Science (ultrasonic) - shared
59~40304+18~07242_20260927_194233.wav,DEV_002_20260927_194233.wav,0,59.40304,18.07242,Leppun,Leptophyes punctatissima,Speckled Bush-cricket,bush-cricket,0.99,,,27/09/2026,27/09/2026,19:42:33,ClassifEspSWE-0002026-05-29_1,JOHANKARLSSON,202609290745OY4UGOY4,,Citizen Science (ultrasonic) - shared
59~40304+18~07242_20260927_194240.wav,DEV_002_20260927_194240.wav,0,59.40304,18.07242,Leppun,Leptophyes punctatissima,Speckled Bush-cricket,bush-cricket,0.99,,,27/09/2026,27/09/2026,19:42:40,ClassifEspSWE-0002026-05-29_1,JOHANKARLSSON,202609290745OY4UGOY4,,Citizen Science (ultrasonic) - shared
59~40304+18~07242_20260927_194246.wav,DEV_002_20260927_194246.wav,0,59.40304,18.07242,Leppun,Leptophyes punctatissima,Speckled Bush-cricket,bush-cricket,0.99,,,27/09/2026,27/09/2026,19:42:46,ClassifEspSWE-0002026-05-29_1,JOHANKARLSSON,202609290745OY4UGOY4,,Citizen Science (ultrasonic) - shared
59~40304+18~07242_20260927_194251.wav,DEV_002_20260927_194251.wav,0,59.40304,18.07242,Leppun,Leptophyes punctatissima,Speckled Bush-cricket,bush-cricket,0.99,,,27/09/2026,27/09/2026,19:42:51,ClassifEspSWE-0002026-05-29_1,JOHANKARLSSON,202609290745OY4UGOY4,,Citizen Science (ultrasonic) - shared
59~40304+18~07242_20260927_194257.wav,DEV_002_20260927_194257.wav,0,59.40304,18.07242,Leppun,Leptophyes punctatissima,Speckled Bush-cricket,bush-cricket,0.99,,,27/09/2026,27/09/2026,19:42:57,ClassifEspSWE-0002026-05-29_1,JOHANKARLSSON,202609290745OY4UGOY4,,Citizen Science (ultrasonic) - shared
59~40304+18~07242_20260927_194302.wav,DEV_002_20260927_194302.wav,0,59.40304,18.07242,Leppun,Leptophyes punctatissima,Speckled Bush-cricket,bush-cricket,0.99,,,27/09/2026,27/09/2026,19:43:02,ClassifEspSWE-0002026-05-29_1,JOHANKARLSSON,202609290745OY4UGOY4,,Citizen Science (ultrasonic) - shared
59~40304+18~07242_20260927_194307.wav,DEV_002_20260927_194307.wav,0,59.40304,18.07242,Leppun,Leptophyes punctatissima,Speckled Bush-cricket,bush-cricket,0.99,,,27/09/2026,27/09/2026,19:43:07,ClassifEspSWE-0002026-05-29_1,JOHANKARLSSON,202609290745OY4UGOY4,,Citizen Science (ultrasonic) - shared
59~40304+18~07242_20260927_194314.wav,DEV_002_20260927_194314.wav,0,59.40304,18.07242,Leppun,Leptophyes punctatissima,Speckled Bush-cricket,bush-cricket,0.99,,,27/09/2026,27/09/2026,19:43:14,ClassifEspSWE-0002026-05-29_1,JOHANKARLSSON,202609290745OY4UGOY4,,Citizen Science (ultrasonic) - shared
59~40304+18~07242_20260927_194320.wav,DEV_002_20260927_194320.wav,0,59.40304,18.07242,Leppun,Leptophyes punctatissima,Speckled Bush-cricket,bush-cricket,0.99,,,27/09/2026,27/09/2026,19:43:20,ClassifEspSWE-0002026-05-29_1,JOHANKARLSSON,202609290745OY4UGOY4,,Citizen Science (ultrasonic) - shared
59~40304+18~07242_20260927_194326.wav,DEV_002_20260927_194326.wav,0,59.40304,18.07242,Leppun,Leptophyes punctatissima,Speckled Bush-cricket,bush-cricket,0.99,,,27/09/2026,27/09/2026,19:43:26,ClassifEspSWE-0002026-05-29_1,JOHANKARLSSON,202609290745OY4UGOY4,,Citizen Science (ultrasonic) - shared
59~40304+18~07242_20260927_194331.wav,DEV_002_20260927_194331.wav,0,59.40304,18.07242,Leppun,Leptophyes punctatissima,Speckled Bush-cricket,bush-cricket,0.99,,,27/09/2026,27/09/2026,19:43:31,ClassifEspSWE-0002026-05-29_1,JOHANKARLSSON,202609290745OY4UGOY4,,Citizen Science (ultrasonic) - shared
59~40304+18~07242_20260927_194337.wav,DEV_002_20260927_194337.wav,0,59.40304,18.07242,Leppun,Leptophyes punctatissima,Speckled Bush-cricket,bush-cricket,0.99,,,27/09/2026,27/09/2026,19:43:37,ClassifEspSWE-0002026-05-29_1,JOHANKARLSSON,202609290745OY4UGOY4,,Citizen Science (ultrasonic) - shared
59~40304+18~07242_20260927_194342.wav,DEV_002_20260927_194342.wav,0,59.40304,18.07242,Leppun,Leptophyes punctatissima,Speckled Bush-cricket,bush-cricket,0.99,,,27/09/2026,27/09/2026,19:43:42,ClassifEspSWE-0002026-05-29_1,JOHANKARLSSON,202609290745OY4UGOY4,,Citizen Science (ultrasonic) - shared
59~40304+18~07242_20260927_194350.wav,DEV_002_20260927_194350.wav,0,59.40304,18.07242,Leppun,Leptophyes punctatissima,Speckled Bush-cricket,bush-cricket,0.99,,,27/09/2026,27/09/2026,19:43:50,ClassifEspSWE-0002026-05-29_1,JOHANKARLSSON,202609290745OY4UGOY4,,Citizen Science (ultrasonic) - shared
59~40304+18~07242_20260927_194356.wav,DEV_002_20260927_194356.wav,0,59.40304,18.07242,Leppun,Leptophyes punctatissima,Speckled Bush-cricket,bush-cricket,0.99,,,27/09/2026,27/09/2026,19:43:56,ClassifEspSWE-0002026-05-29_1,JOHANKARLSSON,202609290745OY4UGOY4,,Citizen Science (ultrasonic) - shared
59~40304+18~07242_20260927_194403.wav,DEV_002_20260927_194403.wav,0,59.40304,18.07242,Leppun,Leptophyes punctatissima,Speckled Bush-cricket,bush-cricket,0.99,,,27/09/2026,27/09/2026,19:44:03,ClassifEspSWE-0002026-05-29_1,JOHANKARLSSON,202609290745OY4UGOY4,,Citizen Science (ultrasonic) - shared
59~40304+18~07242_20260927_194409.wav,DEV_002_20260927_194409.wav,0,59.40304,18.07242,Leppun,Leptophyes punctatissima,Speckled Bush-cricket,bush-cricket,0.99,,,27/09/2026,27/09/2026,19:44:09,ClassifEspSWE-0002026-05-29_1,JOHANKARLSSON,202609290745OY4UGOY4,,Citizen Science (ultrasonic) - shared
59~40304+18~07242_20260927_194415.wav,DEV_002_20260927_194415.wav,0,59.40304,18.07242,Leppun,Leptophyes punctatissima,Speckled Bush-cricket,bush-cricket,0.99,,,27/09/2026,27/09/2026,19:44:15,ClassifEspSWE-0002026-05-29_1,JOHANKARLSSON,202609290745OY4UGOY4,,Citizen Science (ultrasonic) - shared
59~40304+18~07242_20260927_194421.wav,DEV_002_20260927_194421.wav,0,59.40304,18.07242,Leppun,Leptophyes punctatissima,Speckled Bush-cricket,bush-cricket,0.99,,,27/09/2026,27/09/2026,19:44:21,ClassifEspSWE-0002026-05-29_1,JOHANKARLSSON,202609290745OY4UGOY4,,Citizen Science (ultrasonic) - shared
59~40304+18~07242_20260927_194426.wav,DEV_002_20260927_194426.wav,0,59.40304,18.07242,Leppun,Leptophyes punctatissima,Speckled Bush-cricket,bush-cricket,0.99,,,27/09/2026,27/09/2026,19:44:26,ClassifEspSWE-0002026-05-29_1,JOHANKARLSSON,202609290745OY4UGOY4,,Citizen Science (ultrasonic) - shared
59~40304+18~07242_20260927_194434.wav,DEV_002_20260927_194434.wav,0,59.40304,18.07242,Leppun,Leptophyes punctatissima,Speckled Bush-cricket,bush-cricket,0.99,,,27/09/2026,27/09/2026,19:44:34,ClassifEspSWE-0002026-05-29_1,JOHANKARLSSON,202609290745OY4UGOY4,,Citizen Science (ultrasonic) - shared
59~40304+18~07242_20260927_194440.wav,DEV_002_20260927_194440.wav,0,59.40304,18.07242,Leppun,Leptophyes punctatissima,Speckled Bush-cricket,bush-cricket,0.99,,,27/09/2026,27/09/2026,19:44:40,ClassifEspSWE-0002026-05-29_1,JOHANKARLSSON,202609290745OY4UGOY4,,Citizen Science (ultrasonic) - shared
59~40304+18~07242_20260927_194445.wav,DEV_002_20260927_194445.wav,0,59.40304,18.07242,Leppun,Leptophyes punctatissima,Speckled Bush-cricket,bush-cricket,0.99,,,27/09/2026,27/09/2026,19:44:45,ClassifEspSWE-0002026-05-29_1,JOHANKARLSSON,202609290745OY4UGOY4,,Citizen Science (ultrasonic) - shared
59~40304+18~07242_20260927_194451.wav,DEV_002_20260927_194451.wav,0,59.40304,18.07242,Leppun,Leptophyes punctatissima,Speckled Bush-cricket,bush-cricket,0.99,,,27/09/2026,27/09/2026,19:44:51,ClassifEspSWE-0002026-05-29_1,JOHANKARLSSON,202609290745OY4UGOY4,,Citizen Science (ultrasonic) - shared
59~40304+18~07242_20260927_194456.wav,DEV_002_20260927_194456.wav,0,59.40304,18.07242,Leppun,Leptophyes punctatissima,Speckled Bush-cricket,bush-cricket,0.99,,,27/09/2026,27/09/2026,19:44:56,ClassifEspSWE-0002026-05-29_1,JOHANKARLSSON,202609290745OY4UGOY4,,Citizen Science (ultrasonic) - shared
59~40304+18~07242_20260927_194502.wav,DEV_002_20260927_194502.wav,0,59.40304,18.07242,Leppun,Leptophyes punctatissima,Speckled Bush-cricket,bush-cricket,0.99,,,27/09/2026,27/09/2026,19:45:02,ClassifEspSWE-0002026-05-29_1,JOHANKARLSSON,202609290745OY4UGOY4,,Citizen Science (ultrasonic) - shared
59~40304+18~07242_20260927_194507.wav,DEV_002_20260927_194507.wav,0,59.40304,18.07242,Leppun,Leptophyes punctatissima,Speckled Bush-cricket,bush-cricket,0.99,,,27/09/2026,27/09/2026,19:45:07,ClassifEspSWE-0002026-05-29_1,JOHANKARLSSON,202609290745OY4UGOY4,,Citizen Science (ultrasonic) - shared
59~40304+18~07242_20260927_194513.wav,DEV_002_20260927_194513.wav,0,59.40304,18.07242,Leppun,Leptophyes punctatissima,Speckled Bush-cricket,bush-cricket,0.99,,,27/09/2026,27/09/2026,19:45:13,ClassifEspSWE-0002026-05-29_1,JOHANKARLSSON,202609290745OY4UGOY4,,Citizen Science (ultrasonic) - shared
59~40304+18~07242_20260927_194519.wav,DEV_002_20260927_194519.wav,0,59.40304,18.07242,Leppun,Leptophyes punctatissima,Speckled Bush-cricket,bush-cricket,0.99,,,27/09/2026,27/09/2026,19:45:19,ClassifEspSWE-0002026-05-29_1,JOHANKARLSSON,202609290745OY4UGOY4,,Citizen Science (ultrasonic) - shared
59~40304+18~07242_20260927_194524.wav,DEV_002_20260927_194524.wav,0,59.40304,18.07242,Leppun,Leptophyes punctatissima,Speckled Bush-cricket,bush-cricket,0.99,,,27/09/2026,27/09/2026,19:45:24,ClassifEspSWE-0002026-05-29_1,JOHANKARLSSON,202609290745OY4UGOY4,,Citizen Science (ultrasonic) - shared
59~40304+18~07242_20260927_194530.wav,DEV_002_20260927_194530.wav,0,59.40304,18.07242,Leppun,Leptophyes punctatissima,Speckled Bush-cricket,bush-cricket,0.99,,,27/09/2026,27/09/2026,19:45:30,ClassifEspSWE-0002026-05-29_1,JOHANKARLSSON,202609290745OY4UGOY4,,Citizen Science (ultrasonic) - shared
59~40304+18~07242_20260927_194536.wav,DEV_002_20260927_194536.wav,0,59.40304,18.07242,Leppun,Leptophyes punctatissima,Speckled Bush-cricket,bush-cricket,0.99,,,27/09/2026,27/09/2026,19:45:36,ClassifEspSWE-0002026-05-29_1,JOHANKARLSSON,202609290745OY4UGOY4,,Citizen Science (ultrasonic) - shared
59~40304+18~07242_20260927_194542.wav,DEV_002_20260927_194542.wav,0,59.40304,18.07242,Leppun,Leptophyes punctatissima,Speckled Bush-cricket,bush-cricket,0.99,,,27/09/2026,27/09/2026,19:45:42,ClassifEspSWE-0002026-05-29_1,JOHANKARLSSON,202609290745OY4UGOY4,,Citizen Science (ultrasonic) - shared
59~40304+18~07242_20260927_194547.wav,DEV_002_20260927_194547.wav,0,59.40304,18.07242,Leppun,Leptophyes punctatissima,Speckled Bush-cricket,bush-cricket,0.99,,,27/09/2026,27/09/2026,19:45:47,ClassifEspSWE-0002026-05-29_1,JOHANKARLSSON,202609290745OY4UGOY4,,Citizen Science (ultrasonic) - shared
59~40304+18~07242_20260927_194553.wav,DEV_002_20260927_194553.wav,0,59.40304,18.07242,Leppun,Leptophyes punctatissima,Speckled Bush-cricket,bush-cricket,0.99,,,27/09/2026,27/09/2026,19:45:53,ClassifEspSWE-0002026-05-29_1,JOHANKARLSSON,202609290745OY4UGOY4,,Citizen Science (ultrasonic) - shared
59~40304+18~07242_20260927_194559.wav,DEV_002_20260927_194559.wav,0,59.40304,18.07242,Leppun,Leptophyes punctatissima,Speckled Bush-cricket,bush-cricket,0.99,,,27/09/2026,27/09/2026,19:45:59,ClassifEspSWE-0002026-05-29_1,JOHANKARLSSON,202609290745OY4UGOY4,,Citizen Science (ultrasonic) - shared
59~40304+18~07242_20260927_194604.wav,DEV_002_20260927_194604.wav,0,59.40304,18.07242,Leppun,Leptophyes punctatissima,Speckled Bush-cricket,bush-cricket,0.99,,,27/09/2026,27/09/2026,19:46:04,ClassifEspSWE-0002026-05-29_1,JOHANKARLSSON,202609290745OY4UGOY4,,Citizen Science (ultrasonic) - shared
59~40304+18~07242_20260927_194610.wav,DEV_002_20260927_194610.wav,0,59.40304,18.07242,Leppun,Leptophyes punctatissima,Speckled Bush-cricket,bush-cricket,0.99,,,27/09/2026,27/09/2026,19:46:10,ClassifEspSWE-0002026-05-29_1,JOHANKARLSSON,202609290745OY4UGOY4,,Citizen Science (ultrasonic) - shared
59~40304+18~07242_20260927_194616.wav,DEV_002_20260927_194616.wav,0,59.40304,18.07242,Leppun,Leptophyes punctatissima,Speckled Bush-cricket,bush-cricket,0.99,,,27/09/2026,27/09/2026,19:46:16,ClassifEspSWE-0002026-05-29_1,JOHANKARLSSON,202609290745OY4UGOY4,,Citizen Science (ultrasonic) - shared
59~40304+18~07242_20260927_194621.wav,DEV_002_20260927_194621.wav,0,59.40304,18.07242,Leppun,Leptophyes punctatissima,Speckled Bush-cricket,bush-cricket,0.99,,,27/09/2026,27/09/2026,19:46:21,ClassifEspSWE-0002026-05-29_1,JOHANKARLSSON,202609290745OY4UGOY4,,Citizen Science (ultrasonic) - shared
59~40304+18~07242_20260927_194627.wav,DEV_002_20260927_194627.wav,0,59.40304,18.07242,Leppun,Leptophyes punctatissima,Speckled Bush-cricket,bush-cricket,0.99,,,27/09/2026,27/09/2026,19:46:27,ClassifEspSWE-0002026-05-29_1,JOHANKARLSSON,202609290745OY4UGOY4,,Citizen Science (ultrasonic) - shared
59~40304+18~07242_20260927_194633.wav,DEV_002_20260927_194633.wav,0,59.40304,18.07242,Leppun,Leptophyes punctatissima,Speckled Bush-cricket,bush-cricket,0.99,,,27/09/2026,27/09/2026,19:46:33,ClassifEspSWE-0002026-05-29_1,JOHANKARLSSON,202609290745OY4UGOY4,,Citizen Science (ultrasonic) - shared
59~40304+18~07242_20260927_194639.wav,DEV_002_20260927_194639.wav,0,59.40304,18.07242,Leppun,Leptophyes punctatissima,Speckled Bush-cricket,bush-cricket,0.99,,,27/09/2026,27/09/2026,19:46:39,ClassifEspSWE-0002026-05-29_1,JOHANKARLSSON,202609290745OY4UGOY4,,Citizen Science (ultrasonic) - shared
59~40304+18~07242_20260927_194645.wav,DEV_002_20260927_194645.wav,0,59.40304,18.07242,Leppun,Leptophyes punctatissima,Speckled Bush-cricket,bush-cricket,0.99,,,27/09/2026,27/09/2026,19:46:45,ClassifEspSWE-0002026-05-29_1,JOHANKARLSSON,202609290745OY4UGOY4,,Citizen Science (ultrasonic) - shared
59~40304+18~07242_20260927_194651.wav,DEV_002_20260927_194651.wav,0,59.40304,18.07242,Leppun,Leptophyes punctatissima,Speckled Bush-cricket,bush-cricket,0.99,,,27/09/2026,27/09/2026,19:46:51,ClassifEspSWE-0002026-05-29_1,JOHANKARLSSON,202609290745OY4UGOY4,,Citizen Science (ultrasonic) - shared
59~40304+18~07242_20260927_194658.wav,DEV_002_20260927_194658.wav,0,59.40304,18.07242,Leppun,Leptophyes punctatissima,Speckled Bush-cricket,bush-cricket,0.99,,,27/09/2026,27/09/2026,19:46:58,ClassifEspSWE-0002026-05-29_1,JOHANKARLSSON,202609290745OY4UGOY4,,Citizen Science (ultrasonic) - shared
59~40304+18~07242_20260927_194704.wav,DEV_002_20260927_194704.wav,0,59.40304,18.07242,Leppun,Leptophyes punctatissima,Speckled Bush-cricket,bush-cricket,0.99,,,27/09/2026,27/09/2026,19:47:04,ClassifEspSWE-0002026-05-29_1,JOHANKARLSSON,202609290745OY4UGOY4,,Citizen Science (ultrasonic) - shared
59~40304+18~07242_20260927_194709.wav,DEV_002_20260927_194709.wav,0,59.40304,18.07242,Leppun,Leptophyes punctatissima,Speckled Bush-cricket,bush-cricket,0.99,,,27/09/2026,27/09/2026,19:47:09,ClassifEspSWE-0002026-05-29_1,JOHANKARLSSON,202609290745OY4UGOY4,,Citizen Science (ultrasonic) - shared
59~40304+18~07242_20260927_194716.wav,DEV_002_20260927_194716.wav,0,59.40304,18.07242,Leppun,Leptophyes punctatissima,Speckled Bush-cricket,bush-cricket,0.99,,,27/09/2026,27/09/2026,19:47:16,ClassifEspSWE-0002026-05-29_1,JOHANKARLSSON,202609290745OY4UGOY4,,Citizen Science (ultrasonic) - shared
59~40304+18~07242_20260927_194722.wav,DEV_002_20260927_194722.wav,0,59.40304,18.07242,Leppun,Leptophyes punctatissima,Speckled Bush-cricket,bush-cricket,0.99,,,27/09/2026,27/09/2026,19:47:22,ClassifEspSWE-0002026-05-29_1,JOHANKARLSSON,202609290745OY4UGOY4,,Citizen Science (ultrasonic) - shared
59~40304+18~07242_20260927_194727.wav,DEV_002_20260927_194727.wav,0,59.40304,18.07242,Leppun,Leptophyes punctatissima,Speckled Bush-cricket,bush-cricket,0.99,,,27/09/2026,27/09/2026,19:47:27,ClassifEspSWE-0002026-05-29_1,JOHANKARLSSON,202609290745OY4UGOY4,,Citizen Science (ultrasonic) - shared
59~40304+18~07242_20260927_194733.wav,DEV_002_20260927_194733.wav,0,59.40304,18.07242,Leppun,Leptophyes punctatissima,Speckled Bush-cricket,bush-cricket,0.99,,,27/09/2026,27/09/2026,19:47:33,ClassifEspSWE-0002026-05-29_1,JOHANKARLSSON,202609290745OY4UGOY4,,Citizen Science (ultrasonic) - shared
59~40304+18~07242_20260927_194740.wav,DEV_002_20260927_194740.wav,0,59.40304,18.07242,Leppun,Leptophyes punctatissima,Speckled Bush-cricket,bush-cricket,0.99,,,27/09/2026,27/09/2026,19:47:40,ClassifEspSWE-0002026-05-29_1,JOHANKARLSSON,202609290745OY4UGOY4,,Citizen Science (ultrasonic) - shared
59~40304+18~07242_20260927_194746.wav,DEV_002_20260927_194746.wav,0,59.40304,18.07242,Leppun,Leptophyes punctatissima,Speckled Bush-cricket,bush-cricket,0.99,,,27/09/2026,27/09/2026,19:47:46,ClassifEspSWE-0002026-05-29_1,JOHANKARLSSON,202609290745OY4UGOY4,,Citizen Science (ultrasonic) - shared
59~40304+18~07242_20260927_194752.wav,DEV_002_20260927_194752.wav,0,59.40304,18.07242,Leppun,Leptophyes punctatissima,Speckled Bush-cricket,bush-cricket,0.99,,,27/09/2026,27/09/2026,19:47:52,ClassifEspSWE-0002026-05-29_1,JOHANKARLSSON,202609290745OY4UGOY4,,Citizen Science (ultrasonic) - shared
59~40304+18~07242_20260927_194758.wav,DEV_002_20260927_194758.wav,0,59.40304,18.07242,Leppun,Leptophyes punctatissima,Speckled Bush-cricket,bush-cricket,0.99,,,27/09/2026,27/09/2026,19:47:58,ClassifEspSWE-0002026-05-29_1,JOHANKARLSSON,202609290745OY4UGOY4,,Citizen Science (ultrasonic) - shared
59~40304+18~07242_20260927_194803.wav,DEV_002_20260927_194803.wav,0,59.40304,18.07242,Leppun,Leptophyes punctatissima,Speckled Bush-cricket,bush-cricket,0.99,,,27/09/2026,27/09/2026,19:48:03,ClassifEspSWE-0002026-05-29_1,JOHANKARLSSON,202609290745OY4UGOY4,,Citizen Science (ultrasonic) - shared
59~40304+18~07242_20260927_194810.wav,DEV_002_20260927_194810.wav,0,59.40304,18.07242,Leppun,Leptophyes punctatissima,Speckled Bush-cricket,bush-cricket,0.99,,,27/09/2026,27/09/2026,19:48:10,ClassifEspSWE-0002026-05-29_1,JOHANKARLSSON,202609290745OY4UGOY4,,Citizen Science (ultrasonic) - shared
59~40304+18~07242_20260927_194816.wav,DEV_002_20260927_194816.wav,0,59.40304,18.07242,Leppun,Leptophyes punctatissima,Speckled Bush-cricket,bush-cricket,0.99,,,27/09/2026,27/09/2026,19:48:16,ClassifEspSWE-0002026-05-29_1,JOHANKARLSSON,202609290745OY4UGOY4,,Citizen Science (ultrasonic) - shared
59~40304+18~07242_20260927_194821.wav,DEV_002_20260927_194821.wav,0,59.40304,18.07242,Leppun,Leptophyes punctatissima,Speckled Bush-cricket,bush-cricket,0.99,,,27/09/2026,27/09/2026,19:48:21,ClassifEspSWE-0002026-05-29_1,JOHANKARLSSON,202609290745OY4UGOY4,,Citizen Science (ultrasonic) - shared
59~40304+18~07242_20260927_194827.wav,DEV_002_20260927_194827.wav,0,59.40304,18.07242,Leppun,Leptophyes punctatissima,Speckled Bush-cricket,bush-cricket,0.99,,,27/09/2026,27/09/2026,19:48:27,ClassifEspSWE-0002026-05-29_1,JOHANKARLSSON,202609290745OY4UGOY4,,Citizen Science (ultrasonic) - shared
59~40304+18~07242_20260927_194832.wav,DEV_002_20260927_194832.wav,0,59.40304,18.07242,Leppun,Leptophyes punctatissima,Speckled Bush-cricket,bush-cricket,0.99,,,27/09/2026,27/09/2026,19:48:32,ClassifEspSWE-0002026-05-29_1,JOHANKARLSSON,202609290745OY4UGOY4,,Citizen Science (ultrasonic) - shared
59~40304+18~07242_20260927_194839.wav,DEV_002_20260927_194839.wav,0,59.40304,18.07242,Leppun,Leptophyes punctatissima,Speckled Bush-cricket,bush-cricket,0.99,,,27/09/2026,27/09/2026,19:48:39,ClassifEspSWE-0002026-05-29_1,JOHANKARLSSON,202609290745OY4UGOY4,,Citizen Science (ultrasonic) - shared
59~40304+18~07242_20260927_194844.wav,DEV_002_20260927_194844.wav,0,59.40304,18.07242,Leppun,Leptophyes punctatissima,Speckled Bush-cricket,bush-cricket,0.99,,,27/09/2026,27/09/2026,19:48:44,ClassifEspSWE-0002026-05-29_1,JOHANKARLSSON,202609290745OY4UGOY4,,Citizen Science (ultrasonic) - shared
59~40304+18~07242_20260927_194850.wav,DEV_002_20260927_194850.wav,0,59.40304,18.07242,Leppun,Leptophyes punctatissima,Speckled Bush-cricket,bush-cricket,0.99,,,27/09/2026,27/09/2026,19:48:50,ClassifEspSWE-0002026-05-29_1,JOHANKARLSSON,202609290745OY4UGOY4,,Citizen Science (ultrasonic) - shared
59~40304+18~07242_20260927_194855.wav,DEV_002_20260927_194855.wav,0,59.40304,18.07242,Leppun,Leptophyes punctatissima,Speckled Bush-cricket,bush-cricket,0.99,,,27/09/2026,27/09/2026,19:48:55,ClassifEspSWE-0002026-05-29_1,JOHANKARLSSON,202609290745OY4UGOY4,,Citizen Science (ultrasonic) - shared
59~40304+18~07242_20260927_194901.wav,DEV_002_20260927_194901.wav,0,59.40304,18.07242,Leppun,Leptophyes punctatissima,Speckled Bush-cricket,bush-cricket,0.99,,,27/09/2026,27/09/2026,19:49:01,ClassifEspSWE-0002026-05-29_1,JOHANKARLSSON,202609290745OY4UGOY4,,Citizen Science (ultrasonic) - shared
59~40304+18~07242_20260927_194906.wav,DEV_002_20260927_194906.wav,0,59.40304,18.07242,Leppun,Leptophyes punctatissima,Speckled Bush-cricket,bush-cricket,0.99,,,27/09/2026,27/09/2026,19:49:06,ClassifEspSWE-0002026-05-29_1,JOHANKARLSSON,202609290745OY4UGOY4,,Citizen Science (ultrasonic) - shared
59~40304+18~07242_20260927_194912.wav,DEV_002_20260927_194912.wav,0,59.40304,18.07242,Leppun,Leptophyes punctatissima,Speckled Bush-cricket,bush-cricket,0.99,,,27/09/2026,27/09/2026,19:49:12,ClassifEspSWE-0002026-05-29_1,JOHANKARLSSON,202609290745OY4UGOY4,,Citizen Science (ultrasonic) - shared
59~40304+18~07242_20260927_194918.wav,DEV_002_20260927_194918.wav,0,59.40304,18.07242,Leppun,Leptophyes punctatissima,Speckled Bush-cricket,bush-cricket,0.99,,,27/09/2026,27/09/2026,19:49:18,ClassifEspSWE-0002026-05-29_1,JOHANKARLSSON,202609290745OY4UGOY4,,Citizen Science (ultrasonic) - shared
59~40304+18~07242_20260927_194923.wav,DEV_002_20260927_194923.wav,0,59.40304,18.07242,Leppun,Leptophyes punctatissima,Speckled Bush-cricket,bush-cricket,0.99,,,27/09/2026,27/09/2026,19:49:23,ClassifEspSWE-0002026-05-29_1,JOHANKARLSSON,202609290745OY4UGOY4,,Citizen Science (ultrasonic) - shared
59~40304+18~07242_20260927_194929.wav,DEV_002_20260927_194929.wav,0,59.40304,18.07242,Leppun,Leptophyes punctatissima,Speckled Bush-cricket,bush-cricket,0.99,,,27/09/2026,27/09/2026,19:49:29,ClassifEspSWE-0002026-05-29_1,JOHANKARLSSON,202609290745OY4UGOY4,,Citizen Science (ultrasonic) - shared
59~40304+18~07242_20260927_194934.wav,DEV_002_20260927_194934.wav,0,59.40304,18.07242,Leppun,Leptophyes punctatissima,Speckled Bush-cricket,bush-cricket,0.99,,,27/09/2026,27/09/2026,19:49:34,ClassifEspSWE-0002026-05-29_1,JOHANKARLSSON,202609290745OY4UGOY4,,Citizen Science (ultrasonic) - shared
59~40304+18~07242_20260927_194939.wav,DEV_002_20260927_194939.wav,0,59.40304,18.07242,Leppun,Leptophyes punctatissima,Speckled Bush-cricket,bush-cricket,0.99,,,27/09/2026,27/09/2026,19:49:39,ClassifEspSWE-0002026-05-29_1,JOHANKARLSSON,202609290745OY4UGOY4,,Citizen Science (ultrasonic) - shared
59~40304+18~07242_20260927_194946.wav,DEV_002_20260927_194946.wav,0,59.40304,18.07242,Leppun,Leptophyes punctatissima,Speckled Bush-cricket,bush-cricket,0.99,,,27/09/2026,27/09/2026,19:49:46,ClassifEspSWE-0002026-05-29_1,JOHANKARLSSON,202609290745OY4UGOY4,,Citizen Science (ultrasonic) - shared
59~40304+18~07242_20260927_194951.wav,DEV_002_20260927_194951.wav,0,59.40304,18.07242,Leppun,Leptophyes punctatissima,Speckled Bush-cricket,bush-cricket,0.99,,,27/09/2026,27/09/2026,19:49:51,ClassifEspSWE-0002026-05-29_1,JOHANKARLSSON,202609290745OY4UGOY4,,Citizen Science (ultrasonic) - shared
59~40304+18~07242_20260927_194957.wav,DEV_002_20260927_194957.wav,0,59.40304,18.07242,Leppun,Leptophyes punctatissima,Speckled Bush-cricket,bush-cricket,0.99,,,27/09/2026,27/09/2026,19:49:57,ClassifEspSWE-0002026-05-29_1,JOHANKARLSSON,202609290745OY4UGOY4,,Citizen Science (ultrasonic) - shared
59~40304+18~07242_20260927_195003.wav,DEV_002_20260927_195003.wav,0,59.40304,18.07242,Leppun,Leptophyes punctatissima,Speckled Bush-cricket,bush-cricket,0.99,,,27/09/2026,27/09/2026,19:50:03,ClassifEspSWE-0002026-05-29_1,JOHANKARLSSON,202609290745OY4UGOY4,,Citizen Science (ultrasonic) - shared
59~40304+18~07242_20260927_195008.wav,DEV_002_20260927_195008.wav,0,59.40304,18.07242,Leppun,Leptophyes punctatissima,Speckled Bush-cricket,bush-cricket,0.99,,,27/09/2026,27/09/2026,19:50:08,ClassifEspSWE-0002026-05-29_1,JOHANKARLSSON,202609290745OY4UGOY4,,Citizen Science (ultrasonic) - shared
59~40304+18~07242_20260927_195014.wav,DEV_002_20260927_195014.wav,0,59.40304,18.07242,Leppun,Leptophyes punctatissima,Speckled Bush-cricket,bush-cricket,0.99,,,27/09/2026,27/09/2026,19:50:14,ClassifEspSWE-0002026-05-29_1,JOHANKARLSSON,202609290745OY4UGOY4,,Citizen Science (ultrasonic) - shared
59~40304+18~07242_20260927_195020.wav,DEV_002_20260927_195020.wav,0,59.40304,18.07242,Leppun,Leptophyes punctatissima,Speckled Bush-cricket,bush-cricket,0.99,,,27/09/2026,27/09/2026,19:50:20,ClassifEspSWE-0002026-05-29_1,JOHANKARLSSON,202609290745OY4UGOY4,,Citizen Science (ultrasonic) - shared
59~40304+18~07242_20260927_195026.wav,DEV_002_20260927_195026.wav,0,59.40304,18.07242,Leppun,Leptophyes punctatissima,Speckled Bush-cricket,bush-cricket,0.99,,,27/09/2026,27/09/2026,19:50:26,ClassifEspSWE-0002026-05-29_1,JOHANKARLSSON,202609290745OY4UGOY4,,Citizen Science (ultrasonic) - shared
59~40304+18~07242_20260927_195032.wav,DEV_002_20260927_195032.wav,0,59.40304,18.07242,Leppun,Leptophyes punctatissima,Speckled Bush-cricket,bush-cricket,0.99,,,27/09/2026,27/09/2026,19:50:32,ClassifEspSWE-0002026-05-29_1,JOHANKARLSSON,202609290745OY4UGOY4,,Citizen Science (ultrasonic) - shared
59~40304+18~07242_20260927_195038.wav,DEV_002_20260927_195038.wav,0,59.40304,18.07242,Leppun,Leptophyes punctatissima,Speckled Bush-cricket,bush-cricket,0.99,,,27/09/2026,27/09/2026,19:50:38,ClassifEspSWE-0002026-05-29_1,JOHANKARLSSON,202609290745OY4UGOY4,,Citizen Science (ultrasonic) - shared
59~40304+18~07242_20260927_195043.wav,DEV_002_20260927_195043.wav,0,59.40304,18.07242,Leppun,Leptophyes punctatissima,Speckled Bush-cricket,bush-cricket,0.99,,,27/09/2026,27/09/2026,19:50:43,ClassifEspSWE-0002026-05-29_1,JOHANKARLSSON,202609290745OY4UGOY4,,Citizen Science (ultrasonic) - shared
59~40304+18~07242_20260927_195050.wav,DEV_002_20260927_195050.wav,0,59.40304,18.07242,Leppun,Leptophyes punctatissima,Speckled Bush-cricket,bush-cricket,0.99,,,27/09/2026,27/09/2026,19:50:50,ClassifEspSWE-0002026-05-29_1,JOHANKARLSSON,202609290745OY4UGOY4,,Citizen Science (ultrasonic) - shared
59~40304+18~07242_20260927_195057.wav,DEV_002_20260927_195057.wav,0,59.40304,18.07242,Leppun,Leptophyes punctatissima,Speckled Bush-cricket,bush-cricket,0.99,,,27/09/2026,27/09/2026,19:50:57,ClassifEspSWE-0002026-05-29_1,JOHANKARLSSON,202609290745OY4UGOY4,,Citizen Science (ultrasonic) - shared
59~40304+18~07242_20260927_195102.wav,DEV_002_20260927_195102.wav,0,59.40304,18.07242,Leppun,Leptophyes punctatissima,Speckled Bush-cricket,bush-cricket,0.99,,,27/09/2026,27/09/2026,19:51:02,ClassifEspSWE-0002026-05-29_1,JOHANKARLSSON,202609290745OY4UGOY4,,Citizen Science (ultrasonic) - shared
59~40304+18~07242_20260927_195108.wav,DEV_002_20260927_195108.wav,0,59.40304,18.07242,Leppun,Leptophyes punctatissima,Speckled Bush-cricket,bush-cricket,0.99,,,27/09/2026,27/09/2026,19:51:08,ClassifEspSWE-0002026-05-29_1,JOHANKARLSSON,202609290745OY4UGOY4,,Citizen Science (ultrasonic) - shared
59~40304+18~07242_20260927_195113.wav,DEV_002_20260927_195113.wav,0,59.40304,18.07242,Leppun,Leptophyes punctatissima,Speckled Bush-cricket,bush-cricket,0.99,,,27/09/2026,27/09/2026,19:51:13,ClassifEspSWE-0002026-05-29_1,JOHANKARLSSON,202609290745OY4UGOY4,,Citizen Science (ultrasonic) - shared
59~40304+18~07242_20260927_195118.wav,DEV_002_20260927_195118.wav,0,59.40304,18.07242,Leppun,Leptophyes punctatissima,Speckled Bush-cricket,bush-cricket,0.99,,,27/09/2026,27/09/2026,19:51:18,ClassifEspSWE-0002026-05-29_1,JOHANKARLSSON,202609290745OY4UGOY4,,Citizen Science (ultrasonic) - shared
59~40304+18~07242_20260927_195125.wav,DEV_002_20260927_195125.wav,0,59.40304,18.07242,Leppun,Leptophyes punctatissima,Speckled Bush-cricket,bush-cricket,0.99,,,27/09/2026,27/09/2026,19:51:25,ClassifEspSWE-0002026-05-29_1,JOHANKARLSSON,202609290745OY4UGOY4,,Citizen Science (ultrasonic) - shared
59~40304+18~07242_20260927_195130.wav,DEV_002_20260927_195130.wav,0,59.40304,18.07242,Leppun,Leptophyes punctatissima,Speckled Bush-cricket,bush-cricket,0.99,,,27/09/2026,27/09/2026,19:51:30,ClassifEspSWE-0002026-05-29_1,JOHANKARLSSON,202609290745OY4UGOY4,,Citizen Science (ultrasonic) - shared
59~40304+18~07242_20260927_195135.wav,DEV_002_20260927_195135.wav,0,59.40304,18.07242,Leppun,Leptophyes punctatissima,Speckled Bush-cricket,bush-cricket,0.99,,,27/09/2026,27/09/2026,19:51:35,ClassifEspSWE-0002026-05-29_1,JOHANKARLSSON,202609290745OY4UGOY4,,Citizen Science (ultrasonic) - shared
59~40304+18~07242_20260927_195142.wav,DEV_002_20260927_195142.wav,0,59.40304,18.07242,Leppun,Leptophyes punctatissima,Speckled Bush-cricket,bush-cricket,0.99,,,27/09/2026,27/09/2026,19:51:42,ClassifEspSWE-0002026-05-29_1,JOHANKARLSSON,202609290745OY4UGOY4,,Citizen Science (ultrasonic) - shared
59~40304+18~07242_20260927_195148.wav,DEV_002_20260927_195148.wav,0,59.40304,18.07242,Leppun,Leptophyes punctatissima,Speckled Bush-cricket,bush-cricket,0.99,,,27/09/2026,27/09/2026,19:51:48,ClassifEspSWE-0002026-05-29_1,JOHANKARLSSON,202609290745OY4UGOY4,,Citizen Science (ultrasonic) - shared
59~40304+18~07242_20260927_195155.wav,DEV_002_20260927_195155.wav,0,59.40304,18.07242,Leppun,Leptophyes punctatissima,Speckled Bush-cricket,bush-cricket,0.99,,,27/09/2026,27/09/2026,19:51:55,ClassifEspSWE-0002026-05-29_1,JOHANKARLSSON,202609290745OY4UGOY4,,Citizen Science (ultrasonic) - shared
59~40304+18~07242_20260927_195202.wav,DEV_002_20260927_195202.wav,0,59.40304,18.07242,Leppun,Leptophyes punctatissima,Speckled Bush-cricket,bush-cricket,0.99,,,27/09/2026,27/09/2026,19:52:02,ClassifEspSWE-0002026-05-29_1,JOHANKARLSSON,202609290745OY4UGOY4,,Citizen Science (ultrasonic) - shared
59~40304+18~07242_20260927_195209.wav,DEV_002_20260927_195209.wav,0,59.40304,18.07242,Leppun,Leptophyes punctatissima,Speckled Bush-cricket,bush-cricket,0.99,,,27/09/2026,27/09/2026,19:52:09,ClassifEspSWE-0002026-05-29_1,JOHANKARLSSON,202609290745OY4UGOY4,,Citizen Science (ultrasonic) - shared
59~40304+18~07242_20260927_195214.wav,DEV_002_20260927_195214.wav,0,59.40304,18.07242,Leppun,Leptophyes punctatissima,Speckled Bush-cricket,bush-cricket,0.99,,,27/09/2026,27/09/2026,19:52:14,ClassifEspSWE-0002026-05-29_1,JOHANKARLSSON,202609290745OY4UGOY4,,Citizen Science (ultrasonic) - shared
59~40304+18~07242_20260927_195220.wav,DEV_002_20260927_195220.wav,0,59.40304,18.07242,Leppun,Leptophyes punctatissima,Speckled Bush-cricket,bush-cricket,0.99,,,27/09/2026,27/09/2026,19:52:20,ClassifEspSWE-0002026-05-29_1,JOHANKARLSSON,202609290745OY4UGOY4,,Citizen Science (ultrasonic) - shared
59~40304+18~07242_20260927_195225.wav,DEV_002_20260927_195225.wav,0,59.40304,18.07242,Leppun,Leptophyes punctatissima,Speckled Bush-cricket,bush-cricket,0.99,,,27/09/2026,27/09/2026,19:52:25,ClassifEspSWE-0002026-05-29_1,JOHANKARLSSON,202609290745OY4UGOY4,,Citizen Science (ultrasonic) - shared
59~40304+18~07242_20260927_195232.wav,DEV_002_20260927_195232.wav,0,59.40304,18.07242,Leppun,Leptophyes punctatissima,Speckled Bush-cricket,bush-cricket,0.99,,,27/09/2026,27/09/2026,19:52:32,ClassifEspSWE-0002026-05-29_1,JOHANKARLSSON,202609290745OY4UGOY4,,Citizen Science (ultrasonic) - shared
59~40304+18~07242_20260927_195237.wav,DEV_002_20260927_195237.wav,0,59.40304,18.07242,Leppun,Leptophyes punctatissima,Speckled Bush-cricket,bush-cricket,0.99,,,27/09/2026,27/09/2026,19:52:37,ClassifEspSWE-0002026-05-29_1,JOHANKARLSSON,202609290745OY4UGOY4,,Citizen Science (ultrasonic) - shared
59~40304+18~07242_20260927_195243.wav,DEV_002_20260927_195243.wav,0,59.40304,18.07242,Leppun,Leptophyes punctatissima,Speckled Bush-cricket,bush-cricket,0.99,,,27/09/2026,27/09/2026,19:52:43,ClassifEspSWE-0002026-05-29_1,JOHANKARLSSON,202609290745OY4UGOY4,,Citizen Science (ultrasonic) - shared
59~40304+18~07242_20260927_195249.wav,DEV_002_20260927_195249.wav,0,59.40304,18.07242,Leppun,Leptophyes punctatissima,Speckled Bush-cricket,bush-cricket,0.99,,,27/09/2026,27/09/2026,19:52:49,ClassifEspSWE-0002026-05-29_1,JOHANKARLSSON,202609290745OY4UGOY4,,Citizen Science (ultrasonic) - shared
59~40304+18~07242_20260927_195255.wav,DEV_002_20260927_195255.wav,0,59.40304,18.07242,Leppun,Leptophyes punctatissima,Speckled Bush-cricket,bush-cricket,0.99,,,27/09/2026,27/09/2026,19:52:55,ClassifEspSWE-0002026-05-29_1,JOHANKARLSSON,202609290745OY4UGOY4,,Citizen Science (ultrasonic) - shared
59~40304+18~07242_20260927_195301.wav,DEV_002_20260927_195301.wav,0,59.40304,18.07242,Leppun,Leptophyes punctatissima,Speckled Bush-cricket,bush-cricket,0.99,,,27/09/2026,27/09/2026,19:53:01,ClassifEspSWE-0002026-05-29_1,JOHANKARLSSON,202609290745OY4UGOY4,,Citizen Science (ultrasonic) - shared
59~40304+18~07242_20260927_195308.wav,DEV_002_20260927_195308.wav,0,59.40304,18.07242,Leppun,Leptophyes punctatissima,Speckled Bush-cricket,bush-cricket,0.99,,,27/09/2026,27/09/2026,19:53:08,ClassifEspSWE-0002026-05-29_1,JOHANKARLSSON,202609290745OY4UGOY4,,Citizen Science (ultrasonic) - shared
59~40304+18~07242_20260927_195314.wav,DEV_002_20260927_195314.wav,0,59.40304,18.07242,Leppun,Leptophyes punctatissima,Speckled Bush-cricket,bush-cricket,0.99,,,27/09/2026,27/09/2026,19:53:14,ClassifEspSWE-0002026-05-29_1,JOHANKARLSSON,202609290745OY4UGOY4,,Citizen Science (ultrasonic) - shared
59~40304+18~07242_20260927_195319.wav,DEV_002_20260927_195319.wav,0,59.40304,18.07242,Leppun,Leptophyes punctatissima,Speckled Bush-cricket,bush-cricket,0.99,,,27/09/2026,27/09/2026,19:53:19,ClassifEspSWE-0002026-05-29_1,JOHANKARLSSON,202609290745OY4UGOY4,,Citizen Science (ultrasonic) - shared
59~40304+18~07242_20260927_195326.wav,DEV_002_20260927_195326.wav,0,59.40304,18.07242,Leppun,Leptophyes punctatissima,Speckled Bush-cricket,bush-cricket,0.99,,,27/09/2026,27/09/2026,19:53:26,ClassifEspSWE-0002026-05-29_1,JOHANKARLSSON,202609290745OY4UGOY4,,Citizen Science (ultrasonic) - shared
59~40304+18~07242_20260927_195331.wav,DEV_002_20260927_195331.wav,0,59.40304,18.07242,Leppun,Leptophyes punctatissima,Speckled Bush-cricket,bush-cricket,0.99,,,27/09/2026,27/09/2026,19:53:31,ClassifEspSWE-0002026-05-29_1,JOHANKARLSSON,202609290745OY4UGOY4,,Citizen Science (ultrasonic) - shared
59~40304+18~07242_20260927_195336.wav,DEV_002_20260927_195336.wav,0,59.40304,18.07242,Leppun,Leptophyes punctatissima,Speckled Bush-cricket,bush-cricket,0.99,,,27/09/2026,27/09/2026,19:53:36,ClassifEspSWE-0002026-05-29_1,JOHANKARLSSON,202609290745OY4UGOY4,,Citizen Science (ultrasonic) - shared
59~40304+18~07242_20260927_195343.wav,DEV_002_20260927_195343.wav,0,59.40304,18.07242,Leppun,Leptophyes punctatissima,Speckled Bush-cricket,bush-cricket,0.99,,,27/09/2026,27/09/2026,19:53:43,ClassifEspSWE-0002026-05-29_1,JOHANKARLSSON,202609290745OY4UGOY4,,Citizen Science (ultrasonic) - shared
59~40304+18~07242_20260927_195350.wav,DEV_002_20260927_195350.wav,0,59.40304,18.07242,Leppun,Leptophyes punctatissima,Speckled Bush-cricket,bush-cricket,0.99,,,27/09/2026,27/09/2026,19:53:50,ClassifEspSWE-0002026-05-29_1,JOHANKARLSSON,202609290745OY4UGOY4,,Citizen Science (ultrasonic) - shared
59~40304+18~07242_20260927_195356.wav,DEV_002_20260927_195356.wav,0,59.40304,18.07242,Leppun,Leptophyes punctatissima,Speckled Bush-cricket,bush-cricket,0.99,,,27/09/2026,27/09/2026,19:53:56,ClassifEspSWE-0002026-05-29_1,JOHANKARLSSON,202609290745OY4UGOY4,,Citizen Science (ultrasonic) - shared
59~40304+18~07242_20260927_195403.wav,DEV_002_20260927_195403.wav,0,59.40304,18.07242,Leppun,Leptophyes punctatissima,Speckled Bush-cricket,bush-cricket,0.99,,,27/09/2026,27/09/2026,19:54:03,ClassifEspSWE-0002026-05-29_1,JOHANKARLSSON,202609290745OY4UGOY4,,Citizen Science (ultrasonic) - shared
59~40304+18~07242_20260927_195410.wav,DEV_002_20260927_195410.wav,0,59.40304,18.07242,Leppun,Leptophyes punctatissima,Speckled Bush-cricket,bush-cricket,0.99,,,27/09/2026,27/09/2026,19:54:10,ClassifEspSWE-0002026-05-29_1,JOHANKARLSSON,202609290745OY4UGOY4,,Citizen Science (ultrasonic) - shared
59~40304+18~07242_20260927_195415.wav,DEV_002_20260927_195415.wav,0,59.40304,18.07242,Leppun,Leptophyes punctatissima,Speckled Bush-cricket,bush-cricket,0.99,,,27/09/2026,27/09/2026,19:54:15,ClassifEspSWE-0002026-05-29_1,JOHANKARLSSON,202609290745OY4UGOY4,,Citizen Science (ultrasonic) - shared
59~40304+18~07242_20260927_195421.wav,DEV_002_20260927_195421.wav,0,59.40304,18.07242,Leppun,Leptophyes punctatissima,Speckled Bush-cricket,bush-cricket,0.99,,,27/09/2026,27/09/2026,19:54:21,ClassifEspSWE-0002026-05-29_1,JOHANKARLSSON,202609290745OY4UGOY4,,Citizen Science (ultrasonic) - shared
59~40304+18~07242_20260927_195426.wav,DEV_002_20260927_195426.wav,0,59.40304,18.07242,Leppun,Leptophyes punctatissima,Speckled Bush-cricket,bush-cricket,0.99,,,27/09/2026,27/09/2026,19:54:26,ClassifEspSWE-0002026-05-29_1,JOHANKARLSSON,202609290745OY4UGOY4,,Citizen Science (ultrasonic) - shared
59~40304+18~07242_20260927_195433.wav,DEV_002_20260927_195433.wav,0,59.40304,18.07242,Leppun,Leptophyes punctatissima,Speckled Bush-cricket,bush-cricket,0.99,,,27/09/2026,27/09/2026,19:54:33,ClassifEspSWE-0002026-05-29_1,JOHANKARLSSON,202609290745OY4UGOY4,,Citizen Science (ultrasonic) - shared
59~40304+18~07242_20260927_195439.wav,DEV_002_20260927_195439.wav,0,59.40304,18.07242,Leppun,Leptophyes punctatissima,Speckled Bush-cricket,bush-cricket,0.99,,,27/09/2026,27/09/2026,19:54:39,ClassifEspSWE-0002026-05-29_1,JOHANKARLSSON,202609290745OY4UGOY4,,Citizen Science (ultrasonic) - shared
59~40304+18~07242_20260927_195445.wav,DEV_002_20260927_195445.wav,0,59.40304,18.07242,Leppun,Leptophyes punctatissima,Speckled Bush-cricket,bush-cricket,0.99,,,27/09/2026,27/09/2026,19:54:45,ClassifEspSWE-0002026-05-29_1,JOHANKARLSSON,202609290745OY4UGOY4,,Citizen Science (ultrasonic) - shared
59~40304+18~07242_20260927_195452.wav,DEV_002_20260927_195452.wav,0,59.40304,18.07242,Leppun,Leptophyes punctatissima,Speckled Bush-cricket,bush-cricket,0.99,,,27/09/2026,27/09/2026,19:54:52,ClassifEspSWE-0002026-05-29_1,JOHANKARLSSON,202609290745OY4UGOY4,,Citizen Science (ultrasonic) - shared
59~40304+18~07242_20260927_195457.wav,DEV_002_20260927_195457.wav,0,59.40304,18.07242,Leppun,Leptophyes punctatissima,Speckled Bush-cricket,bush-cricket,0.99,,,27/09/2026,27/09/2026,19:54:57,ClassifEspSWE-0002026-05-29_1,JOHANKARLSSON,202609290745OY4UGOY4,,Citizen Science (ultrasonic) - shared
59~40304+18~07242_20260927_195502.wav,DEV_002_20260927_195502.wav,0,59.40304,18.07242,Leppun,Leptophyes punctatissima,Speckled Bush-cricket,bush-cricket,0.99,,,27/09/2026,27/09/2026,19:55:02,ClassifEspSWE-0002026-05-29_1,JOHANKARLSSON,202609290745OY4UGOY4,,Citizen Science (ultrasonic) - shared
59~40304+18~07242_20260927_195509.wav,DEV_002_20260927_195509.wav,0,59.40304,18.07242,Leppun,Leptophyes punctatissima,Speckled Bush-cricket,bush-cricket,0.99,,,27/09/2026,27/09/2026,19:55:09,ClassifEspSWE-0002026-05-29_1,JOHANKARLSSON,202609290745OY4UGOY4,,Citizen Science (ultrasonic) - shared
59~40304+18~07242_20260927_195515.wav,DEV_002_20260927_195515.wav,0,59.40304,18.07242,Leppun,Leptophyes punctatissima,Speckled Bush-cricket,bush-cricket,0.99,,,27/09/2026,27/09/2026,19:55:15,ClassifEspSWE-0002026-05-29_1,JOHANKARLSSON,202609290745OY4UGOY4,,Citizen Science (ultrasonic) - shared
59~40304+18~07242_20260927_195520.wav,DEV_002_20260927_195520.wav,0,59.40304,18.07242,Leppun,Leptophyes punctatissima,Speckled Bush-cricket,bush-cricket,0.99,,,27/09/2026,27/09/2026,19:55:20,ClassifEspSWE-0002026-05-29_1,JOHANKARLSSON,202609290745OY4UGOY4,,Citizen Science (ultrasonic) - shared
59~40304+18~07242_20260927_195526.wav,DEV_002_20260927_195526.wav,0,59.40304,18.07242,Leppun,Leptophyes punctatissima,Speckled Bush-cricket,bush-cricket,0.99,,,27/09/2026,27/09/2026,19:55:26,ClassifEspSWE-0002026-05-29_1,JOHANKARLSSON,202609290745OY4UGOY4,,Citizen Science (ultrasonic) - shared
59~40304+18~07242_20260927_195533.wav,DEV_002_20260927_195533.wav,0,59.40304,18.07242,Leppun,Leptophyes punctatissima,Speckled Bush-cricket,bush-cricket,0.99,,,27/09/2026,27/09/2026,19:55:33,ClassifEspSWE-0002026-05-29_1,JOHANKARLSSON,202609290745OY4UGOY4,,Citizen Science (ultrasonic) - shared
59~40304+18~07242_20260927_195538.wav,DEV_002_20260927_195538.wav,0,59.40304,18.07242,Leppun,Leptophyes punctatissima,Speckled Bush-cricket,bush-cricket,0.99,,,27/09/2026,27/09/2026,19:55:38,ClassifEspSWE-0002026-05-29_1,JOHANKARLSSON,202609290745OY4UGOY4,,Citizen Science (ultrasonic) - shared
59~40304+18~07242_20260927_195544.wav,DEV_002_20260927_195544.wav,0,59.40304,18.07242,Leppun,Leptophyes punctatissima,Speckled Bush-cricket,bush-cricket,0.99,,,27/09/2026,27/09/2026,19:55:44,ClassifEspSWE-0002026-05-29_1,JOHANKARLSSON,202609290745OY4UGOY4,,Citizen Science (ultrasonic) - shared
59~40304+18~07242_20260927_195549.wav,DEV_002_20260927_195549.wav,0,59.40304,18.07242,Leppun,Leptophyes punctatissima,Speckled Bush-cricket,bush-cricket,0.99,,,27/09/2026,27/09/2026,19:55:49,ClassifEspSWE-0002026-05-29_1,JOHANKARLSSON,202609290745OY4UGOY4,,Citizen Science (ultrasonic) - shared
59~40304+18~07242_20260927_195554.wav,DEV_002_20260927_195554.wav,0,59.40304,18.07242,Leppun,Leptophyes punctatissima,Speckled Bush-cricket,bush-cricket,0.99,,,27/09/2026,27/09/2026,19:55:54,ClassifEspSWE-0002026-05-29_1,JOHANKARLSSON,202609290745OY4UGOY4,,Citizen Science (ultrasonic) - shared
59~40304+18~07242_20260927_195600.wav,DEV_002_20260927_195600.wav,0,59.40304,18.07242,Leppun,Leptophyes punctatissima,Speckled Bush-cricket,bush-cricket,0.99,,,27/09/2026,27/09/2026,19:56:00,ClassifEspSWE-0002026-05-29_1,JOHANKARLSSON,202609290745OY4UGOY4,,Citizen Science (ultrasonic) - shared
59~40304+18~07242_20260927_195606.wav,DEV_002_20260927_195606.wav,0,59.40304,18.07242,Leppun,Leptophyes punctatissima,Speckled Bush-cricket,bush-cricket,0.99,,,27/09/2026,27/09/2026,19:56:06,ClassifEspSWE-0002026-05-29_1,JOHANKARLSSON,202609290745OY4UGOY4,,Citizen Science (ultrasonic) - shared
59~40304+18~07242_20260927_195612.wav,DEV_002_20260927_195612.wav,0,59.40304,18.07242,Leppun,Leptophyes punctatissima,Speckled Bush-cricket,bush-cricket,0.99,,,27/09/2026,27/09/2026,19:56:12,ClassifEspSWE-0002026-05-29_1,JOHANKARLSSON,202609290745OY4UGOY4,,Citizen Science (ultrasonic) - shared
59~40304+18~07242_20260927_195620.wav,DEV_002_20260927_195620.wav,0,59.40304,18.07242,Leppun,Leptophyes punctatissima,Speckled Bush-cricket,bush-cricket,0.99,,,27/09/2026,27/09/2026,19:56:20,ClassifEspSWE-0002026-05-29_1,JOHANKARLSSON,202609290745OY4UGOY4,,Citizen Science (ultrasonic) - shared
59~40304+18~07242_20260927_195626.wav,DEV_002_20260927_195626.wav,0,59.40304,18.07242,Leppun,Leptophyes punctatissima,Speckled Bush-cricket,bush-cricket,0.99,,,27/09/2026,27/09/2026,19:56:26,ClassifEspSWE-0002026-05-29_1,JOHANKARLSSON,202609290745OY4UGOY4,,Citizen Science (ultrasonic) - shared
59~40304+18~07242_20260927_195632.wav,DEV_002_20260927_195632.wav,0,59.40304,18.07242,Leppun,Leptophyes punctatissima,Speckled Bush-cricket,bush-cricket,0.99,,,27/09/2026,27/09/2026,19:56:32,ClassifEspSWE-0002026-05-29_1,JOHANKARLSSON,202609290745OY4UGOY4,,Citizen Science (ultrasonic) - shared
59~40304+18~07242_20260927_195637.wav,DEV_002_20260927_195637.wav,0,59.40304,18.07242,Leppun,Leptophyes punctatissima,Speckled Bush-cricket,bush-cricket,0.99,,,27/09/2026,27/09/2026,19:56:37,ClassifEspSWE-0002026-05-29_1,JOHANKARLSSON,202609290745OY4UGOY4,,Citizen Science (ultrasonic) - shared
59~40304+18~07242_20260927_195642.wav,DEV_002_20260927_195642.wav,0,59.40304,18.07242,Leppun,Leptophyes punctatissima,Speckled Bush-cricket,bush-cricket,0.99,,,27/09/2026,27/09/2026,19:56:42,ClassifEspSWE-0002026-05-29_1,JOHANKARLSSON,202609290745OY4UGOY4,,Citizen Science (ultrasonic) - shared
59~40304+18~07242_20260927_195647.wav,DEV_002_20260927_195647.wav,0,59.40304,18.07242,Leppun,Leptophyes punctatissima,Speckled Bush-cricket,bush-cricket,0.99,,,27/09/2026,27/09/2026,19:56:47,ClassifEspSWE-0002026-05-29_1,JOHANKARLSSON,202609290745OY4UGOY4,,Citizen Science (ultrasonic) - shared
59~40304+18~07242_20260927_195653.wav,DEV_002_20260927_195653.wav,0,59.40304,18.07242,Leppun,Leptophyes punctatissima,Speckled Bush-cricket,bush-cricket,0.99,,,27/09/2026,27/09/2026,19:56:53,ClassifEspSWE-0002026-05-29_1,JOHANKARLSSON,202609290745OY4UGOY4,,Citizen Science (ultrasonic) - shared
59~40304+18~07242_20260927_195658.wav,DEV_002_20260927_195658.wav,0,59.40304,18.07242,Leppun,Leptophyes punctatissima,Speckled Bush-cricket,bush-cricket,0.99,,,27/09/2026,27/09/2026,19:56:58,ClassifEspSWE-0002026-05-29_1,JOHANKARLSSON,202609290745OY4UGOY4,,Citizen Science (ultrasonic) - shared
59~40304+18~07242_20260927_195704.wav,DEV_002_20260927_195704.wav,0,59.40304,18.07242,Leppun,Leptophyes punctatissima,Speckled Bush-cricket,bush-cricket,0.99,,,27/09/2026,27/09/2026,19:57:04,ClassifEspSWE-0002026-05-29_1,JOHANKARLSSON,202609290745OY4UGOY4,,Citizen Science (ultrasonic) - shared
59~40304+18~07242_20260927_195709.wav,DEV_002_20260927_195709.wav,0,59.40304,18.07242,Leppun,Leptophyes punctatissima,Speckled Bush-cricket,bush-cricket,0.99,,,27/09/2026,27/09/2026,19:57:09,ClassifEspSWE-0002026-05-29_1,JOHANKARLSSON,202609290745OY4UGOY4,,Citizen Science (ultrasonic) - shared
59~40304+18~07242_20260927_195715.wav,DEV_002_20260927_195715.wav,0,59.40304,18.07242,Leppun,Leptophyes punctatissima,Speckled Bush-cricket,bush-cricket,0.99,,,27/09/2026,27/09/2026,19:57:15,ClassifEspSWE-0002026-05-29_1,JOHANKARLSSON,202609290745OY4UGOY4,,Citizen Science (ultrasonic) - shared
59~40304+18~07242_20260927_195722.wav,DEV_002_20260927_195722.wav,0,59.40304,18.07242,Leppun,Leptophyes punctatissima,Speckled Bush-cricket,bush-cricket,0.99,,,27/09/2026,27/09/2026,19:57:22,ClassifEspSWE-0002026-05-29_1,JOHANKARLSSON,202609290745OY4UGOY4,,Citizen Science (ultrasonic) - shared
59~40304+18~07242_20260927_195728.wav,DEV_002_20260927_195728.wav,0,59.40304,18.07242,Leppun,Leptophyes punctatissima,Speckled Bush-cricket,bush-cricket,0.99,,,27/09/2026,27/09/2026,19:57:28,ClassifEspSWE-0002026-05-29_1,JOHANKARLSSON,202609290745OY4UGOY4,,Citizen Science (ultrasonic) - shared
59~40304+18~07242_20260927_195733.wav,DEV_002_20260927_195733.wav,0,59.40304,18.07242,Leppun,Leptophyes punctatissima,Speckled Bush-cricket,bush-cricket,0.99,,,27/09/2026,27/09/2026,19:57:33,ClassifEspSWE-0002026-05-29_1,JOHANKARLSSON,202609290745OY4UGOY4,,Citizen Science (ultrasonic) - shared
59~40304+18~07242_20260927_195739.wav,DEV_002_20260927_195739.wav,0,59.40304,18.07242,Leppun,Leptophyes punctatissima,Speckled Bush-cricket,bush-cricket,0.99,,,27/09/2026,27/09/2026,19:57:39,ClassifEspSWE-0002026-05-29_1,JOHANKARLSSON,202609290745OY4UGOY4,,Citizen Science (ultrasonic) - shared
59~40304+18~07242_20260927_195745.wav,DEV_002_20260927_195745.wav,0,59.40304,18.07242,Leppun,Leptophyes punctatissima,Speckled Bush-cricket,bush-cricket,0.99,,,27/09/2026,27/09/2026,19:57:45,ClassifEspSWE-0002026-05-29_1,JOHANKARLSSON,202609290745OY4UGOY4,,Citizen Science (ultrasonic) - shared
59~40304+18~07242_20260927_195751.wav,DEV_002_20260927_195751.wav,0,59.40304,18.07242,Leppun,Leptophyes punctatissima,Speckled Bush-cricket,bush-cricket,0.99,,,27/09/2026,27/09/2026,19:57:51,ClassifEspSWE-0002026-05-29_1,JOHANKARLSSON,202609290745OY4UGOY4,,Citizen Science (ultrasonic) - shared
59~40304+18~07242_20260927_195757.wav,DEV_002_20260927_195757.wav,0,59.40304,18.07242,Leppun,Leptophyes punctatissima,Speckled Bush-cricket,bush-cricket,0.99,,,27/09/2026,27/09/2026,19:57:57,ClassifEspSWE-0002026-05-29_1,JOHANKARLSSON,202609290745OY4UGOY4,,Citizen Science (ultrasonic) - shared
59~40304+18~07242_20260927_195802.wav,DEV_002_20260927_195802.wav,0,59.40304,18.07242,Leppun,Leptophyes punctatissima,Speckled Bush-cricket,bush-cricket,0.99,,,27/09/2026,27/09/2026,19:58:02,ClassifEspSWE-0002026-05-29_1,JOHANKARLSSON,202609290745OY4UGOY4,,Citizen Science (ultrasonic) - shared
59~40304+18~07242_20260927_195808.wav,DEV_002_20260927_195808.wav,0,59.40304,18.07242,Leppun,Leptophyes punctatissima,Speckled Bush-cricket,bush-cricket,0.99,,,27/09/2026,27/09/2026,19:58:08,ClassifEspSWE-0002026-05-29_1,JOHANKARLSSON,202609290745OY4UGOY4,,Citizen Science (ultrasonic) - shared
59~40304+18~07242_20260927_195814.wav,DEV_002_20260927_195814.wav,0,59.40304,18.07242,Leppun,Leptophyes punctatissima,Speckled Bush-cricket,bush-cricket,0.99,,,27/09/2026,27/09/2026,19:58:14,ClassifEspSWE-0002026-05-29_1,JOHANKARLSSON,202609290745OY4UGOY4,,Citizen Science (ultrasonic) - shared
59~40304+18~07242_20260927_195820.wav,DEV_002_20260927_195820.wav,0,59.40304,18.07242,Leppun,Leptophyes punctatissima,Speckled Bush-cricket,bush-cricket,0.99,,,27/09/2026,27/09/2026,19:58:20,ClassifEspSWE-0002026-05-29_1,JOHANKARLSSON,202609290745OY4UGOY4,,Citizen Science (ultrasonic) - shared
59~40304+18~07242_20260927_195826.wav,DEV_002_20260927_195826.wav,0,59.40304,18.07242,Leppun,Leptophyes punctatissima,Speckled Bush-cricket,bush-cricket,0.99,,,27/09/2026,27/09/2026,19:58:26,ClassifEspSWE-0002026-05-29_1,JOHANKARLSSON,202609290745OY4UGOY4,,Citizen Science (ultrasonic) - shared
59~40304+18~07242_20260927_195833.wav,DEV_002_20260927_195833.wav,0,59.40304,18.07242,Leppun,Leptophyes punctatissima,Speckled Bush-cricket,bush-cricket,0.99,,,27/09/2026,27/09/2026,19:58:33,ClassifEspSWE-0002026-05-29_1,JOHANKARLSSON,202609290745OY4UGOY4,,Citizen Science (ultrasonic) - shared
59~40304+18~07242_20260927_195839.wav,DEV_002_20260927_195839.wav,0,59.40304,18.07242,Leppun,Leptophyes punctatissima,Speckled Bush-cricket,bush-cricket,0.99,,,27/09/2026,27/09/2026,19:58:39,ClassifEspSWE-0002026-05-29_1,JOHANKARLSSON,202609290745OY4UGOY4,,Citizen Science (ultrasonic) - shared
59~40304+18~07242_20260927_195845.wav,DEV_002_20260927_195845.wav,0,59.40304,18.07242,Leppun,Leptophyes punctatissima,Speckled Bush-cricket,bush-cricket,0.99,,,27/09/2026,27/09/2026,19:58:45,ClassifEspSWE-0002026-05-29_1,JOHANKARLSSON,202609290745OY4UGOY4,,Citizen Science (ultrasonic) - shared
59~40304+18~07242_20260927_195852.wav,DEV_002_20260927_195852.wav,0,59.40304,18.07242,Leppun,Leptophyes punctatissima,Speckled Bush-cricket,bush-cricket,0.99,,,27/09/2026,27/09/2026,19:58:52,ClassifEspSWE-0002026-05-29_1,JOHANKARLSSON,202609290745OY4UGOY4,,Citizen Science (ultrasonic) - shared
59~40304+18~07242_20260927_195857.wav,DEV_002_20260927_195857.wav,0,59.40304,18.07242,Leppun,Leptophyes punctatissima,Speckled Bush-cricket,bush-cricket,0.99,,,27/09/2026,27/09/2026,19:58:57,ClassifEspSWE-0002026-05-29_1,JOHANKARLSSON,202609290745OY4UGOY4,,Citizen Science (ultrasonic) - shared
59~40304+18~07242_20260927_195903.wav,DEV_002_20260927_195903.wav,0,59.40304,18.07242,Leppun,Leptophyes punctatissima,Speckled Bush-cricket,bush-cricket,0.99,,,27/09/2026,27/09/2026,19:59:03,ClassifEspSWE-0002026-05-29_1,JOHANKARLSSON,202609290745OY4UGOY4,,Citizen Science (ultrasonic) - shared
59~40304+18~07242_20260927_195909.wav,DEV_002_20260927_195909.wav,0,59.40304,18.07242,Leppun,Leptophyes punctatissima,Speckled Bush-cricket,bush-cricket,0.99,,,27/09/2026,27/09/2026,19:59:09,ClassifEspSWE-0002026-05-29_1,JOHANKARLSSON,202609290745OY4UGOY4,,Citizen Science (ultrasonic) - shared
59~40304+18~07242_20260927_195915.wav,DEV_002_20260927_195915.wav,0,59.40304,18.07242,Leppun,Leptophyes punctatissima,Speckled Bush-cricket,bush-cricket,0.99,,,27/09/2026,27/09/2026,19:59:15,ClassifEspSWE-0002026-05-29_1,JOHANKARLSSON,202609290745OY4UGOY4,,Citizen Science (ultrasonic) - shared
59~40304+18~07242_20260927_195922.wav,DEV_002_20260927_195922.wav,0,59.40304,18.07242,Leppun,Leptophyes punctatissima,Speckled Bush-cricket,bush-cricket,0.99,,,27/09/2026,27/09/2026,19:59:22,ClassifEspSWE-0002026-05-29_1,JOHANKARLSSON,202609290745OY4UGOY4,,Citizen Science (ultrasonic) - shared
59~40304+18~07242_20260927_195928.wav,DEV_002_20260927_195928.wav,0,59.40304,18.07242,Leppun,Leptophyes punctatissima,Speckled Bush-cricket,bush-cricket,0.99,,,27/09/2026,27/09/2026,19:59:28,ClassifEspSWE-0002026-05-29_1,JOHANKARLSSON,202609290745OY4UGOY4,,Citizen Science (ultrasonic) - shared
59~40304+18~07242_20260927_195935.wav,DEV_002_20260927_195935.wav,0,59.40304,18.07242,Leppun,Leptophyes punctatissima,Speckled Bush-cricket,bush-cricket,0.99,,,27/09/2026,27/09/2026,19:59:35,ClassifEspSWE-0002026-05-29_1,JOHANKARLSSON,202609290745OY4UGOY4,,Citizen Science (ultrasonic) - shared
59~40304+18~07242_20260927_195940.wav,DEV_002_20260927_195940.wav,0,59.40304,18.07242,Leppun,Leptophyes punctatissima,Speckled Bush-cricket,bush-cricket,0.99,,,27/09/2026,27/09/2026,19:59:40,ClassifEspSWE-0002026-05-29_1,JOHANKARLSSON,202609290745OY4UGOY4,,Citizen Science (ultrasonic) - shared
59~40304+18~07242_20260927_195946.wav,DEV_002_20260927_195946.wav,0,59.40304,18.07242,Leppun,Leptophyes punctatissima,Speckled Bush-cricket,bush-cricket,0.99,,,27/09/2026,27/09/2026,19:59:46,ClassifEspSWE-0002026-05-29_1,JOHANKARLSSON,202609290745OY4UGOY4,,Citizen Science (ultrasonic) - shared
59~40304+18~07242_20260927_195951.wav,DEV_002_20260927_195951.wav,0,59.40304,18.07242,Leppun,Leptophyes punctatissima,Speckled Bush-cricket,bush-cricket,0.99,,,27/09/2026,27/09/2026,19:59:51,ClassifEspSWE-0002026-05-29_1,JOHANKARLSSON,202609290745OY4UGOY4,,Citizen Science (ultrasonic) - shared
59~40304+18~07242_20260927_195957.wav,DEV_002_20260927_195957.wav,0,59.40304,18.07242,Leppun,Leptophyes punctatissima,Speckled Bush-cricket,bush-cricket,0.99,,,27/09/2026,27/09/2026,19:59:57,ClassifEspSWE-0002026-05-29_1,JOHANKARLSSON,202609290745OY4UGOY4,,Citizen Science (ultrasonic) - shared
59~40304+18~07242_20260927_190255.wav,DEV_002_20260927_190255.wav,0,59.40304,18.07242,Phogri,Pholidoptera griseoaptera,Dark Bush-cricket,bush-cricket,0.98,,,27/09/2026,27/09/2026,19:02:55,ClassifEspSWE-0002026-05-29_1,JOHANKARLSSON,202609290745OY4UGOY4,,Citizen Science (ultrasonic) - shared
59~40304+18~07242_20260927_190306.wav,DEV_002_20260927_190306.wav,0,59.40304,18.07242,Phogri,Pholidoptera griseoaptera,Dark Bush-cricket,bush-cricket,0.84,,,27/09/2026,27/09/2026,19:03:06,ClassifEspSWE-0002026-05-29_1,JOHANKARLSSON,202609290745OY4UGOY4,,Citizen Science (ultrasonic) - shared
59~40304+18~07242_20260927_190317.wav,DEV_002_20260927_190317.wav,0,59.40304,18.07242,Phogri,Pholidoptera griseoaptera,Dark Bush-cricket,bush-cricket,0.66,,,27/09/2026,27/09/2026,19:03:17,ClassifEspSWE-0002026-05-29_1,JOHANKARLSSON,202609290745OY4UGOY4,,Citizen Science (ultrasonic) - shared
59~40304+18~07242_20260927_190322.wav,DEV_002_20260927_190322.wav,0,59.40304,18.07242,Phogri,Pholidoptera griseoaptera,Dark Bush-cricket,bush-cricket,0.86,,,27/09/2026,27/09/2026,19:03:22,ClassifEspSWE-0002026-05-29_1,JOHANKARLSSON,202609290745OY4UGOY4,,Citizen Science (ultrasonic) - shared
59~40304+18~07242_20260927_190328.wav,DEV_002_20260927_190328.wav,0,59.40304,18.07242,Phogri,Pholidoptera griseoaptera,Dark Bush-cricket,bush-cricket,0.8,,,27/09/2026,27/09/2026,19:03:28,ClassifEspSWE-0002026-05-29_1,JOHANKARLSSON,202609290745OY4UGOY4,,Citizen Science (ultrasonic) - shared
59~40304+18~07242_20260927_190333.wav,DEV_002_20260927_190333.wav,0,59.40304,18.07242,Phogri,Pholidoptera griseoaptera,Dark Bush-cricket,bush-cricket,0.87,,,27/09/2026,27/09/2026,19:03:33,ClassifEspSWE-0002026-05-29_1,JOHANKARLSSON,202609290745OY4UGOY4,,Citizen Science (ultrasonic) - shared
59~40304+18~07242_20260927_190410.wav,DEV_002_20260927_190410.wav,0,59.40304,18.07242,Phogri,Pholidoptera griseoaptera,Dark Bush-cricket,bush-cricket,0.93,,,27/09/2026,27/09/2026,19:04:10,ClassifEspSWE-0002026-05-29_1,JOHANKARLSSON,202609290745OY4UGOY4,,Citizen Science (ultrasonic) - shared
59~40304+18~07242_20260927_190650.wav,DEV_002_20260927_190650.wav,0,59.40304,18.07242,Phogri,Pholidoptera griseoaptera,Dark Bush-cricket,bush-cricket,0.72,,,27/09/2026,27/09/2026,19:06:50,ClassifEspSWE-0002026-05-29_1,JOHANKARLSSON,202609290745OY4UGOY4,,Citizen Science (ultrasonic) - shared
59~40304+18~07242_20260927_190809.wav,DEV_002_20260927_190809.wav,0,59.40304,18.07242,Phogri,Pholidoptera griseoaptera,Dark Bush-cricket,bush-cricket,0.71,,,27/09/2026,27/09/2026,19:08:09,ClassifEspSWE-0002026-05-29_1,JOHANKARLSSON,202609290745OY4UGOY4,,Citizen Science (ultrasonic) - shared
59~40304+18~07242_20260927_191030.wav,DEV_002_20260927_191030.wav,0,59.40304,18.07242,Phogri,Pholidoptera griseoaptera,Dark Bush-cricket,bush-cricket,0.76,,,27/09/2026,27/09/2026,19:10:30,ClassifEspSWE-0002026-05-29_1,JOHANKARLSSON,202609290745OY4UGOY4,,Citizen Science (ultrasonic) - shared
59~40304+18~07242_20260927_191100.wav,DEV_002_20260927_191100.wav,0,59.40304,18.07242,Phogri,Pholidoptera griseoaptera,Dark Bush-cricket,bush-cricket,0.89,,,27/09/2026,27/09/2026,19:11:00,ClassifEspSWE-0002026-05-29_1,JOHANKARLSSON,202609290745OY4UGOY4,,Citizen Science (ultrasonic) - shared
59~40304+18~07242_20260927_191205.wav,DEV_002_20260927_191205.wav,0,59.40304,18.07242,Phogri,Pholidoptera griseoaptera,Dark Bush-cricket,bush-cricket,0.62,,,27/09/2026,27/09/2026,19:12:05,ClassifEspSWE-0002026-05-29_1,JOHANKARLSSON,202609290745OY4UGOY4,,Citizen Science (ultrasonic) - shared
59~40304+18~07242_20260927_191313.wav,DEV_002_20260927_191313.wav,0,59.40304,18.07242,Phogri,Pholidoptera griseoaptera,Dark Bush-cricket,bush-cricket,0.87,,,27/09/2026,27/09/2026,19:13:13,ClassifEspSWE-0002026-05-29_1,JOHANKARLSSON,202609290745OY4UGOY4,,Citizen Science (ultrasonic) - shared
59~40304+18~07242_20260927_191722.wav,DEV_002_20260927_191722.wav,0,59.40304,18.07242,Phogri,Pholidoptera griseoaptera,Dark Bush-cricket,bush-cricket,0.96,,,27/09/2026,27/09/2026,19:17:22,ClassifEspSWE-0002026-05-29_1,JOHANKARLSSON,202609290745OY4UGOY4,,Citizen Science (ultrasonic) - shared
59~40304+18~07242_20260927_191728.wav,DEV_002_20260927_191728.wav,0,59.40304,18.07242,Phogri,Pholidoptera griseoaptera,Dark Bush-cricket,bush-cricket,0.61,,,27/09/2026,27/09/2026,19:17:28,ClassifEspSWE-0002026-05-29_1,JOHANKARLSSON,202609290745OY4UGOY4,,Citizen Science (ultrasonic) - shared
59~40304+18~07242_20260927_191733.wav,DEV_002_20260927_191733.wav,0,59.40304,18.07242,Phogri,Pholidoptera griseoaptera,Dark Bush-cricket,bush-cricket,0.81,,,27/09/2026,27/09/2026,19:17:33,ClassifEspSWE-0002026-05-29_1,JOHANKARLSSON,202609290745OY4UGOY4,,Citizen Science (ultrasonic) - shared
59~40304+18~07242_20260927_191739.wav,DEV_002_20260927_191739.wav,0,59.40304,18.07242,Phogri,Pholidoptera griseoaptera,Dark Bush-cricket,bush-cricket,0.94,,,27/09/2026,27/09/2026,19:17:39,ClassifEspSWE-0002026-05-29_1,JOHANKARLSSON,202609290745OY4UGOY4,,Citizen Science (ultrasonic) - shared
59~40304+18~07242_20260927_191749.wav,DEV_002_20260927_191749.wav,0,59.40304,18.07242,Phogri,Pholidoptera griseoaptera,Dark Bush-cricket,bush-cricket,0.96,,,27/09/2026,27/09/2026,19:17:49,ClassifEspSWE-0002026-05-29_1,JOHANKARLSSON,202609290745OY4UGOY4,,Citizen Science (ultrasonic) - shared
59~40304+18~07242_20260927_191754.wav,DEV_002_20260927_191754.wav,0,59.40304,18.07242,Phogri,Pholidoptera griseoaptera,Dark Bush-cricket,bush-cricket,0.74,,,27/09/2026,27/09/2026,19:17:54,ClassifEspSWE-0002026-05-29_1,JOHANKARLSSON,202609290745OY4UGOY4,,Citizen Science (ultrasonic) - shared
59~40304+18~07242_20260927_191800.wav,DEV_002_20260927_191800.wav,0,59.40304,18.07242,Phogri,Pholidoptera griseoaptera,Dark Bush-cricket,bush-cricket,0.9,,,27/09/2026,27/09/2026,19:18:00,ClassifEspSWE-0002026-05-29_1,JOHANKARLSSON,202609290745OY4UGOY4,,Citizen Science (ultrasonic) - shared
59~40304+18~07242_20260927_191805.wav,DEV_002_20260927_191805.wav,0,59.40304,18.07242,Phogri,Pholidoptera griseoaptera,Dark Bush-cricket,bush-cricket,0.56,,,27/09/2026,27/09/2026,19:18:05,ClassifEspSWE-0002026-05-29_1,JOHANKARLSSON,202609290745OY4UGOY4,,Citizen Science (ultrasonic) - shared
59~40304+18~07242_20260927_191812.wav,DEV_002_20260927_191812.wav,0,59.40304,18.07242,Phogri,Pholidoptera griseoaptera,Dark Bush-cricket,bush-cricket,0.83,,,27/09/2026,27/09/2026,19:18:12,ClassifEspSWE-0002026-05-29_1,JOHANKARLSSON,202609290745OY4UGOY4,,Citizen Science (ultrasonic) - shared
59~40304+18~07242_20260927_191817.wav,DEV_002_20260927_191817.wav,0,59.40304,18.07242,Phogri,Pholidoptera griseoaptera,Dark Bush-cricket,bush-cricket,0.87,,,27/09/2026,27/09/2026,19:18:17,ClassifEspSWE-0002026-05-29_1,JOHANKARLSSON,202609290745OY4UGOY4,,Citizen Science (ultrasonic) - shared
59~40304+18~07242_20260927_191839.wav,DEV_002_20260927_191839.wav,0,59.40304,18.07242,Phogri,Pholidoptera griseoaptera,Dark Bush-cricket,bush-cricket,0.95,,,27/09/2026,27/09/2026,19:18:39,ClassifEspSWE-0002026-05-29_1,JOHANKARLSSON,202609290745OY4UGOY4,,Citizen Science (ultrasonic) - shared
59~40304+18~07242_20260927_191844.wav,DEV_002_20260927_191844.wav,0,59.40304,18.07242,Phogri,Pholidoptera griseoaptera,Dark Bush-cricket,bush-cricket,0.99,,,27/09/2026,27/09/2026,19:18:44,ClassifEspSWE-0002026-05-29_1,JOHANKARLSSON,202609290745OY4UGOY4,,Citizen Science (ultrasonic) - shared
59~40304+18~07242_20260927_191856.wav,DEV_002_20260927_191856.wav,0,59.40304,18.07242,Phogri,Pholidoptera griseoaptera,Dark Bush-cricket,bush-cricket,0.91,,,27/09/2026,27/09/2026,19:18:56,ClassifEspSWE-0002026-05-29_1,JOHANKARLSSON,202609290745OY4UGOY4,,Citizen Science (ultrasonic) - shared
59~40304+18~07242_20260927_191902.wav,DEV_002_20260927_191902.wav,0,59.40304,18.07242,Phogri,Pholidoptera griseoaptera,Dark Bush-cricket,bush-cricket,0.98,,,27/09/2026,27/09/2026,19:19:02,ClassifEspSWE-0002026-05-29_1,JOHANKARLSSON,202609290745OY4UGOY4,,Citizen Science (ultrasonic) - shared
59~40304+18~07242_20260927_191909.wav,DEV_002_20260927_191909.wav,0,59.40304,18.07242,Phogri,Pholidoptera griseoaptera,Dark Bush-cricket,bush-cricket,0.97,,,27/09/2026,27/09/2026,19:19:09,ClassifEspSWE-0002026-05-29_1,JOHANKARLSSON,202609290745OY4UGOY4,,Citizen Science (ultrasonic) - shared
59~40304+18~07242_20260927_191918.wav,DEV_002_20260927_191918.wav,0,59.40304,18.07242,Phogri,Pholidoptera griseoaptera,Dark Bush-cricket,bush-cricket,0.66,,,27/09/2026,27/09/2026,19:19:18,ClassifEspSWE-0002026-05-29_1,JOHANKARLSSON,202609290745OY4UGOY4,,Citizen Science (ultrasonic) - shared
59~40304+18~07242_20260927_191926.wav,DEV_002_20260927_191926.wav,0,59.40304,18.07242,Phogri,Pholidoptera griseoaptera,Dark Bush-cricket,bush-cricket,0.96,,,27/09/2026,27/09/2026,19:19:26,ClassifEspSWE-0002026-05-29_1,JOHANKARLSSON,202609290745OY4UGOY4,,Citizen Science (ultrasonic) - shared
59~40304+18~07242_20260927_191931.wav,DEV_002_20260927_191931.wav,0,59.40304,18.07242,Phogri,Pholidoptera griseoaptera,Dark Bush-cricket,bush-cricket,0.99,,,27/09/2026,27/09/2026,19:19:31,ClassifEspSWE-0002026-05-29_1,JOHANKARLSSON,202609290745OY4UGOY4,,Citizen Science (ultrasonic) - shared
59~40304+18~07242_20260927_191937.wav,DEV_002_20260927_191937.wav,0,59.40304,18.07242,Phogri,Pholidoptera griseoaptera,Dark Bush-cricket,bush-cricket,0.86,,,27/09/2026,27/09/2026,19:19:37,ClassifEspSWE-0002026-05-29_1,JOHANKARLSSON,202609290745OY4UGOY4,,Citizen Science (ultrasonic) - shared
59~40304+18~07242_20260927_191942.wav,DEV_002_20260927_191942.wav,0,59.40304,18.07242,Phogri,Pholidoptera griseoaptera,Dark Bush-cricket,bush-cricket,0.8,,,27/09/2026,27/09/2026,19:19:42,ClassifEspSWE-0002026-05-29_1,JOHANKARLSSON,202609290745OY4UGOY4,,Citizen Science (ultrasonic) - shared
59~40304+18~07242_20260927_191950.wav,DEV_002_20260927_191950.wav,0,59.40304,18.07242,Phogri,Pholidoptera griseoaptera,Dark Bush-cricket,bush-cricket,0.86,,,27/09/2026,27/09/2026,19:19:50,ClassifEspSWE-0002026-05-29_1,JOHANKARLSSON,202609290745OY4UGOY4,,Citizen Science (ultrasonic) - shared
59~40304+18~07242_20260927_191956.wav,DEV_002_20260927_191956.wav,0,59.40304,18.07242,Phogri,Pholidoptera griseoaptera,Dark Bush-cricket,bush-cricket,0.99,,,27/09/2026,27/09/2026,19:19:56,ClassifEspSWE-0002026-05-29_1,JOHANKARLSSON,202609290745OY4UGOY4,,Citizen Science (ultrasonic) - shared
59~40304+18~07242_20260927_192002.wav,DEV_002_20260927_192002.wav,0,59.40304,18.07242,Phogri,Pholidoptera griseoaptera,Dark Bush-cricket,bush-cricket,0.98,,,27/09/2026,27/09/2026,19:20:02,ClassifEspSWE-0002026-05-29_1,JOHANKARLSSON,202609290745OY4UGOY4,,Citizen Science (ultrasonic) - shared
59~40304+18~07242_20260927_192008.wav,DEV_002_20260927_192008.wav,0,59.40304,18.07242,Phogri,Pholidoptera griseoaptera,Dark Bush-cricket,bush-cricket,0.97,,,27/09/2026,27/09/2026,19:20:08,ClassifEspSWE-0002026-05-29_1,JOHANKARLSSON,202609290745OY4UGOY4,,Citizen Science (ultrasonic) - shared
59~40304+18~07242_20260927_192013.wav,DEV_002_20260927_192013.wav,0,59.40304,18.07242,Phogri,Pholidoptera griseoaptera,Dark Bush-cricket,bush-cricket,0.88,,,27/09/2026,27/09/2026,19:20:13,ClassifEspSWE-0002026-05-29_1,JOHANKARLSSON,202609290745OY4UGOY4,,Citizen Science (ultrasonic) - shared
59~40304+18~07242_20260927_192018.wav,DEV_002_20260927_192018.wav,0,59.40304,18.07242,Phogri,Pholidoptera griseoaptera,Dark Bush-cricket,bush-cricket,0.99,,,27/09/2026,27/09/2026,19:20:18,ClassifEspSWE-0002026-05-29_1,JOHANKARLSSON,202609290745OY4UGOY4,,Citizen Science (ultrasonic) - shared
59~40304+18~07242_20260927_192027.wav,DEV_002_20260927_192027.wav,0,59.40304,18.07242,Phogri,Pholidoptera griseoaptera,Dark Bush-cricket,bush-cricket,0.85,,,27/09/2026,27/09/2026,19:20:27,ClassifEspSWE-0002026-05-29_1,JOHANKARLSSON,202609290745OY4UGOY4,,Citizen Science (ultrasonic) - shared
59~40304+18~07242_20260927_192032.wav,DEV_002_20260927_192032.wav,0,59.40304,18.07242,Phogri,Pholidoptera griseoaptera,Dark Bush-cricket,bush-cricket,0.98,,,27/09/2026,27/09/2026,19:20:32,ClassifEspSWE-0002026-05-29_1,JOHANKARLSSON,202609290745OY4UGOY4,,Citizen Science (ultrasonic) - shared
59~40304+18~07242_20260927_192039.wav,DEV_002_20260927_192039.wav,0,59.40304,18.07242,Phogri,Pholidoptera griseoaptera,Dark Bush-cricket,bush-cricket,0.99,,,27/09/2026,27/09/2026,19:20:39,ClassifEspSWE-0002026-05-29_1,JOHANKARLSSON,202609290745OY4UGOY4,,Citizen Science (ultrasonic) - shared
59~40304+18~07242_20260927_192045.wav,DEV_002_20260927_192045.wav,0,59.40304,18.07242,Phogri,Pholidoptera griseoaptera,Dark Bush-cricket,bush-cricket,0.96,,,27/09/2026,27/09/2026,19:20:45,ClassifEspSWE-0002026-05-29_1,JOHANKARLSSON,202609290745OY4UGOY4,,Citizen Science (ultrasonic) - shared
59~40304+18~07242_20260927_192051.wav,DEV_002_20260927_192051.wav,0,59.40304,18.07242,Phogri,Pholidoptera griseoaptera,Dark Bush-cricket,bush-cricket,0.94,,,27/09/2026,27/09/2026,19:20:51,ClassifEspSWE-0002026-05-29_1,JOHANKARLSSON,202609290745OY4UGOY4,,Citizen Science (ultrasonic) - shared
59~40304+18~07242_20260927_192058.wav,DEV_002_20260927_192058.wav,0,59.40304,18.07242,Phogri,Pholidoptera griseoaptera,Dark Bush-cricket,bush-cricket,0.99,,,27/09/2026,27/09/2026,19:20:58,ClassifEspSWE-0002026-05-29_1,JOHANKARLSSON,202609290745OY4UGOY4,,Citizen Science (ultrasonic) - shared
59~40304+18~07242_20260927_192104.wav,DEV_002_20260927_192104.wav,0,59.40304,18.07242,Phogri,Pholidoptera griseoaptera,Dark Bush-cricket,bush-cricket,0.99,,,27/09/2026,27/09/2026,19:21:04,ClassifEspSWE-0002026-05-29_1,JOHANKARLSSON,202609290745OY4UGOY4,,Citizen Science (ultrasonic) - shared
59~40304+18~07242_20260927_192110.wav,DEV_002_20260927_192110.wav,0,59.40304,18.07242,Phogri,Pholidoptera griseoaptera,Dark Bush-cricket,bush-cricket,0.86,,,27/09/2026,27/09/2026,19:21:10,ClassifEspSWE-0002026-05-29_1,JOHANKARLSSON,202609290745OY4UGOY4,,Citizen Science (ultrasonic) - shared
59~40304+18~07242_20260927_192117.wav,DEV_002_20260927_192117.wav,0,59.40304,18.07242,Phogri,Pholidoptera griseoaptera,Dark Bush-cricket,bush-cricket,0.96,,,27/09/2026,27/09/2026,19:21:17,ClassifEspSWE-0002026-05-29_1,JOHANKARLSSON,202609290745OY4UGOY4,,Citizen Science (ultrasonic) - shared
59~40304+18~07242_20260927_192124.wav,DEV_002_20260927_192124.wav,0,59.40304,18.07242,Phogri,Pholidoptera griseoaptera,Dark Bush-cricket,bush-cricket,0.99,,,27/09/2026,27/09/2026,19:21:24,ClassifEspSWE-0002026-05-29_1,JOHANKARLSSON,202609290745OY4UGOY4,,Citizen Science (ultrasonic) - shared
59~40304+18~07242_20260927_192134.wav,DEV_002_20260927_192134.wav,0,59.40304,18.07242,Phogri,Pholidoptera griseoaptera,Dark Bush-cricket,bush-cricket,0.89,,,27/09/2026,27/09/2026,19:21:34,ClassifEspSWE-0002026-05-29_1,JOHANKARLSSON,202609290745OY4UGOY4,,Citizen Science (ultrasonic) - shared
59~40304+18~07242_20260927_192144.wav,DEV_002_20260927_192144.wav,0,59.40304,18.07242,Phogri,Pholidoptera griseoaptera,Dark Bush-cricket,bush-cricket,0.72,,,27/09/2026,27/09/2026,19:21:44,ClassifEspSWE-0002026-05-29_1,JOHANKARLSSON,202609290745OY4UGOY4,,Citizen Science (ultrasonic) - shared
59~40304+18~07242_20260927_192151.wav,DEV_002_20260927_192151.wav,0,59.40304,18.07242,Phogri,Pholidoptera griseoaptera,Dark Bush-cricket,bush-cricket,0.95,,,27/09/2026,27/09/2026,19:21:51,ClassifEspSWE-0002026-05-29_1,JOHANKARLSSON,202609290745OY4UGOY4,,Citizen Science (ultrasonic) - shared
59~40304+18~07242_20260927_192158.wav,DEV_002_20260927_192158.wav,0,59.40304,18.07242,Phogri,Pholidoptera griseoaptera,Dark Bush-cricket,bush-cricket,0.96,,,27/09/2026,27/09/2026,19:21:58,ClassifEspSWE-0002026-05-29_1,JOHANKARLSSON,202609290745OY4UGOY4,,Citizen Science (ultrasonic) - shared
59~40304+18~07242_20260927_192205.wav,DEV_002_20260927_192205.wav,0,59.40304,18.07242,Phogri,Pholidoptera griseoaptera,Dark Bush-cricket,bush-cricket,0.99,,,27/09/2026,27/09/2026,19:22:05,ClassifEspSWE-0002026-05-29_1,JOHANKARLSSON,202609290745OY4UGOY4,,Citizen Science (ultrasonic) - shared
59~40304+18~07242_20260927_192211.wav,DEV_002_20260927_192211.wav,0,59.40304,18.07242,Phogri,Pholidoptera griseoaptera,Dark Bush-cricket,bush-cricket,0.99,,,27/09/2026,27/09/2026,19:22:11,ClassifEspSWE-0002026-05-29_1,JOHANKARLSSON,202609290745OY4UGOY4,,Citizen Science (ultrasonic) - shared
59~40304+18~07242_20260927_192219.wav,DEV_002_20260927_192219.wav,0,59.40304,18.07242,Phogri,Pholidoptera griseoaptera,Dark Bush-cricket,bush-cricket,0.98,,,27/09/2026,27/09/2026,19:22:19,ClassifEspSWE-0002026-05-29_1,JOHANKARLSSON,202609290745OY4UGOY4,,Citizen Science (ultrasonic) - shared
59~40304+18~07242_20260927_192227.wav,DEV_002_20260927_192227.wav,0,59.40304,18.07242,Phogri,Pholidoptera griseoaptera,Dark Bush-cricket,bush-cricket,0.88,,,27/09/2026,27/09/2026,19:22:27,ClassifEspSWE-0002026-05-29_1,JOHANKARLSSON,202609290745OY4UGOY4,,Citizen Science (ultrasonic) - shared
59~40304+18~07242_20260927_192238.wav,DEV_002_20260927_192238.wav,0,59.40304,18.07242,Phogri,Pholidoptera griseoaptera,Dark Bush-cricket,bush-cricket,0.98,,,27/09/2026,27/09/2026,19:22:38,ClassifEspSWE-0002026-05-29_1,JOHANKARLSSON,202609290745OY4UGOY4,,Citizen Science (ultrasonic) - shared
59~40304+18~07242_20260927_192246.wav,DEV_002_20260927_192246.wav,0,59.40304,18.07242,Phogri,Pholidoptera griseoaptera,Dark Bush-cricket,bush-cricket,0.96,,,27/09/2026,27/09/2026,19:22:46,ClassifEspSWE-0002026-05-29_1,JOHANKARLSSON,202609290745OY4UGOY4,,Citizen Science (ultrasonic) - shared
59~40304+18~07242_20260927_192254.wav,DEV_002_20260927_192254.wav,0,59.40304,18.07242,Phogri,Pholidoptera griseoaptera,Dark Bush-cricket,bush-cricket,0.95,,,27/09/2026,27/09/2026,19:22:54,ClassifEspSWE-0002026-05-29_1,JOHANKARLSSON,202609290745OY4UGOY4,,Citizen Science (ultrasonic) - shared
59~40304+18~07242_20260927_192301.wav,DEV_002_20260927_192301.wav,0,59.40304,18.07242,Phogri,Pholidoptera griseoaptera,Dark Bush-cricket,bush-cricket,0.96,,,27/09/2026,27/09/2026,19:23:01,ClassifEspSWE-0002026-05-29_1,JOHANKARLSSON,202609290745OY4UGOY4,,Citizen Science (ultrasonic) - shared
59~40304+18~07242_20260927_192307.wav,DEV_002_20260927_192307.wav,0,59.40304,18.07242,Phogri,Pholidoptera griseoaptera,Dark Bush-cricket,bush-cricket,0.9,,,27/09/2026,27/09/2026,19:23:07,ClassifEspSWE-0002026-05-29_1,JOHANKARLSSON,202609290745OY4UGOY4,,Citizen Science (ultrasonic) - shared
59~40304+18~07242_20260927_192313.wav,DEV_002_20260927_192313.wav,0,59.40304,18.07242,Phogri,Pholidoptera griseoaptera,Dark Bush-cricket,bush-cricket,0.98,,,27/09/2026,27/09/2026,19:23:13,ClassifEspSWE-0002026-05-29_1,JOHANKARLSSON,202609290745OY4UGOY4,,Citizen Science (ultrasonic) - shared
59~40304+18~07242_20260927_192319.wav,DEV_002_20260927_192319.wav,0,59.40304,18.07242,Phogri,Pholidoptera griseoaptera,Dark Bush-cricket,bush-cricket,0.89,,,27/09/2026,27/09/2026,19:23:19,ClassifEspSWE-0002026-05-29_1,JOHANKARLSSON,202609290745OY4UGOY4,,Citizen Science (ultrasonic) - shared
59~40304+18~07242_20260927_192325.wav,DEV_002_20260927_192325.wav,0,59.40304,18.07242,Phogri,Pholidoptera griseoaptera,Dark Bush-cricket,bush-cricket,0.99,,,27/09/2026,27/09/2026,19:23:25,ClassifEspSWE-0002026-05-29_1,JOHANKARLSSON,202609290745OY4UGOY4,,Citizen Science (ultrasonic) - shared
59~40304+18~07242_20260927_192331.wav,DEV_002_20260927_192331.wav,0,59.40304,18.07242,Phogri,Pholidoptera griseoaptera,Dark Bush-cricket,bush-cricket,0.76,,,27/09/2026,27/09/2026,19:23:31,ClassifEspSWE-0002026-05-29_1,JOHANKARLSSON,202609290745OY4UGOY4,,Citizen Science (ultrasonic) - shared
59~40304+18~07242_20260927_192336.wav,DEV_002_20260927_192336.wav,0,59.40304,18.07242,Phogri,Pholidoptera griseoaptera,Dark Bush-cricket,bush-cricket,0.94,,,27/09/2026,27/09/2026,19:23:36,ClassifEspSWE-0002026-05-29_1,JOHANKARLSSON,202609290745OY4UGOY4,,Citizen Science (ultrasonic) - shared
59~40304+18~07242_20260927_192342.wav,DEV_002_20260927_192342.wav,0,59.40304,18.07242,Phogri,Pholidoptera griseoaptera,Dark Bush-cricket,bush-cricket,0.93,,,27/09/2026,27/09/2026,19:23:42,ClassifEspSWE-0002026-05-29_1,JOHANKARLSSON,202609290745OY4UGOY4,,Citizen Science (ultrasonic) - shared
59~40304+18~07242_20260927_192349.wav,DEV_002_20260927_192349.wav,0,59.40304,18.07242,Phogri,Pholidoptera griseoaptera,Dark Bush-cricket,bush-cricket,0.99,,,27/09/2026,27/09/2026,19:23:49,ClassifEspSWE-0002026-05-29_1,JOHANKARLSSON,202609290745OY4UGOY4,,Citizen Science (ultrasonic) - shared
59~40304+18~07242_20260927_192358.wav,DEV_002_20260927_192358.wav,0,59.40304,18.07242,Phogri,Pholidoptera griseoaptera,Dark Bush-cricket,bush-cricket,0.96,,,27/09/2026,27/09/2026,19:23:58,ClassifEspSWE-0002026-05-29_1,JOHANKARLSSON,202609290745OY4UGOY4,,Citizen Science (ultrasonic) - shared
59~40304+18~07242_20260927_192405.wav,DEV_002_20260927_192405.wav,0,59.40304,18.07242,Phogri,Pholidoptera griseoaptera,Dark Bush-cricket,bush-cricket,0.93,,,27/09/2026,27/09/2026,19:24:05,ClassifEspSWE-0002026-05-29_1,JOHANKARLSSON,202609290745OY4UGOY4,,Citizen Science (ultrasonic) - shared
59~40304+18~07242_20260927_192410.wav,DEV_002_20260927_192410.wav,0,59.40304,18.07242,Phogri,Pholidoptera griseoaptera,Dark Bush-cricket,bush-cricket,0.94,,,27/09/2026,27/09/2026,19:24:10,ClassifEspSWE-0002026-05-29_1,JOHANKARLSSON,202609290745OY4UGOY4,,Citizen Science (ultrasonic) - shared
59~40304+18~07242_20260927_192416.wav,DEV_002_20260927_192416.wav,0,59.40304,18.07242,Phogri,Pholidoptera griseoaptera,Dark Bush-cricket,bush-cricket,0.98,,,27/09/2026,27/09/2026,19:24:16,ClassifEspSWE-0002026-05-29_1,JOHANKARLSSON,202609290745OY4UGOY4,,Citizen Science (ultrasonic) - shared
59~40304+18~07242_20260927_192424.wav,DEV_002_20260927_192424.wav,0,59.40304,18.07242,Phogri,Pholidoptera griseoaptera,Dark Bush-cricket,bush-cricket,0.89,,,27/09/2026,27/09/2026,19:24:24,ClassifEspSWE-0002026-05-29_1,JOHANKARLSSON,202609290745OY4UGOY4,,Citizen Science (ultrasonic) - shared
59~40304+18~07242_20260927_192429.wav,DEV_002_20260927_192429.wav,0,59.40304,18.07242,Phogri,Pholidoptera griseoaptera,Dark Bush-cricket,bush-cricket,0.97,,,27/09/2026,27/09/2026,19:24:29,ClassifEspSWE-0002026-05-29_1,JOHANKARLSSON,202609290745OY4UGOY4,,Citizen Science (ultrasonic) - shared
59~40304+18~07242_20260927_192437.wav,DEV_002_20260927_192437.wav,0,59.40304,18.07242,Phogri,Pholidoptera griseoaptera,Dark Bush-cricket,bush-cricket,0.99,,,27/09/2026,27/09/2026,19:24:37,ClassifEspSWE-0002026-05-29_1,JOHANKARLSSON,202609290745OY4UGOY4,,Citizen Science (ultrasonic) - shared
59~40304+18~07242_20260927_192442.wav,DEV_002_20260927_192442.wav,0,59.40304,18.07242,Phogri,Pholidoptera griseoaptera,Dark Bush-cricket,bush-cricket,0.99,,,27/09/2026,27/09/2026,19:24:42,ClassifEspSWE-0002026-05-29_1,JOHANKARLSSON,202609290745OY4UGOY4,,Citizen Science (ultrasonic) - shared
59~40304+18~07242_20260927_192448.wav,DEV_002_20260927_192448.wav,0,59.40304,18.07242,Phogri,Pholidoptera griseoaptera,Dark Bush-cricket,bush-cricket,0.99,,,27/09/2026,27/09/2026,19:24:48,ClassifEspSWE-0002026-05-29_1,JOHANKARLSSON,202609290745OY4UGOY4,,Citizen Science (ultrasonic) - shared
59~40304+18~07242_20260927_192455.wav,DEV_002_20260927_192455.wav,0,59.40304,18.07242,Phogri,Pholidoptera griseoaptera,Dark Bush-cricket,bush-cricket,0.99,,,27/09/2026,27/09/2026,19:24:55,ClassifEspSWE-0002026-05-29_1,JOHANKARLSSON,202609290745OY4UGOY4,,Citizen Science (ultrasonic) - shared
59~40304+18~07242_20260927_192501.wav,DEV_002_20260927_192501.wav,0,59.40304,18.07242,Phogri,Pholidoptera griseoaptera,Dark Bush-cricket,bush-cricket,0.99,,,27/09/2026,27/09/2026,19:25:01,ClassifEspSWE-0002026-05-29_1,JOHANKARLSSON,202609290745OY4UGOY4,,Citizen Science (ultrasonic) - shared
59~40304+18~07242_20260927_192508.wav,DEV_002_20260927_192508.wav,0,59.40304,18.07242,Phogri,Pholidoptera griseoaptera,Dark Bush-cricket,bush-cricket,0.89,,,27/09/2026,27/09/2026,19:25:08,ClassifEspSWE-0002026-05-29_1,JOHANKARLSSON,202609290745OY4UGOY4,,Citizen Science (ultrasonic) - shared
59~40304+18~07242_20260927_192515.wav,DEV_002_20260927_192515.wav,0,59.40304,18.07242,Phogri,Pholidoptera griseoaptera,Dark Bush-cricket,bush-cricket,0.87,,,27/09/2026,27/09/2026,19:25:15,ClassifEspSWE-0002026-05-29_1,JOHANKARLSSON,202609290745OY4UGOY4,,Citizen Science (ultrasonic) - shared
59~40304+18~07242_20260927_192522.wav,DEV_002_20260927_192522.wav,0,59.40304,18.07242,Phogri,Pholidoptera griseoaptera,Dark Bush-cricket,bush-cricket,0.98,,,27/09/2026,27/09/2026,19:25:22,ClassifEspSWE-0002026-05-29_1,JOHANKARLSSON,202609290745OY4UGOY4,,Citizen Science (ultrasonic) - shared
59~40304+18~07242_20260927_192527.wav,DEV_002_20260927_192527.wav,0,59.40304,18.07242,Phogri,Pholidoptera griseoaptera,Dark Bush-cricket,bush-cricket,0.9,,,27/09/2026,27/09/2026,19:25:27,ClassifEspSWE-0002026-05-29_1,JOHANKARLSSON,202609290745OY4UGOY4,,Citizen Science (ultrasonic) - shared
59~40304+18~07242_20260927_192536.wav,DEV_002_20260927_192536.wav,0,59.40304,18.07242,Phogri,Pholidoptera griseoaptera,Dark Bush-cricket,bush-cricket,0.99,,,27/09/2026,27/09/2026,19:25:36,ClassifEspSWE-0002026-05-29_1,JOHANKARLSSON,202609290745OY4UGOY4,,Citizen Science (ultrasonic) - shared
59~40304+18~07242_20260927_192543.wav,DEV_002_20260927_192543.wav,0,59.40304,18.07242,Phogri,Pholidoptera griseoaptera,Dark Bush-cricket,bush-cricket,0.78,,,27/09/2026,27/09/2026,19:25:43,ClassifEspSWE-0002026-05-29_1,JOHANKARLSSON,202609290745OY4UGOY4,,Citizen Science (ultrasonic) - shared
59~40304+18~07242_20260927_192550.wav,DEV_002_20260927_192550.wav,0,59.40304,18.07242,Phogri,Pholidoptera griseoaptera,Dark Bush-cricket,bush-cricket,0.82,,,27/09/2026,27/09/2026,19:25:50,ClassifEspSWE-0002026-05-29_1,JOHANKARLSSON,202609290745OY4UGOY4,,Citizen Science (ultrasonic) - shared
59~40304+18~07242_20260927_192555.wav,DEV_002_20260927_192555.wav,0,59.40304,18.07242,Phogri,Pholidoptera griseoaptera,Dark Bush-cricket,bush-cricket,0.93,,,27/09/2026,27/09/2026,19:25:55,ClassifEspSWE-0002026-05-29_1,JOHANKARLSSON,202609290745OY4UGOY4,,Citizen Science (ultrasonic) - shared
59~40304+18~07242_20260927_192602.wav,DEV_002_20260927_192602.wav,0,59.40304,18.07242,Phogri,Pholidoptera griseoaptera,Dark Bush-cricket,bush-cricket,0.78,,,27/09/2026,27/09/2026,19:26:02,ClassifEspSWE-0002026-05-29_1,JOHANKARLSSON,202609290745OY4UGOY4,,Citizen Science (ultrasonic) - shared
59~40304+18~07242_20260927_192610.wav,DEV_002_20260927_192610.wav,0,59.40304,18.07242,Phogri,Pholidoptera griseoaptera,Dark Bush-cricket,bush-cricket,0.99,,,27/09/2026,27/09/2026,19:26:10,ClassifEspSWE-0002026-05-29_1,JOHANKARLSSON,202609290745OY4UGOY4,,Citizen Science (ultrasonic) - shared
59~40304+18~07242_20260927_192616.wav,DEV_002_20260927_192616.wav,0,59.40304,18.07242,Phogri,Pholidoptera griseoaptera,Dark Bush-cricket,bush-cricket,0.98,,,27/09/2026,27/09/2026,19:26:16,ClassifEspSWE-0002026-05-29_1,JOHANKARLSSON,202609290745OY4UGOY4,,Citizen Science (ultrasonic) - shared
59~40304+18~07242_20260927_192622.wav,DEV_002_20260927_192622.wav,0,59.40304,18.07242,Phogri,Pholidoptera griseoaptera,Dark Bush-cricket,bush-cricket,0.92,,,27/09/2026,27/09/2026,19:26:22,ClassifEspSWE-0002026-05-29_1,JOHANKARLSSON,202609290745OY4UGOY4,,Citizen Science (ultrasonic) - shared
59~40304+18~07242_20260927_192627.wav,DEV_002_20260927_192627.wav,0,59.40304,18.07242,Phogri,Pholidoptera griseoaptera,Dark Bush-cricket,bush-cricket,0.97,,,27/09/2026,27/09/2026,19:26:27,ClassifEspSWE-0002026-05-29_1,JOHANKARLSSON,202609290745OY4UGOY4,,Citizen Science (ultrasonic) - shared
59~40304+18~07242_20260927_192635.wav,DEV_002_20260927_192635.wav,0,59.40304,18.07242,Phogri,Pholidoptera griseoaptera,Dark Bush-cricket,bush-cricket,0.95,,,27/09/2026,27/09/2026,19:26:35,ClassifEspSWE-0002026-05-29_1,JOHANKARLSSON,202609290745OY4UGOY4,,Citizen Science (ultrasonic) - shared
59~40304+18~07242_20260927_192643.wav,DEV_002_20260927_192643.wav,0,59.40304,18.07242,Phogri,Pholidoptera griseoaptera,Dark Bush-cricket,bush-cricket,0.96,,,27/09/2026,27/09/2026,19:26:43,ClassifEspSWE-0002026-05-29_1,JOHANKARLSSON,202609290745OY4UGOY4,,Citizen Science (ultrasonic) - shared
59~40304+18~07242_20260927_192648.wav,DEV_002_20260927_192648.wav,0,59.40304,18.07242,Phogri,Pholidoptera griseoaptera,Dark Bush-cricket,bush-cricket,0.99,,,27/09/2026,27/09/2026,19:26:48,ClassifEspSWE-0002026-05-29_1,JOHANKARLSSON,202609290745OY4UGOY4,,Citizen Science (ultrasonic) - shared
59~40304+18~07242_20260927_192653.wav,DEV_002_20260927_192653.wav,0,59.40304,18.07242,Phogri,Pholidoptera griseoaptera,Dark Bush-cricket,bush-cricket,0.99,,,27/09/2026,27/09/2026,19:26:53,ClassifEspSWE-0002026-05-29_1,JOHANKARLSSON,202609290745OY4UGOY4,,Citizen Science (ultrasonic) - shared
59~40304+18~07242_20260927_192700.wav,DEV_002_20260927_192700.wav,0,59.40304,18.07242,Phogri,Pholidoptera griseoaptera,Dark Bush-cricket,bush-cricket,0.99,,,27/09/2026,27/09/2026,19:27:00,ClassifEspSWE-0002026-05-29_1,JOHANKARLSSON,202609290745OY4UGOY4,,Citizen Science (ultrasonic) - shared
59~40304+18~07242_20260927_192710.wav,DEV_002_20260927_192710.wav,0,59.40304,18.07242,Phogri,Pholidoptera griseoaptera,Dark Bush-cricket,bush-cricket,0.87,,,27/09/2026,27/09/2026,19:27:10,ClassifEspSWE-0002026-05-29_1,JOHANKARLSSON,202609290745OY4UGOY4,,Citizen Science (ultrasonic) - shared
59~40304+18~07242_20260927_192716.wav,DEV_002_20260927_192716.wav,0,59.40304,18.07242,Phogri,Pholidoptera griseoaptera,Dark Bush-cricket,bush-cricket,0.97,,,27/09/2026,27/09/2026,19:27:16,ClassifEspSWE-0002026-05-29_1,JOHANKARLSSON,202609290745OY4UGOY4,,Citizen Science (ultrasonic) - shared
59~40304+18~07242_20260927_192721.wav,DEV_002_20260927_192721.wav,0,59.40304,18.07242,Phogri,Pholidoptera griseoaptera,Dark Bush-cricket,bush-cricket,0.93,,,27/09/2026,27/09/2026,19:27:21,ClassifEspSWE-0002026-05-29_1,JOHANKARLSSON,202609290745OY4UGOY4,,Citizen Science (ultrasonic) - shared
59~40304+18~07242_20260927_192728.wav,DEV_002_20260927_192728.wav,0,59.40304,18.07242,Phogri,Pholidoptera griseoaptera,Dark Bush-cricket,bush-cricket,0.88,,,27/09/2026,27/09/2026,19:27:28,ClassifEspSWE-0002026-05-29_1,JOHANKARLSSON,202609290745OY4UGOY4,,Citizen Science (ultrasonic) - shared
59~40304+18~07242_20260927_192736.wav,DEV_002_20260927_192736.wav,0,59.40304,18.07242,Phogri,Pholidoptera griseoaptera,Dark Bush-cricket,bush-cricket,0.99,,,27/09/2026,27/09/2026,19:27:36,ClassifEspSWE-0002026-05-29_1,JOHANKARLSSON,202609290745OY4UGOY4,,Citizen Science (ultrasonic) - shared
59~40304+18~07242_20260927_192743.wav,DEV_002_20260927_192743.wav,0,59.40304,18.07242,Phogri,Pholidoptera griseoaptera,Dark Bush-cricket,bush-cricket,0.98,,,27/09/2026,27/09/2026,19:27:43,ClassifEspSWE-0002026-05-29_1,JOHANKARLSSON,202609290745OY4UGOY4,,Citizen Science (ultrasonic) - shared
59~40304+18~07242_20260927_192750.wav,DEV_002_20260927_192750.wav,0,59.40304,18.07242,Phogri,Pholidoptera griseoaptera,Dark Bush-cricket,bush-cricket,0.91,,,27/09/2026,27/09/2026,19:27:50,ClassifEspSWE-0002026-05-29_1,JOHANKARLSSON,202609290745OY4UGOY4,,Citizen Science (ultrasonic) - shared
59~40304+18~07242_20260927_192756.wav,DEV_002_20260927_192756.wav,0,59.40304,18.07242,Phogri,Pholidoptera griseoaptera,Dark Bush-cricket,bush-cricket,0.99,,,27/09/2026,27/09/2026,19:27:56,ClassifEspSWE-0002026-05-29_1,JOHANKARLSSON,202609290745OY4UGOY4,,Citizen Science (ultrasonic) - shared
59~40304+18~07242_20260927_192806.wav,DEV_002_20260927_192806.wav,0,59.40304,18.07242,Phogri,Pholidoptera griseoaptera,Dark Bush-cricket,bush-cricket,0.98,,,27/09/2026,27/09/2026,19:28:06,ClassifEspSWE-0002026-05-29_1,JOHANKARLSSON,202609290745OY4UGOY4,,Citizen Science (ultrasonic) - shared
59~40304+18~07242_20260927_192813.wav,DEV_002_20260927_192813.wav,0,59.40304,18.07242,Phogri,Pholidoptera griseoaptera,Dark Bush-cricket,bush-cricket,0.84,,,27/09/2026,27/09/2026,19:28:13,ClassifEspSWE-0002026-05-29_1,JOHANKARLSSON,202609290745OY4UGOY4,,Citizen Science (ultrasonic) - shared
59~40304+18~07242_20260927_192821.wav,DEV_002_20260927_192821.wav,0,59.40304,18.07242,Phogri,Pholidoptera griseoaptera,Dark Bush-cricket,bush-cricket,0.99,,,27/09/2026,27/09/2026,19:28:21,ClassifEspSWE-0002026-05-29_1,JOHANKARLSSON,202609290745OY4UGOY4,,Citizen Science (ultrasonic) - shared
59~40304+18~07242_20260927_192830.wav,DEV_002_20260927_192830.wav,0,59.40304,18.07242,Phogri,Pholidoptera griseoaptera,Dark Bush-cricket,bush-cricket,0.96,,,27/09/2026,27/09/2026,19:28:30,ClassifEspSWE-0002026-05-29_1,JOHANKARLSSON,202609290745OY4UGOY4,,Citizen Science (ultrasonic) - shared
59~40304+18~07242_20260927_192839.wav,DEV_002_20260927_192839.wav,0,59.40304,18.07242,Phogri,Pholidoptera griseoaptera,Dark Bush-cricket,bush-cricket,0.99,,,27/09/2026,27/09/2026,19:28:39,ClassifEspSWE-0002026-05-29_1,JOHANKARLSSON,202609290745OY4UGOY4,,Citizen Science (ultrasonic) - shared
59~40304+18~07242_20260927_192847.wav,DEV_002_20260927_192847.wav,0,59.40304,18.07242,Phogri,Pholidoptera griseoaptera,Dark Bush-cricket,bush-cricket,0.99,,,27/09/2026,27/09/2026,19:28:47,ClassifEspSWE-0002026-05-29_1,JOHANKARLSSON,202609290745OY4UGOY4,,Citizen Science (ultrasonic) - shared
59~40304+18~07242_20260927_192855.wav,DEV_002_20260927_192855.wav,0,59.40304,18.07242,Phogri,Pholidoptera griseoaptera,Dark Bush-cricket,bush-cricket,0.99,,,27/09/2026,27/09/2026,19:28:55,ClassifEspSWE-0002026-05-29_1,JOHANKARLSSON,202609290745OY4UGOY4,,Citizen Science (ultrasonic) - shared
59~40304+18~07242_20260927_192902.wav,DEV_002_20260927_192902.wav,0,59.40304,18.07242,Phogri,Pholidoptera griseoaptera,Dark Bush-cricket,bush-cricket,0.87,,,27/09/2026,27/09/2026,19:29:02,ClassifEspSWE-0002026-05-29_1,JOHANKARLSSON,202609290745OY4UGOY4,,Citizen Science (ultrasonic) - shared
59~40304+18~07242_20260927_192909.wav,DEV_002_20260927_192909.wav,0,59.40304,18.07242,Phogri,Pholidoptera griseoaptera,Dark Bush-cricket,bush-cricket,0.96,,,27/09/2026,27/09/2026,19:29:09,ClassifEspSWE-0002026-05-29_1,JOHANKARLSSON,202609290745OY4UGOY4,,Citizen Science (ultrasonic) - shared
59~40304+18~07242_20260927_192917.wav,DEV_002_20260927_192917.wav,0,59.40304,18.07242,Phogri,Pholidoptera griseoaptera,Dark Bush-cricket,bush-cricket,0.99,,,27/09/2026,27/09/2026,19:29:17,ClassifEspSWE-0002026-05-29_1,JOHANKARLSSON,202609290745OY4UGOY4,,Citizen Science (ultrasonic) - shared
59~40304+18~07242_20260927_192929.wav,DEV_002_20260927_192929.wav,0,59.40304,18.07242,Phogri,Pholidoptera griseoaptera,Dark Bush-cricket,bush-cricket,0.9,,,27/09/2026,27/09/2026,19:29:29,ClassifEspSWE-0002026-05-29_1,JOHANKARLSSON,202609290745OY4UGOY4,,Citizen Science (ultrasonic) - shared
59~40304+18~07242_20260927_192936.wav,DEV_002_20260927_192936.wav,0,59.40304,18.07242,Phogri,Pholidoptera griseoaptera,Dark Bush-cricket,bush-cricket,0.98,,,27/09/2026,27/09/2026,19:29:36,ClassifEspSWE-0002026-05-29_1,JOHANKARLSSON,202609290745OY4UGOY4,,Citizen Science (ultrasonic) - shared
59~40304+18~07242_20260927_192943.wav,DEV_002_20260927_192943.wav,0,59.40304,18.07242,Phogri,Pholidoptera griseoaptera,Dark Bush-cricket,bush-cricket,0.74,,,27/09/2026,27/09/2026,19:29:43,ClassifEspSWE-0002026-05-29_1,JOHANKARLSSON,202609290745OY4UGOY4,,Citizen Science (ultrasonic) - shared
59~40304+18~07242_20260927_192950.wav,DEV_002_20260927_192950.wav,0,59.40304,18.07242,Phogri,Pholidoptera griseoaptera,Dark Bush-cricket,bush-cricket,0.83,,,27/09/2026,27/09/2026,19:29:50,ClassifEspSWE-0002026-05-29_1,JOHANKARLSSON,202609290745OY4UGOY4,,Citizen Science (ultrasonic) - shared
59~40304+18~07242_20260927_192958.wav,DEV_002_20260927_192958.wav,0,59.40304,18.07242,Phogri,Pholidoptera griseoaptera,Dark Bush-cricket,bush-cricket,0.98,,,27/09/2026,27/09/2026,19:29:58,ClassifEspSWE-0002026-05-29_1,JOHANKARLSSON,202609290745OY4UGOY4,,Citizen Science (ultrasonic) - shared
59~40304+18~07242_20260927_193006.wav,DEV_002_20260927_193006.wav,0,59.40304,18.07242,Phogri,Pholidoptera griseoaptera,Dark Bush-cricket,bush-cricket,0.94,,,27/09/2026,27/09/2026,19:30:06,ClassifEspSWE-0002026-05-29_1,JOHANKARLSSON,202609290745OY4UGOY4,,Citizen Science (ultrasonic) - shared
59~40304+18~07242_20260927_193012.wav,DEV_002_20260927_193012.wav,0,59.40304,18.07242,Phogri,Pholidoptera griseoaptera,Dark Bush-cricket,bush-cricket,0.85,,,27/09/2026,27/09/2026,19:30:12,ClassifEspSWE-0002026-05-29_1,JOHANKARLSSON,202609290745OY4UGOY4,,Citizen Science (ultrasonic) - shared
59~40304+18~07242_20260927_193019.wav,DEV_002_20260927_193019.wav,0,59.40304,18.07242,Phogri,Pholidoptera griseoaptera,Dark Bush-cricket,bush-cricket,0.96,,,27/09/2026,27/09/2026,19:30:19,ClassifEspSWE-0002026-05-29_1,JOHANKARLSSON,202609290745OY4UGOY4,,Citizen Science (ultrasonic) - shared
59~40304+18~07242_20260927_193027.wav,DEV_002_20260927_193027.wav,0,59.40304,18.07242,Phogri,Pholidoptera griseoaptera,Dark Bush-cricket,bush-cricket,0.99,,,27/09/2026,27/09/2026,19:30:27,ClassifEspSWE-0002026-05-29_1,JOHANKARLSSON,202609290745OY4UGOY4,,Citizen Science (ultrasonic) - shared
59~40304+18~07242_20260927_193036.wav,DEV_002_20260927_193036.wav,0,59.40304,18.07242,Phogri,Pholidoptera griseoaptera,Dark Bush-cricket,bush-cricket,0.98,,,27/09/2026,27/09/2026,19:30:36,ClassifEspSWE-0002026-05-29_1,JOHANKARLSSON,202609290745OY4UGOY4,,Citizen Science (ultrasonic) - shared
59~40304+18~07242_20260927_193044.wav,DEV_002_20260927_193044.wav,0,59.40304,18.07242,Phogri,Pholidoptera griseoaptera,Dark Bush-cricket,bush-cricket,0.97,,,27/09/2026,27/09/2026,19:30:44,ClassifEspSWE-0002026-05-29_1,JOHANKARLSSON,202609290745OY4UGOY4,,Citizen Science (ultrasonic) - shared
59~40304+18~07242_20260927_193049.wav,DEV_002_20260927_193049.wav,0,59.40304,18.07242,Phogri,Pholidoptera griseoaptera,Dark Bush-cricket,bush-cricket,0.91,,,27/09/2026,27/09/2026,19:30:49,ClassifEspSWE-0002026-05-29_1,JOHANKARLSSON,202609290745OY4UGOY4,,Citizen Science (ultrasonic) - shared
59~40304+18~07242_20260927_193057.wav,DEV_002_20260927_193057.wav,0,59.40304,18.07242,Phogri,Pholidoptera griseoaptera,Dark Bush-cricket,bush-cricket,0.99,,,27/09/2026,27/09/2026,19:30:57,ClassifEspSWE-0002026-05-29_1,JOHANKARLSSON,202609290745OY4UGOY4,,Citizen Science (ultrasonic) - shared
59~40304+18~07242_20260927_193103.wav,DEV_002_20260927_193103.wav,0,59.40304,18.07242,Phogri,Pholidoptera griseoaptera,Dark Bush-cricket,bush-cricket,0.96,,,27/09/2026,27/09/2026,19:31:03,ClassifEspSWE-0002026-05-29_1,JOHANKARLSSON,202609290745OY4UGOY4,,Citizen Science (ultrasonic) - shared
59~40304+18~07242_20260927_193110.wav,DEV_002_20260927_193110.wav,0,59.40304,18.07242,Phogri,Pholidoptera griseoaptera,Dark Bush-cricket,bush-cricket,0.97,,,27/09/2026,27/09/2026,19:31:10,ClassifEspSWE-0002026-05-29_1,JOHANKARLSSON,202609290745OY4UGOY4,,Citizen Science (ultrasonic) - shared
59~40304+18~07242_20260927_193116.wav,DEV_002_20260927_193116.wav,0,59.40304,18.07242,Phogri,Pholidoptera griseoaptera,Dark Bush-cricket,bush-cricket,0.96,,,27/09/2026,27/09/2026,19:31:16,ClassifEspSWE-0002026-05-29_1,JOHANKARLSSON,202609290745OY4UGOY4,,Citizen Science (ultrasonic) - shared
59~40304+18~07242_20260927_193124.wav,DEV_002_20260927_193124.wav,0,59.40304,18.07242,Phogri,Pholidoptera griseoaptera,Dark Bush-cricket,bush-cricket,0.99,,,27/09/2026,27/09/2026,19:31:24,ClassifEspSWE-0002026-05-29_1,JOHANKARLSSON,202609290745OY4UGOY4,,Citizen Science (ultrasonic) - shared
59~40304+18~07242_20260927_193131.wav,DEV_002_20260927_193131.wav,0,59.40304,18.07242,Phogri,Pholidoptera griseoaptera,Dark Bush-cricket,bush-cricket,0.99,,,27/09/2026,27/09/2026,19:31:31,ClassifEspSWE-0002026-05-29_1,JOHANKARLSSON,202609290745OY4UGOY4,,Citizen Science (ultrasonic) - shared
59~40304+18~07242_20260927_193136.wav,DEV_002_20260927_193136.wav,0,59.40304,18.07242,Phogri,Pholidoptera griseoaptera,Dark Bush-cricket,bush-cricket,0.98,,,27/09/2026,27/09/2026,19:31:36,ClassifEspSWE-0002026-05-29_1,JOHANKARLSSON,202609290745OY4UGOY4,,Citizen Science (ultrasonic) - shared
59~40304+18~07242_20260927_193145.wav,DEV_002_20260927_193145.wav,0,59.40304,18.07242,Phogri,Pholidoptera griseoaptera,Dark Bush-cricket,bush-cricket,0.99,,,27/09/2026,27/09/2026,19:31:45,ClassifEspSWE-0002026-05-29_1,JOHANKARLSSON,202609290745OY4UGOY4,,Citizen Science (ultrasonic) - shared
59~40304+18~07242_20260927_193153.wav,DEV_002_20260927_193153.wav,0,59.40304,18.07242,Phogri,Pholidoptera griseoaptera,Dark Bush-cricket,bush-cricket,0.99,,,27/09/2026,27/09/2026,19:31:53,ClassifEspSWE-0002026-05-29_1,JOHANKARLSSON,202609290745OY4UGOY4,,Citizen Science (ultrasonic) - shared
59~40304+18~07242_20260927_193159.wav,DEV_002_20260927_193159.wav,0,59.40304,18.07242,Phogri,Pholidoptera griseoaptera,Dark Bush-cricket,bush-cricket,0.99,,,27/09/2026,27/09/2026,19:31:59,ClassifEspSWE-0002026-05-29_1,JOHANKARLSSON,202609290745OY4UGOY4,,Citizen Science (ultrasonic) - shared
59~40304+18~07242_20260927_193205.wav,DEV_002_20260927_193205.wav,0,59.40304,18.07242,Phogri,Pholidoptera griseoaptera,Dark Bush-cricket,bush-cricket,0.95,,,27/09/2026,27/09/2026,19:32:05,ClassifEspSWE-0002026-05-29_1,JOHANKARLSSON,202609290745OY4UGOY4,,Citizen Science (ultrasonic) - shared
59~40304+18~07242_20260927_193210.wav,DEV_002_20260927_193210.wav,0,59.40304,18.07242,Phogri,Pholidoptera griseoaptera,Dark Bush-cricket,bush-cricket,0.98,,,27/09/2026,27/09/2026,19:32:10,ClassifEspSWE-0002026-05-29_1,JOHANKARLSSON,202609290745OY4UGOY4,,Citizen Science (ultrasonic) - shared
59~40304+18~07242_20260927_193218.wav,DEV_002_20260927_193218.wav,0,59.40304,18.07242,Phogri,Pholidoptera griseoaptera,Dark Bush-cricket,bush-cricket,0.99,,,27/09/2026,27/09/2026,19:32:18,ClassifEspSWE-0002026-05-29_1,JOHANKARLSSON,202609290745OY4UGOY4,,Citizen Science (ultrasonic) - shared
59~40304+18~07242_20260927_193225.wav,DEV_002_20260927_193225.wav,0,59.40304,18.07242,Phogri,Pholidoptera griseoaptera,Dark Bush-cricket,bush-cricket,0.91,,,27/09/2026,27/09/2026,19:32:25,ClassifEspSWE-0002026-05-29_1,JOHANKARLSSON,202609290745OY4UGOY4,,Citizen Science (ultrasonic) - shared
59~40304+18~07242_20260927_193232.wav,DEV_002_20260927_193232.wav,0,59.40304,18.07242,Phogri,Pholidoptera griseoaptera,Dark Bush-cricket,bush-cricket,0.98,,,27/09/2026,27/09/2026,19:32:32,ClassifEspSWE-0002026-05-29_1,JOHANKARLSSON,202609290745OY4UGOY4,,Citizen Science (ultrasonic) - shared
59~40304+18~07242_20260927_193240.wav,DEV_002_20260927_193240.wav,0,59.40304,18.07242,Phogri,Pholidoptera griseoaptera,Dark Bush-cricket,bush-cricket,0.98,,,27/09/2026,27/09/2026,19:32:40,ClassifEspSWE-0002026-05-29_1,JOHANKARLSSON,202609290745OY4UGOY4,,Citizen Science (ultrasonic) - shared
59~40304+18~07242_20260927_193245.wav,DEV_002_20260927_193245.wav,0,59.40304,18.07242,Phogri,Pholidoptera griseoaptera,Dark Bush-cricket,bush-cricket,0.95,,,27/09/2026,27/09/2026,19:32:45,ClassifEspSWE-0002026-05-29_1,JOHANKARLSSON,202609290745OY4UGOY4,,Citizen Science (ultrasonic) - shared
59~40304+18~07242_20260927_193251.wav,DEV_002_20260927_193251.wav,0,59.40304,18.07242,Phogri,Pholidoptera griseoaptera,Dark Bush-cricket,bush-cricket,0.99,,,27/09/2026,27/09/2026,19:32:51,ClassifEspSWE-0002026-05-29_1,JOHANKARLSSON,202609290745OY4UGOY4,,Citizen Science (ultrasonic) - shared
59~40304+18~07242_20260927_193258.wav,DEV_002_20260927_193258.wav,0,59.40304,18.07242,Phogri,Pholidoptera griseoaptera,Dark Bush-cricket,bush-cricket,0.99,,,27/09/2026,27/09/2026,19:32:58,ClassifEspSWE-0002026-05-29_1,JOHANKARLSSON,202609290745OY4UGOY4,,Citizen Science (ultrasonic) - shared
59~40304+18~07242_20260927_193304.wav,DEV_002_20260927_193304.wav,0,59.40304,18.07242,Phogri,Pholidoptera griseoaptera,Dark Bush-cricket,bush-cricket,0.99,,,27/09/2026,27/09/2026,19:33:04,ClassifEspSWE-0002026-05-29_1,JOHANKARLSSON,202609290745OY4UGOY4,,Citizen Science (ultrasonic) - shared
59~40304+18~07242_20260927_193310.wav,DEV_002_20260927_193310.wav,0,59.40304,18.07242,Phogri,Pholidoptera griseoaptera,Dark Bush-cricket,bush-cricket,0.99,,,27/09/2026,27/09/2026,19:33:10,ClassifEspSWE-0002026-05-29_1,JOHANKARLSSON,202609290745OY4UGOY4,,Citizen Science (ultrasonic) - shared
59~40304+18~07242_20260927_193316.wav,DEV_002_20260927_193316.wav,0,59.40304,18.07242,Phogri,Pholidoptera griseoaptera,Dark Bush-cricket,bush-cricket,0.97,,,27/09/2026,27/09/2026,19:33:16,ClassifEspSWE-0002026-05-29_1,JOHANKARLSSON,202609290745OY4UGOY4,,Citizen Science (ultrasonic) - shared
59~40304+18~07242_20260927_193322.wav,DEV_002_20260927_193322.wav,0,59.40304,18.07242,Phogri,Pholidoptera griseoaptera,Dark Bush-cricket,bush-cricket,0.87,,,27/09/2026,27/09/2026,19:33:22,ClassifEspSWE-0002026-05-29_1,JOHANKARLSSON,202609290745OY4UGOY4,,Citizen Science (ultrasonic) - shared
59~40304+18~07242_20260927_193328.wav,DEV_002_20260927_193328.wav,0,59.40304,18.07242,Phogri,Pholidoptera griseoaptera,Dark Bush-cricket,bush-cricket,0.96,,,27/09/2026,27/09/2026,19:33:28,ClassifEspSWE-0002026-05-29_1,JOHANKARLSSON,202609290745OY4UGOY4,,Citizen Science (ultrasonic) - shared
59~40304+18~07242_20260927_193334.wav,DEV_002_20260927_193334.wav,0,59.40304,18.07242,Phogri,Pholidoptera griseoaptera,Dark Bush-cricket,bush-cricket,0.99,,,27/09/2026,27/09/2026,19:33:34,ClassifEspSWE-0002026-05-29_1,JOHANKARLSSON,202609290745OY4UGOY4,,Citizen Science (ultrasonic) - shared
59~40304+18~07242_20260927_193339.wav,DEV_002_20260927_193339.wav,0,59.40304,18.07242,Phogri,Pholidoptera griseoaptera,Dark Bush-cricket,bush-cricket,0.99,,,27/09/2026,27/09/2026,19:33:39,ClassifEspSWE-0002026-05-29_1,JOHANKARLSSON,202609290745OY4UGOY4,,Citizen Science (ultrasonic) - shared
59~40304+18~07242_20260927_193344.wav,DEV_002_20260927_193344.wav,0,59.40304,18.07242,Phogri,Pholidoptera griseoaptera,Dark Bush-cricket,bush-cricket,0.98,,,27/09/2026,27/09/2026,19:33:44,ClassifEspSWE-0002026-05-29_1,JOHANKARLSSON,202609290745OY4UGOY4,,Citizen Science (ultrasonic) - shared
59~40304+18~07242_20260927_193352.wav,DEV_002_20260927_193352.wav,0,59.40304,18.07242,Phogri,Pholidoptera griseoaptera,Dark Bush-cricket,bush-cricket,0.98,,,27/09/2026,27/09/2026,19:33:52,ClassifEspSWE-0002026-05-29_1,JOHANKARLSSON,202609290745OY4UGOY4,,Citizen Science (ultrasonic) - shared
59~40304+18~07242_20260927_193357.wav,DEV_002_20260927_193357.wav,0,59.40304,18.07242,Phogri,Pholidoptera griseoaptera,Dark Bush-cricket,bush-cricket,0.99,,,27/09/2026,27/09/2026,19:33:57,ClassifEspSWE-0002026-05-29_1,JOHANKARLSSON,202609290745OY4UGOY4,,Citizen Science (ultrasonic) - shared
59~40304+18~07242_20260927_193402.wav,DEV_002_20260927_193402.wav,0,59.40304,18.07242,Phogri,Pholidoptera griseoaptera,Dark Bush-cricket,bush-cricket,0.99,,,27/09/2026,27/09/2026,19:34:02,ClassifEspSWE-0002026-05-29_1,JOHANKARLSSON,202609290745OY4UGOY4,,Citizen Science (ultrasonic) - shared
59~40304+18~07242_20260927_193408.wav,DEV_002_20260927_193408.wav,0,59.40304,18.07242,Phogri,Pholidoptera griseoaptera,Dark Bush-cricket,bush-cricket,0.99,,,27/09/2026,27/09/2026,19:34:08,ClassifEspSWE-0002026-05-29_1,JOHANKARLSSON,202609290745OY4UGOY4,,Citizen Science (ultrasonic) - shared
59~40304+18~07242_20260927_193413.wav,DEV_002_20260927_193413.wav,0,59.40304,18.07242,Phogri,Pholidoptera griseoaptera,Dark Bush-cricket,bush-cricket,0.99,,,27/09/2026,27/09/2026,19:34:13,ClassifEspSWE-0002026-05-29_1,JOHANKARLSSON,202609290745OY4UGOY4,,Citizen Science (ultrasonic) - shared
59~40304+18~07242_20260927_193420.wav,DEV_002_20260927_193420.wav,0,59.40304,18.07242,Phogri,Pholidoptera griseoaptera,Dark Bush-cricket,bush-cricket,0.98,,,27/09/2026,27/09/2026,19:34:20,ClassifEspSWE-0002026-05-29_1,JOHANKARLSSON,202609290745OY4UGOY4,,Citizen Science (ultrasonic) - shared
59~40304+18~07242_20260927_193426.wav,DEV_002_20260927_193426.wav,0,59.40304,18.07242,Phogri,Pholidoptera griseoaptera,Dark Bush-cricket,bush-cricket,0.99,,,27/09/2026,27/09/2026,19:34:26,ClassifEspSWE-0002026-05-29_1,JOHANKARLSSON,202609290745OY4UGOY4,,Citizen Science (ultrasonic) - shared
59~40304+18~07242_20260927_193431.wav,DEV_002_20260927_193431.wav,0,59.40304,18.07242,Phogri,Pholidoptera griseoaptera,Dark Bush-cricket,bush-cricket,0.98,,,27/09/2026,27/09/2026,19:34:31,ClassifEspSWE-0002026-05-29_1,JOHANKARLSSON,202609290745OY4UGOY4,,Citizen Science (ultrasonic) - shared
59~40304+18~07242_20260927_193436.wav,DEV_002_20260927_193436.wav,0,59.40304,18.07242,Phogri,Pholidoptera griseoaptera,Dark Bush-cricket,bush-cricket,0.98,,,27/09/2026,27/09/2026,19:34:36,ClassifEspSWE-0002026-05-29_1,JOHANKARLSSON,202609290745OY4UGOY4,,Citizen Science (ultrasonic) - shared
59~40304+18~07242_20260927_193441.wav,DEV_002_20260927_193441.wav,0,59.40304,18.07242,Phogri,Pholidoptera griseoaptera,Dark Bush-cricket,bush-cricket,0.99,,,27/09/2026,27/09/2026,19:34:41,ClassifEspSWE-0002026-05-29_1,JOHANKARLSSON,202609290745OY4UGOY4,,Citizen Science (ultrasonic) - shared
59~40304+18~07242_20260927_193446.wav,DEV_002_20260927_193446.wav,0,59.40304,18.07242,Phogri,Pholidoptera griseoaptera,Dark Bush-cricket,bush-cricket,0.99,,,27/09/2026,27/09/2026,19:34:46,ClassifEspSWE-0002026-05-29_1,JOHANKARLSSON,202609290745OY4UGOY4,,Citizen Science (ultrasonic) - shared
59~40304+18~07242_20260927_193452.wav,DEV_002_20260927_193452.wav,0,59.40304,18.07242,Phogri,Pholidoptera griseoaptera,Dark Bush-cricket,bush-cricket,0.99,,,27/09/2026,27/09/2026,19:34:52,ClassifEspSWE-0002026-05-29_1,JOHANKARLSSON,202609290745OY4UGOY4,,Citizen Science (ultrasonic) - shared
59~40304+18~07242_20260927_193458.wav,DEV_002_20260927_193458.wav,0,59.40304,18.07242,Phogri,Pholidoptera griseoaptera,Dark Bush-cricket,bush-cricket,0.99,,,27/09/2026,27/09/2026,19:34:58,ClassifEspSWE-0002026-05-29_1,JOHANKARLSSON,202609290745OY4UGOY4,,Citizen Science (ultrasonic) - shared
59~40304+18~07242_20260927_193505.wav,DEV_002_20260927_193505.wav,0,59.40304,18.07242,Phogri,Pholidoptera griseoaptera,Dark Bush-cricket,bush-cricket,0.96,,,27/09/2026,27/09/2026,19:35:05,ClassifEspSWE-0002026-05-29_1,JOHANKARLSSON,202609290745OY4UGOY4,,Citizen Science (ultrasonic) - shared
59~40304+18~07242_20260927_193512.wav,DEV_002_20260927_193512.wav,0,59.40304,18.07242,Phogri,Pholidoptera griseoaptera,Dark Bush-cricket,bush-cricket,0.99,,,27/09/2026,27/09/2026,19:35:12,ClassifEspSWE-0002026-05-29_1,JOHANKARLSSON,202609290745OY4UGOY4,,Citizen Science (ultrasonic) - shared
59~40304+18~07242_20260927_193519.wav,DEV_002_20260927_193519.wav,0,59.40304,18.07242,Phogri,Pholidoptera griseoaptera,Dark Bush-cricket,bush-cricket,0.99,,,27/09/2026,27/09/2026,19:35:19,ClassifEspSWE-0002026-05-29_1,JOHANKARLSSON,202609290745OY4UGOY4,,Citizen Science (ultrasonic) - shared
59~40304+18~07242_20260927_193525.wav,DEV_002_20260927_193525.wav,0,59.40304,18.07242,Phogri,Pholidoptera griseoaptera,Dark Bush-cricket,bush-cricket,0.99,,,27/09/2026,27/09/2026,19:35:25,ClassifEspSWE-0002026-05-29_1,JOHANKARLSSON,202609290745OY4UGOY4,,Citizen Science (ultrasonic) - shared
59~40304+18~07242_20260927_193532.wav,DEV_002_20260927_193532.wav,0,59.40304,18.07242,Phogri,Pholidoptera griseoaptera,Dark Bush-cricket,bush-cricket,0.99,,,27/09/2026,27/09/2026,19:35:32,ClassifEspSWE-0002026-05-29_1,JOHANKARLSSON,202609290745OY4UGOY4,,Citizen Science (ultrasonic) - shared
59~40304+18~07242_20260927_193538.wav,DEV_002_20260927_193538.wav,0,59.40304,18.07242,Phogri,Pholidoptera griseoaptera,Dark Bush-cricket,bush-cricket,0.99,,,27/09/2026,27/09/2026,19:35:38,ClassifEspSWE-0002026-05-29_1,JOHANKARLSSON,202609290745OY4UGOY4,,Citizen Science (ultrasonic) - shared
59~40304+18~07242_20260927_193545.wav,DEV_002_20260927_193545.wav,0,59.40304,18.07242,Phogri,Pholidoptera griseoaptera,Dark Bush-cricket,bush-cricket,0.99,,,27/09/2026,27/09/2026,19:35:45,ClassifEspSWE-0002026-05-29_1,JOHANKARLSSON,202609290745OY4UGOY4,,Citizen Science (ultrasonic) - shared
59~40304+18~07242_20260927_193550.wav,DEV_002_20260927_193550.wav,0,59.40304,18.07242,Phogri,Pholidoptera griseoaptera,Dark Bush-cricket,bush-cricket,0.99,,,27/09/2026,27/09/2026,19:35:50,ClassifEspSWE-0002026-05-29_1,JOHANKARLSSON,202609290745OY4UGOY4,,Citizen Science (ultrasonic) - shared
59~40304+18~07242_20260927_193557.wav,DEV_002_20260927_193557.wav,0,59.40304,18.07242,Phogri,Pholidoptera griseoaptera,Dark Bush-cricket,bush-cricket,0.99,,,27/09/2026,27/09/2026,19:35:57,ClassifEspSWE-0002026-05-29_1,JOHANKARLSSON,202609290745OY4UGOY4,,Citizen Science (ultrasonic) - shared
59~40304+18~07242_20260927_193602.wav,DEV_002_20260927_193602.wav,0,59.40304,18.07242,Phogri,Pholidoptera griseoaptera,Dark Bush-cricket,bush-cricket,0.98,,,27/09/2026,27/09/2026,19:36:02,ClassifEspSWE-0002026-05-29_1,JOHANKARLSSON,202609290745OY4UGOY4,,Citizen Science (ultrasonic) - shared
59~40304+18~07242_20260927_193607.wav,DEV_002_20260927_193607.wav,0,59.40304,18.07242,Phogri,Pholidoptera griseoaptera,Dark Bush-cricket,bush-cricket,0.99,,,27/09/2026,27/09/2026,19:36:07,ClassifEspSWE-0002026-05-29_1,JOHANKARLSSON,202609290745OY4UGOY4,,Citizen Science (ultrasonic) - shared
59~40304+18~07242_20260927_193613.wav,DEV_002_20260927_193613.wav,0,59.40304,18.07242,Phogri,Pholidoptera griseoaptera,Dark Bush-cricket,bush-cricket,0.99,,,27/09/2026,27/09/2026,19:36:13,ClassifEspSWE-0002026-05-29_1,JOHANKARLSSON,202609290745OY4UGOY4,,Citizen Science (ultrasonic) - shared
59~40304+18~07242_20260927_193620.wav,DEV_002_20260927_193620.wav,0,59.40304,18.07242,Phogri,Pholidoptera griseoaptera,Dark Bush-cricket,bush-cricket,0.99,,,27/09/2026,27/09/2026,19:36:20,ClassifEspSWE-0002026-05-29_1,JOHANKARLSSON,202609290745OY4UGOY4,,Citizen Science (ultrasonic) - shared
59~40304+18~07242_20260927_193626.wav,DEV_002_20260927_193626.wav,0,59.40304,18.07242,Phogri,Pholidoptera griseoaptera,Dark Bush-cricket,bush-cricket,0.96,,,27/09/2026,27/09/2026,19:36:26,ClassifEspSWE-0002026-05-29_1,JOHANKARLSSON,202609290745OY4UGOY4,,Citizen Science (ultrasonic) - shared
59~40304+18~07242_20260927_193632.wav,DEV_002_20260927_193632.wav,0,59.40304,18.07242,Phogri,Pholidoptera griseoaptera,Dark Bush-cricket,bush-cricket,0.99,,,27/09/2026,27/09/2026,19:36:32,ClassifEspSWE-0002026-05-29_1,JOHANKARLSSON,202609290745OY4UGOY4,,Citizen Science (ultrasonic) - shared
59~40304+18~07242_20260927_193638.wav,DEV_002_20260927_193638.wav,0,59.40304,18.07242,Phogri,Pholidoptera griseoaptera,Dark Bush-cricket,bush-cricket,0.99,,,27/09/2026,27/09/2026,19:36:38,ClassifEspSWE-0002026-05-29_1,JOHANKARLSSON,202609290745OY4UGOY4,,Citizen Science (ultrasonic) - shared
59~40304+18~07242_20260927_193644.wav,DEV_002_20260927_193644.wav,0,59.40304,18.07242,Phogri,Pholidoptera griseoaptera,Dark Bush-cricket,bush-cricket,0.98,,,27/09/2026,27/09/2026,19:36:44,ClassifEspSWE-0002026-05-29_1,JOHANKARLSSON,202609290745OY4UGOY4,,Citizen Science (ultrasonic) - shared
59~40304+18~07242_20260927_193651.wav,DEV_002_20260927_193651.wav,0,59.40304,18.07242,Phogri,Pholidoptera griseoaptera,Dark Bush-cricket,bush-cricket,0.98,,,27/09/2026,27/09/2026,19:36:51,ClassifEspSWE-0002026-05-29_1,JOHANKARLSSON,202609290745OY4UGOY4,,Citizen Science (ultrasonic) - shared
59~40304+18~07242_20260927_193656.wav,DEV_002_20260927_193656.wav,0,59.40304,18.07242,Phogri,Pholidoptera griseoaptera,Dark Bush-cricket,bush-cricket,0.99,,,27/09/2026,27/09/2026,19:36:56,ClassifEspSWE-0002026-05-29_1,JOHANKARLSSON,202609290745OY4UGOY4,,Citizen Science (ultrasonic) - shared
59~40304+18~07242_20260927_193702.wav,DEV_002_20260927_193702.wav,0,59.40304,18.07242,Phogri,Pholidoptera griseoaptera,Dark Bush-cricket,bush-cricket,0.99,,,27/09/2026,27/09/2026,19:37:02,ClassifEspSWE-0002026-05-29_1,JOHANKARLSSON,202609290745OY4UGOY4,,Citizen Science (ultrasonic) - shared
59~40304+18~07242_20260927_193707.wav,DEV_002_20260927_193707.wav,0,59.40304,18.07242,Phogri,Pholidoptera griseoaptera,Dark Bush-cricket,bush-cricket,0.98,,,27/09/2026,27/09/2026,19:37:07,ClassifEspSWE-0002026-05-29_1,JOHANKARLSSON,202609290745OY4UGOY4,,Citizen Science (ultrasonic) - shared
59~40304+18~07242_20260927_193713.wav,DEV_002_20260927_193713.wav,0,59.40304,18.07242,Phogri,Pholidoptera griseoaptera,Dark Bush-cricket,bush-cricket,0.9,,,27/09/2026,27/09/2026,19:37:13,ClassifEspSWE-0002026-05-29_1,JOHANKARLSSON,202609290745OY4UGOY4,,Citizen Science (ultrasonic) - shared
59~40304+18~07242_20260927_193718.wav,DEV_002_20260927_193718.wav,0,59.40304,18.07242,Phogri,Pholidoptera griseoaptera,Dark Bush-cricket,bush-cricket,0.99,,,27/09/2026,27/09/2026,19:37:18,ClassifEspSWE-0002026-05-29_1,JOHANKARLSSON,202609290745OY4UGOY4,,Citizen Science (ultrasonic) - shared
59~40304+18~07242_20260927_193723.wav,DEV_002_20260927_193723.wav,0,59.40304,18.07242,Phogri,Pholidoptera griseoaptera,Dark Bush-cricket,bush-cricket,0.99,,,27/09/2026,27/09/2026,19:37:23,ClassifEspSWE-0002026-05-29_1,JOHANKARLSSON,202609290745OY4UGOY4,,Citizen Science (ultrasonic) - shared
59~40304+18~07242_20260927_193729.wav,DEV_002_20260927_193729.wav,0,59.40304,18.07242,Phogri,Pholidoptera griseoaptera,Dark Bush-cricket,bush-cricket,0.92,,,27/09/2026,27/09/2026,19:37:29,ClassifEspSWE-0002026-05-29_1,JOHANKARLSSON,202609290745OY4UGOY4,,Citizen Science (ultrasonic) - shared
59~40304+18~07242_20260927_193734.wav,DEV_002_20260927_193734.wav,0,59.40304,18.07242,Phogri,Pholidoptera griseoaptera,Dark Bush-cricket,bush-cricket,0.98,,,27/09/2026,27/09/2026,19:37:34,ClassifEspSWE-0002026-05-29_1,JOHANKARLSSON,202609290745OY4UGOY4,,Citizen Science (ultrasonic) - shared
59~40304+18~07242_20260927_193739.wav,DEV_002_20260927_193739.wav,0,59.40304,18.07242,Phogri,Pholidoptera griseoaptera,Dark Bush-cricket,bush-cricket,0.99,,,27/09/2026,27/09/2026,19:37:39,ClassifEspSWE-0002026-05-29_1,JOHANKARLSSON,202609290745OY4UGOY4,,Citizen Science (ultrasonic) - shared
59~40304+18~07242_20260927_193745.wav,DEV_002_20260927_193745.wav,0,59.40304,18.07242,Phogri,Pholidoptera griseoaptera,Dark Bush-cricket,bush-cricket,0.96,,,27/09/2026,27/09/2026,19:37:45,ClassifEspSWE-0002026-05-29_1,JOHANKARLSSON,202609290745OY4UGOY4,,Citizen Science (ultrasonic) - shared
59~40304+18~07242_20260927_193750.wav,DEV_002_20260927_193750.wav,0,59.40304,18.07242,Phogri,Pholidoptera griseoaptera,Dark Bush-cricket,bush-cricket,0.99,,,27/09/2026,27/09/2026,19:37:50,ClassifEspSWE-0002026-05-29_1,JOHANKARLSSON,202609290745OY4UGOY4,,Citizen Science (ultrasonic) - shared
59~40304+18~07242_20260927_193756.wav,DEV_002_20260927_193756.wav,0,59.40304,18.07242,Phogri,Pholidoptera griseoaptera,Dark Bush-cricket,bush-cricket,0.99,,,27/09/2026,27/09/2026,19:37:56,ClassifEspSWE-0002026-05-29_1,JOHANKARLSSON,202609290745OY4UGOY4,,Citizen Science (ultrasonic) - shared
59~40304+18~07242_20260927_193801.wav,DEV_002_20260927_193801.wav,0,59.40304,18.07242,Phogri,Pholidoptera griseoaptera,Dark Bush-cricket,bush-cricket,0.99,,,27/09/2026,27/09/2026,19:38:01,ClassifEspSWE-0002026-05-29_1,JOHANKARLSSON,202609290745OY4UGOY4,,Citizen Science (ultrasonic) - shared
59~40304+18~07242_20260927_193807.wav,DEV_002_20260927_193807.wav,0,59.40304,18.07242,Phogri,Pholidoptera griseoaptera,Dark Bush-cricket,bush-cricket,0.99,,,27/09/2026,27/09/2026,19:38:07,ClassifEspSWE-0002026-05-29_1,JOHANKARLSSON,202609290745OY4UGOY4,,Citizen Science (ultrasonic) - shared
59~40304+18~07242_20260927_193812.wav,DEV_002_20260927_193812.wav,0,59.40304,18.07242,Phogri,Pholidoptera griseoaptera,Dark Bush-cricket,bush-cricket,0.86,,,27/09/2026,27/09/2026,19:38:12,ClassifEspSWE-0002026-05-29_1,JOHANKARLSSON,202609290745OY4UGOY4,,Citizen Science (ultrasonic) - shared
59~40304+18~07242_20260927_193818.wav,DEV_002_20260927_193818.wav,0,59.40304,18.07242,Phogri,Pholidoptera griseoaptera,Dark Bush-cricket,bush-cricket,0.95,,,27/09/2026,27/09/2026,19:38:18,ClassifEspSWE-0002026-05-29_1,JOHANKARLSSON,202609290745OY4UGOY4,,Citizen Science (ultrasonic) - shared
59~40304+18~07242_20260927_193825.wav,DEV_002_20260927_193825.wav,0,59.40304,18.07242,Phogri,Pholidoptera griseoaptera,Dark Bush-cricket,bush-cricket,0.99,,,27/09/2026,27/09/2026,19:38:25,ClassifEspSWE-0002026-05-29_1,JOHANKARLSSON,202609290745OY4UGOY4,,Citizen Science (ultrasonic) - shared
59~40304+18~07242_20260927_193831.wav,DEV_002_20260927_193831.wav,0,59.40304,18.07242,Phogri,Pholidoptera griseoaptera,Dark Bush-cricket,bush-cricket,0.99,,,27/09/2026,27/09/2026,19:38:31,ClassifEspSWE-0002026-05-29_1,JOHANKARLSSON,202609290745OY4UGOY4,,Citizen Science (ultrasonic) - shared
59~40304+18~07242_20260927_193837.wav,DEV_002_20260927_193837.wav,0,59.40304,18.07242,Phogri,Pholidoptera griseoaptera,Dark Bush-cricket,bush-cricket,0.99,,,27/09/2026,27/09/2026,19:38:37,ClassifEspSWE-0002026-05-29_1,JOHANKARLSSON,202609290745OY4UGOY4,,Citizen Science (ultrasonic) - shared
59~40304+18~07242_20260927_193843.wav,DEV_002_20260927_193843.wav,0,59.40304,18.07242,Phogri,Pholidoptera griseoaptera,Dark Bush-cricket,bush-cricket,0.98,,,27/09/2026,27/09/2026,19:38:43,ClassifEspSWE-0002026-05-29_1,JOHANKARLSSON,202609290745OY4UGOY4,,Citizen Science (ultrasonic) - shared
59~40304+18~07242_20260927_193851.wav,DEV_002_20260927_193851.wav,0,59.40304,18.07242,Phogri,Pholidoptera griseoaptera,Dark Bush-cricket,bush-cricket,0.98,,,27/09/2026,27/09/2026,19:38:51,ClassifEspSWE-0002026-05-29_1,JOHANKARLSSON,202609290745OY4UGOY4,,Citizen Science (ultrasonic) - shared
59~40304+18~07242_20260927_193857.wav,DEV_002_20260927_193857.wav,0,59.40304,18.07242,Phogri,Pholidoptera griseoaptera,Dark Bush-cricket,bush-cricket,0.99,,,27/09/2026,27/09/2026,19:38:57,ClassifEspSWE-0002026-05-29_1,JOHANKARLSSON,202609290745OY4UGOY4,,Citizen Science (ultrasonic) - shared
59~40304+18~07242_20260927_193903.wav,DEV_002_20260927_193903.wav,0,59.40304,18.07242,Phogri,Pholidoptera griseoaptera,Dark Bush-cricket,bush-cricket,0.99,,,27/09/2026,27/09/2026,19:39:03,ClassifEspSWE-0002026-05-29_1,JOHANKARLSSON,202609290745OY4UGOY4,,Citizen Science (ultrasonic) - shared
59~40304+18~07242_20260927_193908.wav,DEV_002_20260927_193908.wav,0,59.40304,18.07242,Phogri,Pholidoptera griseoaptera,Dark Bush-cricket,bush-cricket,0.99,,,27/09/2026,27/09/2026,19:39:08,ClassifEspSWE-0002026-05-29_1,JOHANKARLSSON,202609290745OY4UGOY4,,Citizen Science (ultrasonic) - shared
59~40304+18~07242_20260927_193914.wav,DEV_002_20260927_193914.wav,0,59.40304,18.07242,Phogri,Pholidoptera griseoaptera,Dark Bush-cricket,bush-cricket,0.98,,,27/09/2026,27/09/2026,19:39:14,ClassifEspSWE-0002026-05-29_1,JOHANKARLSSON,202609290745OY4UGOY4,,Citizen Science (ultrasonic) - shared
59~40304+18~07242_20260927_193919.wav,DEV_002_20260927_193919.wav,0,59.40304,18.07242,Phogri,Pholidoptera griseoaptera,Dark Bush-cricket,bush-cricket,0.99,,,27/09/2026,27/09/2026,19:39:19,ClassifEspSWE-0002026-05-29_1,JOHANKARLSSON,202609290745OY4UGOY4,,Citizen Science (ultrasonic) - shared
59~40304+18~07242_20260927_193925.wav,DEV_002_20260927_193925.wav,0,59.40304,18.07242,Phogri,Pholidoptera griseoaptera,Dark Bush-cricket,bush-cricket,0.99,,,27/09/2026,27/09/2026,19:39:25,ClassifEspSWE-0002026-05-29_1,JOHANKARLSSON,202609290745OY4UGOY4,,Citizen Science (ultrasonic) - shared
59~40304+18~07242_20260927_193931.wav,DEV_002_20260927_193931.wav,0,59.40304,18.07242,Phogri,Pholidoptera griseoaptera,Dark Bush-cricket,bush-cricket,0.98,,,27/09/2026,27/09/2026,19:39:31,ClassifEspSWE-0002026-05-29_1,JOHANKARLSSON,202609290745OY4UGOY4,,Citizen Science (ultrasonic) - shared
59~40304+18~07242_20260927_193939.wav,DEV_002_20260927_193939.wav,0,59.40304,18.07242,Phogri,Pholidoptera griseoaptera,Dark Bush-cricket,bush-cricket,0.97,,,27/09/2026,27/09/2026,19:39:39,ClassifEspSWE-0002026-05-29_1,JOHANKARLSSON,202609290745OY4UGOY4,,Citizen Science (ultrasonic) - shared
59~40304+18~07242_20260927_193947.wav,DEV_002_20260927_193947.wav,0,59.40304,18.07242,Phogri,Pholidoptera griseoaptera,Dark Bush-cricket,bush-cricket,0.99,,,27/09/2026,27/09/2026,19:39:47,ClassifEspSWE-0002026-05-29_1,JOHANKARLSSON,202609290745OY4UGOY4,,Citizen Science (ultrasonic) - shared
59~40304+18~07242_20260927_193954.wav,DEV_002_20260927_193954.wav,0,59.40304,18.07242,Phogri,Pholidoptera griseoaptera,Dark Bush-cricket,bush-cricket,0.98,,,27/09/2026,27/09/2026,19:39:54,ClassifEspSWE-0002026-05-29_1,JOHANKARLSSON,202609290745OY4UGOY4,,Citizen Science (ultrasonic) - shared
59~40304+18~07242_20260927_194000.wav,DEV_002_20260927_194000.wav,0,59.40304,18.07242,Phogri,Pholidoptera griseoaptera,Dark Bush-cricket,bush-cricket,0.98,,,27/09/2026,27/09/2026,19:40:00,ClassifEspSWE-0002026-05-29_1,JOHANKARLSSON,202609290745OY4UGOY4,,Citizen Science (ultrasonic) - shared
59~40304+18~07242_20260927_194007.wav,DEV_002_20260927_194007.wav,0,59.40304,18.07242,Phogri,Pholidoptera griseoaptera,Dark Bush-cricket,bush-cricket,0.99,,,27/09/2026,27/09/2026,19:40:07,ClassifEspSWE-0002026-05-29_1,JOHANKARLSSON,202609290745OY4UGOY4,,Citizen Science (ultrasonic) - shared
59~40304+18~07242_20260927_194013.wav,DEV_002_20260927_194013.wav,0,59.40304,18.07242,Phogri,Pholidoptera griseoaptera,Dark Bush-cricket,bush-cricket,0.99,,,27/09/2026,27/09/2026,19:40:13,ClassifEspSWE-0002026-05-29_1,JOHANKARLSSON,202609290745OY4UGOY4,,Citizen Science (ultrasonic) - shared
59~40304+18~07242_20260927_194019.wav,DEV_002_20260927_194019.wav,0,59.40304,18.07242,Phogri,Pholidoptera griseoaptera,Dark Bush-cricket,bush-cricket,0.98,,,27/09/2026,27/09/2026,19:40:19,ClassifEspSWE-0002026-05-29_1,JOHANKARLSSON,202609290745OY4UGOY4,,Citizen Science (ultrasonic) - shared
59~40304+18~07242_20260927_194025.wav,DEV_002_20260927_194025.wav,0,59.40304,18.07242,Phogri,Pholidoptera griseoaptera,Dark Bush-cricket,bush-cricket,0.99,,,27/09/2026,27/09/2026,19:40:25,ClassifEspSWE-0002026-05-29_1,JOHANKARLSSON,202609290745OY4UGOY4,,Citizen Science (ultrasonic) - shared
59~40304+18~07242_20260927_194032.wav,DEV_002_20260927_194032.wav,0,59.40304,18.07242,Phogri,Pholidoptera griseoaptera,Dark Bush-cricket,bush-cricket,0.99,,,27/09/2026,27/09/2026,19:40:32,ClassifEspSWE-0002026-05-29_1,JOHANKARLSSON,202609290745OY4UGOY4,,Citizen Science (ultrasonic) - shared
59~40304+18~07242_20260927_194039.wav,DEV_002_20260927_194039.wav,0,59.40304,18.07242,Phogri,Pholidoptera griseoaptera,Dark Bush-cricket,bush-cricket,0.96,,,27/09/2026,27/09/2026,19:40:39,ClassifEspSWE-0002026-05-29_1,JOHANKARLSSON,202609290745OY4UGOY4,,Citizen Science (ultrasonic) - shared
59~40304+18~07242_20260927_194044.wav,DEV_002_20260927_194044.wav,0,59.40304,18.07242,Phogri,Pholidoptera griseoaptera,Dark Bush-cricket,bush-cricket,0.98,,,27/09/2026,27/09/2026,19:40:44,ClassifEspSWE-0002026-05-29_1,JOHANKARLSSON,202609290745OY4UGOY4,,Citizen Science (ultrasonic) - shared
59~40304+18~07242_20260927_194051.wav,DEV_002_20260927_194051.wav,0,59.40304,18.07242,Phogri,Pholidoptera griseoaptera,Dark Bush-cricket,bush-cricket,0.99,,,27/09/2026,27/09/2026,19:40:51,ClassifEspSWE-0002026-05-29_1,JOHANKARLSSON,202609290745OY4UGOY4,,Citizen Science (ultrasonic) - shared
59~40304+18~07242_20260927_194058.wav,DEV_002_20260927_194058.wav,0,59.40304,18.07242,Phogri,Pholidoptera griseoaptera,Dark Bush-cricket,bush-cricket,0.99,,,27/09/2026,27/09/2026,19:40:58,ClassifEspSWE-0002026-05-29_1,JOHANKARLSSON,202609290745OY4UGOY4,,Citizen Science (ultrasonic) - shared
59~40304+18~07242_20260927_194105.wav,DEV_002_20260927_194105.wav,0,59.40304,18.07242,Phogri,Pholidoptera griseoaptera,Dark Bush-cricket,bush-cricket,0.99,,,27/09/2026,27/09/2026,19:41:05,ClassifEspSWE-0002026-05-29_1,JOHANKARLSSON,202609290745OY4UGOY4,,Citizen Science (ultrasonic) - shared
59~40304+18~07242_20260927_194113.wav,DEV_002_20260927_194113.wav,0,59.40304,18.07242,Phogri,Pholidoptera griseoaptera,Dark Bush-cricket,bush-cricket,0.99,,,27/09/2026,27/09/2026,19:41:13,ClassifEspSWE-0002026-05-29_1,JOHANKARLSSON,202609290745OY4UGOY4,,Citizen Science (ultrasonic) - shared
59~40304+18~07242_20260927_194119.wav,DEV_002_20260927_194119.wav,0,59.40304,18.07242,Phogri,Pholidoptera griseoaptera,Dark Bush-cricket,bush-cricket,0.99,,,27/09/2026,27/09/2026,19:41:19,ClassifEspSWE-0002026-05-29_1,JOHANKARLSSON,202609290745OY4UGOY4,,Citizen Science (ultrasonic) - shared
59~40304+18~07242_20260927_194125.wav,DEV_002_20260927_194125.wav,0,59.40304,18.07242,Phogri,Pholidoptera griseoaptera,Dark Bush-cricket,bush-cricket,0.99,,,27/09/2026,27/09/2026,19:41:25,ClassifEspSWE-0002026-05-29_1,JOHANKARLSSON,202609290745OY4UGOY4,,Citizen Science (ultrasonic) - shared
59~40304+18~07242_20260927_194132.wav,DEV_002_20260927_194132.wav,0,59.40304,18.07242,Phogri,Pholidoptera griseoaptera,Dark Bush-cricket,bush-cricket,0.98,,,27/09/2026,27/09/2026,19:41:32,ClassifEspSWE-0002026-05-29_1,JOHANKARLSSON,202609290745OY4UGOY4,,Citizen Science (ultrasonic) - shared
59~40304+18~07242_20260927_194139.wav,DEV_002_20260927_194139.wav,0,59.40304,18.07242,Phogri,Pholidoptera griseoaptera,Dark Bush-cricket,bush-cricket,0.99,,,27/09/2026,27/09/2026,19:41:39,ClassifEspSWE-0002026-05-29_1,JOHANKARLSSON,202609290745OY4UGOY4,,Citizen Science (ultrasonic) - shared
59~40304+18~07242_20260927_194146.wav,DEV_002_20260927_194146.wav,0,59.40304,18.07242,Phogri,Pholidoptera griseoaptera,Dark Bush-cricket,bush-cricket,0.99,,,27/09/2026,27/09/2026,19:41:46,ClassifEspSWE-0002026-05-29_1,JOHANKARLSSON,202609290745OY4UGOY4,,Citizen Science (ultrasonic) - shared
59~40304+18~07242_20260927_194151.wav,DEV_002_20260927_194151.wav,0,59.40304,18.07242,Phogri,Pholidoptera griseoaptera,Dark Bush-cricket,bush-cricket,0.98,,,27/09/2026,27/09/2026,19:41:51,ClassifEspSWE-0002026-05-29_1,JOHANKARLSSON,202609290745OY4UGOY4,,Citizen Science (ultrasonic) - shared
59~40304+18~07242_20260927_194158.wav,DEV_002_20260927_194158.wav,0,59.40304,18.07242,Phogri,Pholidoptera griseoaptera,Dark Bush-cricket,bush-cricket,0.94,,,27/09/2026,27/09/2026,19:41:58,ClassifEspSWE-0002026-05-29_1,JOHANKARLSSON,202609290745OY4UGOY4,,Citizen Science (ultrasonic) - shared
59~40304+18~07242_20260927_194203.wav,DEV_002_20260927_194203.wav,0,59.40304,18.07242,Phogri,Pholidoptera griseoaptera,Dark Bush-cricket,bush-cricket,0.98,,,27/09/2026,27/09/2026,19:42:03,ClassifEspSWE-0002026-05-29_1,JOHANKARLSSON,202609290745OY4UGOY4,,Citizen Science (ultrasonic) - shared
59~40304+18~07242_20260927_194210.wav,DEV_002_20260927_194210.wav,0,59.40304,18.07242,Phogri,Pholidoptera griseoaptera,Dark Bush-cricket,bush-cricket,0.99,,,27/09/2026,27/09/2026,19:42:10,ClassifEspSWE-0002026-05-29_1,JOHANKARLSSON,202609290745OY4UGOY4,,Citizen Science (ultrasonic) - shared
59~40304+18~07242_20260927_194216.wav,DEV_002_20260927_194216.wav,0,59.40304,18.07242,Phogri,Pholidoptera griseoaptera,Dark Bush-cricket,bush-cricket,0.98,,,27/09/2026,27/09/2026,19:42:16,ClassifEspSWE-0002026-05-29_1,JOHANKARLSSON,202609290745OY4UGOY4,,Citizen Science (ultrasonic) - shared
59~40304+18~07242_20260927_194221.wav,DEV_002_20260927_194221.wav,0,59.40304,18.07242,Phogri,Pholidoptera griseoaptera,Dark Bush-cricket,bush-cricket,0.99,,,27/09/2026,27/09/2026,19:42:21,ClassifEspSWE-0002026-05-29_1,JOHANKARLSSON,202609290745OY4UGOY4,,Citizen Science (ultrasonic) - shared
59~40304+18~07242_20260927_194227.wav,DEV_002_20260927_194227.wav,0,59.40304,18.07242,Phogri,Pholidoptera griseoaptera,Dark Bush-cricket,bush-cricket,0.98,,,27/09/2026,27/09/2026,19:42:27,ClassifEspSWE-0002026-05-29_1,JOHANKARLSSON,202609290745OY4UGOY4,,Citizen Science (ultrasonic) - shared
59~40304+18~07242_20260927_194233.wav,DEV_002_20260927_194233.wav,0,59.40304,18.07242,Phogri,Pholidoptera griseoaptera,Dark Bush-cricket,bush-cricket,0.86,,,27/09/2026,27/09/2026,19:42:33,ClassifEspSWE-0002026-05-29_1,JOHANKARLSSON,202609290745OY4UGOY4,,Citizen Science (ultrasonic) - shared
59~40304+18~07242_20260927_194240.wav,DEV_002_20260927_194240.wav,0,59.40304,18.07242,Phogri,Pholidoptera griseoaptera,Dark Bush-cricket,bush-cricket,0.98,,,27/09/2026,27/09/2026,19:42:40,ClassifEspSWE-0002026-05-29_1,JOHANKARLSSON,202609290745OY4UGOY4,,Citizen Science (ultrasonic) - shared
59~40304+18~07242_20260927_194246.wav,DEV_002_20260927_194246.wav,0,59.40304,18.07242,Phogri,Pholidoptera griseoaptera,Dark Bush-cricket,bush-cricket,0.94,,,27/09/2026,27/09/2026,19:42:46,ClassifEspSWE-0002026-05-29_1,JOHANKARLSSON,202609290745OY4UGOY4,,Citizen Science (ultrasonic) - shared
59~40304+18~07242_20260927_194251.wav,DEV_002_20260927_194251.wav,0,59.40304,18.07242,Phogri,Pholidoptera griseoaptera,Dark Bush-cricket,bush-cricket,0.98,,,27/09/2026,27/09/2026,19:42:51,ClassifEspSWE-0002026-05-29_1,JOHANKARLSSON,202609290745OY4UGOY4,,Citizen Science (ultrasonic) - shared
59~40304+18~07242_20260927_194257.wav,DEV_002_20260927_194257.wav,0,59.40304,18.07242,Phogri,Pholidoptera griseoaptera,Dark Bush-cricket,bush-cricket,0.98,,,27/09/2026,27/09/2026,19:42:57,ClassifEspSWE-0002026-05-29_1,JOHANKARLSSON,202609290745OY4UGOY4,,Citizen Science (ultrasonic) - shared
59~40304+18~07242_20260927_194302.wav,DEV_002_20260927_194302.wav,0,59.40304,18.07242,Phogri,Pholidoptera griseoaptera,Dark Bush-cricket,bush-cricket,0.81,,,27/09/2026,27/09/2026,19:43:02,ClassifEspSWE-0002026-05-29_1,JOHANKARLSSON,202609290745OY4UGOY4,,Citizen Science (ultrasonic) - shared
59~40304+18~07242_20260927_194307.wav,DEV_002_20260927_194307.wav,0,59.40304,18.07242,Phogri,Pholidoptera griseoaptera,Dark Bush-cricket,bush-cricket,0.99,,,27/09/2026,27/09/2026,19:43:07,ClassifEspSWE-0002026-05-29_1,JOHANKARLSSON,202609290745OY4UGOY4,,Citizen Science (ultrasonic) - shared
59~40304+18~07242_20260927_194314.wav,DEV_002_20260927_194314.wav,0,59.40304,18.07242,Phogri,Pholidoptera griseoaptera,Dark Bush-cricket,bush-cricket,0.95,,,27/09/2026,27/09/2026,19:43:14,ClassifEspSWE-0002026-05-29_1,JOHANKARLSSON,202609290745OY4UGOY4,,Citizen Science (ultrasonic) - shared
59~40304+18~07242_20260927_194320.wav,DEV_002_20260927_194320.wav,0,59.40304,18.07242,Phogri,Pholidoptera griseoaptera,Dark Bush-cricket,bush-cricket,0.99,,,27/09/2026,27/09/2026,19:43:20,ClassifEspSWE-0002026-05-29_1,JOHANKARLSSON,202609290745OY4UGOY4,,Citizen Science (ultrasonic) - shared
59~40304+18~07242_20260927_194326.wav,DEV_002_20260927_194326.wav,0,59.40304,18.07242,Phogri,Pholidoptera griseoaptera,Dark Bush-cricket,bush-cricket,0.99,,,27/09/2026,27/09/2026,19:43:26,ClassifEspSWE-0002026-05-29_1,JOHANKARLSSON,202609290745OY4UGOY4,,Citizen Science (ultrasonic) - shared
59~40304+18~07242_20260927_194331.wav,DEV_002_20260927_194331.wav,0,59.40304,18.07242,Phogri,Pholidoptera griseoaptera,Dark Bush-cricket,bush-cricket,0.98,,,27/09/2026,27/09/2026,19:43:31,ClassifEspSWE-0002026-05-29_1,JOHANKARLSSON,202609290745OY4UGOY4,,Citizen Science (ultrasonic) - shared
59~40304+18~07242_20260927_194337.wav,DEV_002_20260927_194337.wav,0,59.40304,18.07242,Phogri,Pholidoptera griseoaptera,Dark Bush-cricket,bush-cricket,0.99,,,27/09/2026,27/09/2026,19:43:37,ClassifEspSWE-0002026-05-29_1,JOHANKARLSSON,202609290745OY4UGOY4,,Citizen Science (ultrasonic) - shared
59~40304+18~07242_20260927_194342.wav,DEV_002_20260927_194342.wav,0,59.40304,18.07242,Phogri,Pholidoptera griseoaptera,Dark Bush-cricket,bush-cricket,0.98,,,27/09/2026,27/09/2026,19:43:42,ClassifEspSWE-0002026-05-29_1,JOHANKARLSSON,202609290745OY4UGOY4,,Citizen Science (ultrasonic) - shared
59~40304+18~07242_20260927_194350.wav,DEV_002_20260927_194350.wav,0,59.40304,18.07242,Phogri,Pholidoptera griseoaptera,Dark Bush-cricket,bush-cricket,0.99,,,27/09/2026,27/09/2026,19:43:50,ClassifEspSWE-0002026-05-29_1,JOHANKARLSSON,202609290745OY4UGOY4,,Citizen Science (ultrasonic) - shared
59~40304+18~07242_20260927_194356.wav,DEV_002_20260927_194356.wav,0,59.40304,18.07242,Phogri,Pholidoptera griseoaptera,Dark Bush-cricket,bush-cricket,0.99,,,27/09/2026,27/09/2026,19:43:56,ClassifEspSWE-0002026-05-29_1,JOHANKARLSSON,202609290745OY4UGOY4,,Citizen Science (ultrasonic) - shared
59~40304+18~07242_20260927_194403.wav,DEV_002_20260927_194403.wav,0,59.40304,18.07242,Phogri,Pholidoptera griseoaptera,Dark Bush-cricket,bush-cricket,0.98,,,27/09/2026,27/09/2026,19:44:03,ClassifEspSWE-0002026-05-29_1,JOHANKARLSSON,202609290745OY4UGOY4,,Citizen Science (ultrasonic) - shared
59~40304+18~07242_20260927_194409.wav,DEV_002_20260927_194409.wav,0,59.40304,18.07242,Phogri,Pholidoptera griseoaptera,Dark Bush-cricket,bush-cricket,0.98,,,27/09/2026,27/09/2026,19:44:09,ClassifEspSWE-0002026-05-29_1,JOHANKARLSSON,202609290745OY4UGOY4,,Citizen Science (ultrasonic) - shared
59~40304+18~07242_20260927_194415.wav,DEV_002_20260927_194415.wav,0,59.40304,18.07242,Phogri,Pholidoptera griseoaptera,Dark Bush-cricket,bush-cricket,0.99,,,27/09/2026,27/09/2026,19:44:15,ClassifEspSWE-0002026-05-29_1,JOHANKARLSSON,202609290745OY4UGOY4,,Citizen Science (ultrasonic) - shared
59~40304+18~07242_20260927_194421.wav,DEV_002_20260927_194421.wav,0,59.40304,18.07242,Phogri,Pholidoptera griseoaptera,Dark Bush-cricket,bush-cricket,0.96,,,27/09/2026,27/09/2026,19:44:21,ClassifEspSWE-0002026-05-29_1,JOHANKARLSSON,202609290745OY4UGOY4,,Citizen Science (ultrasonic) - shared
59~40304+18~07242_20260927_194426.wav,DEV_002_20260927_194426.wav,0,59.40304,18.07242,Phogri,Pholidoptera griseoaptera,Dark Bush-cricket,bush-cricket,0.95,,,27/09/2026,27/09/2026,19:44:26,ClassifEspSWE-0002026-05-29_1,JOHANKARLSSON,202609290745OY4UGOY4,,Citizen Science (ultrasonic) - shared
59~40304+18~07242_20260927_194434.wav,DEV_002_20260927_194434.wav,0,59.40304,18.07242,Phogri,Pholidoptera griseoaptera,Dark Bush-cricket,bush-cricket,0.92,,,27/09/2026,27/09/2026,19:44:34,ClassifEspSWE-0002026-05-29_1,JOHANKARLSSON,202609290745OY4UGOY4,,Citizen Science (ultrasonic) - shared
59~40304+18~07242_20260927_194440.wav,DEV_002_20260927_194440.wav,0,59.40304,18.07242,Phogri,Pholidoptera griseoaptera,Dark Bush-cricket,bush-cricket,0.92,,,27/09/2026,27/09/2026,19:44:40,ClassifEspSWE-0002026-05-29_1,JOHANKARLSSON,202609290745OY4UGOY4,,Citizen Science (ultrasonic) - shared
59~40304+18~07242_20260927_194445.wav,DEV_002_20260927_194445.wav,0,59.40304,18.07242,Phogri,Pholidoptera griseoaptera,Dark Bush-cricket,bush-cricket,0.99,,,27/09/2026,27/09/2026,19:44:45,ClassifEspSWE-0002026-05-29_1,JOHANKARLSSON,202609290745OY4UGOY4,,Citizen Science (ultrasonic) - shared
59~40304+18~07242_20260927_194451.wav,DEV_002_20260927_194451.wav,0,59.40304,18.07242,Phogri,Pholidoptera griseoaptera,Dark Bush-cricket,bush-cricket,0.99,,,27/09/2026,27/09/2026,19:44:51,ClassifEspSWE-0002026-05-29_1,JOHANKARLSSON,202609290745OY4UGOY4,,Citizen Science (ultrasonic) - shared
59~40304+18~07242_20260927_194456.wav,DEV_002_20260927_194456.wav,0,59.40304,18.07242,Phogri,Pholidoptera griseoaptera,Dark Bush-cricket,bush-cricket,0.98,,,27/09/2026,27/09/2026,19:44:56,ClassifEspSWE-0002026-05-29_1,JOHANKARLSSON,202609290745OY4UGOY4,,Citizen Science (ultrasonic) - shared
59~40304+18~07242_20260927_194502.wav,DEV_002_20260927_194502.wav,0,59.40304,18.07242,Phogri,Pholidoptera griseoaptera,Dark Bush-cricket,bush-cricket,0.98,,,27/09/2026,27/09/2026,19:45:02,ClassifEspSWE-0002026-05-29_1,JOHANKARLSSON,202609290745OY4UGOY4,,Citizen Science (ultrasonic) - shared
59~40304+18~07242_20260927_194507.wav,DEV_002_20260927_194507.wav,0,59.40304,18.07242,Phogri,Pholidoptera griseoaptera,Dark Bush-cricket,bush-cricket,0.98,,,27/09/2026,27/09/2026,19:45:07,ClassifEspSWE-0002026-05-29_1,JOHANKARLSSON,202609290745OY4UGOY4,,Citizen Science (ultrasonic) - shared
59~40304+18~07242_20260927_194513.wav,DEV_002_20260927_194513.wav,0,59.40304,18.07242,Phogri,Pholidoptera griseoaptera,Dark Bush-cricket,bush-cricket,0.97,,,27/09/2026,27/09/2026,19:45:13,ClassifEspSWE-0002026-05-29_1,JOHANKARLSSON,202609290745OY4UGOY4,,Citizen Science (ultrasonic) - shared
59~40304+18~07242_20260927_194519.wav,DEV_002_20260927_194519.wav,0,59.40304,18.07242,Phogri,Pholidoptera griseoaptera,Dark Bush-cricket,bush-cricket,0.98,,,27/09/2026,27/09/2026,19:45:19,ClassifEspSWE-0002026-05-29_1,JOHANKARLSSON,202609290745OY4UGOY4,,Citizen Science (ultrasonic) - shared
59~40304+18~07242_20260927_194524.wav,DEV_002_20260927_194524.wav,0,59.40304,18.07242,Phogri,Pholidoptera griseoaptera,Dark Bush-cricket,bush-cricket,0.99,,,27/09/2026,27/09/2026,19:45:24,ClassifEspSWE-0002026-05-29_1,JOHANKARLSSON,202609290745OY4UGOY4,,Citizen Science (ultrasonic) - shared
59~40304+18~07242_20260927_194530.wav,DEV_002_20260927_194530.wav,0,59.40304,18.07242,Phogri,Pholidoptera griseoaptera,Dark Bush-cricket,bush-cricket,0.99,,,27/09/2026,27/09/2026,19:45:30,ClassifEspSWE-0002026-05-29_1,JOHANKARLSSON,202609290745OY4UGOY4,,Citizen Science (ultrasonic) - shared
59~40304+18~07242_20260927_194536.wav,DEV_002_20260927_194536.wav,0,59.40304,18.07242,Phogri,Pholidoptera griseoaptera,Dark Bush-cricket,bush-cricket,0.99,,,27/09/2026,27/09/2026,19:45:36,ClassifEspSWE-0002026-05-29_1,JOHANKARLSSON,202609290745OY4UGOY4,,Citizen Science (ultrasonic) - shared
59~40304+18~07242_20260927_194542.wav,DEV_002_20260927_194542.wav,0,59.40304,18.07242,Phogri,Pholidoptera griseoaptera,Dark Bush-cricket,bush-cricket,0.95,,,27/09/2026,27/09/2026,19:45:42,ClassifEspSWE-0002026-05-29_1,JOHANKARLSSON,202609290745OY4UGOY4,,Citizen Science (ultrasonic) - shared
59~40304+18~07242_20260927_194547.wav,DEV_002_20260927_194547.wav,0,59.40304,18.07242,Phogri,Pholidoptera griseoaptera,Dark Bush-cricket,bush-cricket,0.98,,,27/09/2026,27/09/2026,19:45:47,ClassifEspSWE-0002026-05-29_1,JOHANKARLSSON,202609290745OY4UGOY4,,Citizen Science (ultrasonic) - shared
59~40304+18~07242_20260927_194553.wav,DEV_002_20260927_194553.wav,0,59.40304,18.07242,Phogri,Pholidoptera griseoaptera,Dark Bush-cricket,bush-cricket,0.95,,,27/09/2026,27/09/2026,19:45:53,ClassifEspSWE-0002026-05-29_1,JOHANKARLSSON,202609290745OY4UGOY4,,Citizen Science (ultrasonic) - shared
59~40304+18~07242_20260927_194559.wav,DEV_002_20260927_194559.wav,0,59.40304,18.07242,Phogri,Pholidoptera griseoaptera,Dark Bush-cricket,bush-cricket,0.99,,,27/09/2026,27/09/2026,19:45:59,ClassifEspSWE-0002026-05-29_1,JOHANKARLSSON,202609290745OY4UGOY4,,Citizen Science (ultrasonic) - shared
59~40304+18~07242_20260927_194604.wav,DEV_002_20260927_194604.wav,0,59.40304,18.07242,Phogri,Pholidoptera griseoaptera,Dark Bush-cricket,bush-cricket,0.98,,,27/09/2026,27/09/2026,19:46:04,ClassifEspSWE-0002026-05-29_1,JOHANKARLSSON,202609290745OY4UGOY4,,Citizen Science (ultrasonic) - shared
59~40304+18~07242_20260927_194610.wav,DEV_002_20260927_194610.wav,0,59.40304,18.07242,Phogri,Pholidoptera griseoaptera,Dark Bush-cricket,bush-cricket,0.96,,,27/09/2026,27/09/2026,19:46:10,ClassifEspSWE-0002026-05-29_1,JOHANKARLSSON,202609290745OY4UGOY4,,Citizen Science (ultrasonic) - shared
59~40304+18~07242_20260927_194616.wav,DEV_002_20260927_194616.wav,0,59.40304,18.07242,Phogri,Pholidoptera griseoaptera,Dark Bush-cricket,bush-cricket,0.95,,,27/09/2026,27/09/2026,19:46:16,ClassifEspSWE-0002026-05-29_1,JOHANKARLSSON,202609290745OY4UGOY4,,Citizen Science (ultrasonic) - shared
59~40304+18~07242_20260927_194621.wav,DEV_002_20260927_194621.wav,0,59.40304,18.07242,Phogri,Pholidoptera griseoaptera,Dark Bush-cricket,bush-cricket,0.97,,,27/09/2026,27/09/2026,19:46:21,ClassifEspSWE-0002026-05-29_1,JOHANKARLSSON,202609290745OY4UGOY4,,Citizen Science (ultrasonic) - shared
59~40304+18~07242_20260927_194627.wav,DEV_002_20260927_194627.wav,0,59.40304,18.07242,Phogri,Pholidoptera griseoaptera,Dark Bush-cricket,bush-cricket,0.99,,,27/09/2026,27/09/2026,19:46:27,ClassifEspSWE-0002026-05-29_1,JOHANKARLSSON,202609290745OY4UGOY4,,Citizen Science (ultrasonic) - shared
59~40304+18~07242_20260927_194633.wav,DEV_002_20260927_194633.wav,0,59.40304,18.07242,Phogri,Pholidoptera griseoaptera,Dark Bush-cricket,bush-cricket,0.96,,,27/09/2026,27/09/2026,19:46:33,ClassifEspSWE-0002026-05-29_1,JOHANKARLSSON,202609290745OY4UGOY4,,Citizen Science (ultrasonic) - shared
59~40304+18~07242_20260927_194639.wav,DEV_002_20260927_194639.wav,0,59.40304,18.07242,Phogri,Pholidoptera griseoaptera,Dark Bush-cricket,bush-cricket,0.96,,,27/09/2026,27/09/2026,19:46:39,ClassifEspSWE-0002026-05-29_1,JOHANKARLSSON,202609290745OY4UGOY4,,Citizen Science (ultrasonic) - shared
59~40304+18~07242_20260927_194645.wav,DEV_002_20260927_194645.wav,0,59.40304,18.07242,Phogri,Pholidoptera griseoaptera,Dark Bush-cricket,bush-cricket,0.96,,,27/09/2026,27/09/2026,19:46:45,ClassifEspSWE-0002026-05-29_1,JOHANKARLSSON,202609290745OY4UGOY4,,Citizen Science (ultrasonic) - shared
59~40304+18~07242_20260927_194651.wav,DEV_002_20260927_194651.wav,0,59.40304,18.07242,Phogri,Pholidoptera griseoaptera,Dark Bush-cricket,bush-cricket,0.97,,,27/09/2026,27/09/2026,19:46:51,ClassifEspSWE-0002026-05-29_1,JOHANKARLSSON,202609290745OY4UGOY4,,Citizen Science (ultrasonic) - shared
59~40304+18~07242_20260927_194658.wav,DEV_002_20260927_194658.wav,0,59.40304,18.07242,Phogri,Pholidoptera griseoaptera,Dark Bush-cricket,bush-cricket,0.93,,,27/09/2026,27/09/2026,19:46:58,ClassifEspSWE-0002026-05-29_1,JOHANKARLSSON,202609290745OY4UGOY4,,Citizen Science (ultrasonic) - shared
59~40304+18~07242_20260927_194704.wav,DEV_002_20260927_194704.wav,0,59.40304,18.07242,Phogri,Pholidoptera griseoaptera,Dark Bush-cricket,bush-cricket,0.94,,,27/09/2026,27/09/2026,19:47:04,ClassifEspSWE-0002026-05-29_1,JOHANKARLSSON,202609290745OY4UGOY4,,Citizen Science (ultrasonic) - shared
59~40304+18~07242_20260927_194709.wav,DEV_002_20260927_194709.wav,0,59.40304,18.07242,Phogri,Pholidoptera griseoaptera,Dark Bush-cricket,bush-cricket,0.98,,,27/09/2026,27/09/2026,19:47:09,ClassifEspSWE-0002026-05-29_1,JOHANKARLSSON,202609290745OY4UGOY4,,Citizen Science (ultrasonic) - shared
59~40304+18~07242_20260927_194716.wav,DEV_002_20260927_194716.wav,0,59.40304,18.07242,Phogri,Pholidoptera griseoaptera,Dark Bush-cricket,bush-cricket,0.98,,,27/09/2026,27/09/2026,19:47:16,ClassifEspSWE-0002026-05-29_1,JOHANKARLSSON,202609290745OY4UGOY4,,Citizen Science (ultrasonic) - shared
59~40304+18~07242_20260927_194722.wav,DEV_002_20260927_194722.wav,0,59.40304,18.07242,Phogri,Pholidoptera griseoaptera,Dark Bush-cricket,bush-cricket,0.98,,,27/09/2026,27/09/2026,19:47:22,ClassifEspSWE-0002026-05-29_1,JOHANKARLSSON,202609290745OY4UGOY4,,Citizen Science (ultrasonic) - shared
59~40304+18~07242_20260927_194727.wav,DEV_002_20260927_194727.wav,0,59.40304,18.07242,Phogri,Pholidoptera griseoaptera,Dark Bush-cricket,bush-cricket,0.9,,,27/09/2026,27/09/2026,19:47:27,ClassifEspSWE-0002026-05-29_1,JOHANKARLSSON,202609290745OY4UGOY4,,Citizen Science (ultrasonic) - shared
59~40304+18~07242_20260927_194733.wav,DEV_002_20260927_194733.wav,0,59.40304,18.07242,Phogri,Pholidoptera griseoaptera,Dark Bush-cricket,bush-cricket,0.98,,,27/09/2026,27/09/2026,19:47:33,ClassifEspSWE-0002026-05-29_1,JOHANKARLSSON,202609290745OY4UGOY4,,Citizen Science (ultrasonic) - shared
59~40304+18~07242_20260927_194740.wav,DEV_002_20260927_194740.wav,0,59.40304,18.07242,Phogri,Pholidoptera griseoaptera,Dark Bush-cricket,bush-cricket,0.95,,,27/09/2026,27/09/2026,19:47:40,ClassifEspSWE-0002026-05-29_1,JOHANKARLSSON,202609290745OY4UGOY4,,Citizen Science (ultrasonic) - shared
59~40304+18~07242_20260927_194746.wav,DEV_002_20260927_194746.wav,0,59.40304,18.07242,Phogri,Pholidoptera griseoaptera,Dark Bush-cricket,bush-cricket,0.97,,,27/09/2026,27/09/2026,19:47:46,ClassifEspSWE-0002026-05-29_1,JOHANKARLSSON,202609290745OY4UGOY4,,Citizen Science (ultrasonic) - shared
59~40304+18~07242_20260927_194752.wav,DEV_002_20260927_194752.wav,0,59.40304,18.07242,Phogri,Pholidoptera griseoaptera,Dark Bush-cricket,bush-cricket,0.98,,,27/09/2026,27/09/2026,19:47:52,ClassifEspSWE-0002026-05-29_1,JOHANKARLSSON,202609290745OY4UGOY4,,Citizen Science (ultrasonic) - shared
59~40304+18~07242_20260927_194758.wav,DEV_002_20260927_194758.wav,0,59.40304,18.07242,Phogri,Pholidoptera griseoaptera,Dark Bush-cricket,bush-cricket,0.98,,,27/09/2026,27/09/2026,19:47:58,ClassifEspSWE-0002026-05-29_1,JOHANKARLSSON,202609290745OY4UGOY4,,Citizen Science (ultrasonic) - shared
59~40304+18~07242_20260927_194803.wav,DEV_002_20260927_194803.wav,0,59.40304,18.07242,Phogri,Pholidoptera griseoaptera,Dark Bush-cricket,bush-cricket,0.89,,,27/09/2026,27/09/2026,19:48:03,ClassifEspSWE-0002026-05-29_1,JOHANKARLSSON,202609290745OY4UGOY4,,Citizen Science (ultrasonic) - shared
59~40304+18~07242_20260927_194810.wav,DEV_002_20260927_194810.wav,0,59.40304,18.07242,Phogri,Pholidoptera griseoaptera,Dark Bush-cricket,bush-cricket,0.87,,,27/09/2026,27/09/2026,19:48:10,ClassifEspSWE-0002026-05-29_1,JOHANKARLSSON,202609290745OY4UGOY4,,Citizen Science (ultrasonic) - shared
59~40304+18~07242_20260927_194816.wav,DEV_002_20260927_194816.wav,0,59.40304,18.07242,Phogri,Pholidoptera griseoaptera,Dark Bush-cricket,bush-cricket,0.95,,,27/09/2026,27/09/2026,19:48:16,ClassifEspSWE-0002026-05-29_1,JOHANKARLSSON,202609290745OY4UGOY4,,Citizen Science (ultrasonic) - shared
59~40304+18~07242_20260927_194821.wav,DEV_002_20260927_194821.wav,0,59.40304,18.07242,Phogri,Pholidoptera griseoaptera,Dark Bush-cricket,bush-cricket,0.96,,,27/09/2026,27/09/2026,19:48:21,ClassifEspSWE-0002026-05-29_1,JOHANKARLSSON,202609290745OY4UGOY4,,Citizen Science (ultrasonic) - shared
59~40304+18~07242_20260927_194827.wav,DEV_002_20260927_194827.wav,0,59.40304,18.07242,Phogri,Pholidoptera griseoaptera,Dark Bush-cricket,bush-cricket,0.98,,,27/09/2026,27/09/2026,19:48:27,ClassifEspSWE-0002026-05-29_1,JOHANKARLSSON,202609290745OY4UGOY4,,Citizen Science (ultrasonic) - shared
59~40304+18~07242_20260927_194832.wav,DEV_002_20260927_194832.wav,0,59.40304,18.07242,Phogri,Pholidoptera griseoaptera,Dark Bush-cricket,bush-cricket,0.94,,,27/09/2026,27/09/2026,19:48:32,ClassifEspSWE-0002026-05-29_1,JOHANKARLSSON,202609290745OY4UGOY4,,Citizen Science (ultrasonic) - shared
59~40304+18~07242_20260927_194839.wav,DEV_002_20260927_194839.wav,0,59.40304,18.07242,Phogri,Pholidoptera griseoaptera,Dark Bush-cricket,bush-cricket,0.98,,,27/09/2026,27/09/2026,19:48:39,ClassifEspSWE-0002026-05-29_1,JOHANKARLSSON,202609290745OY4UGOY4,,Citizen Science (ultrasonic) - shared
59~40304+18~07242_20260927_194844.wav,DEV_002_20260927_194844.wav,0,59.40304,18.07242,Phogri,Pholidoptera griseoaptera,Dark Bush-cricket,bush-cricket,0.94,,,27/09/2026,27/09/2026,19:48:44,ClassifEspSWE-0002026-05-29_1,JOHANKARLSSON,202609290745OY4UGOY4,,Citizen Science (ultrasonic) - shared
59~40304+18~07242_20260927_194850.wav,DEV_002_20260927_194850.wav,0,59.40304,18.07242,Phogri,Pholidoptera griseoaptera,Dark Bush-cricket,bush-cricket,0.99,,,27/09/2026,27/09/2026,19:48:50,ClassifEspSWE-0002026-05-29_1,JOHANKARLSSON,202609290745OY4UGOY4,,Citizen Science (ultrasonic) - shared
59~40304+18~07242_20260927_194855.wav,DEV_002_20260927_194855.wav,0,59.40304,18.07242,Phogri,Pholidoptera griseoaptera,Dark Bush-cricket,bush-cricket,0.98,,,27/09/2026,27/09/2026,19:48:55,ClassifEspSWE-0002026-05-29_1,JOHANKARLSSON,202609290745OY4UGOY4,,Citizen Science (ultrasonic) - shared
59~40304+18~07242_20260927_194901.wav,DEV_002_20260927_194901.wav,0,59.40304,18.07242,Phogri,Pholidoptera griseoaptera,Dark Bush-cricket,bush-cricket,0.97,,,27/09/2026,27/09/2026,19:49:01,ClassifEspSWE-0002026-05-29_1,JOHANKARLSSON,202609290745OY4UGOY4,,Citizen Science (ultrasonic) - shared
59~40304+18~07242_20260927_194906.wav,DEV_002_20260927_194906.wav,0,59.40304,18.07242,Phogri,Pholidoptera griseoaptera,Dark Bush-cricket,bush-cricket,0.99,,,27/09/2026,27/09/2026,19:49:06,ClassifEspSWE-0002026-05-29_1,JOHANKARLSSON,202609290745OY4UGOY4,,Citizen Science (ultrasonic) - shared
59~40304+18~07242_20260927_194912.wav,DEV_002_20260927_194912.wav,0,59.40304,18.07242,Phogri,Pholidoptera griseoaptera,Dark Bush-cricket,bush-cricket,0.93,,,27/09/2026,27/09/2026,19:49:12,ClassifEspSWE-0002026-05-29_1,JOHANKARLSSON,202609290745OY4UGOY4,,Citizen Science (ultrasonic) - shared
59~40304+18~07242_20260927_194918.wav,DEV_002_20260927_194918.wav,0,59.40304,18.07242,Phogri,Pholidoptera griseoaptera,Dark Bush-cricket,bush-cricket,0.97,,,27/09/2026,27/09/2026,19:49:18,ClassifEspSWE-0002026-05-29_1,JOHANKARLSSON,202609290745OY4UGOY4,,Citizen Science (ultrasonic) - shared
59~40304+18~07242_20260927_194923.wav,DEV_002_20260927_194923.wav,0,59.40304,18.07242,Phogri,Pholidoptera griseoaptera,Dark Bush-cricket,bush-cricket,0.96,,,27/09/2026,27/09/2026,19:49:23,ClassifEspSWE-0002026-05-29_1,JOHANKARLSSON,202609290745OY4UGOY4,,Citizen Science (ultrasonic) - shared
59~40304+18~07242_20260927_194929.wav,DEV_002_20260927_194929.wav,0,59.40304,18.07242,Phogri,Pholidoptera griseoaptera,Dark Bush-cricket,bush-cricket,0.98,,,27/09/2026,27/09/2026,19:49:29,ClassifEspSWE-0002026-05-29_1,JOHANKARLSSON,202609290745OY4UGOY4,,Citizen Science (ultrasonic) - shared
59~40304+18~07242_20260927_194934.wav,DEV_002_20260927_194934.wav,0,59.40304,18.07242,Phogri,Pholidoptera griseoaptera,Dark Bush-cricket,bush-cricket,0.98,,,27/09/2026,27/09/2026,19:49:34,ClassifEspSWE-0002026-05-29_1,JOHANKARLSSON,202609290745OY4UGOY4,,Citizen Science (ultrasonic) - shared
59~40304+18~07242_20260927_194939.wav,DEV_002_20260927_194939.wav,0,59.40304,18.07242,Phogri,Pholidoptera griseoaptera,Dark Bush-cricket,bush-cricket,0.99,,,27/09/2026,27/09/2026,19:49:39,ClassifEspSWE-0002026-05-29_1,JOHANKARLSSON,202609290745OY4UGOY4,,Citizen Science (ultrasonic) - shared
59~40304+18~07242_20260927_194946.wav,DEV_002_20260927_194946.wav,0,59.40304,18.07242,Phogri,Pholidoptera griseoaptera,Dark Bush-cricket,bush-cricket,0.95,,,27/09/2026,27/09/2026,19:49:46,ClassifEspSWE-0002026-05-29_1,JOHANKARLSSON,202609290745OY4UGOY4,,Citizen Science (ultrasonic) - shared
59~40304+18~07242_20260927_194951.wav,DEV_002_20260927_194951.wav,0,59.40304,18.07242,Phogri,Pholidoptera griseoaptera,Dark Bush-cricket,bush-cricket,0.99,,,27/09/2026,27/09/2026,19:49:51,ClassifEspSWE-0002026-05-29_1,JOHANKARLSSON,202609290745OY4UGOY4,,Citizen Science (ultrasonic) - shared
59~40304+18~07242_20260927_194957.wav,DEV_002_20260927_194957.wav,0,59.40304,18.07242,Phogri,Pholidoptera griseoaptera,Dark Bush-cricket,bush-cricket,0.95,,,27/09/2026,27/09/2026,19:49:57,ClassifEspSWE-0002026-05-29_1,JOHANKARLSSON,202609290745OY4UGOY4,,Citizen Science (ultrasonic) - shared
59~40304+18~07242_20260927_195003.wav,DEV_002_20260927_195003.wav,0,59.40304,18.07242,Phogri,Pholidoptera griseoaptera,Dark Bush-cricket,bush-cricket,0.99,,,27/09/2026,27/09/2026,19:50:03,ClassifEspSWE-0002026-05-29_1,JOHANKARLSSON,202609290745OY4UGOY4,,Citizen Science (ultrasonic) - shared
59~40304+18~07242_20260927_195008.wav,DEV_002_20260927_195008.wav,0,59.40304,18.07242,Phogri,Pholidoptera griseoaptera,Dark Bush-cricket,bush-cricket,0.95,,,27/09/2026,27/09/2026,19:50:08,ClassifEspSWE-0002026-05-29_1,JOHANKARLSSON,202609290745OY4UGOY4,,Citizen Science (ultrasonic) - shared
59~40304+18~07242_20260927_195014.wav,DEV_002_20260927_195014.wav,0,59.40304,18.07242,Phogri,Pholidoptera griseoaptera,Dark Bush-cricket,bush-cricket,0.96,,,27/09/2026,27/09/2026,19:50:14,ClassifEspSWE-0002026-05-29_1,JOHANKARLSSON,202609290745OY4UGOY4,,Citizen Science (ultrasonic) - shared
59~40304+18~07242_20260927_195020.wav,DEV_002_20260927_195020.wav,0,59.40304,18.07242,Phogri,Pholidoptera griseoaptera,Dark Bush-cricket,bush-cricket,0.97,,,27/09/2026,27/09/2026,19:50:20,ClassifEspSWE-0002026-05-29_1,JOHANKARLSSON,202609290745OY4UGOY4,,Citizen Science (ultrasonic) - shared
59~40304+18~07242_20260927_195026.wav,DEV_002_20260927_195026.wav,0,59.40304,18.07242,Phogri,Pholidoptera griseoaptera,Dark Bush-cricket,bush-cricket,0.98,,,27/09/2026,27/09/2026,19:50:26,ClassifEspSWE-0002026-05-29_1,JOHANKARLSSON,202609290745OY4UGOY4,,Citizen Science (ultrasonic) - shared
59~40304+18~07242_20260927_195032.wav,DEV_002_20260927_195032.wav,0,59.40304,18.07242,Phogri,Pholidoptera griseoaptera,Dark Bush-cricket,bush-cricket,0.95,,,27/09/2026,27/09/2026,19:50:32,ClassifEspSWE-0002026-05-29_1,JOHANKARLSSON,202609290745OY4UGOY4,,Citizen Science (ultrasonic) - shared
59~40304+18~07242_20260927_195038.wav,DEV_002_20260927_195038.wav,0,59.40304,18.07242,Phogri,Pholidoptera griseoaptera,Dark Bush-cricket,bush-cricket,0.99,,,27/09/2026,27/09/2026,19:50:38,ClassifEspSWE-0002026-05-29_1,JOHANKARLSSON,202609290745OY4UGOY4,,Citizen Science (ultrasonic) - shared
59~40304+18~07242_20260927_195043.wav,DEV_002_20260927_195043.wav,0,59.40304,18.07242,Phogri,Pholidoptera griseoaptera,Dark Bush-cricket,bush-cricket,0.96,,,27/09/2026,27/09/2026,19:50:43,ClassifEspSWE-0002026-05-29_1,JOHANKARLSSON,202609290745OY4UGOY4,,Citizen Science (ultrasonic) - shared
59~40304+18~07242_20260927_195050.wav,DEV_002_20260927_195050.wav,0,59.40304,18.07242,Phogri,Pholidoptera griseoaptera,Dark Bush-cricket,bush-cricket,0.97,,,27/09/2026,27/09/2026,19:50:50,ClassifEspSWE-0002026-05-29_1,JOHANKARLSSON,202609290745OY4UGOY4,,Citizen Science (ultrasonic) - shared
59~40304+18~07242_20260927_195057.wav,DEV_002_20260927_195057.wav,0,59.40304,18.07242,Phogri,Pholidoptera griseoaptera,Dark Bush-cricket,bush-cricket,0.94,,,27/09/2026,27/09/2026,19:50:57,ClassifEspSWE-0002026-05-29_1,JOHANKARLSSON,202609290745OY4UGOY4,,Citizen Science (ultrasonic) - shared
59~40304+18~07242_20260927_195102.wav,DEV_002_20260927_195102.wav,0,59.40304,18.07242,Phogri,Pholidoptera griseoaptera,Dark Bush-cricket,bush-cricket,0.98,,,27/09/2026,27/09/2026,19:51:02,ClassifEspSWE-0002026-05-29_1,JOHANKARLSSON,202609290745OY4UGOY4,,Citizen Science (ultrasonic) - shared
59~40304+18~07242_20260927_195108.wav,DEV_002_20260927_195108.wav,0,59.40304,18.07242,Phogri,Pholidoptera griseoaptera,Dark Bush-cricket,bush-cricket,0.96,,,27/09/2026,27/09/2026,19:51:08,ClassifEspSWE-0002026-05-29_1,JOHANKARLSSON,202609290745OY4UGOY4,,Citizen Science (ultrasonic) - shared
59~40304+18~07242_20260927_195113.wav,DEV_002_20260927_195113.wav,0,59.40304,18.07242,Phogri,Pholidoptera griseoaptera,Dark Bush-cricket,bush-cricket,0.98,,,27/09/2026,27/09/2026,19:51:13,ClassifEspSWE-0002026-05-29_1,JOHANKARLSSON,202609290745OY4UGOY4,,Citizen Science (ultrasonic) - shared
59~40304+18~07242_20260927_195118.wav,DEV_002_20260927_195118.wav,0,59.40304,18.07242,Phogri,Pholidoptera griseoaptera,Dark Bush-cricket,bush-cricket,0.95,,,27/09/2026,27/09/2026,19:51:18,ClassifEspSWE-0002026-05-29_1,JOHANKARLSSON,202609290745OY4UGOY4,,Citizen Science (ultrasonic) - shared
59~40304+18~07242_20260927_195125.wav,DEV_002_20260927_195125.wav,0,59.40304,18.07242,Phogri,Pholidoptera griseoaptera,Dark Bush-cricket,bush-cricket,0.98,,,27/09/2026,27/09/2026,19:51:25,ClassifEspSWE-0002026-05-29_1,JOHANKARLSSON,202609290745OY4UGOY4,,Citizen Science (ultrasonic) - shared
59~40304+18~07242_20260927_195130.wav,DEV_002_20260927_195130.wav,0,59.40304,18.07242,Phogri,Pholidoptera griseoaptera,Dark Bush-cricket,bush-cricket,0.95,,,27/09/2026,27/09/2026,19:51:30,ClassifEspSWE-0002026-05-29_1,JOHANKARLSSON,202609290745OY4UGOY4,,Citizen Science (ultrasonic) - shared
59~40304+18~07242_20260927_195135.wav,DEV_002_20260927_195135.wav,0,59.40304,18.07242,Phogri,Pholidoptera griseoaptera,Dark Bush-cricket,bush-cricket,0.98,,,27/09/2026,27/09/2026,19:51:35,ClassifEspSWE-0002026-05-29_1,JOHANKARLSSON,202609290745OY4UGOY4,,Citizen Science (ultrasonic) - shared
59~40304+18~07242_20260927_195142.wav,DEV_002_20260927_195142.wav,0,59.40304,18.07242,Phogri,Pholidoptera griseoaptera,Dark Bush-cricket,bush-cricket,0.96,,,27/09/2026,27/09/2026,19:51:42,ClassifEspSWE-0002026-05-29_1,JOHANKARLSSON,202609290745OY4UGOY4,,Citizen Science (ultrasonic) - shared
59~40304+18~07242_20260927_195148.wav,DEV_002_20260927_195148.wav,0,59.40304,18.07242,Phogri,Pholidoptera griseoaptera,Dark Bush-cricket,bush-cricket,0.98,,,27/09/2026,27/09/2026,19:51:48,ClassifEspSWE-0002026-05-29_1,JOHANKARLSSON,202609290745OY4UGOY4,,Citizen Science (ultrasonic) - shared
59~40304+18~07242_20260927_195155.wav,DEV_002_20260927_195155.wav,0,59.40304,18.07242,Phogri,Pholidoptera griseoaptera,Dark Bush-cricket,bush-cricket,0.98,,,27/09/2026,27/09/2026,19:51:55,ClassifEspSWE-0002026-05-29_1,JOHANKARLSSON,202609290745OY4UGOY4,,Citizen Science (ultrasonic) - shared
59~40304+18~07242_20260927_195202.wav,DEV_002_20260927_195202.wav,0,59.40304,18.07242,Phogri,Pholidoptera griseoaptera,Dark Bush-cricket,bush-cricket,0.97,,,27/09/2026,27/09/2026,19:52:02,ClassifEspSWE-0002026-05-29_1,JOHANKARLSSON,202609290745OY4UGOY4,,Citizen Science (ultrasonic) - shared
59~40304+18~07242_20260927_195209.wav,DEV_002_20260927_195209.wav,0,59.40304,18.07242,Phogri,Pholidoptera griseoaptera,Dark Bush-cricket,bush-cricket,0.89,,,27/09/2026,27/09/2026,19:52:09,ClassifEspSWE-0002026-05-29_1,JOHANKARLSSON,202609290745OY4UGOY4,,Citizen Science (ultrasonic) - shared
59~40304+18~07242_20260927_195214.wav,DEV_002_20260927_195214.wav,0,59.40304,18.07242,Phogri,Pholidoptera griseoaptera,Dark Bush-cricket,bush-cricket,0.97,,,27/09/2026,27/09/2026,19:52:14,ClassifEspSWE-0002026-05-29_1,JOHANKARLSSON,202609290745OY4UGOY4,,Citizen Science (ultrasonic) - shared
59~40304+18~07242_20260927_195220.wav,DEV_002_20260927_195220.wav,0,59.40304,18.07242,Phogri,Pholidoptera griseoaptera,Dark Bush-cricket,bush-cricket,0.99,,,27/09/2026,27/09/2026,19:52:20,ClassifEspSWE-0002026-05-29_1,JOHANKARLSSON,202609290745OY4UGOY4,,Citizen Science (ultrasonic) - shared
59~40304+18~07242_20260927_195225.wav,DEV_002_20260927_195225.wav,0,59.40304,18.07242,Phogri,Pholidoptera griseoaptera,Dark Bush-cricket,bush-cricket,0.98,,,27/09/2026,27/09/2026,19:52:25,ClassifEspSWE-0002026-05-29_1,JOHANKARLSSON,202609290745OY4UGOY4,,Citizen Science (ultrasonic) - shared
59~40304+18~07242_20260927_195232.wav,DEV_002_20260927_195232.wav,0,59.40304,18.07242,Phogri,Pholidoptera griseoaptera,Dark Bush-cricket,bush-cricket,0.97,,,27/09/2026,27/09/2026,19:52:32,ClassifEspSWE-0002026-05-29_1,JOHANKARLSSON,202609290745OY4UGOY4,,Citizen Science (ultrasonic) - shared
59~40304+18~07242_20260927_195237.wav,DEV_002_20260927_195237.wav,0,59.40304,18.07242,Phogri,Pholidoptera griseoaptera,Dark Bush-cricket,bush-cricket,0.96,,,27/09/2026,27/09/2026,19:52:37,ClassifEspSWE-0002026-05-29_1,JOHANKARLSSON,202609290745OY4UGOY4,,Citizen Science (ultrasonic) - shared
59~40304+18~07242_20260927_195243.wav,DEV_002_20260927_195243.wav,0,59.40304,18.07242,Phogri,Pholidoptera griseoaptera,Dark Bush-cricket,bush-cricket,0.95,,,27/09/2026,27/09/2026,19:52:43,ClassifEspSWE-0002026-05-29_1,JOHANKARLSSON,202609290745OY4UGOY4,,Citizen Science (ultrasonic) - shared
59~40304+18~07242_20260927_195249.wav,DEV_002_20260927_195249.wav,0,59.40304,18.07242,Phogri,Pholidoptera griseoaptera,Dark Bush-cricket,bush-cricket,0.98,,,27/09/2026,27/09/2026,19:52:49,ClassifEspSWE-0002026-05-29_1,JOHANKARLSSON,202609290745OY4UGOY4,,Citizen Science (ultrasonic) - shared
59~40304+18~07242_20260927_195255.wav,DEV_002_20260927_195255.wav,0,59.40304,18.07242,Phogri,Pholidoptera griseoaptera,Dark Bush-cricket,bush-cricket,0.98,,,27/09/2026,27/09/2026,19:52:55,ClassifEspSWE-0002026-05-29_1,JOHANKARLSSON,202609290745OY4UGOY4,,Citizen Science (ultrasonic) - shared
59~40304+18~07242_20260927_195301.wav,DEV_002_20260927_195301.wav,0,59.40304,18.07242,Phogri,Pholidoptera griseoaptera,Dark Bush-cricket,bush-cricket,0.94,,,27/09/2026,27/09/2026,19:53:01,ClassifEspSWE-0002026-05-29_1,JOHANKARLSSON,202609290745OY4UGOY4,,Citizen Science (ultrasonic) - shared
59~40304+18~07242_20260927_195308.wav,DEV_002_20260927_195308.wav,0,59.40304,18.07242,Phogri,Pholidoptera griseoaptera,Dark Bush-cricket,bush-cricket,0.99,,,27/09/2026,27/09/2026,19:53:08,ClassifEspSWE-0002026-05-29_1,JOHANKARLSSON,202609290745OY4UGOY4,,Citizen Science (ultrasonic) - shared
59~40304+18~07242_20260927_195314.wav,DEV_002_20260927_195314.wav,0,59.40304,18.07242,Phogri,Pholidoptera griseoaptera,Dark Bush-cricket,bush-cricket,0.97,,,27/09/2026,27/09/2026,19:53:14,ClassifEspSWE-0002026-05-29_1,JOHANKARLSSON,202609290745OY4UGOY4,,Citizen Science (ultrasonic) - shared
59~40304+18~07242_20260927_195319.wav,DEV_002_20260927_195319.wav,0,59.40304,18.07242,Phogri,Pholidoptera griseoaptera,Dark Bush-cricket,bush-cricket,0.98,,,27/09/2026,27/09/2026,19:53:19,ClassifEspSWE-0002026-05-29_1,JOHANKARLSSON,202609290745OY4UGOY4,,Citizen Science (ultrasonic) - shared
59~40304+18~07242_20260927_195326.wav,DEV_002_20260927_195326.wav,0,59.40304,18.07242,Phogri,Pholidoptera griseoaptera,Dark Bush-cricket,bush-cricket,0.98,,,27/09/2026,27/09/2026,19:53:26,ClassifEspSWE-0002026-05-29_1,JOHANKARLSSON,202609290745OY4UGOY4,,Citizen Science (ultrasonic) - shared
59~40304+18~07242_20260927_195331.wav,DEV_002_20260927_195331.wav,0,59.40304,18.07242,Phogri,Pholidoptera griseoaptera,Dark Bush-cricket,bush-cricket,0.96,,,27/09/2026,27/09/2026,19:53:31,ClassifEspSWE-0002026-05-29_1,JOHANKARLSSON,202609290745OY4UGOY4,,Citizen Science (ultrasonic) - shared
59~40304+18~07242_20260927_195336.wav,DEV_002_20260927_195336.wav,0,59.40304,18.07242,Phogri,Pholidoptera griseoaptera,Dark Bush-cricket,bush-cricket,0.99,,,27/09/2026,27/09/2026,19:53:36,ClassifEspSWE-0002026-05-29_1,JOHANKARLSSON,202609290745OY4UGOY4,,Citizen Science (ultrasonic) - shared
59~40304+18~07242_20260927_195343.wav,DEV_002_20260927_195343.wav,0,59.40304,18.07242,Phogri,Pholidoptera griseoaptera,Dark Bush-cricket,bush-cricket,0.98,,,27/09/2026,27/09/2026,19:53:43,ClassifEspSWE-0002026-05-29_1,JOHANKARLSSON,202609290745OY4UGOY4,,Citizen Science (ultrasonic) - shared
59~40304+18~07242_20260927_195350.wav,DEV_002_20260927_195350.wav,0,59.40304,18.07242,Phogri,Pholidoptera griseoaptera,Dark Bush-cricket,bush-cricket,0.98,,,27/09/2026,27/09/2026,19:53:50,ClassifEspSWE-0002026-05-29_1,JOHANKARLSSON,202609290745OY4UGOY4,,Citizen Science (ultrasonic) - shared
59~40304+18~07242_20260927_195356.wav,DEV_002_20260927_195356.wav,0,59.40304,18.07242,Phogri,Pholidoptera griseoaptera,Dark Bush-cricket,bush-cricket,0.96,,,27/09/2026,27/09/2026,19:53:56,ClassifEspSWE-0002026-05-29_1,JOHANKARLSSON,202609290745OY4UGOY4,,Citizen Science (ultrasonic) - shared
59~40304+18~07242_20260927_195403.wav,DEV_002_20260927_195403.wav,0,59.40304,18.07242,Phogri,Pholidoptera griseoaptera,Dark Bush-cricket,bush-cricket,0.89,,,27/09/2026,27/09/2026,19:54:03,ClassifEspSWE-0002026-05-29_1,JOHANKARLSSON,202609290745OY4UGOY4,,Citizen Science (ultrasonic) - shared
59~40304+18~07242_20260927_195410.wav,DEV_002_20260927_195410.wav,0,59.40304,18.07242,Phogri,Pholidoptera griseoaptera,Dark Bush-cricket,bush-cricket,0.99,,,27/09/2026,27/09/2026,19:54:10,ClassifEspSWE-0002026-05-29_1,JOHANKARLSSON,202609290745OY4UGOY4,,Citizen Science (ultrasonic) - shared
59~40304+18~07242_20260927_195415.wav,DEV_002_20260927_195415.wav,0,59.40304,18.07242,Phogri,Pholidoptera griseoaptera,Dark Bush-cricket,bush-cricket,0.99,,,27/09/2026,27/09/2026,19:54:15,ClassifEspSWE-0002026-05-29_1,JOHANKARLSSON,202609290745OY4UGOY4,,Citizen Science (ultrasonic) - shared
59~40304+18~07242_20260927_195421.wav,DEV_002_20260927_195421.wav,0,59.40304,18.07242,Phogri,Pholidoptera griseoaptera,Dark Bush-cricket,bush-cricket,0.99,,,27/09/2026,27/09/2026,19:54:21,ClassifEspSWE-0002026-05-29_1,JOHANKARLSSON,202609290745OY4UGOY4,,Citizen Science (ultrasonic) - shared
59~40304+18~07242_20260927_195426.wav,DEV_002_20260927_195426.wav,0,59.40304,18.07242,Phogri,Pholidoptera griseoaptera,Dark Bush-cricket,bush-cricket,0.99,,,27/09/2026,27/09/2026,19:54:26,ClassifEspSWE-0002026-05-29_1,JOHANKARLSSON,202609290745OY4UGOY4,,Citizen Science (ultrasonic) - shared
59~40304+18~07242_20260927_195433.wav,DEV_002_20260927_195433.wav,0,59.40304,18.07242,Phogri,Pholidoptera griseoaptera,Dark Bush-cricket,bush-cricket,0.98,,,27/09/2026,27/09/2026,19:54:33,ClassifEspSWE-0002026-05-29_1,JOHANKARLSSON,202609290745OY4UGOY4,,Citizen Science (ultrasonic) - shared
59~40304+18~07242_20260927_195439.wav,DEV_002_20260927_195439.wav,0,59.40304,18.07242,Phogri,Pholidoptera griseoaptera,Dark Bush-cricket,bush-cricket,0.98,,,27/09/2026,27/09/2026,19:54:39,ClassifEspSWE-0002026-05-29_1,JOHANKARLSSON,202609290745OY4UGOY4,,Citizen Science (ultrasonic) - shared
59~40304+18~07242_20260927_195445.wav,DEV_002_20260927_195445.wav,0,59.40304,18.07242,Phogri,Pholidoptera griseoaptera,Dark Bush-cricket,bush-cricket,0.8,,,27/09/2026,27/09/2026,19:54:45,ClassifEspSWE-0002026-05-29_1,JOHANKARLSSON,202609290745OY4UGOY4,,Citizen Science (ultrasonic) - shared
59~40304+18~07242_20260927_195452.wav,DEV_002_20260927_195452.wav,0,59.40304,18.07242,Phogri,Pholidoptera griseoaptera,Dark Bush-cricket,bush-cricket,0.96,,,27/09/2026,27/09/2026,19:54:52,ClassifEspSWE-0002026-05-29_1,JOHANKARLSSON,202609290745OY4UGOY4,,Citizen Science (ultrasonic) - shared
59~40304+18~07242_20260927_195457.wav,DEV_002_20260927_195457.wav,0,59.40304,18.07242,Phogri,Pholidoptera griseoaptera,Dark Bush-cricket,bush-cricket,0.97,,,27/09/2026,27/09/2026,19:54:57,ClassifEspSWE-0002026-05-29_1,JOHANKARLSSON,202609290745OY4UGOY4,,Citizen Science (ultrasonic) - shared
59~40304+18~07242_20260927_195502.wav,DEV_002_20260927_195502.wav,0,59.40304,18.07242,Phogri,Pholidoptera griseoaptera,Dark Bush-cricket,bush-cricket,0.89,,,27/09/2026,27/09/2026,19:55:02,ClassifEspSWE-0002026-05-29_1,JOHANKARLSSON,202609290745OY4UGOY4,,Citizen Science (ultrasonic) - shared
59~40304+18~07242_20260927_195509.wav,DEV_002_20260927_195509.wav,0,59.40304,18.07242,Phogri,Pholidoptera griseoaptera,Dark Bush-cricket,bush-cricket,0.78,,,27/09/2026,27/09/2026,19:55:09,ClassifEspSWE-0002026-05-29_1,JOHANKARLSSON,202609290745OY4UGOY4,,Citizen Science (ultrasonic) - shared
59~40304+18~07242_20260927_195515.wav,DEV_002_20260927_195515.wav,0,59.40304,18.07242,Phogri,Pholidoptera griseoaptera,Dark Bush-cricket,bush-cricket,0.94,,,27/09/2026,27/09/2026,19:55:15,ClassifEspSWE-0002026-05-29_1,JOHANKARLSSON,202609290745OY4UGOY4,,Citizen Science (ultrasonic) - shared
59~40304+18~07242_20260927_195520.wav,DEV_002_20260927_195520.wav,0,59.40304,18.07242,Phogri,Pholidoptera griseoaptera,Dark Bush-cricket,bush-cricket,0.7,,,27/09/2026,27/09/2026,19:55:20,ClassifEspSWE-0002026-05-29_1,JOHANKARLSSON,202609290745OY4UGOY4,,Citizen Science (ultrasonic) - shared
59~40304+18~07242_20260927_195526.wav,DEV_002_20260927_195526.wav,0,59.40304,18.07242,Phogri,Pholidoptera griseoaptera,Dark Bush-cricket,bush-cricket,0.8,,,27/09/2026,27/09/2026,19:55:26,ClassifEspSWE-0002026-05-29_1,JOHANKARLSSON,202609290745OY4UGOY4,,Citizen Science (ultrasonic) - shared
59~40304+18~07242_20260927_195533.wav,DEV_002_20260927_195533.wav,0,59.40304,18.07242,Phogri,Pholidoptera griseoaptera,Dark Bush-cricket,bush-cricket,0.64,,,27/09/2026,27/09/2026,19:55:33,ClassifEspSWE-0002026-05-29_1,JOHANKARLSSON,202609290745OY4UGOY4,,Citizen Science (ultrasonic) - shared
59~40304+18~07242_20260927_195538.wav,DEV_002_20260927_195538.wav,0,59.40304,18.07242,Phogri,Pholidoptera griseoaptera,Dark Bush-cricket,bush-cricket,0.92,,,27/09/2026,27/09/2026,19:55:38,ClassifEspSWE-0002026-05-29_1,JOHANKARLSSON,202609290745OY4UGOY4,,Citizen Science (ultrasonic) - shared
59~40304+18~07242_20260927_195544.wav,DEV_002_20260927_195544.wav,0,59.40304,18.07242,Phogri,Pholidoptera griseoaptera,Dark Bush-cricket,bush-cricket,0.99,,,27/09/2026,27/09/2026,19:55:44,ClassifEspSWE-0002026-05-29_1,JOHANKARLSSON,202609290745OY4UGOY4,,Citizen Science (ultrasonic) - shared
59~40304+18~07242_20260927_195549.wav,DEV_002_20260927_195549.wav,0,59.40304,18.07242,Phogri,Pholidoptera griseoaptera,Dark Bush-cricket,bush-cricket,0.82,,,27/09/2026,27/09/2026,19:55:49,ClassifEspSWE-0002026-05-29_1,JOHANKARLSSON,202609290745OY4UGOY4,,Citizen Science (ultrasonic) - shared
59~40304+18~07242_20260927_195554.wav,DEV_002_20260927_195554.wav,0,59.40304,18.07242,Phogri,Pholidoptera griseoaptera,Dark Bush-cricket,bush-cricket,0.85,,,27/09/2026,27/09/2026,19:55:54,ClassifEspSWE-0002026-05-29_1,JOHANKARLSSON,202609290745OY4UGOY4,,Citizen Science (ultrasonic) - shared
59~40304+18~07242_20260927_195600.wav,DEV_002_20260927_195600.wav,0,59.40304,18.07242,Phogri,Pholidoptera griseoaptera,Dark Bush-cricket,bush-cricket,0.82,,,27/09/2026,27/09/2026,19:56:00,ClassifEspSWE-0002026-05-29_1,JOHANKARLSSON,202609290745OY4UGOY4,,Citizen Science (ultrasonic) - shared
59~40304+18~07242_20260927_195606.wav,DEV_002_20260927_195606.wav,0,59.40304,18.07242,Phogri,Pholidoptera griseoaptera,Dark Bush-cricket,bush-cricket,0.81,,,27/09/2026,27/09/2026,19:56:06,ClassifEspSWE-0002026-05-29_1,JOHANKARLSSON,202609290745OY4UGOY4,,Citizen Science (ultrasonic) - shared
59~40304+18~07242_20260927_195612.wav,DEV_002_20260927_195612.wav,0,59.40304,18.07242,Phogri,Pholidoptera griseoaptera,Dark Bush-cricket,bush-cricket,0.99,,,27/09/2026,27/09/2026,19:56:12,ClassifEspSWE-0002026-05-29_1,JOHANKARLSSON,202609290745OY4UGOY4,,Citizen Science (ultrasonic) - shared
59~40304+18~07242_20260927_195620.wav,DEV_002_20260927_195620.wav,0,59.40304,18.07242,Phogri,Pholidoptera griseoaptera,Dark Bush-cricket,bush-cricket,0.74,,,27/09/2026,27/09/2026,19:56:20,ClassifEspSWE-0002026-05-29_1,JOHANKARLSSON,202609290745OY4UGOY4,,Citizen Science (ultrasonic) - shared
59~40304+18~07242_20260927_195626.wav,DEV_002_20260927_195626.wav,0,59.40304,18.07242,Phogri,Pholidoptera griseoaptera,Dark Bush-cricket,bush-cricket,0.98,,,27/09/2026,27/09/2026,19:56:26,ClassifEspSWE-0002026-05-29_1,JOHANKARLSSON,202609290745OY4UGOY4,,Citizen Science (ultrasonic) - shared
59~40304+18~07242_20260927_195632.wav,DEV_002_20260927_195632.wav,0,59.40304,18.07242,Phogri,Pholidoptera griseoaptera,Dark Bush-cricket,bush-cricket,0.81,,,27/09/2026,27/09/2026,19:56:32,ClassifEspSWE-0002026-05-29_1,JOHANKARLSSON,202609290745OY4UGOY4,,Citizen Science (ultrasonic) - shared
59~40304+18~07242_20260927_195637.wav,DEV_002_20260927_195637.wav,0,59.40304,18.07242,Phogri,Pholidoptera griseoaptera,Dark Bush-cricket,bush-cricket,0.95,,,27/09/2026,27/09/2026,19:56:37,ClassifEspSWE-0002026-05-29_1,JOHANKARLSSON,202609290745OY4UGOY4,,Citizen Science (ultrasonic) - shared
59~40304+18~07242_20260927_195642.wav,DEV_002_20260927_195642.wav,0,59.40304,18.07242,Phogri,Pholidoptera griseoaptera,Dark Bush-cricket,bush-cricket,0.67,,,27/09/2026,27/09/2026,19:56:42,ClassifEspSWE-0002026-05-29_1,JOHANKARLSSON,202609290745OY4UGOY4,,Citizen Science (ultrasonic) - shared
59~40304+18~07242_20260927_195647.wav,DEV_002_20260927_195647.wav,0,59.40304,18.07242,Phogri,Pholidoptera griseoaptera,Dark Bush-cricket,bush-cricket,0.97,,,27/09/2026,27/09/2026,19:56:47,ClassifEspSWE-0002026-05-29_1,JOHANKARLSSON,202609290745OY4UGOY4,,Citizen Science (ultrasonic) - shared
59~40304+18~07242_20260927_195653.wav,DEV_002_20260927_195653.wav,0,59.40304,18.07242,Phogri,Pholidoptera griseoaptera,Dark Bush-cricket,bush-cricket,0.93,,,27/09/2026,27/09/2026,19:56:53,ClassifEspSWE-0002026-05-29_1,JOHANKARLSSON,202609290745OY4UGOY4,,Citizen Science (ultrasonic) - shared
59~40304+18~07242_20260927_195658.wav,DEV_002_20260927_195658.wav,0,59.40304,18.07242,Phogri,Pholidoptera griseoaptera,Dark Bush-cricket,bush-cricket,0.99,,,27/09/2026,27/09/2026,19:56:58,ClassifEspSWE-0002026-05-29_1,JOHANKARLSSON,202609290745OY4UGOY4,,Citizen Science (ultrasonic) - shared
59~40304+18~07242_20260927_195704.wav,DEV_002_20260927_195704.wav,0,59.40304,18.07242,Phogri,Pholidoptera griseoaptera,Dark Bush-cricket,bush-cricket,0.98,,,27/09/2026,27/09/2026,19:57:04,ClassifEspSWE-0002026-05-29_1,JOHANKARLSSON,202609290745OY4UGOY4,,Citizen Science (ultrasonic) - shared
59~40304+18~07242_20260927_195709.wav,DEV_002_20260927_195709.wav,0,59.40304,18.07242,Phogri,Pholidoptera griseoaptera,Dark Bush-cricket,bush-cricket,0.65,,,27/09/2026,27/09/2026,19:57:09,ClassifEspSWE-0002026-05-29_1,JOHANKARLSSON,202609290745OY4UGOY4,,Citizen Science (ultrasonic) - shared
59~40304+18~07242_20260927_195715.wav,DEV_002_20260927_195715.wav,0,59.40304,18.07242,Phogri,Pholidoptera griseoaptera,Dark Bush-cricket,bush-cricket,0.82,,,27/09/2026,27/09/2026,19:57:15,ClassifEspSWE-0002026-05-29_1,JOHANKARLSSON,202609290745OY4UGOY4,,Citizen Science (ultrasonic) - shared
59~40304+18~07242_20260927_195722.wav,DEV_002_20260927_195722.wav,0,59.40304,18.07242,Phogri,Pholidoptera griseoaptera,Dark Bush-cricket,bush-cricket,0.99,,,27/09/2026,27/09/2026,19:57:22,ClassifEspSWE-0002026-05-29_1,JOHANKARLSSON,202609290745OY4UGOY4,,Citizen Science (ultrasonic) - shared
59~40304+18~07242_20260927_195728.wav,DEV_002_20260927_195728.wav,0,59.40304,18.07242,Phogri,Pholidoptera griseoaptera,Dark Bush-cricket,bush-cricket,0.97,,,27/09/2026,27/09/2026,19:57:28,ClassifEspSWE-0002026-05-29_1,JOHANKARLSSON,202609290745OY4UGOY4,,Citizen Science (ultrasonic) - shared
59~40304+18~07242_20260927_195733.wav,DEV_002_20260927_195733.wav,0,59.40304,18.07242,Phogri,Pholidoptera griseoaptera,Dark Bush-cricket,bush-cricket,0.97,,,27/09/2026,27/09/2026,19:57:33,ClassifEspSWE-0002026-05-29_1,JOHANKARLSSON,202609290745OY4UGOY4,,Citizen Science (ultrasonic) - shared
59~40304+18~07242_20260927_195739.wav,DEV_002_20260927_195739.wav,0,59.40304,18.07242,Phogri,Pholidoptera griseoaptera,Dark Bush-cricket,bush-cricket,0.99,,,27/09/2026,27/09/2026,19:57:39,ClassifEspSWE-0002026-05-29_1,JOHANKARLSSON,202609290745OY4UGOY4,,Citizen Science (ultrasonic) - shared
59~40304+18~07242_20260927_195745.wav,DEV_002_20260927_195745.wav,0,59.40304,18.07242,Phogri,Pholidoptera griseoaptera,Dark Bush-cricket,bush-cricket,0.99,,,27/09/2026,27/09/2026,19:57:45,ClassifEspSWE-0002026-05-29_1,JOHANKARLSSON,202609290745OY4UGOY4,,Citizen Science (ultrasonic) - shared
59~40304+18~07242_20260927_195751.wav,DEV_002_20260927_195751.wav,0,59.40304,18.07242,Phogri,Pholidoptera griseoaptera,Dark Bush-cricket,bush-cricket,0.98,,,27/09/2026,27/09/2026,19:57:51,ClassifEspSWE-0002026-05-29_1,JOHANKARLSSON,202609290745OY4UGOY4,,Citizen Science (ultrasonic) - shared
59~40304+18~07242_20260927_195757.wav,DEV_002_20260927_195757.wav,0,59.40304,18.07242,Phogri,Pholidoptera griseoaptera,Dark Bush-cricket,bush-cricket,0.98,,,27/09/2026,27/09/2026,19:57:57,ClassifEspSWE-0002026-05-29_1,JOHANKARLSSON,202609290745OY4UGOY4,,Citizen Science (ultrasonic) - shared
59~40304+18~07242_20260927_195802.wav,DEV_002_20260927_195802.wav,0,59.40304,18.07242,Phogri,Pholidoptera griseoaptera,Dark Bush-cricket,bush-cricket,0.87,,,27/09/2026,27/09/2026,19:58:02,ClassifEspSWE-0002026-05-29_1,JOHANKARLSSON,202609290745OY4UGOY4,,Citizen Science (ultrasonic) - shared
59~40304+18~07242_20260927_195808.wav,DEV_002_20260927_195808.wav,0,59.40304,18.07242,Phogri,Pholidoptera griseoaptera,Dark Bush-cricket,bush-cricket,0.91,,,27/09/2026,27/09/2026,19:58:08,ClassifEspSWE-0002026-05-29_1,JOHANKARLSSON,202609290745OY4UGOY4,,Citizen Science (ultrasonic) - shared
59~40304+18~07242_20260927_195814.wav,DEV_002_20260927_195814.wav,0,59.40304,18.07242,Phogri,Pholidoptera griseoaptera,Dark Bush-cricket,bush-cricket,0.88,,,27/09/2026,27/09/2026,19:58:14,ClassifEspSWE-0002026-05-29_1,JOHANKARLSSON,202609290745OY4UGOY4,,Citizen Science (ultrasonic) - shared
59~40304+18~07242_20260927_195820.wav,DEV_002_20260927_195820.wav,0,59.40304,18.07242,Phogri,Pholidoptera griseoaptera,Dark Bush-cricket,bush-cricket,0.94,,,27/09/2026,27/09/2026,19:58:20,ClassifEspSWE-0002026-05-29_1,JOHANKARLSSON,202609290745OY4UGOY4,,Citizen Science (ultrasonic) - shared
59~40304+18~07242_20260927_195826.wav,DEV_002_20260927_195826.wav,0,59.40304,18.07242,Phogri,Pholidoptera griseoaptera,Dark Bush-cricket,bush-cricket,0.93,,,27/09/2026,27/09/2026,19:58:26,ClassifEspSWE-0002026-05-29_1,JOHANKARLSSON,202609290745OY4UGOY4,,Citizen Science (ultrasonic) - shared
59~40304+18~07242_20260927_195833.wav,DEV_002_20260927_195833.wav,0,59.40304,18.07242,Phogri,Pholidoptera griseoaptera,Dark Bush-cricket,bush-cricket,0.99,,,27/09/2026,27/09/2026,19:58:33,ClassifEspSWE-0002026-05-29_1,JOHANKARLSSON,202609290745OY4UGOY4,,Citizen Science (ultrasonic) - shared
59~40304+18~07242_20260927_195839.wav,DEV_002_20260927_195839.wav,0,59.40304,18.07242,Phogri,Pholidoptera griseoaptera,Dark Bush-cricket,bush-cricket,0.83,,,27/09/2026,27/09/2026,19:58:39,ClassifEspSWE-0002026-05-29_1,JOHANKARLSSON,202609290745OY4UGOY4,,Citizen Science (ultrasonic) - shared
59~40304+18~07242_20260927_195845.wav,DEV_002_20260927_195845.wav,0,59.40304,18.07242,Phogri,Pholidoptera griseoaptera,Dark Bush-cricket,bush-cricket,0.93,,,27/09/2026,27/09/2026,19:58:45,ClassifEspSWE-0002026-05-29_1,JOHANKARLSSON,202609290745OY4UGOY4,,Citizen Science (ultrasonic) - shared
59~40304+18~07242_20260927_195852.wav,DEV_002_20260927_195852.wav,0,59.40304,18.07242,Phogri,Pholidoptera griseoaptera,Dark Bush-cricket,bush-cricket,0.99,,,27/09/2026,27/09/2026,19:58:52,ClassifEspSWE-0002026-05-29_1,JOHANKARLSSON,202609290745OY4UGOY4,,Citizen Science (ultrasonic) - shared
59~40304+18~07242_20260927_195857.wav,DEV_002_20260927_195857.wav,0,59.40304,18.07242,Phogri,Pholidoptera griseoaptera,Dark Bush-cricket,bush-cricket,0.93,,,27/09/2026,27/09/2026,19:58:57,ClassifEspSWE-0002026-05-29_1,JOHANKARLSSON,202609290745OY4UGOY4,,Citizen Science (ultrasonic) - shared
59~40304+18~07242_20260927_195903.wav,DEV_002_20260927_195903.wav,0,59.40304,18.07242,Phogri,Pholidoptera griseoaptera,Dark Bush-cricket,bush-cricket,0.76,,,27/09/2026,27/09/2026,19:59:03,ClassifEspSWE-0002026-05-29_1,JOHANKARLSSON,202609290745OY4UGOY4,,Citizen Science (ultrasonic) - shared
59~40304+18~07242_20260927_195909.wav,DEV_002_20260927_195909.wav,0,59.40304,18.07242,Phogri,Pholidoptera griseoaptera,Dark Bush-cricket,bush-cricket,0.93,,,27/09/2026,27/09/2026,19:59:09,ClassifEspSWE-0002026-05-29_1,JOHANKARLSSON,202609290745OY4UGOY4,,Citizen Science (ultrasonic) - shared
59~40304+18~07242_20260927_195915.wav,DEV_002_20260927_195915.wav,0,59.40304,18.07242,Phogri,Pholidoptera griseoaptera,Dark Bush-cricket,bush-cricket,0.98,,,27/09/2026,27/09/2026,19:59:15,ClassifEspSWE-0002026-05-29_1,JOHANKARLSSON,202609290745OY4UGOY4,,Citizen Science (ultrasonic) - shared
59~40304+18~07242_20260927_195922.wav,DEV_002_20260927_195922.wav,0,59.40304,18.07242,Phogri,Pholidoptera griseoaptera,Dark Bush-cricket,bush-cricket,0.96,,,27/09/2026,27/09/2026,19:59:22,ClassifEspSWE-0002026-05-29_1,JOHANKARLSSON,202609290745OY4UGOY4,,Citizen Science (ultrasonic) - shared
59~40304+18~07242_20260927_195928.wav,DEV_002_20260927_195928.wav,0,59.40304,18.07242,Phogri,Pholidoptera griseoaptera,Dark Bush-cricket,bush-cricket,0.98,,,27/09/2026,27/09/2026,19:59:28,ClassifEspSWE-0002026-05-29_1,JOHANKARLSSON,202609290745OY4UGOY4,,Citizen Science (ultrasonic) - shared
59~40304+18~07242_20260927_195935.wav,DEV_002_20260927_195935.wav,0,59.40304,18.07242,Phogri,Pholidoptera griseoaptera,Dark Bush-cricket,bush-cricket,0.88,,,27/09/2026,27/09/2026,19:59:35,ClassifEspSWE-0002026-05-29_1,JOHANKARLSSON,202609290745OY4UGOY4,,Citizen Science (ultrasonic) - shared
59~40304+18~07242_20260927_195940.wav,DEV_002_20260927_195940.wav,0,59.40304,18.07242,Phogri,Pholidoptera griseoaptera,Dark Bush-cricket,bush-cricket,0.99,,,27/09/2026,27/09/2026,19:59:40,ClassifEspSWE-0002026-05-29_1,JOHANKARLSSON,202609290745OY4UGOY4,,Citizen Science (ultrasonic) - shared
59~40304+18~07242_20260927_195946.wav,DEV_002_20260927_195946.wav,0,59.40304,18.07242,Phogri,Pholidoptera griseoaptera,Dark Bush-cricket,bush-cricket,0.98,,,27/09/2026,27/09/2026,19:59:46,ClassifEspSWE-0002026-05-29_1,JOHANKARLSSON,202609290745OY4UGOY4,,Citizen Science (ultrasonic) - shared
59~40304+18~07242_20260927_195951.wav,DEV_002_20260927_195951.wav,0,59.40304,18.07242,Phogri,Pholidoptera griseoaptera,Dark Bush-cricket,bush-cricket,0.99,,,27/09/2026,27/09/2026,19:59:51,ClassifEspSWE-0002026-05-29_1,JOHANKARLSSON,202609290745OY4UGOY4,,Citizen Science (ultrasonic) - shared
59~40304+18~07242_20260927_195957.wav,DEV_002_20260927_195957.wav,0,59.40304,18.07242,Phogri,Pholidoptera griseoaptera,Dark Bush-cricket,bush-cricket,0.91,,,27/09/2026,27/09/2026,19:59:57,ClassifEspSWE-0002026-05-29_1,JOHANKARLSSON,202609290745OY4UGOY4,,Citizen Science (ultrasonic) - shared
59~40304+18~07242_20260927_190300.wav,DEV_002_20260927_190300.wav,0,59.40304,18.07242,No ID,,,,,,,27/09/2026,27/09/2026,19:03:00,ClassifEspSWE-0002026-05-29_1,JOHANKARLSSON,202609290745OY4UGOY4,,Citizen Science (ultrasonic) - shared
59~40304+18~07242_20260927_190311.wav,DEV_002_20260927_190311.wav,0,59.40304,18.07242,No ID,,,,,,,27/09/2026,27/09/2026,19:03:11,ClassifEspSWE-0002026-05-29_1,JOHANKARLSSON,202609290745OY4UGOY4,,Citizen Science (ultrasonic) - shared
59~40304+18~07242_20260927_190339.wav,DEV_002_20260927_190339.wav,0,59.40304,18.07242,No ID,,,,,,,27/09/2026,27/09/2026,19:03:39,ClassifEspSWE-0002026-05-29_1,JOHANKARLSSON,202609290745OY4UGOY4,,Citizen Science (ultrasonic) - shared
59~40304+18~07242_20260927_190944.wav,DEV_002_20260927_190944.wav,0,59.40304,18.07242,No ID,,,,,,,27/09/2026,27/09/2026,19:09:44,ClassifEspSWE-0002026-05-29_1,JOHANKARLSSON,202609290745OY4UGOY4,,Citizen Science (ultrasonic) - shared
59~40304+18~07242_20260927_191744.wav,DEV_002_20260927_191744.wav,0,59.40304,18.07242,No ID,,,,,,,27/09/2026,27/09/2026,19:17:44,ClassifEspSWE-0002026-05-29_1,JOHANKARLSSON,202609290745OY4UGOY4,,Citizen Science (ultrasonic) - shared