RECORDING FILE NAME,ORIGINAL FILE NAME,ORIGINAL FILE PART,LATITUDE,LONGITUDE,SPECIES,SCIENTIFIC NAME,ENGLISH NAME,SPECIES GROUP,PROBABILITY,WARNINGS,CALL TYPE,ACTUAL DATE,SURVEY DATE,TIME,CLASSIFIER NAME,USER ID,UPLOAD KEY,BATCH NAME,PROJECT NAME
59~40306+18~07249_20260926_053459.wav,DEV_001_20260926_053459.wav,0,59.40306,18.07249,Nycnoc,Nyctalus noctula,Noctule,bat,0.95,,echolocation,26/09/2026,25/09/2026,05:34:59,ClassifEspSWE-0002026-05-29_1,JOHANKARLSSON,202609261754ILYQJGW1,2026_26_sep_05,Citizen Science (ultrasonic) - shared
59~40306+18~07249_20260926_051940.wav,DEV_001_20260926_051940.wav,0,59.40306,18.07249,Pippyg,Pipistrellus pygmaeus,Soprano Pipistrelle,bat,0.97,,echolocation,26/09/2026,25/09/2026,05:19:40,ClassifEspSWE-0002026-05-29_1,JOHANKARLSSON,202609261754ILYQJGW1,2026_26_sep_05,Citizen Science (ultrasonic) - shared
59~40306+18~07249_20260926_051940.wav,DEV_001_20260926_051940.wav,0,59.40306,18.07249,Pippyg,Pipistrellus pygmaeus,Soprano Pipistrelle,bat,0.88,,social,26/09/2026,25/09/2026,05:19:40,ClassifEspSWE-0002026-05-29_1,JOHANKARLSSON,202609261754ILYQJGW1,2026_26_sep_05,Citizen Science (ultrasonic) - shared
59~40306+18~07249_20260926_053412.wav,DEV_001_20260926_053412.wav,0,59.40306,18.07249,Pippyg,Pipistrellus pygmaeus,Soprano Pipistrelle,bat,0.18,Low confidence,echolocation,26/09/2026,25/09/2026,05:34:12,ClassifEspSWE-0002026-05-29_1,JOHANKARLSSON,202609261754ILYQJGW1,2026_26_sep_05,Citizen Science (ultrasonic) - shared
59~40306+18~07249_20260926_053418.wav,DEV_001_20260926_053418.wav,0,59.40306,18.07249,Pippyg,Pipistrellus pygmaeus,Soprano Pipistrelle,bat,0.88,,echolocation,26/09/2026,25/09/2026,05:34:18,ClassifEspSWE-0002026-05-29_1,JOHANKARLSSON,202609261754ILYQJGW1,2026_26_sep_05,Citizen Science (ultrasonic) - shared
59~40306+18~07249_20260926_055225.wav,DEV_001_20260926_055225.wav,0,59.40306,18.07249,Pippyg,Pipistrellus pygmaeus,Soprano Pipistrelle,bat,0.24,,social,26/09/2026,25/09/2026,05:52:25,ClassifEspSWE-0002026-05-29_1,JOHANKARLSSON,202609261754ILYQJGW1,2026_26_sep_05,Citizen Science (ultrasonic) - shared
59~40306+18~07249_20260926_055803.wav,DEV_001_20260926_055803.wav,0,59.40306,18.07249,Pippyg,Pipistrellus pygmaeus,Soprano Pipistrelle,bat,0.64,,echolocation,26/09/2026,25/09/2026,05:58:03,ClassifEspSWE-0002026-05-29_1,JOHANKARLSSON,202609261754ILYQJGW1,2026_26_sep_05,Citizen Science (ultrasonic) - shared
59~40306+18~07249_20260926_054330.wav,DEV_001_20260926_054330.wav,0,59.40306,18.07249,bird,Aves sp.,Unidentified bird,bird,0.17,Low confidence,,26/09/2026,25/09/2026,05:43:30,ClassifEspSWE-0002026-05-29_1,JOHANKARLSSON,202609261754ILYQJGW1,2026_26_sep_05,Citizen Science (ultrasonic) - shared
59~40306+18~07249_20260926_055003.wav,DEV_001_20260926_055003.wav,0,59.40306,18.07249,bird,Aves sp.,Unidentified bird,bird,0.19,Low confidence,,26/09/2026,25/09/2026,05:50:03,ClassifEspSWE-0002026-05-29_1,JOHANKARLSSON,202609261754ILYQJGW1,2026_26_sep_05,Citizen Science (ultrasonic) - shared
59~40306+18~07249_20260926_055554.wav,DEV_001_20260926_055554.wav,0,59.40306,18.07249,bird,Aves sp.,Unidentified bird,bird,0.15,Low confidence,,26/09/2026,25/09/2026,05:55:54,ClassifEspSWE-0002026-05-29_1,JOHANKARLSSON,202609261754ILYQJGW1,2026_26_sep_05,Citizen Science (ultrasonic) - shared
59~40306+18~07249_20260926_050003.wav,DEV_001_20260926_050003.wav,0,59.40306,18.07249,Leppun,Leptophyes punctatissima,Speckled Bush-cricket,bush-cricket,0.99,,,26/09/2026,25/09/2026,05:00:03,ClassifEspSWE-0002026-05-29_1,JOHANKARLSSON,202609261754ILYQJGW1,2026_26_sep_05,Citizen Science (ultrasonic) - shared
59~40306+18~07249_20260926_050010.wav,DEV_001_20260926_050010.wav,0,59.40306,18.07249,Leppun,Leptophyes punctatissima,Speckled Bush-cricket,bush-cricket,0.99,,,26/09/2026,25/09/2026,05:00:10,ClassifEspSWE-0002026-05-29_1,JOHANKARLSSON,202609261754ILYQJGW1,2026_26_sep_05,Citizen Science (ultrasonic) - shared
59~40306+18~07249_20260926_050016.wav,DEV_001_20260926_050016.wav,0,59.40306,18.07249,Leppun,Leptophyes punctatissima,Speckled Bush-cricket,bush-cricket,0.99,,,26/09/2026,25/09/2026,05:00:16,ClassifEspSWE-0002026-05-29_1,JOHANKARLSSON,202609261754ILYQJGW1,2026_26_sep_05,Citizen Science (ultrasonic) - shared
59~40306+18~07249_20260926_050021.wav,DEV_001_20260926_050021.wav,0,59.40306,18.07249,Leppun,Leptophyes punctatissima,Speckled Bush-cricket,bush-cricket,0.99,,,26/09/2026,25/09/2026,05:00:21,ClassifEspSWE-0002026-05-29_1,JOHANKARLSSON,202609261754ILYQJGW1,2026_26_sep_05,Citizen Science (ultrasonic) - shared
59~40306+18~07249_20260926_050030.wav,DEV_001_20260926_050030.wav,0,59.40306,18.07249,Leppun,Leptophyes punctatissima,Speckled Bush-cricket,bush-cricket,0.99,,,26/09/2026,25/09/2026,05:00:30,ClassifEspSWE-0002026-05-29_1,JOHANKARLSSON,202609261754ILYQJGW1,2026_26_sep_05,Citizen Science (ultrasonic) - shared
59~40306+18~07249_20260926_050038.wav,DEV_001_20260926_050038.wav,0,59.40306,18.07249,Leppun,Leptophyes punctatissima,Speckled Bush-cricket,bush-cricket,0.99,,,26/09/2026,25/09/2026,05:00:38,ClassifEspSWE-0002026-05-29_1,JOHANKARLSSON,202609261754ILYQJGW1,2026_26_sep_05,Citizen Science (ultrasonic) - shared
59~40306+18~07249_20260926_050044.wav,DEV_001_20260926_050044.wav,0,59.40306,18.07249,Leppun,Leptophyes punctatissima,Speckled Bush-cricket,bush-cricket,0.99,,,26/09/2026,25/09/2026,05:00:44,ClassifEspSWE-0002026-05-29_1,JOHANKARLSSON,202609261754ILYQJGW1,2026_26_sep_05,Citizen Science (ultrasonic) - shared
59~40306+18~07249_20260926_050053.wav,DEV_001_20260926_050053.wav,0,59.40306,18.07249,Leppun,Leptophyes punctatissima,Speckled Bush-cricket,bush-cricket,0.99,,,26/09/2026,25/09/2026,05:00:53,ClassifEspSWE-0002026-05-29_1,JOHANKARLSSON,202609261754ILYQJGW1,2026_26_sep_05,Citizen Science (ultrasonic) - shared
59~40306+18~07249_20260926_050059.wav,DEV_001_20260926_050059.wav,0,59.40306,18.07249,Leppun,Leptophyes punctatissima,Speckled Bush-cricket,bush-cricket,0.99,,,26/09/2026,25/09/2026,05:00:59,ClassifEspSWE-0002026-05-29_1,JOHANKARLSSON,202609261754ILYQJGW1,2026_26_sep_05,Citizen Science (ultrasonic) - shared
59~40306+18~07249_20260926_050105.wav,DEV_001_20260926_050105.wav,0,59.40306,18.07249,Leppun,Leptophyes punctatissima,Speckled Bush-cricket,bush-cricket,0.99,,,26/09/2026,25/09/2026,05:01:05,ClassifEspSWE-0002026-05-29_1,JOHANKARLSSON,202609261754ILYQJGW1,2026_26_sep_05,Citizen Science (ultrasonic) - shared
59~40306+18~07249_20260926_050117.wav,DEV_001_20260926_050117.wav,0,59.40306,18.07249,Leppun,Leptophyes punctatissima,Speckled Bush-cricket,bush-cricket,0.99,,,26/09/2026,25/09/2026,05:01:17,ClassifEspSWE-0002026-05-29_1,JOHANKARLSSON,202609261754ILYQJGW1,2026_26_sep_05,Citizen Science (ultrasonic) - shared
59~40306+18~07249_20260926_050125.wav,DEV_001_20260926_050125.wav,0,59.40306,18.07249,Leppun,Leptophyes punctatissima,Speckled Bush-cricket,bush-cricket,0.99,,,26/09/2026,25/09/2026,05:01:25,ClassifEspSWE-0002026-05-29_1,JOHANKARLSSON,202609261754ILYQJGW1,2026_26_sep_05,Citizen Science (ultrasonic) - shared
59~40306+18~07249_20260926_050134.wav,DEV_001_20260926_050134.wav,0,59.40306,18.07249,Leppun,Leptophyes punctatissima,Speckled Bush-cricket,bush-cricket,0.99,,,26/09/2026,25/09/2026,05:01:34,ClassifEspSWE-0002026-05-29_1,JOHANKARLSSON,202609261754ILYQJGW1,2026_26_sep_05,Citizen Science (ultrasonic) - shared
59~40306+18~07249_20260926_050141.wav,DEV_001_20260926_050141.wav,0,59.40306,18.07249,Leppun,Leptophyes punctatissima,Speckled Bush-cricket,bush-cricket,0.99,,,26/09/2026,25/09/2026,05:01:41,ClassifEspSWE-0002026-05-29_1,JOHANKARLSSON,202609261754ILYQJGW1,2026_26_sep_05,Citizen Science (ultrasonic) - shared
59~40306+18~07249_20260926_050149.wav,DEV_001_20260926_050149.wav,0,59.40306,18.07249,Leppun,Leptophyes punctatissima,Speckled Bush-cricket,bush-cricket,0.99,,,26/09/2026,25/09/2026,05:01:49,ClassifEspSWE-0002026-05-29_1,JOHANKARLSSON,202609261754ILYQJGW1,2026_26_sep_05,Citizen Science (ultrasonic) - shared
59~40306+18~07249_20260926_050155.wav,DEV_001_20260926_050155.wav,0,59.40306,18.07249,Leppun,Leptophyes punctatissima,Speckled Bush-cricket,bush-cricket,0.99,,,26/09/2026,25/09/2026,05:01:55,ClassifEspSWE-0002026-05-29_1,JOHANKARLSSON,202609261754ILYQJGW1,2026_26_sep_05,Citizen Science (ultrasonic) - shared
59~40306+18~07249_20260926_050201.wav,DEV_001_20260926_050201.wav,0,59.40306,18.07249,Leppun,Leptophyes punctatissima,Speckled Bush-cricket,bush-cricket,0.99,,,26/09/2026,25/09/2026,05:02:01,ClassifEspSWE-0002026-05-29_1,JOHANKARLSSON,202609261754ILYQJGW1,2026_26_sep_05,Citizen Science (ultrasonic) - shared
59~40306+18~07249_20260926_050206.wav,DEV_001_20260926_050206.wav,0,59.40306,18.07249,Leppun,Leptophyes punctatissima,Speckled Bush-cricket,bush-cricket,0.99,,,26/09/2026,25/09/2026,05:02:06,ClassifEspSWE-0002026-05-29_1,JOHANKARLSSON,202609261754ILYQJGW1,2026_26_sep_05,Citizen Science (ultrasonic) - shared
59~40306+18~07249_20260926_050214.wav,DEV_001_20260926_050214.wav,0,59.40306,18.07249,Leppun,Leptophyes punctatissima,Speckled Bush-cricket,bush-cricket,0.99,,,26/09/2026,25/09/2026,05:02:14,ClassifEspSWE-0002026-05-29_1,JOHANKARLSSON,202609261754ILYQJGW1,2026_26_sep_05,Citizen Science (ultrasonic) - shared
59~40306+18~07249_20260926_050222.wav,DEV_001_20260926_050222.wav,0,59.40306,18.07249,Leppun,Leptophyes punctatissima,Speckled Bush-cricket,bush-cricket,0.99,,,26/09/2026,25/09/2026,05:02:22,ClassifEspSWE-0002026-05-29_1,JOHANKARLSSON,202609261754ILYQJGW1,2026_26_sep_05,Citizen Science (ultrasonic) - shared
59~40306+18~07249_20260926_050230.wav,DEV_001_20260926_050230.wav,0,59.40306,18.07249,Leppun,Leptophyes punctatissima,Speckled Bush-cricket,bush-cricket,0.99,,,26/09/2026,25/09/2026,05:02:30,ClassifEspSWE-0002026-05-29_1,JOHANKARLSSON,202609261754ILYQJGW1,2026_26_sep_05,Citizen Science (ultrasonic) - shared
59~40306+18~07249_20260926_050236.wav,DEV_001_20260926_050236.wav,0,59.40306,18.07249,Leppun,Leptophyes punctatissima,Speckled Bush-cricket,bush-cricket,0.99,,,26/09/2026,25/09/2026,05:02:36,ClassifEspSWE-0002026-05-29_1,JOHANKARLSSON,202609261754ILYQJGW1,2026_26_sep_05,Citizen Science (ultrasonic) - shared
59~40306+18~07249_20260926_050242.wav,DEV_001_20260926_050242.wav,0,59.40306,18.07249,Leppun,Leptophyes punctatissima,Speckled Bush-cricket,bush-cricket,0.99,,,26/09/2026,25/09/2026,05:02:42,ClassifEspSWE-0002026-05-29_1,JOHANKARLSSON,202609261754ILYQJGW1,2026_26_sep_05,Citizen Science (ultrasonic) - shared
59~40306+18~07249_20260926_050248.wav,DEV_001_20260926_050248.wav,0,59.40306,18.07249,Leppun,Leptophyes punctatissima,Speckled Bush-cricket,bush-cricket,0.99,,,26/09/2026,25/09/2026,05:02:48,ClassifEspSWE-0002026-05-29_1,JOHANKARLSSON,202609261754ILYQJGW1,2026_26_sep_05,Citizen Science (ultrasonic) - shared
59~40306+18~07249_20260926_050255.wav,DEV_001_20260926_050255.wav,0,59.40306,18.07249,Leppun,Leptophyes punctatissima,Speckled Bush-cricket,bush-cricket,0.99,,,26/09/2026,25/09/2026,05:02:55,ClassifEspSWE-0002026-05-29_1,JOHANKARLSSON,202609261754ILYQJGW1,2026_26_sep_05,Citizen Science (ultrasonic) - shared
59~40306+18~07249_20260926_050300.wav,DEV_001_20260926_050300.wav,0,59.40306,18.07249,Leppun,Leptophyes punctatissima,Speckled Bush-cricket,bush-cricket,0.99,,,26/09/2026,25/09/2026,05:03:00,ClassifEspSWE-0002026-05-29_1,JOHANKARLSSON,202609261754ILYQJGW1,2026_26_sep_05,Citizen Science (ultrasonic) - shared
59~40306+18~07249_20260926_050306.wav,DEV_001_20260926_050306.wav,0,59.40306,18.07249,Leppun,Leptophyes punctatissima,Speckled Bush-cricket,bush-cricket,0.99,,,26/09/2026,25/09/2026,05:03:06,ClassifEspSWE-0002026-05-29_1,JOHANKARLSSON,202609261754ILYQJGW1,2026_26_sep_05,Citizen Science (ultrasonic) - shared
59~40306+18~07249_20260926_050311.wav,DEV_001_20260926_050311.wav,0,59.40306,18.07249,Leppun,Leptophyes punctatissima,Speckled Bush-cricket,bush-cricket,0.97,,,26/09/2026,25/09/2026,05:03:11,ClassifEspSWE-0002026-05-29_1,JOHANKARLSSON,202609261754ILYQJGW1,2026_26_sep_05,Citizen Science (ultrasonic) - shared
59~40306+18~07249_20260926_050316.wav,DEV_001_20260926_050316.wav,0,59.40306,18.07249,Leppun,Leptophyes punctatissima,Speckled Bush-cricket,bush-cricket,0.99,,,26/09/2026,25/09/2026,05:03:16,ClassifEspSWE-0002026-05-29_1,JOHANKARLSSON,202609261754ILYQJGW1,2026_26_sep_05,Citizen Science (ultrasonic) - shared
59~40306+18~07249_20260926_050323.wav,DEV_001_20260926_050323.wav,0,59.40306,18.07249,Leppun,Leptophyes punctatissima,Speckled Bush-cricket,bush-cricket,0.99,,,26/09/2026,25/09/2026,05:03:23,ClassifEspSWE-0002026-05-29_1,JOHANKARLSSON,202609261754ILYQJGW1,2026_26_sep_05,Citizen Science (ultrasonic) - shared
59~40306+18~07249_20260926_050328.wav,DEV_001_20260926_050328.wav,0,59.40306,18.07249,Leppun,Leptophyes punctatissima,Speckled Bush-cricket,bush-cricket,0.99,,,26/09/2026,25/09/2026,05:03:28,ClassifEspSWE-0002026-05-29_1,JOHANKARLSSON,202609261754ILYQJGW1,2026_26_sep_05,Citizen Science (ultrasonic) - shared
59~40306+18~07249_20260926_050335.wav,DEV_001_20260926_050335.wav,0,59.40306,18.07249,Leppun,Leptophyes punctatissima,Speckled Bush-cricket,bush-cricket,0.99,,,26/09/2026,25/09/2026,05:03:35,ClassifEspSWE-0002026-05-29_1,JOHANKARLSSON,202609261754ILYQJGW1,2026_26_sep_05,Citizen Science (ultrasonic) - shared
59~40306+18~07249_20260926_050341.wav,DEV_001_20260926_050341.wav,0,59.40306,18.07249,Leppun,Leptophyes punctatissima,Speckled Bush-cricket,bush-cricket,0.99,,,26/09/2026,25/09/2026,05:03:41,ClassifEspSWE-0002026-05-29_1,JOHANKARLSSON,202609261754ILYQJGW1,2026_26_sep_05,Citizen Science (ultrasonic) - shared
59~40306+18~07249_20260926_050346.wav,DEV_001_20260926_050346.wav,0,59.40306,18.07249,Leppun,Leptophyes punctatissima,Speckled Bush-cricket,bush-cricket,0.99,,,26/09/2026,25/09/2026,05:03:46,ClassifEspSWE-0002026-05-29_1,JOHANKARLSSON,202609261754ILYQJGW1,2026_26_sep_05,Citizen Science (ultrasonic) - shared
59~40306+18~07249_20260926_050352.wav,DEV_001_20260926_050352.wav,0,59.40306,18.07249,Leppun,Leptophyes punctatissima,Speckled Bush-cricket,bush-cricket,0.99,,,26/09/2026,25/09/2026,05:03:52,ClassifEspSWE-0002026-05-29_1,JOHANKARLSSON,202609261754ILYQJGW1,2026_26_sep_05,Citizen Science (ultrasonic) - shared
59~40306+18~07249_20260926_050359.wav,DEV_001_20260926_050359.wav,0,59.40306,18.07249,Leppun,Leptophyes punctatissima,Speckled Bush-cricket,bush-cricket,0.99,,,26/09/2026,25/09/2026,05:03:59,ClassifEspSWE-0002026-05-29_1,JOHANKARLSSON,202609261754ILYQJGW1,2026_26_sep_05,Citizen Science (ultrasonic) - shared
59~40306+18~07249_20260926_050406.wav,DEV_001_20260926_050406.wav,0,59.40306,18.07249,Leppun,Leptophyes punctatissima,Speckled Bush-cricket,bush-cricket,0.99,,,26/09/2026,25/09/2026,05:04:06,ClassifEspSWE-0002026-05-29_1,JOHANKARLSSON,202609261754ILYQJGW1,2026_26_sep_05,Citizen Science (ultrasonic) - shared
59~40306+18~07249_20260926_050412.wav,DEV_001_20260926_050412.wav,0,59.40306,18.07249,Leppun,Leptophyes punctatissima,Speckled Bush-cricket,bush-cricket,0.99,,,26/09/2026,25/09/2026,05:04:12,ClassifEspSWE-0002026-05-29_1,JOHANKARLSSON,202609261754ILYQJGW1,2026_26_sep_05,Citizen Science (ultrasonic) - shared
59~40306+18~07249_20260926_050419.wav,DEV_001_20260926_050419.wav,0,59.40306,18.07249,Leppun,Leptophyes punctatissima,Speckled Bush-cricket,bush-cricket,0.99,,,26/09/2026,25/09/2026,05:04:19,ClassifEspSWE-0002026-05-29_1,JOHANKARLSSON,202609261754ILYQJGW1,2026_26_sep_05,Citizen Science (ultrasonic) - shared
59~40306+18~07249_20260926_050425.wav,DEV_001_20260926_050425.wav,0,59.40306,18.07249,Leppun,Leptophyes punctatissima,Speckled Bush-cricket,bush-cricket,0.99,,,26/09/2026,25/09/2026,05:04:25,ClassifEspSWE-0002026-05-29_1,JOHANKARLSSON,202609261754ILYQJGW1,2026_26_sep_05,Citizen Science (ultrasonic) - shared
59~40306+18~07249_20260926_050430.wav,DEV_001_20260926_050430.wav,0,59.40306,18.07249,Leppun,Leptophyes punctatissima,Speckled Bush-cricket,bush-cricket,0.99,,,26/09/2026,25/09/2026,05:04:30,ClassifEspSWE-0002026-05-29_1,JOHANKARLSSON,202609261754ILYQJGW1,2026_26_sep_05,Citizen Science (ultrasonic) - shared
59~40306+18~07249_20260926_050436.wav,DEV_001_20260926_050436.wav,0,59.40306,18.07249,Leppun,Leptophyes punctatissima,Speckled Bush-cricket,bush-cricket,0.99,,,26/09/2026,25/09/2026,05:04:36,ClassifEspSWE-0002026-05-29_1,JOHANKARLSSON,202609261754ILYQJGW1,2026_26_sep_05,Citizen Science (ultrasonic) - shared
59~40306+18~07249_20260926_050442.wav,DEV_001_20260926_050442.wav,0,59.40306,18.07249,Leppun,Leptophyes punctatissima,Speckled Bush-cricket,bush-cricket,0.99,,,26/09/2026,25/09/2026,05:04:42,ClassifEspSWE-0002026-05-29_1,JOHANKARLSSON,202609261754ILYQJGW1,2026_26_sep_05,Citizen Science (ultrasonic) - shared
59~40306+18~07249_20260926_050449.wav,DEV_001_20260926_050449.wav,0,59.40306,18.07249,Leppun,Leptophyes punctatissima,Speckled Bush-cricket,bush-cricket,0.99,,,26/09/2026,25/09/2026,05:04:49,ClassifEspSWE-0002026-05-29_1,JOHANKARLSSON,202609261754ILYQJGW1,2026_26_sep_05,Citizen Science (ultrasonic) - shared
59~40306+18~07249_20260926_050454.wav,DEV_001_20260926_050454.wav,0,59.40306,18.07249,Leppun,Leptophyes punctatissima,Speckled Bush-cricket,bush-cricket,0.99,,,26/09/2026,25/09/2026,05:04:54,ClassifEspSWE-0002026-05-29_1,JOHANKARLSSON,202609261754ILYQJGW1,2026_26_sep_05,Citizen Science (ultrasonic) - shared
59~40306+18~07249_20260926_050501.wav,DEV_001_20260926_050501.wav,0,59.40306,18.07249,Leppun,Leptophyes punctatissima,Speckled Bush-cricket,bush-cricket,0.99,,,26/09/2026,25/09/2026,05:05:01,ClassifEspSWE-0002026-05-29_1,JOHANKARLSSON,202609261754ILYQJGW1,2026_26_sep_05,Citizen Science (ultrasonic) - shared
59~40306+18~07249_20260926_050507.wav,DEV_001_20260926_050507.wav,0,59.40306,18.07249,Leppun,Leptophyes punctatissima,Speckled Bush-cricket,bush-cricket,0.99,,,26/09/2026,25/09/2026,05:05:07,ClassifEspSWE-0002026-05-29_1,JOHANKARLSSON,202609261754ILYQJGW1,2026_26_sep_05,Citizen Science (ultrasonic) - shared
59~40306+18~07249_20260926_050514.wav,DEV_001_20260926_050514.wav,0,59.40306,18.07249,Leppun,Leptophyes punctatissima,Speckled Bush-cricket,bush-cricket,0.99,,,26/09/2026,25/09/2026,05:05:14,ClassifEspSWE-0002026-05-29_1,JOHANKARLSSON,202609261754ILYQJGW1,2026_26_sep_05,Citizen Science (ultrasonic) - shared
59~40306+18~07249_20260926_050521.wav,DEV_001_20260926_050521.wav,0,59.40306,18.07249,Leppun,Leptophyes punctatissima,Speckled Bush-cricket,bush-cricket,0.99,,,26/09/2026,25/09/2026,05:05:21,ClassifEspSWE-0002026-05-29_1,JOHANKARLSSON,202609261754ILYQJGW1,2026_26_sep_05,Citizen Science (ultrasonic) - shared
59~40306+18~07249_20260926_050527.wav,DEV_001_20260926_050527.wav,0,59.40306,18.07249,Leppun,Leptophyes punctatissima,Speckled Bush-cricket,bush-cricket,0.99,,,26/09/2026,25/09/2026,05:05:27,ClassifEspSWE-0002026-05-29_1,JOHANKARLSSON,202609261754ILYQJGW1,2026_26_sep_05,Citizen Science (ultrasonic) - shared
59~40306+18~07249_20260926_050534.wav,DEV_001_20260926_050534.wav,0,59.40306,18.07249,Leppun,Leptophyes punctatissima,Speckled Bush-cricket,bush-cricket,0.99,,,26/09/2026,25/09/2026,05:05:34,ClassifEspSWE-0002026-05-29_1,JOHANKARLSSON,202609261754ILYQJGW1,2026_26_sep_05,Citizen Science (ultrasonic) - shared
59~40306+18~07249_20260926_050541.wav,DEV_001_20260926_050541.wav,0,59.40306,18.07249,Leppun,Leptophyes punctatissima,Speckled Bush-cricket,bush-cricket,0.99,,,26/09/2026,25/09/2026,05:05:41,ClassifEspSWE-0002026-05-29_1,JOHANKARLSSON,202609261754ILYQJGW1,2026_26_sep_05,Citizen Science (ultrasonic) - shared
59~40306+18~07249_20260926_050547.wav,DEV_001_20260926_050547.wav,0,59.40306,18.07249,Leppun,Leptophyes punctatissima,Speckled Bush-cricket,bush-cricket,0.99,,,26/09/2026,25/09/2026,05:05:47,ClassifEspSWE-0002026-05-29_1,JOHANKARLSSON,202609261754ILYQJGW1,2026_26_sep_05,Citizen Science (ultrasonic) - shared
59~40306+18~07249_20260926_050553.wav,DEV_001_20260926_050553.wav,0,59.40306,18.07249,Leppun,Leptophyes punctatissima,Speckled Bush-cricket,bush-cricket,0.99,,,26/09/2026,25/09/2026,05:05:53,ClassifEspSWE-0002026-05-29_1,JOHANKARLSSON,202609261754ILYQJGW1,2026_26_sep_05,Citizen Science (ultrasonic) - shared
59~40306+18~07249_20260926_050559.wav,DEV_001_20260926_050559.wav,0,59.40306,18.07249,Leppun,Leptophyes punctatissima,Speckled Bush-cricket,bush-cricket,0.99,,,26/09/2026,25/09/2026,05:05:59,ClassifEspSWE-0002026-05-29_1,JOHANKARLSSON,202609261754ILYQJGW1,2026_26_sep_05,Citizen Science (ultrasonic) - shared
59~40306+18~07249_20260926_050605.wav,DEV_001_20260926_050605.wav,0,59.40306,18.07249,Leppun,Leptophyes punctatissima,Speckled Bush-cricket,bush-cricket,0.99,,,26/09/2026,25/09/2026,05:06:05,ClassifEspSWE-0002026-05-29_1,JOHANKARLSSON,202609261754ILYQJGW1,2026_26_sep_05,Citizen Science (ultrasonic) - shared
59~40306+18~07249_20260926_050612.wav,DEV_001_20260926_050612.wav,0,59.40306,18.07249,Leppun,Leptophyes punctatissima,Speckled Bush-cricket,bush-cricket,0.99,,,26/09/2026,25/09/2026,05:06:12,ClassifEspSWE-0002026-05-29_1,JOHANKARLSSON,202609261754ILYQJGW1,2026_26_sep_05,Citizen Science (ultrasonic) - shared
59~40306+18~07249_20260926_050618.wav,DEV_001_20260926_050618.wav,0,59.40306,18.07249,Leppun,Leptophyes punctatissima,Speckled Bush-cricket,bush-cricket,0.99,,,26/09/2026,25/09/2026,05:06:18,ClassifEspSWE-0002026-05-29_1,JOHANKARLSSON,202609261754ILYQJGW1,2026_26_sep_05,Citizen Science (ultrasonic) - shared
59~40306+18~07249_20260926_050624.wav,DEV_001_20260926_050624.wav,0,59.40306,18.07249,Leppun,Leptophyes punctatissima,Speckled Bush-cricket,bush-cricket,0.99,,,26/09/2026,25/09/2026,05:06:24,ClassifEspSWE-0002026-05-29_1,JOHANKARLSSON,202609261754ILYQJGW1,2026_26_sep_05,Citizen Science (ultrasonic) - shared
59~40306+18~07249_20260926_050631.wav,DEV_001_20260926_050631.wav,0,59.40306,18.07249,Leppun,Leptophyes punctatissima,Speckled Bush-cricket,bush-cricket,0.99,,,26/09/2026,25/09/2026,05:06:31,ClassifEspSWE-0002026-05-29_1,JOHANKARLSSON,202609261754ILYQJGW1,2026_26_sep_05,Citizen Science (ultrasonic) - shared
59~40306+18~07249_20260926_050637.wav,DEV_001_20260926_050637.wav,0,59.40306,18.07249,Leppun,Leptophyes punctatissima,Speckled Bush-cricket,bush-cricket,0.99,,,26/09/2026,25/09/2026,05:06:37,ClassifEspSWE-0002026-05-29_1,JOHANKARLSSON,202609261754ILYQJGW1,2026_26_sep_05,Citizen Science (ultrasonic) - shared
59~40306+18~07249_20260926_050644.wav,DEV_001_20260926_050644.wav,0,59.40306,18.07249,Leppun,Leptophyes punctatissima,Speckled Bush-cricket,bush-cricket,0.99,,,26/09/2026,25/09/2026,05:06:44,ClassifEspSWE-0002026-05-29_1,JOHANKARLSSON,202609261754ILYQJGW1,2026_26_sep_05,Citizen Science (ultrasonic) - shared
59~40306+18~07249_20260926_050650.wav,DEV_001_20260926_050650.wav,0,59.40306,18.07249,Leppun,Leptophyes punctatissima,Speckled Bush-cricket,bush-cricket,0.99,,,26/09/2026,25/09/2026,05:06:50,ClassifEspSWE-0002026-05-29_1,JOHANKARLSSON,202609261754ILYQJGW1,2026_26_sep_05,Citizen Science (ultrasonic) - shared
59~40306+18~07249_20260926_050656.wav,DEV_001_20260926_050656.wav,0,59.40306,18.07249,Leppun,Leptophyes punctatissima,Speckled Bush-cricket,bush-cricket,0.99,,,26/09/2026,25/09/2026,05:06:56,ClassifEspSWE-0002026-05-29_1,JOHANKARLSSON,202609261754ILYQJGW1,2026_26_sep_05,Citizen Science (ultrasonic) - shared
59~40306+18~07249_20260926_050702.wav,DEV_001_20260926_050702.wav,0,59.40306,18.07249,Leppun,Leptophyes punctatissima,Speckled Bush-cricket,bush-cricket,0.99,,,26/09/2026,25/09/2026,05:07:02,ClassifEspSWE-0002026-05-29_1,JOHANKARLSSON,202609261754ILYQJGW1,2026_26_sep_05,Citizen Science (ultrasonic) - shared
59~40306+18~07249_20260926_050709.wav,DEV_001_20260926_050709.wav,0,59.40306,18.07249,Leppun,Leptophyes punctatissima,Speckled Bush-cricket,bush-cricket,0.99,,,26/09/2026,25/09/2026,05:07:09,ClassifEspSWE-0002026-05-29_1,JOHANKARLSSON,202609261754ILYQJGW1,2026_26_sep_05,Citizen Science (ultrasonic) - shared
59~40306+18~07249_20260926_050715.wav,DEV_001_20260926_050715.wav,0,59.40306,18.07249,Leppun,Leptophyes punctatissima,Speckled Bush-cricket,bush-cricket,0.99,,,26/09/2026,25/09/2026,05:07:15,ClassifEspSWE-0002026-05-29_1,JOHANKARLSSON,202609261754ILYQJGW1,2026_26_sep_05,Citizen Science (ultrasonic) - shared
59~40306+18~07249_20260926_050721.wav,DEV_001_20260926_050721.wav,0,59.40306,18.07249,Leppun,Leptophyes punctatissima,Speckled Bush-cricket,bush-cricket,0.99,,,26/09/2026,25/09/2026,05:07:21,ClassifEspSWE-0002026-05-29_1,JOHANKARLSSON,202609261754ILYQJGW1,2026_26_sep_05,Citizen Science (ultrasonic) - shared
59~40306+18~07249_20260926_050728.wav,DEV_001_20260926_050728.wav,0,59.40306,18.07249,Leppun,Leptophyes punctatissima,Speckled Bush-cricket,bush-cricket,0.99,,,26/09/2026,25/09/2026,05:07:28,ClassifEspSWE-0002026-05-29_1,JOHANKARLSSON,202609261754ILYQJGW1,2026_26_sep_05,Citizen Science (ultrasonic) - shared
59~40306+18~07249_20260926_050734.wav,DEV_001_20260926_050734.wav,0,59.40306,18.07249,Leppun,Leptophyes punctatissima,Speckled Bush-cricket,bush-cricket,0.99,,,26/09/2026,25/09/2026,05:07:34,ClassifEspSWE-0002026-05-29_1,JOHANKARLSSON,202609261754ILYQJGW1,2026_26_sep_05,Citizen Science (ultrasonic) - shared
59~40306+18~07249_20260926_050740.wav,DEV_001_20260926_050740.wav,0,59.40306,18.07249,Leppun,Leptophyes punctatissima,Speckled Bush-cricket,bush-cricket,0.99,,,26/09/2026,25/09/2026,05:07:40,ClassifEspSWE-0002026-05-29_1,JOHANKARLSSON,202609261754ILYQJGW1,2026_26_sep_05,Citizen Science (ultrasonic) - shared
59~40306+18~07249_20260926_050746.wav,DEV_001_20260926_050746.wav,0,59.40306,18.07249,Leppun,Leptophyes punctatissima,Speckled Bush-cricket,bush-cricket,0.99,,,26/09/2026,25/09/2026,05:07:46,ClassifEspSWE-0002026-05-29_1,JOHANKARLSSON,202609261754ILYQJGW1,2026_26_sep_05,Citizen Science (ultrasonic) - shared
59~40306+18~07249_20260926_050752.wav,DEV_001_20260926_050752.wav,0,59.40306,18.07249,Leppun,Leptophyes punctatissima,Speckled Bush-cricket,bush-cricket,0.99,,,26/09/2026,25/09/2026,05:07:52,ClassifEspSWE-0002026-05-29_1,JOHANKARLSSON,202609261754ILYQJGW1,2026_26_sep_05,Citizen Science (ultrasonic) - shared
59~40306+18~07249_20260926_050758.wav,DEV_001_20260926_050758.wav,0,59.40306,18.07249,Leppun,Leptophyes punctatissima,Speckled Bush-cricket,bush-cricket,0.99,,,26/09/2026,25/09/2026,05:07:58,ClassifEspSWE-0002026-05-29_1,JOHANKARLSSON,202609261754ILYQJGW1,2026_26_sep_05,Citizen Science (ultrasonic) - shared
59~40306+18~07249_20260926_050803.wav,DEV_001_20260926_050803.wav,0,59.40306,18.07249,Leppun,Leptophyes punctatissima,Speckled Bush-cricket,bush-cricket,0.99,,,26/09/2026,25/09/2026,05:08:03,ClassifEspSWE-0002026-05-29_1,JOHANKARLSSON,202609261754ILYQJGW1,2026_26_sep_05,Citizen Science (ultrasonic) - shared
59~40306+18~07249_20260926_050810.wav,DEV_001_20260926_050810.wav,0,59.40306,18.07249,Leppun,Leptophyes punctatissima,Speckled Bush-cricket,bush-cricket,0.99,,,26/09/2026,25/09/2026,05:08:10,ClassifEspSWE-0002026-05-29_1,JOHANKARLSSON,202609261754ILYQJGW1,2026_26_sep_05,Citizen Science (ultrasonic) - shared
59~40306+18~07249_20260926_050817.wav,DEV_001_20260926_050817.wav,0,59.40306,18.07249,Leppun,Leptophyes punctatissima,Speckled Bush-cricket,bush-cricket,0.99,,,26/09/2026,25/09/2026,05:08:17,ClassifEspSWE-0002026-05-29_1,JOHANKARLSSON,202609261754ILYQJGW1,2026_26_sep_05,Citizen Science (ultrasonic) - shared
59~40306+18~07249_20260926_050825.wav,DEV_001_20260926_050825.wav,0,59.40306,18.07249,Leppun,Leptophyes punctatissima,Speckled Bush-cricket,bush-cricket,0.99,,,26/09/2026,25/09/2026,05:08:25,ClassifEspSWE-0002026-05-29_1,JOHANKARLSSON,202609261754ILYQJGW1,2026_26_sep_05,Citizen Science (ultrasonic) - shared
59~40306+18~07249_20260926_050830.wav,DEV_001_20260926_050830.wav,0,59.40306,18.07249,Leppun,Leptophyes punctatissima,Speckled Bush-cricket,bush-cricket,0.99,,,26/09/2026,25/09/2026,05:08:30,ClassifEspSWE-0002026-05-29_1,JOHANKARLSSON,202609261754ILYQJGW1,2026_26_sep_05,Citizen Science (ultrasonic) - shared
59~40306+18~07249_20260926_050838.wav,DEV_001_20260926_050838.wav,0,59.40306,18.07249,Leppun,Leptophyes punctatissima,Speckled Bush-cricket,bush-cricket,0.99,,,26/09/2026,25/09/2026,05:08:38,ClassifEspSWE-0002026-05-29_1,JOHANKARLSSON,202609261754ILYQJGW1,2026_26_sep_05,Citizen Science (ultrasonic) - shared
59~40306+18~07249_20260926_050844.wav,DEV_001_20260926_050844.wav,0,59.40306,18.07249,Leppun,Leptophyes punctatissima,Speckled Bush-cricket,bush-cricket,0.99,,,26/09/2026,25/09/2026,05:08:44,ClassifEspSWE-0002026-05-29_1,JOHANKARLSSON,202609261754ILYQJGW1,2026_26_sep_05,Citizen Science (ultrasonic) - shared
59~40306+18~07249_20260926_050851.wav,DEV_001_20260926_050851.wav,0,59.40306,18.07249,Leppun,Leptophyes punctatissima,Speckled Bush-cricket,bush-cricket,0.99,,,26/09/2026,25/09/2026,05:08:51,ClassifEspSWE-0002026-05-29_1,JOHANKARLSSON,202609261754ILYQJGW1,2026_26_sep_05,Citizen Science (ultrasonic) - shared
59~40306+18~07249_20260926_050858.wav,DEV_001_20260926_050858.wav,0,59.40306,18.07249,Leppun,Leptophyes punctatissima,Speckled Bush-cricket,bush-cricket,0.99,,,26/09/2026,25/09/2026,05:08:58,ClassifEspSWE-0002026-05-29_1,JOHANKARLSSON,202609261754ILYQJGW1,2026_26_sep_05,Citizen Science (ultrasonic) - shared
59~40306+18~07249_20260926_050903.wav,DEV_001_20260926_050903.wav,0,59.40306,18.07249,Leppun,Leptophyes punctatissima,Speckled Bush-cricket,bush-cricket,0.99,,,26/09/2026,25/09/2026,05:09:03,ClassifEspSWE-0002026-05-29_1,JOHANKARLSSON,202609261754ILYQJGW1,2026_26_sep_05,Citizen Science (ultrasonic) - shared
59~40306+18~07249_20260926_050910.wav,DEV_001_20260926_050910.wav,0,59.40306,18.07249,Leppun,Leptophyes punctatissima,Speckled Bush-cricket,bush-cricket,0.99,,,26/09/2026,25/09/2026,05:09:10,ClassifEspSWE-0002026-05-29_1,JOHANKARLSSON,202609261754ILYQJGW1,2026_26_sep_05,Citizen Science (ultrasonic) - shared
59~40306+18~07249_20260926_050916.wav,DEV_001_20260926_050916.wav,0,59.40306,18.07249,Leppun,Leptophyes punctatissima,Speckled Bush-cricket,bush-cricket,0.99,,,26/09/2026,25/09/2026,05:09:16,ClassifEspSWE-0002026-05-29_1,JOHANKARLSSON,202609261754ILYQJGW1,2026_26_sep_05,Citizen Science (ultrasonic) - shared
59~40306+18~07249_20260926_050924.wav,DEV_001_20260926_050924.wav,0,59.40306,18.07249,Leppun,Leptophyes punctatissima,Speckled Bush-cricket,bush-cricket,0.99,,,26/09/2026,25/09/2026,05:09:24,ClassifEspSWE-0002026-05-29_1,JOHANKARLSSON,202609261754ILYQJGW1,2026_26_sep_05,Citizen Science (ultrasonic) - shared
59~40306+18~07249_20260926_050930.wav,DEV_001_20260926_050930.wav,0,59.40306,18.07249,Leppun,Leptophyes punctatissima,Speckled Bush-cricket,bush-cricket,0.99,,,26/09/2026,25/09/2026,05:09:30,ClassifEspSWE-0002026-05-29_1,JOHANKARLSSON,202609261754ILYQJGW1,2026_26_sep_05,Citizen Science (ultrasonic) - shared
59~40306+18~07249_20260926_050936.wav,DEV_001_20260926_050936.wav,0,59.40306,18.07249,Leppun,Leptophyes punctatissima,Speckled Bush-cricket,bush-cricket,0.99,,,26/09/2026,25/09/2026,05:09:36,ClassifEspSWE-0002026-05-29_1,JOHANKARLSSON,202609261754ILYQJGW1,2026_26_sep_05,Citizen Science (ultrasonic) - shared
59~40306+18~07249_20260926_050942.wav,DEV_001_20260926_050942.wav,0,59.40306,18.07249,Leppun,Leptophyes punctatissima,Speckled Bush-cricket,bush-cricket,0.99,,,26/09/2026,25/09/2026,05:09:42,ClassifEspSWE-0002026-05-29_1,JOHANKARLSSON,202609261754ILYQJGW1,2026_26_sep_05,Citizen Science (ultrasonic) - shared
59~40306+18~07249_20260926_050949.wav,DEV_001_20260926_050949.wav,0,59.40306,18.07249,Leppun,Leptophyes punctatissima,Speckled Bush-cricket,bush-cricket,0.99,,,26/09/2026,25/09/2026,05:09:49,ClassifEspSWE-0002026-05-29_1,JOHANKARLSSON,202609261754ILYQJGW1,2026_26_sep_05,Citizen Science (ultrasonic) - shared
59~40306+18~07249_20260926_050955.wav,DEV_001_20260926_050955.wav,0,59.40306,18.07249,Leppun,Leptophyes punctatissima,Speckled Bush-cricket,bush-cricket,0.99,,,26/09/2026,25/09/2026,05:09:55,ClassifEspSWE-0002026-05-29_1,JOHANKARLSSON,202609261754ILYQJGW1,2026_26_sep_05,Citizen Science (ultrasonic) - shared
59~40306+18~07249_20260926_051001.wav,DEV_001_20260926_051001.wav,0,59.40306,18.07249,Leppun,Leptophyes punctatissima,Speckled Bush-cricket,bush-cricket,0.99,,,26/09/2026,25/09/2026,05:10:01,ClassifEspSWE-0002026-05-29_1,JOHANKARLSSON,202609261754ILYQJGW1,2026_26_sep_05,Citizen Science (ultrasonic) - shared
59~40306+18~07249_20260926_051006.wav,DEV_001_20260926_051006.wav,0,59.40306,18.07249,Leppun,Leptophyes punctatissima,Speckled Bush-cricket,bush-cricket,0.99,,,26/09/2026,25/09/2026,05:10:06,ClassifEspSWE-0002026-05-29_1,JOHANKARLSSON,202609261754ILYQJGW1,2026_26_sep_05,Citizen Science (ultrasonic) - shared
59~40306+18~07249_20260926_051012.wav,DEV_001_20260926_051012.wav,0,59.40306,18.07249,Leppun,Leptophyes punctatissima,Speckled Bush-cricket,bush-cricket,0.99,,,26/09/2026,25/09/2026,05:10:12,ClassifEspSWE-0002026-05-29_1,JOHANKARLSSON,202609261754ILYQJGW1,2026_26_sep_05,Citizen Science (ultrasonic) - shared
59~40306+18~07249_20260926_051018.wav,DEV_001_20260926_051018.wav,0,59.40306,18.07249,Leppun,Leptophyes punctatissima,Speckled Bush-cricket,bush-cricket,0.99,,,26/09/2026,25/09/2026,05:10:18,ClassifEspSWE-0002026-05-29_1,JOHANKARLSSON,202609261754ILYQJGW1,2026_26_sep_05,Citizen Science (ultrasonic) - shared
59~40306+18~07249_20260926_051023.wav,DEV_001_20260926_051023.wav,0,59.40306,18.07249,Leppun,Leptophyes punctatissima,Speckled Bush-cricket,bush-cricket,0.99,,,26/09/2026,25/09/2026,05:10:23,ClassifEspSWE-0002026-05-29_1,JOHANKARLSSON,202609261754ILYQJGW1,2026_26_sep_05,Citizen Science (ultrasonic) - shared
59~40306+18~07249_20260926_051029.wav,DEV_001_20260926_051029.wav,0,59.40306,18.07249,Leppun,Leptophyes punctatissima,Speckled Bush-cricket,bush-cricket,0.99,,,26/09/2026,25/09/2026,05:10:29,ClassifEspSWE-0002026-05-29_1,JOHANKARLSSON,202609261754ILYQJGW1,2026_26_sep_05,Citizen Science (ultrasonic) - shared
59~40306+18~07249_20260926_051035.wav,DEV_001_20260926_051035.wav,0,59.40306,18.07249,Leppun,Leptophyes punctatissima,Speckled Bush-cricket,bush-cricket,0.99,,,26/09/2026,25/09/2026,05:10:35,ClassifEspSWE-0002026-05-29_1,JOHANKARLSSON,202609261754ILYQJGW1,2026_26_sep_05,Citizen Science (ultrasonic) - shared
59~40306+18~07249_20260926_051042.wav,DEV_001_20260926_051042.wav,0,59.40306,18.07249,Leppun,Leptophyes punctatissima,Speckled Bush-cricket,bush-cricket,0.99,,,26/09/2026,25/09/2026,05:10:42,ClassifEspSWE-0002026-05-29_1,JOHANKARLSSON,202609261754ILYQJGW1,2026_26_sep_05,Citizen Science (ultrasonic) - shared
59~40306+18~07249_20260926_051047.wav,DEV_001_20260926_051047.wav,0,59.40306,18.07249,Leppun,Leptophyes punctatissima,Speckled Bush-cricket,bush-cricket,0.99,,,26/09/2026,25/09/2026,05:10:47,ClassifEspSWE-0002026-05-29_1,JOHANKARLSSON,202609261754ILYQJGW1,2026_26_sep_05,Citizen Science (ultrasonic) - shared
59~40306+18~07249_20260926_051053.wav,DEV_001_20260926_051053.wav,0,59.40306,18.07249,Leppun,Leptophyes punctatissima,Speckled Bush-cricket,bush-cricket,0.99,,,26/09/2026,25/09/2026,05:10:53,ClassifEspSWE-0002026-05-29_1,JOHANKARLSSON,202609261754ILYQJGW1,2026_26_sep_05,Citizen Science (ultrasonic) - shared
59~40306+18~07249_20260926_051059.wav,DEV_001_20260926_051059.wav,0,59.40306,18.07249,Leppun,Leptophyes punctatissima,Speckled Bush-cricket,bush-cricket,0.99,,,26/09/2026,25/09/2026,05:10:59,ClassifEspSWE-0002026-05-29_1,JOHANKARLSSON,202609261754ILYQJGW1,2026_26_sep_05,Citizen Science (ultrasonic) - shared
59~40306+18~07249_20260926_051106.wav,DEV_001_20260926_051106.wav,0,59.40306,18.07249,Leppun,Leptophyes punctatissima,Speckled Bush-cricket,bush-cricket,0.99,,,26/09/2026,25/09/2026,05:11:06,ClassifEspSWE-0002026-05-29_1,JOHANKARLSSON,202609261754ILYQJGW1,2026_26_sep_05,Citizen Science (ultrasonic) - shared
59~40306+18~07249_20260926_051112.wav,DEV_001_20260926_051112.wav,0,59.40306,18.07249,Leppun,Leptophyes punctatissima,Speckled Bush-cricket,bush-cricket,0.99,,,26/09/2026,25/09/2026,05:11:12,ClassifEspSWE-0002026-05-29_1,JOHANKARLSSON,202609261754ILYQJGW1,2026_26_sep_05,Citizen Science (ultrasonic) - shared
59~40306+18~07249_20260926_051118.wav,DEV_001_20260926_051118.wav,0,59.40306,18.07249,Leppun,Leptophyes punctatissima,Speckled Bush-cricket,bush-cricket,0.99,,,26/09/2026,25/09/2026,05:11:18,ClassifEspSWE-0002026-05-29_1,JOHANKARLSSON,202609261754ILYQJGW1,2026_26_sep_05,Citizen Science (ultrasonic) - shared
59~40306+18~07249_20260926_051124.wav,DEV_001_20260926_051124.wav,0,59.40306,18.07249,Leppun,Leptophyes punctatissima,Speckled Bush-cricket,bush-cricket,0.99,,,26/09/2026,25/09/2026,05:11:24,ClassifEspSWE-0002026-05-29_1,JOHANKARLSSON,202609261754ILYQJGW1,2026_26_sep_05,Citizen Science (ultrasonic) - shared
59~40306+18~07249_20260926_051131.wav,DEV_001_20260926_051131.wav,0,59.40306,18.07249,Leppun,Leptophyes punctatissima,Speckled Bush-cricket,bush-cricket,0.99,,,26/09/2026,25/09/2026,05:11:31,ClassifEspSWE-0002026-05-29_1,JOHANKARLSSON,202609261754ILYQJGW1,2026_26_sep_05,Citizen Science (ultrasonic) - shared
59~40306+18~07249_20260926_051138.wav,DEV_001_20260926_051138.wav,0,59.40306,18.07249,Leppun,Leptophyes punctatissima,Speckled Bush-cricket,bush-cricket,0.99,,,26/09/2026,25/09/2026,05:11:38,ClassifEspSWE-0002026-05-29_1,JOHANKARLSSON,202609261754ILYQJGW1,2026_26_sep_05,Citizen Science (ultrasonic) - shared
59~40306+18~07249_20260926_051144.wav,DEV_001_20260926_051144.wav,0,59.40306,18.07249,Leppun,Leptophyes punctatissima,Speckled Bush-cricket,bush-cricket,0.99,,,26/09/2026,25/09/2026,05:11:44,ClassifEspSWE-0002026-05-29_1,JOHANKARLSSON,202609261754ILYQJGW1,2026_26_sep_05,Citizen Science (ultrasonic) - shared
59~40306+18~07249_20260926_051150.wav,DEV_001_20260926_051150.wav,0,59.40306,18.07249,Leppun,Leptophyes punctatissima,Speckled Bush-cricket,bush-cricket,0.99,,,26/09/2026,25/09/2026,05:11:50,ClassifEspSWE-0002026-05-29_1,JOHANKARLSSON,202609261754ILYQJGW1,2026_26_sep_05,Citizen Science (ultrasonic) - shared
59~40306+18~07249_20260926_051155.wav,DEV_001_20260926_051155.wav,0,59.40306,18.07249,Leppun,Leptophyes punctatissima,Speckled Bush-cricket,bush-cricket,0.99,,,26/09/2026,25/09/2026,05:11:55,ClassifEspSWE-0002026-05-29_1,JOHANKARLSSON,202609261754ILYQJGW1,2026_26_sep_05,Citizen Science (ultrasonic) - shared
59~40306+18~07249_20260926_051202.wav,DEV_001_20260926_051202.wav,0,59.40306,18.07249,Leppun,Leptophyes punctatissima,Speckled Bush-cricket,bush-cricket,0.99,,,26/09/2026,25/09/2026,05:12:02,ClassifEspSWE-0002026-05-29_1,JOHANKARLSSON,202609261754ILYQJGW1,2026_26_sep_05,Citizen Science (ultrasonic) - shared
59~40306+18~07249_20260926_051209.wav,DEV_001_20260926_051209.wav,0,59.40306,18.07249,Leppun,Leptophyes punctatissima,Speckled Bush-cricket,bush-cricket,0.99,,,26/09/2026,25/09/2026,05:12:09,ClassifEspSWE-0002026-05-29_1,JOHANKARLSSON,202609261754ILYQJGW1,2026_26_sep_05,Citizen Science (ultrasonic) - shared
59~40306+18~07249_20260926_051214.wav,DEV_001_20260926_051214.wav,0,59.40306,18.07249,Leppun,Leptophyes punctatissima,Speckled Bush-cricket,bush-cricket,0.99,,,26/09/2026,25/09/2026,05:12:14,ClassifEspSWE-0002026-05-29_1,JOHANKARLSSON,202609261754ILYQJGW1,2026_26_sep_05,Citizen Science (ultrasonic) - shared
59~40306+18~07249_20260926_051219.wav,DEV_001_20260926_051219.wav,0,59.40306,18.07249,Leppun,Leptophyes punctatissima,Speckled Bush-cricket,bush-cricket,0.99,,,26/09/2026,25/09/2026,05:12:19,ClassifEspSWE-0002026-05-29_1,JOHANKARLSSON,202609261754ILYQJGW1,2026_26_sep_05,Citizen Science (ultrasonic) - shared
59~40306+18~07249_20260926_051226.wav,DEV_001_20260926_051226.wav,0,59.40306,18.07249,Leppun,Leptophyes punctatissima,Speckled Bush-cricket,bush-cricket,0.99,,,26/09/2026,25/09/2026,05:12:26,ClassifEspSWE-0002026-05-29_1,JOHANKARLSSON,202609261754ILYQJGW1,2026_26_sep_05,Citizen Science (ultrasonic) - shared
59~40306+18~07249_20260926_051231.wav,DEV_001_20260926_051231.wav,0,59.40306,18.07249,Leppun,Leptophyes punctatissima,Speckled Bush-cricket,bush-cricket,0.99,,,26/09/2026,25/09/2026,05:12:31,ClassifEspSWE-0002026-05-29_1,JOHANKARLSSON,202609261754ILYQJGW1,2026_26_sep_05,Citizen Science (ultrasonic) - shared
59~40306+18~07249_20260926_051237.wav,DEV_001_20260926_051237.wav,0,59.40306,18.07249,Leppun,Leptophyes punctatissima,Speckled Bush-cricket,bush-cricket,0.99,,,26/09/2026,25/09/2026,05:12:37,ClassifEspSWE-0002026-05-29_1,JOHANKARLSSON,202609261754ILYQJGW1,2026_26_sep_05,Citizen Science (ultrasonic) - shared
59~40306+18~07249_20260926_051242.wav,DEV_001_20260926_051242.wav,0,59.40306,18.07249,Leppun,Leptophyes punctatissima,Speckled Bush-cricket,bush-cricket,0.99,,,26/09/2026,25/09/2026,05:12:42,ClassifEspSWE-0002026-05-29_1,JOHANKARLSSON,202609261754ILYQJGW1,2026_26_sep_05,Citizen Science (ultrasonic) - shared
59~40306+18~07249_20260926_051248.wav,DEV_001_20260926_051248.wav,0,59.40306,18.07249,Leppun,Leptophyes punctatissima,Speckled Bush-cricket,bush-cricket,0.99,,,26/09/2026,25/09/2026,05:12:48,ClassifEspSWE-0002026-05-29_1,JOHANKARLSSON,202609261754ILYQJGW1,2026_26_sep_05,Citizen Science (ultrasonic) - shared
59~40306+18~07249_20260926_051253.wav,DEV_001_20260926_051253.wav,0,59.40306,18.07249,Leppun,Leptophyes punctatissima,Speckled Bush-cricket,bush-cricket,0.99,,,26/09/2026,25/09/2026,05:12:53,ClassifEspSWE-0002026-05-29_1,JOHANKARLSSON,202609261754ILYQJGW1,2026_26_sep_05,Citizen Science (ultrasonic) - shared
59~40306+18~07249_20260926_051300.wav,DEV_001_20260926_051300.wav,0,59.40306,18.07249,Leppun,Leptophyes punctatissima,Speckled Bush-cricket,bush-cricket,0.99,,,26/09/2026,25/09/2026,05:13:00,ClassifEspSWE-0002026-05-29_1,JOHANKARLSSON,202609261754ILYQJGW1,2026_26_sep_05,Citizen Science (ultrasonic) - shared
59~40306+18~07249_20260926_051305.wav,DEV_001_20260926_051305.wav,0,59.40306,18.07249,Leppun,Leptophyes punctatissima,Speckled Bush-cricket,bush-cricket,0.99,,,26/09/2026,25/09/2026,05:13:05,ClassifEspSWE-0002026-05-29_1,JOHANKARLSSON,202609261754ILYQJGW1,2026_26_sep_05,Citizen Science (ultrasonic) - shared
59~40306+18~07249_20260926_051312.wav,DEV_001_20260926_051312.wav,0,59.40306,18.07249,Leppun,Leptophyes punctatissima,Speckled Bush-cricket,bush-cricket,0.99,,,26/09/2026,25/09/2026,05:13:12,ClassifEspSWE-0002026-05-29_1,JOHANKARLSSON,202609261754ILYQJGW1,2026_26_sep_05,Citizen Science (ultrasonic) - shared
59~40306+18~07249_20260926_051319.wav,DEV_001_20260926_051319.wav,0,59.40306,18.07249,Leppun,Leptophyes punctatissima,Speckled Bush-cricket,bush-cricket,0.99,,,26/09/2026,25/09/2026,05:13:19,ClassifEspSWE-0002026-05-29_1,JOHANKARLSSON,202609261754ILYQJGW1,2026_26_sep_05,Citizen Science (ultrasonic) - shared
59~40306+18~07249_20260926_051325.wav,DEV_001_20260926_051325.wav,0,59.40306,18.07249,Leppun,Leptophyes punctatissima,Speckled Bush-cricket,bush-cricket,0.99,,,26/09/2026,25/09/2026,05:13:25,ClassifEspSWE-0002026-05-29_1,JOHANKARLSSON,202609261754ILYQJGW1,2026_26_sep_05,Citizen Science (ultrasonic) - shared
59~40306+18~07249_20260926_051331.wav,DEV_001_20260926_051331.wav,0,59.40306,18.07249,Leppun,Leptophyes punctatissima,Speckled Bush-cricket,bush-cricket,0.99,,,26/09/2026,25/09/2026,05:13:31,ClassifEspSWE-0002026-05-29_1,JOHANKARLSSON,202609261754ILYQJGW1,2026_26_sep_05,Citizen Science (ultrasonic) - shared
59~40306+18~07249_20260926_051337.wav,DEV_001_20260926_051337.wav,0,59.40306,18.07249,Leppun,Leptophyes punctatissima,Speckled Bush-cricket,bush-cricket,0.99,,,26/09/2026,25/09/2026,05:13:37,ClassifEspSWE-0002026-05-29_1,JOHANKARLSSON,202609261754ILYQJGW1,2026_26_sep_05,Citizen Science (ultrasonic) - shared
59~40306+18~07249_20260926_051343.wav,DEV_001_20260926_051343.wav,0,59.40306,18.07249,Leppun,Leptophyes punctatissima,Speckled Bush-cricket,bush-cricket,0.99,,,26/09/2026,25/09/2026,05:13:43,ClassifEspSWE-0002026-05-29_1,JOHANKARLSSON,202609261754ILYQJGW1,2026_26_sep_05,Citizen Science (ultrasonic) - shared
59~40306+18~07249_20260926_051349.wav,DEV_001_20260926_051349.wav,0,59.40306,18.07249,Leppun,Leptophyes punctatissima,Speckled Bush-cricket,bush-cricket,0.99,,,26/09/2026,25/09/2026,05:13:49,ClassifEspSWE-0002026-05-29_1,JOHANKARLSSON,202609261754ILYQJGW1,2026_26_sep_05,Citizen Science (ultrasonic) - shared
59~40306+18~07249_20260926_051355.wav,DEV_001_20260926_051355.wav,0,59.40306,18.07249,Leppun,Leptophyes punctatissima,Speckled Bush-cricket,bush-cricket,0.99,,,26/09/2026,25/09/2026,05:13:55,ClassifEspSWE-0002026-05-29_1,JOHANKARLSSON,202609261754ILYQJGW1,2026_26_sep_05,Citizen Science (ultrasonic) - shared
59~40306+18~07249_20260926_051402.wav,DEV_001_20260926_051402.wav,0,59.40306,18.07249,Leppun,Leptophyes punctatissima,Speckled Bush-cricket,bush-cricket,0.99,,,26/09/2026,25/09/2026,05:14:02,ClassifEspSWE-0002026-05-29_1,JOHANKARLSSON,202609261754ILYQJGW1,2026_26_sep_05,Citizen Science (ultrasonic) - shared
59~40306+18~07249_20260926_051407.wav,DEV_001_20260926_051407.wav,0,59.40306,18.07249,Leppun,Leptophyes punctatissima,Speckled Bush-cricket,bush-cricket,0.99,,,26/09/2026,25/09/2026,05:14:07,ClassifEspSWE-0002026-05-29_1,JOHANKARLSSON,202609261754ILYQJGW1,2026_26_sep_05,Citizen Science (ultrasonic) - shared
59~40306+18~07249_20260926_051414.wav,DEV_001_20260926_051414.wav,0,59.40306,18.07249,Leppun,Leptophyes punctatissima,Speckled Bush-cricket,bush-cricket,0.99,,,26/09/2026,25/09/2026,05:14:14,ClassifEspSWE-0002026-05-29_1,JOHANKARLSSON,202609261754ILYQJGW1,2026_26_sep_05,Citizen Science (ultrasonic) - shared
59~40306+18~07249_20260926_051421.wav,DEV_001_20260926_051421.wav,0,59.40306,18.07249,Leppun,Leptophyes punctatissima,Speckled Bush-cricket,bush-cricket,0.99,,,26/09/2026,25/09/2026,05:14:21,ClassifEspSWE-0002026-05-29_1,JOHANKARLSSON,202609261754ILYQJGW1,2026_26_sep_05,Citizen Science (ultrasonic) - shared
59~40306+18~07249_20260926_051427.wav,DEV_001_20260926_051427.wav,0,59.40306,18.07249,Leppun,Leptophyes punctatissima,Speckled Bush-cricket,bush-cricket,0.99,,,26/09/2026,25/09/2026,05:14:27,ClassifEspSWE-0002026-05-29_1,JOHANKARLSSON,202609261754ILYQJGW1,2026_26_sep_05,Citizen Science (ultrasonic) - shared
59~40306+18~07249_20260926_051433.wav,DEV_001_20260926_051433.wav,0,59.40306,18.07249,Leppun,Leptophyes punctatissima,Speckled Bush-cricket,bush-cricket,0.99,,,26/09/2026,25/09/2026,05:14:33,ClassifEspSWE-0002026-05-29_1,JOHANKARLSSON,202609261754ILYQJGW1,2026_26_sep_05,Citizen Science (ultrasonic) - shared
59~40306+18~07249_20260926_051438.wav,DEV_001_20260926_051438.wav,0,59.40306,18.07249,Leppun,Leptophyes punctatissima,Speckled Bush-cricket,bush-cricket,0.99,,,26/09/2026,25/09/2026,05:14:38,ClassifEspSWE-0002026-05-29_1,JOHANKARLSSON,202609261754ILYQJGW1,2026_26_sep_05,Citizen Science (ultrasonic) - shared
59~40306+18~07249_20260926_051445.wav,DEV_001_20260926_051445.wav,0,59.40306,18.07249,Leppun,Leptophyes punctatissima,Speckled Bush-cricket,bush-cricket,0.99,,,26/09/2026,25/09/2026,05:14:45,ClassifEspSWE-0002026-05-29_1,JOHANKARLSSON,202609261754ILYQJGW1,2026_26_sep_05,Citizen Science (ultrasonic) - shared
59~40306+18~07249_20260926_051451.wav,DEV_001_20260926_051451.wav,0,59.40306,18.07249,Leppun,Leptophyes punctatissima,Speckled Bush-cricket,bush-cricket,0.99,,,26/09/2026,25/09/2026,05:14:51,ClassifEspSWE-0002026-05-29_1,JOHANKARLSSON,202609261754ILYQJGW1,2026_26_sep_05,Citizen Science (ultrasonic) - shared
59~40306+18~07249_20260926_051458.wav,DEV_001_20260926_051458.wav,0,59.40306,18.07249,Leppun,Leptophyes punctatissima,Speckled Bush-cricket,bush-cricket,0.99,,,26/09/2026,25/09/2026,05:14:58,ClassifEspSWE-0002026-05-29_1,JOHANKARLSSON,202609261754ILYQJGW1,2026_26_sep_05,Citizen Science (ultrasonic) - shared
59~40306+18~07249_20260926_051504.wav,DEV_001_20260926_051504.wav,0,59.40306,18.07249,Leppun,Leptophyes punctatissima,Speckled Bush-cricket,bush-cricket,0.99,,,26/09/2026,25/09/2026,05:15:04,ClassifEspSWE-0002026-05-29_1,JOHANKARLSSON,202609261754ILYQJGW1,2026_26_sep_05,Citizen Science (ultrasonic) - shared
59~40306+18~07249_20260926_051511.wav,DEV_001_20260926_051511.wav,0,59.40306,18.07249,Leppun,Leptophyes punctatissima,Speckled Bush-cricket,bush-cricket,0.99,,,26/09/2026,25/09/2026,05:15:11,ClassifEspSWE-0002026-05-29_1,JOHANKARLSSON,202609261754ILYQJGW1,2026_26_sep_05,Citizen Science (ultrasonic) - shared
59~40306+18~07249_20260926_051517.wav,DEV_001_20260926_051517.wav,0,59.40306,18.07249,Leppun,Leptophyes punctatissima,Speckled Bush-cricket,bush-cricket,0.99,,,26/09/2026,25/09/2026,05:15:17,ClassifEspSWE-0002026-05-29_1,JOHANKARLSSON,202609261754ILYQJGW1,2026_26_sep_05,Citizen Science (ultrasonic) - shared
59~40306+18~07249_20260926_051523.wav,DEV_001_20260926_051523.wav,0,59.40306,18.07249,Leppun,Leptophyes punctatissima,Speckled Bush-cricket,bush-cricket,0.99,,,26/09/2026,25/09/2026,05:15:23,ClassifEspSWE-0002026-05-29_1,JOHANKARLSSON,202609261754ILYQJGW1,2026_26_sep_05,Citizen Science (ultrasonic) - shared
59~40306+18~07249_20260926_051530.wav,DEV_001_20260926_051530.wav,0,59.40306,18.07249,Leppun,Leptophyes punctatissima,Speckled Bush-cricket,bush-cricket,0.99,,,26/09/2026,25/09/2026,05:15:30,ClassifEspSWE-0002026-05-29_1,JOHANKARLSSON,202609261754ILYQJGW1,2026_26_sep_05,Citizen Science (ultrasonic) - shared
59~40306+18~07249_20260926_051536.wav,DEV_001_20260926_051536.wav,0,59.40306,18.07249,Leppun,Leptophyes punctatissima,Speckled Bush-cricket,bush-cricket,0.99,,,26/09/2026,25/09/2026,05:15:36,ClassifEspSWE-0002026-05-29_1,JOHANKARLSSON,202609261754ILYQJGW1,2026_26_sep_05,Citizen Science (ultrasonic) - shared
59~40306+18~07249_20260926_051543.wav,DEV_001_20260926_051543.wav,0,59.40306,18.07249,Leppun,Leptophyes punctatissima,Speckled Bush-cricket,bush-cricket,0.99,,,26/09/2026,25/09/2026,05:15:43,ClassifEspSWE-0002026-05-29_1,JOHANKARLSSON,202609261754ILYQJGW1,2026_26_sep_05,Citizen Science (ultrasonic) - shared
59~40306+18~07249_20260926_051548.wav,DEV_001_20260926_051548.wav,0,59.40306,18.07249,Leppun,Leptophyes punctatissima,Speckled Bush-cricket,bush-cricket,0.99,,,26/09/2026,25/09/2026,05:15:48,ClassifEspSWE-0002026-05-29_1,JOHANKARLSSON,202609261754ILYQJGW1,2026_26_sep_05,Citizen Science (ultrasonic) - shared
59~40306+18~07249_20260926_051554.wav,DEV_001_20260926_051554.wav,0,59.40306,18.07249,Leppun,Leptophyes punctatissima,Speckled Bush-cricket,bush-cricket,0.99,,,26/09/2026,25/09/2026,05:15:54,ClassifEspSWE-0002026-05-29_1,JOHANKARLSSON,202609261754ILYQJGW1,2026_26_sep_05,Citizen Science (ultrasonic) - shared
59~40306+18~07249_20260926_051601.wav,DEV_001_20260926_051601.wav,0,59.40306,18.07249,Leppun,Leptophyes punctatissima,Speckled Bush-cricket,bush-cricket,0.99,,,26/09/2026,25/09/2026,05:16:01,ClassifEspSWE-0002026-05-29_1,JOHANKARLSSON,202609261754ILYQJGW1,2026_26_sep_05,Citizen Science (ultrasonic) - shared
59~40306+18~07249_20260926_051607.wav,DEV_001_20260926_051607.wav,0,59.40306,18.07249,Leppun,Leptophyes punctatissima,Speckled Bush-cricket,bush-cricket,0.99,,,26/09/2026,25/09/2026,05:16:07,ClassifEspSWE-0002026-05-29_1,JOHANKARLSSON,202609261754ILYQJGW1,2026_26_sep_05,Citizen Science (ultrasonic) - shared
59~40306+18~07249_20260926_051613.wav,DEV_001_20260926_051613.wav,0,59.40306,18.07249,Leppun,Leptophyes punctatissima,Speckled Bush-cricket,bush-cricket,0.99,,,26/09/2026,25/09/2026,05:16:13,ClassifEspSWE-0002026-05-29_1,JOHANKARLSSON,202609261754ILYQJGW1,2026_26_sep_05,Citizen Science (ultrasonic) - shared
59~40306+18~07249_20260926_051620.wav,DEV_001_20260926_051620.wav,0,59.40306,18.07249,Leppun,Leptophyes punctatissima,Speckled Bush-cricket,bush-cricket,0.99,,,26/09/2026,25/09/2026,05:16:20,ClassifEspSWE-0002026-05-29_1,JOHANKARLSSON,202609261754ILYQJGW1,2026_26_sep_05,Citizen Science (ultrasonic) - shared
59~40306+18~07249_20260926_051626.wav,DEV_001_20260926_051626.wav,0,59.40306,18.07249,Leppun,Leptophyes punctatissima,Speckled Bush-cricket,bush-cricket,0.99,,,26/09/2026,25/09/2026,05:16:26,ClassifEspSWE-0002026-05-29_1,JOHANKARLSSON,202609261754ILYQJGW1,2026_26_sep_05,Citizen Science (ultrasonic) - shared
59~40306+18~07249_20260926_051632.wav,DEV_001_20260926_051632.wav,0,59.40306,18.07249,Leppun,Leptophyes punctatissima,Speckled Bush-cricket,bush-cricket,0.99,,,26/09/2026,25/09/2026,05:16:32,ClassifEspSWE-0002026-05-29_1,JOHANKARLSSON,202609261754ILYQJGW1,2026_26_sep_05,Citizen Science (ultrasonic) - shared
59~40306+18~07249_20260926_051638.wav,DEV_001_20260926_051638.wav,0,59.40306,18.07249,Leppun,Leptophyes punctatissima,Speckled Bush-cricket,bush-cricket,0.99,,,26/09/2026,25/09/2026,05:16:38,ClassifEspSWE-0002026-05-29_1,JOHANKARLSSON,202609261754ILYQJGW1,2026_26_sep_05,Citizen Science (ultrasonic) - shared
59~40306+18~07249_20260926_051644.wav,DEV_001_20260926_051644.wav,0,59.40306,18.07249,Leppun,Leptophyes punctatissima,Speckled Bush-cricket,bush-cricket,0.99,,,26/09/2026,25/09/2026,05:16:44,ClassifEspSWE-0002026-05-29_1,JOHANKARLSSON,202609261754ILYQJGW1,2026_26_sep_05,Citizen Science (ultrasonic) - shared
59~40306+18~07249_20260926_051650.wav,DEV_001_20260926_051650.wav,0,59.40306,18.07249,Leppun,Leptophyes punctatissima,Speckled Bush-cricket,bush-cricket,0.99,,,26/09/2026,25/09/2026,05:16:50,ClassifEspSWE-0002026-05-29_1,JOHANKARLSSON,202609261754ILYQJGW1,2026_26_sep_05,Citizen Science (ultrasonic) - shared
59~40306+18~07249_20260926_051655.wav,DEV_001_20260926_051655.wav,0,59.40306,18.07249,Leppun,Leptophyes punctatissima,Speckled Bush-cricket,bush-cricket,0.99,,,26/09/2026,25/09/2026,05:16:55,ClassifEspSWE-0002026-05-29_1,JOHANKARLSSON,202609261754ILYQJGW1,2026_26_sep_05,Citizen Science (ultrasonic) - shared
59~40306+18~07249_20260926_051702.wav,DEV_001_20260926_051702.wav,0,59.40306,18.07249,Leppun,Leptophyes punctatissima,Speckled Bush-cricket,bush-cricket,0.99,,,26/09/2026,25/09/2026,05:17:02,ClassifEspSWE-0002026-05-29_1,JOHANKARLSSON,202609261754ILYQJGW1,2026_26_sep_05,Citizen Science (ultrasonic) - shared
59~40306+18~07249_20260926_051707.wav,DEV_001_20260926_051707.wav,0,59.40306,18.07249,Leppun,Leptophyes punctatissima,Speckled Bush-cricket,bush-cricket,0.99,,,26/09/2026,25/09/2026,05:17:07,ClassifEspSWE-0002026-05-29_1,JOHANKARLSSON,202609261754ILYQJGW1,2026_26_sep_05,Citizen Science (ultrasonic) - shared
59~40306+18~07249_20260926_051714.wav,DEV_001_20260926_051714.wav,0,59.40306,18.07249,Leppun,Leptophyes punctatissima,Speckled Bush-cricket,bush-cricket,0.99,,,26/09/2026,25/09/2026,05:17:14,ClassifEspSWE-0002026-05-29_1,JOHANKARLSSON,202609261754ILYQJGW1,2026_26_sep_05,Citizen Science (ultrasonic) - shared
59~40306+18~07249_20260926_051720.wav,DEV_001_20260926_051720.wav,0,59.40306,18.07249,Leppun,Leptophyes punctatissima,Speckled Bush-cricket,bush-cricket,0.99,,,26/09/2026,25/09/2026,05:17:20,ClassifEspSWE-0002026-05-29_1,JOHANKARLSSON,202609261754ILYQJGW1,2026_26_sep_05,Citizen Science (ultrasonic) - shared
59~40306+18~07249_20260926_051726.wav,DEV_001_20260926_051726.wav,0,59.40306,18.07249,Leppun,Leptophyes punctatissima,Speckled Bush-cricket,bush-cricket,0.99,,,26/09/2026,25/09/2026,05:17:26,ClassifEspSWE-0002026-05-29_1,JOHANKARLSSON,202609261754ILYQJGW1,2026_26_sep_05,Citizen Science (ultrasonic) - shared
59~40306+18~07249_20260926_051732.wav,DEV_001_20260926_051732.wav,0,59.40306,18.07249,Leppun,Leptophyes punctatissima,Speckled Bush-cricket,bush-cricket,0.99,,,26/09/2026,25/09/2026,05:17:32,ClassifEspSWE-0002026-05-29_1,JOHANKARLSSON,202609261754ILYQJGW1,2026_26_sep_05,Citizen Science (ultrasonic) - shared
59~40306+18~07249_20260926_051738.wav,DEV_001_20260926_051738.wav,0,59.40306,18.07249,Leppun,Leptophyes punctatissima,Speckled Bush-cricket,bush-cricket,0.99,,,26/09/2026,25/09/2026,05:17:38,ClassifEspSWE-0002026-05-29_1,JOHANKARLSSON,202609261754ILYQJGW1,2026_26_sep_05,Citizen Science (ultrasonic) - shared
59~40306+18~07249_20260926_051745.wav,DEV_001_20260926_051745.wav,0,59.40306,18.07249,Leppun,Leptophyes punctatissima,Speckled Bush-cricket,bush-cricket,0.99,,,26/09/2026,25/09/2026,05:17:45,ClassifEspSWE-0002026-05-29_1,JOHANKARLSSON,202609261754ILYQJGW1,2026_26_sep_05,Citizen Science (ultrasonic) - shared
59~40306+18~07249_20260926_051752.wav,DEV_001_20260926_051752.wav,0,59.40306,18.07249,Leppun,Leptophyes punctatissima,Speckled Bush-cricket,bush-cricket,0.99,,,26/09/2026,25/09/2026,05:17:52,ClassifEspSWE-0002026-05-29_1,JOHANKARLSSON,202609261754ILYQJGW1,2026_26_sep_05,Citizen Science (ultrasonic) - shared
59~40306+18~07249_20260926_051757.wav,DEV_001_20260926_051757.wav,0,59.40306,18.07249,Leppun,Leptophyes punctatissima,Speckled Bush-cricket,bush-cricket,0.99,,,26/09/2026,25/09/2026,05:17:57,ClassifEspSWE-0002026-05-29_1,JOHANKARLSSON,202609261754ILYQJGW1,2026_26_sep_05,Citizen Science (ultrasonic) - shared
59~40306+18~07249_20260926_051802.wav,DEV_001_20260926_051802.wav,0,59.40306,18.07249,Leppun,Leptophyes punctatissima,Speckled Bush-cricket,bush-cricket,0.99,,,26/09/2026,25/09/2026,05:18:02,ClassifEspSWE-0002026-05-29_1,JOHANKARLSSON,202609261754ILYQJGW1,2026_26_sep_05,Citizen Science (ultrasonic) - shared
59~40306+18~07249_20260926_051808.wav,DEV_001_20260926_051808.wav,0,59.40306,18.07249,Leppun,Leptophyes punctatissima,Speckled Bush-cricket,bush-cricket,0.99,,,26/09/2026,25/09/2026,05:18:08,ClassifEspSWE-0002026-05-29_1,JOHANKARLSSON,202609261754ILYQJGW1,2026_26_sep_05,Citizen Science (ultrasonic) - shared
59~40306+18~07249_20260926_051814.wav,DEV_001_20260926_051814.wav,0,59.40306,18.07249,Leppun,Leptophyes punctatissima,Speckled Bush-cricket,bush-cricket,0.99,,,26/09/2026,25/09/2026,05:18:14,ClassifEspSWE-0002026-05-29_1,JOHANKARLSSON,202609261754ILYQJGW1,2026_26_sep_05,Citizen Science (ultrasonic) - shared
59~40306+18~07249_20260926_051821.wav,DEV_001_20260926_051821.wav,0,59.40306,18.07249,Leppun,Leptophyes punctatissima,Speckled Bush-cricket,bush-cricket,0.99,,,26/09/2026,25/09/2026,05:18:21,ClassifEspSWE-0002026-05-29_1,JOHANKARLSSON,202609261754ILYQJGW1,2026_26_sep_05,Citizen Science (ultrasonic) - shared
59~40306+18~07249_20260926_051827.wav,DEV_001_20260926_051827.wav,0,59.40306,18.07249,Leppun,Leptophyes punctatissima,Speckled Bush-cricket,bush-cricket,0.99,,,26/09/2026,25/09/2026,05:18:27,ClassifEspSWE-0002026-05-29_1,JOHANKARLSSON,202609261754ILYQJGW1,2026_26_sep_05,Citizen Science (ultrasonic) - shared
59~40306+18~07249_20260926_051833.wav,DEV_001_20260926_051833.wav,0,59.40306,18.07249,Leppun,Leptophyes punctatissima,Speckled Bush-cricket,bush-cricket,0.99,,,26/09/2026,25/09/2026,05:18:33,ClassifEspSWE-0002026-05-29_1,JOHANKARLSSON,202609261754ILYQJGW1,2026_26_sep_05,Citizen Science (ultrasonic) - shared
59~40306+18~07249_20260926_051839.wav,DEV_001_20260926_051839.wav,0,59.40306,18.07249,Leppun,Leptophyes punctatissima,Speckled Bush-cricket,bush-cricket,0.99,,,26/09/2026,25/09/2026,05:18:39,ClassifEspSWE-0002026-05-29_1,JOHANKARLSSON,202609261754ILYQJGW1,2026_26_sep_05,Citizen Science (ultrasonic) - shared
59~40306+18~07249_20260926_051845.wav,DEV_001_20260926_051845.wav,0,59.40306,18.07249,Leppun,Leptophyes punctatissima,Speckled Bush-cricket,bush-cricket,0.99,,,26/09/2026,25/09/2026,05:18:45,ClassifEspSWE-0002026-05-29_1,JOHANKARLSSON,202609261754ILYQJGW1,2026_26_sep_05,Citizen Science (ultrasonic) - shared
59~40306+18~07249_20260926_051852.wav,DEV_001_20260926_051852.wav,0,59.40306,18.07249,Leppun,Leptophyes punctatissima,Speckled Bush-cricket,bush-cricket,0.99,,,26/09/2026,25/09/2026,05:18:52,ClassifEspSWE-0002026-05-29_1,JOHANKARLSSON,202609261754ILYQJGW1,2026_26_sep_05,Citizen Science (ultrasonic) - shared
59~40306+18~07249_20260926_051858.wav,DEV_001_20260926_051858.wav,0,59.40306,18.07249,Leppun,Leptophyes punctatissima,Speckled Bush-cricket,bush-cricket,0.99,,,26/09/2026,25/09/2026,05:18:58,ClassifEspSWE-0002026-05-29_1,JOHANKARLSSON,202609261754ILYQJGW1,2026_26_sep_05,Citizen Science (ultrasonic) - shared
59~40306+18~07249_20260926_051904.wav,DEV_001_20260926_051904.wav,0,59.40306,18.07249,Leppun,Leptophyes punctatissima,Speckled Bush-cricket,bush-cricket,0.99,,,26/09/2026,25/09/2026,05:19:04,ClassifEspSWE-0002026-05-29_1,JOHANKARLSSON,202609261754ILYQJGW1,2026_26_sep_05,Citizen Science (ultrasonic) - shared
59~40306+18~07249_20260926_051910.wav,DEV_001_20260926_051910.wav,0,59.40306,18.07249,Leppun,Leptophyes punctatissima,Speckled Bush-cricket,bush-cricket,0.99,,,26/09/2026,25/09/2026,05:19:10,ClassifEspSWE-0002026-05-29_1,JOHANKARLSSON,202609261754ILYQJGW1,2026_26_sep_05,Citizen Science (ultrasonic) - shared
59~40306+18~07249_20260926_051916.wav,DEV_001_20260926_051916.wav,0,59.40306,18.07249,Leppun,Leptophyes punctatissima,Speckled Bush-cricket,bush-cricket,0.99,,,26/09/2026,25/09/2026,05:19:16,ClassifEspSWE-0002026-05-29_1,JOHANKARLSSON,202609261754ILYQJGW1,2026_26_sep_05,Citizen Science (ultrasonic) - shared
59~40306+18~07249_20260926_051922.wav,DEV_001_20260926_051922.wav,0,59.40306,18.07249,Leppun,Leptophyes punctatissima,Speckled Bush-cricket,bush-cricket,0.99,,,26/09/2026,25/09/2026,05:19:22,ClassifEspSWE-0002026-05-29_1,JOHANKARLSSON,202609261754ILYQJGW1,2026_26_sep_05,Citizen Science (ultrasonic) - shared
59~40306+18~07249_20260926_051928.wav,DEV_001_20260926_051928.wav,0,59.40306,18.07249,Leppun,Leptophyes punctatissima,Speckled Bush-cricket,bush-cricket,0.99,,,26/09/2026,25/09/2026,05:19:28,ClassifEspSWE-0002026-05-29_1,JOHANKARLSSON,202609261754ILYQJGW1,2026_26_sep_05,Citizen Science (ultrasonic) - shared
59~40306+18~07249_20260926_051934.wav,DEV_001_20260926_051934.wav,0,59.40306,18.07249,Leppun,Leptophyes punctatissima,Speckled Bush-cricket,bush-cricket,0.99,,,26/09/2026,25/09/2026,05:19:34,ClassifEspSWE-0002026-05-29_1,JOHANKARLSSON,202609261754ILYQJGW1,2026_26_sep_05,Citizen Science (ultrasonic) - shared
59~40306+18~07249_20260926_051940.wav,DEV_001_20260926_051940.wav,0,59.40306,18.07249,Leppun,Leptophyes punctatissima,Speckled Bush-cricket,bush-cricket,0.99,,,26/09/2026,25/09/2026,05:19:40,ClassifEspSWE-0002026-05-29_1,JOHANKARLSSON,202609261754ILYQJGW1,2026_26_sep_05,Citizen Science (ultrasonic) - shared
59~40306+18~07249_20260926_051946.wav,DEV_001_20260926_051946.wav,0,59.40306,18.07249,Leppun,Leptophyes punctatissima,Speckled Bush-cricket,bush-cricket,0.99,,,26/09/2026,25/09/2026,05:19:46,ClassifEspSWE-0002026-05-29_1,JOHANKARLSSON,202609261754ILYQJGW1,2026_26_sep_05,Citizen Science (ultrasonic) - shared
59~40306+18~07249_20260926_051952.wav,DEV_001_20260926_051952.wav,0,59.40306,18.07249,Leppun,Leptophyes punctatissima,Speckled Bush-cricket,bush-cricket,0.99,,,26/09/2026,25/09/2026,05:19:52,ClassifEspSWE-0002026-05-29_1,JOHANKARLSSON,202609261754ILYQJGW1,2026_26_sep_05,Citizen Science (ultrasonic) - shared
59~40306+18~07249_20260926_051958.wav,DEV_001_20260926_051958.wav,0,59.40306,18.07249,Leppun,Leptophyes punctatissima,Speckled Bush-cricket,bush-cricket,0.99,,,26/09/2026,25/09/2026,05:19:58,ClassifEspSWE-0002026-05-29_1,JOHANKARLSSON,202609261754ILYQJGW1,2026_26_sep_05,Citizen Science (ultrasonic) - shared
59~40306+18~07249_20260926_052004.wav,DEV_001_20260926_052004.wav,0,59.40306,18.07249,Leppun,Leptophyes punctatissima,Speckled Bush-cricket,bush-cricket,0.99,,,26/09/2026,25/09/2026,05:20:04,ClassifEspSWE-0002026-05-29_1,JOHANKARLSSON,202609261754ILYQJGW1,2026_26_sep_05,Citizen Science (ultrasonic) - shared
59~40306+18~07249_20260926_052009.wav,DEV_001_20260926_052009.wav,0,59.40306,18.07249,Leppun,Leptophyes punctatissima,Speckled Bush-cricket,bush-cricket,0.99,,,26/09/2026,25/09/2026,05:20:09,ClassifEspSWE-0002026-05-29_1,JOHANKARLSSON,202609261754ILYQJGW1,2026_26_sep_05,Citizen Science (ultrasonic) - shared
59~40306+18~07249_20260926_052015.wav,DEV_001_20260926_052015.wav,0,59.40306,18.07249,Leppun,Leptophyes punctatissima,Speckled Bush-cricket,bush-cricket,0.99,,,26/09/2026,25/09/2026,05:20:15,ClassifEspSWE-0002026-05-29_1,JOHANKARLSSON,202609261754ILYQJGW1,2026_26_sep_05,Citizen Science (ultrasonic) - shared
59~40306+18~07249_20260926_052020.wav,DEV_001_20260926_052020.wav,0,59.40306,18.07249,Leppun,Leptophyes punctatissima,Speckled Bush-cricket,bush-cricket,0.99,,,26/09/2026,25/09/2026,05:20:20,ClassifEspSWE-0002026-05-29_1,JOHANKARLSSON,202609261754ILYQJGW1,2026_26_sep_05,Citizen Science (ultrasonic) - shared
59~40306+18~07249_20260926_052026.wav,DEV_001_20260926_052026.wav,0,59.40306,18.07249,Leppun,Leptophyes punctatissima,Speckled Bush-cricket,bush-cricket,0.99,,,26/09/2026,25/09/2026,05:20:26,ClassifEspSWE-0002026-05-29_1,JOHANKARLSSON,202609261754ILYQJGW1,2026_26_sep_05,Citizen Science (ultrasonic) - shared
59~40306+18~07249_20260926_052032.wav,DEV_001_20260926_052032.wav,0,59.40306,18.07249,Leppun,Leptophyes punctatissima,Speckled Bush-cricket,bush-cricket,0.99,,,26/09/2026,25/09/2026,05:20:32,ClassifEspSWE-0002026-05-29_1,JOHANKARLSSON,202609261754ILYQJGW1,2026_26_sep_05,Citizen Science (ultrasonic) - shared
59~40306+18~07249_20260926_052041.wav,DEV_001_20260926_052041.wav,0,59.40306,18.07249,Leppun,Leptophyes punctatissima,Speckled Bush-cricket,bush-cricket,0.99,,,26/09/2026,25/09/2026,05:20:41,ClassifEspSWE-0002026-05-29_1,JOHANKARLSSON,202609261754ILYQJGW1,2026_26_sep_05,Citizen Science (ultrasonic) - shared
59~40306+18~07249_20260926_052047.wav,DEV_001_20260926_052047.wav,0,59.40306,18.07249,Leppun,Leptophyes punctatissima,Speckled Bush-cricket,bush-cricket,0.99,,,26/09/2026,25/09/2026,05:20:47,ClassifEspSWE-0002026-05-29_1,JOHANKARLSSON,202609261754ILYQJGW1,2026_26_sep_05,Citizen Science (ultrasonic) - shared
59~40306+18~07249_20260926_052054.wav,DEV_001_20260926_052054.wav,0,59.40306,18.07249,Leppun,Leptophyes punctatissima,Speckled Bush-cricket,bush-cricket,0.99,,,26/09/2026,25/09/2026,05:20:54,ClassifEspSWE-0002026-05-29_1,JOHANKARLSSON,202609261754ILYQJGW1,2026_26_sep_05,Citizen Science (ultrasonic) - shared
59~40306+18~07249_20260926_052100.wav,DEV_001_20260926_052100.wav,0,59.40306,18.07249,Leppun,Leptophyes punctatissima,Speckled Bush-cricket,bush-cricket,0.99,,,26/09/2026,25/09/2026,05:21:00,ClassifEspSWE-0002026-05-29_1,JOHANKARLSSON,202609261754ILYQJGW1,2026_26_sep_05,Citizen Science (ultrasonic) - shared
59~40306+18~07249_20260926_052107.wav,DEV_001_20260926_052107.wav,0,59.40306,18.07249,Leppun,Leptophyes punctatissima,Speckled Bush-cricket,bush-cricket,0.99,,,26/09/2026,25/09/2026,05:21:07,ClassifEspSWE-0002026-05-29_1,JOHANKARLSSON,202609261754ILYQJGW1,2026_26_sep_05,Citizen Science (ultrasonic) - shared
59~40306+18~07249_20260926_052113.wav,DEV_001_20260926_052113.wav,0,59.40306,18.07249,Leppun,Leptophyes punctatissima,Speckled Bush-cricket,bush-cricket,0.99,,,26/09/2026,25/09/2026,05:21:13,ClassifEspSWE-0002026-05-29_1,JOHANKARLSSON,202609261754ILYQJGW1,2026_26_sep_05,Citizen Science (ultrasonic) - shared
59~40306+18~07249_20260926_052118.wav,DEV_001_20260926_052118.wav,0,59.40306,18.07249,Leppun,Leptophyes punctatissima,Speckled Bush-cricket,bush-cricket,0.99,,,26/09/2026,25/09/2026,05:21:18,ClassifEspSWE-0002026-05-29_1,JOHANKARLSSON,202609261754ILYQJGW1,2026_26_sep_05,Citizen Science (ultrasonic) - shared
59~40306+18~07249_20260926_052125.wav,DEV_001_20260926_052125.wav,0,59.40306,18.07249,Leppun,Leptophyes punctatissima,Speckled Bush-cricket,bush-cricket,0.99,,,26/09/2026,25/09/2026,05:21:25,ClassifEspSWE-0002026-05-29_1,JOHANKARLSSON,202609261754ILYQJGW1,2026_26_sep_05,Citizen Science (ultrasonic) - shared
59~40306+18~07249_20260926_052131.wav,DEV_001_20260926_052131.wav,0,59.40306,18.07249,Leppun,Leptophyes punctatissima,Speckled Bush-cricket,bush-cricket,0.99,,,26/09/2026,25/09/2026,05:21:31,ClassifEspSWE-0002026-05-29_1,JOHANKARLSSON,202609261754ILYQJGW1,2026_26_sep_05,Citizen Science (ultrasonic) - shared
59~40306+18~07249_20260926_052138.wav,DEV_001_20260926_052138.wav,0,59.40306,18.07249,Leppun,Leptophyes punctatissima,Speckled Bush-cricket,bush-cricket,0.99,,,26/09/2026,25/09/2026,05:21:38,ClassifEspSWE-0002026-05-29_1,JOHANKARLSSON,202609261754ILYQJGW1,2026_26_sep_05,Citizen Science (ultrasonic) - shared
59~40306+18~07249_20260926_052144.wav,DEV_001_20260926_052144.wav,0,59.40306,18.07249,Leppun,Leptophyes punctatissima,Speckled Bush-cricket,bush-cricket,0.99,,,26/09/2026,25/09/2026,05:21:44,ClassifEspSWE-0002026-05-29_1,JOHANKARLSSON,202609261754ILYQJGW1,2026_26_sep_05,Citizen Science (ultrasonic) - shared
59~40306+18~07249_20260926_052151.wav,DEV_001_20260926_052151.wav,0,59.40306,18.07249,Leppun,Leptophyes punctatissima,Speckled Bush-cricket,bush-cricket,0.99,,,26/09/2026,25/09/2026,05:21:51,ClassifEspSWE-0002026-05-29_1,JOHANKARLSSON,202609261754ILYQJGW1,2026_26_sep_05,Citizen Science (ultrasonic) - shared
59~40306+18~07249_20260926_052158.wav,DEV_001_20260926_052158.wav,0,59.40306,18.07249,Leppun,Leptophyes punctatissima,Speckled Bush-cricket,bush-cricket,0.99,,,26/09/2026,25/09/2026,05:21:58,ClassifEspSWE-0002026-05-29_1,JOHANKARLSSON,202609261754ILYQJGW1,2026_26_sep_05,Citizen Science (ultrasonic) - shared
59~40306+18~07249_20260926_052203.wav,DEV_001_20260926_052203.wav,0,59.40306,18.07249,Leppun,Leptophyes punctatissima,Speckled Bush-cricket,bush-cricket,0.99,,,26/09/2026,25/09/2026,05:22:03,ClassifEspSWE-0002026-05-29_1,JOHANKARLSSON,202609261754ILYQJGW1,2026_26_sep_05,Citizen Science (ultrasonic) - shared
59~40306+18~07249_20260926_052209.wav,DEV_001_20260926_052209.wav,0,59.40306,18.07249,Leppun,Leptophyes punctatissima,Speckled Bush-cricket,bush-cricket,0.99,,,26/09/2026,25/09/2026,05:22:09,ClassifEspSWE-0002026-05-29_1,JOHANKARLSSON,202609261754ILYQJGW1,2026_26_sep_05,Citizen Science (ultrasonic) - shared
59~40306+18~07249_20260926_052214.wav,DEV_001_20260926_052214.wav,0,59.40306,18.07249,Leppun,Leptophyes punctatissima,Speckled Bush-cricket,bush-cricket,0.99,,,26/09/2026,25/09/2026,05:22:14,ClassifEspSWE-0002026-05-29_1,JOHANKARLSSON,202609261754ILYQJGW1,2026_26_sep_05,Citizen Science (ultrasonic) - shared
59~40306+18~07249_20260926_052220.wav,DEV_001_20260926_052220.wav,0,59.40306,18.07249,Leppun,Leptophyes punctatissima,Speckled Bush-cricket,bush-cricket,0.99,,,26/09/2026,25/09/2026,05:22:20,ClassifEspSWE-0002026-05-29_1,JOHANKARLSSON,202609261754ILYQJGW1,2026_26_sep_05,Citizen Science (ultrasonic) - shared
59~40306+18~07249_20260926_052226.wav,DEV_001_20260926_052226.wav,0,59.40306,18.07249,Leppun,Leptophyes punctatissima,Speckled Bush-cricket,bush-cricket,0.99,,,26/09/2026,25/09/2026,05:22:26,ClassifEspSWE-0002026-05-29_1,JOHANKARLSSON,202609261754ILYQJGW1,2026_26_sep_05,Citizen Science (ultrasonic) - shared
59~40306+18~07249_20260926_052233.wav,DEV_001_20260926_052233.wav,0,59.40306,18.07249,Leppun,Leptophyes punctatissima,Speckled Bush-cricket,bush-cricket,0.99,,,26/09/2026,25/09/2026,05:22:33,ClassifEspSWE-0002026-05-29_1,JOHANKARLSSON,202609261754ILYQJGW1,2026_26_sep_05,Citizen Science (ultrasonic) - shared
59~40306+18~07249_20260926_052239.wav,DEV_001_20260926_052239.wav,0,59.40306,18.07249,Leppun,Leptophyes punctatissima,Speckled Bush-cricket,bush-cricket,0.99,,,26/09/2026,25/09/2026,05:22:39,ClassifEspSWE-0002026-05-29_1,JOHANKARLSSON,202609261754ILYQJGW1,2026_26_sep_05,Citizen Science (ultrasonic) - shared
59~40306+18~07249_20260926_052244.wav,DEV_001_20260926_052244.wav,0,59.40306,18.07249,Leppun,Leptophyes punctatissima,Speckled Bush-cricket,bush-cricket,0.99,,,26/09/2026,25/09/2026,05:22:44,ClassifEspSWE-0002026-05-29_1,JOHANKARLSSON,202609261754ILYQJGW1,2026_26_sep_05,Citizen Science (ultrasonic) - shared
59~40306+18~07249_20260926_052250.wav,DEV_001_20260926_052250.wav,0,59.40306,18.07249,Leppun,Leptophyes punctatissima,Speckled Bush-cricket,bush-cricket,0.99,,,26/09/2026,25/09/2026,05:22:50,ClassifEspSWE-0002026-05-29_1,JOHANKARLSSON,202609261754ILYQJGW1,2026_26_sep_05,Citizen Science (ultrasonic) - shared
59~40306+18~07249_20260926_052256.wav,DEV_001_20260926_052256.wav,0,59.40306,18.07249,Leppun,Leptophyes punctatissima,Speckled Bush-cricket,bush-cricket,0.99,,,26/09/2026,25/09/2026,05:22:56,ClassifEspSWE-0002026-05-29_1,JOHANKARLSSON,202609261754ILYQJGW1,2026_26_sep_05,Citizen Science (ultrasonic) - shared
59~40306+18~07249_20260926_052301.wav,DEV_001_20260926_052301.wav,0,59.40306,18.07249,Leppun,Leptophyes punctatissima,Speckled Bush-cricket,bush-cricket,0.99,,,26/09/2026,25/09/2026,05:23:01,ClassifEspSWE-0002026-05-29_1,JOHANKARLSSON,202609261754ILYQJGW1,2026_26_sep_05,Citizen Science (ultrasonic) - shared
59~40306+18~07249_20260926_052308.wav,DEV_001_20260926_052308.wav,0,59.40306,18.07249,Leppun,Leptophyes punctatissima,Speckled Bush-cricket,bush-cricket,0.99,,,26/09/2026,25/09/2026,05:23:08,ClassifEspSWE-0002026-05-29_1,JOHANKARLSSON,202609261754ILYQJGW1,2026_26_sep_05,Citizen Science (ultrasonic) - shared
59~40306+18~07249_20260926_052314.wav,DEV_001_20260926_052314.wav,0,59.40306,18.07249,Leppun,Leptophyes punctatissima,Speckled Bush-cricket,bush-cricket,0.99,,,26/09/2026,25/09/2026,05:23:14,ClassifEspSWE-0002026-05-29_1,JOHANKARLSSON,202609261754ILYQJGW1,2026_26_sep_05,Citizen Science (ultrasonic) - shared
59~40306+18~07249_20260926_052319.wav,DEV_001_20260926_052319.wav,0,59.40306,18.07249,Leppun,Leptophyes punctatissima,Speckled Bush-cricket,bush-cricket,0.99,,,26/09/2026,25/09/2026,05:23:19,ClassifEspSWE-0002026-05-29_1,JOHANKARLSSON,202609261754ILYQJGW1,2026_26_sep_05,Citizen Science (ultrasonic) - shared
59~40306+18~07249_20260926_052325.wav,DEV_001_20260926_052325.wav,0,59.40306,18.07249,Leppun,Leptophyes punctatissima,Speckled Bush-cricket,bush-cricket,0.99,,,26/09/2026,25/09/2026,05:23:25,ClassifEspSWE-0002026-05-29_1,JOHANKARLSSON,202609261754ILYQJGW1,2026_26_sep_05,Citizen Science (ultrasonic) - shared
59~40306+18~07249_20260926_052331.wav,DEV_001_20260926_052331.wav,0,59.40306,18.07249,Leppun,Leptophyes punctatissima,Speckled Bush-cricket,bush-cricket,0.99,,,26/09/2026,25/09/2026,05:23:31,ClassifEspSWE-0002026-05-29_1,JOHANKARLSSON,202609261754ILYQJGW1,2026_26_sep_05,Citizen Science (ultrasonic) - shared
59~40306+18~07249_20260926_052337.wav,DEV_001_20260926_052337.wav,0,59.40306,18.07249,Leppun,Leptophyes punctatissima,Speckled Bush-cricket,bush-cricket,0.99,,,26/09/2026,25/09/2026,05:23:37,ClassifEspSWE-0002026-05-29_1,JOHANKARLSSON,202609261754ILYQJGW1,2026_26_sep_05,Citizen Science (ultrasonic) - shared
59~40306+18~07249_20260926_052342.wav,DEV_001_20260926_052342.wav,0,59.40306,18.07249,Leppun,Leptophyes punctatissima,Speckled Bush-cricket,bush-cricket,0.99,,,26/09/2026,25/09/2026,05:23:42,ClassifEspSWE-0002026-05-29_1,JOHANKARLSSON,202609261754ILYQJGW1,2026_26_sep_05,Citizen Science (ultrasonic) - shared
59~40306+18~07249_20260926_052348.wav,DEV_001_20260926_052348.wav,0,59.40306,18.07249,Leppun,Leptophyes punctatissima,Speckled Bush-cricket,bush-cricket,0.99,,,26/09/2026,25/09/2026,05:23:48,ClassifEspSWE-0002026-05-29_1,JOHANKARLSSON,202609261754ILYQJGW1,2026_26_sep_05,Citizen Science (ultrasonic) - shared
59~40306+18~07249_20260926_052354.wav,DEV_001_20260926_052354.wav,0,59.40306,18.07249,Leppun,Leptophyes punctatissima,Speckled Bush-cricket,bush-cricket,0.99,,,26/09/2026,25/09/2026,05:23:54,ClassifEspSWE-0002026-05-29_1,JOHANKARLSSON,202609261754ILYQJGW1,2026_26_sep_05,Citizen Science (ultrasonic) - shared
59~40306+18~07249_20260926_052359.wav,DEV_001_20260926_052359.wav,0,59.40306,18.07249,Leppun,Leptophyes punctatissima,Speckled Bush-cricket,bush-cricket,0.99,,,26/09/2026,25/09/2026,05:23:59,ClassifEspSWE-0002026-05-29_1,JOHANKARLSSON,202609261754ILYQJGW1,2026_26_sep_05,Citizen Science (ultrasonic) - shared
59~40306+18~07249_20260926_052406.wav,DEV_001_20260926_052406.wav,0,59.40306,18.07249,Leppun,Leptophyes punctatissima,Speckled Bush-cricket,bush-cricket,0.99,,,26/09/2026,25/09/2026,05:24:06,ClassifEspSWE-0002026-05-29_1,JOHANKARLSSON,202609261754ILYQJGW1,2026_26_sep_05,Citizen Science (ultrasonic) - shared
59~40306+18~07249_20260926_052413.wav,DEV_001_20260926_052413.wav,0,59.40306,18.07249,Leppun,Leptophyes punctatissima,Speckled Bush-cricket,bush-cricket,0.99,,,26/09/2026,25/09/2026,05:24:13,ClassifEspSWE-0002026-05-29_1,JOHANKARLSSON,202609261754ILYQJGW1,2026_26_sep_05,Citizen Science (ultrasonic) - shared
59~40306+18~07249_20260926_052419.wav,DEV_001_20260926_052419.wav,0,59.40306,18.07249,Leppun,Leptophyes punctatissima,Speckled Bush-cricket,bush-cricket,0.99,,,26/09/2026,25/09/2026,05:24:19,ClassifEspSWE-0002026-05-29_1,JOHANKARLSSON,202609261754ILYQJGW1,2026_26_sep_05,Citizen Science (ultrasonic) - shared
59~40306+18~07249_20260926_052425.wav,DEV_001_20260926_052425.wav,0,59.40306,18.07249,Leppun,Leptophyes punctatissima,Speckled Bush-cricket,bush-cricket,0.99,,,26/09/2026,25/09/2026,05:24:25,ClassifEspSWE-0002026-05-29_1,JOHANKARLSSON,202609261754ILYQJGW1,2026_26_sep_05,Citizen Science (ultrasonic) - shared
59~40306+18~07249_20260926_052430.wav,DEV_001_20260926_052430.wav,0,59.40306,18.07249,Leppun,Leptophyes punctatissima,Speckled Bush-cricket,bush-cricket,0.99,,,26/09/2026,25/09/2026,05:24:30,ClassifEspSWE-0002026-05-29_1,JOHANKARLSSON,202609261754ILYQJGW1,2026_26_sep_05,Citizen Science (ultrasonic) - shared
59~40306+18~07249_20260926_052437.wav,DEV_001_20260926_052437.wav,0,59.40306,18.07249,Leppun,Leptophyes punctatissima,Speckled Bush-cricket,bush-cricket,0.99,,,26/09/2026,25/09/2026,05:24:37,ClassifEspSWE-0002026-05-29_1,JOHANKARLSSON,202609261754ILYQJGW1,2026_26_sep_05,Citizen Science (ultrasonic) - shared
59~40306+18~07249_20260926_052442.wav,DEV_001_20260926_052442.wav,0,59.40306,18.07249,Leppun,Leptophyes punctatissima,Speckled Bush-cricket,bush-cricket,0.99,,,26/09/2026,25/09/2026,05:24:42,ClassifEspSWE-0002026-05-29_1,JOHANKARLSSON,202609261754ILYQJGW1,2026_26_sep_05,Citizen Science (ultrasonic) - shared
59~40306+18~07249_20260926_052449.wav,DEV_001_20260926_052449.wav,0,59.40306,18.07249,Leppun,Leptophyes punctatissima,Speckled Bush-cricket,bush-cricket,0.99,,,26/09/2026,25/09/2026,05:24:49,ClassifEspSWE-0002026-05-29_1,JOHANKARLSSON,202609261754ILYQJGW1,2026_26_sep_05,Citizen Science (ultrasonic) - shared
59~40306+18~07249_20260926_052454.wav,DEV_001_20260926_052454.wav,0,59.40306,18.07249,Leppun,Leptophyes punctatissima,Speckled Bush-cricket,bush-cricket,0.99,,,26/09/2026,25/09/2026,05:24:54,ClassifEspSWE-0002026-05-29_1,JOHANKARLSSON,202609261754ILYQJGW1,2026_26_sep_05,Citizen Science (ultrasonic) - shared
59~40306+18~07249_20260926_052500.wav,DEV_001_20260926_052500.wav,0,59.40306,18.07249,Leppun,Leptophyes punctatissima,Speckled Bush-cricket,bush-cricket,0.99,,,26/09/2026,25/09/2026,05:25:00,ClassifEspSWE-0002026-05-29_1,JOHANKARLSSON,202609261754ILYQJGW1,2026_26_sep_05,Citizen Science (ultrasonic) - shared
59~40306+18~07249_20260926_052506.wav,DEV_001_20260926_052506.wav,0,59.40306,18.07249,Leppun,Leptophyes punctatissima,Speckled Bush-cricket,bush-cricket,0.99,,,26/09/2026,25/09/2026,05:25:06,ClassifEspSWE-0002026-05-29_1,JOHANKARLSSON,202609261754ILYQJGW1,2026_26_sep_05,Citizen Science (ultrasonic) - shared
59~40306+18~07249_20260926_052513.wav,DEV_001_20260926_052513.wav,0,59.40306,18.07249,Leppun,Leptophyes punctatissima,Speckled Bush-cricket,bush-cricket,0.99,,,26/09/2026,25/09/2026,05:25:13,ClassifEspSWE-0002026-05-29_1,JOHANKARLSSON,202609261754ILYQJGW1,2026_26_sep_05,Citizen Science (ultrasonic) - shared
59~40306+18~07249_20260926_052519.wav,DEV_001_20260926_052519.wav,0,59.40306,18.07249,Leppun,Leptophyes punctatissima,Speckled Bush-cricket,bush-cricket,0.99,,,26/09/2026,25/09/2026,05:25:19,ClassifEspSWE-0002026-05-29_1,JOHANKARLSSON,202609261754ILYQJGW1,2026_26_sep_05,Citizen Science (ultrasonic) - shared
59~40306+18~07249_20260926_052526.wav,DEV_001_20260926_052526.wav,0,59.40306,18.07249,Leppun,Leptophyes punctatissima,Speckled Bush-cricket,bush-cricket,0.99,,,26/09/2026,25/09/2026,05:25:26,ClassifEspSWE-0002026-05-29_1,JOHANKARLSSON,202609261754ILYQJGW1,2026_26_sep_05,Citizen Science (ultrasonic) - shared
59~40306+18~07249_20260926_052532.wav,DEV_001_20260926_052532.wav,0,59.40306,18.07249,Leppun,Leptophyes punctatissima,Speckled Bush-cricket,bush-cricket,0.99,,,26/09/2026,25/09/2026,05:25:32,ClassifEspSWE-0002026-05-29_1,JOHANKARLSSON,202609261754ILYQJGW1,2026_26_sep_05,Citizen Science (ultrasonic) - shared
59~40306+18~07249_20260926_052539.wav,DEV_001_20260926_052539.wav,0,59.40306,18.07249,Leppun,Leptophyes punctatissima,Speckled Bush-cricket,bush-cricket,0.99,,,26/09/2026,25/09/2026,05:25:39,ClassifEspSWE-0002026-05-29_1,JOHANKARLSSON,202609261754ILYQJGW1,2026_26_sep_05,Citizen Science (ultrasonic) - shared
59~40306+18~07249_20260926_052544.wav,DEV_001_20260926_052544.wav,0,59.40306,18.07249,Leppun,Leptophyes punctatissima,Speckled Bush-cricket,bush-cricket,0.99,,,26/09/2026,25/09/2026,05:25:44,ClassifEspSWE-0002026-05-29_1,JOHANKARLSSON,202609261754ILYQJGW1,2026_26_sep_05,Citizen Science (ultrasonic) - shared
59~40306+18~07249_20260926_052550.wav,DEV_001_20260926_052550.wav,0,59.40306,18.07249,Leppun,Leptophyes punctatissima,Speckled Bush-cricket,bush-cricket,0.99,,,26/09/2026,25/09/2026,05:25:50,ClassifEspSWE-0002026-05-29_1,JOHANKARLSSON,202609261754ILYQJGW1,2026_26_sep_05,Citizen Science (ultrasonic) - shared
59~40306+18~07249_20260926_052556.wav,DEV_001_20260926_052556.wav,0,59.40306,18.07249,Leppun,Leptophyes punctatissima,Speckled Bush-cricket,bush-cricket,0.99,,,26/09/2026,25/09/2026,05:25:56,ClassifEspSWE-0002026-05-29_1,JOHANKARLSSON,202609261754ILYQJGW1,2026_26_sep_05,Citizen Science (ultrasonic) - shared
59~40306+18~07249_20260926_052601.wav,DEV_001_20260926_052601.wav,0,59.40306,18.07249,Leppun,Leptophyes punctatissima,Speckled Bush-cricket,bush-cricket,0.99,,,26/09/2026,25/09/2026,05:26:01,ClassifEspSWE-0002026-05-29_1,JOHANKARLSSON,202609261754ILYQJGW1,2026_26_sep_05,Citizen Science (ultrasonic) - shared
59~40306+18~07249_20260926_052607.wav,DEV_001_20260926_052607.wav,0,59.40306,18.07249,Leppun,Leptophyes punctatissima,Speckled Bush-cricket,bush-cricket,0.99,,,26/09/2026,25/09/2026,05:26:07,ClassifEspSWE-0002026-05-29_1,JOHANKARLSSON,202609261754ILYQJGW1,2026_26_sep_05,Citizen Science (ultrasonic) - shared
59~40306+18~07249_20260926_052614.wav,DEV_001_20260926_052614.wav,0,59.40306,18.07249,Leppun,Leptophyes punctatissima,Speckled Bush-cricket,bush-cricket,0.99,,,26/09/2026,25/09/2026,05:26:14,ClassifEspSWE-0002026-05-29_1,JOHANKARLSSON,202609261754ILYQJGW1,2026_26_sep_05,Citizen Science (ultrasonic) - shared
59~40306+18~07249_20260926_052620.wav,DEV_001_20260926_052620.wav,0,59.40306,18.07249,Leppun,Leptophyes punctatissima,Speckled Bush-cricket,bush-cricket,0.99,,,26/09/2026,25/09/2026,05:26:20,ClassifEspSWE-0002026-05-29_1,JOHANKARLSSON,202609261754ILYQJGW1,2026_26_sep_05,Citizen Science (ultrasonic) - shared
59~40306+18~07249_20260926_052626.wav,DEV_001_20260926_052626.wav,0,59.40306,18.07249,Leppun,Leptophyes punctatissima,Speckled Bush-cricket,bush-cricket,0.99,,,26/09/2026,25/09/2026,05:26:26,ClassifEspSWE-0002026-05-29_1,JOHANKARLSSON,202609261754ILYQJGW1,2026_26_sep_05,Citizen Science (ultrasonic) - shared
59~40306+18~07249_20260926_052633.wav,DEV_001_20260926_052633.wav,0,59.40306,18.07249,Leppun,Leptophyes punctatissima,Speckled Bush-cricket,bush-cricket,0.99,,,26/09/2026,25/09/2026,05:26:33,ClassifEspSWE-0002026-05-29_1,JOHANKARLSSON,202609261754ILYQJGW1,2026_26_sep_05,Citizen Science (ultrasonic) - shared
59~40306+18~07249_20260926_052639.wav,DEV_001_20260926_052639.wav,0,59.40306,18.07249,Leppun,Leptophyes punctatissima,Speckled Bush-cricket,bush-cricket,0.99,,,26/09/2026,25/09/2026,05:26:39,ClassifEspSWE-0002026-05-29_1,JOHANKARLSSON,202609261754ILYQJGW1,2026_26_sep_05,Citizen Science (ultrasonic) - shared
59~40306+18~07249_20260926_052645.wav,DEV_001_20260926_052645.wav,0,59.40306,18.07249,Leppun,Leptophyes punctatissima,Speckled Bush-cricket,bush-cricket,0.99,,,26/09/2026,25/09/2026,05:26:45,ClassifEspSWE-0002026-05-29_1,JOHANKARLSSON,202609261754ILYQJGW1,2026_26_sep_05,Citizen Science (ultrasonic) - shared
59~40306+18~07249_20260926_052650.wav,DEV_001_20260926_052650.wav,0,59.40306,18.07249,Leppun,Leptophyes punctatissima,Speckled Bush-cricket,bush-cricket,0.99,,,26/09/2026,25/09/2026,05:26:50,ClassifEspSWE-0002026-05-29_1,JOHANKARLSSON,202609261754ILYQJGW1,2026_26_sep_05,Citizen Science (ultrasonic) - shared
59~40306+18~07249_20260926_052659.wav,DEV_001_20260926_052659.wav,0,59.40306,18.07249,Leppun,Leptophyes punctatissima,Speckled Bush-cricket,bush-cricket,0.99,,,26/09/2026,25/09/2026,05:26:59,ClassifEspSWE-0002026-05-29_1,JOHANKARLSSON,202609261754ILYQJGW1,2026_26_sep_05,Citizen Science (ultrasonic) - shared
59~40306+18~07249_20260926_052705.wav,DEV_001_20260926_052705.wav,0,59.40306,18.07249,Leppun,Leptophyes punctatissima,Speckled Bush-cricket,bush-cricket,0.99,,,26/09/2026,25/09/2026,05:27:05,ClassifEspSWE-0002026-05-29_1,JOHANKARLSSON,202609261754ILYQJGW1,2026_26_sep_05,Citizen Science (ultrasonic) - shared
59~40306+18~07249_20260926_052711.wav,DEV_001_20260926_052711.wav,0,59.40306,18.07249,Leppun,Leptophyes punctatissima,Speckled Bush-cricket,bush-cricket,0.99,,,26/09/2026,25/09/2026,05:27:11,ClassifEspSWE-0002026-05-29_1,JOHANKARLSSON,202609261754ILYQJGW1,2026_26_sep_05,Citizen Science (ultrasonic) - shared
59~40306+18~07249_20260926_052717.wav,DEV_001_20260926_052717.wav,0,59.40306,18.07249,Leppun,Leptophyes punctatissima,Speckled Bush-cricket,bush-cricket,0.99,,,26/09/2026,25/09/2026,05:27:17,ClassifEspSWE-0002026-05-29_1,JOHANKARLSSON,202609261754ILYQJGW1,2026_26_sep_05,Citizen Science (ultrasonic) - shared
59~40306+18~07249_20260926_052722.wav,DEV_001_20260926_052722.wav,0,59.40306,18.07249,Leppun,Leptophyes punctatissima,Speckled Bush-cricket,bush-cricket,0.99,,,26/09/2026,25/09/2026,05:27:22,ClassifEspSWE-0002026-05-29_1,JOHANKARLSSON,202609261754ILYQJGW1,2026_26_sep_05,Citizen Science (ultrasonic) - shared
59~40306+18~07249_20260926_052728.wav,DEV_001_20260926_052728.wav,0,59.40306,18.07249,Leppun,Leptophyes punctatissima,Speckled Bush-cricket,bush-cricket,0.99,,,26/09/2026,25/09/2026,05:27:28,ClassifEspSWE-0002026-05-29_1,JOHANKARLSSON,202609261754ILYQJGW1,2026_26_sep_05,Citizen Science (ultrasonic) - shared
59~40306+18~07249_20260926_052734.wav,DEV_001_20260926_052734.wav,0,59.40306,18.07249,Leppun,Leptophyes punctatissima,Speckled Bush-cricket,bush-cricket,0.99,,,26/09/2026,25/09/2026,05:27:34,ClassifEspSWE-0002026-05-29_1,JOHANKARLSSON,202609261754ILYQJGW1,2026_26_sep_05,Citizen Science (ultrasonic) - shared
59~40306+18~07249_20260926_052740.wav,DEV_001_20260926_052740.wav,0,59.40306,18.07249,Leppun,Leptophyes punctatissima,Speckled Bush-cricket,bush-cricket,0.99,,,26/09/2026,25/09/2026,05:27:40,ClassifEspSWE-0002026-05-29_1,JOHANKARLSSON,202609261754ILYQJGW1,2026_26_sep_05,Citizen Science (ultrasonic) - shared
59~40306+18~07249_20260926_052746.wav,DEV_001_20260926_052746.wav,0,59.40306,18.07249,Leppun,Leptophyes punctatissima,Speckled Bush-cricket,bush-cricket,0.99,,,26/09/2026,25/09/2026,05:27:46,ClassifEspSWE-0002026-05-29_1,JOHANKARLSSON,202609261754ILYQJGW1,2026_26_sep_05,Citizen Science (ultrasonic) - shared
59~40306+18~07249_20260926_052751.wav,DEV_001_20260926_052751.wav,0,59.40306,18.07249,Leppun,Leptophyes punctatissima,Speckled Bush-cricket,bush-cricket,0.99,,,26/09/2026,25/09/2026,05:27:51,ClassifEspSWE-0002026-05-29_1,JOHANKARLSSON,202609261754ILYQJGW1,2026_26_sep_05,Citizen Science (ultrasonic) - shared
59~40306+18~07249_20260926_052759.wav,DEV_001_20260926_052759.wav,0,59.40306,18.07249,Leppun,Leptophyes punctatissima,Speckled Bush-cricket,bush-cricket,0.99,,,26/09/2026,25/09/2026,05:27:59,ClassifEspSWE-0002026-05-29_1,JOHANKARLSSON,202609261754ILYQJGW1,2026_26_sep_05,Citizen Science (ultrasonic) - shared
59~40306+18~07249_20260926_052805.wav,DEV_001_20260926_052805.wav,0,59.40306,18.07249,Leppun,Leptophyes punctatissima,Speckled Bush-cricket,bush-cricket,0.99,,,26/09/2026,25/09/2026,05:28:05,ClassifEspSWE-0002026-05-29_1,JOHANKARLSSON,202609261754ILYQJGW1,2026_26_sep_05,Citizen Science (ultrasonic) - shared
59~40306+18~07249_20260926_052811.wav,DEV_001_20260926_052811.wav,0,59.40306,18.07249,Leppun,Leptophyes punctatissima,Speckled Bush-cricket,bush-cricket,0.99,,,26/09/2026,25/09/2026,05:28:11,ClassifEspSWE-0002026-05-29_1,JOHANKARLSSON,202609261754ILYQJGW1,2026_26_sep_05,Citizen Science (ultrasonic) - shared
59~40306+18~07249_20260926_052817.wav,DEV_001_20260926_052817.wav,0,59.40306,18.07249,Leppun,Leptophyes punctatissima,Speckled Bush-cricket,bush-cricket,0.99,,,26/09/2026,25/09/2026,05:28:17,ClassifEspSWE-0002026-05-29_1,JOHANKARLSSON,202609261754ILYQJGW1,2026_26_sep_05,Citizen Science (ultrasonic) - shared
59~40306+18~07249_20260926_052823.wav,DEV_001_20260926_052823.wav,0,59.40306,18.07249,Leppun,Leptophyes punctatissima,Speckled Bush-cricket,bush-cricket,0.99,,,26/09/2026,25/09/2026,05:28:23,ClassifEspSWE-0002026-05-29_1,JOHANKARLSSON,202609261754ILYQJGW1,2026_26_sep_05,Citizen Science (ultrasonic) - shared
59~40306+18~07249_20260926_052830.wav,DEV_001_20260926_052830.wav,0,59.40306,18.07249,Leppun,Leptophyes punctatissima,Speckled Bush-cricket,bush-cricket,0.99,,,26/09/2026,25/09/2026,05:28:30,ClassifEspSWE-0002026-05-29_1,JOHANKARLSSON,202609261754ILYQJGW1,2026_26_sep_05,Citizen Science (ultrasonic) - shared
59~40306+18~07249_20260926_052836.wav,DEV_001_20260926_052836.wav,0,59.40306,18.07249,Leppun,Leptophyes punctatissima,Speckled Bush-cricket,bush-cricket,0.99,,,26/09/2026,25/09/2026,05:28:36,ClassifEspSWE-0002026-05-29_1,JOHANKARLSSON,202609261754ILYQJGW1,2026_26_sep_05,Citizen Science (ultrasonic) - shared
59~40306+18~07249_20260926_052842.wav,DEV_001_20260926_052842.wav,0,59.40306,18.07249,Leppun,Leptophyes punctatissima,Speckled Bush-cricket,bush-cricket,0.99,,,26/09/2026,25/09/2026,05:28:42,ClassifEspSWE-0002026-05-29_1,JOHANKARLSSON,202609261754ILYQJGW1,2026_26_sep_05,Citizen Science (ultrasonic) - shared
59~40306+18~07249_20260926_052849.wav,DEV_001_20260926_052849.wav,0,59.40306,18.07249,Leppun,Leptophyes punctatissima,Speckled Bush-cricket,bush-cricket,0.99,,,26/09/2026,25/09/2026,05:28:49,ClassifEspSWE-0002026-05-29_1,JOHANKARLSSON,202609261754ILYQJGW1,2026_26_sep_05,Citizen Science (ultrasonic) - shared
59~40306+18~07249_20260926_052854.wav,DEV_001_20260926_052854.wav,0,59.40306,18.07249,Leppun,Leptophyes punctatissima,Speckled Bush-cricket,bush-cricket,0.99,,,26/09/2026,25/09/2026,05:28:54,ClassifEspSWE-0002026-05-29_1,JOHANKARLSSON,202609261754ILYQJGW1,2026_26_sep_05,Citizen Science (ultrasonic) - shared
59~40306+18~07249_20260926_052900.wav,DEV_001_20260926_052900.wav,0,59.40306,18.07249,Leppun,Leptophyes punctatissima,Speckled Bush-cricket,bush-cricket,0.99,,,26/09/2026,25/09/2026,05:29:00,ClassifEspSWE-0002026-05-29_1,JOHANKARLSSON,202609261754ILYQJGW1,2026_26_sep_05,Citizen Science (ultrasonic) - shared
59~40306+18~07249_20260926_052906.wav,DEV_001_20260926_052906.wav,0,59.40306,18.07249,Leppun,Leptophyes punctatissima,Speckled Bush-cricket,bush-cricket,0.99,,,26/09/2026,25/09/2026,05:29:06,ClassifEspSWE-0002026-05-29_1,JOHANKARLSSON,202609261754ILYQJGW1,2026_26_sep_05,Citizen Science (ultrasonic) - shared
59~40306+18~07249_20260926_052912.wav,DEV_001_20260926_052912.wav,0,59.40306,18.07249,Leppun,Leptophyes punctatissima,Speckled Bush-cricket,bush-cricket,0.99,,,26/09/2026,25/09/2026,05:29:12,ClassifEspSWE-0002026-05-29_1,JOHANKARLSSON,202609261754ILYQJGW1,2026_26_sep_05,Citizen Science (ultrasonic) - shared
59~40306+18~07249_20260926_052918.wav,DEV_001_20260926_052918.wav,0,59.40306,18.07249,Leppun,Leptophyes punctatissima,Speckled Bush-cricket,bush-cricket,0.99,,,26/09/2026,25/09/2026,05:29:18,ClassifEspSWE-0002026-05-29_1,JOHANKARLSSON,202609261754ILYQJGW1,2026_26_sep_05,Citizen Science (ultrasonic) - shared
59~40306+18~07249_20260926_052926.wav,DEV_001_20260926_052926.wav,0,59.40306,18.07249,Leppun,Leptophyes punctatissima,Speckled Bush-cricket,bush-cricket,0.99,,,26/09/2026,25/09/2026,05:29:26,ClassifEspSWE-0002026-05-29_1,JOHANKARLSSON,202609261754ILYQJGW1,2026_26_sep_05,Citizen Science (ultrasonic) - shared
59~40306+18~07249_20260926_052931.wav,DEV_001_20260926_052931.wav,0,59.40306,18.07249,Leppun,Leptophyes punctatissima,Speckled Bush-cricket,bush-cricket,0.99,,,26/09/2026,25/09/2026,05:29:31,ClassifEspSWE-0002026-05-29_1,JOHANKARLSSON,202609261754ILYQJGW1,2026_26_sep_05,Citizen Science (ultrasonic) - shared
59~40306+18~07249_20260926_052938.wav,DEV_001_20260926_052938.wav,0,59.40306,18.07249,Leppun,Leptophyes punctatissima,Speckled Bush-cricket,bush-cricket,0.99,,,26/09/2026,25/09/2026,05:29:38,ClassifEspSWE-0002026-05-29_1,JOHANKARLSSON,202609261754ILYQJGW1,2026_26_sep_05,Citizen Science (ultrasonic) - shared
59~40306+18~07249_20260926_052943.wav,DEV_001_20260926_052943.wav,0,59.40306,18.07249,Leppun,Leptophyes punctatissima,Speckled Bush-cricket,bush-cricket,0.99,,,26/09/2026,25/09/2026,05:29:43,ClassifEspSWE-0002026-05-29_1,JOHANKARLSSON,202609261754ILYQJGW1,2026_26_sep_05,Citizen Science (ultrasonic) - shared
59~40306+18~07249_20260926_052949.wav,DEV_001_20260926_052949.wav,0,59.40306,18.07249,Leppun,Leptophyes punctatissima,Speckled Bush-cricket,bush-cricket,0.99,,,26/09/2026,25/09/2026,05:29:49,ClassifEspSWE-0002026-05-29_1,JOHANKARLSSON,202609261754ILYQJGW1,2026_26_sep_05,Citizen Science (ultrasonic) - shared
59~40306+18~07249_20260926_052954.wav,DEV_001_20260926_052954.wav,0,59.40306,18.07249,Leppun,Leptophyes punctatissima,Speckled Bush-cricket,bush-cricket,0.99,,,26/09/2026,25/09/2026,05:29:54,ClassifEspSWE-0002026-05-29_1,JOHANKARLSSON,202609261754ILYQJGW1,2026_26_sep_05,Citizen Science (ultrasonic) - shared
59~40306+18~07249_20260926_053000.wav,DEV_001_20260926_053000.wav,0,59.40306,18.07249,Leppun,Leptophyes punctatissima,Speckled Bush-cricket,bush-cricket,0.99,,,26/09/2026,25/09/2026,05:30:00,ClassifEspSWE-0002026-05-29_1,JOHANKARLSSON,202609261754ILYQJGW1,2026_26_sep_05,Citizen Science (ultrasonic) - shared
59~40306+18~07249_20260926_053006.wav,DEV_001_20260926_053006.wav,0,59.40306,18.07249,Leppun,Leptophyes punctatissima,Speckled Bush-cricket,bush-cricket,0.99,,,26/09/2026,25/09/2026,05:30:06,ClassifEspSWE-0002026-05-29_1,JOHANKARLSSON,202609261754ILYQJGW1,2026_26_sep_05,Citizen Science (ultrasonic) - shared
59~40306+18~07249_20260926_053012.wav,DEV_001_20260926_053012.wav,0,59.40306,18.07249,Leppun,Leptophyes punctatissima,Speckled Bush-cricket,bush-cricket,0.99,,,26/09/2026,25/09/2026,05:30:12,ClassifEspSWE-0002026-05-29_1,JOHANKARLSSON,202609261754ILYQJGW1,2026_26_sep_05,Citizen Science (ultrasonic) - shared
59~40306+18~07249_20260926_053018.wav,DEV_001_20260926_053018.wav,0,59.40306,18.07249,Leppun,Leptophyes punctatissima,Speckled Bush-cricket,bush-cricket,0.99,,,26/09/2026,25/09/2026,05:30:18,ClassifEspSWE-0002026-05-29_1,JOHANKARLSSON,202609261754ILYQJGW1,2026_26_sep_05,Citizen Science (ultrasonic) - shared
59~40306+18~07249_20260926_053024.wav,DEV_001_20260926_053024.wav,0,59.40306,18.07249,Leppun,Leptophyes punctatissima,Speckled Bush-cricket,bush-cricket,0.99,,,26/09/2026,25/09/2026,05:30:24,ClassifEspSWE-0002026-05-29_1,JOHANKARLSSON,202609261754ILYQJGW1,2026_26_sep_05,Citizen Science (ultrasonic) - shared
59~40306+18~07249_20260926_053029.wav,DEV_001_20260926_053029.wav,0,59.40306,18.07249,Leppun,Leptophyes punctatissima,Speckled Bush-cricket,bush-cricket,0.99,,,26/09/2026,25/09/2026,05:30:29,ClassifEspSWE-0002026-05-29_1,JOHANKARLSSON,202609261754ILYQJGW1,2026_26_sep_05,Citizen Science (ultrasonic) - shared
59~40306+18~07249_20260926_053034.wav,DEV_001_20260926_053034.wav,0,59.40306,18.07249,Leppun,Leptophyes punctatissima,Speckled Bush-cricket,bush-cricket,0.99,,,26/09/2026,25/09/2026,05:30:34,ClassifEspSWE-0002026-05-29_1,JOHANKARLSSON,202609261754ILYQJGW1,2026_26_sep_05,Citizen Science (ultrasonic) - shared
59~40306+18~07249_20260926_053040.wav,DEV_001_20260926_053040.wav,0,59.40306,18.07249,Leppun,Leptophyes punctatissima,Speckled Bush-cricket,bush-cricket,0.99,,,26/09/2026,25/09/2026,05:30:40,ClassifEspSWE-0002026-05-29_1,JOHANKARLSSON,202609261754ILYQJGW1,2026_26_sep_05,Citizen Science (ultrasonic) - shared
59~40306+18~07249_20260926_053045.wav,DEV_001_20260926_053045.wav,0,59.40306,18.07249,Leppun,Leptophyes punctatissima,Speckled Bush-cricket,bush-cricket,0.99,,,26/09/2026,25/09/2026,05:30:45,ClassifEspSWE-0002026-05-29_1,JOHANKARLSSON,202609261754ILYQJGW1,2026_26_sep_05,Citizen Science (ultrasonic) - shared
59~40306+18~07249_20260926_053051.wav,DEV_001_20260926_053051.wav,0,59.40306,18.07249,Leppun,Leptophyes punctatissima,Speckled Bush-cricket,bush-cricket,0.99,,,26/09/2026,25/09/2026,05:30:51,ClassifEspSWE-0002026-05-29_1,JOHANKARLSSON,202609261754ILYQJGW1,2026_26_sep_05,Citizen Science (ultrasonic) - shared
59~40306+18~07249_20260926_053058.wav,DEV_001_20260926_053058.wav,0,59.40306,18.07249,Leppun,Leptophyes punctatissima,Speckled Bush-cricket,bush-cricket,0.99,,,26/09/2026,25/09/2026,05:30:58,ClassifEspSWE-0002026-05-29_1,JOHANKARLSSON,202609261754ILYQJGW1,2026_26_sep_05,Citizen Science (ultrasonic) - shared
59~40306+18~07249_20260926_053105.wav,DEV_001_20260926_053105.wav,0,59.40306,18.07249,Leppun,Leptophyes punctatissima,Speckled Bush-cricket,bush-cricket,0.99,,,26/09/2026,25/09/2026,05:31:05,ClassifEspSWE-0002026-05-29_1,JOHANKARLSSON,202609261754ILYQJGW1,2026_26_sep_05,Citizen Science (ultrasonic) - shared
59~40306+18~07249_20260926_053111.wav,DEV_001_20260926_053111.wav,0,59.40306,18.07249,Leppun,Leptophyes punctatissima,Speckled Bush-cricket,bush-cricket,0.99,,,26/09/2026,25/09/2026,05:31:11,ClassifEspSWE-0002026-05-29_1,JOHANKARLSSON,202609261754ILYQJGW1,2026_26_sep_05,Citizen Science (ultrasonic) - shared
59~40306+18~07249_20260926_053117.wav,DEV_001_20260926_053117.wav,0,59.40306,18.07249,Leppun,Leptophyes punctatissima,Speckled Bush-cricket,bush-cricket,0.99,,,26/09/2026,25/09/2026,05:31:17,ClassifEspSWE-0002026-05-29_1,JOHANKARLSSON,202609261754ILYQJGW1,2026_26_sep_05,Citizen Science (ultrasonic) - shared
59~40306+18~07249_20260926_053122.wav,DEV_001_20260926_053122.wav,0,59.40306,18.07249,Leppun,Leptophyes punctatissima,Speckled Bush-cricket,bush-cricket,0.99,,,26/09/2026,25/09/2026,05:31:22,ClassifEspSWE-0002026-05-29_1,JOHANKARLSSON,202609261754ILYQJGW1,2026_26_sep_05,Citizen Science (ultrasonic) - shared
59~40306+18~07249_20260926_053127.wav,DEV_001_20260926_053127.wav,0,59.40306,18.07249,Leppun,Leptophyes punctatissima,Speckled Bush-cricket,bush-cricket,0.99,,,26/09/2026,25/09/2026,05:31:27,ClassifEspSWE-0002026-05-29_1,JOHANKARLSSON,202609261754ILYQJGW1,2026_26_sep_05,Citizen Science (ultrasonic) - shared
59~40306+18~07249_20260926_053133.wav,DEV_001_20260926_053133.wav,0,59.40306,18.07249,Leppun,Leptophyes punctatissima,Speckled Bush-cricket,bush-cricket,0.99,,,26/09/2026,25/09/2026,05:31:33,ClassifEspSWE-0002026-05-29_1,JOHANKARLSSON,202609261754ILYQJGW1,2026_26_sep_05,Citizen Science (ultrasonic) - shared
59~40306+18~07249_20260926_053139.wav,DEV_001_20260926_053139.wav,0,59.40306,18.07249,Leppun,Leptophyes punctatissima,Speckled Bush-cricket,bush-cricket,0.99,,,26/09/2026,25/09/2026,05:31:39,ClassifEspSWE-0002026-05-29_1,JOHANKARLSSON,202609261754ILYQJGW1,2026_26_sep_05,Citizen Science (ultrasonic) - shared
59~40306+18~07249_20260926_053145.wav,DEV_001_20260926_053145.wav,0,59.40306,18.07249,Leppun,Leptophyes punctatissima,Speckled Bush-cricket,bush-cricket,0.99,,,26/09/2026,25/09/2026,05:31:45,ClassifEspSWE-0002026-05-29_1,JOHANKARLSSON,202609261754ILYQJGW1,2026_26_sep_05,Citizen Science (ultrasonic) - shared
59~40306+18~07249_20260926_053151.wav,DEV_001_20260926_053151.wav,0,59.40306,18.07249,Leppun,Leptophyes punctatissima,Speckled Bush-cricket,bush-cricket,0.99,,,26/09/2026,25/09/2026,05:31:51,ClassifEspSWE-0002026-05-29_1,JOHANKARLSSON,202609261754ILYQJGW1,2026_26_sep_05,Citizen Science (ultrasonic) - shared
59~40306+18~07249_20260926_053157.wav,DEV_001_20260926_053157.wav,0,59.40306,18.07249,Leppun,Leptophyes punctatissima,Speckled Bush-cricket,bush-cricket,0.99,,,26/09/2026,25/09/2026,05:31:57,ClassifEspSWE-0002026-05-29_1,JOHANKARLSSON,202609261754ILYQJGW1,2026_26_sep_05,Citizen Science (ultrasonic) - shared
59~40306+18~07249_20260926_053203.wav,DEV_001_20260926_053203.wav,0,59.40306,18.07249,Leppun,Leptophyes punctatissima,Speckled Bush-cricket,bush-cricket,0.99,,,26/09/2026,25/09/2026,05:32:03,ClassifEspSWE-0002026-05-29_1,JOHANKARLSSON,202609261754ILYQJGW1,2026_26_sep_05,Citizen Science (ultrasonic) - shared
59~40306+18~07249_20260926_053209.wav,DEV_001_20260926_053209.wav,0,59.40306,18.07249,Leppun,Leptophyes punctatissima,Speckled Bush-cricket,bush-cricket,0.99,,,26/09/2026,25/09/2026,05:32:09,ClassifEspSWE-0002026-05-29_1,JOHANKARLSSON,202609261754ILYQJGW1,2026_26_sep_05,Citizen Science (ultrasonic) - shared
59~40306+18~07249_20260926_053214.wav,DEV_001_20260926_053214.wav,0,59.40306,18.07249,Leppun,Leptophyes punctatissima,Speckled Bush-cricket,bush-cricket,0.99,,,26/09/2026,25/09/2026,05:32:14,ClassifEspSWE-0002026-05-29_1,JOHANKARLSSON,202609261754ILYQJGW1,2026_26_sep_05,Citizen Science (ultrasonic) - shared
59~40306+18~07249_20260926_053220.wav,DEV_001_20260926_053220.wav,0,59.40306,18.07249,Leppun,Leptophyes punctatissima,Speckled Bush-cricket,bush-cricket,0.99,,,26/09/2026,25/09/2026,05:32:20,ClassifEspSWE-0002026-05-29_1,JOHANKARLSSON,202609261754ILYQJGW1,2026_26_sep_05,Citizen Science (ultrasonic) - shared
59~40306+18~07249_20260926_053225.wav,DEV_001_20260926_053225.wav,0,59.40306,18.07249,Leppun,Leptophyes punctatissima,Speckled Bush-cricket,bush-cricket,0.99,,,26/09/2026,25/09/2026,05:32:25,ClassifEspSWE-0002026-05-29_1,JOHANKARLSSON,202609261754ILYQJGW1,2026_26_sep_05,Citizen Science (ultrasonic) - shared
59~40306+18~07249_20260926_053230.wav,DEV_001_20260926_053230.wav,0,59.40306,18.07249,Leppun,Leptophyes punctatissima,Speckled Bush-cricket,bush-cricket,0.99,,,26/09/2026,25/09/2026,05:32:30,ClassifEspSWE-0002026-05-29_1,JOHANKARLSSON,202609261754ILYQJGW1,2026_26_sep_05,Citizen Science (ultrasonic) - shared
59~40306+18~07249_20260926_053237.wav,DEV_001_20260926_053237.wav,0,59.40306,18.07249,Leppun,Leptophyes punctatissima,Speckled Bush-cricket,bush-cricket,0.99,,,26/09/2026,25/09/2026,05:32:37,ClassifEspSWE-0002026-05-29_1,JOHANKARLSSON,202609261754ILYQJGW1,2026_26_sep_05,Citizen Science (ultrasonic) - shared
59~40306+18~07249_20260926_053243.wav,DEV_001_20260926_053243.wav,0,59.40306,18.07249,Leppun,Leptophyes punctatissima,Speckled Bush-cricket,bush-cricket,0.99,,,26/09/2026,25/09/2026,05:32:43,ClassifEspSWE-0002026-05-29_1,JOHANKARLSSON,202609261754ILYQJGW1,2026_26_sep_05,Citizen Science (ultrasonic) - shared
59~40306+18~07249_20260926_053249.wav,DEV_001_20260926_053249.wav,0,59.40306,18.07249,Leppun,Leptophyes punctatissima,Speckled Bush-cricket,bush-cricket,0.99,,,26/09/2026,25/09/2026,05:32:49,ClassifEspSWE-0002026-05-29_1,JOHANKARLSSON,202609261754ILYQJGW1,2026_26_sep_05,Citizen Science (ultrasonic) - shared
59~40306+18~07249_20260926_053254.wav,DEV_001_20260926_053254.wav,0,59.40306,18.07249,Leppun,Leptophyes punctatissima,Speckled Bush-cricket,bush-cricket,0.99,,,26/09/2026,25/09/2026,05:32:54,ClassifEspSWE-0002026-05-29_1,JOHANKARLSSON,202609261754ILYQJGW1,2026_26_sep_05,Citizen Science (ultrasonic) - shared
59~40306+18~07249_20260926_053301.wav,DEV_001_20260926_053301.wav,0,59.40306,18.07249,Leppun,Leptophyes punctatissima,Speckled Bush-cricket,bush-cricket,0.99,,,26/09/2026,25/09/2026,05:33:01,ClassifEspSWE-0002026-05-29_1,JOHANKARLSSON,202609261754ILYQJGW1,2026_26_sep_05,Citizen Science (ultrasonic) - shared
59~40306+18~07249_20260926_053307.wav,DEV_001_20260926_053307.wav,0,59.40306,18.07249,Leppun,Leptophyes punctatissima,Speckled Bush-cricket,bush-cricket,0.99,,,26/09/2026,25/09/2026,05:33:07,ClassifEspSWE-0002026-05-29_1,JOHANKARLSSON,202609261754ILYQJGW1,2026_26_sep_05,Citizen Science (ultrasonic) - shared
59~40306+18~07249_20260926_053313.wav,DEV_001_20260926_053313.wav,0,59.40306,18.07249,Leppun,Leptophyes punctatissima,Speckled Bush-cricket,bush-cricket,0.99,,,26/09/2026,25/09/2026,05:33:13,ClassifEspSWE-0002026-05-29_1,JOHANKARLSSON,202609261754ILYQJGW1,2026_26_sep_05,Citizen Science (ultrasonic) - shared
59~40306+18~07249_20260926_053319.wav,DEV_001_20260926_053319.wav,0,59.40306,18.07249,Leppun,Leptophyes punctatissima,Speckled Bush-cricket,bush-cricket,0.99,,,26/09/2026,25/09/2026,05:33:19,ClassifEspSWE-0002026-05-29_1,JOHANKARLSSON,202609261754ILYQJGW1,2026_26_sep_05,Citizen Science (ultrasonic) - shared
59~40306+18~07249_20260926_053325.wav,DEV_001_20260926_053325.wav,0,59.40306,18.07249,Leppun,Leptophyes punctatissima,Speckled Bush-cricket,bush-cricket,0.99,,,26/09/2026,25/09/2026,05:33:25,ClassifEspSWE-0002026-05-29_1,JOHANKARLSSON,202609261754ILYQJGW1,2026_26_sep_05,Citizen Science (ultrasonic) - shared
59~40306+18~07249_20260926_053331.wav,DEV_001_20260926_053331.wav,0,59.40306,18.07249,Leppun,Leptophyes punctatissima,Speckled Bush-cricket,bush-cricket,0.99,,,26/09/2026,25/09/2026,05:33:31,ClassifEspSWE-0002026-05-29_1,JOHANKARLSSON,202609261754ILYQJGW1,2026_26_sep_05,Citizen Science (ultrasonic) - shared
59~40306+18~07249_20260926_053336.wav,DEV_001_20260926_053336.wav,0,59.40306,18.07249,Leppun,Leptophyes punctatissima,Speckled Bush-cricket,bush-cricket,0.99,,,26/09/2026,25/09/2026,05:33:36,ClassifEspSWE-0002026-05-29_1,JOHANKARLSSON,202609261754ILYQJGW1,2026_26_sep_05,Citizen Science (ultrasonic) - shared
59~40306+18~07249_20260926_053343.wav,DEV_001_20260926_053343.wav,0,59.40306,18.07249,Leppun,Leptophyes punctatissima,Speckled Bush-cricket,bush-cricket,0.99,,,26/09/2026,25/09/2026,05:33:43,ClassifEspSWE-0002026-05-29_1,JOHANKARLSSON,202609261754ILYQJGW1,2026_26_sep_05,Citizen Science (ultrasonic) - shared
59~40306+18~07249_20260926_053349.wav,DEV_001_20260926_053349.wav,0,59.40306,18.07249,Leppun,Leptophyes punctatissima,Speckled Bush-cricket,bush-cricket,0.99,,,26/09/2026,25/09/2026,05:33:49,ClassifEspSWE-0002026-05-29_1,JOHANKARLSSON,202609261754ILYQJGW1,2026_26_sep_05,Citizen Science (ultrasonic) - shared
59~40306+18~07249_20260926_053354.wav,DEV_001_20260926_053354.wav,0,59.40306,18.07249,Leppun,Leptophyes punctatissima,Speckled Bush-cricket,bush-cricket,0.99,,,26/09/2026,25/09/2026,05:33:54,ClassifEspSWE-0002026-05-29_1,JOHANKARLSSON,202609261754ILYQJGW1,2026_26_sep_05,Citizen Science (ultrasonic) - shared
59~40306+18~07249_20260926_053401.wav,DEV_001_20260926_053401.wav,0,59.40306,18.07249,Leppun,Leptophyes punctatissima,Speckled Bush-cricket,bush-cricket,0.99,,,26/09/2026,25/09/2026,05:34:01,ClassifEspSWE-0002026-05-29_1,JOHANKARLSSON,202609261754ILYQJGW1,2026_26_sep_05,Citizen Science (ultrasonic) - shared
59~40306+18~07249_20260926_053407.wav,DEV_001_20260926_053407.wav,0,59.40306,18.07249,Leppun,Leptophyes punctatissima,Speckled Bush-cricket,bush-cricket,0.99,,,26/09/2026,25/09/2026,05:34:07,ClassifEspSWE-0002026-05-29_1,JOHANKARLSSON,202609261754ILYQJGW1,2026_26_sep_05,Citizen Science (ultrasonic) - shared
59~40306+18~07249_20260926_053412.wav,DEV_001_20260926_053412.wav,0,59.40306,18.07249,Leppun,Leptophyes punctatissima,Speckled Bush-cricket,bush-cricket,0.99,,,26/09/2026,25/09/2026,05:34:12,ClassifEspSWE-0002026-05-29_1,JOHANKARLSSON,202609261754ILYQJGW1,2026_26_sep_05,Citizen Science (ultrasonic) - shared
59~40306+18~07249_20260926_053418.wav,DEV_001_20260926_053418.wav,0,59.40306,18.07249,Leppun,Leptophyes punctatissima,Speckled Bush-cricket,bush-cricket,0.99,,,26/09/2026,25/09/2026,05:34:18,ClassifEspSWE-0002026-05-29_1,JOHANKARLSSON,202609261754ILYQJGW1,2026_26_sep_05,Citizen Science (ultrasonic) - shared
59~40306+18~07249_20260926_053423.wav,DEV_001_20260926_053423.wav,0,59.40306,18.07249,Leppun,Leptophyes punctatissima,Speckled Bush-cricket,bush-cricket,0.99,,,26/09/2026,25/09/2026,05:34:23,ClassifEspSWE-0002026-05-29_1,JOHANKARLSSON,202609261754ILYQJGW1,2026_26_sep_05,Citizen Science (ultrasonic) - shared
59~40306+18~07249_20260926_053429.wav,DEV_001_20260926_053429.wav,0,59.40306,18.07249,Leppun,Leptophyes punctatissima,Speckled Bush-cricket,bush-cricket,0.99,,,26/09/2026,25/09/2026,05:34:29,ClassifEspSWE-0002026-05-29_1,JOHANKARLSSON,202609261754ILYQJGW1,2026_26_sep_05,Citizen Science (ultrasonic) - shared
59~40306+18~07249_20260926_053435.wav,DEV_001_20260926_053435.wav,0,59.40306,18.07249,Leppun,Leptophyes punctatissima,Speckled Bush-cricket,bush-cricket,0.99,,,26/09/2026,25/09/2026,05:34:35,ClassifEspSWE-0002026-05-29_1,JOHANKARLSSON,202609261754ILYQJGW1,2026_26_sep_05,Citizen Science (ultrasonic) - shared
59~40306+18~07249_20260926_053441.wav,DEV_001_20260926_053441.wav,0,59.40306,18.07249,Leppun,Leptophyes punctatissima,Speckled Bush-cricket,bush-cricket,0.99,,,26/09/2026,25/09/2026,05:34:41,ClassifEspSWE-0002026-05-29_1,JOHANKARLSSON,202609261754ILYQJGW1,2026_26_sep_05,Citizen Science (ultrasonic) - shared
59~40306+18~07249_20260926_053447.wav,DEV_001_20260926_053447.wav,0,59.40306,18.07249,Leppun,Leptophyes punctatissima,Speckled Bush-cricket,bush-cricket,0.99,,,26/09/2026,25/09/2026,05:34:47,ClassifEspSWE-0002026-05-29_1,JOHANKARLSSON,202609261754ILYQJGW1,2026_26_sep_05,Citizen Science (ultrasonic) - shared
59~40306+18~07249_20260926_053453.wav,DEV_001_20260926_053453.wav,0,59.40306,18.07249,Leppun,Leptophyes punctatissima,Speckled Bush-cricket,bush-cricket,0.99,,,26/09/2026,25/09/2026,05:34:53,ClassifEspSWE-0002026-05-29_1,JOHANKARLSSON,202609261754ILYQJGW1,2026_26_sep_05,Citizen Science (ultrasonic) - shared
59~40306+18~07249_20260926_053459.wav,DEV_001_20260926_053459.wav,0,59.40306,18.07249,Leppun,Leptophyes punctatissima,Speckled Bush-cricket,bush-cricket,0.99,,,26/09/2026,25/09/2026,05:34:59,ClassifEspSWE-0002026-05-29_1,JOHANKARLSSON,202609261754ILYQJGW1,2026_26_sep_05,Citizen Science (ultrasonic) - shared
59~40306+18~07249_20260926_053504.wav,DEV_001_20260926_053504.wav,0,59.40306,18.07249,Leppun,Leptophyes punctatissima,Speckled Bush-cricket,bush-cricket,0.99,,,26/09/2026,25/09/2026,05:35:04,ClassifEspSWE-0002026-05-29_1,JOHANKARLSSON,202609261754ILYQJGW1,2026_26_sep_05,Citizen Science (ultrasonic) - shared
59~40306+18~07249_20260926_053510.wav,DEV_001_20260926_053510.wav,0,59.40306,18.07249,Leppun,Leptophyes punctatissima,Speckled Bush-cricket,bush-cricket,0.99,,,26/09/2026,25/09/2026,05:35:10,ClassifEspSWE-0002026-05-29_1,JOHANKARLSSON,202609261754ILYQJGW1,2026_26_sep_05,Citizen Science (ultrasonic) - shared
59~40306+18~07249_20260926_053515.wav,DEV_001_20260926_053515.wav,0,59.40306,18.07249,Leppun,Leptophyes punctatissima,Speckled Bush-cricket,bush-cricket,0.99,,,26/09/2026,25/09/2026,05:35:15,ClassifEspSWE-0002026-05-29_1,JOHANKARLSSON,202609261754ILYQJGW1,2026_26_sep_05,Citizen Science (ultrasonic) - shared
59~40306+18~07249_20260926_053521.wav,DEV_001_20260926_053521.wav,0,59.40306,18.07249,Leppun,Leptophyes punctatissima,Speckled Bush-cricket,bush-cricket,0.99,,,26/09/2026,25/09/2026,05:35:21,ClassifEspSWE-0002026-05-29_1,JOHANKARLSSON,202609261754ILYQJGW1,2026_26_sep_05,Citizen Science (ultrasonic) - shared
59~40306+18~07249_20260926_053527.wav,DEV_001_20260926_053527.wav,0,59.40306,18.07249,Leppun,Leptophyes punctatissima,Speckled Bush-cricket,bush-cricket,0.99,,,26/09/2026,25/09/2026,05:35:27,ClassifEspSWE-0002026-05-29_1,JOHANKARLSSON,202609261754ILYQJGW1,2026_26_sep_05,Citizen Science (ultrasonic) - shared
59~40306+18~07249_20260926_053532.wav,DEV_001_20260926_053532.wav,0,59.40306,18.07249,Leppun,Leptophyes punctatissima,Speckled Bush-cricket,bush-cricket,0.99,,,26/09/2026,25/09/2026,05:35:32,ClassifEspSWE-0002026-05-29_1,JOHANKARLSSON,202609261754ILYQJGW1,2026_26_sep_05,Citizen Science (ultrasonic) - shared
59~40306+18~07249_20260926_053540.wav,DEV_001_20260926_053540.wav,0,59.40306,18.07249,Leppun,Leptophyes punctatissima,Speckled Bush-cricket,bush-cricket,0.99,,,26/09/2026,25/09/2026,05:35:40,ClassifEspSWE-0002026-05-29_1,JOHANKARLSSON,202609261754ILYQJGW1,2026_26_sep_05,Citizen Science (ultrasonic) - shared
59~40306+18~07249_20260926_053545.wav,DEV_001_20260926_053545.wav,0,59.40306,18.07249,Leppun,Leptophyes punctatissima,Speckled Bush-cricket,bush-cricket,0.99,,,26/09/2026,25/09/2026,05:35:45,ClassifEspSWE-0002026-05-29_1,JOHANKARLSSON,202609261754ILYQJGW1,2026_26_sep_05,Citizen Science (ultrasonic) - shared
59~40306+18~07249_20260926_053551.wav,DEV_001_20260926_053551.wav,0,59.40306,18.07249,Leppun,Leptophyes punctatissima,Speckled Bush-cricket,bush-cricket,0.99,,,26/09/2026,25/09/2026,05:35:51,ClassifEspSWE-0002026-05-29_1,JOHANKARLSSON,202609261754ILYQJGW1,2026_26_sep_05,Citizen Science (ultrasonic) - shared
59~40306+18~07249_20260926_053557.wav,DEV_001_20260926_053557.wav,0,59.40306,18.07249,Leppun,Leptophyes punctatissima,Speckled Bush-cricket,bush-cricket,0.99,,,26/09/2026,25/09/2026,05:35:57,ClassifEspSWE-0002026-05-29_1,JOHANKARLSSON,202609261754ILYQJGW1,2026_26_sep_05,Citizen Science (ultrasonic) - shared
59~40306+18~07249_20260926_053603.wav,DEV_001_20260926_053603.wav,0,59.40306,18.07249,Leppun,Leptophyes punctatissima,Speckled Bush-cricket,bush-cricket,0.99,,,26/09/2026,25/09/2026,05:36:03,ClassifEspSWE-0002026-05-29_1,JOHANKARLSSON,202609261754ILYQJGW1,2026_26_sep_05,Citizen Science (ultrasonic) - shared
59~40306+18~07249_20260926_053608.wav,DEV_001_20260926_053608.wav,0,59.40306,18.07249,Leppun,Leptophyes punctatissima,Speckled Bush-cricket,bush-cricket,0.99,,,26/09/2026,25/09/2026,05:36:08,ClassifEspSWE-0002026-05-29_1,JOHANKARLSSON,202609261754ILYQJGW1,2026_26_sep_05,Citizen Science (ultrasonic) - shared
59~40306+18~07249_20260926_053615.wav,DEV_001_20260926_053615.wav,0,59.40306,18.07249,Leppun,Leptophyes punctatissima,Speckled Bush-cricket,bush-cricket,0.99,,,26/09/2026,25/09/2026,05:36:15,ClassifEspSWE-0002026-05-29_1,JOHANKARLSSON,202609261754ILYQJGW1,2026_26_sep_05,Citizen Science (ultrasonic) - shared
59~40306+18~07249_20260926_053621.wav,DEV_001_20260926_053621.wav,0,59.40306,18.07249,Leppun,Leptophyes punctatissima,Speckled Bush-cricket,bush-cricket,0.99,,,26/09/2026,25/09/2026,05:36:21,ClassifEspSWE-0002026-05-29_1,JOHANKARLSSON,202609261754ILYQJGW1,2026_26_sep_05,Citizen Science (ultrasonic) - shared
59~40306+18~07249_20260926_053627.wav,DEV_001_20260926_053627.wav,0,59.40306,18.07249,Leppun,Leptophyes punctatissima,Speckled Bush-cricket,bush-cricket,0.99,,,26/09/2026,25/09/2026,05:36:27,ClassifEspSWE-0002026-05-29_1,JOHANKARLSSON,202609261754ILYQJGW1,2026_26_sep_05,Citizen Science (ultrasonic) - shared
59~40306+18~07249_20260926_053633.wav,DEV_001_20260926_053633.wav,0,59.40306,18.07249,Leppun,Leptophyes punctatissima,Speckled Bush-cricket,bush-cricket,0.99,,,26/09/2026,25/09/2026,05:36:33,ClassifEspSWE-0002026-05-29_1,JOHANKARLSSON,202609261754ILYQJGW1,2026_26_sep_05,Citizen Science (ultrasonic) - shared
59~40306+18~07249_20260926_053639.wav,DEV_001_20260926_053639.wav,0,59.40306,18.07249,Leppun,Leptophyes punctatissima,Speckled Bush-cricket,bush-cricket,0.99,,,26/09/2026,25/09/2026,05:36:39,ClassifEspSWE-0002026-05-29_1,JOHANKARLSSON,202609261754ILYQJGW1,2026_26_sep_05,Citizen Science (ultrasonic) - shared
59~40306+18~07249_20260926_053645.wav,DEV_001_20260926_053645.wav,0,59.40306,18.07249,Leppun,Leptophyes punctatissima,Speckled Bush-cricket,bush-cricket,0.99,,,26/09/2026,25/09/2026,05:36:45,ClassifEspSWE-0002026-05-29_1,JOHANKARLSSON,202609261754ILYQJGW1,2026_26_sep_05,Citizen Science (ultrasonic) - shared
59~40306+18~07249_20260926_053652.wav,DEV_001_20260926_053652.wav,0,59.40306,18.07249,Leppun,Leptophyes punctatissima,Speckled Bush-cricket,bush-cricket,0.99,,,26/09/2026,25/09/2026,05:36:52,ClassifEspSWE-0002026-05-29_1,JOHANKARLSSON,202609261754ILYQJGW1,2026_26_sep_05,Citizen Science (ultrasonic) - shared
59~40306+18~07249_20260926_053657.wav,DEV_001_20260926_053657.wav,0,59.40306,18.07249,Leppun,Leptophyes punctatissima,Speckled Bush-cricket,bush-cricket,0.99,,,26/09/2026,25/09/2026,05:36:57,ClassifEspSWE-0002026-05-29_1,JOHANKARLSSON,202609261754ILYQJGW1,2026_26_sep_05,Citizen Science (ultrasonic) - shared
59~40306+18~07249_20260926_053703.wav,DEV_001_20260926_053703.wav,0,59.40306,18.07249,Leppun,Leptophyes punctatissima,Speckled Bush-cricket,bush-cricket,0.99,,,26/09/2026,25/09/2026,05:37:03,ClassifEspSWE-0002026-05-29_1,JOHANKARLSSON,202609261754ILYQJGW1,2026_26_sep_05,Citizen Science (ultrasonic) - shared
59~40306+18~07249_20260926_053708.wav,DEV_001_20260926_053708.wav,0,59.40306,18.07249,Leppun,Leptophyes punctatissima,Speckled Bush-cricket,bush-cricket,0.99,,,26/09/2026,25/09/2026,05:37:08,ClassifEspSWE-0002026-05-29_1,JOHANKARLSSON,202609261754ILYQJGW1,2026_26_sep_05,Citizen Science (ultrasonic) - shared
59~40306+18~07249_20260926_053713.wav,DEV_001_20260926_053713.wav,0,59.40306,18.07249,Leppun,Leptophyes punctatissima,Speckled Bush-cricket,bush-cricket,0.99,,,26/09/2026,25/09/2026,05:37:13,ClassifEspSWE-0002026-05-29_1,JOHANKARLSSON,202609261754ILYQJGW1,2026_26_sep_05,Citizen Science (ultrasonic) - shared
59~40306+18~07249_20260926_053719.wav,DEV_001_20260926_053719.wav,0,59.40306,18.07249,Leppun,Leptophyes punctatissima,Speckled Bush-cricket,bush-cricket,0.99,,,26/09/2026,25/09/2026,05:37:19,ClassifEspSWE-0002026-05-29_1,JOHANKARLSSON,202609261754ILYQJGW1,2026_26_sep_05,Citizen Science (ultrasonic) - shared
59~40306+18~07249_20260926_053725.wav,DEV_001_20260926_053725.wav,0,59.40306,18.07249,Leppun,Leptophyes punctatissima,Speckled Bush-cricket,bush-cricket,0.99,,,26/09/2026,25/09/2026,05:37:25,ClassifEspSWE-0002026-05-29_1,JOHANKARLSSON,202609261754ILYQJGW1,2026_26_sep_05,Citizen Science (ultrasonic) - shared
59~40306+18~07249_20260926_053731.wav,DEV_001_20260926_053731.wav,0,59.40306,18.07249,Leppun,Leptophyes punctatissima,Speckled Bush-cricket,bush-cricket,0.99,,,26/09/2026,25/09/2026,05:37:31,ClassifEspSWE-0002026-05-29_1,JOHANKARLSSON,202609261754ILYQJGW1,2026_26_sep_05,Citizen Science (ultrasonic) - shared
59~40306+18~07249_20260926_053736.wav,DEV_001_20260926_053736.wav,0,59.40306,18.07249,Leppun,Leptophyes punctatissima,Speckled Bush-cricket,bush-cricket,0.99,,,26/09/2026,25/09/2026,05:37:36,ClassifEspSWE-0002026-05-29_1,JOHANKARLSSON,202609261754ILYQJGW1,2026_26_sep_05,Citizen Science (ultrasonic) - shared
59~40306+18~07249_20260926_053742.wav,DEV_001_20260926_053742.wav,0,59.40306,18.07249,Leppun,Leptophyes punctatissima,Speckled Bush-cricket,bush-cricket,0.99,,,26/09/2026,25/09/2026,05:37:42,ClassifEspSWE-0002026-05-29_1,JOHANKARLSSON,202609261754ILYQJGW1,2026_26_sep_05,Citizen Science (ultrasonic) - shared
59~40306+18~07249_20260926_053748.wav,DEV_001_20260926_053748.wav,0,59.40306,18.07249,Leppun,Leptophyes punctatissima,Speckled Bush-cricket,bush-cricket,0.99,,,26/09/2026,25/09/2026,05:37:48,ClassifEspSWE-0002026-05-29_1,JOHANKARLSSON,202609261754ILYQJGW1,2026_26_sep_05,Citizen Science (ultrasonic) - shared
59~40306+18~07249_20260926_053753.wav,DEV_001_20260926_053753.wav,0,59.40306,18.07249,Leppun,Leptophyes punctatissima,Speckled Bush-cricket,bush-cricket,0.99,,,26/09/2026,25/09/2026,05:37:53,ClassifEspSWE-0002026-05-29_1,JOHANKARLSSON,202609261754ILYQJGW1,2026_26_sep_05,Citizen Science (ultrasonic) - shared
59~40306+18~07249_20260926_053759.wav,DEV_001_20260926_053759.wav,0,59.40306,18.07249,Leppun,Leptophyes punctatissima,Speckled Bush-cricket,bush-cricket,0.99,,,26/09/2026,25/09/2026,05:37:59,ClassifEspSWE-0002026-05-29_1,JOHANKARLSSON,202609261754ILYQJGW1,2026_26_sep_05,Citizen Science (ultrasonic) - shared
59~40306+18~07249_20260926_053804.wav,DEV_001_20260926_053804.wav,0,59.40306,18.07249,Leppun,Leptophyes punctatissima,Speckled Bush-cricket,bush-cricket,0.99,,,26/09/2026,25/09/2026,05:38:04,ClassifEspSWE-0002026-05-29_1,JOHANKARLSSON,202609261754ILYQJGW1,2026_26_sep_05,Citizen Science (ultrasonic) - shared
59~40306+18~07249_20260926_053810.wav,DEV_001_20260926_053810.wav,0,59.40306,18.07249,Leppun,Leptophyes punctatissima,Speckled Bush-cricket,bush-cricket,0.99,,,26/09/2026,25/09/2026,05:38:10,ClassifEspSWE-0002026-05-29_1,JOHANKARLSSON,202609261754ILYQJGW1,2026_26_sep_05,Citizen Science (ultrasonic) - shared
59~40306+18~07249_20260926_053816.wav,DEV_001_20260926_053816.wav,0,59.40306,18.07249,Leppun,Leptophyes punctatissima,Speckled Bush-cricket,bush-cricket,0.99,,,26/09/2026,25/09/2026,05:38:16,ClassifEspSWE-0002026-05-29_1,JOHANKARLSSON,202609261754ILYQJGW1,2026_26_sep_05,Citizen Science (ultrasonic) - shared
59~40306+18~07249_20260926_053822.wav,DEV_001_20260926_053822.wav,0,59.40306,18.07249,Leppun,Leptophyes punctatissima,Speckled Bush-cricket,bush-cricket,0.99,,,26/09/2026,25/09/2026,05:38:22,ClassifEspSWE-0002026-05-29_1,JOHANKARLSSON,202609261754ILYQJGW1,2026_26_sep_05,Citizen Science (ultrasonic) - shared
59~40306+18~07249_20260926_053827.wav,DEV_001_20260926_053827.wav,0,59.40306,18.07249,Leppun,Leptophyes punctatissima,Speckled Bush-cricket,bush-cricket,0.99,,,26/09/2026,25/09/2026,05:38:27,ClassifEspSWE-0002026-05-29_1,JOHANKARLSSON,202609261754ILYQJGW1,2026_26_sep_05,Citizen Science (ultrasonic) - shared
59~40306+18~07249_20260926_053833.wav,DEV_001_20260926_053833.wav,0,59.40306,18.07249,Leppun,Leptophyes punctatissima,Speckled Bush-cricket,bush-cricket,0.99,,,26/09/2026,25/09/2026,05:38:33,ClassifEspSWE-0002026-05-29_1,JOHANKARLSSON,202609261754ILYQJGW1,2026_26_sep_05,Citizen Science (ultrasonic) - shared
59~40306+18~07249_20260926_053840.wav,DEV_001_20260926_053840.wav,0,59.40306,18.07249,Leppun,Leptophyes punctatissima,Speckled Bush-cricket,bush-cricket,0.99,,,26/09/2026,25/09/2026,05:38:40,ClassifEspSWE-0002026-05-29_1,JOHANKARLSSON,202609261754ILYQJGW1,2026_26_sep_05,Citizen Science (ultrasonic) - shared
59~40306+18~07249_20260926_053846.wav,DEV_001_20260926_053846.wav,0,59.40306,18.07249,Leppun,Leptophyes punctatissima,Speckled Bush-cricket,bush-cricket,0.99,,,26/09/2026,25/09/2026,05:38:46,ClassifEspSWE-0002026-05-29_1,JOHANKARLSSON,202609261754ILYQJGW1,2026_26_sep_05,Citizen Science (ultrasonic) - shared
59~40306+18~07249_20260926_053852.wav,DEV_001_20260926_053852.wav,0,59.40306,18.07249,Leppun,Leptophyes punctatissima,Speckled Bush-cricket,bush-cricket,0.99,,,26/09/2026,25/09/2026,05:38:52,ClassifEspSWE-0002026-05-29_1,JOHANKARLSSON,202609261754ILYQJGW1,2026_26_sep_05,Citizen Science (ultrasonic) - shared
59~40306+18~07249_20260926_053858.wav,DEV_001_20260926_053858.wav,0,59.40306,18.07249,Leppun,Leptophyes punctatissima,Speckled Bush-cricket,bush-cricket,0.99,,,26/09/2026,25/09/2026,05:38:58,ClassifEspSWE-0002026-05-29_1,JOHANKARLSSON,202609261754ILYQJGW1,2026_26_sep_05,Citizen Science (ultrasonic) - shared
59~40306+18~07249_20260926_053903.wav,DEV_001_20260926_053903.wav,0,59.40306,18.07249,Leppun,Leptophyes punctatissima,Speckled Bush-cricket,bush-cricket,0.99,,,26/09/2026,25/09/2026,05:39:03,ClassifEspSWE-0002026-05-29_1,JOHANKARLSSON,202609261754ILYQJGW1,2026_26_sep_05,Citizen Science (ultrasonic) - shared
59~40306+18~07249_20260926_053910.wav,DEV_001_20260926_053910.wav,0,59.40306,18.07249,Leppun,Leptophyes punctatissima,Speckled Bush-cricket,bush-cricket,0.99,,,26/09/2026,25/09/2026,05:39:10,ClassifEspSWE-0002026-05-29_1,JOHANKARLSSON,202609261754ILYQJGW1,2026_26_sep_05,Citizen Science (ultrasonic) - shared
59~40306+18~07249_20260926_053916.wav,DEV_001_20260926_053916.wav,0,59.40306,18.07249,Leppun,Leptophyes punctatissima,Speckled Bush-cricket,bush-cricket,0.99,,,26/09/2026,25/09/2026,05:39:16,ClassifEspSWE-0002026-05-29_1,JOHANKARLSSON,202609261754ILYQJGW1,2026_26_sep_05,Citizen Science (ultrasonic) - shared
59~40306+18~07249_20260926_053922.wav,DEV_001_20260926_053922.wav,0,59.40306,18.07249,Leppun,Leptophyes punctatissima,Speckled Bush-cricket,bush-cricket,0.99,,,26/09/2026,25/09/2026,05:39:22,ClassifEspSWE-0002026-05-29_1,JOHANKARLSSON,202609261754ILYQJGW1,2026_26_sep_05,Citizen Science (ultrasonic) - shared
59~40306+18~07249_20260926_053927.wav,DEV_001_20260926_053927.wav,0,59.40306,18.07249,Leppun,Leptophyes punctatissima,Speckled Bush-cricket,bush-cricket,0.99,,,26/09/2026,25/09/2026,05:39:27,ClassifEspSWE-0002026-05-29_1,JOHANKARLSSON,202609261754ILYQJGW1,2026_26_sep_05,Citizen Science (ultrasonic) - shared
59~40306+18~07249_20260926_053933.wav,DEV_001_20260926_053933.wav,0,59.40306,18.07249,Leppun,Leptophyes punctatissima,Speckled Bush-cricket,bush-cricket,0.99,,,26/09/2026,25/09/2026,05:39:33,ClassifEspSWE-0002026-05-29_1,JOHANKARLSSON,202609261754ILYQJGW1,2026_26_sep_05,Citizen Science (ultrasonic) - shared
59~40306+18~07249_20260926_053938.wav,DEV_001_20260926_053938.wav,0,59.40306,18.07249,Leppun,Leptophyes punctatissima,Speckled Bush-cricket,bush-cricket,0.99,,,26/09/2026,25/09/2026,05:39:38,ClassifEspSWE-0002026-05-29_1,JOHANKARLSSON,202609261754ILYQJGW1,2026_26_sep_05,Citizen Science (ultrasonic) - shared
59~40306+18~07249_20260926_053944.wav,DEV_001_20260926_053944.wav,0,59.40306,18.07249,Leppun,Leptophyes punctatissima,Speckled Bush-cricket,bush-cricket,0.99,,,26/09/2026,25/09/2026,05:39:44,ClassifEspSWE-0002026-05-29_1,JOHANKARLSSON,202609261754ILYQJGW1,2026_26_sep_05,Citizen Science (ultrasonic) - shared
59~40306+18~07249_20260926_053949.wav,DEV_001_20260926_053949.wav,0,59.40306,18.07249,Leppun,Leptophyes punctatissima,Speckled Bush-cricket,bush-cricket,0.99,,,26/09/2026,25/09/2026,05:39:49,ClassifEspSWE-0002026-05-29_1,JOHANKARLSSON,202609261754ILYQJGW1,2026_26_sep_05,Citizen Science (ultrasonic) - shared
59~40306+18~07249_20260926_053955.wav,DEV_001_20260926_053955.wav,0,59.40306,18.07249,Leppun,Leptophyes punctatissima,Speckled Bush-cricket,bush-cricket,0.99,,,26/09/2026,25/09/2026,05:39:55,ClassifEspSWE-0002026-05-29_1,JOHANKARLSSON,202609261754ILYQJGW1,2026_26_sep_05,Citizen Science (ultrasonic) - shared
59~40306+18~07249_20260926_054000.wav,DEV_001_20260926_054000.wav,0,59.40306,18.07249,Leppun,Leptophyes punctatissima,Speckled Bush-cricket,bush-cricket,0.99,,,26/09/2026,25/09/2026,05:40:00,ClassifEspSWE-0002026-05-29_1,JOHANKARLSSON,202609261754ILYQJGW1,2026_26_sep_05,Citizen Science (ultrasonic) - shared
59~40306+18~07249_20260926_054006.wav,DEV_001_20260926_054006.wav,0,59.40306,18.07249,Leppun,Leptophyes punctatissima,Speckled Bush-cricket,bush-cricket,0.99,,,26/09/2026,25/09/2026,05:40:06,ClassifEspSWE-0002026-05-29_1,JOHANKARLSSON,202609261754ILYQJGW1,2026_26_sep_05,Citizen Science (ultrasonic) - shared
59~40306+18~07249_20260926_054011.wav,DEV_001_20260926_054011.wav,0,59.40306,18.07249,Leppun,Leptophyes punctatissima,Speckled Bush-cricket,bush-cricket,0.99,,,26/09/2026,25/09/2026,05:40:11,ClassifEspSWE-0002026-05-29_1,JOHANKARLSSON,202609261754ILYQJGW1,2026_26_sep_05,Citizen Science (ultrasonic) - shared
59~40306+18~07249_20260926_054017.wav,DEV_001_20260926_054017.wav,0,59.40306,18.07249,Leppun,Leptophyes punctatissima,Speckled Bush-cricket,bush-cricket,0.99,,,26/09/2026,25/09/2026,05:40:17,ClassifEspSWE-0002026-05-29_1,JOHANKARLSSON,202609261754ILYQJGW1,2026_26_sep_05,Citizen Science (ultrasonic) - shared
59~40306+18~07249_20260926_054023.wav,DEV_001_20260926_054023.wav,0,59.40306,18.07249,Leppun,Leptophyes punctatissima,Speckled Bush-cricket,bush-cricket,0.99,,,26/09/2026,25/09/2026,05:40:23,ClassifEspSWE-0002026-05-29_1,JOHANKARLSSON,202609261754ILYQJGW1,2026_26_sep_05,Citizen Science (ultrasonic) - shared
59~40306+18~07249_20260926_054029.wav,DEV_001_20260926_054029.wav,0,59.40306,18.07249,Leppun,Leptophyes punctatissima,Speckled Bush-cricket,bush-cricket,0.99,,,26/09/2026,25/09/2026,05:40:29,ClassifEspSWE-0002026-05-29_1,JOHANKARLSSON,202609261754ILYQJGW1,2026_26_sep_05,Citizen Science (ultrasonic) - shared
59~40306+18~07249_20260926_054034.wav,DEV_001_20260926_054034.wav,0,59.40306,18.07249,Leppun,Leptophyes punctatissima,Speckled Bush-cricket,bush-cricket,0.99,,,26/09/2026,25/09/2026,05:40:34,ClassifEspSWE-0002026-05-29_1,JOHANKARLSSON,202609261754ILYQJGW1,2026_26_sep_05,Citizen Science (ultrasonic) - shared
59~40306+18~07249_20260926_054041.wav,DEV_001_20260926_054041.wav,0,59.40306,18.07249,Leppun,Leptophyes punctatissima,Speckled Bush-cricket,bush-cricket,0.99,,,26/09/2026,25/09/2026,05:40:41,ClassifEspSWE-0002026-05-29_1,JOHANKARLSSON,202609261754ILYQJGW1,2026_26_sep_05,Citizen Science (ultrasonic) - shared
59~40306+18~07249_20260926_054046.wav,DEV_001_20260926_054046.wav,0,59.40306,18.07249,Leppun,Leptophyes punctatissima,Speckled Bush-cricket,bush-cricket,0.99,,,26/09/2026,25/09/2026,05:40:46,ClassifEspSWE-0002026-05-29_1,JOHANKARLSSON,202609261754ILYQJGW1,2026_26_sep_05,Citizen Science (ultrasonic) - shared
59~40306+18~07249_20260926_054053.wav,DEV_001_20260926_054053.wav,0,59.40306,18.07249,Leppun,Leptophyes punctatissima,Speckled Bush-cricket,bush-cricket,0.99,,,26/09/2026,25/09/2026,05:40:53,ClassifEspSWE-0002026-05-29_1,JOHANKARLSSON,202609261754ILYQJGW1,2026_26_sep_05,Citizen Science (ultrasonic) - shared
59~40306+18~07249_20260926_054059.wav,DEV_001_20260926_054059.wav,0,59.40306,18.07249,Leppun,Leptophyes punctatissima,Speckled Bush-cricket,bush-cricket,0.99,,,26/09/2026,25/09/2026,05:40:59,ClassifEspSWE-0002026-05-29_1,JOHANKARLSSON,202609261754ILYQJGW1,2026_26_sep_05,Citizen Science (ultrasonic) - shared
59~40306+18~07249_20260926_054105.wav,DEV_001_20260926_054105.wav,0,59.40306,18.07249,Leppun,Leptophyes punctatissima,Speckled Bush-cricket,bush-cricket,0.99,,,26/09/2026,25/09/2026,05:41:05,ClassifEspSWE-0002026-05-29_1,JOHANKARLSSON,202609261754ILYQJGW1,2026_26_sep_05,Citizen Science (ultrasonic) - shared
59~40306+18~07249_20260926_054111.wav,DEV_001_20260926_054111.wav,0,59.40306,18.07249,Leppun,Leptophyes punctatissima,Speckled Bush-cricket,bush-cricket,0.99,,,26/09/2026,25/09/2026,05:41:11,ClassifEspSWE-0002026-05-29_1,JOHANKARLSSON,202609261754ILYQJGW1,2026_26_sep_05,Citizen Science (ultrasonic) - shared
59~40306+18~07249_20260926_054117.wav,DEV_001_20260926_054117.wav,0,59.40306,18.07249,Leppun,Leptophyes punctatissima,Speckled Bush-cricket,bush-cricket,0.99,,,26/09/2026,25/09/2026,05:41:17,ClassifEspSWE-0002026-05-29_1,JOHANKARLSSON,202609261754ILYQJGW1,2026_26_sep_05,Citizen Science (ultrasonic) - shared
59~40306+18~07249_20260926_054124.wav,DEV_001_20260926_054124.wav,0,59.40306,18.07249,Leppun,Leptophyes punctatissima,Speckled Bush-cricket,bush-cricket,0.99,,,26/09/2026,25/09/2026,05:41:24,ClassifEspSWE-0002026-05-29_1,JOHANKARLSSON,202609261754ILYQJGW1,2026_26_sep_05,Citizen Science (ultrasonic) - shared
59~40306+18~07249_20260926_054130.wav,DEV_001_20260926_054130.wav,0,59.40306,18.07249,Leppun,Leptophyes punctatissima,Speckled Bush-cricket,bush-cricket,0.99,,,26/09/2026,25/09/2026,05:41:30,ClassifEspSWE-0002026-05-29_1,JOHANKARLSSON,202609261754ILYQJGW1,2026_26_sep_05,Citizen Science (ultrasonic) - shared
59~40306+18~07249_20260926_054137.wav,DEV_001_20260926_054137.wav,0,59.40306,18.07249,Leppun,Leptophyes punctatissima,Speckled Bush-cricket,bush-cricket,0.99,,,26/09/2026,25/09/2026,05:41:37,ClassifEspSWE-0002026-05-29_1,JOHANKARLSSON,202609261754ILYQJGW1,2026_26_sep_05,Citizen Science (ultrasonic) - shared
59~40306+18~07249_20260926_054143.wav,DEV_001_20260926_054143.wav,0,59.40306,18.07249,Leppun,Leptophyes punctatissima,Speckled Bush-cricket,bush-cricket,0.99,,,26/09/2026,25/09/2026,05:41:43,ClassifEspSWE-0002026-05-29_1,JOHANKARLSSON,202609261754ILYQJGW1,2026_26_sep_05,Citizen Science (ultrasonic) - shared
59~40306+18~07249_20260926_054148.wav,DEV_001_20260926_054148.wav,0,59.40306,18.07249,Leppun,Leptophyes punctatissima,Speckled Bush-cricket,bush-cricket,0.99,,,26/09/2026,25/09/2026,05:41:48,ClassifEspSWE-0002026-05-29_1,JOHANKARLSSON,202609261754ILYQJGW1,2026_26_sep_05,Citizen Science (ultrasonic) - shared
59~40306+18~07249_20260926_054155.wav,DEV_001_20260926_054155.wav,0,59.40306,18.07249,Leppun,Leptophyes punctatissima,Speckled Bush-cricket,bush-cricket,0.99,,,26/09/2026,25/09/2026,05:41:55,ClassifEspSWE-0002026-05-29_1,JOHANKARLSSON,202609261754ILYQJGW1,2026_26_sep_05,Citizen Science (ultrasonic) - shared
59~40306+18~07249_20260926_054200.wav,DEV_001_20260926_054200.wav,0,59.40306,18.07249,Leppun,Leptophyes punctatissima,Speckled Bush-cricket,bush-cricket,0.99,,,26/09/2026,25/09/2026,05:42:00,ClassifEspSWE-0002026-05-29_1,JOHANKARLSSON,202609261754ILYQJGW1,2026_26_sep_05,Citizen Science (ultrasonic) - shared
59~40306+18~07249_20260926_054205.wav,DEV_001_20260926_054205.wav,0,59.40306,18.07249,Leppun,Leptophyes punctatissima,Speckled Bush-cricket,bush-cricket,0.99,,,26/09/2026,25/09/2026,05:42:05,ClassifEspSWE-0002026-05-29_1,JOHANKARLSSON,202609261754ILYQJGW1,2026_26_sep_05,Citizen Science (ultrasonic) - shared
59~40306+18~07249_20260926_054212.wav,DEV_001_20260926_054212.wav,0,59.40306,18.07249,Leppun,Leptophyes punctatissima,Speckled Bush-cricket,bush-cricket,0.99,,,26/09/2026,25/09/2026,05:42:12,ClassifEspSWE-0002026-05-29_1,JOHANKARLSSON,202609261754ILYQJGW1,2026_26_sep_05,Citizen Science (ultrasonic) - shared
59~40306+18~07249_20260926_054217.wav,DEV_001_20260926_054217.wav,0,59.40306,18.07249,Leppun,Leptophyes punctatissima,Speckled Bush-cricket,bush-cricket,0.99,,,26/09/2026,25/09/2026,05:42:17,ClassifEspSWE-0002026-05-29_1,JOHANKARLSSON,202609261754ILYQJGW1,2026_26_sep_05,Citizen Science (ultrasonic) - shared
59~40306+18~07249_20260926_054224.wav,DEV_001_20260926_054224.wav,0,59.40306,18.07249,Leppun,Leptophyes punctatissima,Speckled Bush-cricket,bush-cricket,0.99,,,26/09/2026,25/09/2026,05:42:24,ClassifEspSWE-0002026-05-29_1,JOHANKARLSSON,202609261754ILYQJGW1,2026_26_sep_05,Citizen Science (ultrasonic) - shared
59~40306+18~07249_20260926_054231.wav,DEV_001_20260926_054231.wav,0,59.40306,18.07249,Leppun,Leptophyes punctatissima,Speckled Bush-cricket,bush-cricket,0.99,,,26/09/2026,25/09/2026,05:42:31,ClassifEspSWE-0002026-05-29_1,JOHANKARLSSON,202609261754ILYQJGW1,2026_26_sep_05,Citizen Science (ultrasonic) - shared
59~40306+18~07249_20260926_054239.wav,DEV_001_20260926_054239.wav,0,59.40306,18.07249,Leppun,Leptophyes punctatissima,Speckled Bush-cricket,bush-cricket,0.99,,,26/09/2026,25/09/2026,05:42:39,ClassifEspSWE-0002026-05-29_1,JOHANKARLSSON,202609261754ILYQJGW1,2026_26_sep_05,Citizen Science (ultrasonic) - shared
59~40306+18~07249_20260926_054246.wav,DEV_001_20260926_054246.wav,0,59.40306,18.07249,Leppun,Leptophyes punctatissima,Speckled Bush-cricket,bush-cricket,0.99,,,26/09/2026,25/09/2026,05:42:46,ClassifEspSWE-0002026-05-29_1,JOHANKARLSSON,202609261754ILYQJGW1,2026_26_sep_05,Citizen Science (ultrasonic) - shared
59~40306+18~07249_20260926_054253.wav,DEV_001_20260926_054253.wav,0,59.40306,18.07249,Leppun,Leptophyes punctatissima,Speckled Bush-cricket,bush-cricket,0.99,,,26/09/2026,25/09/2026,05:42:53,ClassifEspSWE-0002026-05-29_1,JOHANKARLSSON,202609261754ILYQJGW1,2026_26_sep_05,Citizen Science (ultrasonic) - shared
59~40306+18~07249_20260926_054300.wav,DEV_001_20260926_054300.wav,0,59.40306,18.07249,Leppun,Leptophyes punctatissima,Speckled Bush-cricket,bush-cricket,0.99,,,26/09/2026,25/09/2026,05:43:00,ClassifEspSWE-0002026-05-29_1,JOHANKARLSSON,202609261754ILYQJGW1,2026_26_sep_05,Citizen Science (ultrasonic) - shared
59~40306+18~07249_20260926_054306.wav,DEV_001_20260926_054306.wav,0,59.40306,18.07249,Leppun,Leptophyes punctatissima,Speckled Bush-cricket,bush-cricket,0.99,,,26/09/2026,25/09/2026,05:43:06,ClassifEspSWE-0002026-05-29_1,JOHANKARLSSON,202609261754ILYQJGW1,2026_26_sep_05,Citizen Science (ultrasonic) - shared
59~40306+18~07249_20260926_054313.wav,DEV_001_20260926_054313.wav,0,59.40306,18.07249,Leppun,Leptophyes punctatissima,Speckled Bush-cricket,bush-cricket,0.99,,,26/09/2026,25/09/2026,05:43:13,ClassifEspSWE-0002026-05-29_1,JOHANKARLSSON,202609261754ILYQJGW1,2026_26_sep_05,Citizen Science (ultrasonic) - shared
59~40306+18~07249_20260926_054320.wav,DEV_001_20260926_054320.wav,0,59.40306,18.07249,Leppun,Leptophyes punctatissima,Speckled Bush-cricket,bush-cricket,0.99,,,26/09/2026,25/09/2026,05:43:20,ClassifEspSWE-0002026-05-29_1,JOHANKARLSSON,202609261754ILYQJGW1,2026_26_sep_05,Citizen Science (ultrasonic) - shared
59~40306+18~07249_20260926_054325.wav,DEV_001_20260926_054325.wav,0,59.40306,18.07249,Leppun,Leptophyes punctatissima,Speckled Bush-cricket,bush-cricket,0.99,,,26/09/2026,25/09/2026,05:43:25,ClassifEspSWE-0002026-05-29_1,JOHANKARLSSON,202609261754ILYQJGW1,2026_26_sep_05,Citizen Science (ultrasonic) - shared
59~40306+18~07249_20260926_054330.wav,DEV_001_20260926_054330.wav,0,59.40306,18.07249,Leppun,Leptophyes punctatissima,Speckled Bush-cricket,bush-cricket,0.99,,,26/09/2026,25/09/2026,05:43:30,ClassifEspSWE-0002026-05-29_1,JOHANKARLSSON,202609261754ILYQJGW1,2026_26_sep_05,Citizen Science (ultrasonic) - shared
59~40306+18~07249_20260926_054336.wav,DEV_001_20260926_054336.wav,0,59.40306,18.07249,Leppun,Leptophyes punctatissima,Speckled Bush-cricket,bush-cricket,0.99,,,26/09/2026,25/09/2026,05:43:36,ClassifEspSWE-0002026-05-29_1,JOHANKARLSSON,202609261754ILYQJGW1,2026_26_sep_05,Citizen Science (ultrasonic) - shared
59~40306+18~07249_20260926_054342.wav,DEV_001_20260926_054342.wav,0,59.40306,18.07249,Leppun,Leptophyes punctatissima,Speckled Bush-cricket,bush-cricket,0.99,,,26/09/2026,25/09/2026,05:43:42,ClassifEspSWE-0002026-05-29_1,JOHANKARLSSON,202609261754ILYQJGW1,2026_26_sep_05,Citizen Science (ultrasonic) - shared
59~40306+18~07249_20260926_054349.wav,DEV_001_20260926_054349.wav,0,59.40306,18.07249,Leppun,Leptophyes punctatissima,Speckled Bush-cricket,bush-cricket,0.99,,,26/09/2026,25/09/2026,05:43:49,ClassifEspSWE-0002026-05-29_1,JOHANKARLSSON,202609261754ILYQJGW1,2026_26_sep_05,Citizen Science (ultrasonic) - shared
59~40306+18~07249_20260926_054354.wav,DEV_001_20260926_054354.wav,0,59.40306,18.07249,Leppun,Leptophyes punctatissima,Speckled Bush-cricket,bush-cricket,0.99,,,26/09/2026,25/09/2026,05:43:54,ClassifEspSWE-0002026-05-29_1,JOHANKARLSSON,202609261754ILYQJGW1,2026_26_sep_05,Citizen Science (ultrasonic) - shared
59~40306+18~07249_20260926_054402.wav,DEV_001_20260926_054402.wav,0,59.40306,18.07249,Leppun,Leptophyes punctatissima,Speckled Bush-cricket,bush-cricket,0.99,,,26/09/2026,25/09/2026,05:44:02,ClassifEspSWE-0002026-05-29_1,JOHANKARLSSON,202609261754ILYQJGW1,2026_26_sep_05,Citizen Science (ultrasonic) - shared
59~40306+18~07249_20260926_054408.wav,DEV_001_20260926_054408.wav,0,59.40306,18.07249,Leppun,Leptophyes punctatissima,Speckled Bush-cricket,bush-cricket,0.99,,,26/09/2026,25/09/2026,05:44:08,ClassifEspSWE-0002026-05-29_1,JOHANKARLSSON,202609261754ILYQJGW1,2026_26_sep_05,Citizen Science (ultrasonic) - shared
59~40306+18~07249_20260926_054415.wav,DEV_001_20260926_054415.wav,0,59.40306,18.07249,Leppun,Leptophyes punctatissima,Speckled Bush-cricket,bush-cricket,0.99,,,26/09/2026,25/09/2026,05:44:15,ClassifEspSWE-0002026-05-29_1,JOHANKARLSSON,202609261754ILYQJGW1,2026_26_sep_05,Citizen Science (ultrasonic) - shared
59~40306+18~07249_20260926_054422.wav,DEV_001_20260926_054422.wav,0,59.40306,18.07249,Leppun,Leptophyes punctatissima,Speckled Bush-cricket,bush-cricket,0.99,,,26/09/2026,25/09/2026,05:44:22,ClassifEspSWE-0002026-05-29_1,JOHANKARLSSON,202609261754ILYQJGW1,2026_26_sep_05,Citizen Science (ultrasonic) - shared
59~40306+18~07249_20260926_054427.wav,DEV_001_20260926_054427.wav,0,59.40306,18.07249,Leppun,Leptophyes punctatissima,Speckled Bush-cricket,bush-cricket,0.99,,,26/09/2026,25/09/2026,05:44:27,ClassifEspSWE-0002026-05-29_1,JOHANKARLSSON,202609261754ILYQJGW1,2026_26_sep_05,Citizen Science (ultrasonic) - shared
59~40306+18~07249_20260926_054433.wav,DEV_001_20260926_054433.wav,0,59.40306,18.07249,Leppun,Leptophyes punctatissima,Speckled Bush-cricket,bush-cricket,0.99,,,26/09/2026,25/09/2026,05:44:33,ClassifEspSWE-0002026-05-29_1,JOHANKARLSSON,202609261754ILYQJGW1,2026_26_sep_05,Citizen Science (ultrasonic) - shared
59~40306+18~07249_20260926_054439.wav,DEV_001_20260926_054439.wav,0,59.40306,18.07249,Leppun,Leptophyes punctatissima,Speckled Bush-cricket,bush-cricket,0.99,,,26/09/2026,25/09/2026,05:44:39,ClassifEspSWE-0002026-05-29_1,JOHANKARLSSON,202609261754ILYQJGW1,2026_26_sep_05,Citizen Science (ultrasonic) - shared
59~40306+18~07249_20260926_054444.wav,DEV_001_20260926_054444.wav,0,59.40306,18.07249,Leppun,Leptophyes punctatissima,Speckled Bush-cricket,bush-cricket,0.99,,,26/09/2026,25/09/2026,05:44:44,ClassifEspSWE-0002026-05-29_1,JOHANKARLSSON,202609261754ILYQJGW1,2026_26_sep_05,Citizen Science (ultrasonic) - shared
59~40306+18~07249_20260926_054452.wav,DEV_001_20260926_054452.wav,0,59.40306,18.07249,Leppun,Leptophyes punctatissima,Speckled Bush-cricket,bush-cricket,0.99,,,26/09/2026,25/09/2026,05:44:52,ClassifEspSWE-0002026-05-29_1,JOHANKARLSSON,202609261754ILYQJGW1,2026_26_sep_05,Citizen Science (ultrasonic) - shared
59~40306+18~07249_20260926_054458.wav,DEV_001_20260926_054458.wav,0,59.40306,18.07249,Leppun,Leptophyes punctatissima,Speckled Bush-cricket,bush-cricket,0.99,,,26/09/2026,25/09/2026,05:44:58,ClassifEspSWE-0002026-05-29_1,JOHANKARLSSON,202609261754ILYQJGW1,2026_26_sep_05,Citizen Science (ultrasonic) - shared
59~40306+18~07249_20260926_054505.wav,DEV_001_20260926_054505.wav,0,59.40306,18.07249,Leppun,Leptophyes punctatissima,Speckled Bush-cricket,bush-cricket,0.99,,,26/09/2026,25/09/2026,05:45:05,ClassifEspSWE-0002026-05-29_1,JOHANKARLSSON,202609261754ILYQJGW1,2026_26_sep_05,Citizen Science (ultrasonic) - shared
59~40306+18~07249_20260926_054512.wav,DEV_001_20260926_054512.wav,0,59.40306,18.07249,Leppun,Leptophyes punctatissima,Speckled Bush-cricket,bush-cricket,0.99,,,26/09/2026,25/09/2026,05:45:12,ClassifEspSWE-0002026-05-29_1,JOHANKARLSSON,202609261754ILYQJGW1,2026_26_sep_05,Citizen Science (ultrasonic) - shared
59~40306+18~07249_20260926_054519.wav,DEV_001_20260926_054519.wav,0,59.40306,18.07249,Leppun,Leptophyes punctatissima,Speckled Bush-cricket,bush-cricket,0.99,,,26/09/2026,25/09/2026,05:45:19,ClassifEspSWE-0002026-05-29_1,JOHANKARLSSON,202609261754ILYQJGW1,2026_26_sep_05,Citizen Science (ultrasonic) - shared
59~40306+18~07249_20260926_054526.wav,DEV_001_20260926_054526.wav,0,59.40306,18.07249,Leppun,Leptophyes punctatissima,Speckled Bush-cricket,bush-cricket,0.99,,,26/09/2026,25/09/2026,05:45:26,ClassifEspSWE-0002026-05-29_1,JOHANKARLSSON,202609261754ILYQJGW1,2026_26_sep_05,Citizen Science (ultrasonic) - shared
59~40306+18~07249_20260926_054534.wav,DEV_001_20260926_054534.wav,0,59.40306,18.07249,Leppun,Leptophyes punctatissima,Speckled Bush-cricket,bush-cricket,0.99,,,26/09/2026,25/09/2026,05:45:34,ClassifEspSWE-0002026-05-29_1,JOHANKARLSSON,202609261754ILYQJGW1,2026_26_sep_05,Citizen Science (ultrasonic) - shared
59~40306+18~07249_20260926_054541.wav,DEV_001_20260926_054541.wav,0,59.40306,18.07249,Leppun,Leptophyes punctatissima,Speckled Bush-cricket,bush-cricket,0.99,,,26/09/2026,25/09/2026,05:45:41,ClassifEspSWE-0002026-05-29_1,JOHANKARLSSON,202609261754ILYQJGW1,2026_26_sep_05,Citizen Science (ultrasonic) - shared
59~40306+18~07249_20260926_054546.wav,DEV_001_20260926_054546.wav,0,59.40306,18.07249,Leppun,Leptophyes punctatissima,Speckled Bush-cricket,bush-cricket,0.99,,,26/09/2026,25/09/2026,05:45:46,ClassifEspSWE-0002026-05-29_1,JOHANKARLSSON,202609261754ILYQJGW1,2026_26_sep_05,Citizen Science (ultrasonic) - shared
59~40306+18~07249_20260926_054553.wav,DEV_001_20260926_054553.wav,0,59.40306,18.07249,Leppun,Leptophyes punctatissima,Speckled Bush-cricket,bush-cricket,0.99,,,26/09/2026,25/09/2026,05:45:53,ClassifEspSWE-0002026-05-29_1,JOHANKARLSSON,202609261754ILYQJGW1,2026_26_sep_05,Citizen Science (ultrasonic) - shared
59~40306+18~07249_20260926_054559.wav,DEV_001_20260926_054559.wav,0,59.40306,18.07249,Leppun,Leptophyes punctatissima,Speckled Bush-cricket,bush-cricket,0.99,,,26/09/2026,25/09/2026,05:45:59,ClassifEspSWE-0002026-05-29_1,JOHANKARLSSON,202609261754ILYQJGW1,2026_26_sep_05,Citizen Science (ultrasonic) - shared
59~40306+18~07249_20260926_054607.wav,DEV_001_20260926_054607.wav,0,59.40306,18.07249,Leppun,Leptophyes punctatissima,Speckled Bush-cricket,bush-cricket,0.99,,,26/09/2026,25/09/2026,05:46:07,ClassifEspSWE-0002026-05-29_1,JOHANKARLSSON,202609261754ILYQJGW1,2026_26_sep_05,Citizen Science (ultrasonic) - shared
59~40306+18~07249_20260926_054614.wav,DEV_001_20260926_054614.wav,0,59.40306,18.07249,Leppun,Leptophyes punctatissima,Speckled Bush-cricket,bush-cricket,0.99,,,26/09/2026,25/09/2026,05:46:14,ClassifEspSWE-0002026-05-29_1,JOHANKARLSSON,202609261754ILYQJGW1,2026_26_sep_05,Citizen Science (ultrasonic) - shared
59~40306+18~07249_20260926_054621.wav,DEV_001_20260926_054621.wav,0,59.40306,18.07249,Leppun,Leptophyes punctatissima,Speckled Bush-cricket,bush-cricket,0.99,,,26/09/2026,25/09/2026,05:46:21,ClassifEspSWE-0002026-05-29_1,JOHANKARLSSON,202609261754ILYQJGW1,2026_26_sep_05,Citizen Science (ultrasonic) - shared
59~40306+18~07249_20260926_054629.wav,DEV_001_20260926_054629.wav,0,59.40306,18.07249,Leppun,Leptophyes punctatissima,Speckled Bush-cricket,bush-cricket,0.99,,,26/09/2026,25/09/2026,05:46:29,ClassifEspSWE-0002026-05-29_1,JOHANKARLSSON,202609261754ILYQJGW1,2026_26_sep_05,Citizen Science (ultrasonic) - shared
59~40306+18~07249_20260926_054636.wav,DEV_001_20260926_054636.wav,0,59.40306,18.07249,Leppun,Leptophyes punctatissima,Speckled Bush-cricket,bush-cricket,0.99,,,26/09/2026,25/09/2026,05:46:36,ClassifEspSWE-0002026-05-29_1,JOHANKARLSSON,202609261754ILYQJGW1,2026_26_sep_05,Citizen Science (ultrasonic) - shared
59~40306+18~07249_20260926_054641.wav,DEV_001_20260926_054641.wav,0,59.40306,18.07249,Leppun,Leptophyes punctatissima,Speckled Bush-cricket,bush-cricket,0.99,,,26/09/2026,25/09/2026,05:46:41,ClassifEspSWE-0002026-05-29_1,JOHANKARLSSON,202609261754ILYQJGW1,2026_26_sep_05,Citizen Science (ultrasonic) - shared
59~40306+18~07249_20260926_054650.wav,DEV_001_20260926_054650.wav,0,59.40306,18.07249,Leppun,Leptophyes punctatissima,Speckled Bush-cricket,bush-cricket,0.99,,,26/09/2026,25/09/2026,05:46:50,ClassifEspSWE-0002026-05-29_1,JOHANKARLSSON,202609261754ILYQJGW1,2026_26_sep_05,Citizen Science (ultrasonic) - shared
59~40306+18~07249_20260926_054657.wav,DEV_001_20260926_054657.wav,0,59.40306,18.07249,Leppun,Leptophyes punctatissima,Speckled Bush-cricket,bush-cricket,0.99,,,26/09/2026,25/09/2026,05:46:57,ClassifEspSWE-0002026-05-29_1,JOHANKARLSSON,202609261754ILYQJGW1,2026_26_sep_05,Citizen Science (ultrasonic) - shared
59~40306+18~07249_20260926_054702.wav,DEV_001_20260926_054702.wav,0,59.40306,18.07249,Leppun,Leptophyes punctatissima,Speckled Bush-cricket,bush-cricket,0.99,,,26/09/2026,25/09/2026,05:47:02,ClassifEspSWE-0002026-05-29_1,JOHANKARLSSON,202609261754ILYQJGW1,2026_26_sep_05,Citizen Science (ultrasonic) - shared
59~40306+18~07249_20260926_054709.wav,DEV_001_20260926_054709.wav,0,59.40306,18.07249,Leppun,Leptophyes punctatissima,Speckled Bush-cricket,bush-cricket,0.99,,,26/09/2026,25/09/2026,05:47:09,ClassifEspSWE-0002026-05-29_1,JOHANKARLSSON,202609261754ILYQJGW1,2026_26_sep_05,Citizen Science (ultrasonic) - shared
59~40306+18~07249_20260926_054716.wav,DEV_001_20260926_054716.wav,0,59.40306,18.07249,Leppun,Leptophyes punctatissima,Speckled Bush-cricket,bush-cricket,0.99,,,26/09/2026,25/09/2026,05:47:16,ClassifEspSWE-0002026-05-29_1,JOHANKARLSSON,202609261754ILYQJGW1,2026_26_sep_05,Citizen Science (ultrasonic) - shared
59~40306+18~07249_20260926_054721.wav,DEV_001_20260926_054721.wav,0,59.40306,18.07249,Leppun,Leptophyes punctatissima,Speckled Bush-cricket,bush-cricket,0.99,,,26/09/2026,25/09/2026,05:47:21,ClassifEspSWE-0002026-05-29_1,JOHANKARLSSON,202609261754ILYQJGW1,2026_26_sep_05,Citizen Science (ultrasonic) - shared
59~40306+18~07249_20260926_054728.wav,DEV_001_20260926_054728.wav,0,59.40306,18.07249,Leppun,Leptophyes punctatissima,Speckled Bush-cricket,bush-cricket,0.99,,,26/09/2026,25/09/2026,05:47:28,ClassifEspSWE-0002026-05-29_1,JOHANKARLSSON,202609261754ILYQJGW1,2026_26_sep_05,Citizen Science (ultrasonic) - shared
59~40306+18~07249_20260926_054736.wav,DEV_001_20260926_054736.wav,0,59.40306,18.07249,Leppun,Leptophyes punctatissima,Speckled Bush-cricket,bush-cricket,0.99,,,26/09/2026,25/09/2026,05:47:36,ClassifEspSWE-0002026-05-29_1,JOHANKARLSSON,202609261754ILYQJGW1,2026_26_sep_05,Citizen Science (ultrasonic) - shared
59~40306+18~07249_20260926_054744.wav,DEV_001_20260926_054744.wav,0,59.40306,18.07249,Leppun,Leptophyes punctatissima,Speckled Bush-cricket,bush-cricket,0.99,,,26/09/2026,25/09/2026,05:47:44,ClassifEspSWE-0002026-05-29_1,JOHANKARLSSON,202609261754ILYQJGW1,2026_26_sep_05,Citizen Science (ultrasonic) - shared
59~40306+18~07249_20260926_054751.wav,DEV_001_20260926_054751.wav,0,59.40306,18.07249,Leppun,Leptophyes punctatissima,Speckled Bush-cricket,bush-cricket,0.99,,,26/09/2026,25/09/2026,05:47:51,ClassifEspSWE-0002026-05-29_1,JOHANKARLSSON,202609261754ILYQJGW1,2026_26_sep_05,Citizen Science (ultrasonic) - shared
59~40306+18~07249_20260926_054758.wav,DEV_001_20260926_054758.wav,0,59.40306,18.07249,Leppun,Leptophyes punctatissima,Speckled Bush-cricket,bush-cricket,0.99,,,26/09/2026,25/09/2026,05:47:58,ClassifEspSWE-0002026-05-29_1,JOHANKARLSSON,202609261754ILYQJGW1,2026_26_sep_05,Citizen Science (ultrasonic) - shared
59~40306+18~07249_20260926_054805.wav,DEV_001_20260926_054805.wav,0,59.40306,18.07249,Leppun,Leptophyes punctatissima,Speckled Bush-cricket,bush-cricket,0.99,,,26/09/2026,25/09/2026,05:48:05,ClassifEspSWE-0002026-05-29_1,JOHANKARLSSON,202609261754ILYQJGW1,2026_26_sep_05,Citizen Science (ultrasonic) - shared
59~40306+18~07249_20260926_054812.wav,DEV_001_20260926_054812.wav,0,59.40306,18.07249,Leppun,Leptophyes punctatissima,Speckled Bush-cricket,bush-cricket,0.99,,,26/09/2026,25/09/2026,05:48:12,ClassifEspSWE-0002026-05-29_1,JOHANKARLSSON,202609261754ILYQJGW1,2026_26_sep_05,Citizen Science (ultrasonic) - shared
59~40306+18~07249_20260926_054817.wav,DEV_001_20260926_054817.wav,0,59.40306,18.07249,Leppun,Leptophyes punctatissima,Speckled Bush-cricket,bush-cricket,0.99,,,26/09/2026,25/09/2026,05:48:17,ClassifEspSWE-0002026-05-29_1,JOHANKARLSSON,202609261754ILYQJGW1,2026_26_sep_05,Citizen Science (ultrasonic) - shared
59~40306+18~07249_20260926_054824.wav,DEV_001_20260926_054824.wav,0,59.40306,18.07249,Leppun,Leptophyes punctatissima,Speckled Bush-cricket,bush-cricket,0.99,,,26/09/2026,25/09/2026,05:48:24,ClassifEspSWE-0002026-05-29_1,JOHANKARLSSON,202609261754ILYQJGW1,2026_26_sep_05,Citizen Science (ultrasonic) - shared
59~40306+18~07249_20260926_054831.wav,DEV_001_20260926_054831.wav,0,59.40306,18.07249,Leppun,Leptophyes punctatissima,Speckled Bush-cricket,bush-cricket,0.99,,,26/09/2026,25/09/2026,05:48:31,ClassifEspSWE-0002026-05-29_1,JOHANKARLSSON,202609261754ILYQJGW1,2026_26_sep_05,Citizen Science (ultrasonic) - shared
59~40306+18~07249_20260926_054838.wav,DEV_001_20260926_054838.wav,0,59.40306,18.07249,Leppun,Leptophyes punctatissima,Speckled Bush-cricket,bush-cricket,0.99,,,26/09/2026,25/09/2026,05:48:38,ClassifEspSWE-0002026-05-29_1,JOHANKARLSSON,202609261754ILYQJGW1,2026_26_sep_05,Citizen Science (ultrasonic) - shared
59~40306+18~07249_20260926_054844.wav,DEV_001_20260926_054844.wav,0,59.40306,18.07249,Leppun,Leptophyes punctatissima,Speckled Bush-cricket,bush-cricket,0.99,,,26/09/2026,25/09/2026,05:48:44,ClassifEspSWE-0002026-05-29_1,JOHANKARLSSON,202609261754ILYQJGW1,2026_26_sep_05,Citizen Science (ultrasonic) - shared
59~40306+18~07249_20260926_054851.wav,DEV_001_20260926_054851.wav,0,59.40306,18.07249,Leppun,Leptophyes punctatissima,Speckled Bush-cricket,bush-cricket,0.99,,,26/09/2026,25/09/2026,05:48:51,ClassifEspSWE-0002026-05-29_1,JOHANKARLSSON,202609261754ILYQJGW1,2026_26_sep_05,Citizen Science (ultrasonic) - shared
59~40306+18~07249_20260926_054859.wav,DEV_001_20260926_054859.wav,0,59.40306,18.07249,Leppun,Leptophyes punctatissima,Speckled Bush-cricket,bush-cricket,0.99,,,26/09/2026,25/09/2026,05:48:59,ClassifEspSWE-0002026-05-29_1,JOHANKARLSSON,202609261754ILYQJGW1,2026_26_sep_05,Citizen Science (ultrasonic) - shared
59~40306+18~07249_20260926_054907.wav,DEV_001_20260926_054907.wav,0,59.40306,18.07249,Leppun,Leptophyes punctatissima,Speckled Bush-cricket,bush-cricket,0.99,,,26/09/2026,25/09/2026,05:49:07,ClassifEspSWE-0002026-05-29_1,JOHANKARLSSON,202609261754ILYQJGW1,2026_26_sep_05,Citizen Science (ultrasonic) - shared
59~40306+18~07249_20260926_054912.wav,DEV_001_20260926_054912.wav,0,59.40306,18.07249,Leppun,Leptophyes punctatissima,Speckled Bush-cricket,bush-cricket,0.99,,,26/09/2026,25/09/2026,05:49:12,ClassifEspSWE-0002026-05-29_1,JOHANKARLSSON,202609261754ILYQJGW1,2026_26_sep_05,Citizen Science (ultrasonic) - shared
59~40306+18~07249_20260926_054918.wav,DEV_001_20260926_054918.wav,0,59.40306,18.07249,Leppun,Leptophyes punctatissima,Speckled Bush-cricket,bush-cricket,0.99,,,26/09/2026,25/09/2026,05:49:18,ClassifEspSWE-0002026-05-29_1,JOHANKARLSSON,202609261754ILYQJGW1,2026_26_sep_05,Citizen Science (ultrasonic) - shared
59~40306+18~07249_20260926_054925.wav,DEV_001_20260926_054925.wav,0,59.40306,18.07249,Leppun,Leptophyes punctatissima,Speckled Bush-cricket,bush-cricket,0.99,,,26/09/2026,25/09/2026,05:49:25,ClassifEspSWE-0002026-05-29_1,JOHANKARLSSON,202609261754ILYQJGW1,2026_26_sep_05,Citizen Science (ultrasonic) - shared
59~40306+18~07249_20260926_054932.wav,DEV_001_20260926_054932.wav,0,59.40306,18.07249,Leppun,Leptophyes punctatissima,Speckled Bush-cricket,bush-cricket,0.99,,,26/09/2026,25/09/2026,05:49:32,ClassifEspSWE-0002026-05-29_1,JOHANKARLSSON,202609261754ILYQJGW1,2026_26_sep_05,Citizen Science (ultrasonic) - shared
59~40306+18~07249_20260926_054937.wav,DEV_001_20260926_054937.wav,0,59.40306,18.07249,Leppun,Leptophyes punctatissima,Speckled Bush-cricket,bush-cricket,0.99,,,26/09/2026,25/09/2026,05:49:37,ClassifEspSWE-0002026-05-29_1,JOHANKARLSSON,202609261754ILYQJGW1,2026_26_sep_05,Citizen Science (ultrasonic) - shared
59~40306+18~07249_20260926_054945.wav,DEV_001_20260926_054945.wav,0,59.40306,18.07249,Leppun,Leptophyes punctatissima,Speckled Bush-cricket,bush-cricket,0.99,,,26/09/2026,25/09/2026,05:49:45,ClassifEspSWE-0002026-05-29_1,JOHANKARLSSON,202609261754ILYQJGW1,2026_26_sep_05,Citizen Science (ultrasonic) - shared
59~40306+18~07249_20260926_054950.wav,DEV_001_20260926_054950.wav,0,59.40306,18.07249,Leppun,Leptophyes punctatissima,Speckled Bush-cricket,bush-cricket,0.99,,,26/09/2026,25/09/2026,05:49:50,ClassifEspSWE-0002026-05-29_1,JOHANKARLSSON,202609261754ILYQJGW1,2026_26_sep_05,Citizen Science (ultrasonic) - shared
59~40306+18~07249_20260926_054958.wav,DEV_001_20260926_054958.wav,0,59.40306,18.07249,Leppun,Leptophyes punctatissima,Speckled Bush-cricket,bush-cricket,0.99,,,26/09/2026,25/09/2026,05:49:58,ClassifEspSWE-0002026-05-29_1,JOHANKARLSSON,202609261754ILYQJGW1,2026_26_sep_05,Citizen Science (ultrasonic) - shared
59~40306+18~07249_20260926_055003.wav,DEV_001_20260926_055003.wav,0,59.40306,18.07249,Leppun,Leptophyes punctatissima,Speckled Bush-cricket,bush-cricket,0.99,,,26/09/2026,25/09/2026,05:50:03,ClassifEspSWE-0002026-05-29_1,JOHANKARLSSON,202609261754ILYQJGW1,2026_26_sep_05,Citizen Science (ultrasonic) - shared
59~40306+18~07249_20260926_055009.wav,DEV_001_20260926_055009.wav,0,59.40306,18.07249,Leppun,Leptophyes punctatissima,Speckled Bush-cricket,bush-cricket,0.99,,,26/09/2026,25/09/2026,05:50:09,ClassifEspSWE-0002026-05-29_1,JOHANKARLSSON,202609261754ILYQJGW1,2026_26_sep_05,Citizen Science (ultrasonic) - shared
59~40306+18~07249_20260926_055015.wav,DEV_001_20260926_055015.wav,0,59.40306,18.07249,Leppun,Leptophyes punctatissima,Speckled Bush-cricket,bush-cricket,0.99,,,26/09/2026,25/09/2026,05:50:15,ClassifEspSWE-0002026-05-29_1,JOHANKARLSSON,202609261754ILYQJGW1,2026_26_sep_05,Citizen Science (ultrasonic) - shared
59~40306+18~07249_20260926_055021.wav,DEV_001_20260926_055021.wav,0,59.40306,18.07249,Leppun,Leptophyes punctatissima,Speckled Bush-cricket,bush-cricket,0.99,,,26/09/2026,25/09/2026,05:50:21,ClassifEspSWE-0002026-05-29_1,JOHANKARLSSON,202609261754ILYQJGW1,2026_26_sep_05,Citizen Science (ultrasonic) - shared
59~40306+18~07249_20260926_055026.wav,DEV_001_20260926_055026.wav,0,59.40306,18.07249,Leppun,Leptophyes punctatissima,Speckled Bush-cricket,bush-cricket,0.99,,,26/09/2026,25/09/2026,05:50:26,ClassifEspSWE-0002026-05-29_1,JOHANKARLSSON,202609261754ILYQJGW1,2026_26_sep_05,Citizen Science (ultrasonic) - shared
59~40306+18~07249_20260926_055033.wav,DEV_001_20260926_055033.wav,0,59.40306,18.07249,Leppun,Leptophyes punctatissima,Speckled Bush-cricket,bush-cricket,0.99,,,26/09/2026,25/09/2026,05:50:33,ClassifEspSWE-0002026-05-29_1,JOHANKARLSSON,202609261754ILYQJGW1,2026_26_sep_05,Citizen Science (ultrasonic) - shared
59~40306+18~07249_20260926_055038.wav,DEV_001_20260926_055038.wav,0,59.40306,18.07249,Leppun,Leptophyes punctatissima,Speckled Bush-cricket,bush-cricket,0.99,,,26/09/2026,25/09/2026,05:50:38,ClassifEspSWE-0002026-05-29_1,JOHANKARLSSON,202609261754ILYQJGW1,2026_26_sep_05,Citizen Science (ultrasonic) - shared
59~40306+18~07249_20260926_055046.wav,DEV_001_20260926_055046.wav,0,59.40306,18.07249,Leppun,Leptophyes punctatissima,Speckled Bush-cricket,bush-cricket,0.99,,,26/09/2026,25/09/2026,05:50:46,ClassifEspSWE-0002026-05-29_1,JOHANKARLSSON,202609261754ILYQJGW1,2026_26_sep_05,Citizen Science (ultrasonic) - shared
59~40306+18~07249_20260926_055051.wav,DEV_001_20260926_055051.wav,0,59.40306,18.07249,Leppun,Leptophyes punctatissima,Speckled Bush-cricket,bush-cricket,0.99,,,26/09/2026,25/09/2026,05:50:51,ClassifEspSWE-0002026-05-29_1,JOHANKARLSSON,202609261754ILYQJGW1,2026_26_sep_05,Citizen Science (ultrasonic) - shared
59~40306+18~07249_20260926_055057.wav,DEV_001_20260926_055057.wav,0,59.40306,18.07249,Leppun,Leptophyes punctatissima,Speckled Bush-cricket,bush-cricket,0.99,,,26/09/2026,25/09/2026,05:50:57,ClassifEspSWE-0002026-05-29_1,JOHANKARLSSON,202609261754ILYQJGW1,2026_26_sep_05,Citizen Science (ultrasonic) - shared
59~40306+18~07249_20260926_055104.wav,DEV_001_20260926_055104.wav,0,59.40306,18.07249,Leppun,Leptophyes punctatissima,Speckled Bush-cricket,bush-cricket,0.99,,,26/09/2026,25/09/2026,05:51:04,ClassifEspSWE-0002026-05-29_1,JOHANKARLSSON,202609261754ILYQJGW1,2026_26_sep_05,Citizen Science (ultrasonic) - shared
59~40306+18~07249_20260926_055109.wav,DEV_001_20260926_055109.wav,0,59.40306,18.07249,Leppun,Leptophyes punctatissima,Speckled Bush-cricket,bush-cricket,0.99,,,26/09/2026,25/09/2026,05:51:09,ClassifEspSWE-0002026-05-29_1,JOHANKARLSSON,202609261754ILYQJGW1,2026_26_sep_05,Citizen Science (ultrasonic) - shared
59~40306+18~07249_20260926_055115.wav,DEV_001_20260926_055115.wav,0,59.40306,18.07249,Leppun,Leptophyes punctatissima,Speckled Bush-cricket,bush-cricket,0.99,,,26/09/2026,25/09/2026,05:51:15,ClassifEspSWE-0002026-05-29_1,JOHANKARLSSON,202609261754ILYQJGW1,2026_26_sep_05,Citizen Science (ultrasonic) - shared
59~40306+18~07249_20260926_055123.wav,DEV_001_20260926_055123.wav,0,59.40306,18.07249,Leppun,Leptophyes punctatissima,Speckled Bush-cricket,bush-cricket,0.99,,,26/09/2026,25/09/2026,05:51:23,ClassifEspSWE-0002026-05-29_1,JOHANKARLSSON,202609261754ILYQJGW1,2026_26_sep_05,Citizen Science (ultrasonic) - shared
59~40306+18~07249_20260926_055132.wav,DEV_001_20260926_055132.wav,0,59.40306,18.07249,Leppun,Leptophyes punctatissima,Speckled Bush-cricket,bush-cricket,0.99,,,26/09/2026,25/09/2026,05:51:32,ClassifEspSWE-0002026-05-29_1,JOHANKARLSSON,202609261754ILYQJGW1,2026_26_sep_05,Citizen Science (ultrasonic) - shared
59~40306+18~07249_20260926_055138.wav,DEV_001_20260926_055138.wav,0,59.40306,18.07249,Leppun,Leptophyes punctatissima,Speckled Bush-cricket,bush-cricket,0.99,,,26/09/2026,25/09/2026,05:51:38,ClassifEspSWE-0002026-05-29_1,JOHANKARLSSON,202609261754ILYQJGW1,2026_26_sep_05,Citizen Science (ultrasonic) - shared
59~40306+18~07249_20260926_055145.wav,DEV_001_20260926_055145.wav,0,59.40306,18.07249,Leppun,Leptophyes punctatissima,Speckled Bush-cricket,bush-cricket,0.99,,,26/09/2026,25/09/2026,05:51:45,ClassifEspSWE-0002026-05-29_1,JOHANKARLSSON,202609261754ILYQJGW1,2026_26_sep_05,Citizen Science (ultrasonic) - shared
59~40306+18~07249_20260926_055152.wav,DEV_001_20260926_055152.wav,0,59.40306,18.07249,Leppun,Leptophyes punctatissima,Speckled Bush-cricket,bush-cricket,0.99,,,26/09/2026,25/09/2026,05:51:52,ClassifEspSWE-0002026-05-29_1,JOHANKARLSSON,202609261754ILYQJGW1,2026_26_sep_05,Citizen Science (ultrasonic) - shared
59~40306+18~07249_20260926_055159.wav,DEV_001_20260926_055159.wav,0,59.40306,18.07249,Leppun,Leptophyes punctatissima,Speckled Bush-cricket,bush-cricket,0.99,,,26/09/2026,25/09/2026,05:51:59,ClassifEspSWE-0002026-05-29_1,JOHANKARLSSON,202609261754ILYQJGW1,2026_26_sep_05,Citizen Science (ultrasonic) - shared
59~40306+18~07249_20260926_055209.wav,DEV_001_20260926_055209.wav,0,59.40306,18.07249,Leppun,Leptophyes punctatissima,Speckled Bush-cricket,bush-cricket,0.99,,,26/09/2026,25/09/2026,05:52:09,ClassifEspSWE-0002026-05-29_1,JOHANKARLSSON,202609261754ILYQJGW1,2026_26_sep_05,Citizen Science (ultrasonic) - shared
59~40306+18~07249_20260926_055219.wav,DEV_001_20260926_055219.wav,0,59.40306,18.07249,Leppun,Leptophyes punctatissima,Speckled Bush-cricket,bush-cricket,0.99,,,26/09/2026,25/09/2026,05:52:19,ClassifEspSWE-0002026-05-29_1,JOHANKARLSSON,202609261754ILYQJGW1,2026_26_sep_05,Citizen Science (ultrasonic) - shared
59~40306+18~07249_20260926_055225.wav,DEV_001_20260926_055225.wav,0,59.40306,18.07249,Leppun,Leptophyes punctatissima,Speckled Bush-cricket,bush-cricket,0.99,,,26/09/2026,25/09/2026,05:52:25,ClassifEspSWE-0002026-05-29_1,JOHANKARLSSON,202609261754ILYQJGW1,2026_26_sep_05,Citizen Science (ultrasonic) - shared
59~40306+18~07249_20260926_055230.wav,DEV_001_20260926_055230.wav,0,59.40306,18.07249,Leppun,Leptophyes punctatissima,Speckled Bush-cricket,bush-cricket,0.99,,,26/09/2026,25/09/2026,05:52:30,ClassifEspSWE-0002026-05-29_1,JOHANKARLSSON,202609261754ILYQJGW1,2026_26_sep_05,Citizen Science (ultrasonic) - shared
59~40306+18~07249_20260926_055237.wav,DEV_001_20260926_055237.wav,0,59.40306,18.07249,Leppun,Leptophyes punctatissima,Speckled Bush-cricket,bush-cricket,0.99,,,26/09/2026,25/09/2026,05:52:37,ClassifEspSWE-0002026-05-29_1,JOHANKARLSSON,202609261754ILYQJGW1,2026_26_sep_05,Citizen Science (ultrasonic) - shared
59~40306+18~07249_20260926_055244.wav,DEV_001_20260926_055244.wav,0,59.40306,18.07249,Leppun,Leptophyes punctatissima,Speckled Bush-cricket,bush-cricket,0.99,,,26/09/2026,25/09/2026,05:52:44,ClassifEspSWE-0002026-05-29_1,JOHANKARLSSON,202609261754ILYQJGW1,2026_26_sep_05,Citizen Science (ultrasonic) - shared
59~40306+18~07249_20260926_055249.wav,DEV_001_20260926_055249.wav,0,59.40306,18.07249,Leppun,Leptophyes punctatissima,Speckled Bush-cricket,bush-cricket,0.99,,,26/09/2026,25/09/2026,05:52:49,ClassifEspSWE-0002026-05-29_1,JOHANKARLSSON,202609261754ILYQJGW1,2026_26_sep_05,Citizen Science (ultrasonic) - shared
59~40306+18~07249_20260926_055256.wav,DEV_001_20260926_055256.wav,0,59.40306,18.07249,Leppun,Leptophyes punctatissima,Speckled Bush-cricket,bush-cricket,0.99,,,26/09/2026,25/09/2026,05:52:56,ClassifEspSWE-0002026-05-29_1,JOHANKARLSSON,202609261754ILYQJGW1,2026_26_sep_05,Citizen Science (ultrasonic) - shared
59~40306+18~07249_20260926_055305.wav,DEV_001_20260926_055305.wav,0,59.40306,18.07249,Leppun,Leptophyes punctatissima,Speckled Bush-cricket,bush-cricket,0.99,,,26/09/2026,25/09/2026,05:53:05,ClassifEspSWE-0002026-05-29_1,JOHANKARLSSON,202609261754ILYQJGW1,2026_26_sep_05,Citizen Science (ultrasonic) - shared
59~40306+18~07249_20260926_055311.wav,DEV_001_20260926_055311.wav,0,59.40306,18.07249,Leppun,Leptophyes punctatissima,Speckled Bush-cricket,bush-cricket,0.99,,,26/09/2026,25/09/2026,05:53:11,ClassifEspSWE-0002026-05-29_1,JOHANKARLSSON,202609261754ILYQJGW1,2026_26_sep_05,Citizen Science (ultrasonic) - shared
59~40306+18~07249_20260926_055318.wav,DEV_001_20260926_055318.wav,0,59.40306,18.07249,Leppun,Leptophyes punctatissima,Speckled Bush-cricket,bush-cricket,0.99,,,26/09/2026,25/09/2026,05:53:18,ClassifEspSWE-0002026-05-29_1,JOHANKARLSSON,202609261754ILYQJGW1,2026_26_sep_05,Citizen Science (ultrasonic) - shared
59~40306+18~07249_20260926_055325.wav,DEV_001_20260926_055325.wav,0,59.40306,18.07249,Leppun,Leptophyes punctatissima,Speckled Bush-cricket,bush-cricket,0.99,,,26/09/2026,25/09/2026,05:53:25,ClassifEspSWE-0002026-05-29_1,JOHANKARLSSON,202609261754ILYQJGW1,2026_26_sep_05,Citizen Science (ultrasonic) - shared
59~40306+18~07249_20260926_055330.wav,DEV_001_20260926_055330.wav,0,59.40306,18.07249,Leppun,Leptophyes punctatissima,Speckled Bush-cricket,bush-cricket,0.99,,,26/09/2026,25/09/2026,05:53:30,ClassifEspSWE-0002026-05-29_1,JOHANKARLSSON,202609261754ILYQJGW1,2026_26_sep_05,Citizen Science (ultrasonic) - shared
59~40306+18~07249_20260926_055336.wav,DEV_001_20260926_055336.wav,0,59.40306,18.07249,Leppun,Leptophyes punctatissima,Speckled Bush-cricket,bush-cricket,0.99,,,26/09/2026,25/09/2026,05:53:36,ClassifEspSWE-0002026-05-29_1,JOHANKARLSSON,202609261754ILYQJGW1,2026_26_sep_05,Citizen Science (ultrasonic) - shared
59~40306+18~07249_20260926_055344.wav,DEV_001_20260926_055344.wav,0,59.40306,18.07249,Leppun,Leptophyes punctatissima,Speckled Bush-cricket,bush-cricket,0.99,,,26/09/2026,25/09/2026,05:53:44,ClassifEspSWE-0002026-05-29_1,JOHANKARLSSON,202609261754ILYQJGW1,2026_26_sep_05,Citizen Science (ultrasonic) - shared
59~40306+18~07249_20260926_055352.wav,DEV_001_20260926_055352.wav,0,59.40306,18.07249,Leppun,Leptophyes punctatissima,Speckled Bush-cricket,bush-cricket,0.99,,,26/09/2026,25/09/2026,05:53:52,ClassifEspSWE-0002026-05-29_1,JOHANKARLSSON,202609261754ILYQJGW1,2026_26_sep_05,Citizen Science (ultrasonic) - shared
59~40306+18~07249_20260926_055401.wav,DEV_001_20260926_055401.wav,0,59.40306,18.07249,Leppun,Leptophyes punctatissima,Speckled Bush-cricket,bush-cricket,0.99,,,26/09/2026,25/09/2026,05:54:01,ClassifEspSWE-0002026-05-29_1,JOHANKARLSSON,202609261754ILYQJGW1,2026_26_sep_05,Citizen Science (ultrasonic) - shared
59~40306+18~07249_20260926_055408.wav,DEV_001_20260926_055408.wav,0,59.40306,18.07249,Leppun,Leptophyes punctatissima,Speckled Bush-cricket,bush-cricket,0.99,,,26/09/2026,25/09/2026,05:54:08,ClassifEspSWE-0002026-05-29_1,JOHANKARLSSON,202609261754ILYQJGW1,2026_26_sep_05,Citizen Science (ultrasonic) - shared
59~40306+18~07249_20260926_055415.wav,DEV_001_20260926_055415.wav,0,59.40306,18.07249,Leppun,Leptophyes punctatissima,Speckled Bush-cricket,bush-cricket,0.99,,,26/09/2026,25/09/2026,05:54:15,ClassifEspSWE-0002026-05-29_1,JOHANKARLSSON,202609261754ILYQJGW1,2026_26_sep_05,Citizen Science (ultrasonic) - shared
59~40306+18~07249_20260926_055423.wav,DEV_001_20260926_055423.wav,0,59.40306,18.07249,Leppun,Leptophyes punctatissima,Speckled Bush-cricket,bush-cricket,0.99,,,26/09/2026,25/09/2026,05:54:23,ClassifEspSWE-0002026-05-29_1,JOHANKARLSSON,202609261754ILYQJGW1,2026_26_sep_05,Citizen Science (ultrasonic) - shared
59~40306+18~07249_20260926_055430.wav,DEV_001_20260926_055430.wav,0,59.40306,18.07249,Leppun,Leptophyes punctatissima,Speckled Bush-cricket,bush-cricket,0.99,,,26/09/2026,25/09/2026,05:54:30,ClassifEspSWE-0002026-05-29_1,JOHANKARLSSON,202609261754ILYQJGW1,2026_26_sep_05,Citizen Science (ultrasonic) - shared
59~40306+18~07249_20260926_055437.wav,DEV_001_20260926_055437.wav,0,59.40306,18.07249,Leppun,Leptophyes punctatissima,Speckled Bush-cricket,bush-cricket,0.99,,,26/09/2026,25/09/2026,05:54:37,ClassifEspSWE-0002026-05-29_1,JOHANKARLSSON,202609261754ILYQJGW1,2026_26_sep_05,Citizen Science (ultrasonic) - shared
59~40306+18~07249_20260926_055445.wav,DEV_001_20260926_055445.wav,0,59.40306,18.07249,Leppun,Leptophyes punctatissima,Speckled Bush-cricket,bush-cricket,0.99,,,26/09/2026,25/09/2026,05:54:45,ClassifEspSWE-0002026-05-29_1,JOHANKARLSSON,202609261754ILYQJGW1,2026_26_sep_05,Citizen Science (ultrasonic) - shared
59~40306+18~07249_20260926_055451.wav,DEV_001_20260926_055451.wav,0,59.40306,18.07249,Leppun,Leptophyes punctatissima,Speckled Bush-cricket,bush-cricket,0.99,,,26/09/2026,25/09/2026,05:54:51,ClassifEspSWE-0002026-05-29_1,JOHANKARLSSON,202609261754ILYQJGW1,2026_26_sep_05,Citizen Science (ultrasonic) - shared
59~40306+18~07249_20260926_055458.wav,DEV_001_20260926_055458.wav,0,59.40306,18.07249,Leppun,Leptophyes punctatissima,Speckled Bush-cricket,bush-cricket,0.99,,,26/09/2026,25/09/2026,05:54:58,ClassifEspSWE-0002026-05-29_1,JOHANKARLSSON,202609261754ILYQJGW1,2026_26_sep_05,Citizen Science (ultrasonic) - shared
59~40306+18~07249_20260926_055505.wav,DEV_001_20260926_055505.wav,0,59.40306,18.07249,Leppun,Leptophyes punctatissima,Speckled Bush-cricket,bush-cricket,0.99,,,26/09/2026,25/09/2026,05:55:05,ClassifEspSWE-0002026-05-29_1,JOHANKARLSSON,202609261754ILYQJGW1,2026_26_sep_05,Citizen Science (ultrasonic) - shared
59~40306+18~07249_20260926_055511.wav,DEV_001_20260926_055511.wav,0,59.40306,18.07249,Leppun,Leptophyes punctatissima,Speckled Bush-cricket,bush-cricket,0.99,,,26/09/2026,25/09/2026,05:55:11,ClassifEspSWE-0002026-05-29_1,JOHANKARLSSON,202609261754ILYQJGW1,2026_26_sep_05,Citizen Science (ultrasonic) - shared
59~40306+18~07249_20260926_055519.wav,DEV_001_20260926_055519.wav,0,59.40306,18.07249,Leppun,Leptophyes punctatissima,Speckled Bush-cricket,bush-cricket,0.99,,,26/09/2026,25/09/2026,05:55:19,ClassifEspSWE-0002026-05-29_1,JOHANKARLSSON,202609261754ILYQJGW1,2026_26_sep_05,Citizen Science (ultrasonic) - shared
59~40306+18~07249_20260926_055526.wav,DEV_001_20260926_055526.wav,0,59.40306,18.07249,Leppun,Leptophyes punctatissima,Speckled Bush-cricket,bush-cricket,0.99,,,26/09/2026,25/09/2026,05:55:26,ClassifEspSWE-0002026-05-29_1,JOHANKARLSSON,202609261754ILYQJGW1,2026_26_sep_05,Citizen Science (ultrasonic) - shared
59~40306+18~07249_20260926_055533.wav,DEV_001_20260926_055533.wav,0,59.40306,18.07249,Leppun,Leptophyes punctatissima,Speckled Bush-cricket,bush-cricket,0.99,,,26/09/2026,25/09/2026,05:55:33,ClassifEspSWE-0002026-05-29_1,JOHANKARLSSON,202609261754ILYQJGW1,2026_26_sep_05,Citizen Science (ultrasonic) - shared
59~40306+18~07249_20260926_055548.wav,DEV_001_20260926_055548.wav,0,59.40306,18.07249,Leppun,Leptophyes punctatissima,Speckled Bush-cricket,bush-cricket,0.99,,,26/09/2026,25/09/2026,05:55:48,ClassifEspSWE-0002026-05-29_1,JOHANKARLSSON,202609261754ILYQJGW1,2026_26_sep_05,Citizen Science (ultrasonic) - shared
59~40306+18~07249_20260926_055554.wav,DEV_001_20260926_055554.wav,0,59.40306,18.07249,Leppun,Leptophyes punctatissima,Speckled Bush-cricket,bush-cricket,0.99,,,26/09/2026,25/09/2026,05:55:54,ClassifEspSWE-0002026-05-29_1,JOHANKARLSSON,202609261754ILYQJGW1,2026_26_sep_05,Citizen Science (ultrasonic) - shared
59~40306+18~07249_20260926_055606.wav,DEV_001_20260926_055606.wav,0,59.40306,18.07249,Leppun,Leptophyes punctatissima,Speckled Bush-cricket,bush-cricket,0.99,,,26/09/2026,25/09/2026,05:56:06,ClassifEspSWE-0002026-05-29_1,JOHANKARLSSON,202609261754ILYQJGW1,2026_26_sep_05,Citizen Science (ultrasonic) - shared
59~40306+18~07249_20260926_055612.wav,DEV_001_20260926_055612.wav,0,59.40306,18.07249,Leppun,Leptophyes punctatissima,Speckled Bush-cricket,bush-cricket,0.99,,,26/09/2026,25/09/2026,05:56:12,ClassifEspSWE-0002026-05-29_1,JOHANKARLSSON,202609261754ILYQJGW1,2026_26_sep_05,Citizen Science (ultrasonic) - shared
59~40306+18~07249_20260926_055619.wav,DEV_001_20260926_055619.wav,0,59.40306,18.07249,Leppun,Leptophyes punctatissima,Speckled Bush-cricket,bush-cricket,0.99,,,26/09/2026,25/09/2026,05:56:19,ClassifEspSWE-0002026-05-29_1,JOHANKARLSSON,202609261754ILYQJGW1,2026_26_sep_05,Citizen Science (ultrasonic) - shared
59~40306+18~07249_20260926_055629.wav,DEV_001_20260926_055629.wav,0,59.40306,18.07249,Leppun,Leptophyes punctatissima,Speckled Bush-cricket,bush-cricket,0.99,,,26/09/2026,25/09/2026,05:56:29,ClassifEspSWE-0002026-05-29_1,JOHANKARLSSON,202609261754ILYQJGW1,2026_26_sep_05,Citizen Science (ultrasonic) - shared
59~40306+18~07249_20260926_055634.wav,DEV_001_20260926_055634.wav,0,59.40306,18.07249,Leppun,Leptophyes punctatissima,Speckled Bush-cricket,bush-cricket,0.99,,,26/09/2026,25/09/2026,05:56:34,ClassifEspSWE-0002026-05-29_1,JOHANKARLSSON,202609261754ILYQJGW1,2026_26_sep_05,Citizen Science (ultrasonic) - shared
59~40306+18~07249_20260926_055642.wav,DEV_001_20260926_055642.wav,0,59.40306,18.07249,Leppun,Leptophyes punctatissima,Speckled Bush-cricket,bush-cricket,0.99,,,26/09/2026,25/09/2026,05:56:42,ClassifEspSWE-0002026-05-29_1,JOHANKARLSSON,202609261754ILYQJGW1,2026_26_sep_05,Citizen Science (ultrasonic) - shared
59~40306+18~07249_20260926_055647.wav,DEV_001_20260926_055647.wav,0,59.40306,18.07249,Leppun,Leptophyes punctatissima,Speckled Bush-cricket,bush-cricket,0.99,,,26/09/2026,25/09/2026,05:56:47,ClassifEspSWE-0002026-05-29_1,JOHANKARLSSON,202609261754ILYQJGW1,2026_26_sep_05,Citizen Science (ultrasonic) - shared
59~40306+18~07249_20260926_055657.wav,DEV_001_20260926_055657.wav,0,59.40306,18.07249,Leppun,Leptophyes punctatissima,Speckled Bush-cricket,bush-cricket,0.99,,,26/09/2026,25/09/2026,05:56:57,ClassifEspSWE-0002026-05-29_1,JOHANKARLSSON,202609261754ILYQJGW1,2026_26_sep_05,Citizen Science (ultrasonic) - shared
59~40306+18~07249_20260926_055706.wav,DEV_001_20260926_055706.wav,0,59.40306,18.07249,Leppun,Leptophyes punctatissima,Speckled Bush-cricket,bush-cricket,0.99,,,26/09/2026,25/09/2026,05:57:06,ClassifEspSWE-0002026-05-29_1,JOHANKARLSSON,202609261754ILYQJGW1,2026_26_sep_05,Citizen Science (ultrasonic) - shared
59~40306+18~07249_20260926_055713.wav,DEV_001_20260926_055713.wav,0,59.40306,18.07249,Leppun,Leptophyes punctatissima,Speckled Bush-cricket,bush-cricket,0.99,,,26/09/2026,25/09/2026,05:57:13,ClassifEspSWE-0002026-05-29_1,JOHANKARLSSON,202609261754ILYQJGW1,2026_26_sep_05,Citizen Science (ultrasonic) - shared
59~40306+18~07249_20260926_055720.wav,DEV_001_20260926_055720.wav,0,59.40306,18.07249,Leppun,Leptophyes punctatissima,Speckled Bush-cricket,bush-cricket,0.99,,,26/09/2026,25/09/2026,05:57:20,ClassifEspSWE-0002026-05-29_1,JOHANKARLSSON,202609261754ILYQJGW1,2026_26_sep_05,Citizen Science (ultrasonic) - shared
59~40306+18~07249_20260926_055733.wav,DEV_001_20260926_055733.wav,0,59.40306,18.07249,Leppun,Leptophyes punctatissima,Speckled Bush-cricket,bush-cricket,0.99,,,26/09/2026,25/09/2026,05:57:33,ClassifEspSWE-0002026-05-29_1,JOHANKARLSSON,202609261754ILYQJGW1,2026_26_sep_05,Citizen Science (ultrasonic) - shared
59~40306+18~07249_20260926_055745.wav,DEV_001_20260926_055745.wav,0,59.40306,18.07249,Leppun,Leptophyes punctatissima,Speckled Bush-cricket,bush-cricket,0.99,,,26/09/2026,25/09/2026,05:57:45,ClassifEspSWE-0002026-05-29_1,JOHANKARLSSON,202609261754ILYQJGW1,2026_26_sep_05,Citizen Science (ultrasonic) - shared
59~40306+18~07249_20260926_055753.wav,DEV_001_20260926_055753.wav,0,59.40306,18.07249,Leppun,Leptophyes punctatissima,Speckled Bush-cricket,bush-cricket,0.99,,,26/09/2026,25/09/2026,05:57:53,ClassifEspSWE-0002026-05-29_1,JOHANKARLSSON,202609261754ILYQJGW1,2026_26_sep_05,Citizen Science (ultrasonic) - shared
59~40306+18~07249_20260926_055803.wav,DEV_001_20260926_055803.wav,0,59.40306,18.07249,Leppun,Leptophyes punctatissima,Speckled Bush-cricket,bush-cricket,0.99,,,26/09/2026,25/09/2026,05:58:03,ClassifEspSWE-0002026-05-29_1,JOHANKARLSSON,202609261754ILYQJGW1,2026_26_sep_05,Citizen Science (ultrasonic) - shared
59~40306+18~07249_20260926_055822.wav,DEV_001_20260926_055822.wav,0,59.40306,18.07249,Leppun,Leptophyes punctatissima,Speckled Bush-cricket,bush-cricket,0.99,,,26/09/2026,25/09/2026,05:58:22,ClassifEspSWE-0002026-05-29_1,JOHANKARLSSON,202609261754ILYQJGW1,2026_26_sep_05,Citizen Science (ultrasonic) - shared
59~40306+18~07249_20260926_055828.wav,DEV_001_20260926_055828.wav,0,59.40306,18.07249,Leppun,Leptophyes punctatissima,Speckled Bush-cricket,bush-cricket,0.99,,,26/09/2026,25/09/2026,05:58:28,ClassifEspSWE-0002026-05-29_1,JOHANKARLSSON,202609261754ILYQJGW1,2026_26_sep_05,Citizen Science (ultrasonic) - shared
59~40306+18~07249_20260926_055843.wav,DEV_001_20260926_055843.wav,0,59.40306,18.07249,Leppun,Leptophyes punctatissima,Speckled Bush-cricket,bush-cricket,0.99,,,26/09/2026,25/09/2026,05:58:43,ClassifEspSWE-0002026-05-29_1,JOHANKARLSSON,202609261754ILYQJGW1,2026_26_sep_05,Citizen Science (ultrasonic) - shared
59~40306+18~07249_20260926_055849.wav,DEV_001_20260926_055849.wav,0,59.40306,18.07249,Leppun,Leptophyes punctatissima,Speckled Bush-cricket,bush-cricket,0.99,,,26/09/2026,25/09/2026,05:58:49,ClassifEspSWE-0002026-05-29_1,JOHANKARLSSON,202609261754ILYQJGW1,2026_26_sep_05,Citizen Science (ultrasonic) - shared
59~40306+18~07249_20260926_055910.wav,DEV_001_20260926_055910.wav,0,59.40306,18.07249,Leppun,Leptophyes punctatissima,Speckled Bush-cricket,bush-cricket,0.99,,,26/09/2026,25/09/2026,05:59:10,ClassifEspSWE-0002026-05-29_1,JOHANKARLSSON,202609261754ILYQJGW1,2026_26_sep_05,Citizen Science (ultrasonic) - shared
59~40306+18~07249_20260926_055923.wav,DEV_001_20260926_055923.wav,0,59.40306,18.07249,Leppun,Leptophyes punctatissima,Speckled Bush-cricket,bush-cricket,0.99,,,26/09/2026,25/09/2026,05:59:23,ClassifEspSWE-0002026-05-29_1,JOHANKARLSSON,202609261754ILYQJGW1,2026_26_sep_05,Citizen Science (ultrasonic) - shared
59~40306+18~07249_20260926_055929.wav,DEV_001_20260926_055929.wav,0,59.40306,18.07249,Leppun,Leptophyes punctatissima,Speckled Bush-cricket,bush-cricket,0.99,,,26/09/2026,25/09/2026,05:59:29,ClassifEspSWE-0002026-05-29_1,JOHANKARLSSON,202609261754ILYQJGW1,2026_26_sep_05,Citizen Science (ultrasonic) - shared
59~40306+18~07249_20260926_055936.wav,DEV_001_20260926_055936.wav,0,59.40306,18.07249,Leppun,Leptophyes punctatissima,Speckled Bush-cricket,bush-cricket,0.99,,,26/09/2026,25/09/2026,05:59:36,ClassifEspSWE-0002026-05-29_1,JOHANKARLSSON,202609261754ILYQJGW1,2026_26_sep_05,Citizen Science (ultrasonic) - shared
59~40306+18~07249_20260926_055943.wav,DEV_001_20260926_055943.wav,0,59.40306,18.07249,Leppun,Leptophyes punctatissima,Speckled Bush-cricket,bush-cricket,0.99,,,26/09/2026,25/09/2026,05:59:43,ClassifEspSWE-0002026-05-29_1,JOHANKARLSSON,202609261754ILYQJGW1,2026_26_sep_05,Citizen Science (ultrasonic) - shared
59~40306+18~07249_20260926_055958.wav,DEV_001_20260926_055958.wav,0,59.40306,18.07249,Leppun,Leptophyes punctatissima,Speckled Bush-cricket,bush-cricket,0.99,,,26/09/2026,25/09/2026,05:59:58,ClassifEspSWE-0002026-05-29_1,JOHANKARLSSON,202609261754ILYQJGW1,2026_26_sep_05,Citizen Science (ultrasonic) - shared
59~40306+18~07249_20260926_050003.wav,DEV_001_20260926_050003.wav,0,59.40306,18.07249,Phogri,Pholidoptera griseoaptera,Dark Bush-cricket,bush-cricket,0.99,,,26/09/2026,25/09/2026,05:00:03,ClassifEspSWE-0002026-05-29_1,JOHANKARLSSON,202609261754ILYQJGW1,2026_26_sep_05,Citizen Science (ultrasonic) - shared
59~40306+18~07249_20260926_050010.wav,DEV_001_20260926_050010.wav,0,59.40306,18.07249,Phogri,Pholidoptera griseoaptera,Dark Bush-cricket,bush-cricket,0.99,,,26/09/2026,25/09/2026,05:00:10,ClassifEspSWE-0002026-05-29_1,JOHANKARLSSON,202609261754ILYQJGW1,2026_26_sep_05,Citizen Science (ultrasonic) - shared
59~40306+18~07249_20260926_050016.wav,DEV_001_20260926_050016.wav,0,59.40306,18.07249,Phogri,Pholidoptera griseoaptera,Dark Bush-cricket,bush-cricket,0.99,,,26/09/2026,25/09/2026,05:00:16,ClassifEspSWE-0002026-05-29_1,JOHANKARLSSON,202609261754ILYQJGW1,2026_26_sep_05,Citizen Science (ultrasonic) - shared
59~40306+18~07249_20260926_050021.wav,DEV_001_20260926_050021.wav,0,59.40306,18.07249,Phogri,Pholidoptera griseoaptera,Dark Bush-cricket,bush-cricket,0.99,,,26/09/2026,25/09/2026,05:00:21,ClassifEspSWE-0002026-05-29_1,JOHANKARLSSON,202609261754ILYQJGW1,2026_26_sep_05,Citizen Science (ultrasonic) - shared
59~40306+18~07249_20260926_050030.wav,DEV_001_20260926_050030.wav,0,59.40306,18.07249,Phogri,Pholidoptera griseoaptera,Dark Bush-cricket,bush-cricket,0.98,,,26/09/2026,25/09/2026,05:00:30,ClassifEspSWE-0002026-05-29_1,JOHANKARLSSON,202609261754ILYQJGW1,2026_26_sep_05,Citizen Science (ultrasonic) - shared
59~40306+18~07249_20260926_050038.wav,DEV_001_20260926_050038.wav,0,59.40306,18.07249,Phogri,Pholidoptera griseoaptera,Dark Bush-cricket,bush-cricket,0.98,,,26/09/2026,25/09/2026,05:00:38,ClassifEspSWE-0002026-05-29_1,JOHANKARLSSON,202609261754ILYQJGW1,2026_26_sep_05,Citizen Science (ultrasonic) - shared
59~40306+18~07249_20260926_050044.wav,DEV_001_20260926_050044.wav,0,59.40306,18.07249,Phogri,Pholidoptera griseoaptera,Dark Bush-cricket,bush-cricket,0.99,,,26/09/2026,25/09/2026,05:00:44,ClassifEspSWE-0002026-05-29_1,JOHANKARLSSON,202609261754ILYQJGW1,2026_26_sep_05,Citizen Science (ultrasonic) - shared
59~40306+18~07249_20260926_050053.wav,DEV_001_20260926_050053.wav,0,59.40306,18.07249,Phogri,Pholidoptera griseoaptera,Dark Bush-cricket,bush-cricket,0.99,,,26/09/2026,25/09/2026,05:00:53,ClassifEspSWE-0002026-05-29_1,JOHANKARLSSON,202609261754ILYQJGW1,2026_26_sep_05,Citizen Science (ultrasonic) - shared
59~40306+18~07249_20260926_050059.wav,DEV_001_20260926_050059.wav,0,59.40306,18.07249,Phogri,Pholidoptera griseoaptera,Dark Bush-cricket,bush-cricket,0.96,,,26/09/2026,25/09/2026,05:00:59,ClassifEspSWE-0002026-05-29_1,JOHANKARLSSON,202609261754ILYQJGW1,2026_26_sep_05,Citizen Science (ultrasonic) - shared
59~40306+18~07249_20260926_050105.wav,DEV_001_20260926_050105.wav,0,59.40306,18.07249,Phogri,Pholidoptera griseoaptera,Dark Bush-cricket,bush-cricket,0.99,,,26/09/2026,25/09/2026,05:01:05,ClassifEspSWE-0002026-05-29_1,JOHANKARLSSON,202609261754ILYQJGW1,2026_26_sep_05,Citizen Science (ultrasonic) - shared
59~40306+18~07249_20260926_050117.wav,DEV_001_20260926_050117.wav,0,59.40306,18.07249,Phogri,Pholidoptera griseoaptera,Dark Bush-cricket,bush-cricket,0.98,,,26/09/2026,25/09/2026,05:01:17,ClassifEspSWE-0002026-05-29_1,JOHANKARLSSON,202609261754ILYQJGW1,2026_26_sep_05,Citizen Science (ultrasonic) - shared
59~40306+18~07249_20260926_050125.wav,DEV_001_20260926_050125.wav,0,59.40306,18.07249,Phogri,Pholidoptera griseoaptera,Dark Bush-cricket,bush-cricket,0.97,,,26/09/2026,25/09/2026,05:01:25,ClassifEspSWE-0002026-05-29_1,JOHANKARLSSON,202609261754ILYQJGW1,2026_26_sep_05,Citizen Science (ultrasonic) - shared
59~40306+18~07249_20260926_050134.wav,DEV_001_20260926_050134.wav,0,59.40306,18.07249,Phogri,Pholidoptera griseoaptera,Dark Bush-cricket,bush-cricket,0.99,,,26/09/2026,25/09/2026,05:01:34,ClassifEspSWE-0002026-05-29_1,JOHANKARLSSON,202609261754ILYQJGW1,2026_26_sep_05,Citizen Science (ultrasonic) - shared
59~40306+18~07249_20260926_050141.wav,DEV_001_20260926_050141.wav,0,59.40306,18.07249,Phogri,Pholidoptera griseoaptera,Dark Bush-cricket,bush-cricket,0.92,,,26/09/2026,25/09/2026,05:01:41,ClassifEspSWE-0002026-05-29_1,JOHANKARLSSON,202609261754ILYQJGW1,2026_26_sep_05,Citizen Science (ultrasonic) - shared
59~40306+18~07249_20260926_050149.wav,DEV_001_20260926_050149.wav,0,59.40306,18.07249,Phogri,Pholidoptera griseoaptera,Dark Bush-cricket,bush-cricket,0.98,,,26/09/2026,25/09/2026,05:01:49,ClassifEspSWE-0002026-05-29_1,JOHANKARLSSON,202609261754ILYQJGW1,2026_26_sep_05,Citizen Science (ultrasonic) - shared
59~40306+18~07249_20260926_050155.wav,DEV_001_20260926_050155.wav,0,59.40306,18.07249,Phogri,Pholidoptera griseoaptera,Dark Bush-cricket,bush-cricket,0.94,,,26/09/2026,25/09/2026,05:01:55,ClassifEspSWE-0002026-05-29_1,JOHANKARLSSON,202609261754ILYQJGW1,2026_26_sep_05,Citizen Science (ultrasonic) - shared
59~40306+18~07249_20260926_050201.wav,DEV_001_20260926_050201.wav,0,59.40306,18.07249,Phogri,Pholidoptera griseoaptera,Dark Bush-cricket,bush-cricket,0.99,,,26/09/2026,25/09/2026,05:02:01,ClassifEspSWE-0002026-05-29_1,JOHANKARLSSON,202609261754ILYQJGW1,2026_26_sep_05,Citizen Science (ultrasonic) - shared
59~40306+18~07249_20260926_050206.wav,DEV_001_20260926_050206.wav,0,59.40306,18.07249,Phogri,Pholidoptera griseoaptera,Dark Bush-cricket,bush-cricket,0.98,,,26/09/2026,25/09/2026,05:02:06,ClassifEspSWE-0002026-05-29_1,JOHANKARLSSON,202609261754ILYQJGW1,2026_26_sep_05,Citizen Science (ultrasonic) - shared
59~40306+18~07249_20260926_050214.wav,DEV_001_20260926_050214.wav,0,59.40306,18.07249,Phogri,Pholidoptera griseoaptera,Dark Bush-cricket,bush-cricket,0.99,,,26/09/2026,25/09/2026,05:02:14,ClassifEspSWE-0002026-05-29_1,JOHANKARLSSON,202609261754ILYQJGW1,2026_26_sep_05,Citizen Science (ultrasonic) - shared
59~40306+18~07249_20260926_050222.wav,DEV_001_20260926_050222.wav,0,59.40306,18.07249,Phogri,Pholidoptera griseoaptera,Dark Bush-cricket,bush-cricket,0.99,,,26/09/2026,25/09/2026,05:02:22,ClassifEspSWE-0002026-05-29_1,JOHANKARLSSON,202609261754ILYQJGW1,2026_26_sep_05,Citizen Science (ultrasonic) - shared
59~40306+18~07249_20260926_050230.wav,DEV_001_20260926_050230.wav,0,59.40306,18.07249,Phogri,Pholidoptera griseoaptera,Dark Bush-cricket,bush-cricket,0.98,,,26/09/2026,25/09/2026,05:02:30,ClassifEspSWE-0002026-05-29_1,JOHANKARLSSON,202609261754ILYQJGW1,2026_26_sep_05,Citizen Science (ultrasonic) - shared
59~40306+18~07249_20260926_050236.wav,DEV_001_20260926_050236.wav,0,59.40306,18.07249,Phogri,Pholidoptera griseoaptera,Dark Bush-cricket,bush-cricket,0.98,,,26/09/2026,25/09/2026,05:02:36,ClassifEspSWE-0002026-05-29_1,JOHANKARLSSON,202609261754ILYQJGW1,2026_26_sep_05,Citizen Science (ultrasonic) - shared
59~40306+18~07249_20260926_050242.wav,DEV_001_20260926_050242.wav,0,59.40306,18.07249,Phogri,Pholidoptera griseoaptera,Dark Bush-cricket,bush-cricket,0.99,,,26/09/2026,25/09/2026,05:02:42,ClassifEspSWE-0002026-05-29_1,JOHANKARLSSON,202609261754ILYQJGW1,2026_26_sep_05,Citizen Science (ultrasonic) - shared
59~40306+18~07249_20260926_050248.wav,DEV_001_20260926_050248.wav,0,59.40306,18.07249,Phogri,Pholidoptera griseoaptera,Dark Bush-cricket,bush-cricket,0.99,,,26/09/2026,25/09/2026,05:02:48,ClassifEspSWE-0002026-05-29_1,JOHANKARLSSON,202609261754ILYQJGW1,2026_26_sep_05,Citizen Science (ultrasonic) - shared
59~40306+18~07249_20260926_050255.wav,DEV_001_20260926_050255.wav,0,59.40306,18.07249,Phogri,Pholidoptera griseoaptera,Dark Bush-cricket,bush-cricket,0.99,,,26/09/2026,25/09/2026,05:02:55,ClassifEspSWE-0002026-05-29_1,JOHANKARLSSON,202609261754ILYQJGW1,2026_26_sep_05,Citizen Science (ultrasonic) - shared
59~40306+18~07249_20260926_050300.wav,DEV_001_20260926_050300.wav,0,59.40306,18.07249,Phogri,Pholidoptera griseoaptera,Dark Bush-cricket,bush-cricket,0.99,,,26/09/2026,25/09/2026,05:03:00,ClassifEspSWE-0002026-05-29_1,JOHANKARLSSON,202609261754ILYQJGW1,2026_26_sep_05,Citizen Science (ultrasonic) - shared
59~40306+18~07249_20260926_050306.wav,DEV_001_20260926_050306.wav,0,59.40306,18.07249,Phogri,Pholidoptera griseoaptera,Dark Bush-cricket,bush-cricket,0.95,,,26/09/2026,25/09/2026,05:03:06,ClassifEspSWE-0002026-05-29_1,JOHANKARLSSON,202609261754ILYQJGW1,2026_26_sep_05,Citizen Science (ultrasonic) - shared
59~40306+18~07249_20260926_050311.wav,DEV_001_20260926_050311.wav,0,59.40306,18.07249,Phogri,Pholidoptera griseoaptera,Dark Bush-cricket,bush-cricket,0.99,,,26/09/2026,25/09/2026,05:03:11,ClassifEspSWE-0002026-05-29_1,JOHANKARLSSON,202609261754ILYQJGW1,2026_26_sep_05,Citizen Science (ultrasonic) - shared
59~40306+18~07249_20260926_050316.wav,DEV_001_20260926_050316.wav,0,59.40306,18.07249,Phogri,Pholidoptera griseoaptera,Dark Bush-cricket,bush-cricket,0.93,,,26/09/2026,25/09/2026,05:03:16,ClassifEspSWE-0002026-05-29_1,JOHANKARLSSON,202609261754ILYQJGW1,2026_26_sep_05,Citizen Science (ultrasonic) - shared
59~40306+18~07249_20260926_050323.wav,DEV_001_20260926_050323.wav,0,59.40306,18.07249,Phogri,Pholidoptera griseoaptera,Dark Bush-cricket,bush-cricket,0.96,,,26/09/2026,25/09/2026,05:03:23,ClassifEspSWE-0002026-05-29_1,JOHANKARLSSON,202609261754ILYQJGW1,2026_26_sep_05,Citizen Science (ultrasonic) - shared
59~40306+18~07249_20260926_050328.wav,DEV_001_20260926_050328.wav,0,59.40306,18.07249,Phogri,Pholidoptera griseoaptera,Dark Bush-cricket,bush-cricket,0.98,,,26/09/2026,25/09/2026,05:03:28,ClassifEspSWE-0002026-05-29_1,JOHANKARLSSON,202609261754ILYQJGW1,2026_26_sep_05,Citizen Science (ultrasonic) - shared
59~40306+18~07249_20260926_050335.wav,DEV_001_20260926_050335.wav,0,59.40306,18.07249,Phogri,Pholidoptera griseoaptera,Dark Bush-cricket,bush-cricket,0.98,,,26/09/2026,25/09/2026,05:03:35,ClassifEspSWE-0002026-05-29_1,JOHANKARLSSON,202609261754ILYQJGW1,2026_26_sep_05,Citizen Science (ultrasonic) - shared
59~40306+18~07249_20260926_050341.wav,DEV_001_20260926_050341.wav,0,59.40306,18.07249,Phogri,Pholidoptera griseoaptera,Dark Bush-cricket,bush-cricket,0.99,,,26/09/2026,25/09/2026,05:03:41,ClassifEspSWE-0002026-05-29_1,JOHANKARLSSON,202609261754ILYQJGW1,2026_26_sep_05,Citizen Science (ultrasonic) - shared
59~40306+18~07249_20260926_050346.wav,DEV_001_20260926_050346.wav,0,59.40306,18.07249,Phogri,Pholidoptera griseoaptera,Dark Bush-cricket,bush-cricket,0.88,,,26/09/2026,25/09/2026,05:03:46,ClassifEspSWE-0002026-05-29_1,JOHANKARLSSON,202609261754ILYQJGW1,2026_26_sep_05,Citizen Science (ultrasonic) - shared
59~40306+18~07249_20260926_050352.wav,DEV_001_20260926_050352.wav,0,59.40306,18.07249,Phogri,Pholidoptera griseoaptera,Dark Bush-cricket,bush-cricket,0.99,,,26/09/2026,25/09/2026,05:03:52,ClassifEspSWE-0002026-05-29_1,JOHANKARLSSON,202609261754ILYQJGW1,2026_26_sep_05,Citizen Science (ultrasonic) - shared
59~40306+18~07249_20260926_050359.wav,DEV_001_20260926_050359.wav,0,59.40306,18.07249,Phogri,Pholidoptera griseoaptera,Dark Bush-cricket,bush-cricket,0.98,,,26/09/2026,25/09/2026,05:03:59,ClassifEspSWE-0002026-05-29_1,JOHANKARLSSON,202609261754ILYQJGW1,2026_26_sep_05,Citizen Science (ultrasonic) - shared
59~40306+18~07249_20260926_050406.wav,DEV_001_20260926_050406.wav,0,59.40306,18.07249,Phogri,Pholidoptera griseoaptera,Dark Bush-cricket,bush-cricket,0.98,,,26/09/2026,25/09/2026,05:04:06,ClassifEspSWE-0002026-05-29_1,JOHANKARLSSON,202609261754ILYQJGW1,2026_26_sep_05,Citizen Science (ultrasonic) - shared
59~40306+18~07249_20260926_050412.wav,DEV_001_20260926_050412.wav,0,59.40306,18.07249,Phogri,Pholidoptera griseoaptera,Dark Bush-cricket,bush-cricket,0.91,,,26/09/2026,25/09/2026,05:04:12,ClassifEspSWE-0002026-05-29_1,JOHANKARLSSON,202609261754ILYQJGW1,2026_26_sep_05,Citizen Science (ultrasonic) - shared
59~40306+18~07249_20260926_050419.wav,DEV_001_20260926_050419.wav,0,59.40306,18.07249,Phogri,Pholidoptera griseoaptera,Dark Bush-cricket,bush-cricket,0.99,,,26/09/2026,25/09/2026,05:04:19,ClassifEspSWE-0002026-05-29_1,JOHANKARLSSON,202609261754ILYQJGW1,2026_26_sep_05,Citizen Science (ultrasonic) - shared
59~40306+18~07249_20260926_050425.wav,DEV_001_20260926_050425.wav,0,59.40306,18.07249,Phogri,Pholidoptera griseoaptera,Dark Bush-cricket,bush-cricket,0.99,,,26/09/2026,25/09/2026,05:04:25,ClassifEspSWE-0002026-05-29_1,JOHANKARLSSON,202609261754ILYQJGW1,2026_26_sep_05,Citizen Science (ultrasonic) - shared
59~40306+18~07249_20260926_050430.wav,DEV_001_20260926_050430.wav,0,59.40306,18.07249,Phogri,Pholidoptera griseoaptera,Dark Bush-cricket,bush-cricket,0.7,,,26/09/2026,25/09/2026,05:04:30,ClassifEspSWE-0002026-05-29_1,JOHANKARLSSON,202609261754ILYQJGW1,2026_26_sep_05,Citizen Science (ultrasonic) - shared
59~40306+18~07249_20260926_050436.wav,DEV_001_20260926_050436.wav,0,59.40306,18.07249,Phogri,Pholidoptera griseoaptera,Dark Bush-cricket,bush-cricket,0.92,,,26/09/2026,25/09/2026,05:04:36,ClassifEspSWE-0002026-05-29_1,JOHANKARLSSON,202609261754ILYQJGW1,2026_26_sep_05,Citizen Science (ultrasonic) - shared
59~40306+18~07249_20260926_050442.wav,DEV_001_20260926_050442.wav,0,59.40306,18.07249,Phogri,Pholidoptera griseoaptera,Dark Bush-cricket,bush-cricket,0.83,,,26/09/2026,25/09/2026,05:04:42,ClassifEspSWE-0002026-05-29_1,JOHANKARLSSON,202609261754ILYQJGW1,2026_26_sep_05,Citizen Science (ultrasonic) - shared
59~40306+18~07249_20260926_050449.wav,DEV_001_20260926_050449.wav,0,59.40306,18.07249,Phogri,Pholidoptera griseoaptera,Dark Bush-cricket,bush-cricket,0.93,,,26/09/2026,25/09/2026,05:04:49,ClassifEspSWE-0002026-05-29_1,JOHANKARLSSON,202609261754ILYQJGW1,2026_26_sep_05,Citizen Science (ultrasonic) - shared
59~40306+18~07249_20260926_050454.wav,DEV_001_20260926_050454.wav,0,59.40306,18.07249,Phogri,Pholidoptera griseoaptera,Dark Bush-cricket,bush-cricket,0.99,,,26/09/2026,25/09/2026,05:04:54,ClassifEspSWE-0002026-05-29_1,JOHANKARLSSON,202609261754ILYQJGW1,2026_26_sep_05,Citizen Science (ultrasonic) - shared
59~40306+18~07249_20260926_050501.wav,DEV_001_20260926_050501.wav,0,59.40306,18.07249,Phogri,Pholidoptera griseoaptera,Dark Bush-cricket,bush-cricket,0.99,,,26/09/2026,25/09/2026,05:05:01,ClassifEspSWE-0002026-05-29_1,JOHANKARLSSON,202609261754ILYQJGW1,2026_26_sep_05,Citizen Science (ultrasonic) - shared
59~40306+18~07249_20260926_050507.wav,DEV_001_20260926_050507.wav,0,59.40306,18.07249,Phogri,Pholidoptera griseoaptera,Dark Bush-cricket,bush-cricket,0.99,,,26/09/2026,25/09/2026,05:05:07,ClassifEspSWE-0002026-05-29_1,JOHANKARLSSON,202609261754ILYQJGW1,2026_26_sep_05,Citizen Science (ultrasonic) - shared
59~40306+18~07249_20260926_050514.wav,DEV_001_20260926_050514.wav,0,59.40306,18.07249,Phogri,Pholidoptera griseoaptera,Dark Bush-cricket,bush-cricket,0.96,,,26/09/2026,25/09/2026,05:05:14,ClassifEspSWE-0002026-05-29_1,JOHANKARLSSON,202609261754ILYQJGW1,2026_26_sep_05,Citizen Science (ultrasonic) - shared
59~40306+18~07249_20260926_050521.wav,DEV_001_20260926_050521.wav,0,59.40306,18.07249,Phogri,Pholidoptera griseoaptera,Dark Bush-cricket,bush-cricket,0.79,,,26/09/2026,25/09/2026,05:05:21,ClassifEspSWE-0002026-05-29_1,JOHANKARLSSON,202609261754ILYQJGW1,2026_26_sep_05,Citizen Science (ultrasonic) - shared
59~40306+18~07249_20260926_050527.wav,DEV_001_20260926_050527.wav,0,59.40306,18.07249,Phogri,Pholidoptera griseoaptera,Dark Bush-cricket,bush-cricket,0.93,,,26/09/2026,25/09/2026,05:05:27,ClassifEspSWE-0002026-05-29_1,JOHANKARLSSON,202609261754ILYQJGW1,2026_26_sep_05,Citizen Science (ultrasonic) - shared
59~40306+18~07249_20260926_050534.wav,DEV_001_20260926_050534.wav,0,59.40306,18.07249,Phogri,Pholidoptera griseoaptera,Dark Bush-cricket,bush-cricket,0.99,,,26/09/2026,25/09/2026,05:05:34,ClassifEspSWE-0002026-05-29_1,JOHANKARLSSON,202609261754ILYQJGW1,2026_26_sep_05,Citizen Science (ultrasonic) - shared
59~40306+18~07249_20260926_050541.wav,DEV_001_20260926_050541.wav,0,59.40306,18.07249,Phogri,Pholidoptera griseoaptera,Dark Bush-cricket,bush-cricket,0.99,,,26/09/2026,25/09/2026,05:05:41,ClassifEspSWE-0002026-05-29_1,JOHANKARLSSON,202609261754ILYQJGW1,2026_26_sep_05,Citizen Science (ultrasonic) - shared
59~40306+18~07249_20260926_050547.wav,DEV_001_20260926_050547.wav,0,59.40306,18.07249,Phogri,Pholidoptera griseoaptera,Dark Bush-cricket,bush-cricket,0.98,,,26/09/2026,25/09/2026,05:05:47,ClassifEspSWE-0002026-05-29_1,JOHANKARLSSON,202609261754ILYQJGW1,2026_26_sep_05,Citizen Science (ultrasonic) - shared
59~40306+18~07249_20260926_050553.wav,DEV_001_20260926_050553.wav,0,59.40306,18.07249,Phogri,Pholidoptera griseoaptera,Dark Bush-cricket,bush-cricket,0.99,,,26/09/2026,25/09/2026,05:05:53,ClassifEspSWE-0002026-05-29_1,JOHANKARLSSON,202609261754ILYQJGW1,2026_26_sep_05,Citizen Science (ultrasonic) - shared
59~40306+18~07249_20260926_050559.wav,DEV_001_20260926_050559.wav,0,59.40306,18.07249,Phogri,Pholidoptera griseoaptera,Dark Bush-cricket,bush-cricket,0.99,,,26/09/2026,25/09/2026,05:05:59,ClassifEspSWE-0002026-05-29_1,JOHANKARLSSON,202609261754ILYQJGW1,2026_26_sep_05,Citizen Science (ultrasonic) - shared
59~40306+18~07249_20260926_050605.wav,DEV_001_20260926_050605.wav,0,59.40306,18.07249,Phogri,Pholidoptera griseoaptera,Dark Bush-cricket,bush-cricket,0.99,,,26/09/2026,25/09/2026,05:06:05,ClassifEspSWE-0002026-05-29_1,JOHANKARLSSON,202609261754ILYQJGW1,2026_26_sep_05,Citizen Science (ultrasonic) - shared
59~40306+18~07249_20260926_050612.wav,DEV_001_20260926_050612.wav,0,59.40306,18.07249,Phogri,Pholidoptera griseoaptera,Dark Bush-cricket,bush-cricket,0.97,,,26/09/2026,25/09/2026,05:06:12,ClassifEspSWE-0002026-05-29_1,JOHANKARLSSON,202609261754ILYQJGW1,2026_26_sep_05,Citizen Science (ultrasonic) - shared
59~40306+18~07249_20260926_050618.wav,DEV_001_20260926_050618.wav,0,59.40306,18.07249,Phogri,Pholidoptera griseoaptera,Dark Bush-cricket,bush-cricket,0.97,,,26/09/2026,25/09/2026,05:06:18,ClassifEspSWE-0002026-05-29_1,JOHANKARLSSON,202609261754ILYQJGW1,2026_26_sep_05,Citizen Science (ultrasonic) - shared
59~40306+18~07249_20260926_050624.wav,DEV_001_20260926_050624.wav,0,59.40306,18.07249,Phogri,Pholidoptera griseoaptera,Dark Bush-cricket,bush-cricket,0.99,,,26/09/2026,25/09/2026,05:06:24,ClassifEspSWE-0002026-05-29_1,JOHANKARLSSON,202609261754ILYQJGW1,2026_26_sep_05,Citizen Science (ultrasonic) - shared
59~40306+18~07249_20260926_050631.wav,DEV_001_20260926_050631.wav,0,59.40306,18.07249,Phogri,Pholidoptera griseoaptera,Dark Bush-cricket,bush-cricket,0.95,,,26/09/2026,25/09/2026,05:06:31,ClassifEspSWE-0002026-05-29_1,JOHANKARLSSON,202609261754ILYQJGW1,2026_26_sep_05,Citizen Science (ultrasonic) - shared
59~40306+18~07249_20260926_050637.wav,DEV_001_20260926_050637.wav,0,59.40306,18.07249,Phogri,Pholidoptera griseoaptera,Dark Bush-cricket,bush-cricket,0.99,,,26/09/2026,25/09/2026,05:06:37,ClassifEspSWE-0002026-05-29_1,JOHANKARLSSON,202609261754ILYQJGW1,2026_26_sep_05,Citizen Science (ultrasonic) - shared
59~40306+18~07249_20260926_050644.wav,DEV_001_20260926_050644.wav,0,59.40306,18.07249,Phogri,Pholidoptera griseoaptera,Dark Bush-cricket,bush-cricket,0.94,,,26/09/2026,25/09/2026,05:06:44,ClassifEspSWE-0002026-05-29_1,JOHANKARLSSON,202609261754ILYQJGW1,2026_26_sep_05,Citizen Science (ultrasonic) - shared
59~40306+18~07249_20260926_050650.wav,DEV_001_20260926_050650.wav,0,59.40306,18.07249,Phogri,Pholidoptera griseoaptera,Dark Bush-cricket,bush-cricket,0.99,,,26/09/2026,25/09/2026,05:06:50,ClassifEspSWE-0002026-05-29_1,JOHANKARLSSON,202609261754ILYQJGW1,2026_26_sep_05,Citizen Science (ultrasonic) - shared
59~40306+18~07249_20260926_050656.wav,DEV_001_20260926_050656.wav,0,59.40306,18.07249,Phogri,Pholidoptera griseoaptera,Dark Bush-cricket,bush-cricket,0.74,,,26/09/2026,25/09/2026,05:06:56,ClassifEspSWE-0002026-05-29_1,JOHANKARLSSON,202609261754ILYQJGW1,2026_26_sep_05,Citizen Science (ultrasonic) - shared
59~40306+18~07249_20260926_050702.wav,DEV_001_20260926_050702.wav,0,59.40306,18.07249,Phogri,Pholidoptera griseoaptera,Dark Bush-cricket,bush-cricket,0.99,,,26/09/2026,25/09/2026,05:07:02,ClassifEspSWE-0002026-05-29_1,JOHANKARLSSON,202609261754ILYQJGW1,2026_26_sep_05,Citizen Science (ultrasonic) - shared
59~40306+18~07249_20260926_050709.wav,DEV_001_20260926_050709.wav,0,59.40306,18.07249,Phogri,Pholidoptera griseoaptera,Dark Bush-cricket,bush-cricket,0.76,,,26/09/2026,25/09/2026,05:07:09,ClassifEspSWE-0002026-05-29_1,JOHANKARLSSON,202609261754ILYQJGW1,2026_26_sep_05,Citizen Science (ultrasonic) - shared
59~40306+18~07249_20260926_050715.wav,DEV_001_20260926_050715.wav,0,59.40306,18.07249,Phogri,Pholidoptera griseoaptera,Dark Bush-cricket,bush-cricket,0.95,,,26/09/2026,25/09/2026,05:07:15,ClassifEspSWE-0002026-05-29_1,JOHANKARLSSON,202609261754ILYQJGW1,2026_26_sep_05,Citizen Science (ultrasonic) - shared
59~40306+18~07249_20260926_050721.wav,DEV_001_20260926_050721.wav,0,59.40306,18.07249,Phogri,Pholidoptera griseoaptera,Dark Bush-cricket,bush-cricket,0.96,,,26/09/2026,25/09/2026,05:07:21,ClassifEspSWE-0002026-05-29_1,JOHANKARLSSON,202609261754ILYQJGW1,2026_26_sep_05,Citizen Science (ultrasonic) - shared
59~40306+18~07249_20260926_050728.wav,DEV_001_20260926_050728.wav,0,59.40306,18.07249,Phogri,Pholidoptera griseoaptera,Dark Bush-cricket,bush-cricket,0.77,,,26/09/2026,25/09/2026,05:07:28,ClassifEspSWE-0002026-05-29_1,JOHANKARLSSON,202609261754ILYQJGW1,2026_26_sep_05,Citizen Science (ultrasonic) - shared
59~40306+18~07249_20260926_050734.wav,DEV_001_20260926_050734.wav,0,59.40306,18.07249,Phogri,Pholidoptera griseoaptera,Dark Bush-cricket,bush-cricket,0.99,,,26/09/2026,25/09/2026,05:07:34,ClassifEspSWE-0002026-05-29_1,JOHANKARLSSON,202609261754ILYQJGW1,2026_26_sep_05,Citizen Science (ultrasonic) - shared
59~40306+18~07249_20260926_050740.wav,DEV_001_20260926_050740.wav,0,59.40306,18.07249,Phogri,Pholidoptera griseoaptera,Dark Bush-cricket,bush-cricket,0.98,,,26/09/2026,25/09/2026,05:07:40,ClassifEspSWE-0002026-05-29_1,JOHANKARLSSON,202609261754ILYQJGW1,2026_26_sep_05,Citizen Science (ultrasonic) - shared
59~40306+18~07249_20260926_050746.wav,DEV_001_20260926_050746.wav,0,59.40306,18.07249,Phogri,Pholidoptera griseoaptera,Dark Bush-cricket,bush-cricket,0.98,,,26/09/2026,25/09/2026,05:07:46,ClassifEspSWE-0002026-05-29_1,JOHANKARLSSON,202609261754ILYQJGW1,2026_26_sep_05,Citizen Science (ultrasonic) - shared
59~40306+18~07249_20260926_050752.wav,DEV_001_20260926_050752.wav,0,59.40306,18.07249,Phogri,Pholidoptera griseoaptera,Dark Bush-cricket,bush-cricket,0.99,,,26/09/2026,25/09/2026,05:07:52,ClassifEspSWE-0002026-05-29_1,JOHANKARLSSON,202609261754ILYQJGW1,2026_26_sep_05,Citizen Science (ultrasonic) - shared
59~40306+18~07249_20260926_050758.wav,DEV_001_20260926_050758.wav,0,59.40306,18.07249,Phogri,Pholidoptera griseoaptera,Dark Bush-cricket,bush-cricket,0.99,,,26/09/2026,25/09/2026,05:07:58,ClassifEspSWE-0002026-05-29_1,JOHANKARLSSON,202609261754ILYQJGW1,2026_26_sep_05,Citizen Science (ultrasonic) - shared
59~40306+18~07249_20260926_050803.wav,DEV_001_20260926_050803.wav,0,59.40306,18.07249,Phogri,Pholidoptera griseoaptera,Dark Bush-cricket,bush-cricket,0.98,,,26/09/2026,25/09/2026,05:08:03,ClassifEspSWE-0002026-05-29_1,JOHANKARLSSON,202609261754ILYQJGW1,2026_26_sep_05,Citizen Science (ultrasonic) - shared
59~40306+18~07249_20260926_050810.wav,DEV_001_20260926_050810.wav,0,59.40306,18.07249,Phogri,Pholidoptera griseoaptera,Dark Bush-cricket,bush-cricket,0.99,,,26/09/2026,25/09/2026,05:08:10,ClassifEspSWE-0002026-05-29_1,JOHANKARLSSON,202609261754ILYQJGW1,2026_26_sep_05,Citizen Science (ultrasonic) - shared
59~40306+18~07249_20260926_050817.wav,DEV_001_20260926_050817.wav,0,59.40306,18.07249,Phogri,Pholidoptera griseoaptera,Dark Bush-cricket,bush-cricket,0.99,,,26/09/2026,25/09/2026,05:08:17,ClassifEspSWE-0002026-05-29_1,JOHANKARLSSON,202609261754ILYQJGW1,2026_26_sep_05,Citizen Science (ultrasonic) - shared
59~40306+18~07249_20260926_050825.wav,DEV_001_20260926_050825.wav,0,59.40306,18.07249,Phogri,Pholidoptera griseoaptera,Dark Bush-cricket,bush-cricket,0.99,,,26/09/2026,25/09/2026,05:08:25,ClassifEspSWE-0002026-05-29_1,JOHANKARLSSON,202609261754ILYQJGW1,2026_26_sep_05,Citizen Science (ultrasonic) - shared
59~40306+18~07249_20260926_050830.wav,DEV_001_20260926_050830.wav,0,59.40306,18.07249,Phogri,Pholidoptera griseoaptera,Dark Bush-cricket,bush-cricket,0.99,,,26/09/2026,25/09/2026,05:08:30,ClassifEspSWE-0002026-05-29_1,JOHANKARLSSON,202609261754ILYQJGW1,2026_26_sep_05,Citizen Science (ultrasonic) - shared
59~40306+18~07249_20260926_050838.wav,DEV_001_20260926_050838.wav,0,59.40306,18.07249,Phogri,Pholidoptera griseoaptera,Dark Bush-cricket,bush-cricket,0.96,,,26/09/2026,25/09/2026,05:08:38,ClassifEspSWE-0002026-05-29_1,JOHANKARLSSON,202609261754ILYQJGW1,2026_26_sep_05,Citizen Science (ultrasonic) - shared
59~40306+18~07249_20260926_050844.wav,DEV_001_20260926_050844.wav,0,59.40306,18.07249,Phogri,Pholidoptera griseoaptera,Dark Bush-cricket,bush-cricket,0.99,,,26/09/2026,25/09/2026,05:08:44,ClassifEspSWE-0002026-05-29_1,JOHANKARLSSON,202609261754ILYQJGW1,2026_26_sep_05,Citizen Science (ultrasonic) - shared
59~40306+18~07249_20260926_050851.wav,DEV_001_20260926_050851.wav,0,59.40306,18.07249,Phogri,Pholidoptera griseoaptera,Dark Bush-cricket,bush-cricket,0.99,,,26/09/2026,25/09/2026,05:08:51,ClassifEspSWE-0002026-05-29_1,JOHANKARLSSON,202609261754ILYQJGW1,2026_26_sep_05,Citizen Science (ultrasonic) - shared
59~40306+18~07249_20260926_050858.wav,DEV_001_20260926_050858.wav,0,59.40306,18.07249,Phogri,Pholidoptera griseoaptera,Dark Bush-cricket,bush-cricket,0.99,,,26/09/2026,25/09/2026,05:08:58,ClassifEspSWE-0002026-05-29_1,JOHANKARLSSON,202609261754ILYQJGW1,2026_26_sep_05,Citizen Science (ultrasonic) - shared
59~40306+18~07249_20260926_050903.wav,DEV_001_20260926_050903.wav,0,59.40306,18.07249,Phogri,Pholidoptera griseoaptera,Dark Bush-cricket,bush-cricket,0.97,,,26/09/2026,25/09/2026,05:09:03,ClassifEspSWE-0002026-05-29_1,JOHANKARLSSON,202609261754ILYQJGW1,2026_26_sep_05,Citizen Science (ultrasonic) - shared
59~40306+18~07249_20260926_050910.wav,DEV_001_20260926_050910.wav,0,59.40306,18.07249,Phogri,Pholidoptera griseoaptera,Dark Bush-cricket,bush-cricket,0.79,,,26/09/2026,25/09/2026,05:09:10,ClassifEspSWE-0002026-05-29_1,JOHANKARLSSON,202609261754ILYQJGW1,2026_26_sep_05,Citizen Science (ultrasonic) - shared
59~40306+18~07249_20260926_050916.wav,DEV_001_20260926_050916.wav,0,59.40306,18.07249,Phogri,Pholidoptera griseoaptera,Dark Bush-cricket,bush-cricket,0.99,,,26/09/2026,25/09/2026,05:09:16,ClassifEspSWE-0002026-05-29_1,JOHANKARLSSON,202609261754ILYQJGW1,2026_26_sep_05,Citizen Science (ultrasonic) - shared
59~40306+18~07249_20260926_050924.wav,DEV_001_20260926_050924.wav,0,59.40306,18.07249,Phogri,Pholidoptera griseoaptera,Dark Bush-cricket,bush-cricket,0.82,,,26/09/2026,25/09/2026,05:09:24,ClassifEspSWE-0002026-05-29_1,JOHANKARLSSON,202609261754ILYQJGW1,2026_26_sep_05,Citizen Science (ultrasonic) - shared
59~40306+18~07249_20260926_050930.wav,DEV_001_20260926_050930.wav,0,59.40306,18.07249,Phogri,Pholidoptera griseoaptera,Dark Bush-cricket,bush-cricket,0.97,,,26/09/2026,25/09/2026,05:09:30,ClassifEspSWE-0002026-05-29_1,JOHANKARLSSON,202609261754ILYQJGW1,2026_26_sep_05,Citizen Science (ultrasonic) - shared
59~40306+18~07249_20260926_050936.wav,DEV_001_20260926_050936.wav,0,59.40306,18.07249,Phogri,Pholidoptera griseoaptera,Dark Bush-cricket,bush-cricket,0.98,,,26/09/2026,25/09/2026,05:09:36,ClassifEspSWE-0002026-05-29_1,JOHANKARLSSON,202609261754ILYQJGW1,2026_26_sep_05,Citizen Science (ultrasonic) - shared
59~40306+18~07249_20260926_050942.wav,DEV_001_20260926_050942.wav,0,59.40306,18.07249,Phogri,Pholidoptera griseoaptera,Dark Bush-cricket,bush-cricket,0.98,,,26/09/2026,25/09/2026,05:09:42,ClassifEspSWE-0002026-05-29_1,JOHANKARLSSON,202609261754ILYQJGW1,2026_26_sep_05,Citizen Science (ultrasonic) - shared
59~40306+18~07249_20260926_050949.wav,DEV_001_20260926_050949.wav,0,59.40306,18.07249,Phogri,Pholidoptera griseoaptera,Dark Bush-cricket,bush-cricket,0.81,,,26/09/2026,25/09/2026,05:09:49,ClassifEspSWE-0002026-05-29_1,JOHANKARLSSON,202609261754ILYQJGW1,2026_26_sep_05,Citizen Science (ultrasonic) - shared
59~40306+18~07249_20260926_050955.wav,DEV_001_20260926_050955.wav,0,59.40306,18.07249,Phogri,Pholidoptera griseoaptera,Dark Bush-cricket,bush-cricket,0.99,,,26/09/2026,25/09/2026,05:09:55,ClassifEspSWE-0002026-05-29_1,JOHANKARLSSON,202609261754ILYQJGW1,2026_26_sep_05,Citizen Science (ultrasonic) - shared
59~40306+18~07249_20260926_051001.wav,DEV_001_20260926_051001.wav,0,59.40306,18.07249,Phogri,Pholidoptera griseoaptera,Dark Bush-cricket,bush-cricket,0.98,,,26/09/2026,25/09/2026,05:10:01,ClassifEspSWE-0002026-05-29_1,JOHANKARLSSON,202609261754ILYQJGW1,2026_26_sep_05,Citizen Science (ultrasonic) - shared
59~40306+18~07249_20260926_051006.wav,DEV_001_20260926_051006.wav,0,59.40306,18.07249,Phogri,Pholidoptera griseoaptera,Dark Bush-cricket,bush-cricket,0.99,,,26/09/2026,25/09/2026,05:10:06,ClassifEspSWE-0002026-05-29_1,JOHANKARLSSON,202609261754ILYQJGW1,2026_26_sep_05,Citizen Science (ultrasonic) - shared
59~40306+18~07249_20260926_051012.wav,DEV_001_20260926_051012.wav,0,59.40306,18.07249,Phogri,Pholidoptera griseoaptera,Dark Bush-cricket,bush-cricket,0.99,,,26/09/2026,25/09/2026,05:10:12,ClassifEspSWE-0002026-05-29_1,JOHANKARLSSON,202609261754ILYQJGW1,2026_26_sep_05,Citizen Science (ultrasonic) - shared
59~40306+18~07249_20260926_051018.wav,DEV_001_20260926_051018.wav,0,59.40306,18.07249,Phogri,Pholidoptera griseoaptera,Dark Bush-cricket,bush-cricket,0.98,,,26/09/2026,25/09/2026,05:10:18,ClassifEspSWE-0002026-05-29_1,JOHANKARLSSON,202609261754ILYQJGW1,2026_26_sep_05,Citizen Science (ultrasonic) - shared
59~40306+18~07249_20260926_051023.wav,DEV_001_20260926_051023.wav,0,59.40306,18.07249,Phogri,Pholidoptera griseoaptera,Dark Bush-cricket,bush-cricket,0.99,,,26/09/2026,25/09/2026,05:10:23,ClassifEspSWE-0002026-05-29_1,JOHANKARLSSON,202609261754ILYQJGW1,2026_26_sep_05,Citizen Science (ultrasonic) - shared
59~40306+18~07249_20260926_051029.wav,DEV_001_20260926_051029.wav,0,59.40306,18.07249,Phogri,Pholidoptera griseoaptera,Dark Bush-cricket,bush-cricket,0.99,,,26/09/2026,25/09/2026,05:10:29,ClassifEspSWE-0002026-05-29_1,JOHANKARLSSON,202609261754ILYQJGW1,2026_26_sep_05,Citizen Science (ultrasonic) - shared
59~40306+18~07249_20260926_051035.wav,DEV_001_20260926_051035.wav,0,59.40306,18.07249,Phogri,Pholidoptera griseoaptera,Dark Bush-cricket,bush-cricket,0.99,,,26/09/2026,25/09/2026,05:10:35,ClassifEspSWE-0002026-05-29_1,JOHANKARLSSON,202609261754ILYQJGW1,2026_26_sep_05,Citizen Science (ultrasonic) - shared
59~40306+18~07249_20260926_051042.wav,DEV_001_20260926_051042.wav,0,59.40306,18.07249,Phogri,Pholidoptera griseoaptera,Dark Bush-cricket,bush-cricket,0.75,,,26/09/2026,25/09/2026,05:10:42,ClassifEspSWE-0002026-05-29_1,JOHANKARLSSON,202609261754ILYQJGW1,2026_26_sep_05,Citizen Science (ultrasonic) - shared
59~40306+18~07249_20260926_051047.wav,DEV_001_20260926_051047.wav,0,59.40306,18.07249,Phogri,Pholidoptera griseoaptera,Dark Bush-cricket,bush-cricket,0.99,,,26/09/2026,25/09/2026,05:10:47,ClassifEspSWE-0002026-05-29_1,JOHANKARLSSON,202609261754ILYQJGW1,2026_26_sep_05,Citizen Science (ultrasonic) - shared
59~40306+18~07249_20260926_051053.wav,DEV_001_20260926_051053.wav,0,59.40306,18.07249,Phogri,Pholidoptera griseoaptera,Dark Bush-cricket,bush-cricket,0.99,,,26/09/2026,25/09/2026,05:10:53,ClassifEspSWE-0002026-05-29_1,JOHANKARLSSON,202609261754ILYQJGW1,2026_26_sep_05,Citizen Science (ultrasonic) - shared
59~40306+18~07249_20260926_051059.wav,DEV_001_20260926_051059.wav,0,59.40306,18.07249,Phogri,Pholidoptera griseoaptera,Dark Bush-cricket,bush-cricket,0.99,,,26/09/2026,25/09/2026,05:10:59,ClassifEspSWE-0002026-05-29_1,JOHANKARLSSON,202609261754ILYQJGW1,2026_26_sep_05,Citizen Science (ultrasonic) - shared
59~40306+18~07249_20260926_051106.wav,DEV_001_20260926_051106.wav,0,59.40306,18.07249,Phogri,Pholidoptera griseoaptera,Dark Bush-cricket,bush-cricket,0.97,,,26/09/2026,25/09/2026,05:11:06,ClassifEspSWE-0002026-05-29_1,JOHANKARLSSON,202609261754ILYQJGW1,2026_26_sep_05,Citizen Science (ultrasonic) - shared
59~40306+18~07249_20260926_051112.wav,DEV_001_20260926_051112.wav,0,59.40306,18.07249,Phogri,Pholidoptera griseoaptera,Dark Bush-cricket,bush-cricket,0.99,,,26/09/2026,25/09/2026,05:11:12,ClassifEspSWE-0002026-05-29_1,JOHANKARLSSON,202609261754ILYQJGW1,2026_26_sep_05,Citizen Science (ultrasonic) - shared
59~40306+18~07249_20260926_051118.wav,DEV_001_20260926_051118.wav,0,59.40306,18.07249,Phogri,Pholidoptera griseoaptera,Dark Bush-cricket,bush-cricket,0.99,,,26/09/2026,25/09/2026,05:11:18,ClassifEspSWE-0002026-05-29_1,JOHANKARLSSON,202609261754ILYQJGW1,2026_26_sep_05,Citizen Science (ultrasonic) - shared
59~40306+18~07249_20260926_051124.wav,DEV_001_20260926_051124.wav,0,59.40306,18.07249,Phogri,Pholidoptera griseoaptera,Dark Bush-cricket,bush-cricket,0.99,,,26/09/2026,25/09/2026,05:11:24,ClassifEspSWE-0002026-05-29_1,JOHANKARLSSON,202609261754ILYQJGW1,2026_26_sep_05,Citizen Science (ultrasonic) - shared
59~40306+18~07249_20260926_051131.wav,DEV_001_20260926_051131.wav,0,59.40306,18.07249,Phogri,Pholidoptera griseoaptera,Dark Bush-cricket,bush-cricket,0.96,,,26/09/2026,25/09/2026,05:11:31,ClassifEspSWE-0002026-05-29_1,JOHANKARLSSON,202609261754ILYQJGW1,2026_26_sep_05,Citizen Science (ultrasonic) - shared
59~40306+18~07249_20260926_051138.wav,DEV_001_20260926_051138.wav,0,59.40306,18.07249,Phogri,Pholidoptera griseoaptera,Dark Bush-cricket,bush-cricket,0.99,,,26/09/2026,25/09/2026,05:11:38,ClassifEspSWE-0002026-05-29_1,JOHANKARLSSON,202609261754ILYQJGW1,2026_26_sep_05,Citizen Science (ultrasonic) - shared
59~40306+18~07249_20260926_051144.wav,DEV_001_20260926_051144.wav,0,59.40306,18.07249,Phogri,Pholidoptera griseoaptera,Dark Bush-cricket,bush-cricket,0.99,,,26/09/2026,25/09/2026,05:11:44,ClassifEspSWE-0002026-05-29_1,JOHANKARLSSON,202609261754ILYQJGW1,2026_26_sep_05,Citizen Science (ultrasonic) - shared
59~40306+18~07249_20260926_051150.wav,DEV_001_20260926_051150.wav,0,59.40306,18.07249,Phogri,Pholidoptera griseoaptera,Dark Bush-cricket,bush-cricket,0.98,,,26/09/2026,25/09/2026,05:11:50,ClassifEspSWE-0002026-05-29_1,JOHANKARLSSON,202609261754ILYQJGW1,2026_26_sep_05,Citizen Science (ultrasonic) - shared
59~40306+18~07249_20260926_051155.wav,DEV_001_20260926_051155.wav,0,59.40306,18.07249,Phogri,Pholidoptera griseoaptera,Dark Bush-cricket,bush-cricket,0.99,,,26/09/2026,25/09/2026,05:11:55,ClassifEspSWE-0002026-05-29_1,JOHANKARLSSON,202609261754ILYQJGW1,2026_26_sep_05,Citizen Science (ultrasonic) - shared
59~40306+18~07249_20260926_051202.wav,DEV_001_20260926_051202.wav,0,59.40306,18.07249,Phogri,Pholidoptera griseoaptera,Dark Bush-cricket,bush-cricket,0.99,,,26/09/2026,25/09/2026,05:12:02,ClassifEspSWE-0002026-05-29_1,JOHANKARLSSON,202609261754ILYQJGW1,2026_26_sep_05,Citizen Science (ultrasonic) - shared
59~40306+18~07249_20260926_051209.wav,DEV_001_20260926_051209.wav,0,59.40306,18.07249,Phogri,Pholidoptera griseoaptera,Dark Bush-cricket,bush-cricket,0.99,,,26/09/2026,25/09/2026,05:12:09,ClassifEspSWE-0002026-05-29_1,JOHANKARLSSON,202609261754ILYQJGW1,2026_26_sep_05,Citizen Science (ultrasonic) - shared
59~40306+18~07249_20260926_051214.wav,DEV_001_20260926_051214.wav,0,59.40306,18.07249,Phogri,Pholidoptera griseoaptera,Dark Bush-cricket,bush-cricket,0.99,,,26/09/2026,25/09/2026,05:12:14,ClassifEspSWE-0002026-05-29_1,JOHANKARLSSON,202609261754ILYQJGW1,2026_26_sep_05,Citizen Science (ultrasonic) - shared
59~40306+18~07249_20260926_051219.wav,DEV_001_20260926_051219.wav,0,59.40306,18.07249,Phogri,Pholidoptera griseoaptera,Dark Bush-cricket,bush-cricket,0.98,,,26/09/2026,25/09/2026,05:12:19,ClassifEspSWE-0002026-05-29_1,JOHANKARLSSON,202609261754ILYQJGW1,2026_26_sep_05,Citizen Science (ultrasonic) - shared
59~40306+18~07249_20260926_051226.wav,DEV_001_20260926_051226.wav,0,59.40306,18.07249,Phogri,Pholidoptera griseoaptera,Dark Bush-cricket,bush-cricket,0.99,,,26/09/2026,25/09/2026,05:12:26,ClassifEspSWE-0002026-05-29_1,JOHANKARLSSON,202609261754ILYQJGW1,2026_26_sep_05,Citizen Science (ultrasonic) - shared
59~40306+18~07249_20260926_051231.wav,DEV_001_20260926_051231.wav,0,59.40306,18.07249,Phogri,Pholidoptera griseoaptera,Dark Bush-cricket,bush-cricket,0.99,,,26/09/2026,25/09/2026,05:12:31,ClassifEspSWE-0002026-05-29_1,JOHANKARLSSON,202609261754ILYQJGW1,2026_26_sep_05,Citizen Science (ultrasonic) - shared
59~40306+18~07249_20260926_051237.wav,DEV_001_20260926_051237.wav,0,59.40306,18.07249,Phogri,Pholidoptera griseoaptera,Dark Bush-cricket,bush-cricket,0.79,,,26/09/2026,25/09/2026,05:12:37,ClassifEspSWE-0002026-05-29_1,JOHANKARLSSON,202609261754ILYQJGW1,2026_26_sep_05,Citizen Science (ultrasonic) - shared
59~40306+18~07249_20260926_051242.wav,DEV_001_20260926_051242.wav,0,59.40306,18.07249,Phogri,Pholidoptera griseoaptera,Dark Bush-cricket,bush-cricket,0.99,,,26/09/2026,25/09/2026,05:12:42,ClassifEspSWE-0002026-05-29_1,JOHANKARLSSON,202609261754ILYQJGW1,2026_26_sep_05,Citizen Science (ultrasonic) - shared
59~40306+18~07249_20260926_051248.wav,DEV_001_20260926_051248.wav,0,59.40306,18.07249,Phogri,Pholidoptera griseoaptera,Dark Bush-cricket,bush-cricket,0.99,,,26/09/2026,25/09/2026,05:12:48,ClassifEspSWE-0002026-05-29_1,JOHANKARLSSON,202609261754ILYQJGW1,2026_26_sep_05,Citizen Science (ultrasonic) - shared
59~40306+18~07249_20260926_051253.wav,DEV_001_20260926_051253.wav,0,59.40306,18.07249,Phogri,Pholidoptera griseoaptera,Dark Bush-cricket,bush-cricket,0.92,,,26/09/2026,25/09/2026,05:12:53,ClassifEspSWE-0002026-05-29_1,JOHANKARLSSON,202609261754ILYQJGW1,2026_26_sep_05,Citizen Science (ultrasonic) - shared
59~40306+18~07249_20260926_051300.wav,DEV_001_20260926_051300.wav,0,59.40306,18.07249,Phogri,Pholidoptera griseoaptera,Dark Bush-cricket,bush-cricket,0.99,,,26/09/2026,25/09/2026,05:13:00,ClassifEspSWE-0002026-05-29_1,JOHANKARLSSON,202609261754ILYQJGW1,2026_26_sep_05,Citizen Science (ultrasonic) - shared
59~40306+18~07249_20260926_051305.wav,DEV_001_20260926_051305.wav,0,59.40306,18.07249,Phogri,Pholidoptera griseoaptera,Dark Bush-cricket,bush-cricket,0.95,,,26/09/2026,25/09/2026,05:13:05,ClassifEspSWE-0002026-05-29_1,JOHANKARLSSON,202609261754ILYQJGW1,2026_26_sep_05,Citizen Science (ultrasonic) - shared
59~40306+18~07249_20260926_051312.wav,DEV_001_20260926_051312.wav,0,59.40306,18.07249,Phogri,Pholidoptera griseoaptera,Dark Bush-cricket,bush-cricket,0.99,,,26/09/2026,25/09/2026,05:13:12,ClassifEspSWE-0002026-05-29_1,JOHANKARLSSON,202609261754ILYQJGW1,2026_26_sep_05,Citizen Science (ultrasonic) - shared
59~40306+18~07249_20260926_051319.wav,DEV_001_20260926_051319.wav,0,59.40306,18.07249,Phogri,Pholidoptera griseoaptera,Dark Bush-cricket,bush-cricket,0.94,,,26/09/2026,25/09/2026,05:13:19,ClassifEspSWE-0002026-05-29_1,JOHANKARLSSON,202609261754ILYQJGW1,2026_26_sep_05,Citizen Science (ultrasonic) - shared
59~40306+18~07249_20260926_051325.wav,DEV_001_20260926_051325.wav,0,59.40306,18.07249,Phogri,Pholidoptera griseoaptera,Dark Bush-cricket,bush-cricket,0.95,,,26/09/2026,25/09/2026,05:13:25,ClassifEspSWE-0002026-05-29_1,JOHANKARLSSON,202609261754ILYQJGW1,2026_26_sep_05,Citizen Science (ultrasonic) - shared
59~40306+18~07249_20260926_051331.wav,DEV_001_20260926_051331.wav,0,59.40306,18.07249,Phogri,Pholidoptera griseoaptera,Dark Bush-cricket,bush-cricket,0.99,,,26/09/2026,25/09/2026,05:13:31,ClassifEspSWE-0002026-05-29_1,JOHANKARLSSON,202609261754ILYQJGW1,2026_26_sep_05,Citizen Science (ultrasonic) - shared
59~40306+18~07249_20260926_051337.wav,DEV_001_20260926_051337.wav,0,59.40306,18.07249,Phogri,Pholidoptera griseoaptera,Dark Bush-cricket,bush-cricket,0.94,,,26/09/2026,25/09/2026,05:13:37,ClassifEspSWE-0002026-05-29_1,JOHANKARLSSON,202609261754ILYQJGW1,2026_26_sep_05,Citizen Science (ultrasonic) - shared
59~40306+18~07249_20260926_051343.wav,DEV_001_20260926_051343.wav,0,59.40306,18.07249,Phogri,Pholidoptera griseoaptera,Dark Bush-cricket,bush-cricket,0.92,,,26/09/2026,25/09/2026,05:13:43,ClassifEspSWE-0002026-05-29_1,JOHANKARLSSON,202609261754ILYQJGW1,2026_26_sep_05,Citizen Science (ultrasonic) - shared
59~40306+18~07249_20260926_051349.wav,DEV_001_20260926_051349.wav,0,59.40306,18.07249,Phogri,Pholidoptera griseoaptera,Dark Bush-cricket,bush-cricket,0.99,,,26/09/2026,25/09/2026,05:13:49,ClassifEspSWE-0002026-05-29_1,JOHANKARLSSON,202609261754ILYQJGW1,2026_26_sep_05,Citizen Science (ultrasonic) - shared
59~40306+18~07249_20260926_051355.wav,DEV_001_20260926_051355.wav,0,59.40306,18.07249,Phogri,Pholidoptera griseoaptera,Dark Bush-cricket,bush-cricket,0.62,,,26/09/2026,25/09/2026,05:13:55,ClassifEspSWE-0002026-05-29_1,JOHANKARLSSON,202609261754ILYQJGW1,2026_26_sep_05,Citizen Science (ultrasonic) - shared
59~40306+18~07249_20260926_051402.wav,DEV_001_20260926_051402.wav,0,59.40306,18.07249,Phogri,Pholidoptera griseoaptera,Dark Bush-cricket,bush-cricket,0.96,,,26/09/2026,25/09/2026,05:14:02,ClassifEspSWE-0002026-05-29_1,JOHANKARLSSON,202609261754ILYQJGW1,2026_26_sep_05,Citizen Science (ultrasonic) - shared
59~40306+18~07249_20260926_051407.wav,DEV_001_20260926_051407.wav,0,59.40306,18.07249,Phogri,Pholidoptera griseoaptera,Dark Bush-cricket,bush-cricket,0.99,,,26/09/2026,25/09/2026,05:14:07,ClassifEspSWE-0002026-05-29_1,JOHANKARLSSON,202609261754ILYQJGW1,2026_26_sep_05,Citizen Science (ultrasonic) - shared
59~40306+18~07249_20260926_051414.wav,DEV_001_20260926_051414.wav,0,59.40306,18.07249,Phogri,Pholidoptera griseoaptera,Dark Bush-cricket,bush-cricket,0.98,,,26/09/2026,25/09/2026,05:14:14,ClassifEspSWE-0002026-05-29_1,JOHANKARLSSON,202609261754ILYQJGW1,2026_26_sep_05,Citizen Science (ultrasonic) - shared
59~40306+18~07249_20260926_051421.wav,DEV_001_20260926_051421.wav,0,59.40306,18.07249,Phogri,Pholidoptera griseoaptera,Dark Bush-cricket,bush-cricket,0.74,,,26/09/2026,25/09/2026,05:14:21,ClassifEspSWE-0002026-05-29_1,JOHANKARLSSON,202609261754ILYQJGW1,2026_26_sep_05,Citizen Science (ultrasonic) - shared
59~40306+18~07249_20260926_051427.wav,DEV_001_20260926_051427.wav,0,59.40306,18.07249,Phogri,Pholidoptera griseoaptera,Dark Bush-cricket,bush-cricket,0.99,,,26/09/2026,25/09/2026,05:14:27,ClassifEspSWE-0002026-05-29_1,JOHANKARLSSON,202609261754ILYQJGW1,2026_26_sep_05,Citizen Science (ultrasonic) - shared
59~40306+18~07249_20260926_051433.wav,DEV_001_20260926_051433.wav,0,59.40306,18.07249,Phogri,Pholidoptera griseoaptera,Dark Bush-cricket,bush-cricket,0.98,,,26/09/2026,25/09/2026,05:14:33,ClassifEspSWE-0002026-05-29_1,JOHANKARLSSON,202609261754ILYQJGW1,2026_26_sep_05,Citizen Science (ultrasonic) - shared
59~40306+18~07249_20260926_051438.wav,DEV_001_20260926_051438.wav,0,59.40306,18.07249,Phogri,Pholidoptera griseoaptera,Dark Bush-cricket,bush-cricket,0.8,,,26/09/2026,25/09/2026,05:14:38,ClassifEspSWE-0002026-05-29_1,JOHANKARLSSON,202609261754ILYQJGW1,2026_26_sep_05,Citizen Science (ultrasonic) - shared
59~40306+18~07249_20260926_051445.wav,DEV_001_20260926_051445.wav,0,59.40306,18.07249,Phogri,Pholidoptera griseoaptera,Dark Bush-cricket,bush-cricket,0.91,,,26/09/2026,25/09/2026,05:14:45,ClassifEspSWE-0002026-05-29_1,JOHANKARLSSON,202609261754ILYQJGW1,2026_26_sep_05,Citizen Science (ultrasonic) - shared
59~40306+18~07249_20260926_051451.wav,DEV_001_20260926_051451.wav,0,59.40306,18.07249,Phogri,Pholidoptera griseoaptera,Dark Bush-cricket,bush-cricket,0.99,,,26/09/2026,25/09/2026,05:14:51,ClassifEspSWE-0002026-05-29_1,JOHANKARLSSON,202609261754ILYQJGW1,2026_26_sep_05,Citizen Science (ultrasonic) - shared
59~40306+18~07249_20260926_051458.wav,DEV_001_20260926_051458.wav,0,59.40306,18.07249,Phogri,Pholidoptera griseoaptera,Dark Bush-cricket,bush-cricket,0.92,,,26/09/2026,25/09/2026,05:14:58,ClassifEspSWE-0002026-05-29_1,JOHANKARLSSON,202609261754ILYQJGW1,2026_26_sep_05,Citizen Science (ultrasonic) - shared
59~40306+18~07249_20260926_051504.wav,DEV_001_20260926_051504.wav,0,59.40306,18.07249,Phogri,Pholidoptera griseoaptera,Dark Bush-cricket,bush-cricket,0.73,,,26/09/2026,25/09/2026,05:15:04,ClassifEspSWE-0002026-05-29_1,JOHANKARLSSON,202609261754ILYQJGW1,2026_26_sep_05,Citizen Science (ultrasonic) - shared
59~40306+18~07249_20260926_051511.wav,DEV_001_20260926_051511.wav,0,59.40306,18.07249,Phogri,Pholidoptera griseoaptera,Dark Bush-cricket,bush-cricket,0.99,,,26/09/2026,25/09/2026,05:15:11,ClassifEspSWE-0002026-05-29_1,JOHANKARLSSON,202609261754ILYQJGW1,2026_26_sep_05,Citizen Science (ultrasonic) - shared
59~40306+18~07249_20260926_051517.wav,DEV_001_20260926_051517.wav,0,59.40306,18.07249,Phogri,Pholidoptera griseoaptera,Dark Bush-cricket,bush-cricket,0.95,,,26/09/2026,25/09/2026,05:15:17,ClassifEspSWE-0002026-05-29_1,JOHANKARLSSON,202609261754ILYQJGW1,2026_26_sep_05,Citizen Science (ultrasonic) - shared
59~40306+18~07249_20260926_051523.wav,DEV_001_20260926_051523.wav,0,59.40306,18.07249,Phogri,Pholidoptera griseoaptera,Dark Bush-cricket,bush-cricket,0.99,,,26/09/2026,25/09/2026,05:15:23,ClassifEspSWE-0002026-05-29_1,JOHANKARLSSON,202609261754ILYQJGW1,2026_26_sep_05,Citizen Science (ultrasonic) - shared
59~40306+18~07249_20260926_051530.wav,DEV_001_20260926_051530.wav,0,59.40306,18.07249,Phogri,Pholidoptera griseoaptera,Dark Bush-cricket,bush-cricket,0.99,,,26/09/2026,25/09/2026,05:15:30,ClassifEspSWE-0002026-05-29_1,JOHANKARLSSON,202609261754ILYQJGW1,2026_26_sep_05,Citizen Science (ultrasonic) - shared
59~40306+18~07249_20260926_051536.wav,DEV_001_20260926_051536.wav,0,59.40306,18.07249,Phogri,Pholidoptera griseoaptera,Dark Bush-cricket,bush-cricket,0.96,,,26/09/2026,25/09/2026,05:15:36,ClassifEspSWE-0002026-05-29_1,JOHANKARLSSON,202609261754ILYQJGW1,2026_26_sep_05,Citizen Science (ultrasonic) - shared
59~40306+18~07249_20260926_051543.wav,DEV_001_20260926_051543.wav,0,59.40306,18.07249,Phogri,Pholidoptera griseoaptera,Dark Bush-cricket,bush-cricket,0.62,,,26/09/2026,25/09/2026,05:15:43,ClassifEspSWE-0002026-05-29_1,JOHANKARLSSON,202609261754ILYQJGW1,2026_26_sep_05,Citizen Science (ultrasonic) - shared
59~40306+18~07249_20260926_051548.wav,DEV_001_20260926_051548.wav,0,59.40306,18.07249,Phogri,Pholidoptera griseoaptera,Dark Bush-cricket,bush-cricket,0.96,,,26/09/2026,25/09/2026,05:15:48,ClassifEspSWE-0002026-05-29_1,JOHANKARLSSON,202609261754ILYQJGW1,2026_26_sep_05,Citizen Science (ultrasonic) - shared
59~40306+18~07249_20260926_051554.wav,DEV_001_20260926_051554.wav,0,59.40306,18.07249,Phogri,Pholidoptera griseoaptera,Dark Bush-cricket,bush-cricket,0.99,,,26/09/2026,25/09/2026,05:15:54,ClassifEspSWE-0002026-05-29_1,JOHANKARLSSON,202609261754ILYQJGW1,2026_26_sep_05,Citizen Science (ultrasonic) - shared
59~40306+18~07249_20260926_051601.wav,DEV_001_20260926_051601.wav,0,59.40306,18.07249,Phogri,Pholidoptera griseoaptera,Dark Bush-cricket,bush-cricket,0.99,,,26/09/2026,25/09/2026,05:16:01,ClassifEspSWE-0002026-05-29_1,JOHANKARLSSON,202609261754ILYQJGW1,2026_26_sep_05,Citizen Science (ultrasonic) - shared
59~40306+18~07249_20260926_051607.wav,DEV_001_20260926_051607.wav,0,59.40306,18.07249,Phogri,Pholidoptera griseoaptera,Dark Bush-cricket,bush-cricket,0.99,,,26/09/2026,25/09/2026,05:16:07,ClassifEspSWE-0002026-05-29_1,JOHANKARLSSON,202609261754ILYQJGW1,2026_26_sep_05,Citizen Science (ultrasonic) - shared
59~40306+18~07249_20260926_051613.wav,DEV_001_20260926_051613.wav,0,59.40306,18.07249,Phogri,Pholidoptera griseoaptera,Dark Bush-cricket,bush-cricket,0.97,,,26/09/2026,25/09/2026,05:16:13,ClassifEspSWE-0002026-05-29_1,JOHANKARLSSON,202609261754ILYQJGW1,2026_26_sep_05,Citizen Science (ultrasonic) - shared
59~40306+18~07249_20260926_051620.wav,DEV_001_20260926_051620.wav,0,59.40306,18.07249,Phogri,Pholidoptera griseoaptera,Dark Bush-cricket,bush-cricket,0.96,,,26/09/2026,25/09/2026,05:16:20,ClassifEspSWE-0002026-05-29_1,JOHANKARLSSON,202609261754ILYQJGW1,2026_26_sep_05,Citizen Science (ultrasonic) - shared
59~40306+18~07249_20260926_051626.wav,DEV_001_20260926_051626.wav,0,59.40306,18.07249,Phogri,Pholidoptera griseoaptera,Dark Bush-cricket,bush-cricket,0.99,,,26/09/2026,25/09/2026,05:16:26,ClassifEspSWE-0002026-05-29_1,JOHANKARLSSON,202609261754ILYQJGW1,2026_26_sep_05,Citizen Science (ultrasonic) - shared
59~40306+18~07249_20260926_051632.wav,DEV_001_20260926_051632.wav,0,59.40306,18.07249,Phogri,Pholidoptera griseoaptera,Dark Bush-cricket,bush-cricket,0.99,,,26/09/2026,25/09/2026,05:16:32,ClassifEspSWE-0002026-05-29_1,JOHANKARLSSON,202609261754ILYQJGW1,2026_26_sep_05,Citizen Science (ultrasonic) - shared
59~40306+18~07249_20260926_051638.wav,DEV_001_20260926_051638.wav,0,59.40306,18.07249,Phogri,Pholidoptera griseoaptera,Dark Bush-cricket,bush-cricket,0.95,,,26/09/2026,25/09/2026,05:16:38,ClassifEspSWE-0002026-05-29_1,JOHANKARLSSON,202609261754ILYQJGW1,2026_26_sep_05,Citizen Science (ultrasonic) - shared
59~40306+18~07249_20260926_051644.wav,DEV_001_20260926_051644.wav,0,59.40306,18.07249,Phogri,Pholidoptera griseoaptera,Dark Bush-cricket,bush-cricket,0.99,,,26/09/2026,25/09/2026,05:16:44,ClassifEspSWE-0002026-05-29_1,JOHANKARLSSON,202609261754ILYQJGW1,2026_26_sep_05,Citizen Science (ultrasonic) - shared
59~40306+18~07249_20260926_051650.wav,DEV_001_20260926_051650.wav,0,59.40306,18.07249,Phogri,Pholidoptera griseoaptera,Dark Bush-cricket,bush-cricket,0.98,,,26/09/2026,25/09/2026,05:16:50,ClassifEspSWE-0002026-05-29_1,JOHANKARLSSON,202609261754ILYQJGW1,2026_26_sep_05,Citizen Science (ultrasonic) - shared
59~40306+18~07249_20260926_051655.wav,DEV_001_20260926_051655.wav,0,59.40306,18.07249,Phogri,Pholidoptera griseoaptera,Dark Bush-cricket,bush-cricket,0.96,,,26/09/2026,25/09/2026,05:16:55,ClassifEspSWE-0002026-05-29_1,JOHANKARLSSON,202609261754ILYQJGW1,2026_26_sep_05,Citizen Science (ultrasonic) - shared
59~40306+18~07249_20260926_051702.wav,DEV_001_20260926_051702.wav,0,59.40306,18.07249,Phogri,Pholidoptera griseoaptera,Dark Bush-cricket,bush-cricket,0.59,,,26/09/2026,25/09/2026,05:17:02,ClassifEspSWE-0002026-05-29_1,JOHANKARLSSON,202609261754ILYQJGW1,2026_26_sep_05,Citizen Science (ultrasonic) - shared
59~40306+18~07249_20260926_051707.wav,DEV_001_20260926_051707.wav,0,59.40306,18.07249,Phogri,Pholidoptera griseoaptera,Dark Bush-cricket,bush-cricket,0.74,,,26/09/2026,25/09/2026,05:17:07,ClassifEspSWE-0002026-05-29_1,JOHANKARLSSON,202609261754ILYQJGW1,2026_26_sep_05,Citizen Science (ultrasonic) - shared
59~40306+18~07249_20260926_051714.wav,DEV_001_20260926_051714.wav,0,59.40306,18.07249,Phogri,Pholidoptera griseoaptera,Dark Bush-cricket,bush-cricket,0.99,,,26/09/2026,25/09/2026,05:17:14,ClassifEspSWE-0002026-05-29_1,JOHANKARLSSON,202609261754ILYQJGW1,2026_26_sep_05,Citizen Science (ultrasonic) - shared
59~40306+18~07249_20260926_051720.wav,DEV_001_20260926_051720.wav,0,59.40306,18.07249,Phogri,Pholidoptera griseoaptera,Dark Bush-cricket,bush-cricket,0.92,,,26/09/2026,25/09/2026,05:17:20,ClassifEspSWE-0002026-05-29_1,JOHANKARLSSON,202609261754ILYQJGW1,2026_26_sep_05,Citizen Science (ultrasonic) - shared
59~40306+18~07249_20260926_051726.wav,DEV_001_20260926_051726.wav,0,59.40306,18.07249,Phogri,Pholidoptera griseoaptera,Dark Bush-cricket,bush-cricket,0.98,,,26/09/2026,25/09/2026,05:17:26,ClassifEspSWE-0002026-05-29_1,JOHANKARLSSON,202609261754ILYQJGW1,2026_26_sep_05,Citizen Science (ultrasonic) - shared
59~40306+18~07249_20260926_051732.wav,DEV_001_20260926_051732.wav,0,59.40306,18.07249,Phogri,Pholidoptera griseoaptera,Dark Bush-cricket,bush-cricket,0.99,,,26/09/2026,25/09/2026,05:17:32,ClassifEspSWE-0002026-05-29_1,JOHANKARLSSON,202609261754ILYQJGW1,2026_26_sep_05,Citizen Science (ultrasonic) - shared
59~40306+18~07249_20260926_051738.wav,DEV_001_20260926_051738.wav,0,59.40306,18.07249,Phogri,Pholidoptera griseoaptera,Dark Bush-cricket,bush-cricket,0.98,,,26/09/2026,25/09/2026,05:17:38,ClassifEspSWE-0002026-05-29_1,JOHANKARLSSON,202609261754ILYQJGW1,2026_26_sep_05,Citizen Science (ultrasonic) - shared
59~40306+18~07249_20260926_051745.wav,DEV_001_20260926_051745.wav,0,59.40306,18.07249,Phogri,Pholidoptera griseoaptera,Dark Bush-cricket,bush-cricket,0.88,,,26/09/2026,25/09/2026,05:17:45,ClassifEspSWE-0002026-05-29_1,JOHANKARLSSON,202609261754ILYQJGW1,2026_26_sep_05,Citizen Science (ultrasonic) - shared
59~40306+18~07249_20260926_051752.wav,DEV_001_20260926_051752.wav,0,59.40306,18.07249,Phogri,Pholidoptera griseoaptera,Dark Bush-cricket,bush-cricket,0.99,,,26/09/2026,25/09/2026,05:17:52,ClassifEspSWE-0002026-05-29_1,JOHANKARLSSON,202609261754ILYQJGW1,2026_26_sep_05,Citizen Science (ultrasonic) - shared
59~40306+18~07249_20260926_051757.wav,DEV_001_20260926_051757.wav,0,59.40306,18.07249,Phogri,Pholidoptera griseoaptera,Dark Bush-cricket,bush-cricket,0.99,,,26/09/2026,25/09/2026,05:17:57,ClassifEspSWE-0002026-05-29_1,JOHANKARLSSON,202609261754ILYQJGW1,2026_26_sep_05,Citizen Science (ultrasonic) - shared
59~40306+18~07249_20260926_051802.wav,DEV_001_20260926_051802.wav,0,59.40306,18.07249,Phogri,Pholidoptera griseoaptera,Dark Bush-cricket,bush-cricket,0.97,,,26/09/2026,25/09/2026,05:18:02,ClassifEspSWE-0002026-05-29_1,JOHANKARLSSON,202609261754ILYQJGW1,2026_26_sep_05,Citizen Science (ultrasonic) - shared
59~40306+18~07249_20260926_051808.wav,DEV_001_20260926_051808.wav,0,59.40306,18.07249,Phogri,Pholidoptera griseoaptera,Dark Bush-cricket,bush-cricket,0.84,,,26/09/2026,25/09/2026,05:18:08,ClassifEspSWE-0002026-05-29_1,JOHANKARLSSON,202609261754ILYQJGW1,2026_26_sep_05,Citizen Science (ultrasonic) - shared
59~40306+18~07249_20260926_051814.wav,DEV_001_20260926_051814.wav,0,59.40306,18.07249,Phogri,Pholidoptera griseoaptera,Dark Bush-cricket,bush-cricket,0.84,,,26/09/2026,25/09/2026,05:18:14,ClassifEspSWE-0002026-05-29_1,JOHANKARLSSON,202609261754ILYQJGW1,2026_26_sep_05,Citizen Science (ultrasonic) - shared
59~40306+18~07249_20260926_051821.wav,DEV_001_20260926_051821.wav,0,59.40306,18.07249,Phogri,Pholidoptera griseoaptera,Dark Bush-cricket,bush-cricket,0.86,,,26/09/2026,25/09/2026,05:18:21,ClassifEspSWE-0002026-05-29_1,JOHANKARLSSON,202609261754ILYQJGW1,2026_26_sep_05,Citizen Science (ultrasonic) - shared
59~40306+18~07249_20260926_051827.wav,DEV_001_20260926_051827.wav,0,59.40306,18.07249,Phogri,Pholidoptera griseoaptera,Dark Bush-cricket,bush-cricket,0.72,,,26/09/2026,25/09/2026,05:18:27,ClassifEspSWE-0002026-05-29_1,JOHANKARLSSON,202609261754ILYQJGW1,2026_26_sep_05,Citizen Science (ultrasonic) - shared
59~40306+18~07249_20260926_051833.wav,DEV_001_20260926_051833.wav,0,59.40306,18.07249,Phogri,Pholidoptera griseoaptera,Dark Bush-cricket,bush-cricket,0.79,,,26/09/2026,25/09/2026,05:18:33,ClassifEspSWE-0002026-05-29_1,JOHANKARLSSON,202609261754ILYQJGW1,2026_26_sep_05,Citizen Science (ultrasonic) - shared
59~40306+18~07249_20260926_051839.wav,DEV_001_20260926_051839.wav,0,59.40306,18.07249,Phogri,Pholidoptera griseoaptera,Dark Bush-cricket,bush-cricket,0.97,,,26/09/2026,25/09/2026,05:18:39,ClassifEspSWE-0002026-05-29_1,JOHANKARLSSON,202609261754ILYQJGW1,2026_26_sep_05,Citizen Science (ultrasonic) - shared
59~40306+18~07249_20260926_051845.wav,DEV_001_20260926_051845.wav,0,59.40306,18.07249,Phogri,Pholidoptera griseoaptera,Dark Bush-cricket,bush-cricket,0.7,,,26/09/2026,25/09/2026,05:18:45,ClassifEspSWE-0002026-05-29_1,JOHANKARLSSON,202609261754ILYQJGW1,2026_26_sep_05,Citizen Science (ultrasonic) - shared
59~40306+18~07249_20260926_051852.wav,DEV_001_20260926_051852.wav,0,59.40306,18.07249,Phogri,Pholidoptera griseoaptera,Dark Bush-cricket,bush-cricket,0.97,,,26/09/2026,25/09/2026,05:18:52,ClassifEspSWE-0002026-05-29_1,JOHANKARLSSON,202609261754ILYQJGW1,2026_26_sep_05,Citizen Science (ultrasonic) - shared
59~40306+18~07249_20260926_051858.wav,DEV_001_20260926_051858.wav,0,59.40306,18.07249,Phogri,Pholidoptera griseoaptera,Dark Bush-cricket,bush-cricket,0.97,,,26/09/2026,25/09/2026,05:18:58,ClassifEspSWE-0002026-05-29_1,JOHANKARLSSON,202609261754ILYQJGW1,2026_26_sep_05,Citizen Science (ultrasonic) - shared
59~40306+18~07249_20260926_051904.wav,DEV_001_20260926_051904.wav,0,59.40306,18.07249,Phogri,Pholidoptera griseoaptera,Dark Bush-cricket,bush-cricket,0.74,,,26/09/2026,25/09/2026,05:19:04,ClassifEspSWE-0002026-05-29_1,JOHANKARLSSON,202609261754ILYQJGW1,2026_26_sep_05,Citizen Science (ultrasonic) - shared
59~40306+18~07249_20260926_051910.wav,DEV_001_20260926_051910.wav,0,59.40306,18.07249,Phogri,Pholidoptera griseoaptera,Dark Bush-cricket,bush-cricket,0.98,,,26/09/2026,25/09/2026,05:19:10,ClassifEspSWE-0002026-05-29_1,JOHANKARLSSON,202609261754ILYQJGW1,2026_26_sep_05,Citizen Science (ultrasonic) - shared
59~40306+18~07249_20260926_051916.wav,DEV_001_20260926_051916.wav,0,59.40306,18.07249,Phogri,Pholidoptera griseoaptera,Dark Bush-cricket,bush-cricket,0.88,,,26/09/2026,25/09/2026,05:19:16,ClassifEspSWE-0002026-05-29_1,JOHANKARLSSON,202609261754ILYQJGW1,2026_26_sep_05,Citizen Science (ultrasonic) - shared
59~40306+18~07249_20260926_051922.wav,DEV_001_20260926_051922.wav,0,59.40306,18.07249,Phogri,Pholidoptera griseoaptera,Dark Bush-cricket,bush-cricket,0.96,,,26/09/2026,25/09/2026,05:19:22,ClassifEspSWE-0002026-05-29_1,JOHANKARLSSON,202609261754ILYQJGW1,2026_26_sep_05,Citizen Science (ultrasonic) - shared
59~40306+18~07249_20260926_051928.wav,DEV_001_20260926_051928.wav,0,59.40306,18.07249,Phogri,Pholidoptera griseoaptera,Dark Bush-cricket,bush-cricket,0.81,,,26/09/2026,25/09/2026,05:19:28,ClassifEspSWE-0002026-05-29_1,JOHANKARLSSON,202609261754ILYQJGW1,2026_26_sep_05,Citizen Science (ultrasonic) - shared
59~40306+18~07249_20260926_051934.wav,DEV_001_20260926_051934.wav,0,59.40306,18.07249,Phogri,Pholidoptera griseoaptera,Dark Bush-cricket,bush-cricket,0.97,,,26/09/2026,25/09/2026,05:19:34,ClassifEspSWE-0002026-05-29_1,JOHANKARLSSON,202609261754ILYQJGW1,2026_26_sep_05,Citizen Science (ultrasonic) - shared
59~40306+18~07249_20260926_051940.wav,DEV_001_20260926_051940.wav,0,59.40306,18.07249,Phogri,Pholidoptera griseoaptera,Dark Bush-cricket,bush-cricket,0.84,,,26/09/2026,25/09/2026,05:19:40,ClassifEspSWE-0002026-05-29_1,JOHANKARLSSON,202609261754ILYQJGW1,2026_26_sep_05,Citizen Science (ultrasonic) - shared
59~40306+18~07249_20260926_051946.wav,DEV_001_20260926_051946.wav,0,59.40306,18.07249,Phogri,Pholidoptera griseoaptera,Dark Bush-cricket,bush-cricket,0.99,,,26/09/2026,25/09/2026,05:19:46,ClassifEspSWE-0002026-05-29_1,JOHANKARLSSON,202609261754ILYQJGW1,2026_26_sep_05,Citizen Science (ultrasonic) - shared
59~40306+18~07249_20260926_051952.wav,DEV_001_20260926_051952.wav,0,59.40306,18.07249,Phogri,Pholidoptera griseoaptera,Dark Bush-cricket,bush-cricket,0.93,,,26/09/2026,25/09/2026,05:19:52,ClassifEspSWE-0002026-05-29_1,JOHANKARLSSON,202609261754ILYQJGW1,2026_26_sep_05,Citizen Science (ultrasonic) - shared
59~40306+18~07249_20260926_051958.wav,DEV_001_20260926_051958.wav,0,59.40306,18.07249,Phogri,Pholidoptera griseoaptera,Dark Bush-cricket,bush-cricket,0.73,,,26/09/2026,25/09/2026,05:19:58,ClassifEspSWE-0002026-05-29_1,JOHANKARLSSON,202609261754ILYQJGW1,2026_26_sep_05,Citizen Science (ultrasonic) - shared
59~40306+18~07249_20260926_052004.wav,DEV_001_20260926_052004.wav,0,59.40306,18.07249,Phogri,Pholidoptera griseoaptera,Dark Bush-cricket,bush-cricket,0.98,,,26/09/2026,25/09/2026,05:20:04,ClassifEspSWE-0002026-05-29_1,JOHANKARLSSON,202609261754ILYQJGW1,2026_26_sep_05,Citizen Science (ultrasonic) - shared
59~40306+18~07249_20260926_052009.wav,DEV_001_20260926_052009.wav,0,59.40306,18.07249,Phogri,Pholidoptera griseoaptera,Dark Bush-cricket,bush-cricket,0.96,,,26/09/2026,25/09/2026,05:20:09,ClassifEspSWE-0002026-05-29_1,JOHANKARLSSON,202609261754ILYQJGW1,2026_26_sep_05,Citizen Science (ultrasonic) - shared
59~40306+18~07249_20260926_052015.wav,DEV_001_20260926_052015.wav,0,59.40306,18.07249,Phogri,Pholidoptera griseoaptera,Dark Bush-cricket,bush-cricket,0.98,,,26/09/2026,25/09/2026,05:20:15,ClassifEspSWE-0002026-05-29_1,JOHANKARLSSON,202609261754ILYQJGW1,2026_26_sep_05,Citizen Science (ultrasonic) - shared
59~40306+18~07249_20260926_052020.wav,DEV_001_20260926_052020.wav,0,59.40306,18.07249,Phogri,Pholidoptera griseoaptera,Dark Bush-cricket,bush-cricket,0.98,,,26/09/2026,25/09/2026,05:20:20,ClassifEspSWE-0002026-05-29_1,JOHANKARLSSON,202609261754ILYQJGW1,2026_26_sep_05,Citizen Science (ultrasonic) - shared
59~40306+18~07249_20260926_052026.wav,DEV_001_20260926_052026.wav,0,59.40306,18.07249,Phogri,Pholidoptera griseoaptera,Dark Bush-cricket,bush-cricket,0.99,,,26/09/2026,25/09/2026,05:20:26,ClassifEspSWE-0002026-05-29_1,JOHANKARLSSON,202609261754ILYQJGW1,2026_26_sep_05,Citizen Science (ultrasonic) - shared
59~40306+18~07249_20260926_052032.wav,DEV_001_20260926_052032.wav,0,59.40306,18.07249,Phogri,Pholidoptera griseoaptera,Dark Bush-cricket,bush-cricket,0.98,,,26/09/2026,25/09/2026,05:20:32,ClassifEspSWE-0002026-05-29_1,JOHANKARLSSON,202609261754ILYQJGW1,2026_26_sep_05,Citizen Science (ultrasonic) - shared
59~40306+18~07249_20260926_052041.wav,DEV_001_20260926_052041.wav,0,59.40306,18.07249,Phogri,Pholidoptera griseoaptera,Dark Bush-cricket,bush-cricket,0.99,,,26/09/2026,25/09/2026,05:20:41,ClassifEspSWE-0002026-05-29_1,JOHANKARLSSON,202609261754ILYQJGW1,2026_26_sep_05,Citizen Science (ultrasonic) - shared
59~40306+18~07249_20260926_052047.wav,DEV_001_20260926_052047.wav,0,59.40306,18.07249,Phogri,Pholidoptera griseoaptera,Dark Bush-cricket,bush-cricket,0.98,,,26/09/2026,25/09/2026,05:20:47,ClassifEspSWE-0002026-05-29_1,JOHANKARLSSON,202609261754ILYQJGW1,2026_26_sep_05,Citizen Science (ultrasonic) - shared
59~40306+18~07249_20260926_052054.wav,DEV_001_20260926_052054.wav,0,59.40306,18.07249,Phogri,Pholidoptera griseoaptera,Dark Bush-cricket,bush-cricket,0.95,,,26/09/2026,25/09/2026,05:20:54,ClassifEspSWE-0002026-05-29_1,JOHANKARLSSON,202609261754ILYQJGW1,2026_26_sep_05,Citizen Science (ultrasonic) - shared
59~40306+18~07249_20260926_052100.wav,DEV_001_20260926_052100.wav,0,59.40306,18.07249,Phogri,Pholidoptera griseoaptera,Dark Bush-cricket,bush-cricket,0.97,,,26/09/2026,25/09/2026,05:21:00,ClassifEspSWE-0002026-05-29_1,JOHANKARLSSON,202609261754ILYQJGW1,2026_26_sep_05,Citizen Science (ultrasonic) - shared
59~40306+18~07249_20260926_052107.wav,DEV_001_20260926_052107.wav,0,59.40306,18.07249,Phogri,Pholidoptera griseoaptera,Dark Bush-cricket,bush-cricket,0.98,,,26/09/2026,25/09/2026,05:21:07,ClassifEspSWE-0002026-05-29_1,JOHANKARLSSON,202609261754ILYQJGW1,2026_26_sep_05,Citizen Science (ultrasonic) - shared
59~40306+18~07249_20260926_052113.wav,DEV_001_20260926_052113.wav,0,59.40306,18.07249,Phogri,Pholidoptera griseoaptera,Dark Bush-cricket,bush-cricket,0.96,,,26/09/2026,25/09/2026,05:21:13,ClassifEspSWE-0002026-05-29_1,JOHANKARLSSON,202609261754ILYQJGW1,2026_26_sep_05,Citizen Science (ultrasonic) - shared
59~40306+18~07249_20260926_052118.wav,DEV_001_20260926_052118.wav,0,59.40306,18.07249,Phogri,Pholidoptera griseoaptera,Dark Bush-cricket,bush-cricket,0.97,,,26/09/2026,25/09/2026,05:21:18,ClassifEspSWE-0002026-05-29_1,JOHANKARLSSON,202609261754ILYQJGW1,2026_26_sep_05,Citizen Science (ultrasonic) - shared
59~40306+18~07249_20260926_052125.wav,DEV_001_20260926_052125.wav,0,59.40306,18.07249,Phogri,Pholidoptera griseoaptera,Dark Bush-cricket,bush-cricket,0.79,,,26/09/2026,25/09/2026,05:21:25,ClassifEspSWE-0002026-05-29_1,JOHANKARLSSON,202609261754ILYQJGW1,2026_26_sep_05,Citizen Science (ultrasonic) - shared
59~40306+18~07249_20260926_052131.wav,DEV_001_20260926_052131.wav,0,59.40306,18.07249,Phogri,Pholidoptera griseoaptera,Dark Bush-cricket,bush-cricket,0.99,,,26/09/2026,25/09/2026,05:21:31,ClassifEspSWE-0002026-05-29_1,JOHANKARLSSON,202609261754ILYQJGW1,2026_26_sep_05,Citizen Science (ultrasonic) - shared
59~40306+18~07249_20260926_052138.wav,DEV_001_20260926_052138.wav,0,59.40306,18.07249,Phogri,Pholidoptera griseoaptera,Dark Bush-cricket,bush-cricket,0.72,,,26/09/2026,25/09/2026,05:21:38,ClassifEspSWE-0002026-05-29_1,JOHANKARLSSON,202609261754ILYQJGW1,2026_26_sep_05,Citizen Science (ultrasonic) - shared
59~40306+18~07249_20260926_052144.wav,DEV_001_20260926_052144.wav,0,59.40306,18.07249,Phogri,Pholidoptera griseoaptera,Dark Bush-cricket,bush-cricket,0.68,,,26/09/2026,25/09/2026,05:21:44,ClassifEspSWE-0002026-05-29_1,JOHANKARLSSON,202609261754ILYQJGW1,2026_26_sep_05,Citizen Science (ultrasonic) - shared
59~40306+18~07249_20260926_052151.wav,DEV_001_20260926_052151.wav,0,59.40306,18.07249,Phogri,Pholidoptera griseoaptera,Dark Bush-cricket,bush-cricket,0.87,,,26/09/2026,25/09/2026,05:21:51,ClassifEspSWE-0002026-05-29_1,JOHANKARLSSON,202609261754ILYQJGW1,2026_26_sep_05,Citizen Science (ultrasonic) - shared
59~40306+18~07249_20260926_052158.wav,DEV_001_20260926_052158.wav,0,59.40306,18.07249,Phogri,Pholidoptera griseoaptera,Dark Bush-cricket,bush-cricket,0.99,,,26/09/2026,25/09/2026,05:21:58,ClassifEspSWE-0002026-05-29_1,JOHANKARLSSON,202609261754ILYQJGW1,2026_26_sep_05,Citizen Science (ultrasonic) - shared
59~40306+18~07249_20260926_052203.wav,DEV_001_20260926_052203.wav,0,59.40306,18.07249,Phogri,Pholidoptera griseoaptera,Dark Bush-cricket,bush-cricket,0.89,,,26/09/2026,25/09/2026,05:22:03,ClassifEspSWE-0002026-05-29_1,JOHANKARLSSON,202609261754ILYQJGW1,2026_26_sep_05,Citizen Science (ultrasonic) - shared
59~40306+18~07249_20260926_052209.wav,DEV_001_20260926_052209.wav,0,59.40306,18.07249,Phogri,Pholidoptera griseoaptera,Dark Bush-cricket,bush-cricket,0.99,,,26/09/2026,25/09/2026,05:22:09,ClassifEspSWE-0002026-05-29_1,JOHANKARLSSON,202609261754ILYQJGW1,2026_26_sep_05,Citizen Science (ultrasonic) - shared
59~40306+18~07249_20260926_052214.wav,DEV_001_20260926_052214.wav,0,59.40306,18.07249,Phogri,Pholidoptera griseoaptera,Dark Bush-cricket,bush-cricket,0.84,,,26/09/2026,25/09/2026,05:22:14,ClassifEspSWE-0002026-05-29_1,JOHANKARLSSON,202609261754ILYQJGW1,2026_26_sep_05,Citizen Science (ultrasonic) - shared
59~40306+18~07249_20260926_052220.wav,DEV_001_20260926_052220.wav,0,59.40306,18.07249,Phogri,Pholidoptera griseoaptera,Dark Bush-cricket,bush-cricket,0.95,,,26/09/2026,25/09/2026,05:22:20,ClassifEspSWE-0002026-05-29_1,JOHANKARLSSON,202609261754ILYQJGW1,2026_26_sep_05,Citizen Science (ultrasonic) - shared
59~40306+18~07249_20260926_052226.wav,DEV_001_20260926_052226.wav,0,59.40306,18.07249,Phogri,Pholidoptera griseoaptera,Dark Bush-cricket,bush-cricket,0.71,,,26/09/2026,25/09/2026,05:22:26,ClassifEspSWE-0002026-05-29_1,JOHANKARLSSON,202609261754ILYQJGW1,2026_26_sep_05,Citizen Science (ultrasonic) - shared
59~40306+18~07249_20260926_052233.wav,DEV_001_20260926_052233.wav,0,59.40306,18.07249,Phogri,Pholidoptera griseoaptera,Dark Bush-cricket,bush-cricket,0.89,,,26/09/2026,25/09/2026,05:22:33,ClassifEspSWE-0002026-05-29_1,JOHANKARLSSON,202609261754ILYQJGW1,2026_26_sep_05,Citizen Science (ultrasonic) - shared
59~40306+18~07249_20260926_052239.wav,DEV_001_20260926_052239.wav,0,59.40306,18.07249,Phogri,Pholidoptera griseoaptera,Dark Bush-cricket,bush-cricket,0.99,,,26/09/2026,25/09/2026,05:22:39,ClassifEspSWE-0002026-05-29_1,JOHANKARLSSON,202609261754ILYQJGW1,2026_26_sep_05,Citizen Science (ultrasonic) - shared
59~40306+18~07249_20260926_052244.wav,DEV_001_20260926_052244.wav,0,59.40306,18.07249,Phogri,Pholidoptera griseoaptera,Dark Bush-cricket,bush-cricket,0.91,,,26/09/2026,25/09/2026,05:22:44,ClassifEspSWE-0002026-05-29_1,JOHANKARLSSON,202609261754ILYQJGW1,2026_26_sep_05,Citizen Science (ultrasonic) - shared
59~40306+18~07249_20260926_052250.wav,DEV_001_20260926_052250.wav,0,59.40306,18.07249,Phogri,Pholidoptera griseoaptera,Dark Bush-cricket,bush-cricket,0.56,,,26/09/2026,25/09/2026,05:22:50,ClassifEspSWE-0002026-05-29_1,JOHANKARLSSON,202609261754ILYQJGW1,2026_26_sep_05,Citizen Science (ultrasonic) - shared
59~40306+18~07249_20260926_052256.wav,DEV_001_20260926_052256.wav,0,59.40306,18.07249,Phogri,Pholidoptera griseoaptera,Dark Bush-cricket,bush-cricket,0.69,,,26/09/2026,25/09/2026,05:22:56,ClassifEspSWE-0002026-05-29_1,JOHANKARLSSON,202609261754ILYQJGW1,2026_26_sep_05,Citizen Science (ultrasonic) - shared
59~40306+18~07249_20260926_052301.wav,DEV_001_20260926_052301.wav,0,59.40306,18.07249,Phogri,Pholidoptera griseoaptera,Dark Bush-cricket,bush-cricket,0.99,,,26/09/2026,25/09/2026,05:23:01,ClassifEspSWE-0002026-05-29_1,JOHANKARLSSON,202609261754ILYQJGW1,2026_26_sep_05,Citizen Science (ultrasonic) - shared
59~40306+18~07249_20260926_052308.wav,DEV_001_20260926_052308.wav,0,59.40306,18.07249,Phogri,Pholidoptera griseoaptera,Dark Bush-cricket,bush-cricket,0.89,,,26/09/2026,25/09/2026,05:23:08,ClassifEspSWE-0002026-05-29_1,JOHANKARLSSON,202609261754ILYQJGW1,2026_26_sep_05,Citizen Science (ultrasonic) - shared
59~40306+18~07249_20260926_052314.wav,DEV_001_20260926_052314.wav,0,59.40306,18.07249,Phogri,Pholidoptera griseoaptera,Dark Bush-cricket,bush-cricket,0.59,,,26/09/2026,25/09/2026,05:23:14,ClassifEspSWE-0002026-05-29_1,JOHANKARLSSON,202609261754ILYQJGW1,2026_26_sep_05,Citizen Science (ultrasonic) - shared
59~40306+18~07249_20260926_052319.wav,DEV_001_20260926_052319.wav,0,59.40306,18.07249,Phogri,Pholidoptera griseoaptera,Dark Bush-cricket,bush-cricket,0.95,,,26/09/2026,25/09/2026,05:23:19,ClassifEspSWE-0002026-05-29_1,JOHANKARLSSON,202609261754ILYQJGW1,2026_26_sep_05,Citizen Science (ultrasonic) - shared
59~40306+18~07249_20260926_052325.wav,DEV_001_20260926_052325.wav,0,59.40306,18.07249,Phogri,Pholidoptera griseoaptera,Dark Bush-cricket,bush-cricket,0.99,,,26/09/2026,25/09/2026,05:23:25,ClassifEspSWE-0002026-05-29_1,JOHANKARLSSON,202609261754ILYQJGW1,2026_26_sep_05,Citizen Science (ultrasonic) - shared
59~40306+18~07249_20260926_052331.wav,DEV_001_20260926_052331.wav,0,59.40306,18.07249,Phogri,Pholidoptera griseoaptera,Dark Bush-cricket,bush-cricket,0.99,,,26/09/2026,25/09/2026,05:23:31,ClassifEspSWE-0002026-05-29_1,JOHANKARLSSON,202609261754ILYQJGW1,2026_26_sep_05,Citizen Science (ultrasonic) - shared
59~40306+18~07249_20260926_052337.wav,DEV_001_20260926_052337.wav,0,59.40306,18.07249,Phogri,Pholidoptera griseoaptera,Dark Bush-cricket,bush-cricket,0.8,,,26/09/2026,25/09/2026,05:23:37,ClassifEspSWE-0002026-05-29_1,JOHANKARLSSON,202609261754ILYQJGW1,2026_26_sep_05,Citizen Science (ultrasonic) - shared
59~40306+18~07249_20260926_052342.wav,DEV_001_20260926_052342.wav,0,59.40306,18.07249,Phogri,Pholidoptera griseoaptera,Dark Bush-cricket,bush-cricket,0.79,,,26/09/2026,25/09/2026,05:23:42,ClassifEspSWE-0002026-05-29_1,JOHANKARLSSON,202609261754ILYQJGW1,2026_26_sep_05,Citizen Science (ultrasonic) - shared
59~40306+18~07249_20260926_052348.wav,DEV_001_20260926_052348.wav,0,59.40306,18.07249,Phogri,Pholidoptera griseoaptera,Dark Bush-cricket,bush-cricket,0.93,,,26/09/2026,25/09/2026,05:23:48,ClassifEspSWE-0002026-05-29_1,JOHANKARLSSON,202609261754ILYQJGW1,2026_26_sep_05,Citizen Science (ultrasonic) - shared
59~40306+18~07249_20260926_052354.wav,DEV_001_20260926_052354.wav,0,59.40306,18.07249,Phogri,Pholidoptera griseoaptera,Dark Bush-cricket,bush-cricket,0.99,,,26/09/2026,25/09/2026,05:23:54,ClassifEspSWE-0002026-05-29_1,JOHANKARLSSON,202609261754ILYQJGW1,2026_26_sep_05,Citizen Science (ultrasonic) - shared
59~40306+18~07249_20260926_052359.wav,DEV_001_20260926_052359.wav,0,59.40306,18.07249,Phogri,Pholidoptera griseoaptera,Dark Bush-cricket,bush-cricket,0.98,,,26/09/2026,25/09/2026,05:23:59,ClassifEspSWE-0002026-05-29_1,JOHANKARLSSON,202609261754ILYQJGW1,2026_26_sep_05,Citizen Science (ultrasonic) - shared
59~40306+18~07249_20260926_052406.wav,DEV_001_20260926_052406.wav,0,59.40306,18.07249,Phogri,Pholidoptera griseoaptera,Dark Bush-cricket,bush-cricket,0.57,,,26/09/2026,25/09/2026,05:24:06,ClassifEspSWE-0002026-05-29_1,JOHANKARLSSON,202609261754ILYQJGW1,2026_26_sep_05,Citizen Science (ultrasonic) - shared
59~40306+18~07249_20260926_052413.wav,DEV_001_20260926_052413.wav,0,59.40306,18.07249,Phogri,Pholidoptera griseoaptera,Dark Bush-cricket,bush-cricket,0.64,,,26/09/2026,25/09/2026,05:24:13,ClassifEspSWE-0002026-05-29_1,JOHANKARLSSON,202609261754ILYQJGW1,2026_26_sep_05,Citizen Science (ultrasonic) - shared
59~40306+18~07249_20260926_052419.wav,DEV_001_20260926_052419.wav,0,59.40306,18.07249,Phogri,Pholidoptera griseoaptera,Dark Bush-cricket,bush-cricket,0.9,,,26/09/2026,25/09/2026,05:24:19,ClassifEspSWE-0002026-05-29_1,JOHANKARLSSON,202609261754ILYQJGW1,2026_26_sep_05,Citizen Science (ultrasonic) - shared
59~40306+18~07249_20260926_052425.wav,DEV_001_20260926_052425.wav,0,59.40306,18.07249,Phogri,Pholidoptera griseoaptera,Dark Bush-cricket,bush-cricket,0.88,,,26/09/2026,25/09/2026,05:24:25,ClassifEspSWE-0002026-05-29_1,JOHANKARLSSON,202609261754ILYQJGW1,2026_26_sep_05,Citizen Science (ultrasonic) - shared
59~40306+18~07249_20260926_052430.wav,DEV_001_20260926_052430.wav,0,59.40306,18.07249,Phogri,Pholidoptera griseoaptera,Dark Bush-cricket,bush-cricket,0.82,,,26/09/2026,25/09/2026,05:24:30,ClassifEspSWE-0002026-05-29_1,JOHANKARLSSON,202609261754ILYQJGW1,2026_26_sep_05,Citizen Science (ultrasonic) - shared
59~40306+18~07249_20260926_052437.wav,DEV_001_20260926_052437.wav,0,59.40306,18.07249,Phogri,Pholidoptera griseoaptera,Dark Bush-cricket,bush-cricket,0.91,,,26/09/2026,25/09/2026,05:24:37,ClassifEspSWE-0002026-05-29_1,JOHANKARLSSON,202609261754ILYQJGW1,2026_26_sep_05,Citizen Science (ultrasonic) - shared
59~40306+18~07249_20260926_052442.wav,DEV_001_20260926_052442.wav,0,59.40306,18.07249,Phogri,Pholidoptera griseoaptera,Dark Bush-cricket,bush-cricket,0.96,,,26/09/2026,25/09/2026,05:24:42,ClassifEspSWE-0002026-05-29_1,JOHANKARLSSON,202609261754ILYQJGW1,2026_26_sep_05,Citizen Science (ultrasonic) - shared
59~40306+18~07249_20260926_052449.wav,DEV_001_20260926_052449.wav,0,59.40306,18.07249,Phogri,Pholidoptera griseoaptera,Dark Bush-cricket,bush-cricket,0.77,,,26/09/2026,25/09/2026,05:24:49,ClassifEspSWE-0002026-05-29_1,JOHANKARLSSON,202609261754ILYQJGW1,2026_26_sep_05,Citizen Science (ultrasonic) - shared
59~40306+18~07249_20260926_052454.wav,DEV_001_20260926_052454.wav,0,59.40306,18.07249,Phogri,Pholidoptera griseoaptera,Dark Bush-cricket,bush-cricket,0.86,,,26/09/2026,25/09/2026,05:24:54,ClassifEspSWE-0002026-05-29_1,JOHANKARLSSON,202609261754ILYQJGW1,2026_26_sep_05,Citizen Science (ultrasonic) - shared
59~40306+18~07249_20260926_052506.wav,DEV_001_20260926_052506.wav,0,59.40306,18.07249,Phogri,Pholidoptera griseoaptera,Dark Bush-cricket,bush-cricket,0.67,,,26/09/2026,25/09/2026,05:25:06,ClassifEspSWE-0002026-05-29_1,JOHANKARLSSON,202609261754ILYQJGW1,2026_26_sep_05,Citizen Science (ultrasonic) - shared
59~40306+18~07249_20260926_052513.wav,DEV_001_20260926_052513.wav,0,59.40306,18.07249,Phogri,Pholidoptera griseoaptera,Dark Bush-cricket,bush-cricket,0.7,,,26/09/2026,25/09/2026,05:25:13,ClassifEspSWE-0002026-05-29_1,JOHANKARLSSON,202609261754ILYQJGW1,2026_26_sep_05,Citizen Science (ultrasonic) - shared
59~40306+18~07249_20260926_052519.wav,DEV_001_20260926_052519.wav,0,59.40306,18.07249,Phogri,Pholidoptera griseoaptera,Dark Bush-cricket,bush-cricket,0.8,,,26/09/2026,25/09/2026,05:25:19,ClassifEspSWE-0002026-05-29_1,JOHANKARLSSON,202609261754ILYQJGW1,2026_26_sep_05,Citizen Science (ultrasonic) - shared
59~40306+18~07249_20260926_052532.wav,DEV_001_20260926_052532.wav,0,59.40306,18.07249,Phogri,Pholidoptera griseoaptera,Dark Bush-cricket,bush-cricket,0.78,,,26/09/2026,25/09/2026,05:25:32,ClassifEspSWE-0002026-05-29_1,JOHANKARLSSON,202609261754ILYQJGW1,2026_26_sep_05,Citizen Science (ultrasonic) - shared
59~40306+18~07249_20260926_052539.wav,DEV_001_20260926_052539.wav,0,59.40306,18.07249,Phogri,Pholidoptera griseoaptera,Dark Bush-cricket,bush-cricket,0.86,,,26/09/2026,25/09/2026,05:25:39,ClassifEspSWE-0002026-05-29_1,JOHANKARLSSON,202609261754ILYQJGW1,2026_26_sep_05,Citizen Science (ultrasonic) - shared
59~40306+18~07249_20260926_052544.wav,DEV_001_20260926_052544.wav,0,59.40306,18.07249,Phogri,Pholidoptera griseoaptera,Dark Bush-cricket,bush-cricket,0.67,,,26/09/2026,25/09/2026,05:25:44,ClassifEspSWE-0002026-05-29_1,JOHANKARLSSON,202609261754ILYQJGW1,2026_26_sep_05,Citizen Science (ultrasonic) - shared
59~40306+18~07249_20260926_052550.wav,DEV_001_20260926_052550.wav,0,59.40306,18.07249,Phogri,Pholidoptera griseoaptera,Dark Bush-cricket,bush-cricket,0.99,,,26/09/2026,25/09/2026,05:25:50,ClassifEspSWE-0002026-05-29_1,JOHANKARLSSON,202609261754ILYQJGW1,2026_26_sep_05,Citizen Science (ultrasonic) - shared
59~40306+18~07249_20260926_052556.wav,DEV_001_20260926_052556.wav,0,59.40306,18.07249,Phogri,Pholidoptera griseoaptera,Dark Bush-cricket,bush-cricket,0.81,,,26/09/2026,25/09/2026,05:25:56,ClassifEspSWE-0002026-05-29_1,JOHANKARLSSON,202609261754ILYQJGW1,2026_26_sep_05,Citizen Science (ultrasonic) - shared
59~40306+18~07249_20260926_052601.wav,DEV_001_20260926_052601.wav,0,59.40306,18.07249,Phogri,Pholidoptera griseoaptera,Dark Bush-cricket,bush-cricket,0.99,,,26/09/2026,25/09/2026,05:26:01,ClassifEspSWE-0002026-05-29_1,JOHANKARLSSON,202609261754ILYQJGW1,2026_26_sep_05,Citizen Science (ultrasonic) - shared
59~40306+18~07249_20260926_052607.wav,DEV_001_20260926_052607.wav,0,59.40306,18.07249,Phogri,Pholidoptera griseoaptera,Dark Bush-cricket,bush-cricket,0.99,,,26/09/2026,25/09/2026,05:26:07,ClassifEspSWE-0002026-05-29_1,JOHANKARLSSON,202609261754ILYQJGW1,2026_26_sep_05,Citizen Science (ultrasonic) - shared
59~40306+18~07249_20260926_052614.wav,DEV_001_20260926_052614.wav,0,59.40306,18.07249,Phogri,Pholidoptera griseoaptera,Dark Bush-cricket,bush-cricket,0.99,,,26/09/2026,25/09/2026,05:26:14,ClassifEspSWE-0002026-05-29_1,JOHANKARLSSON,202609261754ILYQJGW1,2026_26_sep_05,Citizen Science (ultrasonic) - shared
59~40306+18~07249_20260926_052620.wav,DEV_001_20260926_052620.wav,0,59.40306,18.07249,Phogri,Pholidoptera griseoaptera,Dark Bush-cricket,bush-cricket,0.96,,,26/09/2026,25/09/2026,05:26:20,ClassifEspSWE-0002026-05-29_1,JOHANKARLSSON,202609261754ILYQJGW1,2026_26_sep_05,Citizen Science (ultrasonic) - shared
59~40306+18~07249_20260926_052626.wav,DEV_001_20260926_052626.wav,0,59.40306,18.07249,Phogri,Pholidoptera griseoaptera,Dark Bush-cricket,bush-cricket,0.99,,,26/09/2026,25/09/2026,05:26:26,ClassifEspSWE-0002026-05-29_1,JOHANKARLSSON,202609261754ILYQJGW1,2026_26_sep_05,Citizen Science (ultrasonic) - shared
59~40306+18~07249_20260926_052633.wav,DEV_001_20260926_052633.wav,0,59.40306,18.07249,Phogri,Pholidoptera griseoaptera,Dark Bush-cricket,bush-cricket,0.97,,,26/09/2026,25/09/2026,05:26:33,ClassifEspSWE-0002026-05-29_1,JOHANKARLSSON,202609261754ILYQJGW1,2026_26_sep_05,Citizen Science (ultrasonic) - shared
59~40306+18~07249_20260926_052639.wav,DEV_001_20260926_052639.wav,0,59.40306,18.07249,Phogri,Pholidoptera griseoaptera,Dark Bush-cricket,bush-cricket,0.76,,,26/09/2026,25/09/2026,05:26:39,ClassifEspSWE-0002026-05-29_1,JOHANKARLSSON,202609261754ILYQJGW1,2026_26_sep_05,Citizen Science (ultrasonic) - shared
59~40306+18~07249_20260926_052645.wav,DEV_001_20260926_052645.wav,0,59.40306,18.07249,Phogri,Pholidoptera griseoaptera,Dark Bush-cricket,bush-cricket,0.74,,,26/09/2026,25/09/2026,05:26:45,ClassifEspSWE-0002026-05-29_1,JOHANKARLSSON,202609261754ILYQJGW1,2026_26_sep_05,Citizen Science (ultrasonic) - shared
59~40306+18~07249_20260926_052650.wav,DEV_001_20260926_052650.wav,0,59.40306,18.07249,Phogri,Pholidoptera griseoaptera,Dark Bush-cricket,bush-cricket,0.99,,,26/09/2026,25/09/2026,05:26:50,ClassifEspSWE-0002026-05-29_1,JOHANKARLSSON,202609261754ILYQJGW1,2026_26_sep_05,Citizen Science (ultrasonic) - shared
59~40306+18~07249_20260926_052659.wav,DEV_001_20260926_052659.wav,0,59.40306,18.07249,Phogri,Pholidoptera griseoaptera,Dark Bush-cricket,bush-cricket,0.76,,,26/09/2026,25/09/2026,05:26:59,ClassifEspSWE-0002026-05-29_1,JOHANKARLSSON,202609261754ILYQJGW1,2026_26_sep_05,Citizen Science (ultrasonic) - shared
59~40306+18~07249_20260926_052705.wav,DEV_001_20260926_052705.wav,0,59.40306,18.07249,Phogri,Pholidoptera griseoaptera,Dark Bush-cricket,bush-cricket,0.82,,,26/09/2026,25/09/2026,05:27:05,ClassifEspSWE-0002026-05-29_1,JOHANKARLSSON,202609261754ILYQJGW1,2026_26_sep_05,Citizen Science (ultrasonic) - shared
59~40306+18~07249_20260926_052711.wav,DEV_001_20260926_052711.wav,0,59.40306,18.07249,Phogri,Pholidoptera griseoaptera,Dark Bush-cricket,bush-cricket,0.92,,,26/09/2026,25/09/2026,05:27:11,ClassifEspSWE-0002026-05-29_1,JOHANKARLSSON,202609261754ILYQJGW1,2026_26_sep_05,Citizen Science (ultrasonic) - shared
59~40306+18~07249_20260926_052717.wav,DEV_001_20260926_052717.wav,0,59.40306,18.07249,Phogri,Pholidoptera griseoaptera,Dark Bush-cricket,bush-cricket,0.98,,,26/09/2026,25/09/2026,05:27:17,ClassifEspSWE-0002026-05-29_1,JOHANKARLSSON,202609261754ILYQJGW1,2026_26_sep_05,Citizen Science (ultrasonic) - shared
59~40306+18~07249_20260926_052722.wav,DEV_001_20260926_052722.wav,0,59.40306,18.07249,Phogri,Pholidoptera griseoaptera,Dark Bush-cricket,bush-cricket,0.93,,,26/09/2026,25/09/2026,05:27:22,ClassifEspSWE-0002026-05-29_1,JOHANKARLSSON,202609261754ILYQJGW1,2026_26_sep_05,Citizen Science (ultrasonic) - shared
59~40306+18~07249_20260926_052728.wav,DEV_001_20260926_052728.wav,0,59.40306,18.07249,Phogri,Pholidoptera griseoaptera,Dark Bush-cricket,bush-cricket,0.96,,,26/09/2026,25/09/2026,05:27:28,ClassifEspSWE-0002026-05-29_1,JOHANKARLSSON,202609261754ILYQJGW1,2026_26_sep_05,Citizen Science (ultrasonic) - shared
59~40306+18~07249_20260926_052734.wav,DEV_001_20260926_052734.wav,0,59.40306,18.07249,Phogri,Pholidoptera griseoaptera,Dark Bush-cricket,bush-cricket,0.98,,,26/09/2026,25/09/2026,05:27:34,ClassifEspSWE-0002026-05-29_1,JOHANKARLSSON,202609261754ILYQJGW1,2026_26_sep_05,Citizen Science (ultrasonic) - shared
59~40306+18~07249_20260926_052740.wav,DEV_001_20260926_052740.wav,0,59.40306,18.07249,Phogri,Pholidoptera griseoaptera,Dark Bush-cricket,bush-cricket,0.98,,,26/09/2026,25/09/2026,05:27:40,ClassifEspSWE-0002026-05-29_1,JOHANKARLSSON,202609261754ILYQJGW1,2026_26_sep_05,Citizen Science (ultrasonic) - shared
59~40306+18~07249_20260926_052746.wav,DEV_001_20260926_052746.wav,0,59.40306,18.07249,Phogri,Pholidoptera griseoaptera,Dark Bush-cricket,bush-cricket,0.68,,,26/09/2026,25/09/2026,05:27:46,ClassifEspSWE-0002026-05-29_1,JOHANKARLSSON,202609261754ILYQJGW1,2026_26_sep_05,Citizen Science (ultrasonic) - shared
59~40306+18~07249_20260926_052759.wav,DEV_001_20260926_052759.wav,0,59.40306,18.07249,Phogri,Pholidoptera griseoaptera,Dark Bush-cricket,bush-cricket,0.93,,,26/09/2026,25/09/2026,05:27:59,ClassifEspSWE-0002026-05-29_1,JOHANKARLSSON,202609261754ILYQJGW1,2026_26_sep_05,Citizen Science (ultrasonic) - shared
59~40306+18~07249_20260926_052805.wav,DEV_001_20260926_052805.wav,0,59.40306,18.07249,Phogri,Pholidoptera griseoaptera,Dark Bush-cricket,bush-cricket,0.99,,,26/09/2026,25/09/2026,05:28:05,ClassifEspSWE-0002026-05-29_1,JOHANKARLSSON,202609261754ILYQJGW1,2026_26_sep_05,Citizen Science (ultrasonic) - shared
59~40306+18~07249_20260926_052811.wav,DEV_001_20260926_052811.wav,0,59.40306,18.07249,Phogri,Pholidoptera griseoaptera,Dark Bush-cricket,bush-cricket,0.63,,,26/09/2026,25/09/2026,05:28:11,ClassifEspSWE-0002026-05-29_1,JOHANKARLSSON,202609261754ILYQJGW1,2026_26_sep_05,Citizen Science (ultrasonic) - shared
59~40306+18~07249_20260926_052817.wav,DEV_001_20260926_052817.wav,0,59.40306,18.07249,Phogri,Pholidoptera griseoaptera,Dark Bush-cricket,bush-cricket,0.87,,,26/09/2026,25/09/2026,05:28:17,ClassifEspSWE-0002026-05-29_1,JOHANKARLSSON,202609261754ILYQJGW1,2026_26_sep_05,Citizen Science (ultrasonic) - shared
59~40306+18~07249_20260926_052823.wav,DEV_001_20260926_052823.wav,0,59.40306,18.07249,Phogri,Pholidoptera griseoaptera,Dark Bush-cricket,bush-cricket,0.69,,,26/09/2026,25/09/2026,05:28:23,ClassifEspSWE-0002026-05-29_1,JOHANKARLSSON,202609261754ILYQJGW1,2026_26_sep_05,Citizen Science (ultrasonic) - shared
59~40306+18~07249_20260926_052830.wav,DEV_001_20260926_052830.wav,0,59.40306,18.07249,Phogri,Pholidoptera griseoaptera,Dark Bush-cricket,bush-cricket,0.99,,,26/09/2026,25/09/2026,05:28:30,ClassifEspSWE-0002026-05-29_1,JOHANKARLSSON,202609261754ILYQJGW1,2026_26_sep_05,Citizen Science (ultrasonic) - shared
59~40306+18~07249_20260926_052836.wav,DEV_001_20260926_052836.wav,0,59.40306,18.07249,Phogri,Pholidoptera griseoaptera,Dark Bush-cricket,bush-cricket,0.99,,,26/09/2026,25/09/2026,05:28:36,ClassifEspSWE-0002026-05-29_1,JOHANKARLSSON,202609261754ILYQJGW1,2026_26_sep_05,Citizen Science (ultrasonic) - shared
59~40306+18~07249_20260926_052842.wav,DEV_001_20260926_052842.wav,0,59.40306,18.07249,Phogri,Pholidoptera griseoaptera,Dark Bush-cricket,bush-cricket,0.51,,,26/09/2026,25/09/2026,05:28:42,ClassifEspSWE-0002026-05-29_1,JOHANKARLSSON,202609261754ILYQJGW1,2026_26_sep_05,Citizen Science (ultrasonic) - shared
59~40306+18~07249_20260926_052849.wav,DEV_001_20260926_052849.wav,0,59.40306,18.07249,Phogri,Pholidoptera griseoaptera,Dark Bush-cricket,bush-cricket,0.99,,,26/09/2026,25/09/2026,05:28:49,ClassifEspSWE-0002026-05-29_1,JOHANKARLSSON,202609261754ILYQJGW1,2026_26_sep_05,Citizen Science (ultrasonic) - shared
59~40306+18~07249_20260926_052854.wav,DEV_001_20260926_052854.wav,0,59.40306,18.07249,Phogri,Pholidoptera griseoaptera,Dark Bush-cricket,bush-cricket,0.98,,,26/09/2026,25/09/2026,05:28:54,ClassifEspSWE-0002026-05-29_1,JOHANKARLSSON,202609261754ILYQJGW1,2026_26_sep_05,Citizen Science (ultrasonic) - shared
59~40306+18~07249_20260926_052900.wav,DEV_001_20260926_052900.wav,0,59.40306,18.07249,Phogri,Pholidoptera griseoaptera,Dark Bush-cricket,bush-cricket,0.98,,,26/09/2026,25/09/2026,05:29:00,ClassifEspSWE-0002026-05-29_1,JOHANKARLSSON,202609261754ILYQJGW1,2026_26_sep_05,Citizen Science (ultrasonic) - shared
59~40306+18~07249_20260926_052906.wav,DEV_001_20260926_052906.wav,0,59.40306,18.07249,Phogri,Pholidoptera griseoaptera,Dark Bush-cricket,bush-cricket,0.96,,,26/09/2026,25/09/2026,05:29:06,ClassifEspSWE-0002026-05-29_1,JOHANKARLSSON,202609261754ILYQJGW1,2026_26_sep_05,Citizen Science (ultrasonic) - shared
59~40306+18~07249_20260926_052912.wav,DEV_001_20260926_052912.wav,0,59.40306,18.07249,Phogri,Pholidoptera griseoaptera,Dark Bush-cricket,bush-cricket,0.96,,,26/09/2026,25/09/2026,05:29:12,ClassifEspSWE-0002026-05-29_1,JOHANKARLSSON,202609261754ILYQJGW1,2026_26_sep_05,Citizen Science (ultrasonic) - shared
59~40306+18~07249_20260926_052918.wav,DEV_001_20260926_052918.wav,0,59.40306,18.07249,Phogri,Pholidoptera griseoaptera,Dark Bush-cricket,bush-cricket,0.99,,,26/09/2026,25/09/2026,05:29:18,ClassifEspSWE-0002026-05-29_1,JOHANKARLSSON,202609261754ILYQJGW1,2026_26_sep_05,Citizen Science (ultrasonic) - shared
59~40306+18~07249_20260926_052926.wav,DEV_001_20260926_052926.wav,0,59.40306,18.07249,Phogri,Pholidoptera griseoaptera,Dark Bush-cricket,bush-cricket,0.8,,,26/09/2026,25/09/2026,05:29:26,ClassifEspSWE-0002026-05-29_1,JOHANKARLSSON,202609261754ILYQJGW1,2026_26_sep_05,Citizen Science (ultrasonic) - shared
59~40306+18~07249_20260926_052931.wav,DEV_001_20260926_052931.wav,0,59.40306,18.07249,Phogri,Pholidoptera griseoaptera,Dark Bush-cricket,bush-cricket,0.99,,,26/09/2026,25/09/2026,05:29:31,ClassifEspSWE-0002026-05-29_1,JOHANKARLSSON,202609261754ILYQJGW1,2026_26_sep_05,Citizen Science (ultrasonic) - shared
59~40306+18~07249_20260926_052938.wav,DEV_001_20260926_052938.wav,0,59.40306,18.07249,Phogri,Pholidoptera griseoaptera,Dark Bush-cricket,bush-cricket,0.99,,,26/09/2026,25/09/2026,05:29:38,ClassifEspSWE-0002026-05-29_1,JOHANKARLSSON,202609261754ILYQJGW1,2026_26_sep_05,Citizen Science (ultrasonic) - shared
59~40306+18~07249_20260926_052943.wav,DEV_001_20260926_052943.wav,0,59.40306,18.07249,Phogri,Pholidoptera griseoaptera,Dark Bush-cricket,bush-cricket,0.99,,,26/09/2026,25/09/2026,05:29:43,ClassifEspSWE-0002026-05-29_1,JOHANKARLSSON,202609261754ILYQJGW1,2026_26_sep_05,Citizen Science (ultrasonic) - shared
59~40306+18~07249_20260926_052949.wav,DEV_001_20260926_052949.wav,0,59.40306,18.07249,Phogri,Pholidoptera griseoaptera,Dark Bush-cricket,bush-cricket,0.98,,,26/09/2026,25/09/2026,05:29:49,ClassifEspSWE-0002026-05-29_1,JOHANKARLSSON,202609261754ILYQJGW1,2026_26_sep_05,Citizen Science (ultrasonic) - shared
59~40306+18~07249_20260926_052954.wav,DEV_001_20260926_052954.wav,0,59.40306,18.07249,Phogri,Pholidoptera griseoaptera,Dark Bush-cricket,bush-cricket,0.9,,,26/09/2026,25/09/2026,05:29:54,ClassifEspSWE-0002026-05-29_1,JOHANKARLSSON,202609261754ILYQJGW1,2026_26_sep_05,Citizen Science (ultrasonic) - shared
59~40306+18~07249_20260926_053000.wav,DEV_001_20260926_053000.wav,0,59.40306,18.07249,Phogri,Pholidoptera griseoaptera,Dark Bush-cricket,bush-cricket,0.96,,,26/09/2026,25/09/2026,05:30:00,ClassifEspSWE-0002026-05-29_1,JOHANKARLSSON,202609261754ILYQJGW1,2026_26_sep_05,Citizen Science (ultrasonic) - shared
59~40306+18~07249_20260926_053006.wav,DEV_001_20260926_053006.wav,0,59.40306,18.07249,Phogri,Pholidoptera griseoaptera,Dark Bush-cricket,bush-cricket,0.94,,,26/09/2026,25/09/2026,05:30:06,ClassifEspSWE-0002026-05-29_1,JOHANKARLSSON,202609261754ILYQJGW1,2026_26_sep_05,Citizen Science (ultrasonic) - shared
59~40306+18~07249_20260926_053012.wav,DEV_001_20260926_053012.wav,0,59.40306,18.07249,Phogri,Pholidoptera griseoaptera,Dark Bush-cricket,bush-cricket,0.99,,,26/09/2026,25/09/2026,05:30:12,ClassifEspSWE-0002026-05-29_1,JOHANKARLSSON,202609261754ILYQJGW1,2026_26_sep_05,Citizen Science (ultrasonic) - shared
59~40306+18~07249_20260926_053018.wav,DEV_001_20260926_053018.wav,0,59.40306,18.07249,Phogri,Pholidoptera griseoaptera,Dark Bush-cricket,bush-cricket,0.98,,,26/09/2026,25/09/2026,05:30:18,ClassifEspSWE-0002026-05-29_1,JOHANKARLSSON,202609261754ILYQJGW1,2026_26_sep_05,Citizen Science (ultrasonic) - shared
59~40306+18~07249_20260926_053024.wav,DEV_001_20260926_053024.wav,0,59.40306,18.07249,Phogri,Pholidoptera griseoaptera,Dark Bush-cricket,bush-cricket,0.81,,,26/09/2026,25/09/2026,05:30:24,ClassifEspSWE-0002026-05-29_1,JOHANKARLSSON,202609261754ILYQJGW1,2026_26_sep_05,Citizen Science (ultrasonic) - shared
59~40306+18~07249_20260926_053029.wav,DEV_001_20260926_053029.wav,0,59.40306,18.07249,Phogri,Pholidoptera griseoaptera,Dark Bush-cricket,bush-cricket,0.99,,,26/09/2026,25/09/2026,05:30:29,ClassifEspSWE-0002026-05-29_1,JOHANKARLSSON,202609261754ILYQJGW1,2026_26_sep_05,Citizen Science (ultrasonic) - shared
59~40306+18~07249_20260926_053034.wav,DEV_001_20260926_053034.wav,0,59.40306,18.07249,Phogri,Pholidoptera griseoaptera,Dark Bush-cricket,bush-cricket,0.79,,,26/09/2026,25/09/2026,05:30:34,ClassifEspSWE-0002026-05-29_1,JOHANKARLSSON,202609261754ILYQJGW1,2026_26_sep_05,Citizen Science (ultrasonic) - shared
59~40306+18~07249_20260926_053040.wav,DEV_001_20260926_053040.wav,0,59.40306,18.07249,Phogri,Pholidoptera griseoaptera,Dark Bush-cricket,bush-cricket,0.68,,,26/09/2026,25/09/2026,05:30:40,ClassifEspSWE-0002026-05-29_1,JOHANKARLSSON,202609261754ILYQJGW1,2026_26_sep_05,Citizen Science (ultrasonic) - shared
59~40306+18~07249_20260926_053045.wav,DEV_001_20260926_053045.wav,0,59.40306,18.07249,Phogri,Pholidoptera griseoaptera,Dark Bush-cricket,bush-cricket,0.83,,,26/09/2026,25/09/2026,05:30:45,ClassifEspSWE-0002026-05-29_1,JOHANKARLSSON,202609261754ILYQJGW1,2026_26_sep_05,Citizen Science (ultrasonic) - shared
59~40306+18~07249_20260926_053051.wav,DEV_001_20260926_053051.wav,0,59.40306,18.07249,Phogri,Pholidoptera griseoaptera,Dark Bush-cricket,bush-cricket,0.58,,,26/09/2026,25/09/2026,05:30:51,ClassifEspSWE-0002026-05-29_1,JOHANKARLSSON,202609261754ILYQJGW1,2026_26_sep_05,Citizen Science (ultrasonic) - shared
59~40306+18~07249_20260926_053058.wav,DEV_001_20260926_053058.wav,0,59.40306,18.07249,Phogri,Pholidoptera griseoaptera,Dark Bush-cricket,bush-cricket,0.94,,,26/09/2026,25/09/2026,05:30:58,ClassifEspSWE-0002026-05-29_1,JOHANKARLSSON,202609261754ILYQJGW1,2026_26_sep_05,Citizen Science (ultrasonic) - shared
59~40306+18~07249_20260926_053105.wav,DEV_001_20260926_053105.wav,0,59.40306,18.07249,Phogri,Pholidoptera griseoaptera,Dark Bush-cricket,bush-cricket,0.98,,,26/09/2026,25/09/2026,05:31:05,ClassifEspSWE-0002026-05-29_1,JOHANKARLSSON,202609261754ILYQJGW1,2026_26_sep_05,Citizen Science (ultrasonic) - shared
59~40306+18~07249_20260926_053111.wav,DEV_001_20260926_053111.wav,0,59.40306,18.07249,Phogri,Pholidoptera griseoaptera,Dark Bush-cricket,bush-cricket,0.96,,,26/09/2026,25/09/2026,05:31:11,ClassifEspSWE-0002026-05-29_1,JOHANKARLSSON,202609261754ILYQJGW1,2026_26_sep_05,Citizen Science (ultrasonic) - shared
59~40306+18~07249_20260926_053117.wav,DEV_001_20260926_053117.wav,0,59.40306,18.07249,Phogri,Pholidoptera griseoaptera,Dark Bush-cricket,bush-cricket,0.99,,,26/09/2026,25/09/2026,05:31:17,ClassifEspSWE-0002026-05-29_1,JOHANKARLSSON,202609261754ILYQJGW1,2026_26_sep_05,Citizen Science (ultrasonic) - shared
59~40306+18~07249_20260926_053122.wav,DEV_001_20260926_053122.wav,0,59.40306,18.07249,Phogri,Pholidoptera griseoaptera,Dark Bush-cricket,bush-cricket,0.53,,,26/09/2026,25/09/2026,05:31:22,ClassifEspSWE-0002026-05-29_1,JOHANKARLSSON,202609261754ILYQJGW1,2026_26_sep_05,Citizen Science (ultrasonic) - shared
59~40306+18~07249_20260926_053127.wav,DEV_001_20260926_053127.wav,0,59.40306,18.07249,Phogri,Pholidoptera griseoaptera,Dark Bush-cricket,bush-cricket,0.99,,,26/09/2026,25/09/2026,05:31:27,ClassifEspSWE-0002026-05-29_1,JOHANKARLSSON,202609261754ILYQJGW1,2026_26_sep_05,Citizen Science (ultrasonic) - shared
59~40306+18~07249_20260926_053133.wav,DEV_001_20260926_053133.wav,0,59.40306,18.07249,Phogri,Pholidoptera griseoaptera,Dark Bush-cricket,bush-cricket,0.99,,,26/09/2026,25/09/2026,05:31:33,ClassifEspSWE-0002026-05-29_1,JOHANKARLSSON,202609261754ILYQJGW1,2026_26_sep_05,Citizen Science (ultrasonic) - shared
59~40306+18~07249_20260926_053139.wav,DEV_001_20260926_053139.wav,0,59.40306,18.07249,Phogri,Pholidoptera griseoaptera,Dark Bush-cricket,bush-cricket,0.98,,,26/09/2026,25/09/2026,05:31:39,ClassifEspSWE-0002026-05-29_1,JOHANKARLSSON,202609261754ILYQJGW1,2026_26_sep_05,Citizen Science (ultrasonic) - shared
59~40306+18~07249_20260926_053145.wav,DEV_001_20260926_053145.wav,0,59.40306,18.07249,Phogri,Pholidoptera griseoaptera,Dark Bush-cricket,bush-cricket,0.87,,,26/09/2026,25/09/2026,05:31:45,ClassifEspSWE-0002026-05-29_1,JOHANKARLSSON,202609261754ILYQJGW1,2026_26_sep_05,Citizen Science (ultrasonic) - shared
59~40306+18~07249_20260926_053151.wav,DEV_001_20260926_053151.wav,0,59.40306,18.07249,Phogri,Pholidoptera griseoaptera,Dark Bush-cricket,bush-cricket,0.98,,,26/09/2026,25/09/2026,05:31:51,ClassifEspSWE-0002026-05-29_1,JOHANKARLSSON,202609261754ILYQJGW1,2026_26_sep_05,Citizen Science (ultrasonic) - shared
59~40306+18~07249_20260926_053157.wav,DEV_001_20260926_053157.wav,0,59.40306,18.07249,Phogri,Pholidoptera griseoaptera,Dark Bush-cricket,bush-cricket,0.95,,,26/09/2026,25/09/2026,05:31:57,ClassifEspSWE-0002026-05-29_1,JOHANKARLSSON,202609261754ILYQJGW1,2026_26_sep_05,Citizen Science (ultrasonic) - shared
59~40306+18~07249_20260926_053203.wav,DEV_001_20260926_053203.wav,0,59.40306,18.07249,Phogri,Pholidoptera griseoaptera,Dark Bush-cricket,bush-cricket,0.98,,,26/09/2026,25/09/2026,05:32:03,ClassifEspSWE-0002026-05-29_1,JOHANKARLSSON,202609261754ILYQJGW1,2026_26_sep_05,Citizen Science (ultrasonic) - shared
59~40306+18~07249_20260926_053209.wav,DEV_001_20260926_053209.wav,0,59.40306,18.07249,Phogri,Pholidoptera griseoaptera,Dark Bush-cricket,bush-cricket,0.98,,,26/09/2026,25/09/2026,05:32:09,ClassifEspSWE-0002026-05-29_1,JOHANKARLSSON,202609261754ILYQJGW1,2026_26_sep_05,Citizen Science (ultrasonic) - shared
59~40306+18~07249_20260926_053214.wav,DEV_001_20260926_053214.wav,0,59.40306,18.07249,Phogri,Pholidoptera griseoaptera,Dark Bush-cricket,bush-cricket,0.99,,,26/09/2026,25/09/2026,05:32:14,ClassifEspSWE-0002026-05-29_1,JOHANKARLSSON,202609261754ILYQJGW1,2026_26_sep_05,Citizen Science (ultrasonic) - shared
59~40306+18~07249_20260926_053220.wav,DEV_001_20260926_053220.wav,0,59.40306,18.07249,Phogri,Pholidoptera griseoaptera,Dark Bush-cricket,bush-cricket,0.98,,,26/09/2026,25/09/2026,05:32:20,ClassifEspSWE-0002026-05-29_1,JOHANKARLSSON,202609261754ILYQJGW1,2026_26_sep_05,Citizen Science (ultrasonic) - shared
59~40306+18~07249_20260926_053225.wav,DEV_001_20260926_053225.wav,0,59.40306,18.07249,Phogri,Pholidoptera griseoaptera,Dark Bush-cricket,bush-cricket,0.99,,,26/09/2026,25/09/2026,05:32:25,ClassifEspSWE-0002026-05-29_1,JOHANKARLSSON,202609261754ILYQJGW1,2026_26_sep_05,Citizen Science (ultrasonic) - shared
59~40306+18~07249_20260926_053230.wav,DEV_001_20260926_053230.wav,0,59.40306,18.07249,Phogri,Pholidoptera griseoaptera,Dark Bush-cricket,bush-cricket,0.99,,,26/09/2026,25/09/2026,05:32:30,ClassifEspSWE-0002026-05-29_1,JOHANKARLSSON,202609261754ILYQJGW1,2026_26_sep_05,Citizen Science (ultrasonic) - shared
59~40306+18~07249_20260926_053237.wav,DEV_001_20260926_053237.wav,0,59.40306,18.07249,Phogri,Pholidoptera griseoaptera,Dark Bush-cricket,bush-cricket,0.98,,,26/09/2026,25/09/2026,05:32:37,ClassifEspSWE-0002026-05-29_1,JOHANKARLSSON,202609261754ILYQJGW1,2026_26_sep_05,Citizen Science (ultrasonic) - shared
59~40306+18~07249_20260926_053243.wav,DEV_001_20260926_053243.wav,0,59.40306,18.07249,Phogri,Pholidoptera griseoaptera,Dark Bush-cricket,bush-cricket,0.79,,,26/09/2026,25/09/2026,05:32:43,ClassifEspSWE-0002026-05-29_1,JOHANKARLSSON,202609261754ILYQJGW1,2026_26_sep_05,Citizen Science (ultrasonic) - shared
59~40306+18~07249_20260926_053249.wav,DEV_001_20260926_053249.wav,0,59.40306,18.07249,Phogri,Pholidoptera griseoaptera,Dark Bush-cricket,bush-cricket,0.99,,,26/09/2026,25/09/2026,05:32:49,ClassifEspSWE-0002026-05-29_1,JOHANKARLSSON,202609261754ILYQJGW1,2026_26_sep_05,Citizen Science (ultrasonic) - shared
59~40306+18~07249_20260926_053254.wav,DEV_001_20260926_053254.wav,0,59.40306,18.07249,Phogri,Pholidoptera griseoaptera,Dark Bush-cricket,bush-cricket,0.99,,,26/09/2026,25/09/2026,05:32:54,ClassifEspSWE-0002026-05-29_1,JOHANKARLSSON,202609261754ILYQJGW1,2026_26_sep_05,Citizen Science (ultrasonic) - shared
59~40306+18~07249_20260926_053301.wav,DEV_001_20260926_053301.wav,0,59.40306,18.07249,Phogri,Pholidoptera griseoaptera,Dark Bush-cricket,bush-cricket,0.96,,,26/09/2026,25/09/2026,05:33:01,ClassifEspSWE-0002026-05-29_1,JOHANKARLSSON,202609261754ILYQJGW1,2026_26_sep_05,Citizen Science (ultrasonic) - shared
59~40306+18~07249_20260926_053307.wav,DEV_001_20260926_053307.wav,0,59.40306,18.07249,Phogri,Pholidoptera griseoaptera,Dark Bush-cricket,bush-cricket,0.86,,,26/09/2026,25/09/2026,05:33:07,ClassifEspSWE-0002026-05-29_1,JOHANKARLSSON,202609261754ILYQJGW1,2026_26_sep_05,Citizen Science (ultrasonic) - shared
59~40306+18~07249_20260926_053313.wav,DEV_001_20260926_053313.wav,0,59.40306,18.07249,Phogri,Pholidoptera griseoaptera,Dark Bush-cricket,bush-cricket,0.95,,,26/09/2026,25/09/2026,05:33:13,ClassifEspSWE-0002026-05-29_1,JOHANKARLSSON,202609261754ILYQJGW1,2026_26_sep_05,Citizen Science (ultrasonic) - shared
59~40306+18~07249_20260926_053319.wav,DEV_001_20260926_053319.wav,0,59.40306,18.07249,Phogri,Pholidoptera griseoaptera,Dark Bush-cricket,bush-cricket,0.99,,,26/09/2026,25/09/2026,05:33:19,ClassifEspSWE-0002026-05-29_1,JOHANKARLSSON,202609261754ILYQJGW1,2026_26_sep_05,Citizen Science (ultrasonic) - shared
59~40306+18~07249_20260926_053325.wav,DEV_001_20260926_053325.wav,0,59.40306,18.07249,Phogri,Pholidoptera griseoaptera,Dark Bush-cricket,bush-cricket,0.92,,,26/09/2026,25/09/2026,05:33:25,ClassifEspSWE-0002026-05-29_1,JOHANKARLSSON,202609261754ILYQJGW1,2026_26_sep_05,Citizen Science (ultrasonic) - shared
59~40306+18~07249_20260926_053331.wav,DEV_001_20260926_053331.wav,0,59.40306,18.07249,Phogri,Pholidoptera griseoaptera,Dark Bush-cricket,bush-cricket,0.96,,,26/09/2026,25/09/2026,05:33:31,ClassifEspSWE-0002026-05-29_1,JOHANKARLSSON,202609261754ILYQJGW1,2026_26_sep_05,Citizen Science (ultrasonic) - shared
59~40306+18~07249_20260926_053336.wav,DEV_001_20260926_053336.wav,0,59.40306,18.07249,Phogri,Pholidoptera griseoaptera,Dark Bush-cricket,bush-cricket,0.97,,,26/09/2026,25/09/2026,05:33:36,ClassifEspSWE-0002026-05-29_1,JOHANKARLSSON,202609261754ILYQJGW1,2026_26_sep_05,Citizen Science (ultrasonic) - shared
59~40306+18~07249_20260926_053343.wav,DEV_001_20260926_053343.wav,0,59.40306,18.07249,Phogri,Pholidoptera griseoaptera,Dark Bush-cricket,bush-cricket,0.93,,,26/09/2026,25/09/2026,05:33:43,ClassifEspSWE-0002026-05-29_1,JOHANKARLSSON,202609261754ILYQJGW1,2026_26_sep_05,Citizen Science (ultrasonic) - shared
59~40306+18~07249_20260926_053349.wav,DEV_001_20260926_053349.wav,0,59.40306,18.07249,Phogri,Pholidoptera griseoaptera,Dark Bush-cricket,bush-cricket,0.97,,,26/09/2026,25/09/2026,05:33:49,ClassifEspSWE-0002026-05-29_1,JOHANKARLSSON,202609261754ILYQJGW1,2026_26_sep_05,Citizen Science (ultrasonic) - shared
59~40306+18~07249_20260926_053354.wav,DEV_001_20260926_053354.wav,0,59.40306,18.07249,Phogri,Pholidoptera griseoaptera,Dark Bush-cricket,bush-cricket,0.98,,,26/09/2026,25/09/2026,05:33:54,ClassifEspSWE-0002026-05-29_1,JOHANKARLSSON,202609261754ILYQJGW1,2026_26_sep_05,Citizen Science (ultrasonic) - shared
59~40306+18~07249_20260926_053401.wav,DEV_001_20260926_053401.wav,0,59.40306,18.07249,Phogri,Pholidoptera griseoaptera,Dark Bush-cricket,bush-cricket,0.72,,,26/09/2026,25/09/2026,05:34:01,ClassifEspSWE-0002026-05-29_1,JOHANKARLSSON,202609261754ILYQJGW1,2026_26_sep_05,Citizen Science (ultrasonic) - shared
59~40306+18~07249_20260926_053407.wav,DEV_001_20260926_053407.wav,0,59.40306,18.07249,Phogri,Pholidoptera griseoaptera,Dark Bush-cricket,bush-cricket,0.98,,,26/09/2026,25/09/2026,05:34:07,ClassifEspSWE-0002026-05-29_1,JOHANKARLSSON,202609261754ILYQJGW1,2026_26_sep_05,Citizen Science (ultrasonic) - shared
59~40306+18~07249_20260926_053412.wav,DEV_001_20260926_053412.wav,0,59.40306,18.07249,Phogri,Pholidoptera griseoaptera,Dark Bush-cricket,bush-cricket,0.97,,,26/09/2026,25/09/2026,05:34:12,ClassifEspSWE-0002026-05-29_1,JOHANKARLSSON,202609261754ILYQJGW1,2026_26_sep_05,Citizen Science (ultrasonic) - shared
59~40306+18~07249_20260926_053418.wav,DEV_001_20260926_053418.wav,0,59.40306,18.07249,Phogri,Pholidoptera griseoaptera,Dark Bush-cricket,bush-cricket,0.71,,,26/09/2026,25/09/2026,05:34:18,ClassifEspSWE-0002026-05-29_1,JOHANKARLSSON,202609261754ILYQJGW1,2026_26_sep_05,Citizen Science (ultrasonic) - shared
59~40306+18~07249_20260926_053423.wav,DEV_001_20260926_053423.wav,0,59.40306,18.07249,Phogri,Pholidoptera griseoaptera,Dark Bush-cricket,bush-cricket,0.99,,,26/09/2026,25/09/2026,05:34:23,ClassifEspSWE-0002026-05-29_1,JOHANKARLSSON,202609261754ILYQJGW1,2026_26_sep_05,Citizen Science (ultrasonic) - shared
59~40306+18~07249_20260926_053429.wav,DEV_001_20260926_053429.wav,0,59.40306,18.07249,Phogri,Pholidoptera griseoaptera,Dark Bush-cricket,bush-cricket,0.98,,,26/09/2026,25/09/2026,05:34:29,ClassifEspSWE-0002026-05-29_1,JOHANKARLSSON,202609261754ILYQJGW1,2026_26_sep_05,Citizen Science (ultrasonic) - shared
59~40306+18~07249_20260926_053435.wav,DEV_001_20260926_053435.wav,0,59.40306,18.07249,Phogri,Pholidoptera griseoaptera,Dark Bush-cricket,bush-cricket,0.99,,,26/09/2026,25/09/2026,05:34:35,ClassifEspSWE-0002026-05-29_1,JOHANKARLSSON,202609261754ILYQJGW1,2026_26_sep_05,Citizen Science (ultrasonic) - shared
59~40306+18~07249_20260926_053441.wav,DEV_001_20260926_053441.wav,0,59.40306,18.07249,Phogri,Pholidoptera griseoaptera,Dark Bush-cricket,bush-cricket,0.99,,,26/09/2026,25/09/2026,05:34:41,ClassifEspSWE-0002026-05-29_1,JOHANKARLSSON,202609261754ILYQJGW1,2026_26_sep_05,Citizen Science (ultrasonic) - shared
59~40306+18~07249_20260926_053447.wav,DEV_001_20260926_053447.wav,0,59.40306,18.07249,Phogri,Pholidoptera griseoaptera,Dark Bush-cricket,bush-cricket,0.95,,,26/09/2026,25/09/2026,05:34:47,ClassifEspSWE-0002026-05-29_1,JOHANKARLSSON,202609261754ILYQJGW1,2026_26_sep_05,Citizen Science (ultrasonic) - shared
59~40306+18~07249_20260926_053453.wav,DEV_001_20260926_053453.wav,0,59.40306,18.07249,Phogri,Pholidoptera griseoaptera,Dark Bush-cricket,bush-cricket,0.99,,,26/09/2026,25/09/2026,05:34:53,ClassifEspSWE-0002026-05-29_1,JOHANKARLSSON,202609261754ILYQJGW1,2026_26_sep_05,Citizen Science (ultrasonic) - shared
59~40306+18~07249_20260926_053459.wav,DEV_001_20260926_053459.wav,0,59.40306,18.07249,Phogri,Pholidoptera griseoaptera,Dark Bush-cricket,bush-cricket,0.99,,,26/09/2026,25/09/2026,05:34:59,ClassifEspSWE-0002026-05-29_1,JOHANKARLSSON,202609261754ILYQJGW1,2026_26_sep_05,Citizen Science (ultrasonic) - shared
59~40306+18~07249_20260926_053504.wav,DEV_001_20260926_053504.wav,0,59.40306,18.07249,Phogri,Pholidoptera griseoaptera,Dark Bush-cricket,bush-cricket,0.98,,,26/09/2026,25/09/2026,05:35:04,ClassifEspSWE-0002026-05-29_1,JOHANKARLSSON,202609261754ILYQJGW1,2026_26_sep_05,Citizen Science (ultrasonic) - shared
59~40306+18~07249_20260926_053510.wav,DEV_001_20260926_053510.wav,0,59.40306,18.07249,Phogri,Pholidoptera griseoaptera,Dark Bush-cricket,bush-cricket,0.99,,,26/09/2026,25/09/2026,05:35:10,ClassifEspSWE-0002026-05-29_1,JOHANKARLSSON,202609261754ILYQJGW1,2026_26_sep_05,Citizen Science (ultrasonic) - shared
59~40306+18~07249_20260926_053515.wav,DEV_001_20260926_053515.wav,0,59.40306,18.07249,Phogri,Pholidoptera griseoaptera,Dark Bush-cricket,bush-cricket,0.88,,,26/09/2026,25/09/2026,05:35:15,ClassifEspSWE-0002026-05-29_1,JOHANKARLSSON,202609261754ILYQJGW1,2026_26_sep_05,Citizen Science (ultrasonic) - shared
59~40306+18~07249_20260926_053521.wav,DEV_001_20260926_053521.wav,0,59.40306,18.07249,Phogri,Pholidoptera griseoaptera,Dark Bush-cricket,bush-cricket,0.97,,,26/09/2026,25/09/2026,05:35:21,ClassifEspSWE-0002026-05-29_1,JOHANKARLSSON,202609261754ILYQJGW1,2026_26_sep_05,Citizen Science (ultrasonic) - shared
59~40306+18~07249_20260926_053527.wav,DEV_001_20260926_053527.wav,0,59.40306,18.07249,Phogri,Pholidoptera griseoaptera,Dark Bush-cricket,bush-cricket,0.99,,,26/09/2026,25/09/2026,05:35:27,ClassifEspSWE-0002026-05-29_1,JOHANKARLSSON,202609261754ILYQJGW1,2026_26_sep_05,Citizen Science (ultrasonic) - shared
59~40306+18~07249_20260926_053532.wav,DEV_001_20260926_053532.wav,0,59.40306,18.07249,Phogri,Pholidoptera griseoaptera,Dark Bush-cricket,bush-cricket,0.98,,,26/09/2026,25/09/2026,05:35:32,ClassifEspSWE-0002026-05-29_1,JOHANKARLSSON,202609261754ILYQJGW1,2026_26_sep_05,Citizen Science (ultrasonic) - shared
59~40306+18~07249_20260926_053540.wav,DEV_001_20260926_053540.wav,0,59.40306,18.07249,Phogri,Pholidoptera griseoaptera,Dark Bush-cricket,bush-cricket,0.9,,,26/09/2026,25/09/2026,05:35:40,ClassifEspSWE-0002026-05-29_1,JOHANKARLSSON,202609261754ILYQJGW1,2026_26_sep_05,Citizen Science (ultrasonic) - shared
59~40306+18~07249_20260926_053545.wav,DEV_001_20260926_053545.wav,0,59.40306,18.07249,Phogri,Pholidoptera griseoaptera,Dark Bush-cricket,bush-cricket,0.82,,,26/09/2026,25/09/2026,05:35:45,ClassifEspSWE-0002026-05-29_1,JOHANKARLSSON,202609261754ILYQJGW1,2026_26_sep_05,Citizen Science (ultrasonic) - shared
59~40306+18~07249_20260926_053551.wav,DEV_001_20260926_053551.wav,0,59.40306,18.07249,Phogri,Pholidoptera griseoaptera,Dark Bush-cricket,bush-cricket,0.83,,,26/09/2026,25/09/2026,05:35:51,ClassifEspSWE-0002026-05-29_1,JOHANKARLSSON,202609261754ILYQJGW1,2026_26_sep_05,Citizen Science (ultrasonic) - shared
59~40306+18~07249_20260926_053557.wav,DEV_001_20260926_053557.wav,0,59.40306,18.07249,Phogri,Pholidoptera griseoaptera,Dark Bush-cricket,bush-cricket,0.99,,,26/09/2026,25/09/2026,05:35:57,ClassifEspSWE-0002026-05-29_1,JOHANKARLSSON,202609261754ILYQJGW1,2026_26_sep_05,Citizen Science (ultrasonic) - shared
59~40306+18~07249_20260926_053603.wav,DEV_001_20260926_053603.wav,0,59.40306,18.07249,Phogri,Pholidoptera griseoaptera,Dark Bush-cricket,bush-cricket,0.96,,,26/09/2026,25/09/2026,05:36:03,ClassifEspSWE-0002026-05-29_1,JOHANKARLSSON,202609261754ILYQJGW1,2026_26_sep_05,Citizen Science (ultrasonic) - shared
59~40306+18~07249_20260926_053608.wav,DEV_001_20260926_053608.wav,0,59.40306,18.07249,Phogri,Pholidoptera griseoaptera,Dark Bush-cricket,bush-cricket,0.99,,,26/09/2026,25/09/2026,05:36:08,ClassifEspSWE-0002026-05-29_1,JOHANKARLSSON,202609261754ILYQJGW1,2026_26_sep_05,Citizen Science (ultrasonic) - shared
59~40306+18~07249_20260926_053615.wav,DEV_001_20260926_053615.wav,0,59.40306,18.07249,Phogri,Pholidoptera griseoaptera,Dark Bush-cricket,bush-cricket,0.99,,,26/09/2026,25/09/2026,05:36:15,ClassifEspSWE-0002026-05-29_1,JOHANKARLSSON,202609261754ILYQJGW1,2026_26_sep_05,Citizen Science (ultrasonic) - shared
59~40306+18~07249_20260926_053621.wav,DEV_001_20260926_053621.wav,0,59.40306,18.07249,Phogri,Pholidoptera griseoaptera,Dark Bush-cricket,bush-cricket,0.95,,,26/09/2026,25/09/2026,05:36:21,ClassifEspSWE-0002026-05-29_1,JOHANKARLSSON,202609261754ILYQJGW1,2026_26_sep_05,Citizen Science (ultrasonic) - shared
59~40306+18~07249_20260926_053627.wav,DEV_001_20260926_053627.wav,0,59.40306,18.07249,Phogri,Pholidoptera griseoaptera,Dark Bush-cricket,bush-cricket,0.67,,,26/09/2026,25/09/2026,05:36:27,ClassifEspSWE-0002026-05-29_1,JOHANKARLSSON,202609261754ILYQJGW1,2026_26_sep_05,Citizen Science (ultrasonic) - shared
59~40306+18~07249_20260926_053633.wav,DEV_001_20260926_053633.wav,0,59.40306,18.07249,Phogri,Pholidoptera griseoaptera,Dark Bush-cricket,bush-cricket,0.98,,,26/09/2026,25/09/2026,05:36:33,ClassifEspSWE-0002026-05-29_1,JOHANKARLSSON,202609261754ILYQJGW1,2026_26_sep_05,Citizen Science (ultrasonic) - shared
59~40306+18~07249_20260926_053639.wav,DEV_001_20260926_053639.wav,0,59.40306,18.07249,Phogri,Pholidoptera griseoaptera,Dark Bush-cricket,bush-cricket,0.97,,,26/09/2026,25/09/2026,05:36:39,ClassifEspSWE-0002026-05-29_1,JOHANKARLSSON,202609261754ILYQJGW1,2026_26_sep_05,Citizen Science (ultrasonic) - shared
59~40306+18~07249_20260926_053645.wav,DEV_001_20260926_053645.wav,0,59.40306,18.07249,Phogri,Pholidoptera griseoaptera,Dark Bush-cricket,bush-cricket,0.95,,,26/09/2026,25/09/2026,05:36:45,ClassifEspSWE-0002026-05-29_1,JOHANKARLSSON,202609261754ILYQJGW1,2026_26_sep_05,Citizen Science (ultrasonic) - shared
59~40306+18~07249_20260926_053652.wav,DEV_001_20260926_053652.wav,0,59.40306,18.07249,Phogri,Pholidoptera griseoaptera,Dark Bush-cricket,bush-cricket,0.99,,,26/09/2026,25/09/2026,05:36:52,ClassifEspSWE-0002026-05-29_1,JOHANKARLSSON,202609261754ILYQJGW1,2026_26_sep_05,Citizen Science (ultrasonic) - shared
59~40306+18~07249_20260926_053657.wav,DEV_001_20260926_053657.wav,0,59.40306,18.07249,Phogri,Pholidoptera griseoaptera,Dark Bush-cricket,bush-cricket,0.99,,,26/09/2026,25/09/2026,05:36:57,ClassifEspSWE-0002026-05-29_1,JOHANKARLSSON,202609261754ILYQJGW1,2026_26_sep_05,Citizen Science (ultrasonic) - shared
59~40306+18~07249_20260926_053703.wav,DEV_001_20260926_053703.wav,0,59.40306,18.07249,Phogri,Pholidoptera griseoaptera,Dark Bush-cricket,bush-cricket,0.97,,,26/09/2026,25/09/2026,05:37:03,ClassifEspSWE-0002026-05-29_1,JOHANKARLSSON,202609261754ILYQJGW1,2026_26_sep_05,Citizen Science (ultrasonic) - shared
59~40306+18~07249_20260926_053708.wav,DEV_001_20260926_053708.wav,0,59.40306,18.07249,Phogri,Pholidoptera griseoaptera,Dark Bush-cricket,bush-cricket,0.98,,,26/09/2026,25/09/2026,05:37:08,ClassifEspSWE-0002026-05-29_1,JOHANKARLSSON,202609261754ILYQJGW1,2026_26_sep_05,Citizen Science (ultrasonic) - shared
59~40306+18~07249_20260926_053713.wav,DEV_001_20260926_053713.wav,0,59.40306,18.07249,Phogri,Pholidoptera griseoaptera,Dark Bush-cricket,bush-cricket,0.99,,,26/09/2026,25/09/2026,05:37:13,ClassifEspSWE-0002026-05-29_1,JOHANKARLSSON,202609261754ILYQJGW1,2026_26_sep_05,Citizen Science (ultrasonic) - shared
59~40306+18~07249_20260926_053719.wav,DEV_001_20260926_053719.wav,0,59.40306,18.07249,Phogri,Pholidoptera griseoaptera,Dark Bush-cricket,bush-cricket,0.98,,,26/09/2026,25/09/2026,05:37:19,ClassifEspSWE-0002026-05-29_1,JOHANKARLSSON,202609261754ILYQJGW1,2026_26_sep_05,Citizen Science (ultrasonic) - shared
59~40306+18~07249_20260926_053725.wav,DEV_001_20260926_053725.wav,0,59.40306,18.07249,Phogri,Pholidoptera griseoaptera,Dark Bush-cricket,bush-cricket,0.99,,,26/09/2026,25/09/2026,05:37:25,ClassifEspSWE-0002026-05-29_1,JOHANKARLSSON,202609261754ILYQJGW1,2026_26_sep_05,Citizen Science (ultrasonic) - shared
59~40306+18~07249_20260926_053731.wav,DEV_001_20260926_053731.wav,0,59.40306,18.07249,Phogri,Pholidoptera griseoaptera,Dark Bush-cricket,bush-cricket,0.98,,,26/09/2026,25/09/2026,05:37:31,ClassifEspSWE-0002026-05-29_1,JOHANKARLSSON,202609261754ILYQJGW1,2026_26_sep_05,Citizen Science (ultrasonic) - shared
59~40306+18~07249_20260926_053736.wav,DEV_001_20260926_053736.wav,0,59.40306,18.07249,Phogri,Pholidoptera griseoaptera,Dark Bush-cricket,bush-cricket,0.95,,,26/09/2026,25/09/2026,05:37:36,ClassifEspSWE-0002026-05-29_1,JOHANKARLSSON,202609261754ILYQJGW1,2026_26_sep_05,Citizen Science (ultrasonic) - shared
59~40306+18~07249_20260926_053742.wav,DEV_001_20260926_053742.wav,0,59.40306,18.07249,Phogri,Pholidoptera griseoaptera,Dark Bush-cricket,bush-cricket,0.98,,,26/09/2026,25/09/2026,05:37:42,ClassifEspSWE-0002026-05-29_1,JOHANKARLSSON,202609261754ILYQJGW1,2026_26_sep_05,Citizen Science (ultrasonic) - shared
59~40306+18~07249_20260926_053748.wav,DEV_001_20260926_053748.wav,0,59.40306,18.07249,Phogri,Pholidoptera griseoaptera,Dark Bush-cricket,bush-cricket,0.98,,,26/09/2026,25/09/2026,05:37:48,ClassifEspSWE-0002026-05-29_1,JOHANKARLSSON,202609261754ILYQJGW1,2026_26_sep_05,Citizen Science (ultrasonic) - shared
59~40306+18~07249_20260926_053753.wav,DEV_001_20260926_053753.wav,0,59.40306,18.07249,Phogri,Pholidoptera griseoaptera,Dark Bush-cricket,bush-cricket,0.99,,,26/09/2026,25/09/2026,05:37:53,ClassifEspSWE-0002026-05-29_1,JOHANKARLSSON,202609261754ILYQJGW1,2026_26_sep_05,Citizen Science (ultrasonic) - shared
59~40306+18~07249_20260926_053759.wav,DEV_001_20260926_053759.wav,0,59.40306,18.07249,Phogri,Pholidoptera griseoaptera,Dark Bush-cricket,bush-cricket,0.81,,,26/09/2026,25/09/2026,05:37:59,ClassifEspSWE-0002026-05-29_1,JOHANKARLSSON,202609261754ILYQJGW1,2026_26_sep_05,Citizen Science (ultrasonic) - shared
59~40306+18~07249_20260926_053804.wav,DEV_001_20260926_053804.wav,0,59.40306,18.07249,Phogri,Pholidoptera griseoaptera,Dark Bush-cricket,bush-cricket,0.99,,,26/09/2026,25/09/2026,05:38:04,ClassifEspSWE-0002026-05-29_1,JOHANKARLSSON,202609261754ILYQJGW1,2026_26_sep_05,Citizen Science (ultrasonic) - shared
59~40306+18~07249_20260926_053810.wav,DEV_001_20260926_053810.wav,0,59.40306,18.07249,Phogri,Pholidoptera griseoaptera,Dark Bush-cricket,bush-cricket,0.9,,,26/09/2026,25/09/2026,05:38:10,ClassifEspSWE-0002026-05-29_1,JOHANKARLSSON,202609261754ILYQJGW1,2026_26_sep_05,Citizen Science (ultrasonic) - shared
59~40306+18~07249_20260926_053822.wav,DEV_001_20260926_053822.wav,0,59.40306,18.07249,Phogri,Pholidoptera griseoaptera,Dark Bush-cricket,bush-cricket,0.58,,,26/09/2026,25/09/2026,05:38:22,ClassifEspSWE-0002026-05-29_1,JOHANKARLSSON,202609261754ILYQJGW1,2026_26_sep_05,Citizen Science (ultrasonic) - shared
59~40306+18~07249_20260926_053827.wav,DEV_001_20260926_053827.wav,0,59.40306,18.07249,Phogri,Pholidoptera griseoaptera,Dark Bush-cricket,bush-cricket,0.89,,,26/09/2026,25/09/2026,05:38:27,ClassifEspSWE-0002026-05-29_1,JOHANKARLSSON,202609261754ILYQJGW1,2026_26_sep_05,Citizen Science (ultrasonic) - shared
59~40306+18~07249_20260926_053833.wav,DEV_001_20260926_053833.wav,0,59.40306,18.07249,Phogri,Pholidoptera griseoaptera,Dark Bush-cricket,bush-cricket,0.98,,,26/09/2026,25/09/2026,05:38:33,ClassifEspSWE-0002026-05-29_1,JOHANKARLSSON,202609261754ILYQJGW1,2026_26_sep_05,Citizen Science (ultrasonic) - shared
59~40306+18~07249_20260926_053840.wav,DEV_001_20260926_053840.wav,0,59.40306,18.07249,Phogri,Pholidoptera griseoaptera,Dark Bush-cricket,bush-cricket,0.99,,,26/09/2026,25/09/2026,05:38:40,ClassifEspSWE-0002026-05-29_1,JOHANKARLSSON,202609261754ILYQJGW1,2026_26_sep_05,Citizen Science (ultrasonic) - shared
59~40306+18~07249_20260926_053846.wav,DEV_001_20260926_053846.wav,0,59.40306,18.07249,Phogri,Pholidoptera griseoaptera,Dark Bush-cricket,bush-cricket,0.85,,,26/09/2026,25/09/2026,05:38:46,ClassifEspSWE-0002026-05-29_1,JOHANKARLSSON,202609261754ILYQJGW1,2026_26_sep_05,Citizen Science (ultrasonic) - shared
59~40306+18~07249_20260926_053852.wav,DEV_001_20260926_053852.wav,0,59.40306,18.07249,Phogri,Pholidoptera griseoaptera,Dark Bush-cricket,bush-cricket,0.64,,,26/09/2026,25/09/2026,05:38:52,ClassifEspSWE-0002026-05-29_1,JOHANKARLSSON,202609261754ILYQJGW1,2026_26_sep_05,Citizen Science (ultrasonic) - shared
59~40306+18~07249_20260926_053858.wav,DEV_001_20260926_053858.wav,0,59.40306,18.07249,Phogri,Pholidoptera griseoaptera,Dark Bush-cricket,bush-cricket,0.82,,,26/09/2026,25/09/2026,05:38:58,ClassifEspSWE-0002026-05-29_1,JOHANKARLSSON,202609261754ILYQJGW1,2026_26_sep_05,Citizen Science (ultrasonic) - shared
59~40306+18~07249_20260926_053903.wav,DEV_001_20260926_053903.wav,0,59.40306,18.07249,Phogri,Pholidoptera griseoaptera,Dark Bush-cricket,bush-cricket,0.98,,,26/09/2026,25/09/2026,05:39:03,ClassifEspSWE-0002026-05-29_1,JOHANKARLSSON,202609261754ILYQJGW1,2026_26_sep_05,Citizen Science (ultrasonic) - shared
59~40306+18~07249_20260926_053910.wav,DEV_001_20260926_053910.wav,0,59.40306,18.07249,Phogri,Pholidoptera griseoaptera,Dark Bush-cricket,bush-cricket,0.88,,,26/09/2026,25/09/2026,05:39:10,ClassifEspSWE-0002026-05-29_1,JOHANKARLSSON,202609261754ILYQJGW1,2026_26_sep_05,Citizen Science (ultrasonic) - shared
59~40306+18~07249_20260926_053916.wav,DEV_001_20260926_053916.wav,0,59.40306,18.07249,Phogri,Pholidoptera griseoaptera,Dark Bush-cricket,bush-cricket,0.77,,,26/09/2026,25/09/2026,05:39:16,ClassifEspSWE-0002026-05-29_1,JOHANKARLSSON,202609261754ILYQJGW1,2026_26_sep_05,Citizen Science (ultrasonic) - shared
59~40306+18~07249_20260926_053922.wav,DEV_001_20260926_053922.wav,0,59.40306,18.07249,Phogri,Pholidoptera griseoaptera,Dark Bush-cricket,bush-cricket,0.99,,,26/09/2026,25/09/2026,05:39:22,ClassifEspSWE-0002026-05-29_1,JOHANKARLSSON,202609261754ILYQJGW1,2026_26_sep_05,Citizen Science (ultrasonic) - shared
59~40306+18~07249_20260926_053927.wav,DEV_001_20260926_053927.wav,0,59.40306,18.07249,Phogri,Pholidoptera griseoaptera,Dark Bush-cricket,bush-cricket,0.99,,,26/09/2026,25/09/2026,05:39:27,ClassifEspSWE-0002026-05-29_1,JOHANKARLSSON,202609261754ILYQJGW1,2026_26_sep_05,Citizen Science (ultrasonic) - shared
59~40306+18~07249_20260926_053933.wav,DEV_001_20260926_053933.wav,0,59.40306,18.07249,Phogri,Pholidoptera griseoaptera,Dark Bush-cricket,bush-cricket,0.7,,,26/09/2026,25/09/2026,05:39:33,ClassifEspSWE-0002026-05-29_1,JOHANKARLSSON,202609261754ILYQJGW1,2026_26_sep_05,Citizen Science (ultrasonic) - shared
59~40306+18~07249_20260926_053938.wav,DEV_001_20260926_053938.wav,0,59.40306,18.07249,Phogri,Pholidoptera griseoaptera,Dark Bush-cricket,bush-cricket,0.99,,,26/09/2026,25/09/2026,05:39:38,ClassifEspSWE-0002026-05-29_1,JOHANKARLSSON,202609261754ILYQJGW1,2026_26_sep_05,Citizen Science (ultrasonic) - shared
59~40306+18~07249_20260926_053944.wav,DEV_001_20260926_053944.wav,0,59.40306,18.07249,Phogri,Pholidoptera griseoaptera,Dark Bush-cricket,bush-cricket,0.92,,,26/09/2026,25/09/2026,05:39:44,ClassifEspSWE-0002026-05-29_1,JOHANKARLSSON,202609261754ILYQJGW1,2026_26_sep_05,Citizen Science (ultrasonic) - shared
59~40306+18~07249_20260926_053949.wav,DEV_001_20260926_053949.wav,0,59.40306,18.07249,Phogri,Pholidoptera griseoaptera,Dark Bush-cricket,bush-cricket,0.77,,,26/09/2026,25/09/2026,05:39:49,ClassifEspSWE-0002026-05-29_1,JOHANKARLSSON,202609261754ILYQJGW1,2026_26_sep_05,Citizen Science (ultrasonic) - shared
59~40306+18~07249_20260926_053955.wav,DEV_001_20260926_053955.wav,0,59.40306,18.07249,Phogri,Pholidoptera griseoaptera,Dark Bush-cricket,bush-cricket,0.64,,,26/09/2026,25/09/2026,05:39:55,ClassifEspSWE-0002026-05-29_1,JOHANKARLSSON,202609261754ILYQJGW1,2026_26_sep_05,Citizen Science (ultrasonic) - shared
59~40306+18~07249_20260926_054000.wav,DEV_001_20260926_054000.wav,0,59.40306,18.07249,Phogri,Pholidoptera griseoaptera,Dark Bush-cricket,bush-cricket,0.99,,,26/09/2026,25/09/2026,05:40:00,ClassifEspSWE-0002026-05-29_1,JOHANKARLSSON,202609261754ILYQJGW1,2026_26_sep_05,Citizen Science (ultrasonic) - shared
59~40306+18~07249_20260926_054006.wav,DEV_001_20260926_054006.wav,0,59.40306,18.07249,Phogri,Pholidoptera griseoaptera,Dark Bush-cricket,bush-cricket,0.77,,,26/09/2026,25/09/2026,05:40:06,ClassifEspSWE-0002026-05-29_1,JOHANKARLSSON,202609261754ILYQJGW1,2026_26_sep_05,Citizen Science (ultrasonic) - shared
59~40306+18~07249_20260926_054011.wav,DEV_001_20260926_054011.wav,0,59.40306,18.07249,Phogri,Pholidoptera griseoaptera,Dark Bush-cricket,bush-cricket,0.95,,,26/09/2026,25/09/2026,05:40:11,ClassifEspSWE-0002026-05-29_1,JOHANKARLSSON,202609261754ILYQJGW1,2026_26_sep_05,Citizen Science (ultrasonic) - shared
59~40306+18~07249_20260926_054017.wav,DEV_001_20260926_054017.wav,0,59.40306,18.07249,Phogri,Pholidoptera griseoaptera,Dark Bush-cricket,bush-cricket,0.8,,,26/09/2026,25/09/2026,05:40:17,ClassifEspSWE-0002026-05-29_1,JOHANKARLSSON,202609261754ILYQJGW1,2026_26_sep_05,Citizen Science (ultrasonic) - shared
59~40306+18~07249_20260926_054023.wav,DEV_001_20260926_054023.wav,0,59.40306,18.07249,Phogri,Pholidoptera griseoaptera,Dark Bush-cricket,bush-cricket,0.65,,,26/09/2026,25/09/2026,05:40:23,ClassifEspSWE-0002026-05-29_1,JOHANKARLSSON,202609261754ILYQJGW1,2026_26_sep_05,Citizen Science (ultrasonic) - shared
59~40306+18~07249_20260926_054029.wav,DEV_001_20260926_054029.wav,0,59.40306,18.07249,Phogri,Pholidoptera griseoaptera,Dark Bush-cricket,bush-cricket,0.79,,,26/09/2026,25/09/2026,05:40:29,ClassifEspSWE-0002026-05-29_1,JOHANKARLSSON,202609261754ILYQJGW1,2026_26_sep_05,Citizen Science (ultrasonic) - shared
59~40306+18~07249_20260926_054034.wav,DEV_001_20260926_054034.wav,0,59.40306,18.07249,Phogri,Pholidoptera griseoaptera,Dark Bush-cricket,bush-cricket,0.95,,,26/09/2026,25/09/2026,05:40:34,ClassifEspSWE-0002026-05-29_1,JOHANKARLSSON,202609261754ILYQJGW1,2026_26_sep_05,Citizen Science (ultrasonic) - shared
59~40306+18~07249_20260926_054041.wav,DEV_001_20260926_054041.wav,0,59.40306,18.07249,Phogri,Pholidoptera griseoaptera,Dark Bush-cricket,bush-cricket,0.74,,,26/09/2026,25/09/2026,05:40:41,ClassifEspSWE-0002026-05-29_1,JOHANKARLSSON,202609261754ILYQJGW1,2026_26_sep_05,Citizen Science (ultrasonic) - shared
59~40306+18~07249_20260926_054046.wav,DEV_001_20260926_054046.wav,0,59.40306,18.07249,Phogri,Pholidoptera griseoaptera,Dark Bush-cricket,bush-cricket,0.92,,,26/09/2026,25/09/2026,05:40:46,ClassifEspSWE-0002026-05-29_1,JOHANKARLSSON,202609261754ILYQJGW1,2026_26_sep_05,Citizen Science (ultrasonic) - shared
59~40306+18~07249_20260926_054053.wav,DEV_001_20260926_054053.wav,0,59.40306,18.07249,Phogri,Pholidoptera griseoaptera,Dark Bush-cricket,bush-cricket,0.92,,,26/09/2026,25/09/2026,05:40:53,ClassifEspSWE-0002026-05-29_1,JOHANKARLSSON,202609261754ILYQJGW1,2026_26_sep_05,Citizen Science (ultrasonic) - shared
59~40306+18~07249_20260926_054059.wav,DEV_001_20260926_054059.wav,0,59.40306,18.07249,Phogri,Pholidoptera griseoaptera,Dark Bush-cricket,bush-cricket,0.94,,,26/09/2026,25/09/2026,05:40:59,ClassifEspSWE-0002026-05-29_1,JOHANKARLSSON,202609261754ILYQJGW1,2026_26_sep_05,Citizen Science (ultrasonic) - shared
59~40306+18~07249_20260926_054105.wav,DEV_001_20260926_054105.wav,0,59.40306,18.07249,Phogri,Pholidoptera griseoaptera,Dark Bush-cricket,bush-cricket,0.94,,,26/09/2026,25/09/2026,05:41:05,ClassifEspSWE-0002026-05-29_1,JOHANKARLSSON,202609261754ILYQJGW1,2026_26_sep_05,Citizen Science (ultrasonic) - shared
59~40306+18~07249_20260926_054111.wav,DEV_001_20260926_054111.wav,0,59.40306,18.07249,Phogri,Pholidoptera griseoaptera,Dark Bush-cricket,bush-cricket,0.76,,,26/09/2026,25/09/2026,05:41:11,ClassifEspSWE-0002026-05-29_1,JOHANKARLSSON,202609261754ILYQJGW1,2026_26_sep_05,Citizen Science (ultrasonic) - shared
59~40306+18~07249_20260926_054117.wav,DEV_001_20260926_054117.wav,0,59.40306,18.07249,Phogri,Pholidoptera griseoaptera,Dark Bush-cricket,bush-cricket,0.98,,,26/09/2026,25/09/2026,05:41:17,ClassifEspSWE-0002026-05-29_1,JOHANKARLSSON,202609261754ILYQJGW1,2026_26_sep_05,Citizen Science (ultrasonic) - shared
59~40306+18~07249_20260926_054124.wav,DEV_001_20260926_054124.wav,0,59.40306,18.07249,Phogri,Pholidoptera griseoaptera,Dark Bush-cricket,bush-cricket,0.81,,,26/09/2026,25/09/2026,05:41:24,ClassifEspSWE-0002026-05-29_1,JOHANKARLSSON,202609261754ILYQJGW1,2026_26_sep_05,Citizen Science (ultrasonic) - shared
59~40306+18~07249_20260926_054130.wav,DEV_001_20260926_054130.wav,0,59.40306,18.07249,Phogri,Pholidoptera griseoaptera,Dark Bush-cricket,bush-cricket,0.67,,,26/09/2026,25/09/2026,05:41:30,ClassifEspSWE-0002026-05-29_1,JOHANKARLSSON,202609261754ILYQJGW1,2026_26_sep_05,Citizen Science (ultrasonic) - shared
59~40306+18~07249_20260926_054137.wav,DEV_001_20260926_054137.wav,0,59.40306,18.07249,Phogri,Pholidoptera griseoaptera,Dark Bush-cricket,bush-cricket,0.62,,,26/09/2026,25/09/2026,05:41:37,ClassifEspSWE-0002026-05-29_1,JOHANKARLSSON,202609261754ILYQJGW1,2026_26_sep_05,Citizen Science (ultrasonic) - shared
59~40306+18~07249_20260926_054143.wav,DEV_001_20260926_054143.wav,0,59.40306,18.07249,Phogri,Pholidoptera griseoaptera,Dark Bush-cricket,bush-cricket,0.65,,,26/09/2026,25/09/2026,05:41:43,ClassifEspSWE-0002026-05-29_1,JOHANKARLSSON,202609261754ILYQJGW1,2026_26_sep_05,Citizen Science (ultrasonic) - shared
59~40306+18~07249_20260926_054148.wav,DEV_001_20260926_054148.wav,0,59.40306,18.07249,Phogri,Pholidoptera griseoaptera,Dark Bush-cricket,bush-cricket,0.98,,,26/09/2026,25/09/2026,05:41:48,ClassifEspSWE-0002026-05-29_1,JOHANKARLSSON,202609261754ILYQJGW1,2026_26_sep_05,Citizen Science (ultrasonic) - shared
59~40306+18~07249_20260926_054155.wav,DEV_001_20260926_054155.wav,0,59.40306,18.07249,Phogri,Pholidoptera griseoaptera,Dark Bush-cricket,bush-cricket,0.66,,,26/09/2026,25/09/2026,05:41:55,ClassifEspSWE-0002026-05-29_1,JOHANKARLSSON,202609261754ILYQJGW1,2026_26_sep_05,Citizen Science (ultrasonic) - shared
59~40306+18~07249_20260926_054200.wav,DEV_001_20260926_054200.wav,0,59.40306,18.07249,Phogri,Pholidoptera griseoaptera,Dark Bush-cricket,bush-cricket,0.99,,,26/09/2026,25/09/2026,05:42:00,ClassifEspSWE-0002026-05-29_1,JOHANKARLSSON,202609261754ILYQJGW1,2026_26_sep_05,Citizen Science (ultrasonic) - shared
59~40306+18~07249_20260926_054205.wav,DEV_001_20260926_054205.wav,0,59.40306,18.07249,Phogri,Pholidoptera griseoaptera,Dark Bush-cricket,bush-cricket,0.98,,,26/09/2026,25/09/2026,05:42:05,ClassifEspSWE-0002026-05-29_1,JOHANKARLSSON,202609261754ILYQJGW1,2026_26_sep_05,Citizen Science (ultrasonic) - shared
59~40306+18~07249_20260926_054212.wav,DEV_001_20260926_054212.wav,0,59.40306,18.07249,Phogri,Pholidoptera griseoaptera,Dark Bush-cricket,bush-cricket,0.95,,,26/09/2026,25/09/2026,05:42:12,ClassifEspSWE-0002026-05-29_1,JOHANKARLSSON,202609261754ILYQJGW1,2026_26_sep_05,Citizen Science (ultrasonic) - shared
59~40306+18~07249_20260926_054217.wav,DEV_001_20260926_054217.wav,0,59.40306,18.07249,Phogri,Pholidoptera griseoaptera,Dark Bush-cricket,bush-cricket,0.99,,,26/09/2026,25/09/2026,05:42:17,ClassifEspSWE-0002026-05-29_1,JOHANKARLSSON,202609261754ILYQJGW1,2026_26_sep_05,Citizen Science (ultrasonic) - shared
59~40306+18~07249_20260926_054224.wav,DEV_001_20260926_054224.wav,0,59.40306,18.07249,Phogri,Pholidoptera griseoaptera,Dark Bush-cricket,bush-cricket,0.78,,,26/09/2026,25/09/2026,05:42:24,ClassifEspSWE-0002026-05-29_1,JOHANKARLSSON,202609261754ILYQJGW1,2026_26_sep_05,Citizen Science (ultrasonic) - shared
59~40306+18~07249_20260926_054231.wav,DEV_001_20260926_054231.wav,0,59.40306,18.07249,Phogri,Pholidoptera griseoaptera,Dark Bush-cricket,bush-cricket,0.98,,,26/09/2026,25/09/2026,05:42:31,ClassifEspSWE-0002026-05-29_1,JOHANKARLSSON,202609261754ILYQJGW1,2026_26_sep_05,Citizen Science (ultrasonic) - shared
59~40306+18~07249_20260926_054239.wav,DEV_001_20260926_054239.wav,0,59.40306,18.07249,Phogri,Pholidoptera griseoaptera,Dark Bush-cricket,bush-cricket,0.92,,,26/09/2026,25/09/2026,05:42:39,ClassifEspSWE-0002026-05-29_1,JOHANKARLSSON,202609261754ILYQJGW1,2026_26_sep_05,Citizen Science (ultrasonic) - shared
59~40306+18~07249_20260926_054246.wav,DEV_001_20260926_054246.wav,0,59.40306,18.07249,Phogri,Pholidoptera griseoaptera,Dark Bush-cricket,bush-cricket,0.99,,,26/09/2026,25/09/2026,05:42:46,ClassifEspSWE-0002026-05-29_1,JOHANKARLSSON,202609261754ILYQJGW1,2026_26_sep_05,Citizen Science (ultrasonic) - shared
59~40306+18~07249_20260926_054253.wav,DEV_001_20260926_054253.wav,0,59.40306,18.07249,Phogri,Pholidoptera griseoaptera,Dark Bush-cricket,bush-cricket,0.74,,,26/09/2026,25/09/2026,05:42:53,ClassifEspSWE-0002026-05-29_1,JOHANKARLSSON,202609261754ILYQJGW1,2026_26_sep_05,Citizen Science (ultrasonic) - shared
59~40306+18~07249_20260926_054300.wav,DEV_001_20260926_054300.wav,0,59.40306,18.07249,Phogri,Pholidoptera griseoaptera,Dark Bush-cricket,bush-cricket,0.98,,,26/09/2026,25/09/2026,05:43:00,ClassifEspSWE-0002026-05-29_1,JOHANKARLSSON,202609261754ILYQJGW1,2026_26_sep_05,Citizen Science (ultrasonic) - shared
59~40306+18~07249_20260926_054306.wav,DEV_001_20260926_054306.wav,0,59.40306,18.07249,Phogri,Pholidoptera griseoaptera,Dark Bush-cricket,bush-cricket,0.72,,,26/09/2026,25/09/2026,05:43:06,ClassifEspSWE-0002026-05-29_1,JOHANKARLSSON,202609261754ILYQJGW1,2026_26_sep_05,Citizen Science (ultrasonic) - shared
59~40306+18~07249_20260926_054313.wav,DEV_001_20260926_054313.wav,0,59.40306,18.07249,Phogri,Pholidoptera griseoaptera,Dark Bush-cricket,bush-cricket,0.99,,,26/09/2026,25/09/2026,05:43:13,ClassifEspSWE-0002026-05-29_1,JOHANKARLSSON,202609261754ILYQJGW1,2026_26_sep_05,Citizen Science (ultrasonic) - shared
59~40306+18~07249_20260926_054320.wav,DEV_001_20260926_054320.wav,0,59.40306,18.07249,Phogri,Pholidoptera griseoaptera,Dark Bush-cricket,bush-cricket,0.94,,,26/09/2026,25/09/2026,05:43:20,ClassifEspSWE-0002026-05-29_1,JOHANKARLSSON,202609261754ILYQJGW1,2026_26_sep_05,Citizen Science (ultrasonic) - shared
59~40306+18~07249_20260926_054325.wav,DEV_001_20260926_054325.wav,0,59.40306,18.07249,Phogri,Pholidoptera griseoaptera,Dark Bush-cricket,bush-cricket,0.99,,,26/09/2026,25/09/2026,05:43:25,ClassifEspSWE-0002026-05-29_1,JOHANKARLSSON,202609261754ILYQJGW1,2026_26_sep_05,Citizen Science (ultrasonic) - shared
59~40306+18~07249_20260926_054330.wav,DEV_001_20260926_054330.wav,0,59.40306,18.07249,Phogri,Pholidoptera griseoaptera,Dark Bush-cricket,bush-cricket,0.97,,,26/09/2026,25/09/2026,05:43:30,ClassifEspSWE-0002026-05-29_1,JOHANKARLSSON,202609261754ILYQJGW1,2026_26_sep_05,Citizen Science (ultrasonic) - shared
59~40306+18~07249_20260926_054336.wav,DEV_001_20260926_054336.wav,0,59.40306,18.07249,Phogri,Pholidoptera griseoaptera,Dark Bush-cricket,bush-cricket,0.96,,,26/09/2026,25/09/2026,05:43:36,ClassifEspSWE-0002026-05-29_1,JOHANKARLSSON,202609261754ILYQJGW1,2026_26_sep_05,Citizen Science (ultrasonic) - shared
59~40306+18~07249_20260926_054342.wav,DEV_001_20260926_054342.wav,0,59.40306,18.07249,Phogri,Pholidoptera griseoaptera,Dark Bush-cricket,bush-cricket,0.93,,,26/09/2026,25/09/2026,05:43:42,ClassifEspSWE-0002026-05-29_1,JOHANKARLSSON,202609261754ILYQJGW1,2026_26_sep_05,Citizen Science (ultrasonic) - shared
59~40306+18~07249_20260926_054349.wav,DEV_001_20260926_054349.wav,0,59.40306,18.07249,Phogri,Pholidoptera griseoaptera,Dark Bush-cricket,bush-cricket,0.99,,,26/09/2026,25/09/2026,05:43:49,ClassifEspSWE-0002026-05-29_1,JOHANKARLSSON,202609261754ILYQJGW1,2026_26_sep_05,Citizen Science (ultrasonic) - shared
59~40306+18~07249_20260926_054354.wav,DEV_001_20260926_054354.wav,0,59.40306,18.07249,Phogri,Pholidoptera griseoaptera,Dark Bush-cricket,bush-cricket,0.82,,,26/09/2026,25/09/2026,05:43:54,ClassifEspSWE-0002026-05-29_1,JOHANKARLSSON,202609261754ILYQJGW1,2026_26_sep_05,Citizen Science (ultrasonic) - shared
59~40306+18~07249_20260926_054402.wav,DEV_001_20260926_054402.wav,0,59.40306,18.07249,Phogri,Pholidoptera griseoaptera,Dark Bush-cricket,bush-cricket,0.99,,,26/09/2026,25/09/2026,05:44:02,ClassifEspSWE-0002026-05-29_1,JOHANKARLSSON,202609261754ILYQJGW1,2026_26_sep_05,Citizen Science (ultrasonic) - shared
59~40306+18~07249_20260926_054408.wav,DEV_001_20260926_054408.wav,0,59.40306,18.07249,Phogri,Pholidoptera griseoaptera,Dark Bush-cricket,bush-cricket,0.92,,,26/09/2026,25/09/2026,05:44:08,ClassifEspSWE-0002026-05-29_1,JOHANKARLSSON,202609261754ILYQJGW1,2026_26_sep_05,Citizen Science (ultrasonic) - shared
59~40306+18~07249_20260926_054415.wav,DEV_001_20260926_054415.wav,0,59.40306,18.07249,Phogri,Pholidoptera griseoaptera,Dark Bush-cricket,bush-cricket,0.96,,,26/09/2026,25/09/2026,05:44:15,ClassifEspSWE-0002026-05-29_1,JOHANKARLSSON,202609261754ILYQJGW1,2026_26_sep_05,Citizen Science (ultrasonic) - shared
59~40306+18~07249_20260926_054422.wav,DEV_001_20260926_054422.wav,0,59.40306,18.07249,Phogri,Pholidoptera griseoaptera,Dark Bush-cricket,bush-cricket,0.83,,,26/09/2026,25/09/2026,05:44:22,ClassifEspSWE-0002026-05-29_1,JOHANKARLSSON,202609261754ILYQJGW1,2026_26_sep_05,Citizen Science (ultrasonic) - shared
59~40306+18~07249_20260926_054427.wav,DEV_001_20260926_054427.wav,0,59.40306,18.07249,Phogri,Pholidoptera griseoaptera,Dark Bush-cricket,bush-cricket,0.96,,,26/09/2026,25/09/2026,05:44:27,ClassifEspSWE-0002026-05-29_1,JOHANKARLSSON,202609261754ILYQJGW1,2026_26_sep_05,Citizen Science (ultrasonic) - shared
59~40306+18~07249_20260926_054433.wav,DEV_001_20260926_054433.wav,0,59.40306,18.07249,Phogri,Pholidoptera griseoaptera,Dark Bush-cricket,bush-cricket,0.93,,,26/09/2026,25/09/2026,05:44:33,ClassifEspSWE-0002026-05-29_1,JOHANKARLSSON,202609261754ILYQJGW1,2026_26_sep_05,Citizen Science (ultrasonic) - shared
59~40306+18~07249_20260926_054439.wav,DEV_001_20260926_054439.wav,0,59.40306,18.07249,Phogri,Pholidoptera griseoaptera,Dark Bush-cricket,bush-cricket,0.99,,,26/09/2026,25/09/2026,05:44:39,ClassifEspSWE-0002026-05-29_1,JOHANKARLSSON,202609261754ILYQJGW1,2026_26_sep_05,Citizen Science (ultrasonic) - shared
59~40306+18~07249_20260926_054444.wav,DEV_001_20260926_054444.wav,0,59.40306,18.07249,Phogri,Pholidoptera griseoaptera,Dark Bush-cricket,bush-cricket,0.94,,,26/09/2026,25/09/2026,05:44:44,ClassifEspSWE-0002026-05-29_1,JOHANKARLSSON,202609261754ILYQJGW1,2026_26_sep_05,Citizen Science (ultrasonic) - shared
59~40306+18~07249_20260926_054452.wav,DEV_001_20260926_054452.wav,0,59.40306,18.07249,Phogri,Pholidoptera griseoaptera,Dark Bush-cricket,bush-cricket,0.96,,,26/09/2026,25/09/2026,05:44:52,ClassifEspSWE-0002026-05-29_1,JOHANKARLSSON,202609261754ILYQJGW1,2026_26_sep_05,Citizen Science (ultrasonic) - shared
59~40306+18~07249_20260926_054458.wav,DEV_001_20260926_054458.wav,0,59.40306,18.07249,Phogri,Pholidoptera griseoaptera,Dark Bush-cricket,bush-cricket,0.97,,,26/09/2026,25/09/2026,05:44:58,ClassifEspSWE-0002026-05-29_1,JOHANKARLSSON,202609261754ILYQJGW1,2026_26_sep_05,Citizen Science (ultrasonic) - shared
59~40306+18~07249_20260926_054505.wav,DEV_001_20260926_054505.wav,0,59.40306,18.07249,Phogri,Pholidoptera griseoaptera,Dark Bush-cricket,bush-cricket,0.88,,,26/09/2026,25/09/2026,05:45:05,ClassifEspSWE-0002026-05-29_1,JOHANKARLSSON,202609261754ILYQJGW1,2026_26_sep_05,Citizen Science (ultrasonic) - shared
59~40306+18~07249_20260926_054512.wav,DEV_001_20260926_054512.wav,0,59.40306,18.07249,Phogri,Pholidoptera griseoaptera,Dark Bush-cricket,bush-cricket,0.88,,,26/09/2026,25/09/2026,05:45:12,ClassifEspSWE-0002026-05-29_1,JOHANKARLSSON,202609261754ILYQJGW1,2026_26_sep_05,Citizen Science (ultrasonic) - shared
59~40306+18~07249_20260926_054519.wav,DEV_001_20260926_054519.wav,0,59.40306,18.07249,Phogri,Pholidoptera griseoaptera,Dark Bush-cricket,bush-cricket,0.84,,,26/09/2026,25/09/2026,05:45:19,ClassifEspSWE-0002026-05-29_1,JOHANKARLSSON,202609261754ILYQJGW1,2026_26_sep_05,Citizen Science (ultrasonic) - shared
59~40306+18~07249_20260926_054526.wav,DEV_001_20260926_054526.wav,0,59.40306,18.07249,Phogri,Pholidoptera griseoaptera,Dark Bush-cricket,bush-cricket,0.91,,,26/09/2026,25/09/2026,05:45:26,ClassifEspSWE-0002026-05-29_1,JOHANKARLSSON,202609261754ILYQJGW1,2026_26_sep_05,Citizen Science (ultrasonic) - shared
59~40306+18~07249_20260926_054534.wav,DEV_001_20260926_054534.wav,0,59.40306,18.07249,Phogri,Pholidoptera griseoaptera,Dark Bush-cricket,bush-cricket,0.95,,,26/09/2026,25/09/2026,05:45:34,ClassifEspSWE-0002026-05-29_1,JOHANKARLSSON,202609261754ILYQJGW1,2026_26_sep_05,Citizen Science (ultrasonic) - shared
59~40306+18~07249_20260926_054541.wav,DEV_001_20260926_054541.wav,0,59.40306,18.07249,Phogri,Pholidoptera griseoaptera,Dark Bush-cricket,bush-cricket,0.94,,,26/09/2026,25/09/2026,05:45:41,ClassifEspSWE-0002026-05-29_1,JOHANKARLSSON,202609261754ILYQJGW1,2026_26_sep_05,Citizen Science (ultrasonic) - shared
59~40306+18~07249_20260926_054546.wav,DEV_001_20260926_054546.wav,0,59.40306,18.07249,Phogri,Pholidoptera griseoaptera,Dark Bush-cricket,bush-cricket,0.97,,,26/09/2026,25/09/2026,05:45:46,ClassifEspSWE-0002026-05-29_1,JOHANKARLSSON,202609261754ILYQJGW1,2026_26_sep_05,Citizen Science (ultrasonic) - shared
59~40306+18~07249_20260926_054553.wav,DEV_001_20260926_054553.wav,0,59.40306,18.07249,Phogri,Pholidoptera griseoaptera,Dark Bush-cricket,bush-cricket,0.81,,,26/09/2026,25/09/2026,05:45:53,ClassifEspSWE-0002026-05-29_1,JOHANKARLSSON,202609261754ILYQJGW1,2026_26_sep_05,Citizen Science (ultrasonic) - shared
59~40306+18~07249_20260926_054559.wav,DEV_001_20260926_054559.wav,0,59.40306,18.07249,Phogri,Pholidoptera griseoaptera,Dark Bush-cricket,bush-cricket,0.94,,,26/09/2026,25/09/2026,05:45:59,ClassifEspSWE-0002026-05-29_1,JOHANKARLSSON,202609261754ILYQJGW1,2026_26_sep_05,Citizen Science (ultrasonic) - shared
59~40306+18~07249_20260926_054607.wav,DEV_001_20260926_054607.wav,0,59.40306,18.07249,Phogri,Pholidoptera griseoaptera,Dark Bush-cricket,bush-cricket,0.98,,,26/09/2026,25/09/2026,05:46:07,ClassifEspSWE-0002026-05-29_1,JOHANKARLSSON,202609261754ILYQJGW1,2026_26_sep_05,Citizen Science (ultrasonic) - shared
59~40306+18~07249_20260926_054614.wav,DEV_001_20260926_054614.wav,0,59.40306,18.07249,Phogri,Pholidoptera griseoaptera,Dark Bush-cricket,bush-cricket,0.96,,,26/09/2026,25/09/2026,05:46:14,ClassifEspSWE-0002026-05-29_1,JOHANKARLSSON,202609261754ILYQJGW1,2026_26_sep_05,Citizen Science (ultrasonic) - shared
59~40306+18~07249_20260926_054621.wav,DEV_001_20260926_054621.wav,0,59.40306,18.07249,Phogri,Pholidoptera griseoaptera,Dark Bush-cricket,bush-cricket,0.96,,,26/09/2026,25/09/2026,05:46:21,ClassifEspSWE-0002026-05-29_1,JOHANKARLSSON,202609261754ILYQJGW1,2026_26_sep_05,Citizen Science (ultrasonic) - shared
59~40306+18~07249_20260926_054629.wav,DEV_001_20260926_054629.wav,0,59.40306,18.07249,Phogri,Pholidoptera griseoaptera,Dark Bush-cricket,bush-cricket,0.87,,,26/09/2026,25/09/2026,05:46:29,ClassifEspSWE-0002026-05-29_1,JOHANKARLSSON,202609261754ILYQJGW1,2026_26_sep_05,Citizen Science (ultrasonic) - shared
59~40306+18~07249_20260926_054636.wav,DEV_001_20260926_054636.wav,0,59.40306,18.07249,Phogri,Pholidoptera griseoaptera,Dark Bush-cricket,bush-cricket,0.99,,,26/09/2026,25/09/2026,05:46:36,ClassifEspSWE-0002026-05-29_1,JOHANKARLSSON,202609261754ILYQJGW1,2026_26_sep_05,Citizen Science (ultrasonic) - shared
59~40306+18~07249_20260926_054641.wav,DEV_001_20260926_054641.wav,0,59.40306,18.07249,Phogri,Pholidoptera griseoaptera,Dark Bush-cricket,bush-cricket,0.94,,,26/09/2026,25/09/2026,05:46:41,ClassifEspSWE-0002026-05-29_1,JOHANKARLSSON,202609261754ILYQJGW1,2026_26_sep_05,Citizen Science (ultrasonic) - shared
59~40306+18~07249_20260926_054650.wav,DEV_001_20260926_054650.wav,0,59.40306,18.07249,Phogri,Pholidoptera griseoaptera,Dark Bush-cricket,bush-cricket,0.83,,,26/09/2026,25/09/2026,05:46:50,ClassifEspSWE-0002026-05-29_1,JOHANKARLSSON,202609261754ILYQJGW1,2026_26_sep_05,Citizen Science (ultrasonic) - shared
59~40306+18~07249_20260926_054657.wav,DEV_001_20260926_054657.wav,0,59.40306,18.07249,Phogri,Pholidoptera griseoaptera,Dark Bush-cricket,bush-cricket,0.97,,,26/09/2026,25/09/2026,05:46:57,ClassifEspSWE-0002026-05-29_1,JOHANKARLSSON,202609261754ILYQJGW1,2026_26_sep_05,Citizen Science (ultrasonic) - shared
59~40306+18~07249_20260926_054702.wav,DEV_001_20260926_054702.wav,0,59.40306,18.07249,Phogri,Pholidoptera griseoaptera,Dark Bush-cricket,bush-cricket,0.87,,,26/09/2026,25/09/2026,05:47:02,ClassifEspSWE-0002026-05-29_1,JOHANKARLSSON,202609261754ILYQJGW1,2026_26_sep_05,Citizen Science (ultrasonic) - shared
59~40306+18~07249_20260926_054709.wav,DEV_001_20260926_054709.wav,0,59.40306,18.07249,Phogri,Pholidoptera griseoaptera,Dark Bush-cricket,bush-cricket,0.98,,,26/09/2026,25/09/2026,05:47:09,ClassifEspSWE-0002026-05-29_1,JOHANKARLSSON,202609261754ILYQJGW1,2026_26_sep_05,Citizen Science (ultrasonic) - shared
59~40306+18~07249_20260926_054716.wav,DEV_001_20260926_054716.wav,0,59.40306,18.07249,Phogri,Pholidoptera griseoaptera,Dark Bush-cricket,bush-cricket,0.99,,,26/09/2026,25/09/2026,05:47:16,ClassifEspSWE-0002026-05-29_1,JOHANKARLSSON,202609261754ILYQJGW1,2026_26_sep_05,Citizen Science (ultrasonic) - shared
59~40306+18~07249_20260926_054721.wav,DEV_001_20260926_054721.wav,0,59.40306,18.07249,Phogri,Pholidoptera griseoaptera,Dark Bush-cricket,bush-cricket,0.96,,,26/09/2026,25/09/2026,05:47:21,ClassifEspSWE-0002026-05-29_1,JOHANKARLSSON,202609261754ILYQJGW1,2026_26_sep_05,Citizen Science (ultrasonic) - shared
59~40306+18~07249_20260926_054728.wav,DEV_001_20260926_054728.wav,0,59.40306,18.07249,Phogri,Pholidoptera griseoaptera,Dark Bush-cricket,bush-cricket,0.95,,,26/09/2026,25/09/2026,05:47:28,ClassifEspSWE-0002026-05-29_1,JOHANKARLSSON,202609261754ILYQJGW1,2026_26_sep_05,Citizen Science (ultrasonic) - shared
59~40306+18~07249_20260926_054736.wav,DEV_001_20260926_054736.wav,0,59.40306,18.07249,Phogri,Pholidoptera griseoaptera,Dark Bush-cricket,bush-cricket,0.9,,,26/09/2026,25/09/2026,05:47:36,ClassifEspSWE-0002026-05-29_1,JOHANKARLSSON,202609261754ILYQJGW1,2026_26_sep_05,Citizen Science (ultrasonic) - shared
59~40306+18~07249_20260926_054744.wav,DEV_001_20260926_054744.wav,0,59.40306,18.07249,Phogri,Pholidoptera griseoaptera,Dark Bush-cricket,bush-cricket,0.97,,,26/09/2026,25/09/2026,05:47:44,ClassifEspSWE-0002026-05-29_1,JOHANKARLSSON,202609261754ILYQJGW1,2026_26_sep_05,Citizen Science (ultrasonic) - shared
59~40306+18~07249_20260926_054751.wav,DEV_001_20260926_054751.wav,0,59.40306,18.07249,Phogri,Pholidoptera griseoaptera,Dark Bush-cricket,bush-cricket,0.96,,,26/09/2026,25/09/2026,05:47:51,ClassifEspSWE-0002026-05-29_1,JOHANKARLSSON,202609261754ILYQJGW1,2026_26_sep_05,Citizen Science (ultrasonic) - shared
59~40306+18~07249_20260926_054758.wav,DEV_001_20260926_054758.wav,0,59.40306,18.07249,Phogri,Pholidoptera griseoaptera,Dark Bush-cricket,bush-cricket,0.94,,,26/09/2026,25/09/2026,05:47:58,ClassifEspSWE-0002026-05-29_1,JOHANKARLSSON,202609261754ILYQJGW1,2026_26_sep_05,Citizen Science (ultrasonic) - shared
59~40306+18~07249_20260926_054805.wav,DEV_001_20260926_054805.wav,0,59.40306,18.07249,Phogri,Pholidoptera griseoaptera,Dark Bush-cricket,bush-cricket,0.97,,,26/09/2026,25/09/2026,05:48:05,ClassifEspSWE-0002026-05-29_1,JOHANKARLSSON,202609261754ILYQJGW1,2026_26_sep_05,Citizen Science (ultrasonic) - shared
59~40306+18~07249_20260926_054812.wav,DEV_001_20260926_054812.wav,0,59.40306,18.07249,Phogri,Pholidoptera griseoaptera,Dark Bush-cricket,bush-cricket,0.86,,,26/09/2026,25/09/2026,05:48:12,ClassifEspSWE-0002026-05-29_1,JOHANKARLSSON,202609261754ILYQJGW1,2026_26_sep_05,Citizen Science (ultrasonic) - shared
59~40306+18~07249_20260926_054817.wav,DEV_001_20260926_054817.wav,0,59.40306,18.07249,Phogri,Pholidoptera griseoaptera,Dark Bush-cricket,bush-cricket,0.94,,,26/09/2026,25/09/2026,05:48:17,ClassifEspSWE-0002026-05-29_1,JOHANKARLSSON,202609261754ILYQJGW1,2026_26_sep_05,Citizen Science (ultrasonic) - shared
59~40306+18~07249_20260926_054824.wav,DEV_001_20260926_054824.wav,0,59.40306,18.07249,Phogri,Pholidoptera griseoaptera,Dark Bush-cricket,bush-cricket,0.96,,,26/09/2026,25/09/2026,05:48:24,ClassifEspSWE-0002026-05-29_1,JOHANKARLSSON,202609261754ILYQJGW1,2026_26_sep_05,Citizen Science (ultrasonic) - shared
59~40306+18~07249_20260926_054831.wav,DEV_001_20260926_054831.wav,0,59.40306,18.07249,Phogri,Pholidoptera griseoaptera,Dark Bush-cricket,bush-cricket,0.82,,,26/09/2026,25/09/2026,05:48:31,ClassifEspSWE-0002026-05-29_1,JOHANKARLSSON,202609261754ILYQJGW1,2026_26_sep_05,Citizen Science (ultrasonic) - shared
59~40306+18~07249_20260926_054838.wav,DEV_001_20260926_054838.wav,0,59.40306,18.07249,Phogri,Pholidoptera griseoaptera,Dark Bush-cricket,bush-cricket,0.89,,,26/09/2026,25/09/2026,05:48:38,ClassifEspSWE-0002026-05-29_1,JOHANKARLSSON,202609261754ILYQJGW1,2026_26_sep_05,Citizen Science (ultrasonic) - shared
59~40306+18~07249_20260926_054844.wav,DEV_001_20260926_054844.wav,0,59.40306,18.07249,Phogri,Pholidoptera griseoaptera,Dark Bush-cricket,bush-cricket,0.97,,,26/09/2026,25/09/2026,05:48:44,ClassifEspSWE-0002026-05-29_1,JOHANKARLSSON,202609261754ILYQJGW1,2026_26_sep_05,Citizen Science (ultrasonic) - shared
59~40306+18~07249_20260926_054851.wav,DEV_001_20260926_054851.wav,0,59.40306,18.07249,Phogri,Pholidoptera griseoaptera,Dark Bush-cricket,bush-cricket,0.88,,,26/09/2026,25/09/2026,05:48:51,ClassifEspSWE-0002026-05-29_1,JOHANKARLSSON,202609261754ILYQJGW1,2026_26_sep_05,Citizen Science (ultrasonic) - shared
59~40306+18~07249_20260926_054859.wav,DEV_001_20260926_054859.wav,0,59.40306,18.07249,Phogri,Pholidoptera griseoaptera,Dark Bush-cricket,bush-cricket,0.86,,,26/09/2026,25/09/2026,05:48:59,ClassifEspSWE-0002026-05-29_1,JOHANKARLSSON,202609261754ILYQJGW1,2026_26_sep_05,Citizen Science (ultrasonic) - shared
59~40306+18~07249_20260926_054907.wav,DEV_001_20260926_054907.wav,0,59.40306,18.07249,Phogri,Pholidoptera griseoaptera,Dark Bush-cricket,bush-cricket,0.88,,,26/09/2026,25/09/2026,05:49:07,ClassifEspSWE-0002026-05-29_1,JOHANKARLSSON,202609261754ILYQJGW1,2026_26_sep_05,Citizen Science (ultrasonic) - shared
59~40306+18~07249_20260926_054912.wav,DEV_001_20260926_054912.wav,0,59.40306,18.07249,Phogri,Pholidoptera griseoaptera,Dark Bush-cricket,bush-cricket,0.93,,,26/09/2026,25/09/2026,05:49:12,ClassifEspSWE-0002026-05-29_1,JOHANKARLSSON,202609261754ILYQJGW1,2026_26_sep_05,Citizen Science (ultrasonic) - shared
59~40306+18~07249_20260926_054918.wav,DEV_001_20260926_054918.wav,0,59.40306,18.07249,Phogri,Pholidoptera griseoaptera,Dark Bush-cricket,bush-cricket,0.96,,,26/09/2026,25/09/2026,05:49:18,ClassifEspSWE-0002026-05-29_1,JOHANKARLSSON,202609261754ILYQJGW1,2026_26_sep_05,Citizen Science (ultrasonic) - shared
59~40306+18~07249_20260926_054925.wav,DEV_001_20260926_054925.wav,0,59.40306,18.07249,Phogri,Pholidoptera griseoaptera,Dark Bush-cricket,bush-cricket,0.96,,,26/09/2026,25/09/2026,05:49:25,ClassifEspSWE-0002026-05-29_1,JOHANKARLSSON,202609261754ILYQJGW1,2026_26_sep_05,Citizen Science (ultrasonic) - shared
59~40306+18~07249_20260926_054932.wav,DEV_001_20260926_054932.wav,0,59.40306,18.07249,Phogri,Pholidoptera griseoaptera,Dark Bush-cricket,bush-cricket,0.99,,,26/09/2026,25/09/2026,05:49:32,ClassifEspSWE-0002026-05-29_1,JOHANKARLSSON,202609261754ILYQJGW1,2026_26_sep_05,Citizen Science (ultrasonic) - shared
59~40306+18~07249_20260926_054937.wav,DEV_001_20260926_054937.wav,0,59.40306,18.07249,Phogri,Pholidoptera griseoaptera,Dark Bush-cricket,bush-cricket,0.95,,,26/09/2026,25/09/2026,05:49:37,ClassifEspSWE-0002026-05-29_1,JOHANKARLSSON,202609261754ILYQJGW1,2026_26_sep_05,Citizen Science (ultrasonic) - shared
59~40306+18~07249_20260926_054945.wav,DEV_001_20260926_054945.wav,0,59.40306,18.07249,Phogri,Pholidoptera griseoaptera,Dark Bush-cricket,bush-cricket,0.93,,,26/09/2026,25/09/2026,05:49:45,ClassifEspSWE-0002026-05-29_1,JOHANKARLSSON,202609261754ILYQJGW1,2026_26_sep_05,Citizen Science (ultrasonic) - shared
59~40306+18~07249_20260926_054950.wav,DEV_001_20260926_054950.wav,0,59.40306,18.07249,Phogri,Pholidoptera griseoaptera,Dark Bush-cricket,bush-cricket,0.98,,,26/09/2026,25/09/2026,05:49:50,ClassifEspSWE-0002026-05-29_1,JOHANKARLSSON,202609261754ILYQJGW1,2026_26_sep_05,Citizen Science (ultrasonic) - shared
59~40306+18~07249_20260926_054958.wav,DEV_001_20260926_054958.wav,0,59.40306,18.07249,Phogri,Pholidoptera griseoaptera,Dark Bush-cricket,bush-cricket,0.95,,,26/09/2026,25/09/2026,05:49:58,ClassifEspSWE-0002026-05-29_1,JOHANKARLSSON,202609261754ILYQJGW1,2026_26_sep_05,Citizen Science (ultrasonic) - shared
59~40306+18~07249_20260926_055003.wav,DEV_001_20260926_055003.wav,0,59.40306,18.07249,Phogri,Pholidoptera griseoaptera,Dark Bush-cricket,bush-cricket,0.97,,,26/09/2026,25/09/2026,05:50:03,ClassifEspSWE-0002026-05-29_1,JOHANKARLSSON,202609261754ILYQJGW1,2026_26_sep_05,Citizen Science (ultrasonic) - shared
59~40306+18~07249_20260926_055009.wav,DEV_001_20260926_055009.wav,0,59.40306,18.07249,Phogri,Pholidoptera griseoaptera,Dark Bush-cricket,bush-cricket,0.98,,,26/09/2026,25/09/2026,05:50:09,ClassifEspSWE-0002026-05-29_1,JOHANKARLSSON,202609261754ILYQJGW1,2026_26_sep_05,Citizen Science (ultrasonic) - shared
59~40306+18~07249_20260926_055015.wav,DEV_001_20260926_055015.wav,0,59.40306,18.07249,Phogri,Pholidoptera griseoaptera,Dark Bush-cricket,bush-cricket,0.85,,,26/09/2026,25/09/2026,05:50:15,ClassifEspSWE-0002026-05-29_1,JOHANKARLSSON,202609261754ILYQJGW1,2026_26_sep_05,Citizen Science (ultrasonic) - shared
59~40306+18~07249_20260926_055021.wav,DEV_001_20260926_055021.wav,0,59.40306,18.07249,Phogri,Pholidoptera griseoaptera,Dark Bush-cricket,bush-cricket,0.98,,,26/09/2026,25/09/2026,05:50:21,ClassifEspSWE-0002026-05-29_1,JOHANKARLSSON,202609261754ILYQJGW1,2026_26_sep_05,Citizen Science (ultrasonic) - shared
59~40306+18~07249_20260926_055026.wav,DEV_001_20260926_055026.wav,0,59.40306,18.07249,Phogri,Pholidoptera griseoaptera,Dark Bush-cricket,bush-cricket,0.92,,,26/09/2026,25/09/2026,05:50:26,ClassifEspSWE-0002026-05-29_1,JOHANKARLSSON,202609261754ILYQJGW1,2026_26_sep_05,Citizen Science (ultrasonic) - shared
59~40306+18~07249_20260926_055033.wav,DEV_001_20260926_055033.wav,0,59.40306,18.07249,Phogri,Pholidoptera griseoaptera,Dark Bush-cricket,bush-cricket,0.93,,,26/09/2026,25/09/2026,05:50:33,ClassifEspSWE-0002026-05-29_1,JOHANKARLSSON,202609261754ILYQJGW1,2026_26_sep_05,Citizen Science (ultrasonic) - shared
59~40306+18~07249_20260926_055038.wav,DEV_001_20260926_055038.wav,0,59.40306,18.07249,Phogri,Pholidoptera griseoaptera,Dark Bush-cricket,bush-cricket,0.93,,,26/09/2026,25/09/2026,05:50:38,ClassifEspSWE-0002026-05-29_1,JOHANKARLSSON,202609261754ILYQJGW1,2026_26_sep_05,Citizen Science (ultrasonic) - shared
59~40306+18~07249_20260926_055046.wav,DEV_001_20260926_055046.wav,0,59.40306,18.07249,Phogri,Pholidoptera griseoaptera,Dark Bush-cricket,bush-cricket,0.98,,,26/09/2026,25/09/2026,05:50:46,ClassifEspSWE-0002026-05-29_1,JOHANKARLSSON,202609261754ILYQJGW1,2026_26_sep_05,Citizen Science (ultrasonic) - shared
59~40306+18~07249_20260926_055051.wav,DEV_001_20260926_055051.wav,0,59.40306,18.07249,Phogri,Pholidoptera griseoaptera,Dark Bush-cricket,bush-cricket,0.95,,,26/09/2026,25/09/2026,05:50:51,ClassifEspSWE-0002026-05-29_1,JOHANKARLSSON,202609261754ILYQJGW1,2026_26_sep_05,Citizen Science (ultrasonic) - shared
59~40306+18~07249_20260926_055057.wav,DEV_001_20260926_055057.wav,0,59.40306,18.07249,Phogri,Pholidoptera griseoaptera,Dark Bush-cricket,bush-cricket,0.93,,,26/09/2026,25/09/2026,05:50:57,ClassifEspSWE-0002026-05-29_1,JOHANKARLSSON,202609261754ILYQJGW1,2026_26_sep_05,Citizen Science (ultrasonic) - shared
59~40306+18~07249_20260926_055104.wav,DEV_001_20260926_055104.wav,0,59.40306,18.07249,Phogri,Pholidoptera griseoaptera,Dark Bush-cricket,bush-cricket,0.96,,,26/09/2026,25/09/2026,05:51:04,ClassifEspSWE-0002026-05-29_1,JOHANKARLSSON,202609261754ILYQJGW1,2026_26_sep_05,Citizen Science (ultrasonic) - shared
59~40306+18~07249_20260926_055115.wav,DEV_001_20260926_055115.wav,0,59.40306,18.07249,Phogri,Pholidoptera griseoaptera,Dark Bush-cricket,bush-cricket,0.98,,,26/09/2026,25/09/2026,05:51:15,ClassifEspSWE-0002026-05-29_1,JOHANKARLSSON,202609261754ILYQJGW1,2026_26_sep_05,Citizen Science (ultrasonic) - shared
59~40306+18~07249_20260926_055123.wav,DEV_001_20260926_055123.wav,0,59.40306,18.07249,Phogri,Pholidoptera griseoaptera,Dark Bush-cricket,bush-cricket,0.95,,,26/09/2026,25/09/2026,05:51:23,ClassifEspSWE-0002026-05-29_1,JOHANKARLSSON,202609261754ILYQJGW1,2026_26_sep_05,Citizen Science (ultrasonic) - shared
59~40306+18~07249_20260926_055132.wav,DEV_001_20260926_055132.wav,0,59.40306,18.07249,Phogri,Pholidoptera griseoaptera,Dark Bush-cricket,bush-cricket,0.96,,,26/09/2026,25/09/2026,05:51:32,ClassifEspSWE-0002026-05-29_1,JOHANKARLSSON,202609261754ILYQJGW1,2026_26_sep_05,Citizen Science (ultrasonic) - shared
59~40306+18~07249_20260926_055138.wav,DEV_001_20260926_055138.wav,0,59.40306,18.07249,Phogri,Pholidoptera griseoaptera,Dark Bush-cricket,bush-cricket,0.95,,,26/09/2026,25/09/2026,05:51:38,ClassifEspSWE-0002026-05-29_1,JOHANKARLSSON,202609261754ILYQJGW1,2026_26_sep_05,Citizen Science (ultrasonic) - shared
59~40306+18~07249_20260926_055145.wav,DEV_001_20260926_055145.wav,0,59.40306,18.07249,Phogri,Pholidoptera griseoaptera,Dark Bush-cricket,bush-cricket,0.96,,,26/09/2026,25/09/2026,05:51:45,ClassifEspSWE-0002026-05-29_1,JOHANKARLSSON,202609261754ILYQJGW1,2026_26_sep_05,Citizen Science (ultrasonic) - shared
59~40306+18~07249_20260926_055152.wav,DEV_001_20260926_055152.wav,0,59.40306,18.07249,Phogri,Pholidoptera griseoaptera,Dark Bush-cricket,bush-cricket,0.92,,,26/09/2026,25/09/2026,05:51:52,ClassifEspSWE-0002026-05-29_1,JOHANKARLSSON,202609261754ILYQJGW1,2026_26_sep_05,Citizen Science (ultrasonic) - shared
59~40306+18~07249_20260926_055159.wav,DEV_001_20260926_055159.wav,0,59.40306,18.07249,Phogri,Pholidoptera griseoaptera,Dark Bush-cricket,bush-cricket,0.96,,,26/09/2026,25/09/2026,05:51:59,ClassifEspSWE-0002026-05-29_1,JOHANKARLSSON,202609261754ILYQJGW1,2026_26_sep_05,Citizen Science (ultrasonic) - shared
59~40306+18~07249_20260926_055209.wav,DEV_001_20260926_055209.wav,0,59.40306,18.07249,Phogri,Pholidoptera griseoaptera,Dark Bush-cricket,bush-cricket,0.87,,,26/09/2026,25/09/2026,05:52:09,ClassifEspSWE-0002026-05-29_1,JOHANKARLSSON,202609261754ILYQJGW1,2026_26_sep_05,Citizen Science (ultrasonic) - shared
59~40306+18~07249_20260926_055219.wav,DEV_001_20260926_055219.wav,0,59.40306,18.07249,Phogri,Pholidoptera griseoaptera,Dark Bush-cricket,bush-cricket,0.98,,,26/09/2026,25/09/2026,05:52:19,ClassifEspSWE-0002026-05-29_1,JOHANKARLSSON,202609261754ILYQJGW1,2026_26_sep_05,Citizen Science (ultrasonic) - shared
59~40306+18~07249_20260926_055225.wav,DEV_001_20260926_055225.wav,0,59.40306,18.07249,Phogri,Pholidoptera griseoaptera,Dark Bush-cricket,bush-cricket,0.87,,,26/09/2026,25/09/2026,05:52:25,ClassifEspSWE-0002026-05-29_1,JOHANKARLSSON,202609261754ILYQJGW1,2026_26_sep_05,Citizen Science (ultrasonic) - shared
59~40306+18~07249_20260926_055230.wav,DEV_001_20260926_055230.wav,0,59.40306,18.07249,Phogri,Pholidoptera griseoaptera,Dark Bush-cricket,bush-cricket,0.93,,,26/09/2026,25/09/2026,05:52:30,ClassifEspSWE-0002026-05-29_1,JOHANKARLSSON,202609261754ILYQJGW1,2026_26_sep_05,Citizen Science (ultrasonic) - shared
59~40306+18~07249_20260926_055237.wav,DEV_001_20260926_055237.wav,0,59.40306,18.07249,Phogri,Pholidoptera griseoaptera,Dark Bush-cricket,bush-cricket,0.76,,,26/09/2026,25/09/2026,05:52:37,ClassifEspSWE-0002026-05-29_1,JOHANKARLSSON,202609261754ILYQJGW1,2026_26_sep_05,Citizen Science (ultrasonic) - shared
59~40306+18~07249_20260926_055244.wav,DEV_001_20260926_055244.wav,0,59.40306,18.07249,Phogri,Pholidoptera griseoaptera,Dark Bush-cricket,bush-cricket,0.98,,,26/09/2026,25/09/2026,05:52:44,ClassifEspSWE-0002026-05-29_1,JOHANKARLSSON,202609261754ILYQJGW1,2026_26_sep_05,Citizen Science (ultrasonic) - shared
59~40306+18~07249_20260926_055249.wav,DEV_001_20260926_055249.wav,0,59.40306,18.07249,Phogri,Pholidoptera griseoaptera,Dark Bush-cricket,bush-cricket,0.95,,,26/09/2026,25/09/2026,05:52:49,ClassifEspSWE-0002026-05-29_1,JOHANKARLSSON,202609261754ILYQJGW1,2026_26_sep_05,Citizen Science (ultrasonic) - shared
59~40306+18~07249_20260926_055256.wav,DEV_001_20260926_055256.wav,0,59.40306,18.07249,Phogri,Pholidoptera griseoaptera,Dark Bush-cricket,bush-cricket,0.84,,,26/09/2026,25/09/2026,05:52:56,ClassifEspSWE-0002026-05-29_1,JOHANKARLSSON,202609261754ILYQJGW1,2026_26_sep_05,Citizen Science (ultrasonic) - shared
59~40306+18~07249_20260926_055305.wav,DEV_001_20260926_055305.wav,0,59.40306,18.07249,Phogri,Pholidoptera griseoaptera,Dark Bush-cricket,bush-cricket,0.9,,,26/09/2026,25/09/2026,05:53:05,ClassifEspSWE-0002026-05-29_1,JOHANKARLSSON,202609261754ILYQJGW1,2026_26_sep_05,Citizen Science (ultrasonic) - shared
59~40306+18~07249_20260926_055311.wav,DEV_001_20260926_055311.wav,0,59.40306,18.07249,Phogri,Pholidoptera griseoaptera,Dark Bush-cricket,bush-cricket,0.97,,,26/09/2026,25/09/2026,05:53:11,ClassifEspSWE-0002026-05-29_1,JOHANKARLSSON,202609261754ILYQJGW1,2026_26_sep_05,Citizen Science (ultrasonic) - shared
59~40306+18~07249_20260926_055318.wav,DEV_001_20260926_055318.wav,0,59.40306,18.07249,Phogri,Pholidoptera griseoaptera,Dark Bush-cricket,bush-cricket,0.94,,,26/09/2026,25/09/2026,05:53:18,ClassifEspSWE-0002026-05-29_1,JOHANKARLSSON,202609261754ILYQJGW1,2026_26_sep_05,Citizen Science (ultrasonic) - shared
59~40306+18~07249_20260926_055325.wav,DEV_001_20260926_055325.wav,0,59.40306,18.07249,Phogri,Pholidoptera griseoaptera,Dark Bush-cricket,bush-cricket,0.92,,,26/09/2026,25/09/2026,05:53:25,ClassifEspSWE-0002026-05-29_1,JOHANKARLSSON,202609261754ILYQJGW1,2026_26_sep_05,Citizen Science (ultrasonic) - shared
59~40306+18~07249_20260926_055330.wav,DEV_001_20260926_055330.wav,0,59.40306,18.07249,Phogri,Pholidoptera griseoaptera,Dark Bush-cricket,bush-cricket,0.96,,,26/09/2026,25/09/2026,05:53:30,ClassifEspSWE-0002026-05-29_1,JOHANKARLSSON,202609261754ILYQJGW1,2026_26_sep_05,Citizen Science (ultrasonic) - shared
59~40306+18~07249_20260926_055336.wav,DEV_001_20260926_055336.wav,0,59.40306,18.07249,Phogri,Pholidoptera griseoaptera,Dark Bush-cricket,bush-cricket,0.99,,,26/09/2026,25/09/2026,05:53:36,ClassifEspSWE-0002026-05-29_1,JOHANKARLSSON,202609261754ILYQJGW1,2026_26_sep_05,Citizen Science (ultrasonic) - shared
59~40306+18~07249_20260926_055344.wav,DEV_001_20260926_055344.wav,0,59.40306,18.07249,Phogri,Pholidoptera griseoaptera,Dark Bush-cricket,bush-cricket,0.77,,,26/09/2026,25/09/2026,05:53:44,ClassifEspSWE-0002026-05-29_1,JOHANKARLSSON,202609261754ILYQJGW1,2026_26_sep_05,Citizen Science (ultrasonic) - shared
59~40306+18~07249_20260926_055352.wav,DEV_001_20260926_055352.wav,0,59.40306,18.07249,Phogri,Pholidoptera griseoaptera,Dark Bush-cricket,bush-cricket,0.98,,,26/09/2026,25/09/2026,05:53:52,ClassifEspSWE-0002026-05-29_1,JOHANKARLSSON,202609261754ILYQJGW1,2026_26_sep_05,Citizen Science (ultrasonic) - shared
59~40306+18~07249_20260926_055401.wav,DEV_001_20260926_055401.wav,0,59.40306,18.07249,Phogri,Pholidoptera griseoaptera,Dark Bush-cricket,bush-cricket,0.93,,,26/09/2026,25/09/2026,05:54:01,ClassifEspSWE-0002026-05-29_1,JOHANKARLSSON,202609261754ILYQJGW1,2026_26_sep_05,Citizen Science (ultrasonic) - shared
59~40306+18~07249_20260926_055408.wav,DEV_001_20260926_055408.wav,0,59.40306,18.07249,Phogri,Pholidoptera griseoaptera,Dark Bush-cricket,bush-cricket,0.98,,,26/09/2026,25/09/2026,05:54:08,ClassifEspSWE-0002026-05-29_1,JOHANKARLSSON,202609261754ILYQJGW1,2026_26_sep_05,Citizen Science (ultrasonic) - shared
59~40306+18~07249_20260926_055415.wav,DEV_001_20260926_055415.wav,0,59.40306,18.07249,Phogri,Pholidoptera griseoaptera,Dark Bush-cricket,bush-cricket,0.95,,,26/09/2026,25/09/2026,05:54:15,ClassifEspSWE-0002026-05-29_1,JOHANKARLSSON,202609261754ILYQJGW1,2026_26_sep_05,Citizen Science (ultrasonic) - shared
59~40306+18~07249_20260926_055423.wav,DEV_001_20260926_055423.wav,0,59.40306,18.07249,Phogri,Pholidoptera griseoaptera,Dark Bush-cricket,bush-cricket,0.98,,,26/09/2026,25/09/2026,05:54:23,ClassifEspSWE-0002026-05-29_1,JOHANKARLSSON,202609261754ILYQJGW1,2026_26_sep_05,Citizen Science (ultrasonic) - shared
59~40306+18~07249_20260926_055430.wav,DEV_001_20260926_055430.wav,0,59.40306,18.07249,Phogri,Pholidoptera griseoaptera,Dark Bush-cricket,bush-cricket,0.82,,,26/09/2026,25/09/2026,05:54:30,ClassifEspSWE-0002026-05-29_1,JOHANKARLSSON,202609261754ILYQJGW1,2026_26_sep_05,Citizen Science (ultrasonic) - shared
59~40306+18~07249_20260926_055437.wav,DEV_001_20260926_055437.wav,0,59.40306,18.07249,Phogri,Pholidoptera griseoaptera,Dark Bush-cricket,bush-cricket,0.96,,,26/09/2026,25/09/2026,05:54:37,ClassifEspSWE-0002026-05-29_1,JOHANKARLSSON,202609261754ILYQJGW1,2026_26_sep_05,Citizen Science (ultrasonic) - shared
59~40306+18~07249_20260926_055445.wav,DEV_001_20260926_055445.wav,0,59.40306,18.07249,Phogri,Pholidoptera griseoaptera,Dark Bush-cricket,bush-cricket,0.85,,,26/09/2026,25/09/2026,05:54:45,ClassifEspSWE-0002026-05-29_1,JOHANKARLSSON,202609261754ILYQJGW1,2026_26_sep_05,Citizen Science (ultrasonic) - shared
59~40306+18~07249_20260926_055451.wav,DEV_001_20260926_055451.wav,0,59.40306,18.07249,Phogri,Pholidoptera griseoaptera,Dark Bush-cricket,bush-cricket,0.95,,,26/09/2026,25/09/2026,05:54:51,ClassifEspSWE-0002026-05-29_1,JOHANKARLSSON,202609261754ILYQJGW1,2026_26_sep_05,Citizen Science (ultrasonic) - shared
59~40306+18~07249_20260926_055458.wav,DEV_001_20260926_055458.wav,0,59.40306,18.07249,Phogri,Pholidoptera griseoaptera,Dark Bush-cricket,bush-cricket,0.96,,,26/09/2026,25/09/2026,05:54:58,ClassifEspSWE-0002026-05-29_1,JOHANKARLSSON,202609261754ILYQJGW1,2026_26_sep_05,Citizen Science (ultrasonic) - shared
59~40306+18~07249_20260926_055505.wav,DEV_001_20260926_055505.wav,0,59.40306,18.07249,Phogri,Pholidoptera griseoaptera,Dark Bush-cricket,bush-cricket,0.98,,,26/09/2026,25/09/2026,05:55:05,ClassifEspSWE-0002026-05-29_1,JOHANKARLSSON,202609261754ILYQJGW1,2026_26_sep_05,Citizen Science (ultrasonic) - shared
59~40306+18~07249_20260926_055511.wav,DEV_001_20260926_055511.wav,0,59.40306,18.07249,Phogri,Pholidoptera griseoaptera,Dark Bush-cricket,bush-cricket,0.92,,,26/09/2026,25/09/2026,05:55:11,ClassifEspSWE-0002026-05-29_1,JOHANKARLSSON,202609261754ILYQJGW1,2026_26_sep_05,Citizen Science (ultrasonic) - shared
59~40306+18~07249_20260926_055519.wav,DEV_001_20260926_055519.wav,0,59.40306,18.07249,Phogri,Pholidoptera griseoaptera,Dark Bush-cricket,bush-cricket,0.97,,,26/09/2026,25/09/2026,05:55:19,ClassifEspSWE-0002026-05-29_1,JOHANKARLSSON,202609261754ILYQJGW1,2026_26_sep_05,Citizen Science (ultrasonic) - shared
59~40306+18~07249_20260926_055526.wav,DEV_001_20260926_055526.wav,0,59.40306,18.07249,Phogri,Pholidoptera griseoaptera,Dark Bush-cricket,bush-cricket,0.95,,,26/09/2026,25/09/2026,05:55:26,ClassifEspSWE-0002026-05-29_1,JOHANKARLSSON,202609261754ILYQJGW1,2026_26_sep_05,Citizen Science (ultrasonic) - shared
59~40306+18~07249_20260926_055533.wav,DEV_001_20260926_055533.wav,0,59.40306,18.07249,Phogri,Pholidoptera griseoaptera,Dark Bush-cricket,bush-cricket,0.97,,,26/09/2026,25/09/2026,05:55:33,ClassifEspSWE-0002026-05-29_1,JOHANKARLSSON,202609261754ILYQJGW1,2026_26_sep_05,Citizen Science (ultrasonic) - shared
59~40306+18~07249_20260926_055548.wav,DEV_001_20260926_055548.wav,0,59.40306,18.07249,Phogri,Pholidoptera griseoaptera,Dark Bush-cricket,bush-cricket,0.86,,,26/09/2026,25/09/2026,05:55:48,ClassifEspSWE-0002026-05-29_1,JOHANKARLSSON,202609261754ILYQJGW1,2026_26_sep_05,Citizen Science (ultrasonic) - shared
59~40306+18~07249_20260926_055554.wav,DEV_001_20260926_055554.wav,0,59.40306,18.07249,Phogri,Pholidoptera griseoaptera,Dark Bush-cricket,bush-cricket,0.56,,,26/09/2026,25/09/2026,05:55:54,ClassifEspSWE-0002026-05-29_1,JOHANKARLSSON,202609261754ILYQJGW1,2026_26_sep_05,Citizen Science (ultrasonic) - shared
59~40306+18~07249_20260926_055606.wav,DEV_001_20260926_055606.wav,0,59.40306,18.07249,Phogri,Pholidoptera griseoaptera,Dark Bush-cricket,bush-cricket,0.98,,,26/09/2026,25/09/2026,05:56:06,ClassifEspSWE-0002026-05-29_1,JOHANKARLSSON,202609261754ILYQJGW1,2026_26_sep_05,Citizen Science (ultrasonic) - shared
59~40306+18~07249_20260926_055612.wav,DEV_001_20260926_055612.wav,0,59.40306,18.07249,Phogri,Pholidoptera griseoaptera,Dark Bush-cricket,bush-cricket,0.92,,,26/09/2026,25/09/2026,05:56:12,ClassifEspSWE-0002026-05-29_1,JOHANKARLSSON,202609261754ILYQJGW1,2026_26_sep_05,Citizen Science (ultrasonic) - shared
59~40306+18~07249_20260926_055619.wav,DEV_001_20260926_055619.wav,0,59.40306,18.07249,Phogri,Pholidoptera griseoaptera,Dark Bush-cricket,bush-cricket,0.91,,,26/09/2026,25/09/2026,05:56:19,ClassifEspSWE-0002026-05-29_1,JOHANKARLSSON,202609261754ILYQJGW1,2026_26_sep_05,Citizen Science (ultrasonic) - shared
59~40306+18~07249_20260926_055629.wav,DEV_001_20260926_055629.wav,0,59.40306,18.07249,Phogri,Pholidoptera griseoaptera,Dark Bush-cricket,bush-cricket,0.95,,,26/09/2026,25/09/2026,05:56:29,ClassifEspSWE-0002026-05-29_1,JOHANKARLSSON,202609261754ILYQJGW1,2026_26_sep_05,Citizen Science (ultrasonic) - shared
59~40306+18~07249_20260926_055634.wav,DEV_001_20260926_055634.wav,0,59.40306,18.07249,Phogri,Pholidoptera griseoaptera,Dark Bush-cricket,bush-cricket,0.88,,,26/09/2026,25/09/2026,05:56:34,ClassifEspSWE-0002026-05-29_1,JOHANKARLSSON,202609261754ILYQJGW1,2026_26_sep_05,Citizen Science (ultrasonic) - shared
59~40306+18~07249_20260926_055642.wav,DEV_001_20260926_055642.wav,0,59.40306,18.07249,Phogri,Pholidoptera griseoaptera,Dark Bush-cricket,bush-cricket,0.94,,,26/09/2026,25/09/2026,05:56:42,ClassifEspSWE-0002026-05-29_1,JOHANKARLSSON,202609261754ILYQJGW1,2026_26_sep_05,Citizen Science (ultrasonic) - shared
59~40306+18~07249_20260926_055647.wav,DEV_001_20260926_055647.wav,0,59.40306,18.07249,Phogri,Pholidoptera griseoaptera,Dark Bush-cricket,bush-cricket,0.92,,,26/09/2026,25/09/2026,05:56:47,ClassifEspSWE-0002026-05-29_1,JOHANKARLSSON,202609261754ILYQJGW1,2026_26_sep_05,Citizen Science (ultrasonic) - shared
59~40306+18~07249_20260926_055657.wav,DEV_001_20260926_055657.wav,0,59.40306,18.07249,Phogri,Pholidoptera griseoaptera,Dark Bush-cricket,bush-cricket,0.98,,,26/09/2026,25/09/2026,05:56:57,ClassifEspSWE-0002026-05-29_1,JOHANKARLSSON,202609261754ILYQJGW1,2026_26_sep_05,Citizen Science (ultrasonic) - shared
59~40306+18~07249_20260926_055706.wav,DEV_001_20260926_055706.wav,0,59.40306,18.07249,Phogri,Pholidoptera griseoaptera,Dark Bush-cricket,bush-cricket,0.98,,,26/09/2026,25/09/2026,05:57:06,ClassifEspSWE-0002026-05-29_1,JOHANKARLSSON,202609261754ILYQJGW1,2026_26_sep_05,Citizen Science (ultrasonic) - shared
59~40306+18~07249_20260926_055713.wav,DEV_001_20260926_055713.wav,0,59.40306,18.07249,Phogri,Pholidoptera griseoaptera,Dark Bush-cricket,bush-cricket,0.96,,,26/09/2026,25/09/2026,05:57:13,ClassifEspSWE-0002026-05-29_1,JOHANKARLSSON,202609261754ILYQJGW1,2026_26_sep_05,Citizen Science (ultrasonic) - shared
59~40306+18~07249_20260926_055720.wav,DEV_001_20260926_055720.wav,0,59.40306,18.07249,Phogri,Pholidoptera griseoaptera,Dark Bush-cricket,bush-cricket,0.95,,,26/09/2026,25/09/2026,05:57:20,ClassifEspSWE-0002026-05-29_1,JOHANKARLSSON,202609261754ILYQJGW1,2026_26_sep_05,Citizen Science (ultrasonic) - shared
59~40306+18~07249_20260926_055733.wav,DEV_001_20260926_055733.wav,0,59.40306,18.07249,Phogri,Pholidoptera griseoaptera,Dark Bush-cricket,bush-cricket,0.94,,,26/09/2026,25/09/2026,05:57:33,ClassifEspSWE-0002026-05-29_1,JOHANKARLSSON,202609261754ILYQJGW1,2026_26_sep_05,Citizen Science (ultrasonic) - shared
59~40306+18~07249_20260926_055745.wav,DEV_001_20260926_055745.wav,0,59.40306,18.07249,Phogri,Pholidoptera griseoaptera,Dark Bush-cricket,bush-cricket,0.89,,,26/09/2026,25/09/2026,05:57:45,ClassifEspSWE-0002026-05-29_1,JOHANKARLSSON,202609261754ILYQJGW1,2026_26_sep_05,Citizen Science (ultrasonic) - shared
59~40306+18~07249_20260926_055753.wav,DEV_001_20260926_055753.wav,0,59.40306,18.07249,Phogri,Pholidoptera griseoaptera,Dark Bush-cricket,bush-cricket,0.89,,,26/09/2026,25/09/2026,05:57:53,ClassifEspSWE-0002026-05-29_1,JOHANKARLSSON,202609261754ILYQJGW1,2026_26_sep_05,Citizen Science (ultrasonic) - shared
59~40306+18~07249_20260926_055803.wav,DEV_001_20260926_055803.wav,0,59.40306,18.07249,Phogri,Pholidoptera griseoaptera,Dark Bush-cricket,bush-cricket,0.98,,,26/09/2026,25/09/2026,05:58:03,ClassifEspSWE-0002026-05-29_1,JOHANKARLSSON,202609261754ILYQJGW1,2026_26_sep_05,Citizen Science (ultrasonic) - shared
59~40306+18~07249_20260926_055822.wav,DEV_001_20260926_055822.wav,0,59.40306,18.07249,Phogri,Pholidoptera griseoaptera,Dark Bush-cricket,bush-cricket,0.98,,,26/09/2026,25/09/2026,05:58:22,ClassifEspSWE-0002026-05-29_1,JOHANKARLSSON,202609261754ILYQJGW1,2026_26_sep_05,Citizen Science (ultrasonic) - shared
59~40306+18~07249_20260926_055828.wav,DEV_001_20260926_055828.wav,0,59.40306,18.07249,Phogri,Pholidoptera griseoaptera,Dark Bush-cricket,bush-cricket,0.96,,,26/09/2026,25/09/2026,05:58:28,ClassifEspSWE-0002026-05-29_1,JOHANKARLSSON,202609261754ILYQJGW1,2026_26_sep_05,Citizen Science (ultrasonic) - shared
59~40306+18~07249_20260926_055843.wav,DEV_001_20260926_055843.wav,0,59.40306,18.07249,Phogri,Pholidoptera griseoaptera,Dark Bush-cricket,bush-cricket,0.94,,,26/09/2026,25/09/2026,05:58:43,ClassifEspSWE-0002026-05-29_1,JOHANKARLSSON,202609261754ILYQJGW1,2026_26_sep_05,Citizen Science (ultrasonic) - shared
59~40306+18~07249_20260926_055849.wav,DEV_001_20260926_055849.wav,0,59.40306,18.07249,Phogri,Pholidoptera griseoaptera,Dark Bush-cricket,bush-cricket,0.95,,,26/09/2026,25/09/2026,05:58:49,ClassifEspSWE-0002026-05-29_1,JOHANKARLSSON,202609261754ILYQJGW1,2026_26_sep_05,Citizen Science (ultrasonic) - shared
59~40306+18~07249_20260926_055910.wav,DEV_001_20260926_055910.wav,0,59.40306,18.07249,Phogri,Pholidoptera griseoaptera,Dark Bush-cricket,bush-cricket,0.97,,,26/09/2026,25/09/2026,05:59:10,ClassifEspSWE-0002026-05-29_1,JOHANKARLSSON,202609261754ILYQJGW1,2026_26_sep_05,Citizen Science (ultrasonic) - shared
59~40306+18~07249_20260926_055923.wav,DEV_001_20260926_055923.wav,0,59.40306,18.07249,Phogri,Pholidoptera griseoaptera,Dark Bush-cricket,bush-cricket,0.71,,,26/09/2026,25/09/2026,05:59:23,ClassifEspSWE-0002026-05-29_1,JOHANKARLSSON,202609261754ILYQJGW1,2026_26_sep_05,Citizen Science (ultrasonic) - shared
59~40306+18~07249_20260926_055929.wav,DEV_001_20260926_055929.wav,0,59.40306,18.07249,Phogri,Pholidoptera griseoaptera,Dark Bush-cricket,bush-cricket,0.96,,,26/09/2026,25/09/2026,05:59:29,ClassifEspSWE-0002026-05-29_1,JOHANKARLSSON,202609261754ILYQJGW1,2026_26_sep_05,Citizen Science (ultrasonic) - shared
59~40306+18~07249_20260926_055936.wav,DEV_001_20260926_055936.wav,0,59.40306,18.07249,Phogri,Pholidoptera griseoaptera,Dark Bush-cricket,bush-cricket,0.94,,,26/09/2026,25/09/2026,05:59:36,ClassifEspSWE-0002026-05-29_1,JOHANKARLSSON,202609261754ILYQJGW1,2026_26_sep_05,Citizen Science (ultrasonic) - shared
59~40306+18~07249_20260926_055943.wav,DEV_001_20260926_055943.wav,0,59.40306,18.07249,Phogri,Pholidoptera griseoaptera,Dark Bush-cricket,bush-cricket,0.76,,,26/09/2026,25/09/2026,05:59:43,ClassifEspSWE-0002026-05-29_1,JOHANKARLSSON,202609261754ILYQJGW1,2026_26_sep_05,Citizen Science (ultrasonic) - shared