RECORDING FILE NAME,ORIGINAL FILE NAME,ORIGINAL FILE PART,LATITUDE,LONGITUDE,SPECIES,SCIENTIFIC NAME,ENGLISH NAME,SPECIES GROUP,PROBABILITY,WARNINGS,CALL TYPE,ACTUAL DATE,SURVEY DATE,TIME,CLASSIFIER NAME,USER ID,UPLOAD KEY,BATCH NAME,PROJECT NAME
59~40304+18~07242_20260928_232544.wav,DEV_002_20260928_232544.wav,0,59.40304,18.07242,Pippyg,Pipistrellus pygmaeus,Soprano Pipistrelle,bat,0.93,,echolocation,28/09/2026,28/09/2026,23:25:44,ClassifEspSWE-0002026-05-29_1,JOHANKARLSSON,202609290752M9UN6REK,,Citizen Science (ultrasonic) - shared
59~40304+18~07242_20260928_232207.wav,DEV_002_20260928_232207.wav,0,59.40304,18.07242,bird,Aves sp.,Unidentified bird,bird,0.14,Low confidence,,28/09/2026,28/09/2026,23:22:07,ClassifEspSWE-0002026-05-29_1,JOHANKARLSSON,202609290752M9UN6REK,,Citizen Science (ultrasonic) - shared
59~40304+18~07242_20260928_235800.wav,DEV_002_20260928_235800.wav,0,59.40304,18.07242,bird,Aves sp.,Unidentified bird,bird,0.14,Low confidence,,28/09/2026,28/09/2026,23:58:00,ClassifEspSWE-0002026-05-29_1,JOHANKARLSSON,202609290752M9UN6REK,,Citizen Science (ultrasonic) - shared
59~40304+18~07242_20260928_230004.wav,DEV_002_20260928_230004.wav,0,59.40304,18.07242,Leppun,Leptophyes punctatissima,Speckled Bush-cricket,bush-cricket,0.99,,,28/09/2026,28/09/2026,23:00:04,ClassifEspSWE-0002026-05-29_1,JOHANKARLSSON,202609290752M9UN6REK,,Citizen Science (ultrasonic) - shared
59~40304+18~07242_20260928_230009.wav,DEV_002_20260928_230009.wav,0,59.40304,18.07242,Leppun,Leptophyes punctatissima,Speckled Bush-cricket,bush-cricket,0.99,,,28/09/2026,28/09/2026,23:00:09,ClassifEspSWE-0002026-05-29_1,JOHANKARLSSON,202609290752M9UN6REK,,Citizen Science (ultrasonic) - shared
59~40304+18~07242_20260928_230016.wav,DEV_002_20260928_230016.wav,0,59.40304,18.07242,Leppun,Leptophyes punctatissima,Speckled Bush-cricket,bush-cricket,0.99,,,28/09/2026,28/09/2026,23:00:16,ClassifEspSWE-0002026-05-29_1,JOHANKARLSSON,202609290752M9UN6REK,,Citizen Science (ultrasonic) - shared
59~40304+18~07242_20260928_230022.wav,DEV_002_20260928_230022.wav,0,59.40304,18.07242,Leppun,Leptophyes punctatissima,Speckled Bush-cricket,bush-cricket,0.99,,,28/09/2026,28/09/2026,23:00:22,ClassifEspSWE-0002026-05-29_1,JOHANKARLSSON,202609290752M9UN6REK,,Citizen Science (ultrasonic) - shared
59~40304+18~07242_20260928_230029.wav,DEV_002_20260928_230029.wav,0,59.40304,18.07242,Leppun,Leptophyes punctatissima,Speckled Bush-cricket,bush-cricket,0.99,,,28/09/2026,28/09/2026,23:00:29,ClassifEspSWE-0002026-05-29_1,JOHANKARLSSON,202609290752M9UN6REK,,Citizen Science (ultrasonic) - shared
59~40304+18~07242_20260928_230035.wav,DEV_002_20260928_230035.wav,0,59.40304,18.07242,Leppun,Leptophyes punctatissima,Speckled Bush-cricket,bush-cricket,0.99,,,28/09/2026,28/09/2026,23:00:35,ClassifEspSWE-0002026-05-29_1,JOHANKARLSSON,202609290752M9UN6REK,,Citizen Science (ultrasonic) - shared
59~40304+18~07242_20260928_230041.wav,DEV_002_20260928_230041.wav,0,59.40304,18.07242,Leppun,Leptophyes punctatissima,Speckled Bush-cricket,bush-cricket,0.99,,,28/09/2026,28/09/2026,23:00:41,ClassifEspSWE-0002026-05-29_1,JOHANKARLSSON,202609290752M9UN6REK,,Citizen Science (ultrasonic) - shared
59~40304+18~07242_20260928_230048.wav,DEV_002_20260928_230048.wav,0,59.40304,18.07242,Leppun,Leptophyes punctatissima,Speckled Bush-cricket,bush-cricket,0.99,,,28/09/2026,28/09/2026,23:00:48,ClassifEspSWE-0002026-05-29_1,JOHANKARLSSON,202609290752M9UN6REK,,Citizen Science (ultrasonic) - shared
59~40304+18~07242_20260928_230053.wav,DEV_002_20260928_230053.wav,0,59.40304,18.07242,Leppun,Leptophyes punctatissima,Speckled Bush-cricket,bush-cricket,0.99,,,28/09/2026,28/09/2026,23:00:53,ClassifEspSWE-0002026-05-29_1,JOHANKARLSSON,202609290752M9UN6REK,,Citizen Science (ultrasonic) - shared
59~40304+18~07242_20260928_230058.wav,DEV_002_20260928_230058.wav,0,59.40304,18.07242,Leppun,Leptophyes punctatissima,Speckled Bush-cricket,bush-cricket,0.99,,,28/09/2026,28/09/2026,23:00:58,ClassifEspSWE-0002026-05-29_1,JOHANKARLSSON,202609290752M9UN6REK,,Citizen Science (ultrasonic) - shared
59~40304+18~07242_20260928_230104.wav,DEV_002_20260928_230104.wav,0,59.40304,18.07242,Leppun,Leptophyes punctatissima,Speckled Bush-cricket,bush-cricket,0.99,,,28/09/2026,28/09/2026,23:01:04,ClassifEspSWE-0002026-05-29_1,JOHANKARLSSON,202609290752M9UN6REK,,Citizen Science (ultrasonic) - shared
59~40304+18~07242_20260928_230110.wav,DEV_002_20260928_230110.wav,0,59.40304,18.07242,Leppun,Leptophyes punctatissima,Speckled Bush-cricket,bush-cricket,0.99,,,28/09/2026,28/09/2026,23:01:10,ClassifEspSWE-0002026-05-29_1,JOHANKARLSSON,202609290752M9UN6REK,,Citizen Science (ultrasonic) - shared
59~40304+18~07242_20260928_230116.wav,DEV_002_20260928_230116.wav,0,59.40304,18.07242,Leppun,Leptophyes punctatissima,Speckled Bush-cricket,bush-cricket,0.99,,,28/09/2026,28/09/2026,23:01:16,ClassifEspSWE-0002026-05-29_1,JOHANKARLSSON,202609290752M9UN6REK,,Citizen Science (ultrasonic) - shared
59~40304+18~07242_20260928_230122.wav,DEV_002_20260928_230122.wav,0,59.40304,18.07242,Leppun,Leptophyes punctatissima,Speckled Bush-cricket,bush-cricket,0.99,,,28/09/2026,28/09/2026,23:01:22,ClassifEspSWE-0002026-05-29_1,JOHANKARLSSON,202609290752M9UN6REK,,Citizen Science (ultrasonic) - shared
59~40304+18~07242_20260928_230127.wav,DEV_002_20260928_230127.wav,0,59.40304,18.07242,Leppun,Leptophyes punctatissima,Speckled Bush-cricket,bush-cricket,0.99,,,28/09/2026,28/09/2026,23:01:27,ClassifEspSWE-0002026-05-29_1,JOHANKARLSSON,202609290752M9UN6REK,,Citizen Science (ultrasonic) - shared
59~40304+18~07242_20260928_230133.wav,DEV_002_20260928_230133.wav,0,59.40304,18.07242,Leppun,Leptophyes punctatissima,Speckled Bush-cricket,bush-cricket,0.99,,,28/09/2026,28/09/2026,23:01:33,ClassifEspSWE-0002026-05-29_1,JOHANKARLSSON,202609290752M9UN6REK,,Citizen Science (ultrasonic) - shared
59~40304+18~07242_20260928_230139.wav,DEV_002_20260928_230139.wav,0,59.40304,18.07242,Leppun,Leptophyes punctatissima,Speckled Bush-cricket,bush-cricket,0.99,,,28/09/2026,28/09/2026,23:01:39,ClassifEspSWE-0002026-05-29_1,JOHANKARLSSON,202609290752M9UN6REK,,Citizen Science (ultrasonic) - shared
59~40304+18~07242_20260928_230145.wav,DEV_002_20260928_230145.wav,0,59.40304,18.07242,Leppun,Leptophyes punctatissima,Speckled Bush-cricket,bush-cricket,0.99,,,28/09/2026,28/09/2026,23:01:45,ClassifEspSWE-0002026-05-29_1,JOHANKARLSSON,202609290752M9UN6REK,,Citizen Science (ultrasonic) - shared
59~40304+18~07242_20260928_230150.wav,DEV_002_20260928_230150.wav,0,59.40304,18.07242,Leppun,Leptophyes punctatissima,Speckled Bush-cricket,bush-cricket,0.99,,,28/09/2026,28/09/2026,23:01:50,ClassifEspSWE-0002026-05-29_1,JOHANKARLSSON,202609290752M9UN6REK,,Citizen Science (ultrasonic) - shared
59~40304+18~07242_20260928_230156.wav,DEV_002_20260928_230156.wav,0,59.40304,18.07242,Leppun,Leptophyes punctatissima,Speckled Bush-cricket,bush-cricket,0.99,,,28/09/2026,28/09/2026,23:01:56,ClassifEspSWE-0002026-05-29_1,JOHANKARLSSON,202609290752M9UN6REK,,Citizen Science (ultrasonic) - shared
59~40304+18~07242_20260928_230203.wav,DEV_002_20260928_230203.wav,0,59.40304,18.07242,Leppun,Leptophyes punctatissima,Speckled Bush-cricket,bush-cricket,0.99,,,28/09/2026,28/09/2026,23:02:03,ClassifEspSWE-0002026-05-29_1,JOHANKARLSSON,202609290752M9UN6REK,,Citizen Science (ultrasonic) - shared
59~40304+18~07242_20260928_230208.wav,DEV_002_20260928_230208.wav,0,59.40304,18.07242,Leppun,Leptophyes punctatissima,Speckled Bush-cricket,bush-cricket,0.99,,,28/09/2026,28/09/2026,23:02:08,ClassifEspSWE-0002026-05-29_1,JOHANKARLSSON,202609290752M9UN6REK,,Citizen Science (ultrasonic) - shared
59~40304+18~07242_20260928_230213.wav,DEV_002_20260928_230213.wav,0,59.40304,18.07242,Leppun,Leptophyes punctatissima,Speckled Bush-cricket,bush-cricket,0.99,,,28/09/2026,28/09/2026,23:02:13,ClassifEspSWE-0002026-05-29_1,JOHANKARLSSON,202609290752M9UN6REK,,Citizen Science (ultrasonic) - shared
59~40304+18~07242_20260928_230219.wav,DEV_002_20260928_230219.wav,0,59.40304,18.07242,Leppun,Leptophyes punctatissima,Speckled Bush-cricket,bush-cricket,0.99,,,28/09/2026,28/09/2026,23:02:19,ClassifEspSWE-0002026-05-29_1,JOHANKARLSSON,202609290752M9UN6REK,,Citizen Science (ultrasonic) - shared
59~40304+18~07242_20260928_230225.wav,DEV_002_20260928_230225.wav,0,59.40304,18.07242,Leppun,Leptophyes punctatissima,Speckled Bush-cricket,bush-cricket,0.99,,,28/09/2026,28/09/2026,23:02:25,ClassifEspSWE-0002026-05-29_1,JOHANKARLSSON,202609290752M9UN6REK,,Citizen Science (ultrasonic) - shared
59~40304+18~07242_20260928_230230.wav,DEV_002_20260928_230230.wav,0,59.40304,18.07242,Leppun,Leptophyes punctatissima,Speckled Bush-cricket,bush-cricket,0.99,,,28/09/2026,28/09/2026,23:02:30,ClassifEspSWE-0002026-05-29_1,JOHANKARLSSON,202609290752M9UN6REK,,Citizen Science (ultrasonic) - shared
59~40304+18~07242_20260928_230236.wav,DEV_002_20260928_230236.wav,0,59.40304,18.07242,Leppun,Leptophyes punctatissima,Speckled Bush-cricket,bush-cricket,0.99,,,28/09/2026,28/09/2026,23:02:36,ClassifEspSWE-0002026-05-29_1,JOHANKARLSSON,202609290752M9UN6REK,,Citizen Science (ultrasonic) - shared
59~40304+18~07242_20260928_230241.wav,DEV_002_20260928_230241.wav,0,59.40304,18.07242,Leppun,Leptophyes punctatissima,Speckled Bush-cricket,bush-cricket,0.99,,,28/09/2026,28/09/2026,23:02:41,ClassifEspSWE-0002026-05-29_1,JOHANKARLSSON,202609290752M9UN6REK,,Citizen Science (ultrasonic) - shared
59~40304+18~07242_20260928_230247.wav,DEV_002_20260928_230247.wav,0,59.40304,18.07242,Leppun,Leptophyes punctatissima,Speckled Bush-cricket,bush-cricket,0.99,,,28/09/2026,28/09/2026,23:02:47,ClassifEspSWE-0002026-05-29_1,JOHANKARLSSON,202609290752M9UN6REK,,Citizen Science (ultrasonic) - shared
59~40304+18~07242_20260928_230252.wav,DEV_002_20260928_230252.wav,0,59.40304,18.07242,Leppun,Leptophyes punctatissima,Speckled Bush-cricket,bush-cricket,0.99,,,28/09/2026,28/09/2026,23:02:52,ClassifEspSWE-0002026-05-29_1,JOHANKARLSSON,202609290752M9UN6REK,,Citizen Science (ultrasonic) - shared
59~40304+18~07242_20260928_230258.wav,DEV_002_20260928_230258.wav,0,59.40304,18.07242,Leppun,Leptophyes punctatissima,Speckled Bush-cricket,bush-cricket,0.99,,,28/09/2026,28/09/2026,23:02:58,ClassifEspSWE-0002026-05-29_1,JOHANKARLSSON,202609290752M9UN6REK,,Citizen Science (ultrasonic) - shared
59~40304+18~07242_20260928_230304.wav,DEV_002_20260928_230304.wav,0,59.40304,18.07242,Leppun,Leptophyes punctatissima,Speckled Bush-cricket,bush-cricket,0.99,,,28/09/2026,28/09/2026,23:03:04,ClassifEspSWE-0002026-05-29_1,JOHANKARLSSON,202609290752M9UN6REK,,Citizen Science (ultrasonic) - shared
59~40304+18~07242_20260928_230309.wav,DEV_002_20260928_230309.wav,0,59.40304,18.07242,Leppun,Leptophyes punctatissima,Speckled Bush-cricket,bush-cricket,0.99,,,28/09/2026,28/09/2026,23:03:09,ClassifEspSWE-0002026-05-29_1,JOHANKARLSSON,202609290752M9UN6REK,,Citizen Science (ultrasonic) - shared
59~40304+18~07242_20260928_230316.wav,DEV_002_20260928_230316.wav,0,59.40304,18.07242,Leppun,Leptophyes punctatissima,Speckled Bush-cricket,bush-cricket,0.99,,,28/09/2026,28/09/2026,23:03:16,ClassifEspSWE-0002026-05-29_1,JOHANKARLSSON,202609290752M9UN6REK,,Citizen Science (ultrasonic) - shared
59~40304+18~07242_20260928_230322.wav,DEV_002_20260928_230322.wav,0,59.40304,18.07242,Leppun,Leptophyes punctatissima,Speckled Bush-cricket,bush-cricket,0.99,,,28/09/2026,28/09/2026,23:03:22,ClassifEspSWE-0002026-05-29_1,JOHANKARLSSON,202609290752M9UN6REK,,Citizen Science (ultrasonic) - shared
59~40304+18~07242_20260928_230328.wav,DEV_002_20260928_230328.wav,0,59.40304,18.07242,Leppun,Leptophyes punctatissima,Speckled Bush-cricket,bush-cricket,0.99,,,28/09/2026,28/09/2026,23:03:28,ClassifEspSWE-0002026-05-29_1,JOHANKARLSSON,202609290752M9UN6REK,,Citizen Science (ultrasonic) - shared
59~40304+18~07242_20260928_230335.wav,DEV_002_20260928_230335.wav,0,59.40304,18.07242,Leppun,Leptophyes punctatissima,Speckled Bush-cricket,bush-cricket,0.99,,,28/09/2026,28/09/2026,23:03:35,ClassifEspSWE-0002026-05-29_1,JOHANKARLSSON,202609290752M9UN6REK,,Citizen Science (ultrasonic) - shared
59~40304+18~07242_20260928_230340.wav,DEV_002_20260928_230340.wav,0,59.40304,18.07242,Leppun,Leptophyes punctatissima,Speckled Bush-cricket,bush-cricket,0.99,,,28/09/2026,28/09/2026,23:03:40,ClassifEspSWE-0002026-05-29_1,JOHANKARLSSON,202609290752M9UN6REK,,Citizen Science (ultrasonic) - shared
59~40304+18~07242_20260928_230345.wav,DEV_002_20260928_230345.wav,0,59.40304,18.07242,Leppun,Leptophyes punctatissima,Speckled Bush-cricket,bush-cricket,0.99,,,28/09/2026,28/09/2026,23:03:45,ClassifEspSWE-0002026-05-29_1,JOHANKARLSSON,202609290752M9UN6REK,,Citizen Science (ultrasonic) - shared
59~40304+18~07242_20260928_230352.wav,DEV_002_20260928_230352.wav,0,59.40304,18.07242,Leppun,Leptophyes punctatissima,Speckled Bush-cricket,bush-cricket,0.99,,,28/09/2026,28/09/2026,23:03:52,ClassifEspSWE-0002026-05-29_1,JOHANKARLSSON,202609290752M9UN6REK,,Citizen Science (ultrasonic) - shared
59~40304+18~07242_20260928_230357.wav,DEV_002_20260928_230357.wav,0,59.40304,18.07242,Leppun,Leptophyes punctatissima,Speckled Bush-cricket,bush-cricket,0.99,,,28/09/2026,28/09/2026,23:03:57,ClassifEspSWE-0002026-05-29_1,JOHANKARLSSON,202609290752M9UN6REK,,Citizen Science (ultrasonic) - shared
59~40304+18~07242_20260928_230404.wav,DEV_002_20260928_230404.wav,0,59.40304,18.07242,Leppun,Leptophyes punctatissima,Speckled Bush-cricket,bush-cricket,0.99,,,28/09/2026,28/09/2026,23:04:04,ClassifEspSWE-0002026-05-29_1,JOHANKARLSSON,202609290752M9UN6REK,,Citizen Science (ultrasonic) - shared
59~40304+18~07242_20260928_230409.wav,DEV_002_20260928_230409.wav,0,59.40304,18.07242,Leppun,Leptophyes punctatissima,Speckled Bush-cricket,bush-cricket,0.99,,,28/09/2026,28/09/2026,23:04:09,ClassifEspSWE-0002026-05-29_1,JOHANKARLSSON,202609290752M9UN6REK,,Citizen Science (ultrasonic) - shared
59~40304+18~07242_20260928_230415.wav,DEV_002_20260928_230415.wav,0,59.40304,18.07242,Leppun,Leptophyes punctatissima,Speckled Bush-cricket,bush-cricket,0.99,,,28/09/2026,28/09/2026,23:04:15,ClassifEspSWE-0002026-05-29_1,JOHANKARLSSON,202609290752M9UN6REK,,Citizen Science (ultrasonic) - shared
59~40304+18~07242_20260928_230422.wav,DEV_002_20260928_230422.wav,0,59.40304,18.07242,Leppun,Leptophyes punctatissima,Speckled Bush-cricket,bush-cricket,0.99,,,28/09/2026,28/09/2026,23:04:22,ClassifEspSWE-0002026-05-29_1,JOHANKARLSSON,202609290752M9UN6REK,,Citizen Science (ultrasonic) - shared
59~40304+18~07242_20260928_230427.wav,DEV_002_20260928_230427.wav,0,59.40304,18.07242,Leppun,Leptophyes punctatissima,Speckled Bush-cricket,bush-cricket,0.99,,,28/09/2026,28/09/2026,23:04:27,ClassifEspSWE-0002026-05-29_1,JOHANKARLSSON,202609290752M9UN6REK,,Citizen Science (ultrasonic) - shared
59~40304+18~07242_20260928_230433.wav,DEV_002_20260928_230433.wav,0,59.40304,18.07242,Leppun,Leptophyes punctatissima,Speckled Bush-cricket,bush-cricket,0.99,,,28/09/2026,28/09/2026,23:04:33,ClassifEspSWE-0002026-05-29_1,JOHANKARLSSON,202609290752M9UN6REK,,Citizen Science (ultrasonic) - shared
59~40304+18~07242_20260928_230439.wav,DEV_002_20260928_230439.wav,0,59.40304,18.07242,Leppun,Leptophyes punctatissima,Speckled Bush-cricket,bush-cricket,0.99,,,28/09/2026,28/09/2026,23:04:39,ClassifEspSWE-0002026-05-29_1,JOHANKARLSSON,202609290752M9UN6REK,,Citizen Science (ultrasonic) - shared
59~40304+18~07242_20260928_230445.wav,DEV_002_20260928_230445.wav,0,59.40304,18.07242,Leppun,Leptophyes punctatissima,Speckled Bush-cricket,bush-cricket,0.99,,,28/09/2026,28/09/2026,23:04:45,ClassifEspSWE-0002026-05-29_1,JOHANKARLSSON,202609290752M9UN6REK,,Citizen Science (ultrasonic) - shared
59~40304+18~07242_20260928_230452.wav,DEV_002_20260928_230452.wav,0,59.40304,18.07242,Leppun,Leptophyes punctatissima,Speckled Bush-cricket,bush-cricket,0.99,,,28/09/2026,28/09/2026,23:04:52,ClassifEspSWE-0002026-05-29_1,JOHANKARLSSON,202609290752M9UN6REK,,Citizen Science (ultrasonic) - shared
59~40304+18~07242_20260928_230459.wav,DEV_002_20260928_230459.wav,0,59.40304,18.07242,Leppun,Leptophyes punctatissima,Speckled Bush-cricket,bush-cricket,0.99,,,28/09/2026,28/09/2026,23:04:59,ClassifEspSWE-0002026-05-29_1,JOHANKARLSSON,202609290752M9UN6REK,,Citizen Science (ultrasonic) - shared
59~40304+18~07242_20260928_230505.wav,DEV_002_20260928_230505.wav,0,59.40304,18.07242,Leppun,Leptophyes punctatissima,Speckled Bush-cricket,bush-cricket,0.99,,,28/09/2026,28/09/2026,23:05:05,ClassifEspSWE-0002026-05-29_1,JOHANKARLSSON,202609290752M9UN6REK,,Citizen Science (ultrasonic) - shared
59~40304+18~07242_20260928_230510.wav,DEV_002_20260928_230510.wav,0,59.40304,18.07242,Leppun,Leptophyes punctatissima,Speckled Bush-cricket,bush-cricket,0.99,,,28/09/2026,28/09/2026,23:05:10,ClassifEspSWE-0002026-05-29_1,JOHANKARLSSON,202609290752M9UN6REK,,Citizen Science (ultrasonic) - shared
59~40304+18~07242_20260928_230517.wav,DEV_002_20260928_230517.wav,0,59.40304,18.07242,Leppun,Leptophyes punctatissima,Speckled Bush-cricket,bush-cricket,0.99,,,28/09/2026,28/09/2026,23:05:17,ClassifEspSWE-0002026-05-29_1,JOHANKARLSSON,202609290752M9UN6REK,,Citizen Science (ultrasonic) - shared
59~40304+18~07242_20260928_230523.wav,DEV_002_20260928_230523.wav,0,59.40304,18.07242,Leppun,Leptophyes punctatissima,Speckled Bush-cricket,bush-cricket,0.99,,,28/09/2026,28/09/2026,23:05:23,ClassifEspSWE-0002026-05-29_1,JOHANKARLSSON,202609290752M9UN6REK,,Citizen Science (ultrasonic) - shared
59~40304+18~07242_20260928_230528.wav,DEV_002_20260928_230528.wav,0,59.40304,18.07242,Leppun,Leptophyes punctatissima,Speckled Bush-cricket,bush-cricket,0.99,,,28/09/2026,28/09/2026,23:05:28,ClassifEspSWE-0002026-05-29_1,JOHANKARLSSON,202609290752M9UN6REK,,Citizen Science (ultrasonic) - shared
59~40304+18~07242_20260928_230534.wav,DEV_002_20260928_230534.wav,0,59.40304,18.07242,Leppun,Leptophyes punctatissima,Speckled Bush-cricket,bush-cricket,0.99,,,28/09/2026,28/09/2026,23:05:34,ClassifEspSWE-0002026-05-29_1,JOHANKARLSSON,202609290752M9UN6REK,,Citizen Science (ultrasonic) - shared
59~40304+18~07242_20260928_230540.wav,DEV_002_20260928_230540.wav,0,59.40304,18.07242,Leppun,Leptophyes punctatissima,Speckled Bush-cricket,bush-cricket,0.99,,,28/09/2026,28/09/2026,23:05:40,ClassifEspSWE-0002026-05-29_1,JOHANKARLSSON,202609290752M9UN6REK,,Citizen Science (ultrasonic) - shared
59~40304+18~07242_20260928_230546.wav,DEV_002_20260928_230546.wav,0,59.40304,18.07242,Leppun,Leptophyes punctatissima,Speckled Bush-cricket,bush-cricket,0.99,,,28/09/2026,28/09/2026,23:05:46,ClassifEspSWE-0002026-05-29_1,JOHANKARLSSON,202609290752M9UN6REK,,Citizen Science (ultrasonic) - shared
59~40304+18~07242_20260928_230552.wav,DEV_002_20260928_230552.wav,0,59.40304,18.07242,Leppun,Leptophyes punctatissima,Speckled Bush-cricket,bush-cricket,0.99,,,28/09/2026,28/09/2026,23:05:52,ClassifEspSWE-0002026-05-29_1,JOHANKARLSSON,202609290752M9UN6REK,,Citizen Science (ultrasonic) - shared
59~40304+18~07242_20260928_230558.wav,DEV_002_20260928_230558.wav,0,59.40304,18.07242,Leppun,Leptophyes punctatissima,Speckled Bush-cricket,bush-cricket,0.99,,,28/09/2026,28/09/2026,23:05:58,ClassifEspSWE-0002026-05-29_1,JOHANKARLSSON,202609290752M9UN6REK,,Citizen Science (ultrasonic) - shared
59~40304+18~07242_20260928_230604.wav,DEV_002_20260928_230604.wav,0,59.40304,18.07242,Leppun,Leptophyes punctatissima,Speckled Bush-cricket,bush-cricket,0.99,,,28/09/2026,28/09/2026,23:06:04,ClassifEspSWE-0002026-05-29_1,JOHANKARLSSON,202609290752M9UN6REK,,Citizen Science (ultrasonic) - shared
59~40304+18~07242_20260928_230609.wav,DEV_002_20260928_230609.wav,0,59.40304,18.07242,Leppun,Leptophyes punctatissima,Speckled Bush-cricket,bush-cricket,0.99,,,28/09/2026,28/09/2026,23:06:09,ClassifEspSWE-0002026-05-29_1,JOHANKARLSSON,202609290752M9UN6REK,,Citizen Science (ultrasonic) - shared
59~40304+18~07242_20260928_230615.wav,DEV_002_20260928_230615.wav,0,59.40304,18.07242,Leppun,Leptophyes punctatissima,Speckled Bush-cricket,bush-cricket,0.99,,,28/09/2026,28/09/2026,23:06:15,ClassifEspSWE-0002026-05-29_1,JOHANKARLSSON,202609290752M9UN6REK,,Citizen Science (ultrasonic) - shared
59~40304+18~07242_20260928_230621.wav,DEV_002_20260928_230621.wav,0,59.40304,18.07242,Leppun,Leptophyes punctatissima,Speckled Bush-cricket,bush-cricket,0.99,,,28/09/2026,28/09/2026,23:06:21,ClassifEspSWE-0002026-05-29_1,JOHANKARLSSON,202609290752M9UN6REK,,Citizen Science (ultrasonic) - shared
59~40304+18~07242_20260928_230627.wav,DEV_002_20260928_230627.wav,0,59.40304,18.07242,Leppun,Leptophyes punctatissima,Speckled Bush-cricket,bush-cricket,0.99,,,28/09/2026,28/09/2026,23:06:27,ClassifEspSWE-0002026-05-29_1,JOHANKARLSSON,202609290752M9UN6REK,,Citizen Science (ultrasonic) - shared
59~40304+18~07242_20260928_230633.wav,DEV_002_20260928_230633.wav,0,59.40304,18.07242,Leppun,Leptophyes punctatissima,Speckled Bush-cricket,bush-cricket,0.99,,,28/09/2026,28/09/2026,23:06:33,ClassifEspSWE-0002026-05-29_1,JOHANKARLSSON,202609290752M9UN6REK,,Citizen Science (ultrasonic) - shared
59~40304+18~07242_20260928_230639.wav,DEV_002_20260928_230639.wav,0,59.40304,18.07242,Leppun,Leptophyes punctatissima,Speckled Bush-cricket,bush-cricket,0.99,,,28/09/2026,28/09/2026,23:06:39,ClassifEspSWE-0002026-05-29_1,JOHANKARLSSON,202609290752M9UN6REK,,Citizen Science (ultrasonic) - shared
59~40304+18~07242_20260928_230646.wav,DEV_002_20260928_230646.wav,0,59.40304,18.07242,Leppun,Leptophyes punctatissima,Speckled Bush-cricket,bush-cricket,0.99,,,28/09/2026,28/09/2026,23:06:46,ClassifEspSWE-0002026-05-29_1,JOHANKARLSSON,202609290752M9UN6REK,,Citizen Science (ultrasonic) - shared
59~40304+18~07242_20260928_230653.wav,DEV_002_20260928_230653.wav,0,59.40304,18.07242,Leppun,Leptophyes punctatissima,Speckled Bush-cricket,bush-cricket,0.99,,,28/09/2026,28/09/2026,23:06:53,ClassifEspSWE-0002026-05-29_1,JOHANKARLSSON,202609290752M9UN6REK,,Citizen Science (ultrasonic) - shared
59~40304+18~07242_20260928_230659.wav,DEV_002_20260928_230659.wav,0,59.40304,18.07242,Leppun,Leptophyes punctatissima,Speckled Bush-cricket,bush-cricket,0.99,,,28/09/2026,28/09/2026,23:06:59,ClassifEspSWE-0002026-05-29_1,JOHANKARLSSON,202609290752M9UN6REK,,Citizen Science (ultrasonic) - shared
59~40304+18~07242_20260928_230705.wav,DEV_002_20260928_230705.wav,0,59.40304,18.07242,Leppun,Leptophyes punctatissima,Speckled Bush-cricket,bush-cricket,0.99,,,28/09/2026,28/09/2026,23:07:05,ClassifEspSWE-0002026-05-29_1,JOHANKARLSSON,202609290752M9UN6REK,,Citizen Science (ultrasonic) - shared
59~40304+18~07242_20260928_230713.wav,DEV_002_20260928_230713.wav,0,59.40304,18.07242,Leppun,Leptophyes punctatissima,Speckled Bush-cricket,bush-cricket,0.99,,,28/09/2026,28/09/2026,23:07:13,ClassifEspSWE-0002026-05-29_1,JOHANKARLSSON,202609290752M9UN6REK,,Citizen Science (ultrasonic) - shared
59~40304+18~07242_20260928_230722.wav,DEV_002_20260928_230722.wav,0,59.40304,18.07242,Leppun,Leptophyes punctatissima,Speckled Bush-cricket,bush-cricket,0.99,,,28/09/2026,28/09/2026,23:07:22,ClassifEspSWE-0002026-05-29_1,JOHANKARLSSON,202609290752M9UN6REK,,Citizen Science (ultrasonic) - shared
59~40304+18~07242_20260928_230728.wav,DEV_002_20260928_230728.wav,0,59.40304,18.07242,Leppun,Leptophyes punctatissima,Speckled Bush-cricket,bush-cricket,0.99,,,28/09/2026,28/09/2026,23:07:28,ClassifEspSWE-0002026-05-29_1,JOHANKARLSSON,202609290752M9UN6REK,,Citizen Science (ultrasonic) - shared
59~40304+18~07242_20260928_230734.wav,DEV_002_20260928_230734.wav,0,59.40304,18.07242,Leppun,Leptophyes punctatissima,Speckled Bush-cricket,bush-cricket,0.99,,,28/09/2026,28/09/2026,23:07:34,ClassifEspSWE-0002026-05-29_1,JOHANKARLSSON,202609290752M9UN6REK,,Citizen Science (ultrasonic) - shared
59~40304+18~07242_20260928_230741.wav,DEV_002_20260928_230741.wav,0,59.40304,18.07242,Leppun,Leptophyes punctatissima,Speckled Bush-cricket,bush-cricket,0.99,,,28/09/2026,28/09/2026,23:07:41,ClassifEspSWE-0002026-05-29_1,JOHANKARLSSON,202609290752M9UN6REK,,Citizen Science (ultrasonic) - shared
59~40304+18~07242_20260928_230748.wav,DEV_002_20260928_230748.wav,0,59.40304,18.07242,Leppun,Leptophyes punctatissima,Speckled Bush-cricket,bush-cricket,0.99,,,28/09/2026,28/09/2026,23:07:48,ClassifEspSWE-0002026-05-29_1,JOHANKARLSSON,202609290752M9UN6REK,,Citizen Science (ultrasonic) - shared
59~40304+18~07242_20260928_230756.wav,DEV_002_20260928_230756.wav,0,59.40304,18.07242,Leppun,Leptophyes punctatissima,Speckled Bush-cricket,bush-cricket,0.99,,,28/09/2026,28/09/2026,23:07:56,ClassifEspSWE-0002026-05-29_1,JOHANKARLSSON,202609290752M9UN6REK,,Citizen Science (ultrasonic) - shared
59~40304+18~07242_20260928_230801.wav,DEV_002_20260928_230801.wav,0,59.40304,18.07242,Leppun,Leptophyes punctatissima,Speckled Bush-cricket,bush-cricket,0.99,,,28/09/2026,28/09/2026,23:08:01,ClassifEspSWE-0002026-05-29_1,JOHANKARLSSON,202609290752M9UN6REK,,Citizen Science (ultrasonic) - shared
59~40304+18~07242_20260928_230807.wav,DEV_002_20260928_230807.wav,0,59.40304,18.07242,Leppun,Leptophyes punctatissima,Speckled Bush-cricket,bush-cricket,0.99,,,28/09/2026,28/09/2026,23:08:07,ClassifEspSWE-0002026-05-29_1,JOHANKARLSSON,202609290752M9UN6REK,,Citizen Science (ultrasonic) - shared
59~40304+18~07242_20260928_230814.wav,DEV_002_20260928_230814.wav,0,59.40304,18.07242,Leppun,Leptophyes punctatissima,Speckled Bush-cricket,bush-cricket,0.99,,,28/09/2026,28/09/2026,23:08:14,ClassifEspSWE-0002026-05-29_1,JOHANKARLSSON,202609290752M9UN6REK,,Citizen Science (ultrasonic) - shared
59~40304+18~07242_20260928_230821.wav,DEV_002_20260928_230821.wav,0,59.40304,18.07242,Leppun,Leptophyes punctatissima,Speckled Bush-cricket,bush-cricket,0.99,,,28/09/2026,28/09/2026,23:08:21,ClassifEspSWE-0002026-05-29_1,JOHANKARLSSON,202609290752M9UN6REK,,Citizen Science (ultrasonic) - shared
59~40304+18~07242_20260928_230829.wav,DEV_002_20260928_230829.wav,0,59.40304,18.07242,Leppun,Leptophyes punctatissima,Speckled Bush-cricket,bush-cricket,0.99,,,28/09/2026,28/09/2026,23:08:29,ClassifEspSWE-0002026-05-29_1,JOHANKARLSSON,202609290752M9UN6REK,,Citizen Science (ultrasonic) - shared
59~40304+18~07242_20260928_230835.wav,DEV_002_20260928_230835.wav,0,59.40304,18.07242,Leppun,Leptophyes punctatissima,Speckled Bush-cricket,bush-cricket,0.99,,,28/09/2026,28/09/2026,23:08:35,ClassifEspSWE-0002026-05-29_1,JOHANKARLSSON,202609290752M9UN6REK,,Citizen Science (ultrasonic) - shared
59~40304+18~07242_20260928_230841.wav,DEV_002_20260928_230841.wav,0,59.40304,18.07242,Leppun,Leptophyes punctatissima,Speckled Bush-cricket,bush-cricket,0.99,,,28/09/2026,28/09/2026,23:08:41,ClassifEspSWE-0002026-05-29_1,JOHANKARLSSON,202609290752M9UN6REK,,Citizen Science (ultrasonic) - shared
59~40304+18~07242_20260928_230849.wav,DEV_002_20260928_230849.wav,0,59.40304,18.07242,Leppun,Leptophyes punctatissima,Speckled Bush-cricket,bush-cricket,0.99,,,28/09/2026,28/09/2026,23:08:49,ClassifEspSWE-0002026-05-29_1,JOHANKARLSSON,202609290752M9UN6REK,,Citizen Science (ultrasonic) - shared
59~40304+18~07242_20260928_230854.wav,DEV_002_20260928_230854.wav,0,59.40304,18.07242,Leppun,Leptophyes punctatissima,Speckled Bush-cricket,bush-cricket,0.99,,,28/09/2026,28/09/2026,23:08:54,ClassifEspSWE-0002026-05-29_1,JOHANKARLSSON,202609290752M9UN6REK,,Citizen Science (ultrasonic) - shared
59~40304+18~07242_20260928_230859.wav,DEV_002_20260928_230859.wav,0,59.40304,18.07242,Leppun,Leptophyes punctatissima,Speckled Bush-cricket,bush-cricket,0.99,,,28/09/2026,28/09/2026,23:08:59,ClassifEspSWE-0002026-05-29_1,JOHANKARLSSON,202609290752M9UN6REK,,Citizen Science (ultrasonic) - shared
59~40304+18~07242_20260928_230906.wav,DEV_002_20260928_230906.wav,0,59.40304,18.07242,Leppun,Leptophyes punctatissima,Speckled Bush-cricket,bush-cricket,0.99,,,28/09/2026,28/09/2026,23:09:06,ClassifEspSWE-0002026-05-29_1,JOHANKARLSSON,202609290752M9UN6REK,,Citizen Science (ultrasonic) - shared
59~40304+18~07242_20260928_230912.wav,DEV_002_20260928_230912.wav,0,59.40304,18.07242,Leppun,Leptophyes punctatissima,Speckled Bush-cricket,bush-cricket,0.99,,,28/09/2026,28/09/2026,23:09:12,ClassifEspSWE-0002026-05-29_1,JOHANKARLSSON,202609290752M9UN6REK,,Citizen Science (ultrasonic) - shared
59~40304+18~07242_20260928_230919.wav,DEV_002_20260928_230919.wav,0,59.40304,18.07242,Leppun,Leptophyes punctatissima,Speckled Bush-cricket,bush-cricket,0.99,,,28/09/2026,28/09/2026,23:09:19,ClassifEspSWE-0002026-05-29_1,JOHANKARLSSON,202609290752M9UN6REK,,Citizen Science (ultrasonic) - shared
59~40304+18~07242_20260928_230926.wav,DEV_002_20260928_230926.wav,0,59.40304,18.07242,Leppun,Leptophyes punctatissima,Speckled Bush-cricket,bush-cricket,0.99,,,28/09/2026,28/09/2026,23:09:26,ClassifEspSWE-0002026-05-29_1,JOHANKARLSSON,202609290752M9UN6REK,,Citizen Science (ultrasonic) - shared
59~40304+18~07242_20260928_230932.wav,DEV_002_20260928_230932.wav,0,59.40304,18.07242,Leppun,Leptophyes punctatissima,Speckled Bush-cricket,bush-cricket,0.99,,,28/09/2026,28/09/2026,23:09:32,ClassifEspSWE-0002026-05-29_1,JOHANKARLSSON,202609290752M9UN6REK,,Citizen Science (ultrasonic) - shared
59~40304+18~07242_20260928_230938.wav,DEV_002_20260928_230938.wav,0,59.40304,18.07242,Leppun,Leptophyes punctatissima,Speckled Bush-cricket,bush-cricket,0.99,,,28/09/2026,28/09/2026,23:09:38,ClassifEspSWE-0002026-05-29_1,JOHANKARLSSON,202609290752M9UN6REK,,Citizen Science (ultrasonic) - shared
59~40304+18~07242_20260928_230944.wav,DEV_002_20260928_230944.wav,0,59.40304,18.07242,Leppun,Leptophyes punctatissima,Speckled Bush-cricket,bush-cricket,0.99,,,28/09/2026,28/09/2026,23:09:44,ClassifEspSWE-0002026-05-29_1,JOHANKARLSSON,202609290752M9UN6REK,,Citizen Science (ultrasonic) - shared
59~40304+18~07242_20260928_230950.wav,DEV_002_20260928_230950.wav,0,59.40304,18.07242,Leppun,Leptophyes punctatissima,Speckled Bush-cricket,bush-cricket,0.99,,,28/09/2026,28/09/2026,23:09:50,ClassifEspSWE-0002026-05-29_1,JOHANKARLSSON,202609290752M9UN6REK,,Citizen Science (ultrasonic) - shared
59~40304+18~07242_20260928_230956.wav,DEV_002_20260928_230956.wav,0,59.40304,18.07242,Leppun,Leptophyes punctatissima,Speckled Bush-cricket,bush-cricket,0.99,,,28/09/2026,28/09/2026,23:09:56,ClassifEspSWE-0002026-05-29_1,JOHANKARLSSON,202609290752M9UN6REK,,Citizen Science (ultrasonic) - shared
59~40304+18~07242_20260928_231004.wav,DEV_002_20260928_231004.wav,0,59.40304,18.07242,Leppun,Leptophyes punctatissima,Speckled Bush-cricket,bush-cricket,0.99,,,28/09/2026,28/09/2026,23:10:04,ClassifEspSWE-0002026-05-29_1,JOHANKARLSSON,202609290752M9UN6REK,,Citizen Science (ultrasonic) - shared
59~40304+18~07242_20260928_231009.wav,DEV_002_20260928_231009.wav,0,59.40304,18.07242,Leppun,Leptophyes punctatissima,Speckled Bush-cricket,bush-cricket,0.99,,,28/09/2026,28/09/2026,23:10:09,ClassifEspSWE-0002026-05-29_1,JOHANKARLSSON,202609290752M9UN6REK,,Citizen Science (ultrasonic) - shared
59~40304+18~07242_20260928_231016.wav,DEV_002_20260928_231016.wav,0,59.40304,18.07242,Leppun,Leptophyes punctatissima,Speckled Bush-cricket,bush-cricket,0.99,,,28/09/2026,28/09/2026,23:10:16,ClassifEspSWE-0002026-05-29_1,JOHANKARLSSON,202609290752M9UN6REK,,Citizen Science (ultrasonic) - shared
59~40304+18~07242_20260928_231022.wav,DEV_002_20260928_231022.wav,0,59.40304,18.07242,Leppun,Leptophyes punctatissima,Speckled Bush-cricket,bush-cricket,0.99,,,28/09/2026,28/09/2026,23:10:22,ClassifEspSWE-0002026-05-29_1,JOHANKARLSSON,202609290752M9UN6REK,,Citizen Science (ultrasonic) - shared
59~40304+18~07242_20260928_231028.wav,DEV_002_20260928_231028.wav,0,59.40304,18.07242,Leppun,Leptophyes punctatissima,Speckled Bush-cricket,bush-cricket,0.99,,,28/09/2026,28/09/2026,23:10:28,ClassifEspSWE-0002026-05-29_1,JOHANKARLSSON,202609290752M9UN6REK,,Citizen Science (ultrasonic) - shared
59~40304+18~07242_20260928_231034.wav,DEV_002_20260928_231034.wav,0,59.40304,18.07242,Leppun,Leptophyes punctatissima,Speckled Bush-cricket,bush-cricket,0.99,,,28/09/2026,28/09/2026,23:10:34,ClassifEspSWE-0002026-05-29_1,JOHANKARLSSON,202609290752M9UN6REK,,Citizen Science (ultrasonic) - shared
59~40304+18~07242_20260928_231040.wav,DEV_002_20260928_231040.wav,0,59.40304,18.07242,Leppun,Leptophyes punctatissima,Speckled Bush-cricket,bush-cricket,0.99,,,28/09/2026,28/09/2026,23:10:40,ClassifEspSWE-0002026-05-29_1,JOHANKARLSSON,202609290752M9UN6REK,,Citizen Science (ultrasonic) - shared
59~40304+18~07242_20260928_231045.wav,DEV_002_20260928_231045.wav,0,59.40304,18.07242,Leppun,Leptophyes punctatissima,Speckled Bush-cricket,bush-cricket,0.99,,,28/09/2026,28/09/2026,23:10:45,ClassifEspSWE-0002026-05-29_1,JOHANKARLSSON,202609290752M9UN6REK,,Citizen Science (ultrasonic) - shared
59~40304+18~07242_20260928_231052.wav,DEV_002_20260928_231052.wav,0,59.40304,18.07242,Leppun,Leptophyes punctatissima,Speckled Bush-cricket,bush-cricket,0.99,,,28/09/2026,28/09/2026,23:10:52,ClassifEspSWE-0002026-05-29_1,JOHANKARLSSON,202609290752M9UN6REK,,Citizen Science (ultrasonic) - shared
59~40304+18~07242_20260928_231100.wav,DEV_002_20260928_231100.wav,0,59.40304,18.07242,Leppun,Leptophyes punctatissima,Speckled Bush-cricket,bush-cricket,0.99,,,28/09/2026,28/09/2026,23:11:00,ClassifEspSWE-0002026-05-29_1,JOHANKARLSSON,202609290752M9UN6REK,,Citizen Science (ultrasonic) - shared
59~40304+18~07242_20260928_231106.wav,DEV_002_20260928_231106.wav,0,59.40304,18.07242,Leppun,Leptophyes punctatissima,Speckled Bush-cricket,bush-cricket,0.99,,,28/09/2026,28/09/2026,23:11:06,ClassifEspSWE-0002026-05-29_1,JOHANKARLSSON,202609290752M9UN6REK,,Citizen Science (ultrasonic) - shared
59~40304+18~07242_20260928_231111.wav,DEV_002_20260928_231111.wav,0,59.40304,18.07242,Leppun,Leptophyes punctatissima,Speckled Bush-cricket,bush-cricket,0.99,,,28/09/2026,28/09/2026,23:11:11,ClassifEspSWE-0002026-05-29_1,JOHANKARLSSON,202609290752M9UN6REK,,Citizen Science (ultrasonic) - shared
59~40304+18~07242_20260928_231118.wav,DEV_002_20260928_231118.wav,0,59.40304,18.07242,Leppun,Leptophyes punctatissima,Speckled Bush-cricket,bush-cricket,0.99,,,28/09/2026,28/09/2026,23:11:18,ClassifEspSWE-0002026-05-29_1,JOHANKARLSSON,202609290752M9UN6REK,,Citizen Science (ultrasonic) - shared
59~40304+18~07242_20260928_231123.wav,DEV_002_20260928_231123.wav,0,59.40304,18.07242,Leppun,Leptophyes punctatissima,Speckled Bush-cricket,bush-cricket,0.99,,,28/09/2026,28/09/2026,23:11:23,ClassifEspSWE-0002026-05-29_1,JOHANKARLSSON,202609290752M9UN6REK,,Citizen Science (ultrasonic) - shared
59~40304+18~07242_20260928_231130.wav,DEV_002_20260928_231130.wav,0,59.40304,18.07242,Leppun,Leptophyes punctatissima,Speckled Bush-cricket,bush-cricket,0.99,,,28/09/2026,28/09/2026,23:11:30,ClassifEspSWE-0002026-05-29_1,JOHANKARLSSON,202609290752M9UN6REK,,Citizen Science (ultrasonic) - shared
59~40304+18~07242_20260928_231137.wav,DEV_002_20260928_231137.wav,0,59.40304,18.07242,Leppun,Leptophyes punctatissima,Speckled Bush-cricket,bush-cricket,0.99,,,28/09/2026,28/09/2026,23:11:37,ClassifEspSWE-0002026-05-29_1,JOHANKARLSSON,202609290752M9UN6REK,,Citizen Science (ultrasonic) - shared
59~40304+18~07242_20260928_231142.wav,DEV_002_20260928_231142.wav,0,59.40304,18.07242,Leppun,Leptophyes punctatissima,Speckled Bush-cricket,bush-cricket,0.99,,,28/09/2026,28/09/2026,23:11:42,ClassifEspSWE-0002026-05-29_1,JOHANKARLSSON,202609290752M9UN6REK,,Citizen Science (ultrasonic) - shared
59~40304+18~07242_20260928_231148.wav,DEV_002_20260928_231148.wav,0,59.40304,18.07242,Leppun,Leptophyes punctatissima,Speckled Bush-cricket,bush-cricket,0.99,,,28/09/2026,28/09/2026,23:11:48,ClassifEspSWE-0002026-05-29_1,JOHANKARLSSON,202609290752M9UN6REK,,Citizen Science (ultrasonic) - shared
59~40304+18~07242_20260928_231153.wav,DEV_002_20260928_231153.wav,0,59.40304,18.07242,Leppun,Leptophyes punctatissima,Speckled Bush-cricket,bush-cricket,0.99,,,28/09/2026,28/09/2026,23:11:53,ClassifEspSWE-0002026-05-29_1,JOHANKARLSSON,202609290752M9UN6REK,,Citizen Science (ultrasonic) - shared
59~40304+18~07242_20260928_231159.wav,DEV_002_20260928_231159.wav,0,59.40304,18.07242,Leppun,Leptophyes punctatissima,Speckled Bush-cricket,bush-cricket,0.99,,,28/09/2026,28/09/2026,23:11:59,ClassifEspSWE-0002026-05-29_1,JOHANKARLSSON,202609290752M9UN6REK,,Citizen Science (ultrasonic) - shared
59~40304+18~07242_20260928_231204.wav,DEV_002_20260928_231204.wav,0,59.40304,18.07242,Leppun,Leptophyes punctatissima,Speckled Bush-cricket,bush-cricket,0.99,,,28/09/2026,28/09/2026,23:12:04,ClassifEspSWE-0002026-05-29_1,JOHANKARLSSON,202609290752M9UN6REK,,Citizen Science (ultrasonic) - shared
59~40304+18~07242_20260928_231210.wav,DEV_002_20260928_231210.wav,0,59.40304,18.07242,Leppun,Leptophyes punctatissima,Speckled Bush-cricket,bush-cricket,0.99,,,28/09/2026,28/09/2026,23:12:10,ClassifEspSWE-0002026-05-29_1,JOHANKARLSSON,202609290752M9UN6REK,,Citizen Science (ultrasonic) - shared
59~40304+18~07242_20260928_231215.wav,DEV_002_20260928_231215.wav,0,59.40304,18.07242,Leppun,Leptophyes punctatissima,Speckled Bush-cricket,bush-cricket,0.99,,,28/09/2026,28/09/2026,23:12:15,ClassifEspSWE-0002026-05-29_1,JOHANKARLSSON,202609290752M9UN6REK,,Citizen Science (ultrasonic) - shared
59~40304+18~07242_20260928_231222.wav,DEV_002_20260928_231222.wav,0,59.40304,18.07242,Leppun,Leptophyes punctatissima,Speckled Bush-cricket,bush-cricket,0.99,,,28/09/2026,28/09/2026,23:12:22,ClassifEspSWE-0002026-05-29_1,JOHANKARLSSON,202609290752M9UN6REK,,Citizen Science (ultrasonic) - shared
59~40304+18~07242_20260928_231228.wav,DEV_002_20260928_231228.wav,0,59.40304,18.07242,Leppun,Leptophyes punctatissima,Speckled Bush-cricket,bush-cricket,0.99,,,28/09/2026,28/09/2026,23:12:28,ClassifEspSWE-0002026-05-29_1,JOHANKARLSSON,202609290752M9UN6REK,,Citizen Science (ultrasonic) - shared
59~40304+18~07242_20260928_231236.wav,DEV_002_20260928_231236.wav,0,59.40304,18.07242,Leppun,Leptophyes punctatissima,Speckled Bush-cricket,bush-cricket,0.99,,,28/09/2026,28/09/2026,23:12:36,ClassifEspSWE-0002026-05-29_1,JOHANKARLSSON,202609290752M9UN6REK,,Citizen Science (ultrasonic) - shared
59~40304+18~07242_20260928_231241.wav,DEV_002_20260928_231241.wav,0,59.40304,18.07242,Leppun,Leptophyes punctatissima,Speckled Bush-cricket,bush-cricket,0.99,,,28/09/2026,28/09/2026,23:12:41,ClassifEspSWE-0002026-05-29_1,JOHANKARLSSON,202609290752M9UN6REK,,Citizen Science (ultrasonic) - shared
59~40304+18~07242_20260928_231246.wav,DEV_002_20260928_231246.wav,0,59.40304,18.07242,Leppun,Leptophyes punctatissima,Speckled Bush-cricket,bush-cricket,0.99,,,28/09/2026,28/09/2026,23:12:46,ClassifEspSWE-0002026-05-29_1,JOHANKARLSSON,202609290752M9UN6REK,,Citizen Science (ultrasonic) - shared
59~40304+18~07242_20260928_231253.wav,DEV_002_20260928_231253.wav,0,59.40304,18.07242,Leppun,Leptophyes punctatissima,Speckled Bush-cricket,bush-cricket,0.99,,,28/09/2026,28/09/2026,23:12:53,ClassifEspSWE-0002026-05-29_1,JOHANKARLSSON,202609290752M9UN6REK,,Citizen Science (ultrasonic) - shared
59~40304+18~07242_20260928_231258.wav,DEV_002_20260928_231258.wav,0,59.40304,18.07242,Leppun,Leptophyes punctatissima,Speckled Bush-cricket,bush-cricket,0.99,,,28/09/2026,28/09/2026,23:12:58,ClassifEspSWE-0002026-05-29_1,JOHANKARLSSON,202609290752M9UN6REK,,Citizen Science (ultrasonic) - shared
59~40304+18~07242_20260928_231304.wav,DEV_002_20260928_231304.wav,0,59.40304,18.07242,Leppun,Leptophyes punctatissima,Speckled Bush-cricket,bush-cricket,0.99,,,28/09/2026,28/09/2026,23:13:04,ClassifEspSWE-0002026-05-29_1,JOHANKARLSSON,202609290752M9UN6REK,,Citizen Science (ultrasonic) - shared
59~40304+18~07242_20260928_231310.wav,DEV_002_20260928_231310.wav,0,59.40304,18.07242,Leppun,Leptophyes punctatissima,Speckled Bush-cricket,bush-cricket,0.99,,,28/09/2026,28/09/2026,23:13:10,ClassifEspSWE-0002026-05-29_1,JOHANKARLSSON,202609290752M9UN6REK,,Citizen Science (ultrasonic) - shared
59~40304+18~07242_20260928_231315.wav,DEV_002_20260928_231315.wav,0,59.40304,18.07242,Leppun,Leptophyes punctatissima,Speckled Bush-cricket,bush-cricket,0.99,,,28/09/2026,28/09/2026,23:13:15,ClassifEspSWE-0002026-05-29_1,JOHANKARLSSON,202609290752M9UN6REK,,Citizen Science (ultrasonic) - shared
59~40304+18~07242_20260928_231320.wav,DEV_002_20260928_231320.wav,0,59.40304,18.07242,Leppun,Leptophyes punctatissima,Speckled Bush-cricket,bush-cricket,0.99,,,28/09/2026,28/09/2026,23:13:20,ClassifEspSWE-0002026-05-29_1,JOHANKARLSSON,202609290752M9UN6REK,,Citizen Science (ultrasonic) - shared
59~40304+18~07242_20260928_231325.wav,DEV_002_20260928_231325.wav,0,59.40304,18.07242,Leppun,Leptophyes punctatissima,Speckled Bush-cricket,bush-cricket,0.99,,,28/09/2026,28/09/2026,23:13:25,ClassifEspSWE-0002026-05-29_1,JOHANKARLSSON,202609290752M9UN6REK,,Citizen Science (ultrasonic) - shared
59~40304+18~07242_20260928_231331.wav,DEV_002_20260928_231331.wav,0,59.40304,18.07242,Leppun,Leptophyes punctatissima,Speckled Bush-cricket,bush-cricket,0.99,,,28/09/2026,28/09/2026,23:13:31,ClassifEspSWE-0002026-05-29_1,JOHANKARLSSON,202609290752M9UN6REK,,Citizen Science (ultrasonic) - shared
59~40304+18~07242_20260928_231337.wav,DEV_002_20260928_231337.wav,0,59.40304,18.07242,Leppun,Leptophyes punctatissima,Speckled Bush-cricket,bush-cricket,0.99,,,28/09/2026,28/09/2026,23:13:37,ClassifEspSWE-0002026-05-29_1,JOHANKARLSSON,202609290752M9UN6REK,,Citizen Science (ultrasonic) - shared
59~40304+18~07242_20260928_231342.wav,DEV_002_20260928_231342.wav,0,59.40304,18.07242,Leppun,Leptophyes punctatissima,Speckled Bush-cricket,bush-cricket,0.99,,,28/09/2026,28/09/2026,23:13:42,ClassifEspSWE-0002026-05-29_1,JOHANKARLSSON,202609290752M9UN6REK,,Citizen Science (ultrasonic) - shared
59~40304+18~07242_20260928_231347.wav,DEV_002_20260928_231347.wav,0,59.40304,18.07242,Leppun,Leptophyes punctatissima,Speckled Bush-cricket,bush-cricket,0.99,,,28/09/2026,28/09/2026,23:13:47,ClassifEspSWE-0002026-05-29_1,JOHANKARLSSON,202609290752M9UN6REK,,Citizen Science (ultrasonic) - shared
59~40304+18~07242_20260928_231352.wav,DEV_002_20260928_231352.wav,0,59.40304,18.07242,Leppun,Leptophyes punctatissima,Speckled Bush-cricket,bush-cricket,0.99,,,28/09/2026,28/09/2026,23:13:52,ClassifEspSWE-0002026-05-29_1,JOHANKARLSSON,202609290752M9UN6REK,,Citizen Science (ultrasonic) - shared
59~40304+18~07242_20260928_231359.wav,DEV_002_20260928_231359.wav,0,59.40304,18.07242,Leppun,Leptophyes punctatissima,Speckled Bush-cricket,bush-cricket,0.99,,,28/09/2026,28/09/2026,23:13:59,ClassifEspSWE-0002026-05-29_1,JOHANKARLSSON,202609290752M9UN6REK,,Citizen Science (ultrasonic) - shared
59~40304+18~07242_20260928_231405.wav,DEV_002_20260928_231405.wav,0,59.40304,18.07242,Leppun,Leptophyes punctatissima,Speckled Bush-cricket,bush-cricket,0.99,,,28/09/2026,28/09/2026,23:14:05,ClassifEspSWE-0002026-05-29_1,JOHANKARLSSON,202609290752M9UN6REK,,Citizen Science (ultrasonic) - shared
59~40304+18~07242_20260928_231410.wav,DEV_002_20260928_231410.wav,0,59.40304,18.07242,Leppun,Leptophyes punctatissima,Speckled Bush-cricket,bush-cricket,0.99,,,28/09/2026,28/09/2026,23:14:10,ClassifEspSWE-0002026-05-29_1,JOHANKARLSSON,202609290752M9UN6REK,,Citizen Science (ultrasonic) - shared
59~40304+18~07242_20260928_231416.wav,DEV_002_20260928_231416.wav,0,59.40304,18.07242,Leppun,Leptophyes punctatissima,Speckled Bush-cricket,bush-cricket,0.99,,,28/09/2026,28/09/2026,23:14:16,ClassifEspSWE-0002026-05-29_1,JOHANKARLSSON,202609290752M9UN6REK,,Citizen Science (ultrasonic) - shared
59~40304+18~07242_20260928_231421.wav,DEV_002_20260928_231421.wav,0,59.40304,18.07242,Leppun,Leptophyes punctatissima,Speckled Bush-cricket,bush-cricket,0.99,,,28/09/2026,28/09/2026,23:14:21,ClassifEspSWE-0002026-05-29_1,JOHANKARLSSON,202609290752M9UN6REK,,Citizen Science (ultrasonic) - shared
59~40304+18~07242_20260928_231426.wav,DEV_002_20260928_231426.wav,0,59.40304,18.07242,Leppun,Leptophyes punctatissima,Speckled Bush-cricket,bush-cricket,0.99,,,28/09/2026,28/09/2026,23:14:26,ClassifEspSWE-0002026-05-29_1,JOHANKARLSSON,202609290752M9UN6REK,,Citizen Science (ultrasonic) - shared
59~40304+18~07242_20260928_231433.wav,DEV_002_20260928_231433.wav,0,59.40304,18.07242,Leppun,Leptophyes punctatissima,Speckled Bush-cricket,bush-cricket,0.99,,,28/09/2026,28/09/2026,23:14:33,ClassifEspSWE-0002026-05-29_1,JOHANKARLSSON,202609290752M9UN6REK,,Citizen Science (ultrasonic) - shared
59~40304+18~07242_20260928_231438.wav,DEV_002_20260928_231438.wav,0,59.40304,18.07242,Leppun,Leptophyes punctatissima,Speckled Bush-cricket,bush-cricket,0.99,,,28/09/2026,28/09/2026,23:14:38,ClassifEspSWE-0002026-05-29_1,JOHANKARLSSON,202609290752M9UN6REK,,Citizen Science (ultrasonic) - shared
59~40304+18~07242_20260928_231444.wav,DEV_002_20260928_231444.wav,0,59.40304,18.07242,Leppun,Leptophyes punctatissima,Speckled Bush-cricket,bush-cricket,0.99,,,28/09/2026,28/09/2026,23:14:44,ClassifEspSWE-0002026-05-29_1,JOHANKARLSSON,202609290752M9UN6REK,,Citizen Science (ultrasonic) - shared
59~40304+18~07242_20260928_231450.wav,DEV_002_20260928_231450.wav,0,59.40304,18.07242,Leppun,Leptophyes punctatissima,Speckled Bush-cricket,bush-cricket,0.99,,,28/09/2026,28/09/2026,23:14:50,ClassifEspSWE-0002026-05-29_1,JOHANKARLSSON,202609290752M9UN6REK,,Citizen Science (ultrasonic) - shared
59~40304+18~07242_20260928_231456.wav,DEV_002_20260928_231456.wav,0,59.40304,18.07242,Leppun,Leptophyes punctatissima,Speckled Bush-cricket,bush-cricket,0.99,,,28/09/2026,28/09/2026,23:14:56,ClassifEspSWE-0002026-05-29_1,JOHANKARLSSON,202609290752M9UN6REK,,Citizen Science (ultrasonic) - shared
59~40304+18~07242_20260928_231502.wav,DEV_002_20260928_231502.wav,0,59.40304,18.07242,Leppun,Leptophyes punctatissima,Speckled Bush-cricket,bush-cricket,0.99,,,28/09/2026,28/09/2026,23:15:02,ClassifEspSWE-0002026-05-29_1,JOHANKARLSSON,202609290752M9UN6REK,,Citizen Science (ultrasonic) - shared
59~40304+18~07242_20260928_231508.wav,DEV_002_20260928_231508.wav,0,59.40304,18.07242,Leppun,Leptophyes punctatissima,Speckled Bush-cricket,bush-cricket,0.99,,,28/09/2026,28/09/2026,23:15:08,ClassifEspSWE-0002026-05-29_1,JOHANKARLSSON,202609290752M9UN6REK,,Citizen Science (ultrasonic) - shared
59~40304+18~07242_20260928_231514.wav,DEV_002_20260928_231514.wav,0,59.40304,18.07242,Leppun,Leptophyes punctatissima,Speckled Bush-cricket,bush-cricket,0.99,,,28/09/2026,28/09/2026,23:15:14,ClassifEspSWE-0002026-05-29_1,JOHANKARLSSON,202609290752M9UN6REK,,Citizen Science (ultrasonic) - shared
59~40304+18~07242_20260928_231521.wav,DEV_002_20260928_231521.wav,0,59.40304,18.07242,Leppun,Leptophyes punctatissima,Speckled Bush-cricket,bush-cricket,0.99,,,28/09/2026,28/09/2026,23:15:21,ClassifEspSWE-0002026-05-29_1,JOHANKARLSSON,202609290752M9UN6REK,,Citizen Science (ultrasonic) - shared
59~40304+18~07242_20260928_231526.wav,DEV_002_20260928_231526.wav,0,59.40304,18.07242,Leppun,Leptophyes punctatissima,Speckled Bush-cricket,bush-cricket,0.99,,,28/09/2026,28/09/2026,23:15:26,ClassifEspSWE-0002026-05-29_1,JOHANKARLSSON,202609290752M9UN6REK,,Citizen Science (ultrasonic) - shared
59~40304+18~07242_20260928_231533.wav,DEV_002_20260928_231533.wav,0,59.40304,18.07242,Leppun,Leptophyes punctatissima,Speckled Bush-cricket,bush-cricket,0.99,,,28/09/2026,28/09/2026,23:15:33,ClassifEspSWE-0002026-05-29_1,JOHANKARLSSON,202609290752M9UN6REK,,Citizen Science (ultrasonic) - shared
59~40304+18~07242_20260928_231539.wav,DEV_002_20260928_231539.wav,0,59.40304,18.07242,Leppun,Leptophyes punctatissima,Speckled Bush-cricket,bush-cricket,0.99,,,28/09/2026,28/09/2026,23:15:39,ClassifEspSWE-0002026-05-29_1,JOHANKARLSSON,202609290752M9UN6REK,,Citizen Science (ultrasonic) - shared
59~40304+18~07242_20260928_231545.wav,DEV_002_20260928_231545.wav,0,59.40304,18.07242,Leppun,Leptophyes punctatissima,Speckled Bush-cricket,bush-cricket,0.99,,,28/09/2026,28/09/2026,23:15:45,ClassifEspSWE-0002026-05-29_1,JOHANKARLSSON,202609290752M9UN6REK,,Citizen Science (ultrasonic) - shared
59~40304+18~07242_20260928_231550.wav,DEV_002_20260928_231550.wav,0,59.40304,18.07242,Leppun,Leptophyes punctatissima,Speckled Bush-cricket,bush-cricket,0.99,,,28/09/2026,28/09/2026,23:15:50,ClassifEspSWE-0002026-05-29_1,JOHANKARLSSON,202609290752M9UN6REK,,Citizen Science (ultrasonic) - shared
59~40304+18~07242_20260928_231556.wav,DEV_002_20260928_231556.wav,0,59.40304,18.07242,Leppun,Leptophyes punctatissima,Speckled Bush-cricket,bush-cricket,0.99,,,28/09/2026,28/09/2026,23:15:56,ClassifEspSWE-0002026-05-29_1,JOHANKARLSSON,202609290752M9UN6REK,,Citizen Science (ultrasonic) - shared
59~40304+18~07242_20260928_231601.wav,DEV_002_20260928_231601.wav,0,59.40304,18.07242,Leppun,Leptophyes punctatissima,Speckled Bush-cricket,bush-cricket,0.99,,,28/09/2026,28/09/2026,23:16:01,ClassifEspSWE-0002026-05-29_1,JOHANKARLSSON,202609290752M9UN6REK,,Citizen Science (ultrasonic) - shared
59~40304+18~07242_20260928_231607.wav,DEV_002_20260928_231607.wav,0,59.40304,18.07242,Leppun,Leptophyes punctatissima,Speckled Bush-cricket,bush-cricket,0.99,,,28/09/2026,28/09/2026,23:16:07,ClassifEspSWE-0002026-05-29_1,JOHANKARLSSON,202609290752M9UN6REK,,Citizen Science (ultrasonic) - shared
59~40304+18~07242_20260928_231613.wav,DEV_002_20260928_231613.wav,0,59.40304,18.07242,Leppun,Leptophyes punctatissima,Speckled Bush-cricket,bush-cricket,0.99,,,28/09/2026,28/09/2026,23:16:13,ClassifEspSWE-0002026-05-29_1,JOHANKARLSSON,202609290752M9UN6REK,,Citizen Science (ultrasonic) - shared
59~40304+18~07242_20260928_231619.wav,DEV_002_20260928_231619.wav,0,59.40304,18.07242,Leppun,Leptophyes punctatissima,Speckled Bush-cricket,bush-cricket,0.99,,,28/09/2026,28/09/2026,23:16:19,ClassifEspSWE-0002026-05-29_1,JOHANKARLSSON,202609290752M9UN6REK,,Citizen Science (ultrasonic) - shared
59~40304+18~07242_20260928_231625.wav,DEV_002_20260928_231625.wav,0,59.40304,18.07242,Leppun,Leptophyes punctatissima,Speckled Bush-cricket,bush-cricket,0.99,,,28/09/2026,28/09/2026,23:16:25,ClassifEspSWE-0002026-05-29_1,JOHANKARLSSON,202609290752M9UN6REK,,Citizen Science (ultrasonic) - shared
59~40304+18~07242_20260928_231631.wav,DEV_002_20260928_231631.wav,0,59.40304,18.07242,Leppun,Leptophyes punctatissima,Speckled Bush-cricket,bush-cricket,0.99,,,28/09/2026,28/09/2026,23:16:31,ClassifEspSWE-0002026-05-29_1,JOHANKARLSSON,202609290752M9UN6REK,,Citizen Science (ultrasonic) - shared
59~40304+18~07242_20260928_231636.wav,DEV_002_20260928_231636.wav,0,59.40304,18.07242,Leppun,Leptophyes punctatissima,Speckled Bush-cricket,bush-cricket,0.99,,,28/09/2026,28/09/2026,23:16:36,ClassifEspSWE-0002026-05-29_1,JOHANKARLSSON,202609290752M9UN6REK,,Citizen Science (ultrasonic) - shared
59~40304+18~07242_20260928_231643.wav,DEV_002_20260928_231643.wav,0,59.40304,18.07242,Leppun,Leptophyes punctatissima,Speckled Bush-cricket,bush-cricket,0.99,,,28/09/2026,28/09/2026,23:16:43,ClassifEspSWE-0002026-05-29_1,JOHANKARLSSON,202609290752M9UN6REK,,Citizen Science (ultrasonic) - shared
59~40304+18~07242_20260928_231648.wav,DEV_002_20260928_231648.wav,0,59.40304,18.07242,Leppun,Leptophyes punctatissima,Speckled Bush-cricket,bush-cricket,0.99,,,28/09/2026,28/09/2026,23:16:48,ClassifEspSWE-0002026-05-29_1,JOHANKARLSSON,202609290752M9UN6REK,,Citizen Science (ultrasonic) - shared
59~40304+18~07242_20260928_231655.wav,DEV_002_20260928_231655.wav,0,59.40304,18.07242,Leppun,Leptophyes punctatissima,Speckled Bush-cricket,bush-cricket,0.99,,,28/09/2026,28/09/2026,23:16:55,ClassifEspSWE-0002026-05-29_1,JOHANKARLSSON,202609290752M9UN6REK,,Citizen Science (ultrasonic) - shared
59~40304+18~07242_20260928_231701.wav,DEV_002_20260928_231701.wav,0,59.40304,18.07242,Leppun,Leptophyes punctatissima,Speckled Bush-cricket,bush-cricket,0.99,,,28/09/2026,28/09/2026,23:17:01,ClassifEspSWE-0002026-05-29_1,JOHANKARLSSON,202609290752M9UN6REK,,Citizen Science (ultrasonic) - shared
59~40304+18~07242_20260928_231706.wav,DEV_002_20260928_231706.wav,0,59.40304,18.07242,Leppun,Leptophyes punctatissima,Speckled Bush-cricket,bush-cricket,0.99,,,28/09/2026,28/09/2026,23:17:06,ClassifEspSWE-0002026-05-29_1,JOHANKARLSSON,202609290752M9UN6REK,,Citizen Science (ultrasonic) - shared
59~40304+18~07242_20260928_231712.wav,DEV_002_20260928_231712.wav,0,59.40304,18.07242,Leppun,Leptophyes punctatissima,Speckled Bush-cricket,bush-cricket,0.99,,,28/09/2026,28/09/2026,23:17:12,ClassifEspSWE-0002026-05-29_1,JOHANKARLSSON,202609290752M9UN6REK,,Citizen Science (ultrasonic) - shared
59~40304+18~07242_20260928_231717.wav,DEV_002_20260928_231717.wav,0,59.40304,18.07242,Leppun,Leptophyes punctatissima,Speckled Bush-cricket,bush-cricket,0.99,,,28/09/2026,28/09/2026,23:17:17,ClassifEspSWE-0002026-05-29_1,JOHANKARLSSON,202609290752M9UN6REK,,Citizen Science (ultrasonic) - shared
59~40304+18~07242_20260928_231724.wav,DEV_002_20260928_231724.wav,0,59.40304,18.07242,Leppun,Leptophyes punctatissima,Speckled Bush-cricket,bush-cricket,0.99,,,28/09/2026,28/09/2026,23:17:24,ClassifEspSWE-0002026-05-29_1,JOHANKARLSSON,202609290752M9UN6REK,,Citizen Science (ultrasonic) - shared
59~40304+18~07242_20260928_231729.wav,DEV_002_20260928_231729.wav,0,59.40304,18.07242,Leppun,Leptophyes punctatissima,Speckled Bush-cricket,bush-cricket,0.99,,,28/09/2026,28/09/2026,23:17:29,ClassifEspSWE-0002026-05-29_1,JOHANKARLSSON,202609290752M9UN6REK,,Citizen Science (ultrasonic) - shared
59~40304+18~07242_20260928_231735.wav,DEV_002_20260928_231735.wav,0,59.40304,18.07242,Leppun,Leptophyes punctatissima,Speckled Bush-cricket,bush-cricket,0.99,,,28/09/2026,28/09/2026,23:17:35,ClassifEspSWE-0002026-05-29_1,JOHANKARLSSON,202609290752M9UN6REK,,Citizen Science (ultrasonic) - shared
59~40304+18~07242_20260928_231741.wav,DEV_002_20260928_231741.wav,0,59.40304,18.07242,Leppun,Leptophyes punctatissima,Speckled Bush-cricket,bush-cricket,0.99,,,28/09/2026,28/09/2026,23:17:41,ClassifEspSWE-0002026-05-29_1,JOHANKARLSSON,202609290752M9UN6REK,,Citizen Science (ultrasonic) - shared
59~40304+18~07242_20260928_231746.wav,DEV_002_20260928_231746.wav,0,59.40304,18.07242,Leppun,Leptophyes punctatissima,Speckled Bush-cricket,bush-cricket,0.99,,,28/09/2026,28/09/2026,23:17:46,ClassifEspSWE-0002026-05-29_1,JOHANKARLSSON,202609290752M9UN6REK,,Citizen Science (ultrasonic) - shared
59~40304+18~07242_20260928_231752.wav,DEV_002_20260928_231752.wav,0,59.40304,18.07242,Leppun,Leptophyes punctatissima,Speckled Bush-cricket,bush-cricket,0.99,,,28/09/2026,28/09/2026,23:17:52,ClassifEspSWE-0002026-05-29_1,JOHANKARLSSON,202609290752M9UN6REK,,Citizen Science (ultrasonic) - shared
59~40304+18~07242_20260928_231757.wav,DEV_002_20260928_231757.wav,0,59.40304,18.07242,Leppun,Leptophyes punctatissima,Speckled Bush-cricket,bush-cricket,0.99,,,28/09/2026,28/09/2026,23:17:57,ClassifEspSWE-0002026-05-29_1,JOHANKARLSSON,202609290752M9UN6REK,,Citizen Science (ultrasonic) - shared
59~40304+18~07242_20260928_231803.wav,DEV_002_20260928_231803.wav,0,59.40304,18.07242,Leppun,Leptophyes punctatissima,Speckled Bush-cricket,bush-cricket,0.99,,,28/09/2026,28/09/2026,23:18:03,ClassifEspSWE-0002026-05-29_1,JOHANKARLSSON,202609290752M9UN6REK,,Citizen Science (ultrasonic) - shared
59~40304+18~07242_20260928_231808.wav,DEV_002_20260928_231808.wav,0,59.40304,18.07242,Leppun,Leptophyes punctatissima,Speckled Bush-cricket,bush-cricket,0.99,,,28/09/2026,28/09/2026,23:18:08,ClassifEspSWE-0002026-05-29_1,JOHANKARLSSON,202609290752M9UN6REK,,Citizen Science (ultrasonic) - shared
59~40304+18~07242_20260928_231814.wav,DEV_002_20260928_231814.wav,0,59.40304,18.07242,Leppun,Leptophyes punctatissima,Speckled Bush-cricket,bush-cricket,0.99,,,28/09/2026,28/09/2026,23:18:14,ClassifEspSWE-0002026-05-29_1,JOHANKARLSSON,202609290752M9UN6REK,,Citizen Science (ultrasonic) - shared
59~40304+18~07242_20260928_231820.wav,DEV_002_20260928_231820.wav,0,59.40304,18.07242,Leppun,Leptophyes punctatissima,Speckled Bush-cricket,bush-cricket,0.99,,,28/09/2026,28/09/2026,23:18:20,ClassifEspSWE-0002026-05-29_1,JOHANKARLSSON,202609290752M9UN6REK,,Citizen Science (ultrasonic) - shared
59~40304+18~07242_20260928_231826.wav,DEV_002_20260928_231826.wav,0,59.40304,18.07242,Leppun,Leptophyes punctatissima,Speckled Bush-cricket,bush-cricket,0.99,,,28/09/2026,28/09/2026,23:18:26,ClassifEspSWE-0002026-05-29_1,JOHANKARLSSON,202609290752M9UN6REK,,Citizen Science (ultrasonic) - shared
59~40304+18~07242_20260928_231833.wav,DEV_002_20260928_231833.wav,0,59.40304,18.07242,Leppun,Leptophyes punctatissima,Speckled Bush-cricket,bush-cricket,0.99,,,28/09/2026,28/09/2026,23:18:33,ClassifEspSWE-0002026-05-29_1,JOHANKARLSSON,202609290752M9UN6REK,,Citizen Science (ultrasonic) - shared
59~40304+18~07242_20260928_231838.wav,DEV_002_20260928_231838.wav,0,59.40304,18.07242,Leppun,Leptophyes punctatissima,Speckled Bush-cricket,bush-cricket,0.99,,,28/09/2026,28/09/2026,23:18:38,ClassifEspSWE-0002026-05-29_1,JOHANKARLSSON,202609290752M9UN6REK,,Citizen Science (ultrasonic) - shared
59~40304+18~07242_20260928_231844.wav,DEV_002_20260928_231844.wav,0,59.40304,18.07242,Leppun,Leptophyes punctatissima,Speckled Bush-cricket,bush-cricket,0.99,,,28/09/2026,28/09/2026,23:18:44,ClassifEspSWE-0002026-05-29_1,JOHANKARLSSON,202609290752M9UN6REK,,Citizen Science (ultrasonic) - shared
59~40304+18~07242_20260928_231851.wav,DEV_002_20260928_231851.wav,0,59.40304,18.07242,Leppun,Leptophyes punctatissima,Speckled Bush-cricket,bush-cricket,0.99,,,28/09/2026,28/09/2026,23:18:51,ClassifEspSWE-0002026-05-29_1,JOHANKARLSSON,202609290752M9UN6REK,,Citizen Science (ultrasonic) - shared
59~40304+18~07242_20260928_231857.wav,DEV_002_20260928_231857.wav,0,59.40304,18.07242,Leppun,Leptophyes punctatissima,Speckled Bush-cricket,bush-cricket,0.99,,,28/09/2026,28/09/2026,23:18:57,ClassifEspSWE-0002026-05-29_1,JOHANKARLSSON,202609290752M9UN6REK,,Citizen Science (ultrasonic) - shared
59~40304+18~07242_20260928_231902.wav,DEV_002_20260928_231902.wav,0,59.40304,18.07242,Leppun,Leptophyes punctatissima,Speckled Bush-cricket,bush-cricket,0.99,,,28/09/2026,28/09/2026,23:19:02,ClassifEspSWE-0002026-05-29_1,JOHANKARLSSON,202609290752M9UN6REK,,Citizen Science (ultrasonic) - shared
59~40304+18~07242_20260928_231908.wav,DEV_002_20260928_231908.wav,0,59.40304,18.07242,Leppun,Leptophyes punctatissima,Speckled Bush-cricket,bush-cricket,0.99,,,28/09/2026,28/09/2026,23:19:08,ClassifEspSWE-0002026-05-29_1,JOHANKARLSSON,202609290752M9UN6REK,,Citizen Science (ultrasonic) - shared
59~40304+18~07242_20260928_231913.wav,DEV_002_20260928_231913.wav,0,59.40304,18.07242,Leppun,Leptophyes punctatissima,Speckled Bush-cricket,bush-cricket,0.99,,,28/09/2026,28/09/2026,23:19:13,ClassifEspSWE-0002026-05-29_1,JOHANKARLSSON,202609290752M9UN6REK,,Citizen Science (ultrasonic) - shared
59~40304+18~07242_20260928_231919.wav,DEV_002_20260928_231919.wav,0,59.40304,18.07242,Leppun,Leptophyes punctatissima,Speckled Bush-cricket,bush-cricket,0.99,,,28/09/2026,28/09/2026,23:19:19,ClassifEspSWE-0002026-05-29_1,JOHANKARLSSON,202609290752M9UN6REK,,Citizen Science (ultrasonic) - shared
59~40304+18~07242_20260928_231925.wav,DEV_002_20260928_231925.wav,0,59.40304,18.07242,Leppun,Leptophyes punctatissima,Speckled Bush-cricket,bush-cricket,0.99,,,28/09/2026,28/09/2026,23:19:25,ClassifEspSWE-0002026-05-29_1,JOHANKARLSSON,202609290752M9UN6REK,,Citizen Science (ultrasonic) - shared
59~40304+18~07242_20260928_231931.wav,DEV_002_20260928_231931.wav,0,59.40304,18.07242,Leppun,Leptophyes punctatissima,Speckled Bush-cricket,bush-cricket,0.99,,,28/09/2026,28/09/2026,23:19:31,ClassifEspSWE-0002026-05-29_1,JOHANKARLSSON,202609290752M9UN6REK,,Citizen Science (ultrasonic) - shared
59~40304+18~07242_20260928_231936.wav,DEV_002_20260928_231936.wav,0,59.40304,18.07242,Leppun,Leptophyes punctatissima,Speckled Bush-cricket,bush-cricket,0.99,,,28/09/2026,28/09/2026,23:19:36,ClassifEspSWE-0002026-05-29_1,JOHANKARLSSON,202609290752M9UN6REK,,Citizen Science (ultrasonic) - shared
59~40304+18~07242_20260928_231942.wav,DEV_002_20260928_231942.wav,0,59.40304,18.07242,Leppun,Leptophyes punctatissima,Speckled Bush-cricket,bush-cricket,0.99,,,28/09/2026,28/09/2026,23:19:42,ClassifEspSWE-0002026-05-29_1,JOHANKARLSSON,202609290752M9UN6REK,,Citizen Science (ultrasonic) - shared
59~40304+18~07242_20260928_231948.wav,DEV_002_20260928_231948.wav,0,59.40304,18.07242,Leppun,Leptophyes punctatissima,Speckled Bush-cricket,bush-cricket,0.99,,,28/09/2026,28/09/2026,23:19:48,ClassifEspSWE-0002026-05-29_1,JOHANKARLSSON,202609290752M9UN6REK,,Citizen Science (ultrasonic) - shared
59~40304+18~07242_20260928_231954.wav,DEV_002_20260928_231954.wav,0,59.40304,18.07242,Leppun,Leptophyes punctatissima,Speckled Bush-cricket,bush-cricket,0.99,,,28/09/2026,28/09/2026,23:19:54,ClassifEspSWE-0002026-05-29_1,JOHANKARLSSON,202609290752M9UN6REK,,Citizen Science (ultrasonic) - shared
59~40304+18~07242_20260928_231959.wav,DEV_002_20260928_231959.wav,0,59.40304,18.07242,Leppun,Leptophyes punctatissima,Speckled Bush-cricket,bush-cricket,0.99,,,28/09/2026,28/09/2026,23:19:59,ClassifEspSWE-0002026-05-29_1,JOHANKARLSSON,202609290752M9UN6REK,,Citizen Science (ultrasonic) - shared
59~40304+18~07242_20260928_232005.wav,DEV_002_20260928_232005.wav,0,59.40304,18.07242,Leppun,Leptophyes punctatissima,Speckled Bush-cricket,bush-cricket,0.99,,,28/09/2026,28/09/2026,23:20:05,ClassifEspSWE-0002026-05-29_1,JOHANKARLSSON,202609290752M9UN6REK,,Citizen Science (ultrasonic) - shared
59~40304+18~07242_20260928_232010.wav,DEV_002_20260928_232010.wav,0,59.40304,18.07242,Leppun,Leptophyes punctatissima,Speckled Bush-cricket,bush-cricket,0.99,,,28/09/2026,28/09/2026,23:20:10,ClassifEspSWE-0002026-05-29_1,JOHANKARLSSON,202609290752M9UN6REK,,Citizen Science (ultrasonic) - shared
59~40304+18~07242_20260928_232016.wav,DEV_002_20260928_232016.wav,0,59.40304,18.07242,Leppun,Leptophyes punctatissima,Speckled Bush-cricket,bush-cricket,0.99,,,28/09/2026,28/09/2026,23:20:16,ClassifEspSWE-0002026-05-29_1,JOHANKARLSSON,202609290752M9UN6REK,,Citizen Science (ultrasonic) - shared
59~40304+18~07242_20260928_232022.wav,DEV_002_20260928_232022.wav,0,59.40304,18.07242,Leppun,Leptophyes punctatissima,Speckled Bush-cricket,bush-cricket,0.99,,,28/09/2026,28/09/2026,23:20:22,ClassifEspSWE-0002026-05-29_1,JOHANKARLSSON,202609290752M9UN6REK,,Citizen Science (ultrasonic) - shared
59~40304+18~07242_20260928_232028.wav,DEV_002_20260928_232028.wav,0,59.40304,18.07242,Leppun,Leptophyes punctatissima,Speckled Bush-cricket,bush-cricket,0.99,,,28/09/2026,28/09/2026,23:20:28,ClassifEspSWE-0002026-05-29_1,JOHANKARLSSON,202609290752M9UN6REK,,Citizen Science (ultrasonic) - shared
59~40304+18~07242_20260928_232033.wav,DEV_002_20260928_232033.wav,0,59.40304,18.07242,Leppun,Leptophyes punctatissima,Speckled Bush-cricket,bush-cricket,0.99,,,28/09/2026,28/09/2026,23:20:33,ClassifEspSWE-0002026-05-29_1,JOHANKARLSSON,202609290752M9UN6REK,,Citizen Science (ultrasonic) - shared
59~40304+18~07242_20260928_232039.wav,DEV_002_20260928_232039.wav,0,59.40304,18.07242,Leppun,Leptophyes punctatissima,Speckled Bush-cricket,bush-cricket,0.99,,,28/09/2026,28/09/2026,23:20:39,ClassifEspSWE-0002026-05-29_1,JOHANKARLSSON,202609290752M9UN6REK,,Citizen Science (ultrasonic) - shared
59~40304+18~07242_20260928_232045.wav,DEV_002_20260928_232045.wav,0,59.40304,18.07242,Leppun,Leptophyes punctatissima,Speckled Bush-cricket,bush-cricket,0.99,,,28/09/2026,28/09/2026,23:20:45,ClassifEspSWE-0002026-05-29_1,JOHANKARLSSON,202609290752M9UN6REK,,Citizen Science (ultrasonic) - shared
59~40304+18~07242_20260928_232052.wav,DEV_002_20260928_232052.wav,0,59.40304,18.07242,Leppun,Leptophyes punctatissima,Speckled Bush-cricket,bush-cricket,0.99,,,28/09/2026,28/09/2026,23:20:52,ClassifEspSWE-0002026-05-29_1,JOHANKARLSSON,202609290752M9UN6REK,,Citizen Science (ultrasonic) - shared
59~40304+18~07242_20260928_232057.wav,DEV_002_20260928_232057.wav,0,59.40304,18.07242,Leppun,Leptophyes punctatissima,Speckled Bush-cricket,bush-cricket,0.99,,,28/09/2026,28/09/2026,23:20:57,ClassifEspSWE-0002026-05-29_1,JOHANKARLSSON,202609290752M9UN6REK,,Citizen Science (ultrasonic) - shared
59~40304+18~07242_20260928_232104.wav,DEV_002_20260928_232104.wav,0,59.40304,18.07242,Leppun,Leptophyes punctatissima,Speckled Bush-cricket,bush-cricket,0.99,,,28/09/2026,28/09/2026,23:21:04,ClassifEspSWE-0002026-05-29_1,JOHANKARLSSON,202609290752M9UN6REK,,Citizen Science (ultrasonic) - shared
59~40304+18~07242_20260928_232109.wav,DEV_002_20260928_232109.wav,0,59.40304,18.07242,Leppun,Leptophyes punctatissima,Speckled Bush-cricket,bush-cricket,0.99,,,28/09/2026,28/09/2026,23:21:09,ClassifEspSWE-0002026-05-29_1,JOHANKARLSSON,202609290752M9UN6REK,,Citizen Science (ultrasonic) - shared
59~40304+18~07242_20260928_232114.wav,DEV_002_20260928_232114.wav,0,59.40304,18.07242,Leppun,Leptophyes punctatissima,Speckled Bush-cricket,bush-cricket,0.99,,,28/09/2026,28/09/2026,23:21:14,ClassifEspSWE-0002026-05-29_1,JOHANKARLSSON,202609290752M9UN6REK,,Citizen Science (ultrasonic) - shared
59~40304+18~07242_20260928_232120.wav,DEV_002_20260928_232120.wav,0,59.40304,18.07242,Leppun,Leptophyes punctatissima,Speckled Bush-cricket,bush-cricket,0.99,,,28/09/2026,28/09/2026,23:21:20,ClassifEspSWE-0002026-05-29_1,JOHANKARLSSON,202609290752M9UN6REK,,Citizen Science (ultrasonic) - shared
59~40304+18~07242_20260928_232125.wav,DEV_002_20260928_232125.wav,0,59.40304,18.07242,Leppun,Leptophyes punctatissima,Speckled Bush-cricket,bush-cricket,0.99,,,28/09/2026,28/09/2026,23:21:25,ClassifEspSWE-0002026-05-29_1,JOHANKARLSSON,202609290752M9UN6REK,,Citizen Science (ultrasonic) - shared
59~40304+18~07242_20260928_232130.wav,DEV_002_20260928_232130.wav,0,59.40304,18.07242,Leppun,Leptophyes punctatissima,Speckled Bush-cricket,bush-cricket,0.99,,,28/09/2026,28/09/2026,23:21:30,ClassifEspSWE-0002026-05-29_1,JOHANKARLSSON,202609290752M9UN6REK,,Citizen Science (ultrasonic) - shared
59~40304+18~07242_20260928_232136.wav,DEV_002_20260928_232136.wav,0,59.40304,18.07242,Leppun,Leptophyes punctatissima,Speckled Bush-cricket,bush-cricket,0.99,,,28/09/2026,28/09/2026,23:21:36,ClassifEspSWE-0002026-05-29_1,JOHANKARLSSON,202609290752M9UN6REK,,Citizen Science (ultrasonic) - shared
59~40304+18~07242_20260928_232142.wav,DEV_002_20260928_232142.wav,0,59.40304,18.07242,Leppun,Leptophyes punctatissima,Speckled Bush-cricket,bush-cricket,0.99,,,28/09/2026,28/09/2026,23:21:42,ClassifEspSWE-0002026-05-29_1,JOHANKARLSSON,202609290752M9UN6REK,,Citizen Science (ultrasonic) - shared
59~40304+18~07242_20260928_232148.wav,DEV_002_20260928_232148.wav,0,59.40304,18.07242,Leppun,Leptophyes punctatissima,Speckled Bush-cricket,bush-cricket,0.99,,,28/09/2026,28/09/2026,23:21:48,ClassifEspSWE-0002026-05-29_1,JOHANKARLSSON,202609290752M9UN6REK,,Citizen Science (ultrasonic) - shared
59~40304+18~07242_20260928_232155.wav,DEV_002_20260928_232155.wav,0,59.40304,18.07242,Leppun,Leptophyes punctatissima,Speckled Bush-cricket,bush-cricket,0.99,,,28/09/2026,28/09/2026,23:21:55,ClassifEspSWE-0002026-05-29_1,JOHANKARLSSON,202609290752M9UN6REK,,Citizen Science (ultrasonic) - shared
59~40304+18~07242_20260928_232201.wav,DEV_002_20260928_232201.wav,0,59.40304,18.07242,Leppun,Leptophyes punctatissima,Speckled Bush-cricket,bush-cricket,0.99,,,28/09/2026,28/09/2026,23:22:01,ClassifEspSWE-0002026-05-29_1,JOHANKARLSSON,202609290752M9UN6REK,,Citizen Science (ultrasonic) - shared
59~40304+18~07242_20260928_232207.wav,DEV_002_20260928_232207.wav,0,59.40304,18.07242,Leppun,Leptophyes punctatissima,Speckled Bush-cricket,bush-cricket,0.99,,,28/09/2026,28/09/2026,23:22:07,ClassifEspSWE-0002026-05-29_1,JOHANKARLSSON,202609290752M9UN6REK,,Citizen Science (ultrasonic) - shared
59~40304+18~07242_20260928_232212.wav,DEV_002_20260928_232212.wav,0,59.40304,18.07242,Leppun,Leptophyes punctatissima,Speckled Bush-cricket,bush-cricket,0.99,,,28/09/2026,28/09/2026,23:22:12,ClassifEspSWE-0002026-05-29_1,JOHANKARLSSON,202609290752M9UN6REK,,Citizen Science (ultrasonic) - shared
59~40304+18~07242_20260928_232218.wav,DEV_002_20260928_232218.wav,0,59.40304,18.07242,Leppun,Leptophyes punctatissima,Speckled Bush-cricket,bush-cricket,0.99,,,28/09/2026,28/09/2026,23:22:18,ClassifEspSWE-0002026-05-29_1,JOHANKARLSSON,202609290752M9UN6REK,,Citizen Science (ultrasonic) - shared
59~40304+18~07242_20260928_232224.wav,DEV_002_20260928_232224.wav,0,59.40304,18.07242,Leppun,Leptophyes punctatissima,Speckled Bush-cricket,bush-cricket,0.99,,,28/09/2026,28/09/2026,23:22:24,ClassifEspSWE-0002026-05-29_1,JOHANKARLSSON,202609290752M9UN6REK,,Citizen Science (ultrasonic) - shared
59~40304+18~07242_20260928_232231.wav,DEV_002_20260928_232231.wav,0,59.40304,18.07242,Leppun,Leptophyes punctatissima,Speckled Bush-cricket,bush-cricket,0.99,,,28/09/2026,28/09/2026,23:22:31,ClassifEspSWE-0002026-05-29_1,JOHANKARLSSON,202609290752M9UN6REK,,Citizen Science (ultrasonic) - shared
59~40304+18~07242_20260928_232237.wav,DEV_002_20260928_232237.wav,0,59.40304,18.07242,Leppun,Leptophyes punctatissima,Speckled Bush-cricket,bush-cricket,0.99,,,28/09/2026,28/09/2026,23:22:37,ClassifEspSWE-0002026-05-29_1,JOHANKARLSSON,202609290752M9UN6REK,,Citizen Science (ultrasonic) - shared
59~40304+18~07242_20260928_232243.wav,DEV_002_20260928_232243.wav,0,59.40304,18.07242,Leppun,Leptophyes punctatissima,Speckled Bush-cricket,bush-cricket,0.99,,,28/09/2026,28/09/2026,23:22:43,ClassifEspSWE-0002026-05-29_1,JOHANKARLSSON,202609290752M9UN6REK,,Citizen Science (ultrasonic) - shared
59~40304+18~07242_20260928_232248.wav,DEV_002_20260928_232248.wav,0,59.40304,18.07242,Leppun,Leptophyes punctatissima,Speckled Bush-cricket,bush-cricket,0.99,,,28/09/2026,28/09/2026,23:22:48,ClassifEspSWE-0002026-05-29_1,JOHANKARLSSON,202609290752M9UN6REK,,Citizen Science (ultrasonic) - shared
59~40304+18~07242_20260928_232253.wav,DEV_002_20260928_232253.wav,0,59.40304,18.07242,Leppun,Leptophyes punctatissima,Speckled Bush-cricket,bush-cricket,0.99,,,28/09/2026,28/09/2026,23:22:53,ClassifEspSWE-0002026-05-29_1,JOHANKARLSSON,202609290752M9UN6REK,,Citizen Science (ultrasonic) - shared
59~40304+18~07242_20260928_232259.wav,DEV_002_20260928_232259.wav,0,59.40304,18.07242,Leppun,Leptophyes punctatissima,Speckled Bush-cricket,bush-cricket,0.99,,,28/09/2026,28/09/2026,23:22:59,ClassifEspSWE-0002026-05-29_1,JOHANKARLSSON,202609290752M9UN6REK,,Citizen Science (ultrasonic) - shared
59~40304+18~07242_20260928_232304.wav,DEV_002_20260928_232304.wav,0,59.40304,18.07242,Leppun,Leptophyes punctatissima,Speckled Bush-cricket,bush-cricket,0.99,,,28/09/2026,28/09/2026,23:23:04,ClassifEspSWE-0002026-05-29_1,JOHANKARLSSON,202609290752M9UN6REK,,Citizen Science (ultrasonic) - shared
59~40304+18~07242_20260928_232310.wav,DEV_002_20260928_232310.wav,0,59.40304,18.07242,Leppun,Leptophyes punctatissima,Speckled Bush-cricket,bush-cricket,0.99,,,28/09/2026,28/09/2026,23:23:10,ClassifEspSWE-0002026-05-29_1,JOHANKARLSSON,202609290752M9UN6REK,,Citizen Science (ultrasonic) - shared
59~40304+18~07242_20260928_232315.wav,DEV_002_20260928_232315.wav,0,59.40304,18.07242,Leppun,Leptophyes punctatissima,Speckled Bush-cricket,bush-cricket,0.99,,,28/09/2026,28/09/2026,23:23:15,ClassifEspSWE-0002026-05-29_1,JOHANKARLSSON,202609290752M9UN6REK,,Citizen Science (ultrasonic) - shared
59~40304+18~07242_20260928_232321.wav,DEV_002_20260928_232321.wav,0,59.40304,18.07242,Leppun,Leptophyes punctatissima,Speckled Bush-cricket,bush-cricket,0.99,,,28/09/2026,28/09/2026,23:23:21,ClassifEspSWE-0002026-05-29_1,JOHANKARLSSON,202609290752M9UN6REK,,Citizen Science (ultrasonic) - shared
59~40304+18~07242_20260928_232326.wav,DEV_002_20260928_232326.wav,0,59.40304,18.07242,Leppun,Leptophyes punctatissima,Speckled Bush-cricket,bush-cricket,0.99,,,28/09/2026,28/09/2026,23:23:26,ClassifEspSWE-0002026-05-29_1,JOHANKARLSSON,202609290752M9UN6REK,,Citizen Science (ultrasonic) - shared
59~40304+18~07242_20260928_232332.wav,DEV_002_20260928_232332.wav,0,59.40304,18.07242,Leppun,Leptophyes punctatissima,Speckled Bush-cricket,bush-cricket,0.99,,,28/09/2026,28/09/2026,23:23:32,ClassifEspSWE-0002026-05-29_1,JOHANKARLSSON,202609290752M9UN6REK,,Citizen Science (ultrasonic) - shared
59~40304+18~07242_20260928_232338.wav,DEV_002_20260928_232338.wav,0,59.40304,18.07242,Leppun,Leptophyes punctatissima,Speckled Bush-cricket,bush-cricket,0.99,,,28/09/2026,28/09/2026,23:23:38,ClassifEspSWE-0002026-05-29_1,JOHANKARLSSON,202609290752M9UN6REK,,Citizen Science (ultrasonic) - shared
59~40304+18~07242_20260928_232344.wav,DEV_002_20260928_232344.wav,0,59.40304,18.07242,Leppun,Leptophyes punctatissima,Speckled Bush-cricket,bush-cricket,0.99,,,28/09/2026,28/09/2026,23:23:44,ClassifEspSWE-0002026-05-29_1,JOHANKARLSSON,202609290752M9UN6REK,,Citizen Science (ultrasonic) - shared
59~40304+18~07242_20260928_232350.wav,DEV_002_20260928_232350.wav,0,59.40304,18.07242,Leppun,Leptophyes punctatissima,Speckled Bush-cricket,bush-cricket,0.99,,,28/09/2026,28/09/2026,23:23:50,ClassifEspSWE-0002026-05-29_1,JOHANKARLSSON,202609290752M9UN6REK,,Citizen Science (ultrasonic) - shared
59~40304+18~07242_20260928_232356.wav,DEV_002_20260928_232356.wav,0,59.40304,18.07242,Leppun,Leptophyes punctatissima,Speckled Bush-cricket,bush-cricket,0.99,,,28/09/2026,28/09/2026,23:23:56,ClassifEspSWE-0002026-05-29_1,JOHANKARLSSON,202609290752M9UN6REK,,Citizen Science (ultrasonic) - shared
59~40304+18~07242_20260928_232401.wav,DEV_002_20260928_232401.wav,0,59.40304,18.07242,Leppun,Leptophyes punctatissima,Speckled Bush-cricket,bush-cricket,0.99,,,28/09/2026,28/09/2026,23:24:01,ClassifEspSWE-0002026-05-29_1,JOHANKARLSSON,202609290752M9UN6REK,,Citizen Science (ultrasonic) - shared
59~40304+18~07242_20260928_232407.wav,DEV_002_20260928_232407.wav,0,59.40304,18.07242,Leppun,Leptophyes punctatissima,Speckled Bush-cricket,bush-cricket,0.99,,,28/09/2026,28/09/2026,23:24:07,ClassifEspSWE-0002026-05-29_1,JOHANKARLSSON,202609290752M9UN6REK,,Citizen Science (ultrasonic) - shared
59~40304+18~07242_20260928_232413.wav,DEV_002_20260928_232413.wav,0,59.40304,18.07242,Leppun,Leptophyes punctatissima,Speckled Bush-cricket,bush-cricket,0.99,,,28/09/2026,28/09/2026,23:24:13,ClassifEspSWE-0002026-05-29_1,JOHANKARLSSON,202609290752M9UN6REK,,Citizen Science (ultrasonic) - shared
59~40304+18~07242_20260928_232418.wav,DEV_002_20260928_232418.wav,0,59.40304,18.07242,Leppun,Leptophyes punctatissima,Speckled Bush-cricket,bush-cricket,0.99,,,28/09/2026,28/09/2026,23:24:18,ClassifEspSWE-0002026-05-29_1,JOHANKARLSSON,202609290752M9UN6REK,,Citizen Science (ultrasonic) - shared
59~40304+18~07242_20260928_232425.wav,DEV_002_20260928_232425.wav,0,59.40304,18.07242,Leppun,Leptophyes punctatissima,Speckled Bush-cricket,bush-cricket,0.99,,,28/09/2026,28/09/2026,23:24:25,ClassifEspSWE-0002026-05-29_1,JOHANKARLSSON,202609290752M9UN6REK,,Citizen Science (ultrasonic) - shared
59~40304+18~07242_20260928_232430.wav,DEV_002_20260928_232430.wav,0,59.40304,18.07242,Leppun,Leptophyes punctatissima,Speckled Bush-cricket,bush-cricket,0.99,,,28/09/2026,28/09/2026,23:24:30,ClassifEspSWE-0002026-05-29_1,JOHANKARLSSON,202609290752M9UN6REK,,Citizen Science (ultrasonic) - shared
59~40304+18~07242_20260928_232436.wav,DEV_002_20260928_232436.wav,0,59.40304,18.07242,Leppun,Leptophyes punctatissima,Speckled Bush-cricket,bush-cricket,0.99,,,28/09/2026,28/09/2026,23:24:36,ClassifEspSWE-0002026-05-29_1,JOHANKARLSSON,202609290752M9UN6REK,,Citizen Science (ultrasonic) - shared
59~40304+18~07242_20260928_232441.wav,DEV_002_20260928_232441.wav,0,59.40304,18.07242,Leppun,Leptophyes punctatissima,Speckled Bush-cricket,bush-cricket,0.99,,,28/09/2026,28/09/2026,23:24:41,ClassifEspSWE-0002026-05-29_1,JOHANKARLSSON,202609290752M9UN6REK,,Citizen Science (ultrasonic) - shared
59~40304+18~07242_20260928_232447.wav,DEV_002_20260928_232447.wav,0,59.40304,18.07242,Leppun,Leptophyes punctatissima,Speckled Bush-cricket,bush-cricket,0.99,,,28/09/2026,28/09/2026,23:24:47,ClassifEspSWE-0002026-05-29_1,JOHANKARLSSON,202609290752M9UN6REK,,Citizen Science (ultrasonic) - shared
59~40304+18~07242_20260928_232452.wav,DEV_002_20260928_232452.wav,0,59.40304,18.07242,Leppun,Leptophyes punctatissima,Speckled Bush-cricket,bush-cricket,0.99,,,28/09/2026,28/09/2026,23:24:52,ClassifEspSWE-0002026-05-29_1,JOHANKARLSSON,202609290752M9UN6REK,,Citizen Science (ultrasonic) - shared
59~40304+18~07242_20260928_232458.wav,DEV_002_20260928_232458.wav,0,59.40304,18.07242,Leppun,Leptophyes punctatissima,Speckled Bush-cricket,bush-cricket,0.99,,,28/09/2026,28/09/2026,23:24:58,ClassifEspSWE-0002026-05-29_1,JOHANKARLSSON,202609290752M9UN6REK,,Citizen Science (ultrasonic) - shared
59~40304+18~07242_20260928_232504.wav,DEV_002_20260928_232504.wav,0,59.40304,18.07242,Leppun,Leptophyes punctatissima,Speckled Bush-cricket,bush-cricket,0.99,,,28/09/2026,28/09/2026,23:25:04,ClassifEspSWE-0002026-05-29_1,JOHANKARLSSON,202609290752M9UN6REK,,Citizen Science (ultrasonic) - shared
59~40304+18~07242_20260928_232509.wav,DEV_002_20260928_232509.wav,0,59.40304,18.07242,Leppun,Leptophyes punctatissima,Speckled Bush-cricket,bush-cricket,0.99,,,28/09/2026,28/09/2026,23:25:09,ClassifEspSWE-0002026-05-29_1,JOHANKARLSSON,202609290752M9UN6REK,,Citizen Science (ultrasonic) - shared
59~40304+18~07242_20260928_232515.wav,DEV_002_20260928_232515.wav,0,59.40304,18.07242,Leppun,Leptophyes punctatissima,Speckled Bush-cricket,bush-cricket,0.99,,,28/09/2026,28/09/2026,23:25:15,ClassifEspSWE-0002026-05-29_1,JOHANKARLSSON,202609290752M9UN6REK,,Citizen Science (ultrasonic) - shared
59~40304+18~07242_20260928_232521.wav,DEV_002_20260928_232521.wav,0,59.40304,18.07242,Leppun,Leptophyes punctatissima,Speckled Bush-cricket,bush-cricket,0.99,,,28/09/2026,28/09/2026,23:25:21,ClassifEspSWE-0002026-05-29_1,JOHANKARLSSON,202609290752M9UN6REK,,Citizen Science (ultrasonic) - shared
59~40304+18~07242_20260928_232527.wav,DEV_002_20260928_232527.wav,0,59.40304,18.07242,Leppun,Leptophyes punctatissima,Speckled Bush-cricket,bush-cricket,0.99,,,28/09/2026,28/09/2026,23:25:27,ClassifEspSWE-0002026-05-29_1,JOHANKARLSSON,202609290752M9UN6REK,,Citizen Science (ultrasonic) - shared
59~40304+18~07242_20260928_232533.wav,DEV_002_20260928_232533.wav,0,59.40304,18.07242,Leppun,Leptophyes punctatissima,Speckled Bush-cricket,bush-cricket,0.99,,,28/09/2026,28/09/2026,23:25:33,ClassifEspSWE-0002026-05-29_1,JOHANKARLSSON,202609290752M9UN6REK,,Citizen Science (ultrasonic) - shared
59~40304+18~07242_20260928_232539.wav,DEV_002_20260928_232539.wav,0,59.40304,18.07242,Leppun,Leptophyes punctatissima,Speckled Bush-cricket,bush-cricket,0.99,,,28/09/2026,28/09/2026,23:25:39,ClassifEspSWE-0002026-05-29_1,JOHANKARLSSON,202609290752M9UN6REK,,Citizen Science (ultrasonic) - shared
59~40304+18~07242_20260928_232544.wav,DEV_002_20260928_232544.wav,0,59.40304,18.07242,Leppun,Leptophyes punctatissima,Speckled Bush-cricket,bush-cricket,0.99,,,28/09/2026,28/09/2026,23:25:44,ClassifEspSWE-0002026-05-29_1,JOHANKARLSSON,202609290752M9UN6REK,,Citizen Science (ultrasonic) - shared
59~40304+18~07242_20260928_232550.wav,DEV_002_20260928_232550.wav,0,59.40304,18.07242,Leppun,Leptophyes punctatissima,Speckled Bush-cricket,bush-cricket,0.99,,,28/09/2026,28/09/2026,23:25:50,ClassifEspSWE-0002026-05-29_1,JOHANKARLSSON,202609290752M9UN6REK,,Citizen Science (ultrasonic) - shared
59~40304+18~07242_20260928_232555.wav,DEV_002_20260928_232555.wav,0,59.40304,18.07242,Leppun,Leptophyes punctatissima,Speckled Bush-cricket,bush-cricket,0.99,,,28/09/2026,28/09/2026,23:25:55,ClassifEspSWE-0002026-05-29_1,JOHANKARLSSON,202609290752M9UN6REK,,Citizen Science (ultrasonic) - shared
59~40304+18~07242_20260928_232601.wav,DEV_002_20260928_232601.wav,0,59.40304,18.07242,Leppun,Leptophyes punctatissima,Speckled Bush-cricket,bush-cricket,0.99,,,28/09/2026,28/09/2026,23:26:01,ClassifEspSWE-0002026-05-29_1,JOHANKARLSSON,202609290752M9UN6REK,,Citizen Science (ultrasonic) - shared
59~40304+18~07242_20260928_232607.wav,DEV_002_20260928_232607.wav,0,59.40304,18.07242,Leppun,Leptophyes punctatissima,Speckled Bush-cricket,bush-cricket,0.99,,,28/09/2026,28/09/2026,23:26:07,ClassifEspSWE-0002026-05-29_1,JOHANKARLSSON,202609290752M9UN6REK,,Citizen Science (ultrasonic) - shared
59~40304+18~07242_20260928_232612.wav,DEV_002_20260928_232612.wav,0,59.40304,18.07242,Leppun,Leptophyes punctatissima,Speckled Bush-cricket,bush-cricket,0.99,,,28/09/2026,28/09/2026,23:26:12,ClassifEspSWE-0002026-05-29_1,JOHANKARLSSON,202609290752M9UN6REK,,Citizen Science (ultrasonic) - shared
59~40304+18~07242_20260928_232617.wav,DEV_002_20260928_232617.wav,0,59.40304,18.07242,Leppun,Leptophyes punctatissima,Speckled Bush-cricket,bush-cricket,0.99,,,28/09/2026,28/09/2026,23:26:17,ClassifEspSWE-0002026-05-29_1,JOHANKARLSSON,202609290752M9UN6REK,,Citizen Science (ultrasonic) - shared
59~40304+18~07242_20260928_232622.wav,DEV_002_20260928_232622.wav,0,59.40304,18.07242,Leppun,Leptophyes punctatissima,Speckled Bush-cricket,bush-cricket,0.99,,,28/09/2026,28/09/2026,23:26:22,ClassifEspSWE-0002026-05-29_1,JOHANKARLSSON,202609290752M9UN6REK,,Citizen Science (ultrasonic) - shared
59~40304+18~07242_20260928_232628.wav,DEV_002_20260928_232628.wav,0,59.40304,18.07242,Leppun,Leptophyes punctatissima,Speckled Bush-cricket,bush-cricket,0.99,,,28/09/2026,28/09/2026,23:26:28,ClassifEspSWE-0002026-05-29_1,JOHANKARLSSON,202609290752M9UN6REK,,Citizen Science (ultrasonic) - shared
59~40304+18~07242_20260928_232633.wav,DEV_002_20260928_232633.wav,0,59.40304,18.07242,Leppun,Leptophyes punctatissima,Speckled Bush-cricket,bush-cricket,0.99,,,28/09/2026,28/09/2026,23:26:33,ClassifEspSWE-0002026-05-29_1,JOHANKARLSSON,202609290752M9UN6REK,,Citizen Science (ultrasonic) - shared
59~40304+18~07242_20260928_232638.wav,DEV_002_20260928_232638.wav,0,59.40304,18.07242,Leppun,Leptophyes punctatissima,Speckled Bush-cricket,bush-cricket,0.99,,,28/09/2026,28/09/2026,23:26:38,ClassifEspSWE-0002026-05-29_1,JOHANKARLSSON,202609290752M9UN6REK,,Citizen Science (ultrasonic) - shared
59~40304+18~07242_20260928_232644.wav,DEV_002_20260928_232644.wav,0,59.40304,18.07242,Leppun,Leptophyes punctatissima,Speckled Bush-cricket,bush-cricket,0.99,,,28/09/2026,28/09/2026,23:26:44,ClassifEspSWE-0002026-05-29_1,JOHANKARLSSON,202609290752M9UN6REK,,Citizen Science (ultrasonic) - shared
59~40304+18~07242_20260928_232649.wav,DEV_002_20260928_232649.wav,0,59.40304,18.07242,Leppun,Leptophyes punctatissima,Speckled Bush-cricket,bush-cricket,0.99,,,28/09/2026,28/09/2026,23:26:49,ClassifEspSWE-0002026-05-29_1,JOHANKARLSSON,202609290752M9UN6REK,,Citizen Science (ultrasonic) - shared
59~40304+18~07242_20260928_232655.wav,DEV_002_20260928_232655.wav,0,59.40304,18.07242,Leppun,Leptophyes punctatissima,Speckled Bush-cricket,bush-cricket,0.99,,,28/09/2026,28/09/2026,23:26:55,ClassifEspSWE-0002026-05-29_1,JOHANKARLSSON,202609290752M9UN6REK,,Citizen Science (ultrasonic) - shared
59~40304+18~07242_20260928_232700.wav,DEV_002_20260928_232700.wav,0,59.40304,18.07242,Leppun,Leptophyes punctatissima,Speckled Bush-cricket,bush-cricket,0.99,,,28/09/2026,28/09/2026,23:27:00,ClassifEspSWE-0002026-05-29_1,JOHANKARLSSON,202609290752M9UN6REK,,Citizen Science (ultrasonic) - shared
59~40304+18~07242_20260928_232705.wav,DEV_002_20260928_232705.wav,0,59.40304,18.07242,Leppun,Leptophyes punctatissima,Speckled Bush-cricket,bush-cricket,0.99,,,28/09/2026,28/09/2026,23:27:05,ClassifEspSWE-0002026-05-29_1,JOHANKARLSSON,202609290752M9UN6REK,,Citizen Science (ultrasonic) - shared
59~40304+18~07242_20260928_232711.wav,DEV_002_20260928_232711.wav,0,59.40304,18.07242,Leppun,Leptophyes punctatissima,Speckled Bush-cricket,bush-cricket,0.99,,,28/09/2026,28/09/2026,23:27:11,ClassifEspSWE-0002026-05-29_1,JOHANKARLSSON,202609290752M9UN6REK,,Citizen Science (ultrasonic) - shared
59~40304+18~07242_20260928_232717.wav,DEV_002_20260928_232717.wav,0,59.40304,18.07242,Leppun,Leptophyes punctatissima,Speckled Bush-cricket,bush-cricket,0.99,,,28/09/2026,28/09/2026,23:27:17,ClassifEspSWE-0002026-05-29_1,JOHANKARLSSON,202609290752M9UN6REK,,Citizen Science (ultrasonic) - shared
59~40304+18~07242_20260928_232722.wav,DEV_002_20260928_232722.wav,0,59.40304,18.07242,Leppun,Leptophyes punctatissima,Speckled Bush-cricket,bush-cricket,0.99,,,28/09/2026,28/09/2026,23:27:22,ClassifEspSWE-0002026-05-29_1,JOHANKARLSSON,202609290752M9UN6REK,,Citizen Science (ultrasonic) - shared
59~40304+18~07242_20260928_232727.wav,DEV_002_20260928_232727.wav,0,59.40304,18.07242,Leppun,Leptophyes punctatissima,Speckled Bush-cricket,bush-cricket,0.99,,,28/09/2026,28/09/2026,23:27:27,ClassifEspSWE-0002026-05-29_1,JOHANKARLSSON,202609290752M9UN6REK,,Citizen Science (ultrasonic) - shared
59~40304+18~07242_20260928_232733.wav,DEV_002_20260928_232733.wav,0,59.40304,18.07242,Leppun,Leptophyes punctatissima,Speckled Bush-cricket,bush-cricket,0.99,,,28/09/2026,28/09/2026,23:27:33,ClassifEspSWE-0002026-05-29_1,JOHANKARLSSON,202609290752M9UN6REK,,Citizen Science (ultrasonic) - shared
59~40304+18~07242_20260928_232739.wav,DEV_002_20260928_232739.wav,0,59.40304,18.07242,Leppun,Leptophyes punctatissima,Speckled Bush-cricket,bush-cricket,0.99,,,28/09/2026,28/09/2026,23:27:39,ClassifEspSWE-0002026-05-29_1,JOHANKARLSSON,202609290752M9UN6REK,,Citizen Science (ultrasonic) - shared
59~40304+18~07242_20260928_232744.wav,DEV_002_20260928_232744.wav,0,59.40304,18.07242,Leppun,Leptophyes punctatissima,Speckled Bush-cricket,bush-cricket,0.99,,,28/09/2026,28/09/2026,23:27:44,ClassifEspSWE-0002026-05-29_1,JOHANKARLSSON,202609290752M9UN6REK,,Citizen Science (ultrasonic) - shared
59~40304+18~07242_20260928_232750.wav,DEV_002_20260928_232750.wav,0,59.40304,18.07242,Leppun,Leptophyes punctatissima,Speckled Bush-cricket,bush-cricket,0.99,,,28/09/2026,28/09/2026,23:27:50,ClassifEspSWE-0002026-05-29_1,JOHANKARLSSON,202609290752M9UN6REK,,Citizen Science (ultrasonic) - shared
59~40304+18~07242_20260928_232756.wav,DEV_002_20260928_232756.wav,0,59.40304,18.07242,Leppun,Leptophyes punctatissima,Speckled Bush-cricket,bush-cricket,0.99,,,28/09/2026,28/09/2026,23:27:56,ClassifEspSWE-0002026-05-29_1,JOHANKARLSSON,202609290752M9UN6REK,,Citizen Science (ultrasonic) - shared
59~40304+18~07242_20260928_232801.wav,DEV_002_20260928_232801.wav,0,59.40304,18.07242,Leppun,Leptophyes punctatissima,Speckled Bush-cricket,bush-cricket,0.99,,,28/09/2026,28/09/2026,23:28:01,ClassifEspSWE-0002026-05-29_1,JOHANKARLSSON,202609290752M9UN6REK,,Citizen Science (ultrasonic) - shared
59~40304+18~07242_20260928_232807.wav,DEV_002_20260928_232807.wav,0,59.40304,18.07242,Leppun,Leptophyes punctatissima,Speckled Bush-cricket,bush-cricket,0.99,,,28/09/2026,28/09/2026,23:28:07,ClassifEspSWE-0002026-05-29_1,JOHANKARLSSON,202609290752M9UN6REK,,Citizen Science (ultrasonic) - shared
59~40304+18~07242_20260928_232813.wav,DEV_002_20260928_232813.wav,0,59.40304,18.07242,Leppun,Leptophyes punctatissima,Speckled Bush-cricket,bush-cricket,0.99,,,28/09/2026,28/09/2026,23:28:13,ClassifEspSWE-0002026-05-29_1,JOHANKARLSSON,202609290752M9UN6REK,,Citizen Science (ultrasonic) - shared
59~40304+18~07242_20260928_232819.wav,DEV_002_20260928_232819.wav,0,59.40304,18.07242,Leppun,Leptophyes punctatissima,Speckled Bush-cricket,bush-cricket,0.99,,,28/09/2026,28/09/2026,23:28:19,ClassifEspSWE-0002026-05-29_1,JOHANKARLSSON,202609290752M9UN6REK,,Citizen Science (ultrasonic) - shared
59~40304+18~07242_20260928_232824.wav,DEV_002_20260928_232824.wav,0,59.40304,18.07242,Leppun,Leptophyes punctatissima,Speckled Bush-cricket,bush-cricket,0.99,,,28/09/2026,28/09/2026,23:28:24,ClassifEspSWE-0002026-05-29_1,JOHANKARLSSON,202609290752M9UN6REK,,Citizen Science (ultrasonic) - shared
59~40304+18~07242_20260928_232829.wav,DEV_002_20260928_232829.wav,0,59.40304,18.07242,Leppun,Leptophyes punctatissima,Speckled Bush-cricket,bush-cricket,0.99,,,28/09/2026,28/09/2026,23:28:29,ClassifEspSWE-0002026-05-29_1,JOHANKARLSSON,202609290752M9UN6REK,,Citizen Science (ultrasonic) - shared
59~40304+18~07242_20260928_232835.wav,DEV_002_20260928_232835.wav,0,59.40304,18.07242,Leppun,Leptophyes punctatissima,Speckled Bush-cricket,bush-cricket,0.99,,,28/09/2026,28/09/2026,23:28:35,ClassifEspSWE-0002026-05-29_1,JOHANKARLSSON,202609290752M9UN6REK,,Citizen Science (ultrasonic) - shared
59~40304+18~07242_20260928_232842.wav,DEV_002_20260928_232842.wav,0,59.40304,18.07242,Leppun,Leptophyes punctatissima,Speckled Bush-cricket,bush-cricket,0.99,,,28/09/2026,28/09/2026,23:28:42,ClassifEspSWE-0002026-05-29_1,JOHANKARLSSON,202609290752M9UN6REK,,Citizen Science (ultrasonic) - shared
59~40304+18~07242_20260928_232848.wav,DEV_002_20260928_232848.wav,0,59.40304,18.07242,Leppun,Leptophyes punctatissima,Speckled Bush-cricket,bush-cricket,0.99,,,28/09/2026,28/09/2026,23:28:48,ClassifEspSWE-0002026-05-29_1,JOHANKARLSSON,202609290752M9UN6REK,,Citizen Science (ultrasonic) - shared
59~40304+18~07242_20260928_232853.wav,DEV_002_20260928_232853.wav,0,59.40304,18.07242,Leppun,Leptophyes punctatissima,Speckled Bush-cricket,bush-cricket,0.99,,,28/09/2026,28/09/2026,23:28:53,ClassifEspSWE-0002026-05-29_1,JOHANKARLSSON,202609290752M9UN6REK,,Citizen Science (ultrasonic) - shared
59~40304+18~07242_20260928_232859.wav,DEV_002_20260928_232859.wav,0,59.40304,18.07242,Leppun,Leptophyes punctatissima,Speckled Bush-cricket,bush-cricket,0.99,,,28/09/2026,28/09/2026,23:28:59,ClassifEspSWE-0002026-05-29_1,JOHANKARLSSON,202609290752M9UN6REK,,Citizen Science (ultrasonic) - shared
59~40304+18~07242_20260928_232905.wav,DEV_002_20260928_232905.wav,0,59.40304,18.07242,Leppun,Leptophyes punctatissima,Speckled Bush-cricket,bush-cricket,0.99,,,28/09/2026,28/09/2026,23:29:05,ClassifEspSWE-0002026-05-29_1,JOHANKARLSSON,202609290752M9UN6REK,,Citizen Science (ultrasonic) - shared
59~40304+18~07242_20260928_232910.wav,DEV_002_20260928_232910.wav,0,59.40304,18.07242,Leppun,Leptophyes punctatissima,Speckled Bush-cricket,bush-cricket,0.99,,,28/09/2026,28/09/2026,23:29:10,ClassifEspSWE-0002026-05-29_1,JOHANKARLSSON,202609290752M9UN6REK,,Citizen Science (ultrasonic) - shared
59~40304+18~07242_20260928_232915.wav,DEV_002_20260928_232915.wav,0,59.40304,18.07242,Leppun,Leptophyes punctatissima,Speckled Bush-cricket,bush-cricket,0.99,,,28/09/2026,28/09/2026,23:29:15,ClassifEspSWE-0002026-05-29_1,JOHANKARLSSON,202609290752M9UN6REK,,Citizen Science (ultrasonic) - shared
59~40304+18~07242_20260928_232921.wav,DEV_002_20260928_232921.wav,0,59.40304,18.07242,Leppun,Leptophyes punctatissima,Speckled Bush-cricket,bush-cricket,0.99,,,28/09/2026,28/09/2026,23:29:21,ClassifEspSWE-0002026-05-29_1,JOHANKARLSSON,202609290752M9UN6REK,,Citizen Science (ultrasonic) - shared
59~40304+18~07242_20260928_232928.wav,DEV_002_20260928_232928.wav,0,59.40304,18.07242,Leppun,Leptophyes punctatissima,Speckled Bush-cricket,bush-cricket,0.99,,,28/09/2026,28/09/2026,23:29:28,ClassifEspSWE-0002026-05-29_1,JOHANKARLSSON,202609290752M9UN6REK,,Citizen Science (ultrasonic) - shared
59~40304+18~07242_20260928_232934.wav,DEV_002_20260928_232934.wav,0,59.40304,18.07242,Leppun,Leptophyes punctatissima,Speckled Bush-cricket,bush-cricket,0.99,,,28/09/2026,28/09/2026,23:29:34,ClassifEspSWE-0002026-05-29_1,JOHANKARLSSON,202609290752M9UN6REK,,Citizen Science (ultrasonic) - shared
59~40304+18~07242_20260928_232941.wav,DEV_002_20260928_232941.wav,0,59.40304,18.07242,Leppun,Leptophyes punctatissima,Speckled Bush-cricket,bush-cricket,0.99,,,28/09/2026,28/09/2026,23:29:41,ClassifEspSWE-0002026-05-29_1,JOHANKARLSSON,202609290752M9UN6REK,,Citizen Science (ultrasonic) - shared
59~40304+18~07242_20260928_232947.wav,DEV_002_20260928_232947.wav,0,59.40304,18.07242,Leppun,Leptophyes punctatissima,Speckled Bush-cricket,bush-cricket,0.99,,,28/09/2026,28/09/2026,23:29:47,ClassifEspSWE-0002026-05-29_1,JOHANKARLSSON,202609290752M9UN6REK,,Citizen Science (ultrasonic) - shared
59~40304+18~07242_20260928_232952.wav,DEV_002_20260928_232952.wav,0,59.40304,18.07242,Leppun,Leptophyes punctatissima,Speckled Bush-cricket,bush-cricket,0.99,,,28/09/2026,28/09/2026,23:29:52,ClassifEspSWE-0002026-05-29_1,JOHANKARLSSON,202609290752M9UN6REK,,Citizen Science (ultrasonic) - shared
59~40304+18~07242_20260928_232958.wav,DEV_002_20260928_232958.wav,0,59.40304,18.07242,Leppun,Leptophyes punctatissima,Speckled Bush-cricket,bush-cricket,0.99,,,28/09/2026,28/09/2026,23:29:58,ClassifEspSWE-0002026-05-29_1,JOHANKARLSSON,202609290752M9UN6REK,,Citizen Science (ultrasonic) - shared
59~40304+18~07242_20260928_233004.wav,DEV_002_20260928_233004.wav,0,59.40304,18.07242,Leppun,Leptophyes punctatissima,Speckled Bush-cricket,bush-cricket,0.99,,,28/09/2026,28/09/2026,23:30:04,ClassifEspSWE-0002026-05-29_1,JOHANKARLSSON,202609290752M9UN6REK,,Citizen Science (ultrasonic) - shared
59~40304+18~07242_20260928_233009.wav,DEV_002_20260928_233009.wav,0,59.40304,18.07242,Leppun,Leptophyes punctatissima,Speckled Bush-cricket,bush-cricket,0.99,,,28/09/2026,28/09/2026,23:30:09,ClassifEspSWE-0002026-05-29_1,JOHANKARLSSON,202609290752M9UN6REK,,Citizen Science (ultrasonic) - shared
59~40304+18~07242_20260928_233015.wav,DEV_002_20260928_233015.wav,0,59.40304,18.07242,Leppun,Leptophyes punctatissima,Speckled Bush-cricket,bush-cricket,0.99,,,28/09/2026,28/09/2026,23:30:15,ClassifEspSWE-0002026-05-29_1,JOHANKARLSSON,202609290752M9UN6REK,,Citizen Science (ultrasonic) - shared
59~40304+18~07242_20260928_233020.wav,DEV_002_20260928_233020.wav,0,59.40304,18.07242,Leppun,Leptophyes punctatissima,Speckled Bush-cricket,bush-cricket,0.99,,,28/09/2026,28/09/2026,23:30:20,ClassifEspSWE-0002026-05-29_1,JOHANKARLSSON,202609290752M9UN6REK,,Citizen Science (ultrasonic) - shared
59~40304+18~07242_20260928_233026.wav,DEV_002_20260928_233026.wav,0,59.40304,18.07242,Leppun,Leptophyes punctatissima,Speckled Bush-cricket,bush-cricket,0.99,,,28/09/2026,28/09/2026,23:30:26,ClassifEspSWE-0002026-05-29_1,JOHANKARLSSON,202609290752M9UN6REK,,Citizen Science (ultrasonic) - shared
59~40304+18~07242_20260928_233032.wav,DEV_002_20260928_233032.wav,0,59.40304,18.07242,Leppun,Leptophyes punctatissima,Speckled Bush-cricket,bush-cricket,0.99,,,28/09/2026,28/09/2026,23:30:32,ClassifEspSWE-0002026-05-29_1,JOHANKARLSSON,202609290752M9UN6REK,,Citizen Science (ultrasonic) - shared
59~40304+18~07242_20260928_233038.wav,DEV_002_20260928_233038.wav,0,59.40304,18.07242,Leppun,Leptophyes punctatissima,Speckled Bush-cricket,bush-cricket,0.99,,,28/09/2026,28/09/2026,23:30:38,ClassifEspSWE-0002026-05-29_1,JOHANKARLSSON,202609290752M9UN6REK,,Citizen Science (ultrasonic) - shared
59~40304+18~07242_20260928_233044.wav,DEV_002_20260928_233044.wav,0,59.40304,18.07242,Leppun,Leptophyes punctatissima,Speckled Bush-cricket,bush-cricket,0.99,,,28/09/2026,28/09/2026,23:30:44,ClassifEspSWE-0002026-05-29_1,JOHANKARLSSON,202609290752M9UN6REK,,Citizen Science (ultrasonic) - shared
59~40304+18~07242_20260928_233049.wav,DEV_002_20260928_233049.wav,0,59.40304,18.07242,Leppun,Leptophyes punctatissima,Speckled Bush-cricket,bush-cricket,0.99,,,28/09/2026,28/09/2026,23:30:49,ClassifEspSWE-0002026-05-29_1,JOHANKARLSSON,202609290752M9UN6REK,,Citizen Science (ultrasonic) - shared
59~40304+18~07242_20260928_233055.wav,DEV_002_20260928_233055.wav,0,59.40304,18.07242,Leppun,Leptophyes punctatissima,Speckled Bush-cricket,bush-cricket,0.99,,,28/09/2026,28/09/2026,23:30:55,ClassifEspSWE-0002026-05-29_1,JOHANKARLSSON,202609290752M9UN6REK,,Citizen Science (ultrasonic) - shared
59~40304+18~07242_20260928_233101.wav,DEV_002_20260928_233101.wav,0,59.40304,18.07242,Leppun,Leptophyes punctatissima,Speckled Bush-cricket,bush-cricket,0.99,,,28/09/2026,28/09/2026,23:31:01,ClassifEspSWE-0002026-05-29_1,JOHANKARLSSON,202609290752M9UN6REK,,Citizen Science (ultrasonic) - shared
59~40304+18~07242_20260928_233107.wav,DEV_002_20260928_233107.wav,0,59.40304,18.07242,Leppun,Leptophyes punctatissima,Speckled Bush-cricket,bush-cricket,0.99,,,28/09/2026,28/09/2026,23:31:07,ClassifEspSWE-0002026-05-29_1,JOHANKARLSSON,202609290752M9UN6REK,,Citizen Science (ultrasonic) - shared
59~40304+18~07242_20260928_233113.wav,DEV_002_20260928_233113.wav,0,59.40304,18.07242,Leppun,Leptophyes punctatissima,Speckled Bush-cricket,bush-cricket,0.99,,,28/09/2026,28/09/2026,23:31:13,ClassifEspSWE-0002026-05-29_1,JOHANKARLSSON,202609290752M9UN6REK,,Citizen Science (ultrasonic) - shared
59~40304+18~07242_20260928_233120.wav,DEV_002_20260928_233120.wav,0,59.40304,18.07242,Leppun,Leptophyes punctatissima,Speckled Bush-cricket,bush-cricket,0.99,,,28/09/2026,28/09/2026,23:31:20,ClassifEspSWE-0002026-05-29_1,JOHANKARLSSON,202609290752M9UN6REK,,Citizen Science (ultrasonic) - shared
59~40304+18~07242_20260928_233125.wav,DEV_002_20260928_233125.wav,0,59.40304,18.07242,Leppun,Leptophyes punctatissima,Speckled Bush-cricket,bush-cricket,0.99,,,28/09/2026,28/09/2026,23:31:25,ClassifEspSWE-0002026-05-29_1,JOHANKARLSSON,202609290752M9UN6REK,,Citizen Science (ultrasonic) - shared
59~40304+18~07242_20260928_233131.wav,DEV_002_20260928_233131.wav,0,59.40304,18.07242,Leppun,Leptophyes punctatissima,Speckled Bush-cricket,bush-cricket,0.99,,,28/09/2026,28/09/2026,23:31:31,ClassifEspSWE-0002026-05-29_1,JOHANKARLSSON,202609290752M9UN6REK,,Citizen Science (ultrasonic) - shared
59~40304+18~07242_20260928_233136.wav,DEV_002_20260928_233136.wav,0,59.40304,18.07242,Leppun,Leptophyes punctatissima,Speckled Bush-cricket,bush-cricket,0.99,,,28/09/2026,28/09/2026,23:31:36,ClassifEspSWE-0002026-05-29_1,JOHANKARLSSON,202609290752M9UN6REK,,Citizen Science (ultrasonic) - shared
59~40304+18~07242_20260928_233142.wav,DEV_002_20260928_233142.wav,0,59.40304,18.07242,Leppun,Leptophyes punctatissima,Speckled Bush-cricket,bush-cricket,0.99,,,28/09/2026,28/09/2026,23:31:42,ClassifEspSWE-0002026-05-29_1,JOHANKARLSSON,202609290752M9UN6REK,,Citizen Science (ultrasonic) - shared
59~40304+18~07242_20260928_233148.wav,DEV_002_20260928_233148.wav,0,59.40304,18.07242,Leppun,Leptophyes punctatissima,Speckled Bush-cricket,bush-cricket,0.99,,,28/09/2026,28/09/2026,23:31:48,ClassifEspSWE-0002026-05-29_1,JOHANKARLSSON,202609290752M9UN6REK,,Citizen Science (ultrasonic) - shared
59~40304+18~07242_20260928_233154.wav,DEV_002_20260928_233154.wav,0,59.40304,18.07242,Leppun,Leptophyes punctatissima,Speckled Bush-cricket,bush-cricket,0.99,,,28/09/2026,28/09/2026,23:31:54,ClassifEspSWE-0002026-05-29_1,JOHANKARLSSON,202609290752M9UN6REK,,Citizen Science (ultrasonic) - shared
59~40304+18~07242_20260928_233200.wav,DEV_002_20260928_233200.wav,0,59.40304,18.07242,Leppun,Leptophyes punctatissima,Speckled Bush-cricket,bush-cricket,0.99,,,28/09/2026,28/09/2026,23:32:00,ClassifEspSWE-0002026-05-29_1,JOHANKARLSSON,202609290752M9UN6REK,,Citizen Science (ultrasonic) - shared
59~40304+18~07242_20260928_233206.wav,DEV_002_20260928_233206.wav,0,59.40304,18.07242,Leppun,Leptophyes punctatissima,Speckled Bush-cricket,bush-cricket,0.99,,,28/09/2026,28/09/2026,23:32:06,ClassifEspSWE-0002026-05-29_1,JOHANKARLSSON,202609290752M9UN6REK,,Citizen Science (ultrasonic) - shared
59~40304+18~07242_20260928_233213.wav,DEV_002_20260928_233213.wav,0,59.40304,18.07242,Leppun,Leptophyes punctatissima,Speckled Bush-cricket,bush-cricket,0.99,,,28/09/2026,28/09/2026,23:32:13,ClassifEspSWE-0002026-05-29_1,JOHANKARLSSON,202609290752M9UN6REK,,Citizen Science (ultrasonic) - shared
59~40304+18~07242_20260928_233218.wav,DEV_002_20260928_233218.wav,0,59.40304,18.07242,Leppun,Leptophyes punctatissima,Speckled Bush-cricket,bush-cricket,0.99,,,28/09/2026,28/09/2026,23:32:18,ClassifEspSWE-0002026-05-29_1,JOHANKARLSSON,202609290752M9UN6REK,,Citizen Science (ultrasonic) - shared
59~40304+18~07242_20260928_233225.wav,DEV_002_20260928_233225.wav,0,59.40304,18.07242,Leppun,Leptophyes punctatissima,Speckled Bush-cricket,bush-cricket,0.99,,,28/09/2026,28/09/2026,23:32:25,ClassifEspSWE-0002026-05-29_1,JOHANKARLSSON,202609290752M9UN6REK,,Citizen Science (ultrasonic) - shared
59~40304+18~07242_20260928_233231.wav,DEV_002_20260928_233231.wav,0,59.40304,18.07242,Leppun,Leptophyes punctatissima,Speckled Bush-cricket,bush-cricket,0.99,,,28/09/2026,28/09/2026,23:32:31,ClassifEspSWE-0002026-05-29_1,JOHANKARLSSON,202609290752M9UN6REK,,Citizen Science (ultrasonic) - shared
59~40304+18~07242_20260928_233236.wav,DEV_002_20260928_233236.wav,0,59.40304,18.07242,Leppun,Leptophyes punctatissima,Speckled Bush-cricket,bush-cricket,0.99,,,28/09/2026,28/09/2026,23:32:36,ClassifEspSWE-0002026-05-29_1,JOHANKARLSSON,202609290752M9UN6REK,,Citizen Science (ultrasonic) - shared
59~40304+18~07242_20260928_233241.wav,DEV_002_20260928_233241.wav,0,59.40304,18.07242,Leppun,Leptophyes punctatissima,Speckled Bush-cricket,bush-cricket,0.99,,,28/09/2026,28/09/2026,23:32:41,ClassifEspSWE-0002026-05-29_1,JOHANKARLSSON,202609290752M9UN6REK,,Citizen Science (ultrasonic) - shared
59~40304+18~07242_20260928_233247.wav,DEV_002_20260928_233247.wav,0,59.40304,18.07242,Leppun,Leptophyes punctatissima,Speckled Bush-cricket,bush-cricket,0.99,,,28/09/2026,28/09/2026,23:32:47,ClassifEspSWE-0002026-05-29_1,JOHANKARLSSON,202609290752M9UN6REK,,Citizen Science (ultrasonic) - shared
59~40304+18~07242_20260928_233253.wav,DEV_002_20260928_233253.wav,0,59.40304,18.07242,Leppun,Leptophyes punctatissima,Speckled Bush-cricket,bush-cricket,0.99,,,28/09/2026,28/09/2026,23:32:53,ClassifEspSWE-0002026-05-29_1,JOHANKARLSSON,202609290752M9UN6REK,,Citizen Science (ultrasonic) - shared
59~40304+18~07242_20260928_233259.wav,DEV_002_20260928_233259.wav,0,59.40304,18.07242,Leppun,Leptophyes punctatissima,Speckled Bush-cricket,bush-cricket,0.99,,,28/09/2026,28/09/2026,23:32:59,ClassifEspSWE-0002026-05-29_1,JOHANKARLSSON,202609290752M9UN6REK,,Citizen Science (ultrasonic) - shared
59~40304+18~07242_20260928_233305.wav,DEV_002_20260928_233305.wav,0,59.40304,18.07242,Leppun,Leptophyes punctatissima,Speckled Bush-cricket,bush-cricket,0.99,,,28/09/2026,28/09/2026,23:33:05,ClassifEspSWE-0002026-05-29_1,JOHANKARLSSON,202609290752M9UN6REK,,Citizen Science (ultrasonic) - shared
59~40304+18~07242_20260928_233310.wav,DEV_002_20260928_233310.wav,0,59.40304,18.07242,Leppun,Leptophyes punctatissima,Speckled Bush-cricket,bush-cricket,0.99,,,28/09/2026,28/09/2026,23:33:10,ClassifEspSWE-0002026-05-29_1,JOHANKARLSSON,202609290752M9UN6REK,,Citizen Science (ultrasonic) - shared
59~40304+18~07242_20260928_233315.wav,DEV_002_20260928_233315.wav,0,59.40304,18.07242,Leppun,Leptophyes punctatissima,Speckled Bush-cricket,bush-cricket,0.99,,,28/09/2026,28/09/2026,23:33:15,ClassifEspSWE-0002026-05-29_1,JOHANKARLSSON,202609290752M9UN6REK,,Citizen Science (ultrasonic) - shared
59~40304+18~07242_20260928_233322.wav,DEV_002_20260928_233322.wav,0,59.40304,18.07242,Leppun,Leptophyes punctatissima,Speckled Bush-cricket,bush-cricket,0.99,,,28/09/2026,28/09/2026,23:33:22,ClassifEspSWE-0002026-05-29_1,JOHANKARLSSON,202609290752M9UN6REK,,Citizen Science (ultrasonic) - shared
59~40304+18~07242_20260928_233328.wav,DEV_002_20260928_233328.wav,0,59.40304,18.07242,Leppun,Leptophyes punctatissima,Speckled Bush-cricket,bush-cricket,0.99,,,28/09/2026,28/09/2026,23:33:28,ClassifEspSWE-0002026-05-29_1,JOHANKARLSSON,202609290752M9UN6REK,,Citizen Science (ultrasonic) - shared
59~40304+18~07242_20260928_233333.wav,DEV_002_20260928_233333.wav,0,59.40304,18.07242,Leppun,Leptophyes punctatissima,Speckled Bush-cricket,bush-cricket,0.99,,,28/09/2026,28/09/2026,23:33:33,ClassifEspSWE-0002026-05-29_1,JOHANKARLSSON,202609290752M9UN6REK,,Citizen Science (ultrasonic) - shared
59~40304+18~07242_20260928_233338.wav,DEV_002_20260928_233338.wav,0,59.40304,18.07242,Leppun,Leptophyes punctatissima,Speckled Bush-cricket,bush-cricket,0.99,,,28/09/2026,28/09/2026,23:33:38,ClassifEspSWE-0002026-05-29_1,JOHANKARLSSON,202609290752M9UN6REK,,Citizen Science (ultrasonic) - shared
59~40304+18~07242_20260928_233344.wav,DEV_002_20260928_233344.wav,0,59.40304,18.07242,Leppun,Leptophyes punctatissima,Speckled Bush-cricket,bush-cricket,0.99,,,28/09/2026,28/09/2026,23:33:44,ClassifEspSWE-0002026-05-29_1,JOHANKARLSSON,202609290752M9UN6REK,,Citizen Science (ultrasonic) - shared
59~40304+18~07242_20260928_233350.wav,DEV_002_20260928_233350.wav,0,59.40304,18.07242,Leppun,Leptophyes punctatissima,Speckled Bush-cricket,bush-cricket,0.99,,,28/09/2026,28/09/2026,23:33:50,ClassifEspSWE-0002026-05-29_1,JOHANKARLSSON,202609290752M9UN6REK,,Citizen Science (ultrasonic) - shared
59~40304+18~07242_20260928_233355.wav,DEV_002_20260928_233355.wav,0,59.40304,18.07242,Leppun,Leptophyes punctatissima,Speckled Bush-cricket,bush-cricket,0.99,,,28/09/2026,28/09/2026,23:33:55,ClassifEspSWE-0002026-05-29_1,JOHANKARLSSON,202609290752M9UN6REK,,Citizen Science (ultrasonic) - shared
59~40304+18~07242_20260928_233402.wav,DEV_002_20260928_233402.wav,0,59.40304,18.07242,Leppun,Leptophyes punctatissima,Speckled Bush-cricket,bush-cricket,0.99,,,28/09/2026,28/09/2026,23:34:02,ClassifEspSWE-0002026-05-29_1,JOHANKARLSSON,202609290752M9UN6REK,,Citizen Science (ultrasonic) - shared
59~40304+18~07242_20260928_233407.wav,DEV_002_20260928_233407.wav,0,59.40304,18.07242,Leppun,Leptophyes punctatissima,Speckled Bush-cricket,bush-cricket,0.99,,,28/09/2026,28/09/2026,23:34:07,ClassifEspSWE-0002026-05-29_1,JOHANKARLSSON,202609290752M9UN6REK,,Citizen Science (ultrasonic) - shared
59~40304+18~07242_20260928_233413.wav,DEV_002_20260928_233413.wav,0,59.40304,18.07242,Leppun,Leptophyes punctatissima,Speckled Bush-cricket,bush-cricket,0.99,,,28/09/2026,28/09/2026,23:34:13,ClassifEspSWE-0002026-05-29_1,JOHANKARLSSON,202609290752M9UN6REK,,Citizen Science (ultrasonic) - shared
59~40304+18~07242_20260928_233419.wav,DEV_002_20260928_233419.wav,0,59.40304,18.07242,Leppun,Leptophyes punctatissima,Speckled Bush-cricket,bush-cricket,0.99,,,28/09/2026,28/09/2026,23:34:19,ClassifEspSWE-0002026-05-29_1,JOHANKARLSSON,202609290752M9UN6REK,,Citizen Science (ultrasonic) - shared
59~40304+18~07242_20260928_233424.wav,DEV_002_20260928_233424.wav,0,59.40304,18.07242,Leppun,Leptophyes punctatissima,Speckled Bush-cricket,bush-cricket,0.99,,,28/09/2026,28/09/2026,23:34:24,ClassifEspSWE-0002026-05-29_1,JOHANKARLSSON,202609290752M9UN6REK,,Citizen Science (ultrasonic) - shared
59~40304+18~07242_20260928_233431.wav,DEV_002_20260928_233431.wav,0,59.40304,18.07242,Leppun,Leptophyes punctatissima,Speckled Bush-cricket,bush-cricket,0.99,,,28/09/2026,28/09/2026,23:34:31,ClassifEspSWE-0002026-05-29_1,JOHANKARLSSON,202609290752M9UN6REK,,Citizen Science (ultrasonic) - shared
59~40304+18~07242_20260928_233436.wav,DEV_002_20260928_233436.wav,0,59.40304,18.07242,Leppun,Leptophyes punctatissima,Speckled Bush-cricket,bush-cricket,0.99,,,28/09/2026,28/09/2026,23:34:36,ClassifEspSWE-0002026-05-29_1,JOHANKARLSSON,202609290752M9UN6REK,,Citizen Science (ultrasonic) - shared
59~40304+18~07242_20260928_233442.wav,DEV_002_20260928_233442.wav,0,59.40304,18.07242,Leppun,Leptophyes punctatissima,Speckled Bush-cricket,bush-cricket,0.99,,,28/09/2026,28/09/2026,23:34:42,ClassifEspSWE-0002026-05-29_1,JOHANKARLSSON,202609290752M9UN6REK,,Citizen Science (ultrasonic) - shared
59~40304+18~07242_20260928_233448.wav,DEV_002_20260928_233448.wav,0,59.40304,18.07242,Leppun,Leptophyes punctatissima,Speckled Bush-cricket,bush-cricket,0.99,,,28/09/2026,28/09/2026,23:34:48,ClassifEspSWE-0002026-05-29_1,JOHANKARLSSON,202609290752M9UN6REK,,Citizen Science (ultrasonic) - shared
59~40304+18~07242_20260928_233454.wav,DEV_002_20260928_233454.wav,0,59.40304,18.07242,Leppun,Leptophyes punctatissima,Speckled Bush-cricket,bush-cricket,0.99,,,28/09/2026,28/09/2026,23:34:54,ClassifEspSWE-0002026-05-29_1,JOHANKARLSSON,202609290752M9UN6REK,,Citizen Science (ultrasonic) - shared
59~40304+18~07242_20260928_233500.wav,DEV_002_20260928_233500.wav,0,59.40304,18.07242,Leppun,Leptophyes punctatissima,Speckled Bush-cricket,bush-cricket,0.99,,,28/09/2026,28/09/2026,23:35:00,ClassifEspSWE-0002026-05-29_1,JOHANKARLSSON,202609290752M9UN6REK,,Citizen Science (ultrasonic) - shared
59~40304+18~07242_20260928_233505.wav,DEV_002_20260928_233505.wav,0,59.40304,18.07242,Leppun,Leptophyes punctatissima,Speckled Bush-cricket,bush-cricket,0.99,,,28/09/2026,28/09/2026,23:35:05,ClassifEspSWE-0002026-05-29_1,JOHANKARLSSON,202609290752M9UN6REK,,Citizen Science (ultrasonic) - shared
59~40304+18~07242_20260928_233511.wav,DEV_002_20260928_233511.wav,0,59.40304,18.07242,Leppun,Leptophyes punctatissima,Speckled Bush-cricket,bush-cricket,0.99,,,28/09/2026,28/09/2026,23:35:11,ClassifEspSWE-0002026-05-29_1,JOHANKARLSSON,202609290752M9UN6REK,,Citizen Science (ultrasonic) - shared
59~40304+18~07242_20260928_233517.wav,DEV_002_20260928_233517.wav,0,59.40304,18.07242,Leppun,Leptophyes punctatissima,Speckled Bush-cricket,bush-cricket,0.99,,,28/09/2026,28/09/2026,23:35:17,ClassifEspSWE-0002026-05-29_1,JOHANKARLSSON,202609290752M9UN6REK,,Citizen Science (ultrasonic) - shared
59~40304+18~07242_20260928_233524.wav,DEV_002_20260928_233524.wav,0,59.40304,18.07242,Leppun,Leptophyes punctatissima,Speckled Bush-cricket,bush-cricket,0.99,,,28/09/2026,28/09/2026,23:35:24,ClassifEspSWE-0002026-05-29_1,JOHANKARLSSON,202609290752M9UN6REK,,Citizen Science (ultrasonic) - shared
59~40304+18~07242_20260928_233529.wav,DEV_002_20260928_233529.wav,0,59.40304,18.07242,Leppun,Leptophyes punctatissima,Speckled Bush-cricket,bush-cricket,0.99,,,28/09/2026,28/09/2026,23:35:29,ClassifEspSWE-0002026-05-29_1,JOHANKARLSSON,202609290752M9UN6REK,,Citizen Science (ultrasonic) - shared
59~40304+18~07242_20260928_233535.wav,DEV_002_20260928_233535.wav,0,59.40304,18.07242,Leppun,Leptophyes punctatissima,Speckled Bush-cricket,bush-cricket,0.99,,,28/09/2026,28/09/2026,23:35:35,ClassifEspSWE-0002026-05-29_1,JOHANKARLSSON,202609290752M9UN6REK,,Citizen Science (ultrasonic) - shared
59~40304+18~07242_20260928_233541.wav,DEV_002_20260928_233541.wav,0,59.40304,18.07242,Leppun,Leptophyes punctatissima,Speckled Bush-cricket,bush-cricket,0.99,,,28/09/2026,28/09/2026,23:35:41,ClassifEspSWE-0002026-05-29_1,JOHANKARLSSON,202609290752M9UN6REK,,Citizen Science (ultrasonic) - shared
59~40304+18~07242_20260928_233547.wav,DEV_002_20260928_233547.wav,0,59.40304,18.07242,Leppun,Leptophyes punctatissima,Speckled Bush-cricket,bush-cricket,0.99,,,28/09/2026,28/09/2026,23:35:47,ClassifEspSWE-0002026-05-29_1,JOHANKARLSSON,202609290752M9UN6REK,,Citizen Science (ultrasonic) - shared
59~40304+18~07242_20260928_233552.wav,DEV_002_20260928_233552.wav,0,59.40304,18.07242,Leppun,Leptophyes punctatissima,Speckled Bush-cricket,bush-cricket,0.99,,,28/09/2026,28/09/2026,23:35:52,ClassifEspSWE-0002026-05-29_1,JOHANKARLSSON,202609290752M9UN6REK,,Citizen Science (ultrasonic) - shared
59~40304+18~07242_20260928_233558.wav,DEV_002_20260928_233558.wav,0,59.40304,18.07242,Leppun,Leptophyes punctatissima,Speckled Bush-cricket,bush-cricket,0.99,,,28/09/2026,28/09/2026,23:35:58,ClassifEspSWE-0002026-05-29_1,JOHANKARLSSON,202609290752M9UN6REK,,Citizen Science (ultrasonic) - shared
59~40304+18~07242_20260928_233604.wav,DEV_002_20260928_233604.wav,0,59.40304,18.07242,Leppun,Leptophyes punctatissima,Speckled Bush-cricket,bush-cricket,0.99,,,28/09/2026,28/09/2026,23:36:04,ClassifEspSWE-0002026-05-29_1,JOHANKARLSSON,202609290752M9UN6REK,,Citizen Science (ultrasonic) - shared
59~40304+18~07242_20260928_233609.wav,DEV_002_20260928_233609.wav,0,59.40304,18.07242,Leppun,Leptophyes punctatissima,Speckled Bush-cricket,bush-cricket,0.99,,,28/09/2026,28/09/2026,23:36:09,ClassifEspSWE-0002026-05-29_1,JOHANKARLSSON,202609290752M9UN6REK,,Citizen Science (ultrasonic) - shared
59~40304+18~07242_20260928_233615.wav,DEV_002_20260928_233615.wav,0,59.40304,18.07242,Leppun,Leptophyes punctatissima,Speckled Bush-cricket,bush-cricket,0.99,,,28/09/2026,28/09/2026,23:36:15,ClassifEspSWE-0002026-05-29_1,JOHANKARLSSON,202609290752M9UN6REK,,Citizen Science (ultrasonic) - shared
59~40304+18~07242_20260928_233621.wav,DEV_002_20260928_233621.wav,0,59.40304,18.07242,Leppun,Leptophyes punctatissima,Speckled Bush-cricket,bush-cricket,0.99,,,28/09/2026,28/09/2026,23:36:21,ClassifEspSWE-0002026-05-29_1,JOHANKARLSSON,202609290752M9UN6REK,,Citizen Science (ultrasonic) - shared
59~40304+18~07242_20260928_233626.wav,DEV_002_20260928_233626.wav,0,59.40304,18.07242,Leppun,Leptophyes punctatissima,Speckled Bush-cricket,bush-cricket,0.99,,,28/09/2026,28/09/2026,23:36:26,ClassifEspSWE-0002026-05-29_1,JOHANKARLSSON,202609290752M9UN6REK,,Citizen Science (ultrasonic) - shared
59~40304+18~07242_20260928_233631.wav,DEV_002_20260928_233631.wav,0,59.40304,18.07242,Leppun,Leptophyes punctatissima,Speckled Bush-cricket,bush-cricket,0.99,,,28/09/2026,28/09/2026,23:36:31,ClassifEspSWE-0002026-05-29_1,JOHANKARLSSON,202609290752M9UN6REK,,Citizen Science (ultrasonic) - shared
59~40304+18~07242_20260928_233637.wav,DEV_002_20260928_233637.wav,0,59.40304,18.07242,Leppun,Leptophyes punctatissima,Speckled Bush-cricket,bush-cricket,0.99,,,28/09/2026,28/09/2026,23:36:37,ClassifEspSWE-0002026-05-29_1,JOHANKARLSSON,202609290752M9UN6REK,,Citizen Science (ultrasonic) - shared
59~40304+18~07242_20260928_233642.wav,DEV_002_20260928_233642.wav,0,59.40304,18.07242,Leppun,Leptophyes punctatissima,Speckled Bush-cricket,bush-cricket,0.99,,,28/09/2026,28/09/2026,23:36:42,ClassifEspSWE-0002026-05-29_1,JOHANKARLSSON,202609290752M9UN6REK,,Citizen Science (ultrasonic) - shared
59~40304+18~07242_20260928_233648.wav,DEV_002_20260928_233648.wav,0,59.40304,18.07242,Leppun,Leptophyes punctatissima,Speckled Bush-cricket,bush-cricket,0.99,,,28/09/2026,28/09/2026,23:36:48,ClassifEspSWE-0002026-05-29_1,JOHANKARLSSON,202609290752M9UN6REK,,Citizen Science (ultrasonic) - shared
59~40304+18~07242_20260928_233653.wav,DEV_002_20260928_233653.wav,0,59.40304,18.07242,Leppun,Leptophyes punctatissima,Speckled Bush-cricket,bush-cricket,0.99,,,28/09/2026,28/09/2026,23:36:53,ClassifEspSWE-0002026-05-29_1,JOHANKARLSSON,202609290752M9UN6REK,,Citizen Science (ultrasonic) - shared
59~40304+18~07242_20260928_233659.wav,DEV_002_20260928_233659.wav,0,59.40304,18.07242,Leppun,Leptophyes punctatissima,Speckled Bush-cricket,bush-cricket,0.99,,,28/09/2026,28/09/2026,23:36:59,ClassifEspSWE-0002026-05-29_1,JOHANKARLSSON,202609290752M9UN6REK,,Citizen Science (ultrasonic) - shared
59~40304+18~07242_20260928_233705.wav,DEV_002_20260928_233705.wav,0,59.40304,18.07242,Leppun,Leptophyes punctatissima,Speckled Bush-cricket,bush-cricket,0.99,,,28/09/2026,28/09/2026,23:37:05,ClassifEspSWE-0002026-05-29_1,JOHANKARLSSON,202609290752M9UN6REK,,Citizen Science (ultrasonic) - shared
59~40304+18~07242_20260928_233710.wav,DEV_002_20260928_233710.wav,0,59.40304,18.07242,Leppun,Leptophyes punctatissima,Speckled Bush-cricket,bush-cricket,0.99,,,28/09/2026,28/09/2026,23:37:10,ClassifEspSWE-0002026-05-29_1,JOHANKARLSSON,202609290752M9UN6REK,,Citizen Science (ultrasonic) - shared
59~40304+18~07242_20260928_233716.wav,DEV_002_20260928_233716.wav,0,59.40304,18.07242,Leppun,Leptophyes punctatissima,Speckled Bush-cricket,bush-cricket,0.99,,,28/09/2026,28/09/2026,23:37:16,ClassifEspSWE-0002026-05-29_1,JOHANKARLSSON,202609290752M9UN6REK,,Citizen Science (ultrasonic) - shared
59~40304+18~07242_20260928_233721.wav,DEV_002_20260928_233721.wav,0,59.40304,18.07242,Leppun,Leptophyes punctatissima,Speckled Bush-cricket,bush-cricket,0.99,,,28/09/2026,28/09/2026,23:37:21,ClassifEspSWE-0002026-05-29_1,JOHANKARLSSON,202609290752M9UN6REK,,Citizen Science (ultrasonic) - shared
59~40304+18~07242_20260928_233727.wav,DEV_002_20260928_233727.wav,0,59.40304,18.07242,Leppun,Leptophyes punctatissima,Speckled Bush-cricket,bush-cricket,0.99,,,28/09/2026,28/09/2026,23:37:27,ClassifEspSWE-0002026-05-29_1,JOHANKARLSSON,202609290752M9UN6REK,,Citizen Science (ultrasonic) - shared
59~40304+18~07242_20260928_233732.wav,DEV_002_20260928_233732.wav,0,59.40304,18.07242,Leppun,Leptophyes punctatissima,Speckled Bush-cricket,bush-cricket,0.99,,,28/09/2026,28/09/2026,23:37:32,ClassifEspSWE-0002026-05-29_1,JOHANKARLSSON,202609290752M9UN6REK,,Citizen Science (ultrasonic) - shared
59~40304+18~07242_20260928_233738.wav,DEV_002_20260928_233738.wav,0,59.40304,18.07242,Leppun,Leptophyes punctatissima,Speckled Bush-cricket,bush-cricket,0.99,,,28/09/2026,28/09/2026,23:37:38,ClassifEspSWE-0002026-05-29_1,JOHANKARLSSON,202609290752M9UN6REK,,Citizen Science (ultrasonic) - shared
59~40304+18~07242_20260928_233743.wav,DEV_002_20260928_233743.wav,0,59.40304,18.07242,Leppun,Leptophyes punctatissima,Speckled Bush-cricket,bush-cricket,0.99,,,28/09/2026,28/09/2026,23:37:43,ClassifEspSWE-0002026-05-29_1,JOHANKARLSSON,202609290752M9UN6REK,,Citizen Science (ultrasonic) - shared
59~40304+18~07242_20260928_233749.wav,DEV_002_20260928_233749.wav,0,59.40304,18.07242,Leppun,Leptophyes punctatissima,Speckled Bush-cricket,bush-cricket,0.99,,,28/09/2026,28/09/2026,23:37:49,ClassifEspSWE-0002026-05-29_1,JOHANKARLSSON,202609290752M9UN6REK,,Citizen Science (ultrasonic) - shared
59~40304+18~07242_20260928_233755.wav,DEV_002_20260928_233755.wav,0,59.40304,18.07242,Leppun,Leptophyes punctatissima,Speckled Bush-cricket,bush-cricket,0.99,,,28/09/2026,28/09/2026,23:37:55,ClassifEspSWE-0002026-05-29_1,JOHANKARLSSON,202609290752M9UN6REK,,Citizen Science (ultrasonic) - shared
59~40304+18~07242_20260928_233801.wav,DEV_002_20260928_233801.wav,0,59.40304,18.07242,Leppun,Leptophyes punctatissima,Speckled Bush-cricket,bush-cricket,0.99,,,28/09/2026,28/09/2026,23:38:01,ClassifEspSWE-0002026-05-29_1,JOHANKARLSSON,202609290752M9UN6REK,,Citizen Science (ultrasonic) - shared
59~40304+18~07242_20260928_233806.wav,DEV_002_20260928_233806.wav,0,59.40304,18.07242,Leppun,Leptophyes punctatissima,Speckled Bush-cricket,bush-cricket,0.99,,,28/09/2026,28/09/2026,23:38:06,ClassifEspSWE-0002026-05-29_1,JOHANKARLSSON,202609290752M9UN6REK,,Citizen Science (ultrasonic) - shared
59~40304+18~07242_20260928_233812.wav,DEV_002_20260928_233812.wav,0,59.40304,18.07242,Leppun,Leptophyes punctatissima,Speckled Bush-cricket,bush-cricket,0.99,,,28/09/2026,28/09/2026,23:38:12,ClassifEspSWE-0002026-05-29_1,JOHANKARLSSON,202609290752M9UN6REK,,Citizen Science (ultrasonic) - shared
59~40304+18~07242_20260928_233817.wav,DEV_002_20260928_233817.wav,0,59.40304,18.07242,Leppun,Leptophyes punctatissima,Speckled Bush-cricket,bush-cricket,0.99,,,28/09/2026,28/09/2026,23:38:17,ClassifEspSWE-0002026-05-29_1,JOHANKARLSSON,202609290752M9UN6REK,,Citizen Science (ultrasonic) - shared
59~40304+18~07242_20260928_233823.wav,DEV_002_20260928_233823.wav,0,59.40304,18.07242,Leppun,Leptophyes punctatissima,Speckled Bush-cricket,bush-cricket,0.99,,,28/09/2026,28/09/2026,23:38:23,ClassifEspSWE-0002026-05-29_1,JOHANKARLSSON,202609290752M9UN6REK,,Citizen Science (ultrasonic) - shared
59~40304+18~07242_20260928_233828.wav,DEV_002_20260928_233828.wav,0,59.40304,18.07242,Leppun,Leptophyes punctatissima,Speckled Bush-cricket,bush-cricket,0.99,,,28/09/2026,28/09/2026,23:38:28,ClassifEspSWE-0002026-05-29_1,JOHANKARLSSON,202609290752M9UN6REK,,Citizen Science (ultrasonic) - shared
59~40304+18~07242_20260928_233834.wav,DEV_002_20260928_233834.wav,0,59.40304,18.07242,Leppun,Leptophyes punctatissima,Speckled Bush-cricket,bush-cricket,0.99,,,28/09/2026,28/09/2026,23:38:34,ClassifEspSWE-0002026-05-29_1,JOHANKARLSSON,202609290752M9UN6REK,,Citizen Science (ultrasonic) - shared
59~40304+18~07242_20260928_233840.wav,DEV_002_20260928_233840.wav,0,59.40304,18.07242,Leppun,Leptophyes punctatissima,Speckled Bush-cricket,bush-cricket,0.99,,,28/09/2026,28/09/2026,23:38:40,ClassifEspSWE-0002026-05-29_1,JOHANKARLSSON,202609290752M9UN6REK,,Citizen Science (ultrasonic) - shared
59~40304+18~07242_20260928_233845.wav,DEV_002_20260928_233845.wav,0,59.40304,18.07242,Leppun,Leptophyes punctatissima,Speckled Bush-cricket,bush-cricket,0.99,,,28/09/2026,28/09/2026,23:38:45,ClassifEspSWE-0002026-05-29_1,JOHANKARLSSON,202609290752M9UN6REK,,Citizen Science (ultrasonic) - shared
59~40304+18~07242_20260928_233851.wav,DEV_002_20260928_233851.wav,0,59.40304,18.07242,Leppun,Leptophyes punctatissima,Speckled Bush-cricket,bush-cricket,0.99,,,28/09/2026,28/09/2026,23:38:51,ClassifEspSWE-0002026-05-29_1,JOHANKARLSSON,202609290752M9UN6REK,,Citizen Science (ultrasonic) - shared
59~40304+18~07242_20260928_233856.wav,DEV_002_20260928_233856.wav,0,59.40304,18.07242,Leppun,Leptophyes punctatissima,Speckled Bush-cricket,bush-cricket,0.99,,,28/09/2026,28/09/2026,23:38:56,ClassifEspSWE-0002026-05-29_1,JOHANKARLSSON,202609290752M9UN6REK,,Citizen Science (ultrasonic) - shared
59~40304+18~07242_20260928_233901.wav,DEV_002_20260928_233901.wav,0,59.40304,18.07242,Leppun,Leptophyes punctatissima,Speckled Bush-cricket,bush-cricket,0.99,,,28/09/2026,28/09/2026,23:39:01,ClassifEspSWE-0002026-05-29_1,JOHANKARLSSON,202609290752M9UN6REK,,Citizen Science (ultrasonic) - shared
59~40304+18~07242_20260928_233907.wav,DEV_002_20260928_233907.wav,0,59.40304,18.07242,Leppun,Leptophyes punctatissima,Speckled Bush-cricket,bush-cricket,0.99,,,28/09/2026,28/09/2026,23:39:07,ClassifEspSWE-0002026-05-29_1,JOHANKARLSSON,202609290752M9UN6REK,,Citizen Science (ultrasonic) - shared
59~40304+18~07242_20260928_233913.wav,DEV_002_20260928_233913.wav,0,59.40304,18.07242,Leppun,Leptophyes punctatissima,Speckled Bush-cricket,bush-cricket,0.99,,,28/09/2026,28/09/2026,23:39:13,ClassifEspSWE-0002026-05-29_1,JOHANKARLSSON,202609290752M9UN6REK,,Citizen Science (ultrasonic) - shared
59~40304+18~07242_20260928_233919.wav,DEV_002_20260928_233919.wav,0,59.40304,18.07242,Leppun,Leptophyes punctatissima,Speckled Bush-cricket,bush-cricket,0.99,,,28/09/2026,28/09/2026,23:39:19,ClassifEspSWE-0002026-05-29_1,JOHANKARLSSON,202609290752M9UN6REK,,Citizen Science (ultrasonic) - shared
59~40304+18~07242_20260928_233924.wav,DEV_002_20260928_233924.wav,0,59.40304,18.07242,Leppun,Leptophyes punctatissima,Speckled Bush-cricket,bush-cricket,0.99,,,28/09/2026,28/09/2026,23:39:24,ClassifEspSWE-0002026-05-29_1,JOHANKARLSSON,202609290752M9UN6REK,,Citizen Science (ultrasonic) - shared
59~40304+18~07242_20260928_233929.wav,DEV_002_20260928_233929.wav,0,59.40304,18.07242,Leppun,Leptophyes punctatissima,Speckled Bush-cricket,bush-cricket,0.99,,,28/09/2026,28/09/2026,23:39:29,ClassifEspSWE-0002026-05-29_1,JOHANKARLSSON,202609290752M9UN6REK,,Citizen Science (ultrasonic) - shared
59~40304+18~07242_20260928_233935.wav,DEV_002_20260928_233935.wav,0,59.40304,18.07242,Leppun,Leptophyes punctatissima,Speckled Bush-cricket,bush-cricket,0.99,,,28/09/2026,28/09/2026,23:39:35,ClassifEspSWE-0002026-05-29_1,JOHANKARLSSON,202609290752M9UN6REK,,Citizen Science (ultrasonic) - shared
59~40304+18~07242_20260928_233941.wav,DEV_002_20260928_233941.wav,0,59.40304,18.07242,Leppun,Leptophyes punctatissima,Speckled Bush-cricket,bush-cricket,0.99,,,28/09/2026,28/09/2026,23:39:41,ClassifEspSWE-0002026-05-29_1,JOHANKARLSSON,202609290752M9UN6REK,,Citizen Science (ultrasonic) - shared
59~40304+18~07242_20260928_233946.wav,DEV_002_20260928_233946.wav,0,59.40304,18.07242,Leppun,Leptophyes punctatissima,Speckled Bush-cricket,bush-cricket,0.99,,,28/09/2026,28/09/2026,23:39:46,ClassifEspSWE-0002026-05-29_1,JOHANKARLSSON,202609290752M9UN6REK,,Citizen Science (ultrasonic) - shared
59~40304+18~07242_20260928_233951.wav,DEV_002_20260928_233951.wav,0,59.40304,18.07242,Leppun,Leptophyes punctatissima,Speckled Bush-cricket,bush-cricket,0.99,,,28/09/2026,28/09/2026,23:39:51,ClassifEspSWE-0002026-05-29_1,JOHANKARLSSON,202609290752M9UN6REK,,Citizen Science (ultrasonic) - shared
59~40304+18~07242_20260928_233957.wav,DEV_002_20260928_233957.wav,0,59.40304,18.07242,Leppun,Leptophyes punctatissima,Speckled Bush-cricket,bush-cricket,0.99,,,28/09/2026,28/09/2026,23:39:57,ClassifEspSWE-0002026-05-29_1,JOHANKARLSSON,202609290752M9UN6REK,,Citizen Science (ultrasonic) - shared
59~40304+18~07242_20260928_234002.wav,DEV_002_20260928_234002.wav,0,59.40304,18.07242,Leppun,Leptophyes punctatissima,Speckled Bush-cricket,bush-cricket,0.99,,,28/09/2026,28/09/2026,23:40:02,ClassifEspSWE-0002026-05-29_1,JOHANKARLSSON,202609290752M9UN6REK,,Citizen Science (ultrasonic) - shared
59~40304+18~07242_20260928_234007.wav,DEV_002_20260928_234007.wav,0,59.40304,18.07242,Leppun,Leptophyes punctatissima,Speckled Bush-cricket,bush-cricket,0.99,,,28/09/2026,28/09/2026,23:40:07,ClassifEspSWE-0002026-05-29_1,JOHANKARLSSON,202609290752M9UN6REK,,Citizen Science (ultrasonic) - shared
59~40304+18~07242_20260928_234013.wav,DEV_002_20260928_234013.wav,0,59.40304,18.07242,Leppun,Leptophyes punctatissima,Speckled Bush-cricket,bush-cricket,0.99,,,28/09/2026,28/09/2026,23:40:13,ClassifEspSWE-0002026-05-29_1,JOHANKARLSSON,202609290752M9UN6REK,,Citizen Science (ultrasonic) - shared
59~40304+18~07242_20260928_234019.wav,DEV_002_20260928_234019.wav,0,59.40304,18.07242,Leppun,Leptophyes punctatissima,Speckled Bush-cricket,bush-cricket,0.99,,,28/09/2026,28/09/2026,23:40:19,ClassifEspSWE-0002026-05-29_1,JOHANKARLSSON,202609290752M9UN6REK,,Citizen Science (ultrasonic) - shared
59~40304+18~07242_20260928_234024.wav,DEV_002_20260928_234024.wav,0,59.40304,18.07242,Leppun,Leptophyes punctatissima,Speckled Bush-cricket,bush-cricket,0.99,,,28/09/2026,28/09/2026,23:40:24,ClassifEspSWE-0002026-05-29_1,JOHANKARLSSON,202609290752M9UN6REK,,Citizen Science (ultrasonic) - shared
59~40304+18~07242_20260928_234030.wav,DEV_002_20260928_234030.wav,0,59.40304,18.07242,Leppun,Leptophyes punctatissima,Speckled Bush-cricket,bush-cricket,0.99,,,28/09/2026,28/09/2026,23:40:30,ClassifEspSWE-0002026-05-29_1,JOHANKARLSSON,202609290752M9UN6REK,,Citizen Science (ultrasonic) - shared
59~40304+18~07242_20260928_234036.wav,DEV_002_20260928_234036.wav,0,59.40304,18.07242,Leppun,Leptophyes punctatissima,Speckled Bush-cricket,bush-cricket,0.99,,,28/09/2026,28/09/2026,23:40:36,ClassifEspSWE-0002026-05-29_1,JOHANKARLSSON,202609290752M9UN6REK,,Citizen Science (ultrasonic) - shared
59~40304+18~07242_20260928_234041.wav,DEV_002_20260928_234041.wav,0,59.40304,18.07242,Leppun,Leptophyes punctatissima,Speckled Bush-cricket,bush-cricket,0.99,,,28/09/2026,28/09/2026,23:40:41,ClassifEspSWE-0002026-05-29_1,JOHANKARLSSON,202609290752M9UN6REK,,Citizen Science (ultrasonic) - shared
59~40304+18~07242_20260928_234048.wav,DEV_002_20260928_234048.wav,0,59.40304,18.07242,Leppun,Leptophyes punctatissima,Speckled Bush-cricket,bush-cricket,0.99,,,28/09/2026,28/09/2026,23:40:48,ClassifEspSWE-0002026-05-29_1,JOHANKARLSSON,202609290752M9UN6REK,,Citizen Science (ultrasonic) - shared
59~40304+18~07242_20260928_234053.wav,DEV_002_20260928_234053.wav,0,59.40304,18.07242,Leppun,Leptophyes punctatissima,Speckled Bush-cricket,bush-cricket,0.99,,,28/09/2026,28/09/2026,23:40:53,ClassifEspSWE-0002026-05-29_1,JOHANKARLSSON,202609290752M9UN6REK,,Citizen Science (ultrasonic) - shared
59~40304+18~07242_20260928_234059.wav,DEV_002_20260928_234059.wav,0,59.40304,18.07242,Leppun,Leptophyes punctatissima,Speckled Bush-cricket,bush-cricket,0.99,,,28/09/2026,28/09/2026,23:40:59,ClassifEspSWE-0002026-05-29_1,JOHANKARLSSON,202609290752M9UN6REK,,Citizen Science (ultrasonic) - shared
59~40304+18~07242_20260928_234104.wav,DEV_002_20260928_234104.wav,0,59.40304,18.07242,Leppun,Leptophyes punctatissima,Speckled Bush-cricket,bush-cricket,0.99,,,28/09/2026,28/09/2026,23:41:04,ClassifEspSWE-0002026-05-29_1,JOHANKARLSSON,202609290752M9UN6REK,,Citizen Science (ultrasonic) - shared
59~40304+18~07242_20260928_234109.wav,DEV_002_20260928_234109.wav,0,59.40304,18.07242,Leppun,Leptophyes punctatissima,Speckled Bush-cricket,bush-cricket,0.99,,,28/09/2026,28/09/2026,23:41:09,ClassifEspSWE-0002026-05-29_1,JOHANKARLSSON,202609290752M9UN6REK,,Citizen Science (ultrasonic) - shared
59~40304+18~07242_20260928_234115.wav,DEV_002_20260928_234115.wav,0,59.40304,18.07242,Leppun,Leptophyes punctatissima,Speckled Bush-cricket,bush-cricket,0.99,,,28/09/2026,28/09/2026,23:41:15,ClassifEspSWE-0002026-05-29_1,JOHANKARLSSON,202609290752M9UN6REK,,Citizen Science (ultrasonic) - shared
59~40304+18~07242_20260928_234120.wav,DEV_002_20260928_234120.wav,0,59.40304,18.07242,Leppun,Leptophyes punctatissima,Speckled Bush-cricket,bush-cricket,0.99,,,28/09/2026,28/09/2026,23:41:20,ClassifEspSWE-0002026-05-29_1,JOHANKARLSSON,202609290752M9UN6REK,,Citizen Science (ultrasonic) - shared
59~40304+18~07242_20260928_234126.wav,DEV_002_20260928_234126.wav,0,59.40304,18.07242,Leppun,Leptophyes punctatissima,Speckled Bush-cricket,bush-cricket,0.99,,,28/09/2026,28/09/2026,23:41:26,ClassifEspSWE-0002026-05-29_1,JOHANKARLSSON,202609290752M9UN6REK,,Citizen Science (ultrasonic) - shared
59~40304+18~07242_20260928_234132.wav,DEV_002_20260928_234132.wav,0,59.40304,18.07242,Leppun,Leptophyes punctatissima,Speckled Bush-cricket,bush-cricket,0.99,,,28/09/2026,28/09/2026,23:41:32,ClassifEspSWE-0002026-05-29_1,JOHANKARLSSON,202609290752M9UN6REK,,Citizen Science (ultrasonic) - shared
59~40304+18~07242_20260928_234137.wav,DEV_002_20260928_234137.wav,0,59.40304,18.07242,Leppun,Leptophyes punctatissima,Speckled Bush-cricket,bush-cricket,0.99,,,28/09/2026,28/09/2026,23:41:37,ClassifEspSWE-0002026-05-29_1,JOHANKARLSSON,202609290752M9UN6REK,,Citizen Science (ultrasonic) - shared
59~40304+18~07242_20260928_234142.wav,DEV_002_20260928_234142.wav,0,59.40304,18.07242,Leppun,Leptophyes punctatissima,Speckled Bush-cricket,bush-cricket,0.99,,,28/09/2026,28/09/2026,23:41:42,ClassifEspSWE-0002026-05-29_1,JOHANKARLSSON,202609290752M9UN6REK,,Citizen Science (ultrasonic) - shared
59~40304+18~07242_20260928_234148.wav,DEV_002_20260928_234148.wav,0,59.40304,18.07242,Leppun,Leptophyes punctatissima,Speckled Bush-cricket,bush-cricket,0.99,,,28/09/2026,28/09/2026,23:41:48,ClassifEspSWE-0002026-05-29_1,JOHANKARLSSON,202609290752M9UN6REK,,Citizen Science (ultrasonic) - shared
59~40304+18~07242_20260928_234153.wav,DEV_002_20260928_234153.wav,0,59.40304,18.07242,Leppun,Leptophyes punctatissima,Speckled Bush-cricket,bush-cricket,0.99,,,28/09/2026,28/09/2026,23:41:53,ClassifEspSWE-0002026-05-29_1,JOHANKARLSSON,202609290752M9UN6REK,,Citizen Science (ultrasonic) - shared
59~40304+18~07242_20260928_234200.wav,DEV_002_20260928_234200.wav,0,59.40304,18.07242,Leppun,Leptophyes punctatissima,Speckled Bush-cricket,bush-cricket,0.99,,,28/09/2026,28/09/2026,23:42:00,ClassifEspSWE-0002026-05-29_1,JOHANKARLSSON,202609290752M9UN6REK,,Citizen Science (ultrasonic) - shared
59~40304+18~07242_20260928_234205.wav,DEV_002_20260928_234205.wav,0,59.40304,18.07242,Leppun,Leptophyes punctatissima,Speckled Bush-cricket,bush-cricket,0.99,,,28/09/2026,28/09/2026,23:42:05,ClassifEspSWE-0002026-05-29_1,JOHANKARLSSON,202609290752M9UN6REK,,Citizen Science (ultrasonic) - shared
59~40304+18~07242_20260928_234211.wav,DEV_002_20260928_234211.wav,0,59.40304,18.07242,Leppun,Leptophyes punctatissima,Speckled Bush-cricket,bush-cricket,0.99,,,28/09/2026,28/09/2026,23:42:11,ClassifEspSWE-0002026-05-29_1,JOHANKARLSSON,202609290752M9UN6REK,,Citizen Science (ultrasonic) - shared
59~40304+18~07242_20260928_234217.wav,DEV_002_20260928_234217.wav,0,59.40304,18.07242,Leppun,Leptophyes punctatissima,Speckled Bush-cricket,bush-cricket,0.99,,,28/09/2026,28/09/2026,23:42:17,ClassifEspSWE-0002026-05-29_1,JOHANKARLSSON,202609290752M9UN6REK,,Citizen Science (ultrasonic) - shared
59~40304+18~07242_20260928_234222.wav,DEV_002_20260928_234222.wav,0,59.40304,18.07242,Leppun,Leptophyes punctatissima,Speckled Bush-cricket,bush-cricket,0.99,,,28/09/2026,28/09/2026,23:42:22,ClassifEspSWE-0002026-05-29_1,JOHANKARLSSON,202609290752M9UN6REK,,Citizen Science (ultrasonic) - shared
59~40304+18~07242_20260928_234227.wav,DEV_002_20260928_234227.wav,0,59.40304,18.07242,Leppun,Leptophyes punctatissima,Speckled Bush-cricket,bush-cricket,0.99,,,28/09/2026,28/09/2026,23:42:27,ClassifEspSWE-0002026-05-29_1,JOHANKARLSSON,202609290752M9UN6REK,,Citizen Science (ultrasonic) - shared
59~40304+18~07242_20260928_234233.wav,DEV_002_20260928_234233.wav,0,59.40304,18.07242,Leppun,Leptophyes punctatissima,Speckled Bush-cricket,bush-cricket,0.99,,,28/09/2026,28/09/2026,23:42:33,ClassifEspSWE-0002026-05-29_1,JOHANKARLSSON,202609290752M9UN6REK,,Citizen Science (ultrasonic) - shared
59~40304+18~07242_20260928_234240.wav,DEV_002_20260928_234240.wav,0,59.40304,18.07242,Leppun,Leptophyes punctatissima,Speckled Bush-cricket,bush-cricket,0.99,,,28/09/2026,28/09/2026,23:42:40,ClassifEspSWE-0002026-05-29_1,JOHANKARLSSON,202609290752M9UN6REK,,Citizen Science (ultrasonic) - shared
59~40304+18~07242_20260928_234245.wav,DEV_002_20260928_234245.wav,0,59.40304,18.07242,Leppun,Leptophyes punctatissima,Speckled Bush-cricket,bush-cricket,0.99,,,28/09/2026,28/09/2026,23:42:45,ClassifEspSWE-0002026-05-29_1,JOHANKARLSSON,202609290752M9UN6REK,,Citizen Science (ultrasonic) - shared
59~40304+18~07242_20260928_234251.wav,DEV_002_20260928_234251.wav,0,59.40304,18.07242,Leppun,Leptophyes punctatissima,Speckled Bush-cricket,bush-cricket,0.99,,,28/09/2026,28/09/2026,23:42:51,ClassifEspSWE-0002026-05-29_1,JOHANKARLSSON,202609290752M9UN6REK,,Citizen Science (ultrasonic) - shared
59~40304+18~07242_20260928_234256.wav,DEV_002_20260928_234256.wav,0,59.40304,18.07242,Leppun,Leptophyes punctatissima,Speckled Bush-cricket,bush-cricket,0.99,,,28/09/2026,28/09/2026,23:42:56,ClassifEspSWE-0002026-05-29_1,JOHANKARLSSON,202609290752M9UN6REK,,Citizen Science (ultrasonic) - shared
59~40304+18~07242_20260928_234301.wav,DEV_002_20260928_234301.wav,0,59.40304,18.07242,Leppun,Leptophyes punctatissima,Speckled Bush-cricket,bush-cricket,0.99,,,28/09/2026,28/09/2026,23:43:01,ClassifEspSWE-0002026-05-29_1,JOHANKARLSSON,202609290752M9UN6REK,,Citizen Science (ultrasonic) - shared
59~40304+18~07242_20260928_234307.wav,DEV_002_20260928_234307.wav,0,59.40304,18.07242,Leppun,Leptophyes punctatissima,Speckled Bush-cricket,bush-cricket,0.99,,,28/09/2026,28/09/2026,23:43:07,ClassifEspSWE-0002026-05-29_1,JOHANKARLSSON,202609290752M9UN6REK,,Citizen Science (ultrasonic) - shared
59~40304+18~07242_20260928_234313.wav,DEV_002_20260928_234313.wav,0,59.40304,18.07242,Leppun,Leptophyes punctatissima,Speckled Bush-cricket,bush-cricket,0.99,,,28/09/2026,28/09/2026,23:43:13,ClassifEspSWE-0002026-05-29_1,JOHANKARLSSON,202609290752M9UN6REK,,Citizen Science (ultrasonic) - shared
59~40304+18~07242_20260928_234319.wav,DEV_002_20260928_234319.wav,0,59.40304,18.07242,Leppun,Leptophyes punctatissima,Speckled Bush-cricket,bush-cricket,0.99,,,28/09/2026,28/09/2026,23:43:19,ClassifEspSWE-0002026-05-29_1,JOHANKARLSSON,202609290752M9UN6REK,,Citizen Science (ultrasonic) - shared
59~40304+18~07242_20260928_234325.wav,DEV_002_20260928_234325.wav,0,59.40304,18.07242,Leppun,Leptophyes punctatissima,Speckled Bush-cricket,bush-cricket,0.99,,,28/09/2026,28/09/2026,23:43:25,ClassifEspSWE-0002026-05-29_1,JOHANKARLSSON,202609290752M9UN6REK,,Citizen Science (ultrasonic) - shared
59~40304+18~07242_20260928_234330.wav,DEV_002_20260928_234330.wav,0,59.40304,18.07242,Leppun,Leptophyes punctatissima,Speckled Bush-cricket,bush-cricket,0.99,,,28/09/2026,28/09/2026,23:43:30,ClassifEspSWE-0002026-05-29_1,JOHANKARLSSON,202609290752M9UN6REK,,Citizen Science (ultrasonic) - shared
59~40304+18~07242_20260928_234336.wav,DEV_002_20260928_234336.wav,0,59.40304,18.07242,Leppun,Leptophyes punctatissima,Speckled Bush-cricket,bush-cricket,0.99,,,28/09/2026,28/09/2026,23:43:36,ClassifEspSWE-0002026-05-29_1,JOHANKARLSSON,202609290752M9UN6REK,,Citizen Science (ultrasonic) - shared
59~40304+18~07242_20260928_234341.wav,DEV_002_20260928_234341.wav,0,59.40304,18.07242,Leppun,Leptophyes punctatissima,Speckled Bush-cricket,bush-cricket,0.99,,,28/09/2026,28/09/2026,23:43:41,ClassifEspSWE-0002026-05-29_1,JOHANKARLSSON,202609290752M9UN6REK,,Citizen Science (ultrasonic) - shared
59~40304+18~07242_20260928_234346.wav,DEV_002_20260928_234346.wav,0,59.40304,18.07242,Leppun,Leptophyes punctatissima,Speckled Bush-cricket,bush-cricket,0.99,,,28/09/2026,28/09/2026,23:43:46,ClassifEspSWE-0002026-05-29_1,JOHANKARLSSON,202609290752M9UN6REK,,Citizen Science (ultrasonic) - shared
59~40304+18~07242_20260928_234352.wav,DEV_002_20260928_234352.wav,0,59.40304,18.07242,Leppun,Leptophyes punctatissima,Speckled Bush-cricket,bush-cricket,0.99,,,28/09/2026,28/09/2026,23:43:52,ClassifEspSWE-0002026-05-29_1,JOHANKARLSSON,202609290752M9UN6REK,,Citizen Science (ultrasonic) - shared
59~40304+18~07242_20260928_234357.wav,DEV_002_20260928_234357.wav,0,59.40304,18.07242,Leppun,Leptophyes punctatissima,Speckled Bush-cricket,bush-cricket,0.99,,,28/09/2026,28/09/2026,23:43:57,ClassifEspSWE-0002026-05-29_1,JOHANKARLSSON,202609290752M9UN6REK,,Citizen Science (ultrasonic) - shared
59~40304+18~07242_20260928_234403.wav,DEV_002_20260928_234403.wav,0,59.40304,18.07242,Leppun,Leptophyes punctatissima,Speckled Bush-cricket,bush-cricket,0.99,,,28/09/2026,28/09/2026,23:44:03,ClassifEspSWE-0002026-05-29_1,JOHANKARLSSON,202609290752M9UN6REK,,Citizen Science (ultrasonic) - shared
59~40304+18~07242_20260928_234408.wav,DEV_002_20260928_234408.wav,0,59.40304,18.07242,Leppun,Leptophyes punctatissima,Speckled Bush-cricket,bush-cricket,0.99,,,28/09/2026,28/09/2026,23:44:08,ClassifEspSWE-0002026-05-29_1,JOHANKARLSSON,202609290752M9UN6REK,,Citizen Science (ultrasonic) - shared
59~40304+18~07242_20260928_234414.wav,DEV_002_20260928_234414.wav,0,59.40304,18.07242,Leppun,Leptophyes punctatissima,Speckled Bush-cricket,bush-cricket,0.99,,,28/09/2026,28/09/2026,23:44:14,ClassifEspSWE-0002026-05-29_1,JOHANKARLSSON,202609290752M9UN6REK,,Citizen Science (ultrasonic) - shared
59~40304+18~07242_20260928_234420.wav,DEV_002_20260928_234420.wav,0,59.40304,18.07242,Leppun,Leptophyes punctatissima,Speckled Bush-cricket,bush-cricket,0.99,,,28/09/2026,28/09/2026,23:44:20,ClassifEspSWE-0002026-05-29_1,JOHANKARLSSON,202609290752M9UN6REK,,Citizen Science (ultrasonic) - shared
59~40304+18~07242_20260928_234425.wav,DEV_002_20260928_234425.wav,0,59.40304,18.07242,Leppun,Leptophyes punctatissima,Speckled Bush-cricket,bush-cricket,0.99,,,28/09/2026,28/09/2026,23:44:25,ClassifEspSWE-0002026-05-29_1,JOHANKARLSSON,202609290752M9UN6REK,,Citizen Science (ultrasonic) - shared
59~40304+18~07242_20260928_234431.wav,DEV_002_20260928_234431.wav,0,59.40304,18.07242,Leppun,Leptophyes punctatissima,Speckled Bush-cricket,bush-cricket,0.99,,,28/09/2026,28/09/2026,23:44:31,ClassifEspSWE-0002026-05-29_1,JOHANKARLSSON,202609290752M9UN6REK,,Citizen Science (ultrasonic) - shared
59~40304+18~07242_20260928_234436.wav,DEV_002_20260928_234436.wav,0,59.40304,18.07242,Leppun,Leptophyes punctatissima,Speckled Bush-cricket,bush-cricket,0.99,,,28/09/2026,28/09/2026,23:44:36,ClassifEspSWE-0002026-05-29_1,JOHANKARLSSON,202609290752M9UN6REK,,Citizen Science (ultrasonic) - shared
59~40304+18~07242_20260928_234442.wav,DEV_002_20260928_234442.wav,0,59.40304,18.07242,Leppun,Leptophyes punctatissima,Speckled Bush-cricket,bush-cricket,0.99,,,28/09/2026,28/09/2026,23:44:42,ClassifEspSWE-0002026-05-29_1,JOHANKARLSSON,202609290752M9UN6REK,,Citizen Science (ultrasonic) - shared
59~40304+18~07242_20260928_234447.wav,DEV_002_20260928_234447.wav,0,59.40304,18.07242,Leppun,Leptophyes punctatissima,Speckled Bush-cricket,bush-cricket,0.99,,,28/09/2026,28/09/2026,23:44:47,ClassifEspSWE-0002026-05-29_1,JOHANKARLSSON,202609290752M9UN6REK,,Citizen Science (ultrasonic) - shared
59~40304+18~07242_20260928_234453.wav,DEV_002_20260928_234453.wav,0,59.40304,18.07242,Leppun,Leptophyes punctatissima,Speckled Bush-cricket,bush-cricket,0.99,,,28/09/2026,28/09/2026,23:44:53,ClassifEspSWE-0002026-05-29_1,JOHANKARLSSON,202609290752M9UN6REK,,Citizen Science (ultrasonic) - shared
59~40304+18~07242_20260928_234458.wav,DEV_002_20260928_234458.wav,0,59.40304,18.07242,Leppun,Leptophyes punctatissima,Speckled Bush-cricket,bush-cricket,0.99,,,28/09/2026,28/09/2026,23:44:58,ClassifEspSWE-0002026-05-29_1,JOHANKARLSSON,202609290752M9UN6REK,,Citizen Science (ultrasonic) - shared
59~40304+18~07242_20260928_234504.wav,DEV_002_20260928_234504.wav,0,59.40304,18.07242,Leppun,Leptophyes punctatissima,Speckled Bush-cricket,bush-cricket,0.99,,,28/09/2026,28/09/2026,23:45:04,ClassifEspSWE-0002026-05-29_1,JOHANKARLSSON,202609290752M9UN6REK,,Citizen Science (ultrasonic) - shared
59~40304+18~07242_20260928_234509.wav,DEV_002_20260928_234509.wav,0,59.40304,18.07242,Leppun,Leptophyes punctatissima,Speckled Bush-cricket,bush-cricket,0.99,,,28/09/2026,28/09/2026,23:45:09,ClassifEspSWE-0002026-05-29_1,JOHANKARLSSON,202609290752M9UN6REK,,Citizen Science (ultrasonic) - shared
59~40304+18~07242_20260928_234514.wav,DEV_002_20260928_234514.wav,0,59.40304,18.07242,Leppun,Leptophyes punctatissima,Speckled Bush-cricket,bush-cricket,0.99,,,28/09/2026,28/09/2026,23:45:14,ClassifEspSWE-0002026-05-29_1,JOHANKARLSSON,202609290752M9UN6REK,,Citizen Science (ultrasonic) - shared
59~40304+18~07242_20260928_234520.wav,DEV_002_20260928_234520.wav,0,59.40304,18.07242,Leppun,Leptophyes punctatissima,Speckled Bush-cricket,bush-cricket,0.99,,,28/09/2026,28/09/2026,23:45:20,ClassifEspSWE-0002026-05-29_1,JOHANKARLSSON,202609290752M9UN6REK,,Citizen Science (ultrasonic) - shared
59~40304+18~07242_20260928_234525.wav,DEV_002_20260928_234525.wav,0,59.40304,18.07242,Leppun,Leptophyes punctatissima,Speckled Bush-cricket,bush-cricket,0.99,,,28/09/2026,28/09/2026,23:45:25,ClassifEspSWE-0002026-05-29_1,JOHANKARLSSON,202609290752M9UN6REK,,Citizen Science (ultrasonic) - shared
59~40304+18~07242_20260928_234531.wav,DEV_002_20260928_234531.wav,0,59.40304,18.07242,Leppun,Leptophyes punctatissima,Speckled Bush-cricket,bush-cricket,0.99,,,28/09/2026,28/09/2026,23:45:31,ClassifEspSWE-0002026-05-29_1,JOHANKARLSSON,202609290752M9UN6REK,,Citizen Science (ultrasonic) - shared
59~40304+18~07242_20260928_234536.wav,DEV_002_20260928_234536.wav,0,59.40304,18.07242,Leppun,Leptophyes punctatissima,Speckled Bush-cricket,bush-cricket,0.99,,,28/09/2026,28/09/2026,23:45:36,ClassifEspSWE-0002026-05-29_1,JOHANKARLSSON,202609290752M9UN6REK,,Citizen Science (ultrasonic) - shared
59~40304+18~07242_20260928_234542.wav,DEV_002_20260928_234542.wav,0,59.40304,18.07242,Leppun,Leptophyes punctatissima,Speckled Bush-cricket,bush-cricket,0.99,,,28/09/2026,28/09/2026,23:45:42,ClassifEspSWE-0002026-05-29_1,JOHANKARLSSON,202609290752M9UN6REK,,Citizen Science (ultrasonic) - shared
59~40304+18~07242_20260928_234547.wav,DEV_002_20260928_234547.wav,0,59.40304,18.07242,Leppun,Leptophyes punctatissima,Speckled Bush-cricket,bush-cricket,0.99,,,28/09/2026,28/09/2026,23:45:47,ClassifEspSWE-0002026-05-29_1,JOHANKARLSSON,202609290752M9UN6REK,,Citizen Science (ultrasonic) - shared
59~40304+18~07242_20260928_234553.wav,DEV_002_20260928_234553.wav,0,59.40304,18.07242,Leppun,Leptophyes punctatissima,Speckled Bush-cricket,bush-cricket,0.99,,,28/09/2026,28/09/2026,23:45:53,ClassifEspSWE-0002026-05-29_1,JOHANKARLSSON,202609290752M9UN6REK,,Citizen Science (ultrasonic) - shared
59~40304+18~07242_20260928_234559.wav,DEV_002_20260928_234559.wav,0,59.40304,18.07242,Leppun,Leptophyes punctatissima,Speckled Bush-cricket,bush-cricket,0.99,,,28/09/2026,28/09/2026,23:45:59,ClassifEspSWE-0002026-05-29_1,JOHANKARLSSON,202609290752M9UN6REK,,Citizen Science (ultrasonic) - shared
59~40304+18~07242_20260928_234604.wav,DEV_002_20260928_234604.wav,0,59.40304,18.07242,Leppun,Leptophyes punctatissima,Speckled Bush-cricket,bush-cricket,0.99,,,28/09/2026,28/09/2026,23:46:04,ClassifEspSWE-0002026-05-29_1,JOHANKARLSSON,202609290752M9UN6REK,,Citizen Science (ultrasonic) - shared
59~40304+18~07242_20260928_234610.wav,DEV_002_20260928_234610.wav,0,59.40304,18.07242,Leppun,Leptophyes punctatissima,Speckled Bush-cricket,bush-cricket,0.99,,,28/09/2026,28/09/2026,23:46:10,ClassifEspSWE-0002026-05-29_1,JOHANKARLSSON,202609290752M9UN6REK,,Citizen Science (ultrasonic) - shared
59~40304+18~07242_20260928_234615.wav,DEV_002_20260928_234615.wav,0,59.40304,18.07242,Leppun,Leptophyes punctatissima,Speckled Bush-cricket,bush-cricket,0.99,,,28/09/2026,28/09/2026,23:46:15,ClassifEspSWE-0002026-05-29_1,JOHANKARLSSON,202609290752M9UN6REK,,Citizen Science (ultrasonic) - shared
59~40304+18~07242_20260928_234621.wav,DEV_002_20260928_234621.wav,0,59.40304,18.07242,Leppun,Leptophyes punctatissima,Speckled Bush-cricket,bush-cricket,0.99,,,28/09/2026,28/09/2026,23:46:21,ClassifEspSWE-0002026-05-29_1,JOHANKARLSSON,202609290752M9UN6REK,,Citizen Science (ultrasonic) - shared
59~40304+18~07242_20260928_234627.wav,DEV_002_20260928_234627.wav,0,59.40304,18.07242,Leppun,Leptophyes punctatissima,Speckled Bush-cricket,bush-cricket,0.99,,,28/09/2026,28/09/2026,23:46:27,ClassifEspSWE-0002026-05-29_1,JOHANKARLSSON,202609290752M9UN6REK,,Citizen Science (ultrasonic) - shared
59~40304+18~07242_20260928_234632.wav,DEV_002_20260928_234632.wav,0,59.40304,18.07242,Leppun,Leptophyes punctatissima,Speckled Bush-cricket,bush-cricket,0.99,,,28/09/2026,28/09/2026,23:46:32,ClassifEspSWE-0002026-05-29_1,JOHANKARLSSON,202609290752M9UN6REK,,Citizen Science (ultrasonic) - shared
59~40304+18~07242_20260928_234638.wav,DEV_002_20260928_234638.wav,0,59.40304,18.07242,Leppun,Leptophyes punctatissima,Speckled Bush-cricket,bush-cricket,0.99,,,28/09/2026,28/09/2026,23:46:38,ClassifEspSWE-0002026-05-29_1,JOHANKARLSSON,202609290752M9UN6REK,,Citizen Science (ultrasonic) - shared
59~40304+18~07242_20260928_234643.wav,DEV_002_20260928_234643.wav,0,59.40304,18.07242,Leppun,Leptophyes punctatissima,Speckled Bush-cricket,bush-cricket,0.99,,,28/09/2026,28/09/2026,23:46:43,ClassifEspSWE-0002026-05-29_1,JOHANKARLSSON,202609290752M9UN6REK,,Citizen Science (ultrasonic) - shared
59~40304+18~07242_20260928_234649.wav,DEV_002_20260928_234649.wav,0,59.40304,18.07242,Leppun,Leptophyes punctatissima,Speckled Bush-cricket,bush-cricket,0.99,,,28/09/2026,28/09/2026,23:46:49,ClassifEspSWE-0002026-05-29_1,JOHANKARLSSON,202609290752M9UN6REK,,Citizen Science (ultrasonic) - shared
59~40304+18~07242_20260928_234654.wav,DEV_002_20260928_234654.wav,0,59.40304,18.07242,Leppun,Leptophyes punctatissima,Speckled Bush-cricket,bush-cricket,0.99,,,28/09/2026,28/09/2026,23:46:54,ClassifEspSWE-0002026-05-29_1,JOHANKARLSSON,202609290752M9UN6REK,,Citizen Science (ultrasonic) - shared
59~40304+18~07242_20260928_234700.wav,DEV_002_20260928_234700.wav,0,59.40304,18.07242,Leppun,Leptophyes punctatissima,Speckled Bush-cricket,bush-cricket,0.99,,,28/09/2026,28/09/2026,23:47:00,ClassifEspSWE-0002026-05-29_1,JOHANKARLSSON,202609290752M9UN6REK,,Citizen Science (ultrasonic) - shared
59~40304+18~07242_20260928_234706.wav,DEV_002_20260928_234706.wav,0,59.40304,18.07242,Leppun,Leptophyes punctatissima,Speckled Bush-cricket,bush-cricket,0.99,,,28/09/2026,28/09/2026,23:47:06,ClassifEspSWE-0002026-05-29_1,JOHANKARLSSON,202609290752M9UN6REK,,Citizen Science (ultrasonic) - shared
59~40304+18~07242_20260928_234712.wav,DEV_002_20260928_234712.wav,0,59.40304,18.07242,Leppun,Leptophyes punctatissima,Speckled Bush-cricket,bush-cricket,0.99,,,28/09/2026,28/09/2026,23:47:12,ClassifEspSWE-0002026-05-29_1,JOHANKARLSSON,202609290752M9UN6REK,,Citizen Science (ultrasonic) - shared
59~40304+18~07242_20260928_234717.wav,DEV_002_20260928_234717.wav,0,59.40304,18.07242,Leppun,Leptophyes punctatissima,Speckled Bush-cricket,bush-cricket,0.99,,,28/09/2026,28/09/2026,23:47:17,ClassifEspSWE-0002026-05-29_1,JOHANKARLSSON,202609290752M9UN6REK,,Citizen Science (ultrasonic) - shared
59~40304+18~07242_20260928_234722.wav,DEV_002_20260928_234722.wav,0,59.40304,18.07242,Leppun,Leptophyes punctatissima,Speckled Bush-cricket,bush-cricket,0.99,,,28/09/2026,28/09/2026,23:47:22,ClassifEspSWE-0002026-05-29_1,JOHANKARLSSON,202609290752M9UN6REK,,Citizen Science (ultrasonic) - shared
59~40304+18~07242_20260928_234728.wav,DEV_002_20260928_234728.wav,0,59.40304,18.07242,Leppun,Leptophyes punctatissima,Speckled Bush-cricket,bush-cricket,0.99,,,28/09/2026,28/09/2026,23:47:28,ClassifEspSWE-0002026-05-29_1,JOHANKARLSSON,202609290752M9UN6REK,,Citizen Science (ultrasonic) - shared
59~40304+18~07242_20260928_234733.wav,DEV_002_20260928_234733.wav,0,59.40304,18.07242,Leppun,Leptophyes punctatissima,Speckled Bush-cricket,bush-cricket,0.99,,,28/09/2026,28/09/2026,23:47:33,ClassifEspSWE-0002026-05-29_1,JOHANKARLSSON,202609290752M9UN6REK,,Citizen Science (ultrasonic) - shared
59~40304+18~07242_20260928_234738.wav,DEV_002_20260928_234738.wav,0,59.40304,18.07242,Leppun,Leptophyes punctatissima,Speckled Bush-cricket,bush-cricket,0.99,,,28/09/2026,28/09/2026,23:47:38,ClassifEspSWE-0002026-05-29_1,JOHANKARLSSON,202609290752M9UN6REK,,Citizen Science (ultrasonic) - shared
59~40304+18~07242_20260928_234744.wav,DEV_002_20260928_234744.wav,0,59.40304,18.07242,Leppun,Leptophyes punctatissima,Speckled Bush-cricket,bush-cricket,0.99,,,28/09/2026,28/09/2026,23:47:44,ClassifEspSWE-0002026-05-29_1,JOHANKARLSSON,202609290752M9UN6REK,,Citizen Science (ultrasonic) - shared
59~40304+18~07242_20260928_234750.wav,DEV_002_20260928_234750.wav,0,59.40304,18.07242,Leppun,Leptophyes punctatissima,Speckled Bush-cricket,bush-cricket,0.99,,,28/09/2026,28/09/2026,23:47:50,ClassifEspSWE-0002026-05-29_1,JOHANKARLSSON,202609290752M9UN6REK,,Citizen Science (ultrasonic) - shared
59~40304+18~07242_20260928_234756.wav,DEV_002_20260928_234756.wav,0,59.40304,18.07242,Leppun,Leptophyes punctatissima,Speckled Bush-cricket,bush-cricket,0.99,,,28/09/2026,28/09/2026,23:47:56,ClassifEspSWE-0002026-05-29_1,JOHANKARLSSON,202609290752M9UN6REK,,Citizen Science (ultrasonic) - shared
59~40304+18~07242_20260928_234802.wav,DEV_002_20260928_234802.wav,0,59.40304,18.07242,Leppun,Leptophyes punctatissima,Speckled Bush-cricket,bush-cricket,0.99,,,28/09/2026,28/09/2026,23:48:02,ClassifEspSWE-0002026-05-29_1,JOHANKARLSSON,202609290752M9UN6REK,,Citizen Science (ultrasonic) - shared
59~40304+18~07242_20260928_234808.wav,DEV_002_20260928_234808.wav,0,59.40304,18.07242,Leppun,Leptophyes punctatissima,Speckled Bush-cricket,bush-cricket,0.99,,,28/09/2026,28/09/2026,23:48:08,ClassifEspSWE-0002026-05-29_1,JOHANKARLSSON,202609290752M9UN6REK,,Citizen Science (ultrasonic) - shared
59~40304+18~07242_20260928_234813.wav,DEV_002_20260928_234813.wav,0,59.40304,18.07242,Leppun,Leptophyes punctatissima,Speckled Bush-cricket,bush-cricket,0.99,,,28/09/2026,28/09/2026,23:48:13,ClassifEspSWE-0002026-05-29_1,JOHANKARLSSON,202609290752M9UN6REK,,Citizen Science (ultrasonic) - shared
59~40304+18~07242_20260928_234819.wav,DEV_002_20260928_234819.wav,0,59.40304,18.07242,Leppun,Leptophyes punctatissima,Speckled Bush-cricket,bush-cricket,0.99,,,28/09/2026,28/09/2026,23:48:19,ClassifEspSWE-0002026-05-29_1,JOHANKARLSSON,202609290752M9UN6REK,,Citizen Science (ultrasonic) - shared
59~40304+18~07242_20260928_234825.wav,DEV_002_20260928_234825.wav,0,59.40304,18.07242,Leppun,Leptophyes punctatissima,Speckled Bush-cricket,bush-cricket,0.99,,,28/09/2026,28/09/2026,23:48:25,ClassifEspSWE-0002026-05-29_1,JOHANKARLSSON,202609290752M9UN6REK,,Citizen Science (ultrasonic) - shared
59~40304+18~07242_20260928_234830.wav,DEV_002_20260928_234830.wav,0,59.40304,18.07242,Leppun,Leptophyes punctatissima,Speckled Bush-cricket,bush-cricket,0.99,,,28/09/2026,28/09/2026,23:48:30,ClassifEspSWE-0002026-05-29_1,JOHANKARLSSON,202609290752M9UN6REK,,Citizen Science (ultrasonic) - shared
59~40304+18~07242_20260928_234836.wav,DEV_002_20260928_234836.wav,0,59.40304,18.07242,Leppun,Leptophyes punctatissima,Speckled Bush-cricket,bush-cricket,0.99,,,28/09/2026,28/09/2026,23:48:36,ClassifEspSWE-0002026-05-29_1,JOHANKARLSSON,202609290752M9UN6REK,,Citizen Science (ultrasonic) - shared
59~40304+18~07242_20260928_234841.wav,DEV_002_20260928_234841.wav,0,59.40304,18.07242,Leppun,Leptophyes punctatissima,Speckled Bush-cricket,bush-cricket,0.99,,,28/09/2026,28/09/2026,23:48:41,ClassifEspSWE-0002026-05-29_1,JOHANKARLSSON,202609290752M9UN6REK,,Citizen Science (ultrasonic) - shared
59~40304+18~07242_20260928_234848.wav,DEV_002_20260928_234848.wav,0,59.40304,18.07242,Leppun,Leptophyes punctatissima,Speckled Bush-cricket,bush-cricket,0.99,,,28/09/2026,28/09/2026,23:48:48,ClassifEspSWE-0002026-05-29_1,JOHANKARLSSON,202609290752M9UN6REK,,Citizen Science (ultrasonic) - shared
59~40304+18~07242_20260928_234854.wav,DEV_002_20260928_234854.wav,0,59.40304,18.07242,Leppun,Leptophyes punctatissima,Speckled Bush-cricket,bush-cricket,0.99,,,28/09/2026,28/09/2026,23:48:54,ClassifEspSWE-0002026-05-29_1,JOHANKARLSSON,202609290752M9UN6REK,,Citizen Science (ultrasonic) - shared
59~40304+18~07242_20260928_234859.wav,DEV_002_20260928_234859.wav,0,59.40304,18.07242,Leppun,Leptophyes punctatissima,Speckled Bush-cricket,bush-cricket,0.99,,,28/09/2026,28/09/2026,23:48:59,ClassifEspSWE-0002026-05-29_1,JOHANKARLSSON,202609290752M9UN6REK,,Citizen Science (ultrasonic) - shared
59~40304+18~07242_20260928_234905.wav,DEV_002_20260928_234905.wav,0,59.40304,18.07242,Leppun,Leptophyes punctatissima,Speckled Bush-cricket,bush-cricket,0.99,,,28/09/2026,28/09/2026,23:49:05,ClassifEspSWE-0002026-05-29_1,JOHANKARLSSON,202609290752M9UN6REK,,Citizen Science (ultrasonic) - shared
59~40304+18~07242_20260928_234910.wav,DEV_002_20260928_234910.wav,0,59.40304,18.07242,Leppun,Leptophyes punctatissima,Speckled Bush-cricket,bush-cricket,0.99,,,28/09/2026,28/09/2026,23:49:10,ClassifEspSWE-0002026-05-29_1,JOHANKARLSSON,202609290752M9UN6REK,,Citizen Science (ultrasonic) - shared
59~40304+18~07242_20260928_234917.wav,DEV_002_20260928_234917.wav,0,59.40304,18.07242,Leppun,Leptophyes punctatissima,Speckled Bush-cricket,bush-cricket,0.99,,,28/09/2026,28/09/2026,23:49:17,ClassifEspSWE-0002026-05-29_1,JOHANKARLSSON,202609290752M9UN6REK,,Citizen Science (ultrasonic) - shared
59~40304+18~07242_20260928_234923.wav,DEV_002_20260928_234923.wav,0,59.40304,18.07242,Leppun,Leptophyes punctatissima,Speckled Bush-cricket,bush-cricket,0.99,,,28/09/2026,28/09/2026,23:49:23,ClassifEspSWE-0002026-05-29_1,JOHANKARLSSON,202609290752M9UN6REK,,Citizen Science (ultrasonic) - shared
59~40304+18~07242_20260928_234928.wav,DEV_002_20260928_234928.wav,0,59.40304,18.07242,Leppun,Leptophyes punctatissima,Speckled Bush-cricket,bush-cricket,0.99,,,28/09/2026,28/09/2026,23:49:28,ClassifEspSWE-0002026-05-29_1,JOHANKARLSSON,202609290752M9UN6REK,,Citizen Science (ultrasonic) - shared
59~40304+18~07242_20260928_234934.wav,DEV_002_20260928_234934.wav,0,59.40304,18.07242,Leppun,Leptophyes punctatissima,Speckled Bush-cricket,bush-cricket,0.99,,,28/09/2026,28/09/2026,23:49:34,ClassifEspSWE-0002026-05-29_1,JOHANKARLSSON,202609290752M9UN6REK,,Citizen Science (ultrasonic) - shared
59~40304+18~07242_20260928_234941.wav,DEV_002_20260928_234941.wav,0,59.40304,18.07242,Leppun,Leptophyes punctatissima,Speckled Bush-cricket,bush-cricket,0.99,,,28/09/2026,28/09/2026,23:49:41,ClassifEspSWE-0002026-05-29_1,JOHANKARLSSON,202609290752M9UN6REK,,Citizen Science (ultrasonic) - shared
59~40304+18~07242_20260928_234946.wav,DEV_002_20260928_234946.wav,0,59.40304,18.07242,Leppun,Leptophyes punctatissima,Speckled Bush-cricket,bush-cricket,0.99,,,28/09/2026,28/09/2026,23:49:46,ClassifEspSWE-0002026-05-29_1,JOHANKARLSSON,202609290752M9UN6REK,,Citizen Science (ultrasonic) - shared
59~40304+18~07242_20260928_234952.wav,DEV_002_20260928_234952.wav,0,59.40304,18.07242,Leppun,Leptophyes punctatissima,Speckled Bush-cricket,bush-cricket,0.99,,,28/09/2026,28/09/2026,23:49:52,ClassifEspSWE-0002026-05-29_1,JOHANKARLSSON,202609290752M9UN6REK,,Citizen Science (ultrasonic) - shared
59~40304+18~07242_20260928_234958.wav,DEV_002_20260928_234958.wav,0,59.40304,18.07242,Leppun,Leptophyes punctatissima,Speckled Bush-cricket,bush-cricket,0.99,,,28/09/2026,28/09/2026,23:49:58,ClassifEspSWE-0002026-05-29_1,JOHANKARLSSON,202609290752M9UN6REK,,Citizen Science (ultrasonic) - shared
59~40304+18~07242_20260928_235005.wav,DEV_002_20260928_235005.wav,0,59.40304,18.07242,Leppun,Leptophyes punctatissima,Speckled Bush-cricket,bush-cricket,0.99,,,28/09/2026,28/09/2026,23:50:05,ClassifEspSWE-0002026-05-29_1,JOHANKARLSSON,202609290752M9UN6REK,,Citizen Science (ultrasonic) - shared
59~40304+18~07242_20260928_235011.wav,DEV_002_20260928_235011.wav,0,59.40304,18.07242,Leppun,Leptophyes punctatissima,Speckled Bush-cricket,bush-cricket,0.99,,,28/09/2026,28/09/2026,23:50:11,ClassifEspSWE-0002026-05-29_1,JOHANKARLSSON,202609290752M9UN6REK,,Citizen Science (ultrasonic) - shared
59~40304+18~07242_20260928_235016.wav,DEV_002_20260928_235016.wav,0,59.40304,18.07242,Leppun,Leptophyes punctatissima,Speckled Bush-cricket,bush-cricket,0.99,,,28/09/2026,28/09/2026,23:50:16,ClassifEspSWE-0002026-05-29_1,JOHANKARLSSON,202609290752M9UN6REK,,Citizen Science (ultrasonic) - shared
59~40304+18~07242_20260928_235022.wav,DEV_002_20260928_235022.wav,0,59.40304,18.07242,Leppun,Leptophyes punctatissima,Speckled Bush-cricket,bush-cricket,0.99,,,28/09/2026,28/09/2026,23:50:22,ClassifEspSWE-0002026-05-29_1,JOHANKARLSSON,202609290752M9UN6REK,,Citizen Science (ultrasonic) - shared
59~40304+18~07242_20260928_235027.wav,DEV_002_20260928_235027.wav,0,59.40304,18.07242,Leppun,Leptophyes punctatissima,Speckled Bush-cricket,bush-cricket,0.99,,,28/09/2026,28/09/2026,23:50:27,ClassifEspSWE-0002026-05-29_1,JOHANKARLSSON,202609290752M9UN6REK,,Citizen Science (ultrasonic) - shared
59~40304+18~07242_20260928_235033.wav,DEV_002_20260928_235033.wav,0,59.40304,18.07242,Leppun,Leptophyes punctatissima,Speckled Bush-cricket,bush-cricket,0.99,,,28/09/2026,28/09/2026,23:50:33,ClassifEspSWE-0002026-05-29_1,JOHANKARLSSON,202609290752M9UN6REK,,Citizen Science (ultrasonic) - shared
59~40304+18~07242_20260928_235038.wav,DEV_002_20260928_235038.wav,0,59.40304,18.07242,Leppun,Leptophyes punctatissima,Speckled Bush-cricket,bush-cricket,0.99,,,28/09/2026,28/09/2026,23:50:38,ClassifEspSWE-0002026-05-29_1,JOHANKARLSSON,202609290752M9UN6REK,,Citizen Science (ultrasonic) - shared
59~40304+18~07242_20260928_235044.wav,DEV_002_20260928_235044.wav,0,59.40304,18.07242,Leppun,Leptophyes punctatissima,Speckled Bush-cricket,bush-cricket,0.99,,,28/09/2026,28/09/2026,23:50:44,ClassifEspSWE-0002026-05-29_1,JOHANKARLSSON,202609290752M9UN6REK,,Citizen Science (ultrasonic) - shared
59~40304+18~07242_20260928_235049.wav,DEV_002_20260928_235049.wav,0,59.40304,18.07242,Leppun,Leptophyes punctatissima,Speckled Bush-cricket,bush-cricket,0.99,,,28/09/2026,28/09/2026,23:50:49,ClassifEspSWE-0002026-05-29_1,JOHANKARLSSON,202609290752M9UN6REK,,Citizen Science (ultrasonic) - shared
59~40304+18~07242_20260928_235054.wav,DEV_002_20260928_235054.wav,0,59.40304,18.07242,Leppun,Leptophyes punctatissima,Speckled Bush-cricket,bush-cricket,0.99,,,28/09/2026,28/09/2026,23:50:54,ClassifEspSWE-0002026-05-29_1,JOHANKARLSSON,202609290752M9UN6REK,,Citizen Science (ultrasonic) - shared
59~40304+18~07242_20260928_235100.wav,DEV_002_20260928_235100.wav,0,59.40304,18.07242,Leppun,Leptophyes punctatissima,Speckled Bush-cricket,bush-cricket,0.99,,,28/09/2026,28/09/2026,23:51:00,ClassifEspSWE-0002026-05-29_1,JOHANKARLSSON,202609290752M9UN6REK,,Citizen Science (ultrasonic) - shared
59~40304+18~07242_20260928_235106.wav,DEV_002_20260928_235106.wav,0,59.40304,18.07242,Leppun,Leptophyes punctatissima,Speckled Bush-cricket,bush-cricket,0.99,,,28/09/2026,28/09/2026,23:51:06,ClassifEspSWE-0002026-05-29_1,JOHANKARLSSON,202609290752M9UN6REK,,Citizen Science (ultrasonic) - shared
59~40304+18~07242_20260928_235111.wav,DEV_002_20260928_235111.wav,0,59.40304,18.07242,Leppun,Leptophyes punctatissima,Speckled Bush-cricket,bush-cricket,0.99,,,28/09/2026,28/09/2026,23:51:11,ClassifEspSWE-0002026-05-29_1,JOHANKARLSSON,202609290752M9UN6REK,,Citizen Science (ultrasonic) - shared
59~40304+18~07242_20260928_235117.wav,DEV_002_20260928_235117.wav,0,59.40304,18.07242,Leppun,Leptophyes punctatissima,Speckled Bush-cricket,bush-cricket,0.99,,,28/09/2026,28/09/2026,23:51:17,ClassifEspSWE-0002026-05-29_1,JOHANKARLSSON,202609290752M9UN6REK,,Citizen Science (ultrasonic) - shared
59~40304+18~07242_20260928_235123.wav,DEV_002_20260928_235123.wav,0,59.40304,18.07242,Leppun,Leptophyes punctatissima,Speckled Bush-cricket,bush-cricket,0.99,,,28/09/2026,28/09/2026,23:51:23,ClassifEspSWE-0002026-05-29_1,JOHANKARLSSON,202609290752M9UN6REK,,Citizen Science (ultrasonic) - shared
59~40304+18~07242_20260928_235128.wav,DEV_002_20260928_235128.wav,0,59.40304,18.07242,Leppun,Leptophyes punctatissima,Speckled Bush-cricket,bush-cricket,0.99,,,28/09/2026,28/09/2026,23:51:28,ClassifEspSWE-0002026-05-29_1,JOHANKARLSSON,202609290752M9UN6REK,,Citizen Science (ultrasonic) - shared
59~40304+18~07242_20260928_235135.wav,DEV_002_20260928_235135.wav,0,59.40304,18.07242,Leppun,Leptophyes punctatissima,Speckled Bush-cricket,bush-cricket,0.99,,,28/09/2026,28/09/2026,23:51:35,ClassifEspSWE-0002026-05-29_1,JOHANKARLSSON,202609290752M9UN6REK,,Citizen Science (ultrasonic) - shared
59~40304+18~07242_20260928_235142.wav,DEV_002_20260928_235142.wav,0,59.40304,18.07242,Leppun,Leptophyes punctatissima,Speckled Bush-cricket,bush-cricket,0.99,,,28/09/2026,28/09/2026,23:51:42,ClassifEspSWE-0002026-05-29_1,JOHANKARLSSON,202609290752M9UN6REK,,Citizen Science (ultrasonic) - shared
59~40304+18~07242_20260928_235147.wav,DEV_002_20260928_235147.wav,0,59.40304,18.07242,Leppun,Leptophyes punctatissima,Speckled Bush-cricket,bush-cricket,0.99,,,28/09/2026,28/09/2026,23:51:47,ClassifEspSWE-0002026-05-29_1,JOHANKARLSSON,202609290752M9UN6REK,,Citizen Science (ultrasonic) - shared
59~40304+18~07242_20260928_235153.wav,DEV_002_20260928_235153.wav,0,59.40304,18.07242,Leppun,Leptophyes punctatissima,Speckled Bush-cricket,bush-cricket,0.99,,,28/09/2026,28/09/2026,23:51:53,ClassifEspSWE-0002026-05-29_1,JOHANKARLSSON,202609290752M9UN6REK,,Citizen Science (ultrasonic) - shared
59~40304+18~07242_20260928_235158.wav,DEV_002_20260928_235158.wav,0,59.40304,18.07242,Leppun,Leptophyes punctatissima,Speckled Bush-cricket,bush-cricket,0.99,,,28/09/2026,28/09/2026,23:51:58,ClassifEspSWE-0002026-05-29_1,JOHANKARLSSON,202609290752M9UN6REK,,Citizen Science (ultrasonic) - shared
59~40304+18~07242_20260928_235204.wav,DEV_002_20260928_235204.wav,0,59.40304,18.07242,Leppun,Leptophyes punctatissima,Speckled Bush-cricket,bush-cricket,0.99,,,28/09/2026,28/09/2026,23:52:04,ClassifEspSWE-0002026-05-29_1,JOHANKARLSSON,202609290752M9UN6REK,,Citizen Science (ultrasonic) - shared
59~40304+18~07242_20260928_235211.wav,DEV_002_20260928_235211.wav,0,59.40304,18.07242,Leppun,Leptophyes punctatissima,Speckled Bush-cricket,bush-cricket,0.99,,,28/09/2026,28/09/2026,23:52:11,ClassifEspSWE-0002026-05-29_1,JOHANKARLSSON,202609290752M9UN6REK,,Citizen Science (ultrasonic) - shared
59~40304+18~07242_20260928_235216.wav,DEV_002_20260928_235216.wav,0,59.40304,18.07242,Leppun,Leptophyes punctatissima,Speckled Bush-cricket,bush-cricket,0.99,,,28/09/2026,28/09/2026,23:52:16,ClassifEspSWE-0002026-05-29_1,JOHANKARLSSON,202609290752M9UN6REK,,Citizen Science (ultrasonic) - shared
59~40304+18~07242_20260928_235222.wav,DEV_002_20260928_235222.wav,0,59.40304,18.07242,Leppun,Leptophyes punctatissima,Speckled Bush-cricket,bush-cricket,0.99,,,28/09/2026,28/09/2026,23:52:22,ClassifEspSWE-0002026-05-29_1,JOHANKARLSSON,202609290752M9UN6REK,,Citizen Science (ultrasonic) - shared
59~40304+18~07242_20260928_235229.wav,DEV_002_20260928_235229.wav,0,59.40304,18.07242,Leppun,Leptophyes punctatissima,Speckled Bush-cricket,bush-cricket,0.99,,,28/09/2026,28/09/2026,23:52:29,ClassifEspSWE-0002026-05-29_1,JOHANKARLSSON,202609290752M9UN6REK,,Citizen Science (ultrasonic) - shared
59~40304+18~07242_20260928_235234.wav,DEV_002_20260928_235234.wav,0,59.40304,18.07242,Leppun,Leptophyes punctatissima,Speckled Bush-cricket,bush-cricket,0.99,,,28/09/2026,28/09/2026,23:52:34,ClassifEspSWE-0002026-05-29_1,JOHANKARLSSON,202609290752M9UN6REK,,Citizen Science (ultrasonic) - shared
59~40304+18~07242_20260928_235240.wav,DEV_002_20260928_235240.wav,0,59.40304,18.07242,Leppun,Leptophyes punctatissima,Speckled Bush-cricket,bush-cricket,0.99,,,28/09/2026,28/09/2026,23:52:40,ClassifEspSWE-0002026-05-29_1,JOHANKARLSSON,202609290752M9UN6REK,,Citizen Science (ultrasonic) - shared
59~40304+18~07242_20260928_235245.wav,DEV_002_20260928_235245.wav,0,59.40304,18.07242,Leppun,Leptophyes punctatissima,Speckled Bush-cricket,bush-cricket,0.99,,,28/09/2026,28/09/2026,23:52:45,ClassifEspSWE-0002026-05-29_1,JOHANKARLSSON,202609290752M9UN6REK,,Citizen Science (ultrasonic) - shared
59~40304+18~07242_20260928_235251.wav,DEV_002_20260928_235251.wav,0,59.40304,18.07242,Leppun,Leptophyes punctatissima,Speckled Bush-cricket,bush-cricket,0.99,,,28/09/2026,28/09/2026,23:52:51,ClassifEspSWE-0002026-05-29_1,JOHANKARLSSON,202609290752M9UN6REK,,Citizen Science (ultrasonic) - shared
59~40304+18~07242_20260928_235257.wav,DEV_002_20260928_235257.wav,0,59.40304,18.07242,Leppun,Leptophyes punctatissima,Speckled Bush-cricket,bush-cricket,0.99,,,28/09/2026,28/09/2026,23:52:57,ClassifEspSWE-0002026-05-29_1,JOHANKARLSSON,202609290752M9UN6REK,,Citizen Science (ultrasonic) - shared
59~40304+18~07242_20260928_235302.wav,DEV_002_20260928_235302.wav,0,59.40304,18.07242,Leppun,Leptophyes punctatissima,Speckled Bush-cricket,bush-cricket,0.99,,,28/09/2026,28/09/2026,23:53:02,ClassifEspSWE-0002026-05-29_1,JOHANKARLSSON,202609290752M9UN6REK,,Citizen Science (ultrasonic) - shared
59~40304+18~07242_20260928_235308.wav,DEV_002_20260928_235308.wav,0,59.40304,18.07242,Leppun,Leptophyes punctatissima,Speckled Bush-cricket,bush-cricket,0.99,,,28/09/2026,28/09/2026,23:53:08,ClassifEspSWE-0002026-05-29_1,JOHANKARLSSON,202609290752M9UN6REK,,Citizen Science (ultrasonic) - shared
59~40304+18~07242_20260928_235315.wav,DEV_002_20260928_235315.wav,0,59.40304,18.07242,Leppun,Leptophyes punctatissima,Speckled Bush-cricket,bush-cricket,0.99,,,28/09/2026,28/09/2026,23:53:15,ClassifEspSWE-0002026-05-29_1,JOHANKARLSSON,202609290752M9UN6REK,,Citizen Science (ultrasonic) - shared
59~40304+18~07242_20260928_235320.wav,DEV_002_20260928_235320.wav,0,59.40304,18.07242,Leppun,Leptophyes punctatissima,Speckled Bush-cricket,bush-cricket,0.99,,,28/09/2026,28/09/2026,23:53:20,ClassifEspSWE-0002026-05-29_1,JOHANKARLSSON,202609290752M9UN6REK,,Citizen Science (ultrasonic) - shared
59~40304+18~07242_20260928_235326.wav,DEV_002_20260928_235326.wav,0,59.40304,18.07242,Leppun,Leptophyes punctatissima,Speckled Bush-cricket,bush-cricket,0.99,,,28/09/2026,28/09/2026,23:53:26,ClassifEspSWE-0002026-05-29_1,JOHANKARLSSON,202609290752M9UN6REK,,Citizen Science (ultrasonic) - shared
59~40304+18~07242_20260928_235331.wav,DEV_002_20260928_235331.wav,0,59.40304,18.07242,Leppun,Leptophyes punctatissima,Speckled Bush-cricket,bush-cricket,0.99,,,28/09/2026,28/09/2026,23:53:31,ClassifEspSWE-0002026-05-29_1,JOHANKARLSSON,202609290752M9UN6REK,,Citizen Science (ultrasonic) - shared
59~40304+18~07242_20260928_235337.wav,DEV_002_20260928_235337.wav,0,59.40304,18.07242,Leppun,Leptophyes punctatissima,Speckled Bush-cricket,bush-cricket,0.99,,,28/09/2026,28/09/2026,23:53:37,ClassifEspSWE-0002026-05-29_1,JOHANKARLSSON,202609290752M9UN6REK,,Citizen Science (ultrasonic) - shared
59~40304+18~07242_20260928_235342.wav,DEV_002_20260928_235342.wav,0,59.40304,18.07242,Leppun,Leptophyes punctatissima,Speckled Bush-cricket,bush-cricket,0.99,,,28/09/2026,28/09/2026,23:53:42,ClassifEspSWE-0002026-05-29_1,JOHANKARLSSON,202609290752M9UN6REK,,Citizen Science (ultrasonic) - shared
59~40304+18~07242_20260928_235349.wav,DEV_002_20260928_235349.wav,0,59.40304,18.07242,Leppun,Leptophyes punctatissima,Speckled Bush-cricket,bush-cricket,0.99,,,28/09/2026,28/09/2026,23:53:49,ClassifEspSWE-0002026-05-29_1,JOHANKARLSSON,202609290752M9UN6REK,,Citizen Science (ultrasonic) - shared
59~40304+18~07242_20260928_235354.wav,DEV_002_20260928_235354.wav,0,59.40304,18.07242,Leppun,Leptophyes punctatissima,Speckled Bush-cricket,bush-cricket,0.99,,,28/09/2026,28/09/2026,23:53:54,ClassifEspSWE-0002026-05-29_1,JOHANKARLSSON,202609290752M9UN6REK,,Citizen Science (ultrasonic) - shared
59~40304+18~07242_20260928_235400.wav,DEV_002_20260928_235400.wav,0,59.40304,18.07242,Leppun,Leptophyes punctatissima,Speckled Bush-cricket,bush-cricket,0.99,,,28/09/2026,28/09/2026,23:54:00,ClassifEspSWE-0002026-05-29_1,JOHANKARLSSON,202609290752M9UN6REK,,Citizen Science (ultrasonic) - shared
59~40304+18~07242_20260928_235406.wav,DEV_002_20260928_235406.wav,0,59.40304,18.07242,Leppun,Leptophyes punctatissima,Speckled Bush-cricket,bush-cricket,0.99,,,28/09/2026,28/09/2026,23:54:06,ClassifEspSWE-0002026-05-29_1,JOHANKARLSSON,202609290752M9UN6REK,,Citizen Science (ultrasonic) - shared
59~40304+18~07242_20260928_235412.wav,DEV_002_20260928_235412.wav,0,59.40304,18.07242,Leppun,Leptophyes punctatissima,Speckled Bush-cricket,bush-cricket,0.99,,,28/09/2026,28/09/2026,23:54:12,ClassifEspSWE-0002026-05-29_1,JOHANKARLSSON,202609290752M9UN6REK,,Citizen Science (ultrasonic) - shared
59~40304+18~07242_20260928_235417.wav,DEV_002_20260928_235417.wav,0,59.40304,18.07242,Leppun,Leptophyes punctatissima,Speckled Bush-cricket,bush-cricket,0.99,,,28/09/2026,28/09/2026,23:54:17,ClassifEspSWE-0002026-05-29_1,JOHANKARLSSON,202609290752M9UN6REK,,Citizen Science (ultrasonic) - shared
59~40304+18~07242_20260928_235423.wav,DEV_002_20260928_235423.wav,0,59.40304,18.07242,Leppun,Leptophyes punctatissima,Speckled Bush-cricket,bush-cricket,0.99,,,28/09/2026,28/09/2026,23:54:23,ClassifEspSWE-0002026-05-29_1,JOHANKARLSSON,202609290752M9UN6REK,,Citizen Science (ultrasonic) - shared
59~40304+18~07242_20260928_235429.wav,DEV_002_20260928_235429.wav,0,59.40304,18.07242,Leppun,Leptophyes punctatissima,Speckled Bush-cricket,bush-cricket,0.99,,,28/09/2026,28/09/2026,23:54:29,ClassifEspSWE-0002026-05-29_1,JOHANKARLSSON,202609290752M9UN6REK,,Citizen Science (ultrasonic) - shared
59~40304+18~07242_20260928_235435.wav,DEV_002_20260928_235435.wav,0,59.40304,18.07242,Leppun,Leptophyes punctatissima,Speckled Bush-cricket,bush-cricket,0.99,,,28/09/2026,28/09/2026,23:54:35,ClassifEspSWE-0002026-05-29_1,JOHANKARLSSON,202609290752M9UN6REK,,Citizen Science (ultrasonic) - shared
59~40304+18~07242_20260928_235441.wav,DEV_002_20260928_235441.wav,0,59.40304,18.07242,Leppun,Leptophyes punctatissima,Speckled Bush-cricket,bush-cricket,0.99,,,28/09/2026,28/09/2026,23:54:41,ClassifEspSWE-0002026-05-29_1,JOHANKARLSSON,202609290752M9UN6REK,,Citizen Science (ultrasonic) - shared
59~40304+18~07242_20260928_235447.wav,DEV_002_20260928_235447.wav,0,59.40304,18.07242,Leppun,Leptophyes punctatissima,Speckled Bush-cricket,bush-cricket,0.99,,,28/09/2026,28/09/2026,23:54:47,ClassifEspSWE-0002026-05-29_1,JOHANKARLSSON,202609290752M9UN6REK,,Citizen Science (ultrasonic) - shared
59~40304+18~07242_20260928_235453.wav,DEV_002_20260928_235453.wav,0,59.40304,18.07242,Leppun,Leptophyes punctatissima,Speckled Bush-cricket,bush-cricket,0.99,,,28/09/2026,28/09/2026,23:54:53,ClassifEspSWE-0002026-05-29_1,JOHANKARLSSON,202609290752M9UN6REK,,Citizen Science (ultrasonic) - shared
59~40304+18~07242_20260928_235458.wav,DEV_002_20260928_235458.wav,0,59.40304,18.07242,Leppun,Leptophyes punctatissima,Speckled Bush-cricket,bush-cricket,0.99,,,28/09/2026,28/09/2026,23:54:58,ClassifEspSWE-0002026-05-29_1,JOHANKARLSSON,202609290752M9UN6REK,,Citizen Science (ultrasonic) - shared
59~40304+18~07242_20260928_235504.wav,DEV_002_20260928_235504.wav,0,59.40304,18.07242,Leppun,Leptophyes punctatissima,Speckled Bush-cricket,bush-cricket,0.99,,,28/09/2026,28/09/2026,23:55:04,ClassifEspSWE-0002026-05-29_1,JOHANKARLSSON,202609290752M9UN6REK,,Citizen Science (ultrasonic) - shared
59~40304+18~07242_20260928_235510.wav,DEV_002_20260928_235510.wav,0,59.40304,18.07242,Leppun,Leptophyes punctatissima,Speckled Bush-cricket,bush-cricket,0.99,,,28/09/2026,28/09/2026,23:55:10,ClassifEspSWE-0002026-05-29_1,JOHANKARLSSON,202609290752M9UN6REK,,Citizen Science (ultrasonic) - shared
59~40304+18~07242_20260928_235516.wav,DEV_002_20260928_235516.wav,0,59.40304,18.07242,Leppun,Leptophyes punctatissima,Speckled Bush-cricket,bush-cricket,0.99,,,28/09/2026,28/09/2026,23:55:16,ClassifEspSWE-0002026-05-29_1,JOHANKARLSSON,202609290752M9UN6REK,,Citizen Science (ultrasonic) - shared
59~40304+18~07242_20260928_235521.wav,DEV_002_20260928_235521.wav,0,59.40304,18.07242,Leppun,Leptophyes punctatissima,Speckled Bush-cricket,bush-cricket,0.99,,,28/09/2026,28/09/2026,23:55:21,ClassifEspSWE-0002026-05-29_1,JOHANKARLSSON,202609290752M9UN6REK,,Citizen Science (ultrasonic) - shared
59~40304+18~07242_20260928_235527.wav,DEV_002_20260928_235527.wav,0,59.40304,18.07242,Leppun,Leptophyes punctatissima,Speckled Bush-cricket,bush-cricket,0.99,,,28/09/2026,28/09/2026,23:55:27,ClassifEspSWE-0002026-05-29_1,JOHANKARLSSON,202609290752M9UN6REK,,Citizen Science (ultrasonic) - shared
59~40304+18~07242_20260928_235533.wav,DEV_002_20260928_235533.wav,0,59.40304,18.07242,Leppun,Leptophyes punctatissima,Speckled Bush-cricket,bush-cricket,0.99,,,28/09/2026,28/09/2026,23:55:33,ClassifEspSWE-0002026-05-29_1,JOHANKARLSSON,202609290752M9UN6REK,,Citizen Science (ultrasonic) - shared
59~40304+18~07242_20260928_235539.wav,DEV_002_20260928_235539.wav,0,59.40304,18.07242,Leppun,Leptophyes punctatissima,Speckled Bush-cricket,bush-cricket,0.99,,,28/09/2026,28/09/2026,23:55:39,ClassifEspSWE-0002026-05-29_1,JOHANKARLSSON,202609290752M9UN6REK,,Citizen Science (ultrasonic) - shared
59~40304+18~07242_20260928_235545.wav,DEV_002_20260928_235545.wav,0,59.40304,18.07242,Leppun,Leptophyes punctatissima,Speckled Bush-cricket,bush-cricket,0.99,,,28/09/2026,28/09/2026,23:55:45,ClassifEspSWE-0002026-05-29_1,JOHANKARLSSON,202609290752M9UN6REK,,Citizen Science (ultrasonic) - shared
59~40304+18~07242_20260928_235550.wav,DEV_002_20260928_235550.wav,0,59.40304,18.07242,Leppun,Leptophyes punctatissima,Speckled Bush-cricket,bush-cricket,0.99,,,28/09/2026,28/09/2026,23:55:50,ClassifEspSWE-0002026-05-29_1,JOHANKARLSSON,202609290752M9UN6REK,,Citizen Science (ultrasonic) - shared
59~40304+18~07242_20260928_235555.wav,DEV_002_20260928_235555.wav,0,59.40304,18.07242,Leppun,Leptophyes punctatissima,Speckled Bush-cricket,bush-cricket,0.99,,,28/09/2026,28/09/2026,23:55:55,ClassifEspSWE-0002026-05-29_1,JOHANKARLSSON,202609290752M9UN6REK,,Citizen Science (ultrasonic) - shared
59~40304+18~07242_20260928_235601.wav,DEV_002_20260928_235601.wav,0,59.40304,18.07242,Leppun,Leptophyes punctatissima,Speckled Bush-cricket,bush-cricket,0.99,,,28/09/2026,28/09/2026,23:56:01,ClassifEspSWE-0002026-05-29_1,JOHANKARLSSON,202609290752M9UN6REK,,Citizen Science (ultrasonic) - shared
59~40304+18~07242_20260928_235607.wav,DEV_002_20260928_235607.wav,0,59.40304,18.07242,Leppun,Leptophyes punctatissima,Speckled Bush-cricket,bush-cricket,0.99,,,28/09/2026,28/09/2026,23:56:07,ClassifEspSWE-0002026-05-29_1,JOHANKARLSSON,202609290752M9UN6REK,,Citizen Science (ultrasonic) - shared
59~40304+18~07242_20260928_235613.wav,DEV_002_20260928_235613.wav,0,59.40304,18.07242,Leppun,Leptophyes punctatissima,Speckled Bush-cricket,bush-cricket,0.99,,,28/09/2026,28/09/2026,23:56:13,ClassifEspSWE-0002026-05-29_1,JOHANKARLSSON,202609290752M9UN6REK,,Citizen Science (ultrasonic) - shared
59~40304+18~07242_20260928_235619.wav,DEV_002_20260928_235619.wav,0,59.40304,18.07242,Leppun,Leptophyes punctatissima,Speckled Bush-cricket,bush-cricket,0.99,,,28/09/2026,28/09/2026,23:56:19,ClassifEspSWE-0002026-05-29_1,JOHANKARLSSON,202609290752M9UN6REK,,Citizen Science (ultrasonic) - shared
59~40304+18~07242_20260928_235626.wav,DEV_002_20260928_235626.wav,0,59.40304,18.07242,Leppun,Leptophyes punctatissima,Speckled Bush-cricket,bush-cricket,0.99,,,28/09/2026,28/09/2026,23:56:26,ClassifEspSWE-0002026-05-29_1,JOHANKARLSSON,202609290752M9UN6REK,,Citizen Science (ultrasonic) - shared
59~40304+18~07242_20260928_235632.wav,DEV_002_20260928_235632.wav,0,59.40304,18.07242,Leppun,Leptophyes punctatissima,Speckled Bush-cricket,bush-cricket,0.99,,,28/09/2026,28/09/2026,23:56:32,ClassifEspSWE-0002026-05-29_1,JOHANKARLSSON,202609290752M9UN6REK,,Citizen Science (ultrasonic) - shared
59~40304+18~07242_20260928_235638.wav,DEV_002_20260928_235638.wav,0,59.40304,18.07242,Leppun,Leptophyes punctatissima,Speckled Bush-cricket,bush-cricket,0.99,,,28/09/2026,28/09/2026,23:56:38,ClassifEspSWE-0002026-05-29_1,JOHANKARLSSON,202609290752M9UN6REK,,Citizen Science (ultrasonic) - shared
59~40304+18~07242_20260928_235644.wav,DEV_002_20260928_235644.wav,0,59.40304,18.07242,Leppun,Leptophyes punctatissima,Speckled Bush-cricket,bush-cricket,0.99,,,28/09/2026,28/09/2026,23:56:44,ClassifEspSWE-0002026-05-29_1,JOHANKARLSSON,202609290752M9UN6REK,,Citizen Science (ultrasonic) - shared
59~40304+18~07242_20260928_235649.wav,DEV_002_20260928_235649.wav,0,59.40304,18.07242,Leppun,Leptophyes punctatissima,Speckled Bush-cricket,bush-cricket,0.99,,,28/09/2026,28/09/2026,23:56:49,ClassifEspSWE-0002026-05-29_1,JOHANKARLSSON,202609290752M9UN6REK,,Citizen Science (ultrasonic) - shared
59~40304+18~07242_20260928_235655.wav,DEV_002_20260928_235655.wav,0,59.40304,18.07242,Leppun,Leptophyes punctatissima,Speckled Bush-cricket,bush-cricket,0.99,,,28/09/2026,28/09/2026,23:56:55,ClassifEspSWE-0002026-05-29_1,JOHANKARLSSON,202609290752M9UN6REK,,Citizen Science (ultrasonic) - shared
59~40304+18~07242_20260928_235701.wav,DEV_002_20260928_235701.wav,0,59.40304,18.07242,Leppun,Leptophyes punctatissima,Speckled Bush-cricket,bush-cricket,0.99,,,28/09/2026,28/09/2026,23:57:01,ClassifEspSWE-0002026-05-29_1,JOHANKARLSSON,202609290752M9UN6REK,,Citizen Science (ultrasonic) - shared
59~40304+18~07242_20260928_235707.wav,DEV_002_20260928_235707.wav,0,59.40304,18.07242,Leppun,Leptophyes punctatissima,Speckled Bush-cricket,bush-cricket,0.99,,,28/09/2026,28/09/2026,23:57:07,ClassifEspSWE-0002026-05-29_1,JOHANKARLSSON,202609290752M9UN6REK,,Citizen Science (ultrasonic) - shared
59~40304+18~07242_20260928_235712.wav,DEV_002_20260928_235712.wav,0,59.40304,18.07242,Leppun,Leptophyes punctatissima,Speckled Bush-cricket,bush-cricket,0.99,,,28/09/2026,28/09/2026,23:57:12,ClassifEspSWE-0002026-05-29_1,JOHANKARLSSON,202609290752M9UN6REK,,Citizen Science (ultrasonic) - shared
59~40304+18~07242_20260928_235719.wav,DEV_002_20260928_235719.wav,0,59.40304,18.07242,Leppun,Leptophyes punctatissima,Speckled Bush-cricket,bush-cricket,0.99,,,28/09/2026,28/09/2026,23:57:19,ClassifEspSWE-0002026-05-29_1,JOHANKARLSSON,202609290752M9UN6REK,,Citizen Science (ultrasonic) - shared
59~40304+18~07242_20260928_235725.wav,DEV_002_20260928_235725.wav,0,59.40304,18.07242,Leppun,Leptophyes punctatissima,Speckled Bush-cricket,bush-cricket,0.99,,,28/09/2026,28/09/2026,23:57:25,ClassifEspSWE-0002026-05-29_1,JOHANKARLSSON,202609290752M9UN6REK,,Citizen Science (ultrasonic) - shared
59~40304+18~07242_20260928_235731.wav,DEV_002_20260928_235731.wav,0,59.40304,18.07242,Leppun,Leptophyes punctatissima,Speckled Bush-cricket,bush-cricket,0.99,,,28/09/2026,28/09/2026,23:57:31,ClassifEspSWE-0002026-05-29_1,JOHANKARLSSON,202609290752M9UN6REK,,Citizen Science (ultrasonic) - shared
59~40304+18~07242_20260928_235736.wav,DEV_002_20260928_235736.wav,0,59.40304,18.07242,Leppun,Leptophyes punctatissima,Speckled Bush-cricket,bush-cricket,0.99,,,28/09/2026,28/09/2026,23:57:36,ClassifEspSWE-0002026-05-29_1,JOHANKARLSSON,202609290752M9UN6REK,,Citizen Science (ultrasonic) - shared
59~40304+18~07242_20260928_235742.wav,DEV_002_20260928_235742.wav,0,59.40304,18.07242,Leppun,Leptophyes punctatissima,Speckled Bush-cricket,bush-cricket,0.99,,,28/09/2026,28/09/2026,23:57:42,ClassifEspSWE-0002026-05-29_1,JOHANKARLSSON,202609290752M9UN6REK,,Citizen Science (ultrasonic) - shared
59~40304+18~07242_20260928_235748.wav,DEV_002_20260928_235748.wav,0,59.40304,18.07242,Leppun,Leptophyes punctatissima,Speckled Bush-cricket,bush-cricket,0.99,,,28/09/2026,28/09/2026,23:57:48,ClassifEspSWE-0002026-05-29_1,JOHANKARLSSON,202609290752M9UN6REK,,Citizen Science (ultrasonic) - shared
59~40304+18~07242_20260928_235754.wav,DEV_002_20260928_235754.wav,0,59.40304,18.07242,Leppun,Leptophyes punctatissima,Speckled Bush-cricket,bush-cricket,0.99,,,28/09/2026,28/09/2026,23:57:54,ClassifEspSWE-0002026-05-29_1,JOHANKARLSSON,202609290752M9UN6REK,,Citizen Science (ultrasonic) - shared
59~40304+18~07242_20260928_235800.wav,DEV_002_20260928_235800.wav,0,59.40304,18.07242,Leppun,Leptophyes punctatissima,Speckled Bush-cricket,bush-cricket,0.99,,,28/09/2026,28/09/2026,23:58:00,ClassifEspSWE-0002026-05-29_1,JOHANKARLSSON,202609290752M9UN6REK,,Citizen Science (ultrasonic) - shared
59~40304+18~07242_20260928_235806.wav,DEV_002_20260928_235806.wav,0,59.40304,18.07242,Leppun,Leptophyes punctatissima,Speckled Bush-cricket,bush-cricket,0.99,,,28/09/2026,28/09/2026,23:58:06,ClassifEspSWE-0002026-05-29_1,JOHANKARLSSON,202609290752M9UN6REK,,Citizen Science (ultrasonic) - shared
59~40304+18~07242_20260928_235812.wav,DEV_002_20260928_235812.wav,0,59.40304,18.07242,Leppun,Leptophyes punctatissima,Speckled Bush-cricket,bush-cricket,0.99,,,28/09/2026,28/09/2026,23:58:12,ClassifEspSWE-0002026-05-29_1,JOHANKARLSSON,202609290752M9UN6REK,,Citizen Science (ultrasonic) - shared
59~40304+18~07242_20260928_235819.wav,DEV_002_20260928_235819.wav,0,59.40304,18.07242,Leppun,Leptophyes punctatissima,Speckled Bush-cricket,bush-cricket,0.99,,,28/09/2026,28/09/2026,23:58:19,ClassifEspSWE-0002026-05-29_1,JOHANKARLSSON,202609290752M9UN6REK,,Citizen Science (ultrasonic) - shared
59~40304+18~07242_20260928_235825.wav,DEV_002_20260928_235825.wav,0,59.40304,18.07242,Leppun,Leptophyes punctatissima,Speckled Bush-cricket,bush-cricket,0.99,,,28/09/2026,28/09/2026,23:58:25,ClassifEspSWE-0002026-05-29_1,JOHANKARLSSON,202609290752M9UN6REK,,Citizen Science (ultrasonic) - shared
59~40304+18~07242_20260928_235831.wav,DEV_002_20260928_235831.wav,0,59.40304,18.07242,Leppun,Leptophyes punctatissima,Speckled Bush-cricket,bush-cricket,0.99,,,28/09/2026,28/09/2026,23:58:31,ClassifEspSWE-0002026-05-29_1,JOHANKARLSSON,202609290752M9UN6REK,,Citizen Science (ultrasonic) - shared
59~40304+18~07242_20260928_235837.wav,DEV_002_20260928_235837.wav,0,59.40304,18.07242,Leppun,Leptophyes punctatissima,Speckled Bush-cricket,bush-cricket,0.99,,,28/09/2026,28/09/2026,23:58:37,ClassifEspSWE-0002026-05-29_1,JOHANKARLSSON,202609290752M9UN6REK,,Citizen Science (ultrasonic) - shared
59~40304+18~07242_20260928_235842.wav,DEV_002_20260928_235842.wav,0,59.40304,18.07242,Leppun,Leptophyes punctatissima,Speckled Bush-cricket,bush-cricket,0.99,,,28/09/2026,28/09/2026,23:58:42,ClassifEspSWE-0002026-05-29_1,JOHANKARLSSON,202609290752M9UN6REK,,Citizen Science (ultrasonic) - shared
59~40304+18~07242_20260928_235848.wav,DEV_002_20260928_235848.wav,0,59.40304,18.07242,Leppun,Leptophyes punctatissima,Speckled Bush-cricket,bush-cricket,0.99,,,28/09/2026,28/09/2026,23:58:48,ClassifEspSWE-0002026-05-29_1,JOHANKARLSSON,202609290752M9UN6REK,,Citizen Science (ultrasonic) - shared
59~40304+18~07242_20260928_235853.wav,DEV_002_20260928_235853.wav,0,59.40304,18.07242,Leppun,Leptophyes punctatissima,Speckled Bush-cricket,bush-cricket,0.99,,,28/09/2026,28/09/2026,23:58:53,ClassifEspSWE-0002026-05-29_1,JOHANKARLSSON,202609290752M9UN6REK,,Citizen Science (ultrasonic) - shared
59~40304+18~07242_20260928_235900.wav,DEV_002_20260928_235900.wav,0,59.40304,18.07242,Leppun,Leptophyes punctatissima,Speckled Bush-cricket,bush-cricket,0.99,,,28/09/2026,28/09/2026,23:59:00,ClassifEspSWE-0002026-05-29_1,JOHANKARLSSON,202609290752M9UN6REK,,Citizen Science (ultrasonic) - shared
59~40304+18~07242_20260928_235907.wav,DEV_002_20260928_235907.wav,0,59.40304,18.07242,Leppun,Leptophyes punctatissima,Speckled Bush-cricket,bush-cricket,0.99,,,28/09/2026,28/09/2026,23:59:07,ClassifEspSWE-0002026-05-29_1,JOHANKARLSSON,202609290752M9UN6REK,,Citizen Science (ultrasonic) - shared
59~40304+18~07242_20260928_235912.wav,DEV_002_20260928_235912.wav,0,59.40304,18.07242,Leppun,Leptophyes punctatissima,Speckled Bush-cricket,bush-cricket,0.99,,,28/09/2026,28/09/2026,23:59:12,ClassifEspSWE-0002026-05-29_1,JOHANKARLSSON,202609290752M9UN6REK,,Citizen Science (ultrasonic) - shared
59~40304+18~07242_20260928_235919.wav,DEV_002_20260928_235919.wav,0,59.40304,18.07242,Leppun,Leptophyes punctatissima,Speckled Bush-cricket,bush-cricket,0.99,,,28/09/2026,28/09/2026,23:59:19,ClassifEspSWE-0002026-05-29_1,JOHANKARLSSON,202609290752M9UN6REK,,Citizen Science (ultrasonic) - shared
59~40304+18~07242_20260928_235925.wav,DEV_002_20260928_235925.wav,0,59.40304,18.07242,Leppun,Leptophyes punctatissima,Speckled Bush-cricket,bush-cricket,0.99,,,28/09/2026,28/09/2026,23:59:25,ClassifEspSWE-0002026-05-29_1,JOHANKARLSSON,202609290752M9UN6REK,,Citizen Science (ultrasonic) - shared
59~40304+18~07242_20260928_235932.wav,DEV_002_20260928_235932.wav,0,59.40304,18.07242,Leppun,Leptophyes punctatissima,Speckled Bush-cricket,bush-cricket,0.99,,,28/09/2026,28/09/2026,23:59:32,ClassifEspSWE-0002026-05-29_1,JOHANKARLSSON,202609290752M9UN6REK,,Citizen Science (ultrasonic) - shared
59~40304+18~07242_20260928_235938.wav,DEV_002_20260928_235938.wav,0,59.40304,18.07242,Leppun,Leptophyes punctatissima,Speckled Bush-cricket,bush-cricket,0.99,,,28/09/2026,28/09/2026,23:59:38,ClassifEspSWE-0002026-05-29_1,JOHANKARLSSON,202609290752M9UN6REK,,Citizen Science (ultrasonic) - shared
59~40304+18~07242_20260928_235944.wav,DEV_002_20260928_235944.wav,0,59.40304,18.07242,Leppun,Leptophyes punctatissima,Speckled Bush-cricket,bush-cricket,0.99,,,28/09/2026,28/09/2026,23:59:44,ClassifEspSWE-0002026-05-29_1,JOHANKARLSSON,202609290752M9UN6REK,,Citizen Science (ultrasonic) - shared
59~40304+18~07242_20260928_235949.wav,DEV_002_20260928_235949.wav,0,59.40304,18.07242,Leppun,Leptophyes punctatissima,Speckled Bush-cricket,bush-cricket,0.99,,,28/09/2026,28/09/2026,23:59:49,ClassifEspSWE-0002026-05-29_1,JOHANKARLSSON,202609290752M9UN6REK,,Citizen Science (ultrasonic) - shared
59~40304+18~07242_20260928_235954.wav,DEV_002_20260928_235954.wav,0,59.40304,18.07242,Leppun,Leptophyes punctatissima,Speckled Bush-cricket,bush-cricket,0.99,,,28/09/2026,28/09/2026,23:59:54,ClassifEspSWE-0002026-05-29_1,JOHANKARLSSON,202609290752M9UN6REK,,Citizen Science (ultrasonic) - shared
59~40304+18~07242_20260928_230004.wav,DEV_002_20260928_230004.wav,0,59.40304,18.07242,Phogri,Pholidoptera griseoaptera,Dark Bush-cricket,bush-cricket,0.62,,,28/09/2026,28/09/2026,23:00:04,ClassifEspSWE-0002026-05-29_1,JOHANKARLSSON,202609290752M9UN6REK,,Citizen Science (ultrasonic) - shared
59~40304+18~07242_20260928_230009.wav,DEV_002_20260928_230009.wav,0,59.40304,18.07242,Phogri,Pholidoptera griseoaptera,Dark Bush-cricket,bush-cricket,0.85,,,28/09/2026,28/09/2026,23:00:09,ClassifEspSWE-0002026-05-29_1,JOHANKARLSSON,202609290752M9UN6REK,,Citizen Science (ultrasonic) - shared
59~40304+18~07242_20260928_230016.wav,DEV_002_20260928_230016.wav,0,59.40304,18.07242,Phogri,Pholidoptera griseoaptera,Dark Bush-cricket,bush-cricket,0.93,,,28/09/2026,28/09/2026,23:00:16,ClassifEspSWE-0002026-05-29_1,JOHANKARLSSON,202609290752M9UN6REK,,Citizen Science (ultrasonic) - shared
59~40304+18~07242_20260928_230022.wav,DEV_002_20260928_230022.wav,0,59.40304,18.07242,Phogri,Pholidoptera griseoaptera,Dark Bush-cricket,bush-cricket,0.78,,,28/09/2026,28/09/2026,23:00:22,ClassifEspSWE-0002026-05-29_1,JOHANKARLSSON,202609290752M9UN6REK,,Citizen Science (ultrasonic) - shared
59~40304+18~07242_20260928_230029.wav,DEV_002_20260928_230029.wav,0,59.40304,18.07242,Phogri,Pholidoptera griseoaptera,Dark Bush-cricket,bush-cricket,0.77,,,28/09/2026,28/09/2026,23:00:29,ClassifEspSWE-0002026-05-29_1,JOHANKARLSSON,202609290752M9UN6REK,,Citizen Science (ultrasonic) - shared
59~40304+18~07242_20260928_230035.wav,DEV_002_20260928_230035.wav,0,59.40304,18.07242,Phogri,Pholidoptera griseoaptera,Dark Bush-cricket,bush-cricket,0.95,,,28/09/2026,28/09/2026,23:00:35,ClassifEspSWE-0002026-05-29_1,JOHANKARLSSON,202609290752M9UN6REK,,Citizen Science (ultrasonic) - shared
59~40304+18~07242_20260928_230041.wav,DEV_002_20260928_230041.wav,0,59.40304,18.07242,Phogri,Pholidoptera griseoaptera,Dark Bush-cricket,bush-cricket,0.98,,,28/09/2026,28/09/2026,23:00:41,ClassifEspSWE-0002026-05-29_1,JOHANKARLSSON,202609290752M9UN6REK,,Citizen Science (ultrasonic) - shared
59~40304+18~07242_20260928_230048.wav,DEV_002_20260928_230048.wav,0,59.40304,18.07242,Phogri,Pholidoptera griseoaptera,Dark Bush-cricket,bush-cricket,0.91,,,28/09/2026,28/09/2026,23:00:48,ClassifEspSWE-0002026-05-29_1,JOHANKARLSSON,202609290752M9UN6REK,,Citizen Science (ultrasonic) - shared
59~40304+18~07242_20260928_230053.wav,DEV_002_20260928_230053.wav,0,59.40304,18.07242,Phogri,Pholidoptera griseoaptera,Dark Bush-cricket,bush-cricket,0.74,,,28/09/2026,28/09/2026,23:00:53,ClassifEspSWE-0002026-05-29_1,JOHANKARLSSON,202609290752M9UN6REK,,Citizen Science (ultrasonic) - shared
59~40304+18~07242_20260928_230058.wav,DEV_002_20260928_230058.wav,0,59.40304,18.07242,Phogri,Pholidoptera griseoaptera,Dark Bush-cricket,bush-cricket,0.84,,,28/09/2026,28/09/2026,23:00:58,ClassifEspSWE-0002026-05-29_1,JOHANKARLSSON,202609290752M9UN6REK,,Citizen Science (ultrasonic) - shared
59~40304+18~07242_20260928_230104.wav,DEV_002_20260928_230104.wav,0,59.40304,18.07242,Phogri,Pholidoptera griseoaptera,Dark Bush-cricket,bush-cricket,0.61,,,28/09/2026,28/09/2026,23:01:04,ClassifEspSWE-0002026-05-29_1,JOHANKARLSSON,202609290752M9UN6REK,,Citizen Science (ultrasonic) - shared
59~40304+18~07242_20260928_230110.wav,DEV_002_20260928_230110.wav,0,59.40304,18.07242,Phogri,Pholidoptera griseoaptera,Dark Bush-cricket,bush-cricket,0.78,,,28/09/2026,28/09/2026,23:01:10,ClassifEspSWE-0002026-05-29_1,JOHANKARLSSON,202609290752M9UN6REK,,Citizen Science (ultrasonic) - shared
59~40304+18~07242_20260928_230116.wav,DEV_002_20260928_230116.wav,0,59.40304,18.07242,Phogri,Pholidoptera griseoaptera,Dark Bush-cricket,bush-cricket,0.61,,,28/09/2026,28/09/2026,23:01:16,ClassifEspSWE-0002026-05-29_1,JOHANKARLSSON,202609290752M9UN6REK,,Citizen Science (ultrasonic) - shared
59~40304+18~07242_20260928_230122.wav,DEV_002_20260928_230122.wav,0,59.40304,18.07242,Phogri,Pholidoptera griseoaptera,Dark Bush-cricket,bush-cricket,0.98,,,28/09/2026,28/09/2026,23:01:22,ClassifEspSWE-0002026-05-29_1,JOHANKARLSSON,202609290752M9UN6REK,,Citizen Science (ultrasonic) - shared
59~40304+18~07242_20260928_230127.wav,DEV_002_20260928_230127.wav,0,59.40304,18.07242,Phogri,Pholidoptera griseoaptera,Dark Bush-cricket,bush-cricket,0.97,,,28/09/2026,28/09/2026,23:01:27,ClassifEspSWE-0002026-05-29_1,JOHANKARLSSON,202609290752M9UN6REK,,Citizen Science (ultrasonic) - shared
59~40304+18~07242_20260928_230133.wav,DEV_002_20260928_230133.wav,0,59.40304,18.07242,Phogri,Pholidoptera griseoaptera,Dark Bush-cricket,bush-cricket,0.95,,,28/09/2026,28/09/2026,23:01:33,ClassifEspSWE-0002026-05-29_1,JOHANKARLSSON,202609290752M9UN6REK,,Citizen Science (ultrasonic) - shared
59~40304+18~07242_20260928_230139.wav,DEV_002_20260928_230139.wav,0,59.40304,18.07242,Phogri,Pholidoptera griseoaptera,Dark Bush-cricket,bush-cricket,0.83,,,28/09/2026,28/09/2026,23:01:39,ClassifEspSWE-0002026-05-29_1,JOHANKARLSSON,202609290752M9UN6REK,,Citizen Science (ultrasonic) - shared
59~40304+18~07242_20260928_230145.wav,DEV_002_20260928_230145.wav,0,59.40304,18.07242,Phogri,Pholidoptera griseoaptera,Dark Bush-cricket,bush-cricket,0.96,,,28/09/2026,28/09/2026,23:01:45,ClassifEspSWE-0002026-05-29_1,JOHANKARLSSON,202609290752M9UN6REK,,Citizen Science (ultrasonic) - shared
59~40304+18~07242_20260928_230150.wav,DEV_002_20260928_230150.wav,0,59.40304,18.07242,Phogri,Pholidoptera griseoaptera,Dark Bush-cricket,bush-cricket,0.93,,,28/09/2026,28/09/2026,23:01:50,ClassifEspSWE-0002026-05-29_1,JOHANKARLSSON,202609290752M9UN6REK,,Citizen Science (ultrasonic) - shared
59~40304+18~07242_20260928_230156.wav,DEV_002_20260928_230156.wav,0,59.40304,18.07242,Phogri,Pholidoptera griseoaptera,Dark Bush-cricket,bush-cricket,0.81,,,28/09/2026,28/09/2026,23:01:56,ClassifEspSWE-0002026-05-29_1,JOHANKARLSSON,202609290752M9UN6REK,,Citizen Science (ultrasonic) - shared
59~40304+18~07242_20260928_230203.wav,DEV_002_20260928_230203.wav,0,59.40304,18.07242,Phogri,Pholidoptera griseoaptera,Dark Bush-cricket,bush-cricket,0.86,,,28/09/2026,28/09/2026,23:02:03,ClassifEspSWE-0002026-05-29_1,JOHANKARLSSON,202609290752M9UN6REK,,Citizen Science (ultrasonic) - shared
59~40304+18~07242_20260928_230208.wav,DEV_002_20260928_230208.wav,0,59.40304,18.07242,Phogri,Pholidoptera griseoaptera,Dark Bush-cricket,bush-cricket,0.82,,,28/09/2026,28/09/2026,23:02:08,ClassifEspSWE-0002026-05-29_1,JOHANKARLSSON,202609290752M9UN6REK,,Citizen Science (ultrasonic) - shared
59~40304+18~07242_20260928_230213.wav,DEV_002_20260928_230213.wav,0,59.40304,18.07242,Phogri,Pholidoptera griseoaptera,Dark Bush-cricket,bush-cricket,0.98,,,28/09/2026,28/09/2026,23:02:13,ClassifEspSWE-0002026-05-29_1,JOHANKARLSSON,202609290752M9UN6REK,,Citizen Science (ultrasonic) - shared
59~40304+18~07242_20260928_230219.wav,DEV_002_20260928_230219.wav,0,59.40304,18.07242,Phogri,Pholidoptera griseoaptera,Dark Bush-cricket,bush-cricket,0.98,,,28/09/2026,28/09/2026,23:02:19,ClassifEspSWE-0002026-05-29_1,JOHANKARLSSON,202609290752M9UN6REK,,Citizen Science (ultrasonic) - shared
59~40304+18~07242_20260928_230225.wav,DEV_002_20260928_230225.wav,0,59.40304,18.07242,Phogri,Pholidoptera griseoaptera,Dark Bush-cricket,bush-cricket,0.84,,,28/09/2026,28/09/2026,23:02:25,ClassifEspSWE-0002026-05-29_1,JOHANKARLSSON,202609290752M9UN6REK,,Citizen Science (ultrasonic) - shared
59~40304+18~07242_20260928_230230.wav,DEV_002_20260928_230230.wav,0,59.40304,18.07242,Phogri,Pholidoptera griseoaptera,Dark Bush-cricket,bush-cricket,0.83,,,28/09/2026,28/09/2026,23:02:30,ClassifEspSWE-0002026-05-29_1,JOHANKARLSSON,202609290752M9UN6REK,,Citizen Science (ultrasonic) - shared
59~40304+18~07242_20260928_230236.wav,DEV_002_20260928_230236.wav,0,59.40304,18.07242,Phogri,Pholidoptera griseoaptera,Dark Bush-cricket,bush-cricket,0.93,,,28/09/2026,28/09/2026,23:02:36,ClassifEspSWE-0002026-05-29_1,JOHANKARLSSON,202609290752M9UN6REK,,Citizen Science (ultrasonic) - shared
59~40304+18~07242_20260928_230241.wav,DEV_002_20260928_230241.wav,0,59.40304,18.07242,Phogri,Pholidoptera griseoaptera,Dark Bush-cricket,bush-cricket,0.61,,,28/09/2026,28/09/2026,23:02:41,ClassifEspSWE-0002026-05-29_1,JOHANKARLSSON,202609290752M9UN6REK,,Citizen Science (ultrasonic) - shared
59~40304+18~07242_20260928_230247.wav,DEV_002_20260928_230247.wav,0,59.40304,18.07242,Phogri,Pholidoptera griseoaptera,Dark Bush-cricket,bush-cricket,0.72,,,28/09/2026,28/09/2026,23:02:47,ClassifEspSWE-0002026-05-29_1,JOHANKARLSSON,202609290752M9UN6REK,,Citizen Science (ultrasonic) - shared
59~40304+18~07242_20260928_230252.wav,DEV_002_20260928_230252.wav,0,59.40304,18.07242,Phogri,Pholidoptera griseoaptera,Dark Bush-cricket,bush-cricket,0.93,,,28/09/2026,28/09/2026,23:02:52,ClassifEspSWE-0002026-05-29_1,JOHANKARLSSON,202609290752M9UN6REK,,Citizen Science (ultrasonic) - shared
59~40304+18~07242_20260928_230258.wav,DEV_002_20260928_230258.wav,0,59.40304,18.07242,Phogri,Pholidoptera griseoaptera,Dark Bush-cricket,bush-cricket,0.82,,,28/09/2026,28/09/2026,23:02:58,ClassifEspSWE-0002026-05-29_1,JOHANKARLSSON,202609290752M9UN6REK,,Citizen Science (ultrasonic) - shared
59~40304+18~07242_20260928_230304.wav,DEV_002_20260928_230304.wav,0,59.40304,18.07242,Phogri,Pholidoptera griseoaptera,Dark Bush-cricket,bush-cricket,0.98,,,28/09/2026,28/09/2026,23:03:04,ClassifEspSWE-0002026-05-29_1,JOHANKARLSSON,202609290752M9UN6REK,,Citizen Science (ultrasonic) - shared
59~40304+18~07242_20260928_230309.wav,DEV_002_20260928_230309.wav,0,59.40304,18.07242,Phogri,Pholidoptera griseoaptera,Dark Bush-cricket,bush-cricket,0.75,,,28/09/2026,28/09/2026,23:03:09,ClassifEspSWE-0002026-05-29_1,JOHANKARLSSON,202609290752M9UN6REK,,Citizen Science (ultrasonic) - shared
59~40304+18~07242_20260928_230316.wav,DEV_002_20260928_230316.wav,0,59.40304,18.07242,Phogri,Pholidoptera griseoaptera,Dark Bush-cricket,bush-cricket,0.84,,,28/09/2026,28/09/2026,23:03:16,ClassifEspSWE-0002026-05-29_1,JOHANKARLSSON,202609290752M9UN6REK,,Citizen Science (ultrasonic) - shared
59~40304+18~07242_20260928_230322.wav,DEV_002_20260928_230322.wav,0,59.40304,18.07242,Phogri,Pholidoptera griseoaptera,Dark Bush-cricket,bush-cricket,0.98,,,28/09/2026,28/09/2026,23:03:22,ClassifEspSWE-0002026-05-29_1,JOHANKARLSSON,202609290752M9UN6REK,,Citizen Science (ultrasonic) - shared
59~40304+18~07242_20260928_230328.wav,DEV_002_20260928_230328.wav,0,59.40304,18.07242,Phogri,Pholidoptera griseoaptera,Dark Bush-cricket,bush-cricket,0.85,,,28/09/2026,28/09/2026,23:03:28,ClassifEspSWE-0002026-05-29_1,JOHANKARLSSON,202609290752M9UN6REK,,Citizen Science (ultrasonic) - shared
59~40304+18~07242_20260928_230335.wav,DEV_002_20260928_230335.wav,0,59.40304,18.07242,Phogri,Pholidoptera griseoaptera,Dark Bush-cricket,bush-cricket,0.92,,,28/09/2026,28/09/2026,23:03:35,ClassifEspSWE-0002026-05-29_1,JOHANKARLSSON,202609290752M9UN6REK,,Citizen Science (ultrasonic) - shared
59~40304+18~07242_20260928_230340.wav,DEV_002_20260928_230340.wav,0,59.40304,18.07242,Phogri,Pholidoptera griseoaptera,Dark Bush-cricket,bush-cricket,0.93,,,28/09/2026,28/09/2026,23:03:40,ClassifEspSWE-0002026-05-29_1,JOHANKARLSSON,202609290752M9UN6REK,,Citizen Science (ultrasonic) - shared
59~40304+18~07242_20260928_230345.wav,DEV_002_20260928_230345.wav,0,59.40304,18.07242,Phogri,Pholidoptera griseoaptera,Dark Bush-cricket,bush-cricket,0.91,,,28/09/2026,28/09/2026,23:03:45,ClassifEspSWE-0002026-05-29_1,JOHANKARLSSON,202609290752M9UN6REK,,Citizen Science (ultrasonic) - shared
59~40304+18~07242_20260928_230352.wav,DEV_002_20260928_230352.wav,0,59.40304,18.07242,Phogri,Pholidoptera griseoaptera,Dark Bush-cricket,bush-cricket,0.93,,,28/09/2026,28/09/2026,23:03:52,ClassifEspSWE-0002026-05-29_1,JOHANKARLSSON,202609290752M9UN6REK,,Citizen Science (ultrasonic) - shared
59~40304+18~07242_20260928_230357.wav,DEV_002_20260928_230357.wav,0,59.40304,18.07242,Phogri,Pholidoptera griseoaptera,Dark Bush-cricket,bush-cricket,0.99,,,28/09/2026,28/09/2026,23:03:57,ClassifEspSWE-0002026-05-29_1,JOHANKARLSSON,202609290752M9UN6REK,,Citizen Science (ultrasonic) - shared
59~40304+18~07242_20260928_230404.wav,DEV_002_20260928_230404.wav,0,59.40304,18.07242,Phogri,Pholidoptera griseoaptera,Dark Bush-cricket,bush-cricket,0.86,,,28/09/2026,28/09/2026,23:04:04,ClassifEspSWE-0002026-05-29_1,JOHANKARLSSON,202609290752M9UN6REK,,Citizen Science (ultrasonic) - shared
59~40304+18~07242_20260928_230409.wav,DEV_002_20260928_230409.wav,0,59.40304,18.07242,Phogri,Pholidoptera griseoaptera,Dark Bush-cricket,bush-cricket,0.98,,,28/09/2026,28/09/2026,23:04:09,ClassifEspSWE-0002026-05-29_1,JOHANKARLSSON,202609290752M9UN6REK,,Citizen Science (ultrasonic) - shared
59~40304+18~07242_20260928_230415.wav,DEV_002_20260928_230415.wav,0,59.40304,18.07242,Phogri,Pholidoptera griseoaptera,Dark Bush-cricket,bush-cricket,0.98,,,28/09/2026,28/09/2026,23:04:15,ClassifEspSWE-0002026-05-29_1,JOHANKARLSSON,202609290752M9UN6REK,,Citizen Science (ultrasonic) - shared
59~40304+18~07242_20260928_230422.wav,DEV_002_20260928_230422.wav,0,59.40304,18.07242,Phogri,Pholidoptera griseoaptera,Dark Bush-cricket,bush-cricket,0.81,,,28/09/2026,28/09/2026,23:04:22,ClassifEspSWE-0002026-05-29_1,JOHANKARLSSON,202609290752M9UN6REK,,Citizen Science (ultrasonic) - shared
59~40304+18~07242_20260928_230427.wav,DEV_002_20260928_230427.wav,0,59.40304,18.07242,Phogri,Pholidoptera griseoaptera,Dark Bush-cricket,bush-cricket,0.78,,,28/09/2026,28/09/2026,23:04:27,ClassifEspSWE-0002026-05-29_1,JOHANKARLSSON,202609290752M9UN6REK,,Citizen Science (ultrasonic) - shared
59~40304+18~07242_20260928_230433.wav,DEV_002_20260928_230433.wav,0,59.40304,18.07242,Phogri,Pholidoptera griseoaptera,Dark Bush-cricket,bush-cricket,0.93,,,28/09/2026,28/09/2026,23:04:33,ClassifEspSWE-0002026-05-29_1,JOHANKARLSSON,202609290752M9UN6REK,,Citizen Science (ultrasonic) - shared
59~40304+18~07242_20260928_230439.wav,DEV_002_20260928_230439.wav,0,59.40304,18.07242,Phogri,Pholidoptera griseoaptera,Dark Bush-cricket,bush-cricket,0.9,,,28/09/2026,28/09/2026,23:04:39,ClassifEspSWE-0002026-05-29_1,JOHANKARLSSON,202609290752M9UN6REK,,Citizen Science (ultrasonic) - shared
59~40304+18~07242_20260928_230445.wav,DEV_002_20260928_230445.wav,0,59.40304,18.07242,Phogri,Pholidoptera griseoaptera,Dark Bush-cricket,bush-cricket,0.94,,,28/09/2026,28/09/2026,23:04:45,ClassifEspSWE-0002026-05-29_1,JOHANKARLSSON,202609290752M9UN6REK,,Citizen Science (ultrasonic) - shared
59~40304+18~07242_20260928_230452.wav,DEV_002_20260928_230452.wav,0,59.40304,18.07242,Phogri,Pholidoptera griseoaptera,Dark Bush-cricket,bush-cricket,0.92,,,28/09/2026,28/09/2026,23:04:52,ClassifEspSWE-0002026-05-29_1,JOHANKARLSSON,202609290752M9UN6REK,,Citizen Science (ultrasonic) - shared
59~40304+18~07242_20260928_230459.wav,DEV_002_20260928_230459.wav,0,59.40304,18.07242,Phogri,Pholidoptera griseoaptera,Dark Bush-cricket,bush-cricket,0.94,,,28/09/2026,28/09/2026,23:04:59,ClassifEspSWE-0002026-05-29_1,JOHANKARLSSON,202609290752M9UN6REK,,Citizen Science (ultrasonic) - shared
59~40304+18~07242_20260928_230505.wav,DEV_002_20260928_230505.wav,0,59.40304,18.07242,Phogri,Pholidoptera griseoaptera,Dark Bush-cricket,bush-cricket,0.93,,,28/09/2026,28/09/2026,23:05:05,ClassifEspSWE-0002026-05-29_1,JOHANKARLSSON,202609290752M9UN6REK,,Citizen Science (ultrasonic) - shared
59~40304+18~07242_20260928_230510.wav,DEV_002_20260928_230510.wav,0,59.40304,18.07242,Phogri,Pholidoptera griseoaptera,Dark Bush-cricket,bush-cricket,0.82,,,28/09/2026,28/09/2026,23:05:10,ClassifEspSWE-0002026-05-29_1,JOHANKARLSSON,202609290752M9UN6REK,,Citizen Science (ultrasonic) - shared
59~40304+18~07242_20260928_230517.wav,DEV_002_20260928_230517.wav,0,59.40304,18.07242,Phogri,Pholidoptera griseoaptera,Dark Bush-cricket,bush-cricket,0.74,,,28/09/2026,28/09/2026,23:05:17,ClassifEspSWE-0002026-05-29_1,JOHANKARLSSON,202609290752M9UN6REK,,Citizen Science (ultrasonic) - shared
59~40304+18~07242_20260928_230523.wav,DEV_002_20260928_230523.wav,0,59.40304,18.07242,Phogri,Pholidoptera griseoaptera,Dark Bush-cricket,bush-cricket,0.83,,,28/09/2026,28/09/2026,23:05:23,ClassifEspSWE-0002026-05-29_1,JOHANKARLSSON,202609290752M9UN6REK,,Citizen Science (ultrasonic) - shared
59~40304+18~07242_20260928_230528.wav,DEV_002_20260928_230528.wav,0,59.40304,18.07242,Phogri,Pholidoptera griseoaptera,Dark Bush-cricket,bush-cricket,0.86,,,28/09/2026,28/09/2026,23:05:28,ClassifEspSWE-0002026-05-29_1,JOHANKARLSSON,202609290752M9UN6REK,,Citizen Science (ultrasonic) - shared
59~40304+18~07242_20260928_230534.wav,DEV_002_20260928_230534.wav,0,59.40304,18.07242,Phogri,Pholidoptera griseoaptera,Dark Bush-cricket,bush-cricket,0.94,,,28/09/2026,28/09/2026,23:05:34,ClassifEspSWE-0002026-05-29_1,JOHANKARLSSON,202609290752M9UN6REK,,Citizen Science (ultrasonic) - shared
59~40304+18~07242_20260928_230540.wav,DEV_002_20260928_230540.wav,0,59.40304,18.07242,Phogri,Pholidoptera griseoaptera,Dark Bush-cricket,bush-cricket,0.99,,,28/09/2026,28/09/2026,23:05:40,ClassifEspSWE-0002026-05-29_1,JOHANKARLSSON,202609290752M9UN6REK,,Citizen Science (ultrasonic) - shared
59~40304+18~07242_20260928_230546.wav,DEV_002_20260928_230546.wav,0,59.40304,18.07242,Phogri,Pholidoptera griseoaptera,Dark Bush-cricket,bush-cricket,0.96,,,28/09/2026,28/09/2026,23:05:46,ClassifEspSWE-0002026-05-29_1,JOHANKARLSSON,202609290752M9UN6REK,,Citizen Science (ultrasonic) - shared
59~40304+18~07242_20260928_230552.wav,DEV_002_20260928_230552.wav,0,59.40304,18.07242,Phogri,Pholidoptera griseoaptera,Dark Bush-cricket,bush-cricket,0.91,,,28/09/2026,28/09/2026,23:05:52,ClassifEspSWE-0002026-05-29_1,JOHANKARLSSON,202609290752M9UN6REK,,Citizen Science (ultrasonic) - shared
59~40304+18~07242_20260928_230558.wav,DEV_002_20260928_230558.wav,0,59.40304,18.07242,Phogri,Pholidoptera griseoaptera,Dark Bush-cricket,bush-cricket,0.96,,,28/09/2026,28/09/2026,23:05:58,ClassifEspSWE-0002026-05-29_1,JOHANKARLSSON,202609290752M9UN6REK,,Citizen Science (ultrasonic) - shared
59~40304+18~07242_20260928_230604.wav,DEV_002_20260928_230604.wav,0,59.40304,18.07242,Phogri,Pholidoptera griseoaptera,Dark Bush-cricket,bush-cricket,0.92,,,28/09/2026,28/09/2026,23:06:04,ClassifEspSWE-0002026-05-29_1,JOHANKARLSSON,202609290752M9UN6REK,,Citizen Science (ultrasonic) - shared
59~40304+18~07242_20260928_230609.wav,DEV_002_20260928_230609.wav,0,59.40304,18.07242,Phogri,Pholidoptera griseoaptera,Dark Bush-cricket,bush-cricket,0.92,,,28/09/2026,28/09/2026,23:06:09,ClassifEspSWE-0002026-05-29_1,JOHANKARLSSON,202609290752M9UN6REK,,Citizen Science (ultrasonic) - shared
59~40304+18~07242_20260928_230615.wav,DEV_002_20260928_230615.wav,0,59.40304,18.07242,Phogri,Pholidoptera griseoaptera,Dark Bush-cricket,bush-cricket,0.79,,,28/09/2026,28/09/2026,23:06:15,ClassifEspSWE-0002026-05-29_1,JOHANKARLSSON,202609290752M9UN6REK,,Citizen Science (ultrasonic) - shared
59~40304+18~07242_20260928_230621.wav,DEV_002_20260928_230621.wav,0,59.40304,18.07242,Phogri,Pholidoptera griseoaptera,Dark Bush-cricket,bush-cricket,0.74,,,28/09/2026,28/09/2026,23:06:21,ClassifEspSWE-0002026-05-29_1,JOHANKARLSSON,202609290752M9UN6REK,,Citizen Science (ultrasonic) - shared
59~40304+18~07242_20260928_230627.wav,DEV_002_20260928_230627.wav,0,59.40304,18.07242,Phogri,Pholidoptera griseoaptera,Dark Bush-cricket,bush-cricket,0.87,,,28/09/2026,28/09/2026,23:06:27,ClassifEspSWE-0002026-05-29_1,JOHANKARLSSON,202609290752M9UN6REK,,Citizen Science (ultrasonic) - shared
59~40304+18~07242_20260928_230633.wav,DEV_002_20260928_230633.wav,0,59.40304,18.07242,Phogri,Pholidoptera griseoaptera,Dark Bush-cricket,bush-cricket,0.86,,,28/09/2026,28/09/2026,23:06:33,ClassifEspSWE-0002026-05-29_1,JOHANKARLSSON,202609290752M9UN6REK,,Citizen Science (ultrasonic) - shared
59~40304+18~07242_20260928_230639.wav,DEV_002_20260928_230639.wav,0,59.40304,18.07242,Phogri,Pholidoptera griseoaptera,Dark Bush-cricket,bush-cricket,0.92,,,28/09/2026,28/09/2026,23:06:39,ClassifEspSWE-0002026-05-29_1,JOHANKARLSSON,202609290752M9UN6REK,,Citizen Science (ultrasonic) - shared
59~40304+18~07242_20260928_230646.wav,DEV_002_20260928_230646.wav,0,59.40304,18.07242,Phogri,Pholidoptera griseoaptera,Dark Bush-cricket,bush-cricket,0.97,,,28/09/2026,28/09/2026,23:06:46,ClassifEspSWE-0002026-05-29_1,JOHANKARLSSON,202609290752M9UN6REK,,Citizen Science (ultrasonic) - shared
59~40304+18~07242_20260928_230653.wav,DEV_002_20260928_230653.wav,0,59.40304,18.07242,Phogri,Pholidoptera griseoaptera,Dark Bush-cricket,bush-cricket,0.95,,,28/09/2026,28/09/2026,23:06:53,ClassifEspSWE-0002026-05-29_1,JOHANKARLSSON,202609290752M9UN6REK,,Citizen Science (ultrasonic) - shared
59~40304+18~07242_20260928_230659.wav,DEV_002_20260928_230659.wav,0,59.40304,18.07242,Phogri,Pholidoptera griseoaptera,Dark Bush-cricket,bush-cricket,0.93,,,28/09/2026,28/09/2026,23:06:59,ClassifEspSWE-0002026-05-29_1,JOHANKARLSSON,202609290752M9UN6REK,,Citizen Science (ultrasonic) - shared
59~40304+18~07242_20260928_230705.wav,DEV_002_20260928_230705.wav,0,59.40304,18.07242,Phogri,Pholidoptera griseoaptera,Dark Bush-cricket,bush-cricket,0.98,,,28/09/2026,28/09/2026,23:07:05,ClassifEspSWE-0002026-05-29_1,JOHANKARLSSON,202609290752M9UN6REK,,Citizen Science (ultrasonic) - shared
59~40304+18~07242_20260928_230713.wav,DEV_002_20260928_230713.wav,0,59.40304,18.07242,Phogri,Pholidoptera griseoaptera,Dark Bush-cricket,bush-cricket,0.85,,,28/09/2026,28/09/2026,23:07:13,ClassifEspSWE-0002026-05-29_1,JOHANKARLSSON,202609290752M9UN6REK,,Citizen Science (ultrasonic) - shared
59~40304+18~07242_20260928_230722.wav,DEV_002_20260928_230722.wav,0,59.40304,18.07242,Phogri,Pholidoptera griseoaptera,Dark Bush-cricket,bush-cricket,0.98,,,28/09/2026,28/09/2026,23:07:22,ClassifEspSWE-0002026-05-29_1,JOHANKARLSSON,202609290752M9UN6REK,,Citizen Science (ultrasonic) - shared
59~40304+18~07242_20260928_230728.wav,DEV_002_20260928_230728.wav,0,59.40304,18.07242,Phogri,Pholidoptera griseoaptera,Dark Bush-cricket,bush-cricket,0.99,,,28/09/2026,28/09/2026,23:07:28,ClassifEspSWE-0002026-05-29_1,JOHANKARLSSON,202609290752M9UN6REK,,Citizen Science (ultrasonic) - shared
59~40304+18~07242_20260928_230734.wav,DEV_002_20260928_230734.wav,0,59.40304,18.07242,Phogri,Pholidoptera griseoaptera,Dark Bush-cricket,bush-cricket,0.93,,,28/09/2026,28/09/2026,23:07:34,ClassifEspSWE-0002026-05-29_1,JOHANKARLSSON,202609290752M9UN6REK,,Citizen Science (ultrasonic) - shared
59~40304+18~07242_20260928_230741.wav,DEV_002_20260928_230741.wav,0,59.40304,18.07242,Phogri,Pholidoptera griseoaptera,Dark Bush-cricket,bush-cricket,0.94,,,28/09/2026,28/09/2026,23:07:41,ClassifEspSWE-0002026-05-29_1,JOHANKARLSSON,202609290752M9UN6REK,,Citizen Science (ultrasonic) - shared
59~40304+18~07242_20260928_230748.wav,DEV_002_20260928_230748.wav,0,59.40304,18.07242,Phogri,Pholidoptera griseoaptera,Dark Bush-cricket,bush-cricket,0.87,,,28/09/2026,28/09/2026,23:07:48,ClassifEspSWE-0002026-05-29_1,JOHANKARLSSON,202609290752M9UN6REK,,Citizen Science (ultrasonic) - shared
59~40304+18~07242_20260928_230814.wav,DEV_002_20260928_230814.wav,0,59.40304,18.07242,Phogri,Pholidoptera griseoaptera,Dark Bush-cricket,bush-cricket,0.88,,,28/09/2026,28/09/2026,23:08:14,ClassifEspSWE-0002026-05-29_1,JOHANKARLSSON,202609290752M9UN6REK,,Citizen Science (ultrasonic) - shared
59~40304+18~07242_20260928_230821.wav,DEV_002_20260928_230821.wav,0,59.40304,18.07242,Phogri,Pholidoptera griseoaptera,Dark Bush-cricket,bush-cricket,0.6,,,28/09/2026,28/09/2026,23:08:21,ClassifEspSWE-0002026-05-29_1,JOHANKARLSSON,202609290752M9UN6REK,,Citizen Science (ultrasonic) - shared
59~40304+18~07242_20260928_230829.wav,DEV_002_20260928_230829.wav,0,59.40304,18.07242,Phogri,Pholidoptera griseoaptera,Dark Bush-cricket,bush-cricket,0.93,,,28/09/2026,28/09/2026,23:08:29,ClassifEspSWE-0002026-05-29_1,JOHANKARLSSON,202609290752M9UN6REK,,Citizen Science (ultrasonic) - shared
59~40304+18~07242_20260928_230835.wav,DEV_002_20260928_230835.wav,0,59.40304,18.07242,Phogri,Pholidoptera griseoaptera,Dark Bush-cricket,bush-cricket,0.97,,,28/09/2026,28/09/2026,23:08:35,ClassifEspSWE-0002026-05-29_1,JOHANKARLSSON,202609290752M9UN6REK,,Citizen Science (ultrasonic) - shared
59~40304+18~07242_20260928_230841.wav,DEV_002_20260928_230841.wav,0,59.40304,18.07242,Phogri,Pholidoptera griseoaptera,Dark Bush-cricket,bush-cricket,0.97,,,28/09/2026,28/09/2026,23:08:41,ClassifEspSWE-0002026-05-29_1,JOHANKARLSSON,202609290752M9UN6REK,,Citizen Science (ultrasonic) - shared
59~40304+18~07242_20260928_230849.wav,DEV_002_20260928_230849.wav,0,59.40304,18.07242,Phogri,Pholidoptera griseoaptera,Dark Bush-cricket,bush-cricket,0.84,,,28/09/2026,28/09/2026,23:08:49,ClassifEspSWE-0002026-05-29_1,JOHANKARLSSON,202609290752M9UN6REK,,Citizen Science (ultrasonic) - shared
59~40304+18~07242_20260928_230854.wav,DEV_002_20260928_230854.wav,0,59.40304,18.07242,Phogri,Pholidoptera griseoaptera,Dark Bush-cricket,bush-cricket,0.98,,,28/09/2026,28/09/2026,23:08:54,ClassifEspSWE-0002026-05-29_1,JOHANKARLSSON,202609290752M9UN6REK,,Citizen Science (ultrasonic) - shared
59~40304+18~07242_20260928_230859.wav,DEV_002_20260928_230859.wav,0,59.40304,18.07242,Phogri,Pholidoptera griseoaptera,Dark Bush-cricket,bush-cricket,0.98,,,28/09/2026,28/09/2026,23:08:59,ClassifEspSWE-0002026-05-29_1,JOHANKARLSSON,202609290752M9UN6REK,,Citizen Science (ultrasonic) - shared
59~40304+18~07242_20260928_230906.wav,DEV_002_20260928_230906.wav,0,59.40304,18.07242,Phogri,Pholidoptera griseoaptera,Dark Bush-cricket,bush-cricket,0.94,,,28/09/2026,28/09/2026,23:09:06,ClassifEspSWE-0002026-05-29_1,JOHANKARLSSON,202609290752M9UN6REK,,Citizen Science (ultrasonic) - shared
59~40304+18~07242_20260928_230912.wav,DEV_002_20260928_230912.wav,0,59.40304,18.07242,Phogri,Pholidoptera griseoaptera,Dark Bush-cricket,bush-cricket,0.98,,,28/09/2026,28/09/2026,23:09:12,ClassifEspSWE-0002026-05-29_1,JOHANKARLSSON,202609290752M9UN6REK,,Citizen Science (ultrasonic) - shared
59~40304+18~07242_20260928_230919.wav,DEV_002_20260928_230919.wav,0,59.40304,18.07242,Phogri,Pholidoptera griseoaptera,Dark Bush-cricket,bush-cricket,0.95,,,28/09/2026,28/09/2026,23:09:19,ClassifEspSWE-0002026-05-29_1,JOHANKARLSSON,202609290752M9UN6REK,,Citizen Science (ultrasonic) - shared
59~40304+18~07242_20260928_230926.wav,DEV_002_20260928_230926.wav,0,59.40304,18.07242,Phogri,Pholidoptera griseoaptera,Dark Bush-cricket,bush-cricket,0.87,,,28/09/2026,28/09/2026,23:09:26,ClassifEspSWE-0002026-05-29_1,JOHANKARLSSON,202609290752M9UN6REK,,Citizen Science (ultrasonic) - shared
59~40304+18~07242_20260928_230932.wav,DEV_002_20260928_230932.wav,0,59.40304,18.07242,Phogri,Pholidoptera griseoaptera,Dark Bush-cricket,bush-cricket,0.89,,,28/09/2026,28/09/2026,23:09:32,ClassifEspSWE-0002026-05-29_1,JOHANKARLSSON,202609290752M9UN6REK,,Citizen Science (ultrasonic) - shared
59~40304+18~07242_20260928_230944.wav,DEV_002_20260928_230944.wav,0,59.40304,18.07242,Phogri,Pholidoptera griseoaptera,Dark Bush-cricket,bush-cricket,0.81,,,28/09/2026,28/09/2026,23:09:44,ClassifEspSWE-0002026-05-29_1,JOHANKARLSSON,202609290752M9UN6REK,,Citizen Science (ultrasonic) - shared
59~40304+18~07242_20260928_230950.wav,DEV_002_20260928_230950.wav,0,59.40304,18.07242,Phogri,Pholidoptera griseoaptera,Dark Bush-cricket,bush-cricket,0.92,,,28/09/2026,28/09/2026,23:09:50,ClassifEspSWE-0002026-05-29_1,JOHANKARLSSON,202609290752M9UN6REK,,Citizen Science (ultrasonic) - shared
59~40304+18~07242_20260928_230956.wav,DEV_002_20260928_230956.wav,0,59.40304,18.07242,Phogri,Pholidoptera griseoaptera,Dark Bush-cricket,bush-cricket,0.98,,,28/09/2026,28/09/2026,23:09:56,ClassifEspSWE-0002026-05-29_1,JOHANKARLSSON,202609290752M9UN6REK,,Citizen Science (ultrasonic) - shared
59~40304+18~07242_20260928_231004.wav,DEV_002_20260928_231004.wav,0,59.40304,18.07242,Phogri,Pholidoptera griseoaptera,Dark Bush-cricket,bush-cricket,0.95,,,28/09/2026,28/09/2026,23:10:04,ClassifEspSWE-0002026-05-29_1,JOHANKARLSSON,202609290752M9UN6REK,,Citizen Science (ultrasonic) - shared
59~40304+18~07242_20260928_231009.wav,DEV_002_20260928_231009.wav,0,59.40304,18.07242,Phogri,Pholidoptera griseoaptera,Dark Bush-cricket,bush-cricket,0.92,,,28/09/2026,28/09/2026,23:10:09,ClassifEspSWE-0002026-05-29_1,JOHANKARLSSON,202609290752M9UN6REK,,Citizen Science (ultrasonic) - shared
59~40304+18~07242_20260928_231016.wav,DEV_002_20260928_231016.wav,0,59.40304,18.07242,Phogri,Pholidoptera griseoaptera,Dark Bush-cricket,bush-cricket,0.84,,,28/09/2026,28/09/2026,23:10:16,ClassifEspSWE-0002026-05-29_1,JOHANKARLSSON,202609290752M9UN6REK,,Citizen Science (ultrasonic) - shared
59~40304+18~07242_20260928_231022.wav,DEV_002_20260928_231022.wav,0,59.40304,18.07242,Phogri,Pholidoptera griseoaptera,Dark Bush-cricket,bush-cricket,0.96,,,28/09/2026,28/09/2026,23:10:22,ClassifEspSWE-0002026-05-29_1,JOHANKARLSSON,202609290752M9UN6REK,,Citizen Science (ultrasonic) - shared
59~40304+18~07242_20260928_231028.wav,DEV_002_20260928_231028.wav,0,59.40304,18.07242,Phogri,Pholidoptera griseoaptera,Dark Bush-cricket,bush-cricket,0.98,,,28/09/2026,28/09/2026,23:10:28,ClassifEspSWE-0002026-05-29_1,JOHANKARLSSON,202609290752M9UN6REK,,Citizen Science (ultrasonic) - shared
59~40304+18~07242_20260928_231034.wav,DEV_002_20260928_231034.wav,0,59.40304,18.07242,Phogri,Pholidoptera griseoaptera,Dark Bush-cricket,bush-cricket,0.96,,,28/09/2026,28/09/2026,23:10:34,ClassifEspSWE-0002026-05-29_1,JOHANKARLSSON,202609290752M9UN6REK,,Citizen Science (ultrasonic) - shared
59~40304+18~07242_20260928_231040.wav,DEV_002_20260928_231040.wav,0,59.40304,18.07242,Phogri,Pholidoptera griseoaptera,Dark Bush-cricket,bush-cricket,0.88,,,28/09/2026,28/09/2026,23:10:40,ClassifEspSWE-0002026-05-29_1,JOHANKARLSSON,202609290752M9UN6REK,,Citizen Science (ultrasonic) - shared
59~40304+18~07242_20260928_231045.wav,DEV_002_20260928_231045.wav,0,59.40304,18.07242,Phogri,Pholidoptera griseoaptera,Dark Bush-cricket,bush-cricket,0.98,,,28/09/2026,28/09/2026,23:10:45,ClassifEspSWE-0002026-05-29_1,JOHANKARLSSON,202609290752M9UN6REK,,Citizen Science (ultrasonic) - shared
59~40304+18~07242_20260928_231052.wav,DEV_002_20260928_231052.wav,0,59.40304,18.07242,Phogri,Pholidoptera griseoaptera,Dark Bush-cricket,bush-cricket,0.98,,,28/09/2026,28/09/2026,23:10:52,ClassifEspSWE-0002026-05-29_1,JOHANKARLSSON,202609290752M9UN6REK,,Citizen Science (ultrasonic) - shared
59~40304+18~07242_20260928_231100.wav,DEV_002_20260928_231100.wav,0,59.40304,18.07242,Phogri,Pholidoptera griseoaptera,Dark Bush-cricket,bush-cricket,0.95,,,28/09/2026,28/09/2026,23:11:00,ClassifEspSWE-0002026-05-29_1,JOHANKARLSSON,202609290752M9UN6REK,,Citizen Science (ultrasonic) - shared
59~40304+18~07242_20260928_231106.wav,DEV_002_20260928_231106.wav,0,59.40304,18.07242,Phogri,Pholidoptera griseoaptera,Dark Bush-cricket,bush-cricket,0.95,,,28/09/2026,28/09/2026,23:11:06,ClassifEspSWE-0002026-05-29_1,JOHANKARLSSON,202609290752M9UN6REK,,Citizen Science (ultrasonic) - shared
59~40304+18~07242_20260928_231111.wav,DEV_002_20260928_231111.wav,0,59.40304,18.07242,Phogri,Pholidoptera griseoaptera,Dark Bush-cricket,bush-cricket,0.97,,,28/09/2026,28/09/2026,23:11:11,ClassifEspSWE-0002026-05-29_1,JOHANKARLSSON,202609290752M9UN6REK,,Citizen Science (ultrasonic) - shared
59~40304+18~07242_20260928_231118.wav,DEV_002_20260928_231118.wav,0,59.40304,18.07242,Phogri,Pholidoptera griseoaptera,Dark Bush-cricket,bush-cricket,0.88,,,28/09/2026,28/09/2026,23:11:18,ClassifEspSWE-0002026-05-29_1,JOHANKARLSSON,202609290752M9UN6REK,,Citizen Science (ultrasonic) - shared
59~40304+18~07242_20260928_231123.wav,DEV_002_20260928_231123.wav,0,59.40304,18.07242,Phogri,Pholidoptera griseoaptera,Dark Bush-cricket,bush-cricket,0.99,,,28/09/2026,28/09/2026,23:11:23,ClassifEspSWE-0002026-05-29_1,JOHANKARLSSON,202609290752M9UN6REK,,Citizen Science (ultrasonic) - shared
59~40304+18~07242_20260928_231130.wav,DEV_002_20260928_231130.wav,0,59.40304,18.07242,Phogri,Pholidoptera griseoaptera,Dark Bush-cricket,bush-cricket,0.91,,,28/09/2026,28/09/2026,23:11:30,ClassifEspSWE-0002026-05-29_1,JOHANKARLSSON,202609290752M9UN6REK,,Citizen Science (ultrasonic) - shared
59~40304+18~07242_20260928_231137.wav,DEV_002_20260928_231137.wav,0,59.40304,18.07242,Phogri,Pholidoptera griseoaptera,Dark Bush-cricket,bush-cricket,0.95,,,28/09/2026,28/09/2026,23:11:37,ClassifEspSWE-0002026-05-29_1,JOHANKARLSSON,202609290752M9UN6REK,,Citizen Science (ultrasonic) - shared
59~40304+18~07242_20260928_231142.wav,DEV_002_20260928_231142.wav,0,59.40304,18.07242,Phogri,Pholidoptera griseoaptera,Dark Bush-cricket,bush-cricket,0.89,,,28/09/2026,28/09/2026,23:11:42,ClassifEspSWE-0002026-05-29_1,JOHANKARLSSON,202609290752M9UN6REK,,Citizen Science (ultrasonic) - shared
59~40304+18~07242_20260928_231148.wav,DEV_002_20260928_231148.wav,0,59.40304,18.07242,Phogri,Pholidoptera griseoaptera,Dark Bush-cricket,bush-cricket,0.83,,,28/09/2026,28/09/2026,23:11:48,ClassifEspSWE-0002026-05-29_1,JOHANKARLSSON,202609290752M9UN6REK,,Citizen Science (ultrasonic) - shared
59~40304+18~07242_20260928_231153.wav,DEV_002_20260928_231153.wav,0,59.40304,18.07242,Phogri,Pholidoptera griseoaptera,Dark Bush-cricket,bush-cricket,0.99,,,28/09/2026,28/09/2026,23:11:53,ClassifEspSWE-0002026-05-29_1,JOHANKARLSSON,202609290752M9UN6REK,,Citizen Science (ultrasonic) - shared
59~40304+18~07242_20260928_231159.wav,DEV_002_20260928_231159.wav,0,59.40304,18.07242,Phogri,Pholidoptera griseoaptera,Dark Bush-cricket,bush-cricket,0.96,,,28/09/2026,28/09/2026,23:11:59,ClassifEspSWE-0002026-05-29_1,JOHANKARLSSON,202609290752M9UN6REK,,Citizen Science (ultrasonic) - shared
59~40304+18~07242_20260928_231204.wav,DEV_002_20260928_231204.wav,0,59.40304,18.07242,Phogri,Pholidoptera griseoaptera,Dark Bush-cricket,bush-cricket,0.99,,,28/09/2026,28/09/2026,23:12:04,ClassifEspSWE-0002026-05-29_1,JOHANKARLSSON,202609290752M9UN6REK,,Citizen Science (ultrasonic) - shared
59~40304+18~07242_20260928_231210.wav,DEV_002_20260928_231210.wav,0,59.40304,18.07242,Phogri,Pholidoptera griseoaptera,Dark Bush-cricket,bush-cricket,0.92,,,28/09/2026,28/09/2026,23:12:10,ClassifEspSWE-0002026-05-29_1,JOHANKARLSSON,202609290752M9UN6REK,,Citizen Science (ultrasonic) - shared
59~40304+18~07242_20260928_231215.wav,DEV_002_20260928_231215.wav,0,59.40304,18.07242,Phogri,Pholidoptera griseoaptera,Dark Bush-cricket,bush-cricket,0.98,,,28/09/2026,28/09/2026,23:12:15,ClassifEspSWE-0002026-05-29_1,JOHANKARLSSON,202609290752M9UN6REK,,Citizen Science (ultrasonic) - shared
59~40304+18~07242_20260928_231222.wav,DEV_002_20260928_231222.wav,0,59.40304,18.07242,Phogri,Pholidoptera griseoaptera,Dark Bush-cricket,bush-cricket,0.77,,,28/09/2026,28/09/2026,23:12:22,ClassifEspSWE-0002026-05-29_1,JOHANKARLSSON,202609290752M9UN6REK,,Citizen Science (ultrasonic) - shared
59~40304+18~07242_20260928_231228.wav,DEV_002_20260928_231228.wav,0,59.40304,18.07242,Phogri,Pholidoptera griseoaptera,Dark Bush-cricket,bush-cricket,0.97,,,28/09/2026,28/09/2026,23:12:28,ClassifEspSWE-0002026-05-29_1,JOHANKARLSSON,202609290752M9UN6REK,,Citizen Science (ultrasonic) - shared
59~40304+18~07242_20260928_231236.wav,DEV_002_20260928_231236.wav,0,59.40304,18.07242,Phogri,Pholidoptera griseoaptera,Dark Bush-cricket,bush-cricket,0.94,,,28/09/2026,28/09/2026,23:12:36,ClassifEspSWE-0002026-05-29_1,JOHANKARLSSON,202609290752M9UN6REK,,Citizen Science (ultrasonic) - shared
59~40304+18~07242_20260928_231241.wav,DEV_002_20260928_231241.wav,0,59.40304,18.07242,Phogri,Pholidoptera griseoaptera,Dark Bush-cricket,bush-cricket,0.99,,,28/09/2026,28/09/2026,23:12:41,ClassifEspSWE-0002026-05-29_1,JOHANKARLSSON,202609290752M9UN6REK,,Citizen Science (ultrasonic) - shared
59~40304+18~07242_20260928_231246.wav,DEV_002_20260928_231246.wav,0,59.40304,18.07242,Phogri,Pholidoptera griseoaptera,Dark Bush-cricket,bush-cricket,0.91,,,28/09/2026,28/09/2026,23:12:46,ClassifEspSWE-0002026-05-29_1,JOHANKARLSSON,202609290752M9UN6REK,,Citizen Science (ultrasonic) - shared
59~40304+18~07242_20260928_231253.wav,DEV_002_20260928_231253.wav,0,59.40304,18.07242,Phogri,Pholidoptera griseoaptera,Dark Bush-cricket,bush-cricket,0.99,,,28/09/2026,28/09/2026,23:12:53,ClassifEspSWE-0002026-05-29_1,JOHANKARLSSON,202609290752M9UN6REK,,Citizen Science (ultrasonic) - shared
59~40304+18~07242_20260928_231258.wav,DEV_002_20260928_231258.wav,0,59.40304,18.07242,Phogri,Pholidoptera griseoaptera,Dark Bush-cricket,bush-cricket,0.84,,,28/09/2026,28/09/2026,23:12:58,ClassifEspSWE-0002026-05-29_1,JOHANKARLSSON,202609290752M9UN6REK,,Citizen Science (ultrasonic) - shared
59~40304+18~07242_20260928_231304.wav,DEV_002_20260928_231304.wav,0,59.40304,18.07242,Phogri,Pholidoptera griseoaptera,Dark Bush-cricket,bush-cricket,0.99,,,28/09/2026,28/09/2026,23:13:04,ClassifEspSWE-0002026-05-29_1,JOHANKARLSSON,202609290752M9UN6REK,,Citizen Science (ultrasonic) - shared
59~40304+18~07242_20260928_231310.wav,DEV_002_20260928_231310.wav,0,59.40304,18.07242,Phogri,Pholidoptera griseoaptera,Dark Bush-cricket,bush-cricket,0.9,,,28/09/2026,28/09/2026,23:13:10,ClassifEspSWE-0002026-05-29_1,JOHANKARLSSON,202609290752M9UN6REK,,Citizen Science (ultrasonic) - shared
59~40304+18~07242_20260928_231315.wav,DEV_002_20260928_231315.wav,0,59.40304,18.07242,Phogri,Pholidoptera griseoaptera,Dark Bush-cricket,bush-cricket,0.99,,,28/09/2026,28/09/2026,23:13:15,ClassifEspSWE-0002026-05-29_1,JOHANKARLSSON,202609290752M9UN6REK,,Citizen Science (ultrasonic) - shared
59~40304+18~07242_20260928_231320.wav,DEV_002_20260928_231320.wav,0,59.40304,18.07242,Phogri,Pholidoptera griseoaptera,Dark Bush-cricket,bush-cricket,0.99,,,28/09/2026,28/09/2026,23:13:20,ClassifEspSWE-0002026-05-29_1,JOHANKARLSSON,202609290752M9UN6REK,,Citizen Science (ultrasonic) - shared
59~40304+18~07242_20260928_231325.wav,DEV_002_20260928_231325.wav,0,59.40304,18.07242,Phogri,Pholidoptera griseoaptera,Dark Bush-cricket,bush-cricket,0.95,,,28/09/2026,28/09/2026,23:13:25,ClassifEspSWE-0002026-05-29_1,JOHANKARLSSON,202609290752M9UN6REK,,Citizen Science (ultrasonic) - shared
59~40304+18~07242_20260928_231331.wav,DEV_002_20260928_231331.wav,0,59.40304,18.07242,Phogri,Pholidoptera griseoaptera,Dark Bush-cricket,bush-cricket,0.92,,,28/09/2026,28/09/2026,23:13:31,ClassifEspSWE-0002026-05-29_1,JOHANKARLSSON,202609290752M9UN6REK,,Citizen Science (ultrasonic) - shared
59~40304+18~07242_20260928_231337.wav,DEV_002_20260928_231337.wav,0,59.40304,18.07242,Phogri,Pholidoptera griseoaptera,Dark Bush-cricket,bush-cricket,0.93,,,28/09/2026,28/09/2026,23:13:37,ClassifEspSWE-0002026-05-29_1,JOHANKARLSSON,202609290752M9UN6REK,,Citizen Science (ultrasonic) - shared
59~40304+18~07242_20260928_231342.wav,DEV_002_20260928_231342.wav,0,59.40304,18.07242,Phogri,Pholidoptera griseoaptera,Dark Bush-cricket,bush-cricket,0.88,,,28/09/2026,28/09/2026,23:13:42,ClassifEspSWE-0002026-05-29_1,JOHANKARLSSON,202609290752M9UN6REK,,Citizen Science (ultrasonic) - shared
59~40304+18~07242_20260928_231347.wav,DEV_002_20260928_231347.wav,0,59.40304,18.07242,Phogri,Pholidoptera griseoaptera,Dark Bush-cricket,bush-cricket,0.87,,,28/09/2026,28/09/2026,23:13:47,ClassifEspSWE-0002026-05-29_1,JOHANKARLSSON,202609290752M9UN6REK,,Citizen Science (ultrasonic) - shared
59~40304+18~07242_20260928_231352.wav,DEV_002_20260928_231352.wav,0,59.40304,18.07242,Phogri,Pholidoptera griseoaptera,Dark Bush-cricket,bush-cricket,0.94,,,28/09/2026,28/09/2026,23:13:52,ClassifEspSWE-0002026-05-29_1,JOHANKARLSSON,202609290752M9UN6REK,,Citizen Science (ultrasonic) - shared
59~40304+18~07242_20260928_231359.wav,DEV_002_20260928_231359.wav,0,59.40304,18.07242,Phogri,Pholidoptera griseoaptera,Dark Bush-cricket,bush-cricket,0.98,,,28/09/2026,28/09/2026,23:13:59,ClassifEspSWE-0002026-05-29_1,JOHANKARLSSON,202609290752M9UN6REK,,Citizen Science (ultrasonic) - shared
59~40304+18~07242_20260928_231405.wav,DEV_002_20260928_231405.wav,0,59.40304,18.07242,Phogri,Pholidoptera griseoaptera,Dark Bush-cricket,bush-cricket,0.98,,,28/09/2026,28/09/2026,23:14:05,ClassifEspSWE-0002026-05-29_1,JOHANKARLSSON,202609290752M9UN6REK,,Citizen Science (ultrasonic) - shared
59~40304+18~07242_20260928_231410.wav,DEV_002_20260928_231410.wav,0,59.40304,18.07242,Phogri,Pholidoptera griseoaptera,Dark Bush-cricket,bush-cricket,0.55,,,28/09/2026,28/09/2026,23:14:10,ClassifEspSWE-0002026-05-29_1,JOHANKARLSSON,202609290752M9UN6REK,,Citizen Science (ultrasonic) - shared
59~40304+18~07242_20260928_231416.wav,DEV_002_20260928_231416.wav,0,59.40304,18.07242,Phogri,Pholidoptera griseoaptera,Dark Bush-cricket,bush-cricket,0.89,,,28/09/2026,28/09/2026,23:14:16,ClassifEspSWE-0002026-05-29_1,JOHANKARLSSON,202609290752M9UN6REK,,Citizen Science (ultrasonic) - shared
59~40304+18~07242_20260928_231421.wav,DEV_002_20260928_231421.wav,0,59.40304,18.07242,Phogri,Pholidoptera griseoaptera,Dark Bush-cricket,bush-cricket,0.98,,,28/09/2026,28/09/2026,23:14:21,ClassifEspSWE-0002026-05-29_1,JOHANKARLSSON,202609290752M9UN6REK,,Citizen Science (ultrasonic) - shared
59~40304+18~07242_20260928_231426.wav,DEV_002_20260928_231426.wav,0,59.40304,18.07242,Phogri,Pholidoptera griseoaptera,Dark Bush-cricket,bush-cricket,0.93,,,28/09/2026,28/09/2026,23:14:26,ClassifEspSWE-0002026-05-29_1,JOHANKARLSSON,202609290752M9UN6REK,,Citizen Science (ultrasonic) - shared
59~40304+18~07242_20260928_231433.wav,DEV_002_20260928_231433.wav,0,59.40304,18.07242,Phogri,Pholidoptera griseoaptera,Dark Bush-cricket,bush-cricket,0.94,,,28/09/2026,28/09/2026,23:14:33,ClassifEspSWE-0002026-05-29_1,JOHANKARLSSON,202609290752M9UN6REK,,Citizen Science (ultrasonic) - shared
59~40304+18~07242_20260928_231438.wav,DEV_002_20260928_231438.wav,0,59.40304,18.07242,Phogri,Pholidoptera griseoaptera,Dark Bush-cricket,bush-cricket,0.69,,,28/09/2026,28/09/2026,23:14:38,ClassifEspSWE-0002026-05-29_1,JOHANKARLSSON,202609290752M9UN6REK,,Citizen Science (ultrasonic) - shared
59~40304+18~07242_20260928_231444.wav,DEV_002_20260928_231444.wav,0,59.40304,18.07242,Phogri,Pholidoptera griseoaptera,Dark Bush-cricket,bush-cricket,0.82,,,28/09/2026,28/09/2026,23:14:44,ClassifEspSWE-0002026-05-29_1,JOHANKARLSSON,202609290752M9UN6REK,,Citizen Science (ultrasonic) - shared
59~40304+18~07242_20260928_231450.wav,DEV_002_20260928_231450.wav,0,59.40304,18.07242,Phogri,Pholidoptera griseoaptera,Dark Bush-cricket,bush-cricket,0.74,,,28/09/2026,28/09/2026,23:14:50,ClassifEspSWE-0002026-05-29_1,JOHANKARLSSON,202609290752M9UN6REK,,Citizen Science (ultrasonic) - shared
59~40304+18~07242_20260928_231456.wav,DEV_002_20260928_231456.wav,0,59.40304,18.07242,Phogri,Pholidoptera griseoaptera,Dark Bush-cricket,bush-cricket,0.95,,,28/09/2026,28/09/2026,23:14:56,ClassifEspSWE-0002026-05-29_1,JOHANKARLSSON,202609290752M9UN6REK,,Citizen Science (ultrasonic) - shared
59~40304+18~07242_20260928_231502.wav,DEV_002_20260928_231502.wav,0,59.40304,18.07242,Phogri,Pholidoptera griseoaptera,Dark Bush-cricket,bush-cricket,0.95,,,28/09/2026,28/09/2026,23:15:02,ClassifEspSWE-0002026-05-29_1,JOHANKARLSSON,202609290752M9UN6REK,,Citizen Science (ultrasonic) - shared
59~40304+18~07242_20260928_231508.wav,DEV_002_20260928_231508.wav,0,59.40304,18.07242,Phogri,Pholidoptera griseoaptera,Dark Bush-cricket,bush-cricket,0.86,,,28/09/2026,28/09/2026,23:15:08,ClassifEspSWE-0002026-05-29_1,JOHANKARLSSON,202609290752M9UN6REK,,Citizen Science (ultrasonic) - shared
59~40304+18~07242_20260928_231514.wav,DEV_002_20260928_231514.wav,0,59.40304,18.07242,Phogri,Pholidoptera griseoaptera,Dark Bush-cricket,bush-cricket,0.97,,,28/09/2026,28/09/2026,23:15:14,ClassifEspSWE-0002026-05-29_1,JOHANKARLSSON,202609290752M9UN6REK,,Citizen Science (ultrasonic) - shared
59~40304+18~07242_20260928_231521.wav,DEV_002_20260928_231521.wav,0,59.40304,18.07242,Phogri,Pholidoptera griseoaptera,Dark Bush-cricket,bush-cricket,0.97,,,28/09/2026,28/09/2026,23:15:21,ClassifEspSWE-0002026-05-29_1,JOHANKARLSSON,202609290752M9UN6REK,,Citizen Science (ultrasonic) - shared
59~40304+18~07242_20260928_231526.wav,DEV_002_20260928_231526.wav,0,59.40304,18.07242,Phogri,Pholidoptera griseoaptera,Dark Bush-cricket,bush-cricket,0.85,,,28/09/2026,28/09/2026,23:15:26,ClassifEspSWE-0002026-05-29_1,JOHANKARLSSON,202609290752M9UN6REK,,Citizen Science (ultrasonic) - shared
59~40304+18~07242_20260928_231533.wav,DEV_002_20260928_231533.wav,0,59.40304,18.07242,Phogri,Pholidoptera griseoaptera,Dark Bush-cricket,bush-cricket,0.98,,,28/09/2026,28/09/2026,23:15:33,ClassifEspSWE-0002026-05-29_1,JOHANKARLSSON,202609290752M9UN6REK,,Citizen Science (ultrasonic) - shared
59~40304+18~07242_20260928_231539.wav,DEV_002_20260928_231539.wav,0,59.40304,18.07242,Phogri,Pholidoptera griseoaptera,Dark Bush-cricket,bush-cricket,0.99,,,28/09/2026,28/09/2026,23:15:39,ClassifEspSWE-0002026-05-29_1,JOHANKARLSSON,202609290752M9UN6REK,,Citizen Science (ultrasonic) - shared
59~40304+18~07242_20260928_231545.wav,DEV_002_20260928_231545.wav,0,59.40304,18.07242,Phogri,Pholidoptera griseoaptera,Dark Bush-cricket,bush-cricket,0.98,,,28/09/2026,28/09/2026,23:15:45,ClassifEspSWE-0002026-05-29_1,JOHANKARLSSON,202609290752M9UN6REK,,Citizen Science (ultrasonic) - shared
59~40304+18~07242_20260928_231550.wav,DEV_002_20260928_231550.wav,0,59.40304,18.07242,Phogri,Pholidoptera griseoaptera,Dark Bush-cricket,bush-cricket,0.78,,,28/09/2026,28/09/2026,23:15:50,ClassifEspSWE-0002026-05-29_1,JOHANKARLSSON,202609290752M9UN6REK,,Citizen Science (ultrasonic) - shared
59~40304+18~07242_20260928_231556.wav,DEV_002_20260928_231556.wav,0,59.40304,18.07242,Phogri,Pholidoptera griseoaptera,Dark Bush-cricket,bush-cricket,0.92,,,28/09/2026,28/09/2026,23:15:56,ClassifEspSWE-0002026-05-29_1,JOHANKARLSSON,202609290752M9UN6REK,,Citizen Science (ultrasonic) - shared
59~40304+18~07242_20260928_231601.wav,DEV_002_20260928_231601.wav,0,59.40304,18.07242,Phogri,Pholidoptera griseoaptera,Dark Bush-cricket,bush-cricket,0.93,,,28/09/2026,28/09/2026,23:16:01,ClassifEspSWE-0002026-05-29_1,JOHANKARLSSON,202609290752M9UN6REK,,Citizen Science (ultrasonic) - shared
59~40304+18~07242_20260928_231607.wav,DEV_002_20260928_231607.wav,0,59.40304,18.07242,Phogri,Pholidoptera griseoaptera,Dark Bush-cricket,bush-cricket,0.97,,,28/09/2026,28/09/2026,23:16:07,ClassifEspSWE-0002026-05-29_1,JOHANKARLSSON,202609290752M9UN6REK,,Citizen Science (ultrasonic) - shared
59~40304+18~07242_20260928_231613.wav,DEV_002_20260928_231613.wav,0,59.40304,18.07242,Phogri,Pholidoptera griseoaptera,Dark Bush-cricket,bush-cricket,0.77,,,28/09/2026,28/09/2026,23:16:13,ClassifEspSWE-0002026-05-29_1,JOHANKARLSSON,202609290752M9UN6REK,,Citizen Science (ultrasonic) - shared
59~40304+18~07242_20260928_231619.wav,DEV_002_20260928_231619.wav,0,59.40304,18.07242,Phogri,Pholidoptera griseoaptera,Dark Bush-cricket,bush-cricket,0.92,,,28/09/2026,28/09/2026,23:16:19,ClassifEspSWE-0002026-05-29_1,JOHANKARLSSON,202609290752M9UN6REK,,Citizen Science (ultrasonic) - shared
59~40304+18~07242_20260928_231625.wav,DEV_002_20260928_231625.wav,0,59.40304,18.07242,Phogri,Pholidoptera griseoaptera,Dark Bush-cricket,bush-cricket,0.96,,,28/09/2026,28/09/2026,23:16:25,ClassifEspSWE-0002026-05-29_1,JOHANKARLSSON,202609290752M9UN6REK,,Citizen Science (ultrasonic) - shared
59~40304+18~07242_20260928_231631.wav,DEV_002_20260928_231631.wav,0,59.40304,18.07242,Phogri,Pholidoptera griseoaptera,Dark Bush-cricket,bush-cricket,0.79,,,28/09/2026,28/09/2026,23:16:31,ClassifEspSWE-0002026-05-29_1,JOHANKARLSSON,202609290752M9UN6REK,,Citizen Science (ultrasonic) - shared
59~40304+18~07242_20260928_231636.wav,DEV_002_20260928_231636.wav,0,59.40304,18.07242,Phogri,Pholidoptera griseoaptera,Dark Bush-cricket,bush-cricket,0.91,,,28/09/2026,28/09/2026,23:16:36,ClassifEspSWE-0002026-05-29_1,JOHANKARLSSON,202609290752M9UN6REK,,Citizen Science (ultrasonic) - shared
59~40304+18~07242_20260928_231643.wav,DEV_002_20260928_231643.wav,0,59.40304,18.07242,Phogri,Pholidoptera griseoaptera,Dark Bush-cricket,bush-cricket,0.95,,,28/09/2026,28/09/2026,23:16:43,ClassifEspSWE-0002026-05-29_1,JOHANKARLSSON,202609290752M9UN6REK,,Citizen Science (ultrasonic) - shared
59~40304+18~07242_20260928_231648.wav,DEV_002_20260928_231648.wav,0,59.40304,18.07242,Phogri,Pholidoptera griseoaptera,Dark Bush-cricket,bush-cricket,0.99,,,28/09/2026,28/09/2026,23:16:48,ClassifEspSWE-0002026-05-29_1,JOHANKARLSSON,202609290752M9UN6REK,,Citizen Science (ultrasonic) - shared
59~40304+18~07242_20260928_231655.wav,DEV_002_20260928_231655.wav,0,59.40304,18.07242,Phogri,Pholidoptera griseoaptera,Dark Bush-cricket,bush-cricket,0.99,,,28/09/2026,28/09/2026,23:16:55,ClassifEspSWE-0002026-05-29_1,JOHANKARLSSON,202609290752M9UN6REK,,Citizen Science (ultrasonic) - shared
59~40304+18~07242_20260928_231701.wav,DEV_002_20260928_231701.wav,0,59.40304,18.07242,Phogri,Pholidoptera griseoaptera,Dark Bush-cricket,bush-cricket,0.9,,,28/09/2026,28/09/2026,23:17:01,ClassifEspSWE-0002026-05-29_1,JOHANKARLSSON,202609290752M9UN6REK,,Citizen Science (ultrasonic) - shared
59~40304+18~07242_20260928_231706.wav,DEV_002_20260928_231706.wav,0,59.40304,18.07242,Phogri,Pholidoptera griseoaptera,Dark Bush-cricket,bush-cricket,0.95,,,28/09/2026,28/09/2026,23:17:06,ClassifEspSWE-0002026-05-29_1,JOHANKARLSSON,202609290752M9UN6REK,,Citizen Science (ultrasonic) - shared
59~40304+18~07242_20260928_231712.wav,DEV_002_20260928_231712.wav,0,59.40304,18.07242,Phogri,Pholidoptera griseoaptera,Dark Bush-cricket,bush-cricket,0.99,,,28/09/2026,28/09/2026,23:17:12,ClassifEspSWE-0002026-05-29_1,JOHANKARLSSON,202609290752M9UN6REK,,Citizen Science (ultrasonic) - shared
59~40304+18~07242_20260928_231717.wav,DEV_002_20260928_231717.wav,0,59.40304,18.07242,Phogri,Pholidoptera griseoaptera,Dark Bush-cricket,bush-cricket,0.98,,,28/09/2026,28/09/2026,23:17:17,ClassifEspSWE-0002026-05-29_1,JOHANKARLSSON,202609290752M9UN6REK,,Citizen Science (ultrasonic) - shared
59~40304+18~07242_20260928_231724.wav,DEV_002_20260928_231724.wav,0,59.40304,18.07242,Phogri,Pholidoptera griseoaptera,Dark Bush-cricket,bush-cricket,0.99,,,28/09/2026,28/09/2026,23:17:24,ClassifEspSWE-0002026-05-29_1,JOHANKARLSSON,202609290752M9UN6REK,,Citizen Science (ultrasonic) - shared
59~40304+18~07242_20260928_231729.wav,DEV_002_20260928_231729.wav,0,59.40304,18.07242,Phogri,Pholidoptera griseoaptera,Dark Bush-cricket,bush-cricket,0.9,,,28/09/2026,28/09/2026,23:17:29,ClassifEspSWE-0002026-05-29_1,JOHANKARLSSON,202609290752M9UN6REK,,Citizen Science (ultrasonic) - shared
59~40304+18~07242_20260928_231735.wav,DEV_002_20260928_231735.wav,0,59.40304,18.07242,Phogri,Pholidoptera griseoaptera,Dark Bush-cricket,bush-cricket,0.99,,,28/09/2026,28/09/2026,23:17:35,ClassifEspSWE-0002026-05-29_1,JOHANKARLSSON,202609290752M9UN6REK,,Citizen Science (ultrasonic) - shared
59~40304+18~07242_20260928_231741.wav,DEV_002_20260928_231741.wav,0,59.40304,18.07242,Phogri,Pholidoptera griseoaptera,Dark Bush-cricket,bush-cricket,0.84,,,28/09/2026,28/09/2026,23:17:41,ClassifEspSWE-0002026-05-29_1,JOHANKARLSSON,202609290752M9UN6REK,,Citizen Science (ultrasonic) - shared
59~40304+18~07242_20260928_231746.wav,DEV_002_20260928_231746.wav,0,59.40304,18.07242,Phogri,Pholidoptera griseoaptera,Dark Bush-cricket,bush-cricket,0.97,,,28/09/2026,28/09/2026,23:17:46,ClassifEspSWE-0002026-05-29_1,JOHANKARLSSON,202609290752M9UN6REK,,Citizen Science (ultrasonic) - shared
59~40304+18~07242_20260928_231752.wav,DEV_002_20260928_231752.wav,0,59.40304,18.07242,Phogri,Pholidoptera griseoaptera,Dark Bush-cricket,bush-cricket,0.91,,,28/09/2026,28/09/2026,23:17:52,ClassifEspSWE-0002026-05-29_1,JOHANKARLSSON,202609290752M9UN6REK,,Citizen Science (ultrasonic) - shared
59~40304+18~07242_20260928_231757.wav,DEV_002_20260928_231757.wav,0,59.40304,18.07242,Phogri,Pholidoptera griseoaptera,Dark Bush-cricket,bush-cricket,0.87,,,28/09/2026,28/09/2026,23:17:57,ClassifEspSWE-0002026-05-29_1,JOHANKARLSSON,202609290752M9UN6REK,,Citizen Science (ultrasonic) - shared
59~40304+18~07242_20260928_231803.wav,DEV_002_20260928_231803.wav,0,59.40304,18.07242,Phogri,Pholidoptera griseoaptera,Dark Bush-cricket,bush-cricket,0.98,,,28/09/2026,28/09/2026,23:18:03,ClassifEspSWE-0002026-05-29_1,JOHANKARLSSON,202609290752M9UN6REK,,Citizen Science (ultrasonic) - shared
59~40304+18~07242_20260928_231808.wav,DEV_002_20260928_231808.wav,0,59.40304,18.07242,Phogri,Pholidoptera griseoaptera,Dark Bush-cricket,bush-cricket,0.9,,,28/09/2026,28/09/2026,23:18:08,ClassifEspSWE-0002026-05-29_1,JOHANKARLSSON,202609290752M9UN6REK,,Citizen Science (ultrasonic) - shared
59~40304+18~07242_20260928_231814.wav,DEV_002_20260928_231814.wav,0,59.40304,18.07242,Phogri,Pholidoptera griseoaptera,Dark Bush-cricket,bush-cricket,0.91,,,28/09/2026,28/09/2026,23:18:14,ClassifEspSWE-0002026-05-29_1,JOHANKARLSSON,202609290752M9UN6REK,,Citizen Science (ultrasonic) - shared
59~40304+18~07242_20260928_231820.wav,DEV_002_20260928_231820.wav,0,59.40304,18.07242,Phogri,Pholidoptera griseoaptera,Dark Bush-cricket,bush-cricket,0.95,,,28/09/2026,28/09/2026,23:18:20,ClassifEspSWE-0002026-05-29_1,JOHANKARLSSON,202609290752M9UN6REK,,Citizen Science (ultrasonic) - shared
59~40304+18~07242_20260928_231826.wav,DEV_002_20260928_231826.wav,0,59.40304,18.07242,Phogri,Pholidoptera griseoaptera,Dark Bush-cricket,bush-cricket,0.98,,,28/09/2026,28/09/2026,23:18:26,ClassifEspSWE-0002026-05-29_1,JOHANKARLSSON,202609290752M9UN6REK,,Citizen Science (ultrasonic) - shared
59~40304+18~07242_20260928_231833.wav,DEV_002_20260928_231833.wav,0,59.40304,18.07242,Phogri,Pholidoptera griseoaptera,Dark Bush-cricket,bush-cricket,0.81,,,28/09/2026,28/09/2026,23:18:33,ClassifEspSWE-0002026-05-29_1,JOHANKARLSSON,202609290752M9UN6REK,,Citizen Science (ultrasonic) - shared
59~40304+18~07242_20260928_231838.wav,DEV_002_20260928_231838.wav,0,59.40304,18.07242,Phogri,Pholidoptera griseoaptera,Dark Bush-cricket,bush-cricket,0.92,,,28/09/2026,28/09/2026,23:18:38,ClassifEspSWE-0002026-05-29_1,JOHANKARLSSON,202609290752M9UN6REK,,Citizen Science (ultrasonic) - shared
59~40304+18~07242_20260928_231844.wav,DEV_002_20260928_231844.wav,0,59.40304,18.07242,Phogri,Pholidoptera griseoaptera,Dark Bush-cricket,bush-cricket,0.82,,,28/09/2026,28/09/2026,23:18:44,ClassifEspSWE-0002026-05-29_1,JOHANKARLSSON,202609290752M9UN6REK,,Citizen Science (ultrasonic) - shared
59~40304+18~07242_20260928_231851.wav,DEV_002_20260928_231851.wav,0,59.40304,18.07242,Phogri,Pholidoptera griseoaptera,Dark Bush-cricket,bush-cricket,0.89,,,28/09/2026,28/09/2026,23:18:51,ClassifEspSWE-0002026-05-29_1,JOHANKARLSSON,202609290752M9UN6REK,,Citizen Science (ultrasonic) - shared
59~40304+18~07242_20260928_231857.wav,DEV_002_20260928_231857.wav,0,59.40304,18.07242,Phogri,Pholidoptera griseoaptera,Dark Bush-cricket,bush-cricket,0.99,,,28/09/2026,28/09/2026,23:18:57,ClassifEspSWE-0002026-05-29_1,JOHANKARLSSON,202609290752M9UN6REK,,Citizen Science (ultrasonic) - shared
59~40304+18~07242_20260928_231902.wav,DEV_002_20260928_231902.wav,0,59.40304,18.07242,Phogri,Pholidoptera griseoaptera,Dark Bush-cricket,bush-cricket,0.94,,,28/09/2026,28/09/2026,23:19:02,ClassifEspSWE-0002026-05-29_1,JOHANKARLSSON,202609290752M9UN6REK,,Citizen Science (ultrasonic) - shared
59~40304+18~07242_20260928_231908.wav,DEV_002_20260928_231908.wav,0,59.40304,18.07242,Phogri,Pholidoptera griseoaptera,Dark Bush-cricket,bush-cricket,0.98,,,28/09/2026,28/09/2026,23:19:08,ClassifEspSWE-0002026-05-29_1,JOHANKARLSSON,202609290752M9UN6REK,,Citizen Science (ultrasonic) - shared
59~40304+18~07242_20260928_231913.wav,DEV_002_20260928_231913.wav,0,59.40304,18.07242,Phogri,Pholidoptera griseoaptera,Dark Bush-cricket,bush-cricket,0.97,,,28/09/2026,28/09/2026,23:19:13,ClassifEspSWE-0002026-05-29_1,JOHANKARLSSON,202609290752M9UN6REK,,Citizen Science (ultrasonic) - shared
59~40304+18~07242_20260928_231919.wav,DEV_002_20260928_231919.wav,0,59.40304,18.07242,Phogri,Pholidoptera griseoaptera,Dark Bush-cricket,bush-cricket,0.95,,,28/09/2026,28/09/2026,23:19:19,ClassifEspSWE-0002026-05-29_1,JOHANKARLSSON,202609290752M9UN6REK,,Citizen Science (ultrasonic) - shared
59~40304+18~07242_20260928_231925.wav,DEV_002_20260928_231925.wav,0,59.40304,18.07242,Phogri,Pholidoptera griseoaptera,Dark Bush-cricket,bush-cricket,0.96,,,28/09/2026,28/09/2026,23:19:25,ClassifEspSWE-0002026-05-29_1,JOHANKARLSSON,202609290752M9UN6REK,,Citizen Science (ultrasonic) - shared
59~40304+18~07242_20260928_231931.wav,DEV_002_20260928_231931.wav,0,59.40304,18.07242,Phogri,Pholidoptera griseoaptera,Dark Bush-cricket,bush-cricket,0.66,,,28/09/2026,28/09/2026,23:19:31,ClassifEspSWE-0002026-05-29_1,JOHANKARLSSON,202609290752M9UN6REK,,Citizen Science (ultrasonic) - shared
59~40304+18~07242_20260928_231936.wav,DEV_002_20260928_231936.wav,0,59.40304,18.07242,Phogri,Pholidoptera griseoaptera,Dark Bush-cricket,bush-cricket,0.84,,,28/09/2026,28/09/2026,23:19:36,ClassifEspSWE-0002026-05-29_1,JOHANKARLSSON,202609290752M9UN6REK,,Citizen Science (ultrasonic) - shared
59~40304+18~07242_20260928_231942.wav,DEV_002_20260928_231942.wav,0,59.40304,18.07242,Phogri,Pholidoptera griseoaptera,Dark Bush-cricket,bush-cricket,0.88,,,28/09/2026,28/09/2026,23:19:42,ClassifEspSWE-0002026-05-29_1,JOHANKARLSSON,202609290752M9UN6REK,,Citizen Science (ultrasonic) - shared
59~40304+18~07242_20260928_231948.wav,DEV_002_20260928_231948.wav,0,59.40304,18.07242,Phogri,Pholidoptera griseoaptera,Dark Bush-cricket,bush-cricket,0.79,,,28/09/2026,28/09/2026,23:19:48,ClassifEspSWE-0002026-05-29_1,JOHANKARLSSON,202609290752M9UN6REK,,Citizen Science (ultrasonic) - shared
59~40304+18~07242_20260928_231959.wav,DEV_002_20260928_231959.wav,0,59.40304,18.07242,Phogri,Pholidoptera griseoaptera,Dark Bush-cricket,bush-cricket,0.84,,,28/09/2026,28/09/2026,23:19:59,ClassifEspSWE-0002026-05-29_1,JOHANKARLSSON,202609290752M9UN6REK,,Citizen Science (ultrasonic) - shared
59~40304+18~07242_20260928_232005.wav,DEV_002_20260928_232005.wav,0,59.40304,18.07242,Phogri,Pholidoptera griseoaptera,Dark Bush-cricket,bush-cricket,0.98,,,28/09/2026,28/09/2026,23:20:05,ClassifEspSWE-0002026-05-29_1,JOHANKARLSSON,202609290752M9UN6REK,,Citizen Science (ultrasonic) - shared
59~40304+18~07242_20260928_232010.wav,DEV_002_20260928_232010.wav,0,59.40304,18.07242,Phogri,Pholidoptera griseoaptera,Dark Bush-cricket,bush-cricket,0.94,,,28/09/2026,28/09/2026,23:20:10,ClassifEspSWE-0002026-05-29_1,JOHANKARLSSON,202609290752M9UN6REK,,Citizen Science (ultrasonic) - shared
59~40304+18~07242_20260928_232016.wav,DEV_002_20260928_232016.wav,0,59.40304,18.07242,Phogri,Pholidoptera griseoaptera,Dark Bush-cricket,bush-cricket,0.99,,,28/09/2026,28/09/2026,23:20:16,ClassifEspSWE-0002026-05-29_1,JOHANKARLSSON,202609290752M9UN6REK,,Citizen Science (ultrasonic) - shared
59~40304+18~07242_20260928_232022.wav,DEV_002_20260928_232022.wav,0,59.40304,18.07242,Phogri,Pholidoptera griseoaptera,Dark Bush-cricket,bush-cricket,0.96,,,28/09/2026,28/09/2026,23:20:22,ClassifEspSWE-0002026-05-29_1,JOHANKARLSSON,202609290752M9UN6REK,,Citizen Science (ultrasonic) - shared
59~40304+18~07242_20260928_232028.wav,DEV_002_20260928_232028.wav,0,59.40304,18.07242,Phogri,Pholidoptera griseoaptera,Dark Bush-cricket,bush-cricket,0.95,,,28/09/2026,28/09/2026,23:20:28,ClassifEspSWE-0002026-05-29_1,JOHANKARLSSON,202609290752M9UN6REK,,Citizen Science (ultrasonic) - shared
59~40304+18~07242_20260928_232033.wav,DEV_002_20260928_232033.wav,0,59.40304,18.07242,Phogri,Pholidoptera griseoaptera,Dark Bush-cricket,bush-cricket,0.53,,,28/09/2026,28/09/2026,23:20:33,ClassifEspSWE-0002026-05-29_1,JOHANKARLSSON,202609290752M9UN6REK,,Citizen Science (ultrasonic) - shared
59~40304+18~07242_20260928_232039.wav,DEV_002_20260928_232039.wav,0,59.40304,18.07242,Phogri,Pholidoptera griseoaptera,Dark Bush-cricket,bush-cricket,0.86,,,28/09/2026,28/09/2026,23:20:39,ClassifEspSWE-0002026-05-29_1,JOHANKARLSSON,202609290752M9UN6REK,,Citizen Science (ultrasonic) - shared
59~40304+18~07242_20260928_232045.wav,DEV_002_20260928_232045.wav,0,59.40304,18.07242,Phogri,Pholidoptera griseoaptera,Dark Bush-cricket,bush-cricket,0.98,,,28/09/2026,28/09/2026,23:20:45,ClassifEspSWE-0002026-05-29_1,JOHANKARLSSON,202609290752M9UN6REK,,Citizen Science (ultrasonic) - shared
59~40304+18~07242_20260928_232052.wav,DEV_002_20260928_232052.wav,0,59.40304,18.07242,Phogri,Pholidoptera griseoaptera,Dark Bush-cricket,bush-cricket,0.89,,,28/09/2026,28/09/2026,23:20:52,ClassifEspSWE-0002026-05-29_1,JOHANKARLSSON,202609290752M9UN6REK,,Citizen Science (ultrasonic) - shared
59~40304+18~07242_20260928_232057.wav,DEV_002_20260928_232057.wav,0,59.40304,18.07242,Phogri,Pholidoptera griseoaptera,Dark Bush-cricket,bush-cricket,0.94,,,28/09/2026,28/09/2026,23:20:57,ClassifEspSWE-0002026-05-29_1,JOHANKARLSSON,202609290752M9UN6REK,,Citizen Science (ultrasonic) - shared
59~40304+18~07242_20260928_232104.wav,DEV_002_20260928_232104.wav,0,59.40304,18.07242,Phogri,Pholidoptera griseoaptera,Dark Bush-cricket,bush-cricket,0.61,,,28/09/2026,28/09/2026,23:21:04,ClassifEspSWE-0002026-05-29_1,JOHANKARLSSON,202609290752M9UN6REK,,Citizen Science (ultrasonic) - shared
59~40304+18~07242_20260928_232109.wav,DEV_002_20260928_232109.wav,0,59.40304,18.07242,Phogri,Pholidoptera griseoaptera,Dark Bush-cricket,bush-cricket,0.6,,,28/09/2026,28/09/2026,23:21:09,ClassifEspSWE-0002026-05-29_1,JOHANKARLSSON,202609290752M9UN6REK,,Citizen Science (ultrasonic) - shared
59~40304+18~07242_20260928_232114.wav,DEV_002_20260928_232114.wav,0,59.40304,18.07242,Phogri,Pholidoptera griseoaptera,Dark Bush-cricket,bush-cricket,0.77,,,28/09/2026,28/09/2026,23:21:14,ClassifEspSWE-0002026-05-29_1,JOHANKARLSSON,202609290752M9UN6REK,,Citizen Science (ultrasonic) - shared
59~40304+18~07242_20260928_232120.wav,DEV_002_20260928_232120.wav,0,59.40304,18.07242,Phogri,Pholidoptera griseoaptera,Dark Bush-cricket,bush-cricket,0.98,,,28/09/2026,28/09/2026,23:21:20,ClassifEspSWE-0002026-05-29_1,JOHANKARLSSON,202609290752M9UN6REK,,Citizen Science (ultrasonic) - shared
59~40304+18~07242_20260928_232125.wav,DEV_002_20260928_232125.wav,0,59.40304,18.07242,Phogri,Pholidoptera griseoaptera,Dark Bush-cricket,bush-cricket,0.97,,,28/09/2026,28/09/2026,23:21:25,ClassifEspSWE-0002026-05-29_1,JOHANKARLSSON,202609290752M9UN6REK,,Citizen Science (ultrasonic) - shared
59~40304+18~07242_20260928_232130.wav,DEV_002_20260928_232130.wav,0,59.40304,18.07242,Phogri,Pholidoptera griseoaptera,Dark Bush-cricket,bush-cricket,0.9,,,28/09/2026,28/09/2026,23:21:30,ClassifEspSWE-0002026-05-29_1,JOHANKARLSSON,202609290752M9UN6REK,,Citizen Science (ultrasonic) - shared
59~40304+18~07242_20260928_232136.wav,DEV_002_20260928_232136.wav,0,59.40304,18.07242,Phogri,Pholidoptera griseoaptera,Dark Bush-cricket,bush-cricket,0.99,,,28/09/2026,28/09/2026,23:21:36,ClassifEspSWE-0002026-05-29_1,JOHANKARLSSON,202609290752M9UN6REK,,Citizen Science (ultrasonic) - shared
59~40304+18~07242_20260928_232142.wav,DEV_002_20260928_232142.wav,0,59.40304,18.07242,Phogri,Pholidoptera griseoaptera,Dark Bush-cricket,bush-cricket,0.94,,,28/09/2026,28/09/2026,23:21:42,ClassifEspSWE-0002026-05-29_1,JOHANKARLSSON,202609290752M9UN6REK,,Citizen Science (ultrasonic) - shared
59~40304+18~07242_20260928_232148.wav,DEV_002_20260928_232148.wav,0,59.40304,18.07242,Phogri,Pholidoptera griseoaptera,Dark Bush-cricket,bush-cricket,0.84,,,28/09/2026,28/09/2026,23:21:48,ClassifEspSWE-0002026-05-29_1,JOHANKARLSSON,202609290752M9UN6REK,,Citizen Science (ultrasonic) - shared
59~40304+18~07242_20260928_232155.wav,DEV_002_20260928_232155.wav,0,59.40304,18.07242,Phogri,Pholidoptera griseoaptera,Dark Bush-cricket,bush-cricket,0.91,,,28/09/2026,28/09/2026,23:21:55,ClassifEspSWE-0002026-05-29_1,JOHANKARLSSON,202609290752M9UN6REK,,Citizen Science (ultrasonic) - shared
59~40304+18~07242_20260928_232201.wav,DEV_002_20260928_232201.wav,0,59.40304,18.07242,Phogri,Pholidoptera griseoaptera,Dark Bush-cricket,bush-cricket,0.86,,,28/09/2026,28/09/2026,23:22:01,ClassifEspSWE-0002026-05-29_1,JOHANKARLSSON,202609290752M9UN6REK,,Citizen Science (ultrasonic) - shared
59~40304+18~07242_20260928_232207.wav,DEV_002_20260928_232207.wav,0,59.40304,18.07242,Phogri,Pholidoptera griseoaptera,Dark Bush-cricket,bush-cricket,0.99,,,28/09/2026,28/09/2026,23:22:07,ClassifEspSWE-0002026-05-29_1,JOHANKARLSSON,202609290752M9UN6REK,,Citizen Science (ultrasonic) - shared
59~40304+18~07242_20260928_232212.wav,DEV_002_20260928_232212.wav,0,59.40304,18.07242,Phogri,Pholidoptera griseoaptera,Dark Bush-cricket,bush-cricket,0.86,,,28/09/2026,28/09/2026,23:22:12,ClassifEspSWE-0002026-05-29_1,JOHANKARLSSON,202609290752M9UN6REK,,Citizen Science (ultrasonic) - shared
59~40304+18~07242_20260928_232218.wav,DEV_002_20260928_232218.wav,0,59.40304,18.07242,Phogri,Pholidoptera griseoaptera,Dark Bush-cricket,bush-cricket,0.96,,,28/09/2026,28/09/2026,23:22:18,ClassifEspSWE-0002026-05-29_1,JOHANKARLSSON,202609290752M9UN6REK,,Citizen Science (ultrasonic) - shared
59~40304+18~07242_20260928_232224.wav,DEV_002_20260928_232224.wav,0,59.40304,18.07242,Phogri,Pholidoptera griseoaptera,Dark Bush-cricket,bush-cricket,0.91,,,28/09/2026,28/09/2026,23:22:24,ClassifEspSWE-0002026-05-29_1,JOHANKARLSSON,202609290752M9UN6REK,,Citizen Science (ultrasonic) - shared
59~40304+18~07242_20260928_232231.wav,DEV_002_20260928_232231.wav,0,59.40304,18.07242,Phogri,Pholidoptera griseoaptera,Dark Bush-cricket,bush-cricket,0.95,,,28/09/2026,28/09/2026,23:22:31,ClassifEspSWE-0002026-05-29_1,JOHANKARLSSON,202609290752M9UN6REK,,Citizen Science (ultrasonic) - shared
59~40304+18~07242_20260928_232237.wav,DEV_002_20260928_232237.wav,0,59.40304,18.07242,Phogri,Pholidoptera griseoaptera,Dark Bush-cricket,bush-cricket,0.95,,,28/09/2026,28/09/2026,23:22:37,ClassifEspSWE-0002026-05-29_1,JOHANKARLSSON,202609290752M9UN6REK,,Citizen Science (ultrasonic) - shared
59~40304+18~07242_20260928_232243.wav,DEV_002_20260928_232243.wav,0,59.40304,18.07242,Phogri,Pholidoptera griseoaptera,Dark Bush-cricket,bush-cricket,0.98,,,28/09/2026,28/09/2026,23:22:43,ClassifEspSWE-0002026-05-29_1,JOHANKARLSSON,202609290752M9UN6REK,,Citizen Science (ultrasonic) - shared
59~40304+18~07242_20260928_232248.wav,DEV_002_20260928_232248.wav,0,59.40304,18.07242,Phogri,Pholidoptera griseoaptera,Dark Bush-cricket,bush-cricket,0.95,,,28/09/2026,28/09/2026,23:22:48,ClassifEspSWE-0002026-05-29_1,JOHANKARLSSON,202609290752M9UN6REK,,Citizen Science (ultrasonic) - shared
59~40304+18~07242_20260928_232253.wav,DEV_002_20260928_232253.wav,0,59.40304,18.07242,Phogri,Pholidoptera griseoaptera,Dark Bush-cricket,bush-cricket,0.84,,,28/09/2026,28/09/2026,23:22:53,ClassifEspSWE-0002026-05-29_1,JOHANKARLSSON,202609290752M9UN6REK,,Citizen Science (ultrasonic) - shared
59~40304+18~07242_20260928_232259.wav,DEV_002_20260928_232259.wav,0,59.40304,18.07242,Phogri,Pholidoptera griseoaptera,Dark Bush-cricket,bush-cricket,0.53,,,28/09/2026,28/09/2026,23:22:59,ClassifEspSWE-0002026-05-29_1,JOHANKARLSSON,202609290752M9UN6REK,,Citizen Science (ultrasonic) - shared
59~40304+18~07242_20260928_232304.wav,DEV_002_20260928_232304.wav,0,59.40304,18.07242,Phogri,Pholidoptera griseoaptera,Dark Bush-cricket,bush-cricket,0.97,,,28/09/2026,28/09/2026,23:23:04,ClassifEspSWE-0002026-05-29_1,JOHANKARLSSON,202609290752M9UN6REK,,Citizen Science (ultrasonic) - shared
59~40304+18~07242_20260928_232310.wav,DEV_002_20260928_232310.wav,0,59.40304,18.07242,Phogri,Pholidoptera griseoaptera,Dark Bush-cricket,bush-cricket,0.74,,,28/09/2026,28/09/2026,23:23:10,ClassifEspSWE-0002026-05-29_1,JOHANKARLSSON,202609290752M9UN6REK,,Citizen Science (ultrasonic) - shared
59~40304+18~07242_20260928_232315.wav,DEV_002_20260928_232315.wav,0,59.40304,18.07242,Phogri,Pholidoptera griseoaptera,Dark Bush-cricket,bush-cricket,0.97,,,28/09/2026,28/09/2026,23:23:15,ClassifEspSWE-0002026-05-29_1,JOHANKARLSSON,202609290752M9UN6REK,,Citizen Science (ultrasonic) - shared
59~40304+18~07242_20260928_232321.wav,DEV_002_20260928_232321.wav,0,59.40304,18.07242,Phogri,Pholidoptera griseoaptera,Dark Bush-cricket,bush-cricket,0.94,,,28/09/2026,28/09/2026,23:23:21,ClassifEspSWE-0002026-05-29_1,JOHANKARLSSON,202609290752M9UN6REK,,Citizen Science (ultrasonic) - shared
59~40304+18~07242_20260928_232326.wav,DEV_002_20260928_232326.wav,0,59.40304,18.07242,Phogri,Pholidoptera griseoaptera,Dark Bush-cricket,bush-cricket,0.75,,,28/09/2026,28/09/2026,23:23:26,ClassifEspSWE-0002026-05-29_1,JOHANKARLSSON,202609290752M9UN6REK,,Citizen Science (ultrasonic) - shared
59~40304+18~07242_20260928_232332.wav,DEV_002_20260928_232332.wav,0,59.40304,18.07242,Phogri,Pholidoptera griseoaptera,Dark Bush-cricket,bush-cricket,0.91,,,28/09/2026,28/09/2026,23:23:32,ClassifEspSWE-0002026-05-29_1,JOHANKARLSSON,202609290752M9UN6REK,,Citizen Science (ultrasonic) - shared
59~40304+18~07242_20260928_232338.wav,DEV_002_20260928_232338.wav,0,59.40304,18.07242,Phogri,Pholidoptera griseoaptera,Dark Bush-cricket,bush-cricket,0.98,,,28/09/2026,28/09/2026,23:23:38,ClassifEspSWE-0002026-05-29_1,JOHANKARLSSON,202609290752M9UN6REK,,Citizen Science (ultrasonic) - shared
59~40304+18~07242_20260928_232344.wav,DEV_002_20260928_232344.wav,0,59.40304,18.07242,Phogri,Pholidoptera griseoaptera,Dark Bush-cricket,bush-cricket,0.89,,,28/09/2026,28/09/2026,23:23:44,ClassifEspSWE-0002026-05-29_1,JOHANKARLSSON,202609290752M9UN6REK,,Citizen Science (ultrasonic) - shared
59~40304+18~07242_20260928_232350.wav,DEV_002_20260928_232350.wav,0,59.40304,18.07242,Phogri,Pholidoptera griseoaptera,Dark Bush-cricket,bush-cricket,0.89,,,28/09/2026,28/09/2026,23:23:50,ClassifEspSWE-0002026-05-29_1,JOHANKARLSSON,202609290752M9UN6REK,,Citizen Science (ultrasonic) - shared
59~40304+18~07242_20260928_232356.wav,DEV_002_20260928_232356.wav,0,59.40304,18.07242,Phogri,Pholidoptera griseoaptera,Dark Bush-cricket,bush-cricket,0.77,,,28/09/2026,28/09/2026,23:23:56,ClassifEspSWE-0002026-05-29_1,JOHANKARLSSON,202609290752M9UN6REK,,Citizen Science (ultrasonic) - shared
59~40304+18~07242_20260928_232401.wav,DEV_002_20260928_232401.wav,0,59.40304,18.07242,Phogri,Pholidoptera griseoaptera,Dark Bush-cricket,bush-cricket,0.97,,,28/09/2026,28/09/2026,23:24:01,ClassifEspSWE-0002026-05-29_1,JOHANKARLSSON,202609290752M9UN6REK,,Citizen Science (ultrasonic) - shared
59~40304+18~07242_20260928_232407.wav,DEV_002_20260928_232407.wav,0,59.40304,18.07242,Phogri,Pholidoptera griseoaptera,Dark Bush-cricket,bush-cricket,0.95,,,28/09/2026,28/09/2026,23:24:07,ClassifEspSWE-0002026-05-29_1,JOHANKARLSSON,202609290752M9UN6REK,,Citizen Science (ultrasonic) - shared
59~40304+18~07242_20260928_232413.wav,DEV_002_20260928_232413.wav,0,59.40304,18.07242,Phogri,Pholidoptera griseoaptera,Dark Bush-cricket,bush-cricket,0.99,,,28/09/2026,28/09/2026,23:24:13,ClassifEspSWE-0002026-05-29_1,JOHANKARLSSON,202609290752M9UN6REK,,Citizen Science (ultrasonic) - shared
59~40304+18~07242_20260928_232418.wav,DEV_002_20260928_232418.wav,0,59.40304,18.07242,Phogri,Pholidoptera griseoaptera,Dark Bush-cricket,bush-cricket,0.98,,,28/09/2026,28/09/2026,23:24:18,ClassifEspSWE-0002026-05-29_1,JOHANKARLSSON,202609290752M9UN6REK,,Citizen Science (ultrasonic) - shared
59~40304+18~07242_20260928_232425.wav,DEV_002_20260928_232425.wav,0,59.40304,18.07242,Phogri,Pholidoptera griseoaptera,Dark Bush-cricket,bush-cricket,0.97,,,28/09/2026,28/09/2026,23:24:25,ClassifEspSWE-0002026-05-29_1,JOHANKARLSSON,202609290752M9UN6REK,,Citizen Science (ultrasonic) - shared
59~40304+18~07242_20260928_232430.wav,DEV_002_20260928_232430.wav,0,59.40304,18.07242,Phogri,Pholidoptera griseoaptera,Dark Bush-cricket,bush-cricket,0.7,,,28/09/2026,28/09/2026,23:24:30,ClassifEspSWE-0002026-05-29_1,JOHANKARLSSON,202609290752M9UN6REK,,Citizen Science (ultrasonic) - shared
59~40304+18~07242_20260928_232436.wav,DEV_002_20260928_232436.wav,0,59.40304,18.07242,Phogri,Pholidoptera griseoaptera,Dark Bush-cricket,bush-cricket,0.86,,,28/09/2026,28/09/2026,23:24:36,ClassifEspSWE-0002026-05-29_1,JOHANKARLSSON,202609290752M9UN6REK,,Citizen Science (ultrasonic) - shared
59~40304+18~07242_20260928_232441.wav,DEV_002_20260928_232441.wav,0,59.40304,18.07242,Phogri,Pholidoptera griseoaptera,Dark Bush-cricket,bush-cricket,0.62,,,28/09/2026,28/09/2026,23:24:41,ClassifEspSWE-0002026-05-29_1,JOHANKARLSSON,202609290752M9UN6REK,,Citizen Science (ultrasonic) - shared
59~40304+18~07242_20260928_232447.wav,DEV_002_20260928_232447.wav,0,59.40304,18.07242,Phogri,Pholidoptera griseoaptera,Dark Bush-cricket,bush-cricket,0.99,,,28/09/2026,28/09/2026,23:24:47,ClassifEspSWE-0002026-05-29_1,JOHANKARLSSON,202609290752M9UN6REK,,Citizen Science (ultrasonic) - shared
59~40304+18~07242_20260928_232452.wav,DEV_002_20260928_232452.wav,0,59.40304,18.07242,Phogri,Pholidoptera griseoaptera,Dark Bush-cricket,bush-cricket,0.96,,,28/09/2026,28/09/2026,23:24:52,ClassifEspSWE-0002026-05-29_1,JOHANKARLSSON,202609290752M9UN6REK,,Citizen Science (ultrasonic) - shared
59~40304+18~07242_20260928_232458.wav,DEV_002_20260928_232458.wav,0,59.40304,18.07242,Phogri,Pholidoptera griseoaptera,Dark Bush-cricket,bush-cricket,0.99,,,28/09/2026,28/09/2026,23:24:58,ClassifEspSWE-0002026-05-29_1,JOHANKARLSSON,202609290752M9UN6REK,,Citizen Science (ultrasonic) - shared
59~40304+18~07242_20260928_232504.wav,DEV_002_20260928_232504.wav,0,59.40304,18.07242,Phogri,Pholidoptera griseoaptera,Dark Bush-cricket,bush-cricket,0.81,,,28/09/2026,28/09/2026,23:25:04,ClassifEspSWE-0002026-05-29_1,JOHANKARLSSON,202609290752M9UN6REK,,Citizen Science (ultrasonic) - shared
59~40304+18~07242_20260928_232509.wav,DEV_002_20260928_232509.wav,0,59.40304,18.07242,Phogri,Pholidoptera griseoaptera,Dark Bush-cricket,bush-cricket,0.9,,,28/09/2026,28/09/2026,23:25:09,ClassifEspSWE-0002026-05-29_1,JOHANKARLSSON,202609290752M9UN6REK,,Citizen Science (ultrasonic) - shared
59~40304+18~07242_20260928_232515.wav,DEV_002_20260928_232515.wav,0,59.40304,18.07242,Phogri,Pholidoptera griseoaptera,Dark Bush-cricket,bush-cricket,0.95,,,28/09/2026,28/09/2026,23:25:15,ClassifEspSWE-0002026-05-29_1,JOHANKARLSSON,202609290752M9UN6REK,,Citizen Science (ultrasonic) - shared
59~40304+18~07242_20260928_232521.wav,DEV_002_20260928_232521.wav,0,59.40304,18.07242,Phogri,Pholidoptera griseoaptera,Dark Bush-cricket,bush-cricket,0.88,,,28/09/2026,28/09/2026,23:25:21,ClassifEspSWE-0002026-05-29_1,JOHANKARLSSON,202609290752M9UN6REK,,Citizen Science (ultrasonic) - shared
59~40304+18~07242_20260928_232527.wav,DEV_002_20260928_232527.wav,0,59.40304,18.07242,Phogri,Pholidoptera griseoaptera,Dark Bush-cricket,bush-cricket,0.85,,,28/09/2026,28/09/2026,23:25:27,ClassifEspSWE-0002026-05-29_1,JOHANKARLSSON,202609290752M9UN6REK,,Citizen Science (ultrasonic) - shared
59~40304+18~07242_20260928_232533.wav,DEV_002_20260928_232533.wav,0,59.40304,18.07242,Phogri,Pholidoptera griseoaptera,Dark Bush-cricket,bush-cricket,0.9,,,28/09/2026,28/09/2026,23:25:33,ClassifEspSWE-0002026-05-29_1,JOHANKARLSSON,202609290752M9UN6REK,,Citizen Science (ultrasonic) - shared
59~40304+18~07242_20260928_232539.wav,DEV_002_20260928_232539.wav,0,59.40304,18.07242,Phogri,Pholidoptera griseoaptera,Dark Bush-cricket,bush-cricket,0.72,,,28/09/2026,28/09/2026,23:25:39,ClassifEspSWE-0002026-05-29_1,JOHANKARLSSON,202609290752M9UN6REK,,Citizen Science (ultrasonic) - shared
59~40304+18~07242_20260928_232544.wav,DEV_002_20260928_232544.wav,0,59.40304,18.07242,Phogri,Pholidoptera griseoaptera,Dark Bush-cricket,bush-cricket,0.93,,,28/09/2026,28/09/2026,23:25:44,ClassifEspSWE-0002026-05-29_1,JOHANKARLSSON,202609290752M9UN6REK,,Citizen Science (ultrasonic) - shared
59~40304+18~07242_20260928_232550.wav,DEV_002_20260928_232550.wav,0,59.40304,18.07242,Phogri,Pholidoptera griseoaptera,Dark Bush-cricket,bush-cricket,0.96,,,28/09/2026,28/09/2026,23:25:50,ClassifEspSWE-0002026-05-29_1,JOHANKARLSSON,202609290752M9UN6REK,,Citizen Science (ultrasonic) - shared
59~40304+18~07242_20260928_232555.wav,DEV_002_20260928_232555.wav,0,59.40304,18.07242,Phogri,Pholidoptera griseoaptera,Dark Bush-cricket,bush-cricket,0.97,,,28/09/2026,28/09/2026,23:25:55,ClassifEspSWE-0002026-05-29_1,JOHANKARLSSON,202609290752M9UN6REK,,Citizen Science (ultrasonic) - shared
59~40304+18~07242_20260928_232601.wav,DEV_002_20260928_232601.wav,0,59.40304,18.07242,Phogri,Pholidoptera griseoaptera,Dark Bush-cricket,bush-cricket,0.94,,,28/09/2026,28/09/2026,23:26:01,ClassifEspSWE-0002026-05-29_1,JOHANKARLSSON,202609290752M9UN6REK,,Citizen Science (ultrasonic) - shared
59~40304+18~07242_20260928_232607.wav,DEV_002_20260928_232607.wav,0,59.40304,18.07242,Phogri,Pholidoptera griseoaptera,Dark Bush-cricket,bush-cricket,0.61,,,28/09/2026,28/09/2026,23:26:07,ClassifEspSWE-0002026-05-29_1,JOHANKARLSSON,202609290752M9UN6REK,,Citizen Science (ultrasonic) - shared
59~40304+18~07242_20260928_232612.wav,DEV_002_20260928_232612.wav,0,59.40304,18.07242,Phogri,Pholidoptera griseoaptera,Dark Bush-cricket,bush-cricket,0.65,,,28/09/2026,28/09/2026,23:26:12,ClassifEspSWE-0002026-05-29_1,JOHANKARLSSON,202609290752M9UN6REK,,Citizen Science (ultrasonic) - shared
59~40304+18~07242_20260928_232617.wav,DEV_002_20260928_232617.wav,0,59.40304,18.07242,Phogri,Pholidoptera griseoaptera,Dark Bush-cricket,bush-cricket,0.98,,,28/09/2026,28/09/2026,23:26:17,ClassifEspSWE-0002026-05-29_1,JOHANKARLSSON,202609290752M9UN6REK,,Citizen Science (ultrasonic) - shared
59~40304+18~07242_20260928_232622.wav,DEV_002_20260928_232622.wav,0,59.40304,18.07242,Phogri,Pholidoptera griseoaptera,Dark Bush-cricket,bush-cricket,0.61,,,28/09/2026,28/09/2026,23:26:22,ClassifEspSWE-0002026-05-29_1,JOHANKARLSSON,202609290752M9UN6REK,,Citizen Science (ultrasonic) - shared
59~40304+18~07242_20260928_232628.wav,DEV_002_20260928_232628.wav,0,59.40304,18.07242,Phogri,Pholidoptera griseoaptera,Dark Bush-cricket,bush-cricket,0.99,,,28/09/2026,28/09/2026,23:26:28,ClassifEspSWE-0002026-05-29_1,JOHANKARLSSON,202609290752M9UN6REK,,Citizen Science (ultrasonic) - shared
59~40304+18~07242_20260928_232633.wav,DEV_002_20260928_232633.wav,0,59.40304,18.07242,Phogri,Pholidoptera griseoaptera,Dark Bush-cricket,bush-cricket,0.99,,,28/09/2026,28/09/2026,23:26:33,ClassifEspSWE-0002026-05-29_1,JOHANKARLSSON,202609290752M9UN6REK,,Citizen Science (ultrasonic) - shared
59~40304+18~07242_20260928_232638.wav,DEV_002_20260928_232638.wav,0,59.40304,18.07242,Phogri,Pholidoptera griseoaptera,Dark Bush-cricket,bush-cricket,0.87,,,28/09/2026,28/09/2026,23:26:38,ClassifEspSWE-0002026-05-29_1,JOHANKARLSSON,202609290752M9UN6REK,,Citizen Science (ultrasonic) - shared
59~40304+18~07242_20260928_232644.wav,DEV_002_20260928_232644.wav,0,59.40304,18.07242,Phogri,Pholidoptera griseoaptera,Dark Bush-cricket,bush-cricket,0.95,,,28/09/2026,28/09/2026,23:26:44,ClassifEspSWE-0002026-05-29_1,JOHANKARLSSON,202609290752M9UN6REK,,Citizen Science (ultrasonic) - shared
59~40304+18~07242_20260928_232649.wav,DEV_002_20260928_232649.wav,0,59.40304,18.07242,Phogri,Pholidoptera griseoaptera,Dark Bush-cricket,bush-cricket,0.89,,,28/09/2026,28/09/2026,23:26:49,ClassifEspSWE-0002026-05-29_1,JOHANKARLSSON,202609290752M9UN6REK,,Citizen Science (ultrasonic) - shared
59~40304+18~07242_20260928_232655.wav,DEV_002_20260928_232655.wav,0,59.40304,18.07242,Phogri,Pholidoptera griseoaptera,Dark Bush-cricket,bush-cricket,0.94,,,28/09/2026,28/09/2026,23:26:55,ClassifEspSWE-0002026-05-29_1,JOHANKARLSSON,202609290752M9UN6REK,,Citizen Science (ultrasonic) - shared
59~40304+18~07242_20260928_232700.wav,DEV_002_20260928_232700.wav,0,59.40304,18.07242,Phogri,Pholidoptera griseoaptera,Dark Bush-cricket,bush-cricket,0.98,,,28/09/2026,28/09/2026,23:27:00,ClassifEspSWE-0002026-05-29_1,JOHANKARLSSON,202609290752M9UN6REK,,Citizen Science (ultrasonic) - shared
59~40304+18~07242_20260928_232705.wav,DEV_002_20260928_232705.wav,0,59.40304,18.07242,Phogri,Pholidoptera griseoaptera,Dark Bush-cricket,bush-cricket,0.94,,,28/09/2026,28/09/2026,23:27:05,ClassifEspSWE-0002026-05-29_1,JOHANKARLSSON,202609290752M9UN6REK,,Citizen Science (ultrasonic) - shared
59~40304+18~07242_20260928_232711.wav,DEV_002_20260928_232711.wav,0,59.40304,18.07242,Phogri,Pholidoptera griseoaptera,Dark Bush-cricket,bush-cricket,0.84,,,28/09/2026,28/09/2026,23:27:11,ClassifEspSWE-0002026-05-29_1,JOHANKARLSSON,202609290752M9UN6REK,,Citizen Science (ultrasonic) - shared
59~40304+18~07242_20260928_232717.wav,DEV_002_20260928_232717.wav,0,59.40304,18.07242,Phogri,Pholidoptera griseoaptera,Dark Bush-cricket,bush-cricket,0.94,,,28/09/2026,28/09/2026,23:27:17,ClassifEspSWE-0002026-05-29_1,JOHANKARLSSON,202609290752M9UN6REK,,Citizen Science (ultrasonic) - shared
59~40304+18~07242_20260928_232722.wav,DEV_002_20260928_232722.wav,0,59.40304,18.07242,Phogri,Pholidoptera griseoaptera,Dark Bush-cricket,bush-cricket,0.98,,,28/09/2026,28/09/2026,23:27:22,ClassifEspSWE-0002026-05-29_1,JOHANKARLSSON,202609290752M9UN6REK,,Citizen Science (ultrasonic) - shared
59~40304+18~07242_20260928_232727.wav,DEV_002_20260928_232727.wav,0,59.40304,18.07242,Phogri,Pholidoptera griseoaptera,Dark Bush-cricket,bush-cricket,0.92,,,28/09/2026,28/09/2026,23:27:27,ClassifEspSWE-0002026-05-29_1,JOHANKARLSSON,202609290752M9UN6REK,,Citizen Science (ultrasonic) - shared
59~40304+18~07242_20260928_232733.wav,DEV_002_20260928_232733.wav,0,59.40304,18.07242,Phogri,Pholidoptera griseoaptera,Dark Bush-cricket,bush-cricket,0.98,,,28/09/2026,28/09/2026,23:27:33,ClassifEspSWE-0002026-05-29_1,JOHANKARLSSON,202609290752M9UN6REK,,Citizen Science (ultrasonic) - shared
59~40304+18~07242_20260928_232739.wav,DEV_002_20260928_232739.wav,0,59.40304,18.07242,Phogri,Pholidoptera griseoaptera,Dark Bush-cricket,bush-cricket,0.86,,,28/09/2026,28/09/2026,23:27:39,ClassifEspSWE-0002026-05-29_1,JOHANKARLSSON,202609290752M9UN6REK,,Citizen Science (ultrasonic) - shared
59~40304+18~07242_20260928_232744.wav,DEV_002_20260928_232744.wav,0,59.40304,18.07242,Phogri,Pholidoptera griseoaptera,Dark Bush-cricket,bush-cricket,0.97,,,28/09/2026,28/09/2026,23:27:44,ClassifEspSWE-0002026-05-29_1,JOHANKARLSSON,202609290752M9UN6REK,,Citizen Science (ultrasonic) - shared
59~40304+18~07242_20260928_232750.wav,DEV_002_20260928_232750.wav,0,59.40304,18.07242,Phogri,Pholidoptera griseoaptera,Dark Bush-cricket,bush-cricket,0.98,,,28/09/2026,28/09/2026,23:27:50,ClassifEspSWE-0002026-05-29_1,JOHANKARLSSON,202609290752M9UN6REK,,Citizen Science (ultrasonic) - shared
59~40304+18~07242_20260928_232756.wav,DEV_002_20260928_232756.wav,0,59.40304,18.07242,Phogri,Pholidoptera griseoaptera,Dark Bush-cricket,bush-cricket,0.87,,,28/09/2026,28/09/2026,23:27:56,ClassifEspSWE-0002026-05-29_1,JOHANKARLSSON,202609290752M9UN6REK,,Citizen Science (ultrasonic) - shared
59~40304+18~07242_20260928_232801.wav,DEV_002_20260928_232801.wav,0,59.40304,18.07242,Phogri,Pholidoptera griseoaptera,Dark Bush-cricket,bush-cricket,0.96,,,28/09/2026,28/09/2026,23:28:01,ClassifEspSWE-0002026-05-29_1,JOHANKARLSSON,202609290752M9UN6REK,,Citizen Science (ultrasonic) - shared
59~40304+18~07242_20260928_232807.wav,DEV_002_20260928_232807.wav,0,59.40304,18.07242,Phogri,Pholidoptera griseoaptera,Dark Bush-cricket,bush-cricket,0.82,,,28/09/2026,28/09/2026,23:28:07,ClassifEspSWE-0002026-05-29_1,JOHANKARLSSON,202609290752M9UN6REK,,Citizen Science (ultrasonic) - shared
59~40304+18~07242_20260928_232813.wav,DEV_002_20260928_232813.wav,0,59.40304,18.07242,Phogri,Pholidoptera griseoaptera,Dark Bush-cricket,bush-cricket,0.89,,,28/09/2026,28/09/2026,23:28:13,ClassifEspSWE-0002026-05-29_1,JOHANKARLSSON,202609290752M9UN6REK,,Citizen Science (ultrasonic) - shared
59~40304+18~07242_20260928_232819.wav,DEV_002_20260928_232819.wav,0,59.40304,18.07242,Phogri,Pholidoptera griseoaptera,Dark Bush-cricket,bush-cricket,0.8,,,28/09/2026,28/09/2026,23:28:19,ClassifEspSWE-0002026-05-29_1,JOHANKARLSSON,202609290752M9UN6REK,,Citizen Science (ultrasonic) - shared
59~40304+18~07242_20260928_232824.wav,DEV_002_20260928_232824.wav,0,59.40304,18.07242,Phogri,Pholidoptera griseoaptera,Dark Bush-cricket,bush-cricket,0.93,,,28/09/2026,28/09/2026,23:28:24,ClassifEspSWE-0002026-05-29_1,JOHANKARLSSON,202609290752M9UN6REK,,Citizen Science (ultrasonic) - shared
59~40304+18~07242_20260928_232829.wav,DEV_002_20260928_232829.wav,0,59.40304,18.07242,Phogri,Pholidoptera griseoaptera,Dark Bush-cricket,bush-cricket,0.94,,,28/09/2026,28/09/2026,23:28:29,ClassifEspSWE-0002026-05-29_1,JOHANKARLSSON,202609290752M9UN6REK,,Citizen Science (ultrasonic) - shared
59~40304+18~07242_20260928_232835.wav,DEV_002_20260928_232835.wav,0,59.40304,18.07242,Phogri,Pholidoptera griseoaptera,Dark Bush-cricket,bush-cricket,0.9,,,28/09/2026,28/09/2026,23:28:35,ClassifEspSWE-0002026-05-29_1,JOHANKARLSSON,202609290752M9UN6REK,,Citizen Science (ultrasonic) - shared
59~40304+18~07242_20260928_232842.wav,DEV_002_20260928_232842.wav,0,59.40304,18.07242,Phogri,Pholidoptera griseoaptera,Dark Bush-cricket,bush-cricket,0.99,,,28/09/2026,28/09/2026,23:28:42,ClassifEspSWE-0002026-05-29_1,JOHANKARLSSON,202609290752M9UN6REK,,Citizen Science (ultrasonic) - shared
59~40304+18~07242_20260928_232848.wav,DEV_002_20260928_232848.wav,0,59.40304,18.07242,Phogri,Pholidoptera griseoaptera,Dark Bush-cricket,bush-cricket,0.94,,,28/09/2026,28/09/2026,23:28:48,ClassifEspSWE-0002026-05-29_1,JOHANKARLSSON,202609290752M9UN6REK,,Citizen Science (ultrasonic) - shared
59~40304+18~07242_20260928_232853.wav,DEV_002_20260928_232853.wav,0,59.40304,18.07242,Phogri,Pholidoptera griseoaptera,Dark Bush-cricket,bush-cricket,0.82,,,28/09/2026,28/09/2026,23:28:53,ClassifEspSWE-0002026-05-29_1,JOHANKARLSSON,202609290752M9UN6REK,,Citizen Science (ultrasonic) - shared
59~40304+18~07242_20260928_232859.wav,DEV_002_20260928_232859.wav,0,59.40304,18.07242,Phogri,Pholidoptera griseoaptera,Dark Bush-cricket,bush-cricket,0.96,,,28/09/2026,28/09/2026,23:28:59,ClassifEspSWE-0002026-05-29_1,JOHANKARLSSON,202609290752M9UN6REK,,Citizen Science (ultrasonic) - shared
59~40304+18~07242_20260928_232905.wav,DEV_002_20260928_232905.wav,0,59.40304,18.07242,Phogri,Pholidoptera griseoaptera,Dark Bush-cricket,bush-cricket,0.97,,,28/09/2026,28/09/2026,23:29:05,ClassifEspSWE-0002026-05-29_1,JOHANKARLSSON,202609290752M9UN6REK,,Citizen Science (ultrasonic) - shared
59~40304+18~07242_20260928_232910.wav,DEV_002_20260928_232910.wav,0,59.40304,18.07242,Phogri,Pholidoptera griseoaptera,Dark Bush-cricket,bush-cricket,0.92,,,28/09/2026,28/09/2026,23:29:10,ClassifEspSWE-0002026-05-29_1,JOHANKARLSSON,202609290752M9UN6REK,,Citizen Science (ultrasonic) - shared
59~40304+18~07242_20260928_232915.wav,DEV_002_20260928_232915.wav,0,59.40304,18.07242,Phogri,Pholidoptera griseoaptera,Dark Bush-cricket,bush-cricket,0.88,,,28/09/2026,28/09/2026,23:29:15,ClassifEspSWE-0002026-05-29_1,JOHANKARLSSON,202609290752M9UN6REK,,Citizen Science (ultrasonic) - shared
59~40304+18~07242_20260928_232921.wav,DEV_002_20260928_232921.wav,0,59.40304,18.07242,Phogri,Pholidoptera griseoaptera,Dark Bush-cricket,bush-cricket,0.91,,,28/09/2026,28/09/2026,23:29:21,ClassifEspSWE-0002026-05-29_1,JOHANKARLSSON,202609290752M9UN6REK,,Citizen Science (ultrasonic) - shared
59~40304+18~07242_20260928_232928.wav,DEV_002_20260928_232928.wav,0,59.40304,18.07242,Phogri,Pholidoptera griseoaptera,Dark Bush-cricket,bush-cricket,0.98,,,28/09/2026,28/09/2026,23:29:28,ClassifEspSWE-0002026-05-29_1,JOHANKARLSSON,202609290752M9UN6REK,,Citizen Science (ultrasonic) - shared
59~40304+18~07242_20260928_232934.wav,DEV_002_20260928_232934.wav,0,59.40304,18.07242,Phogri,Pholidoptera griseoaptera,Dark Bush-cricket,bush-cricket,0.88,,,28/09/2026,28/09/2026,23:29:34,ClassifEspSWE-0002026-05-29_1,JOHANKARLSSON,202609290752M9UN6REK,,Citizen Science (ultrasonic) - shared
59~40304+18~07242_20260928_232941.wav,DEV_002_20260928_232941.wav,0,59.40304,18.07242,Phogri,Pholidoptera griseoaptera,Dark Bush-cricket,bush-cricket,0.9,,,28/09/2026,28/09/2026,23:29:41,ClassifEspSWE-0002026-05-29_1,JOHANKARLSSON,202609290752M9UN6REK,,Citizen Science (ultrasonic) - shared
59~40304+18~07242_20260928_232947.wav,DEV_002_20260928_232947.wav,0,59.40304,18.07242,Phogri,Pholidoptera griseoaptera,Dark Bush-cricket,bush-cricket,0.91,,,28/09/2026,28/09/2026,23:29:47,ClassifEspSWE-0002026-05-29_1,JOHANKARLSSON,202609290752M9UN6REK,,Citizen Science (ultrasonic) - shared
59~40304+18~07242_20260928_232952.wav,DEV_002_20260928_232952.wav,0,59.40304,18.07242,Phogri,Pholidoptera griseoaptera,Dark Bush-cricket,bush-cricket,0.96,,,28/09/2026,28/09/2026,23:29:52,ClassifEspSWE-0002026-05-29_1,JOHANKARLSSON,202609290752M9UN6REK,,Citizen Science (ultrasonic) - shared
59~40304+18~07242_20260928_232958.wav,DEV_002_20260928_232958.wav,0,59.40304,18.07242,Phogri,Pholidoptera griseoaptera,Dark Bush-cricket,bush-cricket,0.85,,,28/09/2026,28/09/2026,23:29:58,ClassifEspSWE-0002026-05-29_1,JOHANKARLSSON,202609290752M9UN6REK,,Citizen Science (ultrasonic) - shared
59~40304+18~07242_20260928_233004.wav,DEV_002_20260928_233004.wav,0,59.40304,18.07242,Phogri,Pholidoptera griseoaptera,Dark Bush-cricket,bush-cricket,0.67,,,28/09/2026,28/09/2026,23:30:04,ClassifEspSWE-0002026-05-29_1,JOHANKARLSSON,202609290752M9UN6REK,,Citizen Science (ultrasonic) - shared
59~40304+18~07242_20260928_233009.wav,DEV_002_20260928_233009.wav,0,59.40304,18.07242,Phogri,Pholidoptera griseoaptera,Dark Bush-cricket,bush-cricket,0.88,,,28/09/2026,28/09/2026,23:30:09,ClassifEspSWE-0002026-05-29_1,JOHANKARLSSON,202609290752M9UN6REK,,Citizen Science (ultrasonic) - shared
59~40304+18~07242_20260928_233015.wav,DEV_002_20260928_233015.wav,0,59.40304,18.07242,Phogri,Pholidoptera griseoaptera,Dark Bush-cricket,bush-cricket,0.94,,,28/09/2026,28/09/2026,23:30:15,ClassifEspSWE-0002026-05-29_1,JOHANKARLSSON,202609290752M9UN6REK,,Citizen Science (ultrasonic) - shared
59~40304+18~07242_20260928_233020.wav,DEV_002_20260928_233020.wav,0,59.40304,18.07242,Phogri,Pholidoptera griseoaptera,Dark Bush-cricket,bush-cricket,0.89,,,28/09/2026,28/09/2026,23:30:20,ClassifEspSWE-0002026-05-29_1,JOHANKARLSSON,202609290752M9UN6REK,,Citizen Science (ultrasonic) - shared
59~40304+18~07242_20260928_233026.wav,DEV_002_20260928_233026.wav,0,59.40304,18.07242,Phogri,Pholidoptera griseoaptera,Dark Bush-cricket,bush-cricket,0.95,,,28/09/2026,28/09/2026,23:30:26,ClassifEspSWE-0002026-05-29_1,JOHANKARLSSON,202609290752M9UN6REK,,Citizen Science (ultrasonic) - shared
59~40304+18~07242_20260928_233032.wav,DEV_002_20260928_233032.wav,0,59.40304,18.07242,Phogri,Pholidoptera griseoaptera,Dark Bush-cricket,bush-cricket,0.95,,,28/09/2026,28/09/2026,23:30:32,ClassifEspSWE-0002026-05-29_1,JOHANKARLSSON,202609290752M9UN6REK,,Citizen Science (ultrasonic) - shared
59~40304+18~07242_20260928_233038.wav,DEV_002_20260928_233038.wav,0,59.40304,18.07242,Phogri,Pholidoptera griseoaptera,Dark Bush-cricket,bush-cricket,0.51,,,28/09/2026,28/09/2026,23:30:38,ClassifEspSWE-0002026-05-29_1,JOHANKARLSSON,202609290752M9UN6REK,,Citizen Science (ultrasonic) - shared
59~40304+18~07242_20260928_233044.wav,DEV_002_20260928_233044.wav,0,59.40304,18.07242,Phogri,Pholidoptera griseoaptera,Dark Bush-cricket,bush-cricket,0.93,,,28/09/2026,28/09/2026,23:30:44,ClassifEspSWE-0002026-05-29_1,JOHANKARLSSON,202609290752M9UN6REK,,Citizen Science (ultrasonic) - shared
59~40304+18~07242_20260928_233049.wav,DEV_002_20260928_233049.wav,0,59.40304,18.07242,Phogri,Pholidoptera griseoaptera,Dark Bush-cricket,bush-cricket,0.91,,,28/09/2026,28/09/2026,23:30:49,ClassifEspSWE-0002026-05-29_1,JOHANKARLSSON,202609290752M9UN6REK,,Citizen Science (ultrasonic) - shared
59~40304+18~07242_20260928_233055.wav,DEV_002_20260928_233055.wav,0,59.40304,18.07242,Phogri,Pholidoptera griseoaptera,Dark Bush-cricket,bush-cricket,0.82,,,28/09/2026,28/09/2026,23:30:55,ClassifEspSWE-0002026-05-29_1,JOHANKARLSSON,202609290752M9UN6REK,,Citizen Science (ultrasonic) - shared
59~40304+18~07242_20260928_233101.wav,DEV_002_20260928_233101.wav,0,59.40304,18.07242,Phogri,Pholidoptera griseoaptera,Dark Bush-cricket,bush-cricket,0.91,,,28/09/2026,28/09/2026,23:31:01,ClassifEspSWE-0002026-05-29_1,JOHANKARLSSON,202609290752M9UN6REK,,Citizen Science (ultrasonic) - shared
59~40304+18~07242_20260928_233107.wav,DEV_002_20260928_233107.wav,0,59.40304,18.07242,Phogri,Pholidoptera griseoaptera,Dark Bush-cricket,bush-cricket,0.85,,,28/09/2026,28/09/2026,23:31:07,ClassifEspSWE-0002026-05-29_1,JOHANKARLSSON,202609290752M9UN6REK,,Citizen Science (ultrasonic) - shared
59~40304+18~07242_20260928_233113.wav,DEV_002_20260928_233113.wav,0,59.40304,18.07242,Phogri,Pholidoptera griseoaptera,Dark Bush-cricket,bush-cricket,0.74,,,28/09/2026,28/09/2026,23:31:13,ClassifEspSWE-0002026-05-29_1,JOHANKARLSSON,202609290752M9UN6REK,,Citizen Science (ultrasonic) - shared
59~40304+18~07242_20260928_233120.wav,DEV_002_20260928_233120.wav,0,59.40304,18.07242,Phogri,Pholidoptera griseoaptera,Dark Bush-cricket,bush-cricket,0.95,,,28/09/2026,28/09/2026,23:31:20,ClassifEspSWE-0002026-05-29_1,JOHANKARLSSON,202609290752M9UN6REK,,Citizen Science (ultrasonic) - shared
59~40304+18~07242_20260928_233125.wav,DEV_002_20260928_233125.wav,0,59.40304,18.07242,Phogri,Pholidoptera griseoaptera,Dark Bush-cricket,bush-cricket,0.96,,,28/09/2026,28/09/2026,23:31:25,ClassifEspSWE-0002026-05-29_1,JOHANKARLSSON,202609290752M9UN6REK,,Citizen Science (ultrasonic) - shared
59~40304+18~07242_20260928_233131.wav,DEV_002_20260928_233131.wav,0,59.40304,18.07242,Phogri,Pholidoptera griseoaptera,Dark Bush-cricket,bush-cricket,0.98,,,28/09/2026,28/09/2026,23:31:31,ClassifEspSWE-0002026-05-29_1,JOHANKARLSSON,202609290752M9UN6REK,,Citizen Science (ultrasonic) - shared
59~40304+18~07242_20260928_233136.wav,DEV_002_20260928_233136.wav,0,59.40304,18.07242,Phogri,Pholidoptera griseoaptera,Dark Bush-cricket,bush-cricket,0.97,,,28/09/2026,28/09/2026,23:31:36,ClassifEspSWE-0002026-05-29_1,JOHANKARLSSON,202609290752M9UN6REK,,Citizen Science (ultrasonic) - shared
59~40304+18~07242_20260928_233142.wav,DEV_002_20260928_233142.wav,0,59.40304,18.07242,Phogri,Pholidoptera griseoaptera,Dark Bush-cricket,bush-cricket,0.98,,,28/09/2026,28/09/2026,23:31:42,ClassifEspSWE-0002026-05-29_1,JOHANKARLSSON,202609290752M9UN6REK,,Citizen Science (ultrasonic) - shared
59~40304+18~07242_20260928_233148.wav,DEV_002_20260928_233148.wav,0,59.40304,18.07242,Phogri,Pholidoptera griseoaptera,Dark Bush-cricket,bush-cricket,0.99,,,28/09/2026,28/09/2026,23:31:48,ClassifEspSWE-0002026-05-29_1,JOHANKARLSSON,202609290752M9UN6REK,,Citizen Science (ultrasonic) - shared
59~40304+18~07242_20260928_233154.wav,DEV_002_20260928_233154.wav,0,59.40304,18.07242,Phogri,Pholidoptera griseoaptera,Dark Bush-cricket,bush-cricket,0.9,,,28/09/2026,28/09/2026,23:31:54,ClassifEspSWE-0002026-05-29_1,JOHANKARLSSON,202609290752M9UN6REK,,Citizen Science (ultrasonic) - shared
59~40304+18~07242_20260928_233200.wav,DEV_002_20260928_233200.wav,0,59.40304,18.07242,Phogri,Pholidoptera griseoaptera,Dark Bush-cricket,bush-cricket,0.98,,,28/09/2026,28/09/2026,23:32:00,ClassifEspSWE-0002026-05-29_1,JOHANKARLSSON,202609290752M9UN6REK,,Citizen Science (ultrasonic) - shared
59~40304+18~07242_20260928_233206.wav,DEV_002_20260928_233206.wav,0,59.40304,18.07242,Phogri,Pholidoptera griseoaptera,Dark Bush-cricket,bush-cricket,0.98,,,28/09/2026,28/09/2026,23:32:06,ClassifEspSWE-0002026-05-29_1,JOHANKARLSSON,202609290752M9UN6REK,,Citizen Science (ultrasonic) - shared
59~40304+18~07242_20260928_233213.wav,DEV_002_20260928_233213.wav,0,59.40304,18.07242,Phogri,Pholidoptera griseoaptera,Dark Bush-cricket,bush-cricket,0.84,,,28/09/2026,28/09/2026,23:32:13,ClassifEspSWE-0002026-05-29_1,JOHANKARLSSON,202609290752M9UN6REK,,Citizen Science (ultrasonic) - shared
59~40304+18~07242_20260928_233218.wav,DEV_002_20260928_233218.wav,0,59.40304,18.07242,Phogri,Pholidoptera griseoaptera,Dark Bush-cricket,bush-cricket,0.96,,,28/09/2026,28/09/2026,23:32:18,ClassifEspSWE-0002026-05-29_1,JOHANKARLSSON,202609290752M9UN6REK,,Citizen Science (ultrasonic) - shared
59~40304+18~07242_20260928_233225.wav,DEV_002_20260928_233225.wav,0,59.40304,18.07242,Phogri,Pholidoptera griseoaptera,Dark Bush-cricket,bush-cricket,0.87,,,28/09/2026,28/09/2026,23:32:25,ClassifEspSWE-0002026-05-29_1,JOHANKARLSSON,202609290752M9UN6REK,,Citizen Science (ultrasonic) - shared
59~40304+18~07242_20260928_233231.wav,DEV_002_20260928_233231.wav,0,59.40304,18.07242,Phogri,Pholidoptera griseoaptera,Dark Bush-cricket,bush-cricket,0.97,,,28/09/2026,28/09/2026,23:32:31,ClassifEspSWE-0002026-05-29_1,JOHANKARLSSON,202609290752M9UN6REK,,Citizen Science (ultrasonic) - shared
59~40304+18~07242_20260928_233236.wav,DEV_002_20260928_233236.wav,0,59.40304,18.07242,Phogri,Pholidoptera griseoaptera,Dark Bush-cricket,bush-cricket,0.89,,,28/09/2026,28/09/2026,23:32:36,ClassifEspSWE-0002026-05-29_1,JOHANKARLSSON,202609290752M9UN6REK,,Citizen Science (ultrasonic) - shared
59~40304+18~07242_20260928_233241.wav,DEV_002_20260928_233241.wav,0,59.40304,18.07242,Phogri,Pholidoptera griseoaptera,Dark Bush-cricket,bush-cricket,0.95,,,28/09/2026,28/09/2026,23:32:41,ClassifEspSWE-0002026-05-29_1,JOHANKARLSSON,202609290752M9UN6REK,,Citizen Science (ultrasonic) - shared
59~40304+18~07242_20260928_233247.wav,DEV_002_20260928_233247.wav,0,59.40304,18.07242,Phogri,Pholidoptera griseoaptera,Dark Bush-cricket,bush-cricket,0.87,,,28/09/2026,28/09/2026,23:32:47,ClassifEspSWE-0002026-05-29_1,JOHANKARLSSON,202609290752M9UN6REK,,Citizen Science (ultrasonic) - shared
59~40304+18~07242_20260928_233253.wav,DEV_002_20260928_233253.wav,0,59.40304,18.07242,Phogri,Pholidoptera griseoaptera,Dark Bush-cricket,bush-cricket,0.98,,,28/09/2026,28/09/2026,23:32:53,ClassifEspSWE-0002026-05-29_1,JOHANKARLSSON,202609290752M9UN6REK,,Citizen Science (ultrasonic) - shared
59~40304+18~07242_20260928_233259.wav,DEV_002_20260928_233259.wav,0,59.40304,18.07242,Phogri,Pholidoptera griseoaptera,Dark Bush-cricket,bush-cricket,0.96,,,28/09/2026,28/09/2026,23:32:59,ClassifEspSWE-0002026-05-29_1,JOHANKARLSSON,202609290752M9UN6REK,,Citizen Science (ultrasonic) - shared
59~40304+18~07242_20260928_233305.wav,DEV_002_20260928_233305.wav,0,59.40304,18.07242,Phogri,Pholidoptera griseoaptera,Dark Bush-cricket,bush-cricket,0.98,,,28/09/2026,28/09/2026,23:33:05,ClassifEspSWE-0002026-05-29_1,JOHANKARLSSON,202609290752M9UN6REK,,Citizen Science (ultrasonic) - shared
59~40304+18~07242_20260928_233310.wav,DEV_002_20260928_233310.wav,0,59.40304,18.07242,Phogri,Pholidoptera griseoaptera,Dark Bush-cricket,bush-cricket,0.96,,,28/09/2026,28/09/2026,23:33:10,ClassifEspSWE-0002026-05-29_1,JOHANKARLSSON,202609290752M9UN6REK,,Citizen Science (ultrasonic) - shared
59~40304+18~07242_20260928_233315.wav,DEV_002_20260928_233315.wav,0,59.40304,18.07242,Phogri,Pholidoptera griseoaptera,Dark Bush-cricket,bush-cricket,0.98,,,28/09/2026,28/09/2026,23:33:15,ClassifEspSWE-0002026-05-29_1,JOHANKARLSSON,202609290752M9UN6REK,,Citizen Science (ultrasonic) - shared
59~40304+18~07242_20260928_233322.wav,DEV_002_20260928_233322.wav,0,59.40304,18.07242,Phogri,Pholidoptera griseoaptera,Dark Bush-cricket,bush-cricket,0.98,,,28/09/2026,28/09/2026,23:33:22,ClassifEspSWE-0002026-05-29_1,JOHANKARLSSON,202609290752M9UN6REK,,Citizen Science (ultrasonic) - shared
59~40304+18~07242_20260928_233328.wav,DEV_002_20260928_233328.wav,0,59.40304,18.07242,Phogri,Pholidoptera griseoaptera,Dark Bush-cricket,bush-cricket,0.95,,,28/09/2026,28/09/2026,23:33:28,ClassifEspSWE-0002026-05-29_1,JOHANKARLSSON,202609290752M9UN6REK,,Citizen Science (ultrasonic) - shared
59~40304+18~07242_20260928_233333.wav,DEV_002_20260928_233333.wav,0,59.40304,18.07242,Phogri,Pholidoptera griseoaptera,Dark Bush-cricket,bush-cricket,0.94,,,28/09/2026,28/09/2026,23:33:33,ClassifEspSWE-0002026-05-29_1,JOHANKARLSSON,202609290752M9UN6REK,,Citizen Science (ultrasonic) - shared
59~40304+18~07242_20260928_233338.wav,DEV_002_20260928_233338.wav,0,59.40304,18.07242,Phogri,Pholidoptera griseoaptera,Dark Bush-cricket,bush-cricket,0.99,,,28/09/2026,28/09/2026,23:33:38,ClassifEspSWE-0002026-05-29_1,JOHANKARLSSON,202609290752M9UN6REK,,Citizen Science (ultrasonic) - shared
59~40304+18~07242_20260928_233344.wav,DEV_002_20260928_233344.wav,0,59.40304,18.07242,Phogri,Pholidoptera griseoaptera,Dark Bush-cricket,bush-cricket,0.98,,,28/09/2026,28/09/2026,23:33:44,ClassifEspSWE-0002026-05-29_1,JOHANKARLSSON,202609290752M9UN6REK,,Citizen Science (ultrasonic) - shared
59~40304+18~07242_20260928_233350.wav,DEV_002_20260928_233350.wav,0,59.40304,18.07242,Phogri,Pholidoptera griseoaptera,Dark Bush-cricket,bush-cricket,0.99,,,28/09/2026,28/09/2026,23:33:50,ClassifEspSWE-0002026-05-29_1,JOHANKARLSSON,202609290752M9UN6REK,,Citizen Science (ultrasonic) - shared
59~40304+18~07242_20260928_233355.wav,DEV_002_20260928_233355.wav,0,59.40304,18.07242,Phogri,Pholidoptera griseoaptera,Dark Bush-cricket,bush-cricket,0.99,,,28/09/2026,28/09/2026,23:33:55,ClassifEspSWE-0002026-05-29_1,JOHANKARLSSON,202609290752M9UN6REK,,Citizen Science (ultrasonic) - shared
59~40304+18~07242_20260928_233402.wav,DEV_002_20260928_233402.wav,0,59.40304,18.07242,Phogri,Pholidoptera griseoaptera,Dark Bush-cricket,bush-cricket,0.87,,,28/09/2026,28/09/2026,23:34:02,ClassifEspSWE-0002026-05-29_1,JOHANKARLSSON,202609290752M9UN6REK,,Citizen Science (ultrasonic) - shared
59~40304+18~07242_20260928_233407.wav,DEV_002_20260928_233407.wav,0,59.40304,18.07242,Phogri,Pholidoptera griseoaptera,Dark Bush-cricket,bush-cricket,0.99,,,28/09/2026,28/09/2026,23:34:07,ClassifEspSWE-0002026-05-29_1,JOHANKARLSSON,202609290752M9UN6REK,,Citizen Science (ultrasonic) - shared
59~40304+18~07242_20260928_233413.wav,DEV_002_20260928_233413.wav,0,59.40304,18.07242,Phogri,Pholidoptera griseoaptera,Dark Bush-cricket,bush-cricket,0.95,,,28/09/2026,28/09/2026,23:34:13,ClassifEspSWE-0002026-05-29_1,JOHANKARLSSON,202609290752M9UN6REK,,Citizen Science (ultrasonic) - shared
59~40304+18~07242_20260928_233419.wav,DEV_002_20260928_233419.wav,0,59.40304,18.07242,Phogri,Pholidoptera griseoaptera,Dark Bush-cricket,bush-cricket,0.92,,,28/09/2026,28/09/2026,23:34:19,ClassifEspSWE-0002026-05-29_1,JOHANKARLSSON,202609290752M9UN6REK,,Citizen Science (ultrasonic) - shared
59~40304+18~07242_20260928_233424.wav,DEV_002_20260928_233424.wav,0,59.40304,18.07242,Phogri,Pholidoptera griseoaptera,Dark Bush-cricket,bush-cricket,0.91,,,28/09/2026,28/09/2026,23:34:24,ClassifEspSWE-0002026-05-29_1,JOHANKARLSSON,202609290752M9UN6REK,,Citizen Science (ultrasonic) - shared
59~40304+18~07242_20260928_233431.wav,DEV_002_20260928_233431.wav,0,59.40304,18.07242,Phogri,Pholidoptera griseoaptera,Dark Bush-cricket,bush-cricket,0.99,,,28/09/2026,28/09/2026,23:34:31,ClassifEspSWE-0002026-05-29_1,JOHANKARLSSON,202609290752M9UN6REK,,Citizen Science (ultrasonic) - shared
59~40304+18~07242_20260928_233436.wav,DEV_002_20260928_233436.wav,0,59.40304,18.07242,Phogri,Pholidoptera griseoaptera,Dark Bush-cricket,bush-cricket,0.99,,,28/09/2026,28/09/2026,23:34:36,ClassifEspSWE-0002026-05-29_1,JOHANKARLSSON,202609290752M9UN6REK,,Citizen Science (ultrasonic) - shared
59~40304+18~07242_20260928_233442.wav,DEV_002_20260928_233442.wav,0,59.40304,18.07242,Phogri,Pholidoptera griseoaptera,Dark Bush-cricket,bush-cricket,0.89,,,28/09/2026,28/09/2026,23:34:42,ClassifEspSWE-0002026-05-29_1,JOHANKARLSSON,202609290752M9UN6REK,,Citizen Science (ultrasonic) - shared
59~40304+18~07242_20260928_233448.wav,DEV_002_20260928_233448.wav,0,59.40304,18.07242,Phogri,Pholidoptera griseoaptera,Dark Bush-cricket,bush-cricket,0.93,,,28/09/2026,28/09/2026,23:34:48,ClassifEspSWE-0002026-05-29_1,JOHANKARLSSON,202609290752M9UN6REK,,Citizen Science (ultrasonic) - shared
59~40304+18~07242_20260928_233454.wav,DEV_002_20260928_233454.wav,0,59.40304,18.07242,Phogri,Pholidoptera griseoaptera,Dark Bush-cricket,bush-cricket,0.91,,,28/09/2026,28/09/2026,23:34:54,ClassifEspSWE-0002026-05-29_1,JOHANKARLSSON,202609290752M9UN6REK,,Citizen Science (ultrasonic) - shared
59~40304+18~07242_20260928_233500.wav,DEV_002_20260928_233500.wav,0,59.40304,18.07242,Phogri,Pholidoptera griseoaptera,Dark Bush-cricket,bush-cricket,0.97,,,28/09/2026,28/09/2026,23:35:00,ClassifEspSWE-0002026-05-29_1,JOHANKARLSSON,202609290752M9UN6REK,,Citizen Science (ultrasonic) - shared
59~40304+18~07242_20260928_233505.wav,DEV_002_20260928_233505.wav,0,59.40304,18.07242,Phogri,Pholidoptera griseoaptera,Dark Bush-cricket,bush-cricket,0.99,,,28/09/2026,28/09/2026,23:35:05,ClassifEspSWE-0002026-05-29_1,JOHANKARLSSON,202609290752M9UN6REK,,Citizen Science (ultrasonic) - shared
59~40304+18~07242_20260928_233511.wav,DEV_002_20260928_233511.wav,0,59.40304,18.07242,Phogri,Pholidoptera griseoaptera,Dark Bush-cricket,bush-cricket,0.91,,,28/09/2026,28/09/2026,23:35:11,ClassifEspSWE-0002026-05-29_1,JOHANKARLSSON,202609290752M9UN6REK,,Citizen Science (ultrasonic) - shared
59~40304+18~07242_20260928_233517.wav,DEV_002_20260928_233517.wav,0,59.40304,18.07242,Phogri,Pholidoptera griseoaptera,Dark Bush-cricket,bush-cricket,0.92,,,28/09/2026,28/09/2026,23:35:17,ClassifEspSWE-0002026-05-29_1,JOHANKARLSSON,202609290752M9UN6REK,,Citizen Science (ultrasonic) - shared
59~40304+18~07242_20260928_233524.wav,DEV_002_20260928_233524.wav,0,59.40304,18.07242,Phogri,Pholidoptera griseoaptera,Dark Bush-cricket,bush-cricket,0.98,,,28/09/2026,28/09/2026,23:35:24,ClassifEspSWE-0002026-05-29_1,JOHANKARLSSON,202609290752M9UN6REK,,Citizen Science (ultrasonic) - shared
59~40304+18~07242_20260928_233529.wav,DEV_002_20260928_233529.wav,0,59.40304,18.07242,Phogri,Pholidoptera griseoaptera,Dark Bush-cricket,bush-cricket,0.94,,,28/09/2026,28/09/2026,23:35:29,ClassifEspSWE-0002026-05-29_1,JOHANKARLSSON,202609290752M9UN6REK,,Citizen Science (ultrasonic) - shared
59~40304+18~07242_20260928_233535.wav,DEV_002_20260928_233535.wav,0,59.40304,18.07242,Phogri,Pholidoptera griseoaptera,Dark Bush-cricket,bush-cricket,0.97,,,28/09/2026,28/09/2026,23:35:35,ClassifEspSWE-0002026-05-29_1,JOHANKARLSSON,202609290752M9UN6REK,,Citizen Science (ultrasonic) - shared
59~40304+18~07242_20260928_233541.wav,DEV_002_20260928_233541.wav,0,59.40304,18.07242,Phogri,Pholidoptera griseoaptera,Dark Bush-cricket,bush-cricket,0.98,,,28/09/2026,28/09/2026,23:35:41,ClassifEspSWE-0002026-05-29_1,JOHANKARLSSON,202609290752M9UN6REK,,Citizen Science (ultrasonic) - shared
59~40304+18~07242_20260928_233547.wav,DEV_002_20260928_233547.wav,0,59.40304,18.07242,Phogri,Pholidoptera griseoaptera,Dark Bush-cricket,bush-cricket,0.93,,,28/09/2026,28/09/2026,23:35:47,ClassifEspSWE-0002026-05-29_1,JOHANKARLSSON,202609290752M9UN6REK,,Citizen Science (ultrasonic) - shared
59~40304+18~07242_20260928_233552.wav,DEV_002_20260928_233552.wav,0,59.40304,18.07242,Phogri,Pholidoptera griseoaptera,Dark Bush-cricket,bush-cricket,0.98,,,28/09/2026,28/09/2026,23:35:52,ClassifEspSWE-0002026-05-29_1,JOHANKARLSSON,202609290752M9UN6REK,,Citizen Science (ultrasonic) - shared
59~40304+18~07242_20260928_233558.wav,DEV_002_20260928_233558.wav,0,59.40304,18.07242,Phogri,Pholidoptera griseoaptera,Dark Bush-cricket,bush-cricket,0.94,,,28/09/2026,28/09/2026,23:35:58,ClassifEspSWE-0002026-05-29_1,JOHANKARLSSON,202609290752M9UN6REK,,Citizen Science (ultrasonic) - shared
59~40304+18~07242_20260928_233604.wav,DEV_002_20260928_233604.wav,0,59.40304,18.07242,Phogri,Pholidoptera griseoaptera,Dark Bush-cricket,bush-cricket,0.98,,,28/09/2026,28/09/2026,23:36:04,ClassifEspSWE-0002026-05-29_1,JOHANKARLSSON,202609290752M9UN6REK,,Citizen Science (ultrasonic) - shared
59~40304+18~07242_20260928_233609.wav,DEV_002_20260928_233609.wav,0,59.40304,18.07242,Phogri,Pholidoptera griseoaptera,Dark Bush-cricket,bush-cricket,0.99,,,28/09/2026,28/09/2026,23:36:09,ClassifEspSWE-0002026-05-29_1,JOHANKARLSSON,202609290752M9UN6REK,,Citizen Science (ultrasonic) - shared
59~40304+18~07242_20260928_233615.wav,DEV_002_20260928_233615.wav,0,59.40304,18.07242,Phogri,Pholidoptera griseoaptera,Dark Bush-cricket,bush-cricket,0.91,,,28/09/2026,28/09/2026,23:36:15,ClassifEspSWE-0002026-05-29_1,JOHANKARLSSON,202609290752M9UN6REK,,Citizen Science (ultrasonic) - shared
59~40304+18~07242_20260928_233621.wav,DEV_002_20260928_233621.wav,0,59.40304,18.07242,Phogri,Pholidoptera griseoaptera,Dark Bush-cricket,bush-cricket,0.72,,,28/09/2026,28/09/2026,23:36:21,ClassifEspSWE-0002026-05-29_1,JOHANKARLSSON,202609290752M9UN6REK,,Citizen Science (ultrasonic) - shared
59~40304+18~07242_20260928_233626.wav,DEV_002_20260928_233626.wav,0,59.40304,18.07242,Phogri,Pholidoptera griseoaptera,Dark Bush-cricket,bush-cricket,0.69,,,28/09/2026,28/09/2026,23:36:26,ClassifEspSWE-0002026-05-29_1,JOHANKARLSSON,202609290752M9UN6REK,,Citizen Science (ultrasonic) - shared
59~40304+18~07242_20260928_233631.wav,DEV_002_20260928_233631.wav,0,59.40304,18.07242,Phogri,Pholidoptera griseoaptera,Dark Bush-cricket,bush-cricket,0.96,,,28/09/2026,28/09/2026,23:36:31,ClassifEspSWE-0002026-05-29_1,JOHANKARLSSON,202609290752M9UN6REK,,Citizen Science (ultrasonic) - shared
59~40304+18~07242_20260928_233637.wav,DEV_002_20260928_233637.wav,0,59.40304,18.07242,Phogri,Pholidoptera griseoaptera,Dark Bush-cricket,bush-cricket,0.98,,,28/09/2026,28/09/2026,23:36:37,ClassifEspSWE-0002026-05-29_1,JOHANKARLSSON,202609290752M9UN6REK,,Citizen Science (ultrasonic) - shared
59~40304+18~07242_20260928_233642.wav,DEV_002_20260928_233642.wav,0,59.40304,18.07242,Phogri,Pholidoptera griseoaptera,Dark Bush-cricket,bush-cricket,0.96,,,28/09/2026,28/09/2026,23:36:42,ClassifEspSWE-0002026-05-29_1,JOHANKARLSSON,202609290752M9UN6REK,,Citizen Science (ultrasonic) - shared
59~40304+18~07242_20260928_233648.wav,DEV_002_20260928_233648.wav,0,59.40304,18.07242,Phogri,Pholidoptera griseoaptera,Dark Bush-cricket,bush-cricket,0.75,,,28/09/2026,28/09/2026,23:36:48,ClassifEspSWE-0002026-05-29_1,JOHANKARLSSON,202609290752M9UN6REK,,Citizen Science (ultrasonic) - shared
59~40304+18~07242_20260928_233653.wav,DEV_002_20260928_233653.wav,0,59.40304,18.07242,Phogri,Pholidoptera griseoaptera,Dark Bush-cricket,bush-cricket,0.96,,,28/09/2026,28/09/2026,23:36:53,ClassifEspSWE-0002026-05-29_1,JOHANKARLSSON,202609290752M9UN6REK,,Citizen Science (ultrasonic) - shared
59~40304+18~07242_20260928_233659.wav,DEV_002_20260928_233659.wav,0,59.40304,18.07242,Phogri,Pholidoptera griseoaptera,Dark Bush-cricket,bush-cricket,0.95,,,28/09/2026,28/09/2026,23:36:59,ClassifEspSWE-0002026-05-29_1,JOHANKARLSSON,202609290752M9UN6REK,,Citizen Science (ultrasonic) - shared
59~40304+18~07242_20260928_233705.wav,DEV_002_20260928_233705.wav,0,59.40304,18.07242,Phogri,Pholidoptera griseoaptera,Dark Bush-cricket,bush-cricket,0.98,,,28/09/2026,28/09/2026,23:37:05,ClassifEspSWE-0002026-05-29_1,JOHANKARLSSON,202609290752M9UN6REK,,Citizen Science (ultrasonic) - shared
59~40304+18~07242_20260928_233710.wav,DEV_002_20260928_233710.wav,0,59.40304,18.07242,Phogri,Pholidoptera griseoaptera,Dark Bush-cricket,bush-cricket,0.98,,,28/09/2026,28/09/2026,23:37:10,ClassifEspSWE-0002026-05-29_1,JOHANKARLSSON,202609290752M9UN6REK,,Citizen Science (ultrasonic) - shared
59~40304+18~07242_20260928_233716.wav,DEV_002_20260928_233716.wav,0,59.40304,18.07242,Phogri,Pholidoptera griseoaptera,Dark Bush-cricket,bush-cricket,0.76,,,28/09/2026,28/09/2026,23:37:16,ClassifEspSWE-0002026-05-29_1,JOHANKARLSSON,202609290752M9UN6REK,,Citizen Science (ultrasonic) - shared
59~40304+18~07242_20260928_233721.wav,DEV_002_20260928_233721.wav,0,59.40304,18.07242,Phogri,Pholidoptera griseoaptera,Dark Bush-cricket,bush-cricket,0.88,,,28/09/2026,28/09/2026,23:37:21,ClassifEspSWE-0002026-05-29_1,JOHANKARLSSON,202609290752M9UN6REK,,Citizen Science (ultrasonic) - shared
59~40304+18~07242_20260928_233727.wav,DEV_002_20260928_233727.wav,0,59.40304,18.07242,Phogri,Pholidoptera griseoaptera,Dark Bush-cricket,bush-cricket,0.97,,,28/09/2026,28/09/2026,23:37:27,ClassifEspSWE-0002026-05-29_1,JOHANKARLSSON,202609290752M9UN6REK,,Citizen Science (ultrasonic) - shared
59~40304+18~07242_20260928_233732.wav,DEV_002_20260928_233732.wav,0,59.40304,18.07242,Phogri,Pholidoptera griseoaptera,Dark Bush-cricket,bush-cricket,0.95,,,28/09/2026,28/09/2026,23:37:32,ClassifEspSWE-0002026-05-29_1,JOHANKARLSSON,202609290752M9UN6REK,,Citizen Science (ultrasonic) - shared
59~40304+18~07242_20260928_233738.wav,DEV_002_20260928_233738.wav,0,59.40304,18.07242,Phogri,Pholidoptera griseoaptera,Dark Bush-cricket,bush-cricket,0.96,,,28/09/2026,28/09/2026,23:37:38,ClassifEspSWE-0002026-05-29_1,JOHANKARLSSON,202609290752M9UN6REK,,Citizen Science (ultrasonic) - shared
59~40304+18~07242_20260928_233743.wav,DEV_002_20260928_233743.wav,0,59.40304,18.07242,Phogri,Pholidoptera griseoaptera,Dark Bush-cricket,bush-cricket,0.96,,,28/09/2026,28/09/2026,23:37:43,ClassifEspSWE-0002026-05-29_1,JOHANKARLSSON,202609290752M9UN6REK,,Citizen Science (ultrasonic) - shared
59~40304+18~07242_20260928_233749.wav,DEV_002_20260928_233749.wav,0,59.40304,18.07242,Phogri,Pholidoptera griseoaptera,Dark Bush-cricket,bush-cricket,0.94,,,28/09/2026,28/09/2026,23:37:49,ClassifEspSWE-0002026-05-29_1,JOHANKARLSSON,202609290752M9UN6REK,,Citizen Science (ultrasonic) - shared
59~40304+18~07242_20260928_233755.wav,DEV_002_20260928_233755.wav,0,59.40304,18.07242,Phogri,Pholidoptera griseoaptera,Dark Bush-cricket,bush-cricket,0.95,,,28/09/2026,28/09/2026,23:37:55,ClassifEspSWE-0002026-05-29_1,JOHANKARLSSON,202609290752M9UN6REK,,Citizen Science (ultrasonic) - shared
59~40304+18~07242_20260928_233801.wav,DEV_002_20260928_233801.wav,0,59.40304,18.07242,Phogri,Pholidoptera griseoaptera,Dark Bush-cricket,bush-cricket,0.98,,,28/09/2026,28/09/2026,23:38:01,ClassifEspSWE-0002026-05-29_1,JOHANKARLSSON,202609290752M9UN6REK,,Citizen Science (ultrasonic) - shared
59~40304+18~07242_20260928_233806.wav,DEV_002_20260928_233806.wav,0,59.40304,18.07242,Phogri,Pholidoptera griseoaptera,Dark Bush-cricket,bush-cricket,0.98,,,28/09/2026,28/09/2026,23:38:06,ClassifEspSWE-0002026-05-29_1,JOHANKARLSSON,202609290752M9UN6REK,,Citizen Science (ultrasonic) - shared
59~40304+18~07242_20260928_233812.wav,DEV_002_20260928_233812.wav,0,59.40304,18.07242,Phogri,Pholidoptera griseoaptera,Dark Bush-cricket,bush-cricket,0.98,,,28/09/2026,28/09/2026,23:38:12,ClassifEspSWE-0002026-05-29_1,JOHANKARLSSON,202609290752M9UN6REK,,Citizen Science (ultrasonic) - shared
59~40304+18~07242_20260928_233817.wav,DEV_002_20260928_233817.wav,0,59.40304,18.07242,Phogri,Pholidoptera griseoaptera,Dark Bush-cricket,bush-cricket,0.76,,,28/09/2026,28/09/2026,23:38:17,ClassifEspSWE-0002026-05-29_1,JOHANKARLSSON,202609290752M9UN6REK,,Citizen Science (ultrasonic) - shared
59~40304+18~07242_20260928_233823.wav,DEV_002_20260928_233823.wav,0,59.40304,18.07242,Phogri,Pholidoptera griseoaptera,Dark Bush-cricket,bush-cricket,0.87,,,28/09/2026,28/09/2026,23:38:23,ClassifEspSWE-0002026-05-29_1,JOHANKARLSSON,202609290752M9UN6REK,,Citizen Science (ultrasonic) - shared
59~40304+18~07242_20260928_233828.wav,DEV_002_20260928_233828.wav,0,59.40304,18.07242,Phogri,Pholidoptera griseoaptera,Dark Bush-cricket,bush-cricket,0.98,,,28/09/2026,28/09/2026,23:38:28,ClassifEspSWE-0002026-05-29_1,JOHANKARLSSON,202609290752M9UN6REK,,Citizen Science (ultrasonic) - shared
59~40304+18~07242_20260928_233834.wav,DEV_002_20260928_233834.wav,0,59.40304,18.07242,Phogri,Pholidoptera griseoaptera,Dark Bush-cricket,bush-cricket,0.9,,,28/09/2026,28/09/2026,23:38:34,ClassifEspSWE-0002026-05-29_1,JOHANKARLSSON,202609290752M9UN6REK,,Citizen Science (ultrasonic) - shared
59~40304+18~07242_20260928_233840.wav,DEV_002_20260928_233840.wav,0,59.40304,18.07242,Phogri,Pholidoptera griseoaptera,Dark Bush-cricket,bush-cricket,0.9,,,28/09/2026,28/09/2026,23:38:40,ClassifEspSWE-0002026-05-29_1,JOHANKARLSSON,202609290752M9UN6REK,,Citizen Science (ultrasonic) - shared
59~40304+18~07242_20260928_233845.wav,DEV_002_20260928_233845.wav,0,59.40304,18.07242,Phogri,Pholidoptera griseoaptera,Dark Bush-cricket,bush-cricket,0.98,,,28/09/2026,28/09/2026,23:38:45,ClassifEspSWE-0002026-05-29_1,JOHANKARLSSON,202609290752M9UN6REK,,Citizen Science (ultrasonic) - shared
59~40304+18~07242_20260928_233851.wav,DEV_002_20260928_233851.wav,0,59.40304,18.07242,Phogri,Pholidoptera griseoaptera,Dark Bush-cricket,bush-cricket,0.96,,,28/09/2026,28/09/2026,23:38:51,ClassifEspSWE-0002026-05-29_1,JOHANKARLSSON,202609290752M9UN6REK,,Citizen Science (ultrasonic) - shared
59~40304+18~07242_20260928_233856.wav,DEV_002_20260928_233856.wav,0,59.40304,18.07242,Phogri,Pholidoptera griseoaptera,Dark Bush-cricket,bush-cricket,0.96,,,28/09/2026,28/09/2026,23:38:56,ClassifEspSWE-0002026-05-29_1,JOHANKARLSSON,202609290752M9UN6REK,,Citizen Science (ultrasonic) - shared
59~40304+18~07242_20260928_233901.wav,DEV_002_20260928_233901.wav,0,59.40304,18.07242,Phogri,Pholidoptera griseoaptera,Dark Bush-cricket,bush-cricket,0.97,,,28/09/2026,28/09/2026,23:39:01,ClassifEspSWE-0002026-05-29_1,JOHANKARLSSON,202609290752M9UN6REK,,Citizen Science (ultrasonic) - shared
59~40304+18~07242_20260928_233907.wav,DEV_002_20260928_233907.wav,0,59.40304,18.07242,Phogri,Pholidoptera griseoaptera,Dark Bush-cricket,bush-cricket,0.98,,,28/09/2026,28/09/2026,23:39:07,ClassifEspSWE-0002026-05-29_1,JOHANKARLSSON,202609290752M9UN6REK,,Citizen Science (ultrasonic) - shared
59~40304+18~07242_20260928_233913.wav,DEV_002_20260928_233913.wav,0,59.40304,18.07242,Phogri,Pholidoptera griseoaptera,Dark Bush-cricket,bush-cricket,0.91,,,28/09/2026,28/09/2026,23:39:13,ClassifEspSWE-0002026-05-29_1,JOHANKARLSSON,202609290752M9UN6REK,,Citizen Science (ultrasonic) - shared
59~40304+18~07242_20260928_233919.wav,DEV_002_20260928_233919.wav,0,59.40304,18.07242,Phogri,Pholidoptera griseoaptera,Dark Bush-cricket,bush-cricket,0.96,,,28/09/2026,28/09/2026,23:39:19,ClassifEspSWE-0002026-05-29_1,JOHANKARLSSON,202609290752M9UN6REK,,Citizen Science (ultrasonic) - shared
59~40304+18~07242_20260928_233924.wav,DEV_002_20260928_233924.wav,0,59.40304,18.07242,Phogri,Pholidoptera griseoaptera,Dark Bush-cricket,bush-cricket,0.96,,,28/09/2026,28/09/2026,23:39:24,ClassifEspSWE-0002026-05-29_1,JOHANKARLSSON,202609290752M9UN6REK,,Citizen Science (ultrasonic) - shared
59~40304+18~07242_20260928_233929.wav,DEV_002_20260928_233929.wav,0,59.40304,18.07242,Phogri,Pholidoptera griseoaptera,Dark Bush-cricket,bush-cricket,0.85,,,28/09/2026,28/09/2026,23:39:29,ClassifEspSWE-0002026-05-29_1,JOHANKARLSSON,202609290752M9UN6REK,,Citizen Science (ultrasonic) - shared
59~40304+18~07242_20260928_233935.wav,DEV_002_20260928_233935.wav,0,59.40304,18.07242,Phogri,Pholidoptera griseoaptera,Dark Bush-cricket,bush-cricket,0.96,,,28/09/2026,28/09/2026,23:39:35,ClassifEspSWE-0002026-05-29_1,JOHANKARLSSON,202609290752M9UN6REK,,Citizen Science (ultrasonic) - shared
59~40304+18~07242_20260928_233941.wav,DEV_002_20260928_233941.wav,0,59.40304,18.07242,Phogri,Pholidoptera griseoaptera,Dark Bush-cricket,bush-cricket,0.98,,,28/09/2026,28/09/2026,23:39:41,ClassifEspSWE-0002026-05-29_1,JOHANKARLSSON,202609290752M9UN6REK,,Citizen Science (ultrasonic) - shared
59~40304+18~07242_20260928_233946.wav,DEV_002_20260928_233946.wav,0,59.40304,18.07242,Phogri,Pholidoptera griseoaptera,Dark Bush-cricket,bush-cricket,0.99,,,28/09/2026,28/09/2026,23:39:46,ClassifEspSWE-0002026-05-29_1,JOHANKARLSSON,202609290752M9UN6REK,,Citizen Science (ultrasonic) - shared
59~40304+18~07242_20260928_233951.wav,DEV_002_20260928_233951.wav,0,59.40304,18.07242,Phogri,Pholidoptera griseoaptera,Dark Bush-cricket,bush-cricket,0.94,,,28/09/2026,28/09/2026,23:39:51,ClassifEspSWE-0002026-05-29_1,JOHANKARLSSON,202609290752M9UN6REK,,Citizen Science (ultrasonic) - shared
59~40304+18~07242_20260928_233957.wav,DEV_002_20260928_233957.wav,0,59.40304,18.07242,Phogri,Pholidoptera griseoaptera,Dark Bush-cricket,bush-cricket,0.85,,,28/09/2026,28/09/2026,23:39:57,ClassifEspSWE-0002026-05-29_1,JOHANKARLSSON,202609290752M9UN6REK,,Citizen Science (ultrasonic) - shared
59~40304+18~07242_20260928_234002.wav,DEV_002_20260928_234002.wav,0,59.40304,18.07242,Phogri,Pholidoptera griseoaptera,Dark Bush-cricket,bush-cricket,0.87,,,28/09/2026,28/09/2026,23:40:02,ClassifEspSWE-0002026-05-29_1,JOHANKARLSSON,202609290752M9UN6REK,,Citizen Science (ultrasonic) - shared
59~40304+18~07242_20260928_234007.wav,DEV_002_20260928_234007.wav,0,59.40304,18.07242,Phogri,Pholidoptera griseoaptera,Dark Bush-cricket,bush-cricket,0.69,,,28/09/2026,28/09/2026,23:40:07,ClassifEspSWE-0002026-05-29_1,JOHANKARLSSON,202609290752M9UN6REK,,Citizen Science (ultrasonic) - shared
59~40304+18~07242_20260928_234013.wav,DEV_002_20260928_234013.wav,0,59.40304,18.07242,Phogri,Pholidoptera griseoaptera,Dark Bush-cricket,bush-cricket,0.88,,,28/09/2026,28/09/2026,23:40:13,ClassifEspSWE-0002026-05-29_1,JOHANKARLSSON,202609290752M9UN6REK,,Citizen Science (ultrasonic) - shared
59~40304+18~07242_20260928_234019.wav,DEV_002_20260928_234019.wav,0,59.40304,18.07242,Phogri,Pholidoptera griseoaptera,Dark Bush-cricket,bush-cricket,0.91,,,28/09/2026,28/09/2026,23:40:19,ClassifEspSWE-0002026-05-29_1,JOHANKARLSSON,202609290752M9UN6REK,,Citizen Science (ultrasonic) - shared
59~40304+18~07242_20260928_234024.wav,DEV_002_20260928_234024.wav,0,59.40304,18.07242,Phogri,Pholidoptera griseoaptera,Dark Bush-cricket,bush-cricket,0.92,,,28/09/2026,28/09/2026,23:40:24,ClassifEspSWE-0002026-05-29_1,JOHANKARLSSON,202609290752M9UN6REK,,Citizen Science (ultrasonic) - shared
59~40304+18~07242_20260928_234030.wav,DEV_002_20260928_234030.wav,0,59.40304,18.07242,Phogri,Pholidoptera griseoaptera,Dark Bush-cricket,bush-cricket,0.98,,,28/09/2026,28/09/2026,23:40:30,ClassifEspSWE-0002026-05-29_1,JOHANKARLSSON,202609290752M9UN6REK,,Citizen Science (ultrasonic) - shared
59~40304+18~07242_20260928_234036.wav,DEV_002_20260928_234036.wav,0,59.40304,18.07242,Phogri,Pholidoptera griseoaptera,Dark Bush-cricket,bush-cricket,0.92,,,28/09/2026,28/09/2026,23:40:36,ClassifEspSWE-0002026-05-29_1,JOHANKARLSSON,202609290752M9UN6REK,,Citizen Science (ultrasonic) - shared
59~40304+18~07242_20260928_234041.wav,DEV_002_20260928_234041.wav,0,59.40304,18.07242,Phogri,Pholidoptera griseoaptera,Dark Bush-cricket,bush-cricket,0.95,,,28/09/2026,28/09/2026,23:40:41,ClassifEspSWE-0002026-05-29_1,JOHANKARLSSON,202609290752M9UN6REK,,Citizen Science (ultrasonic) - shared
59~40304+18~07242_20260928_234048.wav,DEV_002_20260928_234048.wav,0,59.40304,18.07242,Phogri,Pholidoptera griseoaptera,Dark Bush-cricket,bush-cricket,0.99,,,28/09/2026,28/09/2026,23:40:48,ClassifEspSWE-0002026-05-29_1,JOHANKARLSSON,202609290752M9UN6REK,,Citizen Science (ultrasonic) - shared
59~40304+18~07242_20260928_234053.wav,DEV_002_20260928_234053.wav,0,59.40304,18.07242,Phogri,Pholidoptera griseoaptera,Dark Bush-cricket,bush-cricket,0.86,,,28/09/2026,28/09/2026,23:40:53,ClassifEspSWE-0002026-05-29_1,JOHANKARLSSON,202609290752M9UN6REK,,Citizen Science (ultrasonic) - shared
59~40304+18~07242_20260928_234059.wav,DEV_002_20260928_234059.wav,0,59.40304,18.07242,Phogri,Pholidoptera griseoaptera,Dark Bush-cricket,bush-cricket,0.95,,,28/09/2026,28/09/2026,23:40:59,ClassifEspSWE-0002026-05-29_1,JOHANKARLSSON,202609290752M9UN6REK,,Citizen Science (ultrasonic) - shared
59~40304+18~07242_20260928_234104.wav,DEV_002_20260928_234104.wav,0,59.40304,18.07242,Phogri,Pholidoptera griseoaptera,Dark Bush-cricket,bush-cricket,0.94,,,28/09/2026,28/09/2026,23:41:04,ClassifEspSWE-0002026-05-29_1,JOHANKARLSSON,202609290752M9UN6REK,,Citizen Science (ultrasonic) - shared
59~40304+18~07242_20260928_234109.wav,DEV_002_20260928_234109.wav,0,59.40304,18.07242,Phogri,Pholidoptera griseoaptera,Dark Bush-cricket,bush-cricket,0.99,,,28/09/2026,28/09/2026,23:41:09,ClassifEspSWE-0002026-05-29_1,JOHANKARLSSON,202609290752M9UN6REK,,Citizen Science (ultrasonic) - shared
59~40304+18~07242_20260928_234115.wav,DEV_002_20260928_234115.wav,0,59.40304,18.07242,Phogri,Pholidoptera griseoaptera,Dark Bush-cricket,bush-cricket,0.97,,,28/09/2026,28/09/2026,23:41:15,ClassifEspSWE-0002026-05-29_1,JOHANKARLSSON,202609290752M9UN6REK,,Citizen Science (ultrasonic) - shared
59~40304+18~07242_20260928_234120.wav,DEV_002_20260928_234120.wav,0,59.40304,18.07242,Phogri,Pholidoptera griseoaptera,Dark Bush-cricket,bush-cricket,0.94,,,28/09/2026,28/09/2026,23:41:20,ClassifEspSWE-0002026-05-29_1,JOHANKARLSSON,202609290752M9UN6REK,,Citizen Science (ultrasonic) - shared
59~40304+18~07242_20260928_234126.wav,DEV_002_20260928_234126.wav,0,59.40304,18.07242,Phogri,Pholidoptera griseoaptera,Dark Bush-cricket,bush-cricket,0.99,,,28/09/2026,28/09/2026,23:41:26,ClassifEspSWE-0002026-05-29_1,JOHANKARLSSON,202609290752M9UN6REK,,Citizen Science (ultrasonic) - shared
59~40304+18~07242_20260928_234132.wav,DEV_002_20260928_234132.wav,0,59.40304,18.07242,Phogri,Pholidoptera griseoaptera,Dark Bush-cricket,bush-cricket,0.99,,,28/09/2026,28/09/2026,23:41:32,ClassifEspSWE-0002026-05-29_1,JOHANKARLSSON,202609290752M9UN6REK,,Citizen Science (ultrasonic) - shared
59~40304+18~07242_20260928_234137.wav,DEV_002_20260928_234137.wav,0,59.40304,18.07242,Phogri,Pholidoptera griseoaptera,Dark Bush-cricket,bush-cricket,0.64,,,28/09/2026,28/09/2026,23:41:37,ClassifEspSWE-0002026-05-29_1,JOHANKARLSSON,202609290752M9UN6REK,,Citizen Science (ultrasonic) - shared
59~40304+18~07242_20260928_234142.wav,DEV_002_20260928_234142.wav,0,59.40304,18.07242,Phogri,Pholidoptera griseoaptera,Dark Bush-cricket,bush-cricket,0.99,,,28/09/2026,28/09/2026,23:41:42,ClassifEspSWE-0002026-05-29_1,JOHANKARLSSON,202609290752M9UN6REK,,Citizen Science (ultrasonic) - shared
59~40304+18~07242_20260928_234148.wav,DEV_002_20260928_234148.wav,0,59.40304,18.07242,Phogri,Pholidoptera griseoaptera,Dark Bush-cricket,bush-cricket,0.97,,,28/09/2026,28/09/2026,23:41:48,ClassifEspSWE-0002026-05-29_1,JOHANKARLSSON,202609290752M9UN6REK,,Citizen Science (ultrasonic) - shared
59~40304+18~07242_20260928_234153.wav,DEV_002_20260928_234153.wav,0,59.40304,18.07242,Phogri,Pholidoptera griseoaptera,Dark Bush-cricket,bush-cricket,0.92,,,28/09/2026,28/09/2026,23:41:53,ClassifEspSWE-0002026-05-29_1,JOHANKARLSSON,202609290752M9UN6REK,,Citizen Science (ultrasonic) - shared
59~40304+18~07242_20260928_234200.wav,DEV_002_20260928_234200.wav,0,59.40304,18.07242,Phogri,Pholidoptera griseoaptera,Dark Bush-cricket,bush-cricket,0.75,,,28/09/2026,28/09/2026,23:42:00,ClassifEspSWE-0002026-05-29_1,JOHANKARLSSON,202609290752M9UN6REK,,Citizen Science (ultrasonic) - shared
59~40304+18~07242_20260928_234205.wav,DEV_002_20260928_234205.wav,0,59.40304,18.07242,Phogri,Pholidoptera griseoaptera,Dark Bush-cricket,bush-cricket,0.99,,,28/09/2026,28/09/2026,23:42:05,ClassifEspSWE-0002026-05-29_1,JOHANKARLSSON,202609290752M9UN6REK,,Citizen Science (ultrasonic) - shared
59~40304+18~07242_20260928_234211.wav,DEV_002_20260928_234211.wav,0,59.40304,18.07242,Phogri,Pholidoptera griseoaptera,Dark Bush-cricket,bush-cricket,0.95,,,28/09/2026,28/09/2026,23:42:11,ClassifEspSWE-0002026-05-29_1,JOHANKARLSSON,202609290752M9UN6REK,,Citizen Science (ultrasonic) - shared
59~40304+18~07242_20260928_234217.wav,DEV_002_20260928_234217.wav,0,59.40304,18.07242,Phogri,Pholidoptera griseoaptera,Dark Bush-cricket,bush-cricket,0.91,,,28/09/2026,28/09/2026,23:42:17,ClassifEspSWE-0002026-05-29_1,JOHANKARLSSON,202609290752M9UN6REK,,Citizen Science (ultrasonic) - shared
59~40304+18~07242_20260928_234222.wav,DEV_002_20260928_234222.wav,0,59.40304,18.07242,Phogri,Pholidoptera griseoaptera,Dark Bush-cricket,bush-cricket,0.99,,,28/09/2026,28/09/2026,23:42:22,ClassifEspSWE-0002026-05-29_1,JOHANKARLSSON,202609290752M9UN6REK,,Citizen Science (ultrasonic) - shared
59~40304+18~07242_20260928_234227.wav,DEV_002_20260928_234227.wav,0,59.40304,18.07242,Phogri,Pholidoptera griseoaptera,Dark Bush-cricket,bush-cricket,0.99,,,28/09/2026,28/09/2026,23:42:27,ClassifEspSWE-0002026-05-29_1,JOHANKARLSSON,202609290752M9UN6REK,,Citizen Science (ultrasonic) - shared
59~40304+18~07242_20260928_234233.wav,DEV_002_20260928_234233.wav,0,59.40304,18.07242,Phogri,Pholidoptera griseoaptera,Dark Bush-cricket,bush-cricket,0.99,,,28/09/2026,28/09/2026,23:42:33,ClassifEspSWE-0002026-05-29_1,JOHANKARLSSON,202609290752M9UN6REK,,Citizen Science (ultrasonic) - shared
59~40304+18~07242_20260928_234240.wav,DEV_002_20260928_234240.wav,0,59.40304,18.07242,Phogri,Pholidoptera griseoaptera,Dark Bush-cricket,bush-cricket,0.96,,,28/09/2026,28/09/2026,23:42:40,ClassifEspSWE-0002026-05-29_1,JOHANKARLSSON,202609290752M9UN6REK,,Citizen Science (ultrasonic) - shared
59~40304+18~07242_20260928_234245.wav,DEV_002_20260928_234245.wav,0,59.40304,18.07242,Phogri,Pholidoptera griseoaptera,Dark Bush-cricket,bush-cricket,0.96,,,28/09/2026,28/09/2026,23:42:45,ClassifEspSWE-0002026-05-29_1,JOHANKARLSSON,202609290752M9UN6REK,,Citizen Science (ultrasonic) - shared
59~40304+18~07242_20260928_234251.wav,DEV_002_20260928_234251.wav,0,59.40304,18.07242,Phogri,Pholidoptera griseoaptera,Dark Bush-cricket,bush-cricket,0.96,,,28/09/2026,28/09/2026,23:42:51,ClassifEspSWE-0002026-05-29_1,JOHANKARLSSON,202609290752M9UN6REK,,Citizen Science (ultrasonic) - shared
59~40304+18~07242_20260928_234256.wav,DEV_002_20260928_234256.wav,0,59.40304,18.07242,Phogri,Pholidoptera griseoaptera,Dark Bush-cricket,bush-cricket,0.98,,,28/09/2026,28/09/2026,23:42:56,ClassifEspSWE-0002026-05-29_1,JOHANKARLSSON,202609290752M9UN6REK,,Citizen Science (ultrasonic) - shared
59~40304+18~07242_20260928_234301.wav,DEV_002_20260928_234301.wav,0,59.40304,18.07242,Phogri,Pholidoptera griseoaptera,Dark Bush-cricket,bush-cricket,0.82,,,28/09/2026,28/09/2026,23:43:01,ClassifEspSWE-0002026-05-29_1,JOHANKARLSSON,202609290752M9UN6REK,,Citizen Science (ultrasonic) - shared
59~40304+18~07242_20260928_234307.wav,DEV_002_20260928_234307.wav,0,59.40304,18.07242,Phogri,Pholidoptera griseoaptera,Dark Bush-cricket,bush-cricket,0.99,,,28/09/2026,28/09/2026,23:43:07,ClassifEspSWE-0002026-05-29_1,JOHANKARLSSON,202609290752M9UN6REK,,Citizen Science (ultrasonic) - shared
59~40304+18~07242_20260928_234313.wav,DEV_002_20260928_234313.wav,0,59.40304,18.07242,Phogri,Pholidoptera griseoaptera,Dark Bush-cricket,bush-cricket,0.96,,,28/09/2026,28/09/2026,23:43:13,ClassifEspSWE-0002026-05-29_1,JOHANKARLSSON,202609290752M9UN6REK,,Citizen Science (ultrasonic) - shared
59~40304+18~07242_20260928_234319.wav,DEV_002_20260928_234319.wav,0,59.40304,18.07242,Phogri,Pholidoptera griseoaptera,Dark Bush-cricket,bush-cricket,0.95,,,28/09/2026,28/09/2026,23:43:19,ClassifEspSWE-0002026-05-29_1,JOHANKARLSSON,202609290752M9UN6REK,,Citizen Science (ultrasonic) - shared
59~40304+18~07242_20260928_234325.wav,DEV_002_20260928_234325.wav,0,59.40304,18.07242,Phogri,Pholidoptera griseoaptera,Dark Bush-cricket,bush-cricket,0.92,,,28/09/2026,28/09/2026,23:43:25,ClassifEspSWE-0002026-05-29_1,JOHANKARLSSON,202609290752M9UN6REK,,Citizen Science (ultrasonic) - shared
59~40304+18~07242_20260928_234330.wav,DEV_002_20260928_234330.wav,0,59.40304,18.07242,Phogri,Pholidoptera griseoaptera,Dark Bush-cricket,bush-cricket,0.99,,,28/09/2026,28/09/2026,23:43:30,ClassifEspSWE-0002026-05-29_1,JOHANKARLSSON,202609290752M9UN6REK,,Citizen Science (ultrasonic) - shared
59~40304+18~07242_20260928_234336.wav,DEV_002_20260928_234336.wav,0,59.40304,18.07242,Phogri,Pholidoptera griseoaptera,Dark Bush-cricket,bush-cricket,0.99,,,28/09/2026,28/09/2026,23:43:36,ClassifEspSWE-0002026-05-29_1,JOHANKARLSSON,202609290752M9UN6REK,,Citizen Science (ultrasonic) - shared
59~40304+18~07242_20260928_234341.wav,DEV_002_20260928_234341.wav,0,59.40304,18.07242,Phogri,Pholidoptera griseoaptera,Dark Bush-cricket,bush-cricket,0.99,,,28/09/2026,28/09/2026,23:43:41,ClassifEspSWE-0002026-05-29_1,JOHANKARLSSON,202609290752M9UN6REK,,Citizen Science (ultrasonic) - shared
59~40304+18~07242_20260928_234346.wav,DEV_002_20260928_234346.wav,0,59.40304,18.07242,Phogri,Pholidoptera griseoaptera,Dark Bush-cricket,bush-cricket,0.98,,,28/09/2026,28/09/2026,23:43:46,ClassifEspSWE-0002026-05-29_1,JOHANKARLSSON,202609290752M9UN6REK,,Citizen Science (ultrasonic) - shared
59~40304+18~07242_20260928_234352.wav,DEV_002_20260928_234352.wav,0,59.40304,18.07242,Phogri,Pholidoptera griseoaptera,Dark Bush-cricket,bush-cricket,0.9,,,28/09/2026,28/09/2026,23:43:52,ClassifEspSWE-0002026-05-29_1,JOHANKARLSSON,202609290752M9UN6REK,,Citizen Science (ultrasonic) - shared
59~40304+18~07242_20260928_234357.wav,DEV_002_20260928_234357.wav,0,59.40304,18.07242,Phogri,Pholidoptera griseoaptera,Dark Bush-cricket,bush-cricket,0.92,,,28/09/2026,28/09/2026,23:43:57,ClassifEspSWE-0002026-05-29_1,JOHANKARLSSON,202609290752M9UN6REK,,Citizen Science (ultrasonic) - shared
59~40304+18~07242_20260928_234403.wav,DEV_002_20260928_234403.wav,0,59.40304,18.07242,Phogri,Pholidoptera griseoaptera,Dark Bush-cricket,bush-cricket,0.6,,,28/09/2026,28/09/2026,23:44:03,ClassifEspSWE-0002026-05-29_1,JOHANKARLSSON,202609290752M9UN6REK,,Citizen Science (ultrasonic) - shared
59~40304+18~07242_20260928_234408.wav,DEV_002_20260928_234408.wav,0,59.40304,18.07242,Phogri,Pholidoptera griseoaptera,Dark Bush-cricket,bush-cricket,0.98,,,28/09/2026,28/09/2026,23:44:08,ClassifEspSWE-0002026-05-29_1,JOHANKARLSSON,202609290752M9UN6REK,,Citizen Science (ultrasonic) - shared
59~40304+18~07242_20260928_234414.wav,DEV_002_20260928_234414.wav,0,59.40304,18.07242,Phogri,Pholidoptera griseoaptera,Dark Bush-cricket,bush-cricket,0.96,,,28/09/2026,28/09/2026,23:44:14,ClassifEspSWE-0002026-05-29_1,JOHANKARLSSON,202609290752M9UN6REK,,Citizen Science (ultrasonic) - shared
59~40304+18~07242_20260928_234420.wav,DEV_002_20260928_234420.wav,0,59.40304,18.07242,Phogri,Pholidoptera griseoaptera,Dark Bush-cricket,bush-cricket,0.95,,,28/09/2026,28/09/2026,23:44:20,ClassifEspSWE-0002026-05-29_1,JOHANKARLSSON,202609290752M9UN6REK,,Citizen Science (ultrasonic) - shared
59~40304+18~07242_20260928_234425.wav,DEV_002_20260928_234425.wav,0,59.40304,18.07242,Phogri,Pholidoptera griseoaptera,Dark Bush-cricket,bush-cricket,0.89,,,28/09/2026,28/09/2026,23:44:25,ClassifEspSWE-0002026-05-29_1,JOHANKARLSSON,202609290752M9UN6REK,,Citizen Science (ultrasonic) - shared
59~40304+18~07242_20260928_234431.wav,DEV_002_20260928_234431.wav,0,59.40304,18.07242,Phogri,Pholidoptera griseoaptera,Dark Bush-cricket,bush-cricket,0.98,,,28/09/2026,28/09/2026,23:44:31,ClassifEspSWE-0002026-05-29_1,JOHANKARLSSON,202609290752M9UN6REK,,Citizen Science (ultrasonic) - shared
59~40304+18~07242_20260928_234436.wav,DEV_002_20260928_234436.wav,0,59.40304,18.07242,Phogri,Pholidoptera griseoaptera,Dark Bush-cricket,bush-cricket,0.96,,,28/09/2026,28/09/2026,23:44:36,ClassifEspSWE-0002026-05-29_1,JOHANKARLSSON,202609290752M9UN6REK,,Citizen Science (ultrasonic) - shared
59~40304+18~07242_20260928_234442.wav,DEV_002_20260928_234442.wav,0,59.40304,18.07242,Phogri,Pholidoptera griseoaptera,Dark Bush-cricket,bush-cricket,0.97,,,28/09/2026,28/09/2026,23:44:42,ClassifEspSWE-0002026-05-29_1,JOHANKARLSSON,202609290752M9UN6REK,,Citizen Science (ultrasonic) - shared
59~40304+18~07242_20260928_234447.wav,DEV_002_20260928_234447.wav,0,59.40304,18.07242,Phogri,Pholidoptera griseoaptera,Dark Bush-cricket,bush-cricket,0.97,,,28/09/2026,28/09/2026,23:44:47,ClassifEspSWE-0002026-05-29_1,JOHANKARLSSON,202609290752M9UN6REK,,Citizen Science (ultrasonic) - shared
59~40304+18~07242_20260928_234453.wav,DEV_002_20260928_234453.wav,0,59.40304,18.07242,Phogri,Pholidoptera griseoaptera,Dark Bush-cricket,bush-cricket,0.96,,,28/09/2026,28/09/2026,23:44:53,ClassifEspSWE-0002026-05-29_1,JOHANKARLSSON,202609290752M9UN6REK,,Citizen Science (ultrasonic) - shared
59~40304+18~07242_20260928_234458.wav,DEV_002_20260928_234458.wav,0,59.40304,18.07242,Phogri,Pholidoptera griseoaptera,Dark Bush-cricket,bush-cricket,0.96,,,28/09/2026,28/09/2026,23:44:58,ClassifEspSWE-0002026-05-29_1,JOHANKARLSSON,202609290752M9UN6REK,,Citizen Science (ultrasonic) - shared
59~40304+18~07242_20260928_234504.wav,DEV_002_20260928_234504.wav,0,59.40304,18.07242,Phogri,Pholidoptera griseoaptera,Dark Bush-cricket,bush-cricket,0.98,,,28/09/2026,28/09/2026,23:45:04,ClassifEspSWE-0002026-05-29_1,JOHANKARLSSON,202609290752M9UN6REK,,Citizen Science (ultrasonic) - shared
59~40304+18~07242_20260928_234509.wav,DEV_002_20260928_234509.wav,0,59.40304,18.07242,Phogri,Pholidoptera griseoaptera,Dark Bush-cricket,bush-cricket,0.98,,,28/09/2026,28/09/2026,23:45:09,ClassifEspSWE-0002026-05-29_1,JOHANKARLSSON,202609290752M9UN6REK,,Citizen Science (ultrasonic) - shared
59~40304+18~07242_20260928_234514.wav,DEV_002_20260928_234514.wav,0,59.40304,18.07242,Phogri,Pholidoptera griseoaptera,Dark Bush-cricket,bush-cricket,0.97,,,28/09/2026,28/09/2026,23:45:14,ClassifEspSWE-0002026-05-29_1,JOHANKARLSSON,202609290752M9UN6REK,,Citizen Science (ultrasonic) - shared
59~40304+18~07242_20260928_234520.wav,DEV_002_20260928_234520.wav,0,59.40304,18.07242,Phogri,Pholidoptera griseoaptera,Dark Bush-cricket,bush-cricket,0.77,,,28/09/2026,28/09/2026,23:45:20,ClassifEspSWE-0002026-05-29_1,JOHANKARLSSON,202609290752M9UN6REK,,Citizen Science (ultrasonic) - shared
59~40304+18~07242_20260928_234525.wav,DEV_002_20260928_234525.wav,0,59.40304,18.07242,Phogri,Pholidoptera griseoaptera,Dark Bush-cricket,bush-cricket,0.94,,,28/09/2026,28/09/2026,23:45:25,ClassifEspSWE-0002026-05-29_1,JOHANKARLSSON,202609290752M9UN6REK,,Citizen Science (ultrasonic) - shared
59~40304+18~07242_20260928_234531.wav,DEV_002_20260928_234531.wav,0,59.40304,18.07242,Phogri,Pholidoptera griseoaptera,Dark Bush-cricket,bush-cricket,0.96,,,28/09/2026,28/09/2026,23:45:31,ClassifEspSWE-0002026-05-29_1,JOHANKARLSSON,202609290752M9UN6REK,,Citizen Science (ultrasonic) - shared
59~40304+18~07242_20260928_234536.wav,DEV_002_20260928_234536.wav,0,59.40304,18.07242,Phogri,Pholidoptera griseoaptera,Dark Bush-cricket,bush-cricket,0.89,,,28/09/2026,28/09/2026,23:45:36,ClassifEspSWE-0002026-05-29_1,JOHANKARLSSON,202609290752M9UN6REK,,Citizen Science (ultrasonic) - shared
59~40304+18~07242_20260928_234542.wav,DEV_002_20260928_234542.wav,0,59.40304,18.07242,Phogri,Pholidoptera griseoaptera,Dark Bush-cricket,bush-cricket,0.98,,,28/09/2026,28/09/2026,23:45:42,ClassifEspSWE-0002026-05-29_1,JOHANKARLSSON,202609290752M9UN6REK,,Citizen Science (ultrasonic) - shared
59~40304+18~07242_20260928_234547.wav,DEV_002_20260928_234547.wav,0,59.40304,18.07242,Phogri,Pholidoptera griseoaptera,Dark Bush-cricket,bush-cricket,0.98,,,28/09/2026,28/09/2026,23:45:47,ClassifEspSWE-0002026-05-29_1,JOHANKARLSSON,202609290752M9UN6REK,,Citizen Science (ultrasonic) - shared
59~40304+18~07242_20260928_234553.wav,DEV_002_20260928_234553.wav,0,59.40304,18.07242,Phogri,Pholidoptera griseoaptera,Dark Bush-cricket,bush-cricket,0.99,,,28/09/2026,28/09/2026,23:45:53,ClassifEspSWE-0002026-05-29_1,JOHANKARLSSON,202609290752M9UN6REK,,Citizen Science (ultrasonic) - shared
59~40304+18~07242_20260928_234559.wav,DEV_002_20260928_234559.wav,0,59.40304,18.07242,Phogri,Pholidoptera griseoaptera,Dark Bush-cricket,bush-cricket,0.99,,,28/09/2026,28/09/2026,23:45:59,ClassifEspSWE-0002026-05-29_1,JOHANKARLSSON,202609290752M9UN6REK,,Citizen Science (ultrasonic) - shared
59~40304+18~07242_20260928_234604.wav,DEV_002_20260928_234604.wav,0,59.40304,18.07242,Phogri,Pholidoptera griseoaptera,Dark Bush-cricket,bush-cricket,0.99,,,28/09/2026,28/09/2026,23:46:04,ClassifEspSWE-0002026-05-29_1,JOHANKARLSSON,202609290752M9UN6REK,,Citizen Science (ultrasonic) - shared
59~40304+18~07242_20260928_234610.wav,DEV_002_20260928_234610.wav,0,59.40304,18.07242,Phogri,Pholidoptera griseoaptera,Dark Bush-cricket,bush-cricket,0.99,,,28/09/2026,28/09/2026,23:46:10,ClassifEspSWE-0002026-05-29_1,JOHANKARLSSON,202609290752M9UN6REK,,Citizen Science (ultrasonic) - shared
59~40304+18~07242_20260928_234615.wav,DEV_002_20260928_234615.wav,0,59.40304,18.07242,Phogri,Pholidoptera griseoaptera,Dark Bush-cricket,bush-cricket,0.98,,,28/09/2026,28/09/2026,23:46:15,ClassifEspSWE-0002026-05-29_1,JOHANKARLSSON,202609290752M9UN6REK,,Citizen Science (ultrasonic) - shared
59~40304+18~07242_20260928_234621.wav,DEV_002_20260928_234621.wav,0,59.40304,18.07242,Phogri,Pholidoptera griseoaptera,Dark Bush-cricket,bush-cricket,0.98,,,28/09/2026,28/09/2026,23:46:21,ClassifEspSWE-0002026-05-29_1,JOHANKARLSSON,202609290752M9UN6REK,,Citizen Science (ultrasonic) - shared
59~40304+18~07242_20260928_234627.wav,DEV_002_20260928_234627.wav,0,59.40304,18.07242,Phogri,Pholidoptera griseoaptera,Dark Bush-cricket,bush-cricket,0.99,,,28/09/2026,28/09/2026,23:46:27,ClassifEspSWE-0002026-05-29_1,JOHANKARLSSON,202609290752M9UN6REK,,Citizen Science (ultrasonic) - shared
59~40304+18~07242_20260928_234632.wav,DEV_002_20260928_234632.wav,0,59.40304,18.07242,Phogri,Pholidoptera griseoaptera,Dark Bush-cricket,bush-cricket,0.97,,,28/09/2026,28/09/2026,23:46:32,ClassifEspSWE-0002026-05-29_1,JOHANKARLSSON,202609290752M9UN6REK,,Citizen Science (ultrasonic) - shared
59~40304+18~07242_20260928_234638.wav,DEV_002_20260928_234638.wav,0,59.40304,18.07242,Phogri,Pholidoptera griseoaptera,Dark Bush-cricket,bush-cricket,0.98,,,28/09/2026,28/09/2026,23:46:38,ClassifEspSWE-0002026-05-29_1,JOHANKARLSSON,202609290752M9UN6REK,,Citizen Science (ultrasonic) - shared
59~40304+18~07242_20260928_234643.wav,DEV_002_20260928_234643.wav,0,59.40304,18.07242,Phogri,Pholidoptera griseoaptera,Dark Bush-cricket,bush-cricket,0.95,,,28/09/2026,28/09/2026,23:46:43,ClassifEspSWE-0002026-05-29_1,JOHANKARLSSON,202609290752M9UN6REK,,Citizen Science (ultrasonic) - shared
59~40304+18~07242_20260928_234649.wav,DEV_002_20260928_234649.wav,0,59.40304,18.07242,Phogri,Pholidoptera griseoaptera,Dark Bush-cricket,bush-cricket,0.92,,,28/09/2026,28/09/2026,23:46:49,ClassifEspSWE-0002026-05-29_1,JOHANKARLSSON,202609290752M9UN6REK,,Citizen Science (ultrasonic) - shared
59~40304+18~07242_20260928_234654.wav,DEV_002_20260928_234654.wav,0,59.40304,18.07242,Phogri,Pholidoptera griseoaptera,Dark Bush-cricket,bush-cricket,0.95,,,28/09/2026,28/09/2026,23:46:54,ClassifEspSWE-0002026-05-29_1,JOHANKARLSSON,202609290752M9UN6REK,,Citizen Science (ultrasonic) - shared
59~40304+18~07242_20260928_234700.wav,DEV_002_20260928_234700.wav,0,59.40304,18.07242,Phogri,Pholidoptera griseoaptera,Dark Bush-cricket,bush-cricket,0.73,,,28/09/2026,28/09/2026,23:47:00,ClassifEspSWE-0002026-05-29_1,JOHANKARLSSON,202609290752M9UN6REK,,Citizen Science (ultrasonic) - shared
59~40304+18~07242_20260928_234706.wav,DEV_002_20260928_234706.wav,0,59.40304,18.07242,Phogri,Pholidoptera griseoaptera,Dark Bush-cricket,bush-cricket,0.97,,,28/09/2026,28/09/2026,23:47:06,ClassifEspSWE-0002026-05-29_1,JOHANKARLSSON,202609290752M9UN6REK,,Citizen Science (ultrasonic) - shared
59~40304+18~07242_20260928_234712.wav,DEV_002_20260928_234712.wav,0,59.40304,18.07242,Phogri,Pholidoptera griseoaptera,Dark Bush-cricket,bush-cricket,0.97,,,28/09/2026,28/09/2026,23:47:12,ClassifEspSWE-0002026-05-29_1,JOHANKARLSSON,202609290752M9UN6REK,,Citizen Science (ultrasonic) - shared
59~40304+18~07242_20260928_234717.wav,DEV_002_20260928_234717.wav,0,59.40304,18.07242,Phogri,Pholidoptera griseoaptera,Dark Bush-cricket,bush-cricket,0.99,,,28/09/2026,28/09/2026,23:47:17,ClassifEspSWE-0002026-05-29_1,JOHANKARLSSON,202609290752M9UN6REK,,Citizen Science (ultrasonic) - shared
59~40304+18~07242_20260928_234722.wav,DEV_002_20260928_234722.wav,0,59.40304,18.07242,Phogri,Pholidoptera griseoaptera,Dark Bush-cricket,bush-cricket,0.67,,,28/09/2026,28/09/2026,23:47:22,ClassifEspSWE-0002026-05-29_1,JOHANKARLSSON,202609290752M9UN6REK,,Citizen Science (ultrasonic) - shared
59~40304+18~07242_20260928_234728.wav,DEV_002_20260928_234728.wav,0,59.40304,18.07242,Phogri,Pholidoptera griseoaptera,Dark Bush-cricket,bush-cricket,0.99,,,28/09/2026,28/09/2026,23:47:28,ClassifEspSWE-0002026-05-29_1,JOHANKARLSSON,202609290752M9UN6REK,,Citizen Science (ultrasonic) - shared
59~40304+18~07242_20260928_234733.wav,DEV_002_20260928_234733.wav,0,59.40304,18.07242,Phogri,Pholidoptera griseoaptera,Dark Bush-cricket,bush-cricket,0.96,,,28/09/2026,28/09/2026,23:47:33,ClassifEspSWE-0002026-05-29_1,JOHANKARLSSON,202609290752M9UN6REK,,Citizen Science (ultrasonic) - shared
59~40304+18~07242_20260928_234738.wav,DEV_002_20260928_234738.wav,0,59.40304,18.07242,Phogri,Pholidoptera griseoaptera,Dark Bush-cricket,bush-cricket,0.7,,,28/09/2026,28/09/2026,23:47:38,ClassifEspSWE-0002026-05-29_1,JOHANKARLSSON,202609290752M9UN6REK,,Citizen Science (ultrasonic) - shared
59~40304+18~07242_20260928_234744.wav,DEV_002_20260928_234744.wav,0,59.40304,18.07242,Phogri,Pholidoptera griseoaptera,Dark Bush-cricket,bush-cricket,0.99,,,28/09/2026,28/09/2026,23:47:44,ClassifEspSWE-0002026-05-29_1,JOHANKARLSSON,202609290752M9UN6REK,,Citizen Science (ultrasonic) - shared
59~40304+18~07242_20260928_234750.wav,DEV_002_20260928_234750.wav,0,59.40304,18.07242,Phogri,Pholidoptera griseoaptera,Dark Bush-cricket,bush-cricket,0.99,,,28/09/2026,28/09/2026,23:47:50,ClassifEspSWE-0002026-05-29_1,JOHANKARLSSON,202609290752M9UN6REK,,Citizen Science (ultrasonic) - shared
59~40304+18~07242_20260928_234756.wav,DEV_002_20260928_234756.wav,0,59.40304,18.07242,Phogri,Pholidoptera griseoaptera,Dark Bush-cricket,bush-cricket,0.99,,,28/09/2026,28/09/2026,23:47:56,ClassifEspSWE-0002026-05-29_1,JOHANKARLSSON,202609290752M9UN6REK,,Citizen Science (ultrasonic) - shared
59~40304+18~07242_20260928_234802.wav,DEV_002_20260928_234802.wav,0,59.40304,18.07242,Phogri,Pholidoptera griseoaptera,Dark Bush-cricket,bush-cricket,0.98,,,28/09/2026,28/09/2026,23:48:02,ClassifEspSWE-0002026-05-29_1,JOHANKARLSSON,202609290752M9UN6REK,,Citizen Science (ultrasonic) - shared
59~40304+18~07242_20260928_234808.wav,DEV_002_20260928_234808.wav,0,59.40304,18.07242,Phogri,Pholidoptera griseoaptera,Dark Bush-cricket,bush-cricket,0.97,,,28/09/2026,28/09/2026,23:48:08,ClassifEspSWE-0002026-05-29_1,JOHANKARLSSON,202609290752M9UN6REK,,Citizen Science (ultrasonic) - shared
59~40304+18~07242_20260928_234813.wav,DEV_002_20260928_234813.wav,0,59.40304,18.07242,Phogri,Pholidoptera griseoaptera,Dark Bush-cricket,bush-cricket,0.68,,,28/09/2026,28/09/2026,23:48:13,ClassifEspSWE-0002026-05-29_1,JOHANKARLSSON,202609290752M9UN6REK,,Citizen Science (ultrasonic) - shared
59~40304+18~07242_20260928_234819.wav,DEV_002_20260928_234819.wav,0,59.40304,18.07242,Phogri,Pholidoptera griseoaptera,Dark Bush-cricket,bush-cricket,0.99,,,28/09/2026,28/09/2026,23:48:19,ClassifEspSWE-0002026-05-29_1,JOHANKARLSSON,202609290752M9UN6REK,,Citizen Science (ultrasonic) - shared
59~40304+18~07242_20260928_234825.wav,DEV_002_20260928_234825.wav,0,59.40304,18.07242,Phogri,Pholidoptera griseoaptera,Dark Bush-cricket,bush-cricket,0.98,,,28/09/2026,28/09/2026,23:48:25,ClassifEspSWE-0002026-05-29_1,JOHANKARLSSON,202609290752M9UN6REK,,Citizen Science (ultrasonic) - shared
59~40304+18~07242_20260928_234830.wav,DEV_002_20260928_234830.wav,0,59.40304,18.07242,Phogri,Pholidoptera griseoaptera,Dark Bush-cricket,bush-cricket,0.98,,,28/09/2026,28/09/2026,23:48:30,ClassifEspSWE-0002026-05-29_1,JOHANKARLSSON,202609290752M9UN6REK,,Citizen Science (ultrasonic) - shared
59~40304+18~07242_20260928_234836.wav,DEV_002_20260928_234836.wav,0,59.40304,18.07242,Phogri,Pholidoptera griseoaptera,Dark Bush-cricket,bush-cricket,0.99,,,28/09/2026,28/09/2026,23:48:36,ClassifEspSWE-0002026-05-29_1,JOHANKARLSSON,202609290752M9UN6REK,,Citizen Science (ultrasonic) - shared
59~40304+18~07242_20260928_234841.wav,DEV_002_20260928_234841.wav,0,59.40304,18.07242,Phogri,Pholidoptera griseoaptera,Dark Bush-cricket,bush-cricket,0.7,,,28/09/2026,28/09/2026,23:48:41,ClassifEspSWE-0002026-05-29_1,JOHANKARLSSON,202609290752M9UN6REK,,Citizen Science (ultrasonic) - shared
59~40304+18~07242_20260928_234848.wav,DEV_002_20260928_234848.wav,0,59.40304,18.07242,Phogri,Pholidoptera griseoaptera,Dark Bush-cricket,bush-cricket,0.72,,,28/09/2026,28/09/2026,23:48:48,ClassifEspSWE-0002026-05-29_1,JOHANKARLSSON,202609290752M9UN6REK,,Citizen Science (ultrasonic) - shared
59~40304+18~07242_20260928_234854.wav,DEV_002_20260928_234854.wav,0,59.40304,18.07242,Phogri,Pholidoptera griseoaptera,Dark Bush-cricket,bush-cricket,0.88,,,28/09/2026,28/09/2026,23:48:54,ClassifEspSWE-0002026-05-29_1,JOHANKARLSSON,202609290752M9UN6REK,,Citizen Science (ultrasonic) - shared
59~40304+18~07242_20260928_234859.wav,DEV_002_20260928_234859.wav,0,59.40304,18.07242,Phogri,Pholidoptera griseoaptera,Dark Bush-cricket,bush-cricket,0.96,,,28/09/2026,28/09/2026,23:48:59,ClassifEspSWE-0002026-05-29_1,JOHANKARLSSON,202609290752M9UN6REK,,Citizen Science (ultrasonic) - shared
59~40304+18~07242_20260928_234905.wav,DEV_002_20260928_234905.wav,0,59.40304,18.07242,Phogri,Pholidoptera griseoaptera,Dark Bush-cricket,bush-cricket,0.97,,,28/09/2026,28/09/2026,23:49:05,ClassifEspSWE-0002026-05-29_1,JOHANKARLSSON,202609290752M9UN6REK,,Citizen Science (ultrasonic) - shared
59~40304+18~07242_20260928_234910.wav,DEV_002_20260928_234910.wav,0,59.40304,18.07242,Phogri,Pholidoptera griseoaptera,Dark Bush-cricket,bush-cricket,0.97,,,28/09/2026,28/09/2026,23:49:10,ClassifEspSWE-0002026-05-29_1,JOHANKARLSSON,202609290752M9UN6REK,,Citizen Science (ultrasonic) - shared
59~40304+18~07242_20260928_234917.wav,DEV_002_20260928_234917.wav,0,59.40304,18.07242,Phogri,Pholidoptera griseoaptera,Dark Bush-cricket,bush-cricket,0.98,,,28/09/2026,28/09/2026,23:49:17,ClassifEspSWE-0002026-05-29_1,JOHANKARLSSON,202609290752M9UN6REK,,Citizen Science (ultrasonic) - shared
59~40304+18~07242_20260928_234923.wav,DEV_002_20260928_234923.wav,0,59.40304,18.07242,Phogri,Pholidoptera griseoaptera,Dark Bush-cricket,bush-cricket,0.95,,,28/09/2026,28/09/2026,23:49:23,ClassifEspSWE-0002026-05-29_1,JOHANKARLSSON,202609290752M9UN6REK,,Citizen Science (ultrasonic) - shared
59~40304+18~07242_20260928_234928.wav,DEV_002_20260928_234928.wav,0,59.40304,18.07242,Phogri,Pholidoptera griseoaptera,Dark Bush-cricket,bush-cricket,0.99,,,28/09/2026,28/09/2026,23:49:28,ClassifEspSWE-0002026-05-29_1,JOHANKARLSSON,202609290752M9UN6REK,,Citizen Science (ultrasonic) - shared
59~40304+18~07242_20260928_234934.wav,DEV_002_20260928_234934.wav,0,59.40304,18.07242,Phogri,Pholidoptera griseoaptera,Dark Bush-cricket,bush-cricket,0.98,,,28/09/2026,28/09/2026,23:49:34,ClassifEspSWE-0002026-05-29_1,JOHANKARLSSON,202609290752M9UN6REK,,Citizen Science (ultrasonic) - shared
59~40304+18~07242_20260928_234941.wav,DEV_002_20260928_234941.wav,0,59.40304,18.07242,Phogri,Pholidoptera griseoaptera,Dark Bush-cricket,bush-cricket,0.96,,,28/09/2026,28/09/2026,23:49:41,ClassifEspSWE-0002026-05-29_1,JOHANKARLSSON,202609290752M9UN6REK,,Citizen Science (ultrasonic) - shared
59~40304+18~07242_20260928_234946.wav,DEV_002_20260928_234946.wav,0,59.40304,18.07242,Phogri,Pholidoptera griseoaptera,Dark Bush-cricket,bush-cricket,0.91,,,28/09/2026,28/09/2026,23:49:46,ClassifEspSWE-0002026-05-29_1,JOHANKARLSSON,202609290752M9UN6REK,,Citizen Science (ultrasonic) - shared
59~40304+18~07242_20260928_234952.wav,DEV_002_20260928_234952.wav,0,59.40304,18.07242,Phogri,Pholidoptera griseoaptera,Dark Bush-cricket,bush-cricket,0.96,,,28/09/2026,28/09/2026,23:49:52,ClassifEspSWE-0002026-05-29_1,JOHANKARLSSON,202609290752M9UN6REK,,Citizen Science (ultrasonic) - shared
59~40304+18~07242_20260928_234958.wav,DEV_002_20260928_234958.wav,0,59.40304,18.07242,Phogri,Pholidoptera griseoaptera,Dark Bush-cricket,bush-cricket,0.84,,,28/09/2026,28/09/2026,23:49:58,ClassifEspSWE-0002026-05-29_1,JOHANKARLSSON,202609290752M9UN6REK,,Citizen Science (ultrasonic) - shared
59~40304+18~07242_20260928_235005.wav,DEV_002_20260928_235005.wav,0,59.40304,18.07242,Phogri,Pholidoptera griseoaptera,Dark Bush-cricket,bush-cricket,0.84,,,28/09/2026,28/09/2026,23:50:05,ClassifEspSWE-0002026-05-29_1,JOHANKARLSSON,202609290752M9UN6REK,,Citizen Science (ultrasonic) - shared
59~40304+18~07242_20260928_235011.wav,DEV_002_20260928_235011.wav,0,59.40304,18.07242,Phogri,Pholidoptera griseoaptera,Dark Bush-cricket,bush-cricket,0.98,,,28/09/2026,28/09/2026,23:50:11,ClassifEspSWE-0002026-05-29_1,JOHANKARLSSON,202609290752M9UN6REK,,Citizen Science (ultrasonic) - shared
59~40304+18~07242_20260928_235016.wav,DEV_002_20260928_235016.wav,0,59.40304,18.07242,Phogri,Pholidoptera griseoaptera,Dark Bush-cricket,bush-cricket,0.88,,,28/09/2026,28/09/2026,23:50:16,ClassifEspSWE-0002026-05-29_1,JOHANKARLSSON,202609290752M9UN6REK,,Citizen Science (ultrasonic) - shared
59~40304+18~07242_20260928_235022.wav,DEV_002_20260928_235022.wav,0,59.40304,18.07242,Phogri,Pholidoptera griseoaptera,Dark Bush-cricket,bush-cricket,0.85,,,28/09/2026,28/09/2026,23:50:22,ClassifEspSWE-0002026-05-29_1,JOHANKARLSSON,202609290752M9UN6REK,,Citizen Science (ultrasonic) - shared
59~40304+18~07242_20260928_235027.wav,DEV_002_20260928_235027.wav,0,59.40304,18.07242,Phogri,Pholidoptera griseoaptera,Dark Bush-cricket,bush-cricket,0.96,,,28/09/2026,28/09/2026,23:50:27,ClassifEspSWE-0002026-05-29_1,JOHANKARLSSON,202609290752M9UN6REK,,Citizen Science (ultrasonic) - shared
59~40304+18~07242_20260928_235033.wav,DEV_002_20260928_235033.wav,0,59.40304,18.07242,Phogri,Pholidoptera griseoaptera,Dark Bush-cricket,bush-cricket,0.99,,,28/09/2026,28/09/2026,23:50:33,ClassifEspSWE-0002026-05-29_1,JOHANKARLSSON,202609290752M9UN6REK,,Citizen Science (ultrasonic) - shared
59~40304+18~07242_20260928_235038.wav,DEV_002_20260928_235038.wav,0,59.40304,18.07242,Phogri,Pholidoptera griseoaptera,Dark Bush-cricket,bush-cricket,0.98,,,28/09/2026,28/09/2026,23:50:38,ClassifEspSWE-0002026-05-29_1,JOHANKARLSSON,202609290752M9UN6REK,,Citizen Science (ultrasonic) - shared
59~40304+18~07242_20260928_235044.wav,DEV_002_20260928_235044.wav,0,59.40304,18.07242,Phogri,Pholidoptera griseoaptera,Dark Bush-cricket,bush-cricket,0.97,,,28/09/2026,28/09/2026,23:50:44,ClassifEspSWE-0002026-05-29_1,JOHANKARLSSON,202609290752M9UN6REK,,Citizen Science (ultrasonic) - shared
59~40304+18~07242_20260928_235049.wav,DEV_002_20260928_235049.wav,0,59.40304,18.07242,Phogri,Pholidoptera griseoaptera,Dark Bush-cricket,bush-cricket,0.96,,,28/09/2026,28/09/2026,23:50:49,ClassifEspSWE-0002026-05-29_1,JOHANKARLSSON,202609290752M9UN6REK,,Citizen Science (ultrasonic) - shared
59~40304+18~07242_20260928_235054.wav,DEV_002_20260928_235054.wav,0,59.40304,18.07242,Phogri,Pholidoptera griseoaptera,Dark Bush-cricket,bush-cricket,0.94,,,28/09/2026,28/09/2026,23:50:54,ClassifEspSWE-0002026-05-29_1,JOHANKARLSSON,202609290752M9UN6REK,,Citizen Science (ultrasonic) - shared
59~40304+18~07242_20260928_235100.wav,DEV_002_20260928_235100.wav,0,59.40304,18.07242,Phogri,Pholidoptera griseoaptera,Dark Bush-cricket,bush-cricket,0.98,,,28/09/2026,28/09/2026,23:51:00,ClassifEspSWE-0002026-05-29_1,JOHANKARLSSON,202609290752M9UN6REK,,Citizen Science (ultrasonic) - shared
59~40304+18~07242_20260928_235106.wav,DEV_002_20260928_235106.wav,0,59.40304,18.07242,Phogri,Pholidoptera griseoaptera,Dark Bush-cricket,bush-cricket,0.96,,,28/09/2026,28/09/2026,23:51:06,ClassifEspSWE-0002026-05-29_1,JOHANKARLSSON,202609290752M9UN6REK,,Citizen Science (ultrasonic) - shared
59~40304+18~07242_20260928_235111.wav,DEV_002_20260928_235111.wav,0,59.40304,18.07242,Phogri,Pholidoptera griseoaptera,Dark Bush-cricket,bush-cricket,0.76,,,28/09/2026,28/09/2026,23:51:11,ClassifEspSWE-0002026-05-29_1,JOHANKARLSSON,202609290752M9UN6REK,,Citizen Science (ultrasonic) - shared
59~40304+18~07242_20260928_235117.wav,DEV_002_20260928_235117.wav,0,59.40304,18.07242,Phogri,Pholidoptera griseoaptera,Dark Bush-cricket,bush-cricket,0.87,,,28/09/2026,28/09/2026,23:51:17,ClassifEspSWE-0002026-05-29_1,JOHANKARLSSON,202609290752M9UN6REK,,Citizen Science (ultrasonic) - shared
59~40304+18~07242_20260928_235123.wav,DEV_002_20260928_235123.wav,0,59.40304,18.07242,Phogri,Pholidoptera griseoaptera,Dark Bush-cricket,bush-cricket,0.81,,,28/09/2026,28/09/2026,23:51:23,ClassifEspSWE-0002026-05-29_1,JOHANKARLSSON,202609290752M9UN6REK,,Citizen Science (ultrasonic) - shared
59~40304+18~07242_20260928_235128.wav,DEV_002_20260928_235128.wav,0,59.40304,18.07242,Phogri,Pholidoptera griseoaptera,Dark Bush-cricket,bush-cricket,0.97,,,28/09/2026,28/09/2026,23:51:28,ClassifEspSWE-0002026-05-29_1,JOHANKARLSSON,202609290752M9UN6REK,,Citizen Science (ultrasonic) - shared
59~40304+18~07242_20260928_235135.wav,DEV_002_20260928_235135.wav,0,59.40304,18.07242,Phogri,Pholidoptera griseoaptera,Dark Bush-cricket,bush-cricket,0.85,,,28/09/2026,28/09/2026,23:51:35,ClassifEspSWE-0002026-05-29_1,JOHANKARLSSON,202609290752M9UN6REK,,Citizen Science (ultrasonic) - shared
59~40304+18~07242_20260928_235142.wav,DEV_002_20260928_235142.wav,0,59.40304,18.07242,Phogri,Pholidoptera griseoaptera,Dark Bush-cricket,bush-cricket,0.98,,,28/09/2026,28/09/2026,23:51:42,ClassifEspSWE-0002026-05-29_1,JOHANKARLSSON,202609290752M9UN6REK,,Citizen Science (ultrasonic) - shared
59~40304+18~07242_20260928_235147.wav,DEV_002_20260928_235147.wav,0,59.40304,18.07242,Phogri,Pholidoptera griseoaptera,Dark Bush-cricket,bush-cricket,0.91,,,28/09/2026,28/09/2026,23:51:47,ClassifEspSWE-0002026-05-29_1,JOHANKARLSSON,202609290752M9UN6REK,,Citizen Science (ultrasonic) - shared
59~40304+18~07242_20260928_235153.wav,DEV_002_20260928_235153.wav,0,59.40304,18.07242,Phogri,Pholidoptera griseoaptera,Dark Bush-cricket,bush-cricket,0.92,,,28/09/2026,28/09/2026,23:51:53,ClassifEspSWE-0002026-05-29_1,JOHANKARLSSON,202609290752M9UN6REK,,Citizen Science (ultrasonic) - shared
59~40304+18~07242_20260928_235158.wav,DEV_002_20260928_235158.wav,0,59.40304,18.07242,Phogri,Pholidoptera griseoaptera,Dark Bush-cricket,bush-cricket,0.97,,,28/09/2026,28/09/2026,23:51:58,ClassifEspSWE-0002026-05-29_1,JOHANKARLSSON,202609290752M9UN6REK,,Citizen Science (ultrasonic) - shared
59~40304+18~07242_20260928_235204.wav,DEV_002_20260928_235204.wav,0,59.40304,18.07242,Phogri,Pholidoptera griseoaptera,Dark Bush-cricket,bush-cricket,0.85,,,28/09/2026,28/09/2026,23:52:04,ClassifEspSWE-0002026-05-29_1,JOHANKARLSSON,202609290752M9UN6REK,,Citizen Science (ultrasonic) - shared
59~40304+18~07242_20260928_235211.wav,DEV_002_20260928_235211.wav,0,59.40304,18.07242,Phogri,Pholidoptera griseoaptera,Dark Bush-cricket,bush-cricket,0.96,,,28/09/2026,28/09/2026,23:52:11,ClassifEspSWE-0002026-05-29_1,JOHANKARLSSON,202609290752M9UN6REK,,Citizen Science (ultrasonic) - shared
59~40304+18~07242_20260928_235216.wav,DEV_002_20260928_235216.wav,0,59.40304,18.07242,Phogri,Pholidoptera griseoaptera,Dark Bush-cricket,bush-cricket,0.97,,,28/09/2026,28/09/2026,23:52:16,ClassifEspSWE-0002026-05-29_1,JOHANKARLSSON,202609290752M9UN6REK,,Citizen Science (ultrasonic) - shared
59~40304+18~07242_20260928_235222.wav,DEV_002_20260928_235222.wav,0,59.40304,18.07242,Phogri,Pholidoptera griseoaptera,Dark Bush-cricket,bush-cricket,0.94,,,28/09/2026,28/09/2026,23:52:22,ClassifEspSWE-0002026-05-29_1,JOHANKARLSSON,202609290752M9UN6REK,,Citizen Science (ultrasonic) - shared
59~40304+18~07242_20260928_235229.wav,DEV_002_20260928_235229.wav,0,59.40304,18.07242,Phogri,Pholidoptera griseoaptera,Dark Bush-cricket,bush-cricket,0.94,,,28/09/2026,28/09/2026,23:52:29,ClassifEspSWE-0002026-05-29_1,JOHANKARLSSON,202609290752M9UN6REK,,Citizen Science (ultrasonic) - shared
59~40304+18~07242_20260928_235234.wav,DEV_002_20260928_235234.wav,0,59.40304,18.07242,Phogri,Pholidoptera griseoaptera,Dark Bush-cricket,bush-cricket,0.93,,,28/09/2026,28/09/2026,23:52:34,ClassifEspSWE-0002026-05-29_1,JOHANKARLSSON,202609290752M9UN6REK,,Citizen Science (ultrasonic) - shared
59~40304+18~07242_20260928_235240.wav,DEV_002_20260928_235240.wav,0,59.40304,18.07242,Phogri,Pholidoptera griseoaptera,Dark Bush-cricket,bush-cricket,0.88,,,28/09/2026,28/09/2026,23:52:40,ClassifEspSWE-0002026-05-29_1,JOHANKARLSSON,202609290752M9UN6REK,,Citizen Science (ultrasonic) - shared
59~40304+18~07242_20260928_235245.wav,DEV_002_20260928_235245.wav,0,59.40304,18.07242,Phogri,Pholidoptera griseoaptera,Dark Bush-cricket,bush-cricket,0.91,,,28/09/2026,28/09/2026,23:52:45,ClassifEspSWE-0002026-05-29_1,JOHANKARLSSON,202609290752M9UN6REK,,Citizen Science (ultrasonic) - shared
59~40304+18~07242_20260928_235251.wav,DEV_002_20260928_235251.wav,0,59.40304,18.07242,Phogri,Pholidoptera griseoaptera,Dark Bush-cricket,bush-cricket,0.9,,,28/09/2026,28/09/2026,23:52:51,ClassifEspSWE-0002026-05-29_1,JOHANKARLSSON,202609290752M9UN6REK,,Citizen Science (ultrasonic) - shared
59~40304+18~07242_20260928_235257.wav,DEV_002_20260928_235257.wav,0,59.40304,18.07242,Phogri,Pholidoptera griseoaptera,Dark Bush-cricket,bush-cricket,0.95,,,28/09/2026,28/09/2026,23:52:57,ClassifEspSWE-0002026-05-29_1,JOHANKARLSSON,202609290752M9UN6REK,,Citizen Science (ultrasonic) - shared
59~40304+18~07242_20260928_235302.wav,DEV_002_20260928_235302.wav,0,59.40304,18.07242,Phogri,Pholidoptera griseoaptera,Dark Bush-cricket,bush-cricket,0.94,,,28/09/2026,28/09/2026,23:53:02,ClassifEspSWE-0002026-05-29_1,JOHANKARLSSON,202609290752M9UN6REK,,Citizen Science (ultrasonic) - shared
59~40304+18~07242_20260928_235308.wav,DEV_002_20260928_235308.wav,0,59.40304,18.07242,Phogri,Pholidoptera griseoaptera,Dark Bush-cricket,bush-cricket,0.98,,,28/09/2026,28/09/2026,23:53:08,ClassifEspSWE-0002026-05-29_1,JOHANKARLSSON,202609290752M9UN6REK,,Citizen Science (ultrasonic) - shared
59~40304+18~07242_20260928_235315.wav,DEV_002_20260928_235315.wav,0,59.40304,18.07242,Phogri,Pholidoptera griseoaptera,Dark Bush-cricket,bush-cricket,0.99,,,28/09/2026,28/09/2026,23:53:15,ClassifEspSWE-0002026-05-29_1,JOHANKARLSSON,202609290752M9UN6REK,,Citizen Science (ultrasonic) - shared
59~40304+18~07242_20260928_235320.wav,DEV_002_20260928_235320.wav,0,59.40304,18.07242,Phogri,Pholidoptera griseoaptera,Dark Bush-cricket,bush-cricket,0.97,,,28/09/2026,28/09/2026,23:53:20,ClassifEspSWE-0002026-05-29_1,JOHANKARLSSON,202609290752M9UN6REK,,Citizen Science (ultrasonic) - shared
59~40304+18~07242_20260928_235326.wav,DEV_002_20260928_235326.wav,0,59.40304,18.07242,Phogri,Pholidoptera griseoaptera,Dark Bush-cricket,bush-cricket,0.99,,,28/09/2026,28/09/2026,23:53:26,ClassifEspSWE-0002026-05-29_1,JOHANKARLSSON,202609290752M9UN6REK,,Citizen Science (ultrasonic) - shared
59~40304+18~07242_20260928_235331.wav,DEV_002_20260928_235331.wav,0,59.40304,18.07242,Phogri,Pholidoptera griseoaptera,Dark Bush-cricket,bush-cricket,0.99,,,28/09/2026,28/09/2026,23:53:31,ClassifEspSWE-0002026-05-29_1,JOHANKARLSSON,202609290752M9UN6REK,,Citizen Science (ultrasonic) - shared
59~40304+18~07242_20260928_235337.wav,DEV_002_20260928_235337.wav,0,59.40304,18.07242,Phogri,Pholidoptera griseoaptera,Dark Bush-cricket,bush-cricket,0.95,,,28/09/2026,28/09/2026,23:53:37,ClassifEspSWE-0002026-05-29_1,JOHANKARLSSON,202609290752M9UN6REK,,Citizen Science (ultrasonic) - shared
59~40304+18~07242_20260928_235342.wav,DEV_002_20260928_235342.wav,0,59.40304,18.07242,Phogri,Pholidoptera griseoaptera,Dark Bush-cricket,bush-cricket,0.94,,,28/09/2026,28/09/2026,23:53:42,ClassifEspSWE-0002026-05-29_1,JOHANKARLSSON,202609290752M9UN6REK,,Citizen Science (ultrasonic) - shared
59~40304+18~07242_20260928_235349.wav,DEV_002_20260928_235349.wav,0,59.40304,18.07242,Phogri,Pholidoptera griseoaptera,Dark Bush-cricket,bush-cricket,0.97,,,28/09/2026,28/09/2026,23:53:49,ClassifEspSWE-0002026-05-29_1,JOHANKARLSSON,202609290752M9UN6REK,,Citizen Science (ultrasonic) - shared
59~40304+18~07242_20260928_235354.wav,DEV_002_20260928_235354.wav,0,59.40304,18.07242,Phogri,Pholidoptera griseoaptera,Dark Bush-cricket,bush-cricket,0.98,,,28/09/2026,28/09/2026,23:53:54,ClassifEspSWE-0002026-05-29_1,JOHANKARLSSON,202609290752M9UN6REK,,Citizen Science (ultrasonic) - shared
59~40304+18~07242_20260928_235400.wav,DEV_002_20260928_235400.wav,0,59.40304,18.07242,Phogri,Pholidoptera griseoaptera,Dark Bush-cricket,bush-cricket,0.95,,,28/09/2026,28/09/2026,23:54:00,ClassifEspSWE-0002026-05-29_1,JOHANKARLSSON,202609290752M9UN6REK,,Citizen Science (ultrasonic) - shared
59~40304+18~07242_20260928_235406.wav,DEV_002_20260928_235406.wav,0,59.40304,18.07242,Phogri,Pholidoptera griseoaptera,Dark Bush-cricket,bush-cricket,0.97,,,28/09/2026,28/09/2026,23:54:06,ClassifEspSWE-0002026-05-29_1,JOHANKARLSSON,202609290752M9UN6REK,,Citizen Science (ultrasonic) - shared
59~40304+18~07242_20260928_235412.wav,DEV_002_20260928_235412.wav,0,59.40304,18.07242,Phogri,Pholidoptera griseoaptera,Dark Bush-cricket,bush-cricket,0.99,,,28/09/2026,28/09/2026,23:54:12,ClassifEspSWE-0002026-05-29_1,JOHANKARLSSON,202609290752M9UN6REK,,Citizen Science (ultrasonic) - shared
59~40304+18~07242_20260928_235417.wav,DEV_002_20260928_235417.wav,0,59.40304,18.07242,Phogri,Pholidoptera griseoaptera,Dark Bush-cricket,bush-cricket,0.97,,,28/09/2026,28/09/2026,23:54:17,ClassifEspSWE-0002026-05-29_1,JOHANKARLSSON,202609290752M9UN6REK,,Citizen Science (ultrasonic) - shared
59~40304+18~07242_20260928_235423.wav,DEV_002_20260928_235423.wav,0,59.40304,18.07242,Phogri,Pholidoptera griseoaptera,Dark Bush-cricket,bush-cricket,0.98,,,28/09/2026,28/09/2026,23:54:23,ClassifEspSWE-0002026-05-29_1,JOHANKARLSSON,202609290752M9UN6REK,,Citizen Science (ultrasonic) - shared
59~40304+18~07242_20260928_235429.wav,DEV_002_20260928_235429.wav,0,59.40304,18.07242,Phogri,Pholidoptera griseoaptera,Dark Bush-cricket,bush-cricket,0.96,,,28/09/2026,28/09/2026,23:54:29,ClassifEspSWE-0002026-05-29_1,JOHANKARLSSON,202609290752M9UN6REK,,Citizen Science (ultrasonic) - shared
59~40304+18~07242_20260928_235435.wav,DEV_002_20260928_235435.wav,0,59.40304,18.07242,Phogri,Pholidoptera griseoaptera,Dark Bush-cricket,bush-cricket,0.67,,,28/09/2026,28/09/2026,23:54:35,ClassifEspSWE-0002026-05-29_1,JOHANKARLSSON,202609290752M9UN6REK,,Citizen Science (ultrasonic) - shared
59~40304+18~07242_20260928_235441.wav,DEV_002_20260928_235441.wav,0,59.40304,18.07242,Phogri,Pholidoptera griseoaptera,Dark Bush-cricket,bush-cricket,0.92,,,28/09/2026,28/09/2026,23:54:41,ClassifEspSWE-0002026-05-29_1,JOHANKARLSSON,202609290752M9UN6REK,,Citizen Science (ultrasonic) - shared
59~40304+18~07242_20260928_235447.wav,DEV_002_20260928_235447.wav,0,59.40304,18.07242,Phogri,Pholidoptera griseoaptera,Dark Bush-cricket,bush-cricket,0.69,,,28/09/2026,28/09/2026,23:54:47,ClassifEspSWE-0002026-05-29_1,JOHANKARLSSON,202609290752M9UN6REK,,Citizen Science (ultrasonic) - shared
59~40304+18~07242_20260928_235453.wav,DEV_002_20260928_235453.wav,0,59.40304,18.07242,Phogri,Pholidoptera griseoaptera,Dark Bush-cricket,bush-cricket,0.89,,,28/09/2026,28/09/2026,23:54:53,ClassifEspSWE-0002026-05-29_1,JOHANKARLSSON,202609290752M9UN6REK,,Citizen Science (ultrasonic) - shared
59~40304+18~07242_20260928_235458.wav,DEV_002_20260928_235458.wav,0,59.40304,18.07242,Phogri,Pholidoptera griseoaptera,Dark Bush-cricket,bush-cricket,0.86,,,28/09/2026,28/09/2026,23:54:58,ClassifEspSWE-0002026-05-29_1,JOHANKARLSSON,202609290752M9UN6REK,,Citizen Science (ultrasonic) - shared
59~40304+18~07242_20260928_235504.wav,DEV_002_20260928_235504.wav,0,59.40304,18.07242,Phogri,Pholidoptera griseoaptera,Dark Bush-cricket,bush-cricket,0.92,,,28/09/2026,28/09/2026,23:55:04,ClassifEspSWE-0002026-05-29_1,JOHANKARLSSON,202609290752M9UN6REK,,Citizen Science (ultrasonic) - shared
59~40304+18~07242_20260928_235510.wav,DEV_002_20260928_235510.wav,0,59.40304,18.07242,Phogri,Pholidoptera griseoaptera,Dark Bush-cricket,bush-cricket,0.98,,,28/09/2026,28/09/2026,23:55:10,ClassifEspSWE-0002026-05-29_1,JOHANKARLSSON,202609290752M9UN6REK,,Citizen Science (ultrasonic) - shared
59~40304+18~07242_20260928_235516.wav,DEV_002_20260928_235516.wav,0,59.40304,18.07242,Phogri,Pholidoptera griseoaptera,Dark Bush-cricket,bush-cricket,0.92,,,28/09/2026,28/09/2026,23:55:16,ClassifEspSWE-0002026-05-29_1,JOHANKARLSSON,202609290752M9UN6REK,,Citizen Science (ultrasonic) - shared
59~40304+18~07242_20260928_235521.wav,DEV_002_20260928_235521.wav,0,59.40304,18.07242,Phogri,Pholidoptera griseoaptera,Dark Bush-cricket,bush-cricket,0.95,,,28/09/2026,28/09/2026,23:55:21,ClassifEspSWE-0002026-05-29_1,JOHANKARLSSON,202609290752M9UN6REK,,Citizen Science (ultrasonic) - shared
59~40304+18~07242_20260928_235527.wav,DEV_002_20260928_235527.wav,0,59.40304,18.07242,Phogri,Pholidoptera griseoaptera,Dark Bush-cricket,bush-cricket,0.94,,,28/09/2026,28/09/2026,23:55:27,ClassifEspSWE-0002026-05-29_1,JOHANKARLSSON,202609290752M9UN6REK,,Citizen Science (ultrasonic) - shared
59~40304+18~07242_20260928_235533.wav,DEV_002_20260928_235533.wav,0,59.40304,18.07242,Phogri,Pholidoptera griseoaptera,Dark Bush-cricket,bush-cricket,0.94,,,28/09/2026,28/09/2026,23:55:33,ClassifEspSWE-0002026-05-29_1,JOHANKARLSSON,202609290752M9UN6REK,,Citizen Science (ultrasonic) - shared
59~40304+18~07242_20260928_235539.wav,DEV_002_20260928_235539.wav,0,59.40304,18.07242,Phogri,Pholidoptera griseoaptera,Dark Bush-cricket,bush-cricket,0.92,,,28/09/2026,28/09/2026,23:55:39,ClassifEspSWE-0002026-05-29_1,JOHANKARLSSON,202609290752M9UN6REK,,Citizen Science (ultrasonic) - shared
59~40304+18~07242_20260928_235545.wav,DEV_002_20260928_235545.wav,0,59.40304,18.07242,Phogri,Pholidoptera griseoaptera,Dark Bush-cricket,bush-cricket,0.97,,,28/09/2026,28/09/2026,23:55:45,ClassifEspSWE-0002026-05-29_1,JOHANKARLSSON,202609290752M9UN6REK,,Citizen Science (ultrasonic) - shared
59~40304+18~07242_20260928_235550.wav,DEV_002_20260928_235550.wav,0,59.40304,18.07242,Phogri,Pholidoptera griseoaptera,Dark Bush-cricket,bush-cricket,0.96,,,28/09/2026,28/09/2026,23:55:50,ClassifEspSWE-0002026-05-29_1,JOHANKARLSSON,202609290752M9UN6REK,,Citizen Science (ultrasonic) - shared
59~40304+18~07242_20260928_235555.wav,DEV_002_20260928_235555.wav,0,59.40304,18.07242,Phogri,Pholidoptera griseoaptera,Dark Bush-cricket,bush-cricket,0.96,,,28/09/2026,28/09/2026,23:55:55,ClassifEspSWE-0002026-05-29_1,JOHANKARLSSON,202609290752M9UN6REK,,Citizen Science (ultrasonic) - shared
59~40304+18~07242_20260928_235601.wav,DEV_002_20260928_235601.wav,0,59.40304,18.07242,Phogri,Pholidoptera griseoaptera,Dark Bush-cricket,bush-cricket,0.92,,,28/09/2026,28/09/2026,23:56:01,ClassifEspSWE-0002026-05-29_1,JOHANKARLSSON,202609290752M9UN6REK,,Citizen Science (ultrasonic) - shared
59~40304+18~07242_20260928_235607.wav,DEV_002_20260928_235607.wav,0,59.40304,18.07242,Phogri,Pholidoptera griseoaptera,Dark Bush-cricket,bush-cricket,0.92,,,28/09/2026,28/09/2026,23:56:07,ClassifEspSWE-0002026-05-29_1,JOHANKARLSSON,202609290752M9UN6REK,,Citizen Science (ultrasonic) - shared
59~40304+18~07242_20260928_235613.wav,DEV_002_20260928_235613.wav,0,59.40304,18.07242,Phogri,Pholidoptera griseoaptera,Dark Bush-cricket,bush-cricket,0.79,,,28/09/2026,28/09/2026,23:56:13,ClassifEspSWE-0002026-05-29_1,JOHANKARLSSON,202609290752M9UN6REK,,Citizen Science (ultrasonic) - shared
59~40304+18~07242_20260928_235619.wav,DEV_002_20260928_235619.wav,0,59.40304,18.07242,Phogri,Pholidoptera griseoaptera,Dark Bush-cricket,bush-cricket,0.78,,,28/09/2026,28/09/2026,23:56:19,ClassifEspSWE-0002026-05-29_1,JOHANKARLSSON,202609290752M9UN6REK,,Citizen Science (ultrasonic) - shared
59~40304+18~07242_20260928_235626.wav,DEV_002_20260928_235626.wav,0,59.40304,18.07242,Phogri,Pholidoptera griseoaptera,Dark Bush-cricket,bush-cricket,0.86,,,28/09/2026,28/09/2026,23:56:26,ClassifEspSWE-0002026-05-29_1,JOHANKARLSSON,202609290752M9UN6REK,,Citizen Science (ultrasonic) - shared
59~40304+18~07242_20260928_235632.wav,DEV_002_20260928_235632.wav,0,59.40304,18.07242,Phogri,Pholidoptera griseoaptera,Dark Bush-cricket,bush-cricket,0.69,,,28/09/2026,28/09/2026,23:56:32,ClassifEspSWE-0002026-05-29_1,JOHANKARLSSON,202609290752M9UN6REK,,Citizen Science (ultrasonic) - shared
59~40304+18~07242_20260928_235638.wav,DEV_002_20260928_235638.wav,0,59.40304,18.07242,Phogri,Pholidoptera griseoaptera,Dark Bush-cricket,bush-cricket,0.8,,,28/09/2026,28/09/2026,23:56:38,ClassifEspSWE-0002026-05-29_1,JOHANKARLSSON,202609290752M9UN6REK,,Citizen Science (ultrasonic) - shared
59~40304+18~07242_20260928_235644.wav,DEV_002_20260928_235644.wav,0,59.40304,18.07242,Phogri,Pholidoptera griseoaptera,Dark Bush-cricket,bush-cricket,0.76,,,28/09/2026,28/09/2026,23:56:44,ClassifEspSWE-0002026-05-29_1,JOHANKARLSSON,202609290752M9UN6REK,,Citizen Science (ultrasonic) - shared
59~40304+18~07242_20260928_235649.wav,DEV_002_20260928_235649.wav,0,59.40304,18.07242,Phogri,Pholidoptera griseoaptera,Dark Bush-cricket,bush-cricket,0.82,,,28/09/2026,28/09/2026,23:56:49,ClassifEspSWE-0002026-05-29_1,JOHANKARLSSON,202609290752M9UN6REK,,Citizen Science (ultrasonic) - shared
59~40304+18~07242_20260928_235655.wav,DEV_002_20260928_235655.wav,0,59.40304,18.07242,Phogri,Pholidoptera griseoaptera,Dark Bush-cricket,bush-cricket,0.94,,,28/09/2026,28/09/2026,23:56:55,ClassifEspSWE-0002026-05-29_1,JOHANKARLSSON,202609290752M9UN6REK,,Citizen Science (ultrasonic) - shared
59~40304+18~07242_20260928_235701.wav,DEV_002_20260928_235701.wav,0,59.40304,18.07242,Phogri,Pholidoptera griseoaptera,Dark Bush-cricket,bush-cricket,0.81,,,28/09/2026,28/09/2026,23:57:01,ClassifEspSWE-0002026-05-29_1,JOHANKARLSSON,202609290752M9UN6REK,,Citizen Science (ultrasonic) - shared
59~40304+18~07242_20260928_235707.wav,DEV_002_20260928_235707.wav,0,59.40304,18.07242,Phogri,Pholidoptera griseoaptera,Dark Bush-cricket,bush-cricket,0.65,,,28/09/2026,28/09/2026,23:57:07,ClassifEspSWE-0002026-05-29_1,JOHANKARLSSON,202609290752M9UN6REK,,Citizen Science (ultrasonic) - shared
59~40304+18~07242_20260928_235712.wav,DEV_002_20260928_235712.wav,0,59.40304,18.07242,Phogri,Pholidoptera griseoaptera,Dark Bush-cricket,bush-cricket,0.95,,,28/09/2026,28/09/2026,23:57:12,ClassifEspSWE-0002026-05-29_1,JOHANKARLSSON,202609290752M9UN6REK,,Citizen Science (ultrasonic) - shared
59~40304+18~07242_20260928_235719.wav,DEV_002_20260928_235719.wav,0,59.40304,18.07242,Phogri,Pholidoptera griseoaptera,Dark Bush-cricket,bush-cricket,0.99,,,28/09/2026,28/09/2026,23:57:19,ClassifEspSWE-0002026-05-29_1,JOHANKARLSSON,202609290752M9UN6REK,,Citizen Science (ultrasonic) - shared
59~40304+18~07242_20260928_235725.wav,DEV_002_20260928_235725.wav,0,59.40304,18.07242,Phogri,Pholidoptera griseoaptera,Dark Bush-cricket,bush-cricket,0.9,,,28/09/2026,28/09/2026,23:57:25,ClassifEspSWE-0002026-05-29_1,JOHANKARLSSON,202609290752M9UN6REK,,Citizen Science (ultrasonic) - shared
59~40304+18~07242_20260928_235731.wav,DEV_002_20260928_235731.wav,0,59.40304,18.07242,Phogri,Pholidoptera griseoaptera,Dark Bush-cricket,bush-cricket,0.97,,,28/09/2026,28/09/2026,23:57:31,ClassifEspSWE-0002026-05-29_1,JOHANKARLSSON,202609290752M9UN6REK,,Citizen Science (ultrasonic) - shared
59~40304+18~07242_20260928_235736.wav,DEV_002_20260928_235736.wav,0,59.40304,18.07242,Phogri,Pholidoptera griseoaptera,Dark Bush-cricket,bush-cricket,0.87,,,28/09/2026,28/09/2026,23:57:36,ClassifEspSWE-0002026-05-29_1,JOHANKARLSSON,202609290752M9UN6REK,,Citizen Science (ultrasonic) - shared
59~40304+18~07242_20260928_235742.wav,DEV_002_20260928_235742.wav,0,59.40304,18.07242,Phogri,Pholidoptera griseoaptera,Dark Bush-cricket,bush-cricket,0.89,,,28/09/2026,28/09/2026,23:57:42,ClassifEspSWE-0002026-05-29_1,JOHANKARLSSON,202609290752M9UN6REK,,Citizen Science (ultrasonic) - shared
59~40304+18~07242_20260928_235748.wav,DEV_002_20260928_235748.wav,0,59.40304,18.07242,Phogri,Pholidoptera griseoaptera,Dark Bush-cricket,bush-cricket,0.8,,,28/09/2026,28/09/2026,23:57:48,ClassifEspSWE-0002026-05-29_1,JOHANKARLSSON,202609290752M9UN6REK,,Citizen Science (ultrasonic) - shared
59~40304+18~07242_20260928_235754.wav,DEV_002_20260928_235754.wav,0,59.40304,18.07242,Phogri,Pholidoptera griseoaptera,Dark Bush-cricket,bush-cricket,0.94,,,28/09/2026,28/09/2026,23:57:54,ClassifEspSWE-0002026-05-29_1,JOHANKARLSSON,202609290752M9UN6REK,,Citizen Science (ultrasonic) - shared
59~40304+18~07242_20260928_235800.wav,DEV_002_20260928_235800.wav,0,59.40304,18.07242,Phogri,Pholidoptera griseoaptera,Dark Bush-cricket,bush-cricket,0.82,,,28/09/2026,28/09/2026,23:58:00,ClassifEspSWE-0002026-05-29_1,JOHANKARLSSON,202609290752M9UN6REK,,Citizen Science (ultrasonic) - shared
59~40304+18~07242_20260928_235806.wav,DEV_002_20260928_235806.wav,0,59.40304,18.07242,Phogri,Pholidoptera griseoaptera,Dark Bush-cricket,bush-cricket,0.86,,,28/09/2026,28/09/2026,23:58:06,ClassifEspSWE-0002026-05-29_1,JOHANKARLSSON,202609290752M9UN6REK,,Citizen Science (ultrasonic) - shared
59~40304+18~07242_20260928_235812.wav,DEV_002_20260928_235812.wav,0,59.40304,18.07242,Phogri,Pholidoptera griseoaptera,Dark Bush-cricket,bush-cricket,0.79,,,28/09/2026,28/09/2026,23:58:12,ClassifEspSWE-0002026-05-29_1,JOHANKARLSSON,202609290752M9UN6REK,,Citizen Science (ultrasonic) - shared
59~40304+18~07242_20260928_235819.wav,DEV_002_20260928_235819.wav,0,59.40304,18.07242,Phogri,Pholidoptera griseoaptera,Dark Bush-cricket,bush-cricket,0.7,,,28/09/2026,28/09/2026,23:58:19,ClassifEspSWE-0002026-05-29_1,JOHANKARLSSON,202609290752M9UN6REK,,Citizen Science (ultrasonic) - shared
59~40304+18~07242_20260928_235825.wav,DEV_002_20260928_235825.wav,0,59.40304,18.07242,Phogri,Pholidoptera griseoaptera,Dark Bush-cricket,bush-cricket,0.79,,,28/09/2026,28/09/2026,23:58:25,ClassifEspSWE-0002026-05-29_1,JOHANKARLSSON,202609290752M9UN6REK,,Citizen Science (ultrasonic) - shared
59~40304+18~07242_20260928_235831.wav,DEV_002_20260928_235831.wav,0,59.40304,18.07242,Phogri,Pholidoptera griseoaptera,Dark Bush-cricket,bush-cricket,0.64,,,28/09/2026,28/09/2026,23:58:31,ClassifEspSWE-0002026-05-29_1,JOHANKARLSSON,202609290752M9UN6REK,,Citizen Science (ultrasonic) - shared
59~40304+18~07242_20260928_235837.wav,DEV_002_20260928_235837.wav,0,59.40304,18.07242,Phogri,Pholidoptera griseoaptera,Dark Bush-cricket,bush-cricket,0.72,,,28/09/2026,28/09/2026,23:58:37,ClassifEspSWE-0002026-05-29_1,JOHANKARLSSON,202609290752M9UN6REK,,Citizen Science (ultrasonic) - shared
59~40304+18~07242_20260928_235848.wav,DEV_002_20260928_235848.wav,0,59.40304,18.07242,Phogri,Pholidoptera griseoaptera,Dark Bush-cricket,bush-cricket,0.75,,,28/09/2026,28/09/2026,23:58:48,ClassifEspSWE-0002026-05-29_1,JOHANKARLSSON,202609290752M9UN6REK,,Citizen Science (ultrasonic) - shared
59~40304+18~07242_20260928_235853.wav,DEV_002_20260928_235853.wav,0,59.40304,18.07242,Phogri,Pholidoptera griseoaptera,Dark Bush-cricket,bush-cricket,0.76,,,28/09/2026,28/09/2026,23:58:53,ClassifEspSWE-0002026-05-29_1,JOHANKARLSSON,202609290752M9UN6REK,,Citizen Science (ultrasonic) - shared
59~40304+18~07242_20260928_235900.wav,DEV_002_20260928_235900.wav,0,59.40304,18.07242,Phogri,Pholidoptera griseoaptera,Dark Bush-cricket,bush-cricket,0.94,,,28/09/2026,28/09/2026,23:59:00,ClassifEspSWE-0002026-05-29_1,JOHANKARLSSON,202609290752M9UN6REK,,Citizen Science (ultrasonic) - shared
59~40304+18~07242_20260928_235907.wav,DEV_002_20260928_235907.wav,0,59.40304,18.07242,Phogri,Pholidoptera griseoaptera,Dark Bush-cricket,bush-cricket,0.72,,,28/09/2026,28/09/2026,23:59:07,ClassifEspSWE-0002026-05-29_1,JOHANKARLSSON,202609290752M9UN6REK,,Citizen Science (ultrasonic) - shared
59~40304+18~07242_20260928_235912.wav,DEV_002_20260928_235912.wav,0,59.40304,18.07242,Phogri,Pholidoptera griseoaptera,Dark Bush-cricket,bush-cricket,0.68,,,28/09/2026,28/09/2026,23:59:12,ClassifEspSWE-0002026-05-29_1,JOHANKARLSSON,202609290752M9UN6REK,,Citizen Science (ultrasonic) - shared
59~40304+18~07242_20260928_235919.wav,DEV_002_20260928_235919.wav,0,59.40304,18.07242,Phogri,Pholidoptera griseoaptera,Dark Bush-cricket,bush-cricket,0.53,,,28/09/2026,28/09/2026,23:59:19,ClassifEspSWE-0002026-05-29_1,JOHANKARLSSON,202609290752M9UN6REK,,Citizen Science (ultrasonic) - shared
59~40304+18~07242_20260928_235925.wav,DEV_002_20260928_235925.wav,0,59.40304,18.07242,Phogri,Pholidoptera griseoaptera,Dark Bush-cricket,bush-cricket,0.63,,,28/09/2026,28/09/2026,23:59:25,ClassifEspSWE-0002026-05-29_1,JOHANKARLSSON,202609290752M9UN6REK,,Citizen Science (ultrasonic) - shared
59~40304+18~07242_20260928_235932.wav,DEV_002_20260928_235932.wav,0,59.40304,18.07242,Phogri,Pholidoptera griseoaptera,Dark Bush-cricket,bush-cricket,0.93,,,28/09/2026,28/09/2026,23:59:32,ClassifEspSWE-0002026-05-29_1,JOHANKARLSSON,202609290752M9UN6REK,,Citizen Science (ultrasonic) - shared
59~40304+18~07242_20260928_235938.wav,DEV_002_20260928_235938.wav,0,59.40304,18.07242,Phogri,Pholidoptera griseoaptera,Dark Bush-cricket,bush-cricket,0.85,,,28/09/2026,28/09/2026,23:59:38,ClassifEspSWE-0002026-05-29_1,JOHANKARLSSON,202609290752M9UN6REK,,Citizen Science (ultrasonic) - shared
59~40304+18~07242_20260928_235944.wav,DEV_002_20260928_235944.wav,0,59.40304,18.07242,Phogri,Pholidoptera griseoaptera,Dark Bush-cricket,bush-cricket,0.67,,,28/09/2026,28/09/2026,23:59:44,ClassifEspSWE-0002026-05-29_1,JOHANKARLSSON,202609290752M9UN6REK,,Citizen Science (ultrasonic) - shared
59~40304+18~07242_20260928_235949.wav,DEV_002_20260928_235949.wav,0,59.40304,18.07242,Phogri,Pholidoptera griseoaptera,Dark Bush-cricket,bush-cricket,0.77,,,28/09/2026,28/09/2026,23:59:49,ClassifEspSWE-0002026-05-29_1,JOHANKARLSSON,202609290752M9UN6REK,,Citizen Science (ultrasonic) - shared
59~40304+18~07242_20260928_235954.wav,DEV_002_20260928_235954.wav,0,59.40304,18.07242,Phogri,Pholidoptera griseoaptera,Dark Bush-cricket,bush-cricket,0.6,,,28/09/2026,28/09/2026,23:59:54,ClassifEspSWE-0002026-05-29_1,JOHANKARLSSON,202609290752M9UN6REK,,Citizen Science (ultrasonic) - shared