RECORDING FILE NAME,ORIGINAL FILE NAME,ORIGINAL FILE PART,LATITUDE,LONGITUDE,SPECIES,SCIENTIFIC NAME,ENGLISH NAME,SPECIES GROUP,PROBABILITY,WARNINGS,CALL TYPE,ACTUAL DATE,SURVEY DATE,TIME,CLASSIFIER NAME,USER ID,UPLOAD KEY,BATCH NAME,PROJECT NAME
59~40306+18~07249_20260925_234807.wav,DEV_001_20260925_234807.wav,0,59.40306,18.07249,Nycnoc,Nyctalus noctula,Noctule,bat,0.78,,echolocation,25/09/2026,25/09/2026,23:48:07,ClassifEspSWE-0002026-05-29_1,JOHANKARLSSON,202609261751WAGLRNZJ,2026_25_sep_23,Citizen Science (ultrasonic) - shared
59~40306+18~07249_20260925_234813.wav,DEV_001_20260925_234813.wav,0,59.40306,18.07249,Nycnoc,Nyctalus noctula,Noctule,bat,0.99,,echolocation,25/09/2026,25/09/2026,23:48:13,ClassifEspSWE-0002026-05-29_1,JOHANKARLSSON,202609261751WAGLRNZJ,2026_25_sep_23,Citizen Science (ultrasonic) - shared
59~40306+18~07249_20260925_231457.wav,DEV_001_20260925_231457.wav,0,59.40306,18.07249,Pipnat,Pipistrellus nathusii,Nathusius' Pipistrelle,bat,0.21,Low confidence,social,25/09/2026,25/09/2026,23:14:57,ClassifEspSWE-0002026-05-29_1,JOHANKARLSSON,202609261751WAGLRNZJ,2026_25_sep_23,Citizen Science (ultrasonic) - shared
59~40306+18~07249_20260925_231508.wav,DEV_001_20260925_231508.wav,0,59.40306,18.07249,Pipnat,Pipistrellus nathusii,Nathusius' Pipistrelle,bat,0.12,Low confidence,social,25/09/2026,25/09/2026,23:15:08,ClassifEspSWE-0002026-05-29_1,JOHANKARLSSON,202609261751WAGLRNZJ,2026_25_sep_23,Citizen Science (ultrasonic) - shared
59~40306+18~07249_20260925_230341.wav,DEV_001_20260925_230341.wav,0,59.40306,18.07249,Pippyg,Pipistrellus pygmaeus,Soprano Pipistrelle,bat,0.98,,echolocation,25/09/2026,25/09/2026,23:03:41,ClassifEspSWE-0002026-05-29_1,JOHANKARLSSON,202609261751WAGLRNZJ,2026_25_sep_23,Citizen Science (ultrasonic) - shared
59~40306+18~07249_20260925_230533.wav,DEV_001_20260925_230533.wav,0,59.40306,18.07249,Pippyg,Pipistrellus pygmaeus,Soprano Pipistrelle,bat,0.99,,echolocation,25/09/2026,25/09/2026,23:05:33,ClassifEspSWE-0002026-05-29_1,JOHANKARLSSON,202609261751WAGLRNZJ,2026_25_sep_23,Citizen Science (ultrasonic) - shared
59~40306+18~07249_20260925_230538.wav,DEV_001_20260925_230538.wav,0,59.40306,18.07249,Pippyg,Pipistrellus pygmaeus,Soprano Pipistrelle,bat,0.94,,echolocation,25/09/2026,25/09/2026,23:05:38,ClassifEspSWE-0002026-05-29_1,JOHANKARLSSON,202609261751WAGLRNZJ,2026_25_sep_23,Citizen Science (ultrasonic) - shared
59~40306+18~07249_20260925_232443.wav,DEV_001_20260925_232443.wav,0,59.40306,18.07249,Pippyg,Pipistrellus pygmaeus,Soprano Pipistrelle,bat,0.46,Low confidence,echolocation,25/09/2026,25/09/2026,23:24:43,ClassifEspSWE-0002026-05-29_1,JOHANKARLSSON,202609261751WAGLRNZJ,2026_25_sep_23,Citizen Science (ultrasonic) - shared
59~40306+18~07249_20260925_232449.wav,DEV_001_20260925_232449.wav,0,59.40306,18.07249,Pippyg,Pipistrellus pygmaeus,Soprano Pipistrelle,bat,0.28,Low confidence,echolocation,25/09/2026,25/09/2026,23:24:49,ClassifEspSWE-0002026-05-29_1,JOHANKARLSSON,202609261751WAGLRNZJ,2026_25_sep_23,Citizen Science (ultrasonic) - shared
59~40306+18~07249_20260925_230805.wav,DEV_001_20260925_230805.wav,0,59.40306,18.07249,bird,Aves sp.,Unidentified bird,bird,0.73,,,25/09/2026,25/09/2026,23:08:05,ClassifEspSWE-0002026-05-29_1,JOHANKARLSSON,202609261751WAGLRNZJ,2026_25_sep_23,Citizen Science (ultrasonic) - shared
59~40306+18~07249_20260925_235738.wav,DEV_001_20260925_235738.wav,0,59.40306,18.07249,bird,Aves sp.,Unidentified bird,bird,0.15,Low confidence,,25/09/2026,25/09/2026,23:57:38,ClassifEspSWE-0002026-05-29_1,JOHANKARLSSON,202609261751WAGLRNZJ,2026_25_sep_23,Citizen Science (ultrasonic) - shared
59~40306+18~07249_20260925_230004.wav,DEV_001_20260925_230004.wav,0,59.40306,18.07249,Leppun,Leptophyes punctatissima,Speckled Bush-cricket,bush-cricket,0.99,,,25/09/2026,25/09/2026,23:00:04,ClassifEspSWE-0002026-05-29_1,JOHANKARLSSON,202609261751WAGLRNZJ,2026_25_sep_23,Citizen Science (ultrasonic) - shared
59~40306+18~07249_20260925_230010.wav,DEV_001_20260925_230010.wav,0,59.40306,18.07249,Leppun,Leptophyes punctatissima,Speckled Bush-cricket,bush-cricket,0.99,,,25/09/2026,25/09/2026,23:00:10,ClassifEspSWE-0002026-05-29_1,JOHANKARLSSON,202609261751WAGLRNZJ,2026_25_sep_23,Citizen Science (ultrasonic) - shared
59~40306+18~07249_20260925_230016.wav,DEV_001_20260925_230016.wav,0,59.40306,18.07249,Leppun,Leptophyes punctatissima,Speckled Bush-cricket,bush-cricket,0.99,,,25/09/2026,25/09/2026,23:00:16,ClassifEspSWE-0002026-05-29_1,JOHANKARLSSON,202609261751WAGLRNZJ,2026_25_sep_23,Citizen Science (ultrasonic) - shared
59~40306+18~07249_20260925_230023.wav,DEV_001_20260925_230023.wav,0,59.40306,18.07249,Leppun,Leptophyes punctatissima,Speckled Bush-cricket,bush-cricket,0.99,,,25/09/2026,25/09/2026,23:00:23,ClassifEspSWE-0002026-05-29_1,JOHANKARLSSON,202609261751WAGLRNZJ,2026_25_sep_23,Citizen Science (ultrasonic) - shared
59~40306+18~07249_20260925_230029.wav,DEV_001_20260925_230029.wav,0,59.40306,18.07249,Leppun,Leptophyes punctatissima,Speckled Bush-cricket,bush-cricket,0.99,,,25/09/2026,25/09/2026,23:00:29,ClassifEspSWE-0002026-05-29_1,JOHANKARLSSON,202609261751WAGLRNZJ,2026_25_sep_23,Citizen Science (ultrasonic) - shared
59~40306+18~07249_20260925_230034.wav,DEV_001_20260925_230034.wav,0,59.40306,18.07249,Leppun,Leptophyes punctatissima,Speckled Bush-cricket,bush-cricket,0.99,,,25/09/2026,25/09/2026,23:00:34,ClassifEspSWE-0002026-05-29_1,JOHANKARLSSON,202609261751WAGLRNZJ,2026_25_sep_23,Citizen Science (ultrasonic) - shared
59~40306+18~07249_20260925_230039.wav,DEV_001_20260925_230039.wav,0,59.40306,18.07249,Leppun,Leptophyes punctatissima,Speckled Bush-cricket,bush-cricket,0.99,,,25/09/2026,25/09/2026,23:00:39,ClassifEspSWE-0002026-05-29_1,JOHANKARLSSON,202609261751WAGLRNZJ,2026_25_sep_23,Citizen Science (ultrasonic) - shared
59~40306+18~07249_20260925_230045.wav,DEV_001_20260925_230045.wav,0,59.40306,18.07249,Leppun,Leptophyes punctatissima,Speckled Bush-cricket,bush-cricket,0.99,,,25/09/2026,25/09/2026,23:00:45,ClassifEspSWE-0002026-05-29_1,JOHANKARLSSON,202609261751WAGLRNZJ,2026_25_sep_23,Citizen Science (ultrasonic) - shared
59~40306+18~07249_20260925_230050.wav,DEV_001_20260925_230050.wav,0,59.40306,18.07249,Leppun,Leptophyes punctatissima,Speckled Bush-cricket,bush-cricket,0.99,,,25/09/2026,25/09/2026,23:00:50,ClassifEspSWE-0002026-05-29_1,JOHANKARLSSON,202609261751WAGLRNZJ,2026_25_sep_23,Citizen Science (ultrasonic) - shared
59~40306+18~07249_20260925_230056.wav,DEV_001_20260925_230056.wav,0,59.40306,18.07249,Leppun,Leptophyes punctatissima,Speckled Bush-cricket,bush-cricket,0.99,,,25/09/2026,25/09/2026,23:00:56,ClassifEspSWE-0002026-05-29_1,JOHANKARLSSON,202609261751WAGLRNZJ,2026_25_sep_23,Citizen Science (ultrasonic) - shared
59~40306+18~07249_20260925_230102.wav,DEV_001_20260925_230102.wav,0,59.40306,18.07249,Leppun,Leptophyes punctatissima,Speckled Bush-cricket,bush-cricket,0.99,,,25/09/2026,25/09/2026,23:01:02,ClassifEspSWE-0002026-05-29_1,JOHANKARLSSON,202609261751WAGLRNZJ,2026_25_sep_23,Citizen Science (ultrasonic) - shared
59~40306+18~07249_20260925_230109.wav,DEV_001_20260925_230109.wav,0,59.40306,18.07249,Leppun,Leptophyes punctatissima,Speckled Bush-cricket,bush-cricket,0.99,,,25/09/2026,25/09/2026,23:01:09,ClassifEspSWE-0002026-05-29_1,JOHANKARLSSON,202609261751WAGLRNZJ,2026_25_sep_23,Citizen Science (ultrasonic) - shared
59~40306+18~07249_20260925_230114.wav,DEV_001_20260925_230114.wav,0,59.40306,18.07249,Leppun,Leptophyes punctatissima,Speckled Bush-cricket,bush-cricket,0.99,,,25/09/2026,25/09/2026,23:01:14,ClassifEspSWE-0002026-05-29_1,JOHANKARLSSON,202609261751WAGLRNZJ,2026_25_sep_23,Citizen Science (ultrasonic) - shared
59~40306+18~07249_20260925_230119.wav,DEV_001_20260925_230119.wav,0,59.40306,18.07249,Leppun,Leptophyes punctatissima,Speckled Bush-cricket,bush-cricket,0.99,,,25/09/2026,25/09/2026,23:01:19,ClassifEspSWE-0002026-05-29_1,JOHANKARLSSON,202609261751WAGLRNZJ,2026_25_sep_23,Citizen Science (ultrasonic) - shared
59~40306+18~07249_20260925_230126.wav,DEV_001_20260925_230126.wav,0,59.40306,18.07249,Leppun,Leptophyes punctatissima,Speckled Bush-cricket,bush-cricket,0.99,,,25/09/2026,25/09/2026,23:01:26,ClassifEspSWE-0002026-05-29_1,JOHANKARLSSON,202609261751WAGLRNZJ,2026_25_sep_23,Citizen Science (ultrasonic) - shared
59~40306+18~07249_20260925_230132.wav,DEV_001_20260925_230132.wav,0,59.40306,18.07249,Leppun,Leptophyes punctatissima,Speckled Bush-cricket,bush-cricket,0.99,,,25/09/2026,25/09/2026,23:01:32,ClassifEspSWE-0002026-05-29_1,JOHANKARLSSON,202609261751WAGLRNZJ,2026_25_sep_23,Citizen Science (ultrasonic) - shared
59~40306+18~07249_20260925_230137.wav,DEV_001_20260925_230137.wav,0,59.40306,18.07249,Leppun,Leptophyes punctatissima,Speckled Bush-cricket,bush-cricket,0.99,,,25/09/2026,25/09/2026,23:01:37,ClassifEspSWE-0002026-05-29_1,JOHANKARLSSON,202609261751WAGLRNZJ,2026_25_sep_23,Citizen Science (ultrasonic) - shared
59~40306+18~07249_20260925_230142.wav,DEV_001_20260925_230142.wav,0,59.40306,18.07249,Leppun,Leptophyes punctatissima,Speckled Bush-cricket,bush-cricket,0.99,,,25/09/2026,25/09/2026,23:01:42,ClassifEspSWE-0002026-05-29_1,JOHANKARLSSON,202609261751WAGLRNZJ,2026_25_sep_23,Citizen Science (ultrasonic) - shared
59~40306+18~07249_20260925_230149.wav,DEV_001_20260925_230149.wav,0,59.40306,18.07249,Leppun,Leptophyes punctatissima,Speckled Bush-cricket,bush-cricket,0.99,,,25/09/2026,25/09/2026,23:01:49,ClassifEspSWE-0002026-05-29_1,JOHANKARLSSON,202609261751WAGLRNZJ,2026_25_sep_23,Citizen Science (ultrasonic) - shared
59~40306+18~07249_20260925_230154.wav,DEV_001_20260925_230154.wav,0,59.40306,18.07249,Leppun,Leptophyes punctatissima,Speckled Bush-cricket,bush-cricket,0.99,,,25/09/2026,25/09/2026,23:01:54,ClassifEspSWE-0002026-05-29_1,JOHANKARLSSON,202609261751WAGLRNZJ,2026_25_sep_23,Citizen Science (ultrasonic) - shared
59~40306+18~07249_20260925_230200.wav,DEV_001_20260925_230200.wav,0,59.40306,18.07249,Leppun,Leptophyes punctatissima,Speckled Bush-cricket,bush-cricket,0.99,,,25/09/2026,25/09/2026,23:02:00,ClassifEspSWE-0002026-05-29_1,JOHANKARLSSON,202609261751WAGLRNZJ,2026_25_sep_23,Citizen Science (ultrasonic) - shared
59~40306+18~07249_20260925_230207.wav,DEV_001_20260925_230207.wav,0,59.40306,18.07249,Leppun,Leptophyes punctatissima,Speckled Bush-cricket,bush-cricket,0.99,,,25/09/2026,25/09/2026,23:02:07,ClassifEspSWE-0002026-05-29_1,JOHANKARLSSON,202609261751WAGLRNZJ,2026_25_sep_23,Citizen Science (ultrasonic) - shared
59~40306+18~07249_20260925_230213.wav,DEV_001_20260925_230213.wav,0,59.40306,18.07249,Leppun,Leptophyes punctatissima,Speckled Bush-cricket,bush-cricket,0.99,,,25/09/2026,25/09/2026,23:02:13,ClassifEspSWE-0002026-05-29_1,JOHANKARLSSON,202609261751WAGLRNZJ,2026_25_sep_23,Citizen Science (ultrasonic) - shared
59~40306+18~07249_20260925_230220.wav,DEV_001_20260925_230220.wav,0,59.40306,18.07249,Leppun,Leptophyes punctatissima,Speckled Bush-cricket,bush-cricket,0.99,,,25/09/2026,25/09/2026,23:02:20,ClassifEspSWE-0002026-05-29_1,JOHANKARLSSON,202609261751WAGLRNZJ,2026_25_sep_23,Citizen Science (ultrasonic) - shared
59~40306+18~07249_20260925_230225.wav,DEV_001_20260925_230225.wav,0,59.40306,18.07249,Leppun,Leptophyes punctatissima,Speckled Bush-cricket,bush-cricket,0.99,,,25/09/2026,25/09/2026,23:02:25,ClassifEspSWE-0002026-05-29_1,JOHANKARLSSON,202609261751WAGLRNZJ,2026_25_sep_23,Citizen Science (ultrasonic) - shared
59~40306+18~07249_20260925_230231.wav,DEV_001_20260925_230231.wav,0,59.40306,18.07249,Leppun,Leptophyes punctatissima,Speckled Bush-cricket,bush-cricket,0.99,,,25/09/2026,25/09/2026,23:02:31,ClassifEspSWE-0002026-05-29_1,JOHANKARLSSON,202609261751WAGLRNZJ,2026_25_sep_23,Citizen Science (ultrasonic) - shared
59~40306+18~07249_20260925_230237.wav,DEV_001_20260925_230237.wav,0,59.40306,18.07249,Leppun,Leptophyes punctatissima,Speckled Bush-cricket,bush-cricket,0.99,,,25/09/2026,25/09/2026,23:02:37,ClassifEspSWE-0002026-05-29_1,JOHANKARLSSON,202609261751WAGLRNZJ,2026_25_sep_23,Citizen Science (ultrasonic) - shared
59~40306+18~07249_20260925_230243.wav,DEV_001_20260925_230243.wav,0,59.40306,18.07249,Leppun,Leptophyes punctatissima,Speckled Bush-cricket,bush-cricket,0.99,,,25/09/2026,25/09/2026,23:02:43,ClassifEspSWE-0002026-05-29_1,JOHANKARLSSON,202609261751WAGLRNZJ,2026_25_sep_23,Citizen Science (ultrasonic) - shared
59~40306+18~07249_20260925_230248.wav,DEV_001_20260925_230248.wav,0,59.40306,18.07249,Leppun,Leptophyes punctatissima,Speckled Bush-cricket,bush-cricket,0.99,,,25/09/2026,25/09/2026,23:02:48,ClassifEspSWE-0002026-05-29_1,JOHANKARLSSON,202609261751WAGLRNZJ,2026_25_sep_23,Citizen Science (ultrasonic) - shared
59~40306+18~07249_20260925_230255.wav,DEV_001_20260925_230255.wav,0,59.40306,18.07249,Leppun,Leptophyes punctatissima,Speckled Bush-cricket,bush-cricket,0.99,,,25/09/2026,25/09/2026,23:02:55,ClassifEspSWE-0002026-05-29_1,JOHANKARLSSON,202609261751WAGLRNZJ,2026_25_sep_23,Citizen Science (ultrasonic) - shared
59~40306+18~07249_20260925_230301.wav,DEV_001_20260925_230301.wav,0,59.40306,18.07249,Leppun,Leptophyes punctatissima,Speckled Bush-cricket,bush-cricket,0.99,,,25/09/2026,25/09/2026,23:03:01,ClassifEspSWE-0002026-05-29_1,JOHANKARLSSON,202609261751WAGLRNZJ,2026_25_sep_23,Citizen Science (ultrasonic) - shared
59~40306+18~07249_20260925_230307.wav,DEV_001_20260925_230307.wav,0,59.40306,18.07249,Leppun,Leptophyes punctatissima,Speckled Bush-cricket,bush-cricket,0.99,,,25/09/2026,25/09/2026,23:03:07,ClassifEspSWE-0002026-05-29_1,JOHANKARLSSON,202609261751WAGLRNZJ,2026_25_sep_23,Citizen Science (ultrasonic) - shared
59~40306+18~07249_20260925_230312.wav,DEV_001_20260925_230312.wav,0,59.40306,18.07249,Leppun,Leptophyes punctatissima,Speckled Bush-cricket,bush-cricket,0.99,,,25/09/2026,25/09/2026,23:03:12,ClassifEspSWE-0002026-05-29_1,JOHANKARLSSON,202609261751WAGLRNZJ,2026_25_sep_23,Citizen Science (ultrasonic) - shared
59~40306+18~07249_20260925_230319.wav,DEV_001_20260925_230319.wav,0,59.40306,18.07249,Leppun,Leptophyes punctatissima,Speckled Bush-cricket,bush-cricket,0.99,,,25/09/2026,25/09/2026,23:03:19,ClassifEspSWE-0002026-05-29_1,JOHANKARLSSON,202609261751WAGLRNZJ,2026_25_sep_23,Citizen Science (ultrasonic) - shared
59~40306+18~07249_20260925_230325.wav,DEV_001_20260925_230325.wav,0,59.40306,18.07249,Leppun,Leptophyes punctatissima,Speckled Bush-cricket,bush-cricket,0.99,,,25/09/2026,25/09/2026,23:03:25,ClassifEspSWE-0002026-05-29_1,JOHANKARLSSON,202609261751WAGLRNZJ,2026_25_sep_23,Citizen Science (ultrasonic) - shared
59~40306+18~07249_20260925_230331.wav,DEV_001_20260925_230331.wav,0,59.40306,18.07249,Leppun,Leptophyes punctatissima,Speckled Bush-cricket,bush-cricket,0.99,,,25/09/2026,25/09/2026,23:03:31,ClassifEspSWE-0002026-05-29_1,JOHANKARLSSON,202609261751WAGLRNZJ,2026_25_sep_23,Citizen Science (ultrasonic) - shared
59~40306+18~07249_20260925_230336.wav,DEV_001_20260925_230336.wav,0,59.40306,18.07249,Leppun,Leptophyes punctatissima,Speckled Bush-cricket,bush-cricket,0.99,,,25/09/2026,25/09/2026,23:03:36,ClassifEspSWE-0002026-05-29_1,JOHANKARLSSON,202609261751WAGLRNZJ,2026_25_sep_23,Citizen Science (ultrasonic) - shared
59~40306+18~07249_20260925_230341.wav,DEV_001_20260925_230341.wav,0,59.40306,18.07249,Leppun,Leptophyes punctatissima,Speckled Bush-cricket,bush-cricket,0.99,,,25/09/2026,25/09/2026,23:03:41,ClassifEspSWE-0002026-05-29_1,JOHANKARLSSON,202609261751WAGLRNZJ,2026_25_sep_23,Citizen Science (ultrasonic) - shared
59~40306+18~07249_20260925_230348.wav,DEV_001_20260925_230348.wav,0,59.40306,18.07249,Leppun,Leptophyes punctatissima,Speckled Bush-cricket,bush-cricket,0.99,,,25/09/2026,25/09/2026,23:03:48,ClassifEspSWE-0002026-05-29_1,JOHANKARLSSON,202609261751WAGLRNZJ,2026_25_sep_23,Citizen Science (ultrasonic) - shared
59~40306+18~07249_20260925_230353.wav,DEV_001_20260925_230353.wav,0,59.40306,18.07249,Leppun,Leptophyes punctatissima,Speckled Bush-cricket,bush-cricket,0.99,,,25/09/2026,25/09/2026,23:03:53,ClassifEspSWE-0002026-05-29_1,JOHANKARLSSON,202609261751WAGLRNZJ,2026_25_sep_23,Citizen Science (ultrasonic) - shared
59~40306+18~07249_20260925_230358.wav,DEV_001_20260925_230358.wav,0,59.40306,18.07249,Leppun,Leptophyes punctatissima,Speckled Bush-cricket,bush-cricket,0.99,,,25/09/2026,25/09/2026,23:03:58,ClassifEspSWE-0002026-05-29_1,JOHANKARLSSON,202609261751WAGLRNZJ,2026_25_sep_23,Citizen Science (ultrasonic) - shared
59~40306+18~07249_20260925_230405.wav,DEV_001_20260925_230405.wav,0,59.40306,18.07249,Leppun,Leptophyes punctatissima,Speckled Bush-cricket,bush-cricket,0.99,,,25/09/2026,25/09/2026,23:04:05,ClassifEspSWE-0002026-05-29_1,JOHANKARLSSON,202609261751WAGLRNZJ,2026_25_sep_23,Citizen Science (ultrasonic) - shared
59~40306+18~07249_20260925_230411.wav,DEV_001_20260925_230411.wav,0,59.40306,18.07249,Leppun,Leptophyes punctatissima,Speckled Bush-cricket,bush-cricket,0.99,,,25/09/2026,25/09/2026,23:04:11,ClassifEspSWE-0002026-05-29_1,JOHANKARLSSON,202609261751WAGLRNZJ,2026_25_sep_23,Citizen Science (ultrasonic) - shared
59~40306+18~07249_20260925_230416.wav,DEV_001_20260925_230416.wav,0,59.40306,18.07249,Leppun,Leptophyes punctatissima,Speckled Bush-cricket,bush-cricket,0.99,,,25/09/2026,25/09/2026,23:04:16,ClassifEspSWE-0002026-05-29_1,JOHANKARLSSON,202609261751WAGLRNZJ,2026_25_sep_23,Citizen Science (ultrasonic) - shared
59~40306+18~07249_20260925_230423.wav,DEV_001_20260925_230423.wav,0,59.40306,18.07249,Leppun,Leptophyes punctatissima,Speckled Bush-cricket,bush-cricket,0.99,,,25/09/2026,25/09/2026,23:04:23,ClassifEspSWE-0002026-05-29_1,JOHANKARLSSON,202609261751WAGLRNZJ,2026_25_sep_23,Citizen Science (ultrasonic) - shared
59~40306+18~07249_20260925_230428.wav,DEV_001_20260925_230428.wav,0,59.40306,18.07249,Leppun,Leptophyes punctatissima,Speckled Bush-cricket,bush-cricket,0.99,,,25/09/2026,25/09/2026,23:04:28,ClassifEspSWE-0002026-05-29_1,JOHANKARLSSON,202609261751WAGLRNZJ,2026_25_sep_23,Citizen Science (ultrasonic) - shared
59~40306+18~07249_20260925_230433.wav,DEV_001_20260925_230433.wav,0,59.40306,18.07249,Leppun,Leptophyes punctatissima,Speckled Bush-cricket,bush-cricket,0.99,,,25/09/2026,25/09/2026,23:04:33,ClassifEspSWE-0002026-05-29_1,JOHANKARLSSON,202609261751WAGLRNZJ,2026_25_sep_23,Citizen Science (ultrasonic) - shared
59~40306+18~07249_20260925_230440.wav,DEV_001_20260925_230440.wav,0,59.40306,18.07249,Leppun,Leptophyes punctatissima,Speckled Bush-cricket,bush-cricket,0.99,,,25/09/2026,25/09/2026,23:04:40,ClassifEspSWE-0002026-05-29_1,JOHANKARLSSON,202609261751WAGLRNZJ,2026_25_sep_23,Citizen Science (ultrasonic) - shared
59~40306+18~07249_20260925_230446.wav,DEV_001_20260925_230446.wav,0,59.40306,18.07249,Leppun,Leptophyes punctatissima,Speckled Bush-cricket,bush-cricket,0.99,,,25/09/2026,25/09/2026,23:04:46,ClassifEspSWE-0002026-05-29_1,JOHANKARLSSON,202609261751WAGLRNZJ,2026_25_sep_23,Citizen Science (ultrasonic) - shared
59~40306+18~07249_20260925_230452.wav,DEV_001_20260925_230452.wav,0,59.40306,18.07249,Leppun,Leptophyes punctatissima,Speckled Bush-cricket,bush-cricket,0.99,,,25/09/2026,25/09/2026,23:04:52,ClassifEspSWE-0002026-05-29_1,JOHANKARLSSON,202609261751WAGLRNZJ,2026_25_sep_23,Citizen Science (ultrasonic) - shared
59~40306+18~07249_20260925_230459.wav,DEV_001_20260925_230459.wav,0,59.40306,18.07249,Leppun,Leptophyes punctatissima,Speckled Bush-cricket,bush-cricket,0.99,,,25/09/2026,25/09/2026,23:04:59,ClassifEspSWE-0002026-05-29_1,JOHANKARLSSON,202609261751WAGLRNZJ,2026_25_sep_23,Citizen Science (ultrasonic) - shared
59~40306+18~07249_20260925_230504.wav,DEV_001_20260925_230504.wav,0,59.40306,18.07249,Leppun,Leptophyes punctatissima,Speckled Bush-cricket,bush-cricket,0.99,,,25/09/2026,25/09/2026,23:05:04,ClassifEspSWE-0002026-05-29_1,JOHANKARLSSON,202609261751WAGLRNZJ,2026_25_sep_23,Citizen Science (ultrasonic) - shared
59~40306+18~07249_20260925_230510.wav,DEV_001_20260925_230510.wav,0,59.40306,18.07249,Leppun,Leptophyes punctatissima,Speckled Bush-cricket,bush-cricket,0.99,,,25/09/2026,25/09/2026,23:05:10,ClassifEspSWE-0002026-05-29_1,JOHANKARLSSON,202609261751WAGLRNZJ,2026_25_sep_23,Citizen Science (ultrasonic) - shared
59~40306+18~07249_20260925_230516.wav,DEV_001_20260925_230516.wav,0,59.40306,18.07249,Leppun,Leptophyes punctatissima,Speckled Bush-cricket,bush-cricket,0.99,,,25/09/2026,25/09/2026,23:05:16,ClassifEspSWE-0002026-05-29_1,JOHANKARLSSON,202609261751WAGLRNZJ,2026_25_sep_23,Citizen Science (ultrasonic) - shared
59~40306+18~07249_20260925_230521.wav,DEV_001_20260925_230521.wav,0,59.40306,18.07249,Leppun,Leptophyes punctatissima,Speckled Bush-cricket,bush-cricket,0.99,,,25/09/2026,25/09/2026,23:05:21,ClassifEspSWE-0002026-05-29_1,JOHANKARLSSON,202609261751WAGLRNZJ,2026_25_sep_23,Citizen Science (ultrasonic) - shared
59~40306+18~07249_20260925_230527.wav,DEV_001_20260925_230527.wav,0,59.40306,18.07249,Leppun,Leptophyes punctatissima,Speckled Bush-cricket,bush-cricket,0.99,,,25/09/2026,25/09/2026,23:05:27,ClassifEspSWE-0002026-05-29_1,JOHANKARLSSON,202609261751WAGLRNZJ,2026_25_sep_23,Citizen Science (ultrasonic) - shared
59~40306+18~07249_20260925_230533.wav,DEV_001_20260925_230533.wav,0,59.40306,18.07249,Leppun,Leptophyes punctatissima,Speckled Bush-cricket,bush-cricket,0.99,,,25/09/2026,25/09/2026,23:05:33,ClassifEspSWE-0002026-05-29_1,JOHANKARLSSON,202609261751WAGLRNZJ,2026_25_sep_23,Citizen Science (ultrasonic) - shared
59~40306+18~07249_20260925_230538.wav,DEV_001_20260925_230538.wav,0,59.40306,18.07249,Leppun,Leptophyes punctatissima,Speckled Bush-cricket,bush-cricket,0.99,,,25/09/2026,25/09/2026,23:05:38,ClassifEspSWE-0002026-05-29_1,JOHANKARLSSON,202609261751WAGLRNZJ,2026_25_sep_23,Citizen Science (ultrasonic) - shared
59~40306+18~07249_20260925_230544.wav,DEV_001_20260925_230544.wav,0,59.40306,18.07249,Leppun,Leptophyes punctatissima,Speckled Bush-cricket,bush-cricket,0.99,,,25/09/2026,25/09/2026,23:05:44,ClassifEspSWE-0002026-05-29_1,JOHANKARLSSON,202609261751WAGLRNZJ,2026_25_sep_23,Citizen Science (ultrasonic) - shared
59~40306+18~07249_20260925_230550.wav,DEV_001_20260925_230550.wav,0,59.40306,18.07249,Leppun,Leptophyes punctatissima,Speckled Bush-cricket,bush-cricket,0.99,,,25/09/2026,25/09/2026,23:05:50,ClassifEspSWE-0002026-05-29_1,JOHANKARLSSON,202609261751WAGLRNZJ,2026_25_sep_23,Citizen Science (ultrasonic) - shared
59~40306+18~07249_20260925_230555.wav,DEV_001_20260925_230555.wav,0,59.40306,18.07249,Leppun,Leptophyes punctatissima,Speckled Bush-cricket,bush-cricket,0.99,,,25/09/2026,25/09/2026,23:05:55,ClassifEspSWE-0002026-05-29_1,JOHANKARLSSON,202609261751WAGLRNZJ,2026_25_sep_23,Citizen Science (ultrasonic) - shared
59~40306+18~07249_20260925_230600.wav,DEV_001_20260925_230600.wav,0,59.40306,18.07249,Leppun,Leptophyes punctatissima,Speckled Bush-cricket,bush-cricket,0.99,,,25/09/2026,25/09/2026,23:06:00,ClassifEspSWE-0002026-05-29_1,JOHANKARLSSON,202609261751WAGLRNZJ,2026_25_sep_23,Citizen Science (ultrasonic) - shared
59~40306+18~07249_20260925_230606.wav,DEV_001_20260925_230606.wav,0,59.40306,18.07249,Leppun,Leptophyes punctatissima,Speckled Bush-cricket,bush-cricket,0.99,,,25/09/2026,25/09/2026,23:06:06,ClassifEspSWE-0002026-05-29_1,JOHANKARLSSON,202609261751WAGLRNZJ,2026_25_sep_23,Citizen Science (ultrasonic) - shared
59~40306+18~07249_20260925_230611.wav,DEV_001_20260925_230611.wav,0,59.40306,18.07249,Leppun,Leptophyes punctatissima,Speckled Bush-cricket,bush-cricket,0.99,,,25/09/2026,25/09/2026,23:06:11,ClassifEspSWE-0002026-05-29_1,JOHANKARLSSON,202609261751WAGLRNZJ,2026_25_sep_23,Citizen Science (ultrasonic) - shared
59~40306+18~07249_20260925_230617.wav,DEV_001_20260925_230617.wav,0,59.40306,18.07249,Leppun,Leptophyes punctatissima,Speckled Bush-cricket,bush-cricket,0.99,,,25/09/2026,25/09/2026,23:06:17,ClassifEspSWE-0002026-05-29_1,JOHANKARLSSON,202609261751WAGLRNZJ,2026_25_sep_23,Citizen Science (ultrasonic) - shared
59~40306+18~07249_20260925_230622.wav,DEV_001_20260925_230622.wav,0,59.40306,18.07249,Leppun,Leptophyes punctatissima,Speckled Bush-cricket,bush-cricket,0.99,,,25/09/2026,25/09/2026,23:06:22,ClassifEspSWE-0002026-05-29_1,JOHANKARLSSON,202609261751WAGLRNZJ,2026_25_sep_23,Citizen Science (ultrasonic) - shared
59~40306+18~07249_20260925_230629.wav,DEV_001_20260925_230629.wav,0,59.40306,18.07249,Leppun,Leptophyes punctatissima,Speckled Bush-cricket,bush-cricket,0.99,,,25/09/2026,25/09/2026,23:06:29,ClassifEspSWE-0002026-05-29_1,JOHANKARLSSON,202609261751WAGLRNZJ,2026_25_sep_23,Citizen Science (ultrasonic) - shared
59~40306+18~07249_20260925_230636.wav,DEV_001_20260925_230636.wav,0,59.40306,18.07249,Leppun,Leptophyes punctatissima,Speckled Bush-cricket,bush-cricket,0.99,,,25/09/2026,25/09/2026,23:06:36,ClassifEspSWE-0002026-05-29_1,JOHANKARLSSON,202609261751WAGLRNZJ,2026_25_sep_23,Citizen Science (ultrasonic) - shared
59~40306+18~07249_20260925_230641.wav,DEV_001_20260925_230641.wav,0,59.40306,18.07249,Leppun,Leptophyes punctatissima,Speckled Bush-cricket,bush-cricket,0.99,,,25/09/2026,25/09/2026,23:06:41,ClassifEspSWE-0002026-05-29_1,JOHANKARLSSON,202609261751WAGLRNZJ,2026_25_sep_23,Citizen Science (ultrasonic) - shared
59~40306+18~07249_20260925_230647.wav,DEV_001_20260925_230647.wav,0,59.40306,18.07249,Leppun,Leptophyes punctatissima,Speckled Bush-cricket,bush-cricket,0.99,,,25/09/2026,25/09/2026,23:06:47,ClassifEspSWE-0002026-05-29_1,JOHANKARLSSON,202609261751WAGLRNZJ,2026_25_sep_23,Citizen Science (ultrasonic) - shared
59~40306+18~07249_20260925_230653.wav,DEV_001_20260925_230653.wav,0,59.40306,18.07249,Leppun,Leptophyes punctatissima,Speckled Bush-cricket,bush-cricket,0.99,,,25/09/2026,25/09/2026,23:06:53,ClassifEspSWE-0002026-05-29_1,JOHANKARLSSON,202609261751WAGLRNZJ,2026_25_sep_23,Citizen Science (ultrasonic) - shared
59~40306+18~07249_20260925_230659.wav,DEV_001_20260925_230659.wav,0,59.40306,18.07249,Leppun,Leptophyes punctatissima,Speckled Bush-cricket,bush-cricket,0.99,,,25/09/2026,25/09/2026,23:06:59,ClassifEspSWE-0002026-05-29_1,JOHANKARLSSON,202609261751WAGLRNZJ,2026_25_sep_23,Citizen Science (ultrasonic) - shared
59~40306+18~07249_20260925_230704.wav,DEV_001_20260925_230704.wav,0,59.40306,18.07249,Leppun,Leptophyes punctatissima,Speckled Bush-cricket,bush-cricket,0.99,,,25/09/2026,25/09/2026,23:07:04,ClassifEspSWE-0002026-05-29_1,JOHANKARLSSON,202609261751WAGLRNZJ,2026_25_sep_23,Citizen Science (ultrasonic) - shared
59~40306+18~07249_20260925_230710.wav,DEV_001_20260925_230710.wav,0,59.40306,18.07249,Leppun,Leptophyes punctatissima,Speckled Bush-cricket,bush-cricket,0.99,,,25/09/2026,25/09/2026,23:07:10,ClassifEspSWE-0002026-05-29_1,JOHANKARLSSON,202609261751WAGLRNZJ,2026_25_sep_23,Citizen Science (ultrasonic) - shared
59~40306+18~07249_20260925_230716.wav,DEV_001_20260925_230716.wav,0,59.40306,18.07249,Leppun,Leptophyes punctatissima,Speckled Bush-cricket,bush-cricket,0.99,,,25/09/2026,25/09/2026,23:07:16,ClassifEspSWE-0002026-05-29_1,JOHANKARLSSON,202609261751WAGLRNZJ,2026_25_sep_23,Citizen Science (ultrasonic) - shared
59~40306+18~07249_20260925_230721.wav,DEV_001_20260925_230721.wav,0,59.40306,18.07249,Leppun,Leptophyes punctatissima,Speckled Bush-cricket,bush-cricket,0.99,,,25/09/2026,25/09/2026,23:07:21,ClassifEspSWE-0002026-05-29_1,JOHANKARLSSON,202609261751WAGLRNZJ,2026_25_sep_23,Citizen Science (ultrasonic) - shared
59~40306+18~07249_20260925_230728.wav,DEV_001_20260925_230728.wav,0,59.40306,18.07249,Leppun,Leptophyes punctatissima,Speckled Bush-cricket,bush-cricket,0.99,,,25/09/2026,25/09/2026,23:07:28,ClassifEspSWE-0002026-05-29_1,JOHANKARLSSON,202609261751WAGLRNZJ,2026_25_sep_23,Citizen Science (ultrasonic) - shared
59~40306+18~07249_20260925_230735.wav,DEV_001_20260925_230735.wav,0,59.40306,18.07249,Leppun,Leptophyes punctatissima,Speckled Bush-cricket,bush-cricket,0.99,,,25/09/2026,25/09/2026,23:07:35,ClassifEspSWE-0002026-05-29_1,JOHANKARLSSON,202609261751WAGLRNZJ,2026_25_sep_23,Citizen Science (ultrasonic) - shared
59~40306+18~07249_20260925_230741.wav,DEV_001_20260925_230741.wav,0,59.40306,18.07249,Leppun,Leptophyes punctatissima,Speckled Bush-cricket,bush-cricket,0.99,,,25/09/2026,25/09/2026,23:07:41,ClassifEspSWE-0002026-05-29_1,JOHANKARLSSON,202609261751WAGLRNZJ,2026_25_sep_23,Citizen Science (ultrasonic) - shared
59~40306+18~07249_20260925_230746.wav,DEV_001_20260925_230746.wav,0,59.40306,18.07249,Leppun,Leptophyes punctatissima,Speckled Bush-cricket,bush-cricket,0.99,,,25/09/2026,25/09/2026,23:07:46,ClassifEspSWE-0002026-05-29_1,JOHANKARLSSON,202609261751WAGLRNZJ,2026_25_sep_23,Citizen Science (ultrasonic) - shared
59~40306+18~07249_20260925_230752.wav,DEV_001_20260925_230752.wav,0,59.40306,18.07249,Leppun,Leptophyes punctatissima,Speckled Bush-cricket,bush-cricket,0.99,,,25/09/2026,25/09/2026,23:07:52,ClassifEspSWE-0002026-05-29_1,JOHANKARLSSON,202609261751WAGLRNZJ,2026_25_sep_23,Citizen Science (ultrasonic) - shared
59~40306+18~07249_20260925_230758.wav,DEV_001_20260925_230758.wav,0,59.40306,18.07249,Leppun,Leptophyes punctatissima,Speckled Bush-cricket,bush-cricket,0.99,,,25/09/2026,25/09/2026,23:07:58,ClassifEspSWE-0002026-05-29_1,JOHANKARLSSON,202609261751WAGLRNZJ,2026_25_sep_23,Citizen Science (ultrasonic) - shared
59~40306+18~07249_20260925_230805.wav,DEV_001_20260925_230805.wav,0,59.40306,18.07249,Leppun,Leptophyes punctatissima,Speckled Bush-cricket,bush-cricket,0.99,,,25/09/2026,25/09/2026,23:08:05,ClassifEspSWE-0002026-05-29_1,JOHANKARLSSON,202609261751WAGLRNZJ,2026_25_sep_23,Citizen Science (ultrasonic) - shared
59~40306+18~07249_20260925_230811.wav,DEV_001_20260925_230811.wav,0,59.40306,18.07249,Leppun,Leptophyes punctatissima,Speckled Bush-cricket,bush-cricket,0.99,,,25/09/2026,25/09/2026,23:08:11,ClassifEspSWE-0002026-05-29_1,JOHANKARLSSON,202609261751WAGLRNZJ,2026_25_sep_23,Citizen Science (ultrasonic) - shared
59~40306+18~07249_20260925_230817.wav,DEV_001_20260925_230817.wav,0,59.40306,18.07249,Leppun,Leptophyes punctatissima,Speckled Bush-cricket,bush-cricket,0.99,,,25/09/2026,25/09/2026,23:08:17,ClassifEspSWE-0002026-05-29_1,JOHANKARLSSON,202609261751WAGLRNZJ,2026_25_sep_23,Citizen Science (ultrasonic) - shared
59~40306+18~07249_20260925_230823.wav,DEV_001_20260925_230823.wav,0,59.40306,18.07249,Leppun,Leptophyes punctatissima,Speckled Bush-cricket,bush-cricket,0.99,,,25/09/2026,25/09/2026,23:08:23,ClassifEspSWE-0002026-05-29_1,JOHANKARLSSON,202609261751WAGLRNZJ,2026_25_sep_23,Citizen Science (ultrasonic) - shared
59~40306+18~07249_20260925_230828.wav,DEV_001_20260925_230828.wav,0,59.40306,18.07249,Leppun,Leptophyes punctatissima,Speckled Bush-cricket,bush-cricket,0.99,,,25/09/2026,25/09/2026,23:08:28,ClassifEspSWE-0002026-05-29_1,JOHANKARLSSON,202609261751WAGLRNZJ,2026_25_sep_23,Citizen Science (ultrasonic) - shared
59~40306+18~07249_20260925_230834.wav,DEV_001_20260925_230834.wav,0,59.40306,18.07249,Leppun,Leptophyes punctatissima,Speckled Bush-cricket,bush-cricket,0.99,,,25/09/2026,25/09/2026,23:08:34,ClassifEspSWE-0002026-05-29_1,JOHANKARLSSON,202609261751WAGLRNZJ,2026_25_sep_23,Citizen Science (ultrasonic) - shared
59~40306+18~07249_20260925_230841.wav,DEV_001_20260925_230841.wav,0,59.40306,18.07249,Leppun,Leptophyes punctatissima,Speckled Bush-cricket,bush-cricket,0.99,,,25/09/2026,25/09/2026,23:08:41,ClassifEspSWE-0002026-05-29_1,JOHANKARLSSON,202609261751WAGLRNZJ,2026_25_sep_23,Citizen Science (ultrasonic) - shared
59~40306+18~07249_20260925_230846.wav,DEV_001_20260925_230846.wav,0,59.40306,18.07249,Leppun,Leptophyes punctatissima,Speckled Bush-cricket,bush-cricket,0.99,,,25/09/2026,25/09/2026,23:08:46,ClassifEspSWE-0002026-05-29_1,JOHANKARLSSON,202609261751WAGLRNZJ,2026_25_sep_23,Citizen Science (ultrasonic) - shared
59~40306+18~07249_20260925_230852.wav,DEV_001_20260925_230852.wav,0,59.40306,18.07249,Leppun,Leptophyes punctatissima,Speckled Bush-cricket,bush-cricket,0.99,,,25/09/2026,25/09/2026,23:08:52,ClassifEspSWE-0002026-05-29_1,JOHANKARLSSON,202609261751WAGLRNZJ,2026_25_sep_23,Citizen Science (ultrasonic) - shared
59~40306+18~07249_20260925_230859.wav,DEV_001_20260925_230859.wav,0,59.40306,18.07249,Leppun,Leptophyes punctatissima,Speckled Bush-cricket,bush-cricket,0.99,,,25/09/2026,25/09/2026,23:08:59,ClassifEspSWE-0002026-05-29_1,JOHANKARLSSON,202609261751WAGLRNZJ,2026_25_sep_23,Citizen Science (ultrasonic) - shared
59~40306+18~07249_20260925_230906.wav,DEV_001_20260925_230906.wav,0,59.40306,18.07249,Leppun,Leptophyes punctatissima,Speckled Bush-cricket,bush-cricket,0.99,,,25/09/2026,25/09/2026,23:09:06,ClassifEspSWE-0002026-05-29_1,JOHANKARLSSON,202609261751WAGLRNZJ,2026_25_sep_23,Citizen Science (ultrasonic) - shared
59~40306+18~07249_20260925_230911.wav,DEV_001_20260925_230911.wav,0,59.40306,18.07249,Leppun,Leptophyes punctatissima,Speckled Bush-cricket,bush-cricket,0.99,,,25/09/2026,25/09/2026,23:09:11,ClassifEspSWE-0002026-05-29_1,JOHANKARLSSON,202609261751WAGLRNZJ,2026_25_sep_23,Citizen Science (ultrasonic) - shared
59~40306+18~07249_20260925_230917.wav,DEV_001_20260925_230917.wav,0,59.40306,18.07249,Leppun,Leptophyes punctatissima,Speckled Bush-cricket,bush-cricket,0.99,,,25/09/2026,25/09/2026,23:09:17,ClassifEspSWE-0002026-05-29_1,JOHANKARLSSON,202609261751WAGLRNZJ,2026_25_sep_23,Citizen Science (ultrasonic) - shared
59~40306+18~07249_20260925_230925.wav,DEV_001_20260925_230925.wav,0,59.40306,18.07249,Leppun,Leptophyes punctatissima,Speckled Bush-cricket,bush-cricket,0.99,,,25/09/2026,25/09/2026,23:09:25,ClassifEspSWE-0002026-05-29_1,JOHANKARLSSON,202609261751WAGLRNZJ,2026_25_sep_23,Citizen Science (ultrasonic) - shared
59~40306+18~07249_20260925_230930.wav,DEV_001_20260925_230930.wav,0,59.40306,18.07249,Leppun,Leptophyes punctatissima,Speckled Bush-cricket,bush-cricket,0.99,,,25/09/2026,25/09/2026,23:09:30,ClassifEspSWE-0002026-05-29_1,JOHANKARLSSON,202609261751WAGLRNZJ,2026_25_sep_23,Citizen Science (ultrasonic) - shared
59~40306+18~07249_20260925_230936.wav,DEV_001_20260925_230936.wav,0,59.40306,18.07249,Leppun,Leptophyes punctatissima,Speckled Bush-cricket,bush-cricket,0.99,,,25/09/2026,25/09/2026,23:09:36,ClassifEspSWE-0002026-05-29_1,JOHANKARLSSON,202609261751WAGLRNZJ,2026_25_sep_23,Citizen Science (ultrasonic) - shared
59~40306+18~07249_20260925_230942.wav,DEV_001_20260925_230942.wav,0,59.40306,18.07249,Leppun,Leptophyes punctatissima,Speckled Bush-cricket,bush-cricket,0.99,,,25/09/2026,25/09/2026,23:09:42,ClassifEspSWE-0002026-05-29_1,JOHANKARLSSON,202609261751WAGLRNZJ,2026_25_sep_23,Citizen Science (ultrasonic) - shared
59~40306+18~07249_20260925_230947.wav,DEV_001_20260925_230947.wav,0,59.40306,18.07249,Leppun,Leptophyes punctatissima,Speckled Bush-cricket,bush-cricket,0.99,,,25/09/2026,25/09/2026,23:09:47,ClassifEspSWE-0002026-05-29_1,JOHANKARLSSON,202609261751WAGLRNZJ,2026_25_sep_23,Citizen Science (ultrasonic) - shared
59~40306+18~07249_20260925_230955.wav,DEV_001_20260925_230955.wav,0,59.40306,18.07249,Leppun,Leptophyes punctatissima,Speckled Bush-cricket,bush-cricket,0.99,,,25/09/2026,25/09/2026,23:09:55,ClassifEspSWE-0002026-05-29_1,JOHANKARLSSON,202609261751WAGLRNZJ,2026_25_sep_23,Citizen Science (ultrasonic) - shared
59~40306+18~07249_20260925_231000.wav,DEV_001_20260925_231000.wav,0,59.40306,18.07249,Leppun,Leptophyes punctatissima,Speckled Bush-cricket,bush-cricket,0.99,,,25/09/2026,25/09/2026,23:10:00,ClassifEspSWE-0002026-05-29_1,JOHANKARLSSON,202609261751WAGLRNZJ,2026_25_sep_23,Citizen Science (ultrasonic) - shared
59~40306+18~07249_20260925_231006.wav,DEV_001_20260925_231006.wav,0,59.40306,18.07249,Leppun,Leptophyes punctatissima,Speckled Bush-cricket,bush-cricket,0.99,,,25/09/2026,25/09/2026,23:10:06,ClassifEspSWE-0002026-05-29_1,JOHANKARLSSON,202609261751WAGLRNZJ,2026_25_sep_23,Citizen Science (ultrasonic) - shared
59~40306+18~07249_20260925_231011.wav,DEV_001_20260925_231011.wav,0,59.40306,18.07249,Leppun,Leptophyes punctatissima,Speckled Bush-cricket,bush-cricket,0.99,,,25/09/2026,25/09/2026,23:10:11,ClassifEspSWE-0002026-05-29_1,JOHANKARLSSON,202609261751WAGLRNZJ,2026_25_sep_23,Citizen Science (ultrasonic) - shared
59~40306+18~07249_20260925_231018.wav,DEV_001_20260925_231018.wav,0,59.40306,18.07249,Leppun,Leptophyes punctatissima,Speckled Bush-cricket,bush-cricket,0.99,,,25/09/2026,25/09/2026,23:10:18,ClassifEspSWE-0002026-05-29_1,JOHANKARLSSON,202609261751WAGLRNZJ,2026_25_sep_23,Citizen Science (ultrasonic) - shared
59~40306+18~07249_20260925_231023.wav,DEV_001_20260925_231023.wav,0,59.40306,18.07249,Leppun,Leptophyes punctatissima,Speckled Bush-cricket,bush-cricket,0.99,,,25/09/2026,25/09/2026,23:10:23,ClassifEspSWE-0002026-05-29_1,JOHANKARLSSON,202609261751WAGLRNZJ,2026_25_sep_23,Citizen Science (ultrasonic) - shared
59~40306+18~07249_20260925_231028.wav,DEV_001_20260925_231028.wav,0,59.40306,18.07249,Leppun,Leptophyes punctatissima,Speckled Bush-cricket,bush-cricket,0.97,,,25/09/2026,25/09/2026,23:10:28,ClassifEspSWE-0002026-05-29_1,JOHANKARLSSON,202609261751WAGLRNZJ,2026_25_sep_23,Citizen Science (ultrasonic) - shared
59~40306+18~07249_20260925_231034.wav,DEV_001_20260925_231034.wav,0,59.40306,18.07249,Leppun,Leptophyes punctatissima,Speckled Bush-cricket,bush-cricket,0.99,,,25/09/2026,25/09/2026,23:10:34,ClassifEspSWE-0002026-05-29_1,JOHANKARLSSON,202609261751WAGLRNZJ,2026_25_sep_23,Citizen Science (ultrasonic) - shared
59~40306+18~07249_20260925_231041.wav,DEV_001_20260925_231041.wav,0,59.40306,18.07249,Leppun,Leptophyes punctatissima,Speckled Bush-cricket,bush-cricket,0.99,,,25/09/2026,25/09/2026,23:10:41,ClassifEspSWE-0002026-05-29_1,JOHANKARLSSON,202609261751WAGLRNZJ,2026_25_sep_23,Citizen Science (ultrasonic) - shared
59~40306+18~07249_20260925_231046.wav,DEV_001_20260925_231046.wav,0,59.40306,18.07249,Leppun,Leptophyes punctatissima,Speckled Bush-cricket,bush-cricket,0.99,,,25/09/2026,25/09/2026,23:10:46,ClassifEspSWE-0002026-05-29_1,JOHANKARLSSON,202609261751WAGLRNZJ,2026_25_sep_23,Citizen Science (ultrasonic) - shared
59~40306+18~07249_20260925_231052.wav,DEV_001_20260925_231052.wav,0,59.40306,18.07249,Leppun,Leptophyes punctatissima,Speckled Bush-cricket,bush-cricket,0.99,,,25/09/2026,25/09/2026,23:10:52,ClassifEspSWE-0002026-05-29_1,JOHANKARLSSON,202609261751WAGLRNZJ,2026_25_sep_23,Citizen Science (ultrasonic) - shared
59~40306+18~07249_20260925_231058.wav,DEV_001_20260925_231058.wav,0,59.40306,18.07249,Leppun,Leptophyes punctatissima,Speckled Bush-cricket,bush-cricket,0.99,,,25/09/2026,25/09/2026,23:10:58,ClassifEspSWE-0002026-05-29_1,JOHANKARLSSON,202609261751WAGLRNZJ,2026_25_sep_23,Citizen Science (ultrasonic) - shared
59~40306+18~07249_20260925_231104.wav,DEV_001_20260925_231104.wav,0,59.40306,18.07249,Leppun,Leptophyes punctatissima,Speckled Bush-cricket,bush-cricket,0.99,,,25/09/2026,25/09/2026,23:11:04,ClassifEspSWE-0002026-05-29_1,JOHANKARLSSON,202609261751WAGLRNZJ,2026_25_sep_23,Citizen Science (ultrasonic) - shared
59~40306+18~07249_20260925_231110.wav,DEV_001_20260925_231110.wav,0,59.40306,18.07249,Leppun,Leptophyes punctatissima,Speckled Bush-cricket,bush-cricket,0.99,,,25/09/2026,25/09/2026,23:11:10,ClassifEspSWE-0002026-05-29_1,JOHANKARLSSON,202609261751WAGLRNZJ,2026_25_sep_23,Citizen Science (ultrasonic) - shared
59~40306+18~07249_20260925_231115.wav,DEV_001_20260925_231115.wav,0,59.40306,18.07249,Leppun,Leptophyes punctatissima,Speckled Bush-cricket,bush-cricket,0.99,,,25/09/2026,25/09/2026,23:11:15,ClassifEspSWE-0002026-05-29_1,JOHANKARLSSON,202609261751WAGLRNZJ,2026_25_sep_23,Citizen Science (ultrasonic) - shared
59~40306+18~07249_20260925_231121.wav,DEV_001_20260925_231121.wav,0,59.40306,18.07249,Leppun,Leptophyes punctatissima,Speckled Bush-cricket,bush-cricket,0.99,,,25/09/2026,25/09/2026,23:11:21,ClassifEspSWE-0002026-05-29_1,JOHANKARLSSON,202609261751WAGLRNZJ,2026_25_sep_23,Citizen Science (ultrasonic) - shared
59~40306+18~07249_20260925_231127.wav,DEV_001_20260925_231127.wav,0,59.40306,18.07249,Leppun,Leptophyes punctatissima,Speckled Bush-cricket,bush-cricket,0.99,,,25/09/2026,25/09/2026,23:11:27,ClassifEspSWE-0002026-05-29_1,JOHANKARLSSON,202609261751WAGLRNZJ,2026_25_sep_23,Citizen Science (ultrasonic) - shared
59~40306+18~07249_20260925_231133.wav,DEV_001_20260925_231133.wav,0,59.40306,18.07249,Leppun,Leptophyes punctatissima,Speckled Bush-cricket,bush-cricket,0.99,,,25/09/2026,25/09/2026,23:11:33,ClassifEspSWE-0002026-05-29_1,JOHANKARLSSON,202609261751WAGLRNZJ,2026_25_sep_23,Citizen Science (ultrasonic) - shared
59~40306+18~07249_20260925_231138.wav,DEV_001_20260925_231138.wav,0,59.40306,18.07249,Leppun,Leptophyes punctatissima,Speckled Bush-cricket,bush-cricket,0.99,,,25/09/2026,25/09/2026,23:11:38,ClassifEspSWE-0002026-05-29_1,JOHANKARLSSON,202609261751WAGLRNZJ,2026_25_sep_23,Citizen Science (ultrasonic) - shared
59~40306+18~07249_20260925_231144.wav,DEV_001_20260925_231144.wav,0,59.40306,18.07249,Leppun,Leptophyes punctatissima,Speckled Bush-cricket,bush-cricket,0.99,,,25/09/2026,25/09/2026,23:11:44,ClassifEspSWE-0002026-05-29_1,JOHANKARLSSON,202609261751WAGLRNZJ,2026_25_sep_23,Citizen Science (ultrasonic) - shared
59~40306+18~07249_20260925_231149.wav,DEV_001_20260925_231149.wav,0,59.40306,18.07249,Leppun,Leptophyes punctatissima,Speckled Bush-cricket,bush-cricket,0.99,,,25/09/2026,25/09/2026,23:11:49,ClassifEspSWE-0002026-05-29_1,JOHANKARLSSON,202609261751WAGLRNZJ,2026_25_sep_23,Citizen Science (ultrasonic) - shared
59~40306+18~07249_20260925_231155.wav,DEV_001_20260925_231155.wav,0,59.40306,18.07249,Leppun,Leptophyes punctatissima,Speckled Bush-cricket,bush-cricket,0.99,,,25/09/2026,25/09/2026,23:11:55,ClassifEspSWE-0002026-05-29_1,JOHANKARLSSON,202609261751WAGLRNZJ,2026_25_sep_23,Citizen Science (ultrasonic) - shared
59~40306+18~07249_20260925_231200.wav,DEV_001_20260925_231200.wav,0,59.40306,18.07249,Leppun,Leptophyes punctatissima,Speckled Bush-cricket,bush-cricket,0.99,,,25/09/2026,25/09/2026,23:12:00,ClassifEspSWE-0002026-05-29_1,JOHANKARLSSON,202609261751WAGLRNZJ,2026_25_sep_23,Citizen Science (ultrasonic) - shared
59~40306+18~07249_20260925_231205.wav,DEV_001_20260925_231205.wav,0,59.40306,18.07249,Leppun,Leptophyes punctatissima,Speckled Bush-cricket,bush-cricket,0.99,,,25/09/2026,25/09/2026,23:12:05,ClassifEspSWE-0002026-05-29_1,JOHANKARLSSON,202609261751WAGLRNZJ,2026_25_sep_23,Citizen Science (ultrasonic) - shared
59~40306+18~07249_20260925_231211.wav,DEV_001_20260925_231211.wav,0,59.40306,18.07249,Leppun,Leptophyes punctatissima,Speckled Bush-cricket,bush-cricket,0.99,,,25/09/2026,25/09/2026,23:12:11,ClassifEspSWE-0002026-05-29_1,JOHANKARLSSON,202609261751WAGLRNZJ,2026_25_sep_23,Citizen Science (ultrasonic) - shared
59~40306+18~07249_20260925_231218.wav,DEV_001_20260925_231218.wav,0,59.40306,18.07249,Leppun,Leptophyes punctatissima,Speckled Bush-cricket,bush-cricket,0.99,,,25/09/2026,25/09/2026,23:12:18,ClassifEspSWE-0002026-05-29_1,JOHANKARLSSON,202609261751WAGLRNZJ,2026_25_sep_23,Citizen Science (ultrasonic) - shared
59~40306+18~07249_20260925_231224.wav,DEV_001_20260925_231224.wav,0,59.40306,18.07249,Leppun,Leptophyes punctatissima,Speckled Bush-cricket,bush-cricket,0.99,,,25/09/2026,25/09/2026,23:12:24,ClassifEspSWE-0002026-05-29_1,JOHANKARLSSON,202609261751WAGLRNZJ,2026_25_sep_23,Citizen Science (ultrasonic) - shared
59~40306+18~07249_20260925_231229.wav,DEV_001_20260925_231229.wav,0,59.40306,18.07249,Leppun,Leptophyes punctatissima,Speckled Bush-cricket,bush-cricket,0.99,,,25/09/2026,25/09/2026,23:12:29,ClassifEspSWE-0002026-05-29_1,JOHANKARLSSON,202609261751WAGLRNZJ,2026_25_sep_23,Citizen Science (ultrasonic) - shared
59~40306+18~07249_20260925_231236.wav,DEV_001_20260925_231236.wav,0,59.40306,18.07249,Leppun,Leptophyes punctatissima,Speckled Bush-cricket,bush-cricket,0.99,,,25/09/2026,25/09/2026,23:12:36,ClassifEspSWE-0002026-05-29_1,JOHANKARLSSON,202609261751WAGLRNZJ,2026_25_sep_23,Citizen Science (ultrasonic) - shared
59~40306+18~07249_20260925_231242.wav,DEV_001_20260925_231242.wav,0,59.40306,18.07249,Leppun,Leptophyes punctatissima,Speckled Bush-cricket,bush-cricket,0.99,,,25/09/2026,25/09/2026,23:12:42,ClassifEspSWE-0002026-05-29_1,JOHANKARLSSON,202609261751WAGLRNZJ,2026_25_sep_23,Citizen Science (ultrasonic) - shared
59~40306+18~07249_20260925_231248.wav,DEV_001_20260925_231248.wav,0,59.40306,18.07249,Leppun,Leptophyes punctatissima,Speckled Bush-cricket,bush-cricket,0.99,,,25/09/2026,25/09/2026,23:12:48,ClassifEspSWE-0002026-05-29_1,JOHANKARLSSON,202609261751WAGLRNZJ,2026_25_sep_23,Citizen Science (ultrasonic) - shared
59~40306+18~07249_20260925_231253.wav,DEV_001_20260925_231253.wav,0,59.40306,18.07249,Leppun,Leptophyes punctatissima,Speckled Bush-cricket,bush-cricket,0.99,,,25/09/2026,25/09/2026,23:12:53,ClassifEspSWE-0002026-05-29_1,JOHANKARLSSON,202609261751WAGLRNZJ,2026_25_sep_23,Citizen Science (ultrasonic) - shared
59~40306+18~07249_20260925_231259.wav,DEV_001_20260925_231259.wav,0,59.40306,18.07249,Leppun,Leptophyes punctatissima,Speckled Bush-cricket,bush-cricket,0.99,,,25/09/2026,25/09/2026,23:12:59,ClassifEspSWE-0002026-05-29_1,JOHANKARLSSON,202609261751WAGLRNZJ,2026_25_sep_23,Citizen Science (ultrasonic) - shared
59~40306+18~07249_20260925_231304.wav,DEV_001_20260925_231304.wav,0,59.40306,18.07249,Leppun,Leptophyes punctatissima,Speckled Bush-cricket,bush-cricket,0.99,,,25/09/2026,25/09/2026,23:13:04,ClassifEspSWE-0002026-05-29_1,JOHANKARLSSON,202609261751WAGLRNZJ,2026_25_sep_23,Citizen Science (ultrasonic) - shared
59~40306+18~07249_20260925_231310.wav,DEV_001_20260925_231310.wav,0,59.40306,18.07249,Leppun,Leptophyes punctatissima,Speckled Bush-cricket,bush-cricket,0.99,,,25/09/2026,25/09/2026,23:13:10,ClassifEspSWE-0002026-05-29_1,JOHANKARLSSON,202609261751WAGLRNZJ,2026_25_sep_23,Citizen Science (ultrasonic) - shared
59~40306+18~07249_20260925_231316.wav,DEV_001_20260925_231316.wav,0,59.40306,18.07249,Leppun,Leptophyes punctatissima,Speckled Bush-cricket,bush-cricket,0.99,,,25/09/2026,25/09/2026,23:13:16,ClassifEspSWE-0002026-05-29_1,JOHANKARLSSON,202609261751WAGLRNZJ,2026_25_sep_23,Citizen Science (ultrasonic) - shared
59~40306+18~07249_20260925_231321.wav,DEV_001_20260925_231321.wav,0,59.40306,18.07249,Leppun,Leptophyes punctatissima,Speckled Bush-cricket,bush-cricket,0.99,,,25/09/2026,25/09/2026,23:13:21,ClassifEspSWE-0002026-05-29_1,JOHANKARLSSON,202609261751WAGLRNZJ,2026_25_sep_23,Citizen Science (ultrasonic) - shared
59~40306+18~07249_20260925_231327.wav,DEV_001_20260925_231327.wav,0,59.40306,18.07249,Leppun,Leptophyes punctatissima,Speckled Bush-cricket,bush-cricket,0.99,,,25/09/2026,25/09/2026,23:13:27,ClassifEspSWE-0002026-05-29_1,JOHANKARLSSON,202609261751WAGLRNZJ,2026_25_sep_23,Citizen Science (ultrasonic) - shared
59~40306+18~07249_20260925_231332.wav,DEV_001_20260925_231332.wav,0,59.40306,18.07249,Leppun,Leptophyes punctatissima,Speckled Bush-cricket,bush-cricket,0.99,,,25/09/2026,25/09/2026,23:13:32,ClassifEspSWE-0002026-05-29_1,JOHANKARLSSON,202609261751WAGLRNZJ,2026_25_sep_23,Citizen Science (ultrasonic) - shared
59~40306+18~07249_20260925_231337.wav,DEV_001_20260925_231337.wav,0,59.40306,18.07249,Leppun,Leptophyes punctatissima,Speckled Bush-cricket,bush-cricket,0.99,,,25/09/2026,25/09/2026,23:13:37,ClassifEspSWE-0002026-05-29_1,JOHANKARLSSON,202609261751WAGLRNZJ,2026_25_sep_23,Citizen Science (ultrasonic) - shared
59~40306+18~07249_20260925_231345.wav,DEV_001_20260925_231345.wav,0,59.40306,18.07249,Leppun,Leptophyes punctatissima,Speckled Bush-cricket,bush-cricket,0.99,,,25/09/2026,25/09/2026,23:13:45,ClassifEspSWE-0002026-05-29_1,JOHANKARLSSON,202609261751WAGLRNZJ,2026_25_sep_23,Citizen Science (ultrasonic) - shared
59~40306+18~07249_20260925_231350.wav,DEV_001_20260925_231350.wav,0,59.40306,18.07249,Leppun,Leptophyes punctatissima,Speckled Bush-cricket,bush-cricket,0.99,,,25/09/2026,25/09/2026,23:13:50,ClassifEspSWE-0002026-05-29_1,JOHANKARLSSON,202609261751WAGLRNZJ,2026_25_sep_23,Citizen Science (ultrasonic) - shared
59~40306+18~07249_20260925_231356.wav,DEV_001_20260925_231356.wav,0,59.40306,18.07249,Leppun,Leptophyes punctatissima,Speckled Bush-cricket,bush-cricket,0.99,,,25/09/2026,25/09/2026,23:13:56,ClassifEspSWE-0002026-05-29_1,JOHANKARLSSON,202609261751WAGLRNZJ,2026_25_sep_23,Citizen Science (ultrasonic) - shared
59~40306+18~07249_20260925_231402.wav,DEV_001_20260925_231402.wav,0,59.40306,18.07249,Leppun,Leptophyes punctatissima,Speckled Bush-cricket,bush-cricket,0.99,,,25/09/2026,25/09/2026,23:14:02,ClassifEspSWE-0002026-05-29_1,JOHANKARLSSON,202609261751WAGLRNZJ,2026_25_sep_23,Citizen Science (ultrasonic) - shared
59~40306+18~07249_20260925_231408.wav,DEV_001_20260925_231408.wav,0,59.40306,18.07249,Leppun,Leptophyes punctatissima,Speckled Bush-cricket,bush-cricket,0.99,,,25/09/2026,25/09/2026,23:14:08,ClassifEspSWE-0002026-05-29_1,JOHANKARLSSON,202609261751WAGLRNZJ,2026_25_sep_23,Citizen Science (ultrasonic) - shared
59~40306+18~07249_20260925_231415.wav,DEV_001_20260925_231415.wav,0,59.40306,18.07249,Leppun,Leptophyes punctatissima,Speckled Bush-cricket,bush-cricket,0.99,,,25/09/2026,25/09/2026,23:14:15,ClassifEspSWE-0002026-05-29_1,JOHANKARLSSON,202609261751WAGLRNZJ,2026_25_sep_23,Citizen Science (ultrasonic) - shared
59~40306+18~07249_20260925_231421.wav,DEV_001_20260925_231421.wav,0,59.40306,18.07249,Leppun,Leptophyes punctatissima,Speckled Bush-cricket,bush-cricket,0.99,,,25/09/2026,25/09/2026,23:14:21,ClassifEspSWE-0002026-05-29_1,JOHANKARLSSON,202609261751WAGLRNZJ,2026_25_sep_23,Citizen Science (ultrasonic) - shared
59~40306+18~07249_20260925_231427.wav,DEV_001_20260925_231427.wav,0,59.40306,18.07249,Leppun,Leptophyes punctatissima,Speckled Bush-cricket,bush-cricket,0.99,,,25/09/2026,25/09/2026,23:14:27,ClassifEspSWE-0002026-05-29_1,JOHANKARLSSON,202609261751WAGLRNZJ,2026_25_sep_23,Citizen Science (ultrasonic) - shared
59~40306+18~07249_20260925_231437.wav,DEV_001_20260925_231437.wav,0,59.40306,18.07249,Leppun,Leptophyes punctatissima,Speckled Bush-cricket,bush-cricket,0.99,,,25/09/2026,25/09/2026,23:14:37,ClassifEspSWE-0002026-05-29_1,JOHANKARLSSON,202609261751WAGLRNZJ,2026_25_sep_23,Citizen Science (ultrasonic) - shared
59~40306+18~07249_20260925_231442.wav,DEV_001_20260925_231442.wav,0,59.40306,18.07249,Leppun,Leptophyes punctatissima,Speckled Bush-cricket,bush-cricket,0.99,,,25/09/2026,25/09/2026,23:14:42,ClassifEspSWE-0002026-05-29_1,JOHANKARLSSON,202609261751WAGLRNZJ,2026_25_sep_23,Citizen Science (ultrasonic) - shared
59~40306+18~07249_20260925_231450.wav,DEV_001_20260925_231450.wav,0,59.40306,18.07249,Leppun,Leptophyes punctatissima,Speckled Bush-cricket,bush-cricket,0.99,,,25/09/2026,25/09/2026,23:14:50,ClassifEspSWE-0002026-05-29_1,JOHANKARLSSON,202609261751WAGLRNZJ,2026_25_sep_23,Citizen Science (ultrasonic) - shared
59~40306+18~07249_20260925_231457.wav,DEV_001_20260925_231457.wav,0,59.40306,18.07249,Leppun,Leptophyes punctatissima,Speckled Bush-cricket,bush-cricket,0.99,,,25/09/2026,25/09/2026,23:14:57,ClassifEspSWE-0002026-05-29_1,JOHANKARLSSON,202609261751WAGLRNZJ,2026_25_sep_23,Citizen Science (ultrasonic) - shared
59~40306+18~07249_20260925_231503.wav,DEV_001_20260925_231503.wav,0,59.40306,18.07249,Leppun,Leptophyes punctatissima,Speckled Bush-cricket,bush-cricket,0.99,,,25/09/2026,25/09/2026,23:15:03,ClassifEspSWE-0002026-05-29_1,JOHANKARLSSON,202609261751WAGLRNZJ,2026_25_sep_23,Citizen Science (ultrasonic) - shared
59~40306+18~07249_20260925_231508.wav,DEV_001_20260925_231508.wav,0,59.40306,18.07249,Leppun,Leptophyes punctatissima,Speckled Bush-cricket,bush-cricket,0.99,,,25/09/2026,25/09/2026,23:15:08,ClassifEspSWE-0002026-05-29_1,JOHANKARLSSON,202609261751WAGLRNZJ,2026_25_sep_23,Citizen Science (ultrasonic) - shared
59~40306+18~07249_20260925_231515.wav,DEV_001_20260925_231515.wav,0,59.40306,18.07249,Leppun,Leptophyes punctatissima,Speckled Bush-cricket,bush-cricket,0.99,,,25/09/2026,25/09/2026,23:15:15,ClassifEspSWE-0002026-05-29_1,JOHANKARLSSON,202609261751WAGLRNZJ,2026_25_sep_23,Citizen Science (ultrasonic) - shared
59~40306+18~07249_20260925_231521.wav,DEV_001_20260925_231521.wav,0,59.40306,18.07249,Leppun,Leptophyes punctatissima,Speckled Bush-cricket,bush-cricket,0.99,,,25/09/2026,25/09/2026,23:15:21,ClassifEspSWE-0002026-05-29_1,JOHANKARLSSON,202609261751WAGLRNZJ,2026_25_sep_23,Citizen Science (ultrasonic) - shared
59~40306+18~07249_20260925_231526.wav,DEV_001_20260925_231526.wav,0,59.40306,18.07249,Leppun,Leptophyes punctatissima,Speckled Bush-cricket,bush-cricket,0.99,,,25/09/2026,25/09/2026,23:15:26,ClassifEspSWE-0002026-05-29_1,JOHANKARLSSON,202609261751WAGLRNZJ,2026_25_sep_23,Citizen Science (ultrasonic) - shared
59~40306+18~07249_20260925_231532.wav,DEV_001_20260925_231532.wav,0,59.40306,18.07249,Leppun,Leptophyes punctatissima,Speckled Bush-cricket,bush-cricket,0.99,,,25/09/2026,25/09/2026,23:15:32,ClassifEspSWE-0002026-05-29_1,JOHANKARLSSON,202609261751WAGLRNZJ,2026_25_sep_23,Citizen Science (ultrasonic) - shared
59~40306+18~07249_20260925_231538.wav,DEV_001_20260925_231538.wav,0,59.40306,18.07249,Leppun,Leptophyes punctatissima,Speckled Bush-cricket,bush-cricket,0.99,,,25/09/2026,25/09/2026,23:15:38,ClassifEspSWE-0002026-05-29_1,JOHANKARLSSON,202609261751WAGLRNZJ,2026_25_sep_23,Citizen Science (ultrasonic) - shared
59~40306+18~07249_20260925_231545.wav,DEV_001_20260925_231545.wav,0,59.40306,18.07249,Leppun,Leptophyes punctatissima,Speckled Bush-cricket,bush-cricket,0.99,,,25/09/2026,25/09/2026,23:15:45,ClassifEspSWE-0002026-05-29_1,JOHANKARLSSON,202609261751WAGLRNZJ,2026_25_sep_23,Citizen Science (ultrasonic) - shared
59~40306+18~07249_20260925_231553.wav,DEV_001_20260925_231553.wav,0,59.40306,18.07249,Leppun,Leptophyes punctatissima,Speckled Bush-cricket,bush-cricket,0.99,,,25/09/2026,25/09/2026,23:15:53,ClassifEspSWE-0002026-05-29_1,JOHANKARLSSON,202609261751WAGLRNZJ,2026_25_sep_23,Citizen Science (ultrasonic) - shared
59~40306+18~07249_20260925_231600.wav,DEV_001_20260925_231600.wav,0,59.40306,18.07249,Leppun,Leptophyes punctatissima,Speckled Bush-cricket,bush-cricket,0.99,,,25/09/2026,25/09/2026,23:16:00,ClassifEspSWE-0002026-05-29_1,JOHANKARLSSON,202609261751WAGLRNZJ,2026_25_sep_23,Citizen Science (ultrasonic) - shared
59~40306+18~07249_20260925_231607.wav,DEV_001_20260925_231607.wav,0,59.40306,18.07249,Leppun,Leptophyes punctatissima,Speckled Bush-cricket,bush-cricket,0.99,,,25/09/2026,25/09/2026,23:16:07,ClassifEspSWE-0002026-05-29_1,JOHANKARLSSON,202609261751WAGLRNZJ,2026_25_sep_23,Citizen Science (ultrasonic) - shared
59~40306+18~07249_20260925_231614.wav,DEV_001_20260925_231614.wav,0,59.40306,18.07249,Leppun,Leptophyes punctatissima,Speckled Bush-cricket,bush-cricket,0.99,,,25/09/2026,25/09/2026,23:16:14,ClassifEspSWE-0002026-05-29_1,JOHANKARLSSON,202609261751WAGLRNZJ,2026_25_sep_23,Citizen Science (ultrasonic) - shared
59~40306+18~07249_20260925_231621.wav,DEV_001_20260925_231621.wav,0,59.40306,18.07249,Leppun,Leptophyes punctatissima,Speckled Bush-cricket,bush-cricket,0.99,,,25/09/2026,25/09/2026,23:16:21,ClassifEspSWE-0002026-05-29_1,JOHANKARLSSON,202609261751WAGLRNZJ,2026_25_sep_23,Citizen Science (ultrasonic) - shared
59~40306+18~07249_20260925_231627.wav,DEV_001_20260925_231627.wav,0,59.40306,18.07249,Leppun,Leptophyes punctatissima,Speckled Bush-cricket,bush-cricket,0.99,,,25/09/2026,25/09/2026,23:16:27,ClassifEspSWE-0002026-05-29_1,JOHANKARLSSON,202609261751WAGLRNZJ,2026_25_sep_23,Citizen Science (ultrasonic) - shared
59~40306+18~07249_20260925_231632.wav,DEV_001_20260925_231632.wav,0,59.40306,18.07249,Leppun,Leptophyes punctatissima,Speckled Bush-cricket,bush-cricket,0.99,,,25/09/2026,25/09/2026,23:16:32,ClassifEspSWE-0002026-05-29_1,JOHANKARLSSON,202609261751WAGLRNZJ,2026_25_sep_23,Citizen Science (ultrasonic) - shared
59~40306+18~07249_20260925_231641.wav,DEV_001_20260925_231641.wav,0,59.40306,18.07249,Leppun,Leptophyes punctatissima,Speckled Bush-cricket,bush-cricket,0.99,,,25/09/2026,25/09/2026,23:16:41,ClassifEspSWE-0002026-05-29_1,JOHANKARLSSON,202609261751WAGLRNZJ,2026_25_sep_23,Citizen Science (ultrasonic) - shared
59~40306+18~07249_20260925_231649.wav,DEV_001_20260925_231649.wav,0,59.40306,18.07249,Leppun,Leptophyes punctatissima,Speckled Bush-cricket,bush-cricket,0.99,,,25/09/2026,25/09/2026,23:16:49,ClassifEspSWE-0002026-05-29_1,JOHANKARLSSON,202609261751WAGLRNZJ,2026_25_sep_23,Citizen Science (ultrasonic) - shared
59~40306+18~07249_20260925_231655.wav,DEV_001_20260925_231655.wav,0,59.40306,18.07249,Leppun,Leptophyes punctatissima,Speckled Bush-cricket,bush-cricket,0.99,,,25/09/2026,25/09/2026,23:16:55,ClassifEspSWE-0002026-05-29_1,JOHANKARLSSON,202609261751WAGLRNZJ,2026_25_sep_23,Citizen Science (ultrasonic) - shared
59~40306+18~07249_20260925_231702.wav,DEV_001_20260925_231702.wav,0,59.40306,18.07249,Leppun,Leptophyes punctatissima,Speckled Bush-cricket,bush-cricket,0.99,,,25/09/2026,25/09/2026,23:17:02,ClassifEspSWE-0002026-05-29_1,JOHANKARLSSON,202609261751WAGLRNZJ,2026_25_sep_23,Citizen Science (ultrasonic) - shared
59~40306+18~07249_20260925_231707.wav,DEV_001_20260925_231707.wav,0,59.40306,18.07249,Leppun,Leptophyes punctatissima,Speckled Bush-cricket,bush-cricket,0.99,,,25/09/2026,25/09/2026,23:17:07,ClassifEspSWE-0002026-05-29_1,JOHANKARLSSON,202609261751WAGLRNZJ,2026_25_sep_23,Citizen Science (ultrasonic) - shared
59~40306+18~07249_20260925_231713.wav,DEV_001_20260925_231713.wav,0,59.40306,18.07249,Leppun,Leptophyes punctatissima,Speckled Bush-cricket,bush-cricket,0.99,,,25/09/2026,25/09/2026,23:17:13,ClassifEspSWE-0002026-05-29_1,JOHANKARLSSON,202609261751WAGLRNZJ,2026_25_sep_23,Citizen Science (ultrasonic) - shared
59~40306+18~07249_20260925_231718.wav,DEV_001_20260925_231718.wav,0,59.40306,18.07249,Leppun,Leptophyes punctatissima,Speckled Bush-cricket,bush-cricket,0.99,,,25/09/2026,25/09/2026,23:17:18,ClassifEspSWE-0002026-05-29_1,JOHANKARLSSON,202609261751WAGLRNZJ,2026_25_sep_23,Citizen Science (ultrasonic) - shared
59~40306+18~07249_20260925_231725.wav,DEV_001_20260925_231725.wav,0,59.40306,18.07249,Leppun,Leptophyes punctatissima,Speckled Bush-cricket,bush-cricket,0.99,,,25/09/2026,25/09/2026,23:17:25,ClassifEspSWE-0002026-05-29_1,JOHANKARLSSON,202609261751WAGLRNZJ,2026_25_sep_23,Citizen Science (ultrasonic) - shared
59~40306+18~07249_20260925_231732.wav,DEV_001_20260925_231732.wav,0,59.40306,18.07249,Leppun,Leptophyes punctatissima,Speckled Bush-cricket,bush-cricket,0.99,,,25/09/2026,25/09/2026,23:17:32,ClassifEspSWE-0002026-05-29_1,JOHANKARLSSON,202609261751WAGLRNZJ,2026_25_sep_23,Citizen Science (ultrasonic) - shared
59~40306+18~07249_20260925_231740.wav,DEV_001_20260925_231740.wav,0,59.40306,18.07249,Leppun,Leptophyes punctatissima,Speckled Bush-cricket,bush-cricket,0.99,,,25/09/2026,25/09/2026,23:17:40,ClassifEspSWE-0002026-05-29_1,JOHANKARLSSON,202609261751WAGLRNZJ,2026_25_sep_23,Citizen Science (ultrasonic) - shared
59~40306+18~07249_20260925_231747.wav,DEV_001_20260925_231747.wav,0,59.40306,18.07249,Leppun,Leptophyes punctatissima,Speckled Bush-cricket,bush-cricket,0.99,,,25/09/2026,25/09/2026,23:17:47,ClassifEspSWE-0002026-05-29_1,JOHANKARLSSON,202609261751WAGLRNZJ,2026_25_sep_23,Citizen Science (ultrasonic) - shared
59~40306+18~07249_20260925_231754.wav,DEV_001_20260925_231754.wav,0,59.40306,18.07249,Leppun,Leptophyes punctatissima,Speckled Bush-cricket,bush-cricket,0.99,,,25/09/2026,25/09/2026,23:17:54,ClassifEspSWE-0002026-05-29_1,JOHANKARLSSON,202609261751WAGLRNZJ,2026_25_sep_23,Citizen Science (ultrasonic) - shared
59~40306+18~07249_20260925_231801.wav,DEV_001_20260925_231801.wav,0,59.40306,18.07249,Leppun,Leptophyes punctatissima,Speckled Bush-cricket,bush-cricket,0.99,,,25/09/2026,25/09/2026,23:18:01,ClassifEspSWE-0002026-05-29_1,JOHANKARLSSON,202609261751WAGLRNZJ,2026_25_sep_23,Citizen Science (ultrasonic) - shared
59~40306+18~07249_20260925_231807.wav,DEV_001_20260925_231807.wav,0,59.40306,18.07249,Leppun,Leptophyes punctatissima,Speckled Bush-cricket,bush-cricket,0.99,,,25/09/2026,25/09/2026,23:18:07,ClassifEspSWE-0002026-05-29_1,JOHANKARLSSON,202609261751WAGLRNZJ,2026_25_sep_23,Citizen Science (ultrasonic) - shared
59~40306+18~07249_20260925_231814.wav,DEV_001_20260925_231814.wav,0,59.40306,18.07249,Leppun,Leptophyes punctatissima,Speckled Bush-cricket,bush-cricket,0.99,,,25/09/2026,25/09/2026,23:18:14,ClassifEspSWE-0002026-05-29_1,JOHANKARLSSON,202609261751WAGLRNZJ,2026_25_sep_23,Citizen Science (ultrasonic) - shared
59~40306+18~07249_20260925_231820.wav,DEV_001_20260925_231820.wav,0,59.40306,18.07249,Leppun,Leptophyes punctatissima,Speckled Bush-cricket,bush-cricket,0.99,,,25/09/2026,25/09/2026,23:18:20,ClassifEspSWE-0002026-05-29_1,JOHANKARLSSON,202609261751WAGLRNZJ,2026_25_sep_23,Citizen Science (ultrasonic) - shared
59~40306+18~07249_20260925_231826.wav,DEV_001_20260925_231826.wav,0,59.40306,18.07249,Leppun,Leptophyes punctatissima,Speckled Bush-cricket,bush-cricket,0.99,,,25/09/2026,25/09/2026,23:18:26,ClassifEspSWE-0002026-05-29_1,JOHANKARLSSON,202609261751WAGLRNZJ,2026_25_sep_23,Citizen Science (ultrasonic) - shared
59~40306+18~07249_20260925_231833.wav,DEV_001_20260925_231833.wav,0,59.40306,18.07249,Leppun,Leptophyes punctatissima,Speckled Bush-cricket,bush-cricket,0.99,,,25/09/2026,25/09/2026,23:18:33,ClassifEspSWE-0002026-05-29_1,JOHANKARLSSON,202609261751WAGLRNZJ,2026_25_sep_23,Citizen Science (ultrasonic) - shared
59~40306+18~07249_20260925_231840.wav,DEV_001_20260925_231840.wav,0,59.40306,18.07249,Leppun,Leptophyes punctatissima,Speckled Bush-cricket,bush-cricket,0.99,,,25/09/2026,25/09/2026,23:18:40,ClassifEspSWE-0002026-05-29_1,JOHANKARLSSON,202609261751WAGLRNZJ,2026_25_sep_23,Citizen Science (ultrasonic) - shared
59~40306+18~07249_20260925_231845.wav,DEV_001_20260925_231845.wav,0,59.40306,18.07249,Leppun,Leptophyes punctatissima,Speckled Bush-cricket,bush-cricket,0.99,,,25/09/2026,25/09/2026,23:18:45,ClassifEspSWE-0002026-05-29_1,JOHANKARLSSON,202609261751WAGLRNZJ,2026_25_sep_23,Citizen Science (ultrasonic) - shared
59~40306+18~07249_20260925_231851.wav,DEV_001_20260925_231851.wav,0,59.40306,18.07249,Leppun,Leptophyes punctatissima,Speckled Bush-cricket,bush-cricket,0.99,,,25/09/2026,25/09/2026,23:18:51,ClassifEspSWE-0002026-05-29_1,JOHANKARLSSON,202609261751WAGLRNZJ,2026_25_sep_23,Citizen Science (ultrasonic) - shared
59~40306+18~07249_20260925_231857.wav,DEV_001_20260925_231857.wav,0,59.40306,18.07249,Leppun,Leptophyes punctatissima,Speckled Bush-cricket,bush-cricket,0.99,,,25/09/2026,25/09/2026,23:18:57,ClassifEspSWE-0002026-05-29_1,JOHANKARLSSON,202609261751WAGLRNZJ,2026_25_sep_23,Citizen Science (ultrasonic) - shared
59~40306+18~07249_20260925_231903.wav,DEV_001_20260925_231903.wav,0,59.40306,18.07249,Leppun,Leptophyes punctatissima,Speckled Bush-cricket,bush-cricket,0.99,,,25/09/2026,25/09/2026,23:19:03,ClassifEspSWE-0002026-05-29_1,JOHANKARLSSON,202609261751WAGLRNZJ,2026_25_sep_23,Citizen Science (ultrasonic) - shared
59~40306+18~07249_20260925_231910.wav,DEV_001_20260925_231910.wav,0,59.40306,18.07249,Leppun,Leptophyes punctatissima,Speckled Bush-cricket,bush-cricket,0.99,,,25/09/2026,25/09/2026,23:19:10,ClassifEspSWE-0002026-05-29_1,JOHANKARLSSON,202609261751WAGLRNZJ,2026_25_sep_23,Citizen Science (ultrasonic) - shared
59~40306+18~07249_20260925_231916.wav,DEV_001_20260925_231916.wav,0,59.40306,18.07249,Leppun,Leptophyes punctatissima,Speckled Bush-cricket,bush-cricket,0.99,,,25/09/2026,25/09/2026,23:19:16,ClassifEspSWE-0002026-05-29_1,JOHANKARLSSON,202609261751WAGLRNZJ,2026_25_sep_23,Citizen Science (ultrasonic) - shared
59~40306+18~07249_20260925_231923.wav,DEV_001_20260925_231923.wav,0,59.40306,18.07249,Leppun,Leptophyes punctatissima,Speckled Bush-cricket,bush-cricket,0.99,,,25/09/2026,25/09/2026,23:19:23,ClassifEspSWE-0002026-05-29_1,JOHANKARLSSON,202609261751WAGLRNZJ,2026_25_sep_23,Citizen Science (ultrasonic) - shared
59~40306+18~07249_20260925_231929.wav,DEV_001_20260925_231929.wav,0,59.40306,18.07249,Leppun,Leptophyes punctatissima,Speckled Bush-cricket,bush-cricket,0.99,,,25/09/2026,25/09/2026,23:19:29,ClassifEspSWE-0002026-05-29_1,JOHANKARLSSON,202609261751WAGLRNZJ,2026_25_sep_23,Citizen Science (ultrasonic) - shared
59~40306+18~07249_20260925_231936.wav,DEV_001_20260925_231936.wav,0,59.40306,18.07249,Leppun,Leptophyes punctatissima,Speckled Bush-cricket,bush-cricket,0.99,,,25/09/2026,25/09/2026,23:19:36,ClassifEspSWE-0002026-05-29_1,JOHANKARLSSON,202609261751WAGLRNZJ,2026_25_sep_23,Citizen Science (ultrasonic) - shared
59~40306+18~07249_20260925_231942.wav,DEV_001_20260925_231942.wav,0,59.40306,18.07249,Leppun,Leptophyes punctatissima,Speckled Bush-cricket,bush-cricket,0.99,,,25/09/2026,25/09/2026,23:19:42,ClassifEspSWE-0002026-05-29_1,JOHANKARLSSON,202609261751WAGLRNZJ,2026_25_sep_23,Citizen Science (ultrasonic) - shared
59~40306+18~07249_20260925_231947.wav,DEV_001_20260925_231947.wav,0,59.40306,18.07249,Leppun,Leptophyes punctatissima,Speckled Bush-cricket,bush-cricket,0.99,,,25/09/2026,25/09/2026,23:19:47,ClassifEspSWE-0002026-05-29_1,JOHANKARLSSON,202609261751WAGLRNZJ,2026_25_sep_23,Citizen Science (ultrasonic) - shared
59~40306+18~07249_20260925_231955.wav,DEV_001_20260925_231955.wav,0,59.40306,18.07249,Leppun,Leptophyes punctatissima,Speckled Bush-cricket,bush-cricket,0.99,,,25/09/2026,25/09/2026,23:19:55,ClassifEspSWE-0002026-05-29_1,JOHANKARLSSON,202609261751WAGLRNZJ,2026_25_sep_23,Citizen Science (ultrasonic) - shared
59~40306+18~07249_20260925_232000.wav,DEV_001_20260925_232000.wav,0,59.40306,18.07249,Leppun,Leptophyes punctatissima,Speckled Bush-cricket,bush-cricket,0.99,,,25/09/2026,25/09/2026,23:20:00,ClassifEspSWE-0002026-05-29_1,JOHANKARLSSON,202609261751WAGLRNZJ,2026_25_sep_23,Citizen Science (ultrasonic) - shared
59~40306+18~07249_20260925_232006.wav,DEV_001_20260925_232006.wav,0,59.40306,18.07249,Leppun,Leptophyes punctatissima,Speckled Bush-cricket,bush-cricket,0.99,,,25/09/2026,25/09/2026,23:20:06,ClassifEspSWE-0002026-05-29_1,JOHANKARLSSON,202609261751WAGLRNZJ,2026_25_sep_23,Citizen Science (ultrasonic) - shared
59~40306+18~07249_20260925_232012.wav,DEV_001_20260925_232012.wav,0,59.40306,18.07249,Leppun,Leptophyes punctatissima,Speckled Bush-cricket,bush-cricket,0.99,,,25/09/2026,25/09/2026,23:20:12,ClassifEspSWE-0002026-05-29_1,JOHANKARLSSON,202609261751WAGLRNZJ,2026_25_sep_23,Citizen Science (ultrasonic) - shared
59~40306+18~07249_20260925_232019.wav,DEV_001_20260925_232019.wav,0,59.40306,18.07249,Leppun,Leptophyes punctatissima,Speckled Bush-cricket,bush-cricket,0.99,,,25/09/2026,25/09/2026,23:20:19,ClassifEspSWE-0002026-05-29_1,JOHANKARLSSON,202609261751WAGLRNZJ,2026_25_sep_23,Citizen Science (ultrasonic) - shared
59~40306+18~07249_20260925_232024.wav,DEV_001_20260925_232024.wav,0,59.40306,18.07249,Leppun,Leptophyes punctatissima,Speckled Bush-cricket,bush-cricket,0.99,,,25/09/2026,25/09/2026,23:20:24,ClassifEspSWE-0002026-05-29_1,JOHANKARLSSON,202609261751WAGLRNZJ,2026_25_sep_23,Citizen Science (ultrasonic) - shared
59~40306+18~07249_20260925_232030.wav,DEV_001_20260925_232030.wav,0,59.40306,18.07249,Leppun,Leptophyes punctatissima,Speckled Bush-cricket,bush-cricket,0.99,,,25/09/2026,25/09/2026,23:20:30,ClassifEspSWE-0002026-05-29_1,JOHANKARLSSON,202609261751WAGLRNZJ,2026_25_sep_23,Citizen Science (ultrasonic) - shared
59~40306+18~07249_20260925_232037.wav,DEV_001_20260925_232037.wav,0,59.40306,18.07249,Leppun,Leptophyes punctatissima,Speckled Bush-cricket,bush-cricket,0.99,,,25/09/2026,25/09/2026,23:20:37,ClassifEspSWE-0002026-05-29_1,JOHANKARLSSON,202609261751WAGLRNZJ,2026_25_sep_23,Citizen Science (ultrasonic) - shared
59~40306+18~07249_20260925_232045.wav,DEV_001_20260925_232045.wav,0,59.40306,18.07249,Leppun,Leptophyes punctatissima,Speckled Bush-cricket,bush-cricket,0.99,,,25/09/2026,25/09/2026,23:20:45,ClassifEspSWE-0002026-05-29_1,JOHANKARLSSON,202609261751WAGLRNZJ,2026_25_sep_23,Citizen Science (ultrasonic) - shared
59~40306+18~07249_20260925_232052.wav,DEV_001_20260925_232052.wav,0,59.40306,18.07249,Leppun,Leptophyes punctatissima,Speckled Bush-cricket,bush-cricket,0.99,,,25/09/2026,25/09/2026,23:20:52,ClassifEspSWE-0002026-05-29_1,JOHANKARLSSON,202609261751WAGLRNZJ,2026_25_sep_23,Citizen Science (ultrasonic) - shared
59~40306+18~07249_20260925_232057.wav,DEV_001_20260925_232057.wav,0,59.40306,18.07249,Leppun,Leptophyes punctatissima,Speckled Bush-cricket,bush-cricket,0.99,,,25/09/2026,25/09/2026,23:20:57,ClassifEspSWE-0002026-05-29_1,JOHANKARLSSON,202609261751WAGLRNZJ,2026_25_sep_23,Citizen Science (ultrasonic) - shared
59~40306+18~07249_20260925_232104.wav,DEV_001_20260925_232104.wav,0,59.40306,18.07249,Leppun,Leptophyes punctatissima,Speckled Bush-cricket,bush-cricket,0.99,,,25/09/2026,25/09/2026,23:21:04,ClassifEspSWE-0002026-05-29_1,JOHANKARLSSON,202609261751WAGLRNZJ,2026_25_sep_23,Citizen Science (ultrasonic) - shared
59~40306+18~07249_20260925_232111.wav,DEV_001_20260925_232111.wav,0,59.40306,18.07249,Leppun,Leptophyes punctatissima,Speckled Bush-cricket,bush-cricket,0.99,,,25/09/2026,25/09/2026,23:21:11,ClassifEspSWE-0002026-05-29_1,JOHANKARLSSON,202609261751WAGLRNZJ,2026_25_sep_23,Citizen Science (ultrasonic) - shared
59~40306+18~07249_20260925_232118.wav,DEV_001_20260925_232118.wav,0,59.40306,18.07249,Leppun,Leptophyes punctatissima,Speckled Bush-cricket,bush-cricket,0.99,,,25/09/2026,25/09/2026,23:21:18,ClassifEspSWE-0002026-05-29_1,JOHANKARLSSON,202609261751WAGLRNZJ,2026_25_sep_23,Citizen Science (ultrasonic) - shared
59~40306+18~07249_20260925_232124.wav,DEV_001_20260925_232124.wav,0,59.40306,18.07249,Leppun,Leptophyes punctatissima,Speckled Bush-cricket,bush-cricket,0.99,,,25/09/2026,25/09/2026,23:21:24,ClassifEspSWE-0002026-05-29_1,JOHANKARLSSON,202609261751WAGLRNZJ,2026_25_sep_23,Citizen Science (ultrasonic) - shared
59~40306+18~07249_20260925_232132.wav,DEV_001_20260925_232132.wav,0,59.40306,18.07249,Leppun,Leptophyes punctatissima,Speckled Bush-cricket,bush-cricket,0.99,,,25/09/2026,25/09/2026,23:21:32,ClassifEspSWE-0002026-05-29_1,JOHANKARLSSON,202609261751WAGLRNZJ,2026_25_sep_23,Citizen Science (ultrasonic) - shared
59~40306+18~07249_20260925_232137.wav,DEV_001_20260925_232137.wav,0,59.40306,18.07249,Leppun,Leptophyes punctatissima,Speckled Bush-cricket,bush-cricket,0.99,,,25/09/2026,25/09/2026,23:21:37,ClassifEspSWE-0002026-05-29_1,JOHANKARLSSON,202609261751WAGLRNZJ,2026_25_sep_23,Citizen Science (ultrasonic) - shared
59~40306+18~07249_20260925_232144.wav,DEV_001_20260925_232144.wav,0,59.40306,18.07249,Leppun,Leptophyes punctatissima,Speckled Bush-cricket,bush-cricket,0.99,,,25/09/2026,25/09/2026,23:21:44,ClassifEspSWE-0002026-05-29_1,JOHANKARLSSON,202609261751WAGLRNZJ,2026_25_sep_23,Citizen Science (ultrasonic) - shared
59~40306+18~07249_20260925_232152.wav,DEV_001_20260925_232152.wav,0,59.40306,18.07249,Leppun,Leptophyes punctatissima,Speckled Bush-cricket,bush-cricket,0.99,,,25/09/2026,25/09/2026,23:21:52,ClassifEspSWE-0002026-05-29_1,JOHANKARLSSON,202609261751WAGLRNZJ,2026_25_sep_23,Citizen Science (ultrasonic) - shared
59~40306+18~07249_20260925_232200.wav,DEV_001_20260925_232200.wav,0,59.40306,18.07249,Leppun,Leptophyes punctatissima,Speckled Bush-cricket,bush-cricket,0.99,,,25/09/2026,25/09/2026,23:22:00,ClassifEspSWE-0002026-05-29_1,JOHANKARLSSON,202609261751WAGLRNZJ,2026_25_sep_23,Citizen Science (ultrasonic) - shared
59~40306+18~07249_20260925_232206.wav,DEV_001_20260925_232206.wav,0,59.40306,18.07249,Leppun,Leptophyes punctatissima,Speckled Bush-cricket,bush-cricket,0.99,,,25/09/2026,25/09/2026,23:22:06,ClassifEspSWE-0002026-05-29_1,JOHANKARLSSON,202609261751WAGLRNZJ,2026_25_sep_23,Citizen Science (ultrasonic) - shared
59~40306+18~07249_20260925_232213.wav,DEV_001_20260925_232213.wav,0,59.40306,18.07249,Leppun,Leptophyes punctatissima,Speckled Bush-cricket,bush-cricket,0.99,,,25/09/2026,25/09/2026,23:22:13,ClassifEspSWE-0002026-05-29_1,JOHANKARLSSON,202609261751WAGLRNZJ,2026_25_sep_23,Citizen Science (ultrasonic) - shared
59~40306+18~07249_20260925_232219.wav,DEV_001_20260925_232219.wav,0,59.40306,18.07249,Leppun,Leptophyes punctatissima,Speckled Bush-cricket,bush-cricket,0.99,,,25/09/2026,25/09/2026,23:22:19,ClassifEspSWE-0002026-05-29_1,JOHANKARLSSON,202609261751WAGLRNZJ,2026_25_sep_23,Citizen Science (ultrasonic) - shared
59~40306+18~07249_20260925_232225.wav,DEV_001_20260925_232225.wav,0,59.40306,18.07249,Leppun,Leptophyes punctatissima,Speckled Bush-cricket,bush-cricket,0.99,,,25/09/2026,25/09/2026,23:22:25,ClassifEspSWE-0002026-05-29_1,JOHANKARLSSON,202609261751WAGLRNZJ,2026_25_sep_23,Citizen Science (ultrasonic) - shared
59~40306+18~07249_20260925_232232.wav,DEV_001_20260925_232232.wav,0,59.40306,18.07249,Leppun,Leptophyes punctatissima,Speckled Bush-cricket,bush-cricket,0.99,,,25/09/2026,25/09/2026,23:22:32,ClassifEspSWE-0002026-05-29_1,JOHANKARLSSON,202609261751WAGLRNZJ,2026_25_sep_23,Citizen Science (ultrasonic) - shared
59~40306+18~07249_20260925_232238.wav,DEV_001_20260925_232238.wav,0,59.40306,18.07249,Leppun,Leptophyes punctatissima,Speckled Bush-cricket,bush-cricket,0.99,,,25/09/2026,25/09/2026,23:22:38,ClassifEspSWE-0002026-05-29_1,JOHANKARLSSON,202609261751WAGLRNZJ,2026_25_sep_23,Citizen Science (ultrasonic) - shared
59~40306+18~07249_20260925_232244.wav,DEV_001_20260925_232244.wav,0,59.40306,18.07249,Leppun,Leptophyes punctatissima,Speckled Bush-cricket,bush-cricket,0.99,,,25/09/2026,25/09/2026,23:22:44,ClassifEspSWE-0002026-05-29_1,JOHANKARLSSON,202609261751WAGLRNZJ,2026_25_sep_23,Citizen Science (ultrasonic) - shared
59~40306+18~07249_20260925_232250.wav,DEV_001_20260925_232250.wav,0,59.40306,18.07249,Leppun,Leptophyes punctatissima,Speckled Bush-cricket,bush-cricket,0.99,,,25/09/2026,25/09/2026,23:22:50,ClassifEspSWE-0002026-05-29_1,JOHANKARLSSON,202609261751WAGLRNZJ,2026_25_sep_23,Citizen Science (ultrasonic) - shared
59~40306+18~07249_20260925_232256.wav,DEV_001_20260925_232256.wav,0,59.40306,18.07249,Leppun,Leptophyes punctatissima,Speckled Bush-cricket,bush-cricket,0.99,,,25/09/2026,25/09/2026,23:22:56,ClassifEspSWE-0002026-05-29_1,JOHANKARLSSON,202609261751WAGLRNZJ,2026_25_sep_23,Citizen Science (ultrasonic) - shared
59~40306+18~07249_20260925_232302.wav,DEV_001_20260925_232302.wav,0,59.40306,18.07249,Leppun,Leptophyes punctatissima,Speckled Bush-cricket,bush-cricket,0.99,,,25/09/2026,25/09/2026,23:23:02,ClassifEspSWE-0002026-05-29_1,JOHANKARLSSON,202609261751WAGLRNZJ,2026_25_sep_23,Citizen Science (ultrasonic) - shared
59~40306+18~07249_20260925_232307.wav,DEV_001_20260925_232307.wav,0,59.40306,18.07249,Leppun,Leptophyes punctatissima,Speckled Bush-cricket,bush-cricket,0.99,,,25/09/2026,25/09/2026,23:23:07,ClassifEspSWE-0002026-05-29_1,JOHANKARLSSON,202609261751WAGLRNZJ,2026_25_sep_23,Citizen Science (ultrasonic) - shared
59~40306+18~07249_20260925_232313.wav,DEV_001_20260925_232313.wav,0,59.40306,18.07249,Leppun,Leptophyes punctatissima,Speckled Bush-cricket,bush-cricket,0.99,,,25/09/2026,25/09/2026,23:23:13,ClassifEspSWE-0002026-05-29_1,JOHANKARLSSON,202609261751WAGLRNZJ,2026_25_sep_23,Citizen Science (ultrasonic) - shared
59~40306+18~07249_20260925_232319.wav,DEV_001_20260925_232319.wav,0,59.40306,18.07249,Leppun,Leptophyes punctatissima,Speckled Bush-cricket,bush-cricket,0.99,,,25/09/2026,25/09/2026,23:23:19,ClassifEspSWE-0002026-05-29_1,JOHANKARLSSON,202609261751WAGLRNZJ,2026_25_sep_23,Citizen Science (ultrasonic) - shared
59~40306+18~07249_20260925_232325.wav,DEV_001_20260925_232325.wav,0,59.40306,18.07249,Leppun,Leptophyes punctatissima,Speckled Bush-cricket,bush-cricket,0.99,,,25/09/2026,25/09/2026,23:23:25,ClassifEspSWE-0002026-05-29_1,JOHANKARLSSON,202609261751WAGLRNZJ,2026_25_sep_23,Citizen Science (ultrasonic) - shared
59~40306+18~07249_20260925_232331.wav,DEV_001_20260925_232331.wav,0,59.40306,18.07249,Leppun,Leptophyes punctatissima,Speckled Bush-cricket,bush-cricket,0.99,,,25/09/2026,25/09/2026,23:23:31,ClassifEspSWE-0002026-05-29_1,JOHANKARLSSON,202609261751WAGLRNZJ,2026_25_sep_23,Citizen Science (ultrasonic) - shared
59~40306+18~07249_20260925_232336.wav,DEV_001_20260925_232336.wav,0,59.40306,18.07249,Leppun,Leptophyes punctatissima,Speckled Bush-cricket,bush-cricket,0.99,,,25/09/2026,25/09/2026,23:23:36,ClassifEspSWE-0002026-05-29_1,JOHANKARLSSON,202609261751WAGLRNZJ,2026_25_sep_23,Citizen Science (ultrasonic) - shared
59~40306+18~07249_20260925_232342.wav,DEV_001_20260925_232342.wav,0,59.40306,18.07249,Leppun,Leptophyes punctatissima,Speckled Bush-cricket,bush-cricket,0.99,,,25/09/2026,25/09/2026,23:23:42,ClassifEspSWE-0002026-05-29_1,JOHANKARLSSON,202609261751WAGLRNZJ,2026_25_sep_23,Citizen Science (ultrasonic) - shared
59~40306+18~07249_20260925_232348.wav,DEV_001_20260925_232348.wav,0,59.40306,18.07249,Leppun,Leptophyes punctatissima,Speckled Bush-cricket,bush-cricket,0.99,,,25/09/2026,25/09/2026,23:23:48,ClassifEspSWE-0002026-05-29_1,JOHANKARLSSON,202609261751WAGLRNZJ,2026_25_sep_23,Citizen Science (ultrasonic) - shared
59~40306+18~07249_20260925_232353.wav,DEV_001_20260925_232353.wav,0,59.40306,18.07249,Leppun,Leptophyes punctatissima,Speckled Bush-cricket,bush-cricket,0.99,,,25/09/2026,25/09/2026,23:23:53,ClassifEspSWE-0002026-05-29_1,JOHANKARLSSON,202609261751WAGLRNZJ,2026_25_sep_23,Citizen Science (ultrasonic) - shared
59~40306+18~07249_20260925_232400.wav,DEV_001_20260925_232400.wav,0,59.40306,18.07249,Leppun,Leptophyes punctatissima,Speckled Bush-cricket,bush-cricket,0.99,,,25/09/2026,25/09/2026,23:24:00,ClassifEspSWE-0002026-05-29_1,JOHANKARLSSON,202609261751WAGLRNZJ,2026_25_sep_23,Citizen Science (ultrasonic) - shared
59~40306+18~07249_20260925_232406.wav,DEV_001_20260925_232406.wav,0,59.40306,18.07249,Leppun,Leptophyes punctatissima,Speckled Bush-cricket,bush-cricket,0.99,,,25/09/2026,25/09/2026,23:24:06,ClassifEspSWE-0002026-05-29_1,JOHANKARLSSON,202609261751WAGLRNZJ,2026_25_sep_23,Citizen Science (ultrasonic) - shared
59~40306+18~07249_20260925_232411.wav,DEV_001_20260925_232411.wav,0,59.40306,18.07249,Leppun,Leptophyes punctatissima,Speckled Bush-cricket,bush-cricket,0.99,,,25/09/2026,25/09/2026,23:24:11,ClassifEspSWE-0002026-05-29_1,JOHANKARLSSON,202609261751WAGLRNZJ,2026_25_sep_23,Citizen Science (ultrasonic) - shared
59~40306+18~07249_20260925_232419.wav,DEV_001_20260925_232419.wav,0,59.40306,18.07249,Leppun,Leptophyes punctatissima,Speckled Bush-cricket,bush-cricket,0.99,,,25/09/2026,25/09/2026,23:24:19,ClassifEspSWE-0002026-05-29_1,JOHANKARLSSON,202609261751WAGLRNZJ,2026_25_sep_23,Citizen Science (ultrasonic) - shared
59~40306+18~07249_20260925_232425.wav,DEV_001_20260925_232425.wav,0,59.40306,18.07249,Leppun,Leptophyes punctatissima,Speckled Bush-cricket,bush-cricket,0.99,,,25/09/2026,25/09/2026,23:24:25,ClassifEspSWE-0002026-05-29_1,JOHANKARLSSON,202609261751WAGLRNZJ,2026_25_sep_23,Citizen Science (ultrasonic) - shared
59~40306+18~07249_20260925_232431.wav,DEV_001_20260925_232431.wav,0,59.40306,18.07249,Leppun,Leptophyes punctatissima,Speckled Bush-cricket,bush-cricket,0.99,,,25/09/2026,25/09/2026,23:24:31,ClassifEspSWE-0002026-05-29_1,JOHANKARLSSON,202609261751WAGLRNZJ,2026_25_sep_23,Citizen Science (ultrasonic) - shared
59~40306+18~07249_20260925_232438.wav,DEV_001_20260925_232438.wav,0,59.40306,18.07249,Leppun,Leptophyes punctatissima,Speckled Bush-cricket,bush-cricket,0.99,,,25/09/2026,25/09/2026,23:24:38,ClassifEspSWE-0002026-05-29_1,JOHANKARLSSON,202609261751WAGLRNZJ,2026_25_sep_23,Citizen Science (ultrasonic) - shared
59~40306+18~07249_20260925_232443.wav,DEV_001_20260925_232443.wav,0,59.40306,18.07249,Leppun,Leptophyes punctatissima,Speckled Bush-cricket,bush-cricket,0.99,,,25/09/2026,25/09/2026,23:24:43,ClassifEspSWE-0002026-05-29_1,JOHANKARLSSON,202609261751WAGLRNZJ,2026_25_sep_23,Citizen Science (ultrasonic) - shared
59~40306+18~07249_20260925_232449.wav,DEV_001_20260925_232449.wav,0,59.40306,18.07249,Leppun,Leptophyes punctatissima,Speckled Bush-cricket,bush-cricket,0.99,,,25/09/2026,25/09/2026,23:24:49,ClassifEspSWE-0002026-05-29_1,JOHANKARLSSON,202609261751WAGLRNZJ,2026_25_sep_23,Citizen Science (ultrasonic) - shared
59~40306+18~07249_20260925_232454.wav,DEV_001_20260925_232454.wav,0,59.40306,18.07249,Leppun,Leptophyes punctatissima,Speckled Bush-cricket,bush-cricket,0.99,,,25/09/2026,25/09/2026,23:24:54,ClassifEspSWE-0002026-05-29_1,JOHANKARLSSON,202609261751WAGLRNZJ,2026_25_sep_23,Citizen Science (ultrasonic) - shared
59~40306+18~07249_20260925_232500.wav,DEV_001_20260925_232500.wav,0,59.40306,18.07249,Leppun,Leptophyes punctatissima,Speckled Bush-cricket,bush-cricket,0.99,,,25/09/2026,25/09/2026,23:25:00,ClassifEspSWE-0002026-05-29_1,JOHANKARLSSON,202609261751WAGLRNZJ,2026_25_sep_23,Citizen Science (ultrasonic) - shared
59~40306+18~07249_20260925_232506.wav,DEV_001_20260925_232506.wav,0,59.40306,18.07249,Leppun,Leptophyes punctatissima,Speckled Bush-cricket,bush-cricket,0.99,,,25/09/2026,25/09/2026,23:25:06,ClassifEspSWE-0002026-05-29_1,JOHANKARLSSON,202609261751WAGLRNZJ,2026_25_sep_23,Citizen Science (ultrasonic) - shared
59~40306+18~07249_20260925_232512.wav,DEV_001_20260925_232512.wav,0,59.40306,18.07249,Leppun,Leptophyes punctatissima,Speckled Bush-cricket,bush-cricket,0.99,,,25/09/2026,25/09/2026,23:25:12,ClassifEspSWE-0002026-05-29_1,JOHANKARLSSON,202609261751WAGLRNZJ,2026_25_sep_23,Citizen Science (ultrasonic) - shared
59~40306+18~07249_20260925_232519.wav,DEV_001_20260925_232519.wav,0,59.40306,18.07249,Leppun,Leptophyes punctatissima,Speckled Bush-cricket,bush-cricket,0.99,,,25/09/2026,25/09/2026,23:25:19,ClassifEspSWE-0002026-05-29_1,JOHANKARLSSON,202609261751WAGLRNZJ,2026_25_sep_23,Citizen Science (ultrasonic) - shared
59~40306+18~07249_20260925_232525.wav,DEV_001_20260925_232525.wav,0,59.40306,18.07249,Leppun,Leptophyes punctatissima,Speckled Bush-cricket,bush-cricket,0.99,,,25/09/2026,25/09/2026,23:25:25,ClassifEspSWE-0002026-05-29_1,JOHANKARLSSON,202609261751WAGLRNZJ,2026_25_sep_23,Citizen Science (ultrasonic) - shared
59~40306+18~07249_20260925_232532.wav,DEV_001_20260925_232532.wav,0,59.40306,18.07249,Leppun,Leptophyes punctatissima,Speckled Bush-cricket,bush-cricket,0.99,,,25/09/2026,25/09/2026,23:25:32,ClassifEspSWE-0002026-05-29_1,JOHANKARLSSON,202609261751WAGLRNZJ,2026_25_sep_23,Citizen Science (ultrasonic) - shared
59~40306+18~07249_20260925_232538.wav,DEV_001_20260925_232538.wav,0,59.40306,18.07249,Leppun,Leptophyes punctatissima,Speckled Bush-cricket,bush-cricket,0.99,,,25/09/2026,25/09/2026,23:25:38,ClassifEspSWE-0002026-05-29_1,JOHANKARLSSON,202609261751WAGLRNZJ,2026_25_sep_23,Citizen Science (ultrasonic) - shared
59~40306+18~07249_20260925_232544.wav,DEV_001_20260925_232544.wav,0,59.40306,18.07249,Leppun,Leptophyes punctatissima,Speckled Bush-cricket,bush-cricket,0.99,,,25/09/2026,25/09/2026,23:25:44,ClassifEspSWE-0002026-05-29_1,JOHANKARLSSON,202609261751WAGLRNZJ,2026_25_sep_23,Citizen Science (ultrasonic) - shared
59~40306+18~07249_20260925_232550.wav,DEV_001_20260925_232550.wav,0,59.40306,18.07249,Leppun,Leptophyes punctatissima,Speckled Bush-cricket,bush-cricket,0.99,,,25/09/2026,25/09/2026,23:25:50,ClassifEspSWE-0002026-05-29_1,JOHANKARLSSON,202609261751WAGLRNZJ,2026_25_sep_23,Citizen Science (ultrasonic) - shared
59~40306+18~07249_20260925_232555.wav,DEV_001_20260925_232555.wav,0,59.40306,18.07249,Leppun,Leptophyes punctatissima,Speckled Bush-cricket,bush-cricket,0.99,,,25/09/2026,25/09/2026,23:25:55,ClassifEspSWE-0002026-05-29_1,JOHANKARLSSON,202609261751WAGLRNZJ,2026_25_sep_23,Citizen Science (ultrasonic) - shared
59~40306+18~07249_20260925_232601.wav,DEV_001_20260925_232601.wav,0,59.40306,18.07249,Leppun,Leptophyes punctatissima,Speckled Bush-cricket,bush-cricket,0.99,,,25/09/2026,25/09/2026,23:26:01,ClassifEspSWE-0002026-05-29_1,JOHANKARLSSON,202609261751WAGLRNZJ,2026_25_sep_23,Citizen Science (ultrasonic) - shared
59~40306+18~07249_20260925_232606.wav,DEV_001_20260925_232606.wav,0,59.40306,18.07249,Leppun,Leptophyes punctatissima,Speckled Bush-cricket,bush-cricket,0.99,,,25/09/2026,25/09/2026,23:26:06,ClassifEspSWE-0002026-05-29_1,JOHANKARLSSON,202609261751WAGLRNZJ,2026_25_sep_23,Citizen Science (ultrasonic) - shared
59~40306+18~07249_20260925_232612.wav,DEV_001_20260925_232612.wav,0,59.40306,18.07249,Leppun,Leptophyes punctatissima,Speckled Bush-cricket,bush-cricket,0.99,,,25/09/2026,25/09/2026,23:26:12,ClassifEspSWE-0002026-05-29_1,JOHANKARLSSON,202609261751WAGLRNZJ,2026_25_sep_23,Citizen Science (ultrasonic) - shared
59~40306+18~07249_20260925_232618.wav,DEV_001_20260925_232618.wav,0,59.40306,18.07249,Leppun,Leptophyes punctatissima,Speckled Bush-cricket,bush-cricket,0.99,,,25/09/2026,25/09/2026,23:26:18,ClassifEspSWE-0002026-05-29_1,JOHANKARLSSON,202609261751WAGLRNZJ,2026_25_sep_23,Citizen Science (ultrasonic) - shared
59~40306+18~07249_20260925_232625.wav,DEV_001_20260925_232625.wav,0,59.40306,18.07249,Leppun,Leptophyes punctatissima,Speckled Bush-cricket,bush-cricket,0.99,,,25/09/2026,25/09/2026,23:26:25,ClassifEspSWE-0002026-05-29_1,JOHANKARLSSON,202609261751WAGLRNZJ,2026_25_sep_23,Citizen Science (ultrasonic) - shared
59~40306+18~07249_20260925_232631.wav,DEV_001_20260925_232631.wav,0,59.40306,18.07249,Leppun,Leptophyes punctatissima,Speckled Bush-cricket,bush-cricket,0.99,,,25/09/2026,25/09/2026,23:26:31,ClassifEspSWE-0002026-05-29_1,JOHANKARLSSON,202609261751WAGLRNZJ,2026_25_sep_23,Citizen Science (ultrasonic) - shared
59~40306+18~07249_20260925_232636.wav,DEV_001_20260925_232636.wav,0,59.40306,18.07249,Leppun,Leptophyes punctatissima,Speckled Bush-cricket,bush-cricket,0.99,,,25/09/2026,25/09/2026,23:26:36,ClassifEspSWE-0002026-05-29_1,JOHANKARLSSON,202609261751WAGLRNZJ,2026_25_sep_23,Citizen Science (ultrasonic) - shared
59~40306+18~07249_20260925_232642.wav,DEV_001_20260925_232642.wav,0,59.40306,18.07249,Leppun,Leptophyes punctatissima,Speckled Bush-cricket,bush-cricket,0.99,,,25/09/2026,25/09/2026,23:26:42,ClassifEspSWE-0002026-05-29_1,JOHANKARLSSON,202609261751WAGLRNZJ,2026_25_sep_23,Citizen Science (ultrasonic) - shared
59~40306+18~07249_20260925_232648.wav,DEV_001_20260925_232648.wav,0,59.40306,18.07249,Leppun,Leptophyes punctatissima,Speckled Bush-cricket,bush-cricket,0.99,,,25/09/2026,25/09/2026,23:26:48,ClassifEspSWE-0002026-05-29_1,JOHANKARLSSON,202609261751WAGLRNZJ,2026_25_sep_23,Citizen Science (ultrasonic) - shared
59~40306+18~07249_20260925_232654.wav,DEV_001_20260925_232654.wav,0,59.40306,18.07249,Leppun,Leptophyes punctatissima,Speckled Bush-cricket,bush-cricket,0.99,,,25/09/2026,25/09/2026,23:26:54,ClassifEspSWE-0002026-05-29_1,JOHANKARLSSON,202609261751WAGLRNZJ,2026_25_sep_23,Citizen Science (ultrasonic) - shared
59~40306+18~07249_20260925_232659.wav,DEV_001_20260925_232659.wav,0,59.40306,18.07249,Leppun,Leptophyes punctatissima,Speckled Bush-cricket,bush-cricket,0.99,,,25/09/2026,25/09/2026,23:26:59,ClassifEspSWE-0002026-05-29_1,JOHANKARLSSON,202609261751WAGLRNZJ,2026_25_sep_23,Citizen Science (ultrasonic) - shared
59~40306+18~07249_20260925_232704.wav,DEV_001_20260925_232704.wav,0,59.40306,18.07249,Leppun,Leptophyes punctatissima,Speckled Bush-cricket,bush-cricket,0.99,,,25/09/2026,25/09/2026,23:27:04,ClassifEspSWE-0002026-05-29_1,JOHANKARLSSON,202609261751WAGLRNZJ,2026_25_sep_23,Citizen Science (ultrasonic) - shared
59~40306+18~07249_20260925_232710.wav,DEV_001_20260925_232710.wav,0,59.40306,18.07249,Leppun,Leptophyes punctatissima,Speckled Bush-cricket,bush-cricket,0.99,,,25/09/2026,25/09/2026,23:27:10,ClassifEspSWE-0002026-05-29_1,JOHANKARLSSON,202609261751WAGLRNZJ,2026_25_sep_23,Citizen Science (ultrasonic) - shared
59~40306+18~07249_20260925_232716.wav,DEV_001_20260925_232716.wav,0,59.40306,18.07249,Leppun,Leptophyes punctatissima,Speckled Bush-cricket,bush-cricket,0.99,,,25/09/2026,25/09/2026,23:27:16,ClassifEspSWE-0002026-05-29_1,JOHANKARLSSON,202609261751WAGLRNZJ,2026_25_sep_23,Citizen Science (ultrasonic) - shared
59~40306+18~07249_20260925_232722.wav,DEV_001_20260925_232722.wav,0,59.40306,18.07249,Leppun,Leptophyes punctatissima,Speckled Bush-cricket,bush-cricket,0.99,,,25/09/2026,25/09/2026,23:27:22,ClassifEspSWE-0002026-05-29_1,JOHANKARLSSON,202609261751WAGLRNZJ,2026_25_sep_23,Citizen Science (ultrasonic) - shared
59~40306+18~07249_20260925_232728.wav,DEV_001_20260925_232728.wav,0,59.40306,18.07249,Leppun,Leptophyes punctatissima,Speckled Bush-cricket,bush-cricket,0.99,,,25/09/2026,25/09/2026,23:27:28,ClassifEspSWE-0002026-05-29_1,JOHANKARLSSON,202609261751WAGLRNZJ,2026_25_sep_23,Citizen Science (ultrasonic) - shared
59~40306+18~07249_20260925_232734.wav,DEV_001_20260925_232734.wav,0,59.40306,18.07249,Leppun,Leptophyes punctatissima,Speckled Bush-cricket,bush-cricket,0.99,,,25/09/2026,25/09/2026,23:27:34,ClassifEspSWE-0002026-05-29_1,JOHANKARLSSON,202609261751WAGLRNZJ,2026_25_sep_23,Citizen Science (ultrasonic) - shared
59~40306+18~07249_20260925_232740.wav,DEV_001_20260925_232740.wav,0,59.40306,18.07249,Leppun,Leptophyes punctatissima,Speckled Bush-cricket,bush-cricket,0.99,,,25/09/2026,25/09/2026,23:27:40,ClassifEspSWE-0002026-05-29_1,JOHANKARLSSON,202609261751WAGLRNZJ,2026_25_sep_23,Citizen Science (ultrasonic) - shared
59~40306+18~07249_20260925_232746.wav,DEV_001_20260925_232746.wav,0,59.40306,18.07249,Leppun,Leptophyes punctatissima,Speckled Bush-cricket,bush-cricket,0.99,,,25/09/2026,25/09/2026,23:27:46,ClassifEspSWE-0002026-05-29_1,JOHANKARLSSON,202609261751WAGLRNZJ,2026_25_sep_23,Citizen Science (ultrasonic) - shared
59~40306+18~07249_20260925_232752.wav,DEV_001_20260925_232752.wav,0,59.40306,18.07249,Leppun,Leptophyes punctatissima,Speckled Bush-cricket,bush-cricket,0.99,,,25/09/2026,25/09/2026,23:27:52,ClassifEspSWE-0002026-05-29_1,JOHANKARLSSON,202609261751WAGLRNZJ,2026_25_sep_23,Citizen Science (ultrasonic) - shared
59~40306+18~07249_20260925_232758.wav,DEV_001_20260925_232758.wav,0,59.40306,18.07249,Leppun,Leptophyes punctatissima,Speckled Bush-cricket,bush-cricket,0.99,,,25/09/2026,25/09/2026,23:27:58,ClassifEspSWE-0002026-05-29_1,JOHANKARLSSON,202609261751WAGLRNZJ,2026_25_sep_23,Citizen Science (ultrasonic) - shared
59~40306+18~07249_20260925_232804.wav,DEV_001_20260925_232804.wav,0,59.40306,18.07249,Leppun,Leptophyes punctatissima,Speckled Bush-cricket,bush-cricket,0.99,,,25/09/2026,25/09/2026,23:28:04,ClassifEspSWE-0002026-05-29_1,JOHANKARLSSON,202609261751WAGLRNZJ,2026_25_sep_23,Citizen Science (ultrasonic) - shared
59~40306+18~07249_20260925_232809.wav,DEV_001_20260925_232809.wav,0,59.40306,18.07249,Leppun,Leptophyes punctatissima,Speckled Bush-cricket,bush-cricket,0.99,,,25/09/2026,25/09/2026,23:28:09,ClassifEspSWE-0002026-05-29_1,JOHANKARLSSON,202609261751WAGLRNZJ,2026_25_sep_23,Citizen Science (ultrasonic) - shared
59~40306+18~07249_20260925_232815.wav,DEV_001_20260925_232815.wav,0,59.40306,18.07249,Leppun,Leptophyes punctatissima,Speckled Bush-cricket,bush-cricket,0.99,,,25/09/2026,25/09/2026,23:28:15,ClassifEspSWE-0002026-05-29_1,JOHANKARLSSON,202609261751WAGLRNZJ,2026_25_sep_23,Citizen Science (ultrasonic) - shared
59~40306+18~07249_20260925_232821.wav,DEV_001_20260925_232821.wav,0,59.40306,18.07249,Leppun,Leptophyes punctatissima,Speckled Bush-cricket,bush-cricket,0.99,,,25/09/2026,25/09/2026,23:28:21,ClassifEspSWE-0002026-05-29_1,JOHANKARLSSON,202609261751WAGLRNZJ,2026_25_sep_23,Citizen Science (ultrasonic) - shared
59~40306+18~07249_20260925_232827.wav,DEV_001_20260925_232827.wav,0,59.40306,18.07249,Leppun,Leptophyes punctatissima,Speckled Bush-cricket,bush-cricket,0.99,,,25/09/2026,25/09/2026,23:28:27,ClassifEspSWE-0002026-05-29_1,JOHANKARLSSON,202609261751WAGLRNZJ,2026_25_sep_23,Citizen Science (ultrasonic) - shared
59~40306+18~07249_20260925_232833.wav,DEV_001_20260925_232833.wav,0,59.40306,18.07249,Leppun,Leptophyes punctatissima,Speckled Bush-cricket,bush-cricket,0.99,,,25/09/2026,25/09/2026,23:28:33,ClassifEspSWE-0002026-05-29_1,JOHANKARLSSON,202609261751WAGLRNZJ,2026_25_sep_23,Citizen Science (ultrasonic) - shared
59~40306+18~07249_20260925_232839.wav,DEV_001_20260925_232839.wav,0,59.40306,18.07249,Leppun,Leptophyes punctatissima,Speckled Bush-cricket,bush-cricket,0.99,,,25/09/2026,25/09/2026,23:28:39,ClassifEspSWE-0002026-05-29_1,JOHANKARLSSON,202609261751WAGLRNZJ,2026_25_sep_23,Citizen Science (ultrasonic) - shared
59~40306+18~07249_20260925_232845.wav,DEV_001_20260925_232845.wav,0,59.40306,18.07249,Leppun,Leptophyes punctatissima,Speckled Bush-cricket,bush-cricket,0.99,,,25/09/2026,25/09/2026,23:28:45,ClassifEspSWE-0002026-05-29_1,JOHANKARLSSON,202609261751WAGLRNZJ,2026_25_sep_23,Citizen Science (ultrasonic) - shared
59~40306+18~07249_20260925_232851.wav,DEV_001_20260925_232851.wav,0,59.40306,18.07249,Leppun,Leptophyes punctatissima,Speckled Bush-cricket,bush-cricket,0.99,,,25/09/2026,25/09/2026,23:28:51,ClassifEspSWE-0002026-05-29_1,JOHANKARLSSON,202609261751WAGLRNZJ,2026_25_sep_23,Citizen Science (ultrasonic) - shared
59~40306+18~07249_20260925_232858.wav,DEV_001_20260925_232858.wav,0,59.40306,18.07249,Leppun,Leptophyes punctatissima,Speckled Bush-cricket,bush-cricket,0.99,,,25/09/2026,25/09/2026,23:28:58,ClassifEspSWE-0002026-05-29_1,JOHANKARLSSON,202609261751WAGLRNZJ,2026_25_sep_23,Citizen Science (ultrasonic) - shared
59~40306+18~07249_20260925_232903.wav,DEV_001_20260925_232903.wav,0,59.40306,18.07249,Leppun,Leptophyes punctatissima,Speckled Bush-cricket,bush-cricket,0.99,,,25/09/2026,25/09/2026,23:29:03,ClassifEspSWE-0002026-05-29_1,JOHANKARLSSON,202609261751WAGLRNZJ,2026_25_sep_23,Citizen Science (ultrasonic) - shared
59~40306+18~07249_20260925_232909.wav,DEV_001_20260925_232909.wav,0,59.40306,18.07249,Leppun,Leptophyes punctatissima,Speckled Bush-cricket,bush-cricket,0.99,,,25/09/2026,25/09/2026,23:29:09,ClassifEspSWE-0002026-05-29_1,JOHANKARLSSON,202609261751WAGLRNZJ,2026_25_sep_23,Citizen Science (ultrasonic) - shared
59~40306+18~07249_20260925_232915.wav,DEV_001_20260925_232915.wav,0,59.40306,18.07249,Leppun,Leptophyes punctatissima,Speckled Bush-cricket,bush-cricket,0.99,,,25/09/2026,25/09/2026,23:29:15,ClassifEspSWE-0002026-05-29_1,JOHANKARLSSON,202609261751WAGLRNZJ,2026_25_sep_23,Citizen Science (ultrasonic) - shared
59~40306+18~07249_20260925_232922.wav,DEV_001_20260925_232922.wav,0,59.40306,18.07249,Leppun,Leptophyes punctatissima,Speckled Bush-cricket,bush-cricket,0.99,,,25/09/2026,25/09/2026,23:29:22,ClassifEspSWE-0002026-05-29_1,JOHANKARLSSON,202609261751WAGLRNZJ,2026_25_sep_23,Citizen Science (ultrasonic) - shared
59~40306+18~07249_20260925_232927.wav,DEV_001_20260925_232927.wav,0,59.40306,18.07249,Leppun,Leptophyes punctatissima,Speckled Bush-cricket,bush-cricket,0.99,,,25/09/2026,25/09/2026,23:29:27,ClassifEspSWE-0002026-05-29_1,JOHANKARLSSON,202609261751WAGLRNZJ,2026_25_sep_23,Citizen Science (ultrasonic) - shared
59~40306+18~07249_20260925_232933.wav,DEV_001_20260925_232933.wav,0,59.40306,18.07249,Leppun,Leptophyes punctatissima,Speckled Bush-cricket,bush-cricket,0.99,,,25/09/2026,25/09/2026,23:29:33,ClassifEspSWE-0002026-05-29_1,JOHANKARLSSON,202609261751WAGLRNZJ,2026_25_sep_23,Citizen Science (ultrasonic) - shared
59~40306+18~07249_20260925_232938.wav,DEV_001_20260925_232938.wav,0,59.40306,18.07249,Leppun,Leptophyes punctatissima,Speckled Bush-cricket,bush-cricket,0.99,,,25/09/2026,25/09/2026,23:29:38,ClassifEspSWE-0002026-05-29_1,JOHANKARLSSON,202609261751WAGLRNZJ,2026_25_sep_23,Citizen Science (ultrasonic) - shared
59~40306+18~07249_20260925_232944.wav,DEV_001_20260925_232944.wav,0,59.40306,18.07249,Leppun,Leptophyes punctatissima,Speckled Bush-cricket,bush-cricket,0.99,,,25/09/2026,25/09/2026,23:29:44,ClassifEspSWE-0002026-05-29_1,JOHANKARLSSON,202609261751WAGLRNZJ,2026_25_sep_23,Citizen Science (ultrasonic) - shared
59~40306+18~07249_20260925_232949.wav,DEV_001_20260925_232949.wav,0,59.40306,18.07249,Leppun,Leptophyes punctatissima,Speckled Bush-cricket,bush-cricket,0.99,,,25/09/2026,25/09/2026,23:29:49,ClassifEspSWE-0002026-05-29_1,JOHANKARLSSON,202609261751WAGLRNZJ,2026_25_sep_23,Citizen Science (ultrasonic) - shared
59~40306+18~07249_20260925_232957.wav,DEV_001_20260925_232957.wav,0,59.40306,18.07249,Leppun,Leptophyes punctatissima,Speckled Bush-cricket,bush-cricket,0.99,,,25/09/2026,25/09/2026,23:29:57,ClassifEspSWE-0002026-05-29_1,JOHANKARLSSON,202609261751WAGLRNZJ,2026_25_sep_23,Citizen Science (ultrasonic) - shared
59~40306+18~07249_20260925_233004.wav,DEV_001_20260925_233004.wav,0,59.40306,18.07249,Leppun,Leptophyes punctatissima,Speckled Bush-cricket,bush-cricket,0.99,,,25/09/2026,25/09/2026,23:30:04,ClassifEspSWE-0002026-05-29_1,JOHANKARLSSON,202609261751WAGLRNZJ,2026_25_sep_23,Citizen Science (ultrasonic) - shared
59~40306+18~07249_20260925_233010.wav,DEV_001_20260925_233010.wav,0,59.40306,18.07249,Leppun,Leptophyes punctatissima,Speckled Bush-cricket,bush-cricket,0.99,,,25/09/2026,25/09/2026,23:30:10,ClassifEspSWE-0002026-05-29_1,JOHANKARLSSON,202609261751WAGLRNZJ,2026_25_sep_23,Citizen Science (ultrasonic) - shared
59~40306+18~07249_20260925_233017.wav,DEV_001_20260925_233017.wav,0,59.40306,18.07249,Leppun,Leptophyes punctatissima,Speckled Bush-cricket,bush-cricket,0.99,,,25/09/2026,25/09/2026,23:30:17,ClassifEspSWE-0002026-05-29_1,JOHANKARLSSON,202609261751WAGLRNZJ,2026_25_sep_23,Citizen Science (ultrasonic) - shared
59~40306+18~07249_20260925_233023.wav,DEV_001_20260925_233023.wav,0,59.40306,18.07249,Leppun,Leptophyes punctatissima,Speckled Bush-cricket,bush-cricket,0.99,,,25/09/2026,25/09/2026,23:30:23,ClassifEspSWE-0002026-05-29_1,JOHANKARLSSON,202609261751WAGLRNZJ,2026_25_sep_23,Citizen Science (ultrasonic) - shared
59~40306+18~07249_20260925_233029.wav,DEV_001_20260925_233029.wav,0,59.40306,18.07249,Leppun,Leptophyes punctatissima,Speckled Bush-cricket,bush-cricket,0.99,,,25/09/2026,25/09/2026,23:30:29,ClassifEspSWE-0002026-05-29_1,JOHANKARLSSON,202609261751WAGLRNZJ,2026_25_sep_23,Citizen Science (ultrasonic) - shared
59~40306+18~07249_20260925_233035.wav,DEV_001_20260925_233035.wav,0,59.40306,18.07249,Leppun,Leptophyes punctatissima,Speckled Bush-cricket,bush-cricket,0.99,,,25/09/2026,25/09/2026,23:30:35,ClassifEspSWE-0002026-05-29_1,JOHANKARLSSON,202609261751WAGLRNZJ,2026_25_sep_23,Citizen Science (ultrasonic) - shared
59~40306+18~07249_20260925_233042.wav,DEV_001_20260925_233042.wav,0,59.40306,18.07249,Leppun,Leptophyes punctatissima,Speckled Bush-cricket,bush-cricket,0.99,,,25/09/2026,25/09/2026,23:30:42,ClassifEspSWE-0002026-05-29_1,JOHANKARLSSON,202609261751WAGLRNZJ,2026_25_sep_23,Citizen Science (ultrasonic) - shared
59~40306+18~07249_20260925_233049.wav,DEV_001_20260925_233049.wav,0,59.40306,18.07249,Leppun,Leptophyes punctatissima,Speckled Bush-cricket,bush-cricket,0.99,,,25/09/2026,25/09/2026,23:30:49,ClassifEspSWE-0002026-05-29_1,JOHANKARLSSON,202609261751WAGLRNZJ,2026_25_sep_23,Citizen Science (ultrasonic) - shared
59~40306+18~07249_20260925_233056.wav,DEV_001_20260925_233056.wav,0,59.40306,18.07249,Leppun,Leptophyes punctatissima,Speckled Bush-cricket,bush-cricket,0.99,,,25/09/2026,25/09/2026,23:30:56,ClassifEspSWE-0002026-05-29_1,JOHANKARLSSON,202609261751WAGLRNZJ,2026_25_sep_23,Citizen Science (ultrasonic) - shared
59~40306+18~07249_20260925_233102.wav,DEV_001_20260925_233102.wav,0,59.40306,18.07249,Leppun,Leptophyes punctatissima,Speckled Bush-cricket,bush-cricket,0.99,,,25/09/2026,25/09/2026,23:31:02,ClassifEspSWE-0002026-05-29_1,JOHANKARLSSON,202609261751WAGLRNZJ,2026_25_sep_23,Citizen Science (ultrasonic) - shared
59~40306+18~07249_20260925_233110.wav,DEV_001_20260925_233110.wav,0,59.40306,18.07249,Leppun,Leptophyes punctatissima,Speckled Bush-cricket,bush-cricket,0.99,,,25/09/2026,25/09/2026,23:31:10,ClassifEspSWE-0002026-05-29_1,JOHANKARLSSON,202609261751WAGLRNZJ,2026_25_sep_23,Citizen Science (ultrasonic) - shared
59~40306+18~07249_20260925_233116.wav,DEV_001_20260925_233116.wav,0,59.40306,18.07249,Leppun,Leptophyes punctatissima,Speckled Bush-cricket,bush-cricket,0.99,,,25/09/2026,25/09/2026,23:31:16,ClassifEspSWE-0002026-05-29_1,JOHANKARLSSON,202609261751WAGLRNZJ,2026_25_sep_23,Citizen Science (ultrasonic) - shared
59~40306+18~07249_20260925_233122.wav,DEV_001_20260925_233122.wav,0,59.40306,18.07249,Leppun,Leptophyes punctatissima,Speckled Bush-cricket,bush-cricket,0.99,,,25/09/2026,25/09/2026,23:31:22,ClassifEspSWE-0002026-05-29_1,JOHANKARLSSON,202609261751WAGLRNZJ,2026_25_sep_23,Citizen Science (ultrasonic) - shared
59~40306+18~07249_20260925_233129.wav,DEV_001_20260925_233129.wav,0,59.40306,18.07249,Leppun,Leptophyes punctatissima,Speckled Bush-cricket,bush-cricket,0.99,,,25/09/2026,25/09/2026,23:31:29,ClassifEspSWE-0002026-05-29_1,JOHANKARLSSON,202609261751WAGLRNZJ,2026_25_sep_23,Citizen Science (ultrasonic) - shared
59~40306+18~07249_20260925_233136.wav,DEV_001_20260925_233136.wav,0,59.40306,18.07249,Leppun,Leptophyes punctatissima,Speckled Bush-cricket,bush-cricket,0.99,,,25/09/2026,25/09/2026,23:31:36,ClassifEspSWE-0002026-05-29_1,JOHANKARLSSON,202609261751WAGLRNZJ,2026_25_sep_23,Citizen Science (ultrasonic) - shared
59~40306+18~07249_20260925_233142.wav,DEV_001_20260925_233142.wav,0,59.40306,18.07249,Leppun,Leptophyes punctatissima,Speckled Bush-cricket,bush-cricket,0.99,,,25/09/2026,25/09/2026,23:31:42,ClassifEspSWE-0002026-05-29_1,JOHANKARLSSON,202609261751WAGLRNZJ,2026_25_sep_23,Citizen Science (ultrasonic) - shared
59~40306+18~07249_20260925_233149.wav,DEV_001_20260925_233149.wav,0,59.40306,18.07249,Leppun,Leptophyes punctatissima,Speckled Bush-cricket,bush-cricket,0.99,,,25/09/2026,25/09/2026,23:31:49,ClassifEspSWE-0002026-05-29_1,JOHANKARLSSON,202609261751WAGLRNZJ,2026_25_sep_23,Citizen Science (ultrasonic) - shared
59~40306+18~07249_20260925_233154.wav,DEV_001_20260925_233154.wav,0,59.40306,18.07249,Leppun,Leptophyes punctatissima,Speckled Bush-cricket,bush-cricket,0.99,,,25/09/2026,25/09/2026,23:31:54,ClassifEspSWE-0002026-05-29_1,JOHANKARLSSON,202609261751WAGLRNZJ,2026_25_sep_23,Citizen Science (ultrasonic) - shared
59~40306+18~07249_20260925_233200.wav,DEV_001_20260925_233200.wav,0,59.40306,18.07249,Leppun,Leptophyes punctatissima,Speckled Bush-cricket,bush-cricket,0.99,,,25/09/2026,25/09/2026,23:32:00,ClassifEspSWE-0002026-05-29_1,JOHANKARLSSON,202609261751WAGLRNZJ,2026_25_sep_23,Citizen Science (ultrasonic) - shared
59~40306+18~07249_20260925_233205.wav,DEV_001_20260925_233205.wav,0,59.40306,18.07249,Leppun,Leptophyes punctatissima,Speckled Bush-cricket,bush-cricket,0.99,,,25/09/2026,25/09/2026,23:32:05,ClassifEspSWE-0002026-05-29_1,JOHANKARLSSON,202609261751WAGLRNZJ,2026_25_sep_23,Citizen Science (ultrasonic) - shared
59~40306+18~07249_20260925_233212.wav,DEV_001_20260925_233212.wav,0,59.40306,18.07249,Leppun,Leptophyes punctatissima,Speckled Bush-cricket,bush-cricket,0.99,,,25/09/2026,25/09/2026,23:32:12,ClassifEspSWE-0002026-05-29_1,JOHANKARLSSON,202609261751WAGLRNZJ,2026_25_sep_23,Citizen Science (ultrasonic) - shared
59~40306+18~07249_20260925_233218.wav,DEV_001_20260925_233218.wav,0,59.40306,18.07249,Leppun,Leptophyes punctatissima,Speckled Bush-cricket,bush-cricket,0.99,,,25/09/2026,25/09/2026,23:32:18,ClassifEspSWE-0002026-05-29_1,JOHANKARLSSON,202609261751WAGLRNZJ,2026_25_sep_23,Citizen Science (ultrasonic) - shared
59~40306+18~07249_20260925_233224.wav,DEV_001_20260925_233224.wav,0,59.40306,18.07249,Leppun,Leptophyes punctatissima,Speckled Bush-cricket,bush-cricket,0.99,,,25/09/2026,25/09/2026,23:32:24,ClassifEspSWE-0002026-05-29_1,JOHANKARLSSON,202609261751WAGLRNZJ,2026_25_sep_23,Citizen Science (ultrasonic) - shared
59~40306+18~07249_20260925_233230.wav,DEV_001_20260925_233230.wav,0,59.40306,18.07249,Leppun,Leptophyes punctatissima,Speckled Bush-cricket,bush-cricket,0.99,,,25/09/2026,25/09/2026,23:32:30,ClassifEspSWE-0002026-05-29_1,JOHANKARLSSON,202609261751WAGLRNZJ,2026_25_sep_23,Citizen Science (ultrasonic) - shared
59~40306+18~07249_20260925_233235.wav,DEV_001_20260925_233235.wav,0,59.40306,18.07249,Leppun,Leptophyes punctatissima,Speckled Bush-cricket,bush-cricket,0.99,,,25/09/2026,25/09/2026,23:32:35,ClassifEspSWE-0002026-05-29_1,JOHANKARLSSON,202609261751WAGLRNZJ,2026_25_sep_23,Citizen Science (ultrasonic) - shared
59~40306+18~07249_20260925_233241.wav,DEV_001_20260925_233241.wav,0,59.40306,18.07249,Leppun,Leptophyes punctatissima,Speckled Bush-cricket,bush-cricket,0.99,,,25/09/2026,25/09/2026,23:32:41,ClassifEspSWE-0002026-05-29_1,JOHANKARLSSON,202609261751WAGLRNZJ,2026_25_sep_23,Citizen Science (ultrasonic) - shared
59~40306+18~07249_20260925_233247.wav,DEV_001_20260925_233247.wav,0,59.40306,18.07249,Leppun,Leptophyes punctatissima,Speckled Bush-cricket,bush-cricket,0.99,,,25/09/2026,25/09/2026,23:32:47,ClassifEspSWE-0002026-05-29_1,JOHANKARLSSON,202609261751WAGLRNZJ,2026_25_sep_23,Citizen Science (ultrasonic) - shared
59~40306+18~07249_20260925_233253.wav,DEV_001_20260925_233253.wav,0,59.40306,18.07249,Leppun,Leptophyes punctatissima,Speckled Bush-cricket,bush-cricket,0.99,,,25/09/2026,25/09/2026,23:32:53,ClassifEspSWE-0002026-05-29_1,JOHANKARLSSON,202609261751WAGLRNZJ,2026_25_sep_23,Citizen Science (ultrasonic) - shared
59~40306+18~07249_20260925_233259.wav,DEV_001_20260925_233259.wav,0,59.40306,18.07249,Leppun,Leptophyes punctatissima,Speckled Bush-cricket,bush-cricket,0.99,,,25/09/2026,25/09/2026,23:32:59,ClassifEspSWE-0002026-05-29_1,JOHANKARLSSON,202609261751WAGLRNZJ,2026_25_sep_23,Citizen Science (ultrasonic) - shared
59~40306+18~07249_20260925_233305.wav,DEV_001_20260925_233305.wav,0,59.40306,18.07249,Leppun,Leptophyes punctatissima,Speckled Bush-cricket,bush-cricket,0.99,,,25/09/2026,25/09/2026,23:33:05,ClassifEspSWE-0002026-05-29_1,JOHANKARLSSON,202609261751WAGLRNZJ,2026_25_sep_23,Citizen Science (ultrasonic) - shared
59~40306+18~07249_20260925_233310.wav,DEV_001_20260925_233310.wav,0,59.40306,18.07249,Leppun,Leptophyes punctatissima,Speckled Bush-cricket,bush-cricket,0.99,,,25/09/2026,25/09/2026,23:33:10,ClassifEspSWE-0002026-05-29_1,JOHANKARLSSON,202609261751WAGLRNZJ,2026_25_sep_23,Citizen Science (ultrasonic) - shared
59~40306+18~07249_20260925_233316.wav,DEV_001_20260925_233316.wav,0,59.40306,18.07249,Leppun,Leptophyes punctatissima,Speckled Bush-cricket,bush-cricket,0.99,,,25/09/2026,25/09/2026,23:33:16,ClassifEspSWE-0002026-05-29_1,JOHANKARLSSON,202609261751WAGLRNZJ,2026_25_sep_23,Citizen Science (ultrasonic) - shared
59~40306+18~07249_20260925_233322.wav,DEV_001_20260925_233322.wav,0,59.40306,18.07249,Leppun,Leptophyes punctatissima,Speckled Bush-cricket,bush-cricket,0.99,,,25/09/2026,25/09/2026,23:33:22,ClassifEspSWE-0002026-05-29_1,JOHANKARLSSON,202609261751WAGLRNZJ,2026_25_sep_23,Citizen Science (ultrasonic) - shared
59~40306+18~07249_20260925_233329.wav,DEV_001_20260925_233329.wav,0,59.40306,18.07249,Leppun,Leptophyes punctatissima,Speckled Bush-cricket,bush-cricket,0.99,,,25/09/2026,25/09/2026,23:33:29,ClassifEspSWE-0002026-05-29_1,JOHANKARLSSON,202609261751WAGLRNZJ,2026_25_sep_23,Citizen Science (ultrasonic) - shared
59~40306+18~07249_20260925_233335.wav,DEV_001_20260925_233335.wav,0,59.40306,18.07249,Leppun,Leptophyes punctatissima,Speckled Bush-cricket,bush-cricket,0.99,,,25/09/2026,25/09/2026,23:33:35,ClassifEspSWE-0002026-05-29_1,JOHANKARLSSON,202609261751WAGLRNZJ,2026_25_sep_23,Citizen Science (ultrasonic) - shared
59~40306+18~07249_20260925_233341.wav,DEV_001_20260925_233341.wav,0,59.40306,18.07249,Leppun,Leptophyes punctatissima,Speckled Bush-cricket,bush-cricket,0.99,,,25/09/2026,25/09/2026,23:33:41,ClassifEspSWE-0002026-05-29_1,JOHANKARLSSON,202609261751WAGLRNZJ,2026_25_sep_23,Citizen Science (ultrasonic) - shared
59~40306+18~07249_20260925_233346.wav,DEV_001_20260925_233346.wav,0,59.40306,18.07249,Leppun,Leptophyes punctatissima,Speckled Bush-cricket,bush-cricket,0.99,,,25/09/2026,25/09/2026,23:33:46,ClassifEspSWE-0002026-05-29_1,JOHANKARLSSON,202609261751WAGLRNZJ,2026_25_sep_23,Citizen Science (ultrasonic) - shared
59~40306+18~07249_20260925_233351.wav,DEV_001_20260925_233351.wav,0,59.40306,18.07249,Leppun,Leptophyes punctatissima,Speckled Bush-cricket,bush-cricket,0.99,,,25/09/2026,25/09/2026,23:33:51,ClassifEspSWE-0002026-05-29_1,JOHANKARLSSON,202609261751WAGLRNZJ,2026_25_sep_23,Citizen Science (ultrasonic) - shared
59~40306+18~07249_20260925_233357.wav,DEV_001_20260925_233357.wav,0,59.40306,18.07249,Leppun,Leptophyes punctatissima,Speckled Bush-cricket,bush-cricket,0.99,,,25/09/2026,25/09/2026,23:33:57,ClassifEspSWE-0002026-05-29_1,JOHANKARLSSON,202609261751WAGLRNZJ,2026_25_sep_23,Citizen Science (ultrasonic) - shared
59~40306+18~07249_20260925_233402.wav,DEV_001_20260925_233402.wav,0,59.40306,18.07249,Leppun,Leptophyes punctatissima,Speckled Bush-cricket,bush-cricket,0.99,,,25/09/2026,25/09/2026,23:34:02,ClassifEspSWE-0002026-05-29_1,JOHANKARLSSON,202609261751WAGLRNZJ,2026_25_sep_23,Citizen Science (ultrasonic) - shared
59~40306+18~07249_20260925_233408.wav,DEV_001_20260925_233408.wav,0,59.40306,18.07249,Leppun,Leptophyes punctatissima,Speckled Bush-cricket,bush-cricket,0.99,,,25/09/2026,25/09/2026,23:34:08,ClassifEspSWE-0002026-05-29_1,JOHANKARLSSON,202609261751WAGLRNZJ,2026_25_sep_23,Citizen Science (ultrasonic) - shared
59~40306+18~07249_20260925_233413.wav,DEV_001_20260925_233413.wav,0,59.40306,18.07249,Leppun,Leptophyes punctatissima,Speckled Bush-cricket,bush-cricket,0.99,,,25/09/2026,25/09/2026,23:34:13,ClassifEspSWE-0002026-05-29_1,JOHANKARLSSON,202609261751WAGLRNZJ,2026_25_sep_23,Citizen Science (ultrasonic) - shared
59~40306+18~07249_20260925_233419.wav,DEV_001_20260925_233419.wav,0,59.40306,18.07249,Leppun,Leptophyes punctatissima,Speckled Bush-cricket,bush-cricket,0.99,,,25/09/2026,25/09/2026,23:34:19,ClassifEspSWE-0002026-05-29_1,JOHANKARLSSON,202609261751WAGLRNZJ,2026_25_sep_23,Citizen Science (ultrasonic) - shared
59~40306+18~07249_20260925_233424.wav,DEV_001_20260925_233424.wav,0,59.40306,18.07249,Leppun,Leptophyes punctatissima,Speckled Bush-cricket,bush-cricket,0.99,,,25/09/2026,25/09/2026,23:34:24,ClassifEspSWE-0002026-05-29_1,JOHANKARLSSON,202609261751WAGLRNZJ,2026_25_sep_23,Citizen Science (ultrasonic) - shared
59~40306+18~07249_20260925_233429.wav,DEV_001_20260925_233429.wav,0,59.40306,18.07249,Leppun,Leptophyes punctatissima,Speckled Bush-cricket,bush-cricket,0.99,,,25/09/2026,25/09/2026,23:34:29,ClassifEspSWE-0002026-05-29_1,JOHANKARLSSON,202609261751WAGLRNZJ,2026_25_sep_23,Citizen Science (ultrasonic) - shared
59~40306+18~07249_20260925_233435.wav,DEV_001_20260925_233435.wav,0,59.40306,18.07249,Leppun,Leptophyes punctatissima,Speckled Bush-cricket,bush-cricket,0.99,,,25/09/2026,25/09/2026,23:34:35,ClassifEspSWE-0002026-05-29_1,JOHANKARLSSON,202609261751WAGLRNZJ,2026_25_sep_23,Citizen Science (ultrasonic) - shared
59~40306+18~07249_20260925_233440.wav,DEV_001_20260925_233440.wav,0,59.40306,18.07249,Leppun,Leptophyes punctatissima,Speckled Bush-cricket,bush-cricket,0.99,,,25/09/2026,25/09/2026,23:34:40,ClassifEspSWE-0002026-05-29_1,JOHANKARLSSON,202609261751WAGLRNZJ,2026_25_sep_23,Citizen Science (ultrasonic) - shared
59~40306+18~07249_20260925_233446.wav,DEV_001_20260925_233446.wav,0,59.40306,18.07249,Leppun,Leptophyes punctatissima,Speckled Bush-cricket,bush-cricket,0.99,,,25/09/2026,25/09/2026,23:34:46,ClassifEspSWE-0002026-05-29_1,JOHANKARLSSON,202609261751WAGLRNZJ,2026_25_sep_23,Citizen Science (ultrasonic) - shared
59~40306+18~07249_20260925_233451.wav,DEV_001_20260925_233451.wav,0,59.40306,18.07249,Leppun,Leptophyes punctatissima,Speckled Bush-cricket,bush-cricket,0.99,,,25/09/2026,25/09/2026,23:34:51,ClassifEspSWE-0002026-05-29_1,JOHANKARLSSON,202609261751WAGLRNZJ,2026_25_sep_23,Citizen Science (ultrasonic) - shared
59~40306+18~07249_20260925_233457.wav,DEV_001_20260925_233457.wav,0,59.40306,18.07249,Leppun,Leptophyes punctatissima,Speckled Bush-cricket,bush-cricket,0.99,,,25/09/2026,25/09/2026,23:34:57,ClassifEspSWE-0002026-05-29_1,JOHANKARLSSON,202609261751WAGLRNZJ,2026_25_sep_23,Citizen Science (ultrasonic) - shared
59~40306+18~07249_20260925_233502.wav,DEV_001_20260925_233502.wav,0,59.40306,18.07249,Leppun,Leptophyes punctatissima,Speckled Bush-cricket,bush-cricket,0.99,,,25/09/2026,25/09/2026,23:35:02,ClassifEspSWE-0002026-05-29_1,JOHANKARLSSON,202609261751WAGLRNZJ,2026_25_sep_23,Citizen Science (ultrasonic) - shared
59~40306+18~07249_20260925_233507.wav,DEV_001_20260925_233507.wav,0,59.40306,18.07249,Leppun,Leptophyes punctatissima,Speckled Bush-cricket,bush-cricket,0.99,,,25/09/2026,25/09/2026,23:35:07,ClassifEspSWE-0002026-05-29_1,JOHANKARLSSON,202609261751WAGLRNZJ,2026_25_sep_23,Citizen Science (ultrasonic) - shared
59~40306+18~07249_20260925_233513.wav,DEV_001_20260925_233513.wav,0,59.40306,18.07249,Leppun,Leptophyes punctatissima,Speckled Bush-cricket,bush-cricket,0.99,,,25/09/2026,25/09/2026,23:35:13,ClassifEspSWE-0002026-05-29_1,JOHANKARLSSON,202609261751WAGLRNZJ,2026_25_sep_23,Citizen Science (ultrasonic) - shared
59~40306+18~07249_20260925_233518.wav,DEV_001_20260925_233518.wav,0,59.40306,18.07249,Leppun,Leptophyes punctatissima,Speckled Bush-cricket,bush-cricket,0.99,,,25/09/2026,25/09/2026,23:35:18,ClassifEspSWE-0002026-05-29_1,JOHANKARLSSON,202609261751WAGLRNZJ,2026_25_sep_23,Citizen Science (ultrasonic) - shared
59~40306+18~07249_20260925_233524.wav,DEV_001_20260925_233524.wav,0,59.40306,18.07249,Leppun,Leptophyes punctatissima,Speckled Bush-cricket,bush-cricket,0.99,,,25/09/2026,25/09/2026,23:35:24,ClassifEspSWE-0002026-05-29_1,JOHANKARLSSON,202609261751WAGLRNZJ,2026_25_sep_23,Citizen Science (ultrasonic) - shared
59~40306+18~07249_20260925_233529.wav,DEV_001_20260925_233529.wav,0,59.40306,18.07249,Leppun,Leptophyes punctatissima,Speckled Bush-cricket,bush-cricket,0.99,,,25/09/2026,25/09/2026,23:35:29,ClassifEspSWE-0002026-05-29_1,JOHANKARLSSON,202609261751WAGLRNZJ,2026_25_sep_23,Citizen Science (ultrasonic) - shared
59~40306+18~07249_20260925_233535.wav,DEV_001_20260925_233535.wav,0,59.40306,18.07249,Leppun,Leptophyes punctatissima,Speckled Bush-cricket,bush-cricket,0.99,,,25/09/2026,25/09/2026,23:35:35,ClassifEspSWE-0002026-05-29_1,JOHANKARLSSON,202609261751WAGLRNZJ,2026_25_sep_23,Citizen Science (ultrasonic) - shared
59~40306+18~07249_20260925_233541.wav,DEV_001_20260925_233541.wav,0,59.40306,18.07249,Leppun,Leptophyes punctatissima,Speckled Bush-cricket,bush-cricket,0.83,,,25/09/2026,25/09/2026,23:35:41,ClassifEspSWE-0002026-05-29_1,JOHANKARLSSON,202609261751WAGLRNZJ,2026_25_sep_23,Citizen Science (ultrasonic) - shared
59~40306+18~07249_20260925_233546.wav,DEV_001_20260925_233546.wav,0,59.40306,18.07249,Leppun,Leptophyes punctatissima,Speckled Bush-cricket,bush-cricket,0.99,,,25/09/2026,25/09/2026,23:35:46,ClassifEspSWE-0002026-05-29_1,JOHANKARLSSON,202609261751WAGLRNZJ,2026_25_sep_23,Citizen Science (ultrasonic) - shared
59~40306+18~07249_20260925_233552.wav,DEV_001_20260925_233552.wav,0,59.40306,18.07249,Leppun,Leptophyes punctatissima,Speckled Bush-cricket,bush-cricket,0.99,,,25/09/2026,25/09/2026,23:35:52,ClassifEspSWE-0002026-05-29_1,JOHANKARLSSON,202609261751WAGLRNZJ,2026_25_sep_23,Citizen Science (ultrasonic) - shared
59~40306+18~07249_20260925_233557.wav,DEV_001_20260925_233557.wav,0,59.40306,18.07249,Leppun,Leptophyes punctatissima,Speckled Bush-cricket,bush-cricket,0.99,,,25/09/2026,25/09/2026,23:35:57,ClassifEspSWE-0002026-05-29_1,JOHANKARLSSON,202609261751WAGLRNZJ,2026_25_sep_23,Citizen Science (ultrasonic) - shared
59~40306+18~07249_20260925_233602.wav,DEV_001_20260925_233602.wav,0,59.40306,18.07249,Leppun,Leptophyes punctatissima,Speckled Bush-cricket,bush-cricket,0.99,,,25/09/2026,25/09/2026,23:36:02,ClassifEspSWE-0002026-05-29_1,JOHANKARLSSON,202609261751WAGLRNZJ,2026_25_sep_23,Citizen Science (ultrasonic) - shared
59~40306+18~07249_20260925_233608.wav,DEV_001_20260925_233608.wav,0,59.40306,18.07249,Leppun,Leptophyes punctatissima,Speckled Bush-cricket,bush-cricket,0.99,,,25/09/2026,25/09/2026,23:36:08,ClassifEspSWE-0002026-05-29_1,JOHANKARLSSON,202609261751WAGLRNZJ,2026_25_sep_23,Citizen Science (ultrasonic) - shared
59~40306+18~07249_20260925_233613.wav,DEV_001_20260925_233613.wav,0,59.40306,18.07249,Leppun,Leptophyes punctatissima,Speckled Bush-cricket,bush-cricket,0.99,,,25/09/2026,25/09/2026,23:36:13,ClassifEspSWE-0002026-05-29_1,JOHANKARLSSON,202609261751WAGLRNZJ,2026_25_sep_23,Citizen Science (ultrasonic) - shared
59~40306+18~07249_20260925_233619.wav,DEV_001_20260925_233619.wav,0,59.40306,18.07249,Leppun,Leptophyes punctatissima,Speckled Bush-cricket,bush-cricket,0.99,,,25/09/2026,25/09/2026,23:36:19,ClassifEspSWE-0002026-05-29_1,JOHANKARLSSON,202609261751WAGLRNZJ,2026_25_sep_23,Citizen Science (ultrasonic) - shared
59~40306+18~07249_20260925_233626.wav,DEV_001_20260925_233626.wav,0,59.40306,18.07249,Leppun,Leptophyes punctatissima,Speckled Bush-cricket,bush-cricket,0.99,,,25/09/2026,25/09/2026,23:36:26,ClassifEspSWE-0002026-05-29_1,JOHANKARLSSON,202609261751WAGLRNZJ,2026_25_sep_23,Citizen Science (ultrasonic) - shared
59~40306+18~07249_20260925_233632.wav,DEV_001_20260925_233632.wav,0,59.40306,18.07249,Leppun,Leptophyes punctatissima,Speckled Bush-cricket,bush-cricket,0.99,,,25/09/2026,25/09/2026,23:36:32,ClassifEspSWE-0002026-05-29_1,JOHANKARLSSON,202609261751WAGLRNZJ,2026_25_sep_23,Citizen Science (ultrasonic) - shared
59~40306+18~07249_20260925_233637.wav,DEV_001_20260925_233637.wav,0,59.40306,18.07249,Leppun,Leptophyes punctatissima,Speckled Bush-cricket,bush-cricket,0.99,,,25/09/2026,25/09/2026,23:36:37,ClassifEspSWE-0002026-05-29_1,JOHANKARLSSON,202609261751WAGLRNZJ,2026_25_sep_23,Citizen Science (ultrasonic) - shared
59~40306+18~07249_20260925_233643.wav,DEV_001_20260925_233643.wav,0,59.40306,18.07249,Leppun,Leptophyes punctatissima,Speckled Bush-cricket,bush-cricket,0.99,,,25/09/2026,25/09/2026,23:36:43,ClassifEspSWE-0002026-05-29_1,JOHANKARLSSON,202609261751WAGLRNZJ,2026_25_sep_23,Citizen Science (ultrasonic) - shared
59~40306+18~07249_20260925_233649.wav,DEV_001_20260925_233649.wav,0,59.40306,18.07249,Leppun,Leptophyes punctatissima,Speckled Bush-cricket,bush-cricket,0.99,,,25/09/2026,25/09/2026,23:36:49,ClassifEspSWE-0002026-05-29_1,JOHANKARLSSON,202609261751WAGLRNZJ,2026_25_sep_23,Citizen Science (ultrasonic) - shared
59~40306+18~07249_20260925_233655.wav,DEV_001_20260925_233655.wav,0,59.40306,18.07249,Leppun,Leptophyes punctatissima,Speckled Bush-cricket,bush-cricket,0.99,,,25/09/2026,25/09/2026,23:36:55,ClassifEspSWE-0002026-05-29_1,JOHANKARLSSON,202609261751WAGLRNZJ,2026_25_sep_23,Citizen Science (ultrasonic) - shared
59~40306+18~07249_20260925_233700.wav,DEV_001_20260925_233700.wav,0,59.40306,18.07249,Leppun,Leptophyes punctatissima,Speckled Bush-cricket,bush-cricket,0.99,,,25/09/2026,25/09/2026,23:37:00,ClassifEspSWE-0002026-05-29_1,JOHANKARLSSON,202609261751WAGLRNZJ,2026_25_sep_23,Citizen Science (ultrasonic) - shared
59~40306+18~07249_20260925_233706.wav,DEV_001_20260925_233706.wav,0,59.40306,18.07249,Leppun,Leptophyes punctatissima,Speckled Bush-cricket,bush-cricket,0.99,,,25/09/2026,25/09/2026,23:37:06,ClassifEspSWE-0002026-05-29_1,JOHANKARLSSON,202609261751WAGLRNZJ,2026_25_sep_23,Citizen Science (ultrasonic) - shared
59~40306+18~07249_20260925_233712.wav,DEV_001_20260925_233712.wav,0,59.40306,18.07249,Leppun,Leptophyes punctatissima,Speckled Bush-cricket,bush-cricket,0.99,,,25/09/2026,25/09/2026,23:37:12,ClassifEspSWE-0002026-05-29_1,JOHANKARLSSON,202609261751WAGLRNZJ,2026_25_sep_23,Citizen Science (ultrasonic) - shared
59~40306+18~07249_20260925_233721.wav,DEV_001_20260925_233721.wav,0,59.40306,18.07249,Leppun,Leptophyes punctatissima,Speckled Bush-cricket,bush-cricket,0.99,,,25/09/2026,25/09/2026,23:37:21,ClassifEspSWE-0002026-05-29_1,JOHANKARLSSON,202609261751WAGLRNZJ,2026_25_sep_23,Citizen Science (ultrasonic) - shared
59~40306+18~07249_20260925_233726.wav,DEV_001_20260925_233726.wav,0,59.40306,18.07249,Leppun,Leptophyes punctatissima,Speckled Bush-cricket,bush-cricket,0.99,,,25/09/2026,25/09/2026,23:37:26,ClassifEspSWE-0002026-05-29_1,JOHANKARLSSON,202609261751WAGLRNZJ,2026_25_sep_23,Citizen Science (ultrasonic) - shared
59~40306+18~07249_20260925_233732.wav,DEV_001_20260925_233732.wav,0,59.40306,18.07249,Leppun,Leptophyes punctatissima,Speckled Bush-cricket,bush-cricket,0.99,,,25/09/2026,25/09/2026,23:37:32,ClassifEspSWE-0002026-05-29_1,JOHANKARLSSON,202609261751WAGLRNZJ,2026_25_sep_23,Citizen Science (ultrasonic) - shared
59~40306+18~07249_20260925_233737.wav,DEV_001_20260925_233737.wav,0,59.40306,18.07249,Leppun,Leptophyes punctatissima,Speckled Bush-cricket,bush-cricket,0.99,,,25/09/2026,25/09/2026,23:37:37,ClassifEspSWE-0002026-05-29_1,JOHANKARLSSON,202609261751WAGLRNZJ,2026_25_sep_23,Citizen Science (ultrasonic) - shared
59~40306+18~07249_20260925_233744.wav,DEV_001_20260925_233744.wav,0,59.40306,18.07249,Leppun,Leptophyes punctatissima,Speckled Bush-cricket,bush-cricket,0.99,,,25/09/2026,25/09/2026,23:37:44,ClassifEspSWE-0002026-05-29_1,JOHANKARLSSON,202609261751WAGLRNZJ,2026_25_sep_23,Citizen Science (ultrasonic) - shared
59~40306+18~07249_20260925_233749.wav,DEV_001_20260925_233749.wav,0,59.40306,18.07249,Leppun,Leptophyes punctatissima,Speckled Bush-cricket,bush-cricket,0.99,,,25/09/2026,25/09/2026,23:37:49,ClassifEspSWE-0002026-05-29_1,JOHANKARLSSON,202609261751WAGLRNZJ,2026_25_sep_23,Citizen Science (ultrasonic) - shared
59~40306+18~07249_20260925_233755.wav,DEV_001_20260925_233755.wav,0,59.40306,18.07249,Leppun,Leptophyes punctatissima,Speckled Bush-cricket,bush-cricket,0.99,,,25/09/2026,25/09/2026,23:37:55,ClassifEspSWE-0002026-05-29_1,JOHANKARLSSON,202609261751WAGLRNZJ,2026_25_sep_23,Citizen Science (ultrasonic) - shared
59~40306+18~07249_20260925_233802.wav,DEV_001_20260925_233802.wav,0,59.40306,18.07249,Leppun,Leptophyes punctatissima,Speckled Bush-cricket,bush-cricket,0.99,,,25/09/2026,25/09/2026,23:38:02,ClassifEspSWE-0002026-05-29_1,JOHANKARLSSON,202609261751WAGLRNZJ,2026_25_sep_23,Citizen Science (ultrasonic) - shared
59~40306+18~07249_20260925_233808.wav,DEV_001_20260925_233808.wav,0,59.40306,18.07249,Leppun,Leptophyes punctatissima,Speckled Bush-cricket,bush-cricket,0.99,,,25/09/2026,25/09/2026,23:38:08,ClassifEspSWE-0002026-05-29_1,JOHANKARLSSON,202609261751WAGLRNZJ,2026_25_sep_23,Citizen Science (ultrasonic) - shared
59~40306+18~07249_20260925_233815.wav,DEV_001_20260925_233815.wav,0,59.40306,18.07249,Leppun,Leptophyes punctatissima,Speckled Bush-cricket,bush-cricket,0.99,,,25/09/2026,25/09/2026,23:38:15,ClassifEspSWE-0002026-05-29_1,JOHANKARLSSON,202609261751WAGLRNZJ,2026_25_sep_23,Citizen Science (ultrasonic) - shared
59~40306+18~07249_20260925_233821.wav,DEV_001_20260925_233821.wav,0,59.40306,18.07249,Leppun,Leptophyes punctatissima,Speckled Bush-cricket,bush-cricket,0.99,,,25/09/2026,25/09/2026,23:38:21,ClassifEspSWE-0002026-05-29_1,JOHANKARLSSON,202609261751WAGLRNZJ,2026_25_sep_23,Citizen Science (ultrasonic) - shared
59~40306+18~07249_20260925_233829.wav,DEV_001_20260925_233829.wav,0,59.40306,18.07249,Leppun,Leptophyes punctatissima,Speckled Bush-cricket,bush-cricket,0.99,,,25/09/2026,25/09/2026,23:38:29,ClassifEspSWE-0002026-05-29_1,JOHANKARLSSON,202609261751WAGLRNZJ,2026_25_sep_23,Citizen Science (ultrasonic) - shared
59~40306+18~07249_20260925_233835.wav,DEV_001_20260925_233835.wav,0,59.40306,18.07249,Leppun,Leptophyes punctatissima,Speckled Bush-cricket,bush-cricket,0.99,,,25/09/2026,25/09/2026,23:38:35,ClassifEspSWE-0002026-05-29_1,JOHANKARLSSON,202609261751WAGLRNZJ,2026_25_sep_23,Citizen Science (ultrasonic) - shared
59~40306+18~07249_20260925_233842.wav,DEV_001_20260925_233842.wav,0,59.40306,18.07249,Leppun,Leptophyes punctatissima,Speckled Bush-cricket,bush-cricket,0.99,,,25/09/2026,25/09/2026,23:38:42,ClassifEspSWE-0002026-05-29_1,JOHANKARLSSON,202609261751WAGLRNZJ,2026_25_sep_23,Citizen Science (ultrasonic) - shared
59~40306+18~07249_20260925_233854.wav,DEV_001_20260925_233854.wav,0,59.40306,18.07249,Leppun,Leptophyes punctatissima,Speckled Bush-cricket,bush-cricket,0.99,,,25/09/2026,25/09/2026,23:38:54,ClassifEspSWE-0002026-05-29_1,JOHANKARLSSON,202609261751WAGLRNZJ,2026_25_sep_23,Citizen Science (ultrasonic) - shared
59~40306+18~07249_20260925_233859.wav,DEV_001_20260925_233859.wav,0,59.40306,18.07249,Leppun,Leptophyes punctatissima,Speckled Bush-cricket,bush-cricket,0.99,,,25/09/2026,25/09/2026,23:38:59,ClassifEspSWE-0002026-05-29_1,JOHANKARLSSON,202609261751WAGLRNZJ,2026_25_sep_23,Citizen Science (ultrasonic) - shared
59~40306+18~07249_20260925_233906.wav,DEV_001_20260925_233906.wav,0,59.40306,18.07249,Leppun,Leptophyes punctatissima,Speckled Bush-cricket,bush-cricket,0.99,,,25/09/2026,25/09/2026,23:39:06,ClassifEspSWE-0002026-05-29_1,JOHANKARLSSON,202609261751WAGLRNZJ,2026_25_sep_23,Citizen Science (ultrasonic) - shared
59~40306+18~07249_20260925_233914.wav,DEV_001_20260925_233914.wav,0,59.40306,18.07249,Leppun,Leptophyes punctatissima,Speckled Bush-cricket,bush-cricket,0.99,,,25/09/2026,25/09/2026,23:39:14,ClassifEspSWE-0002026-05-29_1,JOHANKARLSSON,202609261751WAGLRNZJ,2026_25_sep_23,Citizen Science (ultrasonic) - shared
59~40306+18~07249_20260925_233920.wav,DEV_001_20260925_233920.wav,0,59.40306,18.07249,Leppun,Leptophyes punctatissima,Speckled Bush-cricket,bush-cricket,0.99,,,25/09/2026,25/09/2026,23:39:20,ClassifEspSWE-0002026-05-29_1,JOHANKARLSSON,202609261751WAGLRNZJ,2026_25_sep_23,Citizen Science (ultrasonic) - shared
59~40306+18~07249_20260925_233926.wav,DEV_001_20260925_233926.wav,0,59.40306,18.07249,Leppun,Leptophyes punctatissima,Speckled Bush-cricket,bush-cricket,0.99,,,25/09/2026,25/09/2026,23:39:26,ClassifEspSWE-0002026-05-29_1,JOHANKARLSSON,202609261751WAGLRNZJ,2026_25_sep_23,Citizen Science (ultrasonic) - shared
59~40306+18~07249_20260925_233933.wav,DEV_001_20260925_233933.wav,0,59.40306,18.07249,Leppun,Leptophyes punctatissima,Speckled Bush-cricket,bush-cricket,0.99,,,25/09/2026,25/09/2026,23:39:33,ClassifEspSWE-0002026-05-29_1,JOHANKARLSSON,202609261751WAGLRNZJ,2026_25_sep_23,Citizen Science (ultrasonic) - shared
59~40306+18~07249_20260925_233939.wav,DEV_001_20260925_233939.wav,0,59.40306,18.07249,Leppun,Leptophyes punctatissima,Speckled Bush-cricket,bush-cricket,0.99,,,25/09/2026,25/09/2026,23:39:39,ClassifEspSWE-0002026-05-29_1,JOHANKARLSSON,202609261751WAGLRNZJ,2026_25_sep_23,Citizen Science (ultrasonic) - shared
59~40306+18~07249_20260925_233946.wav,DEV_001_20260925_233946.wav,0,59.40306,18.07249,Leppun,Leptophyes punctatissima,Speckled Bush-cricket,bush-cricket,0.99,,,25/09/2026,25/09/2026,23:39:46,ClassifEspSWE-0002026-05-29_1,JOHANKARLSSON,202609261751WAGLRNZJ,2026_25_sep_23,Citizen Science (ultrasonic) - shared
59~40306+18~07249_20260925_233953.wav,DEV_001_20260925_233953.wav,0,59.40306,18.07249,Leppun,Leptophyes punctatissima,Speckled Bush-cricket,bush-cricket,0.99,,,25/09/2026,25/09/2026,23:39:53,ClassifEspSWE-0002026-05-29_1,JOHANKARLSSON,202609261751WAGLRNZJ,2026_25_sep_23,Citizen Science (ultrasonic) - shared
59~40306+18~07249_20260925_233959.wav,DEV_001_20260925_233959.wav,0,59.40306,18.07249,Leppun,Leptophyes punctatissima,Speckled Bush-cricket,bush-cricket,0.99,,,25/09/2026,25/09/2026,23:39:59,ClassifEspSWE-0002026-05-29_1,JOHANKARLSSON,202609261751WAGLRNZJ,2026_25_sep_23,Citizen Science (ultrasonic) - shared
59~40306+18~07249_20260925_234005.wav,DEV_001_20260925_234005.wav,0,59.40306,18.07249,Leppun,Leptophyes punctatissima,Speckled Bush-cricket,bush-cricket,0.99,,,25/09/2026,25/09/2026,23:40:05,ClassifEspSWE-0002026-05-29_1,JOHANKARLSSON,202609261751WAGLRNZJ,2026_25_sep_23,Citizen Science (ultrasonic) - shared
59~40306+18~07249_20260925_234011.wav,DEV_001_20260925_234011.wav,0,59.40306,18.07249,Leppun,Leptophyes punctatissima,Speckled Bush-cricket,bush-cricket,0.99,,,25/09/2026,25/09/2026,23:40:11,ClassifEspSWE-0002026-05-29_1,JOHANKARLSSON,202609261751WAGLRNZJ,2026_25_sep_23,Citizen Science (ultrasonic) - shared
59~40306+18~07249_20260925_234018.wav,DEV_001_20260925_234018.wav,0,59.40306,18.07249,Leppun,Leptophyes punctatissima,Speckled Bush-cricket,bush-cricket,0.99,,,25/09/2026,25/09/2026,23:40:18,ClassifEspSWE-0002026-05-29_1,JOHANKARLSSON,202609261751WAGLRNZJ,2026_25_sep_23,Citizen Science (ultrasonic) - shared
59~40306+18~07249_20260925_234025.wav,DEV_001_20260925_234025.wav,0,59.40306,18.07249,Leppun,Leptophyes punctatissima,Speckled Bush-cricket,bush-cricket,0.99,,,25/09/2026,25/09/2026,23:40:25,ClassifEspSWE-0002026-05-29_1,JOHANKARLSSON,202609261751WAGLRNZJ,2026_25_sep_23,Citizen Science (ultrasonic) - shared
59~40306+18~07249_20260925_234032.wav,DEV_001_20260925_234032.wav,0,59.40306,18.07249,Leppun,Leptophyes punctatissima,Speckled Bush-cricket,bush-cricket,0.99,,,25/09/2026,25/09/2026,23:40:32,ClassifEspSWE-0002026-05-29_1,JOHANKARLSSON,202609261751WAGLRNZJ,2026_25_sep_23,Citizen Science (ultrasonic) - shared
59~40306+18~07249_20260925_234039.wav,DEV_001_20260925_234039.wav,0,59.40306,18.07249,Leppun,Leptophyes punctatissima,Speckled Bush-cricket,bush-cricket,0.99,,,25/09/2026,25/09/2026,23:40:39,ClassifEspSWE-0002026-05-29_1,JOHANKARLSSON,202609261751WAGLRNZJ,2026_25_sep_23,Citizen Science (ultrasonic) - shared
59~40306+18~07249_20260925_234045.wav,DEV_001_20260925_234045.wav,0,59.40306,18.07249,Leppun,Leptophyes punctatissima,Speckled Bush-cricket,bush-cricket,0.99,,,25/09/2026,25/09/2026,23:40:45,ClassifEspSWE-0002026-05-29_1,JOHANKARLSSON,202609261751WAGLRNZJ,2026_25_sep_23,Citizen Science (ultrasonic) - shared
59~40306+18~07249_20260925_234051.wav,DEV_001_20260925_234051.wav,0,59.40306,18.07249,Leppun,Leptophyes punctatissima,Speckled Bush-cricket,bush-cricket,0.99,,,25/09/2026,25/09/2026,23:40:51,ClassifEspSWE-0002026-05-29_1,JOHANKARLSSON,202609261751WAGLRNZJ,2026_25_sep_23,Citizen Science (ultrasonic) - shared
59~40306+18~07249_20260925_234058.wav,DEV_001_20260925_234058.wav,0,59.40306,18.07249,Leppun,Leptophyes punctatissima,Speckled Bush-cricket,bush-cricket,0.99,,,25/09/2026,25/09/2026,23:40:58,ClassifEspSWE-0002026-05-29_1,JOHANKARLSSON,202609261751WAGLRNZJ,2026_25_sep_23,Citizen Science (ultrasonic) - shared
59~40306+18~07249_20260925_234103.wav,DEV_001_20260925_234103.wav,0,59.40306,18.07249,Leppun,Leptophyes punctatissima,Speckled Bush-cricket,bush-cricket,0.99,,,25/09/2026,25/09/2026,23:41:03,ClassifEspSWE-0002026-05-29_1,JOHANKARLSSON,202609261751WAGLRNZJ,2026_25_sep_23,Citizen Science (ultrasonic) - shared
59~40306+18~07249_20260925_234109.wav,DEV_001_20260925_234109.wav,0,59.40306,18.07249,Leppun,Leptophyes punctatissima,Speckled Bush-cricket,bush-cricket,0.99,,,25/09/2026,25/09/2026,23:41:09,ClassifEspSWE-0002026-05-29_1,JOHANKARLSSON,202609261751WAGLRNZJ,2026_25_sep_23,Citizen Science (ultrasonic) - shared
59~40306+18~07249_20260925_234115.wav,DEV_001_20260925_234115.wav,0,59.40306,18.07249,Leppun,Leptophyes punctatissima,Speckled Bush-cricket,bush-cricket,0.99,,,25/09/2026,25/09/2026,23:41:15,ClassifEspSWE-0002026-05-29_1,JOHANKARLSSON,202609261751WAGLRNZJ,2026_25_sep_23,Citizen Science (ultrasonic) - shared
59~40306+18~07249_20260925_234121.wav,DEV_001_20260925_234121.wav,0,59.40306,18.07249,Leppun,Leptophyes punctatissima,Speckled Bush-cricket,bush-cricket,0.99,,,25/09/2026,25/09/2026,23:41:21,ClassifEspSWE-0002026-05-29_1,JOHANKARLSSON,202609261751WAGLRNZJ,2026_25_sep_23,Citizen Science (ultrasonic) - shared
59~40306+18~07249_20260925_234127.wav,DEV_001_20260925_234127.wav,0,59.40306,18.07249,Leppun,Leptophyes punctatissima,Speckled Bush-cricket,bush-cricket,0.99,,,25/09/2026,25/09/2026,23:41:27,ClassifEspSWE-0002026-05-29_1,JOHANKARLSSON,202609261751WAGLRNZJ,2026_25_sep_23,Citizen Science (ultrasonic) - shared
59~40306+18~07249_20260925_234134.wav,DEV_001_20260925_234134.wav,0,59.40306,18.07249,Leppun,Leptophyes punctatissima,Speckled Bush-cricket,bush-cricket,0.99,,,25/09/2026,25/09/2026,23:41:34,ClassifEspSWE-0002026-05-29_1,JOHANKARLSSON,202609261751WAGLRNZJ,2026_25_sep_23,Citizen Science (ultrasonic) - shared
59~40306+18~07249_20260925_234140.wav,DEV_001_20260925_234140.wav,0,59.40306,18.07249,Leppun,Leptophyes punctatissima,Speckled Bush-cricket,bush-cricket,0.99,,,25/09/2026,25/09/2026,23:41:40,ClassifEspSWE-0002026-05-29_1,JOHANKARLSSON,202609261751WAGLRNZJ,2026_25_sep_23,Citizen Science (ultrasonic) - shared
59~40306+18~07249_20260925_234146.wav,DEV_001_20260925_234146.wav,0,59.40306,18.07249,Leppun,Leptophyes punctatissima,Speckled Bush-cricket,bush-cricket,0.99,,,25/09/2026,25/09/2026,23:41:46,ClassifEspSWE-0002026-05-29_1,JOHANKARLSSON,202609261751WAGLRNZJ,2026_25_sep_23,Citizen Science (ultrasonic) - shared
59~40306+18~07249_20260925_234153.wav,DEV_001_20260925_234153.wav,0,59.40306,18.07249,Leppun,Leptophyes punctatissima,Speckled Bush-cricket,bush-cricket,0.99,,,25/09/2026,25/09/2026,23:41:53,ClassifEspSWE-0002026-05-29_1,JOHANKARLSSON,202609261751WAGLRNZJ,2026_25_sep_23,Citizen Science (ultrasonic) - shared
59~40306+18~07249_20260925_234158.wav,DEV_001_20260925_234158.wav,0,59.40306,18.07249,Leppun,Leptophyes punctatissima,Speckled Bush-cricket,bush-cricket,0.99,,,25/09/2026,25/09/2026,23:41:58,ClassifEspSWE-0002026-05-29_1,JOHANKARLSSON,202609261751WAGLRNZJ,2026_25_sep_23,Citizen Science (ultrasonic) - shared
59~40306+18~07249_20260925_234204.wav,DEV_001_20260925_234204.wav,0,59.40306,18.07249,Leppun,Leptophyes punctatissima,Speckled Bush-cricket,bush-cricket,0.99,,,25/09/2026,25/09/2026,23:42:04,ClassifEspSWE-0002026-05-29_1,JOHANKARLSSON,202609261751WAGLRNZJ,2026_25_sep_23,Citizen Science (ultrasonic) - shared
59~40306+18~07249_20260925_234210.wav,DEV_001_20260925_234210.wav,0,59.40306,18.07249,Leppun,Leptophyes punctatissima,Speckled Bush-cricket,bush-cricket,0.99,,,25/09/2026,25/09/2026,23:42:10,ClassifEspSWE-0002026-05-29_1,JOHANKARLSSON,202609261751WAGLRNZJ,2026_25_sep_23,Citizen Science (ultrasonic) - shared
59~40306+18~07249_20260925_234220.wav,DEV_001_20260925_234220.wav,0,59.40306,18.07249,Leppun,Leptophyes punctatissima,Speckled Bush-cricket,bush-cricket,0.99,,,25/09/2026,25/09/2026,23:42:20,ClassifEspSWE-0002026-05-29_1,JOHANKARLSSON,202609261751WAGLRNZJ,2026_25_sep_23,Citizen Science (ultrasonic) - shared
59~40306+18~07249_20260925_234225.wav,DEV_001_20260925_234225.wav,0,59.40306,18.07249,Leppun,Leptophyes punctatissima,Speckled Bush-cricket,bush-cricket,0.99,,,25/09/2026,25/09/2026,23:42:25,ClassifEspSWE-0002026-05-29_1,JOHANKARLSSON,202609261751WAGLRNZJ,2026_25_sep_23,Citizen Science (ultrasonic) - shared
59~40306+18~07249_20260925_234232.wav,DEV_001_20260925_234232.wav,0,59.40306,18.07249,Leppun,Leptophyes punctatissima,Speckled Bush-cricket,bush-cricket,0.99,,,25/09/2026,25/09/2026,23:42:32,ClassifEspSWE-0002026-05-29_1,JOHANKARLSSON,202609261751WAGLRNZJ,2026_25_sep_23,Citizen Science (ultrasonic) - shared
59~40306+18~07249_20260925_234238.wav,DEV_001_20260925_234238.wav,0,59.40306,18.07249,Leppun,Leptophyes punctatissima,Speckled Bush-cricket,bush-cricket,0.99,,,25/09/2026,25/09/2026,23:42:38,ClassifEspSWE-0002026-05-29_1,JOHANKARLSSON,202609261751WAGLRNZJ,2026_25_sep_23,Citizen Science (ultrasonic) - shared
59~40306+18~07249_20260925_234244.wav,DEV_001_20260925_234244.wav,0,59.40306,18.07249,Leppun,Leptophyes punctatissima,Speckled Bush-cricket,bush-cricket,0.99,,,25/09/2026,25/09/2026,23:42:44,ClassifEspSWE-0002026-05-29_1,JOHANKARLSSON,202609261751WAGLRNZJ,2026_25_sep_23,Citizen Science (ultrasonic) - shared
59~40306+18~07249_20260925_234249.wav,DEV_001_20260925_234249.wav,0,59.40306,18.07249,Leppun,Leptophyes punctatissima,Speckled Bush-cricket,bush-cricket,0.99,,,25/09/2026,25/09/2026,23:42:49,ClassifEspSWE-0002026-05-29_1,JOHANKARLSSON,202609261751WAGLRNZJ,2026_25_sep_23,Citizen Science (ultrasonic) - shared
59~40306+18~07249_20260925_234255.wav,DEV_001_20260925_234255.wav,0,59.40306,18.07249,Leppun,Leptophyes punctatissima,Speckled Bush-cricket,bush-cricket,0.99,,,25/09/2026,25/09/2026,23:42:55,ClassifEspSWE-0002026-05-29_1,JOHANKARLSSON,202609261751WAGLRNZJ,2026_25_sep_23,Citizen Science (ultrasonic) - shared
59~40306+18~07249_20260925_234301.wav,DEV_001_20260925_234301.wav,0,59.40306,18.07249,Leppun,Leptophyes punctatissima,Speckled Bush-cricket,bush-cricket,0.99,,,25/09/2026,25/09/2026,23:43:01,ClassifEspSWE-0002026-05-29_1,JOHANKARLSSON,202609261751WAGLRNZJ,2026_25_sep_23,Citizen Science (ultrasonic) - shared
59~40306+18~07249_20260925_234307.wav,DEV_001_20260925_234307.wav,0,59.40306,18.07249,Leppun,Leptophyes punctatissima,Speckled Bush-cricket,bush-cricket,0.99,,,25/09/2026,25/09/2026,23:43:07,ClassifEspSWE-0002026-05-29_1,JOHANKARLSSON,202609261751WAGLRNZJ,2026_25_sep_23,Citizen Science (ultrasonic) - shared
59~40306+18~07249_20260925_234312.wav,DEV_001_20260925_234312.wav,0,59.40306,18.07249,Leppun,Leptophyes punctatissima,Speckled Bush-cricket,bush-cricket,0.99,,,25/09/2026,25/09/2026,23:43:12,ClassifEspSWE-0002026-05-29_1,JOHANKARLSSON,202609261751WAGLRNZJ,2026_25_sep_23,Citizen Science (ultrasonic) - shared
59~40306+18~07249_20260925_234319.wav,DEV_001_20260925_234319.wav,0,59.40306,18.07249,Leppun,Leptophyes punctatissima,Speckled Bush-cricket,bush-cricket,0.99,,,25/09/2026,25/09/2026,23:43:19,ClassifEspSWE-0002026-05-29_1,JOHANKARLSSON,202609261751WAGLRNZJ,2026_25_sep_23,Citizen Science (ultrasonic) - shared
59~40306+18~07249_20260925_234324.wav,DEV_001_20260925_234324.wav,0,59.40306,18.07249,Leppun,Leptophyes punctatissima,Speckled Bush-cricket,bush-cricket,0.99,,,25/09/2026,25/09/2026,23:43:24,ClassifEspSWE-0002026-05-29_1,JOHANKARLSSON,202609261751WAGLRNZJ,2026_25_sep_23,Citizen Science (ultrasonic) - shared
59~40306+18~07249_20260925_234331.wav,DEV_001_20260925_234331.wav,0,59.40306,18.07249,Leppun,Leptophyes punctatissima,Speckled Bush-cricket,bush-cricket,0.99,,,25/09/2026,25/09/2026,23:43:31,ClassifEspSWE-0002026-05-29_1,JOHANKARLSSON,202609261751WAGLRNZJ,2026_25_sep_23,Citizen Science (ultrasonic) - shared
59~40306+18~07249_20260925_234336.wav,DEV_001_20260925_234336.wav,0,59.40306,18.07249,Leppun,Leptophyes punctatissima,Speckled Bush-cricket,bush-cricket,0.99,,,25/09/2026,25/09/2026,23:43:36,ClassifEspSWE-0002026-05-29_1,JOHANKARLSSON,202609261751WAGLRNZJ,2026_25_sep_23,Citizen Science (ultrasonic) - shared
59~40306+18~07249_20260925_234342.wav,DEV_001_20260925_234342.wav,0,59.40306,18.07249,Leppun,Leptophyes punctatissima,Speckled Bush-cricket,bush-cricket,0.99,,,25/09/2026,25/09/2026,23:43:42,ClassifEspSWE-0002026-05-29_1,JOHANKARLSSON,202609261751WAGLRNZJ,2026_25_sep_23,Citizen Science (ultrasonic) - shared
59~40306+18~07249_20260925_234348.wav,DEV_001_20260925_234348.wav,0,59.40306,18.07249,Leppun,Leptophyes punctatissima,Speckled Bush-cricket,bush-cricket,0.99,,,25/09/2026,25/09/2026,23:43:48,ClassifEspSWE-0002026-05-29_1,JOHANKARLSSON,202609261751WAGLRNZJ,2026_25_sep_23,Citizen Science (ultrasonic) - shared
59~40306+18~07249_20260925_234354.wav,DEV_001_20260925_234354.wav,0,59.40306,18.07249,Leppun,Leptophyes punctatissima,Speckled Bush-cricket,bush-cricket,0.99,,,25/09/2026,25/09/2026,23:43:54,ClassifEspSWE-0002026-05-29_1,JOHANKARLSSON,202609261751WAGLRNZJ,2026_25_sep_23,Citizen Science (ultrasonic) - shared
59~40306+18~07249_20260925_234359.wav,DEV_001_20260925_234359.wav,0,59.40306,18.07249,Leppun,Leptophyes punctatissima,Speckled Bush-cricket,bush-cricket,0.99,,,25/09/2026,25/09/2026,23:43:59,ClassifEspSWE-0002026-05-29_1,JOHANKARLSSON,202609261751WAGLRNZJ,2026_25_sep_23,Citizen Science (ultrasonic) - shared
59~40306+18~07249_20260925_234405.wav,DEV_001_20260925_234405.wav,0,59.40306,18.07249,Leppun,Leptophyes punctatissima,Speckled Bush-cricket,bush-cricket,0.99,,,25/09/2026,25/09/2026,23:44:05,ClassifEspSWE-0002026-05-29_1,JOHANKARLSSON,202609261751WAGLRNZJ,2026_25_sep_23,Citizen Science (ultrasonic) - shared
59~40306+18~07249_20260925_234411.wav,DEV_001_20260925_234411.wav,0,59.40306,18.07249,Leppun,Leptophyes punctatissima,Speckled Bush-cricket,bush-cricket,0.99,,,25/09/2026,25/09/2026,23:44:11,ClassifEspSWE-0002026-05-29_1,JOHANKARLSSON,202609261751WAGLRNZJ,2026_25_sep_23,Citizen Science (ultrasonic) - shared
59~40306+18~07249_20260925_234417.wav,DEV_001_20260925_234417.wav,0,59.40306,18.07249,Leppun,Leptophyes punctatissima,Speckled Bush-cricket,bush-cricket,0.99,,,25/09/2026,25/09/2026,23:44:17,ClassifEspSWE-0002026-05-29_1,JOHANKARLSSON,202609261751WAGLRNZJ,2026_25_sep_23,Citizen Science (ultrasonic) - shared
59~40306+18~07249_20260925_234422.wav,DEV_001_20260925_234422.wav,0,59.40306,18.07249,Leppun,Leptophyes punctatissima,Speckled Bush-cricket,bush-cricket,0.99,,,25/09/2026,25/09/2026,23:44:22,ClassifEspSWE-0002026-05-29_1,JOHANKARLSSON,202609261751WAGLRNZJ,2026_25_sep_23,Citizen Science (ultrasonic) - shared
59~40306+18~07249_20260925_234428.wav,DEV_001_20260925_234428.wav,0,59.40306,18.07249,Leppun,Leptophyes punctatissima,Speckled Bush-cricket,bush-cricket,0.99,,,25/09/2026,25/09/2026,23:44:28,ClassifEspSWE-0002026-05-29_1,JOHANKARLSSON,202609261751WAGLRNZJ,2026_25_sep_23,Citizen Science (ultrasonic) - shared
59~40306+18~07249_20260925_234435.wav,DEV_001_20260925_234435.wav,0,59.40306,18.07249,Leppun,Leptophyes punctatissima,Speckled Bush-cricket,bush-cricket,0.99,,,25/09/2026,25/09/2026,23:44:35,ClassifEspSWE-0002026-05-29_1,JOHANKARLSSON,202609261751WAGLRNZJ,2026_25_sep_23,Citizen Science (ultrasonic) - shared
59~40306+18~07249_20260925_234440.wav,DEV_001_20260925_234440.wav,0,59.40306,18.07249,Leppun,Leptophyes punctatissima,Speckled Bush-cricket,bush-cricket,0.99,,,25/09/2026,25/09/2026,23:44:40,ClassifEspSWE-0002026-05-29_1,JOHANKARLSSON,202609261751WAGLRNZJ,2026_25_sep_23,Citizen Science (ultrasonic) - shared
59~40306+18~07249_20260925_234446.wav,DEV_001_20260925_234446.wav,0,59.40306,18.07249,Leppun,Leptophyes punctatissima,Speckled Bush-cricket,bush-cricket,0.99,,,25/09/2026,25/09/2026,23:44:46,ClassifEspSWE-0002026-05-29_1,JOHANKARLSSON,202609261751WAGLRNZJ,2026_25_sep_23,Citizen Science (ultrasonic) - shared
59~40306+18~07249_20260925_234451.wav,DEV_001_20260925_234451.wav,0,59.40306,18.07249,Leppun,Leptophyes punctatissima,Speckled Bush-cricket,bush-cricket,0.99,,,25/09/2026,25/09/2026,23:44:51,ClassifEspSWE-0002026-05-29_1,JOHANKARLSSON,202609261751WAGLRNZJ,2026_25_sep_23,Citizen Science (ultrasonic) - shared
59~40306+18~07249_20260925_234458.wav,DEV_001_20260925_234458.wav,0,59.40306,18.07249,Leppun,Leptophyes punctatissima,Speckled Bush-cricket,bush-cricket,0.99,,,25/09/2026,25/09/2026,23:44:58,ClassifEspSWE-0002026-05-29_1,JOHANKARLSSON,202609261751WAGLRNZJ,2026_25_sep_23,Citizen Science (ultrasonic) - shared
59~40306+18~07249_20260925_234504.wav,DEV_001_20260925_234504.wav,0,59.40306,18.07249,Leppun,Leptophyes punctatissima,Speckled Bush-cricket,bush-cricket,0.99,,,25/09/2026,25/09/2026,23:45:04,ClassifEspSWE-0002026-05-29_1,JOHANKARLSSON,202609261751WAGLRNZJ,2026_25_sep_23,Citizen Science (ultrasonic) - shared
59~40306+18~07249_20260925_234509.wav,DEV_001_20260925_234509.wav,0,59.40306,18.07249,Leppun,Leptophyes punctatissima,Speckled Bush-cricket,bush-cricket,0.99,,,25/09/2026,25/09/2026,23:45:09,ClassifEspSWE-0002026-05-29_1,JOHANKARLSSON,202609261751WAGLRNZJ,2026_25_sep_23,Citizen Science (ultrasonic) - shared
59~40306+18~07249_20260925_234515.wav,DEV_001_20260925_234515.wav,0,59.40306,18.07249,Leppun,Leptophyes punctatissima,Speckled Bush-cricket,bush-cricket,0.99,,,25/09/2026,25/09/2026,23:45:15,ClassifEspSWE-0002026-05-29_1,JOHANKARLSSON,202609261751WAGLRNZJ,2026_25_sep_23,Citizen Science (ultrasonic) - shared
59~40306+18~07249_20260925_234520.wav,DEV_001_20260925_234520.wav,0,59.40306,18.07249,Leppun,Leptophyes punctatissima,Speckled Bush-cricket,bush-cricket,0.99,,,25/09/2026,25/09/2026,23:45:20,ClassifEspSWE-0002026-05-29_1,JOHANKARLSSON,202609261751WAGLRNZJ,2026_25_sep_23,Citizen Science (ultrasonic) - shared
59~40306+18~07249_20260925_234526.wav,DEV_001_20260925_234526.wav,0,59.40306,18.07249,Leppun,Leptophyes punctatissima,Speckled Bush-cricket,bush-cricket,0.99,,,25/09/2026,25/09/2026,23:45:26,ClassifEspSWE-0002026-05-29_1,JOHANKARLSSON,202609261751WAGLRNZJ,2026_25_sep_23,Citizen Science (ultrasonic) - shared
59~40306+18~07249_20260925_234532.wav,DEV_001_20260925_234532.wav,0,59.40306,18.07249,Leppun,Leptophyes punctatissima,Speckled Bush-cricket,bush-cricket,0.99,,,25/09/2026,25/09/2026,23:45:32,ClassifEspSWE-0002026-05-29_1,JOHANKARLSSON,202609261751WAGLRNZJ,2026_25_sep_23,Citizen Science (ultrasonic) - shared
59~40306+18~07249_20260925_234538.wav,DEV_001_20260925_234538.wav,0,59.40306,18.07249,Leppun,Leptophyes punctatissima,Speckled Bush-cricket,bush-cricket,0.97,,,25/09/2026,25/09/2026,23:45:38,ClassifEspSWE-0002026-05-29_1,JOHANKARLSSON,202609261751WAGLRNZJ,2026_25_sep_23,Citizen Science (ultrasonic) - shared
59~40306+18~07249_20260925_234544.wav,DEV_001_20260925_234544.wav,0,59.40306,18.07249,Leppun,Leptophyes punctatissima,Speckled Bush-cricket,bush-cricket,0.99,,,25/09/2026,25/09/2026,23:45:44,ClassifEspSWE-0002026-05-29_1,JOHANKARLSSON,202609261751WAGLRNZJ,2026_25_sep_23,Citizen Science (ultrasonic) - shared
59~40306+18~07249_20260925_234550.wav,DEV_001_20260925_234550.wav,0,59.40306,18.07249,Leppun,Leptophyes punctatissima,Speckled Bush-cricket,bush-cricket,0.99,,,25/09/2026,25/09/2026,23:45:50,ClassifEspSWE-0002026-05-29_1,JOHANKARLSSON,202609261751WAGLRNZJ,2026_25_sep_23,Citizen Science (ultrasonic) - shared
59~40306+18~07249_20260925_234556.wav,DEV_001_20260925_234556.wav,0,59.40306,18.07249,Leppun,Leptophyes punctatissima,Speckled Bush-cricket,bush-cricket,0.99,,,25/09/2026,25/09/2026,23:45:56,ClassifEspSWE-0002026-05-29_1,JOHANKARLSSON,202609261751WAGLRNZJ,2026_25_sep_23,Citizen Science (ultrasonic) - shared
59~40306+18~07249_20260925_234603.wav,DEV_001_20260925_234603.wav,0,59.40306,18.07249,Leppun,Leptophyes punctatissima,Speckled Bush-cricket,bush-cricket,0.99,,,25/09/2026,25/09/2026,23:46:03,ClassifEspSWE-0002026-05-29_1,JOHANKARLSSON,202609261751WAGLRNZJ,2026_25_sep_23,Citizen Science (ultrasonic) - shared
59~40306+18~07249_20260925_234608.wav,DEV_001_20260925_234608.wav,0,59.40306,18.07249,Leppun,Leptophyes punctatissima,Speckled Bush-cricket,bush-cricket,0.99,,,25/09/2026,25/09/2026,23:46:08,ClassifEspSWE-0002026-05-29_1,JOHANKARLSSON,202609261751WAGLRNZJ,2026_25_sep_23,Citizen Science (ultrasonic) - shared
59~40306+18~07249_20260925_234615.wav,DEV_001_20260925_234615.wav,0,59.40306,18.07249,Leppun,Leptophyes punctatissima,Speckled Bush-cricket,bush-cricket,0.99,,,25/09/2026,25/09/2026,23:46:15,ClassifEspSWE-0002026-05-29_1,JOHANKARLSSON,202609261751WAGLRNZJ,2026_25_sep_23,Citizen Science (ultrasonic) - shared
59~40306+18~07249_20260925_234621.wav,DEV_001_20260925_234621.wav,0,59.40306,18.07249,Leppun,Leptophyes punctatissima,Speckled Bush-cricket,bush-cricket,0.99,,,25/09/2026,25/09/2026,23:46:21,ClassifEspSWE-0002026-05-29_1,JOHANKARLSSON,202609261751WAGLRNZJ,2026_25_sep_23,Citizen Science (ultrasonic) - shared
59~40306+18~07249_20260925_234627.wav,DEV_001_20260925_234627.wav,0,59.40306,18.07249,Leppun,Leptophyes punctatissima,Speckled Bush-cricket,bush-cricket,0.99,,,25/09/2026,25/09/2026,23:46:27,ClassifEspSWE-0002026-05-29_1,JOHANKARLSSON,202609261751WAGLRNZJ,2026_25_sep_23,Citizen Science (ultrasonic) - shared
59~40306+18~07249_20260925_234633.wav,DEV_001_20260925_234633.wav,0,59.40306,18.07249,Leppun,Leptophyes punctatissima,Speckled Bush-cricket,bush-cricket,0.99,,,25/09/2026,25/09/2026,23:46:33,ClassifEspSWE-0002026-05-29_1,JOHANKARLSSON,202609261751WAGLRNZJ,2026_25_sep_23,Citizen Science (ultrasonic) - shared
59~40306+18~07249_20260925_234639.wav,DEV_001_20260925_234639.wav,0,59.40306,18.07249,Leppun,Leptophyes punctatissima,Speckled Bush-cricket,bush-cricket,0.99,,,25/09/2026,25/09/2026,23:46:39,ClassifEspSWE-0002026-05-29_1,JOHANKARLSSON,202609261751WAGLRNZJ,2026_25_sep_23,Citizen Science (ultrasonic) - shared
59~40306+18~07249_20260925_234644.wav,DEV_001_20260925_234644.wav,0,59.40306,18.07249,Leppun,Leptophyes punctatissima,Speckled Bush-cricket,bush-cricket,0.99,,,25/09/2026,25/09/2026,23:46:44,ClassifEspSWE-0002026-05-29_1,JOHANKARLSSON,202609261751WAGLRNZJ,2026_25_sep_23,Citizen Science (ultrasonic) - shared
59~40306+18~07249_20260925_234656.wav,DEV_001_20260925_234656.wav,0,59.40306,18.07249,Leppun,Leptophyes punctatissima,Speckled Bush-cricket,bush-cricket,0.99,,,25/09/2026,25/09/2026,23:46:56,ClassifEspSWE-0002026-05-29_1,JOHANKARLSSON,202609261751WAGLRNZJ,2026_25_sep_23,Citizen Science (ultrasonic) - shared
59~40306+18~07249_20260925_234702.wav,DEV_001_20260925_234702.wav,0,59.40306,18.07249,Leppun,Leptophyes punctatissima,Speckled Bush-cricket,bush-cricket,0.99,,,25/09/2026,25/09/2026,23:47:02,ClassifEspSWE-0002026-05-29_1,JOHANKARLSSON,202609261751WAGLRNZJ,2026_25_sep_23,Citizen Science (ultrasonic) - shared
59~40306+18~07249_20260925_234707.wav,DEV_001_20260925_234707.wav,0,59.40306,18.07249,Leppun,Leptophyes punctatissima,Speckled Bush-cricket,bush-cricket,0.99,,,25/09/2026,25/09/2026,23:47:07,ClassifEspSWE-0002026-05-29_1,JOHANKARLSSON,202609261751WAGLRNZJ,2026_25_sep_23,Citizen Science (ultrasonic) - shared
59~40306+18~07249_20260925_234713.wav,DEV_001_20260925_234713.wav,0,59.40306,18.07249,Leppun,Leptophyes punctatissima,Speckled Bush-cricket,bush-cricket,0.99,,,25/09/2026,25/09/2026,23:47:13,ClassifEspSWE-0002026-05-29_1,JOHANKARLSSON,202609261751WAGLRNZJ,2026_25_sep_23,Citizen Science (ultrasonic) - shared
59~40306+18~07249_20260925_234720.wav,DEV_001_20260925_234720.wav,0,59.40306,18.07249,Leppun,Leptophyes punctatissima,Speckled Bush-cricket,bush-cricket,0.99,,,25/09/2026,25/09/2026,23:47:20,ClassifEspSWE-0002026-05-29_1,JOHANKARLSSON,202609261751WAGLRNZJ,2026_25_sep_23,Citizen Science (ultrasonic) - shared
59~40306+18~07249_20260925_234725.wav,DEV_001_20260925_234725.wav,0,59.40306,18.07249,Leppun,Leptophyes punctatissima,Speckled Bush-cricket,bush-cricket,0.99,,,25/09/2026,25/09/2026,23:47:25,ClassifEspSWE-0002026-05-29_1,JOHANKARLSSON,202609261751WAGLRNZJ,2026_25_sep_23,Citizen Science (ultrasonic) - shared
59~40306+18~07249_20260925_234732.wav,DEV_001_20260925_234732.wav,0,59.40306,18.07249,Leppun,Leptophyes punctatissima,Speckled Bush-cricket,bush-cricket,0.99,,,25/09/2026,25/09/2026,23:47:32,ClassifEspSWE-0002026-05-29_1,JOHANKARLSSON,202609261751WAGLRNZJ,2026_25_sep_23,Citizen Science (ultrasonic) - shared
59~40306+18~07249_20260925_234738.wav,DEV_001_20260925_234738.wav,0,59.40306,18.07249,Leppun,Leptophyes punctatissima,Speckled Bush-cricket,bush-cricket,0.99,,,25/09/2026,25/09/2026,23:47:38,ClassifEspSWE-0002026-05-29_1,JOHANKARLSSON,202609261751WAGLRNZJ,2026_25_sep_23,Citizen Science (ultrasonic) - shared
59~40306+18~07249_20260925_234743.wav,DEV_001_20260925_234743.wav,0,59.40306,18.07249,Leppun,Leptophyes punctatissima,Speckled Bush-cricket,bush-cricket,0.99,,,25/09/2026,25/09/2026,23:47:43,ClassifEspSWE-0002026-05-29_1,JOHANKARLSSON,202609261751WAGLRNZJ,2026_25_sep_23,Citizen Science (ultrasonic) - shared
59~40306+18~07249_20260925_234749.wav,DEV_001_20260925_234749.wav,0,59.40306,18.07249,Leppun,Leptophyes punctatissima,Speckled Bush-cricket,bush-cricket,0.99,,,25/09/2026,25/09/2026,23:47:49,ClassifEspSWE-0002026-05-29_1,JOHANKARLSSON,202609261751WAGLRNZJ,2026_25_sep_23,Citizen Science (ultrasonic) - shared
59~40306+18~07249_20260925_234755.wav,DEV_001_20260925_234755.wav,0,59.40306,18.07249,Leppun,Leptophyes punctatissima,Speckled Bush-cricket,bush-cricket,0.99,,,25/09/2026,25/09/2026,23:47:55,ClassifEspSWE-0002026-05-29_1,JOHANKARLSSON,202609261751WAGLRNZJ,2026_25_sep_23,Citizen Science (ultrasonic) - shared
59~40306+18~07249_20260925_234801.wav,DEV_001_20260925_234801.wav,0,59.40306,18.07249,Leppun,Leptophyes punctatissima,Speckled Bush-cricket,bush-cricket,0.99,,,25/09/2026,25/09/2026,23:48:01,ClassifEspSWE-0002026-05-29_1,JOHANKARLSSON,202609261751WAGLRNZJ,2026_25_sep_23,Citizen Science (ultrasonic) - shared
59~40306+18~07249_20260925_234807.wav,DEV_001_20260925_234807.wav,0,59.40306,18.07249,Leppun,Leptophyes punctatissima,Speckled Bush-cricket,bush-cricket,0.99,,,25/09/2026,25/09/2026,23:48:07,ClassifEspSWE-0002026-05-29_1,JOHANKARLSSON,202609261751WAGLRNZJ,2026_25_sep_23,Citizen Science (ultrasonic) - shared
59~40306+18~07249_20260925_234813.wav,DEV_001_20260925_234813.wav,0,59.40306,18.07249,Leppun,Leptophyes punctatissima,Speckled Bush-cricket,bush-cricket,0.99,,,25/09/2026,25/09/2026,23:48:13,ClassifEspSWE-0002026-05-29_1,JOHANKARLSSON,202609261751WAGLRNZJ,2026_25_sep_23,Citizen Science (ultrasonic) - shared
59~40306+18~07249_20260925_234819.wav,DEV_001_20260925_234819.wav,0,59.40306,18.07249,Leppun,Leptophyes punctatissima,Speckled Bush-cricket,bush-cricket,0.99,,,25/09/2026,25/09/2026,23:48:19,ClassifEspSWE-0002026-05-29_1,JOHANKARLSSON,202609261751WAGLRNZJ,2026_25_sep_23,Citizen Science (ultrasonic) - shared
59~40306+18~07249_20260925_234826.wav,DEV_001_20260925_234826.wav,0,59.40306,18.07249,Leppun,Leptophyes punctatissima,Speckled Bush-cricket,bush-cricket,0.99,,,25/09/2026,25/09/2026,23:48:26,ClassifEspSWE-0002026-05-29_1,JOHANKARLSSON,202609261751WAGLRNZJ,2026_25_sep_23,Citizen Science (ultrasonic) - shared
59~40306+18~07249_20260925_234831.wav,DEV_001_20260925_234831.wav,0,59.40306,18.07249,Leppun,Leptophyes punctatissima,Speckled Bush-cricket,bush-cricket,0.99,,,25/09/2026,25/09/2026,23:48:31,ClassifEspSWE-0002026-05-29_1,JOHANKARLSSON,202609261751WAGLRNZJ,2026_25_sep_23,Citizen Science (ultrasonic) - shared
59~40306+18~07249_20260925_234837.wav,DEV_001_20260925_234837.wav,0,59.40306,18.07249,Leppun,Leptophyes punctatissima,Speckled Bush-cricket,bush-cricket,0.99,,,25/09/2026,25/09/2026,23:48:37,ClassifEspSWE-0002026-05-29_1,JOHANKARLSSON,202609261751WAGLRNZJ,2026_25_sep_23,Citizen Science (ultrasonic) - shared
59~40306+18~07249_20260925_234843.wav,DEV_001_20260925_234843.wav,0,59.40306,18.07249,Leppun,Leptophyes punctatissima,Speckled Bush-cricket,bush-cricket,0.99,,,25/09/2026,25/09/2026,23:48:43,ClassifEspSWE-0002026-05-29_1,JOHANKARLSSON,202609261751WAGLRNZJ,2026_25_sep_23,Citizen Science (ultrasonic) - shared
59~40306+18~07249_20260925_234848.wav,DEV_001_20260925_234848.wav,0,59.40306,18.07249,Leppun,Leptophyes punctatissima,Speckled Bush-cricket,bush-cricket,0.99,,,25/09/2026,25/09/2026,23:48:48,ClassifEspSWE-0002026-05-29_1,JOHANKARLSSON,202609261751WAGLRNZJ,2026_25_sep_23,Citizen Science (ultrasonic) - shared
59~40306+18~07249_20260925_234854.wav,DEV_001_20260925_234854.wav,0,59.40306,18.07249,Leppun,Leptophyes punctatissima,Speckled Bush-cricket,bush-cricket,0.99,,,25/09/2026,25/09/2026,23:48:54,ClassifEspSWE-0002026-05-29_1,JOHANKARLSSON,202609261751WAGLRNZJ,2026_25_sep_23,Citizen Science (ultrasonic) - shared
59~40306+18~07249_20260925_234859.wav,DEV_001_20260925_234859.wav,0,59.40306,18.07249,Leppun,Leptophyes punctatissima,Speckled Bush-cricket,bush-cricket,0.99,,,25/09/2026,25/09/2026,23:48:59,ClassifEspSWE-0002026-05-29_1,JOHANKARLSSON,202609261751WAGLRNZJ,2026_25_sep_23,Citizen Science (ultrasonic) - shared
59~40306+18~07249_20260925_234906.wav,DEV_001_20260925_234906.wav,0,59.40306,18.07249,Leppun,Leptophyes punctatissima,Speckled Bush-cricket,bush-cricket,0.99,,,25/09/2026,25/09/2026,23:49:06,ClassifEspSWE-0002026-05-29_1,JOHANKARLSSON,202609261751WAGLRNZJ,2026_25_sep_23,Citizen Science (ultrasonic) - shared
59~40306+18~07249_20260925_234913.wav,DEV_001_20260925_234913.wav,0,59.40306,18.07249,Leppun,Leptophyes punctatissima,Speckled Bush-cricket,bush-cricket,0.99,,,25/09/2026,25/09/2026,23:49:13,ClassifEspSWE-0002026-05-29_1,JOHANKARLSSON,202609261751WAGLRNZJ,2026_25_sep_23,Citizen Science (ultrasonic) - shared
59~40306+18~07249_20260925_234919.wav,DEV_001_20260925_234919.wav,0,59.40306,18.07249,Leppun,Leptophyes punctatissima,Speckled Bush-cricket,bush-cricket,0.99,,,25/09/2026,25/09/2026,23:49:19,ClassifEspSWE-0002026-05-29_1,JOHANKARLSSON,202609261751WAGLRNZJ,2026_25_sep_23,Citizen Science (ultrasonic) - shared
59~40306+18~07249_20260925_234925.wav,DEV_001_20260925_234925.wav,0,59.40306,18.07249,Leppun,Leptophyes punctatissima,Speckled Bush-cricket,bush-cricket,0.99,,,25/09/2026,25/09/2026,23:49:25,ClassifEspSWE-0002026-05-29_1,JOHANKARLSSON,202609261751WAGLRNZJ,2026_25_sep_23,Citizen Science (ultrasonic) - shared
59~40306+18~07249_20260925_234931.wav,DEV_001_20260925_234931.wav,0,59.40306,18.07249,Leppun,Leptophyes punctatissima,Speckled Bush-cricket,bush-cricket,0.99,,,25/09/2026,25/09/2026,23:49:31,ClassifEspSWE-0002026-05-29_1,JOHANKARLSSON,202609261751WAGLRNZJ,2026_25_sep_23,Citizen Science (ultrasonic) - shared
59~40306+18~07249_20260925_234937.wav,DEV_001_20260925_234937.wav,0,59.40306,18.07249,Leppun,Leptophyes punctatissima,Speckled Bush-cricket,bush-cricket,0.99,,,25/09/2026,25/09/2026,23:49:37,ClassifEspSWE-0002026-05-29_1,JOHANKARLSSON,202609261751WAGLRNZJ,2026_25_sep_23,Citizen Science (ultrasonic) - shared
59~40306+18~07249_20260925_234943.wav,DEV_001_20260925_234943.wav,0,59.40306,18.07249,Leppun,Leptophyes punctatissima,Speckled Bush-cricket,bush-cricket,0.99,,,25/09/2026,25/09/2026,23:49:43,ClassifEspSWE-0002026-05-29_1,JOHANKARLSSON,202609261751WAGLRNZJ,2026_25_sep_23,Citizen Science (ultrasonic) - shared
59~40306+18~07249_20260925_234949.wav,DEV_001_20260925_234949.wav,0,59.40306,18.07249,Leppun,Leptophyes punctatissima,Speckled Bush-cricket,bush-cricket,0.99,,,25/09/2026,25/09/2026,23:49:49,ClassifEspSWE-0002026-05-29_1,JOHANKARLSSON,202609261751WAGLRNZJ,2026_25_sep_23,Citizen Science (ultrasonic) - shared
59~40306+18~07249_20260925_234956.wav,DEV_001_20260925_234956.wav,0,59.40306,18.07249,Leppun,Leptophyes punctatissima,Speckled Bush-cricket,bush-cricket,0.99,,,25/09/2026,25/09/2026,23:49:56,ClassifEspSWE-0002026-05-29_1,JOHANKARLSSON,202609261751WAGLRNZJ,2026_25_sep_23,Citizen Science (ultrasonic) - shared
59~40306+18~07249_20260925_235001.wav,DEV_001_20260925_235001.wav,0,59.40306,18.07249,Leppun,Leptophyes punctatissima,Speckled Bush-cricket,bush-cricket,0.99,,,25/09/2026,25/09/2026,23:50:01,ClassifEspSWE-0002026-05-29_1,JOHANKARLSSON,202609261751WAGLRNZJ,2026_25_sep_23,Citizen Science (ultrasonic) - shared
59~40306+18~07249_20260925_235007.wav,DEV_001_20260925_235007.wav,0,59.40306,18.07249,Leppun,Leptophyes punctatissima,Speckled Bush-cricket,bush-cricket,0.99,,,25/09/2026,25/09/2026,23:50:07,ClassifEspSWE-0002026-05-29_1,JOHANKARLSSON,202609261751WAGLRNZJ,2026_25_sep_23,Citizen Science (ultrasonic) - shared
59~40306+18~07249_20260925_235013.wav,DEV_001_20260925_235013.wav,0,59.40306,18.07249,Leppun,Leptophyes punctatissima,Speckled Bush-cricket,bush-cricket,0.99,,,25/09/2026,25/09/2026,23:50:13,ClassifEspSWE-0002026-05-29_1,JOHANKARLSSON,202609261751WAGLRNZJ,2026_25_sep_23,Citizen Science (ultrasonic) - shared
59~40306+18~07249_20260925_235019.wav,DEV_001_20260925_235019.wav,0,59.40306,18.07249,Leppun,Leptophyes punctatissima,Speckled Bush-cricket,bush-cricket,0.99,,,25/09/2026,25/09/2026,23:50:19,ClassifEspSWE-0002026-05-29_1,JOHANKARLSSON,202609261751WAGLRNZJ,2026_25_sep_23,Citizen Science (ultrasonic) - shared
59~40306+18~07249_20260925_235025.wav,DEV_001_20260925_235025.wav,0,59.40306,18.07249,Leppun,Leptophyes punctatissima,Speckled Bush-cricket,bush-cricket,0.99,,,25/09/2026,25/09/2026,23:50:25,ClassifEspSWE-0002026-05-29_1,JOHANKARLSSON,202609261751WAGLRNZJ,2026_25_sep_23,Citizen Science (ultrasonic) - shared
59~40306+18~07249_20260925_235030.wav,DEV_001_20260925_235030.wav,0,59.40306,18.07249,Leppun,Leptophyes punctatissima,Speckled Bush-cricket,bush-cricket,0.99,,,25/09/2026,25/09/2026,23:50:30,ClassifEspSWE-0002026-05-29_1,JOHANKARLSSON,202609261751WAGLRNZJ,2026_25_sep_23,Citizen Science (ultrasonic) - shared
59~40306+18~07249_20260925_235036.wav,DEV_001_20260925_235036.wav,0,59.40306,18.07249,Leppun,Leptophyes punctatissima,Speckled Bush-cricket,bush-cricket,0.99,,,25/09/2026,25/09/2026,23:50:36,ClassifEspSWE-0002026-05-29_1,JOHANKARLSSON,202609261751WAGLRNZJ,2026_25_sep_23,Citizen Science (ultrasonic) - shared
59~40306+18~07249_20260925_235042.wav,DEV_001_20260925_235042.wav,0,59.40306,18.07249,Leppun,Leptophyes punctatissima,Speckled Bush-cricket,bush-cricket,0.99,,,25/09/2026,25/09/2026,23:50:42,ClassifEspSWE-0002026-05-29_1,JOHANKARLSSON,202609261751WAGLRNZJ,2026_25_sep_23,Citizen Science (ultrasonic) - shared
59~40306+18~07249_20260925_235048.wav,DEV_001_20260925_235048.wav,0,59.40306,18.07249,Leppun,Leptophyes punctatissima,Speckled Bush-cricket,bush-cricket,0.99,,,25/09/2026,25/09/2026,23:50:48,ClassifEspSWE-0002026-05-29_1,JOHANKARLSSON,202609261751WAGLRNZJ,2026_25_sep_23,Citizen Science (ultrasonic) - shared
59~40306+18~07249_20260925_235054.wav,DEV_001_20260925_235054.wav,0,59.40306,18.07249,Leppun,Leptophyes punctatissima,Speckled Bush-cricket,bush-cricket,0.99,,,25/09/2026,25/09/2026,23:50:54,ClassifEspSWE-0002026-05-29_1,JOHANKARLSSON,202609261751WAGLRNZJ,2026_25_sep_23,Citizen Science (ultrasonic) - shared
59~40306+18~07249_20260925_235059.wav,DEV_001_20260925_235059.wav,0,59.40306,18.07249,Leppun,Leptophyes punctatissima,Speckled Bush-cricket,bush-cricket,0.99,,,25/09/2026,25/09/2026,23:50:59,ClassifEspSWE-0002026-05-29_1,JOHANKARLSSON,202609261751WAGLRNZJ,2026_25_sep_23,Citizen Science (ultrasonic) - shared
59~40306+18~07249_20260925_235105.wav,DEV_001_20260925_235105.wav,0,59.40306,18.07249,Leppun,Leptophyes punctatissima,Speckled Bush-cricket,bush-cricket,0.99,,,25/09/2026,25/09/2026,23:51:05,ClassifEspSWE-0002026-05-29_1,JOHANKARLSSON,202609261751WAGLRNZJ,2026_25_sep_23,Citizen Science (ultrasonic) - shared
59~40306+18~07249_20260925_235111.wav,DEV_001_20260925_235111.wav,0,59.40306,18.07249,Leppun,Leptophyes punctatissima,Speckled Bush-cricket,bush-cricket,0.99,,,25/09/2026,25/09/2026,23:51:11,ClassifEspSWE-0002026-05-29_1,JOHANKARLSSON,202609261751WAGLRNZJ,2026_25_sep_23,Citizen Science (ultrasonic) - shared
59~40306+18~07249_20260925_235117.wav,DEV_001_20260925_235117.wav,0,59.40306,18.07249,Leppun,Leptophyes punctatissima,Speckled Bush-cricket,bush-cricket,0.99,,,25/09/2026,25/09/2026,23:51:17,ClassifEspSWE-0002026-05-29_1,JOHANKARLSSON,202609261751WAGLRNZJ,2026_25_sep_23,Citizen Science (ultrasonic) - shared
59~40306+18~07249_20260925_235123.wav,DEV_001_20260925_235123.wav,0,59.40306,18.07249,Leppun,Leptophyes punctatissima,Speckled Bush-cricket,bush-cricket,0.99,,,25/09/2026,25/09/2026,23:51:23,ClassifEspSWE-0002026-05-29_1,JOHANKARLSSON,202609261751WAGLRNZJ,2026_25_sep_23,Citizen Science (ultrasonic) - shared
59~40306+18~07249_20260925_235128.wav,DEV_001_20260925_235128.wav,0,59.40306,18.07249,Leppun,Leptophyes punctatissima,Speckled Bush-cricket,bush-cricket,0.99,,,25/09/2026,25/09/2026,23:51:28,ClassifEspSWE-0002026-05-29_1,JOHANKARLSSON,202609261751WAGLRNZJ,2026_25_sep_23,Citizen Science (ultrasonic) - shared
59~40306+18~07249_20260925_235134.wav,DEV_001_20260925_235134.wav,0,59.40306,18.07249,Leppun,Leptophyes punctatissima,Speckled Bush-cricket,bush-cricket,0.99,,,25/09/2026,25/09/2026,23:51:34,ClassifEspSWE-0002026-05-29_1,JOHANKARLSSON,202609261751WAGLRNZJ,2026_25_sep_23,Citizen Science (ultrasonic) - shared
59~40306+18~07249_20260925_235141.wav,DEV_001_20260925_235141.wav,0,59.40306,18.07249,Leppun,Leptophyes punctatissima,Speckled Bush-cricket,bush-cricket,0.99,,,25/09/2026,25/09/2026,23:51:41,ClassifEspSWE-0002026-05-29_1,JOHANKARLSSON,202609261751WAGLRNZJ,2026_25_sep_23,Citizen Science (ultrasonic) - shared
59~40306+18~07249_20260925_235153.wav,DEV_001_20260925_235153.wav,0,59.40306,18.07249,Leppun,Leptophyes punctatissima,Speckled Bush-cricket,bush-cricket,0.99,,,25/09/2026,25/09/2026,23:51:53,ClassifEspSWE-0002026-05-29_1,JOHANKARLSSON,202609261751WAGLRNZJ,2026_25_sep_23,Citizen Science (ultrasonic) - shared
59~40306+18~07249_20260925_235159.wav,DEV_001_20260925_235159.wav,0,59.40306,18.07249,Leppun,Leptophyes punctatissima,Speckled Bush-cricket,bush-cricket,0.99,,,25/09/2026,25/09/2026,23:51:59,ClassifEspSWE-0002026-05-29_1,JOHANKARLSSON,202609261751WAGLRNZJ,2026_25_sep_23,Citizen Science (ultrasonic) - shared
59~40306+18~07249_20260925_235205.wav,DEV_001_20260925_235205.wav,0,59.40306,18.07249,Leppun,Leptophyes punctatissima,Speckled Bush-cricket,bush-cricket,0.99,,,25/09/2026,25/09/2026,23:52:05,ClassifEspSWE-0002026-05-29_1,JOHANKARLSSON,202609261751WAGLRNZJ,2026_25_sep_23,Citizen Science (ultrasonic) - shared
59~40306+18~07249_20260925_235212.wav,DEV_001_20260925_235212.wav,0,59.40306,18.07249,Leppun,Leptophyes punctatissima,Speckled Bush-cricket,bush-cricket,0.99,,,25/09/2026,25/09/2026,23:52:12,ClassifEspSWE-0002026-05-29_1,JOHANKARLSSON,202609261751WAGLRNZJ,2026_25_sep_23,Citizen Science (ultrasonic) - shared
59~40306+18~07249_20260925_235218.wav,DEV_001_20260925_235218.wav,0,59.40306,18.07249,Leppun,Leptophyes punctatissima,Speckled Bush-cricket,bush-cricket,0.99,,,25/09/2026,25/09/2026,23:52:18,ClassifEspSWE-0002026-05-29_1,JOHANKARLSSON,202609261751WAGLRNZJ,2026_25_sep_23,Citizen Science (ultrasonic) - shared
59~40306+18~07249_20260925_235225.wav,DEV_001_20260925_235225.wav,0,59.40306,18.07249,Leppun,Leptophyes punctatissima,Speckled Bush-cricket,bush-cricket,0.99,,,25/09/2026,25/09/2026,23:52:25,ClassifEspSWE-0002026-05-29_1,JOHANKARLSSON,202609261751WAGLRNZJ,2026_25_sep_23,Citizen Science (ultrasonic) - shared
59~40306+18~07249_20260925_235231.wav,DEV_001_20260925_235231.wav,0,59.40306,18.07249,Leppun,Leptophyes punctatissima,Speckled Bush-cricket,bush-cricket,0.99,,,25/09/2026,25/09/2026,23:52:31,ClassifEspSWE-0002026-05-29_1,JOHANKARLSSON,202609261751WAGLRNZJ,2026_25_sep_23,Citizen Science (ultrasonic) - shared
59~40306+18~07249_20260925_235237.wav,DEV_001_20260925_235237.wav,0,59.40306,18.07249,Leppun,Leptophyes punctatissima,Speckled Bush-cricket,bush-cricket,0.99,,,25/09/2026,25/09/2026,23:52:37,ClassifEspSWE-0002026-05-29_1,JOHANKARLSSON,202609261751WAGLRNZJ,2026_25_sep_23,Citizen Science (ultrasonic) - shared
59~40306+18~07249_20260925_235244.wav,DEV_001_20260925_235244.wav,0,59.40306,18.07249,Leppun,Leptophyes punctatissima,Speckled Bush-cricket,bush-cricket,0.99,,,25/09/2026,25/09/2026,23:52:44,ClassifEspSWE-0002026-05-29_1,JOHANKARLSSON,202609261751WAGLRNZJ,2026_25_sep_23,Citizen Science (ultrasonic) - shared
59~40306+18~07249_20260925_235250.wav,DEV_001_20260925_235250.wav,0,59.40306,18.07249,Leppun,Leptophyes punctatissima,Speckled Bush-cricket,bush-cricket,0.99,,,25/09/2026,25/09/2026,23:52:50,ClassifEspSWE-0002026-05-29_1,JOHANKARLSSON,202609261751WAGLRNZJ,2026_25_sep_23,Citizen Science (ultrasonic) - shared
59~40306+18~07249_20260925_235255.wav,DEV_001_20260925_235255.wav,0,59.40306,18.07249,Leppun,Leptophyes punctatissima,Speckled Bush-cricket,bush-cricket,0.99,,,25/09/2026,25/09/2026,23:52:55,ClassifEspSWE-0002026-05-29_1,JOHANKARLSSON,202609261751WAGLRNZJ,2026_25_sep_23,Citizen Science (ultrasonic) - shared
59~40306+18~07249_20260925_235301.wav,DEV_001_20260925_235301.wav,0,59.40306,18.07249,Leppun,Leptophyes punctatissima,Speckled Bush-cricket,bush-cricket,0.99,,,25/09/2026,25/09/2026,23:53:01,ClassifEspSWE-0002026-05-29_1,JOHANKARLSSON,202609261751WAGLRNZJ,2026_25_sep_23,Citizen Science (ultrasonic) - shared
59~40306+18~07249_20260925_235307.wav,DEV_001_20260925_235307.wav,0,59.40306,18.07249,Leppun,Leptophyes punctatissima,Speckled Bush-cricket,bush-cricket,0.99,,,25/09/2026,25/09/2026,23:53:07,ClassifEspSWE-0002026-05-29_1,JOHANKARLSSON,202609261751WAGLRNZJ,2026_25_sep_23,Citizen Science (ultrasonic) - shared
59~40306+18~07249_20260925_235314.wav,DEV_001_20260925_235314.wav,0,59.40306,18.07249,Leppun,Leptophyes punctatissima,Speckled Bush-cricket,bush-cricket,0.99,,,25/09/2026,25/09/2026,23:53:14,ClassifEspSWE-0002026-05-29_1,JOHANKARLSSON,202609261751WAGLRNZJ,2026_25_sep_23,Citizen Science (ultrasonic) - shared
59~40306+18~07249_20260925_235320.wav,DEV_001_20260925_235320.wav,0,59.40306,18.07249,Leppun,Leptophyes punctatissima,Speckled Bush-cricket,bush-cricket,0.99,,,25/09/2026,25/09/2026,23:53:20,ClassifEspSWE-0002026-05-29_1,JOHANKARLSSON,202609261751WAGLRNZJ,2026_25_sep_23,Citizen Science (ultrasonic) - shared
59~40306+18~07249_20260925_235326.wav,DEV_001_20260925_235326.wav,0,59.40306,18.07249,Leppun,Leptophyes punctatissima,Speckled Bush-cricket,bush-cricket,0.99,,,25/09/2026,25/09/2026,23:53:26,ClassifEspSWE-0002026-05-29_1,JOHANKARLSSON,202609261751WAGLRNZJ,2026_25_sep_23,Citizen Science (ultrasonic) - shared
59~40306+18~07249_20260925_235332.wav,DEV_001_20260925_235332.wav,0,59.40306,18.07249,Leppun,Leptophyes punctatissima,Speckled Bush-cricket,bush-cricket,0.99,,,25/09/2026,25/09/2026,23:53:32,ClassifEspSWE-0002026-05-29_1,JOHANKARLSSON,202609261751WAGLRNZJ,2026_25_sep_23,Citizen Science (ultrasonic) - shared
59~40306+18~07249_20260925_235338.wav,DEV_001_20260925_235338.wav,0,59.40306,18.07249,Leppun,Leptophyes punctatissima,Speckled Bush-cricket,bush-cricket,0.99,,,25/09/2026,25/09/2026,23:53:38,ClassifEspSWE-0002026-05-29_1,JOHANKARLSSON,202609261751WAGLRNZJ,2026_25_sep_23,Citizen Science (ultrasonic) - shared
59~40306+18~07249_20260925_235344.wav,DEV_001_20260925_235344.wav,0,59.40306,18.07249,Leppun,Leptophyes punctatissima,Speckled Bush-cricket,bush-cricket,0.99,,,25/09/2026,25/09/2026,23:53:44,ClassifEspSWE-0002026-05-29_1,JOHANKARLSSON,202609261751WAGLRNZJ,2026_25_sep_23,Citizen Science (ultrasonic) - shared
59~40306+18~07249_20260925_235351.wav,DEV_001_20260925_235351.wav,0,59.40306,18.07249,Leppun,Leptophyes punctatissima,Speckled Bush-cricket,bush-cricket,0.99,,,25/09/2026,25/09/2026,23:53:51,ClassifEspSWE-0002026-05-29_1,JOHANKARLSSON,202609261751WAGLRNZJ,2026_25_sep_23,Citizen Science (ultrasonic) - shared
59~40306+18~07249_20260925_235357.wav,DEV_001_20260925_235357.wav,0,59.40306,18.07249,Leppun,Leptophyes punctatissima,Speckled Bush-cricket,bush-cricket,0.99,,,25/09/2026,25/09/2026,23:53:57,ClassifEspSWE-0002026-05-29_1,JOHANKARLSSON,202609261751WAGLRNZJ,2026_25_sep_23,Citizen Science (ultrasonic) - shared
59~40306+18~07249_20260925_235404.wav,DEV_001_20260925_235404.wav,0,59.40306,18.07249,Leppun,Leptophyes punctatissima,Speckled Bush-cricket,bush-cricket,0.99,,,25/09/2026,25/09/2026,23:54:04,ClassifEspSWE-0002026-05-29_1,JOHANKARLSSON,202609261751WAGLRNZJ,2026_25_sep_23,Citizen Science (ultrasonic) - shared
59~40306+18~07249_20260925_235410.wav,DEV_001_20260925_235410.wav,0,59.40306,18.07249,Leppun,Leptophyes punctatissima,Speckled Bush-cricket,bush-cricket,0.99,,,25/09/2026,25/09/2026,23:54:10,ClassifEspSWE-0002026-05-29_1,JOHANKARLSSON,202609261751WAGLRNZJ,2026_25_sep_23,Citizen Science (ultrasonic) - shared
59~40306+18~07249_20260925_235416.wav,DEV_001_20260925_235416.wav,0,59.40306,18.07249,Leppun,Leptophyes punctatissima,Speckled Bush-cricket,bush-cricket,0.99,,,25/09/2026,25/09/2026,23:54:16,ClassifEspSWE-0002026-05-29_1,JOHANKARLSSON,202609261751WAGLRNZJ,2026_25_sep_23,Citizen Science (ultrasonic) - shared
59~40306+18~07249_20260925_235422.wav,DEV_001_20260925_235422.wav,0,59.40306,18.07249,Leppun,Leptophyes punctatissima,Speckled Bush-cricket,bush-cricket,0.99,,,25/09/2026,25/09/2026,23:54:22,ClassifEspSWE-0002026-05-29_1,JOHANKARLSSON,202609261751WAGLRNZJ,2026_25_sep_23,Citizen Science (ultrasonic) - shared
59~40306+18~07249_20260925_235429.wav,DEV_001_20260925_235429.wav,0,59.40306,18.07249,Leppun,Leptophyes punctatissima,Speckled Bush-cricket,bush-cricket,0.99,,,25/09/2026,25/09/2026,23:54:29,ClassifEspSWE-0002026-05-29_1,JOHANKARLSSON,202609261751WAGLRNZJ,2026_25_sep_23,Citizen Science (ultrasonic) - shared
59~40306+18~07249_20260925_235435.wav,DEV_001_20260925_235435.wav,0,59.40306,18.07249,Leppun,Leptophyes punctatissima,Speckled Bush-cricket,bush-cricket,0.99,,,25/09/2026,25/09/2026,23:54:35,ClassifEspSWE-0002026-05-29_1,JOHANKARLSSON,202609261751WAGLRNZJ,2026_25_sep_23,Citizen Science (ultrasonic) - shared
59~40306+18~07249_20260925_235441.wav,DEV_001_20260925_235441.wav,0,59.40306,18.07249,Leppun,Leptophyes punctatissima,Speckled Bush-cricket,bush-cricket,0.99,,,25/09/2026,25/09/2026,23:54:41,ClassifEspSWE-0002026-05-29_1,JOHANKARLSSON,202609261751WAGLRNZJ,2026_25_sep_23,Citizen Science (ultrasonic) - shared
59~40306+18~07249_20260925_235447.wav,DEV_001_20260925_235447.wav,0,59.40306,18.07249,Leppun,Leptophyes punctatissima,Speckled Bush-cricket,bush-cricket,0.99,,,25/09/2026,25/09/2026,23:54:47,ClassifEspSWE-0002026-05-29_1,JOHANKARLSSON,202609261751WAGLRNZJ,2026_25_sep_23,Citizen Science (ultrasonic) - shared
59~40306+18~07249_20260925_235453.wav,DEV_001_20260925_235453.wav,0,59.40306,18.07249,Leppun,Leptophyes punctatissima,Speckled Bush-cricket,bush-cricket,0.99,,,25/09/2026,25/09/2026,23:54:53,ClassifEspSWE-0002026-05-29_1,JOHANKARLSSON,202609261751WAGLRNZJ,2026_25_sep_23,Citizen Science (ultrasonic) - shared
59~40306+18~07249_20260925_235459.wav,DEV_001_20260925_235459.wav,0,59.40306,18.07249,Leppun,Leptophyes punctatissima,Speckled Bush-cricket,bush-cricket,0.99,,,25/09/2026,25/09/2026,23:54:59,ClassifEspSWE-0002026-05-29_1,JOHANKARLSSON,202609261751WAGLRNZJ,2026_25_sep_23,Citizen Science (ultrasonic) - shared
59~40306+18~07249_20260925_235506.wav,DEV_001_20260925_235506.wav,0,59.40306,18.07249,Leppun,Leptophyes punctatissima,Speckled Bush-cricket,bush-cricket,0.99,,,25/09/2026,25/09/2026,23:55:06,ClassifEspSWE-0002026-05-29_1,JOHANKARLSSON,202609261751WAGLRNZJ,2026_25_sep_23,Citizen Science (ultrasonic) - shared
59~40306+18~07249_20260925_235513.wav,DEV_001_20260925_235513.wav,0,59.40306,18.07249,Leppun,Leptophyes punctatissima,Speckled Bush-cricket,bush-cricket,0.99,,,25/09/2026,25/09/2026,23:55:13,ClassifEspSWE-0002026-05-29_1,JOHANKARLSSON,202609261751WAGLRNZJ,2026_25_sep_23,Citizen Science (ultrasonic) - shared
59~40306+18~07249_20260925_235519.wav,DEV_001_20260925_235519.wav,0,59.40306,18.07249,Leppun,Leptophyes punctatissima,Speckled Bush-cricket,bush-cricket,0.99,,,25/09/2026,25/09/2026,23:55:19,ClassifEspSWE-0002026-05-29_1,JOHANKARLSSON,202609261751WAGLRNZJ,2026_25_sep_23,Citizen Science (ultrasonic) - shared
59~40306+18~07249_20260925_235525.wav,DEV_001_20260925_235525.wav,0,59.40306,18.07249,Leppun,Leptophyes punctatissima,Speckled Bush-cricket,bush-cricket,0.99,,,25/09/2026,25/09/2026,23:55:25,ClassifEspSWE-0002026-05-29_1,JOHANKARLSSON,202609261751WAGLRNZJ,2026_25_sep_23,Citizen Science (ultrasonic) - shared
59~40306+18~07249_20260925_235533.wav,DEV_001_20260925_235533.wav,0,59.40306,18.07249,Leppun,Leptophyes punctatissima,Speckled Bush-cricket,bush-cricket,0.99,,,25/09/2026,25/09/2026,23:55:33,ClassifEspSWE-0002026-05-29_1,JOHANKARLSSON,202609261751WAGLRNZJ,2026_25_sep_23,Citizen Science (ultrasonic) - shared
59~40306+18~07249_20260925_235539.wav,DEV_001_20260925_235539.wav,0,59.40306,18.07249,Leppun,Leptophyes punctatissima,Speckled Bush-cricket,bush-cricket,0.99,,,25/09/2026,25/09/2026,23:55:39,ClassifEspSWE-0002026-05-29_1,JOHANKARLSSON,202609261751WAGLRNZJ,2026_25_sep_23,Citizen Science (ultrasonic) - shared
59~40306+18~07249_20260925_235546.wav,DEV_001_20260925_235546.wav,0,59.40306,18.07249,Leppun,Leptophyes punctatissima,Speckled Bush-cricket,bush-cricket,0.99,,,25/09/2026,25/09/2026,23:55:46,ClassifEspSWE-0002026-05-29_1,JOHANKARLSSON,202609261751WAGLRNZJ,2026_25_sep_23,Citizen Science (ultrasonic) - shared
59~40306+18~07249_20260925_235552.wav,DEV_001_20260925_235552.wav,0,59.40306,18.07249,Leppun,Leptophyes punctatissima,Speckled Bush-cricket,bush-cricket,0.99,,,25/09/2026,25/09/2026,23:55:52,ClassifEspSWE-0002026-05-29_1,JOHANKARLSSON,202609261751WAGLRNZJ,2026_25_sep_23,Citizen Science (ultrasonic) - shared
59~40306+18~07249_20260925_235559.wav,DEV_001_20260925_235559.wav,0,59.40306,18.07249,Leppun,Leptophyes punctatissima,Speckled Bush-cricket,bush-cricket,0.99,,,25/09/2026,25/09/2026,23:55:59,ClassifEspSWE-0002026-05-29_1,JOHANKARLSSON,202609261751WAGLRNZJ,2026_25_sep_23,Citizen Science (ultrasonic) - shared
59~40306+18~07249_20260925_235606.wav,DEV_001_20260925_235606.wav,0,59.40306,18.07249,Leppun,Leptophyes punctatissima,Speckled Bush-cricket,bush-cricket,0.99,,,25/09/2026,25/09/2026,23:56:06,ClassifEspSWE-0002026-05-29_1,JOHANKARLSSON,202609261751WAGLRNZJ,2026_25_sep_23,Citizen Science (ultrasonic) - shared
59~40306+18~07249_20260925_235612.wav,DEV_001_20260925_235612.wav,0,59.40306,18.07249,Leppun,Leptophyes punctatissima,Speckled Bush-cricket,bush-cricket,0.99,,,25/09/2026,25/09/2026,23:56:12,ClassifEspSWE-0002026-05-29_1,JOHANKARLSSON,202609261751WAGLRNZJ,2026_25_sep_23,Citizen Science (ultrasonic) - shared
59~40306+18~07249_20260925_235619.wav,DEV_001_20260925_235619.wav,0,59.40306,18.07249,Leppun,Leptophyes punctatissima,Speckled Bush-cricket,bush-cricket,0.99,,,25/09/2026,25/09/2026,23:56:19,ClassifEspSWE-0002026-05-29_1,JOHANKARLSSON,202609261751WAGLRNZJ,2026_25_sep_23,Citizen Science (ultrasonic) - shared
59~40306+18~07249_20260925_235626.wav,DEV_001_20260925_235626.wav,0,59.40306,18.07249,Leppun,Leptophyes punctatissima,Speckled Bush-cricket,bush-cricket,0.99,,,25/09/2026,25/09/2026,23:56:26,ClassifEspSWE-0002026-05-29_1,JOHANKARLSSON,202609261751WAGLRNZJ,2026_25_sep_23,Citizen Science (ultrasonic) - shared
59~40306+18~07249_20260925_235633.wav,DEV_001_20260925_235633.wav,0,59.40306,18.07249,Leppun,Leptophyes punctatissima,Speckled Bush-cricket,bush-cricket,0.99,,,25/09/2026,25/09/2026,23:56:33,ClassifEspSWE-0002026-05-29_1,JOHANKARLSSON,202609261751WAGLRNZJ,2026_25_sep_23,Citizen Science (ultrasonic) - shared
59~40306+18~07249_20260925_235639.wav,DEV_001_20260925_235639.wav,0,59.40306,18.07249,Leppun,Leptophyes punctatissima,Speckled Bush-cricket,bush-cricket,0.99,,,25/09/2026,25/09/2026,23:56:39,ClassifEspSWE-0002026-05-29_1,JOHANKARLSSON,202609261751WAGLRNZJ,2026_25_sep_23,Citizen Science (ultrasonic) - shared
59~40306+18~07249_20260925_235645.wav,DEV_001_20260925_235645.wav,0,59.40306,18.07249,Leppun,Leptophyes punctatissima,Speckled Bush-cricket,bush-cricket,0.99,,,25/09/2026,25/09/2026,23:56:45,ClassifEspSWE-0002026-05-29_1,JOHANKARLSSON,202609261751WAGLRNZJ,2026_25_sep_23,Citizen Science (ultrasonic) - shared
59~40306+18~07249_20260925_235652.wav,DEV_001_20260925_235652.wav,0,59.40306,18.07249,Leppun,Leptophyes punctatissima,Speckled Bush-cricket,bush-cricket,0.99,,,25/09/2026,25/09/2026,23:56:52,ClassifEspSWE-0002026-05-29_1,JOHANKARLSSON,202609261751WAGLRNZJ,2026_25_sep_23,Citizen Science (ultrasonic) - shared
59~40306+18~07249_20260925_235659.wav,DEV_001_20260925_235659.wav,0,59.40306,18.07249,Leppun,Leptophyes punctatissima,Speckled Bush-cricket,bush-cricket,0.99,,,25/09/2026,25/09/2026,23:56:59,ClassifEspSWE-0002026-05-29_1,JOHANKARLSSON,202609261751WAGLRNZJ,2026_25_sep_23,Citizen Science (ultrasonic) - shared
59~40306+18~07249_20260925_235705.wav,DEV_001_20260925_235705.wav,0,59.40306,18.07249,Leppun,Leptophyes punctatissima,Speckled Bush-cricket,bush-cricket,0.99,,,25/09/2026,25/09/2026,23:57:05,ClassifEspSWE-0002026-05-29_1,JOHANKARLSSON,202609261751WAGLRNZJ,2026_25_sep_23,Citizen Science (ultrasonic) - shared
59~40306+18~07249_20260925_235712.wav,DEV_001_20260925_235712.wav,0,59.40306,18.07249,Leppun,Leptophyes punctatissima,Speckled Bush-cricket,bush-cricket,0.99,,,25/09/2026,25/09/2026,23:57:12,ClassifEspSWE-0002026-05-29_1,JOHANKARLSSON,202609261751WAGLRNZJ,2026_25_sep_23,Citizen Science (ultrasonic) - shared
59~40306+18~07249_20260925_235719.wav,DEV_001_20260925_235719.wav,0,59.40306,18.07249,Leppun,Leptophyes punctatissima,Speckled Bush-cricket,bush-cricket,0.99,,,25/09/2026,25/09/2026,23:57:19,ClassifEspSWE-0002026-05-29_1,JOHANKARLSSON,202609261751WAGLRNZJ,2026_25_sep_23,Citizen Science (ultrasonic) - shared
59~40306+18~07249_20260925_235725.wav,DEV_001_20260925_235725.wav,0,59.40306,18.07249,Leppun,Leptophyes punctatissima,Speckled Bush-cricket,bush-cricket,0.99,,,25/09/2026,25/09/2026,23:57:25,ClassifEspSWE-0002026-05-29_1,JOHANKARLSSON,202609261751WAGLRNZJ,2026_25_sep_23,Citizen Science (ultrasonic) - shared
59~40306+18~07249_20260925_235732.wav,DEV_001_20260925_235732.wav,0,59.40306,18.07249,Leppun,Leptophyes punctatissima,Speckled Bush-cricket,bush-cricket,0.99,,,25/09/2026,25/09/2026,23:57:32,ClassifEspSWE-0002026-05-29_1,JOHANKARLSSON,202609261751WAGLRNZJ,2026_25_sep_23,Citizen Science (ultrasonic) - shared
59~40306+18~07249_20260925_235738.wav,DEV_001_20260925_235738.wav,0,59.40306,18.07249,Leppun,Leptophyes punctatissima,Speckled Bush-cricket,bush-cricket,0.99,,,25/09/2026,25/09/2026,23:57:38,ClassifEspSWE-0002026-05-29_1,JOHANKARLSSON,202609261751WAGLRNZJ,2026_25_sep_23,Citizen Science (ultrasonic) - shared
59~40306+18~07249_20260925_235745.wav,DEV_001_20260925_235745.wav,0,59.40306,18.07249,Leppun,Leptophyes punctatissima,Speckled Bush-cricket,bush-cricket,0.99,,,25/09/2026,25/09/2026,23:57:45,ClassifEspSWE-0002026-05-29_1,JOHANKARLSSON,202609261751WAGLRNZJ,2026_25_sep_23,Citizen Science (ultrasonic) - shared
59~40306+18~07249_20260925_235751.wav,DEV_001_20260925_235751.wav,0,59.40306,18.07249,Leppun,Leptophyes punctatissima,Speckled Bush-cricket,bush-cricket,0.99,,,25/09/2026,25/09/2026,23:57:51,ClassifEspSWE-0002026-05-29_1,JOHANKARLSSON,202609261751WAGLRNZJ,2026_25_sep_23,Citizen Science (ultrasonic) - shared
59~40306+18~07249_20260925_235758.wav,DEV_001_20260925_235758.wav,0,59.40306,18.07249,Leppun,Leptophyes punctatissima,Speckled Bush-cricket,bush-cricket,0.99,,,25/09/2026,25/09/2026,23:57:58,ClassifEspSWE-0002026-05-29_1,JOHANKARLSSON,202609261751WAGLRNZJ,2026_25_sep_23,Citizen Science (ultrasonic) - shared
59~40306+18~07249_20260925_235804.wav,DEV_001_20260925_235804.wav,0,59.40306,18.07249,Leppun,Leptophyes punctatissima,Speckled Bush-cricket,bush-cricket,0.99,,,25/09/2026,25/09/2026,23:58:04,ClassifEspSWE-0002026-05-29_1,JOHANKARLSSON,202609261751WAGLRNZJ,2026_25_sep_23,Citizen Science (ultrasonic) - shared
59~40306+18~07249_20260925_235810.wav,DEV_001_20260925_235810.wav,0,59.40306,18.07249,Leppun,Leptophyes punctatissima,Speckled Bush-cricket,bush-cricket,0.99,,,25/09/2026,25/09/2026,23:58:10,ClassifEspSWE-0002026-05-29_1,JOHANKARLSSON,202609261751WAGLRNZJ,2026_25_sep_23,Citizen Science (ultrasonic) - shared
59~40306+18~07249_20260925_235817.wav,DEV_001_20260925_235817.wav,0,59.40306,18.07249,Leppun,Leptophyes punctatissima,Speckled Bush-cricket,bush-cricket,0.99,,,25/09/2026,25/09/2026,23:58:17,ClassifEspSWE-0002026-05-29_1,JOHANKARLSSON,202609261751WAGLRNZJ,2026_25_sep_23,Citizen Science (ultrasonic) - shared
59~40306+18~07249_20260925_235825.wav,DEV_001_20260925_235825.wav,0,59.40306,18.07249,Leppun,Leptophyes punctatissima,Speckled Bush-cricket,bush-cricket,0.99,,,25/09/2026,25/09/2026,23:58:25,ClassifEspSWE-0002026-05-29_1,JOHANKARLSSON,202609261751WAGLRNZJ,2026_25_sep_23,Citizen Science (ultrasonic) - shared
59~40306+18~07249_20260925_235832.wav,DEV_001_20260925_235832.wav,0,59.40306,18.07249,Leppun,Leptophyes punctatissima,Speckled Bush-cricket,bush-cricket,0.99,,,25/09/2026,25/09/2026,23:58:32,ClassifEspSWE-0002026-05-29_1,JOHANKARLSSON,202609261751WAGLRNZJ,2026_25_sep_23,Citizen Science (ultrasonic) - shared
59~40306+18~07249_20260925_235838.wav,DEV_001_20260925_235838.wav,0,59.40306,18.07249,Leppun,Leptophyes punctatissima,Speckled Bush-cricket,bush-cricket,0.99,,,25/09/2026,25/09/2026,23:58:38,ClassifEspSWE-0002026-05-29_1,JOHANKARLSSON,202609261751WAGLRNZJ,2026_25_sep_23,Citizen Science (ultrasonic) - shared
59~40306+18~07249_20260925_235845.wav,DEV_001_20260925_235845.wav,0,59.40306,18.07249,Leppun,Leptophyes punctatissima,Speckled Bush-cricket,bush-cricket,0.99,,,25/09/2026,25/09/2026,23:58:45,ClassifEspSWE-0002026-05-29_1,JOHANKARLSSON,202609261751WAGLRNZJ,2026_25_sep_23,Citizen Science (ultrasonic) - shared
59~40306+18~07249_20260925_235853.wav,DEV_001_20260925_235853.wav,0,59.40306,18.07249,Leppun,Leptophyes punctatissima,Speckled Bush-cricket,bush-cricket,0.99,,,25/09/2026,25/09/2026,23:58:53,ClassifEspSWE-0002026-05-29_1,JOHANKARLSSON,202609261751WAGLRNZJ,2026_25_sep_23,Citizen Science (ultrasonic) - shared
59~40306+18~07249_20260925_235859.wav,DEV_001_20260925_235859.wav,0,59.40306,18.07249,Leppun,Leptophyes punctatissima,Speckled Bush-cricket,bush-cricket,0.99,,,25/09/2026,25/09/2026,23:58:59,ClassifEspSWE-0002026-05-29_1,JOHANKARLSSON,202609261751WAGLRNZJ,2026_25_sep_23,Citizen Science (ultrasonic) - shared
59~40306+18~07249_20260925_235905.wav,DEV_001_20260925_235905.wav,0,59.40306,18.07249,Leppun,Leptophyes punctatissima,Speckled Bush-cricket,bush-cricket,0.99,,,25/09/2026,25/09/2026,23:59:05,ClassifEspSWE-0002026-05-29_1,JOHANKARLSSON,202609261751WAGLRNZJ,2026_25_sep_23,Citizen Science (ultrasonic) - shared
59~40306+18~07249_20260925_235911.wav,DEV_001_20260925_235911.wav,0,59.40306,18.07249,Leppun,Leptophyes punctatissima,Speckled Bush-cricket,bush-cricket,0.99,,,25/09/2026,25/09/2026,23:59:11,ClassifEspSWE-0002026-05-29_1,JOHANKARLSSON,202609261751WAGLRNZJ,2026_25_sep_23,Citizen Science (ultrasonic) - shared
59~40306+18~07249_20260925_235916.wav,DEV_001_20260925_235916.wav,0,59.40306,18.07249,Leppun,Leptophyes punctatissima,Speckled Bush-cricket,bush-cricket,0.99,,,25/09/2026,25/09/2026,23:59:16,ClassifEspSWE-0002026-05-29_1,JOHANKARLSSON,202609261751WAGLRNZJ,2026_25_sep_23,Citizen Science (ultrasonic) - shared
59~40306+18~07249_20260925_235922.wav,DEV_001_20260925_235922.wav,0,59.40306,18.07249,Leppun,Leptophyes punctatissima,Speckled Bush-cricket,bush-cricket,0.99,,,25/09/2026,25/09/2026,23:59:22,ClassifEspSWE-0002026-05-29_1,JOHANKARLSSON,202609261751WAGLRNZJ,2026_25_sep_23,Citizen Science (ultrasonic) - shared
59~40306+18~07249_20260925_235927.wav,DEV_001_20260925_235927.wav,0,59.40306,18.07249,Leppun,Leptophyes punctatissima,Speckled Bush-cricket,bush-cricket,0.99,,,25/09/2026,25/09/2026,23:59:27,ClassifEspSWE-0002026-05-29_1,JOHANKARLSSON,202609261751WAGLRNZJ,2026_25_sep_23,Citizen Science (ultrasonic) - shared
59~40306+18~07249_20260925_235935.wav,DEV_001_20260925_235935.wav,0,59.40306,18.07249,Leppun,Leptophyes punctatissima,Speckled Bush-cricket,bush-cricket,0.99,,,25/09/2026,25/09/2026,23:59:35,ClassifEspSWE-0002026-05-29_1,JOHANKARLSSON,202609261751WAGLRNZJ,2026_25_sep_23,Citizen Science (ultrasonic) - shared
59~40306+18~07249_20260925_235942.wav,DEV_001_20260925_235942.wav,0,59.40306,18.07249,Leppun,Leptophyes punctatissima,Speckled Bush-cricket,bush-cricket,0.99,,,25/09/2026,25/09/2026,23:59:42,ClassifEspSWE-0002026-05-29_1,JOHANKARLSSON,202609261751WAGLRNZJ,2026_25_sep_23,Citizen Science (ultrasonic) - shared
59~40306+18~07249_20260925_235947.wav,DEV_001_20260925_235947.wav,0,59.40306,18.07249,Leppun,Leptophyes punctatissima,Speckled Bush-cricket,bush-cricket,0.99,,,25/09/2026,25/09/2026,23:59:47,ClassifEspSWE-0002026-05-29_1,JOHANKARLSSON,202609261751WAGLRNZJ,2026_25_sep_23,Citizen Science (ultrasonic) - shared
59~40306+18~07249_20260925_235954.wav,DEV_001_20260925_235954.wav,0,59.40306,18.07249,Leppun,Leptophyes punctatissima,Speckled Bush-cricket,bush-cricket,0.99,,,25/09/2026,25/09/2026,23:59:54,ClassifEspSWE-0002026-05-29_1,JOHANKARLSSON,202609261751WAGLRNZJ,2026_25_sep_23,Citizen Science (ultrasonic) - shared
59~40306+18~07249_20260925_235959.wav,DEV_001_20260925_235959.wav,0,59.40306,18.07249,Leppun,Leptophyes punctatissima,Speckled Bush-cricket,bush-cricket,0.99,,,25/09/2026,25/09/2026,23:59:59,ClassifEspSWE-0002026-05-29_1,JOHANKARLSSON,202609261751WAGLRNZJ,2026_25_sep_23,Citizen Science (ultrasonic) - shared
59~40306+18~07249_20260925_230004.wav,DEV_001_20260925_230004.wav,0,59.40306,18.07249,Phogri,Pholidoptera griseoaptera,Dark Bush-cricket,bush-cricket,0.82,,,25/09/2026,25/09/2026,23:00:04,ClassifEspSWE-0002026-05-29_1,JOHANKARLSSON,202609261751WAGLRNZJ,2026_25_sep_23,Citizen Science (ultrasonic) - shared
59~40306+18~07249_20260925_230010.wav,DEV_001_20260925_230010.wav,0,59.40306,18.07249,Phogri,Pholidoptera griseoaptera,Dark Bush-cricket,bush-cricket,0.84,,,25/09/2026,25/09/2026,23:00:10,ClassifEspSWE-0002026-05-29_1,JOHANKARLSSON,202609261751WAGLRNZJ,2026_25_sep_23,Citizen Science (ultrasonic) - shared
59~40306+18~07249_20260925_230016.wav,DEV_001_20260925_230016.wav,0,59.40306,18.07249,Phogri,Pholidoptera griseoaptera,Dark Bush-cricket,bush-cricket,0.89,,,25/09/2026,25/09/2026,23:00:16,ClassifEspSWE-0002026-05-29_1,JOHANKARLSSON,202609261751WAGLRNZJ,2026_25_sep_23,Citizen Science (ultrasonic) - shared
59~40306+18~07249_20260925_230023.wav,DEV_001_20260925_230023.wav,0,59.40306,18.07249,Phogri,Pholidoptera griseoaptera,Dark Bush-cricket,bush-cricket,0.99,,,25/09/2026,25/09/2026,23:00:23,ClassifEspSWE-0002026-05-29_1,JOHANKARLSSON,202609261751WAGLRNZJ,2026_25_sep_23,Citizen Science (ultrasonic) - shared
59~40306+18~07249_20260925_230029.wav,DEV_001_20260925_230029.wav,0,59.40306,18.07249,Phogri,Pholidoptera griseoaptera,Dark Bush-cricket,bush-cricket,0.93,,,25/09/2026,25/09/2026,23:00:29,ClassifEspSWE-0002026-05-29_1,JOHANKARLSSON,202609261751WAGLRNZJ,2026_25_sep_23,Citizen Science (ultrasonic) - shared
59~40306+18~07249_20260925_230034.wav,DEV_001_20260925_230034.wav,0,59.40306,18.07249,Phogri,Pholidoptera griseoaptera,Dark Bush-cricket,bush-cricket,0.98,,,25/09/2026,25/09/2026,23:00:34,ClassifEspSWE-0002026-05-29_1,JOHANKARLSSON,202609261751WAGLRNZJ,2026_25_sep_23,Citizen Science (ultrasonic) - shared
59~40306+18~07249_20260925_230039.wav,DEV_001_20260925_230039.wav,0,59.40306,18.07249,Phogri,Pholidoptera griseoaptera,Dark Bush-cricket,bush-cricket,0.95,,,25/09/2026,25/09/2026,23:00:39,ClassifEspSWE-0002026-05-29_1,JOHANKARLSSON,202609261751WAGLRNZJ,2026_25_sep_23,Citizen Science (ultrasonic) - shared
59~40306+18~07249_20260925_230045.wav,DEV_001_20260925_230045.wav,0,59.40306,18.07249,Phogri,Pholidoptera griseoaptera,Dark Bush-cricket,bush-cricket,0.99,,,25/09/2026,25/09/2026,23:00:45,ClassifEspSWE-0002026-05-29_1,JOHANKARLSSON,202609261751WAGLRNZJ,2026_25_sep_23,Citizen Science (ultrasonic) - shared
59~40306+18~07249_20260925_230050.wav,DEV_001_20260925_230050.wav,0,59.40306,18.07249,Phogri,Pholidoptera griseoaptera,Dark Bush-cricket,bush-cricket,0.98,,,25/09/2026,25/09/2026,23:00:50,ClassifEspSWE-0002026-05-29_1,JOHANKARLSSON,202609261751WAGLRNZJ,2026_25_sep_23,Citizen Science (ultrasonic) - shared
59~40306+18~07249_20260925_230056.wav,DEV_001_20260925_230056.wav,0,59.40306,18.07249,Phogri,Pholidoptera griseoaptera,Dark Bush-cricket,bush-cricket,0.99,,,25/09/2026,25/09/2026,23:00:56,ClassifEspSWE-0002026-05-29_1,JOHANKARLSSON,202609261751WAGLRNZJ,2026_25_sep_23,Citizen Science (ultrasonic) - shared
59~40306+18~07249_20260925_230102.wav,DEV_001_20260925_230102.wav,0,59.40306,18.07249,Phogri,Pholidoptera griseoaptera,Dark Bush-cricket,bush-cricket,0.84,,,25/09/2026,25/09/2026,23:01:02,ClassifEspSWE-0002026-05-29_1,JOHANKARLSSON,202609261751WAGLRNZJ,2026_25_sep_23,Citizen Science (ultrasonic) - shared
59~40306+18~07249_20260925_230109.wav,DEV_001_20260925_230109.wav,0,59.40306,18.07249,Phogri,Pholidoptera griseoaptera,Dark Bush-cricket,bush-cricket,0.93,,,25/09/2026,25/09/2026,23:01:09,ClassifEspSWE-0002026-05-29_1,JOHANKARLSSON,202609261751WAGLRNZJ,2026_25_sep_23,Citizen Science (ultrasonic) - shared
59~40306+18~07249_20260925_230114.wav,DEV_001_20260925_230114.wav,0,59.40306,18.07249,Phogri,Pholidoptera griseoaptera,Dark Bush-cricket,bush-cricket,0.99,,,25/09/2026,25/09/2026,23:01:14,ClassifEspSWE-0002026-05-29_1,JOHANKARLSSON,202609261751WAGLRNZJ,2026_25_sep_23,Citizen Science (ultrasonic) - shared
59~40306+18~07249_20260925_230119.wav,DEV_001_20260925_230119.wav,0,59.40306,18.07249,Phogri,Pholidoptera griseoaptera,Dark Bush-cricket,bush-cricket,0.89,,,25/09/2026,25/09/2026,23:01:19,ClassifEspSWE-0002026-05-29_1,JOHANKARLSSON,202609261751WAGLRNZJ,2026_25_sep_23,Citizen Science (ultrasonic) - shared
59~40306+18~07249_20260925_230126.wav,DEV_001_20260925_230126.wav,0,59.40306,18.07249,Phogri,Pholidoptera griseoaptera,Dark Bush-cricket,bush-cricket,0.98,,,25/09/2026,25/09/2026,23:01:26,ClassifEspSWE-0002026-05-29_1,JOHANKARLSSON,202609261751WAGLRNZJ,2026_25_sep_23,Citizen Science (ultrasonic) - shared
59~40306+18~07249_20260925_230132.wav,DEV_001_20260925_230132.wav,0,59.40306,18.07249,Phogri,Pholidoptera griseoaptera,Dark Bush-cricket,bush-cricket,0.99,,,25/09/2026,25/09/2026,23:01:32,ClassifEspSWE-0002026-05-29_1,JOHANKARLSSON,202609261751WAGLRNZJ,2026_25_sep_23,Citizen Science (ultrasonic) - shared
59~40306+18~07249_20260925_230137.wav,DEV_001_20260925_230137.wav,0,59.40306,18.07249,Phogri,Pholidoptera griseoaptera,Dark Bush-cricket,bush-cricket,0.99,,,25/09/2026,25/09/2026,23:01:37,ClassifEspSWE-0002026-05-29_1,JOHANKARLSSON,202609261751WAGLRNZJ,2026_25_sep_23,Citizen Science (ultrasonic) - shared
59~40306+18~07249_20260925_230142.wav,DEV_001_20260925_230142.wav,0,59.40306,18.07249,Phogri,Pholidoptera griseoaptera,Dark Bush-cricket,bush-cricket,0.98,,,25/09/2026,25/09/2026,23:01:42,ClassifEspSWE-0002026-05-29_1,JOHANKARLSSON,202609261751WAGLRNZJ,2026_25_sep_23,Citizen Science (ultrasonic) - shared
59~40306+18~07249_20260925_230149.wav,DEV_001_20260925_230149.wav,0,59.40306,18.07249,Phogri,Pholidoptera griseoaptera,Dark Bush-cricket,bush-cricket,0.9,,,25/09/2026,25/09/2026,23:01:49,ClassifEspSWE-0002026-05-29_1,JOHANKARLSSON,202609261751WAGLRNZJ,2026_25_sep_23,Citizen Science (ultrasonic) - shared
59~40306+18~07249_20260925_230154.wav,DEV_001_20260925_230154.wav,0,59.40306,18.07249,Phogri,Pholidoptera griseoaptera,Dark Bush-cricket,bush-cricket,0.89,,,25/09/2026,25/09/2026,23:01:54,ClassifEspSWE-0002026-05-29_1,JOHANKARLSSON,202609261751WAGLRNZJ,2026_25_sep_23,Citizen Science (ultrasonic) - shared
59~40306+18~07249_20260925_230200.wav,DEV_001_20260925_230200.wav,0,59.40306,18.07249,Phogri,Pholidoptera griseoaptera,Dark Bush-cricket,bush-cricket,0.92,,,25/09/2026,25/09/2026,23:02:00,ClassifEspSWE-0002026-05-29_1,JOHANKARLSSON,202609261751WAGLRNZJ,2026_25_sep_23,Citizen Science (ultrasonic) - shared
59~40306+18~07249_20260925_230207.wav,DEV_001_20260925_230207.wav,0,59.40306,18.07249,Phogri,Pholidoptera griseoaptera,Dark Bush-cricket,bush-cricket,0.92,,,25/09/2026,25/09/2026,23:02:07,ClassifEspSWE-0002026-05-29_1,JOHANKARLSSON,202609261751WAGLRNZJ,2026_25_sep_23,Citizen Science (ultrasonic) - shared
59~40306+18~07249_20260925_230213.wav,DEV_001_20260925_230213.wav,0,59.40306,18.07249,Phogri,Pholidoptera griseoaptera,Dark Bush-cricket,bush-cricket,0.94,,,25/09/2026,25/09/2026,23:02:13,ClassifEspSWE-0002026-05-29_1,JOHANKARLSSON,202609261751WAGLRNZJ,2026_25_sep_23,Citizen Science (ultrasonic) - shared
59~40306+18~07249_20260925_230220.wav,DEV_001_20260925_230220.wav,0,59.40306,18.07249,Phogri,Pholidoptera griseoaptera,Dark Bush-cricket,bush-cricket,0.97,,,25/09/2026,25/09/2026,23:02:20,ClassifEspSWE-0002026-05-29_1,JOHANKARLSSON,202609261751WAGLRNZJ,2026_25_sep_23,Citizen Science (ultrasonic) - shared
59~40306+18~07249_20260925_230225.wav,DEV_001_20260925_230225.wav,0,59.40306,18.07249,Phogri,Pholidoptera griseoaptera,Dark Bush-cricket,bush-cricket,0.93,,,25/09/2026,25/09/2026,23:02:25,ClassifEspSWE-0002026-05-29_1,JOHANKARLSSON,202609261751WAGLRNZJ,2026_25_sep_23,Citizen Science (ultrasonic) - shared
59~40306+18~07249_20260925_230231.wav,DEV_001_20260925_230231.wav,0,59.40306,18.07249,Phogri,Pholidoptera griseoaptera,Dark Bush-cricket,bush-cricket,0.88,,,25/09/2026,25/09/2026,23:02:31,ClassifEspSWE-0002026-05-29_1,JOHANKARLSSON,202609261751WAGLRNZJ,2026_25_sep_23,Citizen Science (ultrasonic) - shared
59~40306+18~07249_20260925_230237.wav,DEV_001_20260925_230237.wav,0,59.40306,18.07249,Phogri,Pholidoptera griseoaptera,Dark Bush-cricket,bush-cricket,0.87,,,25/09/2026,25/09/2026,23:02:37,ClassifEspSWE-0002026-05-29_1,JOHANKARLSSON,202609261751WAGLRNZJ,2026_25_sep_23,Citizen Science (ultrasonic) - shared
59~40306+18~07249_20260925_230243.wav,DEV_001_20260925_230243.wav,0,59.40306,18.07249,Phogri,Pholidoptera griseoaptera,Dark Bush-cricket,bush-cricket,0.99,,,25/09/2026,25/09/2026,23:02:43,ClassifEspSWE-0002026-05-29_1,JOHANKARLSSON,202609261751WAGLRNZJ,2026_25_sep_23,Citizen Science (ultrasonic) - shared
59~40306+18~07249_20260925_230248.wav,DEV_001_20260925_230248.wav,0,59.40306,18.07249,Phogri,Pholidoptera griseoaptera,Dark Bush-cricket,bush-cricket,0.9,,,25/09/2026,25/09/2026,23:02:48,ClassifEspSWE-0002026-05-29_1,JOHANKARLSSON,202609261751WAGLRNZJ,2026_25_sep_23,Citizen Science (ultrasonic) - shared
59~40306+18~07249_20260925_230255.wav,DEV_001_20260925_230255.wav,0,59.40306,18.07249,Phogri,Pholidoptera griseoaptera,Dark Bush-cricket,bush-cricket,0.89,,,25/09/2026,25/09/2026,23:02:55,ClassifEspSWE-0002026-05-29_1,JOHANKARLSSON,202609261751WAGLRNZJ,2026_25_sep_23,Citizen Science (ultrasonic) - shared
59~40306+18~07249_20260925_230301.wav,DEV_001_20260925_230301.wav,0,59.40306,18.07249,Phogri,Pholidoptera griseoaptera,Dark Bush-cricket,bush-cricket,0.78,,,25/09/2026,25/09/2026,23:03:01,ClassifEspSWE-0002026-05-29_1,JOHANKARLSSON,202609261751WAGLRNZJ,2026_25_sep_23,Citizen Science (ultrasonic) - shared
59~40306+18~07249_20260925_230307.wav,DEV_001_20260925_230307.wav,0,59.40306,18.07249,Phogri,Pholidoptera griseoaptera,Dark Bush-cricket,bush-cricket,0.99,,,25/09/2026,25/09/2026,23:03:07,ClassifEspSWE-0002026-05-29_1,JOHANKARLSSON,202609261751WAGLRNZJ,2026_25_sep_23,Citizen Science (ultrasonic) - shared
59~40306+18~07249_20260925_230312.wav,DEV_001_20260925_230312.wav,0,59.40306,18.07249,Phogri,Pholidoptera griseoaptera,Dark Bush-cricket,bush-cricket,0.99,,,25/09/2026,25/09/2026,23:03:12,ClassifEspSWE-0002026-05-29_1,JOHANKARLSSON,202609261751WAGLRNZJ,2026_25_sep_23,Citizen Science (ultrasonic) - shared
59~40306+18~07249_20260925_230319.wav,DEV_001_20260925_230319.wav,0,59.40306,18.07249,Phogri,Pholidoptera griseoaptera,Dark Bush-cricket,bush-cricket,0.96,,,25/09/2026,25/09/2026,23:03:19,ClassifEspSWE-0002026-05-29_1,JOHANKARLSSON,202609261751WAGLRNZJ,2026_25_sep_23,Citizen Science (ultrasonic) - shared
59~40306+18~07249_20260925_230325.wav,DEV_001_20260925_230325.wav,0,59.40306,18.07249,Phogri,Pholidoptera griseoaptera,Dark Bush-cricket,bush-cricket,0.9,,,25/09/2026,25/09/2026,23:03:25,ClassifEspSWE-0002026-05-29_1,JOHANKARLSSON,202609261751WAGLRNZJ,2026_25_sep_23,Citizen Science (ultrasonic) - shared
59~40306+18~07249_20260925_230331.wav,DEV_001_20260925_230331.wav,0,59.40306,18.07249,Phogri,Pholidoptera griseoaptera,Dark Bush-cricket,bush-cricket,0.93,,,25/09/2026,25/09/2026,23:03:31,ClassifEspSWE-0002026-05-29_1,JOHANKARLSSON,202609261751WAGLRNZJ,2026_25_sep_23,Citizen Science (ultrasonic) - shared
59~40306+18~07249_20260925_230336.wav,DEV_001_20260925_230336.wav,0,59.40306,18.07249,Phogri,Pholidoptera griseoaptera,Dark Bush-cricket,bush-cricket,0.98,,,25/09/2026,25/09/2026,23:03:36,ClassifEspSWE-0002026-05-29_1,JOHANKARLSSON,202609261751WAGLRNZJ,2026_25_sep_23,Citizen Science (ultrasonic) - shared
59~40306+18~07249_20260925_230341.wav,DEV_001_20260925_230341.wav,0,59.40306,18.07249,Phogri,Pholidoptera griseoaptera,Dark Bush-cricket,bush-cricket,0.84,,,25/09/2026,25/09/2026,23:03:41,ClassifEspSWE-0002026-05-29_1,JOHANKARLSSON,202609261751WAGLRNZJ,2026_25_sep_23,Citizen Science (ultrasonic) - shared
59~40306+18~07249_20260925_230348.wav,DEV_001_20260925_230348.wav,0,59.40306,18.07249,Phogri,Pholidoptera griseoaptera,Dark Bush-cricket,bush-cricket,0.89,,,25/09/2026,25/09/2026,23:03:48,ClassifEspSWE-0002026-05-29_1,JOHANKARLSSON,202609261751WAGLRNZJ,2026_25_sep_23,Citizen Science (ultrasonic) - shared
59~40306+18~07249_20260925_230353.wav,DEV_001_20260925_230353.wav,0,59.40306,18.07249,Phogri,Pholidoptera griseoaptera,Dark Bush-cricket,bush-cricket,0.9,,,25/09/2026,25/09/2026,23:03:53,ClassifEspSWE-0002026-05-29_1,JOHANKARLSSON,202609261751WAGLRNZJ,2026_25_sep_23,Citizen Science (ultrasonic) - shared
59~40306+18~07249_20260925_230358.wav,DEV_001_20260925_230358.wav,0,59.40306,18.07249,Phogri,Pholidoptera griseoaptera,Dark Bush-cricket,bush-cricket,0.86,,,25/09/2026,25/09/2026,23:03:58,ClassifEspSWE-0002026-05-29_1,JOHANKARLSSON,202609261751WAGLRNZJ,2026_25_sep_23,Citizen Science (ultrasonic) - shared
59~40306+18~07249_20260925_230405.wav,DEV_001_20260925_230405.wav,0,59.40306,18.07249,Phogri,Pholidoptera griseoaptera,Dark Bush-cricket,bush-cricket,0.96,,,25/09/2026,25/09/2026,23:04:05,ClassifEspSWE-0002026-05-29_1,JOHANKARLSSON,202609261751WAGLRNZJ,2026_25_sep_23,Citizen Science (ultrasonic) - shared
59~40306+18~07249_20260925_230411.wav,DEV_001_20260925_230411.wav,0,59.40306,18.07249,Phogri,Pholidoptera griseoaptera,Dark Bush-cricket,bush-cricket,0.92,,,25/09/2026,25/09/2026,23:04:11,ClassifEspSWE-0002026-05-29_1,JOHANKARLSSON,202609261751WAGLRNZJ,2026_25_sep_23,Citizen Science (ultrasonic) - shared
59~40306+18~07249_20260925_230416.wav,DEV_001_20260925_230416.wav,0,59.40306,18.07249,Phogri,Pholidoptera griseoaptera,Dark Bush-cricket,bush-cricket,0.92,,,25/09/2026,25/09/2026,23:04:16,ClassifEspSWE-0002026-05-29_1,JOHANKARLSSON,202609261751WAGLRNZJ,2026_25_sep_23,Citizen Science (ultrasonic) - shared
59~40306+18~07249_20260925_230423.wav,DEV_001_20260925_230423.wav,0,59.40306,18.07249,Phogri,Pholidoptera griseoaptera,Dark Bush-cricket,bush-cricket,0.94,,,25/09/2026,25/09/2026,23:04:23,ClassifEspSWE-0002026-05-29_1,JOHANKARLSSON,202609261751WAGLRNZJ,2026_25_sep_23,Citizen Science (ultrasonic) - shared
59~40306+18~07249_20260925_230428.wav,DEV_001_20260925_230428.wav,0,59.40306,18.07249,Phogri,Pholidoptera griseoaptera,Dark Bush-cricket,bush-cricket,0.98,,,25/09/2026,25/09/2026,23:04:28,ClassifEspSWE-0002026-05-29_1,JOHANKARLSSON,202609261751WAGLRNZJ,2026_25_sep_23,Citizen Science (ultrasonic) - shared
59~40306+18~07249_20260925_230433.wav,DEV_001_20260925_230433.wav,0,59.40306,18.07249,Phogri,Pholidoptera griseoaptera,Dark Bush-cricket,bush-cricket,0.94,,,25/09/2026,25/09/2026,23:04:33,ClassifEspSWE-0002026-05-29_1,JOHANKARLSSON,202609261751WAGLRNZJ,2026_25_sep_23,Citizen Science (ultrasonic) - shared
59~40306+18~07249_20260925_230440.wav,DEV_001_20260925_230440.wav,0,59.40306,18.07249,Phogri,Pholidoptera griseoaptera,Dark Bush-cricket,bush-cricket,0.81,,,25/09/2026,25/09/2026,23:04:40,ClassifEspSWE-0002026-05-29_1,JOHANKARLSSON,202609261751WAGLRNZJ,2026_25_sep_23,Citizen Science (ultrasonic) - shared
59~40306+18~07249_20260925_230446.wav,DEV_001_20260925_230446.wav,0,59.40306,18.07249,Phogri,Pholidoptera griseoaptera,Dark Bush-cricket,bush-cricket,0.82,,,25/09/2026,25/09/2026,23:04:46,ClassifEspSWE-0002026-05-29_1,JOHANKARLSSON,202609261751WAGLRNZJ,2026_25_sep_23,Citizen Science (ultrasonic) - shared
59~40306+18~07249_20260925_230452.wav,DEV_001_20260925_230452.wav,0,59.40306,18.07249,Phogri,Pholidoptera griseoaptera,Dark Bush-cricket,bush-cricket,0.98,,,25/09/2026,25/09/2026,23:04:52,ClassifEspSWE-0002026-05-29_1,JOHANKARLSSON,202609261751WAGLRNZJ,2026_25_sep_23,Citizen Science (ultrasonic) - shared
59~40306+18~07249_20260925_230459.wav,DEV_001_20260925_230459.wav,0,59.40306,18.07249,Phogri,Pholidoptera griseoaptera,Dark Bush-cricket,bush-cricket,0.95,,,25/09/2026,25/09/2026,23:04:59,ClassifEspSWE-0002026-05-29_1,JOHANKARLSSON,202609261751WAGLRNZJ,2026_25_sep_23,Citizen Science (ultrasonic) - shared
59~40306+18~07249_20260925_230504.wav,DEV_001_20260925_230504.wav,0,59.40306,18.07249,Phogri,Pholidoptera griseoaptera,Dark Bush-cricket,bush-cricket,0.97,,,25/09/2026,25/09/2026,23:05:04,ClassifEspSWE-0002026-05-29_1,JOHANKARLSSON,202609261751WAGLRNZJ,2026_25_sep_23,Citizen Science (ultrasonic) - shared
59~40306+18~07249_20260925_230510.wav,DEV_001_20260925_230510.wav,0,59.40306,18.07249,Phogri,Pholidoptera griseoaptera,Dark Bush-cricket,bush-cricket,0.98,,,25/09/2026,25/09/2026,23:05:10,ClassifEspSWE-0002026-05-29_1,JOHANKARLSSON,202609261751WAGLRNZJ,2026_25_sep_23,Citizen Science (ultrasonic) - shared
59~40306+18~07249_20260925_230516.wav,DEV_001_20260925_230516.wav,0,59.40306,18.07249,Phogri,Pholidoptera griseoaptera,Dark Bush-cricket,bush-cricket,0.99,,,25/09/2026,25/09/2026,23:05:16,ClassifEspSWE-0002026-05-29_1,JOHANKARLSSON,202609261751WAGLRNZJ,2026_25_sep_23,Citizen Science (ultrasonic) - shared
59~40306+18~07249_20260925_230521.wav,DEV_001_20260925_230521.wav,0,59.40306,18.07249,Phogri,Pholidoptera griseoaptera,Dark Bush-cricket,bush-cricket,0.95,,,25/09/2026,25/09/2026,23:05:21,ClassifEspSWE-0002026-05-29_1,JOHANKARLSSON,202609261751WAGLRNZJ,2026_25_sep_23,Citizen Science (ultrasonic) - shared
59~40306+18~07249_20260925_230527.wav,DEV_001_20260925_230527.wav,0,59.40306,18.07249,Phogri,Pholidoptera griseoaptera,Dark Bush-cricket,bush-cricket,0.91,,,25/09/2026,25/09/2026,23:05:27,ClassifEspSWE-0002026-05-29_1,JOHANKARLSSON,202609261751WAGLRNZJ,2026_25_sep_23,Citizen Science (ultrasonic) - shared
59~40306+18~07249_20260925_230533.wav,DEV_001_20260925_230533.wav,0,59.40306,18.07249,Phogri,Pholidoptera griseoaptera,Dark Bush-cricket,bush-cricket,0.89,,,25/09/2026,25/09/2026,23:05:33,ClassifEspSWE-0002026-05-29_1,JOHANKARLSSON,202609261751WAGLRNZJ,2026_25_sep_23,Citizen Science (ultrasonic) - shared
59~40306+18~07249_20260925_230538.wav,DEV_001_20260925_230538.wav,0,59.40306,18.07249,Phogri,Pholidoptera griseoaptera,Dark Bush-cricket,bush-cricket,0.79,,,25/09/2026,25/09/2026,23:05:38,ClassifEspSWE-0002026-05-29_1,JOHANKARLSSON,202609261751WAGLRNZJ,2026_25_sep_23,Citizen Science (ultrasonic) - shared
59~40306+18~07249_20260925_230544.wav,DEV_001_20260925_230544.wav,0,59.40306,18.07249,Phogri,Pholidoptera griseoaptera,Dark Bush-cricket,bush-cricket,0.99,,,25/09/2026,25/09/2026,23:05:44,ClassifEspSWE-0002026-05-29_1,JOHANKARLSSON,202609261751WAGLRNZJ,2026_25_sep_23,Citizen Science (ultrasonic) - shared
59~40306+18~07249_20260925_230550.wav,DEV_001_20260925_230550.wav,0,59.40306,18.07249,Phogri,Pholidoptera griseoaptera,Dark Bush-cricket,bush-cricket,0.93,,,25/09/2026,25/09/2026,23:05:50,ClassifEspSWE-0002026-05-29_1,JOHANKARLSSON,202609261751WAGLRNZJ,2026_25_sep_23,Citizen Science (ultrasonic) - shared
59~40306+18~07249_20260925_230555.wav,DEV_001_20260925_230555.wav,0,59.40306,18.07249,Phogri,Pholidoptera griseoaptera,Dark Bush-cricket,bush-cricket,0.89,,,25/09/2026,25/09/2026,23:05:55,ClassifEspSWE-0002026-05-29_1,JOHANKARLSSON,202609261751WAGLRNZJ,2026_25_sep_23,Citizen Science (ultrasonic) - shared
59~40306+18~07249_20260925_230600.wav,DEV_001_20260925_230600.wav,0,59.40306,18.07249,Phogri,Pholidoptera griseoaptera,Dark Bush-cricket,bush-cricket,0.97,,,25/09/2026,25/09/2026,23:06:00,ClassifEspSWE-0002026-05-29_1,JOHANKARLSSON,202609261751WAGLRNZJ,2026_25_sep_23,Citizen Science (ultrasonic) - shared
59~40306+18~07249_20260925_230606.wav,DEV_001_20260925_230606.wav,0,59.40306,18.07249,Phogri,Pholidoptera griseoaptera,Dark Bush-cricket,bush-cricket,0.92,,,25/09/2026,25/09/2026,23:06:06,ClassifEspSWE-0002026-05-29_1,JOHANKARLSSON,202609261751WAGLRNZJ,2026_25_sep_23,Citizen Science (ultrasonic) - shared
59~40306+18~07249_20260925_230611.wav,DEV_001_20260925_230611.wav,0,59.40306,18.07249,Phogri,Pholidoptera griseoaptera,Dark Bush-cricket,bush-cricket,0.98,,,25/09/2026,25/09/2026,23:06:11,ClassifEspSWE-0002026-05-29_1,JOHANKARLSSON,202609261751WAGLRNZJ,2026_25_sep_23,Citizen Science (ultrasonic) - shared
59~40306+18~07249_20260925_230617.wav,DEV_001_20260925_230617.wav,0,59.40306,18.07249,Phogri,Pholidoptera griseoaptera,Dark Bush-cricket,bush-cricket,0.99,,,25/09/2026,25/09/2026,23:06:17,ClassifEspSWE-0002026-05-29_1,JOHANKARLSSON,202609261751WAGLRNZJ,2026_25_sep_23,Citizen Science (ultrasonic) - shared
59~40306+18~07249_20260925_230622.wav,DEV_001_20260925_230622.wav,0,59.40306,18.07249,Phogri,Pholidoptera griseoaptera,Dark Bush-cricket,bush-cricket,0.74,,,25/09/2026,25/09/2026,23:06:22,ClassifEspSWE-0002026-05-29_1,JOHANKARLSSON,202609261751WAGLRNZJ,2026_25_sep_23,Citizen Science (ultrasonic) - shared
59~40306+18~07249_20260925_230629.wav,DEV_001_20260925_230629.wav,0,59.40306,18.07249,Phogri,Pholidoptera griseoaptera,Dark Bush-cricket,bush-cricket,0.87,,,25/09/2026,25/09/2026,23:06:29,ClassifEspSWE-0002026-05-29_1,JOHANKARLSSON,202609261751WAGLRNZJ,2026_25_sep_23,Citizen Science (ultrasonic) - shared
59~40306+18~07249_20260925_230636.wav,DEV_001_20260925_230636.wav,0,59.40306,18.07249,Phogri,Pholidoptera griseoaptera,Dark Bush-cricket,bush-cricket,0.94,,,25/09/2026,25/09/2026,23:06:36,ClassifEspSWE-0002026-05-29_1,JOHANKARLSSON,202609261751WAGLRNZJ,2026_25_sep_23,Citizen Science (ultrasonic) - shared
59~40306+18~07249_20260925_230641.wav,DEV_001_20260925_230641.wav,0,59.40306,18.07249,Phogri,Pholidoptera griseoaptera,Dark Bush-cricket,bush-cricket,0.74,,,25/09/2026,25/09/2026,23:06:41,ClassifEspSWE-0002026-05-29_1,JOHANKARLSSON,202609261751WAGLRNZJ,2026_25_sep_23,Citizen Science (ultrasonic) - shared
59~40306+18~07249_20260925_230647.wav,DEV_001_20260925_230647.wav,0,59.40306,18.07249,Phogri,Pholidoptera griseoaptera,Dark Bush-cricket,bush-cricket,0.97,,,25/09/2026,25/09/2026,23:06:47,ClassifEspSWE-0002026-05-29_1,JOHANKARLSSON,202609261751WAGLRNZJ,2026_25_sep_23,Citizen Science (ultrasonic) - shared
59~40306+18~07249_20260925_230653.wav,DEV_001_20260925_230653.wav,0,59.40306,18.07249,Phogri,Pholidoptera griseoaptera,Dark Bush-cricket,bush-cricket,0.92,,,25/09/2026,25/09/2026,23:06:53,ClassifEspSWE-0002026-05-29_1,JOHANKARLSSON,202609261751WAGLRNZJ,2026_25_sep_23,Citizen Science (ultrasonic) - shared
59~40306+18~07249_20260925_230659.wav,DEV_001_20260925_230659.wav,0,59.40306,18.07249,Phogri,Pholidoptera griseoaptera,Dark Bush-cricket,bush-cricket,0.99,,,25/09/2026,25/09/2026,23:06:59,ClassifEspSWE-0002026-05-29_1,JOHANKARLSSON,202609261751WAGLRNZJ,2026_25_sep_23,Citizen Science (ultrasonic) - shared
59~40306+18~07249_20260925_230704.wav,DEV_001_20260925_230704.wav,0,59.40306,18.07249,Phogri,Pholidoptera griseoaptera,Dark Bush-cricket,bush-cricket,0.99,,,25/09/2026,25/09/2026,23:07:04,ClassifEspSWE-0002026-05-29_1,JOHANKARLSSON,202609261751WAGLRNZJ,2026_25_sep_23,Citizen Science (ultrasonic) - shared
59~40306+18~07249_20260925_230710.wav,DEV_001_20260925_230710.wav,0,59.40306,18.07249,Phogri,Pholidoptera griseoaptera,Dark Bush-cricket,bush-cricket,0.98,,,25/09/2026,25/09/2026,23:07:10,ClassifEspSWE-0002026-05-29_1,JOHANKARLSSON,202609261751WAGLRNZJ,2026_25_sep_23,Citizen Science (ultrasonic) - shared
59~40306+18~07249_20260925_230716.wav,DEV_001_20260925_230716.wav,0,59.40306,18.07249,Phogri,Pholidoptera griseoaptera,Dark Bush-cricket,bush-cricket,0.87,,,25/09/2026,25/09/2026,23:07:16,ClassifEspSWE-0002026-05-29_1,JOHANKARLSSON,202609261751WAGLRNZJ,2026_25_sep_23,Citizen Science (ultrasonic) - shared
59~40306+18~07249_20260925_230721.wav,DEV_001_20260925_230721.wav,0,59.40306,18.07249,Phogri,Pholidoptera griseoaptera,Dark Bush-cricket,bush-cricket,0.9,,,25/09/2026,25/09/2026,23:07:21,ClassifEspSWE-0002026-05-29_1,JOHANKARLSSON,202609261751WAGLRNZJ,2026_25_sep_23,Citizen Science (ultrasonic) - shared
59~40306+18~07249_20260925_230728.wav,DEV_001_20260925_230728.wav,0,59.40306,18.07249,Phogri,Pholidoptera griseoaptera,Dark Bush-cricket,bush-cricket,0.86,,,25/09/2026,25/09/2026,23:07:28,ClassifEspSWE-0002026-05-29_1,JOHANKARLSSON,202609261751WAGLRNZJ,2026_25_sep_23,Citizen Science (ultrasonic) - shared
59~40306+18~07249_20260925_230735.wav,DEV_001_20260925_230735.wav,0,59.40306,18.07249,Phogri,Pholidoptera griseoaptera,Dark Bush-cricket,bush-cricket,0.97,,,25/09/2026,25/09/2026,23:07:35,ClassifEspSWE-0002026-05-29_1,JOHANKARLSSON,202609261751WAGLRNZJ,2026_25_sep_23,Citizen Science (ultrasonic) - shared
59~40306+18~07249_20260925_230741.wav,DEV_001_20260925_230741.wav,0,59.40306,18.07249,Phogri,Pholidoptera griseoaptera,Dark Bush-cricket,bush-cricket,0.99,,,25/09/2026,25/09/2026,23:07:41,ClassifEspSWE-0002026-05-29_1,JOHANKARLSSON,202609261751WAGLRNZJ,2026_25_sep_23,Citizen Science (ultrasonic) - shared
59~40306+18~07249_20260925_230746.wav,DEV_001_20260925_230746.wav,0,59.40306,18.07249,Phogri,Pholidoptera griseoaptera,Dark Bush-cricket,bush-cricket,0.98,,,25/09/2026,25/09/2026,23:07:46,ClassifEspSWE-0002026-05-29_1,JOHANKARLSSON,202609261751WAGLRNZJ,2026_25_sep_23,Citizen Science (ultrasonic) - shared
59~40306+18~07249_20260925_230752.wav,DEV_001_20260925_230752.wav,0,59.40306,18.07249,Phogri,Pholidoptera griseoaptera,Dark Bush-cricket,bush-cricket,0.85,,,25/09/2026,25/09/2026,23:07:52,ClassifEspSWE-0002026-05-29_1,JOHANKARLSSON,202609261751WAGLRNZJ,2026_25_sep_23,Citizen Science (ultrasonic) - shared
59~40306+18~07249_20260925_230758.wav,DEV_001_20260925_230758.wav,0,59.40306,18.07249,Phogri,Pholidoptera griseoaptera,Dark Bush-cricket,bush-cricket,0.96,,,25/09/2026,25/09/2026,23:07:58,ClassifEspSWE-0002026-05-29_1,JOHANKARLSSON,202609261751WAGLRNZJ,2026_25_sep_23,Citizen Science (ultrasonic) - shared
59~40306+18~07249_20260925_230805.wav,DEV_001_20260925_230805.wav,0,59.40306,18.07249,Phogri,Pholidoptera griseoaptera,Dark Bush-cricket,bush-cricket,0.99,,,25/09/2026,25/09/2026,23:08:05,ClassifEspSWE-0002026-05-29_1,JOHANKARLSSON,202609261751WAGLRNZJ,2026_25_sep_23,Citizen Science (ultrasonic) - shared
59~40306+18~07249_20260925_230811.wav,DEV_001_20260925_230811.wav,0,59.40306,18.07249,Phogri,Pholidoptera griseoaptera,Dark Bush-cricket,bush-cricket,0.66,,,25/09/2026,25/09/2026,23:08:11,ClassifEspSWE-0002026-05-29_1,JOHANKARLSSON,202609261751WAGLRNZJ,2026_25_sep_23,Citizen Science (ultrasonic) - shared
59~40306+18~07249_20260925_230817.wav,DEV_001_20260925_230817.wav,0,59.40306,18.07249,Phogri,Pholidoptera griseoaptera,Dark Bush-cricket,bush-cricket,0.89,,,25/09/2026,25/09/2026,23:08:17,ClassifEspSWE-0002026-05-29_1,JOHANKARLSSON,202609261751WAGLRNZJ,2026_25_sep_23,Citizen Science (ultrasonic) - shared
59~40306+18~07249_20260925_230823.wav,DEV_001_20260925_230823.wav,0,59.40306,18.07249,Phogri,Pholidoptera griseoaptera,Dark Bush-cricket,bush-cricket,0.97,,,25/09/2026,25/09/2026,23:08:23,ClassifEspSWE-0002026-05-29_1,JOHANKARLSSON,202609261751WAGLRNZJ,2026_25_sep_23,Citizen Science (ultrasonic) - shared
59~40306+18~07249_20260925_230828.wav,DEV_001_20260925_230828.wav,0,59.40306,18.07249,Phogri,Pholidoptera griseoaptera,Dark Bush-cricket,bush-cricket,0.99,,,25/09/2026,25/09/2026,23:08:28,ClassifEspSWE-0002026-05-29_1,JOHANKARLSSON,202609261751WAGLRNZJ,2026_25_sep_23,Citizen Science (ultrasonic) - shared
59~40306+18~07249_20260925_230834.wav,DEV_001_20260925_230834.wav,0,59.40306,18.07249,Phogri,Pholidoptera griseoaptera,Dark Bush-cricket,bush-cricket,0.88,,,25/09/2026,25/09/2026,23:08:34,ClassifEspSWE-0002026-05-29_1,JOHANKARLSSON,202609261751WAGLRNZJ,2026_25_sep_23,Citizen Science (ultrasonic) - shared
59~40306+18~07249_20260925_230841.wav,DEV_001_20260925_230841.wav,0,59.40306,18.07249,Phogri,Pholidoptera griseoaptera,Dark Bush-cricket,bush-cricket,0.97,,,25/09/2026,25/09/2026,23:08:41,ClassifEspSWE-0002026-05-29_1,JOHANKARLSSON,202609261751WAGLRNZJ,2026_25_sep_23,Citizen Science (ultrasonic) - shared
59~40306+18~07249_20260925_230846.wav,DEV_001_20260925_230846.wav,0,59.40306,18.07249,Phogri,Pholidoptera griseoaptera,Dark Bush-cricket,bush-cricket,0.96,,,25/09/2026,25/09/2026,23:08:46,ClassifEspSWE-0002026-05-29_1,JOHANKARLSSON,202609261751WAGLRNZJ,2026_25_sep_23,Citizen Science (ultrasonic) - shared
59~40306+18~07249_20260925_230852.wav,DEV_001_20260925_230852.wav,0,59.40306,18.07249,Phogri,Pholidoptera griseoaptera,Dark Bush-cricket,bush-cricket,0.96,,,25/09/2026,25/09/2026,23:08:52,ClassifEspSWE-0002026-05-29_1,JOHANKARLSSON,202609261751WAGLRNZJ,2026_25_sep_23,Citizen Science (ultrasonic) - shared
59~40306+18~07249_20260925_230859.wav,DEV_001_20260925_230859.wav,0,59.40306,18.07249,Phogri,Pholidoptera griseoaptera,Dark Bush-cricket,bush-cricket,0.89,,,25/09/2026,25/09/2026,23:08:59,ClassifEspSWE-0002026-05-29_1,JOHANKARLSSON,202609261751WAGLRNZJ,2026_25_sep_23,Citizen Science (ultrasonic) - shared
59~40306+18~07249_20260925_230906.wav,DEV_001_20260925_230906.wav,0,59.40306,18.07249,Phogri,Pholidoptera griseoaptera,Dark Bush-cricket,bush-cricket,0.98,,,25/09/2026,25/09/2026,23:09:06,ClassifEspSWE-0002026-05-29_1,JOHANKARLSSON,202609261751WAGLRNZJ,2026_25_sep_23,Citizen Science (ultrasonic) - shared
59~40306+18~07249_20260925_230911.wav,DEV_001_20260925_230911.wav,0,59.40306,18.07249,Phogri,Pholidoptera griseoaptera,Dark Bush-cricket,bush-cricket,0.91,,,25/09/2026,25/09/2026,23:09:11,ClassifEspSWE-0002026-05-29_1,JOHANKARLSSON,202609261751WAGLRNZJ,2026_25_sep_23,Citizen Science (ultrasonic) - shared
59~40306+18~07249_20260925_230917.wav,DEV_001_20260925_230917.wav,0,59.40306,18.07249,Phogri,Pholidoptera griseoaptera,Dark Bush-cricket,bush-cricket,0.86,,,25/09/2026,25/09/2026,23:09:17,ClassifEspSWE-0002026-05-29_1,JOHANKARLSSON,202609261751WAGLRNZJ,2026_25_sep_23,Citizen Science (ultrasonic) - shared
59~40306+18~07249_20260925_230925.wav,DEV_001_20260925_230925.wav,0,59.40306,18.07249,Phogri,Pholidoptera griseoaptera,Dark Bush-cricket,bush-cricket,0.87,,,25/09/2026,25/09/2026,23:09:25,ClassifEspSWE-0002026-05-29_1,JOHANKARLSSON,202609261751WAGLRNZJ,2026_25_sep_23,Citizen Science (ultrasonic) - shared
59~40306+18~07249_20260925_230930.wav,DEV_001_20260925_230930.wav,0,59.40306,18.07249,Phogri,Pholidoptera griseoaptera,Dark Bush-cricket,bush-cricket,0.96,,,25/09/2026,25/09/2026,23:09:30,ClassifEspSWE-0002026-05-29_1,JOHANKARLSSON,202609261751WAGLRNZJ,2026_25_sep_23,Citizen Science (ultrasonic) - shared
59~40306+18~07249_20260925_230936.wav,DEV_001_20260925_230936.wav,0,59.40306,18.07249,Phogri,Pholidoptera griseoaptera,Dark Bush-cricket,bush-cricket,0.99,,,25/09/2026,25/09/2026,23:09:36,ClassifEspSWE-0002026-05-29_1,JOHANKARLSSON,202609261751WAGLRNZJ,2026_25_sep_23,Citizen Science (ultrasonic) - shared
59~40306+18~07249_20260925_230942.wav,DEV_001_20260925_230942.wav,0,59.40306,18.07249,Phogri,Pholidoptera griseoaptera,Dark Bush-cricket,bush-cricket,0.98,,,25/09/2026,25/09/2026,23:09:42,ClassifEspSWE-0002026-05-29_1,JOHANKARLSSON,202609261751WAGLRNZJ,2026_25_sep_23,Citizen Science (ultrasonic) - shared
59~40306+18~07249_20260925_230947.wav,DEV_001_20260925_230947.wav,0,59.40306,18.07249,Phogri,Pholidoptera griseoaptera,Dark Bush-cricket,bush-cricket,0.99,,,25/09/2026,25/09/2026,23:09:47,ClassifEspSWE-0002026-05-29_1,JOHANKARLSSON,202609261751WAGLRNZJ,2026_25_sep_23,Citizen Science (ultrasonic) - shared
59~40306+18~07249_20260925_230955.wav,DEV_001_20260925_230955.wav,0,59.40306,18.07249,Phogri,Pholidoptera griseoaptera,Dark Bush-cricket,bush-cricket,0.98,,,25/09/2026,25/09/2026,23:09:55,ClassifEspSWE-0002026-05-29_1,JOHANKARLSSON,202609261751WAGLRNZJ,2026_25_sep_23,Citizen Science (ultrasonic) - shared
59~40306+18~07249_20260925_231000.wav,DEV_001_20260925_231000.wav,0,59.40306,18.07249,Phogri,Pholidoptera griseoaptera,Dark Bush-cricket,bush-cricket,0.98,,,25/09/2026,25/09/2026,23:10:00,ClassifEspSWE-0002026-05-29_1,JOHANKARLSSON,202609261751WAGLRNZJ,2026_25_sep_23,Citizen Science (ultrasonic) - shared
59~40306+18~07249_20260925_231006.wav,DEV_001_20260925_231006.wav,0,59.40306,18.07249,Phogri,Pholidoptera griseoaptera,Dark Bush-cricket,bush-cricket,0.79,,,25/09/2026,25/09/2026,23:10:06,ClassifEspSWE-0002026-05-29_1,JOHANKARLSSON,202609261751WAGLRNZJ,2026_25_sep_23,Citizen Science (ultrasonic) - shared
59~40306+18~07249_20260925_231011.wav,DEV_001_20260925_231011.wav,0,59.40306,18.07249,Phogri,Pholidoptera griseoaptera,Dark Bush-cricket,bush-cricket,0.91,,,25/09/2026,25/09/2026,23:10:11,ClassifEspSWE-0002026-05-29_1,JOHANKARLSSON,202609261751WAGLRNZJ,2026_25_sep_23,Citizen Science (ultrasonic) - shared
59~40306+18~07249_20260925_231018.wav,DEV_001_20260925_231018.wav,0,59.40306,18.07249,Phogri,Pholidoptera griseoaptera,Dark Bush-cricket,bush-cricket,0.98,,,25/09/2026,25/09/2026,23:10:18,ClassifEspSWE-0002026-05-29_1,JOHANKARLSSON,202609261751WAGLRNZJ,2026_25_sep_23,Citizen Science (ultrasonic) - shared
59~40306+18~07249_20260925_231023.wav,DEV_001_20260925_231023.wav,0,59.40306,18.07249,Phogri,Pholidoptera griseoaptera,Dark Bush-cricket,bush-cricket,0.99,,,25/09/2026,25/09/2026,23:10:23,ClassifEspSWE-0002026-05-29_1,JOHANKARLSSON,202609261751WAGLRNZJ,2026_25_sep_23,Citizen Science (ultrasonic) - shared
59~40306+18~07249_20260925_231028.wav,DEV_001_20260925_231028.wav,0,59.40306,18.07249,Phogri,Pholidoptera griseoaptera,Dark Bush-cricket,bush-cricket,0.99,,,25/09/2026,25/09/2026,23:10:28,ClassifEspSWE-0002026-05-29_1,JOHANKARLSSON,202609261751WAGLRNZJ,2026_25_sep_23,Citizen Science (ultrasonic) - shared
59~40306+18~07249_20260925_231034.wav,DEV_001_20260925_231034.wav,0,59.40306,18.07249,Phogri,Pholidoptera griseoaptera,Dark Bush-cricket,bush-cricket,0.93,,,25/09/2026,25/09/2026,23:10:34,ClassifEspSWE-0002026-05-29_1,JOHANKARLSSON,202609261751WAGLRNZJ,2026_25_sep_23,Citizen Science (ultrasonic) - shared
59~40306+18~07249_20260925_231041.wav,DEV_001_20260925_231041.wav,0,59.40306,18.07249,Phogri,Pholidoptera griseoaptera,Dark Bush-cricket,bush-cricket,0.96,,,25/09/2026,25/09/2026,23:10:41,ClassifEspSWE-0002026-05-29_1,JOHANKARLSSON,202609261751WAGLRNZJ,2026_25_sep_23,Citizen Science (ultrasonic) - shared
59~40306+18~07249_20260925_231046.wav,DEV_001_20260925_231046.wav,0,59.40306,18.07249,Phogri,Pholidoptera griseoaptera,Dark Bush-cricket,bush-cricket,0.98,,,25/09/2026,25/09/2026,23:10:46,ClassifEspSWE-0002026-05-29_1,JOHANKARLSSON,202609261751WAGLRNZJ,2026_25_sep_23,Citizen Science (ultrasonic) - shared
59~40306+18~07249_20260925_231052.wav,DEV_001_20260925_231052.wav,0,59.40306,18.07249,Phogri,Pholidoptera griseoaptera,Dark Bush-cricket,bush-cricket,0.95,,,25/09/2026,25/09/2026,23:10:52,ClassifEspSWE-0002026-05-29_1,JOHANKARLSSON,202609261751WAGLRNZJ,2026_25_sep_23,Citizen Science (ultrasonic) - shared
59~40306+18~07249_20260925_231058.wav,DEV_001_20260925_231058.wav,0,59.40306,18.07249,Phogri,Pholidoptera griseoaptera,Dark Bush-cricket,bush-cricket,0.94,,,25/09/2026,25/09/2026,23:10:58,ClassifEspSWE-0002026-05-29_1,JOHANKARLSSON,202609261751WAGLRNZJ,2026_25_sep_23,Citizen Science (ultrasonic) - shared
59~40306+18~07249_20260925_231104.wav,DEV_001_20260925_231104.wav,0,59.40306,18.07249,Phogri,Pholidoptera griseoaptera,Dark Bush-cricket,bush-cricket,0.96,,,25/09/2026,25/09/2026,23:11:04,ClassifEspSWE-0002026-05-29_1,JOHANKARLSSON,202609261751WAGLRNZJ,2026_25_sep_23,Citizen Science (ultrasonic) - shared
59~40306+18~07249_20260925_231110.wav,DEV_001_20260925_231110.wav,0,59.40306,18.07249,Phogri,Pholidoptera griseoaptera,Dark Bush-cricket,bush-cricket,0.97,,,25/09/2026,25/09/2026,23:11:10,ClassifEspSWE-0002026-05-29_1,JOHANKARLSSON,202609261751WAGLRNZJ,2026_25_sep_23,Citizen Science (ultrasonic) - shared
59~40306+18~07249_20260925_231115.wav,DEV_001_20260925_231115.wav,0,59.40306,18.07249,Phogri,Pholidoptera griseoaptera,Dark Bush-cricket,bush-cricket,0.94,,,25/09/2026,25/09/2026,23:11:15,ClassifEspSWE-0002026-05-29_1,JOHANKARLSSON,202609261751WAGLRNZJ,2026_25_sep_23,Citizen Science (ultrasonic) - shared
59~40306+18~07249_20260925_231121.wav,DEV_001_20260925_231121.wav,0,59.40306,18.07249,Phogri,Pholidoptera griseoaptera,Dark Bush-cricket,bush-cricket,0.95,,,25/09/2026,25/09/2026,23:11:21,ClassifEspSWE-0002026-05-29_1,JOHANKARLSSON,202609261751WAGLRNZJ,2026_25_sep_23,Citizen Science (ultrasonic) - shared
59~40306+18~07249_20260925_231127.wav,DEV_001_20260925_231127.wav,0,59.40306,18.07249,Phogri,Pholidoptera griseoaptera,Dark Bush-cricket,bush-cricket,0.98,,,25/09/2026,25/09/2026,23:11:27,ClassifEspSWE-0002026-05-29_1,JOHANKARLSSON,202609261751WAGLRNZJ,2026_25_sep_23,Citizen Science (ultrasonic) - shared
59~40306+18~07249_20260925_231133.wav,DEV_001_20260925_231133.wav,0,59.40306,18.07249,Phogri,Pholidoptera griseoaptera,Dark Bush-cricket,bush-cricket,0.95,,,25/09/2026,25/09/2026,23:11:33,ClassifEspSWE-0002026-05-29_1,JOHANKARLSSON,202609261751WAGLRNZJ,2026_25_sep_23,Citizen Science (ultrasonic) - shared
59~40306+18~07249_20260925_231138.wav,DEV_001_20260925_231138.wav,0,59.40306,18.07249,Phogri,Pholidoptera griseoaptera,Dark Bush-cricket,bush-cricket,0.98,,,25/09/2026,25/09/2026,23:11:38,ClassifEspSWE-0002026-05-29_1,JOHANKARLSSON,202609261751WAGLRNZJ,2026_25_sep_23,Citizen Science (ultrasonic) - shared
59~40306+18~07249_20260925_231144.wav,DEV_001_20260925_231144.wav,0,59.40306,18.07249,Phogri,Pholidoptera griseoaptera,Dark Bush-cricket,bush-cricket,0.99,,,25/09/2026,25/09/2026,23:11:44,ClassifEspSWE-0002026-05-29_1,JOHANKARLSSON,202609261751WAGLRNZJ,2026_25_sep_23,Citizen Science (ultrasonic) - shared
59~40306+18~07249_20260925_231149.wav,DEV_001_20260925_231149.wav,0,59.40306,18.07249,Phogri,Pholidoptera griseoaptera,Dark Bush-cricket,bush-cricket,0.95,,,25/09/2026,25/09/2026,23:11:49,ClassifEspSWE-0002026-05-29_1,JOHANKARLSSON,202609261751WAGLRNZJ,2026_25_sep_23,Citizen Science (ultrasonic) - shared
59~40306+18~07249_20260925_231155.wav,DEV_001_20260925_231155.wav,0,59.40306,18.07249,Phogri,Pholidoptera griseoaptera,Dark Bush-cricket,bush-cricket,0.99,,,25/09/2026,25/09/2026,23:11:55,ClassifEspSWE-0002026-05-29_1,JOHANKARLSSON,202609261751WAGLRNZJ,2026_25_sep_23,Citizen Science (ultrasonic) - shared
59~40306+18~07249_20260925_231200.wav,DEV_001_20260925_231200.wav,0,59.40306,18.07249,Phogri,Pholidoptera griseoaptera,Dark Bush-cricket,bush-cricket,0.98,,,25/09/2026,25/09/2026,23:12:00,ClassifEspSWE-0002026-05-29_1,JOHANKARLSSON,202609261751WAGLRNZJ,2026_25_sep_23,Citizen Science (ultrasonic) - shared
59~40306+18~07249_20260925_231205.wav,DEV_001_20260925_231205.wav,0,59.40306,18.07249,Phogri,Pholidoptera griseoaptera,Dark Bush-cricket,bush-cricket,0.97,,,25/09/2026,25/09/2026,23:12:05,ClassifEspSWE-0002026-05-29_1,JOHANKARLSSON,202609261751WAGLRNZJ,2026_25_sep_23,Citizen Science (ultrasonic) - shared
59~40306+18~07249_20260925_231211.wav,DEV_001_20260925_231211.wav,0,59.40306,18.07249,Phogri,Pholidoptera griseoaptera,Dark Bush-cricket,bush-cricket,0.99,,,25/09/2026,25/09/2026,23:12:11,ClassifEspSWE-0002026-05-29_1,JOHANKARLSSON,202609261751WAGLRNZJ,2026_25_sep_23,Citizen Science (ultrasonic) - shared
59~40306+18~07249_20260925_231218.wav,DEV_001_20260925_231218.wav,0,59.40306,18.07249,Phogri,Pholidoptera griseoaptera,Dark Bush-cricket,bush-cricket,0.93,,,25/09/2026,25/09/2026,23:12:18,ClassifEspSWE-0002026-05-29_1,JOHANKARLSSON,202609261751WAGLRNZJ,2026_25_sep_23,Citizen Science (ultrasonic) - shared
59~40306+18~07249_20260925_231224.wav,DEV_001_20260925_231224.wav,0,59.40306,18.07249,Phogri,Pholidoptera griseoaptera,Dark Bush-cricket,bush-cricket,0.99,,,25/09/2026,25/09/2026,23:12:24,ClassifEspSWE-0002026-05-29_1,JOHANKARLSSON,202609261751WAGLRNZJ,2026_25_sep_23,Citizen Science (ultrasonic) - shared
59~40306+18~07249_20260925_231229.wav,DEV_001_20260925_231229.wav,0,59.40306,18.07249,Phogri,Pholidoptera griseoaptera,Dark Bush-cricket,bush-cricket,0.88,,,25/09/2026,25/09/2026,23:12:29,ClassifEspSWE-0002026-05-29_1,JOHANKARLSSON,202609261751WAGLRNZJ,2026_25_sep_23,Citizen Science (ultrasonic) - shared
59~40306+18~07249_20260925_231236.wav,DEV_001_20260925_231236.wav,0,59.40306,18.07249,Phogri,Pholidoptera griseoaptera,Dark Bush-cricket,bush-cricket,0.98,,,25/09/2026,25/09/2026,23:12:36,ClassifEspSWE-0002026-05-29_1,JOHANKARLSSON,202609261751WAGLRNZJ,2026_25_sep_23,Citizen Science (ultrasonic) - shared
59~40306+18~07249_20260925_231242.wav,DEV_001_20260925_231242.wav,0,59.40306,18.07249,Phogri,Pholidoptera griseoaptera,Dark Bush-cricket,bush-cricket,0.99,,,25/09/2026,25/09/2026,23:12:42,ClassifEspSWE-0002026-05-29_1,JOHANKARLSSON,202609261751WAGLRNZJ,2026_25_sep_23,Citizen Science (ultrasonic) - shared
59~40306+18~07249_20260925_231248.wav,DEV_001_20260925_231248.wav,0,59.40306,18.07249,Phogri,Pholidoptera griseoaptera,Dark Bush-cricket,bush-cricket,0.93,,,25/09/2026,25/09/2026,23:12:48,ClassifEspSWE-0002026-05-29_1,JOHANKARLSSON,202609261751WAGLRNZJ,2026_25_sep_23,Citizen Science (ultrasonic) - shared
59~40306+18~07249_20260925_231253.wav,DEV_001_20260925_231253.wav,0,59.40306,18.07249,Phogri,Pholidoptera griseoaptera,Dark Bush-cricket,bush-cricket,0.99,,,25/09/2026,25/09/2026,23:12:53,ClassifEspSWE-0002026-05-29_1,JOHANKARLSSON,202609261751WAGLRNZJ,2026_25_sep_23,Citizen Science (ultrasonic) - shared
59~40306+18~07249_20260925_231259.wav,DEV_001_20260925_231259.wav,0,59.40306,18.07249,Phogri,Pholidoptera griseoaptera,Dark Bush-cricket,bush-cricket,0.92,,,25/09/2026,25/09/2026,23:12:59,ClassifEspSWE-0002026-05-29_1,JOHANKARLSSON,202609261751WAGLRNZJ,2026_25_sep_23,Citizen Science (ultrasonic) - shared
59~40306+18~07249_20260925_231304.wav,DEV_001_20260925_231304.wav,0,59.40306,18.07249,Phogri,Pholidoptera griseoaptera,Dark Bush-cricket,bush-cricket,0.99,,,25/09/2026,25/09/2026,23:13:04,ClassifEspSWE-0002026-05-29_1,JOHANKARLSSON,202609261751WAGLRNZJ,2026_25_sep_23,Citizen Science (ultrasonic) - shared
59~40306+18~07249_20260925_231310.wav,DEV_001_20260925_231310.wav,0,59.40306,18.07249,Phogri,Pholidoptera griseoaptera,Dark Bush-cricket,bush-cricket,0.95,,,25/09/2026,25/09/2026,23:13:10,ClassifEspSWE-0002026-05-29_1,JOHANKARLSSON,202609261751WAGLRNZJ,2026_25_sep_23,Citizen Science (ultrasonic) - shared
59~40306+18~07249_20260925_231316.wav,DEV_001_20260925_231316.wav,0,59.40306,18.07249,Phogri,Pholidoptera griseoaptera,Dark Bush-cricket,bush-cricket,0.85,,,25/09/2026,25/09/2026,23:13:16,ClassifEspSWE-0002026-05-29_1,JOHANKARLSSON,202609261751WAGLRNZJ,2026_25_sep_23,Citizen Science (ultrasonic) - shared
59~40306+18~07249_20260925_231321.wav,DEV_001_20260925_231321.wav,0,59.40306,18.07249,Phogri,Pholidoptera griseoaptera,Dark Bush-cricket,bush-cricket,0.98,,,25/09/2026,25/09/2026,23:13:21,ClassifEspSWE-0002026-05-29_1,JOHANKARLSSON,202609261751WAGLRNZJ,2026_25_sep_23,Citizen Science (ultrasonic) - shared
59~40306+18~07249_20260925_231327.wav,DEV_001_20260925_231327.wav,0,59.40306,18.07249,Phogri,Pholidoptera griseoaptera,Dark Bush-cricket,bush-cricket,0.95,,,25/09/2026,25/09/2026,23:13:27,ClassifEspSWE-0002026-05-29_1,JOHANKARLSSON,202609261751WAGLRNZJ,2026_25_sep_23,Citizen Science (ultrasonic) - shared
59~40306+18~07249_20260925_231332.wav,DEV_001_20260925_231332.wav,0,59.40306,18.07249,Phogri,Pholidoptera griseoaptera,Dark Bush-cricket,bush-cricket,0.96,,,25/09/2026,25/09/2026,23:13:32,ClassifEspSWE-0002026-05-29_1,JOHANKARLSSON,202609261751WAGLRNZJ,2026_25_sep_23,Citizen Science (ultrasonic) - shared
59~40306+18~07249_20260925_231337.wav,DEV_001_20260925_231337.wav,0,59.40306,18.07249,Phogri,Pholidoptera griseoaptera,Dark Bush-cricket,bush-cricket,0.84,,,25/09/2026,25/09/2026,23:13:37,ClassifEspSWE-0002026-05-29_1,JOHANKARLSSON,202609261751WAGLRNZJ,2026_25_sep_23,Citizen Science (ultrasonic) - shared
59~40306+18~07249_20260925_231345.wav,DEV_001_20260925_231345.wav,0,59.40306,18.07249,Phogri,Pholidoptera griseoaptera,Dark Bush-cricket,bush-cricket,0.7,,,25/09/2026,25/09/2026,23:13:45,ClassifEspSWE-0002026-05-29_1,JOHANKARLSSON,202609261751WAGLRNZJ,2026_25_sep_23,Citizen Science (ultrasonic) - shared
59~40306+18~07249_20260925_231350.wav,DEV_001_20260925_231350.wav,0,59.40306,18.07249,Phogri,Pholidoptera griseoaptera,Dark Bush-cricket,bush-cricket,0.94,,,25/09/2026,25/09/2026,23:13:50,ClassifEspSWE-0002026-05-29_1,JOHANKARLSSON,202609261751WAGLRNZJ,2026_25_sep_23,Citizen Science (ultrasonic) - shared
59~40306+18~07249_20260925_231356.wav,DEV_001_20260925_231356.wav,0,59.40306,18.07249,Phogri,Pholidoptera griseoaptera,Dark Bush-cricket,bush-cricket,0.88,,,25/09/2026,25/09/2026,23:13:56,ClassifEspSWE-0002026-05-29_1,JOHANKARLSSON,202609261751WAGLRNZJ,2026_25_sep_23,Citizen Science (ultrasonic) - shared
59~40306+18~07249_20260925_231402.wav,DEV_001_20260925_231402.wav,0,59.40306,18.07249,Phogri,Pholidoptera griseoaptera,Dark Bush-cricket,bush-cricket,0.92,,,25/09/2026,25/09/2026,23:14:02,ClassifEspSWE-0002026-05-29_1,JOHANKARLSSON,202609261751WAGLRNZJ,2026_25_sep_23,Citizen Science (ultrasonic) - shared
59~40306+18~07249_20260925_231408.wav,DEV_001_20260925_231408.wav,0,59.40306,18.07249,Phogri,Pholidoptera griseoaptera,Dark Bush-cricket,bush-cricket,0.94,,,25/09/2026,25/09/2026,23:14:08,ClassifEspSWE-0002026-05-29_1,JOHANKARLSSON,202609261751WAGLRNZJ,2026_25_sep_23,Citizen Science (ultrasonic) - shared
59~40306+18~07249_20260925_231415.wav,DEV_001_20260925_231415.wav,0,59.40306,18.07249,Phogri,Pholidoptera griseoaptera,Dark Bush-cricket,bush-cricket,0.91,,,25/09/2026,25/09/2026,23:14:15,ClassifEspSWE-0002026-05-29_1,JOHANKARLSSON,202609261751WAGLRNZJ,2026_25_sep_23,Citizen Science (ultrasonic) - shared
59~40306+18~07249_20260925_231421.wav,DEV_001_20260925_231421.wav,0,59.40306,18.07249,Phogri,Pholidoptera griseoaptera,Dark Bush-cricket,bush-cricket,0.98,,,25/09/2026,25/09/2026,23:14:21,ClassifEspSWE-0002026-05-29_1,JOHANKARLSSON,202609261751WAGLRNZJ,2026_25_sep_23,Citizen Science (ultrasonic) - shared
59~40306+18~07249_20260925_231427.wav,DEV_001_20260925_231427.wav,0,59.40306,18.07249,Phogri,Pholidoptera griseoaptera,Dark Bush-cricket,bush-cricket,0.84,,,25/09/2026,25/09/2026,23:14:27,ClassifEspSWE-0002026-05-29_1,JOHANKARLSSON,202609261751WAGLRNZJ,2026_25_sep_23,Citizen Science (ultrasonic) - shared
59~40306+18~07249_20260925_231437.wav,DEV_001_20260925_231437.wav,0,59.40306,18.07249,Phogri,Pholidoptera griseoaptera,Dark Bush-cricket,bush-cricket,0.99,,,25/09/2026,25/09/2026,23:14:37,ClassifEspSWE-0002026-05-29_1,JOHANKARLSSON,202609261751WAGLRNZJ,2026_25_sep_23,Citizen Science (ultrasonic) - shared
59~40306+18~07249_20260925_231442.wav,DEV_001_20260925_231442.wav,0,59.40306,18.07249,Phogri,Pholidoptera griseoaptera,Dark Bush-cricket,bush-cricket,0.61,,,25/09/2026,25/09/2026,23:14:42,ClassifEspSWE-0002026-05-29_1,JOHANKARLSSON,202609261751WAGLRNZJ,2026_25_sep_23,Citizen Science (ultrasonic) - shared
59~40306+18~07249_20260925_231450.wav,DEV_001_20260925_231450.wav,0,59.40306,18.07249,Phogri,Pholidoptera griseoaptera,Dark Bush-cricket,bush-cricket,0.92,,,25/09/2026,25/09/2026,23:14:50,ClassifEspSWE-0002026-05-29_1,JOHANKARLSSON,202609261751WAGLRNZJ,2026_25_sep_23,Citizen Science (ultrasonic) - shared
59~40306+18~07249_20260925_231457.wav,DEV_001_20260925_231457.wav,0,59.40306,18.07249,Phogri,Pholidoptera griseoaptera,Dark Bush-cricket,bush-cricket,0.96,,,25/09/2026,25/09/2026,23:14:57,ClassifEspSWE-0002026-05-29_1,JOHANKARLSSON,202609261751WAGLRNZJ,2026_25_sep_23,Citizen Science (ultrasonic) - shared
59~40306+18~07249_20260925_231503.wav,DEV_001_20260925_231503.wav,0,59.40306,18.07249,Phogri,Pholidoptera griseoaptera,Dark Bush-cricket,bush-cricket,0.95,,,25/09/2026,25/09/2026,23:15:03,ClassifEspSWE-0002026-05-29_1,JOHANKARLSSON,202609261751WAGLRNZJ,2026_25_sep_23,Citizen Science (ultrasonic) - shared
59~40306+18~07249_20260925_231508.wav,DEV_001_20260925_231508.wav,0,59.40306,18.07249,Phogri,Pholidoptera griseoaptera,Dark Bush-cricket,bush-cricket,0.92,,,25/09/2026,25/09/2026,23:15:08,ClassifEspSWE-0002026-05-29_1,JOHANKARLSSON,202609261751WAGLRNZJ,2026_25_sep_23,Citizen Science (ultrasonic) - shared
59~40306+18~07249_20260925_231515.wav,DEV_001_20260925_231515.wav,0,59.40306,18.07249,Phogri,Pholidoptera griseoaptera,Dark Bush-cricket,bush-cricket,0.97,,,25/09/2026,25/09/2026,23:15:15,ClassifEspSWE-0002026-05-29_1,JOHANKARLSSON,202609261751WAGLRNZJ,2026_25_sep_23,Citizen Science (ultrasonic) - shared
59~40306+18~07249_20260925_231521.wav,DEV_001_20260925_231521.wav,0,59.40306,18.07249,Phogri,Pholidoptera griseoaptera,Dark Bush-cricket,bush-cricket,0.99,,,25/09/2026,25/09/2026,23:15:21,ClassifEspSWE-0002026-05-29_1,JOHANKARLSSON,202609261751WAGLRNZJ,2026_25_sep_23,Citizen Science (ultrasonic) - shared
59~40306+18~07249_20260925_231526.wav,DEV_001_20260925_231526.wav,0,59.40306,18.07249,Phogri,Pholidoptera griseoaptera,Dark Bush-cricket,bush-cricket,0.98,,,25/09/2026,25/09/2026,23:15:26,ClassifEspSWE-0002026-05-29_1,JOHANKARLSSON,202609261751WAGLRNZJ,2026_25_sep_23,Citizen Science (ultrasonic) - shared
59~40306+18~07249_20260925_231532.wav,DEV_001_20260925_231532.wav,0,59.40306,18.07249,Phogri,Pholidoptera griseoaptera,Dark Bush-cricket,bush-cricket,0.97,,,25/09/2026,25/09/2026,23:15:32,ClassifEspSWE-0002026-05-29_1,JOHANKARLSSON,202609261751WAGLRNZJ,2026_25_sep_23,Citizen Science (ultrasonic) - shared
59~40306+18~07249_20260925_231538.wav,DEV_001_20260925_231538.wav,0,59.40306,18.07249,Phogri,Pholidoptera griseoaptera,Dark Bush-cricket,bush-cricket,0.98,,,25/09/2026,25/09/2026,23:15:38,ClassifEspSWE-0002026-05-29_1,JOHANKARLSSON,202609261751WAGLRNZJ,2026_25_sep_23,Citizen Science (ultrasonic) - shared
59~40306+18~07249_20260925_231545.wav,DEV_001_20260925_231545.wav,0,59.40306,18.07249,Phogri,Pholidoptera griseoaptera,Dark Bush-cricket,bush-cricket,0.91,,,25/09/2026,25/09/2026,23:15:45,ClassifEspSWE-0002026-05-29_1,JOHANKARLSSON,202609261751WAGLRNZJ,2026_25_sep_23,Citizen Science (ultrasonic) - shared
59~40306+18~07249_20260925_231553.wav,DEV_001_20260925_231553.wav,0,59.40306,18.07249,Phogri,Pholidoptera griseoaptera,Dark Bush-cricket,bush-cricket,0.78,,,25/09/2026,25/09/2026,23:15:53,ClassifEspSWE-0002026-05-29_1,JOHANKARLSSON,202609261751WAGLRNZJ,2026_25_sep_23,Citizen Science (ultrasonic) - shared
59~40306+18~07249_20260925_231600.wav,DEV_001_20260925_231600.wav,0,59.40306,18.07249,Phogri,Pholidoptera griseoaptera,Dark Bush-cricket,bush-cricket,0.95,,,25/09/2026,25/09/2026,23:16:00,ClassifEspSWE-0002026-05-29_1,JOHANKARLSSON,202609261751WAGLRNZJ,2026_25_sep_23,Citizen Science (ultrasonic) - shared
59~40306+18~07249_20260925_231607.wav,DEV_001_20260925_231607.wav,0,59.40306,18.07249,Phogri,Pholidoptera griseoaptera,Dark Bush-cricket,bush-cricket,0.89,,,25/09/2026,25/09/2026,23:16:07,ClassifEspSWE-0002026-05-29_1,JOHANKARLSSON,202609261751WAGLRNZJ,2026_25_sep_23,Citizen Science (ultrasonic) - shared
59~40306+18~07249_20260925_231614.wav,DEV_001_20260925_231614.wav,0,59.40306,18.07249,Phogri,Pholidoptera griseoaptera,Dark Bush-cricket,bush-cricket,0.98,,,25/09/2026,25/09/2026,23:16:14,ClassifEspSWE-0002026-05-29_1,JOHANKARLSSON,202609261751WAGLRNZJ,2026_25_sep_23,Citizen Science (ultrasonic) - shared
59~40306+18~07249_20260925_231621.wav,DEV_001_20260925_231621.wav,0,59.40306,18.07249,Phogri,Pholidoptera griseoaptera,Dark Bush-cricket,bush-cricket,0.86,,,25/09/2026,25/09/2026,23:16:21,ClassifEspSWE-0002026-05-29_1,JOHANKARLSSON,202609261751WAGLRNZJ,2026_25_sep_23,Citizen Science (ultrasonic) - shared
59~40306+18~07249_20260925_231627.wav,DEV_001_20260925_231627.wav,0,59.40306,18.07249,Phogri,Pholidoptera griseoaptera,Dark Bush-cricket,bush-cricket,0.95,,,25/09/2026,25/09/2026,23:16:27,ClassifEspSWE-0002026-05-29_1,JOHANKARLSSON,202609261751WAGLRNZJ,2026_25_sep_23,Citizen Science (ultrasonic) - shared
59~40306+18~07249_20260925_231632.wav,DEV_001_20260925_231632.wav,0,59.40306,18.07249,Phogri,Pholidoptera griseoaptera,Dark Bush-cricket,bush-cricket,0.58,,,25/09/2026,25/09/2026,23:16:32,ClassifEspSWE-0002026-05-29_1,JOHANKARLSSON,202609261751WAGLRNZJ,2026_25_sep_23,Citizen Science (ultrasonic) - shared
59~40306+18~07249_20260925_231641.wav,DEV_001_20260925_231641.wav,0,59.40306,18.07249,Phogri,Pholidoptera griseoaptera,Dark Bush-cricket,bush-cricket,0.96,,,25/09/2026,25/09/2026,23:16:41,ClassifEspSWE-0002026-05-29_1,JOHANKARLSSON,202609261751WAGLRNZJ,2026_25_sep_23,Citizen Science (ultrasonic) - shared
59~40306+18~07249_20260925_231649.wav,DEV_001_20260925_231649.wav,0,59.40306,18.07249,Phogri,Pholidoptera griseoaptera,Dark Bush-cricket,bush-cricket,0.97,,,25/09/2026,25/09/2026,23:16:49,ClassifEspSWE-0002026-05-29_1,JOHANKARLSSON,202609261751WAGLRNZJ,2026_25_sep_23,Citizen Science (ultrasonic) - shared
59~40306+18~07249_20260925_231655.wav,DEV_001_20260925_231655.wav,0,59.40306,18.07249,Phogri,Pholidoptera griseoaptera,Dark Bush-cricket,bush-cricket,0.97,,,25/09/2026,25/09/2026,23:16:55,ClassifEspSWE-0002026-05-29_1,JOHANKARLSSON,202609261751WAGLRNZJ,2026_25_sep_23,Citizen Science (ultrasonic) - shared
59~40306+18~07249_20260925_231702.wav,DEV_001_20260925_231702.wav,0,59.40306,18.07249,Phogri,Pholidoptera griseoaptera,Dark Bush-cricket,bush-cricket,0.83,,,25/09/2026,25/09/2026,23:17:02,ClassifEspSWE-0002026-05-29_1,JOHANKARLSSON,202609261751WAGLRNZJ,2026_25_sep_23,Citizen Science (ultrasonic) - shared
59~40306+18~07249_20260925_231707.wav,DEV_001_20260925_231707.wav,0,59.40306,18.07249,Phogri,Pholidoptera griseoaptera,Dark Bush-cricket,bush-cricket,0.99,,,25/09/2026,25/09/2026,23:17:07,ClassifEspSWE-0002026-05-29_1,JOHANKARLSSON,202609261751WAGLRNZJ,2026_25_sep_23,Citizen Science (ultrasonic) - shared
59~40306+18~07249_20260925_231713.wav,DEV_001_20260925_231713.wav,0,59.40306,18.07249,Phogri,Pholidoptera griseoaptera,Dark Bush-cricket,bush-cricket,0.88,,,25/09/2026,25/09/2026,23:17:13,ClassifEspSWE-0002026-05-29_1,JOHANKARLSSON,202609261751WAGLRNZJ,2026_25_sep_23,Citizen Science (ultrasonic) - shared
59~40306+18~07249_20260925_231718.wav,DEV_001_20260925_231718.wav,0,59.40306,18.07249,Phogri,Pholidoptera griseoaptera,Dark Bush-cricket,bush-cricket,0.93,,,25/09/2026,25/09/2026,23:17:18,ClassifEspSWE-0002026-05-29_1,JOHANKARLSSON,202609261751WAGLRNZJ,2026_25_sep_23,Citizen Science (ultrasonic) - shared
59~40306+18~07249_20260925_231725.wav,DEV_001_20260925_231725.wav,0,59.40306,18.07249,Phogri,Pholidoptera griseoaptera,Dark Bush-cricket,bush-cricket,0.95,,,25/09/2026,25/09/2026,23:17:25,ClassifEspSWE-0002026-05-29_1,JOHANKARLSSON,202609261751WAGLRNZJ,2026_25_sep_23,Citizen Science (ultrasonic) - shared
59~40306+18~07249_20260925_231732.wav,DEV_001_20260925_231732.wav,0,59.40306,18.07249,Phogri,Pholidoptera griseoaptera,Dark Bush-cricket,bush-cricket,0.85,,,25/09/2026,25/09/2026,23:17:32,ClassifEspSWE-0002026-05-29_1,JOHANKARLSSON,202609261751WAGLRNZJ,2026_25_sep_23,Citizen Science (ultrasonic) - shared
59~40306+18~07249_20260925_231740.wav,DEV_001_20260925_231740.wav,0,59.40306,18.07249,Phogri,Pholidoptera griseoaptera,Dark Bush-cricket,bush-cricket,0.93,,,25/09/2026,25/09/2026,23:17:40,ClassifEspSWE-0002026-05-29_1,JOHANKARLSSON,202609261751WAGLRNZJ,2026_25_sep_23,Citizen Science (ultrasonic) - shared
59~40306+18~07249_20260925_231747.wav,DEV_001_20260925_231747.wav,0,59.40306,18.07249,Phogri,Pholidoptera griseoaptera,Dark Bush-cricket,bush-cricket,0.9,,,25/09/2026,25/09/2026,23:17:47,ClassifEspSWE-0002026-05-29_1,JOHANKARLSSON,202609261751WAGLRNZJ,2026_25_sep_23,Citizen Science (ultrasonic) - shared
59~40306+18~07249_20260925_231754.wav,DEV_001_20260925_231754.wav,0,59.40306,18.07249,Phogri,Pholidoptera griseoaptera,Dark Bush-cricket,bush-cricket,0.98,,,25/09/2026,25/09/2026,23:17:54,ClassifEspSWE-0002026-05-29_1,JOHANKARLSSON,202609261751WAGLRNZJ,2026_25_sep_23,Citizen Science (ultrasonic) - shared
59~40306+18~07249_20260925_231801.wav,DEV_001_20260925_231801.wav,0,59.40306,18.07249,Phogri,Pholidoptera griseoaptera,Dark Bush-cricket,bush-cricket,0.92,,,25/09/2026,25/09/2026,23:18:01,ClassifEspSWE-0002026-05-29_1,JOHANKARLSSON,202609261751WAGLRNZJ,2026_25_sep_23,Citizen Science (ultrasonic) - shared
59~40306+18~07249_20260925_231807.wav,DEV_001_20260925_231807.wav,0,59.40306,18.07249,Phogri,Pholidoptera griseoaptera,Dark Bush-cricket,bush-cricket,0.89,,,25/09/2026,25/09/2026,23:18:07,ClassifEspSWE-0002026-05-29_1,JOHANKARLSSON,202609261751WAGLRNZJ,2026_25_sep_23,Citizen Science (ultrasonic) - shared
59~40306+18~07249_20260925_231814.wav,DEV_001_20260925_231814.wav,0,59.40306,18.07249,Phogri,Pholidoptera griseoaptera,Dark Bush-cricket,bush-cricket,0.98,,,25/09/2026,25/09/2026,23:18:14,ClassifEspSWE-0002026-05-29_1,JOHANKARLSSON,202609261751WAGLRNZJ,2026_25_sep_23,Citizen Science (ultrasonic) - shared
59~40306+18~07249_20260925_231820.wav,DEV_001_20260925_231820.wav,0,59.40306,18.07249,Phogri,Pholidoptera griseoaptera,Dark Bush-cricket,bush-cricket,0.93,,,25/09/2026,25/09/2026,23:18:20,ClassifEspSWE-0002026-05-29_1,JOHANKARLSSON,202609261751WAGLRNZJ,2026_25_sep_23,Citizen Science (ultrasonic) - shared
59~40306+18~07249_20260925_231826.wav,DEV_001_20260925_231826.wav,0,59.40306,18.07249,Phogri,Pholidoptera griseoaptera,Dark Bush-cricket,bush-cricket,0.96,,,25/09/2026,25/09/2026,23:18:26,ClassifEspSWE-0002026-05-29_1,JOHANKARLSSON,202609261751WAGLRNZJ,2026_25_sep_23,Citizen Science (ultrasonic) - shared
59~40306+18~07249_20260925_231833.wav,DEV_001_20260925_231833.wav,0,59.40306,18.07249,Phogri,Pholidoptera griseoaptera,Dark Bush-cricket,bush-cricket,0.98,,,25/09/2026,25/09/2026,23:18:33,ClassifEspSWE-0002026-05-29_1,JOHANKARLSSON,202609261751WAGLRNZJ,2026_25_sep_23,Citizen Science (ultrasonic) - shared
59~40306+18~07249_20260925_231840.wav,DEV_001_20260925_231840.wav,0,59.40306,18.07249,Phogri,Pholidoptera griseoaptera,Dark Bush-cricket,bush-cricket,0.97,,,25/09/2026,25/09/2026,23:18:40,ClassifEspSWE-0002026-05-29_1,JOHANKARLSSON,202609261751WAGLRNZJ,2026_25_sep_23,Citizen Science (ultrasonic) - shared
59~40306+18~07249_20260925_231845.wav,DEV_001_20260925_231845.wav,0,59.40306,18.07249,Phogri,Pholidoptera griseoaptera,Dark Bush-cricket,bush-cricket,0.89,,,25/09/2026,25/09/2026,23:18:45,ClassifEspSWE-0002026-05-29_1,JOHANKARLSSON,202609261751WAGLRNZJ,2026_25_sep_23,Citizen Science (ultrasonic) - shared
59~40306+18~07249_20260925_231851.wav,DEV_001_20260925_231851.wav,0,59.40306,18.07249,Phogri,Pholidoptera griseoaptera,Dark Bush-cricket,bush-cricket,0.98,,,25/09/2026,25/09/2026,23:18:51,ClassifEspSWE-0002026-05-29_1,JOHANKARLSSON,202609261751WAGLRNZJ,2026_25_sep_23,Citizen Science (ultrasonic) - shared
59~40306+18~07249_20260925_231857.wav,DEV_001_20260925_231857.wav,0,59.40306,18.07249,Phogri,Pholidoptera griseoaptera,Dark Bush-cricket,bush-cricket,0.92,,,25/09/2026,25/09/2026,23:18:57,ClassifEspSWE-0002026-05-29_1,JOHANKARLSSON,202609261751WAGLRNZJ,2026_25_sep_23,Citizen Science (ultrasonic) - shared
59~40306+18~07249_20260925_231903.wav,DEV_001_20260925_231903.wav,0,59.40306,18.07249,Phogri,Pholidoptera griseoaptera,Dark Bush-cricket,bush-cricket,0.94,,,25/09/2026,25/09/2026,23:19:03,ClassifEspSWE-0002026-05-29_1,JOHANKARLSSON,202609261751WAGLRNZJ,2026_25_sep_23,Citizen Science (ultrasonic) - shared
59~40306+18~07249_20260925_231910.wav,DEV_001_20260925_231910.wav,0,59.40306,18.07249,Phogri,Pholidoptera griseoaptera,Dark Bush-cricket,bush-cricket,0.87,,,25/09/2026,25/09/2026,23:19:10,ClassifEspSWE-0002026-05-29_1,JOHANKARLSSON,202609261751WAGLRNZJ,2026_25_sep_23,Citizen Science (ultrasonic) - shared
59~40306+18~07249_20260925_231916.wav,DEV_001_20260925_231916.wav,0,59.40306,18.07249,Phogri,Pholidoptera griseoaptera,Dark Bush-cricket,bush-cricket,0.75,,,25/09/2026,25/09/2026,23:19:16,ClassifEspSWE-0002026-05-29_1,JOHANKARLSSON,202609261751WAGLRNZJ,2026_25_sep_23,Citizen Science (ultrasonic) - shared
59~40306+18~07249_20260925_231923.wav,DEV_001_20260925_231923.wav,0,59.40306,18.07249,Phogri,Pholidoptera griseoaptera,Dark Bush-cricket,bush-cricket,0.93,,,25/09/2026,25/09/2026,23:19:23,ClassifEspSWE-0002026-05-29_1,JOHANKARLSSON,202609261751WAGLRNZJ,2026_25_sep_23,Citizen Science (ultrasonic) - shared
59~40306+18~07249_20260925_231929.wav,DEV_001_20260925_231929.wav,0,59.40306,18.07249,Phogri,Pholidoptera griseoaptera,Dark Bush-cricket,bush-cricket,0.77,,,25/09/2026,25/09/2026,23:19:29,ClassifEspSWE-0002026-05-29_1,JOHANKARLSSON,202609261751WAGLRNZJ,2026_25_sep_23,Citizen Science (ultrasonic) - shared
59~40306+18~07249_20260925_231936.wav,DEV_001_20260925_231936.wav,0,59.40306,18.07249,Phogri,Pholidoptera griseoaptera,Dark Bush-cricket,bush-cricket,0.92,,,25/09/2026,25/09/2026,23:19:36,ClassifEspSWE-0002026-05-29_1,JOHANKARLSSON,202609261751WAGLRNZJ,2026_25_sep_23,Citizen Science (ultrasonic) - shared
59~40306+18~07249_20260925_231942.wav,DEV_001_20260925_231942.wav,0,59.40306,18.07249,Phogri,Pholidoptera griseoaptera,Dark Bush-cricket,bush-cricket,0.95,,,25/09/2026,25/09/2026,23:19:42,ClassifEspSWE-0002026-05-29_1,JOHANKARLSSON,202609261751WAGLRNZJ,2026_25_sep_23,Citizen Science (ultrasonic) - shared
59~40306+18~07249_20260925_231947.wav,DEV_001_20260925_231947.wav,0,59.40306,18.07249,Phogri,Pholidoptera griseoaptera,Dark Bush-cricket,bush-cricket,0.89,,,25/09/2026,25/09/2026,23:19:47,ClassifEspSWE-0002026-05-29_1,JOHANKARLSSON,202609261751WAGLRNZJ,2026_25_sep_23,Citizen Science (ultrasonic) - shared
59~40306+18~07249_20260925_231955.wav,DEV_001_20260925_231955.wav,0,59.40306,18.07249,Phogri,Pholidoptera griseoaptera,Dark Bush-cricket,bush-cricket,0.84,,,25/09/2026,25/09/2026,23:19:55,ClassifEspSWE-0002026-05-29_1,JOHANKARLSSON,202609261751WAGLRNZJ,2026_25_sep_23,Citizen Science (ultrasonic) - shared
59~40306+18~07249_20260925_232000.wav,DEV_001_20260925_232000.wav,0,59.40306,18.07249,Phogri,Pholidoptera griseoaptera,Dark Bush-cricket,bush-cricket,0.96,,,25/09/2026,25/09/2026,23:20:00,ClassifEspSWE-0002026-05-29_1,JOHANKARLSSON,202609261751WAGLRNZJ,2026_25_sep_23,Citizen Science (ultrasonic) - shared
59~40306+18~07249_20260925_232006.wav,DEV_001_20260925_232006.wav,0,59.40306,18.07249,Phogri,Pholidoptera griseoaptera,Dark Bush-cricket,bush-cricket,0.63,,,25/09/2026,25/09/2026,23:20:06,ClassifEspSWE-0002026-05-29_1,JOHANKARLSSON,202609261751WAGLRNZJ,2026_25_sep_23,Citizen Science (ultrasonic) - shared
59~40306+18~07249_20260925_232012.wav,DEV_001_20260925_232012.wav,0,59.40306,18.07249,Phogri,Pholidoptera griseoaptera,Dark Bush-cricket,bush-cricket,0.85,,,25/09/2026,25/09/2026,23:20:12,ClassifEspSWE-0002026-05-29_1,JOHANKARLSSON,202609261751WAGLRNZJ,2026_25_sep_23,Citizen Science (ultrasonic) - shared
59~40306+18~07249_20260925_232019.wav,DEV_001_20260925_232019.wav,0,59.40306,18.07249,Phogri,Pholidoptera griseoaptera,Dark Bush-cricket,bush-cricket,0.97,,,25/09/2026,25/09/2026,23:20:19,ClassifEspSWE-0002026-05-29_1,JOHANKARLSSON,202609261751WAGLRNZJ,2026_25_sep_23,Citizen Science (ultrasonic) - shared
59~40306+18~07249_20260925_232024.wav,DEV_001_20260925_232024.wav,0,59.40306,18.07249,Phogri,Pholidoptera griseoaptera,Dark Bush-cricket,bush-cricket,0.79,,,25/09/2026,25/09/2026,23:20:24,ClassifEspSWE-0002026-05-29_1,JOHANKARLSSON,202609261751WAGLRNZJ,2026_25_sep_23,Citizen Science (ultrasonic) - shared
59~40306+18~07249_20260925_232030.wav,DEV_001_20260925_232030.wav,0,59.40306,18.07249,Phogri,Pholidoptera griseoaptera,Dark Bush-cricket,bush-cricket,0.95,,,25/09/2026,25/09/2026,23:20:30,ClassifEspSWE-0002026-05-29_1,JOHANKARLSSON,202609261751WAGLRNZJ,2026_25_sep_23,Citizen Science (ultrasonic) - shared
59~40306+18~07249_20260925_232037.wav,DEV_001_20260925_232037.wav,0,59.40306,18.07249,Phogri,Pholidoptera griseoaptera,Dark Bush-cricket,bush-cricket,0.96,,,25/09/2026,25/09/2026,23:20:37,ClassifEspSWE-0002026-05-29_1,JOHANKARLSSON,202609261751WAGLRNZJ,2026_25_sep_23,Citizen Science (ultrasonic) - shared
59~40306+18~07249_20260925_232045.wav,DEV_001_20260925_232045.wav,0,59.40306,18.07249,Phogri,Pholidoptera griseoaptera,Dark Bush-cricket,bush-cricket,0.95,,,25/09/2026,25/09/2026,23:20:45,ClassifEspSWE-0002026-05-29_1,JOHANKARLSSON,202609261751WAGLRNZJ,2026_25_sep_23,Citizen Science (ultrasonic) - shared
59~40306+18~07249_20260925_232052.wav,DEV_001_20260925_232052.wav,0,59.40306,18.07249,Phogri,Pholidoptera griseoaptera,Dark Bush-cricket,bush-cricket,0.95,,,25/09/2026,25/09/2026,23:20:52,ClassifEspSWE-0002026-05-29_1,JOHANKARLSSON,202609261751WAGLRNZJ,2026_25_sep_23,Citizen Science (ultrasonic) - shared
59~40306+18~07249_20260925_232057.wav,DEV_001_20260925_232057.wav,0,59.40306,18.07249,Phogri,Pholidoptera griseoaptera,Dark Bush-cricket,bush-cricket,0.95,,,25/09/2026,25/09/2026,23:20:57,ClassifEspSWE-0002026-05-29_1,JOHANKARLSSON,202609261751WAGLRNZJ,2026_25_sep_23,Citizen Science (ultrasonic) - shared
59~40306+18~07249_20260925_232104.wav,DEV_001_20260925_232104.wav,0,59.40306,18.07249,Phogri,Pholidoptera griseoaptera,Dark Bush-cricket,bush-cricket,0.89,,,25/09/2026,25/09/2026,23:21:04,ClassifEspSWE-0002026-05-29_1,JOHANKARLSSON,202609261751WAGLRNZJ,2026_25_sep_23,Citizen Science (ultrasonic) - shared
59~40306+18~07249_20260925_232111.wav,DEV_001_20260925_232111.wav,0,59.40306,18.07249,Phogri,Pholidoptera griseoaptera,Dark Bush-cricket,bush-cricket,0.89,,,25/09/2026,25/09/2026,23:21:11,ClassifEspSWE-0002026-05-29_1,JOHANKARLSSON,202609261751WAGLRNZJ,2026_25_sep_23,Citizen Science (ultrasonic) - shared
59~40306+18~07249_20260925_232118.wav,DEV_001_20260925_232118.wav,0,59.40306,18.07249,Phogri,Pholidoptera griseoaptera,Dark Bush-cricket,bush-cricket,0.93,,,25/09/2026,25/09/2026,23:21:18,ClassifEspSWE-0002026-05-29_1,JOHANKARLSSON,202609261751WAGLRNZJ,2026_25_sep_23,Citizen Science (ultrasonic) - shared
59~40306+18~07249_20260925_232124.wav,DEV_001_20260925_232124.wav,0,59.40306,18.07249,Phogri,Pholidoptera griseoaptera,Dark Bush-cricket,bush-cricket,0.97,,,25/09/2026,25/09/2026,23:21:24,ClassifEspSWE-0002026-05-29_1,JOHANKARLSSON,202609261751WAGLRNZJ,2026_25_sep_23,Citizen Science (ultrasonic) - shared
59~40306+18~07249_20260925_232132.wav,DEV_001_20260925_232132.wav,0,59.40306,18.07249,Phogri,Pholidoptera griseoaptera,Dark Bush-cricket,bush-cricket,0.96,,,25/09/2026,25/09/2026,23:21:32,ClassifEspSWE-0002026-05-29_1,JOHANKARLSSON,202609261751WAGLRNZJ,2026_25_sep_23,Citizen Science (ultrasonic) - shared
59~40306+18~07249_20260925_232137.wav,DEV_001_20260925_232137.wav,0,59.40306,18.07249,Phogri,Pholidoptera griseoaptera,Dark Bush-cricket,bush-cricket,0.91,,,25/09/2026,25/09/2026,23:21:37,ClassifEspSWE-0002026-05-29_1,JOHANKARLSSON,202609261751WAGLRNZJ,2026_25_sep_23,Citizen Science (ultrasonic) - shared
59~40306+18~07249_20260925_232144.wav,DEV_001_20260925_232144.wav,0,59.40306,18.07249,Phogri,Pholidoptera griseoaptera,Dark Bush-cricket,bush-cricket,0.76,,,25/09/2026,25/09/2026,23:21:44,ClassifEspSWE-0002026-05-29_1,JOHANKARLSSON,202609261751WAGLRNZJ,2026_25_sep_23,Citizen Science (ultrasonic) - shared
59~40306+18~07249_20260925_232200.wav,DEV_001_20260925_232200.wav,0,59.40306,18.07249,Phogri,Pholidoptera griseoaptera,Dark Bush-cricket,bush-cricket,0.87,,,25/09/2026,25/09/2026,23:22:00,ClassifEspSWE-0002026-05-29_1,JOHANKARLSSON,202609261751WAGLRNZJ,2026_25_sep_23,Citizen Science (ultrasonic) - shared
59~40306+18~07249_20260925_232206.wav,DEV_001_20260925_232206.wav,0,59.40306,18.07249,Phogri,Pholidoptera griseoaptera,Dark Bush-cricket,bush-cricket,0.96,,,25/09/2026,25/09/2026,23:22:06,ClassifEspSWE-0002026-05-29_1,JOHANKARLSSON,202609261751WAGLRNZJ,2026_25_sep_23,Citizen Science (ultrasonic) - shared
59~40306+18~07249_20260925_232213.wav,DEV_001_20260925_232213.wav,0,59.40306,18.07249,Phogri,Pholidoptera griseoaptera,Dark Bush-cricket,bush-cricket,0.88,,,25/09/2026,25/09/2026,23:22:13,ClassifEspSWE-0002026-05-29_1,JOHANKARLSSON,202609261751WAGLRNZJ,2026_25_sep_23,Citizen Science (ultrasonic) - shared
59~40306+18~07249_20260925_232219.wav,DEV_001_20260925_232219.wav,0,59.40306,18.07249,Phogri,Pholidoptera griseoaptera,Dark Bush-cricket,bush-cricket,0.9,,,25/09/2026,25/09/2026,23:22:19,ClassifEspSWE-0002026-05-29_1,JOHANKARLSSON,202609261751WAGLRNZJ,2026_25_sep_23,Citizen Science (ultrasonic) - shared
59~40306+18~07249_20260925_232225.wav,DEV_001_20260925_232225.wav,0,59.40306,18.07249,Phogri,Pholidoptera griseoaptera,Dark Bush-cricket,bush-cricket,0.91,,,25/09/2026,25/09/2026,23:22:25,ClassifEspSWE-0002026-05-29_1,JOHANKARLSSON,202609261751WAGLRNZJ,2026_25_sep_23,Citizen Science (ultrasonic) - shared
59~40306+18~07249_20260925_232232.wav,DEV_001_20260925_232232.wav,0,59.40306,18.07249,Phogri,Pholidoptera griseoaptera,Dark Bush-cricket,bush-cricket,0.84,,,25/09/2026,25/09/2026,23:22:32,ClassifEspSWE-0002026-05-29_1,JOHANKARLSSON,202609261751WAGLRNZJ,2026_25_sep_23,Citizen Science (ultrasonic) - shared
59~40306+18~07249_20260925_232238.wav,DEV_001_20260925_232238.wav,0,59.40306,18.07249,Phogri,Pholidoptera griseoaptera,Dark Bush-cricket,bush-cricket,0.91,,,25/09/2026,25/09/2026,23:22:38,ClassifEspSWE-0002026-05-29_1,JOHANKARLSSON,202609261751WAGLRNZJ,2026_25_sep_23,Citizen Science (ultrasonic) - shared
59~40306+18~07249_20260925_232244.wav,DEV_001_20260925_232244.wav,0,59.40306,18.07249,Phogri,Pholidoptera griseoaptera,Dark Bush-cricket,bush-cricket,0.94,,,25/09/2026,25/09/2026,23:22:44,ClassifEspSWE-0002026-05-29_1,JOHANKARLSSON,202609261751WAGLRNZJ,2026_25_sep_23,Citizen Science (ultrasonic) - shared
59~40306+18~07249_20260925_232250.wav,DEV_001_20260925_232250.wav,0,59.40306,18.07249,Phogri,Pholidoptera griseoaptera,Dark Bush-cricket,bush-cricket,0.74,,,25/09/2026,25/09/2026,23:22:50,ClassifEspSWE-0002026-05-29_1,JOHANKARLSSON,202609261751WAGLRNZJ,2026_25_sep_23,Citizen Science (ultrasonic) - shared
59~40306+18~07249_20260925_232256.wav,DEV_001_20260925_232256.wav,0,59.40306,18.07249,Phogri,Pholidoptera griseoaptera,Dark Bush-cricket,bush-cricket,0.8,,,25/09/2026,25/09/2026,23:22:56,ClassifEspSWE-0002026-05-29_1,JOHANKARLSSON,202609261751WAGLRNZJ,2026_25_sep_23,Citizen Science (ultrasonic) - shared
59~40306+18~07249_20260925_232302.wav,DEV_001_20260925_232302.wav,0,59.40306,18.07249,Phogri,Pholidoptera griseoaptera,Dark Bush-cricket,bush-cricket,0.92,,,25/09/2026,25/09/2026,23:23:02,ClassifEspSWE-0002026-05-29_1,JOHANKARLSSON,202609261751WAGLRNZJ,2026_25_sep_23,Citizen Science (ultrasonic) - shared
59~40306+18~07249_20260925_232307.wav,DEV_001_20260925_232307.wav,0,59.40306,18.07249,Phogri,Pholidoptera griseoaptera,Dark Bush-cricket,bush-cricket,0.75,,,25/09/2026,25/09/2026,23:23:07,ClassifEspSWE-0002026-05-29_1,JOHANKARLSSON,202609261751WAGLRNZJ,2026_25_sep_23,Citizen Science (ultrasonic) - shared
59~40306+18~07249_20260925_232313.wav,DEV_001_20260925_232313.wav,0,59.40306,18.07249,Phogri,Pholidoptera griseoaptera,Dark Bush-cricket,bush-cricket,0.76,,,25/09/2026,25/09/2026,23:23:13,ClassifEspSWE-0002026-05-29_1,JOHANKARLSSON,202609261751WAGLRNZJ,2026_25_sep_23,Citizen Science (ultrasonic) - shared
59~40306+18~07249_20260925_232319.wav,DEV_001_20260925_232319.wav,0,59.40306,18.07249,Phogri,Pholidoptera griseoaptera,Dark Bush-cricket,bush-cricket,0.77,,,25/09/2026,25/09/2026,23:23:19,ClassifEspSWE-0002026-05-29_1,JOHANKARLSSON,202609261751WAGLRNZJ,2026_25_sep_23,Citizen Science (ultrasonic) - shared
59~40306+18~07249_20260925_232325.wav,DEV_001_20260925_232325.wav,0,59.40306,18.07249,Phogri,Pholidoptera griseoaptera,Dark Bush-cricket,bush-cricket,0.72,,,25/09/2026,25/09/2026,23:23:25,ClassifEspSWE-0002026-05-29_1,JOHANKARLSSON,202609261751WAGLRNZJ,2026_25_sep_23,Citizen Science (ultrasonic) - shared
59~40306+18~07249_20260925_232331.wav,DEV_001_20260925_232331.wav,0,59.40306,18.07249,Phogri,Pholidoptera griseoaptera,Dark Bush-cricket,bush-cricket,0.94,,,25/09/2026,25/09/2026,23:23:31,ClassifEspSWE-0002026-05-29_1,JOHANKARLSSON,202609261751WAGLRNZJ,2026_25_sep_23,Citizen Science (ultrasonic) - shared
59~40306+18~07249_20260925_232336.wav,DEV_001_20260925_232336.wav,0,59.40306,18.07249,Phogri,Pholidoptera griseoaptera,Dark Bush-cricket,bush-cricket,0.96,,,25/09/2026,25/09/2026,23:23:36,ClassifEspSWE-0002026-05-29_1,JOHANKARLSSON,202609261751WAGLRNZJ,2026_25_sep_23,Citizen Science (ultrasonic) - shared
59~40306+18~07249_20260925_232342.wav,DEV_001_20260925_232342.wav,0,59.40306,18.07249,Phogri,Pholidoptera griseoaptera,Dark Bush-cricket,bush-cricket,0.79,,,25/09/2026,25/09/2026,23:23:42,ClassifEspSWE-0002026-05-29_1,JOHANKARLSSON,202609261751WAGLRNZJ,2026_25_sep_23,Citizen Science (ultrasonic) - shared
59~40306+18~07249_20260925_232348.wav,DEV_001_20260925_232348.wav,0,59.40306,18.07249,Phogri,Pholidoptera griseoaptera,Dark Bush-cricket,bush-cricket,0.98,,,25/09/2026,25/09/2026,23:23:48,ClassifEspSWE-0002026-05-29_1,JOHANKARLSSON,202609261751WAGLRNZJ,2026_25_sep_23,Citizen Science (ultrasonic) - shared
59~40306+18~07249_20260925_232353.wav,DEV_001_20260925_232353.wav,0,59.40306,18.07249,Phogri,Pholidoptera griseoaptera,Dark Bush-cricket,bush-cricket,0.78,,,25/09/2026,25/09/2026,23:23:53,ClassifEspSWE-0002026-05-29_1,JOHANKARLSSON,202609261751WAGLRNZJ,2026_25_sep_23,Citizen Science (ultrasonic) - shared
59~40306+18~07249_20260925_232400.wav,DEV_001_20260925_232400.wav,0,59.40306,18.07249,Phogri,Pholidoptera griseoaptera,Dark Bush-cricket,bush-cricket,0.89,,,25/09/2026,25/09/2026,23:24:00,ClassifEspSWE-0002026-05-29_1,JOHANKARLSSON,202609261751WAGLRNZJ,2026_25_sep_23,Citizen Science (ultrasonic) - shared
59~40306+18~07249_20260925_232406.wav,DEV_001_20260925_232406.wav,0,59.40306,18.07249,Phogri,Pholidoptera griseoaptera,Dark Bush-cricket,bush-cricket,0.75,,,25/09/2026,25/09/2026,23:24:06,ClassifEspSWE-0002026-05-29_1,JOHANKARLSSON,202609261751WAGLRNZJ,2026_25_sep_23,Citizen Science (ultrasonic) - shared
59~40306+18~07249_20260925_232411.wav,DEV_001_20260925_232411.wav,0,59.40306,18.07249,Phogri,Pholidoptera griseoaptera,Dark Bush-cricket,bush-cricket,0.8,,,25/09/2026,25/09/2026,23:24:11,ClassifEspSWE-0002026-05-29_1,JOHANKARLSSON,202609261751WAGLRNZJ,2026_25_sep_23,Citizen Science (ultrasonic) - shared
59~40306+18~07249_20260925_232419.wav,DEV_001_20260925_232419.wav,0,59.40306,18.07249,Phogri,Pholidoptera griseoaptera,Dark Bush-cricket,bush-cricket,0.97,,,25/09/2026,25/09/2026,23:24:19,ClassifEspSWE-0002026-05-29_1,JOHANKARLSSON,202609261751WAGLRNZJ,2026_25_sep_23,Citizen Science (ultrasonic) - shared
59~40306+18~07249_20260925_232425.wav,DEV_001_20260925_232425.wav,0,59.40306,18.07249,Phogri,Pholidoptera griseoaptera,Dark Bush-cricket,bush-cricket,0.83,,,25/09/2026,25/09/2026,23:24:25,ClassifEspSWE-0002026-05-29_1,JOHANKARLSSON,202609261751WAGLRNZJ,2026_25_sep_23,Citizen Science (ultrasonic) - shared
59~40306+18~07249_20260925_232431.wav,DEV_001_20260925_232431.wav,0,59.40306,18.07249,Phogri,Pholidoptera griseoaptera,Dark Bush-cricket,bush-cricket,0.95,,,25/09/2026,25/09/2026,23:24:31,ClassifEspSWE-0002026-05-29_1,JOHANKARLSSON,202609261751WAGLRNZJ,2026_25_sep_23,Citizen Science (ultrasonic) - shared
59~40306+18~07249_20260925_232438.wav,DEV_001_20260925_232438.wav,0,59.40306,18.07249,Phogri,Pholidoptera griseoaptera,Dark Bush-cricket,bush-cricket,0.77,,,25/09/2026,25/09/2026,23:24:38,ClassifEspSWE-0002026-05-29_1,JOHANKARLSSON,202609261751WAGLRNZJ,2026_25_sep_23,Citizen Science (ultrasonic) - shared
59~40306+18~07249_20260925_232443.wav,DEV_001_20260925_232443.wav,0,59.40306,18.07249,Phogri,Pholidoptera griseoaptera,Dark Bush-cricket,bush-cricket,0.89,,,25/09/2026,25/09/2026,23:24:43,ClassifEspSWE-0002026-05-29_1,JOHANKARLSSON,202609261751WAGLRNZJ,2026_25_sep_23,Citizen Science (ultrasonic) - shared
59~40306+18~07249_20260925_232449.wav,DEV_001_20260925_232449.wav,0,59.40306,18.07249,Phogri,Pholidoptera griseoaptera,Dark Bush-cricket,bush-cricket,0.82,,,25/09/2026,25/09/2026,23:24:49,ClassifEspSWE-0002026-05-29_1,JOHANKARLSSON,202609261751WAGLRNZJ,2026_25_sep_23,Citizen Science (ultrasonic) - shared
59~40306+18~07249_20260925_232454.wav,DEV_001_20260925_232454.wav,0,59.40306,18.07249,Phogri,Pholidoptera griseoaptera,Dark Bush-cricket,bush-cricket,0.91,,,25/09/2026,25/09/2026,23:24:54,ClassifEspSWE-0002026-05-29_1,JOHANKARLSSON,202609261751WAGLRNZJ,2026_25_sep_23,Citizen Science (ultrasonic) - shared
59~40306+18~07249_20260925_232500.wav,DEV_001_20260925_232500.wav,0,59.40306,18.07249,Phogri,Pholidoptera griseoaptera,Dark Bush-cricket,bush-cricket,0.83,,,25/09/2026,25/09/2026,23:25:00,ClassifEspSWE-0002026-05-29_1,JOHANKARLSSON,202609261751WAGLRNZJ,2026_25_sep_23,Citizen Science (ultrasonic) - shared
59~40306+18~07249_20260925_232506.wav,DEV_001_20260925_232506.wav,0,59.40306,18.07249,Phogri,Pholidoptera griseoaptera,Dark Bush-cricket,bush-cricket,0.9,,,25/09/2026,25/09/2026,23:25:06,ClassifEspSWE-0002026-05-29_1,JOHANKARLSSON,202609261751WAGLRNZJ,2026_25_sep_23,Citizen Science (ultrasonic) - shared
59~40306+18~07249_20260925_232512.wav,DEV_001_20260925_232512.wav,0,59.40306,18.07249,Phogri,Pholidoptera griseoaptera,Dark Bush-cricket,bush-cricket,0.93,,,25/09/2026,25/09/2026,23:25:12,ClassifEspSWE-0002026-05-29_1,JOHANKARLSSON,202609261751WAGLRNZJ,2026_25_sep_23,Citizen Science (ultrasonic) - shared
59~40306+18~07249_20260925_232519.wav,DEV_001_20260925_232519.wav,0,59.40306,18.07249,Phogri,Pholidoptera griseoaptera,Dark Bush-cricket,bush-cricket,0.87,,,25/09/2026,25/09/2026,23:25:19,ClassifEspSWE-0002026-05-29_1,JOHANKARLSSON,202609261751WAGLRNZJ,2026_25_sep_23,Citizen Science (ultrasonic) - shared
59~40306+18~07249_20260925_232525.wav,DEV_001_20260925_232525.wav,0,59.40306,18.07249,Phogri,Pholidoptera griseoaptera,Dark Bush-cricket,bush-cricket,0.89,,,25/09/2026,25/09/2026,23:25:25,ClassifEspSWE-0002026-05-29_1,JOHANKARLSSON,202609261751WAGLRNZJ,2026_25_sep_23,Citizen Science (ultrasonic) - shared
59~40306+18~07249_20260925_232532.wav,DEV_001_20260925_232532.wav,0,59.40306,18.07249,Phogri,Pholidoptera griseoaptera,Dark Bush-cricket,bush-cricket,0.89,,,25/09/2026,25/09/2026,23:25:32,ClassifEspSWE-0002026-05-29_1,JOHANKARLSSON,202609261751WAGLRNZJ,2026_25_sep_23,Citizen Science (ultrasonic) - shared
59~40306+18~07249_20260925_232538.wav,DEV_001_20260925_232538.wav,0,59.40306,18.07249,Phogri,Pholidoptera griseoaptera,Dark Bush-cricket,bush-cricket,0.8,,,25/09/2026,25/09/2026,23:25:38,ClassifEspSWE-0002026-05-29_1,JOHANKARLSSON,202609261751WAGLRNZJ,2026_25_sep_23,Citizen Science (ultrasonic) - shared
59~40306+18~07249_20260925_232544.wav,DEV_001_20260925_232544.wav,0,59.40306,18.07249,Phogri,Pholidoptera griseoaptera,Dark Bush-cricket,bush-cricket,0.88,,,25/09/2026,25/09/2026,23:25:44,ClassifEspSWE-0002026-05-29_1,JOHANKARLSSON,202609261751WAGLRNZJ,2026_25_sep_23,Citizen Science (ultrasonic) - shared
59~40306+18~07249_20260925_232550.wav,DEV_001_20260925_232550.wav,0,59.40306,18.07249,Phogri,Pholidoptera griseoaptera,Dark Bush-cricket,bush-cricket,0.82,,,25/09/2026,25/09/2026,23:25:50,ClassifEspSWE-0002026-05-29_1,JOHANKARLSSON,202609261751WAGLRNZJ,2026_25_sep_23,Citizen Science (ultrasonic) - shared
59~40306+18~07249_20260925_232555.wav,DEV_001_20260925_232555.wav,0,59.40306,18.07249,Phogri,Pholidoptera griseoaptera,Dark Bush-cricket,bush-cricket,0.79,,,25/09/2026,25/09/2026,23:25:55,ClassifEspSWE-0002026-05-29_1,JOHANKARLSSON,202609261751WAGLRNZJ,2026_25_sep_23,Citizen Science (ultrasonic) - shared
59~40306+18~07249_20260925_232601.wav,DEV_001_20260925_232601.wav,0,59.40306,18.07249,Phogri,Pholidoptera griseoaptera,Dark Bush-cricket,bush-cricket,0.75,,,25/09/2026,25/09/2026,23:26:01,ClassifEspSWE-0002026-05-29_1,JOHANKARLSSON,202609261751WAGLRNZJ,2026_25_sep_23,Citizen Science (ultrasonic) - shared
59~40306+18~07249_20260925_232606.wav,DEV_001_20260925_232606.wav,0,59.40306,18.07249,Phogri,Pholidoptera griseoaptera,Dark Bush-cricket,bush-cricket,0.95,,,25/09/2026,25/09/2026,23:26:06,ClassifEspSWE-0002026-05-29_1,JOHANKARLSSON,202609261751WAGLRNZJ,2026_25_sep_23,Citizen Science (ultrasonic) - shared
59~40306+18~07249_20260925_232612.wav,DEV_001_20260925_232612.wav,0,59.40306,18.07249,Phogri,Pholidoptera griseoaptera,Dark Bush-cricket,bush-cricket,0.61,,,25/09/2026,25/09/2026,23:26:12,ClassifEspSWE-0002026-05-29_1,JOHANKARLSSON,202609261751WAGLRNZJ,2026_25_sep_23,Citizen Science (ultrasonic) - shared
59~40306+18~07249_20260925_232618.wav,DEV_001_20260925_232618.wav,0,59.40306,18.07249,Phogri,Pholidoptera griseoaptera,Dark Bush-cricket,bush-cricket,0.89,,,25/09/2026,25/09/2026,23:26:18,ClassifEspSWE-0002026-05-29_1,JOHANKARLSSON,202609261751WAGLRNZJ,2026_25_sep_23,Citizen Science (ultrasonic) - shared
59~40306+18~07249_20260925_232625.wav,DEV_001_20260925_232625.wav,0,59.40306,18.07249,Phogri,Pholidoptera griseoaptera,Dark Bush-cricket,bush-cricket,0.72,,,25/09/2026,25/09/2026,23:26:25,ClassifEspSWE-0002026-05-29_1,JOHANKARLSSON,202609261751WAGLRNZJ,2026_25_sep_23,Citizen Science (ultrasonic) - shared
59~40306+18~07249_20260925_232631.wav,DEV_001_20260925_232631.wav,0,59.40306,18.07249,Phogri,Pholidoptera griseoaptera,Dark Bush-cricket,bush-cricket,0.92,,,25/09/2026,25/09/2026,23:26:31,ClassifEspSWE-0002026-05-29_1,JOHANKARLSSON,202609261751WAGLRNZJ,2026_25_sep_23,Citizen Science (ultrasonic) - shared
59~40306+18~07249_20260925_232636.wav,DEV_001_20260925_232636.wav,0,59.40306,18.07249,Phogri,Pholidoptera griseoaptera,Dark Bush-cricket,bush-cricket,0.88,,,25/09/2026,25/09/2026,23:26:36,ClassifEspSWE-0002026-05-29_1,JOHANKARLSSON,202609261751WAGLRNZJ,2026_25_sep_23,Citizen Science (ultrasonic) - shared
59~40306+18~07249_20260925_232642.wav,DEV_001_20260925_232642.wav,0,59.40306,18.07249,Phogri,Pholidoptera griseoaptera,Dark Bush-cricket,bush-cricket,0.93,,,25/09/2026,25/09/2026,23:26:42,ClassifEspSWE-0002026-05-29_1,JOHANKARLSSON,202609261751WAGLRNZJ,2026_25_sep_23,Citizen Science (ultrasonic) - shared
59~40306+18~07249_20260925_232648.wav,DEV_001_20260925_232648.wav,0,59.40306,18.07249,Phogri,Pholidoptera griseoaptera,Dark Bush-cricket,bush-cricket,0.96,,,25/09/2026,25/09/2026,23:26:48,ClassifEspSWE-0002026-05-29_1,JOHANKARLSSON,202609261751WAGLRNZJ,2026_25_sep_23,Citizen Science (ultrasonic) - shared
59~40306+18~07249_20260925_232654.wav,DEV_001_20260925_232654.wav,0,59.40306,18.07249,Phogri,Pholidoptera griseoaptera,Dark Bush-cricket,bush-cricket,0.82,,,25/09/2026,25/09/2026,23:26:54,ClassifEspSWE-0002026-05-29_1,JOHANKARLSSON,202609261751WAGLRNZJ,2026_25_sep_23,Citizen Science (ultrasonic) - shared
59~40306+18~07249_20260925_232659.wav,DEV_001_20260925_232659.wav,0,59.40306,18.07249,Phogri,Pholidoptera griseoaptera,Dark Bush-cricket,bush-cricket,0.86,,,25/09/2026,25/09/2026,23:26:59,ClassifEspSWE-0002026-05-29_1,JOHANKARLSSON,202609261751WAGLRNZJ,2026_25_sep_23,Citizen Science (ultrasonic) - shared
59~40306+18~07249_20260925_232704.wav,DEV_001_20260925_232704.wav,0,59.40306,18.07249,Phogri,Pholidoptera griseoaptera,Dark Bush-cricket,bush-cricket,0.74,,,25/09/2026,25/09/2026,23:27:04,ClassifEspSWE-0002026-05-29_1,JOHANKARLSSON,202609261751WAGLRNZJ,2026_25_sep_23,Citizen Science (ultrasonic) - shared
59~40306+18~07249_20260925_232710.wav,DEV_001_20260925_232710.wav,0,59.40306,18.07249,Phogri,Pholidoptera griseoaptera,Dark Bush-cricket,bush-cricket,0.89,,,25/09/2026,25/09/2026,23:27:10,ClassifEspSWE-0002026-05-29_1,JOHANKARLSSON,202609261751WAGLRNZJ,2026_25_sep_23,Citizen Science (ultrasonic) - shared
59~40306+18~07249_20260925_232716.wav,DEV_001_20260925_232716.wav,0,59.40306,18.07249,Phogri,Pholidoptera griseoaptera,Dark Bush-cricket,bush-cricket,0.78,,,25/09/2026,25/09/2026,23:27:16,ClassifEspSWE-0002026-05-29_1,JOHANKARLSSON,202609261751WAGLRNZJ,2026_25_sep_23,Citizen Science (ultrasonic) - shared
59~40306+18~07249_20260925_232722.wav,DEV_001_20260925_232722.wav,0,59.40306,18.07249,Phogri,Pholidoptera griseoaptera,Dark Bush-cricket,bush-cricket,0.91,,,25/09/2026,25/09/2026,23:27:22,ClassifEspSWE-0002026-05-29_1,JOHANKARLSSON,202609261751WAGLRNZJ,2026_25_sep_23,Citizen Science (ultrasonic) - shared
59~40306+18~07249_20260925_232728.wav,DEV_001_20260925_232728.wav,0,59.40306,18.07249,Phogri,Pholidoptera griseoaptera,Dark Bush-cricket,bush-cricket,0.94,,,25/09/2026,25/09/2026,23:27:28,ClassifEspSWE-0002026-05-29_1,JOHANKARLSSON,202609261751WAGLRNZJ,2026_25_sep_23,Citizen Science (ultrasonic) - shared
59~40306+18~07249_20260925_232734.wav,DEV_001_20260925_232734.wav,0,59.40306,18.07249,Phogri,Pholidoptera griseoaptera,Dark Bush-cricket,bush-cricket,0.66,,,25/09/2026,25/09/2026,23:27:34,ClassifEspSWE-0002026-05-29_1,JOHANKARLSSON,202609261751WAGLRNZJ,2026_25_sep_23,Citizen Science (ultrasonic) - shared
59~40306+18~07249_20260925_232740.wav,DEV_001_20260925_232740.wav,0,59.40306,18.07249,Phogri,Pholidoptera griseoaptera,Dark Bush-cricket,bush-cricket,0.61,,,25/09/2026,25/09/2026,23:27:40,ClassifEspSWE-0002026-05-29_1,JOHANKARLSSON,202609261751WAGLRNZJ,2026_25_sep_23,Citizen Science (ultrasonic) - shared
59~40306+18~07249_20260925_232746.wav,DEV_001_20260925_232746.wav,0,59.40306,18.07249,Phogri,Pholidoptera griseoaptera,Dark Bush-cricket,bush-cricket,0.87,,,25/09/2026,25/09/2026,23:27:46,ClassifEspSWE-0002026-05-29_1,JOHANKARLSSON,202609261751WAGLRNZJ,2026_25_sep_23,Citizen Science (ultrasonic) - shared
59~40306+18~07249_20260925_232752.wav,DEV_001_20260925_232752.wav,0,59.40306,18.07249,Phogri,Pholidoptera griseoaptera,Dark Bush-cricket,bush-cricket,0.77,,,25/09/2026,25/09/2026,23:27:52,ClassifEspSWE-0002026-05-29_1,JOHANKARLSSON,202609261751WAGLRNZJ,2026_25_sep_23,Citizen Science (ultrasonic) - shared
59~40306+18~07249_20260925_232758.wav,DEV_001_20260925_232758.wav,0,59.40306,18.07249,Phogri,Pholidoptera griseoaptera,Dark Bush-cricket,bush-cricket,0.64,,,25/09/2026,25/09/2026,23:27:58,ClassifEspSWE-0002026-05-29_1,JOHANKARLSSON,202609261751WAGLRNZJ,2026_25_sep_23,Citizen Science (ultrasonic) - shared
59~40306+18~07249_20260925_232804.wav,DEV_001_20260925_232804.wav,0,59.40306,18.07249,Phogri,Pholidoptera griseoaptera,Dark Bush-cricket,bush-cricket,0.99,,,25/09/2026,25/09/2026,23:28:04,ClassifEspSWE-0002026-05-29_1,JOHANKARLSSON,202609261751WAGLRNZJ,2026_25_sep_23,Citizen Science (ultrasonic) - shared
59~40306+18~07249_20260925_232809.wav,DEV_001_20260925_232809.wav,0,59.40306,18.07249,Phogri,Pholidoptera griseoaptera,Dark Bush-cricket,bush-cricket,0.71,,,25/09/2026,25/09/2026,23:28:09,ClassifEspSWE-0002026-05-29_1,JOHANKARLSSON,202609261751WAGLRNZJ,2026_25_sep_23,Citizen Science (ultrasonic) - shared
59~40306+18~07249_20260925_232815.wav,DEV_001_20260925_232815.wav,0,59.40306,18.07249,Phogri,Pholidoptera griseoaptera,Dark Bush-cricket,bush-cricket,0.75,,,25/09/2026,25/09/2026,23:28:15,ClassifEspSWE-0002026-05-29_1,JOHANKARLSSON,202609261751WAGLRNZJ,2026_25_sep_23,Citizen Science (ultrasonic) - shared
59~40306+18~07249_20260925_232821.wav,DEV_001_20260925_232821.wav,0,59.40306,18.07249,Phogri,Pholidoptera griseoaptera,Dark Bush-cricket,bush-cricket,0.64,,,25/09/2026,25/09/2026,23:28:21,ClassifEspSWE-0002026-05-29_1,JOHANKARLSSON,202609261751WAGLRNZJ,2026_25_sep_23,Citizen Science (ultrasonic) - shared
59~40306+18~07249_20260925_232827.wav,DEV_001_20260925_232827.wav,0,59.40306,18.07249,Phogri,Pholidoptera griseoaptera,Dark Bush-cricket,bush-cricket,0.76,,,25/09/2026,25/09/2026,23:28:27,ClassifEspSWE-0002026-05-29_1,JOHANKARLSSON,202609261751WAGLRNZJ,2026_25_sep_23,Citizen Science (ultrasonic) - shared
59~40306+18~07249_20260925_232833.wav,DEV_001_20260925_232833.wav,0,59.40306,18.07249,Phogri,Pholidoptera griseoaptera,Dark Bush-cricket,bush-cricket,0.74,,,25/09/2026,25/09/2026,23:28:33,ClassifEspSWE-0002026-05-29_1,JOHANKARLSSON,202609261751WAGLRNZJ,2026_25_sep_23,Citizen Science (ultrasonic) - shared
59~40306+18~07249_20260925_232839.wav,DEV_001_20260925_232839.wav,0,59.40306,18.07249,Phogri,Pholidoptera griseoaptera,Dark Bush-cricket,bush-cricket,0.8,,,25/09/2026,25/09/2026,23:28:39,ClassifEspSWE-0002026-05-29_1,JOHANKARLSSON,202609261751WAGLRNZJ,2026_25_sep_23,Citizen Science (ultrasonic) - shared
59~40306+18~07249_20260925_232845.wav,DEV_001_20260925_232845.wav,0,59.40306,18.07249,Phogri,Pholidoptera griseoaptera,Dark Bush-cricket,bush-cricket,0.87,,,25/09/2026,25/09/2026,23:28:45,ClassifEspSWE-0002026-05-29_1,JOHANKARLSSON,202609261751WAGLRNZJ,2026_25_sep_23,Citizen Science (ultrasonic) - shared
59~40306+18~07249_20260925_232851.wav,DEV_001_20260925_232851.wav,0,59.40306,18.07249,Phogri,Pholidoptera griseoaptera,Dark Bush-cricket,bush-cricket,0.81,,,25/09/2026,25/09/2026,23:28:51,ClassifEspSWE-0002026-05-29_1,JOHANKARLSSON,202609261751WAGLRNZJ,2026_25_sep_23,Citizen Science (ultrasonic) - shared
59~40306+18~07249_20260925_232858.wav,DEV_001_20260925_232858.wav,0,59.40306,18.07249,Phogri,Pholidoptera griseoaptera,Dark Bush-cricket,bush-cricket,0.68,,,25/09/2026,25/09/2026,23:28:58,ClassifEspSWE-0002026-05-29_1,JOHANKARLSSON,202609261751WAGLRNZJ,2026_25_sep_23,Citizen Science (ultrasonic) - shared
59~40306+18~07249_20260925_232903.wav,DEV_001_20260925_232903.wav,0,59.40306,18.07249,Phogri,Pholidoptera griseoaptera,Dark Bush-cricket,bush-cricket,0.85,,,25/09/2026,25/09/2026,23:29:03,ClassifEspSWE-0002026-05-29_1,JOHANKARLSSON,202609261751WAGLRNZJ,2026_25_sep_23,Citizen Science (ultrasonic) - shared
59~40306+18~07249_20260925_232909.wav,DEV_001_20260925_232909.wav,0,59.40306,18.07249,Phogri,Pholidoptera griseoaptera,Dark Bush-cricket,bush-cricket,0.98,,,25/09/2026,25/09/2026,23:29:09,ClassifEspSWE-0002026-05-29_1,JOHANKARLSSON,202609261751WAGLRNZJ,2026_25_sep_23,Citizen Science (ultrasonic) - shared
59~40306+18~07249_20260925_232915.wav,DEV_001_20260925_232915.wav,0,59.40306,18.07249,Phogri,Pholidoptera griseoaptera,Dark Bush-cricket,bush-cricket,0.98,,,25/09/2026,25/09/2026,23:29:15,ClassifEspSWE-0002026-05-29_1,JOHANKARLSSON,202609261751WAGLRNZJ,2026_25_sep_23,Citizen Science (ultrasonic) - shared
59~40306+18~07249_20260925_232922.wav,DEV_001_20260925_232922.wav,0,59.40306,18.07249,Phogri,Pholidoptera griseoaptera,Dark Bush-cricket,bush-cricket,0.78,,,25/09/2026,25/09/2026,23:29:22,ClassifEspSWE-0002026-05-29_1,JOHANKARLSSON,202609261751WAGLRNZJ,2026_25_sep_23,Citizen Science (ultrasonic) - shared
59~40306+18~07249_20260925_232927.wav,DEV_001_20260925_232927.wav,0,59.40306,18.07249,Phogri,Pholidoptera griseoaptera,Dark Bush-cricket,bush-cricket,0.9,,,25/09/2026,25/09/2026,23:29:27,ClassifEspSWE-0002026-05-29_1,JOHANKARLSSON,202609261751WAGLRNZJ,2026_25_sep_23,Citizen Science (ultrasonic) - shared
59~40306+18~07249_20260925_232933.wav,DEV_001_20260925_232933.wav,0,59.40306,18.07249,Phogri,Pholidoptera griseoaptera,Dark Bush-cricket,bush-cricket,0.71,,,25/09/2026,25/09/2026,23:29:33,ClassifEspSWE-0002026-05-29_1,JOHANKARLSSON,202609261751WAGLRNZJ,2026_25_sep_23,Citizen Science (ultrasonic) - shared
59~40306+18~07249_20260925_232938.wav,DEV_001_20260925_232938.wav,0,59.40306,18.07249,Phogri,Pholidoptera griseoaptera,Dark Bush-cricket,bush-cricket,0.77,,,25/09/2026,25/09/2026,23:29:38,ClassifEspSWE-0002026-05-29_1,JOHANKARLSSON,202609261751WAGLRNZJ,2026_25_sep_23,Citizen Science (ultrasonic) - shared
59~40306+18~07249_20260925_232944.wav,DEV_001_20260925_232944.wav,0,59.40306,18.07249,Phogri,Pholidoptera griseoaptera,Dark Bush-cricket,bush-cricket,0.89,,,25/09/2026,25/09/2026,23:29:44,ClassifEspSWE-0002026-05-29_1,JOHANKARLSSON,202609261751WAGLRNZJ,2026_25_sep_23,Citizen Science (ultrasonic) - shared
59~40306+18~07249_20260925_232949.wav,DEV_001_20260925_232949.wav,0,59.40306,18.07249,Phogri,Pholidoptera griseoaptera,Dark Bush-cricket,bush-cricket,0.92,,,25/09/2026,25/09/2026,23:29:49,ClassifEspSWE-0002026-05-29_1,JOHANKARLSSON,202609261751WAGLRNZJ,2026_25_sep_23,Citizen Science (ultrasonic) - shared
59~40306+18~07249_20260925_232957.wav,DEV_001_20260925_232957.wav,0,59.40306,18.07249,Phogri,Pholidoptera griseoaptera,Dark Bush-cricket,bush-cricket,0.92,,,25/09/2026,25/09/2026,23:29:57,ClassifEspSWE-0002026-05-29_1,JOHANKARLSSON,202609261751WAGLRNZJ,2026_25_sep_23,Citizen Science (ultrasonic) - shared
59~40306+18~07249_20260925_233004.wav,DEV_001_20260925_233004.wav,0,59.40306,18.07249,Phogri,Pholidoptera griseoaptera,Dark Bush-cricket,bush-cricket,0.98,,,25/09/2026,25/09/2026,23:30:04,ClassifEspSWE-0002026-05-29_1,JOHANKARLSSON,202609261751WAGLRNZJ,2026_25_sep_23,Citizen Science (ultrasonic) - shared
59~40306+18~07249_20260925_233010.wav,DEV_001_20260925_233010.wav,0,59.40306,18.07249,Phogri,Pholidoptera griseoaptera,Dark Bush-cricket,bush-cricket,0.9,,,25/09/2026,25/09/2026,23:30:10,ClassifEspSWE-0002026-05-29_1,JOHANKARLSSON,202609261751WAGLRNZJ,2026_25_sep_23,Citizen Science (ultrasonic) - shared
59~40306+18~07249_20260925_233017.wav,DEV_001_20260925_233017.wav,0,59.40306,18.07249,Phogri,Pholidoptera griseoaptera,Dark Bush-cricket,bush-cricket,0.76,,,25/09/2026,25/09/2026,23:30:17,ClassifEspSWE-0002026-05-29_1,JOHANKARLSSON,202609261751WAGLRNZJ,2026_25_sep_23,Citizen Science (ultrasonic) - shared
59~40306+18~07249_20260925_233023.wav,DEV_001_20260925_233023.wav,0,59.40306,18.07249,Phogri,Pholidoptera griseoaptera,Dark Bush-cricket,bush-cricket,0.66,,,25/09/2026,25/09/2026,23:30:23,ClassifEspSWE-0002026-05-29_1,JOHANKARLSSON,202609261751WAGLRNZJ,2026_25_sep_23,Citizen Science (ultrasonic) - shared
59~40306+18~07249_20260925_233029.wav,DEV_001_20260925_233029.wav,0,59.40306,18.07249,Phogri,Pholidoptera griseoaptera,Dark Bush-cricket,bush-cricket,0.92,,,25/09/2026,25/09/2026,23:30:29,ClassifEspSWE-0002026-05-29_1,JOHANKARLSSON,202609261751WAGLRNZJ,2026_25_sep_23,Citizen Science (ultrasonic) - shared
59~40306+18~07249_20260925_233035.wav,DEV_001_20260925_233035.wav,0,59.40306,18.07249,Phogri,Pholidoptera griseoaptera,Dark Bush-cricket,bush-cricket,0.99,,,25/09/2026,25/09/2026,23:30:35,ClassifEspSWE-0002026-05-29_1,JOHANKARLSSON,202609261751WAGLRNZJ,2026_25_sep_23,Citizen Science (ultrasonic) - shared
59~40306+18~07249_20260925_233042.wav,DEV_001_20260925_233042.wav,0,59.40306,18.07249,Phogri,Pholidoptera griseoaptera,Dark Bush-cricket,bush-cricket,0.81,,,25/09/2026,25/09/2026,23:30:42,ClassifEspSWE-0002026-05-29_1,JOHANKARLSSON,202609261751WAGLRNZJ,2026_25_sep_23,Citizen Science (ultrasonic) - shared
59~40306+18~07249_20260925_233049.wav,DEV_001_20260925_233049.wav,0,59.40306,18.07249,Phogri,Pholidoptera griseoaptera,Dark Bush-cricket,bush-cricket,0.99,,,25/09/2026,25/09/2026,23:30:49,ClassifEspSWE-0002026-05-29_1,JOHANKARLSSON,202609261751WAGLRNZJ,2026_25_sep_23,Citizen Science (ultrasonic) - shared
59~40306+18~07249_20260925_233056.wav,DEV_001_20260925_233056.wav,0,59.40306,18.07249,Phogri,Pholidoptera griseoaptera,Dark Bush-cricket,bush-cricket,0.92,,,25/09/2026,25/09/2026,23:30:56,ClassifEspSWE-0002026-05-29_1,JOHANKARLSSON,202609261751WAGLRNZJ,2026_25_sep_23,Citizen Science (ultrasonic) - shared
59~40306+18~07249_20260925_233102.wav,DEV_001_20260925_233102.wav,0,59.40306,18.07249,Phogri,Pholidoptera griseoaptera,Dark Bush-cricket,bush-cricket,0.75,,,25/09/2026,25/09/2026,23:31:02,ClassifEspSWE-0002026-05-29_1,JOHANKARLSSON,202609261751WAGLRNZJ,2026_25_sep_23,Citizen Science (ultrasonic) - shared
59~40306+18~07249_20260925_233110.wav,DEV_001_20260925_233110.wav,0,59.40306,18.07249,Phogri,Pholidoptera griseoaptera,Dark Bush-cricket,bush-cricket,0.89,,,25/09/2026,25/09/2026,23:31:10,ClassifEspSWE-0002026-05-29_1,JOHANKARLSSON,202609261751WAGLRNZJ,2026_25_sep_23,Citizen Science (ultrasonic) - shared
59~40306+18~07249_20260925_233116.wav,DEV_001_20260925_233116.wav,0,59.40306,18.07249,Phogri,Pholidoptera griseoaptera,Dark Bush-cricket,bush-cricket,0.91,,,25/09/2026,25/09/2026,23:31:16,ClassifEspSWE-0002026-05-29_1,JOHANKARLSSON,202609261751WAGLRNZJ,2026_25_sep_23,Citizen Science (ultrasonic) - shared
59~40306+18~07249_20260925_233122.wav,DEV_001_20260925_233122.wav,0,59.40306,18.07249,Phogri,Pholidoptera griseoaptera,Dark Bush-cricket,bush-cricket,0.87,,,25/09/2026,25/09/2026,23:31:22,ClassifEspSWE-0002026-05-29_1,JOHANKARLSSON,202609261751WAGLRNZJ,2026_25_sep_23,Citizen Science (ultrasonic) - shared
59~40306+18~07249_20260925_233129.wav,DEV_001_20260925_233129.wav,0,59.40306,18.07249,Phogri,Pholidoptera griseoaptera,Dark Bush-cricket,bush-cricket,0.59,,,25/09/2026,25/09/2026,23:31:29,ClassifEspSWE-0002026-05-29_1,JOHANKARLSSON,202609261751WAGLRNZJ,2026_25_sep_23,Citizen Science (ultrasonic) - shared
59~40306+18~07249_20260925_233136.wav,DEV_001_20260925_233136.wav,0,59.40306,18.07249,Phogri,Pholidoptera griseoaptera,Dark Bush-cricket,bush-cricket,0.79,,,25/09/2026,25/09/2026,23:31:36,ClassifEspSWE-0002026-05-29_1,JOHANKARLSSON,202609261751WAGLRNZJ,2026_25_sep_23,Citizen Science (ultrasonic) - shared
59~40306+18~07249_20260925_233142.wav,DEV_001_20260925_233142.wav,0,59.40306,18.07249,Phogri,Pholidoptera griseoaptera,Dark Bush-cricket,bush-cricket,0.99,,,25/09/2026,25/09/2026,23:31:42,ClassifEspSWE-0002026-05-29_1,JOHANKARLSSON,202609261751WAGLRNZJ,2026_25_sep_23,Citizen Science (ultrasonic) - shared
59~40306+18~07249_20260925_233149.wav,DEV_001_20260925_233149.wav,0,59.40306,18.07249,Phogri,Pholidoptera griseoaptera,Dark Bush-cricket,bush-cricket,0.88,,,25/09/2026,25/09/2026,23:31:49,ClassifEspSWE-0002026-05-29_1,JOHANKARLSSON,202609261751WAGLRNZJ,2026_25_sep_23,Citizen Science (ultrasonic) - shared
59~40306+18~07249_20260925_233154.wav,DEV_001_20260925_233154.wav,0,59.40306,18.07249,Phogri,Pholidoptera griseoaptera,Dark Bush-cricket,bush-cricket,0.82,,,25/09/2026,25/09/2026,23:31:54,ClassifEspSWE-0002026-05-29_1,JOHANKARLSSON,202609261751WAGLRNZJ,2026_25_sep_23,Citizen Science (ultrasonic) - shared
59~40306+18~07249_20260925_233200.wav,DEV_001_20260925_233200.wav,0,59.40306,18.07249,Phogri,Pholidoptera griseoaptera,Dark Bush-cricket,bush-cricket,0.99,,,25/09/2026,25/09/2026,23:32:00,ClassifEspSWE-0002026-05-29_1,JOHANKARLSSON,202609261751WAGLRNZJ,2026_25_sep_23,Citizen Science (ultrasonic) - shared
59~40306+18~07249_20260925_233205.wav,DEV_001_20260925_233205.wav,0,59.40306,18.07249,Phogri,Pholidoptera griseoaptera,Dark Bush-cricket,bush-cricket,0.95,,,25/09/2026,25/09/2026,23:32:05,ClassifEspSWE-0002026-05-29_1,JOHANKARLSSON,202609261751WAGLRNZJ,2026_25_sep_23,Citizen Science (ultrasonic) - shared
59~40306+18~07249_20260925_233212.wav,DEV_001_20260925_233212.wav,0,59.40306,18.07249,Phogri,Pholidoptera griseoaptera,Dark Bush-cricket,bush-cricket,0.84,,,25/09/2026,25/09/2026,23:32:12,ClassifEspSWE-0002026-05-29_1,JOHANKARLSSON,202609261751WAGLRNZJ,2026_25_sep_23,Citizen Science (ultrasonic) - shared
59~40306+18~07249_20260925_233218.wav,DEV_001_20260925_233218.wav,0,59.40306,18.07249,Phogri,Pholidoptera griseoaptera,Dark Bush-cricket,bush-cricket,0.8,,,25/09/2026,25/09/2026,23:32:18,ClassifEspSWE-0002026-05-29_1,JOHANKARLSSON,202609261751WAGLRNZJ,2026_25_sep_23,Citizen Science (ultrasonic) - shared
59~40306+18~07249_20260925_233224.wav,DEV_001_20260925_233224.wav,0,59.40306,18.07249,Phogri,Pholidoptera griseoaptera,Dark Bush-cricket,bush-cricket,0.77,,,25/09/2026,25/09/2026,23:32:24,ClassifEspSWE-0002026-05-29_1,JOHANKARLSSON,202609261751WAGLRNZJ,2026_25_sep_23,Citizen Science (ultrasonic) - shared
59~40306+18~07249_20260925_233230.wav,DEV_001_20260925_233230.wav,0,59.40306,18.07249,Phogri,Pholidoptera griseoaptera,Dark Bush-cricket,bush-cricket,0.85,,,25/09/2026,25/09/2026,23:32:30,ClassifEspSWE-0002026-05-29_1,JOHANKARLSSON,202609261751WAGLRNZJ,2026_25_sep_23,Citizen Science (ultrasonic) - shared
59~40306+18~07249_20260925_233235.wav,DEV_001_20260925_233235.wav,0,59.40306,18.07249,Phogri,Pholidoptera griseoaptera,Dark Bush-cricket,bush-cricket,0.99,,,25/09/2026,25/09/2026,23:32:35,ClassifEspSWE-0002026-05-29_1,JOHANKARLSSON,202609261751WAGLRNZJ,2026_25_sep_23,Citizen Science (ultrasonic) - shared
59~40306+18~07249_20260925_233241.wav,DEV_001_20260925_233241.wav,0,59.40306,18.07249,Phogri,Pholidoptera griseoaptera,Dark Bush-cricket,bush-cricket,0.74,,,25/09/2026,25/09/2026,23:32:41,ClassifEspSWE-0002026-05-29_1,JOHANKARLSSON,202609261751WAGLRNZJ,2026_25_sep_23,Citizen Science (ultrasonic) - shared
59~40306+18~07249_20260925_233247.wav,DEV_001_20260925_233247.wav,0,59.40306,18.07249,Phogri,Pholidoptera griseoaptera,Dark Bush-cricket,bush-cricket,0.98,,,25/09/2026,25/09/2026,23:32:47,ClassifEspSWE-0002026-05-29_1,JOHANKARLSSON,202609261751WAGLRNZJ,2026_25_sep_23,Citizen Science (ultrasonic) - shared
59~40306+18~07249_20260925_233253.wav,DEV_001_20260925_233253.wav,0,59.40306,18.07249,Phogri,Pholidoptera griseoaptera,Dark Bush-cricket,bush-cricket,0.8,,,25/09/2026,25/09/2026,23:32:53,ClassifEspSWE-0002026-05-29_1,JOHANKARLSSON,202609261751WAGLRNZJ,2026_25_sep_23,Citizen Science (ultrasonic) - shared
59~40306+18~07249_20260925_233259.wav,DEV_001_20260925_233259.wav,0,59.40306,18.07249,Phogri,Pholidoptera griseoaptera,Dark Bush-cricket,bush-cricket,0.94,,,25/09/2026,25/09/2026,23:32:59,ClassifEspSWE-0002026-05-29_1,JOHANKARLSSON,202609261751WAGLRNZJ,2026_25_sep_23,Citizen Science (ultrasonic) - shared
59~40306+18~07249_20260925_233305.wav,DEV_001_20260925_233305.wav,0,59.40306,18.07249,Phogri,Pholidoptera griseoaptera,Dark Bush-cricket,bush-cricket,0.82,,,25/09/2026,25/09/2026,23:33:05,ClassifEspSWE-0002026-05-29_1,JOHANKARLSSON,202609261751WAGLRNZJ,2026_25_sep_23,Citizen Science (ultrasonic) - shared
59~40306+18~07249_20260925_233310.wav,DEV_001_20260925_233310.wav,0,59.40306,18.07249,Phogri,Pholidoptera griseoaptera,Dark Bush-cricket,bush-cricket,0.68,,,25/09/2026,25/09/2026,23:33:10,ClassifEspSWE-0002026-05-29_1,JOHANKARLSSON,202609261751WAGLRNZJ,2026_25_sep_23,Citizen Science (ultrasonic) - shared
59~40306+18~07249_20260925_233316.wav,DEV_001_20260925_233316.wav,0,59.40306,18.07249,Phogri,Pholidoptera griseoaptera,Dark Bush-cricket,bush-cricket,0.89,,,25/09/2026,25/09/2026,23:33:16,ClassifEspSWE-0002026-05-29_1,JOHANKARLSSON,202609261751WAGLRNZJ,2026_25_sep_23,Citizen Science (ultrasonic) - shared
59~40306+18~07249_20260925_233322.wav,DEV_001_20260925_233322.wav,0,59.40306,18.07249,Phogri,Pholidoptera griseoaptera,Dark Bush-cricket,bush-cricket,0.95,,,25/09/2026,25/09/2026,23:33:22,ClassifEspSWE-0002026-05-29_1,JOHANKARLSSON,202609261751WAGLRNZJ,2026_25_sep_23,Citizen Science (ultrasonic) - shared
59~40306+18~07249_20260925_233329.wav,DEV_001_20260925_233329.wav,0,59.40306,18.07249,Phogri,Pholidoptera griseoaptera,Dark Bush-cricket,bush-cricket,0.97,,,25/09/2026,25/09/2026,23:33:29,ClassifEspSWE-0002026-05-29_1,JOHANKARLSSON,202609261751WAGLRNZJ,2026_25_sep_23,Citizen Science (ultrasonic) - shared
59~40306+18~07249_20260925_233335.wav,DEV_001_20260925_233335.wav,0,59.40306,18.07249,Phogri,Pholidoptera griseoaptera,Dark Bush-cricket,bush-cricket,0.99,,,25/09/2026,25/09/2026,23:33:35,ClassifEspSWE-0002026-05-29_1,JOHANKARLSSON,202609261751WAGLRNZJ,2026_25_sep_23,Citizen Science (ultrasonic) - shared
59~40306+18~07249_20260925_233341.wav,DEV_001_20260925_233341.wav,0,59.40306,18.07249,Phogri,Pholidoptera griseoaptera,Dark Bush-cricket,bush-cricket,0.97,,,25/09/2026,25/09/2026,23:33:41,ClassifEspSWE-0002026-05-29_1,JOHANKARLSSON,202609261751WAGLRNZJ,2026_25_sep_23,Citizen Science (ultrasonic) - shared
59~40306+18~07249_20260925_233346.wav,DEV_001_20260925_233346.wav,0,59.40306,18.07249,Phogri,Pholidoptera griseoaptera,Dark Bush-cricket,bush-cricket,0.96,,,25/09/2026,25/09/2026,23:33:46,ClassifEspSWE-0002026-05-29_1,JOHANKARLSSON,202609261751WAGLRNZJ,2026_25_sep_23,Citizen Science (ultrasonic) - shared
59~40306+18~07249_20260925_233351.wav,DEV_001_20260925_233351.wav,0,59.40306,18.07249,Phogri,Pholidoptera griseoaptera,Dark Bush-cricket,bush-cricket,0.91,,,25/09/2026,25/09/2026,23:33:51,ClassifEspSWE-0002026-05-29_1,JOHANKARLSSON,202609261751WAGLRNZJ,2026_25_sep_23,Citizen Science (ultrasonic) - shared
59~40306+18~07249_20260925_233357.wav,DEV_001_20260925_233357.wav,0,59.40306,18.07249,Phogri,Pholidoptera griseoaptera,Dark Bush-cricket,bush-cricket,0.83,,,25/09/2026,25/09/2026,23:33:57,ClassifEspSWE-0002026-05-29_1,JOHANKARLSSON,202609261751WAGLRNZJ,2026_25_sep_23,Citizen Science (ultrasonic) - shared
59~40306+18~07249_20260925_233402.wav,DEV_001_20260925_233402.wav,0,59.40306,18.07249,Phogri,Pholidoptera griseoaptera,Dark Bush-cricket,bush-cricket,0.92,,,25/09/2026,25/09/2026,23:34:02,ClassifEspSWE-0002026-05-29_1,JOHANKARLSSON,202609261751WAGLRNZJ,2026_25_sep_23,Citizen Science (ultrasonic) - shared
59~40306+18~07249_20260925_233408.wav,DEV_001_20260925_233408.wav,0,59.40306,18.07249,Phogri,Pholidoptera griseoaptera,Dark Bush-cricket,bush-cricket,0.78,,,25/09/2026,25/09/2026,23:34:08,ClassifEspSWE-0002026-05-29_1,JOHANKARLSSON,202609261751WAGLRNZJ,2026_25_sep_23,Citizen Science (ultrasonic) - shared
59~40306+18~07249_20260925_233413.wav,DEV_001_20260925_233413.wav,0,59.40306,18.07249,Phogri,Pholidoptera griseoaptera,Dark Bush-cricket,bush-cricket,0.61,,,25/09/2026,25/09/2026,23:34:13,ClassifEspSWE-0002026-05-29_1,JOHANKARLSSON,202609261751WAGLRNZJ,2026_25_sep_23,Citizen Science (ultrasonic) - shared
59~40306+18~07249_20260925_233419.wav,DEV_001_20260925_233419.wav,0,59.40306,18.07249,Phogri,Pholidoptera griseoaptera,Dark Bush-cricket,bush-cricket,0.78,,,25/09/2026,25/09/2026,23:34:19,ClassifEspSWE-0002026-05-29_1,JOHANKARLSSON,202609261751WAGLRNZJ,2026_25_sep_23,Citizen Science (ultrasonic) - shared
59~40306+18~07249_20260925_233424.wav,DEV_001_20260925_233424.wav,0,59.40306,18.07249,Phogri,Pholidoptera griseoaptera,Dark Bush-cricket,bush-cricket,0.62,,,25/09/2026,25/09/2026,23:34:24,ClassifEspSWE-0002026-05-29_1,JOHANKARLSSON,202609261751WAGLRNZJ,2026_25_sep_23,Citizen Science (ultrasonic) - shared
59~40306+18~07249_20260925_233429.wav,DEV_001_20260925_233429.wav,0,59.40306,18.07249,Phogri,Pholidoptera griseoaptera,Dark Bush-cricket,bush-cricket,0.94,,,25/09/2026,25/09/2026,23:34:29,ClassifEspSWE-0002026-05-29_1,JOHANKARLSSON,202609261751WAGLRNZJ,2026_25_sep_23,Citizen Science (ultrasonic) - shared
59~40306+18~07249_20260925_233435.wav,DEV_001_20260925_233435.wav,0,59.40306,18.07249,Phogri,Pholidoptera griseoaptera,Dark Bush-cricket,bush-cricket,0.85,,,25/09/2026,25/09/2026,23:34:35,ClassifEspSWE-0002026-05-29_1,JOHANKARLSSON,202609261751WAGLRNZJ,2026_25_sep_23,Citizen Science (ultrasonic) - shared
59~40306+18~07249_20260925_233440.wav,DEV_001_20260925_233440.wav,0,59.40306,18.07249,Phogri,Pholidoptera griseoaptera,Dark Bush-cricket,bush-cricket,0.99,,,25/09/2026,25/09/2026,23:34:40,ClassifEspSWE-0002026-05-29_1,JOHANKARLSSON,202609261751WAGLRNZJ,2026_25_sep_23,Citizen Science (ultrasonic) - shared
59~40306+18~07249_20260925_233446.wav,DEV_001_20260925_233446.wav,0,59.40306,18.07249,Phogri,Pholidoptera griseoaptera,Dark Bush-cricket,bush-cricket,0.88,,,25/09/2026,25/09/2026,23:34:46,ClassifEspSWE-0002026-05-29_1,JOHANKARLSSON,202609261751WAGLRNZJ,2026_25_sep_23,Citizen Science (ultrasonic) - shared
59~40306+18~07249_20260925_233451.wav,DEV_001_20260925_233451.wav,0,59.40306,18.07249,Phogri,Pholidoptera griseoaptera,Dark Bush-cricket,bush-cricket,0.82,,,25/09/2026,25/09/2026,23:34:51,ClassifEspSWE-0002026-05-29_1,JOHANKARLSSON,202609261751WAGLRNZJ,2026_25_sep_23,Citizen Science (ultrasonic) - shared
59~40306+18~07249_20260925_233457.wav,DEV_001_20260925_233457.wav,0,59.40306,18.07249,Phogri,Pholidoptera griseoaptera,Dark Bush-cricket,bush-cricket,0.84,,,25/09/2026,25/09/2026,23:34:57,ClassifEspSWE-0002026-05-29_1,JOHANKARLSSON,202609261751WAGLRNZJ,2026_25_sep_23,Citizen Science (ultrasonic) - shared
59~40306+18~07249_20260925_233502.wav,DEV_001_20260925_233502.wav,0,59.40306,18.07249,Phogri,Pholidoptera griseoaptera,Dark Bush-cricket,bush-cricket,0.92,,,25/09/2026,25/09/2026,23:35:02,ClassifEspSWE-0002026-05-29_1,JOHANKARLSSON,202609261751WAGLRNZJ,2026_25_sep_23,Citizen Science (ultrasonic) - shared
59~40306+18~07249_20260925_233507.wav,DEV_001_20260925_233507.wav,0,59.40306,18.07249,Phogri,Pholidoptera griseoaptera,Dark Bush-cricket,bush-cricket,0.87,,,25/09/2026,25/09/2026,23:35:07,ClassifEspSWE-0002026-05-29_1,JOHANKARLSSON,202609261751WAGLRNZJ,2026_25_sep_23,Citizen Science (ultrasonic) - shared
59~40306+18~07249_20260925_233513.wav,DEV_001_20260925_233513.wav,0,59.40306,18.07249,Phogri,Pholidoptera griseoaptera,Dark Bush-cricket,bush-cricket,0.81,,,25/09/2026,25/09/2026,23:35:13,ClassifEspSWE-0002026-05-29_1,JOHANKARLSSON,202609261751WAGLRNZJ,2026_25_sep_23,Citizen Science (ultrasonic) - shared
59~40306+18~07249_20260925_233518.wav,DEV_001_20260925_233518.wav,0,59.40306,18.07249,Phogri,Pholidoptera griseoaptera,Dark Bush-cricket,bush-cricket,0.73,,,25/09/2026,25/09/2026,23:35:18,ClassifEspSWE-0002026-05-29_1,JOHANKARLSSON,202609261751WAGLRNZJ,2026_25_sep_23,Citizen Science (ultrasonic) - shared
59~40306+18~07249_20260925_233524.wav,DEV_001_20260925_233524.wav,0,59.40306,18.07249,Phogri,Pholidoptera griseoaptera,Dark Bush-cricket,bush-cricket,0.92,,,25/09/2026,25/09/2026,23:35:24,ClassifEspSWE-0002026-05-29_1,JOHANKARLSSON,202609261751WAGLRNZJ,2026_25_sep_23,Citizen Science (ultrasonic) - shared
59~40306+18~07249_20260925_233529.wav,DEV_001_20260925_233529.wav,0,59.40306,18.07249,Phogri,Pholidoptera griseoaptera,Dark Bush-cricket,bush-cricket,0.99,,,25/09/2026,25/09/2026,23:35:29,ClassifEspSWE-0002026-05-29_1,JOHANKARLSSON,202609261751WAGLRNZJ,2026_25_sep_23,Citizen Science (ultrasonic) - shared
59~40306+18~07249_20260925_233535.wav,DEV_001_20260925_233535.wav,0,59.40306,18.07249,Phogri,Pholidoptera griseoaptera,Dark Bush-cricket,bush-cricket,0.85,,,25/09/2026,25/09/2026,23:35:35,ClassifEspSWE-0002026-05-29_1,JOHANKARLSSON,202609261751WAGLRNZJ,2026_25_sep_23,Citizen Science (ultrasonic) - shared
59~40306+18~07249_20260925_233541.wav,DEV_001_20260925_233541.wav,0,59.40306,18.07249,Phogri,Pholidoptera griseoaptera,Dark Bush-cricket,bush-cricket,0.9,,,25/09/2026,25/09/2026,23:35:41,ClassifEspSWE-0002026-05-29_1,JOHANKARLSSON,202609261751WAGLRNZJ,2026_25_sep_23,Citizen Science (ultrasonic) - shared
59~40306+18~07249_20260925_233546.wav,DEV_001_20260925_233546.wav,0,59.40306,18.07249,Phogri,Pholidoptera griseoaptera,Dark Bush-cricket,bush-cricket,0.84,,,25/09/2026,25/09/2026,23:35:46,ClassifEspSWE-0002026-05-29_1,JOHANKARLSSON,202609261751WAGLRNZJ,2026_25_sep_23,Citizen Science (ultrasonic) - shared
59~40306+18~07249_20260925_233552.wav,DEV_001_20260925_233552.wav,0,59.40306,18.07249,Phogri,Pholidoptera griseoaptera,Dark Bush-cricket,bush-cricket,0.95,,,25/09/2026,25/09/2026,23:35:52,ClassifEspSWE-0002026-05-29_1,JOHANKARLSSON,202609261751WAGLRNZJ,2026_25_sep_23,Citizen Science (ultrasonic) - shared
59~40306+18~07249_20260925_233557.wav,DEV_001_20260925_233557.wav,0,59.40306,18.07249,Phogri,Pholidoptera griseoaptera,Dark Bush-cricket,bush-cricket,0.65,,,25/09/2026,25/09/2026,23:35:57,ClassifEspSWE-0002026-05-29_1,JOHANKARLSSON,202609261751WAGLRNZJ,2026_25_sep_23,Citizen Science (ultrasonic) - shared
59~40306+18~07249_20260925_233602.wav,DEV_001_20260925_233602.wav,0,59.40306,18.07249,Phogri,Pholidoptera griseoaptera,Dark Bush-cricket,bush-cricket,0.96,,,25/09/2026,25/09/2026,23:36:02,ClassifEspSWE-0002026-05-29_1,JOHANKARLSSON,202609261751WAGLRNZJ,2026_25_sep_23,Citizen Science (ultrasonic) - shared
59~40306+18~07249_20260925_233608.wav,DEV_001_20260925_233608.wav,0,59.40306,18.07249,Phogri,Pholidoptera griseoaptera,Dark Bush-cricket,bush-cricket,0.92,,,25/09/2026,25/09/2026,23:36:08,ClassifEspSWE-0002026-05-29_1,JOHANKARLSSON,202609261751WAGLRNZJ,2026_25_sep_23,Citizen Science (ultrasonic) - shared
59~40306+18~07249_20260925_233613.wav,DEV_001_20260925_233613.wav,0,59.40306,18.07249,Phogri,Pholidoptera griseoaptera,Dark Bush-cricket,bush-cricket,0.97,,,25/09/2026,25/09/2026,23:36:13,ClassifEspSWE-0002026-05-29_1,JOHANKARLSSON,202609261751WAGLRNZJ,2026_25_sep_23,Citizen Science (ultrasonic) - shared
59~40306+18~07249_20260925_233619.wav,DEV_001_20260925_233619.wav,0,59.40306,18.07249,Phogri,Pholidoptera griseoaptera,Dark Bush-cricket,bush-cricket,0.99,,,25/09/2026,25/09/2026,23:36:19,ClassifEspSWE-0002026-05-29_1,JOHANKARLSSON,202609261751WAGLRNZJ,2026_25_sep_23,Citizen Science (ultrasonic) - shared
59~40306+18~07249_20260925_233626.wav,DEV_001_20260925_233626.wav,0,59.40306,18.07249,Phogri,Pholidoptera griseoaptera,Dark Bush-cricket,bush-cricket,0.92,,,25/09/2026,25/09/2026,23:36:26,ClassifEspSWE-0002026-05-29_1,JOHANKARLSSON,202609261751WAGLRNZJ,2026_25_sep_23,Citizen Science (ultrasonic) - shared
59~40306+18~07249_20260925_233632.wav,DEV_001_20260925_233632.wav,0,59.40306,18.07249,Phogri,Pholidoptera griseoaptera,Dark Bush-cricket,bush-cricket,0.9,,,25/09/2026,25/09/2026,23:36:32,ClassifEspSWE-0002026-05-29_1,JOHANKARLSSON,202609261751WAGLRNZJ,2026_25_sep_23,Citizen Science (ultrasonic) - shared
59~40306+18~07249_20260925_233637.wav,DEV_001_20260925_233637.wav,0,59.40306,18.07249,Phogri,Pholidoptera griseoaptera,Dark Bush-cricket,bush-cricket,0.85,,,25/09/2026,25/09/2026,23:36:37,ClassifEspSWE-0002026-05-29_1,JOHANKARLSSON,202609261751WAGLRNZJ,2026_25_sep_23,Citizen Science (ultrasonic) - shared
59~40306+18~07249_20260925_233643.wav,DEV_001_20260925_233643.wav,0,59.40306,18.07249,Phogri,Pholidoptera griseoaptera,Dark Bush-cricket,bush-cricket,0.84,,,25/09/2026,25/09/2026,23:36:43,ClassifEspSWE-0002026-05-29_1,JOHANKARLSSON,202609261751WAGLRNZJ,2026_25_sep_23,Citizen Science (ultrasonic) - shared
59~40306+18~07249_20260925_233649.wav,DEV_001_20260925_233649.wav,0,59.40306,18.07249,Phogri,Pholidoptera griseoaptera,Dark Bush-cricket,bush-cricket,0.97,,,25/09/2026,25/09/2026,23:36:49,ClassifEspSWE-0002026-05-29_1,JOHANKARLSSON,202609261751WAGLRNZJ,2026_25_sep_23,Citizen Science (ultrasonic) - shared
59~40306+18~07249_20260925_233655.wav,DEV_001_20260925_233655.wav,0,59.40306,18.07249,Phogri,Pholidoptera griseoaptera,Dark Bush-cricket,bush-cricket,0.92,,,25/09/2026,25/09/2026,23:36:55,ClassifEspSWE-0002026-05-29_1,JOHANKARLSSON,202609261751WAGLRNZJ,2026_25_sep_23,Citizen Science (ultrasonic) - shared
59~40306+18~07249_20260925_233700.wav,DEV_001_20260925_233700.wav,0,59.40306,18.07249,Phogri,Pholidoptera griseoaptera,Dark Bush-cricket,bush-cricket,0.86,,,25/09/2026,25/09/2026,23:37:00,ClassifEspSWE-0002026-05-29_1,JOHANKARLSSON,202609261751WAGLRNZJ,2026_25_sep_23,Citizen Science (ultrasonic) - shared
59~40306+18~07249_20260925_233706.wav,DEV_001_20260925_233706.wav,0,59.40306,18.07249,Phogri,Pholidoptera griseoaptera,Dark Bush-cricket,bush-cricket,0.99,,,25/09/2026,25/09/2026,23:37:06,ClassifEspSWE-0002026-05-29_1,JOHANKARLSSON,202609261751WAGLRNZJ,2026_25_sep_23,Citizen Science (ultrasonic) - shared
59~40306+18~07249_20260925_233712.wav,DEV_001_20260925_233712.wav,0,59.40306,18.07249,Phogri,Pholidoptera griseoaptera,Dark Bush-cricket,bush-cricket,0.99,,,25/09/2026,25/09/2026,23:37:12,ClassifEspSWE-0002026-05-29_1,JOHANKARLSSON,202609261751WAGLRNZJ,2026_25_sep_23,Citizen Science (ultrasonic) - shared
59~40306+18~07249_20260925_233721.wav,DEV_001_20260925_233721.wav,0,59.40306,18.07249,Phogri,Pholidoptera griseoaptera,Dark Bush-cricket,bush-cricket,0.86,,,25/09/2026,25/09/2026,23:37:21,ClassifEspSWE-0002026-05-29_1,JOHANKARLSSON,202609261751WAGLRNZJ,2026_25_sep_23,Citizen Science (ultrasonic) - shared
59~40306+18~07249_20260925_233726.wav,DEV_001_20260925_233726.wav,0,59.40306,18.07249,Phogri,Pholidoptera griseoaptera,Dark Bush-cricket,bush-cricket,0.99,,,25/09/2026,25/09/2026,23:37:26,ClassifEspSWE-0002026-05-29_1,JOHANKARLSSON,202609261751WAGLRNZJ,2026_25_sep_23,Citizen Science (ultrasonic) - shared
59~40306+18~07249_20260925_233732.wav,DEV_001_20260925_233732.wav,0,59.40306,18.07249,Phogri,Pholidoptera griseoaptera,Dark Bush-cricket,bush-cricket,0.99,,,25/09/2026,25/09/2026,23:37:32,ClassifEspSWE-0002026-05-29_1,JOHANKARLSSON,202609261751WAGLRNZJ,2026_25_sep_23,Citizen Science (ultrasonic) - shared
59~40306+18~07249_20260925_233737.wav,DEV_001_20260925_233737.wav,0,59.40306,18.07249,Phogri,Pholidoptera griseoaptera,Dark Bush-cricket,bush-cricket,0.92,,,25/09/2026,25/09/2026,23:37:37,ClassifEspSWE-0002026-05-29_1,JOHANKARLSSON,202609261751WAGLRNZJ,2026_25_sep_23,Citizen Science (ultrasonic) - shared
59~40306+18~07249_20260925_233744.wav,DEV_001_20260925_233744.wav,0,59.40306,18.07249,Phogri,Pholidoptera griseoaptera,Dark Bush-cricket,bush-cricket,0.98,,,25/09/2026,25/09/2026,23:37:44,ClassifEspSWE-0002026-05-29_1,JOHANKARLSSON,202609261751WAGLRNZJ,2026_25_sep_23,Citizen Science (ultrasonic) - shared
59~40306+18~07249_20260925_233749.wav,DEV_001_20260925_233749.wav,0,59.40306,18.07249,Phogri,Pholidoptera griseoaptera,Dark Bush-cricket,bush-cricket,0.86,,,25/09/2026,25/09/2026,23:37:49,ClassifEspSWE-0002026-05-29_1,JOHANKARLSSON,202609261751WAGLRNZJ,2026_25_sep_23,Citizen Science (ultrasonic) - shared
59~40306+18~07249_20260925_233755.wav,DEV_001_20260925_233755.wav,0,59.40306,18.07249,Phogri,Pholidoptera griseoaptera,Dark Bush-cricket,bush-cricket,0.91,,,25/09/2026,25/09/2026,23:37:55,ClassifEspSWE-0002026-05-29_1,JOHANKARLSSON,202609261751WAGLRNZJ,2026_25_sep_23,Citizen Science (ultrasonic) - shared
59~40306+18~07249_20260925_233802.wav,DEV_001_20260925_233802.wav,0,59.40306,18.07249,Phogri,Pholidoptera griseoaptera,Dark Bush-cricket,bush-cricket,0.97,,,25/09/2026,25/09/2026,23:38:02,ClassifEspSWE-0002026-05-29_1,JOHANKARLSSON,202609261751WAGLRNZJ,2026_25_sep_23,Citizen Science (ultrasonic) - shared
59~40306+18~07249_20260925_233808.wav,DEV_001_20260925_233808.wav,0,59.40306,18.07249,Phogri,Pholidoptera griseoaptera,Dark Bush-cricket,bush-cricket,0.92,,,25/09/2026,25/09/2026,23:38:08,ClassifEspSWE-0002026-05-29_1,JOHANKARLSSON,202609261751WAGLRNZJ,2026_25_sep_23,Citizen Science (ultrasonic) - shared
59~40306+18~07249_20260925_233815.wav,DEV_001_20260925_233815.wav,0,59.40306,18.07249,Phogri,Pholidoptera griseoaptera,Dark Bush-cricket,bush-cricket,0.89,,,25/09/2026,25/09/2026,23:38:15,ClassifEspSWE-0002026-05-29_1,JOHANKARLSSON,202609261751WAGLRNZJ,2026_25_sep_23,Citizen Science (ultrasonic) - shared
59~40306+18~07249_20260925_233821.wav,DEV_001_20260925_233821.wav,0,59.40306,18.07249,Phogri,Pholidoptera griseoaptera,Dark Bush-cricket,bush-cricket,0.99,,,25/09/2026,25/09/2026,23:38:21,ClassifEspSWE-0002026-05-29_1,JOHANKARLSSON,202609261751WAGLRNZJ,2026_25_sep_23,Citizen Science (ultrasonic) - shared
59~40306+18~07249_20260925_233829.wav,DEV_001_20260925_233829.wav,0,59.40306,18.07249,Phogri,Pholidoptera griseoaptera,Dark Bush-cricket,bush-cricket,0.94,,,25/09/2026,25/09/2026,23:38:29,ClassifEspSWE-0002026-05-29_1,JOHANKARLSSON,202609261751WAGLRNZJ,2026_25_sep_23,Citizen Science (ultrasonic) - shared
59~40306+18~07249_20260925_233835.wav,DEV_001_20260925_233835.wav,0,59.40306,18.07249,Phogri,Pholidoptera griseoaptera,Dark Bush-cricket,bush-cricket,0.99,,,25/09/2026,25/09/2026,23:38:35,ClassifEspSWE-0002026-05-29_1,JOHANKARLSSON,202609261751WAGLRNZJ,2026_25_sep_23,Citizen Science (ultrasonic) - shared
59~40306+18~07249_20260925_233842.wav,DEV_001_20260925_233842.wav,0,59.40306,18.07249,Phogri,Pholidoptera griseoaptera,Dark Bush-cricket,bush-cricket,0.99,,,25/09/2026,25/09/2026,23:38:42,ClassifEspSWE-0002026-05-29_1,JOHANKARLSSON,202609261751WAGLRNZJ,2026_25_sep_23,Citizen Science (ultrasonic) - shared
59~40306+18~07249_20260925_233847.wav,DEV_001_20260925_233847.wav,0,59.40306,18.07249,Phogri,Pholidoptera griseoaptera,Dark Bush-cricket,bush-cricket,0.95,,,25/09/2026,25/09/2026,23:38:47,ClassifEspSWE-0002026-05-29_1,JOHANKARLSSON,202609261751WAGLRNZJ,2026_25_sep_23,Citizen Science (ultrasonic) - shared
59~40306+18~07249_20260925_233854.wav,DEV_001_20260925_233854.wav,0,59.40306,18.07249,Phogri,Pholidoptera griseoaptera,Dark Bush-cricket,bush-cricket,0.99,,,25/09/2026,25/09/2026,23:38:54,ClassifEspSWE-0002026-05-29_1,JOHANKARLSSON,202609261751WAGLRNZJ,2026_25_sep_23,Citizen Science (ultrasonic) - shared
59~40306+18~07249_20260925_233859.wav,DEV_001_20260925_233859.wav,0,59.40306,18.07249,Phogri,Pholidoptera griseoaptera,Dark Bush-cricket,bush-cricket,0.81,,,25/09/2026,25/09/2026,23:38:59,ClassifEspSWE-0002026-05-29_1,JOHANKARLSSON,202609261751WAGLRNZJ,2026_25_sep_23,Citizen Science (ultrasonic) - shared
59~40306+18~07249_20260925_233906.wav,DEV_001_20260925_233906.wav,0,59.40306,18.07249,Phogri,Pholidoptera griseoaptera,Dark Bush-cricket,bush-cricket,0.91,,,25/09/2026,25/09/2026,23:39:06,ClassifEspSWE-0002026-05-29_1,JOHANKARLSSON,202609261751WAGLRNZJ,2026_25_sep_23,Citizen Science (ultrasonic) - shared
59~40306+18~07249_20260925_233914.wav,DEV_001_20260925_233914.wav,0,59.40306,18.07249,Phogri,Pholidoptera griseoaptera,Dark Bush-cricket,bush-cricket,0.91,,,25/09/2026,25/09/2026,23:39:14,ClassifEspSWE-0002026-05-29_1,JOHANKARLSSON,202609261751WAGLRNZJ,2026_25_sep_23,Citizen Science (ultrasonic) - shared
59~40306+18~07249_20260925_233920.wav,DEV_001_20260925_233920.wav,0,59.40306,18.07249,Phogri,Pholidoptera griseoaptera,Dark Bush-cricket,bush-cricket,0.91,,,25/09/2026,25/09/2026,23:39:20,ClassifEspSWE-0002026-05-29_1,JOHANKARLSSON,202609261751WAGLRNZJ,2026_25_sep_23,Citizen Science (ultrasonic) - shared
59~40306+18~07249_20260925_233926.wav,DEV_001_20260925_233926.wav,0,59.40306,18.07249,Phogri,Pholidoptera griseoaptera,Dark Bush-cricket,bush-cricket,0.99,,,25/09/2026,25/09/2026,23:39:26,ClassifEspSWE-0002026-05-29_1,JOHANKARLSSON,202609261751WAGLRNZJ,2026_25_sep_23,Citizen Science (ultrasonic) - shared
59~40306+18~07249_20260925_233933.wav,DEV_001_20260925_233933.wav,0,59.40306,18.07249,Phogri,Pholidoptera griseoaptera,Dark Bush-cricket,bush-cricket,0.99,,,25/09/2026,25/09/2026,23:39:33,ClassifEspSWE-0002026-05-29_1,JOHANKARLSSON,202609261751WAGLRNZJ,2026_25_sep_23,Citizen Science (ultrasonic) - shared
59~40306+18~07249_20260925_233939.wav,DEV_001_20260925_233939.wav,0,59.40306,18.07249,Phogri,Pholidoptera griseoaptera,Dark Bush-cricket,bush-cricket,0.99,,,25/09/2026,25/09/2026,23:39:39,ClassifEspSWE-0002026-05-29_1,JOHANKARLSSON,202609261751WAGLRNZJ,2026_25_sep_23,Citizen Science (ultrasonic) - shared
59~40306+18~07249_20260925_233946.wav,DEV_001_20260925_233946.wav,0,59.40306,18.07249,Phogri,Pholidoptera griseoaptera,Dark Bush-cricket,bush-cricket,0.98,,,25/09/2026,25/09/2026,23:39:46,ClassifEspSWE-0002026-05-29_1,JOHANKARLSSON,202609261751WAGLRNZJ,2026_25_sep_23,Citizen Science (ultrasonic) - shared
59~40306+18~07249_20260925_233953.wav,DEV_001_20260925_233953.wav,0,59.40306,18.07249,Phogri,Pholidoptera griseoaptera,Dark Bush-cricket,bush-cricket,0.99,,,25/09/2026,25/09/2026,23:39:53,ClassifEspSWE-0002026-05-29_1,JOHANKARLSSON,202609261751WAGLRNZJ,2026_25_sep_23,Citizen Science (ultrasonic) - shared
59~40306+18~07249_20260925_233959.wav,DEV_001_20260925_233959.wav,0,59.40306,18.07249,Phogri,Pholidoptera griseoaptera,Dark Bush-cricket,bush-cricket,0.98,,,25/09/2026,25/09/2026,23:39:59,ClassifEspSWE-0002026-05-29_1,JOHANKARLSSON,202609261751WAGLRNZJ,2026_25_sep_23,Citizen Science (ultrasonic) - shared
59~40306+18~07249_20260925_234005.wav,DEV_001_20260925_234005.wav,0,59.40306,18.07249,Phogri,Pholidoptera griseoaptera,Dark Bush-cricket,bush-cricket,0.88,,,25/09/2026,25/09/2026,23:40:05,ClassifEspSWE-0002026-05-29_1,JOHANKARLSSON,202609261751WAGLRNZJ,2026_25_sep_23,Citizen Science (ultrasonic) - shared
59~40306+18~07249_20260925_234011.wav,DEV_001_20260925_234011.wav,0,59.40306,18.07249,Phogri,Pholidoptera griseoaptera,Dark Bush-cricket,bush-cricket,0.99,,,25/09/2026,25/09/2026,23:40:11,ClassifEspSWE-0002026-05-29_1,JOHANKARLSSON,202609261751WAGLRNZJ,2026_25_sep_23,Citizen Science (ultrasonic) - shared
59~40306+18~07249_20260925_234018.wav,DEV_001_20260925_234018.wav,0,59.40306,18.07249,Phogri,Pholidoptera griseoaptera,Dark Bush-cricket,bush-cricket,0.93,,,25/09/2026,25/09/2026,23:40:18,ClassifEspSWE-0002026-05-29_1,JOHANKARLSSON,202609261751WAGLRNZJ,2026_25_sep_23,Citizen Science (ultrasonic) - shared
59~40306+18~07249_20260925_234025.wav,DEV_001_20260925_234025.wav,0,59.40306,18.07249,Phogri,Pholidoptera griseoaptera,Dark Bush-cricket,bush-cricket,0.99,,,25/09/2026,25/09/2026,23:40:25,ClassifEspSWE-0002026-05-29_1,JOHANKARLSSON,202609261751WAGLRNZJ,2026_25_sep_23,Citizen Science (ultrasonic) - shared
59~40306+18~07249_20260925_234032.wav,DEV_001_20260925_234032.wav,0,59.40306,18.07249,Phogri,Pholidoptera griseoaptera,Dark Bush-cricket,bush-cricket,0.9,,,25/09/2026,25/09/2026,23:40:32,ClassifEspSWE-0002026-05-29_1,JOHANKARLSSON,202609261751WAGLRNZJ,2026_25_sep_23,Citizen Science (ultrasonic) - shared
59~40306+18~07249_20260925_234039.wav,DEV_001_20260925_234039.wav,0,59.40306,18.07249,Phogri,Pholidoptera griseoaptera,Dark Bush-cricket,bush-cricket,0.91,,,25/09/2026,25/09/2026,23:40:39,ClassifEspSWE-0002026-05-29_1,JOHANKARLSSON,202609261751WAGLRNZJ,2026_25_sep_23,Citizen Science (ultrasonic) - shared
59~40306+18~07249_20260925_234045.wav,DEV_001_20260925_234045.wav,0,59.40306,18.07249,Phogri,Pholidoptera griseoaptera,Dark Bush-cricket,bush-cricket,0.88,,,25/09/2026,25/09/2026,23:40:45,ClassifEspSWE-0002026-05-29_1,JOHANKARLSSON,202609261751WAGLRNZJ,2026_25_sep_23,Citizen Science (ultrasonic) - shared
59~40306+18~07249_20260925_234051.wav,DEV_001_20260925_234051.wav,0,59.40306,18.07249,Phogri,Pholidoptera griseoaptera,Dark Bush-cricket,bush-cricket,0.99,,,25/09/2026,25/09/2026,23:40:51,ClassifEspSWE-0002026-05-29_1,JOHANKARLSSON,202609261751WAGLRNZJ,2026_25_sep_23,Citizen Science (ultrasonic) - shared
59~40306+18~07249_20260925_234058.wav,DEV_001_20260925_234058.wav,0,59.40306,18.07249,Phogri,Pholidoptera griseoaptera,Dark Bush-cricket,bush-cricket,0.88,,,25/09/2026,25/09/2026,23:40:58,ClassifEspSWE-0002026-05-29_1,JOHANKARLSSON,202609261751WAGLRNZJ,2026_25_sep_23,Citizen Science (ultrasonic) - shared
59~40306+18~07249_20260925_234103.wav,DEV_001_20260925_234103.wav,0,59.40306,18.07249,Phogri,Pholidoptera griseoaptera,Dark Bush-cricket,bush-cricket,0.98,,,25/09/2026,25/09/2026,23:41:03,ClassifEspSWE-0002026-05-29_1,JOHANKARLSSON,202609261751WAGLRNZJ,2026_25_sep_23,Citizen Science (ultrasonic) - shared
59~40306+18~07249_20260925_234109.wav,DEV_001_20260925_234109.wav,0,59.40306,18.07249,Phogri,Pholidoptera griseoaptera,Dark Bush-cricket,bush-cricket,0.86,,,25/09/2026,25/09/2026,23:41:09,ClassifEspSWE-0002026-05-29_1,JOHANKARLSSON,202609261751WAGLRNZJ,2026_25_sep_23,Citizen Science (ultrasonic) - shared
59~40306+18~07249_20260925_234115.wav,DEV_001_20260925_234115.wav,0,59.40306,18.07249,Phogri,Pholidoptera griseoaptera,Dark Bush-cricket,bush-cricket,0.84,,,25/09/2026,25/09/2026,23:41:15,ClassifEspSWE-0002026-05-29_1,JOHANKARLSSON,202609261751WAGLRNZJ,2026_25_sep_23,Citizen Science (ultrasonic) - shared
59~40306+18~07249_20260925_234121.wav,DEV_001_20260925_234121.wav,0,59.40306,18.07249,Phogri,Pholidoptera griseoaptera,Dark Bush-cricket,bush-cricket,0.99,,,25/09/2026,25/09/2026,23:41:21,ClassifEspSWE-0002026-05-29_1,JOHANKARLSSON,202609261751WAGLRNZJ,2026_25_sep_23,Citizen Science (ultrasonic) - shared
59~40306+18~07249_20260925_234127.wav,DEV_001_20260925_234127.wav,0,59.40306,18.07249,Phogri,Pholidoptera griseoaptera,Dark Bush-cricket,bush-cricket,0.94,,,25/09/2026,25/09/2026,23:41:27,ClassifEspSWE-0002026-05-29_1,JOHANKARLSSON,202609261751WAGLRNZJ,2026_25_sep_23,Citizen Science (ultrasonic) - shared
59~40306+18~07249_20260925_234134.wav,DEV_001_20260925_234134.wav,0,59.40306,18.07249,Phogri,Pholidoptera griseoaptera,Dark Bush-cricket,bush-cricket,0.99,,,25/09/2026,25/09/2026,23:41:34,ClassifEspSWE-0002026-05-29_1,JOHANKARLSSON,202609261751WAGLRNZJ,2026_25_sep_23,Citizen Science (ultrasonic) - shared
59~40306+18~07249_20260925_234140.wav,DEV_001_20260925_234140.wav,0,59.40306,18.07249,Phogri,Pholidoptera griseoaptera,Dark Bush-cricket,bush-cricket,0.63,,,25/09/2026,25/09/2026,23:41:40,ClassifEspSWE-0002026-05-29_1,JOHANKARLSSON,202609261751WAGLRNZJ,2026_25_sep_23,Citizen Science (ultrasonic) - shared
59~40306+18~07249_20260925_234146.wav,DEV_001_20260925_234146.wav,0,59.40306,18.07249,Phogri,Pholidoptera griseoaptera,Dark Bush-cricket,bush-cricket,0.99,,,25/09/2026,25/09/2026,23:41:46,ClassifEspSWE-0002026-05-29_1,JOHANKARLSSON,202609261751WAGLRNZJ,2026_25_sep_23,Citizen Science (ultrasonic) - shared
59~40306+18~07249_20260925_234153.wav,DEV_001_20260925_234153.wav,0,59.40306,18.07249,Phogri,Pholidoptera griseoaptera,Dark Bush-cricket,bush-cricket,0.94,,,25/09/2026,25/09/2026,23:41:53,ClassifEspSWE-0002026-05-29_1,JOHANKARLSSON,202609261751WAGLRNZJ,2026_25_sep_23,Citizen Science (ultrasonic) - shared
59~40306+18~07249_20260925_234158.wav,DEV_001_20260925_234158.wav,0,59.40306,18.07249,Phogri,Pholidoptera griseoaptera,Dark Bush-cricket,bush-cricket,0.89,,,25/09/2026,25/09/2026,23:41:58,ClassifEspSWE-0002026-05-29_1,JOHANKARLSSON,202609261751WAGLRNZJ,2026_25_sep_23,Citizen Science (ultrasonic) - shared
59~40306+18~07249_20260925_234204.wav,DEV_001_20260925_234204.wav,0,59.40306,18.07249,Phogri,Pholidoptera griseoaptera,Dark Bush-cricket,bush-cricket,0.99,,,25/09/2026,25/09/2026,23:42:04,ClassifEspSWE-0002026-05-29_1,JOHANKARLSSON,202609261751WAGLRNZJ,2026_25_sep_23,Citizen Science (ultrasonic) - shared
59~40306+18~07249_20260925_234210.wav,DEV_001_20260925_234210.wav,0,59.40306,18.07249,Phogri,Pholidoptera griseoaptera,Dark Bush-cricket,bush-cricket,0.85,,,25/09/2026,25/09/2026,23:42:10,ClassifEspSWE-0002026-05-29_1,JOHANKARLSSON,202609261751WAGLRNZJ,2026_25_sep_23,Citizen Science (ultrasonic) - shared
59~40306+18~07249_20260925_234215.wav,DEV_001_20260925_234215.wav,0,59.40306,18.07249,Phogri,Pholidoptera griseoaptera,Dark Bush-cricket,bush-cricket,0.93,,,25/09/2026,25/09/2026,23:42:15,ClassifEspSWE-0002026-05-29_1,JOHANKARLSSON,202609261751WAGLRNZJ,2026_25_sep_23,Citizen Science (ultrasonic) - shared
59~40306+18~07249_20260925_234220.wav,DEV_001_20260925_234220.wav,0,59.40306,18.07249,Phogri,Pholidoptera griseoaptera,Dark Bush-cricket,bush-cricket,0.85,,,25/09/2026,25/09/2026,23:42:20,ClassifEspSWE-0002026-05-29_1,JOHANKARLSSON,202609261751WAGLRNZJ,2026_25_sep_23,Citizen Science (ultrasonic) - shared
59~40306+18~07249_20260925_234225.wav,DEV_001_20260925_234225.wav,0,59.40306,18.07249,Phogri,Pholidoptera griseoaptera,Dark Bush-cricket,bush-cricket,0.99,,,25/09/2026,25/09/2026,23:42:25,ClassifEspSWE-0002026-05-29_1,JOHANKARLSSON,202609261751WAGLRNZJ,2026_25_sep_23,Citizen Science (ultrasonic) - shared
59~40306+18~07249_20260925_234232.wav,DEV_001_20260925_234232.wav,0,59.40306,18.07249,Phogri,Pholidoptera griseoaptera,Dark Bush-cricket,bush-cricket,0.99,,,25/09/2026,25/09/2026,23:42:32,ClassifEspSWE-0002026-05-29_1,JOHANKARLSSON,202609261751WAGLRNZJ,2026_25_sep_23,Citizen Science (ultrasonic) - shared
59~40306+18~07249_20260925_234238.wav,DEV_001_20260925_234238.wav,0,59.40306,18.07249,Phogri,Pholidoptera griseoaptera,Dark Bush-cricket,bush-cricket,0.89,,,25/09/2026,25/09/2026,23:42:38,ClassifEspSWE-0002026-05-29_1,JOHANKARLSSON,202609261751WAGLRNZJ,2026_25_sep_23,Citizen Science (ultrasonic) - shared
59~40306+18~07249_20260925_234244.wav,DEV_001_20260925_234244.wav,0,59.40306,18.07249,Phogri,Pholidoptera griseoaptera,Dark Bush-cricket,bush-cricket,0.98,,,25/09/2026,25/09/2026,23:42:44,ClassifEspSWE-0002026-05-29_1,JOHANKARLSSON,202609261751WAGLRNZJ,2026_25_sep_23,Citizen Science (ultrasonic) - shared
59~40306+18~07249_20260925_234249.wav,DEV_001_20260925_234249.wav,0,59.40306,18.07249,Phogri,Pholidoptera griseoaptera,Dark Bush-cricket,bush-cricket,0.96,,,25/09/2026,25/09/2026,23:42:49,ClassifEspSWE-0002026-05-29_1,JOHANKARLSSON,202609261751WAGLRNZJ,2026_25_sep_23,Citizen Science (ultrasonic) - shared
59~40306+18~07249_20260925_234255.wav,DEV_001_20260925_234255.wav,0,59.40306,18.07249,Phogri,Pholidoptera griseoaptera,Dark Bush-cricket,bush-cricket,0.98,,,25/09/2026,25/09/2026,23:42:55,ClassifEspSWE-0002026-05-29_1,JOHANKARLSSON,202609261751WAGLRNZJ,2026_25_sep_23,Citizen Science (ultrasonic) - shared
59~40306+18~07249_20260925_234301.wav,DEV_001_20260925_234301.wav,0,59.40306,18.07249,Phogri,Pholidoptera griseoaptera,Dark Bush-cricket,bush-cricket,0.99,,,25/09/2026,25/09/2026,23:43:01,ClassifEspSWE-0002026-05-29_1,JOHANKARLSSON,202609261751WAGLRNZJ,2026_25_sep_23,Citizen Science (ultrasonic) - shared
59~40306+18~07249_20260925_234307.wav,DEV_001_20260925_234307.wav,0,59.40306,18.07249,Phogri,Pholidoptera griseoaptera,Dark Bush-cricket,bush-cricket,0.98,,,25/09/2026,25/09/2026,23:43:07,ClassifEspSWE-0002026-05-29_1,JOHANKARLSSON,202609261751WAGLRNZJ,2026_25_sep_23,Citizen Science (ultrasonic) - shared
59~40306+18~07249_20260925_234312.wav,DEV_001_20260925_234312.wav,0,59.40306,18.07249,Phogri,Pholidoptera griseoaptera,Dark Bush-cricket,bush-cricket,0.98,,,25/09/2026,25/09/2026,23:43:12,ClassifEspSWE-0002026-05-29_1,JOHANKARLSSON,202609261751WAGLRNZJ,2026_25_sep_23,Citizen Science (ultrasonic) - shared
59~40306+18~07249_20260925_234319.wav,DEV_001_20260925_234319.wav,0,59.40306,18.07249,Phogri,Pholidoptera griseoaptera,Dark Bush-cricket,bush-cricket,0.97,,,25/09/2026,25/09/2026,23:43:19,ClassifEspSWE-0002026-05-29_1,JOHANKARLSSON,202609261751WAGLRNZJ,2026_25_sep_23,Citizen Science (ultrasonic) - shared
59~40306+18~07249_20260925_234324.wav,DEV_001_20260925_234324.wav,0,59.40306,18.07249,Phogri,Pholidoptera griseoaptera,Dark Bush-cricket,bush-cricket,0.65,,,25/09/2026,25/09/2026,23:43:24,ClassifEspSWE-0002026-05-29_1,JOHANKARLSSON,202609261751WAGLRNZJ,2026_25_sep_23,Citizen Science (ultrasonic) - shared
59~40306+18~07249_20260925_234331.wav,DEV_001_20260925_234331.wav,0,59.40306,18.07249,Phogri,Pholidoptera griseoaptera,Dark Bush-cricket,bush-cricket,0.77,,,25/09/2026,25/09/2026,23:43:31,ClassifEspSWE-0002026-05-29_1,JOHANKARLSSON,202609261751WAGLRNZJ,2026_25_sep_23,Citizen Science (ultrasonic) - shared
59~40306+18~07249_20260925_234336.wav,DEV_001_20260925_234336.wav,0,59.40306,18.07249,Phogri,Pholidoptera griseoaptera,Dark Bush-cricket,bush-cricket,0.78,,,25/09/2026,25/09/2026,23:43:36,ClassifEspSWE-0002026-05-29_1,JOHANKARLSSON,202609261751WAGLRNZJ,2026_25_sep_23,Citizen Science (ultrasonic) - shared
59~40306+18~07249_20260925_234342.wav,DEV_001_20260925_234342.wav,0,59.40306,18.07249,Phogri,Pholidoptera griseoaptera,Dark Bush-cricket,bush-cricket,0.99,,,25/09/2026,25/09/2026,23:43:42,ClassifEspSWE-0002026-05-29_1,JOHANKARLSSON,202609261751WAGLRNZJ,2026_25_sep_23,Citizen Science (ultrasonic) - shared
59~40306+18~07249_20260925_234348.wav,DEV_001_20260925_234348.wav,0,59.40306,18.07249,Phogri,Pholidoptera griseoaptera,Dark Bush-cricket,bush-cricket,0.99,,,25/09/2026,25/09/2026,23:43:48,ClassifEspSWE-0002026-05-29_1,JOHANKARLSSON,202609261751WAGLRNZJ,2026_25_sep_23,Citizen Science (ultrasonic) - shared
59~40306+18~07249_20260925_234354.wav,DEV_001_20260925_234354.wav,0,59.40306,18.07249,Phogri,Pholidoptera griseoaptera,Dark Bush-cricket,bush-cricket,0.98,,,25/09/2026,25/09/2026,23:43:54,ClassifEspSWE-0002026-05-29_1,JOHANKARLSSON,202609261751WAGLRNZJ,2026_25_sep_23,Citizen Science (ultrasonic) - shared
59~40306+18~07249_20260925_234359.wav,DEV_001_20260925_234359.wav,0,59.40306,18.07249,Phogri,Pholidoptera griseoaptera,Dark Bush-cricket,bush-cricket,0.99,,,25/09/2026,25/09/2026,23:43:59,ClassifEspSWE-0002026-05-29_1,JOHANKARLSSON,202609261751WAGLRNZJ,2026_25_sep_23,Citizen Science (ultrasonic) - shared
59~40306+18~07249_20260925_234405.wav,DEV_001_20260925_234405.wav,0,59.40306,18.07249,Phogri,Pholidoptera griseoaptera,Dark Bush-cricket,bush-cricket,0.98,,,25/09/2026,25/09/2026,23:44:05,ClassifEspSWE-0002026-05-29_1,JOHANKARLSSON,202609261751WAGLRNZJ,2026_25_sep_23,Citizen Science (ultrasonic) - shared
59~40306+18~07249_20260925_234411.wav,DEV_001_20260925_234411.wav,0,59.40306,18.07249,Phogri,Pholidoptera griseoaptera,Dark Bush-cricket,bush-cricket,0.69,,,25/09/2026,25/09/2026,23:44:11,ClassifEspSWE-0002026-05-29_1,JOHANKARLSSON,202609261751WAGLRNZJ,2026_25_sep_23,Citizen Science (ultrasonic) - shared
59~40306+18~07249_20260925_234417.wav,DEV_001_20260925_234417.wav,0,59.40306,18.07249,Phogri,Pholidoptera griseoaptera,Dark Bush-cricket,bush-cricket,0.67,,,25/09/2026,25/09/2026,23:44:17,ClassifEspSWE-0002026-05-29_1,JOHANKARLSSON,202609261751WAGLRNZJ,2026_25_sep_23,Citizen Science (ultrasonic) - shared
59~40306+18~07249_20260925_234422.wav,DEV_001_20260925_234422.wav,0,59.40306,18.07249,Phogri,Pholidoptera griseoaptera,Dark Bush-cricket,bush-cricket,0.99,,,25/09/2026,25/09/2026,23:44:22,ClassifEspSWE-0002026-05-29_1,JOHANKARLSSON,202609261751WAGLRNZJ,2026_25_sep_23,Citizen Science (ultrasonic) - shared
59~40306+18~07249_20260925_234428.wav,DEV_001_20260925_234428.wav,0,59.40306,18.07249,Phogri,Pholidoptera griseoaptera,Dark Bush-cricket,bush-cricket,0.99,,,25/09/2026,25/09/2026,23:44:28,ClassifEspSWE-0002026-05-29_1,JOHANKARLSSON,202609261751WAGLRNZJ,2026_25_sep_23,Citizen Science (ultrasonic) - shared
59~40306+18~07249_20260925_234435.wav,DEV_001_20260925_234435.wav,0,59.40306,18.07249,Phogri,Pholidoptera griseoaptera,Dark Bush-cricket,bush-cricket,0.72,,,25/09/2026,25/09/2026,23:44:35,ClassifEspSWE-0002026-05-29_1,JOHANKARLSSON,202609261751WAGLRNZJ,2026_25_sep_23,Citizen Science (ultrasonic) - shared
59~40306+18~07249_20260925_234440.wav,DEV_001_20260925_234440.wav,0,59.40306,18.07249,Phogri,Pholidoptera griseoaptera,Dark Bush-cricket,bush-cricket,0.99,,,25/09/2026,25/09/2026,23:44:40,ClassifEspSWE-0002026-05-29_1,JOHANKARLSSON,202609261751WAGLRNZJ,2026_25_sep_23,Citizen Science (ultrasonic) - shared
59~40306+18~07249_20260925_234446.wav,DEV_001_20260925_234446.wav,0,59.40306,18.07249,Phogri,Pholidoptera griseoaptera,Dark Bush-cricket,bush-cricket,0.91,,,25/09/2026,25/09/2026,23:44:46,ClassifEspSWE-0002026-05-29_1,JOHANKARLSSON,202609261751WAGLRNZJ,2026_25_sep_23,Citizen Science (ultrasonic) - shared
59~40306+18~07249_20260925_234451.wav,DEV_001_20260925_234451.wav,0,59.40306,18.07249,Phogri,Pholidoptera griseoaptera,Dark Bush-cricket,bush-cricket,0.98,,,25/09/2026,25/09/2026,23:44:51,ClassifEspSWE-0002026-05-29_1,JOHANKARLSSON,202609261751WAGLRNZJ,2026_25_sep_23,Citizen Science (ultrasonic) - shared
59~40306+18~07249_20260925_234458.wav,DEV_001_20260925_234458.wav,0,59.40306,18.07249,Phogri,Pholidoptera griseoaptera,Dark Bush-cricket,bush-cricket,0.83,,,25/09/2026,25/09/2026,23:44:58,ClassifEspSWE-0002026-05-29_1,JOHANKARLSSON,202609261751WAGLRNZJ,2026_25_sep_23,Citizen Science (ultrasonic) - shared
59~40306+18~07249_20260925_234504.wav,DEV_001_20260925_234504.wav,0,59.40306,18.07249,Phogri,Pholidoptera griseoaptera,Dark Bush-cricket,bush-cricket,0.86,,,25/09/2026,25/09/2026,23:45:04,ClassifEspSWE-0002026-05-29_1,JOHANKARLSSON,202609261751WAGLRNZJ,2026_25_sep_23,Citizen Science (ultrasonic) - shared
59~40306+18~07249_20260925_234509.wav,DEV_001_20260925_234509.wav,0,59.40306,18.07249,Phogri,Pholidoptera griseoaptera,Dark Bush-cricket,bush-cricket,0.64,,,25/09/2026,25/09/2026,23:45:09,ClassifEspSWE-0002026-05-29_1,JOHANKARLSSON,202609261751WAGLRNZJ,2026_25_sep_23,Citizen Science (ultrasonic) - shared
59~40306+18~07249_20260925_234515.wav,DEV_001_20260925_234515.wav,0,59.40306,18.07249,Phogri,Pholidoptera griseoaptera,Dark Bush-cricket,bush-cricket,0.73,,,25/09/2026,25/09/2026,23:45:15,ClassifEspSWE-0002026-05-29_1,JOHANKARLSSON,202609261751WAGLRNZJ,2026_25_sep_23,Citizen Science (ultrasonic) - shared
59~40306+18~07249_20260925_234520.wav,DEV_001_20260925_234520.wav,0,59.40306,18.07249,Phogri,Pholidoptera griseoaptera,Dark Bush-cricket,bush-cricket,0.91,,,25/09/2026,25/09/2026,23:45:20,ClassifEspSWE-0002026-05-29_1,JOHANKARLSSON,202609261751WAGLRNZJ,2026_25_sep_23,Citizen Science (ultrasonic) - shared
59~40306+18~07249_20260925_234526.wav,DEV_001_20260925_234526.wav,0,59.40306,18.07249,Phogri,Pholidoptera griseoaptera,Dark Bush-cricket,bush-cricket,0.99,,,25/09/2026,25/09/2026,23:45:26,ClassifEspSWE-0002026-05-29_1,JOHANKARLSSON,202609261751WAGLRNZJ,2026_25_sep_23,Citizen Science (ultrasonic) - shared
59~40306+18~07249_20260925_234532.wav,DEV_001_20260925_234532.wav,0,59.40306,18.07249,Phogri,Pholidoptera griseoaptera,Dark Bush-cricket,bush-cricket,0.67,,,25/09/2026,25/09/2026,23:45:32,ClassifEspSWE-0002026-05-29_1,JOHANKARLSSON,202609261751WAGLRNZJ,2026_25_sep_23,Citizen Science (ultrasonic) - shared
59~40306+18~07249_20260925_234538.wav,DEV_001_20260925_234538.wav,0,59.40306,18.07249,Phogri,Pholidoptera griseoaptera,Dark Bush-cricket,bush-cricket,0.98,,,25/09/2026,25/09/2026,23:45:38,ClassifEspSWE-0002026-05-29_1,JOHANKARLSSON,202609261751WAGLRNZJ,2026_25_sep_23,Citizen Science (ultrasonic) - shared
59~40306+18~07249_20260925_234544.wav,DEV_001_20260925_234544.wav,0,59.40306,18.07249,Phogri,Pholidoptera griseoaptera,Dark Bush-cricket,bush-cricket,0.77,,,25/09/2026,25/09/2026,23:45:44,ClassifEspSWE-0002026-05-29_1,JOHANKARLSSON,202609261751WAGLRNZJ,2026_25_sep_23,Citizen Science (ultrasonic) - shared
59~40306+18~07249_20260925_234550.wav,DEV_001_20260925_234550.wav,0,59.40306,18.07249,Phogri,Pholidoptera griseoaptera,Dark Bush-cricket,bush-cricket,0.99,,,25/09/2026,25/09/2026,23:45:50,ClassifEspSWE-0002026-05-29_1,JOHANKARLSSON,202609261751WAGLRNZJ,2026_25_sep_23,Citizen Science (ultrasonic) - shared
59~40306+18~07249_20260925_234556.wav,DEV_001_20260925_234556.wav,0,59.40306,18.07249,Phogri,Pholidoptera griseoaptera,Dark Bush-cricket,bush-cricket,0.76,,,25/09/2026,25/09/2026,23:45:56,ClassifEspSWE-0002026-05-29_1,JOHANKARLSSON,202609261751WAGLRNZJ,2026_25_sep_23,Citizen Science (ultrasonic) - shared
59~40306+18~07249_20260925_234603.wav,DEV_001_20260925_234603.wav,0,59.40306,18.07249,Phogri,Pholidoptera griseoaptera,Dark Bush-cricket,bush-cricket,0.74,,,25/09/2026,25/09/2026,23:46:03,ClassifEspSWE-0002026-05-29_1,JOHANKARLSSON,202609261751WAGLRNZJ,2026_25_sep_23,Citizen Science (ultrasonic) - shared
59~40306+18~07249_20260925_234608.wav,DEV_001_20260925_234608.wav,0,59.40306,18.07249,Phogri,Pholidoptera griseoaptera,Dark Bush-cricket,bush-cricket,0.99,,,25/09/2026,25/09/2026,23:46:08,ClassifEspSWE-0002026-05-29_1,JOHANKARLSSON,202609261751WAGLRNZJ,2026_25_sep_23,Citizen Science (ultrasonic) - shared
59~40306+18~07249_20260925_234615.wav,DEV_001_20260925_234615.wav,0,59.40306,18.07249,Phogri,Pholidoptera griseoaptera,Dark Bush-cricket,bush-cricket,0.99,,,25/09/2026,25/09/2026,23:46:15,ClassifEspSWE-0002026-05-29_1,JOHANKARLSSON,202609261751WAGLRNZJ,2026_25_sep_23,Citizen Science (ultrasonic) - shared
59~40306+18~07249_20260925_234621.wav,DEV_001_20260925_234621.wav,0,59.40306,18.07249,Phogri,Pholidoptera griseoaptera,Dark Bush-cricket,bush-cricket,0.99,,,25/09/2026,25/09/2026,23:46:21,ClassifEspSWE-0002026-05-29_1,JOHANKARLSSON,202609261751WAGLRNZJ,2026_25_sep_23,Citizen Science (ultrasonic) - shared
59~40306+18~07249_20260925_234627.wav,DEV_001_20260925_234627.wav,0,59.40306,18.07249,Phogri,Pholidoptera griseoaptera,Dark Bush-cricket,bush-cricket,0.81,,,25/09/2026,25/09/2026,23:46:27,ClassifEspSWE-0002026-05-29_1,JOHANKARLSSON,202609261751WAGLRNZJ,2026_25_sep_23,Citizen Science (ultrasonic) - shared
59~40306+18~07249_20260925_234633.wav,DEV_001_20260925_234633.wav,0,59.40306,18.07249,Phogri,Pholidoptera griseoaptera,Dark Bush-cricket,bush-cricket,0.99,,,25/09/2026,25/09/2026,23:46:33,ClassifEspSWE-0002026-05-29_1,JOHANKARLSSON,202609261751WAGLRNZJ,2026_25_sep_23,Citizen Science (ultrasonic) - shared
59~40306+18~07249_20260925_234639.wav,DEV_001_20260925_234639.wav,0,59.40306,18.07249,Phogri,Pholidoptera griseoaptera,Dark Bush-cricket,bush-cricket,0.78,,,25/09/2026,25/09/2026,23:46:39,ClassifEspSWE-0002026-05-29_1,JOHANKARLSSON,202609261751WAGLRNZJ,2026_25_sep_23,Citizen Science (ultrasonic) - shared
59~40306+18~07249_20260925_234644.wav,DEV_001_20260925_234644.wav,0,59.40306,18.07249,Phogri,Pholidoptera griseoaptera,Dark Bush-cricket,bush-cricket,0.99,,,25/09/2026,25/09/2026,23:46:44,ClassifEspSWE-0002026-05-29_1,JOHANKARLSSON,202609261751WAGLRNZJ,2026_25_sep_23,Citizen Science (ultrasonic) - shared
59~40306+18~07249_20260925_234650.wav,DEV_001_20260925_234650.wav,0,59.40306,18.07249,Phogri,Pholidoptera griseoaptera,Dark Bush-cricket,bush-cricket,0.99,,,25/09/2026,25/09/2026,23:46:50,ClassifEspSWE-0002026-05-29_1,JOHANKARLSSON,202609261751WAGLRNZJ,2026_25_sep_23,Citizen Science (ultrasonic) - shared
59~40306+18~07249_20260925_234656.wav,DEV_001_20260925_234656.wav,0,59.40306,18.07249,Phogri,Pholidoptera griseoaptera,Dark Bush-cricket,bush-cricket,0.87,,,25/09/2026,25/09/2026,23:46:56,ClassifEspSWE-0002026-05-29_1,JOHANKARLSSON,202609261751WAGLRNZJ,2026_25_sep_23,Citizen Science (ultrasonic) - shared
59~40306+18~07249_20260925_234702.wav,DEV_001_20260925_234702.wav,0,59.40306,18.07249,Phogri,Pholidoptera griseoaptera,Dark Bush-cricket,bush-cricket,0.81,,,25/09/2026,25/09/2026,23:47:02,ClassifEspSWE-0002026-05-29_1,JOHANKARLSSON,202609261751WAGLRNZJ,2026_25_sep_23,Citizen Science (ultrasonic) - shared
59~40306+18~07249_20260925_234707.wav,DEV_001_20260925_234707.wav,0,59.40306,18.07249,Phogri,Pholidoptera griseoaptera,Dark Bush-cricket,bush-cricket,0.81,,,25/09/2026,25/09/2026,23:47:07,ClassifEspSWE-0002026-05-29_1,JOHANKARLSSON,202609261751WAGLRNZJ,2026_25_sep_23,Citizen Science (ultrasonic) - shared
59~40306+18~07249_20260925_234713.wav,DEV_001_20260925_234713.wav,0,59.40306,18.07249,Phogri,Pholidoptera griseoaptera,Dark Bush-cricket,bush-cricket,0.99,,,25/09/2026,25/09/2026,23:47:13,ClassifEspSWE-0002026-05-29_1,JOHANKARLSSON,202609261751WAGLRNZJ,2026_25_sep_23,Citizen Science (ultrasonic) - shared
59~40306+18~07249_20260925_234720.wav,DEV_001_20260925_234720.wav,0,59.40306,18.07249,Phogri,Pholidoptera griseoaptera,Dark Bush-cricket,bush-cricket,0.99,,,25/09/2026,25/09/2026,23:47:20,ClassifEspSWE-0002026-05-29_1,JOHANKARLSSON,202609261751WAGLRNZJ,2026_25_sep_23,Citizen Science (ultrasonic) - shared
59~40306+18~07249_20260925_234725.wav,DEV_001_20260925_234725.wav,0,59.40306,18.07249,Phogri,Pholidoptera griseoaptera,Dark Bush-cricket,bush-cricket,0.99,,,25/09/2026,25/09/2026,23:47:25,ClassifEspSWE-0002026-05-29_1,JOHANKARLSSON,202609261751WAGLRNZJ,2026_25_sep_23,Citizen Science (ultrasonic) - shared
59~40306+18~07249_20260925_234732.wav,DEV_001_20260925_234732.wav,0,59.40306,18.07249,Phogri,Pholidoptera griseoaptera,Dark Bush-cricket,bush-cricket,0.89,,,25/09/2026,25/09/2026,23:47:32,ClassifEspSWE-0002026-05-29_1,JOHANKARLSSON,202609261751WAGLRNZJ,2026_25_sep_23,Citizen Science (ultrasonic) - shared
59~40306+18~07249_20260925_234738.wav,DEV_001_20260925_234738.wav,0,59.40306,18.07249,Phogri,Pholidoptera griseoaptera,Dark Bush-cricket,bush-cricket,0.76,,,25/09/2026,25/09/2026,23:47:38,ClassifEspSWE-0002026-05-29_1,JOHANKARLSSON,202609261751WAGLRNZJ,2026_25_sep_23,Citizen Science (ultrasonic) - shared
59~40306+18~07249_20260925_234743.wav,DEV_001_20260925_234743.wav,0,59.40306,18.07249,Phogri,Pholidoptera griseoaptera,Dark Bush-cricket,bush-cricket,0.68,,,25/09/2026,25/09/2026,23:47:43,ClassifEspSWE-0002026-05-29_1,JOHANKARLSSON,202609261751WAGLRNZJ,2026_25_sep_23,Citizen Science (ultrasonic) - shared
59~40306+18~07249_20260925_234749.wav,DEV_001_20260925_234749.wav,0,59.40306,18.07249,Phogri,Pholidoptera griseoaptera,Dark Bush-cricket,bush-cricket,0.59,,,25/09/2026,25/09/2026,23:47:49,ClassifEspSWE-0002026-05-29_1,JOHANKARLSSON,202609261751WAGLRNZJ,2026_25_sep_23,Citizen Science (ultrasonic) - shared
59~40306+18~07249_20260925_234755.wav,DEV_001_20260925_234755.wav,0,59.40306,18.07249,Phogri,Pholidoptera griseoaptera,Dark Bush-cricket,bush-cricket,0.99,,,25/09/2026,25/09/2026,23:47:55,ClassifEspSWE-0002026-05-29_1,JOHANKARLSSON,202609261751WAGLRNZJ,2026_25_sep_23,Citizen Science (ultrasonic) - shared
59~40306+18~07249_20260925_234801.wav,DEV_001_20260925_234801.wav,0,59.40306,18.07249,Phogri,Pholidoptera griseoaptera,Dark Bush-cricket,bush-cricket,0.84,,,25/09/2026,25/09/2026,23:48:01,ClassifEspSWE-0002026-05-29_1,JOHANKARLSSON,202609261751WAGLRNZJ,2026_25_sep_23,Citizen Science (ultrasonic) - shared
59~40306+18~07249_20260925_234807.wav,DEV_001_20260925_234807.wav,0,59.40306,18.07249,Phogri,Pholidoptera griseoaptera,Dark Bush-cricket,bush-cricket,0.81,,,25/09/2026,25/09/2026,23:48:07,ClassifEspSWE-0002026-05-29_1,JOHANKARLSSON,202609261751WAGLRNZJ,2026_25_sep_23,Citizen Science (ultrasonic) - shared
59~40306+18~07249_20260925_234813.wav,DEV_001_20260925_234813.wav,0,59.40306,18.07249,Phogri,Pholidoptera griseoaptera,Dark Bush-cricket,bush-cricket,0.58,,,25/09/2026,25/09/2026,23:48:13,ClassifEspSWE-0002026-05-29_1,JOHANKARLSSON,202609261751WAGLRNZJ,2026_25_sep_23,Citizen Science (ultrasonic) - shared
59~40306+18~07249_20260925_234819.wav,DEV_001_20260925_234819.wav,0,59.40306,18.07249,Phogri,Pholidoptera griseoaptera,Dark Bush-cricket,bush-cricket,0.81,,,25/09/2026,25/09/2026,23:48:19,ClassifEspSWE-0002026-05-29_1,JOHANKARLSSON,202609261751WAGLRNZJ,2026_25_sep_23,Citizen Science (ultrasonic) - shared
59~40306+18~07249_20260925_234826.wav,DEV_001_20260925_234826.wav,0,59.40306,18.07249,Phogri,Pholidoptera griseoaptera,Dark Bush-cricket,bush-cricket,0.77,,,25/09/2026,25/09/2026,23:48:26,ClassifEspSWE-0002026-05-29_1,JOHANKARLSSON,202609261751WAGLRNZJ,2026_25_sep_23,Citizen Science (ultrasonic) - shared
59~40306+18~07249_20260925_234831.wav,DEV_001_20260925_234831.wav,0,59.40306,18.07249,Phogri,Pholidoptera griseoaptera,Dark Bush-cricket,bush-cricket,0.86,,,25/09/2026,25/09/2026,23:48:31,ClassifEspSWE-0002026-05-29_1,JOHANKARLSSON,202609261751WAGLRNZJ,2026_25_sep_23,Citizen Science (ultrasonic) - shared
59~40306+18~07249_20260925_234837.wav,DEV_001_20260925_234837.wav,0,59.40306,18.07249,Phogri,Pholidoptera griseoaptera,Dark Bush-cricket,bush-cricket,0.66,,,25/09/2026,25/09/2026,23:48:37,ClassifEspSWE-0002026-05-29_1,JOHANKARLSSON,202609261751WAGLRNZJ,2026_25_sep_23,Citizen Science (ultrasonic) - shared
59~40306+18~07249_20260925_234843.wav,DEV_001_20260925_234843.wav,0,59.40306,18.07249,Phogri,Pholidoptera griseoaptera,Dark Bush-cricket,bush-cricket,0.97,,,25/09/2026,25/09/2026,23:48:43,ClassifEspSWE-0002026-05-29_1,JOHANKARLSSON,202609261751WAGLRNZJ,2026_25_sep_23,Citizen Science (ultrasonic) - shared
59~40306+18~07249_20260925_234848.wav,DEV_001_20260925_234848.wav,0,59.40306,18.07249,Phogri,Pholidoptera griseoaptera,Dark Bush-cricket,bush-cricket,0.59,,,25/09/2026,25/09/2026,23:48:48,ClassifEspSWE-0002026-05-29_1,JOHANKARLSSON,202609261751WAGLRNZJ,2026_25_sep_23,Citizen Science (ultrasonic) - shared
59~40306+18~07249_20260925_234854.wav,DEV_001_20260925_234854.wav,0,59.40306,18.07249,Phogri,Pholidoptera griseoaptera,Dark Bush-cricket,bush-cricket,0.81,,,25/09/2026,25/09/2026,23:48:54,ClassifEspSWE-0002026-05-29_1,JOHANKARLSSON,202609261751WAGLRNZJ,2026_25_sep_23,Citizen Science (ultrasonic) - shared
59~40306+18~07249_20260925_234859.wav,DEV_001_20260925_234859.wav,0,59.40306,18.07249,Phogri,Pholidoptera griseoaptera,Dark Bush-cricket,bush-cricket,0.99,,,25/09/2026,25/09/2026,23:48:59,ClassifEspSWE-0002026-05-29_1,JOHANKARLSSON,202609261751WAGLRNZJ,2026_25_sep_23,Citizen Science (ultrasonic) - shared
59~40306+18~07249_20260925_234906.wav,DEV_001_20260925_234906.wav,0,59.40306,18.07249,Phogri,Pholidoptera griseoaptera,Dark Bush-cricket,bush-cricket,0.87,,,25/09/2026,25/09/2026,23:49:06,ClassifEspSWE-0002026-05-29_1,JOHANKARLSSON,202609261751WAGLRNZJ,2026_25_sep_23,Citizen Science (ultrasonic) - shared
59~40306+18~07249_20260925_234913.wav,DEV_001_20260925_234913.wav,0,59.40306,18.07249,Phogri,Pholidoptera griseoaptera,Dark Bush-cricket,bush-cricket,0.99,,,25/09/2026,25/09/2026,23:49:13,ClassifEspSWE-0002026-05-29_1,JOHANKARLSSON,202609261751WAGLRNZJ,2026_25_sep_23,Citizen Science (ultrasonic) - shared
59~40306+18~07249_20260925_234919.wav,DEV_001_20260925_234919.wav,0,59.40306,18.07249,Phogri,Pholidoptera griseoaptera,Dark Bush-cricket,bush-cricket,0.69,,,25/09/2026,25/09/2026,23:49:19,ClassifEspSWE-0002026-05-29_1,JOHANKARLSSON,202609261751WAGLRNZJ,2026_25_sep_23,Citizen Science (ultrasonic) - shared
59~40306+18~07249_20260925_234925.wav,DEV_001_20260925_234925.wav,0,59.40306,18.07249,Phogri,Pholidoptera griseoaptera,Dark Bush-cricket,bush-cricket,0.91,,,25/09/2026,25/09/2026,23:49:25,ClassifEspSWE-0002026-05-29_1,JOHANKARLSSON,202609261751WAGLRNZJ,2026_25_sep_23,Citizen Science (ultrasonic) - shared
59~40306+18~07249_20260925_234931.wav,DEV_001_20260925_234931.wav,0,59.40306,18.07249,Phogri,Pholidoptera griseoaptera,Dark Bush-cricket,bush-cricket,0.99,,,25/09/2026,25/09/2026,23:49:31,ClassifEspSWE-0002026-05-29_1,JOHANKARLSSON,202609261751WAGLRNZJ,2026_25_sep_23,Citizen Science (ultrasonic) - shared
59~40306+18~07249_20260925_234937.wav,DEV_001_20260925_234937.wav,0,59.40306,18.07249,Phogri,Pholidoptera griseoaptera,Dark Bush-cricket,bush-cricket,0.99,,,25/09/2026,25/09/2026,23:49:37,ClassifEspSWE-0002026-05-29_1,JOHANKARLSSON,202609261751WAGLRNZJ,2026_25_sep_23,Citizen Science (ultrasonic) - shared
59~40306+18~07249_20260925_234943.wav,DEV_001_20260925_234943.wav,0,59.40306,18.07249,Phogri,Pholidoptera griseoaptera,Dark Bush-cricket,bush-cricket,0.81,,,25/09/2026,25/09/2026,23:49:43,ClassifEspSWE-0002026-05-29_1,JOHANKARLSSON,202609261751WAGLRNZJ,2026_25_sep_23,Citizen Science (ultrasonic) - shared
59~40306+18~07249_20260925_234949.wav,DEV_001_20260925_234949.wav,0,59.40306,18.07249,Phogri,Pholidoptera griseoaptera,Dark Bush-cricket,bush-cricket,0.98,,,25/09/2026,25/09/2026,23:49:49,ClassifEspSWE-0002026-05-29_1,JOHANKARLSSON,202609261751WAGLRNZJ,2026_25_sep_23,Citizen Science (ultrasonic) - shared
59~40306+18~07249_20260925_234956.wav,DEV_001_20260925_234956.wav,0,59.40306,18.07249,Phogri,Pholidoptera griseoaptera,Dark Bush-cricket,bush-cricket,0.99,,,25/09/2026,25/09/2026,23:49:56,ClassifEspSWE-0002026-05-29_1,JOHANKARLSSON,202609261751WAGLRNZJ,2026_25_sep_23,Citizen Science (ultrasonic) - shared
59~40306+18~07249_20260925_235001.wav,DEV_001_20260925_235001.wav,0,59.40306,18.07249,Phogri,Pholidoptera griseoaptera,Dark Bush-cricket,bush-cricket,0.98,,,25/09/2026,25/09/2026,23:50:01,ClassifEspSWE-0002026-05-29_1,JOHANKARLSSON,202609261751WAGLRNZJ,2026_25_sep_23,Citizen Science (ultrasonic) - shared
59~40306+18~07249_20260925_235007.wav,DEV_001_20260925_235007.wav,0,59.40306,18.07249,Phogri,Pholidoptera griseoaptera,Dark Bush-cricket,bush-cricket,0.98,,,25/09/2026,25/09/2026,23:50:07,ClassifEspSWE-0002026-05-29_1,JOHANKARLSSON,202609261751WAGLRNZJ,2026_25_sep_23,Citizen Science (ultrasonic) - shared
59~40306+18~07249_20260925_235013.wav,DEV_001_20260925_235013.wav,0,59.40306,18.07249,Phogri,Pholidoptera griseoaptera,Dark Bush-cricket,bush-cricket,0.88,,,25/09/2026,25/09/2026,23:50:13,ClassifEspSWE-0002026-05-29_1,JOHANKARLSSON,202609261751WAGLRNZJ,2026_25_sep_23,Citizen Science (ultrasonic) - shared
59~40306+18~07249_20260925_235019.wav,DEV_001_20260925_235019.wav,0,59.40306,18.07249,Phogri,Pholidoptera griseoaptera,Dark Bush-cricket,bush-cricket,0.9,,,25/09/2026,25/09/2026,23:50:19,ClassifEspSWE-0002026-05-29_1,JOHANKARLSSON,202609261751WAGLRNZJ,2026_25_sep_23,Citizen Science (ultrasonic) - shared
59~40306+18~07249_20260925_235025.wav,DEV_001_20260925_235025.wav,0,59.40306,18.07249,Phogri,Pholidoptera griseoaptera,Dark Bush-cricket,bush-cricket,0.51,,,25/09/2026,25/09/2026,23:50:25,ClassifEspSWE-0002026-05-29_1,JOHANKARLSSON,202609261751WAGLRNZJ,2026_25_sep_23,Citizen Science (ultrasonic) - shared
59~40306+18~07249_20260925_235030.wav,DEV_001_20260925_235030.wav,0,59.40306,18.07249,Phogri,Pholidoptera griseoaptera,Dark Bush-cricket,bush-cricket,0.85,,,25/09/2026,25/09/2026,23:50:30,ClassifEspSWE-0002026-05-29_1,JOHANKARLSSON,202609261751WAGLRNZJ,2026_25_sep_23,Citizen Science (ultrasonic) - shared
59~40306+18~07249_20260925_235036.wav,DEV_001_20260925_235036.wav,0,59.40306,18.07249,Phogri,Pholidoptera griseoaptera,Dark Bush-cricket,bush-cricket,0.82,,,25/09/2026,25/09/2026,23:50:36,ClassifEspSWE-0002026-05-29_1,JOHANKARLSSON,202609261751WAGLRNZJ,2026_25_sep_23,Citizen Science (ultrasonic) - shared
59~40306+18~07249_20260925_235042.wav,DEV_001_20260925_235042.wav,0,59.40306,18.07249,Phogri,Pholidoptera griseoaptera,Dark Bush-cricket,bush-cricket,0.62,,,25/09/2026,25/09/2026,23:50:42,ClassifEspSWE-0002026-05-29_1,JOHANKARLSSON,202609261751WAGLRNZJ,2026_25_sep_23,Citizen Science (ultrasonic) - shared
59~40306+18~07249_20260925_235048.wav,DEV_001_20260925_235048.wav,0,59.40306,18.07249,Phogri,Pholidoptera griseoaptera,Dark Bush-cricket,bush-cricket,0.95,,,25/09/2026,25/09/2026,23:50:48,ClassifEspSWE-0002026-05-29_1,JOHANKARLSSON,202609261751WAGLRNZJ,2026_25_sep_23,Citizen Science (ultrasonic) - shared
59~40306+18~07249_20260925_235054.wav,DEV_001_20260925_235054.wav,0,59.40306,18.07249,Phogri,Pholidoptera griseoaptera,Dark Bush-cricket,bush-cricket,0.98,,,25/09/2026,25/09/2026,23:50:54,ClassifEspSWE-0002026-05-29_1,JOHANKARLSSON,202609261751WAGLRNZJ,2026_25_sep_23,Citizen Science (ultrasonic) - shared
59~40306+18~07249_20260925_235059.wav,DEV_001_20260925_235059.wav,0,59.40306,18.07249,Phogri,Pholidoptera griseoaptera,Dark Bush-cricket,bush-cricket,0.68,,,25/09/2026,25/09/2026,23:50:59,ClassifEspSWE-0002026-05-29_1,JOHANKARLSSON,202609261751WAGLRNZJ,2026_25_sep_23,Citizen Science (ultrasonic) - shared
59~40306+18~07249_20260925_235105.wav,DEV_001_20260925_235105.wav,0,59.40306,18.07249,Phogri,Pholidoptera griseoaptera,Dark Bush-cricket,bush-cricket,0.99,,,25/09/2026,25/09/2026,23:51:05,ClassifEspSWE-0002026-05-29_1,JOHANKARLSSON,202609261751WAGLRNZJ,2026_25_sep_23,Citizen Science (ultrasonic) - shared
59~40306+18~07249_20260925_235111.wav,DEV_001_20260925_235111.wav,0,59.40306,18.07249,Phogri,Pholidoptera griseoaptera,Dark Bush-cricket,bush-cricket,0.86,,,25/09/2026,25/09/2026,23:51:11,ClassifEspSWE-0002026-05-29_1,JOHANKARLSSON,202609261751WAGLRNZJ,2026_25_sep_23,Citizen Science (ultrasonic) - shared
59~40306+18~07249_20260925_235117.wav,DEV_001_20260925_235117.wav,0,59.40306,18.07249,Phogri,Pholidoptera griseoaptera,Dark Bush-cricket,bush-cricket,0.83,,,25/09/2026,25/09/2026,23:51:17,ClassifEspSWE-0002026-05-29_1,JOHANKARLSSON,202609261751WAGLRNZJ,2026_25_sep_23,Citizen Science (ultrasonic) - shared
59~40306+18~07249_20260925_235123.wav,DEV_001_20260925_235123.wav,0,59.40306,18.07249,Phogri,Pholidoptera griseoaptera,Dark Bush-cricket,bush-cricket,0.52,,,25/09/2026,25/09/2026,23:51:23,ClassifEspSWE-0002026-05-29_1,JOHANKARLSSON,202609261751WAGLRNZJ,2026_25_sep_23,Citizen Science (ultrasonic) - shared
59~40306+18~07249_20260925_235128.wav,DEV_001_20260925_235128.wav,0,59.40306,18.07249,Phogri,Pholidoptera griseoaptera,Dark Bush-cricket,bush-cricket,0.72,,,25/09/2026,25/09/2026,23:51:28,ClassifEspSWE-0002026-05-29_1,JOHANKARLSSON,202609261751WAGLRNZJ,2026_25_sep_23,Citizen Science (ultrasonic) - shared
59~40306+18~07249_20260925_235134.wav,DEV_001_20260925_235134.wav,0,59.40306,18.07249,Phogri,Pholidoptera griseoaptera,Dark Bush-cricket,bush-cricket,0.99,,,25/09/2026,25/09/2026,23:51:34,ClassifEspSWE-0002026-05-29_1,JOHANKARLSSON,202609261751WAGLRNZJ,2026_25_sep_23,Citizen Science (ultrasonic) - shared
59~40306+18~07249_20260925_235141.wav,DEV_001_20260925_235141.wav,0,59.40306,18.07249,Phogri,Pholidoptera griseoaptera,Dark Bush-cricket,bush-cricket,0.88,,,25/09/2026,25/09/2026,23:51:41,ClassifEspSWE-0002026-05-29_1,JOHANKARLSSON,202609261751WAGLRNZJ,2026_25_sep_23,Citizen Science (ultrasonic) - shared
59~40306+18~07249_20260925_235153.wav,DEV_001_20260925_235153.wav,0,59.40306,18.07249,Phogri,Pholidoptera griseoaptera,Dark Bush-cricket,bush-cricket,0.89,,,25/09/2026,25/09/2026,23:51:53,ClassifEspSWE-0002026-05-29_1,JOHANKARLSSON,202609261751WAGLRNZJ,2026_25_sep_23,Citizen Science (ultrasonic) - shared
59~40306+18~07249_20260925_235159.wav,DEV_001_20260925_235159.wav,0,59.40306,18.07249,Phogri,Pholidoptera griseoaptera,Dark Bush-cricket,bush-cricket,0.63,,,25/09/2026,25/09/2026,23:51:59,ClassifEspSWE-0002026-05-29_1,JOHANKARLSSON,202609261751WAGLRNZJ,2026_25_sep_23,Citizen Science (ultrasonic) - shared
59~40306+18~07249_20260925_235205.wav,DEV_001_20260925_235205.wav,0,59.40306,18.07249,Phogri,Pholidoptera griseoaptera,Dark Bush-cricket,bush-cricket,0.87,,,25/09/2026,25/09/2026,23:52:05,ClassifEspSWE-0002026-05-29_1,JOHANKARLSSON,202609261751WAGLRNZJ,2026_25_sep_23,Citizen Science (ultrasonic) - shared
59~40306+18~07249_20260925_235212.wav,DEV_001_20260925_235212.wav,0,59.40306,18.07249,Phogri,Pholidoptera griseoaptera,Dark Bush-cricket,bush-cricket,0.89,,,25/09/2026,25/09/2026,23:52:12,ClassifEspSWE-0002026-05-29_1,JOHANKARLSSON,202609261751WAGLRNZJ,2026_25_sep_23,Citizen Science (ultrasonic) - shared
59~40306+18~07249_20260925_235218.wav,DEV_001_20260925_235218.wav,0,59.40306,18.07249,Phogri,Pholidoptera griseoaptera,Dark Bush-cricket,bush-cricket,0.99,,,25/09/2026,25/09/2026,23:52:18,ClassifEspSWE-0002026-05-29_1,JOHANKARLSSON,202609261751WAGLRNZJ,2026_25_sep_23,Citizen Science (ultrasonic) - shared
59~40306+18~07249_20260925_235225.wav,DEV_001_20260925_235225.wav,0,59.40306,18.07249,Phogri,Pholidoptera griseoaptera,Dark Bush-cricket,bush-cricket,0.65,,,25/09/2026,25/09/2026,23:52:25,ClassifEspSWE-0002026-05-29_1,JOHANKARLSSON,202609261751WAGLRNZJ,2026_25_sep_23,Citizen Science (ultrasonic) - shared
59~40306+18~07249_20260925_235231.wav,DEV_001_20260925_235231.wav,0,59.40306,18.07249,Phogri,Pholidoptera griseoaptera,Dark Bush-cricket,bush-cricket,0.87,,,25/09/2026,25/09/2026,23:52:31,ClassifEspSWE-0002026-05-29_1,JOHANKARLSSON,202609261751WAGLRNZJ,2026_25_sep_23,Citizen Science (ultrasonic) - shared
59~40306+18~07249_20260925_235237.wav,DEV_001_20260925_235237.wav,0,59.40306,18.07249,Phogri,Pholidoptera griseoaptera,Dark Bush-cricket,bush-cricket,0.83,,,25/09/2026,25/09/2026,23:52:37,ClassifEspSWE-0002026-05-29_1,JOHANKARLSSON,202609261751WAGLRNZJ,2026_25_sep_23,Citizen Science (ultrasonic) - shared
59~40306+18~07249_20260925_235244.wav,DEV_001_20260925_235244.wav,0,59.40306,18.07249,Phogri,Pholidoptera griseoaptera,Dark Bush-cricket,bush-cricket,0.91,,,25/09/2026,25/09/2026,23:52:44,ClassifEspSWE-0002026-05-29_1,JOHANKARLSSON,202609261751WAGLRNZJ,2026_25_sep_23,Citizen Science (ultrasonic) - shared
59~40306+18~07249_20260925_235250.wav,DEV_001_20260925_235250.wav,0,59.40306,18.07249,Phogri,Pholidoptera griseoaptera,Dark Bush-cricket,bush-cricket,0.64,,,25/09/2026,25/09/2026,23:52:50,ClassifEspSWE-0002026-05-29_1,JOHANKARLSSON,202609261751WAGLRNZJ,2026_25_sep_23,Citizen Science (ultrasonic) - shared
59~40306+18~07249_20260925_235255.wav,DEV_001_20260925_235255.wav,0,59.40306,18.07249,Phogri,Pholidoptera griseoaptera,Dark Bush-cricket,bush-cricket,0.78,,,25/09/2026,25/09/2026,23:52:55,ClassifEspSWE-0002026-05-29_1,JOHANKARLSSON,202609261751WAGLRNZJ,2026_25_sep_23,Citizen Science (ultrasonic) - shared
59~40306+18~07249_20260925_235301.wav,DEV_001_20260925_235301.wav,0,59.40306,18.07249,Phogri,Pholidoptera griseoaptera,Dark Bush-cricket,bush-cricket,0.66,,,25/09/2026,25/09/2026,23:53:01,ClassifEspSWE-0002026-05-29_1,JOHANKARLSSON,202609261751WAGLRNZJ,2026_25_sep_23,Citizen Science (ultrasonic) - shared
59~40306+18~07249_20260925_235307.wav,DEV_001_20260925_235307.wav,0,59.40306,18.07249,Phogri,Pholidoptera griseoaptera,Dark Bush-cricket,bush-cricket,0.63,,,25/09/2026,25/09/2026,23:53:07,ClassifEspSWE-0002026-05-29_1,JOHANKARLSSON,202609261751WAGLRNZJ,2026_25_sep_23,Citizen Science (ultrasonic) - shared
59~40306+18~07249_20260925_235314.wav,DEV_001_20260925_235314.wav,0,59.40306,18.07249,Phogri,Pholidoptera griseoaptera,Dark Bush-cricket,bush-cricket,0.77,,,25/09/2026,25/09/2026,23:53:14,ClassifEspSWE-0002026-05-29_1,JOHANKARLSSON,202609261751WAGLRNZJ,2026_25_sep_23,Citizen Science (ultrasonic) - shared
59~40306+18~07249_20260925_235320.wav,DEV_001_20260925_235320.wav,0,59.40306,18.07249,Phogri,Pholidoptera griseoaptera,Dark Bush-cricket,bush-cricket,0.99,,,25/09/2026,25/09/2026,23:53:20,ClassifEspSWE-0002026-05-29_1,JOHANKARLSSON,202609261751WAGLRNZJ,2026_25_sep_23,Citizen Science (ultrasonic) - shared
59~40306+18~07249_20260925_235326.wav,DEV_001_20260925_235326.wav,0,59.40306,18.07249,Phogri,Pholidoptera griseoaptera,Dark Bush-cricket,bush-cricket,0.84,,,25/09/2026,25/09/2026,23:53:26,ClassifEspSWE-0002026-05-29_1,JOHANKARLSSON,202609261751WAGLRNZJ,2026_25_sep_23,Citizen Science (ultrasonic) - shared
59~40306+18~07249_20260925_235332.wav,DEV_001_20260925_235332.wav,0,59.40306,18.07249,Phogri,Pholidoptera griseoaptera,Dark Bush-cricket,bush-cricket,0.99,,,25/09/2026,25/09/2026,23:53:32,ClassifEspSWE-0002026-05-29_1,JOHANKARLSSON,202609261751WAGLRNZJ,2026_25_sep_23,Citizen Science (ultrasonic) - shared
59~40306+18~07249_20260925_235338.wav,DEV_001_20260925_235338.wav,0,59.40306,18.07249,Phogri,Pholidoptera griseoaptera,Dark Bush-cricket,bush-cricket,0.99,,,25/09/2026,25/09/2026,23:53:38,ClassifEspSWE-0002026-05-29_1,JOHANKARLSSON,202609261751WAGLRNZJ,2026_25_sep_23,Citizen Science (ultrasonic) - shared
59~40306+18~07249_20260925_235344.wav,DEV_001_20260925_235344.wav,0,59.40306,18.07249,Phogri,Pholidoptera griseoaptera,Dark Bush-cricket,bush-cricket,0.99,,,25/09/2026,25/09/2026,23:53:44,ClassifEspSWE-0002026-05-29_1,JOHANKARLSSON,202609261751WAGLRNZJ,2026_25_sep_23,Citizen Science (ultrasonic) - shared
59~40306+18~07249_20260925_235351.wav,DEV_001_20260925_235351.wav,0,59.40306,18.07249,Phogri,Pholidoptera griseoaptera,Dark Bush-cricket,bush-cricket,0.62,,,25/09/2026,25/09/2026,23:53:51,ClassifEspSWE-0002026-05-29_1,JOHANKARLSSON,202609261751WAGLRNZJ,2026_25_sep_23,Citizen Science (ultrasonic) - shared
59~40306+18~07249_20260925_235357.wav,DEV_001_20260925_235357.wav,0,59.40306,18.07249,Phogri,Pholidoptera griseoaptera,Dark Bush-cricket,bush-cricket,0.99,,,25/09/2026,25/09/2026,23:53:57,ClassifEspSWE-0002026-05-29_1,JOHANKARLSSON,202609261751WAGLRNZJ,2026_25_sep_23,Citizen Science (ultrasonic) - shared
59~40306+18~07249_20260925_235404.wav,DEV_001_20260925_235404.wav,0,59.40306,18.07249,Phogri,Pholidoptera griseoaptera,Dark Bush-cricket,bush-cricket,0.99,,,25/09/2026,25/09/2026,23:54:04,ClassifEspSWE-0002026-05-29_1,JOHANKARLSSON,202609261751WAGLRNZJ,2026_25_sep_23,Citizen Science (ultrasonic) - shared
59~40306+18~07249_20260925_235410.wav,DEV_001_20260925_235410.wav,0,59.40306,18.07249,Phogri,Pholidoptera griseoaptera,Dark Bush-cricket,bush-cricket,0.79,,,25/09/2026,25/09/2026,23:54:10,ClassifEspSWE-0002026-05-29_1,JOHANKARLSSON,202609261751WAGLRNZJ,2026_25_sep_23,Citizen Science (ultrasonic) - shared
59~40306+18~07249_20260925_235416.wav,DEV_001_20260925_235416.wav,0,59.40306,18.07249,Phogri,Pholidoptera griseoaptera,Dark Bush-cricket,bush-cricket,0.99,,,25/09/2026,25/09/2026,23:54:16,ClassifEspSWE-0002026-05-29_1,JOHANKARLSSON,202609261751WAGLRNZJ,2026_25_sep_23,Citizen Science (ultrasonic) - shared
59~40306+18~07249_20260925_235422.wav,DEV_001_20260925_235422.wav,0,59.40306,18.07249,Phogri,Pholidoptera griseoaptera,Dark Bush-cricket,bush-cricket,0.79,,,25/09/2026,25/09/2026,23:54:22,ClassifEspSWE-0002026-05-29_1,JOHANKARLSSON,202609261751WAGLRNZJ,2026_25_sep_23,Citizen Science (ultrasonic) - shared
59~40306+18~07249_20260925_235429.wav,DEV_001_20260925_235429.wav,0,59.40306,18.07249,Phogri,Pholidoptera griseoaptera,Dark Bush-cricket,bush-cricket,0.84,,,25/09/2026,25/09/2026,23:54:29,ClassifEspSWE-0002026-05-29_1,JOHANKARLSSON,202609261751WAGLRNZJ,2026_25_sep_23,Citizen Science (ultrasonic) - shared
59~40306+18~07249_20260925_235435.wav,DEV_001_20260925_235435.wav,0,59.40306,18.07249,Phogri,Pholidoptera griseoaptera,Dark Bush-cricket,bush-cricket,0.95,,,25/09/2026,25/09/2026,23:54:35,ClassifEspSWE-0002026-05-29_1,JOHANKARLSSON,202609261751WAGLRNZJ,2026_25_sep_23,Citizen Science (ultrasonic) - shared
59~40306+18~07249_20260925_235441.wav,DEV_001_20260925_235441.wav,0,59.40306,18.07249,Phogri,Pholidoptera griseoaptera,Dark Bush-cricket,bush-cricket,0.95,,,25/09/2026,25/09/2026,23:54:41,ClassifEspSWE-0002026-05-29_1,JOHANKARLSSON,202609261751WAGLRNZJ,2026_25_sep_23,Citizen Science (ultrasonic) - shared
59~40306+18~07249_20260925_235447.wav,DEV_001_20260925_235447.wav,0,59.40306,18.07249,Phogri,Pholidoptera griseoaptera,Dark Bush-cricket,bush-cricket,0.93,,,25/09/2026,25/09/2026,23:54:47,ClassifEspSWE-0002026-05-29_1,JOHANKARLSSON,202609261751WAGLRNZJ,2026_25_sep_23,Citizen Science (ultrasonic) - shared
59~40306+18~07249_20260925_235453.wav,DEV_001_20260925_235453.wav,0,59.40306,18.07249,Phogri,Pholidoptera griseoaptera,Dark Bush-cricket,bush-cricket,0.99,,,25/09/2026,25/09/2026,23:54:53,ClassifEspSWE-0002026-05-29_1,JOHANKARLSSON,202609261751WAGLRNZJ,2026_25_sep_23,Citizen Science (ultrasonic) - shared
59~40306+18~07249_20260925_235459.wav,DEV_001_20260925_235459.wav,0,59.40306,18.07249,Phogri,Pholidoptera griseoaptera,Dark Bush-cricket,bush-cricket,0.99,,,25/09/2026,25/09/2026,23:54:59,ClassifEspSWE-0002026-05-29_1,JOHANKARLSSON,202609261751WAGLRNZJ,2026_25_sep_23,Citizen Science (ultrasonic) - shared
59~40306+18~07249_20260925_235506.wav,DEV_001_20260925_235506.wav,0,59.40306,18.07249,Phogri,Pholidoptera griseoaptera,Dark Bush-cricket,bush-cricket,0.59,,,25/09/2026,25/09/2026,23:55:06,ClassifEspSWE-0002026-05-29_1,JOHANKARLSSON,202609261751WAGLRNZJ,2026_25_sep_23,Citizen Science (ultrasonic) - shared
59~40306+18~07249_20260925_235513.wav,DEV_001_20260925_235513.wav,0,59.40306,18.07249,Phogri,Pholidoptera griseoaptera,Dark Bush-cricket,bush-cricket,0.93,,,25/09/2026,25/09/2026,23:55:13,ClassifEspSWE-0002026-05-29_1,JOHANKARLSSON,202609261751WAGLRNZJ,2026_25_sep_23,Citizen Science (ultrasonic) - shared
59~40306+18~07249_20260925_235519.wav,DEV_001_20260925_235519.wav,0,59.40306,18.07249,Phogri,Pholidoptera griseoaptera,Dark Bush-cricket,bush-cricket,0.9,,,25/09/2026,25/09/2026,23:55:19,ClassifEspSWE-0002026-05-29_1,JOHANKARLSSON,202609261751WAGLRNZJ,2026_25_sep_23,Citizen Science (ultrasonic) - shared
59~40306+18~07249_20260925_235525.wav,DEV_001_20260925_235525.wav,0,59.40306,18.07249,Phogri,Pholidoptera griseoaptera,Dark Bush-cricket,bush-cricket,0.91,,,25/09/2026,25/09/2026,23:55:25,ClassifEspSWE-0002026-05-29_1,JOHANKARLSSON,202609261751WAGLRNZJ,2026_25_sep_23,Citizen Science (ultrasonic) - shared
59~40306+18~07249_20260925_235533.wav,DEV_001_20260925_235533.wav,0,59.40306,18.07249,Phogri,Pholidoptera griseoaptera,Dark Bush-cricket,bush-cricket,0.92,,,25/09/2026,25/09/2026,23:55:33,ClassifEspSWE-0002026-05-29_1,JOHANKARLSSON,202609261751WAGLRNZJ,2026_25_sep_23,Citizen Science (ultrasonic) - shared
59~40306+18~07249_20260925_235539.wav,DEV_001_20260925_235539.wav,0,59.40306,18.07249,Phogri,Pholidoptera griseoaptera,Dark Bush-cricket,bush-cricket,0.93,,,25/09/2026,25/09/2026,23:55:39,ClassifEspSWE-0002026-05-29_1,JOHANKARLSSON,202609261751WAGLRNZJ,2026_25_sep_23,Citizen Science (ultrasonic) - shared
59~40306+18~07249_20260925_235546.wav,DEV_001_20260925_235546.wav,0,59.40306,18.07249,Phogri,Pholidoptera griseoaptera,Dark Bush-cricket,bush-cricket,0.97,,,25/09/2026,25/09/2026,23:55:46,ClassifEspSWE-0002026-05-29_1,JOHANKARLSSON,202609261751WAGLRNZJ,2026_25_sep_23,Citizen Science (ultrasonic) - shared
59~40306+18~07249_20260925_235552.wav,DEV_001_20260925_235552.wav,0,59.40306,18.07249,Phogri,Pholidoptera griseoaptera,Dark Bush-cricket,bush-cricket,0.98,,,25/09/2026,25/09/2026,23:55:52,ClassifEspSWE-0002026-05-29_1,JOHANKARLSSON,202609261751WAGLRNZJ,2026_25_sep_23,Citizen Science (ultrasonic) - shared
59~40306+18~07249_20260925_235559.wav,DEV_001_20260925_235559.wav,0,59.40306,18.07249,Phogri,Pholidoptera griseoaptera,Dark Bush-cricket,bush-cricket,0.85,,,25/09/2026,25/09/2026,23:55:59,ClassifEspSWE-0002026-05-29_1,JOHANKARLSSON,202609261751WAGLRNZJ,2026_25_sep_23,Citizen Science (ultrasonic) - shared
59~40306+18~07249_20260925_235606.wav,DEV_001_20260925_235606.wav,0,59.40306,18.07249,Phogri,Pholidoptera griseoaptera,Dark Bush-cricket,bush-cricket,0.95,,,25/09/2026,25/09/2026,23:56:06,ClassifEspSWE-0002026-05-29_1,JOHANKARLSSON,202609261751WAGLRNZJ,2026_25_sep_23,Citizen Science (ultrasonic) - shared
59~40306+18~07249_20260925_235612.wav,DEV_001_20260925_235612.wav,0,59.40306,18.07249,Phogri,Pholidoptera griseoaptera,Dark Bush-cricket,bush-cricket,0.87,,,25/09/2026,25/09/2026,23:56:12,ClassifEspSWE-0002026-05-29_1,JOHANKARLSSON,202609261751WAGLRNZJ,2026_25_sep_23,Citizen Science (ultrasonic) - shared
59~40306+18~07249_20260925_235619.wav,DEV_001_20260925_235619.wav,0,59.40306,18.07249,Phogri,Pholidoptera griseoaptera,Dark Bush-cricket,bush-cricket,0.93,,,25/09/2026,25/09/2026,23:56:19,ClassifEspSWE-0002026-05-29_1,JOHANKARLSSON,202609261751WAGLRNZJ,2026_25_sep_23,Citizen Science (ultrasonic) - shared
59~40306+18~07249_20260925_235626.wav,DEV_001_20260925_235626.wav,0,59.40306,18.07249,Phogri,Pholidoptera griseoaptera,Dark Bush-cricket,bush-cricket,0.92,,,25/09/2026,25/09/2026,23:56:26,ClassifEspSWE-0002026-05-29_1,JOHANKARLSSON,202609261751WAGLRNZJ,2026_25_sep_23,Citizen Science (ultrasonic) - shared
59~40306+18~07249_20260925_235633.wav,DEV_001_20260925_235633.wav,0,59.40306,18.07249,Phogri,Pholidoptera griseoaptera,Dark Bush-cricket,bush-cricket,0.9,,,25/09/2026,25/09/2026,23:56:33,ClassifEspSWE-0002026-05-29_1,JOHANKARLSSON,202609261751WAGLRNZJ,2026_25_sep_23,Citizen Science (ultrasonic) - shared
59~40306+18~07249_20260925_235639.wav,DEV_001_20260925_235639.wav,0,59.40306,18.07249,Phogri,Pholidoptera griseoaptera,Dark Bush-cricket,bush-cricket,0.87,,,25/09/2026,25/09/2026,23:56:39,ClassifEspSWE-0002026-05-29_1,JOHANKARLSSON,202609261751WAGLRNZJ,2026_25_sep_23,Citizen Science (ultrasonic) - shared
59~40306+18~07249_20260925_235645.wav,DEV_001_20260925_235645.wav,0,59.40306,18.07249,Phogri,Pholidoptera griseoaptera,Dark Bush-cricket,bush-cricket,0.98,,,25/09/2026,25/09/2026,23:56:45,ClassifEspSWE-0002026-05-29_1,JOHANKARLSSON,202609261751WAGLRNZJ,2026_25_sep_23,Citizen Science (ultrasonic) - shared
59~40306+18~07249_20260925_235652.wav,DEV_001_20260925_235652.wav,0,59.40306,18.07249,Phogri,Pholidoptera griseoaptera,Dark Bush-cricket,bush-cricket,0.96,,,25/09/2026,25/09/2026,23:56:52,ClassifEspSWE-0002026-05-29_1,JOHANKARLSSON,202609261751WAGLRNZJ,2026_25_sep_23,Citizen Science (ultrasonic) - shared
59~40306+18~07249_20260925_235659.wav,DEV_001_20260925_235659.wav,0,59.40306,18.07249,Phogri,Pholidoptera griseoaptera,Dark Bush-cricket,bush-cricket,0.87,,,25/09/2026,25/09/2026,23:56:59,ClassifEspSWE-0002026-05-29_1,JOHANKARLSSON,202609261751WAGLRNZJ,2026_25_sep_23,Citizen Science (ultrasonic) - shared
59~40306+18~07249_20260925_235705.wav,DEV_001_20260925_235705.wav,0,59.40306,18.07249,Phogri,Pholidoptera griseoaptera,Dark Bush-cricket,bush-cricket,0.82,,,25/09/2026,25/09/2026,23:57:05,ClassifEspSWE-0002026-05-29_1,JOHANKARLSSON,202609261751WAGLRNZJ,2026_25_sep_23,Citizen Science (ultrasonic) - shared
59~40306+18~07249_20260925_235712.wav,DEV_001_20260925_235712.wav,0,59.40306,18.07249,Phogri,Pholidoptera griseoaptera,Dark Bush-cricket,bush-cricket,0.99,,,25/09/2026,25/09/2026,23:57:12,ClassifEspSWE-0002026-05-29_1,JOHANKARLSSON,202609261751WAGLRNZJ,2026_25_sep_23,Citizen Science (ultrasonic) - shared
59~40306+18~07249_20260925_235719.wav,DEV_001_20260925_235719.wav,0,59.40306,18.07249,Phogri,Pholidoptera griseoaptera,Dark Bush-cricket,bush-cricket,0.93,,,25/09/2026,25/09/2026,23:57:19,ClassifEspSWE-0002026-05-29_1,JOHANKARLSSON,202609261751WAGLRNZJ,2026_25_sep_23,Citizen Science (ultrasonic) - shared
59~40306+18~07249_20260925_235725.wav,DEV_001_20260925_235725.wav,0,59.40306,18.07249,Phogri,Pholidoptera griseoaptera,Dark Bush-cricket,bush-cricket,0.92,,,25/09/2026,25/09/2026,23:57:25,ClassifEspSWE-0002026-05-29_1,JOHANKARLSSON,202609261751WAGLRNZJ,2026_25_sep_23,Citizen Science (ultrasonic) - shared
59~40306+18~07249_20260925_235732.wav,DEV_001_20260925_235732.wav,0,59.40306,18.07249,Phogri,Pholidoptera griseoaptera,Dark Bush-cricket,bush-cricket,0.95,,,25/09/2026,25/09/2026,23:57:32,ClassifEspSWE-0002026-05-29_1,JOHANKARLSSON,202609261751WAGLRNZJ,2026_25_sep_23,Citizen Science (ultrasonic) - shared
59~40306+18~07249_20260925_235738.wav,DEV_001_20260925_235738.wav,0,59.40306,18.07249,Phogri,Pholidoptera griseoaptera,Dark Bush-cricket,bush-cricket,0.97,,,25/09/2026,25/09/2026,23:57:38,ClassifEspSWE-0002026-05-29_1,JOHANKARLSSON,202609261751WAGLRNZJ,2026_25_sep_23,Citizen Science (ultrasonic) - shared
59~40306+18~07249_20260925_235745.wav,DEV_001_20260925_235745.wav,0,59.40306,18.07249,Phogri,Pholidoptera griseoaptera,Dark Bush-cricket,bush-cricket,0.97,,,25/09/2026,25/09/2026,23:57:45,ClassifEspSWE-0002026-05-29_1,JOHANKARLSSON,202609261751WAGLRNZJ,2026_25_sep_23,Citizen Science (ultrasonic) - shared
59~40306+18~07249_20260925_235751.wav,DEV_001_20260925_235751.wav,0,59.40306,18.07249,Phogri,Pholidoptera griseoaptera,Dark Bush-cricket,bush-cricket,0.98,,,25/09/2026,25/09/2026,23:57:51,ClassifEspSWE-0002026-05-29_1,JOHANKARLSSON,202609261751WAGLRNZJ,2026_25_sep_23,Citizen Science (ultrasonic) - shared
59~40306+18~07249_20260925_235758.wav,DEV_001_20260925_235758.wav,0,59.40306,18.07249,Phogri,Pholidoptera griseoaptera,Dark Bush-cricket,bush-cricket,0.99,,,25/09/2026,25/09/2026,23:57:58,ClassifEspSWE-0002026-05-29_1,JOHANKARLSSON,202609261751WAGLRNZJ,2026_25_sep_23,Citizen Science (ultrasonic) - shared
59~40306+18~07249_20260925_235804.wav,DEV_001_20260925_235804.wav,0,59.40306,18.07249,Phogri,Pholidoptera griseoaptera,Dark Bush-cricket,bush-cricket,0.99,,,25/09/2026,25/09/2026,23:58:04,ClassifEspSWE-0002026-05-29_1,JOHANKARLSSON,202609261751WAGLRNZJ,2026_25_sep_23,Citizen Science (ultrasonic) - shared
59~40306+18~07249_20260925_235810.wav,DEV_001_20260925_235810.wav,0,59.40306,18.07249,Phogri,Pholidoptera griseoaptera,Dark Bush-cricket,bush-cricket,0.99,,,25/09/2026,25/09/2026,23:58:10,ClassifEspSWE-0002026-05-29_1,JOHANKARLSSON,202609261751WAGLRNZJ,2026_25_sep_23,Citizen Science (ultrasonic) - shared
59~40306+18~07249_20260925_235817.wav,DEV_001_20260925_235817.wav,0,59.40306,18.07249,Phogri,Pholidoptera griseoaptera,Dark Bush-cricket,bush-cricket,0.98,,,25/09/2026,25/09/2026,23:58:17,ClassifEspSWE-0002026-05-29_1,JOHANKARLSSON,202609261751WAGLRNZJ,2026_25_sep_23,Citizen Science (ultrasonic) - shared
59~40306+18~07249_20260925_235825.wav,DEV_001_20260925_235825.wav,0,59.40306,18.07249,Phogri,Pholidoptera griseoaptera,Dark Bush-cricket,bush-cricket,0.94,,,25/09/2026,25/09/2026,23:58:25,ClassifEspSWE-0002026-05-29_1,JOHANKARLSSON,202609261751WAGLRNZJ,2026_25_sep_23,Citizen Science (ultrasonic) - shared
59~40306+18~07249_20260925_235832.wav,DEV_001_20260925_235832.wav,0,59.40306,18.07249,Phogri,Pholidoptera griseoaptera,Dark Bush-cricket,bush-cricket,0.98,,,25/09/2026,25/09/2026,23:58:32,ClassifEspSWE-0002026-05-29_1,JOHANKARLSSON,202609261751WAGLRNZJ,2026_25_sep_23,Citizen Science (ultrasonic) - shared
59~40306+18~07249_20260925_235838.wav,DEV_001_20260925_235838.wav,0,59.40306,18.07249,Phogri,Pholidoptera griseoaptera,Dark Bush-cricket,bush-cricket,0.99,,,25/09/2026,25/09/2026,23:58:38,ClassifEspSWE-0002026-05-29_1,JOHANKARLSSON,202609261751WAGLRNZJ,2026_25_sep_23,Citizen Science (ultrasonic) - shared
59~40306+18~07249_20260925_235845.wav,DEV_001_20260925_235845.wav,0,59.40306,18.07249,Phogri,Pholidoptera griseoaptera,Dark Bush-cricket,bush-cricket,0.9,,,25/09/2026,25/09/2026,23:58:45,ClassifEspSWE-0002026-05-29_1,JOHANKARLSSON,202609261751WAGLRNZJ,2026_25_sep_23,Citizen Science (ultrasonic) - shared
59~40306+18~07249_20260925_235853.wav,DEV_001_20260925_235853.wav,0,59.40306,18.07249,Phogri,Pholidoptera griseoaptera,Dark Bush-cricket,bush-cricket,0.99,,,25/09/2026,25/09/2026,23:58:53,ClassifEspSWE-0002026-05-29_1,JOHANKARLSSON,202609261751WAGLRNZJ,2026_25_sep_23,Citizen Science (ultrasonic) - shared
59~40306+18~07249_20260925_235859.wav,DEV_001_20260925_235859.wav,0,59.40306,18.07249,Phogri,Pholidoptera griseoaptera,Dark Bush-cricket,bush-cricket,0.8,,,25/09/2026,25/09/2026,23:58:59,ClassifEspSWE-0002026-05-29_1,JOHANKARLSSON,202609261751WAGLRNZJ,2026_25_sep_23,Citizen Science (ultrasonic) - shared
59~40306+18~07249_20260925_235905.wav,DEV_001_20260925_235905.wav,0,59.40306,18.07249,Phogri,Pholidoptera griseoaptera,Dark Bush-cricket,bush-cricket,0.98,,,25/09/2026,25/09/2026,23:59:05,ClassifEspSWE-0002026-05-29_1,JOHANKARLSSON,202609261751WAGLRNZJ,2026_25_sep_23,Citizen Science (ultrasonic) - shared
59~40306+18~07249_20260925_235911.wav,DEV_001_20260925_235911.wav,0,59.40306,18.07249,Phogri,Pholidoptera griseoaptera,Dark Bush-cricket,bush-cricket,0.93,,,25/09/2026,25/09/2026,23:59:11,ClassifEspSWE-0002026-05-29_1,JOHANKARLSSON,202609261751WAGLRNZJ,2026_25_sep_23,Citizen Science (ultrasonic) - shared
59~40306+18~07249_20260925_235916.wav,DEV_001_20260925_235916.wav,0,59.40306,18.07249,Phogri,Pholidoptera griseoaptera,Dark Bush-cricket,bush-cricket,0.94,,,25/09/2026,25/09/2026,23:59:16,ClassifEspSWE-0002026-05-29_1,JOHANKARLSSON,202609261751WAGLRNZJ,2026_25_sep_23,Citizen Science (ultrasonic) - shared
59~40306+18~07249_20260925_235922.wav,DEV_001_20260925_235922.wav,0,59.40306,18.07249,Phogri,Pholidoptera griseoaptera,Dark Bush-cricket,bush-cricket,0.97,,,25/09/2026,25/09/2026,23:59:22,ClassifEspSWE-0002026-05-29_1,JOHANKARLSSON,202609261751WAGLRNZJ,2026_25_sep_23,Citizen Science (ultrasonic) - shared
59~40306+18~07249_20260925_235927.wav,DEV_001_20260925_235927.wav,0,59.40306,18.07249,Phogri,Pholidoptera griseoaptera,Dark Bush-cricket,bush-cricket,0.98,,,25/09/2026,25/09/2026,23:59:27,ClassifEspSWE-0002026-05-29_1,JOHANKARLSSON,202609261751WAGLRNZJ,2026_25_sep_23,Citizen Science (ultrasonic) - shared
59~40306+18~07249_20260925_235935.wav,DEV_001_20260925_235935.wav,0,59.40306,18.07249,Phogri,Pholidoptera griseoaptera,Dark Bush-cricket,bush-cricket,0.99,,,25/09/2026,25/09/2026,23:59:35,ClassifEspSWE-0002026-05-29_1,JOHANKARLSSON,202609261751WAGLRNZJ,2026_25_sep_23,Citizen Science (ultrasonic) - shared
59~40306+18~07249_20260925_235942.wav,DEV_001_20260925_235942.wav,0,59.40306,18.07249,Phogri,Pholidoptera griseoaptera,Dark Bush-cricket,bush-cricket,0.98,,,25/09/2026,25/09/2026,23:59:42,ClassifEspSWE-0002026-05-29_1,JOHANKARLSSON,202609261751WAGLRNZJ,2026_25_sep_23,Citizen Science (ultrasonic) - shared
59~40306+18~07249_20260925_235947.wav,DEV_001_20260925_235947.wav,0,59.40306,18.07249,Phogri,Pholidoptera griseoaptera,Dark Bush-cricket,bush-cricket,0.97,,,25/09/2026,25/09/2026,23:59:47,ClassifEspSWE-0002026-05-29_1,JOHANKARLSSON,202609261751WAGLRNZJ,2026_25_sep_23,Citizen Science (ultrasonic) - shared
59~40306+18~07249_20260925_235954.wav,DEV_001_20260925_235954.wav,0,59.40306,18.07249,Phogri,Pholidoptera griseoaptera,Dark Bush-cricket,bush-cricket,0.92,,,25/09/2026,25/09/2026,23:59:54,ClassifEspSWE-0002026-05-29_1,JOHANKARLSSON,202609261751WAGLRNZJ,2026_25_sep_23,Citizen Science (ultrasonic) - shared
59~40306+18~07249_20260925_235959.wav,DEV_001_20260925_235959.wav,0,59.40306,18.07249,Phogri,Pholidoptera griseoaptera,Dark Bush-cricket,bush-cricket,0.95,,,25/09/2026,25/09/2026,23:59:59,ClassifEspSWE-0002026-05-29_1,JOHANKARLSSON,202609261751WAGLRNZJ,2026_25_sep_23,Citizen Science (ultrasonic) - shared