RECORDING FILE NAME,ORIGINAL FILE NAME,ORIGINAL FILE PART,LATITUDE,LONGITUDE,SPECIES,SCIENTIFIC NAME,ENGLISH NAME,SPECIES GROUP,PROBABILITY,WARNINGS,CALL TYPE,ACTUAL DATE,SURVEY DATE,TIME,CLASSIFIER NAME,USER ID,UPLOAD KEY,BATCH NAME,PROJECT NAME
59~40306+18~07249_20260926_031908.wav,DEV_001_20260926_031908.wav,0,59.40306,18.07249,Myobra,Myotis brandtii,Brandt's Bat,bat,0.83,,echolocation,26/09/2026,25/09/2026,03:19:08,ClassifEspSWE-0002026-05-29_1,JOHANKARLSSON,20260926175329TA9EA1,2026_26_sep_03,Citizen Science (ultrasonic) - shared
59~40306+18~07249_20260926_031923.wav,DEV_001_20260926_031923.wav,0,59.40306,18.07249,Vesmur,Vespertilio murinus,Parti-coloured Bat,bat,0.12,Low confidence,echolocation,26/09/2026,25/09/2026,03:19:23,ClassifEspSWE-0002026-05-29_1,JOHANKARLSSON,20260926175329TA9EA1,2026_26_sep_03,Citizen Science (ultrasonic) - shared
59~40306+18~07249_20260926_033312.wav,DEV_001_20260926_033312.wav,0,59.40306,18.07249,bird,Aves sp.,Unidentified bird,bird,0.16,Low confidence,,26/09/2026,25/09/2026,03:33:12,ClassifEspSWE-0002026-05-29_1,JOHANKARLSSON,20260926175329TA9EA1,2026_26_sep_03,Citizen Science (ultrasonic) - shared
59~40306+18~07249_20260926_030005.wav,DEV_001_20260926_030005.wav,0,59.40306,18.07249,Leppun,Leptophyes punctatissima,Speckled Bush-cricket,bush-cricket,0.99,,,26/09/2026,25/09/2026,03:00:05,ClassifEspSWE-0002026-05-29_1,JOHANKARLSSON,20260926175329TA9EA1,2026_26_sep_03,Citizen Science (ultrasonic) - shared
59~40306+18~07249_20260926_030013.wav,DEV_001_20260926_030013.wav,0,59.40306,18.07249,Leppun,Leptophyes punctatissima,Speckled Bush-cricket,bush-cricket,0.99,,,26/09/2026,25/09/2026,03:00:13,ClassifEspSWE-0002026-05-29_1,JOHANKARLSSON,20260926175329TA9EA1,2026_26_sep_03,Citizen Science (ultrasonic) - shared
59~40306+18~07249_20260926_030020.wav,DEV_001_20260926_030020.wav,0,59.40306,18.07249,Leppun,Leptophyes punctatissima,Speckled Bush-cricket,bush-cricket,0.99,,,26/09/2026,25/09/2026,03:00:20,ClassifEspSWE-0002026-05-29_1,JOHANKARLSSON,20260926175329TA9EA1,2026_26_sep_03,Citizen Science (ultrasonic) - shared
59~40306+18~07249_20260926_030027.wav,DEV_001_20260926_030027.wav,0,59.40306,18.07249,Leppun,Leptophyes punctatissima,Speckled Bush-cricket,bush-cricket,0.99,,,26/09/2026,25/09/2026,03:00:27,ClassifEspSWE-0002026-05-29_1,JOHANKARLSSON,20260926175329TA9EA1,2026_26_sep_03,Citizen Science (ultrasonic) - shared
59~40306+18~07249_20260926_030036.wav,DEV_001_20260926_030036.wav,0,59.40306,18.07249,Leppun,Leptophyes punctatissima,Speckled Bush-cricket,bush-cricket,0.99,,,26/09/2026,25/09/2026,03:00:36,ClassifEspSWE-0002026-05-29_1,JOHANKARLSSON,20260926175329TA9EA1,2026_26_sep_03,Citizen Science (ultrasonic) - shared
59~40306+18~07249_20260926_030044.wav,DEV_001_20260926_030044.wav,0,59.40306,18.07249,Leppun,Leptophyes punctatissima,Speckled Bush-cricket,bush-cricket,0.99,,,26/09/2026,25/09/2026,03:00:44,ClassifEspSWE-0002026-05-29_1,JOHANKARLSSON,20260926175329TA9EA1,2026_26_sep_03,Citizen Science (ultrasonic) - shared
59~40306+18~07249_20260926_030051.wav,DEV_001_20260926_030051.wav,0,59.40306,18.07249,Leppun,Leptophyes punctatissima,Speckled Bush-cricket,bush-cricket,0.99,,,26/09/2026,25/09/2026,03:00:51,ClassifEspSWE-0002026-05-29_1,JOHANKARLSSON,20260926175329TA9EA1,2026_26_sep_03,Citizen Science (ultrasonic) - shared
59~40306+18~07249_20260926_030059.wav,DEV_001_20260926_030059.wav,0,59.40306,18.07249,Leppun,Leptophyes punctatissima,Speckled Bush-cricket,bush-cricket,0.99,,,26/09/2026,25/09/2026,03:00:59,ClassifEspSWE-0002026-05-29_1,JOHANKARLSSON,20260926175329TA9EA1,2026_26_sep_03,Citizen Science (ultrasonic) - shared
59~40306+18~07249_20260926_030108.wav,DEV_001_20260926_030108.wav,0,59.40306,18.07249,Leppun,Leptophyes punctatissima,Speckled Bush-cricket,bush-cricket,0.99,,,26/09/2026,25/09/2026,03:01:08,ClassifEspSWE-0002026-05-29_1,JOHANKARLSSON,20260926175329TA9EA1,2026_26_sep_03,Citizen Science (ultrasonic) - shared
59~40306+18~07249_20260926_030115.wav,DEV_001_20260926_030115.wav,0,59.40306,18.07249,Leppun,Leptophyes punctatissima,Speckled Bush-cricket,bush-cricket,0.99,,,26/09/2026,25/09/2026,03:01:15,ClassifEspSWE-0002026-05-29_1,JOHANKARLSSON,20260926175329TA9EA1,2026_26_sep_03,Citizen Science (ultrasonic) - shared
59~40306+18~07249_20260926_030124.wav,DEV_001_20260926_030124.wav,0,59.40306,18.07249,Leppun,Leptophyes punctatissima,Speckled Bush-cricket,bush-cricket,0.99,,,26/09/2026,25/09/2026,03:01:24,ClassifEspSWE-0002026-05-29_1,JOHANKARLSSON,20260926175329TA9EA1,2026_26_sep_03,Citizen Science (ultrasonic) - shared
59~40306+18~07249_20260926_030132.wav,DEV_001_20260926_030132.wav,0,59.40306,18.07249,Leppun,Leptophyes punctatissima,Speckled Bush-cricket,bush-cricket,0.99,,,26/09/2026,25/09/2026,03:01:32,ClassifEspSWE-0002026-05-29_1,JOHANKARLSSON,20260926175329TA9EA1,2026_26_sep_03,Citizen Science (ultrasonic) - shared
59~40306+18~07249_20260926_030148.wav,DEV_001_20260926_030148.wav,0,59.40306,18.07249,Leppun,Leptophyes punctatissima,Speckled Bush-cricket,bush-cricket,0.99,,,26/09/2026,25/09/2026,03:01:48,ClassifEspSWE-0002026-05-29_1,JOHANKARLSSON,20260926175329TA9EA1,2026_26_sep_03,Citizen Science (ultrasonic) - shared
59~40306+18~07249_20260926_030155.wav,DEV_001_20260926_030155.wav,0,59.40306,18.07249,Leppun,Leptophyes punctatissima,Speckled Bush-cricket,bush-cricket,0.99,,,26/09/2026,25/09/2026,03:01:55,ClassifEspSWE-0002026-05-29_1,JOHANKARLSSON,20260926175329TA9EA1,2026_26_sep_03,Citizen Science (ultrasonic) - shared
59~40306+18~07249_20260926_030200.wav,DEV_001_20260926_030200.wav,0,59.40306,18.07249,Leppun,Leptophyes punctatissima,Speckled Bush-cricket,bush-cricket,0.99,,,26/09/2026,25/09/2026,03:02:00,ClassifEspSWE-0002026-05-29_1,JOHANKARLSSON,20260926175329TA9EA1,2026_26_sep_03,Citizen Science (ultrasonic) - shared
59~40306+18~07249_20260926_030206.wav,DEV_001_20260926_030206.wav,0,59.40306,18.07249,Leppun,Leptophyes punctatissima,Speckled Bush-cricket,bush-cricket,0.99,,,26/09/2026,25/09/2026,03:02:06,ClassifEspSWE-0002026-05-29_1,JOHANKARLSSON,20260926175329TA9EA1,2026_26_sep_03,Citizen Science (ultrasonic) - shared
59~40306+18~07249_20260926_030212.wav,DEV_001_20260926_030212.wav,0,59.40306,18.07249,Leppun,Leptophyes punctatissima,Speckled Bush-cricket,bush-cricket,0.99,,,26/09/2026,25/09/2026,03:02:12,ClassifEspSWE-0002026-05-29_1,JOHANKARLSSON,20260926175329TA9EA1,2026_26_sep_03,Citizen Science (ultrasonic) - shared
59~40306+18~07249_20260926_030218.wav,DEV_001_20260926_030218.wav,0,59.40306,18.07249,Leppun,Leptophyes punctatissima,Speckled Bush-cricket,bush-cricket,0.99,,,26/09/2026,25/09/2026,03:02:18,ClassifEspSWE-0002026-05-29_1,JOHANKARLSSON,20260926175329TA9EA1,2026_26_sep_03,Citizen Science (ultrasonic) - shared
59~40306+18~07249_20260926_030225.wav,DEV_001_20260926_030225.wav,0,59.40306,18.07249,Leppun,Leptophyes punctatissima,Speckled Bush-cricket,bush-cricket,0.99,,,26/09/2026,25/09/2026,03:02:25,ClassifEspSWE-0002026-05-29_1,JOHANKARLSSON,20260926175329TA9EA1,2026_26_sep_03,Citizen Science (ultrasonic) - shared
59~40306+18~07249_20260926_030231.wav,DEV_001_20260926_030231.wav,0,59.40306,18.07249,Leppun,Leptophyes punctatissima,Speckled Bush-cricket,bush-cricket,0.99,,,26/09/2026,25/09/2026,03:02:31,ClassifEspSWE-0002026-05-29_1,JOHANKARLSSON,20260926175329TA9EA1,2026_26_sep_03,Citizen Science (ultrasonic) - shared
59~40306+18~07249_20260926_030237.wav,DEV_001_20260926_030237.wav,0,59.40306,18.07249,Leppun,Leptophyes punctatissima,Speckled Bush-cricket,bush-cricket,0.99,,,26/09/2026,25/09/2026,03:02:37,ClassifEspSWE-0002026-05-29_1,JOHANKARLSSON,20260926175329TA9EA1,2026_26_sep_03,Citizen Science (ultrasonic) - shared
59~40306+18~07249_20260926_030244.wav,DEV_001_20260926_030244.wav,0,59.40306,18.07249,Leppun,Leptophyes punctatissima,Speckled Bush-cricket,bush-cricket,0.99,,,26/09/2026,25/09/2026,03:02:44,ClassifEspSWE-0002026-05-29_1,JOHANKARLSSON,20260926175329TA9EA1,2026_26_sep_03,Citizen Science (ultrasonic) - shared
59~40306+18~07249_20260926_030253.wav,DEV_001_20260926_030253.wav,0,59.40306,18.07249,Leppun,Leptophyes punctatissima,Speckled Bush-cricket,bush-cricket,0.99,,,26/09/2026,25/09/2026,03:02:53,ClassifEspSWE-0002026-05-29_1,JOHANKARLSSON,20260926175329TA9EA1,2026_26_sep_03,Citizen Science (ultrasonic) - shared
59~40306+18~07249_20260926_030302.wav,DEV_001_20260926_030302.wav,0,59.40306,18.07249,Leppun,Leptophyes punctatissima,Speckled Bush-cricket,bush-cricket,0.99,,,26/09/2026,25/09/2026,03:03:02,ClassifEspSWE-0002026-05-29_1,JOHANKARLSSON,20260926175329TA9EA1,2026_26_sep_03,Citizen Science (ultrasonic) - shared
59~40306+18~07249_20260926_030308.wav,DEV_001_20260926_030308.wav,0,59.40306,18.07249,Leppun,Leptophyes punctatissima,Speckled Bush-cricket,bush-cricket,0.99,,,26/09/2026,25/09/2026,03:03:08,ClassifEspSWE-0002026-05-29_1,JOHANKARLSSON,20260926175329TA9EA1,2026_26_sep_03,Citizen Science (ultrasonic) - shared
59~40306+18~07249_20260926_030317.wav,DEV_001_20260926_030317.wav,0,59.40306,18.07249,Leppun,Leptophyes punctatissima,Speckled Bush-cricket,bush-cricket,0.99,,,26/09/2026,25/09/2026,03:03:17,ClassifEspSWE-0002026-05-29_1,JOHANKARLSSON,20260926175329TA9EA1,2026_26_sep_03,Citizen Science (ultrasonic) - shared
59~40306+18~07249_20260926_030326.wav,DEV_001_20260926_030326.wav,0,59.40306,18.07249,Leppun,Leptophyes punctatissima,Speckled Bush-cricket,bush-cricket,0.99,,,26/09/2026,25/09/2026,03:03:26,ClassifEspSWE-0002026-05-29_1,JOHANKARLSSON,20260926175329TA9EA1,2026_26_sep_03,Citizen Science (ultrasonic) - shared
59~40306+18~07249_20260926_030335.wav,DEV_001_20260926_030335.wav,0,59.40306,18.07249,Leppun,Leptophyes punctatissima,Speckled Bush-cricket,bush-cricket,0.99,,,26/09/2026,25/09/2026,03:03:35,ClassifEspSWE-0002026-05-29_1,JOHANKARLSSON,20260926175329TA9EA1,2026_26_sep_03,Citizen Science (ultrasonic) - shared
59~40306+18~07249_20260926_030343.wav,DEV_001_20260926_030343.wav,0,59.40306,18.07249,Leppun,Leptophyes punctatissima,Speckled Bush-cricket,bush-cricket,0.99,,,26/09/2026,25/09/2026,03:03:43,ClassifEspSWE-0002026-05-29_1,JOHANKARLSSON,20260926175329TA9EA1,2026_26_sep_03,Citizen Science (ultrasonic) - shared
59~40306+18~07249_20260926_030349.wav,DEV_001_20260926_030349.wav,0,59.40306,18.07249,Leppun,Leptophyes punctatissima,Speckled Bush-cricket,bush-cricket,0.99,,,26/09/2026,25/09/2026,03:03:49,ClassifEspSWE-0002026-05-29_1,JOHANKARLSSON,20260926175329TA9EA1,2026_26_sep_03,Citizen Science (ultrasonic) - shared
59~40306+18~07249_20260926_030358.wav,DEV_001_20260926_030358.wav,0,59.40306,18.07249,Leppun,Leptophyes punctatissima,Speckled Bush-cricket,bush-cricket,0.99,,,26/09/2026,25/09/2026,03:03:58,ClassifEspSWE-0002026-05-29_1,JOHANKARLSSON,20260926175329TA9EA1,2026_26_sep_03,Citizen Science (ultrasonic) - shared
59~40306+18~07249_20260926_030407.wav,DEV_001_20260926_030407.wav,0,59.40306,18.07249,Leppun,Leptophyes punctatissima,Speckled Bush-cricket,bush-cricket,0.99,,,26/09/2026,25/09/2026,03:04:07,ClassifEspSWE-0002026-05-29_1,JOHANKARLSSON,20260926175329TA9EA1,2026_26_sep_03,Citizen Science (ultrasonic) - shared
59~40306+18~07249_20260926_030417.wav,DEV_001_20260926_030417.wav,0,59.40306,18.07249,Leppun,Leptophyes punctatissima,Speckled Bush-cricket,bush-cricket,0.99,,,26/09/2026,25/09/2026,03:04:17,ClassifEspSWE-0002026-05-29_1,JOHANKARLSSON,20260926175329TA9EA1,2026_26_sep_03,Citizen Science (ultrasonic) - shared
59~40306+18~07249_20260926_030426.wav,DEV_001_20260926_030426.wav,0,59.40306,18.07249,Leppun,Leptophyes punctatissima,Speckled Bush-cricket,bush-cricket,0.99,,,26/09/2026,25/09/2026,03:04:26,ClassifEspSWE-0002026-05-29_1,JOHANKARLSSON,20260926175329TA9EA1,2026_26_sep_03,Citizen Science (ultrasonic) - shared
59~40306+18~07249_20260926_030434.wav,DEV_001_20260926_030434.wav,0,59.40306,18.07249,Leppun,Leptophyes punctatissima,Speckled Bush-cricket,bush-cricket,0.99,,,26/09/2026,25/09/2026,03:04:34,ClassifEspSWE-0002026-05-29_1,JOHANKARLSSON,20260926175329TA9EA1,2026_26_sep_03,Citizen Science (ultrasonic) - shared
59~40306+18~07249_20260926_030440.wav,DEV_001_20260926_030440.wav,0,59.40306,18.07249,Leppun,Leptophyes punctatissima,Speckled Bush-cricket,bush-cricket,0.99,,,26/09/2026,25/09/2026,03:04:40,ClassifEspSWE-0002026-05-29_1,JOHANKARLSSON,20260926175329TA9EA1,2026_26_sep_03,Citizen Science (ultrasonic) - shared
59~40306+18~07249_20260926_030449.wav,DEV_001_20260926_030449.wav,0,59.40306,18.07249,Leppun,Leptophyes punctatissima,Speckled Bush-cricket,bush-cricket,0.99,,,26/09/2026,25/09/2026,03:04:49,ClassifEspSWE-0002026-05-29_1,JOHANKARLSSON,20260926175329TA9EA1,2026_26_sep_03,Citizen Science (ultrasonic) - shared
59~40306+18~07249_20260926_030457.wav,DEV_001_20260926_030457.wav,0,59.40306,18.07249,Leppun,Leptophyes punctatissima,Speckled Bush-cricket,bush-cricket,0.99,,,26/09/2026,25/09/2026,03:04:57,ClassifEspSWE-0002026-05-29_1,JOHANKARLSSON,20260926175329TA9EA1,2026_26_sep_03,Citizen Science (ultrasonic) - shared
59~40306+18~07249_20260926_030502.wav,DEV_001_20260926_030502.wav,0,59.40306,18.07249,Leppun,Leptophyes punctatissima,Speckled Bush-cricket,bush-cricket,0.99,,,26/09/2026,25/09/2026,03:05:02,ClassifEspSWE-0002026-05-29_1,JOHANKARLSSON,20260926175329TA9EA1,2026_26_sep_03,Citizen Science (ultrasonic) - shared
59~40306+18~07249_20260926_030512.wav,DEV_001_20260926_030512.wav,0,59.40306,18.07249,Leppun,Leptophyes punctatissima,Speckled Bush-cricket,bush-cricket,0.99,,,26/09/2026,25/09/2026,03:05:12,ClassifEspSWE-0002026-05-29_1,JOHANKARLSSON,20260926175329TA9EA1,2026_26_sep_03,Citizen Science (ultrasonic) - shared
59~40306+18~07249_20260926_030521.wav,DEV_001_20260926_030521.wav,0,59.40306,18.07249,Leppun,Leptophyes punctatissima,Speckled Bush-cricket,bush-cricket,0.99,,,26/09/2026,25/09/2026,03:05:21,ClassifEspSWE-0002026-05-29_1,JOHANKARLSSON,20260926175329TA9EA1,2026_26_sep_03,Citizen Science (ultrasonic) - shared
59~40306+18~07249_20260926_030530.wav,DEV_001_20260926_030530.wav,0,59.40306,18.07249,Leppun,Leptophyes punctatissima,Speckled Bush-cricket,bush-cricket,0.99,,,26/09/2026,25/09/2026,03:05:30,ClassifEspSWE-0002026-05-29_1,JOHANKARLSSON,20260926175329TA9EA1,2026_26_sep_03,Citizen Science (ultrasonic) - shared
59~40306+18~07249_20260926_030539.wav,DEV_001_20260926_030539.wav,0,59.40306,18.07249,Leppun,Leptophyes punctatissima,Speckled Bush-cricket,bush-cricket,0.99,,,26/09/2026,25/09/2026,03:05:39,ClassifEspSWE-0002026-05-29_1,JOHANKARLSSON,20260926175329TA9EA1,2026_26_sep_03,Citizen Science (ultrasonic) - shared
59~40306+18~07249_20260926_030547.wav,DEV_001_20260926_030547.wav,0,59.40306,18.07249,Leppun,Leptophyes punctatissima,Speckled Bush-cricket,bush-cricket,0.99,,,26/09/2026,25/09/2026,03:05:47,ClassifEspSWE-0002026-05-29_1,JOHANKARLSSON,20260926175329TA9EA1,2026_26_sep_03,Citizen Science (ultrasonic) - shared
59~40306+18~07249_20260926_030552.wav,DEV_001_20260926_030552.wav,0,59.40306,18.07249,Leppun,Leptophyes punctatissima,Speckled Bush-cricket,bush-cricket,0.99,,,26/09/2026,25/09/2026,03:05:52,ClassifEspSWE-0002026-05-29_1,JOHANKARLSSON,20260926175329TA9EA1,2026_26_sep_03,Citizen Science (ultrasonic) - shared
59~40306+18~07249_20260926_030603.wav,DEV_001_20260926_030603.wav,0,59.40306,18.07249,Leppun,Leptophyes punctatissima,Speckled Bush-cricket,bush-cricket,0.99,,,26/09/2026,25/09/2026,03:06:03,ClassifEspSWE-0002026-05-29_1,JOHANKARLSSON,20260926175329TA9EA1,2026_26_sep_03,Citizen Science (ultrasonic) - shared
59~40306+18~07249_20260926_030608.wav,DEV_001_20260926_030608.wav,0,59.40306,18.07249,Leppun,Leptophyes punctatissima,Speckled Bush-cricket,bush-cricket,0.99,,,26/09/2026,25/09/2026,03:06:08,ClassifEspSWE-0002026-05-29_1,JOHANKARLSSON,20260926175329TA9EA1,2026_26_sep_03,Citizen Science (ultrasonic) - shared
59~40306+18~07249_20260926_030616.wav,DEV_001_20260926_030616.wav,0,59.40306,18.07249,Leppun,Leptophyes punctatissima,Speckled Bush-cricket,bush-cricket,0.99,,,26/09/2026,25/09/2026,03:06:16,ClassifEspSWE-0002026-05-29_1,JOHANKARLSSON,20260926175329TA9EA1,2026_26_sep_03,Citizen Science (ultrasonic) - shared
59~40306+18~07249_20260926_030623.wav,DEV_001_20260926_030623.wav,0,59.40306,18.07249,Leppun,Leptophyes punctatissima,Speckled Bush-cricket,bush-cricket,0.99,,,26/09/2026,25/09/2026,03:06:23,ClassifEspSWE-0002026-05-29_1,JOHANKARLSSON,20260926175329TA9EA1,2026_26_sep_03,Citizen Science (ultrasonic) - shared
59~40306+18~07249_20260926_030631.wav,DEV_001_20260926_030631.wav,0,59.40306,18.07249,Leppun,Leptophyes punctatissima,Speckled Bush-cricket,bush-cricket,0.99,,,26/09/2026,25/09/2026,03:06:31,ClassifEspSWE-0002026-05-29_1,JOHANKARLSSON,20260926175329TA9EA1,2026_26_sep_03,Citizen Science (ultrasonic) - shared
59~40306+18~07249_20260926_030638.wav,DEV_001_20260926_030638.wav,0,59.40306,18.07249,Leppun,Leptophyes punctatissima,Speckled Bush-cricket,bush-cricket,0.99,,,26/09/2026,25/09/2026,03:06:38,ClassifEspSWE-0002026-05-29_1,JOHANKARLSSON,20260926175329TA9EA1,2026_26_sep_03,Citizen Science (ultrasonic) - shared
59~40306+18~07249_20260926_030646.wav,DEV_001_20260926_030646.wav,0,59.40306,18.07249,Leppun,Leptophyes punctatissima,Speckled Bush-cricket,bush-cricket,0.99,,,26/09/2026,25/09/2026,03:06:46,ClassifEspSWE-0002026-05-29_1,JOHANKARLSSON,20260926175329TA9EA1,2026_26_sep_03,Citizen Science (ultrasonic) - shared
59~40306+18~07249_20260926_030651.wav,DEV_001_20260926_030651.wav,0,59.40306,18.07249,Leppun,Leptophyes punctatissima,Speckled Bush-cricket,bush-cricket,0.99,,,26/09/2026,25/09/2026,03:06:51,ClassifEspSWE-0002026-05-29_1,JOHANKARLSSON,20260926175329TA9EA1,2026_26_sep_03,Citizen Science (ultrasonic) - shared
59~40306+18~07249_20260926_030702.wav,DEV_001_20260926_030702.wav,0,59.40306,18.07249,Leppun,Leptophyes punctatissima,Speckled Bush-cricket,bush-cricket,0.99,,,26/09/2026,25/09/2026,03:07:02,ClassifEspSWE-0002026-05-29_1,JOHANKARLSSON,20260926175329TA9EA1,2026_26_sep_03,Citizen Science (ultrasonic) - shared
59~40306+18~07249_20260926_030711.wav,DEV_001_20260926_030711.wav,0,59.40306,18.07249,Leppun,Leptophyes punctatissima,Speckled Bush-cricket,bush-cricket,0.99,,,26/09/2026,25/09/2026,03:07:11,ClassifEspSWE-0002026-05-29_1,JOHANKARLSSON,20260926175329TA9EA1,2026_26_sep_03,Citizen Science (ultrasonic) - shared
59~40306+18~07249_20260926_030716.wav,DEV_001_20260926_030716.wav,0,59.40306,18.07249,Leppun,Leptophyes punctatissima,Speckled Bush-cricket,bush-cricket,0.99,,,26/09/2026,25/09/2026,03:07:16,ClassifEspSWE-0002026-05-29_1,JOHANKARLSSON,20260926175329TA9EA1,2026_26_sep_03,Citizen Science (ultrasonic) - shared
59~40306+18~07249_20260926_030725.wav,DEV_001_20260926_030725.wav,0,59.40306,18.07249,Leppun,Leptophyes punctatissima,Speckled Bush-cricket,bush-cricket,0.99,,,26/09/2026,25/09/2026,03:07:25,ClassifEspSWE-0002026-05-29_1,JOHANKARLSSON,20260926175329TA9EA1,2026_26_sep_03,Citizen Science (ultrasonic) - shared
59~40306+18~07249_20260926_030731.wav,DEV_001_20260926_030731.wav,0,59.40306,18.07249,Leppun,Leptophyes punctatissima,Speckled Bush-cricket,bush-cricket,0.99,,,26/09/2026,25/09/2026,03:07:31,ClassifEspSWE-0002026-05-29_1,JOHANKARLSSON,20260926175329TA9EA1,2026_26_sep_03,Citizen Science (ultrasonic) - shared
59~40306+18~07249_20260926_030736.wav,DEV_001_20260926_030736.wav,0,59.40306,18.07249,Leppun,Leptophyes punctatissima,Speckled Bush-cricket,bush-cricket,0.99,,,26/09/2026,25/09/2026,03:07:36,ClassifEspSWE-0002026-05-29_1,JOHANKARLSSON,20260926175329TA9EA1,2026_26_sep_03,Citizen Science (ultrasonic) - shared
59~40306+18~07249_20260926_030742.wav,DEV_001_20260926_030742.wav,0,59.40306,18.07249,Leppun,Leptophyes punctatissima,Speckled Bush-cricket,bush-cricket,0.99,,,26/09/2026,25/09/2026,03:07:42,ClassifEspSWE-0002026-05-29_1,JOHANKARLSSON,20260926175329TA9EA1,2026_26_sep_03,Citizen Science (ultrasonic) - shared
59~40306+18~07249_20260926_030747.wav,DEV_001_20260926_030747.wav,0,59.40306,18.07249,Leppun,Leptophyes punctatissima,Speckled Bush-cricket,bush-cricket,0.99,,,26/09/2026,25/09/2026,03:07:47,ClassifEspSWE-0002026-05-29_1,JOHANKARLSSON,20260926175329TA9EA1,2026_26_sep_03,Citizen Science (ultrasonic) - shared
59~40306+18~07249_20260926_030754.wav,DEV_001_20260926_030754.wav,0,59.40306,18.07249,Leppun,Leptophyes punctatissima,Speckled Bush-cricket,bush-cricket,0.99,,,26/09/2026,25/09/2026,03:07:54,ClassifEspSWE-0002026-05-29_1,JOHANKARLSSON,20260926175329TA9EA1,2026_26_sep_03,Citizen Science (ultrasonic) - shared
59~40306+18~07249_20260926_030800.wav,DEV_001_20260926_030800.wav,0,59.40306,18.07249,Leppun,Leptophyes punctatissima,Speckled Bush-cricket,bush-cricket,0.99,,,26/09/2026,25/09/2026,03:08:00,ClassifEspSWE-0002026-05-29_1,JOHANKARLSSON,20260926175329TA9EA1,2026_26_sep_03,Citizen Science (ultrasonic) - shared
59~40306+18~07249_20260926_030806.wav,DEV_001_20260926_030806.wav,0,59.40306,18.07249,Leppun,Leptophyes punctatissima,Speckled Bush-cricket,bush-cricket,0.99,,,26/09/2026,25/09/2026,03:08:06,ClassifEspSWE-0002026-05-29_1,JOHANKARLSSON,20260926175329TA9EA1,2026_26_sep_03,Citizen Science (ultrasonic) - shared
59~40306+18~07249_20260926_030815.wav,DEV_001_20260926_030815.wav,0,59.40306,18.07249,Leppun,Leptophyes punctatissima,Speckled Bush-cricket,bush-cricket,0.99,,,26/09/2026,25/09/2026,03:08:15,ClassifEspSWE-0002026-05-29_1,JOHANKARLSSON,20260926175329TA9EA1,2026_26_sep_03,Citizen Science (ultrasonic) - shared
59~40306+18~07249_20260926_030824.wav,DEV_001_20260926_030824.wav,0,59.40306,18.07249,Leppun,Leptophyes punctatissima,Speckled Bush-cricket,bush-cricket,0.99,,,26/09/2026,25/09/2026,03:08:24,ClassifEspSWE-0002026-05-29_1,JOHANKARLSSON,20260926175329TA9EA1,2026_26_sep_03,Citizen Science (ultrasonic) - shared
59~40306+18~07249_20260926_030829.wav,DEV_001_20260926_030829.wav,0,59.40306,18.07249,Leppun,Leptophyes punctatissima,Speckled Bush-cricket,bush-cricket,0.99,,,26/09/2026,25/09/2026,03:08:29,ClassifEspSWE-0002026-05-29_1,JOHANKARLSSON,20260926175329TA9EA1,2026_26_sep_03,Citizen Science (ultrasonic) - shared
59~40306+18~07249_20260926_030837.wav,DEV_001_20260926_030837.wav,0,59.40306,18.07249,Leppun,Leptophyes punctatissima,Speckled Bush-cricket,bush-cricket,0.99,,,26/09/2026,25/09/2026,03:08:37,ClassifEspSWE-0002026-05-29_1,JOHANKARLSSON,20260926175329TA9EA1,2026_26_sep_03,Citizen Science (ultrasonic) - shared
59~40306+18~07249_20260926_030843.wav,DEV_001_20260926_030843.wav,0,59.40306,18.07249,Leppun,Leptophyes punctatissima,Speckled Bush-cricket,bush-cricket,0.99,,,26/09/2026,25/09/2026,03:08:43,ClassifEspSWE-0002026-05-29_1,JOHANKARLSSON,20260926175329TA9EA1,2026_26_sep_03,Citizen Science (ultrasonic) - shared
59~40306+18~07249_20260926_030854.wav,DEV_001_20260926_030854.wav,0,59.40306,18.07249,Leppun,Leptophyes punctatissima,Speckled Bush-cricket,bush-cricket,0.99,,,26/09/2026,25/09/2026,03:08:54,ClassifEspSWE-0002026-05-29_1,JOHANKARLSSON,20260926175329TA9EA1,2026_26_sep_03,Citizen Science (ultrasonic) - shared
59~40306+18~07249_20260926_030859.wav,DEV_001_20260926_030859.wav,0,59.40306,18.07249,Leppun,Leptophyes punctatissima,Speckled Bush-cricket,bush-cricket,0.99,,,26/09/2026,25/09/2026,03:08:59,ClassifEspSWE-0002026-05-29_1,JOHANKARLSSON,20260926175329TA9EA1,2026_26_sep_03,Citizen Science (ultrasonic) - shared
59~40306+18~07249_20260926_030907.wav,DEV_001_20260926_030907.wav,0,59.40306,18.07249,Leppun,Leptophyes punctatissima,Speckled Bush-cricket,bush-cricket,0.99,,,26/09/2026,25/09/2026,03:09:07,ClassifEspSWE-0002026-05-29_1,JOHANKARLSSON,20260926175329TA9EA1,2026_26_sep_03,Citizen Science (ultrasonic) - shared
59~40306+18~07249_20260926_030916.wav,DEV_001_20260926_030916.wav,0,59.40306,18.07249,Leppun,Leptophyes punctatissima,Speckled Bush-cricket,bush-cricket,0.99,,,26/09/2026,25/09/2026,03:09:16,ClassifEspSWE-0002026-05-29_1,JOHANKARLSSON,20260926175329TA9EA1,2026_26_sep_03,Citizen Science (ultrasonic) - shared
59~40306+18~07249_20260926_030922.wav,DEV_001_20260926_030922.wav,0,59.40306,18.07249,Leppun,Leptophyes punctatissima,Speckled Bush-cricket,bush-cricket,0.99,,,26/09/2026,25/09/2026,03:09:22,ClassifEspSWE-0002026-05-29_1,JOHANKARLSSON,20260926175329TA9EA1,2026_26_sep_03,Citizen Science (ultrasonic) - shared
59~40306+18~07249_20260926_030927.wav,DEV_001_20260926_030927.wav,0,59.40306,18.07249,Leppun,Leptophyes punctatissima,Speckled Bush-cricket,bush-cricket,0.99,,,26/09/2026,25/09/2026,03:09:27,ClassifEspSWE-0002026-05-29_1,JOHANKARLSSON,20260926175329TA9EA1,2026_26_sep_03,Citizen Science (ultrasonic) - shared
59~40306+18~07249_20260926_030934.wav,DEV_001_20260926_030934.wav,0,59.40306,18.07249,Leppun,Leptophyes punctatissima,Speckled Bush-cricket,bush-cricket,0.99,,,26/09/2026,25/09/2026,03:09:34,ClassifEspSWE-0002026-05-29_1,JOHANKARLSSON,20260926175329TA9EA1,2026_26_sep_03,Citizen Science (ultrasonic) - shared
59~40306+18~07249_20260926_030944.wav,DEV_001_20260926_030944.wav,0,59.40306,18.07249,Leppun,Leptophyes punctatissima,Speckled Bush-cricket,bush-cricket,0.99,,,26/09/2026,25/09/2026,03:09:44,ClassifEspSWE-0002026-05-29_1,JOHANKARLSSON,20260926175329TA9EA1,2026_26_sep_03,Citizen Science (ultrasonic) - shared
59~40306+18~07249_20260926_030952.wav,DEV_001_20260926_030952.wav,0,59.40306,18.07249,Leppun,Leptophyes punctatissima,Speckled Bush-cricket,bush-cricket,0.99,,,26/09/2026,25/09/2026,03:09:52,ClassifEspSWE-0002026-05-29_1,JOHANKARLSSON,20260926175329TA9EA1,2026_26_sep_03,Citizen Science (ultrasonic) - shared
59~40306+18~07249_20260926_030959.wav,DEV_001_20260926_030959.wav,0,59.40306,18.07249,Leppun,Leptophyes punctatissima,Speckled Bush-cricket,bush-cricket,0.99,,,26/09/2026,25/09/2026,03:09:59,ClassifEspSWE-0002026-05-29_1,JOHANKARLSSON,20260926175329TA9EA1,2026_26_sep_03,Citizen Science (ultrasonic) - shared
59~40306+18~07249_20260926_031006.wav,DEV_001_20260926_031006.wav,0,59.40306,18.07249,Leppun,Leptophyes punctatissima,Speckled Bush-cricket,bush-cricket,0.99,,,26/09/2026,25/09/2026,03:10:06,ClassifEspSWE-0002026-05-29_1,JOHANKARLSSON,20260926175329TA9EA1,2026_26_sep_03,Citizen Science (ultrasonic) - shared
59~40306+18~07249_20260926_031013.wav,DEV_001_20260926_031013.wav,0,59.40306,18.07249,Leppun,Leptophyes punctatissima,Speckled Bush-cricket,bush-cricket,0.99,,,26/09/2026,25/09/2026,03:10:13,ClassifEspSWE-0002026-05-29_1,JOHANKARLSSON,20260926175329TA9EA1,2026_26_sep_03,Citizen Science (ultrasonic) - shared
59~40306+18~07249_20260926_031021.wav,DEV_001_20260926_031021.wav,0,59.40306,18.07249,Leppun,Leptophyes punctatissima,Speckled Bush-cricket,bush-cricket,0.99,,,26/09/2026,25/09/2026,03:10:21,ClassifEspSWE-0002026-05-29_1,JOHANKARLSSON,20260926175329TA9EA1,2026_26_sep_03,Citizen Science (ultrasonic) - shared
59~40306+18~07249_20260926_031030.wav,DEV_001_20260926_031030.wav,0,59.40306,18.07249,Leppun,Leptophyes punctatissima,Speckled Bush-cricket,bush-cricket,0.99,,,26/09/2026,25/09/2026,03:10:30,ClassifEspSWE-0002026-05-29_1,JOHANKARLSSON,20260926175329TA9EA1,2026_26_sep_03,Citizen Science (ultrasonic) - shared
59~40306+18~07249_20260926_031036.wav,DEV_001_20260926_031036.wav,0,59.40306,18.07249,Leppun,Leptophyes punctatissima,Speckled Bush-cricket,bush-cricket,0.99,,,26/09/2026,25/09/2026,03:10:36,ClassifEspSWE-0002026-05-29_1,JOHANKARLSSON,20260926175329TA9EA1,2026_26_sep_03,Citizen Science (ultrasonic) - shared
59~40306+18~07249_20260926_031047.wav,DEV_001_20260926_031047.wav,0,59.40306,18.07249,Leppun,Leptophyes punctatissima,Speckled Bush-cricket,bush-cricket,0.99,,,26/09/2026,25/09/2026,03:10:47,ClassifEspSWE-0002026-05-29_1,JOHANKARLSSON,20260926175329TA9EA1,2026_26_sep_03,Citizen Science (ultrasonic) - shared
59~40306+18~07249_20260926_031052.wav,DEV_001_20260926_031052.wav,0,59.40306,18.07249,Leppun,Leptophyes punctatissima,Speckled Bush-cricket,bush-cricket,0.99,,,26/09/2026,25/09/2026,03:10:52,ClassifEspSWE-0002026-05-29_1,JOHANKARLSSON,20260926175329TA9EA1,2026_26_sep_03,Citizen Science (ultrasonic) - shared
59~40306+18~07249_20260926_031106.wav,DEV_001_20260926_031106.wav,0,59.40306,18.07249,Leppun,Leptophyes punctatissima,Speckled Bush-cricket,bush-cricket,0.99,,,26/09/2026,25/09/2026,03:11:06,ClassifEspSWE-0002026-05-29_1,JOHANKARLSSON,20260926175329TA9EA1,2026_26_sep_03,Citizen Science (ultrasonic) - shared
59~40306+18~07249_20260926_031116.wav,DEV_001_20260926_031116.wav,0,59.40306,18.07249,Leppun,Leptophyes punctatissima,Speckled Bush-cricket,bush-cricket,0.99,,,26/09/2026,25/09/2026,03:11:16,ClassifEspSWE-0002026-05-29_1,JOHANKARLSSON,20260926175329TA9EA1,2026_26_sep_03,Citizen Science (ultrasonic) - shared
59~40306+18~07249_20260926_031135.wav,DEV_001_20260926_031135.wav,0,59.40306,18.07249,Leppun,Leptophyes punctatissima,Speckled Bush-cricket,bush-cricket,0.99,,,26/09/2026,25/09/2026,03:11:35,ClassifEspSWE-0002026-05-29_1,JOHANKARLSSON,20260926175329TA9EA1,2026_26_sep_03,Citizen Science (ultrasonic) - shared
59~40306+18~07249_20260926_031147.wav,DEV_001_20260926_031147.wav,0,59.40306,18.07249,Leppun,Leptophyes punctatissima,Speckled Bush-cricket,bush-cricket,0.99,,,26/09/2026,25/09/2026,03:11:47,ClassifEspSWE-0002026-05-29_1,JOHANKARLSSON,20260926175329TA9EA1,2026_26_sep_03,Citizen Science (ultrasonic) - shared
59~40306+18~07249_20260926_031158.wav,DEV_001_20260926_031158.wav,0,59.40306,18.07249,Leppun,Leptophyes punctatissima,Speckled Bush-cricket,bush-cricket,0.99,,,26/09/2026,25/09/2026,03:11:58,ClassifEspSWE-0002026-05-29_1,JOHANKARLSSON,20260926175329TA9EA1,2026_26_sep_03,Citizen Science (ultrasonic) - shared
59~40306+18~07249_20260926_031212.wav,DEV_001_20260926_031212.wav,0,59.40306,18.07249,Leppun,Leptophyes punctatissima,Speckled Bush-cricket,bush-cricket,0.99,,,26/09/2026,25/09/2026,03:12:12,ClassifEspSWE-0002026-05-29_1,JOHANKARLSSON,20260926175329TA9EA1,2026_26_sep_03,Citizen Science (ultrasonic) - shared
59~40306+18~07249_20260926_031225.wav,DEV_001_20260926_031225.wav,0,59.40306,18.07249,Leppun,Leptophyes punctatissima,Speckled Bush-cricket,bush-cricket,0.99,,,26/09/2026,25/09/2026,03:12:25,ClassifEspSWE-0002026-05-29_1,JOHANKARLSSON,20260926175329TA9EA1,2026_26_sep_03,Citizen Science (ultrasonic) - shared
59~40306+18~07249_20260926_031241.wav,DEV_001_20260926_031241.wav,0,59.40306,18.07249,Leppun,Leptophyes punctatissima,Speckled Bush-cricket,bush-cricket,0.99,,,26/09/2026,25/09/2026,03:12:41,ClassifEspSWE-0002026-05-29_1,JOHANKARLSSON,20260926175329TA9EA1,2026_26_sep_03,Citizen Science (ultrasonic) - shared
59~40306+18~07249_20260926_031303.wav,DEV_001_20260926_031303.wav,0,59.40306,18.07249,Leppun,Leptophyes punctatissima,Speckled Bush-cricket,bush-cricket,0.99,,,26/09/2026,25/09/2026,03:13:03,ClassifEspSWE-0002026-05-29_1,JOHANKARLSSON,20260926175329TA9EA1,2026_26_sep_03,Citizen Science (ultrasonic) - shared
59~40306+18~07249_20260926_031330.wav,DEV_001_20260926_031330.wav,0,59.40306,18.07249,Leppun,Leptophyes punctatissima,Speckled Bush-cricket,bush-cricket,0.99,,,26/09/2026,25/09/2026,03:13:30,ClassifEspSWE-0002026-05-29_1,JOHANKARLSSON,20260926175329TA9EA1,2026_26_sep_03,Citizen Science (ultrasonic) - shared
59~40306+18~07249_20260926_031337.wav,DEV_001_20260926_031337.wav,0,59.40306,18.07249,Leppun,Leptophyes punctatissima,Speckled Bush-cricket,bush-cricket,0.99,,,26/09/2026,25/09/2026,03:13:37,ClassifEspSWE-0002026-05-29_1,JOHANKARLSSON,20260926175329TA9EA1,2026_26_sep_03,Citizen Science (ultrasonic) - shared
59~40306+18~07249_20260926_031347.wav,DEV_001_20260926_031347.wav,0,59.40306,18.07249,Leppun,Leptophyes punctatissima,Speckled Bush-cricket,bush-cricket,0.99,,,26/09/2026,25/09/2026,03:13:47,ClassifEspSWE-0002026-05-29_1,JOHANKARLSSON,20260926175329TA9EA1,2026_26_sep_03,Citizen Science (ultrasonic) - shared
59~40306+18~07249_20260926_031357.wav,DEV_001_20260926_031357.wav,0,59.40306,18.07249,Leppun,Leptophyes punctatissima,Speckled Bush-cricket,bush-cricket,0.99,,,26/09/2026,25/09/2026,03:13:57,ClassifEspSWE-0002026-05-29_1,JOHANKARLSSON,20260926175329TA9EA1,2026_26_sep_03,Citizen Science (ultrasonic) - shared
59~40306+18~07249_20260926_031407.wav,DEV_001_20260926_031407.wav,0,59.40306,18.07249,Leppun,Leptophyes punctatissima,Speckled Bush-cricket,bush-cricket,0.99,,,26/09/2026,25/09/2026,03:14:07,ClassifEspSWE-0002026-05-29_1,JOHANKARLSSON,20260926175329TA9EA1,2026_26_sep_03,Citizen Science (ultrasonic) - shared
59~40306+18~07249_20260926_031413.wav,DEV_001_20260926_031413.wav,0,59.40306,18.07249,Leppun,Leptophyes punctatissima,Speckled Bush-cricket,bush-cricket,0.99,,,26/09/2026,25/09/2026,03:14:13,ClassifEspSWE-0002026-05-29_1,JOHANKARLSSON,20260926175329TA9EA1,2026_26_sep_03,Citizen Science (ultrasonic) - shared
59~40306+18~07249_20260926_031436.wav,DEV_001_20260926_031436.wav,0,59.40306,18.07249,Leppun,Leptophyes punctatissima,Speckled Bush-cricket,bush-cricket,0.99,,,26/09/2026,25/09/2026,03:14:36,ClassifEspSWE-0002026-05-29_1,JOHANKARLSSON,20260926175329TA9EA1,2026_26_sep_03,Citizen Science (ultrasonic) - shared
59~40306+18~07249_20260926_031447.wav,DEV_001_20260926_031447.wav,0,59.40306,18.07249,Leppun,Leptophyes punctatissima,Speckled Bush-cricket,bush-cricket,0.99,,,26/09/2026,25/09/2026,03:14:47,ClassifEspSWE-0002026-05-29_1,JOHANKARLSSON,20260926175329TA9EA1,2026_26_sep_03,Citizen Science (ultrasonic) - shared
59~40306+18~07249_20260926_031452.wav,DEV_001_20260926_031452.wav,0,59.40306,18.07249,Leppun,Leptophyes punctatissima,Speckled Bush-cricket,bush-cricket,0.99,,,26/09/2026,25/09/2026,03:14:52,ClassifEspSWE-0002026-05-29_1,JOHANKARLSSON,20260926175329TA9EA1,2026_26_sep_03,Citizen Science (ultrasonic) - shared
59~40306+18~07249_20260926_031458.wav,DEV_001_20260926_031458.wav,0,59.40306,18.07249,Leppun,Leptophyes punctatissima,Speckled Bush-cricket,bush-cricket,0.99,,,26/09/2026,25/09/2026,03:14:58,ClassifEspSWE-0002026-05-29_1,JOHANKARLSSON,20260926175329TA9EA1,2026_26_sep_03,Citizen Science (ultrasonic) - shared
59~40306+18~07249_20260926_031504.wav,DEV_001_20260926_031504.wav,0,59.40306,18.07249,Leppun,Leptophyes punctatissima,Speckled Bush-cricket,bush-cricket,0.99,,,26/09/2026,25/09/2026,03:15:04,ClassifEspSWE-0002026-05-29_1,JOHANKARLSSON,20260926175329TA9EA1,2026_26_sep_03,Citizen Science (ultrasonic) - shared
59~40306+18~07249_20260926_031514.wav,DEV_001_20260926_031514.wav,0,59.40306,18.07249,Leppun,Leptophyes punctatissima,Speckled Bush-cricket,bush-cricket,0.99,,,26/09/2026,25/09/2026,03:15:14,ClassifEspSWE-0002026-05-29_1,JOHANKARLSSON,20260926175329TA9EA1,2026_26_sep_03,Citizen Science (ultrasonic) - shared
59~40306+18~07249_20260926_031521.wav,DEV_001_20260926_031521.wav,0,59.40306,18.07249,Leppun,Leptophyes punctatissima,Speckled Bush-cricket,bush-cricket,0.99,,,26/09/2026,25/09/2026,03:15:21,ClassifEspSWE-0002026-05-29_1,JOHANKARLSSON,20260926175329TA9EA1,2026_26_sep_03,Citizen Science (ultrasonic) - shared
59~40306+18~07249_20260926_031532.wav,DEV_001_20260926_031532.wav,0,59.40306,18.07249,Leppun,Leptophyes punctatissima,Speckled Bush-cricket,bush-cricket,0.99,,,26/09/2026,25/09/2026,03:15:32,ClassifEspSWE-0002026-05-29_1,JOHANKARLSSON,20260926175329TA9EA1,2026_26_sep_03,Citizen Science (ultrasonic) - shared
59~40306+18~07249_20260926_031539.wav,DEV_001_20260926_031539.wav,0,59.40306,18.07249,Leppun,Leptophyes punctatissima,Speckled Bush-cricket,bush-cricket,0.99,,,26/09/2026,25/09/2026,03:15:39,ClassifEspSWE-0002026-05-29_1,JOHANKARLSSON,20260926175329TA9EA1,2026_26_sep_03,Citizen Science (ultrasonic) - shared
59~40306+18~07249_20260926_031545.wav,DEV_001_20260926_031545.wav,0,59.40306,18.07249,Leppun,Leptophyes punctatissima,Speckled Bush-cricket,bush-cricket,0.99,,,26/09/2026,25/09/2026,03:15:45,ClassifEspSWE-0002026-05-29_1,JOHANKARLSSON,20260926175329TA9EA1,2026_26_sep_03,Citizen Science (ultrasonic) - shared
59~40306+18~07249_20260926_031552.wav,DEV_001_20260926_031552.wav,0,59.40306,18.07249,Leppun,Leptophyes punctatissima,Speckled Bush-cricket,bush-cricket,0.99,,,26/09/2026,25/09/2026,03:15:52,ClassifEspSWE-0002026-05-29_1,JOHANKARLSSON,20260926175329TA9EA1,2026_26_sep_03,Citizen Science (ultrasonic) - shared
59~40306+18~07249_20260926_031558.wav,DEV_001_20260926_031558.wav,0,59.40306,18.07249,Leppun,Leptophyes punctatissima,Speckled Bush-cricket,bush-cricket,0.99,,,26/09/2026,25/09/2026,03:15:58,ClassifEspSWE-0002026-05-29_1,JOHANKARLSSON,20260926175329TA9EA1,2026_26_sep_03,Citizen Science (ultrasonic) - shared
59~40306+18~07249_20260926_031603.wav,DEV_001_20260926_031603.wav,0,59.40306,18.07249,Leppun,Leptophyes punctatissima,Speckled Bush-cricket,bush-cricket,0.99,,,26/09/2026,25/09/2026,03:16:03,ClassifEspSWE-0002026-05-29_1,JOHANKARLSSON,20260926175329TA9EA1,2026_26_sep_03,Citizen Science (ultrasonic) - shared
59~40306+18~07249_20260926_031609.wav,DEV_001_20260926_031609.wav,0,59.40306,18.07249,Leppun,Leptophyes punctatissima,Speckled Bush-cricket,bush-cricket,0.99,,,26/09/2026,25/09/2026,03:16:09,ClassifEspSWE-0002026-05-29_1,JOHANKARLSSON,20260926175329TA9EA1,2026_26_sep_03,Citizen Science (ultrasonic) - shared
59~40306+18~07249_20260926_031618.wav,DEV_001_20260926_031618.wav,0,59.40306,18.07249,Leppun,Leptophyes punctatissima,Speckled Bush-cricket,bush-cricket,0.99,,,26/09/2026,25/09/2026,03:16:18,ClassifEspSWE-0002026-05-29_1,JOHANKARLSSON,20260926175329TA9EA1,2026_26_sep_03,Citizen Science (ultrasonic) - shared
59~40306+18~07249_20260926_031628.wav,DEV_001_20260926_031628.wav,0,59.40306,18.07249,Leppun,Leptophyes punctatissima,Speckled Bush-cricket,bush-cricket,0.99,,,26/09/2026,25/09/2026,03:16:28,ClassifEspSWE-0002026-05-29_1,JOHANKARLSSON,20260926175329TA9EA1,2026_26_sep_03,Citizen Science (ultrasonic) - shared
59~40306+18~07249_20260926_031633.wav,DEV_001_20260926_031633.wav,0,59.40306,18.07249,Leppun,Leptophyes punctatissima,Speckled Bush-cricket,bush-cricket,0.99,,,26/09/2026,25/09/2026,03:16:33,ClassifEspSWE-0002026-05-29_1,JOHANKARLSSON,20260926175329TA9EA1,2026_26_sep_03,Citizen Science (ultrasonic) - shared
59~40306+18~07249_20260926_031639.wav,DEV_001_20260926_031639.wav,0,59.40306,18.07249,Leppun,Leptophyes punctatissima,Speckled Bush-cricket,bush-cricket,0.99,,,26/09/2026,25/09/2026,03:16:39,ClassifEspSWE-0002026-05-29_1,JOHANKARLSSON,20260926175329TA9EA1,2026_26_sep_03,Citizen Science (ultrasonic) - shared
59~40306+18~07249_20260926_031647.wav,DEV_001_20260926_031647.wav,0,59.40306,18.07249,Leppun,Leptophyes punctatissima,Speckled Bush-cricket,bush-cricket,0.99,,,26/09/2026,25/09/2026,03:16:47,ClassifEspSWE-0002026-05-29_1,JOHANKARLSSON,20260926175329TA9EA1,2026_26_sep_03,Citizen Science (ultrasonic) - shared
59~40306+18~07249_20260926_031656.wav,DEV_001_20260926_031656.wav,0,59.40306,18.07249,Leppun,Leptophyes punctatissima,Speckled Bush-cricket,bush-cricket,0.99,,,26/09/2026,25/09/2026,03:16:56,ClassifEspSWE-0002026-05-29_1,JOHANKARLSSON,20260926175329TA9EA1,2026_26_sep_03,Citizen Science (ultrasonic) - shared
59~40306+18~07249_20260926_031703.wav,DEV_001_20260926_031703.wav,0,59.40306,18.07249,Leppun,Leptophyes punctatissima,Speckled Bush-cricket,bush-cricket,0.99,,,26/09/2026,25/09/2026,03:17:03,ClassifEspSWE-0002026-05-29_1,JOHANKARLSSON,20260926175329TA9EA1,2026_26_sep_03,Citizen Science (ultrasonic) - shared
59~40306+18~07249_20260926_031710.wav,DEV_001_20260926_031710.wav,0,59.40306,18.07249,Leppun,Leptophyes punctatissima,Speckled Bush-cricket,bush-cricket,0.99,,,26/09/2026,25/09/2026,03:17:10,ClassifEspSWE-0002026-05-29_1,JOHANKARLSSON,20260926175329TA9EA1,2026_26_sep_03,Citizen Science (ultrasonic) - shared
59~40306+18~07249_20260926_031717.wav,DEV_001_20260926_031717.wav,0,59.40306,18.07249,Leppun,Leptophyes punctatissima,Speckled Bush-cricket,bush-cricket,0.99,,,26/09/2026,25/09/2026,03:17:17,ClassifEspSWE-0002026-05-29_1,JOHANKARLSSON,20260926175329TA9EA1,2026_26_sep_03,Citizen Science (ultrasonic) - shared
59~40306+18~07249_20260926_031723.wav,DEV_001_20260926_031723.wav,0,59.40306,18.07249,Leppun,Leptophyes punctatissima,Speckled Bush-cricket,bush-cricket,0.99,,,26/09/2026,25/09/2026,03:17:23,ClassifEspSWE-0002026-05-29_1,JOHANKARLSSON,20260926175329TA9EA1,2026_26_sep_03,Citizen Science (ultrasonic) - shared
59~40306+18~07249_20260926_031731.wav,DEV_001_20260926_031731.wav,0,59.40306,18.07249,Leppun,Leptophyes punctatissima,Speckled Bush-cricket,bush-cricket,0.99,,,26/09/2026,25/09/2026,03:17:31,ClassifEspSWE-0002026-05-29_1,JOHANKARLSSON,20260926175329TA9EA1,2026_26_sep_03,Citizen Science (ultrasonic) - shared
59~40306+18~07249_20260926_031738.wav,DEV_001_20260926_031738.wav,0,59.40306,18.07249,Leppun,Leptophyes punctatissima,Speckled Bush-cricket,bush-cricket,0.99,,,26/09/2026,25/09/2026,03:17:38,ClassifEspSWE-0002026-05-29_1,JOHANKARLSSON,20260926175329TA9EA1,2026_26_sep_03,Citizen Science (ultrasonic) - shared
59~40306+18~07249_20260926_031745.wav,DEV_001_20260926_031745.wav,0,59.40306,18.07249,Leppun,Leptophyes punctatissima,Speckled Bush-cricket,bush-cricket,0.99,,,26/09/2026,25/09/2026,03:17:45,ClassifEspSWE-0002026-05-29_1,JOHANKARLSSON,20260926175329TA9EA1,2026_26_sep_03,Citizen Science (ultrasonic) - shared
59~40306+18~07249_20260926_031752.wav,DEV_001_20260926_031752.wav,0,59.40306,18.07249,Leppun,Leptophyes punctatissima,Speckled Bush-cricket,bush-cricket,0.99,,,26/09/2026,25/09/2026,03:17:52,ClassifEspSWE-0002026-05-29_1,JOHANKARLSSON,20260926175329TA9EA1,2026_26_sep_03,Citizen Science (ultrasonic) - shared
59~40306+18~07249_20260926_031759.wav,DEV_001_20260926_031759.wav,0,59.40306,18.07249,Leppun,Leptophyes punctatissima,Speckled Bush-cricket,bush-cricket,0.99,,,26/09/2026,25/09/2026,03:17:59,ClassifEspSWE-0002026-05-29_1,JOHANKARLSSON,20260926175329TA9EA1,2026_26_sep_03,Citizen Science (ultrasonic) - shared
59~40306+18~07249_20260926_031806.wav,DEV_001_20260926_031806.wav,0,59.40306,18.07249,Leppun,Leptophyes punctatissima,Speckled Bush-cricket,bush-cricket,0.99,,,26/09/2026,25/09/2026,03:18:06,ClassifEspSWE-0002026-05-29_1,JOHANKARLSSON,20260926175329TA9EA1,2026_26_sep_03,Citizen Science (ultrasonic) - shared
59~40306+18~07249_20260926_031813.wav,DEV_001_20260926_031813.wav,0,59.40306,18.07249,Leppun,Leptophyes punctatissima,Speckled Bush-cricket,bush-cricket,0.99,,,26/09/2026,25/09/2026,03:18:13,ClassifEspSWE-0002026-05-29_1,JOHANKARLSSON,20260926175329TA9EA1,2026_26_sep_03,Citizen Science (ultrasonic) - shared
59~40306+18~07249_20260926_031823.wav,DEV_001_20260926_031823.wav,0,59.40306,18.07249,Leppun,Leptophyes punctatissima,Speckled Bush-cricket,bush-cricket,0.99,,,26/09/2026,25/09/2026,03:18:23,ClassifEspSWE-0002026-05-29_1,JOHANKARLSSON,20260926175329TA9EA1,2026_26_sep_03,Citizen Science (ultrasonic) - shared
59~40306+18~07249_20260926_031831.wav,DEV_001_20260926_031831.wav,0,59.40306,18.07249,Leppun,Leptophyes punctatissima,Speckled Bush-cricket,bush-cricket,0.99,,,26/09/2026,25/09/2026,03:18:31,ClassifEspSWE-0002026-05-29_1,JOHANKARLSSON,20260926175329TA9EA1,2026_26_sep_03,Citizen Science (ultrasonic) - shared
59~40306+18~07249_20260926_031838.wav,DEV_001_20260926_031838.wav,0,59.40306,18.07249,Leppun,Leptophyes punctatissima,Speckled Bush-cricket,bush-cricket,0.99,,,26/09/2026,25/09/2026,03:18:38,ClassifEspSWE-0002026-05-29_1,JOHANKARLSSON,20260926175329TA9EA1,2026_26_sep_03,Citizen Science (ultrasonic) - shared
59~40306+18~07249_20260926_031848.wav,DEV_001_20260926_031848.wav,0,59.40306,18.07249,Leppun,Leptophyes punctatissima,Speckled Bush-cricket,bush-cricket,0.99,,,26/09/2026,25/09/2026,03:18:48,ClassifEspSWE-0002026-05-29_1,JOHANKARLSSON,20260926175329TA9EA1,2026_26_sep_03,Citizen Science (ultrasonic) - shared
59~40306+18~07249_20260926_031854.wav,DEV_001_20260926_031854.wav,0,59.40306,18.07249,Leppun,Leptophyes punctatissima,Speckled Bush-cricket,bush-cricket,0.99,,,26/09/2026,25/09/2026,03:18:54,ClassifEspSWE-0002026-05-29_1,JOHANKARLSSON,20260926175329TA9EA1,2026_26_sep_03,Citizen Science (ultrasonic) - shared
59~40306+18~07249_20260926_031902.wav,DEV_001_20260926_031902.wav,0,59.40306,18.07249,Leppun,Leptophyes punctatissima,Speckled Bush-cricket,bush-cricket,0.99,,,26/09/2026,25/09/2026,03:19:02,ClassifEspSWE-0002026-05-29_1,JOHANKARLSSON,20260926175329TA9EA1,2026_26_sep_03,Citizen Science (ultrasonic) - shared
59~40306+18~07249_20260926_031908.wav,DEV_001_20260926_031908.wav,0,59.40306,18.07249,Leppun,Leptophyes punctatissima,Speckled Bush-cricket,bush-cricket,0.99,,,26/09/2026,25/09/2026,03:19:08,ClassifEspSWE-0002026-05-29_1,JOHANKARLSSON,20260926175329TA9EA1,2026_26_sep_03,Citizen Science (ultrasonic) - shared
59~40306+18~07249_20260926_031916.wav,DEV_001_20260926_031916.wav,0,59.40306,18.07249,Leppun,Leptophyes punctatissima,Speckled Bush-cricket,bush-cricket,0.99,,,26/09/2026,25/09/2026,03:19:16,ClassifEspSWE-0002026-05-29_1,JOHANKARLSSON,20260926175329TA9EA1,2026_26_sep_03,Citizen Science (ultrasonic) - shared
59~40306+18~07249_20260926_031923.wav,DEV_001_20260926_031923.wav,0,59.40306,18.07249,Leppun,Leptophyes punctatissima,Speckled Bush-cricket,bush-cricket,0.99,,,26/09/2026,25/09/2026,03:19:23,ClassifEspSWE-0002026-05-29_1,JOHANKARLSSON,20260926175329TA9EA1,2026_26_sep_03,Citizen Science (ultrasonic) - shared
59~40306+18~07249_20260926_031930.wav,DEV_001_20260926_031930.wav,0,59.40306,18.07249,Leppun,Leptophyes punctatissima,Speckled Bush-cricket,bush-cricket,0.99,,,26/09/2026,25/09/2026,03:19:30,ClassifEspSWE-0002026-05-29_1,JOHANKARLSSON,20260926175329TA9EA1,2026_26_sep_03,Citizen Science (ultrasonic) - shared
59~40306+18~07249_20260926_031940.wav,DEV_001_20260926_031940.wav,0,59.40306,18.07249,Leppun,Leptophyes punctatissima,Speckled Bush-cricket,bush-cricket,0.99,,,26/09/2026,25/09/2026,03:19:40,ClassifEspSWE-0002026-05-29_1,JOHANKARLSSON,20260926175329TA9EA1,2026_26_sep_03,Citizen Science (ultrasonic) - shared
59~40306+18~07249_20260926_031948.wav,DEV_001_20260926_031948.wav,0,59.40306,18.07249,Leppun,Leptophyes punctatissima,Speckled Bush-cricket,bush-cricket,0.99,,,26/09/2026,25/09/2026,03:19:48,ClassifEspSWE-0002026-05-29_1,JOHANKARLSSON,20260926175329TA9EA1,2026_26_sep_03,Citizen Science (ultrasonic) - shared
59~40306+18~07249_20260926_031957.wav,DEV_001_20260926_031957.wav,0,59.40306,18.07249,Leppun,Leptophyes punctatissima,Speckled Bush-cricket,bush-cricket,0.99,,,26/09/2026,25/09/2026,03:19:57,ClassifEspSWE-0002026-05-29_1,JOHANKARLSSON,20260926175329TA9EA1,2026_26_sep_03,Citizen Science (ultrasonic) - shared
59~40306+18~07249_20260926_032008.wav,DEV_001_20260926_032008.wav,0,59.40306,18.07249,Leppun,Leptophyes punctatissima,Speckled Bush-cricket,bush-cricket,0.99,,,26/09/2026,25/09/2026,03:20:08,ClassifEspSWE-0002026-05-29_1,JOHANKARLSSON,20260926175329TA9EA1,2026_26_sep_03,Citizen Science (ultrasonic) - shared
59~40306+18~07249_20260926_032014.wav,DEV_001_20260926_032014.wav,0,59.40306,18.07249,Leppun,Leptophyes punctatissima,Speckled Bush-cricket,bush-cricket,0.99,,,26/09/2026,25/09/2026,03:20:14,ClassifEspSWE-0002026-05-29_1,JOHANKARLSSON,20260926175329TA9EA1,2026_26_sep_03,Citizen Science (ultrasonic) - shared
59~40306+18~07249_20260926_032019.wav,DEV_001_20260926_032019.wav,0,59.40306,18.07249,Leppun,Leptophyes punctatissima,Speckled Bush-cricket,bush-cricket,0.99,,,26/09/2026,25/09/2026,03:20:19,ClassifEspSWE-0002026-05-29_1,JOHANKARLSSON,20260926175329TA9EA1,2026_26_sep_03,Citizen Science (ultrasonic) - shared
59~40306+18~07249_20260926_032028.wav,DEV_001_20260926_032028.wav,0,59.40306,18.07249,Leppun,Leptophyes punctatissima,Speckled Bush-cricket,bush-cricket,0.99,,,26/09/2026,25/09/2026,03:20:28,ClassifEspSWE-0002026-05-29_1,JOHANKARLSSON,20260926175329TA9EA1,2026_26_sep_03,Citizen Science (ultrasonic) - shared
59~40306+18~07249_20260926_032043.wav,DEV_001_20260926_032043.wav,0,59.40306,18.07249,Leppun,Leptophyes punctatissima,Speckled Bush-cricket,bush-cricket,0.99,,,26/09/2026,25/09/2026,03:20:43,ClassifEspSWE-0002026-05-29_1,JOHANKARLSSON,20260926175329TA9EA1,2026_26_sep_03,Citizen Science (ultrasonic) - shared
59~40306+18~07249_20260926_032049.wav,DEV_001_20260926_032049.wav,0,59.40306,18.07249,Leppun,Leptophyes punctatissima,Speckled Bush-cricket,bush-cricket,0.99,,,26/09/2026,25/09/2026,03:20:49,ClassifEspSWE-0002026-05-29_1,JOHANKARLSSON,20260926175329TA9EA1,2026_26_sep_03,Citizen Science (ultrasonic) - shared
59~40306+18~07249_20260926_032054.wav,DEV_001_20260926_032054.wav,0,59.40306,18.07249,Leppun,Leptophyes punctatissima,Speckled Bush-cricket,bush-cricket,0.99,,,26/09/2026,25/09/2026,03:20:54,ClassifEspSWE-0002026-05-29_1,JOHANKARLSSON,20260926175329TA9EA1,2026_26_sep_03,Citizen Science (ultrasonic) - shared
59~40306+18~07249_20260926_032100.wav,DEV_001_20260926_032100.wav,0,59.40306,18.07249,Leppun,Leptophyes punctatissima,Speckled Bush-cricket,bush-cricket,0.99,,,26/09/2026,25/09/2026,03:21:00,ClassifEspSWE-0002026-05-29_1,JOHANKARLSSON,20260926175329TA9EA1,2026_26_sep_03,Citizen Science (ultrasonic) - shared
59~40306+18~07249_20260926_032105.wav,DEV_001_20260926_032105.wav,0,59.40306,18.07249,Leppun,Leptophyes punctatissima,Speckled Bush-cricket,bush-cricket,0.99,,,26/09/2026,25/09/2026,03:21:05,ClassifEspSWE-0002026-05-29_1,JOHANKARLSSON,20260926175329TA9EA1,2026_26_sep_03,Citizen Science (ultrasonic) - shared
59~40306+18~07249_20260926_032113.wav,DEV_001_20260926_032113.wav,0,59.40306,18.07249,Leppun,Leptophyes punctatissima,Speckled Bush-cricket,bush-cricket,0.99,,,26/09/2026,25/09/2026,03:21:13,ClassifEspSWE-0002026-05-29_1,JOHANKARLSSON,20260926175329TA9EA1,2026_26_sep_03,Citizen Science (ultrasonic) - shared
59~40306+18~07249_20260926_032119.wav,DEV_001_20260926_032119.wav,0,59.40306,18.07249,Leppun,Leptophyes punctatissima,Speckled Bush-cricket,bush-cricket,0.99,,,26/09/2026,25/09/2026,03:21:19,ClassifEspSWE-0002026-05-29_1,JOHANKARLSSON,20260926175329TA9EA1,2026_26_sep_03,Citizen Science (ultrasonic) - shared
59~40306+18~07249_20260926_032126.wav,DEV_001_20260926_032126.wav,0,59.40306,18.07249,Leppun,Leptophyes punctatissima,Speckled Bush-cricket,bush-cricket,0.99,,,26/09/2026,25/09/2026,03:21:26,ClassifEspSWE-0002026-05-29_1,JOHANKARLSSON,20260926175329TA9EA1,2026_26_sep_03,Citizen Science (ultrasonic) - shared
59~40306+18~07249_20260926_032134.wav,DEV_001_20260926_032134.wav,0,59.40306,18.07249,Leppun,Leptophyes punctatissima,Speckled Bush-cricket,bush-cricket,0.99,,,26/09/2026,25/09/2026,03:21:34,ClassifEspSWE-0002026-05-29_1,JOHANKARLSSON,20260926175329TA9EA1,2026_26_sep_03,Citizen Science (ultrasonic) - shared
59~40306+18~07249_20260926_032146.wav,DEV_001_20260926_032146.wav,0,59.40306,18.07249,Leppun,Leptophyes punctatissima,Speckled Bush-cricket,bush-cricket,0.99,,,26/09/2026,25/09/2026,03:21:46,ClassifEspSWE-0002026-05-29_1,JOHANKARLSSON,20260926175329TA9EA1,2026_26_sep_03,Citizen Science (ultrasonic) - shared
59~40306+18~07249_20260926_032154.wav,DEV_001_20260926_032154.wav,0,59.40306,18.07249,Leppun,Leptophyes punctatissima,Speckled Bush-cricket,bush-cricket,0.99,,,26/09/2026,25/09/2026,03:21:54,ClassifEspSWE-0002026-05-29_1,JOHANKARLSSON,20260926175329TA9EA1,2026_26_sep_03,Citizen Science (ultrasonic) - shared
59~40306+18~07249_20260926_032205.wav,DEV_001_20260926_032205.wav,0,59.40306,18.07249,Leppun,Leptophyes punctatissima,Speckled Bush-cricket,bush-cricket,0.99,,,26/09/2026,25/09/2026,03:22:05,ClassifEspSWE-0002026-05-29_1,JOHANKARLSSON,20260926175329TA9EA1,2026_26_sep_03,Citizen Science (ultrasonic) - shared
59~40306+18~07249_20260926_032212.wav,DEV_001_20260926_032212.wav,0,59.40306,18.07249,Leppun,Leptophyes punctatissima,Speckled Bush-cricket,bush-cricket,0.99,,,26/09/2026,25/09/2026,03:22:12,ClassifEspSWE-0002026-05-29_1,JOHANKARLSSON,20260926175329TA9EA1,2026_26_sep_03,Citizen Science (ultrasonic) - shared
59~40306+18~07249_20260926_032221.wav,DEV_001_20260926_032221.wav,0,59.40306,18.07249,Leppun,Leptophyes punctatissima,Speckled Bush-cricket,bush-cricket,0.99,,,26/09/2026,25/09/2026,03:22:21,ClassifEspSWE-0002026-05-29_1,JOHANKARLSSON,20260926175329TA9EA1,2026_26_sep_03,Citizen Science (ultrasonic) - shared
59~40306+18~07249_20260926_032226.wav,DEV_001_20260926_032226.wav,0,59.40306,18.07249,Leppun,Leptophyes punctatissima,Speckled Bush-cricket,bush-cricket,0.99,,,26/09/2026,25/09/2026,03:22:26,ClassifEspSWE-0002026-05-29_1,JOHANKARLSSON,20260926175329TA9EA1,2026_26_sep_03,Citizen Science (ultrasonic) - shared
59~40306+18~07249_20260926_032232.wav,DEV_001_20260926_032232.wav,0,59.40306,18.07249,Leppun,Leptophyes punctatissima,Speckled Bush-cricket,bush-cricket,0.99,,,26/09/2026,25/09/2026,03:22:32,ClassifEspSWE-0002026-05-29_1,JOHANKARLSSON,20260926175329TA9EA1,2026_26_sep_03,Citizen Science (ultrasonic) - shared
59~40306+18~07249_20260926_032238.wav,DEV_001_20260926_032238.wav,0,59.40306,18.07249,Leppun,Leptophyes punctatissima,Speckled Bush-cricket,bush-cricket,0.99,,,26/09/2026,25/09/2026,03:22:38,ClassifEspSWE-0002026-05-29_1,JOHANKARLSSON,20260926175329TA9EA1,2026_26_sep_03,Citizen Science (ultrasonic) - shared
59~40306+18~07249_20260926_032244.wav,DEV_001_20260926_032244.wav,0,59.40306,18.07249,Leppun,Leptophyes punctatissima,Speckled Bush-cricket,bush-cricket,0.99,,,26/09/2026,25/09/2026,03:22:44,ClassifEspSWE-0002026-05-29_1,JOHANKARLSSON,20260926175329TA9EA1,2026_26_sep_03,Citizen Science (ultrasonic) - shared
59~40306+18~07249_20260926_032252.wav,DEV_001_20260926_032252.wav,0,59.40306,18.07249,Leppun,Leptophyes punctatissima,Speckled Bush-cricket,bush-cricket,0.99,,,26/09/2026,25/09/2026,03:22:52,ClassifEspSWE-0002026-05-29_1,JOHANKARLSSON,20260926175329TA9EA1,2026_26_sep_03,Citizen Science (ultrasonic) - shared
59~40306+18~07249_20260926_032300.wav,DEV_001_20260926_032300.wav,0,59.40306,18.07249,Leppun,Leptophyes punctatissima,Speckled Bush-cricket,bush-cricket,0.99,,,26/09/2026,25/09/2026,03:23:00,ClassifEspSWE-0002026-05-29_1,JOHANKARLSSON,20260926175329TA9EA1,2026_26_sep_03,Citizen Science (ultrasonic) - shared
59~40306+18~07249_20260926_032306.wav,DEV_001_20260926_032306.wav,0,59.40306,18.07249,Leppun,Leptophyes punctatissima,Speckled Bush-cricket,bush-cricket,0.99,,,26/09/2026,25/09/2026,03:23:06,ClassifEspSWE-0002026-05-29_1,JOHANKARLSSON,20260926175329TA9EA1,2026_26_sep_03,Citizen Science (ultrasonic) - shared
59~40306+18~07249_20260926_032312.wav,DEV_001_20260926_032312.wav,0,59.40306,18.07249,Leppun,Leptophyes punctatissima,Speckled Bush-cricket,bush-cricket,0.99,,,26/09/2026,25/09/2026,03:23:12,ClassifEspSWE-0002026-05-29_1,JOHANKARLSSON,20260926175329TA9EA1,2026_26_sep_03,Citizen Science (ultrasonic) - shared
59~40306+18~07249_20260926_032318.wav,DEV_001_20260926_032318.wav,0,59.40306,18.07249,Leppun,Leptophyes punctatissima,Speckled Bush-cricket,bush-cricket,0.99,,,26/09/2026,25/09/2026,03:23:18,ClassifEspSWE-0002026-05-29_1,JOHANKARLSSON,20260926175329TA9EA1,2026_26_sep_03,Citizen Science (ultrasonic) - shared
59~40306+18~07249_20260926_032325.wav,DEV_001_20260926_032325.wav,0,59.40306,18.07249,Leppun,Leptophyes punctatissima,Speckled Bush-cricket,bush-cricket,0.99,,,26/09/2026,25/09/2026,03:23:25,ClassifEspSWE-0002026-05-29_1,JOHANKARLSSON,20260926175329TA9EA1,2026_26_sep_03,Citizen Science (ultrasonic) - shared
59~40306+18~07249_20260926_032336.wav,DEV_001_20260926_032336.wav,0,59.40306,18.07249,Leppun,Leptophyes punctatissima,Speckled Bush-cricket,bush-cricket,0.99,,,26/09/2026,25/09/2026,03:23:36,ClassifEspSWE-0002026-05-29_1,JOHANKARLSSON,20260926175329TA9EA1,2026_26_sep_03,Citizen Science (ultrasonic) - shared
59~40306+18~07249_20260926_032344.wav,DEV_001_20260926_032344.wav,0,59.40306,18.07249,Leppun,Leptophyes punctatissima,Speckled Bush-cricket,bush-cricket,0.99,,,26/09/2026,25/09/2026,03:23:44,ClassifEspSWE-0002026-05-29_1,JOHANKARLSSON,20260926175329TA9EA1,2026_26_sep_03,Citizen Science (ultrasonic) - shared
59~40306+18~07249_20260926_032351.wav,DEV_001_20260926_032351.wav,0,59.40306,18.07249,Leppun,Leptophyes punctatissima,Speckled Bush-cricket,bush-cricket,0.99,,,26/09/2026,25/09/2026,03:23:51,ClassifEspSWE-0002026-05-29_1,JOHANKARLSSON,20260926175329TA9EA1,2026_26_sep_03,Citizen Science (ultrasonic) - shared
59~40306+18~07249_20260926_032358.wav,DEV_001_20260926_032358.wav,0,59.40306,18.07249,Leppun,Leptophyes punctatissima,Speckled Bush-cricket,bush-cricket,0.99,,,26/09/2026,25/09/2026,03:23:58,ClassifEspSWE-0002026-05-29_1,JOHANKARLSSON,20260926175329TA9EA1,2026_26_sep_03,Citizen Science (ultrasonic) - shared
59~40306+18~07249_20260926_032405.wav,DEV_001_20260926_032405.wav,0,59.40306,18.07249,Leppun,Leptophyes punctatissima,Speckled Bush-cricket,bush-cricket,0.99,,,26/09/2026,25/09/2026,03:24:05,ClassifEspSWE-0002026-05-29_1,JOHANKARLSSON,20260926175329TA9EA1,2026_26_sep_03,Citizen Science (ultrasonic) - shared
59~40306+18~07249_20260926_032413.wav,DEV_001_20260926_032413.wav,0,59.40306,18.07249,Leppun,Leptophyes punctatissima,Speckled Bush-cricket,bush-cricket,0.99,,,26/09/2026,25/09/2026,03:24:13,ClassifEspSWE-0002026-05-29_1,JOHANKARLSSON,20260926175329TA9EA1,2026_26_sep_03,Citizen Science (ultrasonic) - shared
59~40306+18~07249_20260926_032420.wav,DEV_001_20260926_032420.wav,0,59.40306,18.07249,Leppun,Leptophyes punctatissima,Speckled Bush-cricket,bush-cricket,0.99,,,26/09/2026,25/09/2026,03:24:20,ClassifEspSWE-0002026-05-29_1,JOHANKARLSSON,20260926175329TA9EA1,2026_26_sep_03,Citizen Science (ultrasonic) - shared
59~40306+18~07249_20260926_032428.wav,DEV_001_20260926_032428.wav,0,59.40306,18.07249,Leppun,Leptophyes punctatissima,Speckled Bush-cricket,bush-cricket,0.99,,,26/09/2026,25/09/2026,03:24:28,ClassifEspSWE-0002026-05-29_1,JOHANKARLSSON,20260926175329TA9EA1,2026_26_sep_03,Citizen Science (ultrasonic) - shared
59~40306+18~07249_20260926_032436.wav,DEV_001_20260926_032436.wav,0,59.40306,18.07249,Leppun,Leptophyes punctatissima,Speckled Bush-cricket,bush-cricket,0.99,,,26/09/2026,25/09/2026,03:24:36,ClassifEspSWE-0002026-05-29_1,JOHANKARLSSON,20260926175329TA9EA1,2026_26_sep_03,Citizen Science (ultrasonic) - shared
59~40306+18~07249_20260926_032441.wav,DEV_001_20260926_032441.wav,0,59.40306,18.07249,Leppun,Leptophyes punctatissima,Speckled Bush-cricket,bush-cricket,0.99,,,26/09/2026,25/09/2026,03:24:41,ClassifEspSWE-0002026-05-29_1,JOHANKARLSSON,20260926175329TA9EA1,2026_26_sep_03,Citizen Science (ultrasonic) - shared
59~40306+18~07249_20260926_032450.wav,DEV_001_20260926_032450.wav,0,59.40306,18.07249,Leppun,Leptophyes punctatissima,Speckled Bush-cricket,bush-cricket,0.99,,,26/09/2026,25/09/2026,03:24:50,ClassifEspSWE-0002026-05-29_1,JOHANKARLSSON,20260926175329TA9EA1,2026_26_sep_03,Citizen Science (ultrasonic) - shared
59~40306+18~07249_20260926_032456.wav,DEV_001_20260926_032456.wav,0,59.40306,18.07249,Leppun,Leptophyes punctatissima,Speckled Bush-cricket,bush-cricket,0.99,,,26/09/2026,25/09/2026,03:24:56,ClassifEspSWE-0002026-05-29_1,JOHANKARLSSON,20260926175329TA9EA1,2026_26_sep_03,Citizen Science (ultrasonic) - shared
59~40306+18~07249_20260926_032505.wav,DEV_001_20260926_032505.wav,0,59.40306,18.07249,Leppun,Leptophyes punctatissima,Speckled Bush-cricket,bush-cricket,0.99,,,26/09/2026,25/09/2026,03:25:05,ClassifEspSWE-0002026-05-29_1,JOHANKARLSSON,20260926175329TA9EA1,2026_26_sep_03,Citizen Science (ultrasonic) - shared
59~40306+18~07249_20260926_032510.wav,DEV_001_20260926_032510.wav,0,59.40306,18.07249,Leppun,Leptophyes punctatissima,Speckled Bush-cricket,bush-cricket,0.99,,,26/09/2026,25/09/2026,03:25:10,ClassifEspSWE-0002026-05-29_1,JOHANKARLSSON,20260926175329TA9EA1,2026_26_sep_03,Citizen Science (ultrasonic) - shared
59~40306+18~07249_20260926_032518.wav,DEV_001_20260926_032518.wav,0,59.40306,18.07249,Leppun,Leptophyes punctatissima,Speckled Bush-cricket,bush-cricket,0.99,,,26/09/2026,25/09/2026,03:25:18,ClassifEspSWE-0002026-05-29_1,JOHANKARLSSON,20260926175329TA9EA1,2026_26_sep_03,Citizen Science (ultrasonic) - shared
59~40306+18~07249_20260926_032527.wav,DEV_001_20260926_032527.wav,0,59.40306,18.07249,Leppun,Leptophyes punctatissima,Speckled Bush-cricket,bush-cricket,0.99,,,26/09/2026,25/09/2026,03:25:27,ClassifEspSWE-0002026-05-29_1,JOHANKARLSSON,20260926175329TA9EA1,2026_26_sep_03,Citizen Science (ultrasonic) - shared
59~40306+18~07249_20260926_032535.wav,DEV_001_20260926_032535.wav,0,59.40306,18.07249,Leppun,Leptophyes punctatissima,Speckled Bush-cricket,bush-cricket,0.99,,,26/09/2026,25/09/2026,03:25:35,ClassifEspSWE-0002026-05-29_1,JOHANKARLSSON,20260926175329TA9EA1,2026_26_sep_03,Citizen Science (ultrasonic) - shared
59~40306+18~07249_20260926_032542.wav,DEV_001_20260926_032542.wav,0,59.40306,18.07249,Leppun,Leptophyes punctatissima,Speckled Bush-cricket,bush-cricket,0.99,,,26/09/2026,25/09/2026,03:25:42,ClassifEspSWE-0002026-05-29_1,JOHANKARLSSON,20260926175329TA9EA1,2026_26_sep_03,Citizen Science (ultrasonic) - shared
59~40306+18~07249_20260926_032550.wav,DEV_001_20260926_032550.wav,0,59.40306,18.07249,Leppun,Leptophyes punctatissima,Speckled Bush-cricket,bush-cricket,0.99,,,26/09/2026,25/09/2026,03:25:50,ClassifEspSWE-0002026-05-29_1,JOHANKARLSSON,20260926175329TA9EA1,2026_26_sep_03,Citizen Science (ultrasonic) - shared
59~40306+18~07249_20260926_032557.wav,DEV_001_20260926_032557.wav,0,59.40306,18.07249,Leppun,Leptophyes punctatissima,Speckled Bush-cricket,bush-cricket,0.99,,,26/09/2026,25/09/2026,03:25:57,ClassifEspSWE-0002026-05-29_1,JOHANKARLSSON,20260926175329TA9EA1,2026_26_sep_03,Citizen Science (ultrasonic) - shared
59~40306+18~07249_20260926_032605.wav,DEV_001_20260926_032605.wav,0,59.40306,18.07249,Leppun,Leptophyes punctatissima,Speckled Bush-cricket,bush-cricket,0.99,,,26/09/2026,25/09/2026,03:26:05,ClassifEspSWE-0002026-05-29_1,JOHANKARLSSON,20260926175329TA9EA1,2026_26_sep_03,Citizen Science (ultrasonic) - shared
59~40306+18~07249_20260926_032613.wav,DEV_001_20260926_032613.wav,0,59.40306,18.07249,Leppun,Leptophyes punctatissima,Speckled Bush-cricket,bush-cricket,0.99,,,26/09/2026,25/09/2026,03:26:13,ClassifEspSWE-0002026-05-29_1,JOHANKARLSSON,20260926175329TA9EA1,2026_26_sep_03,Citizen Science (ultrasonic) - shared
59~40306+18~07249_20260926_032620.wav,DEV_001_20260926_032620.wav,0,59.40306,18.07249,Leppun,Leptophyes punctatissima,Speckled Bush-cricket,bush-cricket,0.99,,,26/09/2026,25/09/2026,03:26:20,ClassifEspSWE-0002026-05-29_1,JOHANKARLSSON,20260926175329TA9EA1,2026_26_sep_03,Citizen Science (ultrasonic) - shared
59~40306+18~07249_20260926_032629.wav,DEV_001_20260926_032629.wav,0,59.40306,18.07249,Leppun,Leptophyes punctatissima,Speckled Bush-cricket,bush-cricket,0.99,,,26/09/2026,25/09/2026,03:26:29,ClassifEspSWE-0002026-05-29_1,JOHANKARLSSON,20260926175329TA9EA1,2026_26_sep_03,Citizen Science (ultrasonic) - shared
59~40306+18~07249_20260926_032635.wav,DEV_001_20260926_032635.wav,0,59.40306,18.07249,Leppun,Leptophyes punctatissima,Speckled Bush-cricket,bush-cricket,0.99,,,26/09/2026,25/09/2026,03:26:35,ClassifEspSWE-0002026-05-29_1,JOHANKARLSSON,20260926175329TA9EA1,2026_26_sep_03,Citizen Science (ultrasonic) - shared
59~40306+18~07249_20260926_032643.wav,DEV_001_20260926_032643.wav,0,59.40306,18.07249,Leppun,Leptophyes punctatissima,Speckled Bush-cricket,bush-cricket,0.99,,,26/09/2026,25/09/2026,03:26:43,ClassifEspSWE-0002026-05-29_1,JOHANKARLSSON,20260926175329TA9EA1,2026_26_sep_03,Citizen Science (ultrasonic) - shared
59~40306+18~07249_20260926_032651.wav,DEV_001_20260926_032651.wav,0,59.40306,18.07249,Leppun,Leptophyes punctatissima,Speckled Bush-cricket,bush-cricket,0.99,,,26/09/2026,25/09/2026,03:26:51,ClassifEspSWE-0002026-05-29_1,JOHANKARLSSON,20260926175329TA9EA1,2026_26_sep_03,Citizen Science (ultrasonic) - shared
59~40306+18~07249_20260926_032659.wav,DEV_001_20260926_032659.wav,0,59.40306,18.07249,Leppun,Leptophyes punctatissima,Speckled Bush-cricket,bush-cricket,0.99,,,26/09/2026,25/09/2026,03:26:59,ClassifEspSWE-0002026-05-29_1,JOHANKARLSSON,20260926175329TA9EA1,2026_26_sep_03,Citizen Science (ultrasonic) - shared
59~40306+18~07249_20260926_032708.wav,DEV_001_20260926_032708.wav,0,59.40306,18.07249,Leppun,Leptophyes punctatissima,Speckled Bush-cricket,bush-cricket,0.99,,,26/09/2026,25/09/2026,03:27:08,ClassifEspSWE-0002026-05-29_1,JOHANKARLSSON,20260926175329TA9EA1,2026_26_sep_03,Citizen Science (ultrasonic) - shared
59~40306+18~07249_20260926_032716.wav,DEV_001_20260926_032716.wav,0,59.40306,18.07249,Leppun,Leptophyes punctatissima,Speckled Bush-cricket,bush-cricket,0.99,,,26/09/2026,25/09/2026,03:27:16,ClassifEspSWE-0002026-05-29_1,JOHANKARLSSON,20260926175329TA9EA1,2026_26_sep_03,Citizen Science (ultrasonic) - shared
59~40306+18~07249_20260926_032726.wav,DEV_001_20260926_032726.wav,0,59.40306,18.07249,Leppun,Leptophyes punctatissima,Speckled Bush-cricket,bush-cricket,0.99,,,26/09/2026,25/09/2026,03:27:26,ClassifEspSWE-0002026-05-29_1,JOHANKARLSSON,20260926175329TA9EA1,2026_26_sep_03,Citizen Science (ultrasonic) - shared
59~40306+18~07249_20260926_032735.wav,DEV_001_20260926_032735.wav,0,59.40306,18.07249,Leppun,Leptophyes punctatissima,Speckled Bush-cricket,bush-cricket,0.99,,,26/09/2026,25/09/2026,03:27:35,ClassifEspSWE-0002026-05-29_1,JOHANKARLSSON,20260926175329TA9EA1,2026_26_sep_03,Citizen Science (ultrasonic) - shared
59~40306+18~07249_20260926_032742.wav,DEV_001_20260926_032742.wav,0,59.40306,18.07249,Leppun,Leptophyes punctatissima,Speckled Bush-cricket,bush-cricket,0.99,,,26/09/2026,25/09/2026,03:27:42,ClassifEspSWE-0002026-05-29_1,JOHANKARLSSON,20260926175329TA9EA1,2026_26_sep_03,Citizen Science (ultrasonic) - shared
59~40306+18~07249_20260926_032750.wav,DEV_001_20260926_032750.wav,0,59.40306,18.07249,Leppun,Leptophyes punctatissima,Speckled Bush-cricket,bush-cricket,0.99,,,26/09/2026,25/09/2026,03:27:50,ClassifEspSWE-0002026-05-29_1,JOHANKARLSSON,20260926175329TA9EA1,2026_26_sep_03,Citizen Science (ultrasonic) - shared
59~40306+18~07249_20260926_032757.wav,DEV_001_20260926_032757.wav,0,59.40306,18.07249,Leppun,Leptophyes punctatissima,Speckled Bush-cricket,bush-cricket,0.99,,,26/09/2026,25/09/2026,03:27:57,ClassifEspSWE-0002026-05-29_1,JOHANKARLSSON,20260926175329TA9EA1,2026_26_sep_03,Citizen Science (ultrasonic) - shared
59~40306+18~07249_20260926_032805.wav,DEV_001_20260926_032805.wav,0,59.40306,18.07249,Leppun,Leptophyes punctatissima,Speckled Bush-cricket,bush-cricket,0.99,,,26/09/2026,25/09/2026,03:28:05,ClassifEspSWE-0002026-05-29_1,JOHANKARLSSON,20260926175329TA9EA1,2026_26_sep_03,Citizen Science (ultrasonic) - shared
59~40306+18~07249_20260926_032812.wav,DEV_001_20260926_032812.wav,0,59.40306,18.07249,Leppun,Leptophyes punctatissima,Speckled Bush-cricket,bush-cricket,0.99,,,26/09/2026,25/09/2026,03:28:12,ClassifEspSWE-0002026-05-29_1,JOHANKARLSSON,20260926175329TA9EA1,2026_26_sep_03,Citizen Science (ultrasonic) - shared
59~40306+18~07249_20260926_032820.wav,DEV_001_20260926_032820.wav,0,59.40306,18.07249,Leppun,Leptophyes punctatissima,Speckled Bush-cricket,bush-cricket,0.99,,,26/09/2026,25/09/2026,03:28:20,ClassifEspSWE-0002026-05-29_1,JOHANKARLSSON,20260926175329TA9EA1,2026_26_sep_03,Citizen Science (ultrasonic) - shared
59~40306+18~07249_20260926_032828.wav,DEV_001_20260926_032828.wav,0,59.40306,18.07249,Leppun,Leptophyes punctatissima,Speckled Bush-cricket,bush-cricket,0.99,,,26/09/2026,25/09/2026,03:28:28,ClassifEspSWE-0002026-05-29_1,JOHANKARLSSON,20260926175329TA9EA1,2026_26_sep_03,Citizen Science (ultrasonic) - shared
59~40306+18~07249_20260926_032834.wav,DEV_001_20260926_032834.wav,0,59.40306,18.07249,Leppun,Leptophyes punctatissima,Speckled Bush-cricket,bush-cricket,0.99,,,26/09/2026,25/09/2026,03:28:34,ClassifEspSWE-0002026-05-29_1,JOHANKARLSSON,20260926175329TA9EA1,2026_26_sep_03,Citizen Science (ultrasonic) - shared
59~40306+18~07249_20260926_032840.wav,DEV_001_20260926_032840.wav,0,59.40306,18.07249,Leppun,Leptophyes punctatissima,Speckled Bush-cricket,bush-cricket,0.99,,,26/09/2026,25/09/2026,03:28:40,ClassifEspSWE-0002026-05-29_1,JOHANKARLSSON,20260926175329TA9EA1,2026_26_sep_03,Citizen Science (ultrasonic) - shared
59~40306+18~07249_20260926_032847.wav,DEV_001_20260926_032847.wav,0,59.40306,18.07249,Leppun,Leptophyes punctatissima,Speckled Bush-cricket,bush-cricket,0.99,,,26/09/2026,25/09/2026,03:28:47,ClassifEspSWE-0002026-05-29_1,JOHANKARLSSON,20260926175329TA9EA1,2026_26_sep_03,Citizen Science (ultrasonic) - shared
59~40306+18~07249_20260926_032854.wav,DEV_001_20260926_032854.wav,0,59.40306,18.07249,Leppun,Leptophyes punctatissima,Speckled Bush-cricket,bush-cricket,0.99,,,26/09/2026,25/09/2026,03:28:54,ClassifEspSWE-0002026-05-29_1,JOHANKARLSSON,20260926175329TA9EA1,2026_26_sep_03,Citizen Science (ultrasonic) - shared
59~40306+18~07249_20260926_032901.wav,DEV_001_20260926_032901.wav,0,59.40306,18.07249,Leppun,Leptophyes punctatissima,Speckled Bush-cricket,bush-cricket,0.99,,,26/09/2026,25/09/2026,03:29:01,ClassifEspSWE-0002026-05-29_1,JOHANKARLSSON,20260926175329TA9EA1,2026_26_sep_03,Citizen Science (ultrasonic) - shared
59~40306+18~07249_20260926_032907.wav,DEV_001_20260926_032907.wav,0,59.40306,18.07249,Leppun,Leptophyes punctatissima,Speckled Bush-cricket,bush-cricket,0.99,,,26/09/2026,25/09/2026,03:29:07,ClassifEspSWE-0002026-05-29_1,JOHANKARLSSON,20260926175329TA9EA1,2026_26_sep_03,Citizen Science (ultrasonic) - shared
59~40306+18~07249_20260926_032915.wav,DEV_001_20260926_032915.wav,0,59.40306,18.07249,Leppun,Leptophyes punctatissima,Speckled Bush-cricket,bush-cricket,0.99,,,26/09/2026,25/09/2026,03:29:15,ClassifEspSWE-0002026-05-29_1,JOHANKARLSSON,20260926175329TA9EA1,2026_26_sep_03,Citizen Science (ultrasonic) - shared
59~40306+18~07249_20260926_032922.wav,DEV_001_20260926_032922.wav,0,59.40306,18.07249,Leppun,Leptophyes punctatissima,Speckled Bush-cricket,bush-cricket,0.99,,,26/09/2026,25/09/2026,03:29:22,ClassifEspSWE-0002026-05-29_1,JOHANKARLSSON,20260926175329TA9EA1,2026_26_sep_03,Citizen Science (ultrasonic) - shared
59~40306+18~07249_20260926_032928.wav,DEV_001_20260926_032928.wav,0,59.40306,18.07249,Leppun,Leptophyes punctatissima,Speckled Bush-cricket,bush-cricket,0.99,,,26/09/2026,25/09/2026,03:29:28,ClassifEspSWE-0002026-05-29_1,JOHANKARLSSON,20260926175329TA9EA1,2026_26_sep_03,Citizen Science (ultrasonic) - shared
59~40306+18~07249_20260926_032936.wav,DEV_001_20260926_032936.wav,0,59.40306,18.07249,Leppun,Leptophyes punctatissima,Speckled Bush-cricket,bush-cricket,0.99,,,26/09/2026,25/09/2026,03:29:36,ClassifEspSWE-0002026-05-29_1,JOHANKARLSSON,20260926175329TA9EA1,2026_26_sep_03,Citizen Science (ultrasonic) - shared
59~40306+18~07249_20260926_032943.wav,DEV_001_20260926_032943.wav,0,59.40306,18.07249,Leppun,Leptophyes punctatissima,Speckled Bush-cricket,bush-cricket,0.99,,,26/09/2026,25/09/2026,03:29:43,ClassifEspSWE-0002026-05-29_1,JOHANKARLSSON,20260926175329TA9EA1,2026_26_sep_03,Citizen Science (ultrasonic) - shared
59~40306+18~07249_20260926_032949.wav,DEV_001_20260926_032949.wav,0,59.40306,18.07249,Leppun,Leptophyes punctatissima,Speckled Bush-cricket,bush-cricket,0.99,,,26/09/2026,25/09/2026,03:29:49,ClassifEspSWE-0002026-05-29_1,JOHANKARLSSON,20260926175329TA9EA1,2026_26_sep_03,Citizen Science (ultrasonic) - shared
59~40306+18~07249_20260926_032955.wav,DEV_001_20260926_032955.wav,0,59.40306,18.07249,Leppun,Leptophyes punctatissima,Speckled Bush-cricket,bush-cricket,0.99,,,26/09/2026,25/09/2026,03:29:55,ClassifEspSWE-0002026-05-29_1,JOHANKARLSSON,20260926175329TA9EA1,2026_26_sep_03,Citizen Science (ultrasonic) - shared
59~40306+18~07249_20260926_033002.wav,DEV_001_20260926_033002.wav,0,59.40306,18.07249,Leppun,Leptophyes punctatissima,Speckled Bush-cricket,bush-cricket,0.99,,,26/09/2026,25/09/2026,03:30:02,ClassifEspSWE-0002026-05-29_1,JOHANKARLSSON,20260926175329TA9EA1,2026_26_sep_03,Citizen Science (ultrasonic) - shared
59~40306+18~07249_20260926_033009.wav,DEV_001_20260926_033009.wav,0,59.40306,18.07249,Leppun,Leptophyes punctatissima,Speckled Bush-cricket,bush-cricket,0.99,,,26/09/2026,25/09/2026,03:30:09,ClassifEspSWE-0002026-05-29_1,JOHANKARLSSON,20260926175329TA9EA1,2026_26_sep_03,Citizen Science (ultrasonic) - shared
59~40306+18~07249_20260926_033015.wav,DEV_001_20260926_033015.wav,0,59.40306,18.07249,Leppun,Leptophyes punctatissima,Speckled Bush-cricket,bush-cricket,0.99,,,26/09/2026,25/09/2026,03:30:15,ClassifEspSWE-0002026-05-29_1,JOHANKARLSSON,20260926175329TA9EA1,2026_26_sep_03,Citizen Science (ultrasonic) - shared
59~40306+18~07249_20260926_033022.wav,DEV_001_20260926_033022.wav,0,59.40306,18.07249,Leppun,Leptophyes punctatissima,Speckled Bush-cricket,bush-cricket,0.99,,,26/09/2026,25/09/2026,03:30:22,ClassifEspSWE-0002026-05-29_1,JOHANKARLSSON,20260926175329TA9EA1,2026_26_sep_03,Citizen Science (ultrasonic) - shared
59~40306+18~07249_20260926_033029.wav,DEV_001_20260926_033029.wav,0,59.40306,18.07249,Leppun,Leptophyes punctatissima,Speckled Bush-cricket,bush-cricket,0.99,,,26/09/2026,25/09/2026,03:30:29,ClassifEspSWE-0002026-05-29_1,JOHANKARLSSON,20260926175329TA9EA1,2026_26_sep_03,Citizen Science (ultrasonic) - shared
59~40306+18~07249_20260926_033035.wav,DEV_001_20260926_033035.wav,0,59.40306,18.07249,Leppun,Leptophyes punctatissima,Speckled Bush-cricket,bush-cricket,0.99,,,26/09/2026,25/09/2026,03:30:35,ClassifEspSWE-0002026-05-29_1,JOHANKARLSSON,20260926175329TA9EA1,2026_26_sep_03,Citizen Science (ultrasonic) - shared
59~40306+18~07249_20260926_033043.wav,DEV_001_20260926_033043.wav,0,59.40306,18.07249,Leppun,Leptophyes punctatissima,Speckled Bush-cricket,bush-cricket,0.99,,,26/09/2026,25/09/2026,03:30:43,ClassifEspSWE-0002026-05-29_1,JOHANKARLSSON,20260926175329TA9EA1,2026_26_sep_03,Citizen Science (ultrasonic) - shared
59~40306+18~07249_20260926_033049.wav,DEV_001_20260926_033049.wav,0,59.40306,18.07249,Leppun,Leptophyes punctatissima,Speckled Bush-cricket,bush-cricket,0.99,,,26/09/2026,25/09/2026,03:30:49,ClassifEspSWE-0002026-05-29_1,JOHANKARLSSON,20260926175329TA9EA1,2026_26_sep_03,Citizen Science (ultrasonic) - shared
59~40306+18~07249_20260926_033055.wav,DEV_001_20260926_033055.wav,0,59.40306,18.07249,Leppun,Leptophyes punctatissima,Speckled Bush-cricket,bush-cricket,0.99,,,26/09/2026,25/09/2026,03:30:55,ClassifEspSWE-0002026-05-29_1,JOHANKARLSSON,20260926175329TA9EA1,2026_26_sep_03,Citizen Science (ultrasonic) - shared
59~40306+18~07249_20260926_033102.wav,DEV_001_20260926_033102.wav,0,59.40306,18.07249,Leppun,Leptophyes punctatissima,Speckled Bush-cricket,bush-cricket,0.99,,,26/09/2026,25/09/2026,03:31:02,ClassifEspSWE-0002026-05-29_1,JOHANKARLSSON,20260926175329TA9EA1,2026_26_sep_03,Citizen Science (ultrasonic) - shared
59~40306+18~07249_20260926_033107.wav,DEV_001_20260926_033107.wav,0,59.40306,18.07249,Leppun,Leptophyes punctatissima,Speckled Bush-cricket,bush-cricket,0.99,,,26/09/2026,25/09/2026,03:31:07,ClassifEspSWE-0002026-05-29_1,JOHANKARLSSON,20260926175329TA9EA1,2026_26_sep_03,Citizen Science (ultrasonic) - shared
59~40306+18~07249_20260926_033114.wav,DEV_001_20260926_033114.wav,0,59.40306,18.07249,Leppun,Leptophyes punctatissima,Speckled Bush-cricket,bush-cricket,0.99,,,26/09/2026,25/09/2026,03:31:14,ClassifEspSWE-0002026-05-29_1,JOHANKARLSSON,20260926175329TA9EA1,2026_26_sep_03,Citizen Science (ultrasonic) - shared
59~40306+18~07249_20260926_033122.wav,DEV_001_20260926_033122.wav,0,59.40306,18.07249,Leppun,Leptophyes punctatissima,Speckled Bush-cricket,bush-cricket,0.99,,,26/09/2026,25/09/2026,03:31:22,ClassifEspSWE-0002026-05-29_1,JOHANKARLSSON,20260926175329TA9EA1,2026_26_sep_03,Citizen Science (ultrasonic) - shared
59~40306+18~07249_20260926_033129.wav,DEV_001_20260926_033129.wav,0,59.40306,18.07249,Leppun,Leptophyes punctatissima,Speckled Bush-cricket,bush-cricket,0.99,,,26/09/2026,25/09/2026,03:31:29,ClassifEspSWE-0002026-05-29_1,JOHANKARLSSON,20260926175329TA9EA1,2026_26_sep_03,Citizen Science (ultrasonic) - shared
59~40306+18~07249_20260926_033134.wav,DEV_001_20260926_033134.wav,0,59.40306,18.07249,Leppun,Leptophyes punctatissima,Speckled Bush-cricket,bush-cricket,0.99,,,26/09/2026,25/09/2026,03:31:34,ClassifEspSWE-0002026-05-29_1,JOHANKARLSSON,20260926175329TA9EA1,2026_26_sep_03,Citizen Science (ultrasonic) - shared
59~40306+18~07249_20260926_033140.wav,DEV_001_20260926_033140.wav,0,59.40306,18.07249,Leppun,Leptophyes punctatissima,Speckled Bush-cricket,bush-cricket,0.99,,,26/09/2026,25/09/2026,03:31:40,ClassifEspSWE-0002026-05-29_1,JOHANKARLSSON,20260926175329TA9EA1,2026_26_sep_03,Citizen Science (ultrasonic) - shared
59~40306+18~07249_20260926_033146.wav,DEV_001_20260926_033146.wav,0,59.40306,18.07249,Leppun,Leptophyes punctatissima,Speckled Bush-cricket,bush-cricket,0.99,,,26/09/2026,25/09/2026,03:31:46,ClassifEspSWE-0002026-05-29_1,JOHANKARLSSON,20260926175329TA9EA1,2026_26_sep_03,Citizen Science (ultrasonic) - shared
59~40306+18~07249_20260926_033152.wav,DEV_001_20260926_033152.wav,0,59.40306,18.07249,Leppun,Leptophyes punctatissima,Speckled Bush-cricket,bush-cricket,0.99,,,26/09/2026,25/09/2026,03:31:52,ClassifEspSWE-0002026-05-29_1,JOHANKARLSSON,20260926175329TA9EA1,2026_26_sep_03,Citizen Science (ultrasonic) - shared
59~40306+18~07249_20260926_033159.wav,DEV_001_20260926_033159.wav,0,59.40306,18.07249,Leppun,Leptophyes punctatissima,Speckled Bush-cricket,bush-cricket,0.99,,,26/09/2026,25/09/2026,03:31:59,ClassifEspSWE-0002026-05-29_1,JOHANKARLSSON,20260926175329TA9EA1,2026_26_sep_03,Citizen Science (ultrasonic) - shared
59~40306+18~07249_20260926_033205.wav,DEV_001_20260926_033205.wav,0,59.40306,18.07249,Leppun,Leptophyes punctatissima,Speckled Bush-cricket,bush-cricket,0.99,,,26/09/2026,25/09/2026,03:32:05,ClassifEspSWE-0002026-05-29_1,JOHANKARLSSON,20260926175329TA9EA1,2026_26_sep_03,Citizen Science (ultrasonic) - shared
59~40306+18~07249_20260926_033211.wav,DEV_001_20260926_033211.wav,0,59.40306,18.07249,Leppun,Leptophyes punctatissima,Speckled Bush-cricket,bush-cricket,0.99,,,26/09/2026,25/09/2026,03:32:11,ClassifEspSWE-0002026-05-29_1,JOHANKARLSSON,20260926175329TA9EA1,2026_26_sep_03,Citizen Science (ultrasonic) - shared
59~40306+18~07249_20260926_033218.wav,DEV_001_20260926_033218.wav,0,59.40306,18.07249,Leppun,Leptophyes punctatissima,Speckled Bush-cricket,bush-cricket,0.99,,,26/09/2026,25/09/2026,03:32:18,ClassifEspSWE-0002026-05-29_1,JOHANKARLSSON,20260926175329TA9EA1,2026_26_sep_03,Citizen Science (ultrasonic) - shared
59~40306+18~07249_20260926_033224.wav,DEV_001_20260926_033224.wav,0,59.40306,18.07249,Leppun,Leptophyes punctatissima,Speckled Bush-cricket,bush-cricket,0.99,,,26/09/2026,25/09/2026,03:32:24,ClassifEspSWE-0002026-05-29_1,JOHANKARLSSON,20260926175329TA9EA1,2026_26_sep_03,Citizen Science (ultrasonic) - shared
59~40306+18~07249_20260926_033229.wav,DEV_001_20260926_033229.wav,0,59.40306,18.07249,Leppun,Leptophyes punctatissima,Speckled Bush-cricket,bush-cricket,0.99,,,26/09/2026,25/09/2026,03:32:29,ClassifEspSWE-0002026-05-29_1,JOHANKARLSSON,20260926175329TA9EA1,2026_26_sep_03,Citizen Science (ultrasonic) - shared
59~40306+18~07249_20260926_033238.wav,DEV_001_20260926_033238.wav,0,59.40306,18.07249,Leppun,Leptophyes punctatissima,Speckled Bush-cricket,bush-cricket,0.99,,,26/09/2026,25/09/2026,03:32:38,ClassifEspSWE-0002026-05-29_1,JOHANKARLSSON,20260926175329TA9EA1,2026_26_sep_03,Citizen Science (ultrasonic) - shared
59~40306+18~07249_20260926_033245.wav,DEV_001_20260926_033245.wav,0,59.40306,18.07249,Leppun,Leptophyes punctatissima,Speckled Bush-cricket,bush-cricket,0.99,,,26/09/2026,25/09/2026,03:32:45,ClassifEspSWE-0002026-05-29_1,JOHANKARLSSON,20260926175329TA9EA1,2026_26_sep_03,Citizen Science (ultrasonic) - shared
59~40306+18~07249_20260926_033251.wav,DEV_001_20260926_033251.wav,0,59.40306,18.07249,Leppun,Leptophyes punctatissima,Speckled Bush-cricket,bush-cricket,0.99,,,26/09/2026,25/09/2026,03:32:51,ClassifEspSWE-0002026-05-29_1,JOHANKARLSSON,20260926175329TA9EA1,2026_26_sep_03,Citizen Science (ultrasonic) - shared
59~40306+18~07249_20260926_033259.wav,DEV_001_20260926_033259.wav,0,59.40306,18.07249,Leppun,Leptophyes punctatissima,Speckled Bush-cricket,bush-cricket,0.99,,,26/09/2026,25/09/2026,03:32:59,ClassifEspSWE-0002026-05-29_1,JOHANKARLSSON,20260926175329TA9EA1,2026_26_sep_03,Citizen Science (ultrasonic) - shared
59~40306+18~07249_20260926_033306.wav,DEV_001_20260926_033306.wav,0,59.40306,18.07249,Leppun,Leptophyes punctatissima,Speckled Bush-cricket,bush-cricket,0.99,,,26/09/2026,25/09/2026,03:33:06,ClassifEspSWE-0002026-05-29_1,JOHANKARLSSON,20260926175329TA9EA1,2026_26_sep_03,Citizen Science (ultrasonic) - shared
59~40306+18~07249_20260926_033312.wav,DEV_001_20260926_033312.wav,0,59.40306,18.07249,Leppun,Leptophyes punctatissima,Speckled Bush-cricket,bush-cricket,0.99,,,26/09/2026,25/09/2026,03:33:12,ClassifEspSWE-0002026-05-29_1,JOHANKARLSSON,20260926175329TA9EA1,2026_26_sep_03,Citizen Science (ultrasonic) - shared
59~40306+18~07249_20260926_033319.wav,DEV_001_20260926_033319.wav,0,59.40306,18.07249,Leppun,Leptophyes punctatissima,Speckled Bush-cricket,bush-cricket,0.99,,,26/09/2026,25/09/2026,03:33:19,ClassifEspSWE-0002026-05-29_1,JOHANKARLSSON,20260926175329TA9EA1,2026_26_sep_03,Citizen Science (ultrasonic) - shared
59~40306+18~07249_20260926_033326.wav,DEV_001_20260926_033326.wav,0,59.40306,18.07249,Leppun,Leptophyes punctatissima,Speckled Bush-cricket,bush-cricket,0.99,,,26/09/2026,25/09/2026,03:33:26,ClassifEspSWE-0002026-05-29_1,JOHANKARLSSON,20260926175329TA9EA1,2026_26_sep_03,Citizen Science (ultrasonic) - shared
59~40306+18~07249_20260926_033334.wav,DEV_001_20260926_033334.wav,0,59.40306,18.07249,Leppun,Leptophyes punctatissima,Speckled Bush-cricket,bush-cricket,0.99,,,26/09/2026,25/09/2026,03:33:34,ClassifEspSWE-0002026-05-29_1,JOHANKARLSSON,20260926175329TA9EA1,2026_26_sep_03,Citizen Science (ultrasonic) - shared
59~40306+18~07249_20260926_033341.wav,DEV_001_20260926_033341.wav,0,59.40306,18.07249,Leppun,Leptophyes punctatissima,Speckled Bush-cricket,bush-cricket,0.99,,,26/09/2026,25/09/2026,03:33:41,ClassifEspSWE-0002026-05-29_1,JOHANKARLSSON,20260926175329TA9EA1,2026_26_sep_03,Citizen Science (ultrasonic) - shared
59~40306+18~07249_20260926_033347.wav,DEV_001_20260926_033347.wav,0,59.40306,18.07249,Leppun,Leptophyes punctatissima,Speckled Bush-cricket,bush-cricket,0.99,,,26/09/2026,25/09/2026,03:33:47,ClassifEspSWE-0002026-05-29_1,JOHANKARLSSON,20260926175329TA9EA1,2026_26_sep_03,Citizen Science (ultrasonic) - shared
59~40306+18~07249_20260926_033354.wav,DEV_001_20260926_033354.wav,0,59.40306,18.07249,Leppun,Leptophyes punctatissima,Speckled Bush-cricket,bush-cricket,0.99,,,26/09/2026,25/09/2026,03:33:54,ClassifEspSWE-0002026-05-29_1,JOHANKARLSSON,20260926175329TA9EA1,2026_26_sep_03,Citizen Science (ultrasonic) - shared
59~40306+18~07249_20260926_033401.wav,DEV_001_20260926_033401.wav,0,59.40306,18.07249,Leppun,Leptophyes punctatissima,Speckled Bush-cricket,bush-cricket,0.99,,,26/09/2026,25/09/2026,03:34:01,ClassifEspSWE-0002026-05-29_1,JOHANKARLSSON,20260926175329TA9EA1,2026_26_sep_03,Citizen Science (ultrasonic) - shared
59~40306+18~07249_20260926_033407.wav,DEV_001_20260926_033407.wav,0,59.40306,18.07249,Leppun,Leptophyes punctatissima,Speckled Bush-cricket,bush-cricket,0.99,,,26/09/2026,25/09/2026,03:34:07,ClassifEspSWE-0002026-05-29_1,JOHANKARLSSON,20260926175329TA9EA1,2026_26_sep_03,Citizen Science (ultrasonic) - shared
59~40306+18~07249_20260926_033415.wav,DEV_001_20260926_033415.wav,0,59.40306,18.07249,Leppun,Leptophyes punctatissima,Speckled Bush-cricket,bush-cricket,0.99,,,26/09/2026,25/09/2026,03:34:15,ClassifEspSWE-0002026-05-29_1,JOHANKARLSSON,20260926175329TA9EA1,2026_26_sep_03,Citizen Science (ultrasonic) - shared
59~40306+18~07249_20260926_033422.wav,DEV_001_20260926_033422.wav,0,59.40306,18.07249,Leppun,Leptophyes punctatissima,Speckled Bush-cricket,bush-cricket,0.99,,,26/09/2026,25/09/2026,03:34:22,ClassifEspSWE-0002026-05-29_1,JOHANKARLSSON,20260926175329TA9EA1,2026_26_sep_03,Citizen Science (ultrasonic) - shared
59~40306+18~07249_20260926_033429.wav,DEV_001_20260926_033429.wav,0,59.40306,18.07249,Leppun,Leptophyes punctatissima,Speckled Bush-cricket,bush-cricket,0.99,,,26/09/2026,25/09/2026,03:34:29,ClassifEspSWE-0002026-05-29_1,JOHANKARLSSON,20260926175329TA9EA1,2026_26_sep_03,Citizen Science (ultrasonic) - shared
59~40306+18~07249_20260926_033435.wav,DEV_001_20260926_033435.wav,0,59.40306,18.07249,Leppun,Leptophyes punctatissima,Speckled Bush-cricket,bush-cricket,0.99,,,26/09/2026,25/09/2026,03:34:35,ClassifEspSWE-0002026-05-29_1,JOHANKARLSSON,20260926175329TA9EA1,2026_26_sep_03,Citizen Science (ultrasonic) - shared
59~40306+18~07249_20260926_033442.wav,DEV_001_20260926_033442.wav,0,59.40306,18.07249,Leppun,Leptophyes punctatissima,Speckled Bush-cricket,bush-cricket,0.99,,,26/09/2026,25/09/2026,03:34:42,ClassifEspSWE-0002026-05-29_1,JOHANKARLSSON,20260926175329TA9EA1,2026_26_sep_03,Citizen Science (ultrasonic) - shared
59~40306+18~07249_20260926_033449.wav,DEV_001_20260926_033449.wav,0,59.40306,18.07249,Leppun,Leptophyes punctatissima,Speckled Bush-cricket,bush-cricket,0.99,,,26/09/2026,25/09/2026,03:34:49,ClassifEspSWE-0002026-05-29_1,JOHANKARLSSON,20260926175329TA9EA1,2026_26_sep_03,Citizen Science (ultrasonic) - shared
59~40306+18~07249_20260926_033456.wav,DEV_001_20260926_033456.wav,0,59.40306,18.07249,Leppun,Leptophyes punctatissima,Speckled Bush-cricket,bush-cricket,0.99,,,26/09/2026,25/09/2026,03:34:56,ClassifEspSWE-0002026-05-29_1,JOHANKARLSSON,20260926175329TA9EA1,2026_26_sep_03,Citizen Science (ultrasonic) - shared
59~40306+18~07249_20260926_033503.wav,DEV_001_20260926_033503.wav,0,59.40306,18.07249,Leppun,Leptophyes punctatissima,Speckled Bush-cricket,bush-cricket,0.99,,,26/09/2026,25/09/2026,03:35:03,ClassifEspSWE-0002026-05-29_1,JOHANKARLSSON,20260926175329TA9EA1,2026_26_sep_03,Citizen Science (ultrasonic) - shared
59~40306+18~07249_20260926_033513.wav,DEV_001_20260926_033513.wav,0,59.40306,18.07249,Leppun,Leptophyes punctatissima,Speckled Bush-cricket,bush-cricket,0.99,,,26/09/2026,25/09/2026,03:35:13,ClassifEspSWE-0002026-05-29_1,JOHANKARLSSON,20260926175329TA9EA1,2026_26_sep_03,Citizen Science (ultrasonic) - shared
59~40306+18~07249_20260926_033519.wav,DEV_001_20260926_033519.wav,0,59.40306,18.07249,Leppun,Leptophyes punctatissima,Speckled Bush-cricket,bush-cricket,0.99,,,26/09/2026,25/09/2026,03:35:19,ClassifEspSWE-0002026-05-29_1,JOHANKARLSSON,20260926175329TA9EA1,2026_26_sep_03,Citizen Science (ultrasonic) - shared
59~40306+18~07249_20260926_033525.wav,DEV_001_20260926_033525.wav,0,59.40306,18.07249,Leppun,Leptophyes punctatissima,Speckled Bush-cricket,bush-cricket,0.99,,,26/09/2026,25/09/2026,03:35:25,ClassifEspSWE-0002026-05-29_1,JOHANKARLSSON,20260926175329TA9EA1,2026_26_sep_03,Citizen Science (ultrasonic) - shared
59~40306+18~07249_20260926_033530.wav,DEV_001_20260926_033530.wav,0,59.40306,18.07249,Leppun,Leptophyes punctatissima,Speckled Bush-cricket,bush-cricket,0.99,,,26/09/2026,25/09/2026,03:35:30,ClassifEspSWE-0002026-05-29_1,JOHANKARLSSON,20260926175329TA9EA1,2026_26_sep_03,Citizen Science (ultrasonic) - shared
59~40306+18~07249_20260926_033536.wav,DEV_001_20260926_033536.wav,0,59.40306,18.07249,Leppun,Leptophyes punctatissima,Speckled Bush-cricket,bush-cricket,0.99,,,26/09/2026,25/09/2026,03:35:36,ClassifEspSWE-0002026-05-29_1,JOHANKARLSSON,20260926175329TA9EA1,2026_26_sep_03,Citizen Science (ultrasonic) - shared
59~40306+18~07249_20260926_033542.wav,DEV_001_20260926_033542.wav,0,59.40306,18.07249,Leppun,Leptophyes punctatissima,Speckled Bush-cricket,bush-cricket,0.99,,,26/09/2026,25/09/2026,03:35:42,ClassifEspSWE-0002026-05-29_1,JOHANKARLSSON,20260926175329TA9EA1,2026_26_sep_03,Citizen Science (ultrasonic) - shared
59~40306+18~07249_20260926_033548.wav,DEV_001_20260926_033548.wav,0,59.40306,18.07249,Leppun,Leptophyes punctatissima,Speckled Bush-cricket,bush-cricket,0.99,,,26/09/2026,25/09/2026,03:35:48,ClassifEspSWE-0002026-05-29_1,JOHANKARLSSON,20260926175329TA9EA1,2026_26_sep_03,Citizen Science (ultrasonic) - shared
59~40306+18~07249_20260926_033554.wav,DEV_001_20260926_033554.wav,0,59.40306,18.07249,Leppun,Leptophyes punctatissima,Speckled Bush-cricket,bush-cricket,0.99,,,26/09/2026,25/09/2026,03:35:54,ClassifEspSWE-0002026-05-29_1,JOHANKARLSSON,20260926175329TA9EA1,2026_26_sep_03,Citizen Science (ultrasonic) - shared
59~40306+18~07249_20260926_033600.wav,DEV_001_20260926_033600.wav,0,59.40306,18.07249,Leppun,Leptophyes punctatissima,Speckled Bush-cricket,bush-cricket,0.99,,,26/09/2026,25/09/2026,03:36:00,ClassifEspSWE-0002026-05-29_1,JOHANKARLSSON,20260926175329TA9EA1,2026_26_sep_03,Citizen Science (ultrasonic) - shared
59~40306+18~07249_20260926_033608.wav,DEV_001_20260926_033608.wav,0,59.40306,18.07249,Leppun,Leptophyes punctatissima,Speckled Bush-cricket,bush-cricket,0.99,,,26/09/2026,25/09/2026,03:36:08,ClassifEspSWE-0002026-05-29_1,JOHANKARLSSON,20260926175329TA9EA1,2026_26_sep_03,Citizen Science (ultrasonic) - shared
59~40306+18~07249_20260926_033614.wav,DEV_001_20260926_033614.wav,0,59.40306,18.07249,Leppun,Leptophyes punctatissima,Speckled Bush-cricket,bush-cricket,0.99,,,26/09/2026,25/09/2026,03:36:14,ClassifEspSWE-0002026-05-29_1,JOHANKARLSSON,20260926175329TA9EA1,2026_26_sep_03,Citizen Science (ultrasonic) - shared
59~40306+18~07249_20260926_033619.wav,DEV_001_20260926_033619.wav,0,59.40306,18.07249,Leppun,Leptophyes punctatissima,Speckled Bush-cricket,bush-cricket,0.99,,,26/09/2026,25/09/2026,03:36:19,ClassifEspSWE-0002026-05-29_1,JOHANKARLSSON,20260926175329TA9EA1,2026_26_sep_03,Citizen Science (ultrasonic) - shared
59~40306+18~07249_20260926_033625.wav,DEV_001_20260926_033625.wav,0,59.40306,18.07249,Leppun,Leptophyes punctatissima,Speckled Bush-cricket,bush-cricket,0.99,,,26/09/2026,25/09/2026,03:36:25,ClassifEspSWE-0002026-05-29_1,JOHANKARLSSON,20260926175329TA9EA1,2026_26_sep_03,Citizen Science (ultrasonic) - shared
59~40306+18~07249_20260926_033631.wav,DEV_001_20260926_033631.wav,0,59.40306,18.07249,Leppun,Leptophyes punctatissima,Speckled Bush-cricket,bush-cricket,0.99,,,26/09/2026,25/09/2026,03:36:31,ClassifEspSWE-0002026-05-29_1,JOHANKARLSSON,20260926175329TA9EA1,2026_26_sep_03,Citizen Science (ultrasonic) - shared
59~40306+18~07249_20260926_033638.wav,DEV_001_20260926_033638.wav,0,59.40306,18.07249,Leppun,Leptophyes punctatissima,Speckled Bush-cricket,bush-cricket,0.99,,,26/09/2026,25/09/2026,03:36:38,ClassifEspSWE-0002026-05-29_1,JOHANKARLSSON,20260926175329TA9EA1,2026_26_sep_03,Citizen Science (ultrasonic) - shared
59~40306+18~07249_20260926_033643.wav,DEV_001_20260926_033643.wav,0,59.40306,18.07249,Leppun,Leptophyes punctatissima,Speckled Bush-cricket,bush-cricket,0.99,,,26/09/2026,25/09/2026,03:36:43,ClassifEspSWE-0002026-05-29_1,JOHANKARLSSON,20260926175329TA9EA1,2026_26_sep_03,Citizen Science (ultrasonic) - shared
59~40306+18~07249_20260926_033651.wav,DEV_001_20260926_033651.wav,0,59.40306,18.07249,Leppun,Leptophyes punctatissima,Speckled Bush-cricket,bush-cricket,0.99,,,26/09/2026,25/09/2026,03:36:51,ClassifEspSWE-0002026-05-29_1,JOHANKARLSSON,20260926175329TA9EA1,2026_26_sep_03,Citizen Science (ultrasonic) - shared
59~40306+18~07249_20260926_033657.wav,DEV_001_20260926_033657.wav,0,59.40306,18.07249,Leppun,Leptophyes punctatissima,Speckled Bush-cricket,bush-cricket,0.99,,,26/09/2026,25/09/2026,03:36:57,ClassifEspSWE-0002026-05-29_1,JOHANKARLSSON,20260926175329TA9EA1,2026_26_sep_03,Citizen Science (ultrasonic) - shared
59~40306+18~07249_20260926_033703.wav,DEV_001_20260926_033703.wav,0,59.40306,18.07249,Leppun,Leptophyes punctatissima,Speckled Bush-cricket,bush-cricket,0.99,,,26/09/2026,25/09/2026,03:37:03,ClassifEspSWE-0002026-05-29_1,JOHANKARLSSON,20260926175329TA9EA1,2026_26_sep_03,Citizen Science (ultrasonic) - shared
59~40306+18~07249_20260926_033709.wav,DEV_001_20260926_033709.wav,0,59.40306,18.07249,Leppun,Leptophyes punctatissima,Speckled Bush-cricket,bush-cricket,0.99,,,26/09/2026,25/09/2026,03:37:09,ClassifEspSWE-0002026-05-29_1,JOHANKARLSSON,20260926175329TA9EA1,2026_26_sep_03,Citizen Science (ultrasonic) - shared
59~40306+18~07249_20260926_033715.wav,DEV_001_20260926_033715.wav,0,59.40306,18.07249,Leppun,Leptophyes punctatissima,Speckled Bush-cricket,bush-cricket,0.99,,,26/09/2026,25/09/2026,03:37:15,ClassifEspSWE-0002026-05-29_1,JOHANKARLSSON,20260926175329TA9EA1,2026_26_sep_03,Citizen Science (ultrasonic) - shared
59~40306+18~07249_20260926_033720.wav,DEV_001_20260926_033720.wav,0,59.40306,18.07249,Leppun,Leptophyes punctatissima,Speckled Bush-cricket,bush-cricket,0.99,,,26/09/2026,25/09/2026,03:37:20,ClassifEspSWE-0002026-05-29_1,JOHANKARLSSON,20260926175329TA9EA1,2026_26_sep_03,Citizen Science (ultrasonic) - shared
59~40306+18~07249_20260926_033726.wav,DEV_001_20260926_033726.wav,0,59.40306,18.07249,Leppun,Leptophyes punctatissima,Speckled Bush-cricket,bush-cricket,0.99,,,26/09/2026,25/09/2026,03:37:26,ClassifEspSWE-0002026-05-29_1,JOHANKARLSSON,20260926175329TA9EA1,2026_26_sep_03,Citizen Science (ultrasonic) - shared
59~40306+18~07249_20260926_033732.wav,DEV_001_20260926_033732.wav,0,59.40306,18.07249,Leppun,Leptophyes punctatissima,Speckled Bush-cricket,bush-cricket,0.99,,,26/09/2026,25/09/2026,03:37:32,ClassifEspSWE-0002026-05-29_1,JOHANKARLSSON,20260926175329TA9EA1,2026_26_sep_03,Citizen Science (ultrasonic) - shared
59~40306+18~07249_20260926_033738.wav,DEV_001_20260926_033738.wav,0,59.40306,18.07249,Leppun,Leptophyes punctatissima,Speckled Bush-cricket,bush-cricket,0.99,,,26/09/2026,25/09/2026,03:37:38,ClassifEspSWE-0002026-05-29_1,JOHANKARLSSON,20260926175329TA9EA1,2026_26_sep_03,Citizen Science (ultrasonic) - shared
59~40306+18~07249_20260926_033744.wav,DEV_001_20260926_033744.wav,0,59.40306,18.07249,Leppun,Leptophyes punctatissima,Speckled Bush-cricket,bush-cricket,0.99,,,26/09/2026,25/09/2026,03:37:44,ClassifEspSWE-0002026-05-29_1,JOHANKARLSSON,20260926175329TA9EA1,2026_26_sep_03,Citizen Science (ultrasonic) - shared
59~40306+18~07249_20260926_033749.wav,DEV_001_20260926_033749.wav,0,59.40306,18.07249,Leppun,Leptophyes punctatissima,Speckled Bush-cricket,bush-cricket,0.99,,,26/09/2026,25/09/2026,03:37:49,ClassifEspSWE-0002026-05-29_1,JOHANKARLSSON,20260926175329TA9EA1,2026_26_sep_03,Citizen Science (ultrasonic) - shared
59~40306+18~07249_20260926_033758.wav,DEV_001_20260926_033758.wav,0,59.40306,18.07249,Leppun,Leptophyes punctatissima,Speckled Bush-cricket,bush-cricket,0.99,,,26/09/2026,25/09/2026,03:37:58,ClassifEspSWE-0002026-05-29_1,JOHANKARLSSON,20260926175329TA9EA1,2026_26_sep_03,Citizen Science (ultrasonic) - shared
59~40306+18~07249_20260926_033810.wav,DEV_001_20260926_033810.wav,0,59.40306,18.07249,Leppun,Leptophyes punctatissima,Speckled Bush-cricket,bush-cricket,0.99,,,26/09/2026,25/09/2026,03:38:10,ClassifEspSWE-0002026-05-29_1,JOHANKARLSSON,20260926175329TA9EA1,2026_26_sep_03,Citizen Science (ultrasonic) - shared
59~40306+18~07249_20260926_033816.wav,DEV_001_20260926_033816.wav,0,59.40306,18.07249,Leppun,Leptophyes punctatissima,Speckled Bush-cricket,bush-cricket,0.99,,,26/09/2026,25/09/2026,03:38:16,ClassifEspSWE-0002026-05-29_1,JOHANKARLSSON,20260926175329TA9EA1,2026_26_sep_03,Citizen Science (ultrasonic) - shared
59~40306+18~07249_20260926_033822.wav,DEV_001_20260926_033822.wav,0,59.40306,18.07249,Leppun,Leptophyes punctatissima,Speckled Bush-cricket,bush-cricket,0.99,,,26/09/2026,25/09/2026,03:38:22,ClassifEspSWE-0002026-05-29_1,JOHANKARLSSON,20260926175329TA9EA1,2026_26_sep_03,Citizen Science (ultrasonic) - shared
59~40306+18~07249_20260926_033829.wav,DEV_001_20260926_033829.wav,0,59.40306,18.07249,Leppun,Leptophyes punctatissima,Speckled Bush-cricket,bush-cricket,0.99,,,26/09/2026,25/09/2026,03:38:29,ClassifEspSWE-0002026-05-29_1,JOHANKARLSSON,20260926175329TA9EA1,2026_26_sep_03,Citizen Science (ultrasonic) - shared
59~40306+18~07249_20260926_033838.wav,DEV_001_20260926_033838.wav,0,59.40306,18.07249,Leppun,Leptophyes punctatissima,Speckled Bush-cricket,bush-cricket,0.99,,,26/09/2026,25/09/2026,03:38:38,ClassifEspSWE-0002026-05-29_1,JOHANKARLSSON,20260926175329TA9EA1,2026_26_sep_03,Citizen Science (ultrasonic) - shared
59~40306+18~07249_20260926_033846.wav,DEV_001_20260926_033846.wav,0,59.40306,18.07249,Leppun,Leptophyes punctatissima,Speckled Bush-cricket,bush-cricket,0.99,,,26/09/2026,25/09/2026,03:38:46,ClassifEspSWE-0002026-05-29_1,JOHANKARLSSON,20260926175329TA9EA1,2026_26_sep_03,Citizen Science (ultrasonic) - shared
59~40306+18~07249_20260926_033856.wav,DEV_001_20260926_033856.wav,0,59.40306,18.07249,Leppun,Leptophyes punctatissima,Speckled Bush-cricket,bush-cricket,0.99,,,26/09/2026,25/09/2026,03:38:56,ClassifEspSWE-0002026-05-29_1,JOHANKARLSSON,20260926175329TA9EA1,2026_26_sep_03,Citizen Science (ultrasonic) - shared
59~40306+18~07249_20260926_033904.wav,DEV_001_20260926_033904.wav,0,59.40306,18.07249,Leppun,Leptophyes punctatissima,Speckled Bush-cricket,bush-cricket,0.99,,,26/09/2026,25/09/2026,03:39:04,ClassifEspSWE-0002026-05-29_1,JOHANKARLSSON,20260926175329TA9EA1,2026_26_sep_03,Citizen Science (ultrasonic) - shared
59~40306+18~07249_20260926_033909.wav,DEV_001_20260926_033909.wav,0,59.40306,18.07249,Leppun,Leptophyes punctatissima,Speckled Bush-cricket,bush-cricket,0.99,,,26/09/2026,25/09/2026,03:39:09,ClassifEspSWE-0002026-05-29_1,JOHANKARLSSON,20260926175329TA9EA1,2026_26_sep_03,Citizen Science (ultrasonic) - shared
59~40306+18~07249_20260926_033917.wav,DEV_001_20260926_033917.wav,0,59.40306,18.07249,Leppun,Leptophyes punctatissima,Speckled Bush-cricket,bush-cricket,0.99,,,26/09/2026,25/09/2026,03:39:17,ClassifEspSWE-0002026-05-29_1,JOHANKARLSSON,20260926175329TA9EA1,2026_26_sep_03,Citizen Science (ultrasonic) - shared
59~40306+18~07249_20260926_033924.wav,DEV_001_20260926_033924.wav,0,59.40306,18.07249,Leppun,Leptophyes punctatissima,Speckled Bush-cricket,bush-cricket,0.99,,,26/09/2026,25/09/2026,03:39:24,ClassifEspSWE-0002026-05-29_1,JOHANKARLSSON,20260926175329TA9EA1,2026_26_sep_03,Citizen Science (ultrasonic) - shared
59~40306+18~07249_20260926_033931.wav,DEV_001_20260926_033931.wav,0,59.40306,18.07249,Leppun,Leptophyes punctatissima,Speckled Bush-cricket,bush-cricket,0.99,,,26/09/2026,25/09/2026,03:39:31,ClassifEspSWE-0002026-05-29_1,JOHANKARLSSON,20260926175329TA9EA1,2026_26_sep_03,Citizen Science (ultrasonic) - shared
59~40306+18~07249_20260926_033940.wav,DEV_001_20260926_033940.wav,0,59.40306,18.07249,Leppun,Leptophyes punctatissima,Speckled Bush-cricket,bush-cricket,0.99,,,26/09/2026,25/09/2026,03:39:40,ClassifEspSWE-0002026-05-29_1,JOHANKARLSSON,20260926175329TA9EA1,2026_26_sep_03,Citizen Science (ultrasonic) - shared
59~40306+18~07249_20260926_033949.wav,DEV_001_20260926_033949.wav,0,59.40306,18.07249,Leppun,Leptophyes punctatissima,Speckled Bush-cricket,bush-cricket,0.99,,,26/09/2026,25/09/2026,03:39:49,ClassifEspSWE-0002026-05-29_1,JOHANKARLSSON,20260926175329TA9EA1,2026_26_sep_03,Citizen Science (ultrasonic) - shared
59~40306+18~07249_20260926_033957.wav,DEV_001_20260926_033957.wav,0,59.40306,18.07249,Leppun,Leptophyes punctatissima,Speckled Bush-cricket,bush-cricket,0.99,,,26/09/2026,25/09/2026,03:39:57,ClassifEspSWE-0002026-05-29_1,JOHANKARLSSON,20260926175329TA9EA1,2026_26_sep_03,Citizen Science (ultrasonic) - shared
59~40306+18~07249_20260926_034004.wav,DEV_001_20260926_034004.wav,0,59.40306,18.07249,Leppun,Leptophyes punctatissima,Speckled Bush-cricket,bush-cricket,0.99,,,26/09/2026,25/09/2026,03:40:04,ClassifEspSWE-0002026-05-29_1,JOHANKARLSSON,20260926175329TA9EA1,2026_26_sep_03,Citizen Science (ultrasonic) - shared
59~40306+18~07249_20260926_034010.wav,DEV_001_20260926_034010.wav,0,59.40306,18.07249,Leppun,Leptophyes punctatissima,Speckled Bush-cricket,bush-cricket,0.99,,,26/09/2026,25/09/2026,03:40:10,ClassifEspSWE-0002026-05-29_1,JOHANKARLSSON,20260926175329TA9EA1,2026_26_sep_03,Citizen Science (ultrasonic) - shared
59~40306+18~07249_20260926_034017.wav,DEV_001_20260926_034017.wav,0,59.40306,18.07249,Leppun,Leptophyes punctatissima,Speckled Bush-cricket,bush-cricket,0.99,,,26/09/2026,25/09/2026,03:40:17,ClassifEspSWE-0002026-05-29_1,JOHANKARLSSON,20260926175329TA9EA1,2026_26_sep_03,Citizen Science (ultrasonic) - shared
59~40306+18~07249_20260926_034025.wav,DEV_001_20260926_034025.wav,0,59.40306,18.07249,Leppun,Leptophyes punctatissima,Speckled Bush-cricket,bush-cricket,0.99,,,26/09/2026,25/09/2026,03:40:25,ClassifEspSWE-0002026-05-29_1,JOHANKARLSSON,20260926175329TA9EA1,2026_26_sep_03,Citizen Science (ultrasonic) - shared
59~40306+18~07249_20260926_034033.wav,DEV_001_20260926_034033.wav,0,59.40306,18.07249,Leppun,Leptophyes punctatissima,Speckled Bush-cricket,bush-cricket,0.99,,,26/09/2026,25/09/2026,03:40:33,ClassifEspSWE-0002026-05-29_1,JOHANKARLSSON,20260926175329TA9EA1,2026_26_sep_03,Citizen Science (ultrasonic) - shared
59~40306+18~07249_20260926_034040.wav,DEV_001_20260926_034040.wav,0,59.40306,18.07249,Leppun,Leptophyes punctatissima,Speckled Bush-cricket,bush-cricket,0.99,,,26/09/2026,25/09/2026,03:40:40,ClassifEspSWE-0002026-05-29_1,JOHANKARLSSON,20260926175329TA9EA1,2026_26_sep_03,Citizen Science (ultrasonic) - shared
59~40306+18~07249_20260926_034045.wav,DEV_001_20260926_034045.wav,0,59.40306,18.07249,Leppun,Leptophyes punctatissima,Speckled Bush-cricket,bush-cricket,0.99,,,26/09/2026,25/09/2026,03:40:45,ClassifEspSWE-0002026-05-29_1,JOHANKARLSSON,20260926175329TA9EA1,2026_26_sep_03,Citizen Science (ultrasonic) - shared
59~40306+18~07249_20260926_034052.wav,DEV_001_20260926_034052.wav,0,59.40306,18.07249,Leppun,Leptophyes punctatissima,Speckled Bush-cricket,bush-cricket,0.99,,,26/09/2026,25/09/2026,03:40:52,ClassifEspSWE-0002026-05-29_1,JOHANKARLSSON,20260926175329TA9EA1,2026_26_sep_03,Citizen Science (ultrasonic) - shared
59~40306+18~07249_20260926_034059.wav,DEV_001_20260926_034059.wav,0,59.40306,18.07249,Leppun,Leptophyes punctatissima,Speckled Bush-cricket,bush-cricket,0.99,,,26/09/2026,25/09/2026,03:40:59,ClassifEspSWE-0002026-05-29_1,JOHANKARLSSON,20260926175329TA9EA1,2026_26_sep_03,Citizen Science (ultrasonic) - shared
59~40306+18~07249_20260926_034107.wav,DEV_001_20260926_034107.wav,0,59.40306,18.07249,Leppun,Leptophyes punctatissima,Speckled Bush-cricket,bush-cricket,0.99,,,26/09/2026,25/09/2026,03:41:07,ClassifEspSWE-0002026-05-29_1,JOHANKARLSSON,20260926175329TA9EA1,2026_26_sep_03,Citizen Science (ultrasonic) - shared
59~40306+18~07249_20260926_034112.wav,DEV_001_20260926_034112.wav,0,59.40306,18.07249,Leppun,Leptophyes punctatissima,Speckled Bush-cricket,bush-cricket,0.99,,,26/09/2026,25/09/2026,03:41:12,ClassifEspSWE-0002026-05-29_1,JOHANKARLSSON,20260926175329TA9EA1,2026_26_sep_03,Citizen Science (ultrasonic) - shared
59~40306+18~07249_20260926_034118.wav,DEV_001_20260926_034118.wav,0,59.40306,18.07249,Leppun,Leptophyes punctatissima,Speckled Bush-cricket,bush-cricket,0.99,,,26/09/2026,25/09/2026,03:41:18,ClassifEspSWE-0002026-05-29_1,JOHANKARLSSON,20260926175329TA9EA1,2026_26_sep_03,Citizen Science (ultrasonic) - shared
59~40306+18~07249_20260926_034123.wav,DEV_001_20260926_034123.wav,0,59.40306,18.07249,Leppun,Leptophyes punctatissima,Speckled Bush-cricket,bush-cricket,0.99,,,26/09/2026,25/09/2026,03:41:23,ClassifEspSWE-0002026-05-29_1,JOHANKARLSSON,20260926175329TA9EA1,2026_26_sep_03,Citizen Science (ultrasonic) - shared
59~40306+18~07249_20260926_034128.wav,DEV_001_20260926_034128.wav,0,59.40306,18.07249,Leppun,Leptophyes punctatissima,Speckled Bush-cricket,bush-cricket,0.99,,,26/09/2026,25/09/2026,03:41:28,ClassifEspSWE-0002026-05-29_1,JOHANKARLSSON,20260926175329TA9EA1,2026_26_sep_03,Citizen Science (ultrasonic) - shared
59~40306+18~07249_20260926_034135.wav,DEV_001_20260926_034135.wav,0,59.40306,18.07249,Leppun,Leptophyes punctatissima,Speckled Bush-cricket,bush-cricket,0.99,,,26/09/2026,25/09/2026,03:41:35,ClassifEspSWE-0002026-05-29_1,JOHANKARLSSON,20260926175329TA9EA1,2026_26_sep_03,Citizen Science (ultrasonic) - shared
59~40306+18~07249_20260926_034143.wav,DEV_001_20260926_034143.wav,0,59.40306,18.07249,Leppun,Leptophyes punctatissima,Speckled Bush-cricket,bush-cricket,0.99,,,26/09/2026,25/09/2026,03:41:43,ClassifEspSWE-0002026-05-29_1,JOHANKARLSSON,20260926175329TA9EA1,2026_26_sep_03,Citizen Science (ultrasonic) - shared
59~40306+18~07249_20260926_034150.wav,DEV_001_20260926_034150.wav,0,59.40306,18.07249,Leppun,Leptophyes punctatissima,Speckled Bush-cricket,bush-cricket,0.99,,,26/09/2026,25/09/2026,03:41:50,ClassifEspSWE-0002026-05-29_1,JOHANKARLSSON,20260926175329TA9EA1,2026_26_sep_03,Citizen Science (ultrasonic) - shared
59~40306+18~07249_20260926_034157.wav,DEV_001_20260926_034157.wav,0,59.40306,18.07249,Leppun,Leptophyes punctatissima,Speckled Bush-cricket,bush-cricket,0.99,,,26/09/2026,25/09/2026,03:41:57,ClassifEspSWE-0002026-05-29_1,JOHANKARLSSON,20260926175329TA9EA1,2026_26_sep_03,Citizen Science (ultrasonic) - shared
59~40306+18~07249_20260926_034203.wav,DEV_001_20260926_034203.wav,0,59.40306,18.07249,Leppun,Leptophyes punctatissima,Speckled Bush-cricket,bush-cricket,0.99,,,26/09/2026,25/09/2026,03:42:03,ClassifEspSWE-0002026-05-29_1,JOHANKARLSSON,20260926175329TA9EA1,2026_26_sep_03,Citizen Science (ultrasonic) - shared
59~40306+18~07249_20260926_034208.wav,DEV_001_20260926_034208.wav,0,59.40306,18.07249,Leppun,Leptophyes punctatissima,Speckled Bush-cricket,bush-cricket,0.99,,,26/09/2026,25/09/2026,03:42:08,ClassifEspSWE-0002026-05-29_1,JOHANKARLSSON,20260926175329TA9EA1,2026_26_sep_03,Citizen Science (ultrasonic) - shared
59~40306+18~07249_20260926_034214.wav,DEV_001_20260926_034214.wav,0,59.40306,18.07249,Leppun,Leptophyes punctatissima,Speckled Bush-cricket,bush-cricket,0.99,,,26/09/2026,25/09/2026,03:42:14,ClassifEspSWE-0002026-05-29_1,JOHANKARLSSON,20260926175329TA9EA1,2026_26_sep_03,Citizen Science (ultrasonic) - shared
59~40306+18~07249_20260926_034220.wav,DEV_001_20260926_034220.wav,0,59.40306,18.07249,Leppun,Leptophyes punctatissima,Speckled Bush-cricket,bush-cricket,0.99,,,26/09/2026,25/09/2026,03:42:20,ClassifEspSWE-0002026-05-29_1,JOHANKARLSSON,20260926175329TA9EA1,2026_26_sep_03,Citizen Science (ultrasonic) - shared
59~40306+18~07249_20260926_034225.wav,DEV_001_20260926_034225.wav,0,59.40306,18.07249,Leppun,Leptophyes punctatissima,Speckled Bush-cricket,bush-cricket,0.99,,,26/09/2026,25/09/2026,03:42:25,ClassifEspSWE-0002026-05-29_1,JOHANKARLSSON,20260926175329TA9EA1,2026_26_sep_03,Citizen Science (ultrasonic) - shared
59~40306+18~07249_20260926_034232.wav,DEV_001_20260926_034232.wav,0,59.40306,18.07249,Leppun,Leptophyes punctatissima,Speckled Bush-cricket,bush-cricket,0.99,,,26/09/2026,25/09/2026,03:42:32,ClassifEspSWE-0002026-05-29_1,JOHANKARLSSON,20260926175329TA9EA1,2026_26_sep_03,Citizen Science (ultrasonic) - shared
59~40306+18~07249_20260926_034237.wav,DEV_001_20260926_034237.wav,0,59.40306,18.07249,Leppun,Leptophyes punctatissima,Speckled Bush-cricket,bush-cricket,0.99,,,26/09/2026,25/09/2026,03:42:37,ClassifEspSWE-0002026-05-29_1,JOHANKARLSSON,20260926175329TA9EA1,2026_26_sep_03,Citizen Science (ultrasonic) - shared
59~40306+18~07249_20260926_034244.wav,DEV_001_20260926_034244.wav,0,59.40306,18.07249,Leppun,Leptophyes punctatissima,Speckled Bush-cricket,bush-cricket,0.99,,,26/09/2026,25/09/2026,03:42:44,ClassifEspSWE-0002026-05-29_1,JOHANKARLSSON,20260926175329TA9EA1,2026_26_sep_03,Citizen Science (ultrasonic) - shared
59~40306+18~07249_20260926_034250.wav,DEV_001_20260926_034250.wav,0,59.40306,18.07249,Leppun,Leptophyes punctatissima,Speckled Bush-cricket,bush-cricket,0.99,,,26/09/2026,25/09/2026,03:42:50,ClassifEspSWE-0002026-05-29_1,JOHANKARLSSON,20260926175329TA9EA1,2026_26_sep_03,Citizen Science (ultrasonic) - shared
59~40306+18~07249_20260926_034256.wav,DEV_001_20260926_034256.wav,0,59.40306,18.07249,Leppun,Leptophyes punctatissima,Speckled Bush-cricket,bush-cricket,0.99,,,26/09/2026,25/09/2026,03:42:56,ClassifEspSWE-0002026-05-29_1,JOHANKARLSSON,20260926175329TA9EA1,2026_26_sep_03,Citizen Science (ultrasonic) - shared
59~40306+18~07249_20260926_034302.wav,DEV_001_20260926_034302.wav,0,59.40306,18.07249,Leppun,Leptophyes punctatissima,Speckled Bush-cricket,bush-cricket,0.99,,,26/09/2026,25/09/2026,03:43:02,ClassifEspSWE-0002026-05-29_1,JOHANKARLSSON,20260926175329TA9EA1,2026_26_sep_03,Citizen Science (ultrasonic) - shared
59~40306+18~07249_20260926_034308.wav,DEV_001_20260926_034308.wav,0,59.40306,18.07249,Leppun,Leptophyes punctatissima,Speckled Bush-cricket,bush-cricket,0.99,,,26/09/2026,25/09/2026,03:43:08,ClassifEspSWE-0002026-05-29_1,JOHANKARLSSON,20260926175329TA9EA1,2026_26_sep_03,Citizen Science (ultrasonic) - shared
59~40306+18~07249_20260926_034313.wav,DEV_001_20260926_034313.wav,0,59.40306,18.07249,Leppun,Leptophyes punctatissima,Speckled Bush-cricket,bush-cricket,0.99,,,26/09/2026,25/09/2026,03:43:13,ClassifEspSWE-0002026-05-29_1,JOHANKARLSSON,20260926175329TA9EA1,2026_26_sep_03,Citizen Science (ultrasonic) - shared
59~40306+18~07249_20260926_034320.wav,DEV_001_20260926_034320.wav,0,59.40306,18.07249,Leppun,Leptophyes punctatissima,Speckled Bush-cricket,bush-cricket,0.99,,,26/09/2026,25/09/2026,03:43:20,ClassifEspSWE-0002026-05-29_1,JOHANKARLSSON,20260926175329TA9EA1,2026_26_sep_03,Citizen Science (ultrasonic) - shared
59~40306+18~07249_20260926_034326.wav,DEV_001_20260926_034326.wav,0,59.40306,18.07249,Leppun,Leptophyes punctatissima,Speckled Bush-cricket,bush-cricket,0.99,,,26/09/2026,25/09/2026,03:43:26,ClassifEspSWE-0002026-05-29_1,JOHANKARLSSON,20260926175329TA9EA1,2026_26_sep_03,Citizen Science (ultrasonic) - shared
59~40306+18~07249_20260926_034334.wav,DEV_001_20260926_034334.wav,0,59.40306,18.07249,Leppun,Leptophyes punctatissima,Speckled Bush-cricket,bush-cricket,0.99,,,26/09/2026,25/09/2026,03:43:34,ClassifEspSWE-0002026-05-29_1,JOHANKARLSSON,20260926175329TA9EA1,2026_26_sep_03,Citizen Science (ultrasonic) - shared
59~40306+18~07249_20260926_034342.wav,DEV_001_20260926_034342.wav,0,59.40306,18.07249,Leppun,Leptophyes punctatissima,Speckled Bush-cricket,bush-cricket,0.99,,,26/09/2026,25/09/2026,03:43:42,ClassifEspSWE-0002026-05-29_1,JOHANKARLSSON,20260926175329TA9EA1,2026_26_sep_03,Citizen Science (ultrasonic) - shared
59~40306+18~07249_20260926_034349.wav,DEV_001_20260926_034349.wav,0,59.40306,18.07249,Leppun,Leptophyes punctatissima,Speckled Bush-cricket,bush-cricket,0.99,,,26/09/2026,25/09/2026,03:43:49,ClassifEspSWE-0002026-05-29_1,JOHANKARLSSON,20260926175329TA9EA1,2026_26_sep_03,Citizen Science (ultrasonic) - shared
59~40306+18~07249_20260926_034354.wav,DEV_001_20260926_034354.wav,0,59.40306,18.07249,Leppun,Leptophyes punctatissima,Speckled Bush-cricket,bush-cricket,0.99,,,26/09/2026,25/09/2026,03:43:54,ClassifEspSWE-0002026-05-29_1,JOHANKARLSSON,20260926175329TA9EA1,2026_26_sep_03,Citizen Science (ultrasonic) - shared
59~40306+18~07249_20260926_034359.wav,DEV_001_20260926_034359.wav,0,59.40306,18.07249,Leppun,Leptophyes punctatissima,Speckled Bush-cricket,bush-cricket,0.99,,,26/09/2026,25/09/2026,03:43:59,ClassifEspSWE-0002026-05-29_1,JOHANKARLSSON,20260926175329TA9EA1,2026_26_sep_03,Citizen Science (ultrasonic) - shared
59~40306+18~07249_20260926_034406.wav,DEV_001_20260926_034406.wav,0,59.40306,18.07249,Leppun,Leptophyes punctatissima,Speckled Bush-cricket,bush-cricket,0.99,,,26/09/2026,25/09/2026,03:44:06,ClassifEspSWE-0002026-05-29_1,JOHANKARLSSON,20260926175329TA9EA1,2026_26_sep_03,Citizen Science (ultrasonic) - shared
59~40306+18~07249_20260926_034411.wav,DEV_001_20260926_034411.wav,0,59.40306,18.07249,Leppun,Leptophyes punctatissima,Speckled Bush-cricket,bush-cricket,0.99,,,26/09/2026,25/09/2026,03:44:11,ClassifEspSWE-0002026-05-29_1,JOHANKARLSSON,20260926175329TA9EA1,2026_26_sep_03,Citizen Science (ultrasonic) - shared
59~40306+18~07249_20260926_034418.wav,DEV_001_20260926_034418.wav,0,59.40306,18.07249,Leppun,Leptophyes punctatissima,Speckled Bush-cricket,bush-cricket,0.99,,,26/09/2026,25/09/2026,03:44:18,ClassifEspSWE-0002026-05-29_1,JOHANKARLSSON,20260926175329TA9EA1,2026_26_sep_03,Citizen Science (ultrasonic) - shared
59~40306+18~07249_20260926_034423.wav,DEV_001_20260926_034423.wav,0,59.40306,18.07249,Leppun,Leptophyes punctatissima,Speckled Bush-cricket,bush-cricket,0.99,,,26/09/2026,25/09/2026,03:44:23,ClassifEspSWE-0002026-05-29_1,JOHANKARLSSON,20260926175329TA9EA1,2026_26_sep_03,Citizen Science (ultrasonic) - shared
59~40306+18~07249_20260926_034430.wav,DEV_001_20260926_034430.wav,0,59.40306,18.07249,Leppun,Leptophyes punctatissima,Speckled Bush-cricket,bush-cricket,0.99,,,26/09/2026,25/09/2026,03:44:30,ClassifEspSWE-0002026-05-29_1,JOHANKARLSSON,20260926175329TA9EA1,2026_26_sep_03,Citizen Science (ultrasonic) - shared
59~40306+18~07249_20260926_034436.wav,DEV_001_20260926_034436.wav,0,59.40306,18.07249,Leppun,Leptophyes punctatissima,Speckled Bush-cricket,bush-cricket,0.99,,,26/09/2026,25/09/2026,03:44:36,ClassifEspSWE-0002026-05-29_1,JOHANKARLSSON,20260926175329TA9EA1,2026_26_sep_03,Citizen Science (ultrasonic) - shared
59~40306+18~07249_20260926_034441.wav,DEV_001_20260926_034441.wav,0,59.40306,18.07249,Leppun,Leptophyes punctatissima,Speckled Bush-cricket,bush-cricket,0.99,,,26/09/2026,25/09/2026,03:44:41,ClassifEspSWE-0002026-05-29_1,JOHANKARLSSON,20260926175329TA9EA1,2026_26_sep_03,Citizen Science (ultrasonic) - shared
59~40306+18~07249_20260926_034447.wav,DEV_001_20260926_034447.wav,0,59.40306,18.07249,Leppun,Leptophyes punctatissima,Speckled Bush-cricket,bush-cricket,0.99,,,26/09/2026,25/09/2026,03:44:47,ClassifEspSWE-0002026-05-29_1,JOHANKARLSSON,20260926175329TA9EA1,2026_26_sep_03,Citizen Science (ultrasonic) - shared
59~40306+18~07249_20260926_034455.wav,DEV_001_20260926_034455.wav,0,59.40306,18.07249,Leppun,Leptophyes punctatissima,Speckled Bush-cricket,bush-cricket,0.99,,,26/09/2026,25/09/2026,03:44:55,ClassifEspSWE-0002026-05-29_1,JOHANKARLSSON,20260926175329TA9EA1,2026_26_sep_03,Citizen Science (ultrasonic) - shared
59~40306+18~07249_20260926_034500.wav,DEV_001_20260926_034500.wav,0,59.40306,18.07249,Leppun,Leptophyes punctatissima,Speckled Bush-cricket,bush-cricket,0.99,,,26/09/2026,25/09/2026,03:45:00,ClassifEspSWE-0002026-05-29_1,JOHANKARLSSON,20260926175329TA9EA1,2026_26_sep_03,Citizen Science (ultrasonic) - shared
59~40306+18~07249_20260926_034507.wav,DEV_001_20260926_034507.wav,0,59.40306,18.07249,Leppun,Leptophyes punctatissima,Speckled Bush-cricket,bush-cricket,0.99,,,26/09/2026,25/09/2026,03:45:07,ClassifEspSWE-0002026-05-29_1,JOHANKARLSSON,20260926175329TA9EA1,2026_26_sep_03,Citizen Science (ultrasonic) - shared
59~40306+18~07249_20260926_034512.wav,DEV_001_20260926_034512.wav,0,59.40306,18.07249,Leppun,Leptophyes punctatissima,Speckled Bush-cricket,bush-cricket,0.99,,,26/09/2026,25/09/2026,03:45:12,ClassifEspSWE-0002026-05-29_1,JOHANKARLSSON,20260926175329TA9EA1,2026_26_sep_03,Citizen Science (ultrasonic) - shared
59~40306+18~07249_20260926_034518.wav,DEV_001_20260926_034518.wav,0,59.40306,18.07249,Leppun,Leptophyes punctatissima,Speckled Bush-cricket,bush-cricket,0.99,,,26/09/2026,25/09/2026,03:45:18,ClassifEspSWE-0002026-05-29_1,JOHANKARLSSON,20260926175329TA9EA1,2026_26_sep_03,Citizen Science (ultrasonic) - shared
59~40306+18~07249_20260926_034525.wav,DEV_001_20260926_034525.wav,0,59.40306,18.07249,Leppun,Leptophyes punctatissima,Speckled Bush-cricket,bush-cricket,0.99,,,26/09/2026,25/09/2026,03:45:25,ClassifEspSWE-0002026-05-29_1,JOHANKARLSSON,20260926175329TA9EA1,2026_26_sep_03,Citizen Science (ultrasonic) - shared
59~40306+18~07249_20260926_034531.wav,DEV_001_20260926_034531.wav,0,59.40306,18.07249,Leppun,Leptophyes punctatissima,Speckled Bush-cricket,bush-cricket,0.99,,,26/09/2026,25/09/2026,03:45:31,ClassifEspSWE-0002026-05-29_1,JOHANKARLSSON,20260926175329TA9EA1,2026_26_sep_03,Citizen Science (ultrasonic) - shared
59~40306+18~07249_20260926_034537.wav,DEV_001_20260926_034537.wav,0,59.40306,18.07249,Leppun,Leptophyes punctatissima,Speckled Bush-cricket,bush-cricket,0.99,,,26/09/2026,25/09/2026,03:45:37,ClassifEspSWE-0002026-05-29_1,JOHANKARLSSON,20260926175329TA9EA1,2026_26_sep_03,Citizen Science (ultrasonic) - shared
59~40306+18~07249_20260926_034544.wav,DEV_001_20260926_034544.wav,0,59.40306,18.07249,Leppun,Leptophyes punctatissima,Speckled Bush-cricket,bush-cricket,0.99,,,26/09/2026,25/09/2026,03:45:44,ClassifEspSWE-0002026-05-29_1,JOHANKARLSSON,20260926175329TA9EA1,2026_26_sep_03,Citizen Science (ultrasonic) - shared
59~40306+18~07249_20260926_034553.wav,DEV_001_20260926_034553.wav,0,59.40306,18.07249,Leppun,Leptophyes punctatissima,Speckled Bush-cricket,bush-cricket,0.99,,,26/09/2026,25/09/2026,03:45:53,ClassifEspSWE-0002026-05-29_1,JOHANKARLSSON,20260926175329TA9EA1,2026_26_sep_03,Citizen Science (ultrasonic) - shared
59~40306+18~07249_20260926_034559.wav,DEV_001_20260926_034559.wav,0,59.40306,18.07249,Leppun,Leptophyes punctatissima,Speckled Bush-cricket,bush-cricket,0.99,,,26/09/2026,25/09/2026,03:45:59,ClassifEspSWE-0002026-05-29_1,JOHANKARLSSON,20260926175329TA9EA1,2026_26_sep_03,Citizen Science (ultrasonic) - shared
59~40306+18~07249_20260926_034604.wav,DEV_001_20260926_034604.wav,0,59.40306,18.07249,Leppun,Leptophyes punctatissima,Speckled Bush-cricket,bush-cricket,0.99,,,26/09/2026,25/09/2026,03:46:04,ClassifEspSWE-0002026-05-29_1,JOHANKARLSSON,20260926175329TA9EA1,2026_26_sep_03,Citizen Science (ultrasonic) - shared
59~40306+18~07249_20260926_034612.wav,DEV_001_20260926_034612.wav,0,59.40306,18.07249,Leppun,Leptophyes punctatissima,Speckled Bush-cricket,bush-cricket,0.99,,,26/09/2026,25/09/2026,03:46:12,ClassifEspSWE-0002026-05-29_1,JOHANKARLSSON,20260926175329TA9EA1,2026_26_sep_03,Citizen Science (ultrasonic) - shared
59~40306+18~07249_20260926_034618.wav,DEV_001_20260926_034618.wav,0,59.40306,18.07249,Leppun,Leptophyes punctatissima,Speckled Bush-cricket,bush-cricket,0.99,,,26/09/2026,25/09/2026,03:46:18,ClassifEspSWE-0002026-05-29_1,JOHANKARLSSON,20260926175329TA9EA1,2026_26_sep_03,Citizen Science (ultrasonic) - shared
59~40306+18~07249_20260926_034624.wav,DEV_001_20260926_034624.wav,0,59.40306,18.07249,Leppun,Leptophyes punctatissima,Speckled Bush-cricket,bush-cricket,0.99,,,26/09/2026,25/09/2026,03:46:24,ClassifEspSWE-0002026-05-29_1,JOHANKARLSSON,20260926175329TA9EA1,2026_26_sep_03,Citizen Science (ultrasonic) - shared
59~40306+18~07249_20260926_034629.wav,DEV_001_20260926_034629.wav,0,59.40306,18.07249,Leppun,Leptophyes punctatissima,Speckled Bush-cricket,bush-cricket,0.99,,,26/09/2026,25/09/2026,03:46:29,ClassifEspSWE-0002026-05-29_1,JOHANKARLSSON,20260926175329TA9EA1,2026_26_sep_03,Citizen Science (ultrasonic) - shared
59~40306+18~07249_20260926_034635.wav,DEV_001_20260926_034635.wav,0,59.40306,18.07249,Leppun,Leptophyes punctatissima,Speckled Bush-cricket,bush-cricket,0.99,,,26/09/2026,25/09/2026,03:46:35,ClassifEspSWE-0002026-05-29_1,JOHANKARLSSON,20260926175329TA9EA1,2026_26_sep_03,Citizen Science (ultrasonic) - shared
59~40306+18~07249_20260926_034640.wav,DEV_001_20260926_034640.wav,0,59.40306,18.07249,Leppun,Leptophyes punctatissima,Speckled Bush-cricket,bush-cricket,0.99,,,26/09/2026,25/09/2026,03:46:40,ClassifEspSWE-0002026-05-29_1,JOHANKARLSSON,20260926175329TA9EA1,2026_26_sep_03,Citizen Science (ultrasonic) - shared
59~40306+18~07249_20260926_034648.wav,DEV_001_20260926_034648.wav,0,59.40306,18.07249,Leppun,Leptophyes punctatissima,Speckled Bush-cricket,bush-cricket,0.99,,,26/09/2026,25/09/2026,03:46:48,ClassifEspSWE-0002026-05-29_1,JOHANKARLSSON,20260926175329TA9EA1,2026_26_sep_03,Citizen Science (ultrasonic) - shared
59~40306+18~07249_20260926_034654.wav,DEV_001_20260926_034654.wav,0,59.40306,18.07249,Leppun,Leptophyes punctatissima,Speckled Bush-cricket,bush-cricket,0.99,,,26/09/2026,25/09/2026,03:46:54,ClassifEspSWE-0002026-05-29_1,JOHANKARLSSON,20260926175329TA9EA1,2026_26_sep_03,Citizen Science (ultrasonic) - shared
59~40306+18~07249_20260926_034659.wav,DEV_001_20260926_034659.wav,0,59.40306,18.07249,Leppun,Leptophyes punctatissima,Speckled Bush-cricket,bush-cricket,0.99,,,26/09/2026,25/09/2026,03:46:59,ClassifEspSWE-0002026-05-29_1,JOHANKARLSSON,20260926175329TA9EA1,2026_26_sep_03,Citizen Science (ultrasonic) - shared
59~40306+18~07249_20260926_034705.wav,DEV_001_20260926_034705.wav,0,59.40306,18.07249,Leppun,Leptophyes punctatissima,Speckled Bush-cricket,bush-cricket,0.99,,,26/09/2026,25/09/2026,03:47:05,ClassifEspSWE-0002026-05-29_1,JOHANKARLSSON,20260926175329TA9EA1,2026_26_sep_03,Citizen Science (ultrasonic) - shared
59~40306+18~07249_20260926_034710.wav,DEV_001_20260926_034710.wav,0,59.40306,18.07249,Leppun,Leptophyes punctatissima,Speckled Bush-cricket,bush-cricket,0.99,,,26/09/2026,25/09/2026,03:47:10,ClassifEspSWE-0002026-05-29_1,JOHANKARLSSON,20260926175329TA9EA1,2026_26_sep_03,Citizen Science (ultrasonic) - shared
59~40306+18~07249_20260926_034715.wav,DEV_001_20260926_034715.wav,0,59.40306,18.07249,Leppun,Leptophyes punctatissima,Speckled Bush-cricket,bush-cricket,0.99,,,26/09/2026,25/09/2026,03:47:15,ClassifEspSWE-0002026-05-29_1,JOHANKARLSSON,20260926175329TA9EA1,2026_26_sep_03,Citizen Science (ultrasonic) - shared
59~40306+18~07249_20260926_034721.wav,DEV_001_20260926_034721.wav,0,59.40306,18.07249,Leppun,Leptophyes punctatissima,Speckled Bush-cricket,bush-cricket,0.99,,,26/09/2026,25/09/2026,03:47:21,ClassifEspSWE-0002026-05-29_1,JOHANKARLSSON,20260926175329TA9EA1,2026_26_sep_03,Citizen Science (ultrasonic) - shared
59~40306+18~07249_20260926_034728.wav,DEV_001_20260926_034728.wav,0,59.40306,18.07249,Leppun,Leptophyes punctatissima,Speckled Bush-cricket,bush-cricket,0.99,,,26/09/2026,25/09/2026,03:47:28,ClassifEspSWE-0002026-05-29_1,JOHANKARLSSON,20260926175329TA9EA1,2026_26_sep_03,Citizen Science (ultrasonic) - shared
59~40306+18~07249_20260926_034733.wav,DEV_001_20260926_034733.wav,0,59.40306,18.07249,Leppun,Leptophyes punctatissima,Speckled Bush-cricket,bush-cricket,0.99,,,26/09/2026,25/09/2026,03:47:33,ClassifEspSWE-0002026-05-29_1,JOHANKARLSSON,20260926175329TA9EA1,2026_26_sep_03,Citizen Science (ultrasonic) - shared
59~40306+18~07249_20260926_034740.wav,DEV_001_20260926_034740.wav,0,59.40306,18.07249,Leppun,Leptophyes punctatissima,Speckled Bush-cricket,bush-cricket,0.99,,,26/09/2026,25/09/2026,03:47:40,ClassifEspSWE-0002026-05-29_1,JOHANKARLSSON,20260926175329TA9EA1,2026_26_sep_03,Citizen Science (ultrasonic) - shared
59~40306+18~07249_20260926_034746.wav,DEV_001_20260926_034746.wav,0,59.40306,18.07249,Leppun,Leptophyes punctatissima,Speckled Bush-cricket,bush-cricket,0.99,,,26/09/2026,25/09/2026,03:47:46,ClassifEspSWE-0002026-05-29_1,JOHANKARLSSON,20260926175329TA9EA1,2026_26_sep_03,Citizen Science (ultrasonic) - shared
59~40306+18~07249_20260926_034753.wav,DEV_001_20260926_034753.wav,0,59.40306,18.07249,Leppun,Leptophyes punctatissima,Speckled Bush-cricket,bush-cricket,0.99,,,26/09/2026,25/09/2026,03:47:53,ClassifEspSWE-0002026-05-29_1,JOHANKARLSSON,20260926175329TA9EA1,2026_26_sep_03,Citizen Science (ultrasonic) - shared
59~40306+18~07249_20260926_034758.wav,DEV_001_20260926_034758.wav,0,59.40306,18.07249,Leppun,Leptophyes punctatissima,Speckled Bush-cricket,bush-cricket,0.99,,,26/09/2026,25/09/2026,03:47:58,ClassifEspSWE-0002026-05-29_1,JOHANKARLSSON,20260926175329TA9EA1,2026_26_sep_03,Citizen Science (ultrasonic) - shared
59~40306+18~07249_20260926_034805.wav,DEV_001_20260926_034805.wav,0,59.40306,18.07249,Leppun,Leptophyes punctatissima,Speckled Bush-cricket,bush-cricket,0.99,,,26/09/2026,25/09/2026,03:48:05,ClassifEspSWE-0002026-05-29_1,JOHANKARLSSON,20260926175329TA9EA1,2026_26_sep_03,Citizen Science (ultrasonic) - shared
59~40306+18~07249_20260926_034812.wav,DEV_001_20260926_034812.wav,0,59.40306,18.07249,Leppun,Leptophyes punctatissima,Speckled Bush-cricket,bush-cricket,0.99,,,26/09/2026,25/09/2026,03:48:12,ClassifEspSWE-0002026-05-29_1,JOHANKARLSSON,20260926175329TA9EA1,2026_26_sep_03,Citizen Science (ultrasonic) - shared
59~40306+18~07249_20260926_034818.wav,DEV_001_20260926_034818.wav,0,59.40306,18.07249,Leppun,Leptophyes punctatissima,Speckled Bush-cricket,bush-cricket,0.99,,,26/09/2026,25/09/2026,03:48:18,ClassifEspSWE-0002026-05-29_1,JOHANKARLSSON,20260926175329TA9EA1,2026_26_sep_03,Citizen Science (ultrasonic) - shared
59~40306+18~07249_20260926_034829.wav,DEV_001_20260926_034829.wav,0,59.40306,18.07249,Leppun,Leptophyes punctatissima,Speckled Bush-cricket,bush-cricket,0.99,,,26/09/2026,25/09/2026,03:48:29,ClassifEspSWE-0002026-05-29_1,JOHANKARLSSON,20260926175329TA9EA1,2026_26_sep_03,Citizen Science (ultrasonic) - shared
59~40306+18~07249_20260926_034837.wav,DEV_001_20260926_034837.wav,0,59.40306,18.07249,Leppun,Leptophyes punctatissima,Speckled Bush-cricket,bush-cricket,0.99,,,26/09/2026,25/09/2026,03:48:37,ClassifEspSWE-0002026-05-29_1,JOHANKARLSSON,20260926175329TA9EA1,2026_26_sep_03,Citizen Science (ultrasonic) - shared
59~40306+18~07249_20260926_034843.wav,DEV_001_20260926_034843.wav,0,59.40306,18.07249,Leppun,Leptophyes punctatissima,Speckled Bush-cricket,bush-cricket,0.99,,,26/09/2026,25/09/2026,03:48:43,ClassifEspSWE-0002026-05-29_1,JOHANKARLSSON,20260926175329TA9EA1,2026_26_sep_03,Citizen Science (ultrasonic) - shared
59~40306+18~07249_20260926_034849.wav,DEV_001_20260926_034849.wav,0,59.40306,18.07249,Leppun,Leptophyes punctatissima,Speckled Bush-cricket,bush-cricket,0.99,,,26/09/2026,25/09/2026,03:48:49,ClassifEspSWE-0002026-05-29_1,JOHANKARLSSON,20260926175329TA9EA1,2026_26_sep_03,Citizen Science (ultrasonic) - shared
59~40306+18~07249_20260926_034855.wav,DEV_001_20260926_034855.wav,0,59.40306,18.07249,Leppun,Leptophyes punctatissima,Speckled Bush-cricket,bush-cricket,0.99,,,26/09/2026,25/09/2026,03:48:55,ClassifEspSWE-0002026-05-29_1,JOHANKARLSSON,20260926175329TA9EA1,2026_26_sep_03,Citizen Science (ultrasonic) - shared
59~40306+18~07249_20260926_034901.wav,DEV_001_20260926_034901.wav,0,59.40306,18.07249,Leppun,Leptophyes punctatissima,Speckled Bush-cricket,bush-cricket,0.99,,,26/09/2026,25/09/2026,03:49:01,ClassifEspSWE-0002026-05-29_1,JOHANKARLSSON,20260926175329TA9EA1,2026_26_sep_03,Citizen Science (ultrasonic) - shared
59~40306+18~07249_20260926_034908.wav,DEV_001_20260926_034908.wav,0,59.40306,18.07249,Leppun,Leptophyes punctatissima,Speckled Bush-cricket,bush-cricket,0.99,,,26/09/2026,25/09/2026,03:49:08,ClassifEspSWE-0002026-05-29_1,JOHANKARLSSON,20260926175329TA9EA1,2026_26_sep_03,Citizen Science (ultrasonic) - shared
59~40306+18~07249_20260926_034913.wav,DEV_001_20260926_034913.wav,0,59.40306,18.07249,Leppun,Leptophyes punctatissima,Speckled Bush-cricket,bush-cricket,0.99,,,26/09/2026,25/09/2026,03:49:13,ClassifEspSWE-0002026-05-29_1,JOHANKARLSSON,20260926175329TA9EA1,2026_26_sep_03,Citizen Science (ultrasonic) - shared
59~40306+18~07249_20260926_034921.wav,DEV_001_20260926_034921.wav,0,59.40306,18.07249,Leppun,Leptophyes punctatissima,Speckled Bush-cricket,bush-cricket,0.99,,,26/09/2026,25/09/2026,03:49:21,ClassifEspSWE-0002026-05-29_1,JOHANKARLSSON,20260926175329TA9EA1,2026_26_sep_03,Citizen Science (ultrasonic) - shared
59~40306+18~07249_20260926_034929.wav,DEV_001_20260926_034929.wav,0,59.40306,18.07249,Leppun,Leptophyes punctatissima,Speckled Bush-cricket,bush-cricket,0.99,,,26/09/2026,25/09/2026,03:49:29,ClassifEspSWE-0002026-05-29_1,JOHANKARLSSON,20260926175329TA9EA1,2026_26_sep_03,Citizen Science (ultrasonic) - shared
59~40306+18~07249_20260926_034935.wav,DEV_001_20260926_034935.wav,0,59.40306,18.07249,Leppun,Leptophyes punctatissima,Speckled Bush-cricket,bush-cricket,0.99,,,26/09/2026,25/09/2026,03:49:35,ClassifEspSWE-0002026-05-29_1,JOHANKARLSSON,20260926175329TA9EA1,2026_26_sep_03,Citizen Science (ultrasonic) - shared
59~40306+18~07249_20260926_034941.wav,DEV_001_20260926_034941.wav,0,59.40306,18.07249,Leppun,Leptophyes punctatissima,Speckled Bush-cricket,bush-cricket,0.99,,,26/09/2026,25/09/2026,03:49:41,ClassifEspSWE-0002026-05-29_1,JOHANKARLSSON,20260926175329TA9EA1,2026_26_sep_03,Citizen Science (ultrasonic) - shared
59~40306+18~07249_20260926_034946.wav,DEV_001_20260926_034946.wav,0,59.40306,18.07249,Leppun,Leptophyes punctatissima,Speckled Bush-cricket,bush-cricket,0.99,,,26/09/2026,25/09/2026,03:49:46,ClassifEspSWE-0002026-05-29_1,JOHANKARLSSON,20260926175329TA9EA1,2026_26_sep_03,Citizen Science (ultrasonic) - shared
59~40306+18~07249_20260926_034953.wav,DEV_001_20260926_034953.wav,0,59.40306,18.07249,Leppun,Leptophyes punctatissima,Speckled Bush-cricket,bush-cricket,0.99,,,26/09/2026,25/09/2026,03:49:53,ClassifEspSWE-0002026-05-29_1,JOHANKARLSSON,20260926175329TA9EA1,2026_26_sep_03,Citizen Science (ultrasonic) - shared
59~40306+18~07249_20260926_034959.wav,DEV_001_20260926_034959.wav,0,59.40306,18.07249,Leppun,Leptophyes punctatissima,Speckled Bush-cricket,bush-cricket,0.99,,,26/09/2026,25/09/2026,03:49:59,ClassifEspSWE-0002026-05-29_1,JOHANKARLSSON,20260926175329TA9EA1,2026_26_sep_03,Citizen Science (ultrasonic) - shared
59~40306+18~07249_20260926_035006.wav,DEV_001_20260926_035006.wav,0,59.40306,18.07249,Leppun,Leptophyes punctatissima,Speckled Bush-cricket,bush-cricket,0.99,,,26/09/2026,25/09/2026,03:50:06,ClassifEspSWE-0002026-05-29_1,JOHANKARLSSON,20260926175329TA9EA1,2026_26_sep_03,Citizen Science (ultrasonic) - shared
59~40306+18~07249_20260926_035011.wav,DEV_001_20260926_035011.wav,0,59.40306,18.07249,Leppun,Leptophyes punctatissima,Speckled Bush-cricket,bush-cricket,0.99,,,26/09/2026,25/09/2026,03:50:11,ClassifEspSWE-0002026-05-29_1,JOHANKARLSSON,20260926175329TA9EA1,2026_26_sep_03,Citizen Science (ultrasonic) - shared
59~40306+18~07249_20260926_035017.wav,DEV_001_20260926_035017.wav,0,59.40306,18.07249,Leppun,Leptophyes punctatissima,Speckled Bush-cricket,bush-cricket,0.99,,,26/09/2026,25/09/2026,03:50:17,ClassifEspSWE-0002026-05-29_1,JOHANKARLSSON,20260926175329TA9EA1,2026_26_sep_03,Citizen Science (ultrasonic) - shared
59~40306+18~07249_20260926_035023.wav,DEV_001_20260926_035023.wav,0,59.40306,18.07249,Leppun,Leptophyes punctatissima,Speckled Bush-cricket,bush-cricket,0.99,,,26/09/2026,25/09/2026,03:50:23,ClassifEspSWE-0002026-05-29_1,JOHANKARLSSON,20260926175329TA9EA1,2026_26_sep_03,Citizen Science (ultrasonic) - shared
59~40306+18~07249_20260926_035029.wav,DEV_001_20260926_035029.wav,0,59.40306,18.07249,Leppun,Leptophyes punctatissima,Speckled Bush-cricket,bush-cricket,0.99,,,26/09/2026,25/09/2026,03:50:29,ClassifEspSWE-0002026-05-29_1,JOHANKARLSSON,20260926175329TA9EA1,2026_26_sep_03,Citizen Science (ultrasonic) - shared
59~40306+18~07249_20260926_035036.wav,DEV_001_20260926_035036.wav,0,59.40306,18.07249,Leppun,Leptophyes punctatissima,Speckled Bush-cricket,bush-cricket,0.99,,,26/09/2026,25/09/2026,03:50:36,ClassifEspSWE-0002026-05-29_1,JOHANKARLSSON,20260926175329TA9EA1,2026_26_sep_03,Citizen Science (ultrasonic) - shared
59~40306+18~07249_20260926_035045.wav,DEV_001_20260926_035045.wav,0,59.40306,18.07249,Leppun,Leptophyes punctatissima,Speckled Bush-cricket,bush-cricket,0.99,,,26/09/2026,25/09/2026,03:50:45,ClassifEspSWE-0002026-05-29_1,JOHANKARLSSON,20260926175329TA9EA1,2026_26_sep_03,Citizen Science (ultrasonic) - shared
59~40306+18~07249_20260926_035052.wav,DEV_001_20260926_035052.wav,0,59.40306,18.07249,Leppun,Leptophyes punctatissima,Speckled Bush-cricket,bush-cricket,0.99,,,26/09/2026,25/09/2026,03:50:52,ClassifEspSWE-0002026-05-29_1,JOHANKARLSSON,20260926175329TA9EA1,2026_26_sep_03,Citizen Science (ultrasonic) - shared
59~40306+18~07249_20260926_035058.wav,DEV_001_20260926_035058.wav,0,59.40306,18.07249,Leppun,Leptophyes punctatissima,Speckled Bush-cricket,bush-cricket,0.99,,,26/09/2026,25/09/2026,03:50:58,ClassifEspSWE-0002026-05-29_1,JOHANKARLSSON,20260926175329TA9EA1,2026_26_sep_03,Citizen Science (ultrasonic) - shared
59~40306+18~07249_20260926_035104.wav,DEV_001_20260926_035104.wav,0,59.40306,18.07249,Leppun,Leptophyes punctatissima,Speckled Bush-cricket,bush-cricket,0.99,,,26/09/2026,25/09/2026,03:51:04,ClassifEspSWE-0002026-05-29_1,JOHANKARLSSON,20260926175329TA9EA1,2026_26_sep_03,Citizen Science (ultrasonic) - shared
59~40306+18~07249_20260926_035109.wav,DEV_001_20260926_035109.wav,0,59.40306,18.07249,Leppun,Leptophyes punctatissima,Speckled Bush-cricket,bush-cricket,0.99,,,26/09/2026,25/09/2026,03:51:09,ClassifEspSWE-0002026-05-29_1,JOHANKARLSSON,20260926175329TA9EA1,2026_26_sep_03,Citizen Science (ultrasonic) - shared
59~40306+18~07249_20260926_035114.wav,DEV_001_20260926_035114.wav,0,59.40306,18.07249,Leppun,Leptophyes punctatissima,Speckled Bush-cricket,bush-cricket,0.99,,,26/09/2026,25/09/2026,03:51:14,ClassifEspSWE-0002026-05-29_1,JOHANKARLSSON,20260926175329TA9EA1,2026_26_sep_03,Citizen Science (ultrasonic) - shared
59~40306+18~07249_20260926_035121.wav,DEV_001_20260926_035121.wav,0,59.40306,18.07249,Leppun,Leptophyes punctatissima,Speckled Bush-cricket,bush-cricket,0.99,,,26/09/2026,25/09/2026,03:51:21,ClassifEspSWE-0002026-05-29_1,JOHANKARLSSON,20260926175329TA9EA1,2026_26_sep_03,Citizen Science (ultrasonic) - shared
59~40306+18~07249_20260926_035128.wav,DEV_001_20260926_035128.wav,0,59.40306,18.07249,Leppun,Leptophyes punctatissima,Speckled Bush-cricket,bush-cricket,0.99,,,26/09/2026,25/09/2026,03:51:28,ClassifEspSWE-0002026-05-29_1,JOHANKARLSSON,20260926175329TA9EA1,2026_26_sep_03,Citizen Science (ultrasonic) - shared
59~40306+18~07249_20260926_035135.wav,DEV_001_20260926_035135.wav,0,59.40306,18.07249,Leppun,Leptophyes punctatissima,Speckled Bush-cricket,bush-cricket,0.99,,,26/09/2026,25/09/2026,03:51:35,ClassifEspSWE-0002026-05-29_1,JOHANKARLSSON,20260926175329TA9EA1,2026_26_sep_03,Citizen Science (ultrasonic) - shared
59~40306+18~07249_20260926_035140.wav,DEV_001_20260926_035140.wav,0,59.40306,18.07249,Leppun,Leptophyes punctatissima,Speckled Bush-cricket,bush-cricket,0.99,,,26/09/2026,25/09/2026,03:51:40,ClassifEspSWE-0002026-05-29_1,JOHANKARLSSON,20260926175329TA9EA1,2026_26_sep_03,Citizen Science (ultrasonic) - shared
59~40306+18~07249_20260926_035147.wav,DEV_001_20260926_035147.wav,0,59.40306,18.07249,Leppun,Leptophyes punctatissima,Speckled Bush-cricket,bush-cricket,0.99,,,26/09/2026,25/09/2026,03:51:47,ClassifEspSWE-0002026-05-29_1,JOHANKARLSSON,20260926175329TA9EA1,2026_26_sep_03,Citizen Science (ultrasonic) - shared
59~40306+18~07249_20260926_035152.wav,DEV_001_20260926_035152.wav,0,59.40306,18.07249,Leppun,Leptophyes punctatissima,Speckled Bush-cricket,bush-cricket,0.99,,,26/09/2026,25/09/2026,03:51:52,ClassifEspSWE-0002026-05-29_1,JOHANKARLSSON,20260926175329TA9EA1,2026_26_sep_03,Citizen Science (ultrasonic) - shared
59~40306+18~07249_20260926_035159.wav,DEV_001_20260926_035159.wav,0,59.40306,18.07249,Leppun,Leptophyes punctatissima,Speckled Bush-cricket,bush-cricket,0.99,,,26/09/2026,25/09/2026,03:51:59,ClassifEspSWE-0002026-05-29_1,JOHANKARLSSON,20260926175329TA9EA1,2026_26_sep_03,Citizen Science (ultrasonic) - shared
59~40306+18~07249_20260926_035206.wav,DEV_001_20260926_035206.wav,0,59.40306,18.07249,Leppun,Leptophyes punctatissima,Speckled Bush-cricket,bush-cricket,0.99,,,26/09/2026,25/09/2026,03:52:06,ClassifEspSWE-0002026-05-29_1,JOHANKARLSSON,20260926175329TA9EA1,2026_26_sep_03,Citizen Science (ultrasonic) - shared
59~40306+18~07249_20260926_035214.wav,DEV_001_20260926_035214.wav,0,59.40306,18.07249,Leppun,Leptophyes punctatissima,Speckled Bush-cricket,bush-cricket,0.99,,,26/09/2026,25/09/2026,03:52:14,ClassifEspSWE-0002026-05-29_1,JOHANKARLSSON,20260926175329TA9EA1,2026_26_sep_03,Citizen Science (ultrasonic) - shared
59~40306+18~07249_20260926_035221.wav,DEV_001_20260926_035221.wav,0,59.40306,18.07249,Leppun,Leptophyes punctatissima,Speckled Bush-cricket,bush-cricket,0.99,,,26/09/2026,25/09/2026,03:52:21,ClassifEspSWE-0002026-05-29_1,JOHANKARLSSON,20260926175329TA9EA1,2026_26_sep_03,Citizen Science (ultrasonic) - shared
59~40306+18~07249_20260926_035227.wav,DEV_001_20260926_035227.wav,0,59.40306,18.07249,Leppun,Leptophyes punctatissima,Speckled Bush-cricket,bush-cricket,0.99,,,26/09/2026,25/09/2026,03:52:27,ClassifEspSWE-0002026-05-29_1,JOHANKARLSSON,20260926175329TA9EA1,2026_26_sep_03,Citizen Science (ultrasonic) - shared
59~40306+18~07249_20260926_035233.wav,DEV_001_20260926_035233.wav,0,59.40306,18.07249,Leppun,Leptophyes punctatissima,Speckled Bush-cricket,bush-cricket,0.99,,,26/09/2026,25/09/2026,03:52:33,ClassifEspSWE-0002026-05-29_1,JOHANKARLSSON,20260926175329TA9EA1,2026_26_sep_03,Citizen Science (ultrasonic) - shared
59~40306+18~07249_20260926_035239.wav,DEV_001_20260926_035239.wav,0,59.40306,18.07249,Leppun,Leptophyes punctatissima,Speckled Bush-cricket,bush-cricket,0.99,,,26/09/2026,25/09/2026,03:52:39,ClassifEspSWE-0002026-05-29_1,JOHANKARLSSON,20260926175329TA9EA1,2026_26_sep_03,Citizen Science (ultrasonic) - shared
59~40306+18~07249_20260926_035245.wav,DEV_001_20260926_035245.wav,0,59.40306,18.07249,Leppun,Leptophyes punctatissima,Speckled Bush-cricket,bush-cricket,0.99,,,26/09/2026,25/09/2026,03:52:45,ClassifEspSWE-0002026-05-29_1,JOHANKARLSSON,20260926175329TA9EA1,2026_26_sep_03,Citizen Science (ultrasonic) - shared
59~40306+18~07249_20260926_035252.wav,DEV_001_20260926_035252.wav,0,59.40306,18.07249,Leppun,Leptophyes punctatissima,Speckled Bush-cricket,bush-cricket,0.99,,,26/09/2026,25/09/2026,03:52:52,ClassifEspSWE-0002026-05-29_1,JOHANKARLSSON,20260926175329TA9EA1,2026_26_sep_03,Citizen Science (ultrasonic) - shared
59~40306+18~07249_20260926_035259.wav,DEV_001_20260926_035259.wav,0,59.40306,18.07249,Leppun,Leptophyes punctatissima,Speckled Bush-cricket,bush-cricket,0.99,,,26/09/2026,25/09/2026,03:52:59,ClassifEspSWE-0002026-05-29_1,JOHANKARLSSON,20260926175329TA9EA1,2026_26_sep_03,Citizen Science (ultrasonic) - shared
59~40306+18~07249_20260926_035304.wav,DEV_001_20260926_035304.wav,0,59.40306,18.07249,Leppun,Leptophyes punctatissima,Speckled Bush-cricket,bush-cricket,0.99,,,26/09/2026,25/09/2026,03:53:04,ClassifEspSWE-0002026-05-29_1,JOHANKARLSSON,20260926175329TA9EA1,2026_26_sep_03,Citizen Science (ultrasonic) - shared
59~40306+18~07249_20260926_035312.wav,DEV_001_20260926_035312.wav,0,59.40306,18.07249,Leppun,Leptophyes punctatissima,Speckled Bush-cricket,bush-cricket,0.99,,,26/09/2026,25/09/2026,03:53:12,ClassifEspSWE-0002026-05-29_1,JOHANKARLSSON,20260926175329TA9EA1,2026_26_sep_03,Citizen Science (ultrasonic) - shared
59~40306+18~07249_20260926_035319.wav,DEV_001_20260926_035319.wav,0,59.40306,18.07249,Leppun,Leptophyes punctatissima,Speckled Bush-cricket,bush-cricket,0.99,,,26/09/2026,25/09/2026,03:53:19,ClassifEspSWE-0002026-05-29_1,JOHANKARLSSON,20260926175329TA9EA1,2026_26_sep_03,Citizen Science (ultrasonic) - shared
59~40306+18~07249_20260926_035328.wav,DEV_001_20260926_035328.wav,0,59.40306,18.07249,Leppun,Leptophyes punctatissima,Speckled Bush-cricket,bush-cricket,0.99,,,26/09/2026,25/09/2026,03:53:28,ClassifEspSWE-0002026-05-29_1,JOHANKARLSSON,20260926175329TA9EA1,2026_26_sep_03,Citizen Science (ultrasonic) - shared
59~40306+18~07249_20260926_035337.wav,DEV_001_20260926_035337.wav,0,59.40306,18.07249,Leppun,Leptophyes punctatissima,Speckled Bush-cricket,bush-cricket,0.99,,,26/09/2026,25/09/2026,03:53:37,ClassifEspSWE-0002026-05-29_1,JOHANKARLSSON,20260926175329TA9EA1,2026_26_sep_03,Citizen Science (ultrasonic) - shared
59~40306+18~07249_20260926_035342.wav,DEV_001_20260926_035342.wav,0,59.40306,18.07249,Leppun,Leptophyes punctatissima,Speckled Bush-cricket,bush-cricket,0.99,,,26/09/2026,25/09/2026,03:53:42,ClassifEspSWE-0002026-05-29_1,JOHANKARLSSON,20260926175329TA9EA1,2026_26_sep_03,Citizen Science (ultrasonic) - shared
59~40306+18~07249_20260926_035350.wav,DEV_001_20260926_035350.wav,0,59.40306,18.07249,Leppun,Leptophyes punctatissima,Speckled Bush-cricket,bush-cricket,0.99,,,26/09/2026,25/09/2026,03:53:50,ClassifEspSWE-0002026-05-29_1,JOHANKARLSSON,20260926175329TA9EA1,2026_26_sep_03,Citizen Science (ultrasonic) - shared
59~40306+18~07249_20260926_035356.wav,DEV_001_20260926_035356.wav,0,59.40306,18.07249,Leppun,Leptophyes punctatissima,Speckled Bush-cricket,bush-cricket,0.99,,,26/09/2026,25/09/2026,03:53:56,ClassifEspSWE-0002026-05-29_1,JOHANKARLSSON,20260926175329TA9EA1,2026_26_sep_03,Citizen Science (ultrasonic) - shared
59~40306+18~07249_20260926_035402.wav,DEV_001_20260926_035402.wav,0,59.40306,18.07249,Leppun,Leptophyes punctatissima,Speckled Bush-cricket,bush-cricket,0.99,,,26/09/2026,25/09/2026,03:54:02,ClassifEspSWE-0002026-05-29_1,JOHANKARLSSON,20260926175329TA9EA1,2026_26_sep_03,Citizen Science (ultrasonic) - shared
59~40306+18~07249_20260926_035412.wav,DEV_001_20260926_035412.wav,0,59.40306,18.07249,Leppun,Leptophyes punctatissima,Speckled Bush-cricket,bush-cricket,0.99,,,26/09/2026,25/09/2026,03:54:12,ClassifEspSWE-0002026-05-29_1,JOHANKARLSSON,20260926175329TA9EA1,2026_26_sep_03,Citizen Science (ultrasonic) - shared
59~40306+18~07249_20260926_035422.wav,DEV_001_20260926_035422.wav,0,59.40306,18.07249,Leppun,Leptophyes punctatissima,Speckled Bush-cricket,bush-cricket,0.99,,,26/09/2026,25/09/2026,03:54:22,ClassifEspSWE-0002026-05-29_1,JOHANKARLSSON,20260926175329TA9EA1,2026_26_sep_03,Citizen Science (ultrasonic) - shared
59~40306+18~07249_20260926_035434.wav,DEV_001_20260926_035434.wav,0,59.40306,18.07249,Leppun,Leptophyes punctatissima,Speckled Bush-cricket,bush-cricket,0.99,,,26/09/2026,25/09/2026,03:54:34,ClassifEspSWE-0002026-05-29_1,JOHANKARLSSON,20260926175329TA9EA1,2026_26_sep_03,Citizen Science (ultrasonic) - shared
59~40306+18~07249_20260926_035441.wav,DEV_001_20260926_035441.wav,0,59.40306,18.07249,Leppun,Leptophyes punctatissima,Speckled Bush-cricket,bush-cricket,0.99,,,26/09/2026,25/09/2026,03:54:41,ClassifEspSWE-0002026-05-29_1,JOHANKARLSSON,20260926175329TA9EA1,2026_26_sep_03,Citizen Science (ultrasonic) - shared
59~40306+18~07249_20260926_035447.wav,DEV_001_20260926_035447.wav,0,59.40306,18.07249,Leppun,Leptophyes punctatissima,Speckled Bush-cricket,bush-cricket,0.99,,,26/09/2026,25/09/2026,03:54:47,ClassifEspSWE-0002026-05-29_1,JOHANKARLSSON,20260926175329TA9EA1,2026_26_sep_03,Citizen Science (ultrasonic) - shared
59~40306+18~07249_20260926_035453.wav,DEV_001_20260926_035453.wav,0,59.40306,18.07249,Leppun,Leptophyes punctatissima,Speckled Bush-cricket,bush-cricket,0.99,,,26/09/2026,25/09/2026,03:54:53,ClassifEspSWE-0002026-05-29_1,JOHANKARLSSON,20260926175329TA9EA1,2026_26_sep_03,Citizen Science (ultrasonic) - shared
59~40306+18~07249_20260926_035459.wav,DEV_001_20260926_035459.wav,0,59.40306,18.07249,Leppun,Leptophyes punctatissima,Speckled Bush-cricket,bush-cricket,0.99,,,26/09/2026,25/09/2026,03:54:59,ClassifEspSWE-0002026-05-29_1,JOHANKARLSSON,20260926175329TA9EA1,2026_26_sep_03,Citizen Science (ultrasonic) - shared
59~40306+18~07249_20260926_035505.wav,DEV_001_20260926_035505.wav,0,59.40306,18.07249,Leppun,Leptophyes punctatissima,Speckled Bush-cricket,bush-cricket,0.99,,,26/09/2026,25/09/2026,03:55:05,ClassifEspSWE-0002026-05-29_1,JOHANKARLSSON,20260926175329TA9EA1,2026_26_sep_03,Citizen Science (ultrasonic) - shared
59~40306+18~07249_20260926_035512.wav,DEV_001_20260926_035512.wav,0,59.40306,18.07249,Leppun,Leptophyes punctatissima,Speckled Bush-cricket,bush-cricket,0.99,,,26/09/2026,25/09/2026,03:55:12,ClassifEspSWE-0002026-05-29_1,JOHANKARLSSON,20260926175329TA9EA1,2026_26_sep_03,Citizen Science (ultrasonic) - shared
59~40306+18~07249_20260926_035517.wav,DEV_001_20260926_035517.wav,0,59.40306,18.07249,Leppun,Leptophyes punctatissima,Speckled Bush-cricket,bush-cricket,0.99,,,26/09/2026,25/09/2026,03:55:17,ClassifEspSWE-0002026-05-29_1,JOHANKARLSSON,20260926175329TA9EA1,2026_26_sep_03,Citizen Science (ultrasonic) - shared
59~40306+18~07249_20260926_035523.wav,DEV_001_20260926_035523.wav,0,59.40306,18.07249,Leppun,Leptophyes punctatissima,Speckled Bush-cricket,bush-cricket,0.99,,,26/09/2026,25/09/2026,03:55:23,ClassifEspSWE-0002026-05-29_1,JOHANKARLSSON,20260926175329TA9EA1,2026_26_sep_03,Citizen Science (ultrasonic) - shared
59~40306+18~07249_20260926_035529.wav,DEV_001_20260926_035529.wav,0,59.40306,18.07249,Leppun,Leptophyes punctatissima,Speckled Bush-cricket,bush-cricket,0.99,,,26/09/2026,25/09/2026,03:55:29,ClassifEspSWE-0002026-05-29_1,JOHANKARLSSON,20260926175329TA9EA1,2026_26_sep_03,Citizen Science (ultrasonic) - shared
59~40306+18~07249_20260926_035535.wav,DEV_001_20260926_035535.wav,0,59.40306,18.07249,Leppun,Leptophyes punctatissima,Speckled Bush-cricket,bush-cricket,0.99,,,26/09/2026,25/09/2026,03:55:35,ClassifEspSWE-0002026-05-29_1,JOHANKARLSSON,20260926175329TA9EA1,2026_26_sep_03,Citizen Science (ultrasonic) - shared
59~40306+18~07249_20260926_035540.wav,DEV_001_20260926_035540.wav,0,59.40306,18.07249,Leppun,Leptophyes punctatissima,Speckled Bush-cricket,bush-cricket,0.99,,,26/09/2026,25/09/2026,03:55:40,ClassifEspSWE-0002026-05-29_1,JOHANKARLSSON,20260926175329TA9EA1,2026_26_sep_03,Citizen Science (ultrasonic) - shared
59~40306+18~07249_20260926_035548.wav,DEV_001_20260926_035548.wav,0,59.40306,18.07249,Leppun,Leptophyes punctatissima,Speckled Bush-cricket,bush-cricket,0.99,,,26/09/2026,25/09/2026,03:55:48,ClassifEspSWE-0002026-05-29_1,JOHANKARLSSON,20260926175329TA9EA1,2026_26_sep_03,Citizen Science (ultrasonic) - shared
59~40306+18~07249_20260926_035554.wav,DEV_001_20260926_035554.wav,0,59.40306,18.07249,Leppun,Leptophyes punctatissima,Speckled Bush-cricket,bush-cricket,0.99,,,26/09/2026,25/09/2026,03:55:54,ClassifEspSWE-0002026-05-29_1,JOHANKARLSSON,20260926175329TA9EA1,2026_26_sep_03,Citizen Science (ultrasonic) - shared
59~40306+18~07249_20260926_035559.wav,DEV_001_20260926_035559.wav,0,59.40306,18.07249,Leppun,Leptophyes punctatissima,Speckled Bush-cricket,bush-cricket,0.99,,,26/09/2026,25/09/2026,03:55:59,ClassifEspSWE-0002026-05-29_1,JOHANKARLSSON,20260926175329TA9EA1,2026_26_sep_03,Citizen Science (ultrasonic) - shared
59~40306+18~07249_20260926_035609.wav,DEV_001_20260926_035609.wav,0,59.40306,18.07249,Leppun,Leptophyes punctatissima,Speckled Bush-cricket,bush-cricket,0.99,,,26/09/2026,25/09/2026,03:56:09,ClassifEspSWE-0002026-05-29_1,JOHANKARLSSON,20260926175329TA9EA1,2026_26_sep_03,Citizen Science (ultrasonic) - shared
59~40306+18~07249_20260926_035614.wav,DEV_001_20260926_035614.wav,0,59.40306,18.07249,Leppun,Leptophyes punctatissima,Speckled Bush-cricket,bush-cricket,0.99,,,26/09/2026,25/09/2026,03:56:14,ClassifEspSWE-0002026-05-29_1,JOHANKARLSSON,20260926175329TA9EA1,2026_26_sep_03,Citizen Science (ultrasonic) - shared
59~40306+18~07249_20260926_035621.wav,DEV_001_20260926_035621.wav,0,59.40306,18.07249,Leppun,Leptophyes punctatissima,Speckled Bush-cricket,bush-cricket,0.99,,,26/09/2026,25/09/2026,03:56:21,ClassifEspSWE-0002026-05-29_1,JOHANKARLSSON,20260926175329TA9EA1,2026_26_sep_03,Citizen Science (ultrasonic) - shared
59~40306+18~07249_20260926_035627.wav,DEV_001_20260926_035627.wav,0,59.40306,18.07249,Leppun,Leptophyes punctatissima,Speckled Bush-cricket,bush-cricket,0.99,,,26/09/2026,25/09/2026,03:56:27,ClassifEspSWE-0002026-05-29_1,JOHANKARLSSON,20260926175329TA9EA1,2026_26_sep_03,Citizen Science (ultrasonic) - shared
59~40306+18~07249_20260926_035634.wav,DEV_001_20260926_035634.wav,0,59.40306,18.07249,Leppun,Leptophyes punctatissima,Speckled Bush-cricket,bush-cricket,0.99,,,26/09/2026,25/09/2026,03:56:34,ClassifEspSWE-0002026-05-29_1,JOHANKARLSSON,20260926175329TA9EA1,2026_26_sep_03,Citizen Science (ultrasonic) - shared
59~40306+18~07249_20260926_035640.wav,DEV_001_20260926_035640.wav,0,59.40306,18.07249,Leppun,Leptophyes punctatissima,Speckled Bush-cricket,bush-cricket,0.99,,,26/09/2026,25/09/2026,03:56:40,ClassifEspSWE-0002026-05-29_1,JOHANKARLSSON,20260926175329TA9EA1,2026_26_sep_03,Citizen Science (ultrasonic) - shared
59~40306+18~07249_20260926_035646.wav,DEV_001_20260926_035646.wav,0,59.40306,18.07249,Leppun,Leptophyes punctatissima,Speckled Bush-cricket,bush-cricket,0.99,,,26/09/2026,25/09/2026,03:56:46,ClassifEspSWE-0002026-05-29_1,JOHANKARLSSON,20260926175329TA9EA1,2026_26_sep_03,Citizen Science (ultrasonic) - shared
59~40306+18~07249_20260926_035652.wav,DEV_001_20260926_035652.wav,0,59.40306,18.07249,Leppun,Leptophyes punctatissima,Speckled Bush-cricket,bush-cricket,0.99,,,26/09/2026,25/09/2026,03:56:52,ClassifEspSWE-0002026-05-29_1,JOHANKARLSSON,20260926175329TA9EA1,2026_26_sep_03,Citizen Science (ultrasonic) - shared
59~40306+18~07249_20260926_035658.wav,DEV_001_20260926_035658.wav,0,59.40306,18.07249,Leppun,Leptophyes punctatissima,Speckled Bush-cricket,bush-cricket,0.99,,,26/09/2026,25/09/2026,03:56:58,ClassifEspSWE-0002026-05-29_1,JOHANKARLSSON,20260926175329TA9EA1,2026_26_sep_03,Citizen Science (ultrasonic) - shared
59~40306+18~07249_20260926_035704.wav,DEV_001_20260926_035704.wav,0,59.40306,18.07249,Leppun,Leptophyes punctatissima,Speckled Bush-cricket,bush-cricket,0.99,,,26/09/2026,25/09/2026,03:57:04,ClassifEspSWE-0002026-05-29_1,JOHANKARLSSON,20260926175329TA9EA1,2026_26_sep_03,Citizen Science (ultrasonic) - shared
59~40306+18~07249_20260926_035711.wav,DEV_001_20260926_035711.wav,0,59.40306,18.07249,Leppun,Leptophyes punctatissima,Speckled Bush-cricket,bush-cricket,0.99,,,26/09/2026,25/09/2026,03:57:11,ClassifEspSWE-0002026-05-29_1,JOHANKARLSSON,20260926175329TA9EA1,2026_26_sep_03,Citizen Science (ultrasonic) - shared
59~40306+18~07249_20260926_035717.wav,DEV_001_20260926_035717.wav,0,59.40306,18.07249,Leppun,Leptophyes punctatissima,Speckled Bush-cricket,bush-cricket,0.99,,,26/09/2026,25/09/2026,03:57:17,ClassifEspSWE-0002026-05-29_1,JOHANKARLSSON,20260926175329TA9EA1,2026_26_sep_03,Citizen Science (ultrasonic) - shared
59~40306+18~07249_20260926_035722.wav,DEV_001_20260926_035722.wav,0,59.40306,18.07249,Leppun,Leptophyes punctatissima,Speckled Bush-cricket,bush-cricket,0.99,,,26/09/2026,25/09/2026,03:57:22,ClassifEspSWE-0002026-05-29_1,JOHANKARLSSON,20260926175329TA9EA1,2026_26_sep_03,Citizen Science (ultrasonic) - shared
59~40306+18~07249_20260926_035728.wav,DEV_001_20260926_035728.wav,0,59.40306,18.07249,Leppun,Leptophyes punctatissima,Speckled Bush-cricket,bush-cricket,0.99,,,26/09/2026,25/09/2026,03:57:28,ClassifEspSWE-0002026-05-29_1,JOHANKARLSSON,20260926175329TA9EA1,2026_26_sep_03,Citizen Science (ultrasonic) - shared
59~40306+18~07249_20260926_035733.wav,DEV_001_20260926_035733.wav,0,59.40306,18.07249,Leppun,Leptophyes punctatissima,Speckled Bush-cricket,bush-cricket,0.99,,,26/09/2026,25/09/2026,03:57:33,ClassifEspSWE-0002026-05-29_1,JOHANKARLSSON,20260926175329TA9EA1,2026_26_sep_03,Citizen Science (ultrasonic) - shared
59~40306+18~07249_20260926_035739.wav,DEV_001_20260926_035739.wav,0,59.40306,18.07249,Leppun,Leptophyes punctatissima,Speckled Bush-cricket,bush-cricket,0.99,,,26/09/2026,25/09/2026,03:57:39,ClassifEspSWE-0002026-05-29_1,JOHANKARLSSON,20260926175329TA9EA1,2026_26_sep_03,Citizen Science (ultrasonic) - shared
59~40306+18~07249_20260926_035744.wav,DEV_001_20260926_035744.wav,0,59.40306,18.07249,Leppun,Leptophyes punctatissima,Speckled Bush-cricket,bush-cricket,0.99,,,26/09/2026,25/09/2026,03:57:44,ClassifEspSWE-0002026-05-29_1,JOHANKARLSSON,20260926175329TA9EA1,2026_26_sep_03,Citizen Science (ultrasonic) - shared
59~40306+18~07249_20260926_035749.wav,DEV_001_20260926_035749.wav,0,59.40306,18.07249,Leppun,Leptophyes punctatissima,Speckled Bush-cricket,bush-cricket,0.99,,,26/09/2026,25/09/2026,03:57:49,ClassifEspSWE-0002026-05-29_1,JOHANKARLSSON,20260926175329TA9EA1,2026_26_sep_03,Citizen Science (ultrasonic) - shared
59~40306+18~07249_20260926_035757.wav,DEV_001_20260926_035757.wav,0,59.40306,18.07249,Leppun,Leptophyes punctatissima,Speckled Bush-cricket,bush-cricket,0.99,,,26/09/2026,25/09/2026,03:57:57,ClassifEspSWE-0002026-05-29_1,JOHANKARLSSON,20260926175329TA9EA1,2026_26_sep_03,Citizen Science (ultrasonic) - shared
59~40306+18~07249_20260926_035803.wav,DEV_001_20260926_035803.wav,0,59.40306,18.07249,Leppun,Leptophyes punctatissima,Speckled Bush-cricket,bush-cricket,0.99,,,26/09/2026,25/09/2026,03:58:03,ClassifEspSWE-0002026-05-29_1,JOHANKARLSSON,20260926175329TA9EA1,2026_26_sep_03,Citizen Science (ultrasonic) - shared
59~40306+18~07249_20260926_035809.wav,DEV_001_20260926_035809.wav,0,59.40306,18.07249,Leppun,Leptophyes punctatissima,Speckled Bush-cricket,bush-cricket,0.99,,,26/09/2026,25/09/2026,03:58:09,ClassifEspSWE-0002026-05-29_1,JOHANKARLSSON,20260926175329TA9EA1,2026_26_sep_03,Citizen Science (ultrasonic) - shared
59~40306+18~07249_20260926_035815.wav,DEV_001_20260926_035815.wav,0,59.40306,18.07249,Leppun,Leptophyes punctatissima,Speckled Bush-cricket,bush-cricket,0.99,,,26/09/2026,25/09/2026,03:58:15,ClassifEspSWE-0002026-05-29_1,JOHANKARLSSON,20260926175329TA9EA1,2026_26_sep_03,Citizen Science (ultrasonic) - shared
59~40306+18~07249_20260926_035821.wav,DEV_001_20260926_035821.wav,0,59.40306,18.07249,Leppun,Leptophyes punctatissima,Speckled Bush-cricket,bush-cricket,0.99,,,26/09/2026,25/09/2026,03:58:21,ClassifEspSWE-0002026-05-29_1,JOHANKARLSSON,20260926175329TA9EA1,2026_26_sep_03,Citizen Science (ultrasonic) - shared
59~40306+18~07249_20260926_035829.wav,DEV_001_20260926_035829.wav,0,59.40306,18.07249,Leppun,Leptophyes punctatissima,Speckled Bush-cricket,bush-cricket,0.99,,,26/09/2026,25/09/2026,03:58:29,ClassifEspSWE-0002026-05-29_1,JOHANKARLSSON,20260926175329TA9EA1,2026_26_sep_03,Citizen Science (ultrasonic) - shared
59~40306+18~07249_20260926_035834.wav,DEV_001_20260926_035834.wav,0,59.40306,18.07249,Leppun,Leptophyes punctatissima,Speckled Bush-cricket,bush-cricket,0.99,,,26/09/2026,25/09/2026,03:58:34,ClassifEspSWE-0002026-05-29_1,JOHANKARLSSON,20260926175329TA9EA1,2026_26_sep_03,Citizen Science (ultrasonic) - shared
59~40306+18~07249_20260926_035842.wav,DEV_001_20260926_035842.wav,0,59.40306,18.07249,Leppun,Leptophyes punctatissima,Speckled Bush-cricket,bush-cricket,0.99,,,26/09/2026,25/09/2026,03:58:42,ClassifEspSWE-0002026-05-29_1,JOHANKARLSSON,20260926175329TA9EA1,2026_26_sep_03,Citizen Science (ultrasonic) - shared
59~40306+18~07249_20260926_035848.wav,DEV_001_20260926_035848.wav,0,59.40306,18.07249,Leppun,Leptophyes punctatissima,Speckled Bush-cricket,bush-cricket,0.99,,,26/09/2026,25/09/2026,03:58:48,ClassifEspSWE-0002026-05-29_1,JOHANKARLSSON,20260926175329TA9EA1,2026_26_sep_03,Citizen Science (ultrasonic) - shared
59~40306+18~07249_20260926_035855.wav,DEV_001_20260926_035855.wav,0,59.40306,18.07249,Leppun,Leptophyes punctatissima,Speckled Bush-cricket,bush-cricket,0.99,,,26/09/2026,25/09/2026,03:58:55,ClassifEspSWE-0002026-05-29_1,JOHANKARLSSON,20260926175329TA9EA1,2026_26_sep_03,Citizen Science (ultrasonic) - shared
59~40306+18~07249_20260926_035901.wav,DEV_001_20260926_035901.wav,0,59.40306,18.07249,Leppun,Leptophyes punctatissima,Speckled Bush-cricket,bush-cricket,0.99,,,26/09/2026,25/09/2026,03:59:01,ClassifEspSWE-0002026-05-29_1,JOHANKARLSSON,20260926175329TA9EA1,2026_26_sep_03,Citizen Science (ultrasonic) - shared
59~40306+18~07249_20260926_035906.wav,DEV_001_20260926_035906.wav,0,59.40306,18.07249,Leppun,Leptophyes punctatissima,Speckled Bush-cricket,bush-cricket,0.99,,,26/09/2026,25/09/2026,03:59:06,ClassifEspSWE-0002026-05-29_1,JOHANKARLSSON,20260926175329TA9EA1,2026_26_sep_03,Citizen Science (ultrasonic) - shared
59~40306+18~07249_20260926_035913.wav,DEV_001_20260926_035913.wav,0,59.40306,18.07249,Leppun,Leptophyes punctatissima,Speckled Bush-cricket,bush-cricket,0.99,,,26/09/2026,25/09/2026,03:59:13,ClassifEspSWE-0002026-05-29_1,JOHANKARLSSON,20260926175329TA9EA1,2026_26_sep_03,Citizen Science (ultrasonic) - shared
59~40306+18~07249_20260926_035921.wav,DEV_001_20260926_035921.wav,0,59.40306,18.07249,Leppun,Leptophyes punctatissima,Speckled Bush-cricket,bush-cricket,0.99,,,26/09/2026,25/09/2026,03:59:21,ClassifEspSWE-0002026-05-29_1,JOHANKARLSSON,20260926175329TA9EA1,2026_26_sep_03,Citizen Science (ultrasonic) - shared
59~40306+18~07249_20260926_035927.wav,DEV_001_20260926_035927.wav,0,59.40306,18.07249,Leppun,Leptophyes punctatissima,Speckled Bush-cricket,bush-cricket,0.99,,,26/09/2026,25/09/2026,03:59:27,ClassifEspSWE-0002026-05-29_1,JOHANKARLSSON,20260926175329TA9EA1,2026_26_sep_03,Citizen Science (ultrasonic) - shared
59~40306+18~07249_20260926_035933.wav,DEV_001_20260926_035933.wav,0,59.40306,18.07249,Leppun,Leptophyes punctatissima,Speckled Bush-cricket,bush-cricket,0.99,,,26/09/2026,25/09/2026,03:59:33,ClassifEspSWE-0002026-05-29_1,JOHANKARLSSON,20260926175329TA9EA1,2026_26_sep_03,Citizen Science (ultrasonic) - shared
59~40306+18~07249_20260926_035938.wav,DEV_001_20260926_035938.wav,0,59.40306,18.07249,Leppun,Leptophyes punctatissima,Speckled Bush-cricket,bush-cricket,0.99,,,26/09/2026,25/09/2026,03:59:38,ClassifEspSWE-0002026-05-29_1,JOHANKARLSSON,20260926175329TA9EA1,2026_26_sep_03,Citizen Science (ultrasonic) - shared
59~40306+18~07249_20260926_035945.wav,DEV_001_20260926_035945.wav,0,59.40306,18.07249,Leppun,Leptophyes punctatissima,Speckled Bush-cricket,bush-cricket,0.99,,,26/09/2026,25/09/2026,03:59:45,ClassifEspSWE-0002026-05-29_1,JOHANKARLSSON,20260926175329TA9EA1,2026_26_sep_03,Citizen Science (ultrasonic) - shared
59~40306+18~07249_20260926_035951.wav,DEV_001_20260926_035951.wav,0,59.40306,18.07249,Leppun,Leptophyes punctatissima,Speckled Bush-cricket,bush-cricket,0.99,,,26/09/2026,25/09/2026,03:59:51,ClassifEspSWE-0002026-05-29_1,JOHANKARLSSON,20260926175329TA9EA1,2026_26_sep_03,Citizen Science (ultrasonic) - shared
59~40306+18~07249_20260926_035956.wav,DEV_001_20260926_035956.wav,0,59.40306,18.07249,Leppun,Leptophyes punctatissima,Speckled Bush-cricket,bush-cricket,0.99,,,26/09/2026,25/09/2026,03:59:56,ClassifEspSWE-0002026-05-29_1,JOHANKARLSSON,20260926175329TA9EA1,2026_26_sep_03,Citizen Science (ultrasonic) - shared
59~40306+18~07249_20260926_030005.wav,DEV_001_20260926_030005.wav,0,59.40306,18.07249,Phogri,Pholidoptera griseoaptera,Dark Bush-cricket,bush-cricket,0.96,,,26/09/2026,25/09/2026,03:00:05,ClassifEspSWE-0002026-05-29_1,JOHANKARLSSON,20260926175329TA9EA1,2026_26_sep_03,Citizen Science (ultrasonic) - shared
59~40306+18~07249_20260926_030013.wav,DEV_001_20260926_030013.wav,0,59.40306,18.07249,Phogri,Pholidoptera griseoaptera,Dark Bush-cricket,bush-cricket,0.97,,,26/09/2026,25/09/2026,03:00:13,ClassifEspSWE-0002026-05-29_1,JOHANKARLSSON,20260926175329TA9EA1,2026_26_sep_03,Citizen Science (ultrasonic) - shared
59~40306+18~07249_20260926_030020.wav,DEV_001_20260926_030020.wav,0,59.40306,18.07249,Phogri,Pholidoptera griseoaptera,Dark Bush-cricket,bush-cricket,0.9,,,26/09/2026,25/09/2026,03:00:20,ClassifEspSWE-0002026-05-29_1,JOHANKARLSSON,20260926175329TA9EA1,2026_26_sep_03,Citizen Science (ultrasonic) - shared
59~40306+18~07249_20260926_030027.wav,DEV_001_20260926_030027.wav,0,59.40306,18.07249,Phogri,Pholidoptera griseoaptera,Dark Bush-cricket,bush-cricket,0.93,,,26/09/2026,25/09/2026,03:00:27,ClassifEspSWE-0002026-05-29_1,JOHANKARLSSON,20260926175329TA9EA1,2026_26_sep_03,Citizen Science (ultrasonic) - shared
59~40306+18~07249_20260926_030036.wav,DEV_001_20260926_030036.wav,0,59.40306,18.07249,Phogri,Pholidoptera griseoaptera,Dark Bush-cricket,bush-cricket,0.95,,,26/09/2026,25/09/2026,03:00:36,ClassifEspSWE-0002026-05-29_1,JOHANKARLSSON,20260926175329TA9EA1,2026_26_sep_03,Citizen Science (ultrasonic) - shared
59~40306+18~07249_20260926_030044.wav,DEV_001_20260926_030044.wav,0,59.40306,18.07249,Phogri,Pholidoptera griseoaptera,Dark Bush-cricket,bush-cricket,0.98,,,26/09/2026,25/09/2026,03:00:44,ClassifEspSWE-0002026-05-29_1,JOHANKARLSSON,20260926175329TA9EA1,2026_26_sep_03,Citizen Science (ultrasonic) - shared
59~40306+18~07249_20260926_030051.wav,DEV_001_20260926_030051.wav,0,59.40306,18.07249,Phogri,Pholidoptera griseoaptera,Dark Bush-cricket,bush-cricket,0.93,,,26/09/2026,25/09/2026,03:00:51,ClassifEspSWE-0002026-05-29_1,JOHANKARLSSON,20260926175329TA9EA1,2026_26_sep_03,Citizen Science (ultrasonic) - shared
59~40306+18~07249_20260926_030059.wav,DEV_001_20260926_030059.wav,0,59.40306,18.07249,Phogri,Pholidoptera griseoaptera,Dark Bush-cricket,bush-cricket,0.89,,,26/09/2026,25/09/2026,03:00:59,ClassifEspSWE-0002026-05-29_1,JOHANKARLSSON,20260926175329TA9EA1,2026_26_sep_03,Citizen Science (ultrasonic) - shared
59~40306+18~07249_20260926_030108.wav,DEV_001_20260926_030108.wav,0,59.40306,18.07249,Phogri,Pholidoptera griseoaptera,Dark Bush-cricket,bush-cricket,0.93,,,26/09/2026,25/09/2026,03:01:08,ClassifEspSWE-0002026-05-29_1,JOHANKARLSSON,20260926175329TA9EA1,2026_26_sep_03,Citizen Science (ultrasonic) - shared
59~40306+18~07249_20260926_030115.wav,DEV_001_20260926_030115.wav,0,59.40306,18.07249,Phogri,Pholidoptera griseoaptera,Dark Bush-cricket,bush-cricket,0.95,,,26/09/2026,25/09/2026,03:01:15,ClassifEspSWE-0002026-05-29_1,JOHANKARLSSON,20260926175329TA9EA1,2026_26_sep_03,Citizen Science (ultrasonic) - shared
59~40306+18~07249_20260926_030124.wav,DEV_001_20260926_030124.wav,0,59.40306,18.07249,Phogri,Pholidoptera griseoaptera,Dark Bush-cricket,bush-cricket,0.98,,,26/09/2026,25/09/2026,03:01:24,ClassifEspSWE-0002026-05-29_1,JOHANKARLSSON,20260926175329TA9EA1,2026_26_sep_03,Citizen Science (ultrasonic) - shared
59~40306+18~07249_20260926_030132.wav,DEV_001_20260926_030132.wav,0,59.40306,18.07249,Phogri,Pholidoptera griseoaptera,Dark Bush-cricket,bush-cricket,0.91,,,26/09/2026,25/09/2026,03:01:32,ClassifEspSWE-0002026-05-29_1,JOHANKARLSSON,20260926175329TA9EA1,2026_26_sep_03,Citizen Science (ultrasonic) - shared
59~40306+18~07249_20260926_030148.wav,DEV_001_20260926_030148.wav,0,59.40306,18.07249,Phogri,Pholidoptera griseoaptera,Dark Bush-cricket,bush-cricket,0.9,,,26/09/2026,25/09/2026,03:01:48,ClassifEspSWE-0002026-05-29_1,JOHANKARLSSON,20260926175329TA9EA1,2026_26_sep_03,Citizen Science (ultrasonic) - shared
59~40306+18~07249_20260926_030155.wav,DEV_001_20260926_030155.wav,0,59.40306,18.07249,Phogri,Pholidoptera griseoaptera,Dark Bush-cricket,bush-cricket,0.84,,,26/09/2026,25/09/2026,03:01:55,ClassifEspSWE-0002026-05-29_1,JOHANKARLSSON,20260926175329TA9EA1,2026_26_sep_03,Citizen Science (ultrasonic) - shared
59~40306+18~07249_20260926_030200.wav,DEV_001_20260926_030200.wav,0,59.40306,18.07249,Phogri,Pholidoptera griseoaptera,Dark Bush-cricket,bush-cricket,0.95,,,26/09/2026,25/09/2026,03:02:00,ClassifEspSWE-0002026-05-29_1,JOHANKARLSSON,20260926175329TA9EA1,2026_26_sep_03,Citizen Science (ultrasonic) - shared
59~40306+18~07249_20260926_030206.wav,DEV_001_20260926_030206.wav,0,59.40306,18.07249,Phogri,Pholidoptera griseoaptera,Dark Bush-cricket,bush-cricket,0.96,,,26/09/2026,25/09/2026,03:02:06,ClassifEspSWE-0002026-05-29_1,JOHANKARLSSON,20260926175329TA9EA1,2026_26_sep_03,Citizen Science (ultrasonic) - shared
59~40306+18~07249_20260926_030212.wav,DEV_001_20260926_030212.wav,0,59.40306,18.07249,Phogri,Pholidoptera griseoaptera,Dark Bush-cricket,bush-cricket,0.95,,,26/09/2026,25/09/2026,03:02:12,ClassifEspSWE-0002026-05-29_1,JOHANKARLSSON,20260926175329TA9EA1,2026_26_sep_03,Citizen Science (ultrasonic) - shared
59~40306+18~07249_20260926_030218.wav,DEV_001_20260926_030218.wav,0,59.40306,18.07249,Phogri,Pholidoptera griseoaptera,Dark Bush-cricket,bush-cricket,0.97,,,26/09/2026,25/09/2026,03:02:18,ClassifEspSWE-0002026-05-29_1,JOHANKARLSSON,20260926175329TA9EA1,2026_26_sep_03,Citizen Science (ultrasonic) - shared
59~40306+18~07249_20260926_030225.wav,DEV_001_20260926_030225.wav,0,59.40306,18.07249,Phogri,Pholidoptera griseoaptera,Dark Bush-cricket,bush-cricket,0.97,,,26/09/2026,25/09/2026,03:02:25,ClassifEspSWE-0002026-05-29_1,JOHANKARLSSON,20260926175329TA9EA1,2026_26_sep_03,Citizen Science (ultrasonic) - shared
59~40306+18~07249_20260926_030231.wav,DEV_001_20260926_030231.wav,0,59.40306,18.07249,Phogri,Pholidoptera griseoaptera,Dark Bush-cricket,bush-cricket,0.99,,,26/09/2026,25/09/2026,03:02:31,ClassifEspSWE-0002026-05-29_1,JOHANKARLSSON,20260926175329TA9EA1,2026_26_sep_03,Citizen Science (ultrasonic) - shared
59~40306+18~07249_20260926_030237.wav,DEV_001_20260926_030237.wav,0,59.40306,18.07249,Phogri,Pholidoptera griseoaptera,Dark Bush-cricket,bush-cricket,0.96,,,26/09/2026,25/09/2026,03:02:37,ClassifEspSWE-0002026-05-29_1,JOHANKARLSSON,20260926175329TA9EA1,2026_26_sep_03,Citizen Science (ultrasonic) - shared
59~40306+18~07249_20260926_030244.wav,DEV_001_20260926_030244.wav,0,59.40306,18.07249,Phogri,Pholidoptera griseoaptera,Dark Bush-cricket,bush-cricket,0.96,,,26/09/2026,25/09/2026,03:02:44,ClassifEspSWE-0002026-05-29_1,JOHANKARLSSON,20260926175329TA9EA1,2026_26_sep_03,Citizen Science (ultrasonic) - shared
59~40306+18~07249_20260926_030253.wav,DEV_001_20260926_030253.wav,0,59.40306,18.07249,Phogri,Pholidoptera griseoaptera,Dark Bush-cricket,bush-cricket,0.96,,,26/09/2026,25/09/2026,03:02:53,ClassifEspSWE-0002026-05-29_1,JOHANKARLSSON,20260926175329TA9EA1,2026_26_sep_03,Citizen Science (ultrasonic) - shared
59~40306+18~07249_20260926_030302.wav,DEV_001_20260926_030302.wav,0,59.40306,18.07249,Phogri,Pholidoptera griseoaptera,Dark Bush-cricket,bush-cricket,0.91,,,26/09/2026,25/09/2026,03:03:02,ClassifEspSWE-0002026-05-29_1,JOHANKARLSSON,20260926175329TA9EA1,2026_26_sep_03,Citizen Science (ultrasonic) - shared
59~40306+18~07249_20260926_030308.wav,DEV_001_20260926_030308.wav,0,59.40306,18.07249,Phogri,Pholidoptera griseoaptera,Dark Bush-cricket,bush-cricket,0.87,,,26/09/2026,25/09/2026,03:03:08,ClassifEspSWE-0002026-05-29_1,JOHANKARLSSON,20260926175329TA9EA1,2026_26_sep_03,Citizen Science (ultrasonic) - shared
59~40306+18~07249_20260926_030317.wav,DEV_001_20260926_030317.wav,0,59.40306,18.07249,Phogri,Pholidoptera griseoaptera,Dark Bush-cricket,bush-cricket,0.99,,,26/09/2026,25/09/2026,03:03:17,ClassifEspSWE-0002026-05-29_1,JOHANKARLSSON,20260926175329TA9EA1,2026_26_sep_03,Citizen Science (ultrasonic) - shared
59~40306+18~07249_20260926_030326.wav,DEV_001_20260926_030326.wav,0,59.40306,18.07249,Phogri,Pholidoptera griseoaptera,Dark Bush-cricket,bush-cricket,0.96,,,26/09/2026,25/09/2026,03:03:26,ClassifEspSWE-0002026-05-29_1,JOHANKARLSSON,20260926175329TA9EA1,2026_26_sep_03,Citizen Science (ultrasonic) - shared
59~40306+18~07249_20260926_030335.wav,DEV_001_20260926_030335.wav,0,59.40306,18.07249,Phogri,Pholidoptera griseoaptera,Dark Bush-cricket,bush-cricket,0.95,,,26/09/2026,25/09/2026,03:03:35,ClassifEspSWE-0002026-05-29_1,JOHANKARLSSON,20260926175329TA9EA1,2026_26_sep_03,Citizen Science (ultrasonic) - shared
59~40306+18~07249_20260926_030343.wav,DEV_001_20260926_030343.wav,0,59.40306,18.07249,Phogri,Pholidoptera griseoaptera,Dark Bush-cricket,bush-cricket,0.86,,,26/09/2026,25/09/2026,03:03:43,ClassifEspSWE-0002026-05-29_1,JOHANKARLSSON,20260926175329TA9EA1,2026_26_sep_03,Citizen Science (ultrasonic) - shared
59~40306+18~07249_20260926_030349.wav,DEV_001_20260926_030349.wav,0,59.40306,18.07249,Phogri,Pholidoptera griseoaptera,Dark Bush-cricket,bush-cricket,0.96,,,26/09/2026,25/09/2026,03:03:49,ClassifEspSWE-0002026-05-29_1,JOHANKARLSSON,20260926175329TA9EA1,2026_26_sep_03,Citizen Science (ultrasonic) - shared
59~40306+18~07249_20260926_030358.wav,DEV_001_20260926_030358.wav,0,59.40306,18.07249,Phogri,Pholidoptera griseoaptera,Dark Bush-cricket,bush-cricket,0.93,,,26/09/2026,25/09/2026,03:03:58,ClassifEspSWE-0002026-05-29_1,JOHANKARLSSON,20260926175329TA9EA1,2026_26_sep_03,Citizen Science (ultrasonic) - shared
59~40306+18~07249_20260926_030407.wav,DEV_001_20260926_030407.wav,0,59.40306,18.07249,Phogri,Pholidoptera griseoaptera,Dark Bush-cricket,bush-cricket,0.92,,,26/09/2026,25/09/2026,03:04:07,ClassifEspSWE-0002026-05-29_1,JOHANKARLSSON,20260926175329TA9EA1,2026_26_sep_03,Citizen Science (ultrasonic) - shared
59~40306+18~07249_20260926_030417.wav,DEV_001_20260926_030417.wav,0,59.40306,18.07249,Phogri,Pholidoptera griseoaptera,Dark Bush-cricket,bush-cricket,0.94,,,26/09/2026,25/09/2026,03:04:17,ClassifEspSWE-0002026-05-29_1,JOHANKARLSSON,20260926175329TA9EA1,2026_26_sep_03,Citizen Science (ultrasonic) - shared
59~40306+18~07249_20260926_030426.wav,DEV_001_20260926_030426.wav,0,59.40306,18.07249,Phogri,Pholidoptera griseoaptera,Dark Bush-cricket,bush-cricket,0.94,,,26/09/2026,25/09/2026,03:04:26,ClassifEspSWE-0002026-05-29_1,JOHANKARLSSON,20260926175329TA9EA1,2026_26_sep_03,Citizen Science (ultrasonic) - shared
59~40306+18~07249_20260926_030434.wav,DEV_001_20260926_030434.wav,0,59.40306,18.07249,Phogri,Pholidoptera griseoaptera,Dark Bush-cricket,bush-cricket,0.97,,,26/09/2026,25/09/2026,03:04:34,ClassifEspSWE-0002026-05-29_1,JOHANKARLSSON,20260926175329TA9EA1,2026_26_sep_03,Citizen Science (ultrasonic) - shared
59~40306+18~07249_20260926_030440.wav,DEV_001_20260926_030440.wav,0,59.40306,18.07249,Phogri,Pholidoptera griseoaptera,Dark Bush-cricket,bush-cricket,0.97,,,26/09/2026,25/09/2026,03:04:40,ClassifEspSWE-0002026-05-29_1,JOHANKARLSSON,20260926175329TA9EA1,2026_26_sep_03,Citizen Science (ultrasonic) - shared
59~40306+18~07249_20260926_030449.wav,DEV_001_20260926_030449.wav,0,59.40306,18.07249,Phogri,Pholidoptera griseoaptera,Dark Bush-cricket,bush-cricket,0.96,,,26/09/2026,25/09/2026,03:04:49,ClassifEspSWE-0002026-05-29_1,JOHANKARLSSON,20260926175329TA9EA1,2026_26_sep_03,Citizen Science (ultrasonic) - shared
59~40306+18~07249_20260926_030457.wav,DEV_001_20260926_030457.wav,0,59.40306,18.07249,Phogri,Pholidoptera griseoaptera,Dark Bush-cricket,bush-cricket,0.93,,,26/09/2026,25/09/2026,03:04:57,ClassifEspSWE-0002026-05-29_1,JOHANKARLSSON,20260926175329TA9EA1,2026_26_sep_03,Citizen Science (ultrasonic) - shared
59~40306+18~07249_20260926_030502.wav,DEV_001_20260926_030502.wav,0,59.40306,18.07249,Phogri,Pholidoptera griseoaptera,Dark Bush-cricket,bush-cricket,0.99,,,26/09/2026,25/09/2026,03:05:02,ClassifEspSWE-0002026-05-29_1,JOHANKARLSSON,20260926175329TA9EA1,2026_26_sep_03,Citizen Science (ultrasonic) - shared
59~40306+18~07249_20260926_030512.wav,DEV_001_20260926_030512.wav,0,59.40306,18.07249,Phogri,Pholidoptera griseoaptera,Dark Bush-cricket,bush-cricket,0.98,,,26/09/2026,25/09/2026,03:05:12,ClassifEspSWE-0002026-05-29_1,JOHANKARLSSON,20260926175329TA9EA1,2026_26_sep_03,Citizen Science (ultrasonic) - shared
59~40306+18~07249_20260926_030521.wav,DEV_001_20260926_030521.wav,0,59.40306,18.07249,Phogri,Pholidoptera griseoaptera,Dark Bush-cricket,bush-cricket,0.98,,,26/09/2026,25/09/2026,03:05:21,ClassifEspSWE-0002026-05-29_1,JOHANKARLSSON,20260926175329TA9EA1,2026_26_sep_03,Citizen Science (ultrasonic) - shared
59~40306+18~07249_20260926_030530.wav,DEV_001_20260926_030530.wav,0,59.40306,18.07249,Phogri,Pholidoptera griseoaptera,Dark Bush-cricket,bush-cricket,0.93,,,26/09/2026,25/09/2026,03:05:30,ClassifEspSWE-0002026-05-29_1,JOHANKARLSSON,20260926175329TA9EA1,2026_26_sep_03,Citizen Science (ultrasonic) - shared
59~40306+18~07249_20260926_030539.wav,DEV_001_20260926_030539.wav,0,59.40306,18.07249,Phogri,Pholidoptera griseoaptera,Dark Bush-cricket,bush-cricket,0.96,,,26/09/2026,25/09/2026,03:05:39,ClassifEspSWE-0002026-05-29_1,JOHANKARLSSON,20260926175329TA9EA1,2026_26_sep_03,Citizen Science (ultrasonic) - shared
59~40306+18~07249_20260926_030547.wav,DEV_001_20260926_030547.wav,0,59.40306,18.07249,Phogri,Pholidoptera griseoaptera,Dark Bush-cricket,bush-cricket,0.95,,,26/09/2026,25/09/2026,03:05:47,ClassifEspSWE-0002026-05-29_1,JOHANKARLSSON,20260926175329TA9EA1,2026_26_sep_03,Citizen Science (ultrasonic) - shared
59~40306+18~07249_20260926_030552.wav,DEV_001_20260926_030552.wav,0,59.40306,18.07249,Phogri,Pholidoptera griseoaptera,Dark Bush-cricket,bush-cricket,0.98,,,26/09/2026,25/09/2026,03:05:52,ClassifEspSWE-0002026-05-29_1,JOHANKARLSSON,20260926175329TA9EA1,2026_26_sep_03,Citizen Science (ultrasonic) - shared
59~40306+18~07249_20260926_030603.wav,DEV_001_20260926_030603.wav,0,59.40306,18.07249,Phogri,Pholidoptera griseoaptera,Dark Bush-cricket,bush-cricket,0.97,,,26/09/2026,25/09/2026,03:06:03,ClassifEspSWE-0002026-05-29_1,JOHANKARLSSON,20260926175329TA9EA1,2026_26_sep_03,Citizen Science (ultrasonic) - shared
59~40306+18~07249_20260926_030608.wav,DEV_001_20260926_030608.wav,0,59.40306,18.07249,Phogri,Pholidoptera griseoaptera,Dark Bush-cricket,bush-cricket,0.94,,,26/09/2026,25/09/2026,03:06:08,ClassifEspSWE-0002026-05-29_1,JOHANKARLSSON,20260926175329TA9EA1,2026_26_sep_03,Citizen Science (ultrasonic) - shared
59~40306+18~07249_20260926_030616.wav,DEV_001_20260926_030616.wav,0,59.40306,18.07249,Phogri,Pholidoptera griseoaptera,Dark Bush-cricket,bush-cricket,0.99,,,26/09/2026,25/09/2026,03:06:16,ClassifEspSWE-0002026-05-29_1,JOHANKARLSSON,20260926175329TA9EA1,2026_26_sep_03,Citizen Science (ultrasonic) - shared
59~40306+18~07249_20260926_030623.wav,DEV_001_20260926_030623.wav,0,59.40306,18.07249,Phogri,Pholidoptera griseoaptera,Dark Bush-cricket,bush-cricket,0.99,,,26/09/2026,25/09/2026,03:06:23,ClassifEspSWE-0002026-05-29_1,JOHANKARLSSON,20260926175329TA9EA1,2026_26_sep_03,Citizen Science (ultrasonic) - shared
59~40306+18~07249_20260926_030631.wav,DEV_001_20260926_030631.wav,0,59.40306,18.07249,Phogri,Pholidoptera griseoaptera,Dark Bush-cricket,bush-cricket,0.94,,,26/09/2026,25/09/2026,03:06:31,ClassifEspSWE-0002026-05-29_1,JOHANKARLSSON,20260926175329TA9EA1,2026_26_sep_03,Citizen Science (ultrasonic) - shared
59~40306+18~07249_20260926_030638.wav,DEV_001_20260926_030638.wav,0,59.40306,18.07249,Phogri,Pholidoptera griseoaptera,Dark Bush-cricket,bush-cricket,0.98,,,26/09/2026,25/09/2026,03:06:38,ClassifEspSWE-0002026-05-29_1,JOHANKARLSSON,20260926175329TA9EA1,2026_26_sep_03,Citizen Science (ultrasonic) - shared
59~40306+18~07249_20260926_030646.wav,DEV_001_20260926_030646.wav,0,59.40306,18.07249,Phogri,Pholidoptera griseoaptera,Dark Bush-cricket,bush-cricket,0.96,,,26/09/2026,25/09/2026,03:06:46,ClassifEspSWE-0002026-05-29_1,JOHANKARLSSON,20260926175329TA9EA1,2026_26_sep_03,Citizen Science (ultrasonic) - shared
59~40306+18~07249_20260926_030651.wav,DEV_001_20260926_030651.wav,0,59.40306,18.07249,Phogri,Pholidoptera griseoaptera,Dark Bush-cricket,bush-cricket,0.97,,,26/09/2026,25/09/2026,03:06:51,ClassifEspSWE-0002026-05-29_1,JOHANKARLSSON,20260926175329TA9EA1,2026_26_sep_03,Citizen Science (ultrasonic) - shared
59~40306+18~07249_20260926_030702.wav,DEV_001_20260926_030702.wav,0,59.40306,18.07249,Phogri,Pholidoptera griseoaptera,Dark Bush-cricket,bush-cricket,0.96,,,26/09/2026,25/09/2026,03:07:02,ClassifEspSWE-0002026-05-29_1,JOHANKARLSSON,20260926175329TA9EA1,2026_26_sep_03,Citizen Science (ultrasonic) - shared
59~40306+18~07249_20260926_030711.wav,DEV_001_20260926_030711.wav,0,59.40306,18.07249,Phogri,Pholidoptera griseoaptera,Dark Bush-cricket,bush-cricket,0.97,,,26/09/2026,25/09/2026,03:07:11,ClassifEspSWE-0002026-05-29_1,JOHANKARLSSON,20260926175329TA9EA1,2026_26_sep_03,Citizen Science (ultrasonic) - shared
59~40306+18~07249_20260926_030716.wav,DEV_001_20260926_030716.wav,0,59.40306,18.07249,Phogri,Pholidoptera griseoaptera,Dark Bush-cricket,bush-cricket,0.99,,,26/09/2026,25/09/2026,03:07:16,ClassifEspSWE-0002026-05-29_1,JOHANKARLSSON,20260926175329TA9EA1,2026_26_sep_03,Citizen Science (ultrasonic) - shared
59~40306+18~07249_20260926_030725.wav,DEV_001_20260926_030725.wav,0,59.40306,18.07249,Phogri,Pholidoptera griseoaptera,Dark Bush-cricket,bush-cricket,0.99,,,26/09/2026,25/09/2026,03:07:25,ClassifEspSWE-0002026-05-29_1,JOHANKARLSSON,20260926175329TA9EA1,2026_26_sep_03,Citizen Science (ultrasonic) - shared
59~40306+18~07249_20260926_030731.wav,DEV_001_20260926_030731.wav,0,59.40306,18.07249,Phogri,Pholidoptera griseoaptera,Dark Bush-cricket,bush-cricket,0.94,,,26/09/2026,25/09/2026,03:07:31,ClassifEspSWE-0002026-05-29_1,JOHANKARLSSON,20260926175329TA9EA1,2026_26_sep_03,Citizen Science (ultrasonic) - shared
59~40306+18~07249_20260926_030736.wav,DEV_001_20260926_030736.wav,0,59.40306,18.07249,Phogri,Pholidoptera griseoaptera,Dark Bush-cricket,bush-cricket,0.96,,,26/09/2026,25/09/2026,03:07:36,ClassifEspSWE-0002026-05-29_1,JOHANKARLSSON,20260926175329TA9EA1,2026_26_sep_03,Citizen Science (ultrasonic) - shared
59~40306+18~07249_20260926_030742.wav,DEV_001_20260926_030742.wav,0,59.40306,18.07249,Phogri,Pholidoptera griseoaptera,Dark Bush-cricket,bush-cricket,0.97,,,26/09/2026,25/09/2026,03:07:42,ClassifEspSWE-0002026-05-29_1,JOHANKARLSSON,20260926175329TA9EA1,2026_26_sep_03,Citizen Science (ultrasonic) - shared
59~40306+18~07249_20260926_030747.wav,DEV_001_20260926_030747.wav,0,59.40306,18.07249,Phogri,Pholidoptera griseoaptera,Dark Bush-cricket,bush-cricket,0.98,,,26/09/2026,25/09/2026,03:07:47,ClassifEspSWE-0002026-05-29_1,JOHANKARLSSON,20260926175329TA9EA1,2026_26_sep_03,Citizen Science (ultrasonic) - shared
59~40306+18~07249_20260926_030754.wav,DEV_001_20260926_030754.wav,0,59.40306,18.07249,Phogri,Pholidoptera griseoaptera,Dark Bush-cricket,bush-cricket,0.99,,,26/09/2026,25/09/2026,03:07:54,ClassifEspSWE-0002026-05-29_1,JOHANKARLSSON,20260926175329TA9EA1,2026_26_sep_03,Citizen Science (ultrasonic) - shared
59~40306+18~07249_20260926_030800.wav,DEV_001_20260926_030800.wav,0,59.40306,18.07249,Phogri,Pholidoptera griseoaptera,Dark Bush-cricket,bush-cricket,0.94,,,26/09/2026,25/09/2026,03:08:00,ClassifEspSWE-0002026-05-29_1,JOHANKARLSSON,20260926175329TA9EA1,2026_26_sep_03,Citizen Science (ultrasonic) - shared
59~40306+18~07249_20260926_030806.wav,DEV_001_20260926_030806.wav,0,59.40306,18.07249,Phogri,Pholidoptera griseoaptera,Dark Bush-cricket,bush-cricket,0.97,,,26/09/2026,25/09/2026,03:08:06,ClassifEspSWE-0002026-05-29_1,JOHANKARLSSON,20260926175329TA9EA1,2026_26_sep_03,Citizen Science (ultrasonic) - shared
59~40306+18~07249_20260926_030815.wav,DEV_001_20260926_030815.wav,0,59.40306,18.07249,Phogri,Pholidoptera griseoaptera,Dark Bush-cricket,bush-cricket,0.97,,,26/09/2026,25/09/2026,03:08:15,ClassifEspSWE-0002026-05-29_1,JOHANKARLSSON,20260926175329TA9EA1,2026_26_sep_03,Citizen Science (ultrasonic) - shared
59~40306+18~07249_20260926_030824.wav,DEV_001_20260926_030824.wav,0,59.40306,18.07249,Phogri,Pholidoptera griseoaptera,Dark Bush-cricket,bush-cricket,0.91,,,26/09/2026,25/09/2026,03:08:24,ClassifEspSWE-0002026-05-29_1,JOHANKARLSSON,20260926175329TA9EA1,2026_26_sep_03,Citizen Science (ultrasonic) - shared
59~40306+18~07249_20260926_030829.wav,DEV_001_20260926_030829.wav,0,59.40306,18.07249,Phogri,Pholidoptera griseoaptera,Dark Bush-cricket,bush-cricket,0.98,,,26/09/2026,25/09/2026,03:08:29,ClassifEspSWE-0002026-05-29_1,JOHANKARLSSON,20260926175329TA9EA1,2026_26_sep_03,Citizen Science (ultrasonic) - shared
59~40306+18~07249_20260926_030837.wav,DEV_001_20260926_030837.wav,0,59.40306,18.07249,Phogri,Pholidoptera griseoaptera,Dark Bush-cricket,bush-cricket,0.95,,,26/09/2026,25/09/2026,03:08:37,ClassifEspSWE-0002026-05-29_1,JOHANKARLSSON,20260926175329TA9EA1,2026_26_sep_03,Citizen Science (ultrasonic) - shared
59~40306+18~07249_20260926_030843.wav,DEV_001_20260926_030843.wav,0,59.40306,18.07249,Phogri,Pholidoptera griseoaptera,Dark Bush-cricket,bush-cricket,0.97,,,26/09/2026,25/09/2026,03:08:43,ClassifEspSWE-0002026-05-29_1,JOHANKARLSSON,20260926175329TA9EA1,2026_26_sep_03,Citizen Science (ultrasonic) - shared
59~40306+18~07249_20260926_030854.wav,DEV_001_20260926_030854.wav,0,59.40306,18.07249,Phogri,Pholidoptera griseoaptera,Dark Bush-cricket,bush-cricket,0.95,,,26/09/2026,25/09/2026,03:08:54,ClassifEspSWE-0002026-05-29_1,JOHANKARLSSON,20260926175329TA9EA1,2026_26_sep_03,Citizen Science (ultrasonic) - shared
59~40306+18~07249_20260926_030859.wav,DEV_001_20260926_030859.wav,0,59.40306,18.07249,Phogri,Pholidoptera griseoaptera,Dark Bush-cricket,bush-cricket,0.96,,,26/09/2026,25/09/2026,03:08:59,ClassifEspSWE-0002026-05-29_1,JOHANKARLSSON,20260926175329TA9EA1,2026_26_sep_03,Citizen Science (ultrasonic) - shared
59~40306+18~07249_20260926_030907.wav,DEV_001_20260926_030907.wav,0,59.40306,18.07249,Phogri,Pholidoptera griseoaptera,Dark Bush-cricket,bush-cricket,0.96,,,26/09/2026,25/09/2026,03:09:07,ClassifEspSWE-0002026-05-29_1,JOHANKARLSSON,20260926175329TA9EA1,2026_26_sep_03,Citizen Science (ultrasonic) - shared
59~40306+18~07249_20260926_030916.wav,DEV_001_20260926_030916.wav,0,59.40306,18.07249,Phogri,Pholidoptera griseoaptera,Dark Bush-cricket,bush-cricket,0.9,,,26/09/2026,25/09/2026,03:09:16,ClassifEspSWE-0002026-05-29_1,JOHANKARLSSON,20260926175329TA9EA1,2026_26_sep_03,Citizen Science (ultrasonic) - shared
59~40306+18~07249_20260926_030922.wav,DEV_001_20260926_030922.wav,0,59.40306,18.07249,Phogri,Pholidoptera griseoaptera,Dark Bush-cricket,bush-cricket,0.98,,,26/09/2026,25/09/2026,03:09:22,ClassifEspSWE-0002026-05-29_1,JOHANKARLSSON,20260926175329TA9EA1,2026_26_sep_03,Citizen Science (ultrasonic) - shared
59~40306+18~07249_20260926_030927.wav,DEV_001_20260926_030927.wav,0,59.40306,18.07249,Phogri,Pholidoptera griseoaptera,Dark Bush-cricket,bush-cricket,0.91,,,26/09/2026,25/09/2026,03:09:27,ClassifEspSWE-0002026-05-29_1,JOHANKARLSSON,20260926175329TA9EA1,2026_26_sep_03,Citizen Science (ultrasonic) - shared
59~40306+18~07249_20260926_030934.wav,DEV_001_20260926_030934.wav,0,59.40306,18.07249,Phogri,Pholidoptera griseoaptera,Dark Bush-cricket,bush-cricket,0.92,,,26/09/2026,25/09/2026,03:09:34,ClassifEspSWE-0002026-05-29_1,JOHANKARLSSON,20260926175329TA9EA1,2026_26_sep_03,Citizen Science (ultrasonic) - shared
59~40306+18~07249_20260926_030944.wav,DEV_001_20260926_030944.wav,0,59.40306,18.07249,Phogri,Pholidoptera griseoaptera,Dark Bush-cricket,bush-cricket,0.93,,,26/09/2026,25/09/2026,03:09:44,ClassifEspSWE-0002026-05-29_1,JOHANKARLSSON,20260926175329TA9EA1,2026_26_sep_03,Citizen Science (ultrasonic) - shared
59~40306+18~07249_20260926_030952.wav,DEV_001_20260926_030952.wav,0,59.40306,18.07249,Phogri,Pholidoptera griseoaptera,Dark Bush-cricket,bush-cricket,0.97,,,26/09/2026,25/09/2026,03:09:52,ClassifEspSWE-0002026-05-29_1,JOHANKARLSSON,20260926175329TA9EA1,2026_26_sep_03,Citizen Science (ultrasonic) - shared
59~40306+18~07249_20260926_030959.wav,DEV_001_20260926_030959.wav,0,59.40306,18.07249,Phogri,Pholidoptera griseoaptera,Dark Bush-cricket,bush-cricket,0.99,,,26/09/2026,25/09/2026,03:09:59,ClassifEspSWE-0002026-05-29_1,JOHANKARLSSON,20260926175329TA9EA1,2026_26_sep_03,Citizen Science (ultrasonic) - shared
59~40306+18~07249_20260926_031006.wav,DEV_001_20260926_031006.wav,0,59.40306,18.07249,Phogri,Pholidoptera griseoaptera,Dark Bush-cricket,bush-cricket,0.93,,,26/09/2026,25/09/2026,03:10:06,ClassifEspSWE-0002026-05-29_1,JOHANKARLSSON,20260926175329TA9EA1,2026_26_sep_03,Citizen Science (ultrasonic) - shared
59~40306+18~07249_20260926_031013.wav,DEV_001_20260926_031013.wav,0,59.40306,18.07249,Phogri,Pholidoptera griseoaptera,Dark Bush-cricket,bush-cricket,0.97,,,26/09/2026,25/09/2026,03:10:13,ClassifEspSWE-0002026-05-29_1,JOHANKARLSSON,20260926175329TA9EA1,2026_26_sep_03,Citizen Science (ultrasonic) - shared
59~40306+18~07249_20260926_031021.wav,DEV_001_20260926_031021.wav,0,59.40306,18.07249,Phogri,Pholidoptera griseoaptera,Dark Bush-cricket,bush-cricket,0.95,,,26/09/2026,25/09/2026,03:10:21,ClassifEspSWE-0002026-05-29_1,JOHANKARLSSON,20260926175329TA9EA1,2026_26_sep_03,Citizen Science (ultrasonic) - shared
59~40306+18~07249_20260926_031030.wav,DEV_001_20260926_031030.wav,0,59.40306,18.07249,Phogri,Pholidoptera griseoaptera,Dark Bush-cricket,bush-cricket,0.93,,,26/09/2026,25/09/2026,03:10:30,ClassifEspSWE-0002026-05-29_1,JOHANKARLSSON,20260926175329TA9EA1,2026_26_sep_03,Citizen Science (ultrasonic) - shared
59~40306+18~07249_20260926_031036.wav,DEV_001_20260926_031036.wav,0,59.40306,18.07249,Phogri,Pholidoptera griseoaptera,Dark Bush-cricket,bush-cricket,0.89,,,26/09/2026,25/09/2026,03:10:36,ClassifEspSWE-0002026-05-29_1,JOHANKARLSSON,20260926175329TA9EA1,2026_26_sep_03,Citizen Science (ultrasonic) - shared
59~40306+18~07249_20260926_031047.wav,DEV_001_20260926_031047.wav,0,59.40306,18.07249,Phogri,Pholidoptera griseoaptera,Dark Bush-cricket,bush-cricket,0.91,,,26/09/2026,25/09/2026,03:10:47,ClassifEspSWE-0002026-05-29_1,JOHANKARLSSON,20260926175329TA9EA1,2026_26_sep_03,Citizen Science (ultrasonic) - shared
59~40306+18~07249_20260926_031052.wav,DEV_001_20260926_031052.wav,0,59.40306,18.07249,Phogri,Pholidoptera griseoaptera,Dark Bush-cricket,bush-cricket,0.98,,,26/09/2026,25/09/2026,03:10:52,ClassifEspSWE-0002026-05-29_1,JOHANKARLSSON,20260926175329TA9EA1,2026_26_sep_03,Citizen Science (ultrasonic) - shared
59~40306+18~07249_20260926_031106.wav,DEV_001_20260926_031106.wav,0,59.40306,18.07249,Phogri,Pholidoptera griseoaptera,Dark Bush-cricket,bush-cricket,0.91,,,26/09/2026,25/09/2026,03:11:06,ClassifEspSWE-0002026-05-29_1,JOHANKARLSSON,20260926175329TA9EA1,2026_26_sep_03,Citizen Science (ultrasonic) - shared
59~40306+18~07249_20260926_031116.wav,DEV_001_20260926_031116.wav,0,59.40306,18.07249,Phogri,Pholidoptera griseoaptera,Dark Bush-cricket,bush-cricket,0.95,,,26/09/2026,25/09/2026,03:11:16,ClassifEspSWE-0002026-05-29_1,JOHANKARLSSON,20260926175329TA9EA1,2026_26_sep_03,Citizen Science (ultrasonic) - shared
59~40306+18~07249_20260926_031135.wav,DEV_001_20260926_031135.wav,0,59.40306,18.07249,Phogri,Pholidoptera griseoaptera,Dark Bush-cricket,bush-cricket,0.96,,,26/09/2026,25/09/2026,03:11:35,ClassifEspSWE-0002026-05-29_1,JOHANKARLSSON,20260926175329TA9EA1,2026_26_sep_03,Citizen Science (ultrasonic) - shared
59~40306+18~07249_20260926_031147.wav,DEV_001_20260926_031147.wav,0,59.40306,18.07249,Phogri,Pholidoptera griseoaptera,Dark Bush-cricket,bush-cricket,0.99,,,26/09/2026,25/09/2026,03:11:47,ClassifEspSWE-0002026-05-29_1,JOHANKARLSSON,20260926175329TA9EA1,2026_26_sep_03,Citizen Science (ultrasonic) - shared
59~40306+18~07249_20260926_031158.wav,DEV_001_20260926_031158.wav,0,59.40306,18.07249,Phogri,Pholidoptera griseoaptera,Dark Bush-cricket,bush-cricket,0.89,,,26/09/2026,25/09/2026,03:11:58,ClassifEspSWE-0002026-05-29_1,JOHANKARLSSON,20260926175329TA9EA1,2026_26_sep_03,Citizen Science (ultrasonic) - shared
59~40306+18~07249_20260926_031212.wav,DEV_001_20260926_031212.wav,0,59.40306,18.07249,Phogri,Pholidoptera griseoaptera,Dark Bush-cricket,bush-cricket,0.95,,,26/09/2026,25/09/2026,03:12:12,ClassifEspSWE-0002026-05-29_1,JOHANKARLSSON,20260926175329TA9EA1,2026_26_sep_03,Citizen Science (ultrasonic) - shared
59~40306+18~07249_20260926_031225.wav,DEV_001_20260926_031225.wav,0,59.40306,18.07249,Phogri,Pholidoptera griseoaptera,Dark Bush-cricket,bush-cricket,0.96,,,26/09/2026,25/09/2026,03:12:25,ClassifEspSWE-0002026-05-29_1,JOHANKARLSSON,20260926175329TA9EA1,2026_26_sep_03,Citizen Science (ultrasonic) - shared
59~40306+18~07249_20260926_031241.wav,DEV_001_20260926_031241.wav,0,59.40306,18.07249,Phogri,Pholidoptera griseoaptera,Dark Bush-cricket,bush-cricket,0.98,,,26/09/2026,25/09/2026,03:12:41,ClassifEspSWE-0002026-05-29_1,JOHANKARLSSON,20260926175329TA9EA1,2026_26_sep_03,Citizen Science (ultrasonic) - shared
59~40306+18~07249_20260926_031303.wav,DEV_001_20260926_031303.wav,0,59.40306,18.07249,Phogri,Pholidoptera griseoaptera,Dark Bush-cricket,bush-cricket,0.97,,,26/09/2026,25/09/2026,03:13:03,ClassifEspSWE-0002026-05-29_1,JOHANKARLSSON,20260926175329TA9EA1,2026_26_sep_03,Citizen Science (ultrasonic) - shared
59~40306+18~07249_20260926_031330.wav,DEV_001_20260926_031330.wav,0,59.40306,18.07249,Phogri,Pholidoptera griseoaptera,Dark Bush-cricket,bush-cricket,0.97,,,26/09/2026,25/09/2026,03:13:30,ClassifEspSWE-0002026-05-29_1,JOHANKARLSSON,20260926175329TA9EA1,2026_26_sep_03,Citizen Science (ultrasonic) - shared
59~40306+18~07249_20260926_031337.wav,DEV_001_20260926_031337.wav,0,59.40306,18.07249,Phogri,Pholidoptera griseoaptera,Dark Bush-cricket,bush-cricket,0.98,,,26/09/2026,25/09/2026,03:13:37,ClassifEspSWE-0002026-05-29_1,JOHANKARLSSON,20260926175329TA9EA1,2026_26_sep_03,Citizen Science (ultrasonic) - shared
59~40306+18~07249_20260926_031347.wav,DEV_001_20260926_031347.wav,0,59.40306,18.07249,Phogri,Pholidoptera griseoaptera,Dark Bush-cricket,bush-cricket,0.99,,,26/09/2026,25/09/2026,03:13:47,ClassifEspSWE-0002026-05-29_1,JOHANKARLSSON,20260926175329TA9EA1,2026_26_sep_03,Citizen Science (ultrasonic) - shared
59~40306+18~07249_20260926_031357.wav,DEV_001_20260926_031357.wav,0,59.40306,18.07249,Phogri,Pholidoptera griseoaptera,Dark Bush-cricket,bush-cricket,0.99,,,26/09/2026,25/09/2026,03:13:57,ClassifEspSWE-0002026-05-29_1,JOHANKARLSSON,20260926175329TA9EA1,2026_26_sep_03,Citizen Science (ultrasonic) - shared
59~40306+18~07249_20260926_031407.wav,DEV_001_20260926_031407.wav,0,59.40306,18.07249,Phogri,Pholidoptera griseoaptera,Dark Bush-cricket,bush-cricket,0.99,,,26/09/2026,25/09/2026,03:14:07,ClassifEspSWE-0002026-05-29_1,JOHANKARLSSON,20260926175329TA9EA1,2026_26_sep_03,Citizen Science (ultrasonic) - shared
59~40306+18~07249_20260926_031413.wav,DEV_001_20260926_031413.wav,0,59.40306,18.07249,Phogri,Pholidoptera griseoaptera,Dark Bush-cricket,bush-cricket,0.97,,,26/09/2026,25/09/2026,03:14:13,ClassifEspSWE-0002026-05-29_1,JOHANKARLSSON,20260926175329TA9EA1,2026_26_sep_03,Citizen Science (ultrasonic) - shared
59~40306+18~07249_20260926_031436.wav,DEV_001_20260926_031436.wav,0,59.40306,18.07249,Phogri,Pholidoptera griseoaptera,Dark Bush-cricket,bush-cricket,0.99,,,26/09/2026,25/09/2026,03:14:36,ClassifEspSWE-0002026-05-29_1,JOHANKARLSSON,20260926175329TA9EA1,2026_26_sep_03,Citizen Science (ultrasonic) - shared
59~40306+18~07249_20260926_031447.wav,DEV_001_20260926_031447.wav,0,59.40306,18.07249,Phogri,Pholidoptera griseoaptera,Dark Bush-cricket,bush-cricket,0.96,,,26/09/2026,25/09/2026,03:14:47,ClassifEspSWE-0002026-05-29_1,JOHANKARLSSON,20260926175329TA9EA1,2026_26_sep_03,Citizen Science (ultrasonic) - shared
59~40306+18~07249_20260926_031452.wav,DEV_001_20260926_031452.wav,0,59.40306,18.07249,Phogri,Pholidoptera griseoaptera,Dark Bush-cricket,bush-cricket,0.98,,,26/09/2026,25/09/2026,03:14:52,ClassifEspSWE-0002026-05-29_1,JOHANKARLSSON,20260926175329TA9EA1,2026_26_sep_03,Citizen Science (ultrasonic) - shared
59~40306+18~07249_20260926_031458.wav,DEV_001_20260926_031458.wav,0,59.40306,18.07249,Phogri,Pholidoptera griseoaptera,Dark Bush-cricket,bush-cricket,0.99,,,26/09/2026,25/09/2026,03:14:58,ClassifEspSWE-0002026-05-29_1,JOHANKARLSSON,20260926175329TA9EA1,2026_26_sep_03,Citizen Science (ultrasonic) - shared
59~40306+18~07249_20260926_031504.wav,DEV_001_20260926_031504.wav,0,59.40306,18.07249,Phogri,Pholidoptera griseoaptera,Dark Bush-cricket,bush-cricket,0.95,,,26/09/2026,25/09/2026,03:15:04,ClassifEspSWE-0002026-05-29_1,JOHANKARLSSON,20260926175329TA9EA1,2026_26_sep_03,Citizen Science (ultrasonic) - shared
59~40306+18~07249_20260926_031514.wav,DEV_001_20260926_031514.wav,0,59.40306,18.07249,Phogri,Pholidoptera griseoaptera,Dark Bush-cricket,bush-cricket,0.99,,,26/09/2026,25/09/2026,03:15:14,ClassifEspSWE-0002026-05-29_1,JOHANKARLSSON,20260926175329TA9EA1,2026_26_sep_03,Citizen Science (ultrasonic) - shared
59~40306+18~07249_20260926_031521.wav,DEV_001_20260926_031521.wav,0,59.40306,18.07249,Phogri,Pholidoptera griseoaptera,Dark Bush-cricket,bush-cricket,0.96,,,26/09/2026,25/09/2026,03:15:21,ClassifEspSWE-0002026-05-29_1,JOHANKARLSSON,20260926175329TA9EA1,2026_26_sep_03,Citizen Science (ultrasonic) - shared
59~40306+18~07249_20260926_031532.wav,DEV_001_20260926_031532.wav,0,59.40306,18.07249,Phogri,Pholidoptera griseoaptera,Dark Bush-cricket,bush-cricket,0.99,,,26/09/2026,25/09/2026,03:15:32,ClassifEspSWE-0002026-05-29_1,JOHANKARLSSON,20260926175329TA9EA1,2026_26_sep_03,Citizen Science (ultrasonic) - shared
59~40306+18~07249_20260926_031539.wav,DEV_001_20260926_031539.wav,0,59.40306,18.07249,Phogri,Pholidoptera griseoaptera,Dark Bush-cricket,bush-cricket,0.98,,,26/09/2026,25/09/2026,03:15:39,ClassifEspSWE-0002026-05-29_1,JOHANKARLSSON,20260926175329TA9EA1,2026_26_sep_03,Citizen Science (ultrasonic) - shared
59~40306+18~07249_20260926_031545.wav,DEV_001_20260926_031545.wav,0,59.40306,18.07249,Phogri,Pholidoptera griseoaptera,Dark Bush-cricket,bush-cricket,0.99,,,26/09/2026,25/09/2026,03:15:45,ClassifEspSWE-0002026-05-29_1,JOHANKARLSSON,20260926175329TA9EA1,2026_26_sep_03,Citizen Science (ultrasonic) - shared
59~40306+18~07249_20260926_031552.wav,DEV_001_20260926_031552.wav,0,59.40306,18.07249,Phogri,Pholidoptera griseoaptera,Dark Bush-cricket,bush-cricket,0.99,,,26/09/2026,25/09/2026,03:15:52,ClassifEspSWE-0002026-05-29_1,JOHANKARLSSON,20260926175329TA9EA1,2026_26_sep_03,Citizen Science (ultrasonic) - shared
59~40306+18~07249_20260926_031558.wav,DEV_001_20260926_031558.wav,0,59.40306,18.07249,Phogri,Pholidoptera griseoaptera,Dark Bush-cricket,bush-cricket,0.97,,,26/09/2026,25/09/2026,03:15:58,ClassifEspSWE-0002026-05-29_1,JOHANKARLSSON,20260926175329TA9EA1,2026_26_sep_03,Citizen Science (ultrasonic) - shared
59~40306+18~07249_20260926_031603.wav,DEV_001_20260926_031603.wav,0,59.40306,18.07249,Phogri,Pholidoptera griseoaptera,Dark Bush-cricket,bush-cricket,0.99,,,26/09/2026,25/09/2026,03:16:03,ClassifEspSWE-0002026-05-29_1,JOHANKARLSSON,20260926175329TA9EA1,2026_26_sep_03,Citizen Science (ultrasonic) - shared
59~40306+18~07249_20260926_031609.wav,DEV_001_20260926_031609.wav,0,59.40306,18.07249,Phogri,Pholidoptera griseoaptera,Dark Bush-cricket,bush-cricket,0.94,,,26/09/2026,25/09/2026,03:16:09,ClassifEspSWE-0002026-05-29_1,JOHANKARLSSON,20260926175329TA9EA1,2026_26_sep_03,Citizen Science (ultrasonic) - shared
59~40306+18~07249_20260926_031618.wav,DEV_001_20260926_031618.wav,0,59.40306,18.07249,Phogri,Pholidoptera griseoaptera,Dark Bush-cricket,bush-cricket,0.98,,,26/09/2026,25/09/2026,03:16:18,ClassifEspSWE-0002026-05-29_1,JOHANKARLSSON,20260926175329TA9EA1,2026_26_sep_03,Citizen Science (ultrasonic) - shared
59~40306+18~07249_20260926_031628.wav,DEV_001_20260926_031628.wav,0,59.40306,18.07249,Phogri,Pholidoptera griseoaptera,Dark Bush-cricket,bush-cricket,0.99,,,26/09/2026,25/09/2026,03:16:28,ClassifEspSWE-0002026-05-29_1,JOHANKARLSSON,20260926175329TA9EA1,2026_26_sep_03,Citizen Science (ultrasonic) - shared
59~40306+18~07249_20260926_031633.wav,DEV_001_20260926_031633.wav,0,59.40306,18.07249,Phogri,Pholidoptera griseoaptera,Dark Bush-cricket,bush-cricket,0.96,,,26/09/2026,25/09/2026,03:16:33,ClassifEspSWE-0002026-05-29_1,JOHANKARLSSON,20260926175329TA9EA1,2026_26_sep_03,Citizen Science (ultrasonic) - shared
59~40306+18~07249_20260926_031639.wav,DEV_001_20260926_031639.wav,0,59.40306,18.07249,Phogri,Pholidoptera griseoaptera,Dark Bush-cricket,bush-cricket,0.98,,,26/09/2026,25/09/2026,03:16:39,ClassifEspSWE-0002026-05-29_1,JOHANKARLSSON,20260926175329TA9EA1,2026_26_sep_03,Citizen Science (ultrasonic) - shared
59~40306+18~07249_20260926_031647.wav,DEV_001_20260926_031647.wav,0,59.40306,18.07249,Phogri,Pholidoptera griseoaptera,Dark Bush-cricket,bush-cricket,0.96,,,26/09/2026,25/09/2026,03:16:47,ClassifEspSWE-0002026-05-29_1,JOHANKARLSSON,20260926175329TA9EA1,2026_26_sep_03,Citizen Science (ultrasonic) - shared
59~40306+18~07249_20260926_031656.wav,DEV_001_20260926_031656.wav,0,59.40306,18.07249,Phogri,Pholidoptera griseoaptera,Dark Bush-cricket,bush-cricket,0.98,,,26/09/2026,25/09/2026,03:16:56,ClassifEspSWE-0002026-05-29_1,JOHANKARLSSON,20260926175329TA9EA1,2026_26_sep_03,Citizen Science (ultrasonic) - shared
59~40306+18~07249_20260926_031703.wav,DEV_001_20260926_031703.wav,0,59.40306,18.07249,Phogri,Pholidoptera griseoaptera,Dark Bush-cricket,bush-cricket,0.99,,,26/09/2026,25/09/2026,03:17:03,ClassifEspSWE-0002026-05-29_1,JOHANKARLSSON,20260926175329TA9EA1,2026_26_sep_03,Citizen Science (ultrasonic) - shared
59~40306+18~07249_20260926_031710.wav,DEV_001_20260926_031710.wav,0,59.40306,18.07249,Phogri,Pholidoptera griseoaptera,Dark Bush-cricket,bush-cricket,0.97,,,26/09/2026,25/09/2026,03:17:10,ClassifEspSWE-0002026-05-29_1,JOHANKARLSSON,20260926175329TA9EA1,2026_26_sep_03,Citizen Science (ultrasonic) - shared
59~40306+18~07249_20260926_031717.wav,DEV_001_20260926_031717.wav,0,59.40306,18.07249,Phogri,Pholidoptera griseoaptera,Dark Bush-cricket,bush-cricket,0.98,,,26/09/2026,25/09/2026,03:17:17,ClassifEspSWE-0002026-05-29_1,JOHANKARLSSON,20260926175329TA9EA1,2026_26_sep_03,Citizen Science (ultrasonic) - shared
59~40306+18~07249_20260926_031723.wav,DEV_001_20260926_031723.wav,0,59.40306,18.07249,Phogri,Pholidoptera griseoaptera,Dark Bush-cricket,bush-cricket,0.97,,,26/09/2026,25/09/2026,03:17:23,ClassifEspSWE-0002026-05-29_1,JOHANKARLSSON,20260926175329TA9EA1,2026_26_sep_03,Citizen Science (ultrasonic) - shared
59~40306+18~07249_20260926_031731.wav,DEV_001_20260926_031731.wav,0,59.40306,18.07249,Phogri,Pholidoptera griseoaptera,Dark Bush-cricket,bush-cricket,0.99,,,26/09/2026,25/09/2026,03:17:31,ClassifEspSWE-0002026-05-29_1,JOHANKARLSSON,20260926175329TA9EA1,2026_26_sep_03,Citizen Science (ultrasonic) - shared
59~40306+18~07249_20260926_031738.wav,DEV_001_20260926_031738.wav,0,59.40306,18.07249,Phogri,Pholidoptera griseoaptera,Dark Bush-cricket,bush-cricket,0.97,,,26/09/2026,25/09/2026,03:17:38,ClassifEspSWE-0002026-05-29_1,JOHANKARLSSON,20260926175329TA9EA1,2026_26_sep_03,Citizen Science (ultrasonic) - shared
59~40306+18~07249_20260926_031745.wav,DEV_001_20260926_031745.wav,0,59.40306,18.07249,Phogri,Pholidoptera griseoaptera,Dark Bush-cricket,bush-cricket,0.98,,,26/09/2026,25/09/2026,03:17:45,ClassifEspSWE-0002026-05-29_1,JOHANKARLSSON,20260926175329TA9EA1,2026_26_sep_03,Citizen Science (ultrasonic) - shared
59~40306+18~07249_20260926_031752.wav,DEV_001_20260926_031752.wav,0,59.40306,18.07249,Phogri,Pholidoptera griseoaptera,Dark Bush-cricket,bush-cricket,0.97,,,26/09/2026,25/09/2026,03:17:52,ClassifEspSWE-0002026-05-29_1,JOHANKARLSSON,20260926175329TA9EA1,2026_26_sep_03,Citizen Science (ultrasonic) - shared
59~40306+18~07249_20260926_031759.wav,DEV_001_20260926_031759.wav,0,59.40306,18.07249,Phogri,Pholidoptera griseoaptera,Dark Bush-cricket,bush-cricket,0.99,,,26/09/2026,25/09/2026,03:17:59,ClassifEspSWE-0002026-05-29_1,JOHANKARLSSON,20260926175329TA9EA1,2026_26_sep_03,Citizen Science (ultrasonic) - shared
59~40306+18~07249_20260926_031806.wav,DEV_001_20260926_031806.wav,0,59.40306,18.07249,Phogri,Pholidoptera griseoaptera,Dark Bush-cricket,bush-cricket,0.99,,,26/09/2026,25/09/2026,03:18:06,ClassifEspSWE-0002026-05-29_1,JOHANKARLSSON,20260926175329TA9EA1,2026_26_sep_03,Citizen Science (ultrasonic) - shared
59~40306+18~07249_20260926_031813.wav,DEV_001_20260926_031813.wav,0,59.40306,18.07249,Phogri,Pholidoptera griseoaptera,Dark Bush-cricket,bush-cricket,0.96,,,26/09/2026,25/09/2026,03:18:13,ClassifEspSWE-0002026-05-29_1,JOHANKARLSSON,20260926175329TA9EA1,2026_26_sep_03,Citizen Science (ultrasonic) - shared
59~40306+18~07249_20260926_031823.wav,DEV_001_20260926_031823.wav,0,59.40306,18.07249,Phogri,Pholidoptera griseoaptera,Dark Bush-cricket,bush-cricket,0.97,,,26/09/2026,25/09/2026,03:18:23,ClassifEspSWE-0002026-05-29_1,JOHANKARLSSON,20260926175329TA9EA1,2026_26_sep_03,Citizen Science (ultrasonic) - shared
59~40306+18~07249_20260926_031831.wav,DEV_001_20260926_031831.wav,0,59.40306,18.07249,Phogri,Pholidoptera griseoaptera,Dark Bush-cricket,bush-cricket,0.98,,,26/09/2026,25/09/2026,03:18:31,ClassifEspSWE-0002026-05-29_1,JOHANKARLSSON,20260926175329TA9EA1,2026_26_sep_03,Citizen Science (ultrasonic) - shared
59~40306+18~07249_20260926_031838.wav,DEV_001_20260926_031838.wav,0,59.40306,18.07249,Phogri,Pholidoptera griseoaptera,Dark Bush-cricket,bush-cricket,0.99,,,26/09/2026,25/09/2026,03:18:38,ClassifEspSWE-0002026-05-29_1,JOHANKARLSSON,20260926175329TA9EA1,2026_26_sep_03,Citizen Science (ultrasonic) - shared
59~40306+18~07249_20260926_031848.wav,DEV_001_20260926_031848.wav,0,59.40306,18.07249,Phogri,Pholidoptera griseoaptera,Dark Bush-cricket,bush-cricket,0.97,,,26/09/2026,25/09/2026,03:18:48,ClassifEspSWE-0002026-05-29_1,JOHANKARLSSON,20260926175329TA9EA1,2026_26_sep_03,Citizen Science (ultrasonic) - shared
59~40306+18~07249_20260926_031854.wav,DEV_001_20260926_031854.wav,0,59.40306,18.07249,Phogri,Pholidoptera griseoaptera,Dark Bush-cricket,bush-cricket,0.98,,,26/09/2026,25/09/2026,03:18:54,ClassifEspSWE-0002026-05-29_1,JOHANKARLSSON,20260926175329TA9EA1,2026_26_sep_03,Citizen Science (ultrasonic) - shared
59~40306+18~07249_20260926_031902.wav,DEV_001_20260926_031902.wav,0,59.40306,18.07249,Phogri,Pholidoptera griseoaptera,Dark Bush-cricket,bush-cricket,0.93,,,26/09/2026,25/09/2026,03:19:02,ClassifEspSWE-0002026-05-29_1,JOHANKARLSSON,20260926175329TA9EA1,2026_26_sep_03,Citizen Science (ultrasonic) - shared
59~40306+18~07249_20260926_031908.wav,DEV_001_20260926_031908.wav,0,59.40306,18.07249,Phogri,Pholidoptera griseoaptera,Dark Bush-cricket,bush-cricket,0.99,,,26/09/2026,25/09/2026,03:19:08,ClassifEspSWE-0002026-05-29_1,JOHANKARLSSON,20260926175329TA9EA1,2026_26_sep_03,Citizen Science (ultrasonic) - shared
59~40306+18~07249_20260926_031916.wav,DEV_001_20260926_031916.wav,0,59.40306,18.07249,Phogri,Pholidoptera griseoaptera,Dark Bush-cricket,bush-cricket,0.99,,,26/09/2026,25/09/2026,03:19:16,ClassifEspSWE-0002026-05-29_1,JOHANKARLSSON,20260926175329TA9EA1,2026_26_sep_03,Citizen Science (ultrasonic) - shared
59~40306+18~07249_20260926_031923.wav,DEV_001_20260926_031923.wav,0,59.40306,18.07249,Phogri,Pholidoptera griseoaptera,Dark Bush-cricket,bush-cricket,0.96,,,26/09/2026,25/09/2026,03:19:23,ClassifEspSWE-0002026-05-29_1,JOHANKARLSSON,20260926175329TA9EA1,2026_26_sep_03,Citizen Science (ultrasonic) - shared
59~40306+18~07249_20260926_031930.wav,DEV_001_20260926_031930.wav,0,59.40306,18.07249,Phogri,Pholidoptera griseoaptera,Dark Bush-cricket,bush-cricket,0.98,,,26/09/2026,25/09/2026,03:19:30,ClassifEspSWE-0002026-05-29_1,JOHANKARLSSON,20260926175329TA9EA1,2026_26_sep_03,Citizen Science (ultrasonic) - shared
59~40306+18~07249_20260926_031940.wav,DEV_001_20260926_031940.wav,0,59.40306,18.07249,Phogri,Pholidoptera griseoaptera,Dark Bush-cricket,bush-cricket,0.98,,,26/09/2026,25/09/2026,03:19:40,ClassifEspSWE-0002026-05-29_1,JOHANKARLSSON,20260926175329TA9EA1,2026_26_sep_03,Citizen Science (ultrasonic) - shared
59~40306+18~07249_20260926_031948.wav,DEV_001_20260926_031948.wav,0,59.40306,18.07249,Phogri,Pholidoptera griseoaptera,Dark Bush-cricket,bush-cricket,0.98,,,26/09/2026,25/09/2026,03:19:48,ClassifEspSWE-0002026-05-29_1,JOHANKARLSSON,20260926175329TA9EA1,2026_26_sep_03,Citizen Science (ultrasonic) - shared
59~40306+18~07249_20260926_031957.wav,DEV_001_20260926_031957.wav,0,59.40306,18.07249,Phogri,Pholidoptera griseoaptera,Dark Bush-cricket,bush-cricket,0.98,,,26/09/2026,25/09/2026,03:19:57,ClassifEspSWE-0002026-05-29_1,JOHANKARLSSON,20260926175329TA9EA1,2026_26_sep_03,Citizen Science (ultrasonic) - shared
59~40306+18~07249_20260926_032008.wav,DEV_001_20260926_032008.wav,0,59.40306,18.07249,Phogri,Pholidoptera griseoaptera,Dark Bush-cricket,bush-cricket,0.98,,,26/09/2026,25/09/2026,03:20:08,ClassifEspSWE-0002026-05-29_1,JOHANKARLSSON,20260926175329TA9EA1,2026_26_sep_03,Citizen Science (ultrasonic) - shared
59~40306+18~07249_20260926_032014.wav,DEV_001_20260926_032014.wav,0,59.40306,18.07249,Phogri,Pholidoptera griseoaptera,Dark Bush-cricket,bush-cricket,0.99,,,26/09/2026,25/09/2026,03:20:14,ClassifEspSWE-0002026-05-29_1,JOHANKARLSSON,20260926175329TA9EA1,2026_26_sep_03,Citizen Science (ultrasonic) - shared
59~40306+18~07249_20260926_032019.wav,DEV_001_20260926_032019.wav,0,59.40306,18.07249,Phogri,Pholidoptera griseoaptera,Dark Bush-cricket,bush-cricket,0.98,,,26/09/2026,25/09/2026,03:20:19,ClassifEspSWE-0002026-05-29_1,JOHANKARLSSON,20260926175329TA9EA1,2026_26_sep_03,Citizen Science (ultrasonic) - shared
59~40306+18~07249_20260926_032028.wav,DEV_001_20260926_032028.wav,0,59.40306,18.07249,Phogri,Pholidoptera griseoaptera,Dark Bush-cricket,bush-cricket,0.99,,,26/09/2026,25/09/2026,03:20:28,ClassifEspSWE-0002026-05-29_1,JOHANKARLSSON,20260926175329TA9EA1,2026_26_sep_03,Citizen Science (ultrasonic) - shared
59~40306+18~07249_20260926_032043.wav,DEV_001_20260926_032043.wav,0,59.40306,18.07249,Phogri,Pholidoptera griseoaptera,Dark Bush-cricket,bush-cricket,0.98,,,26/09/2026,25/09/2026,03:20:43,ClassifEspSWE-0002026-05-29_1,JOHANKARLSSON,20260926175329TA9EA1,2026_26_sep_03,Citizen Science (ultrasonic) - shared
59~40306+18~07249_20260926_032049.wav,DEV_001_20260926_032049.wav,0,59.40306,18.07249,Phogri,Pholidoptera griseoaptera,Dark Bush-cricket,bush-cricket,0.98,,,26/09/2026,25/09/2026,03:20:49,ClassifEspSWE-0002026-05-29_1,JOHANKARLSSON,20260926175329TA9EA1,2026_26_sep_03,Citizen Science (ultrasonic) - shared
59~40306+18~07249_20260926_032054.wav,DEV_001_20260926_032054.wav,0,59.40306,18.07249,Phogri,Pholidoptera griseoaptera,Dark Bush-cricket,bush-cricket,0.97,,,26/09/2026,25/09/2026,03:20:54,ClassifEspSWE-0002026-05-29_1,JOHANKARLSSON,20260926175329TA9EA1,2026_26_sep_03,Citizen Science (ultrasonic) - shared
59~40306+18~07249_20260926_032100.wav,DEV_001_20260926_032100.wav,0,59.40306,18.07249,Phogri,Pholidoptera griseoaptera,Dark Bush-cricket,bush-cricket,0.99,,,26/09/2026,25/09/2026,03:21:00,ClassifEspSWE-0002026-05-29_1,JOHANKARLSSON,20260926175329TA9EA1,2026_26_sep_03,Citizen Science (ultrasonic) - shared
59~40306+18~07249_20260926_032105.wav,DEV_001_20260926_032105.wav,0,59.40306,18.07249,Phogri,Pholidoptera griseoaptera,Dark Bush-cricket,bush-cricket,0.99,,,26/09/2026,25/09/2026,03:21:05,ClassifEspSWE-0002026-05-29_1,JOHANKARLSSON,20260926175329TA9EA1,2026_26_sep_03,Citizen Science (ultrasonic) - shared
59~40306+18~07249_20260926_032113.wav,DEV_001_20260926_032113.wav,0,59.40306,18.07249,Phogri,Pholidoptera griseoaptera,Dark Bush-cricket,bush-cricket,0.99,,,26/09/2026,25/09/2026,03:21:13,ClassifEspSWE-0002026-05-29_1,JOHANKARLSSON,20260926175329TA9EA1,2026_26_sep_03,Citizen Science (ultrasonic) - shared
59~40306+18~07249_20260926_032119.wav,DEV_001_20260926_032119.wav,0,59.40306,18.07249,Phogri,Pholidoptera griseoaptera,Dark Bush-cricket,bush-cricket,0.98,,,26/09/2026,25/09/2026,03:21:19,ClassifEspSWE-0002026-05-29_1,JOHANKARLSSON,20260926175329TA9EA1,2026_26_sep_03,Citizen Science (ultrasonic) - shared
59~40306+18~07249_20260926_032126.wav,DEV_001_20260926_032126.wav,0,59.40306,18.07249,Phogri,Pholidoptera griseoaptera,Dark Bush-cricket,bush-cricket,0.99,,,26/09/2026,25/09/2026,03:21:26,ClassifEspSWE-0002026-05-29_1,JOHANKARLSSON,20260926175329TA9EA1,2026_26_sep_03,Citizen Science (ultrasonic) - shared
59~40306+18~07249_20260926_032134.wav,DEV_001_20260926_032134.wav,0,59.40306,18.07249,Phogri,Pholidoptera griseoaptera,Dark Bush-cricket,bush-cricket,0.98,,,26/09/2026,25/09/2026,03:21:34,ClassifEspSWE-0002026-05-29_1,JOHANKARLSSON,20260926175329TA9EA1,2026_26_sep_03,Citizen Science (ultrasonic) - shared
59~40306+18~07249_20260926_032146.wav,DEV_001_20260926_032146.wav,0,59.40306,18.07249,Phogri,Pholidoptera griseoaptera,Dark Bush-cricket,bush-cricket,0.93,,,26/09/2026,25/09/2026,03:21:46,ClassifEspSWE-0002026-05-29_1,JOHANKARLSSON,20260926175329TA9EA1,2026_26_sep_03,Citizen Science (ultrasonic) - shared
59~40306+18~07249_20260926_032154.wav,DEV_001_20260926_032154.wav,0,59.40306,18.07249,Phogri,Pholidoptera griseoaptera,Dark Bush-cricket,bush-cricket,0.98,,,26/09/2026,25/09/2026,03:21:54,ClassifEspSWE-0002026-05-29_1,JOHANKARLSSON,20260926175329TA9EA1,2026_26_sep_03,Citizen Science (ultrasonic) - shared
59~40306+18~07249_20260926_032205.wav,DEV_001_20260926_032205.wav,0,59.40306,18.07249,Phogri,Pholidoptera griseoaptera,Dark Bush-cricket,bush-cricket,0.99,,,26/09/2026,25/09/2026,03:22:05,ClassifEspSWE-0002026-05-29_1,JOHANKARLSSON,20260926175329TA9EA1,2026_26_sep_03,Citizen Science (ultrasonic) - shared
59~40306+18~07249_20260926_032212.wav,DEV_001_20260926_032212.wav,0,59.40306,18.07249,Phogri,Pholidoptera griseoaptera,Dark Bush-cricket,bush-cricket,0.99,,,26/09/2026,25/09/2026,03:22:12,ClassifEspSWE-0002026-05-29_1,JOHANKARLSSON,20260926175329TA9EA1,2026_26_sep_03,Citizen Science (ultrasonic) - shared
59~40306+18~07249_20260926_032221.wav,DEV_001_20260926_032221.wav,0,59.40306,18.07249,Phogri,Pholidoptera griseoaptera,Dark Bush-cricket,bush-cricket,0.92,,,26/09/2026,25/09/2026,03:22:21,ClassifEspSWE-0002026-05-29_1,JOHANKARLSSON,20260926175329TA9EA1,2026_26_sep_03,Citizen Science (ultrasonic) - shared
59~40306+18~07249_20260926_032226.wav,DEV_001_20260926_032226.wav,0,59.40306,18.07249,Phogri,Pholidoptera griseoaptera,Dark Bush-cricket,bush-cricket,0.93,,,26/09/2026,25/09/2026,03:22:26,ClassifEspSWE-0002026-05-29_1,JOHANKARLSSON,20260926175329TA9EA1,2026_26_sep_03,Citizen Science (ultrasonic) - shared
59~40306+18~07249_20260926_032232.wav,DEV_001_20260926_032232.wav,0,59.40306,18.07249,Phogri,Pholidoptera griseoaptera,Dark Bush-cricket,bush-cricket,0.99,,,26/09/2026,25/09/2026,03:22:32,ClassifEspSWE-0002026-05-29_1,JOHANKARLSSON,20260926175329TA9EA1,2026_26_sep_03,Citizen Science (ultrasonic) - shared
59~40306+18~07249_20260926_032238.wav,DEV_001_20260926_032238.wav,0,59.40306,18.07249,Phogri,Pholidoptera griseoaptera,Dark Bush-cricket,bush-cricket,0.98,,,26/09/2026,25/09/2026,03:22:38,ClassifEspSWE-0002026-05-29_1,JOHANKARLSSON,20260926175329TA9EA1,2026_26_sep_03,Citizen Science (ultrasonic) - shared
59~40306+18~07249_20260926_032244.wav,DEV_001_20260926_032244.wav,0,59.40306,18.07249,Phogri,Pholidoptera griseoaptera,Dark Bush-cricket,bush-cricket,0.96,,,26/09/2026,25/09/2026,03:22:44,ClassifEspSWE-0002026-05-29_1,JOHANKARLSSON,20260926175329TA9EA1,2026_26_sep_03,Citizen Science (ultrasonic) - shared
59~40306+18~07249_20260926_032252.wav,DEV_001_20260926_032252.wav,0,59.40306,18.07249,Phogri,Pholidoptera griseoaptera,Dark Bush-cricket,bush-cricket,0.99,,,26/09/2026,25/09/2026,03:22:52,ClassifEspSWE-0002026-05-29_1,JOHANKARLSSON,20260926175329TA9EA1,2026_26_sep_03,Citizen Science (ultrasonic) - shared
59~40306+18~07249_20260926_032300.wav,DEV_001_20260926_032300.wav,0,59.40306,18.07249,Phogri,Pholidoptera griseoaptera,Dark Bush-cricket,bush-cricket,0.99,,,26/09/2026,25/09/2026,03:23:00,ClassifEspSWE-0002026-05-29_1,JOHANKARLSSON,20260926175329TA9EA1,2026_26_sep_03,Citizen Science (ultrasonic) - shared
59~40306+18~07249_20260926_032306.wav,DEV_001_20260926_032306.wav,0,59.40306,18.07249,Phogri,Pholidoptera griseoaptera,Dark Bush-cricket,bush-cricket,0.95,,,26/09/2026,25/09/2026,03:23:06,ClassifEspSWE-0002026-05-29_1,JOHANKARLSSON,20260926175329TA9EA1,2026_26_sep_03,Citizen Science (ultrasonic) - shared
59~40306+18~07249_20260926_032312.wav,DEV_001_20260926_032312.wav,0,59.40306,18.07249,Phogri,Pholidoptera griseoaptera,Dark Bush-cricket,bush-cricket,0.98,,,26/09/2026,25/09/2026,03:23:12,ClassifEspSWE-0002026-05-29_1,JOHANKARLSSON,20260926175329TA9EA1,2026_26_sep_03,Citizen Science (ultrasonic) - shared
59~40306+18~07249_20260926_032318.wav,DEV_001_20260926_032318.wav,0,59.40306,18.07249,Phogri,Pholidoptera griseoaptera,Dark Bush-cricket,bush-cricket,0.81,,,26/09/2026,25/09/2026,03:23:18,ClassifEspSWE-0002026-05-29_1,JOHANKARLSSON,20260926175329TA9EA1,2026_26_sep_03,Citizen Science (ultrasonic) - shared
59~40306+18~07249_20260926_032325.wav,DEV_001_20260926_032325.wav,0,59.40306,18.07249,Phogri,Pholidoptera griseoaptera,Dark Bush-cricket,bush-cricket,0.92,,,26/09/2026,25/09/2026,03:23:25,ClassifEspSWE-0002026-05-29_1,JOHANKARLSSON,20260926175329TA9EA1,2026_26_sep_03,Citizen Science (ultrasonic) - shared
59~40306+18~07249_20260926_032336.wav,DEV_001_20260926_032336.wav,0,59.40306,18.07249,Phogri,Pholidoptera griseoaptera,Dark Bush-cricket,bush-cricket,0.98,,,26/09/2026,25/09/2026,03:23:36,ClassifEspSWE-0002026-05-29_1,JOHANKARLSSON,20260926175329TA9EA1,2026_26_sep_03,Citizen Science (ultrasonic) - shared
59~40306+18~07249_20260926_032344.wav,DEV_001_20260926_032344.wav,0,59.40306,18.07249,Phogri,Pholidoptera griseoaptera,Dark Bush-cricket,bush-cricket,0.94,,,26/09/2026,25/09/2026,03:23:44,ClassifEspSWE-0002026-05-29_1,JOHANKARLSSON,20260926175329TA9EA1,2026_26_sep_03,Citizen Science (ultrasonic) - shared
59~40306+18~07249_20260926_032351.wav,DEV_001_20260926_032351.wav,0,59.40306,18.07249,Phogri,Pholidoptera griseoaptera,Dark Bush-cricket,bush-cricket,0.95,,,26/09/2026,25/09/2026,03:23:51,ClassifEspSWE-0002026-05-29_1,JOHANKARLSSON,20260926175329TA9EA1,2026_26_sep_03,Citizen Science (ultrasonic) - shared
59~40306+18~07249_20260926_032358.wav,DEV_001_20260926_032358.wav,0,59.40306,18.07249,Phogri,Pholidoptera griseoaptera,Dark Bush-cricket,bush-cricket,0.99,,,26/09/2026,25/09/2026,03:23:58,ClassifEspSWE-0002026-05-29_1,JOHANKARLSSON,20260926175329TA9EA1,2026_26_sep_03,Citizen Science (ultrasonic) - shared
59~40306+18~07249_20260926_032405.wav,DEV_001_20260926_032405.wav,0,59.40306,18.07249,Phogri,Pholidoptera griseoaptera,Dark Bush-cricket,bush-cricket,0.96,,,26/09/2026,25/09/2026,03:24:05,ClassifEspSWE-0002026-05-29_1,JOHANKARLSSON,20260926175329TA9EA1,2026_26_sep_03,Citizen Science (ultrasonic) - shared
59~40306+18~07249_20260926_032413.wav,DEV_001_20260926_032413.wav,0,59.40306,18.07249,Phogri,Pholidoptera griseoaptera,Dark Bush-cricket,bush-cricket,0.99,,,26/09/2026,25/09/2026,03:24:13,ClassifEspSWE-0002026-05-29_1,JOHANKARLSSON,20260926175329TA9EA1,2026_26_sep_03,Citizen Science (ultrasonic) - shared
59~40306+18~07249_20260926_032420.wav,DEV_001_20260926_032420.wav,0,59.40306,18.07249,Phogri,Pholidoptera griseoaptera,Dark Bush-cricket,bush-cricket,0.89,,,26/09/2026,25/09/2026,03:24:20,ClassifEspSWE-0002026-05-29_1,JOHANKARLSSON,20260926175329TA9EA1,2026_26_sep_03,Citizen Science (ultrasonic) - shared
59~40306+18~07249_20260926_032428.wav,DEV_001_20260926_032428.wav,0,59.40306,18.07249,Phogri,Pholidoptera griseoaptera,Dark Bush-cricket,bush-cricket,0.99,,,26/09/2026,25/09/2026,03:24:28,ClassifEspSWE-0002026-05-29_1,JOHANKARLSSON,20260926175329TA9EA1,2026_26_sep_03,Citizen Science (ultrasonic) - shared
59~40306+18~07249_20260926_032436.wav,DEV_001_20260926_032436.wav,0,59.40306,18.07249,Phogri,Pholidoptera griseoaptera,Dark Bush-cricket,bush-cricket,0.99,,,26/09/2026,25/09/2026,03:24:36,ClassifEspSWE-0002026-05-29_1,JOHANKARLSSON,20260926175329TA9EA1,2026_26_sep_03,Citizen Science (ultrasonic) - shared
59~40306+18~07249_20260926_032441.wav,DEV_001_20260926_032441.wav,0,59.40306,18.07249,Phogri,Pholidoptera griseoaptera,Dark Bush-cricket,bush-cricket,0.99,,,26/09/2026,25/09/2026,03:24:41,ClassifEspSWE-0002026-05-29_1,JOHANKARLSSON,20260926175329TA9EA1,2026_26_sep_03,Citizen Science (ultrasonic) - shared
59~40306+18~07249_20260926_032450.wav,DEV_001_20260926_032450.wav,0,59.40306,18.07249,Phogri,Pholidoptera griseoaptera,Dark Bush-cricket,bush-cricket,0.99,,,26/09/2026,25/09/2026,03:24:50,ClassifEspSWE-0002026-05-29_1,JOHANKARLSSON,20260926175329TA9EA1,2026_26_sep_03,Citizen Science (ultrasonic) - shared
59~40306+18~07249_20260926_032456.wav,DEV_001_20260926_032456.wav,0,59.40306,18.07249,Phogri,Pholidoptera griseoaptera,Dark Bush-cricket,bush-cricket,0.91,,,26/09/2026,25/09/2026,03:24:56,ClassifEspSWE-0002026-05-29_1,JOHANKARLSSON,20260926175329TA9EA1,2026_26_sep_03,Citizen Science (ultrasonic) - shared
59~40306+18~07249_20260926_032505.wav,DEV_001_20260926_032505.wav,0,59.40306,18.07249,Phogri,Pholidoptera griseoaptera,Dark Bush-cricket,bush-cricket,0.97,,,26/09/2026,25/09/2026,03:25:05,ClassifEspSWE-0002026-05-29_1,JOHANKARLSSON,20260926175329TA9EA1,2026_26_sep_03,Citizen Science (ultrasonic) - shared
59~40306+18~07249_20260926_032510.wav,DEV_001_20260926_032510.wav,0,59.40306,18.07249,Phogri,Pholidoptera griseoaptera,Dark Bush-cricket,bush-cricket,0.96,,,26/09/2026,25/09/2026,03:25:10,ClassifEspSWE-0002026-05-29_1,JOHANKARLSSON,20260926175329TA9EA1,2026_26_sep_03,Citizen Science (ultrasonic) - shared
59~40306+18~07249_20260926_032518.wav,DEV_001_20260926_032518.wav,0,59.40306,18.07249,Phogri,Pholidoptera griseoaptera,Dark Bush-cricket,bush-cricket,0.97,,,26/09/2026,25/09/2026,03:25:18,ClassifEspSWE-0002026-05-29_1,JOHANKARLSSON,20260926175329TA9EA1,2026_26_sep_03,Citizen Science (ultrasonic) - shared
59~40306+18~07249_20260926_032527.wav,DEV_001_20260926_032527.wav,0,59.40306,18.07249,Phogri,Pholidoptera griseoaptera,Dark Bush-cricket,bush-cricket,0.97,,,26/09/2026,25/09/2026,03:25:27,ClassifEspSWE-0002026-05-29_1,JOHANKARLSSON,20260926175329TA9EA1,2026_26_sep_03,Citizen Science (ultrasonic) - shared
59~40306+18~07249_20260926_032535.wav,DEV_001_20260926_032535.wav,0,59.40306,18.07249,Phogri,Pholidoptera griseoaptera,Dark Bush-cricket,bush-cricket,0.99,,,26/09/2026,25/09/2026,03:25:35,ClassifEspSWE-0002026-05-29_1,JOHANKARLSSON,20260926175329TA9EA1,2026_26_sep_03,Citizen Science (ultrasonic) - shared
59~40306+18~07249_20260926_032542.wav,DEV_001_20260926_032542.wav,0,59.40306,18.07249,Phogri,Pholidoptera griseoaptera,Dark Bush-cricket,bush-cricket,0.92,,,26/09/2026,25/09/2026,03:25:42,ClassifEspSWE-0002026-05-29_1,JOHANKARLSSON,20260926175329TA9EA1,2026_26_sep_03,Citizen Science (ultrasonic) - shared
59~40306+18~07249_20260926_032550.wav,DEV_001_20260926_032550.wav,0,59.40306,18.07249,Phogri,Pholidoptera griseoaptera,Dark Bush-cricket,bush-cricket,0.99,,,26/09/2026,25/09/2026,03:25:50,ClassifEspSWE-0002026-05-29_1,JOHANKARLSSON,20260926175329TA9EA1,2026_26_sep_03,Citizen Science (ultrasonic) - shared
59~40306+18~07249_20260926_032557.wav,DEV_001_20260926_032557.wav,0,59.40306,18.07249,Phogri,Pholidoptera griseoaptera,Dark Bush-cricket,bush-cricket,0.97,,,26/09/2026,25/09/2026,03:25:57,ClassifEspSWE-0002026-05-29_1,JOHANKARLSSON,20260926175329TA9EA1,2026_26_sep_03,Citizen Science (ultrasonic) - shared
59~40306+18~07249_20260926_032605.wav,DEV_001_20260926_032605.wav,0,59.40306,18.07249,Phogri,Pholidoptera griseoaptera,Dark Bush-cricket,bush-cricket,0.99,,,26/09/2026,25/09/2026,03:26:05,ClassifEspSWE-0002026-05-29_1,JOHANKARLSSON,20260926175329TA9EA1,2026_26_sep_03,Citizen Science (ultrasonic) - shared
59~40306+18~07249_20260926_032613.wav,DEV_001_20260926_032613.wav,0,59.40306,18.07249,Phogri,Pholidoptera griseoaptera,Dark Bush-cricket,bush-cricket,0.92,,,26/09/2026,25/09/2026,03:26:13,ClassifEspSWE-0002026-05-29_1,JOHANKARLSSON,20260926175329TA9EA1,2026_26_sep_03,Citizen Science (ultrasonic) - shared
59~40306+18~07249_20260926_032620.wav,DEV_001_20260926_032620.wav,0,59.40306,18.07249,Phogri,Pholidoptera griseoaptera,Dark Bush-cricket,bush-cricket,0.99,,,26/09/2026,25/09/2026,03:26:20,ClassifEspSWE-0002026-05-29_1,JOHANKARLSSON,20260926175329TA9EA1,2026_26_sep_03,Citizen Science (ultrasonic) - shared
59~40306+18~07249_20260926_032629.wav,DEV_001_20260926_032629.wav,0,59.40306,18.07249,Phogri,Pholidoptera griseoaptera,Dark Bush-cricket,bush-cricket,0.98,,,26/09/2026,25/09/2026,03:26:29,ClassifEspSWE-0002026-05-29_1,JOHANKARLSSON,20260926175329TA9EA1,2026_26_sep_03,Citizen Science (ultrasonic) - shared
59~40306+18~07249_20260926_032635.wav,DEV_001_20260926_032635.wav,0,59.40306,18.07249,Phogri,Pholidoptera griseoaptera,Dark Bush-cricket,bush-cricket,0.99,,,26/09/2026,25/09/2026,03:26:35,ClassifEspSWE-0002026-05-29_1,JOHANKARLSSON,20260926175329TA9EA1,2026_26_sep_03,Citizen Science (ultrasonic) - shared
59~40306+18~07249_20260926_032643.wav,DEV_001_20260926_032643.wav,0,59.40306,18.07249,Phogri,Pholidoptera griseoaptera,Dark Bush-cricket,bush-cricket,0.99,,,26/09/2026,25/09/2026,03:26:43,ClassifEspSWE-0002026-05-29_1,JOHANKARLSSON,20260926175329TA9EA1,2026_26_sep_03,Citizen Science (ultrasonic) - shared
59~40306+18~07249_20260926_032651.wav,DEV_001_20260926_032651.wav,0,59.40306,18.07249,Phogri,Pholidoptera griseoaptera,Dark Bush-cricket,bush-cricket,0.99,,,26/09/2026,25/09/2026,03:26:51,ClassifEspSWE-0002026-05-29_1,JOHANKARLSSON,20260926175329TA9EA1,2026_26_sep_03,Citizen Science (ultrasonic) - shared
59~40306+18~07249_20260926_032659.wav,DEV_001_20260926_032659.wav,0,59.40306,18.07249,Phogri,Pholidoptera griseoaptera,Dark Bush-cricket,bush-cricket,0.99,,,26/09/2026,25/09/2026,03:26:59,ClassifEspSWE-0002026-05-29_1,JOHANKARLSSON,20260926175329TA9EA1,2026_26_sep_03,Citizen Science (ultrasonic) - shared
59~40306+18~07249_20260926_032708.wav,DEV_001_20260926_032708.wav,0,59.40306,18.07249,Phogri,Pholidoptera griseoaptera,Dark Bush-cricket,bush-cricket,0.97,,,26/09/2026,25/09/2026,03:27:08,ClassifEspSWE-0002026-05-29_1,JOHANKARLSSON,20260926175329TA9EA1,2026_26_sep_03,Citizen Science (ultrasonic) - shared
59~40306+18~07249_20260926_032716.wav,DEV_001_20260926_032716.wav,0,59.40306,18.07249,Phogri,Pholidoptera griseoaptera,Dark Bush-cricket,bush-cricket,0.99,,,26/09/2026,25/09/2026,03:27:16,ClassifEspSWE-0002026-05-29_1,JOHANKARLSSON,20260926175329TA9EA1,2026_26_sep_03,Citizen Science (ultrasonic) - shared
59~40306+18~07249_20260926_032726.wav,DEV_001_20260926_032726.wav,0,59.40306,18.07249,Phogri,Pholidoptera griseoaptera,Dark Bush-cricket,bush-cricket,0.98,,,26/09/2026,25/09/2026,03:27:26,ClassifEspSWE-0002026-05-29_1,JOHANKARLSSON,20260926175329TA9EA1,2026_26_sep_03,Citizen Science (ultrasonic) - shared
59~40306+18~07249_20260926_032735.wav,DEV_001_20260926_032735.wav,0,59.40306,18.07249,Phogri,Pholidoptera griseoaptera,Dark Bush-cricket,bush-cricket,0.99,,,26/09/2026,25/09/2026,03:27:35,ClassifEspSWE-0002026-05-29_1,JOHANKARLSSON,20260926175329TA9EA1,2026_26_sep_03,Citizen Science (ultrasonic) - shared
59~40306+18~07249_20260926_032742.wav,DEV_001_20260926_032742.wav,0,59.40306,18.07249,Phogri,Pholidoptera griseoaptera,Dark Bush-cricket,bush-cricket,0.99,,,26/09/2026,25/09/2026,03:27:42,ClassifEspSWE-0002026-05-29_1,JOHANKARLSSON,20260926175329TA9EA1,2026_26_sep_03,Citizen Science (ultrasonic) - shared
59~40306+18~07249_20260926_032750.wav,DEV_001_20260926_032750.wav,0,59.40306,18.07249,Phogri,Pholidoptera griseoaptera,Dark Bush-cricket,bush-cricket,0.99,,,26/09/2026,25/09/2026,03:27:50,ClassifEspSWE-0002026-05-29_1,JOHANKARLSSON,20260926175329TA9EA1,2026_26_sep_03,Citizen Science (ultrasonic) - shared
59~40306+18~07249_20260926_032757.wav,DEV_001_20260926_032757.wav,0,59.40306,18.07249,Phogri,Pholidoptera griseoaptera,Dark Bush-cricket,bush-cricket,0.97,,,26/09/2026,25/09/2026,03:27:57,ClassifEspSWE-0002026-05-29_1,JOHANKARLSSON,20260926175329TA9EA1,2026_26_sep_03,Citizen Science (ultrasonic) - shared
59~40306+18~07249_20260926_032805.wav,DEV_001_20260926_032805.wav,0,59.40306,18.07249,Phogri,Pholidoptera griseoaptera,Dark Bush-cricket,bush-cricket,0.99,,,26/09/2026,25/09/2026,03:28:05,ClassifEspSWE-0002026-05-29_1,JOHANKARLSSON,20260926175329TA9EA1,2026_26_sep_03,Citizen Science (ultrasonic) - shared
59~40306+18~07249_20260926_032812.wav,DEV_001_20260926_032812.wav,0,59.40306,18.07249,Phogri,Pholidoptera griseoaptera,Dark Bush-cricket,bush-cricket,0.94,,,26/09/2026,25/09/2026,03:28:12,ClassifEspSWE-0002026-05-29_1,JOHANKARLSSON,20260926175329TA9EA1,2026_26_sep_03,Citizen Science (ultrasonic) - shared
59~40306+18~07249_20260926_032820.wav,DEV_001_20260926_032820.wav,0,59.40306,18.07249,Phogri,Pholidoptera griseoaptera,Dark Bush-cricket,bush-cricket,0.98,,,26/09/2026,25/09/2026,03:28:20,ClassifEspSWE-0002026-05-29_1,JOHANKARLSSON,20260926175329TA9EA1,2026_26_sep_03,Citizen Science (ultrasonic) - shared
59~40306+18~07249_20260926_032828.wav,DEV_001_20260926_032828.wav,0,59.40306,18.07249,Phogri,Pholidoptera griseoaptera,Dark Bush-cricket,bush-cricket,0.96,,,26/09/2026,25/09/2026,03:28:28,ClassifEspSWE-0002026-05-29_1,JOHANKARLSSON,20260926175329TA9EA1,2026_26_sep_03,Citizen Science (ultrasonic) - shared
59~40306+18~07249_20260926_032834.wav,DEV_001_20260926_032834.wav,0,59.40306,18.07249,Phogri,Pholidoptera griseoaptera,Dark Bush-cricket,bush-cricket,0.99,,,26/09/2026,25/09/2026,03:28:34,ClassifEspSWE-0002026-05-29_1,JOHANKARLSSON,20260926175329TA9EA1,2026_26_sep_03,Citizen Science (ultrasonic) - shared
59~40306+18~07249_20260926_032840.wav,DEV_001_20260926_032840.wav,0,59.40306,18.07249,Phogri,Pholidoptera griseoaptera,Dark Bush-cricket,bush-cricket,0.92,,,26/09/2026,25/09/2026,03:28:40,ClassifEspSWE-0002026-05-29_1,JOHANKARLSSON,20260926175329TA9EA1,2026_26_sep_03,Citizen Science (ultrasonic) - shared
59~40306+18~07249_20260926_032847.wav,DEV_001_20260926_032847.wav,0,59.40306,18.07249,Phogri,Pholidoptera griseoaptera,Dark Bush-cricket,bush-cricket,0.98,,,26/09/2026,25/09/2026,03:28:47,ClassifEspSWE-0002026-05-29_1,JOHANKARLSSON,20260926175329TA9EA1,2026_26_sep_03,Citizen Science (ultrasonic) - shared
59~40306+18~07249_20260926_032854.wav,DEV_001_20260926_032854.wav,0,59.40306,18.07249,Phogri,Pholidoptera griseoaptera,Dark Bush-cricket,bush-cricket,0.99,,,26/09/2026,25/09/2026,03:28:54,ClassifEspSWE-0002026-05-29_1,JOHANKARLSSON,20260926175329TA9EA1,2026_26_sep_03,Citizen Science (ultrasonic) - shared
59~40306+18~07249_20260926_032901.wav,DEV_001_20260926_032901.wav,0,59.40306,18.07249,Phogri,Pholidoptera griseoaptera,Dark Bush-cricket,bush-cricket,0.99,,,26/09/2026,25/09/2026,03:29:01,ClassifEspSWE-0002026-05-29_1,JOHANKARLSSON,20260926175329TA9EA1,2026_26_sep_03,Citizen Science (ultrasonic) - shared
59~40306+18~07249_20260926_032907.wav,DEV_001_20260926_032907.wav,0,59.40306,18.07249,Phogri,Pholidoptera griseoaptera,Dark Bush-cricket,bush-cricket,0.95,,,26/09/2026,25/09/2026,03:29:07,ClassifEspSWE-0002026-05-29_1,JOHANKARLSSON,20260926175329TA9EA1,2026_26_sep_03,Citizen Science (ultrasonic) - shared
59~40306+18~07249_20260926_032915.wav,DEV_001_20260926_032915.wav,0,59.40306,18.07249,Phogri,Pholidoptera griseoaptera,Dark Bush-cricket,bush-cricket,0.98,,,26/09/2026,25/09/2026,03:29:15,ClassifEspSWE-0002026-05-29_1,JOHANKARLSSON,20260926175329TA9EA1,2026_26_sep_03,Citizen Science (ultrasonic) - shared
59~40306+18~07249_20260926_032922.wav,DEV_001_20260926_032922.wav,0,59.40306,18.07249,Phogri,Pholidoptera griseoaptera,Dark Bush-cricket,bush-cricket,0.93,,,26/09/2026,25/09/2026,03:29:22,ClassifEspSWE-0002026-05-29_1,JOHANKARLSSON,20260926175329TA9EA1,2026_26_sep_03,Citizen Science (ultrasonic) - shared
59~40306+18~07249_20260926_032928.wav,DEV_001_20260926_032928.wav,0,59.40306,18.07249,Phogri,Pholidoptera griseoaptera,Dark Bush-cricket,bush-cricket,0.96,,,26/09/2026,25/09/2026,03:29:28,ClassifEspSWE-0002026-05-29_1,JOHANKARLSSON,20260926175329TA9EA1,2026_26_sep_03,Citizen Science (ultrasonic) - shared
59~40306+18~07249_20260926_032936.wav,DEV_001_20260926_032936.wav,0,59.40306,18.07249,Phogri,Pholidoptera griseoaptera,Dark Bush-cricket,bush-cricket,0.99,,,26/09/2026,25/09/2026,03:29:36,ClassifEspSWE-0002026-05-29_1,JOHANKARLSSON,20260926175329TA9EA1,2026_26_sep_03,Citizen Science (ultrasonic) - shared
59~40306+18~07249_20260926_032943.wav,DEV_001_20260926_032943.wav,0,59.40306,18.07249,Phogri,Pholidoptera griseoaptera,Dark Bush-cricket,bush-cricket,0.97,,,26/09/2026,25/09/2026,03:29:43,ClassifEspSWE-0002026-05-29_1,JOHANKARLSSON,20260926175329TA9EA1,2026_26_sep_03,Citizen Science (ultrasonic) - shared
59~40306+18~07249_20260926_032949.wav,DEV_001_20260926_032949.wav,0,59.40306,18.07249,Phogri,Pholidoptera griseoaptera,Dark Bush-cricket,bush-cricket,0.98,,,26/09/2026,25/09/2026,03:29:49,ClassifEspSWE-0002026-05-29_1,JOHANKARLSSON,20260926175329TA9EA1,2026_26_sep_03,Citizen Science (ultrasonic) - shared
59~40306+18~07249_20260926_032955.wav,DEV_001_20260926_032955.wav,0,59.40306,18.07249,Phogri,Pholidoptera griseoaptera,Dark Bush-cricket,bush-cricket,0.98,,,26/09/2026,25/09/2026,03:29:55,ClassifEspSWE-0002026-05-29_1,JOHANKARLSSON,20260926175329TA9EA1,2026_26_sep_03,Citizen Science (ultrasonic) - shared
59~40306+18~07249_20260926_033002.wav,DEV_001_20260926_033002.wav,0,59.40306,18.07249,Phogri,Pholidoptera griseoaptera,Dark Bush-cricket,bush-cricket,0.98,,,26/09/2026,25/09/2026,03:30:02,ClassifEspSWE-0002026-05-29_1,JOHANKARLSSON,20260926175329TA9EA1,2026_26_sep_03,Citizen Science (ultrasonic) - shared
59~40306+18~07249_20260926_033009.wav,DEV_001_20260926_033009.wav,0,59.40306,18.07249,Phogri,Pholidoptera griseoaptera,Dark Bush-cricket,bush-cricket,0.98,,,26/09/2026,25/09/2026,03:30:09,ClassifEspSWE-0002026-05-29_1,JOHANKARLSSON,20260926175329TA9EA1,2026_26_sep_03,Citizen Science (ultrasonic) - shared
59~40306+18~07249_20260926_033015.wav,DEV_001_20260926_033015.wav,0,59.40306,18.07249,Phogri,Pholidoptera griseoaptera,Dark Bush-cricket,bush-cricket,0.99,,,26/09/2026,25/09/2026,03:30:15,ClassifEspSWE-0002026-05-29_1,JOHANKARLSSON,20260926175329TA9EA1,2026_26_sep_03,Citizen Science (ultrasonic) - shared
59~40306+18~07249_20260926_033022.wav,DEV_001_20260926_033022.wav,0,59.40306,18.07249,Phogri,Pholidoptera griseoaptera,Dark Bush-cricket,bush-cricket,0.94,,,26/09/2026,25/09/2026,03:30:22,ClassifEspSWE-0002026-05-29_1,JOHANKARLSSON,20260926175329TA9EA1,2026_26_sep_03,Citizen Science (ultrasonic) - shared
59~40306+18~07249_20260926_033029.wav,DEV_001_20260926_033029.wav,0,59.40306,18.07249,Phogri,Pholidoptera griseoaptera,Dark Bush-cricket,bush-cricket,0.98,,,26/09/2026,25/09/2026,03:30:29,ClassifEspSWE-0002026-05-29_1,JOHANKARLSSON,20260926175329TA9EA1,2026_26_sep_03,Citizen Science (ultrasonic) - shared
59~40306+18~07249_20260926_033035.wav,DEV_001_20260926_033035.wav,0,59.40306,18.07249,Phogri,Pholidoptera griseoaptera,Dark Bush-cricket,bush-cricket,0.93,,,26/09/2026,25/09/2026,03:30:35,ClassifEspSWE-0002026-05-29_1,JOHANKARLSSON,20260926175329TA9EA1,2026_26_sep_03,Citizen Science (ultrasonic) - shared
59~40306+18~07249_20260926_033043.wav,DEV_001_20260926_033043.wav,0,59.40306,18.07249,Phogri,Pholidoptera griseoaptera,Dark Bush-cricket,bush-cricket,0.98,,,26/09/2026,25/09/2026,03:30:43,ClassifEspSWE-0002026-05-29_1,JOHANKARLSSON,20260926175329TA9EA1,2026_26_sep_03,Citizen Science (ultrasonic) - shared
59~40306+18~07249_20260926_033049.wav,DEV_001_20260926_033049.wav,0,59.40306,18.07249,Phogri,Pholidoptera griseoaptera,Dark Bush-cricket,bush-cricket,0.97,,,26/09/2026,25/09/2026,03:30:49,ClassifEspSWE-0002026-05-29_1,JOHANKARLSSON,20260926175329TA9EA1,2026_26_sep_03,Citizen Science (ultrasonic) - shared
59~40306+18~07249_20260926_033055.wav,DEV_001_20260926_033055.wav,0,59.40306,18.07249,Phogri,Pholidoptera griseoaptera,Dark Bush-cricket,bush-cricket,0.98,,,26/09/2026,25/09/2026,03:30:55,ClassifEspSWE-0002026-05-29_1,JOHANKARLSSON,20260926175329TA9EA1,2026_26_sep_03,Citizen Science (ultrasonic) - shared
59~40306+18~07249_20260926_033102.wav,DEV_001_20260926_033102.wav,0,59.40306,18.07249,Phogri,Pholidoptera griseoaptera,Dark Bush-cricket,bush-cricket,0.95,,,26/09/2026,25/09/2026,03:31:02,ClassifEspSWE-0002026-05-29_1,JOHANKARLSSON,20260926175329TA9EA1,2026_26_sep_03,Citizen Science (ultrasonic) - shared
59~40306+18~07249_20260926_033107.wav,DEV_001_20260926_033107.wav,0,59.40306,18.07249,Phogri,Pholidoptera griseoaptera,Dark Bush-cricket,bush-cricket,0.95,,,26/09/2026,25/09/2026,03:31:07,ClassifEspSWE-0002026-05-29_1,JOHANKARLSSON,20260926175329TA9EA1,2026_26_sep_03,Citizen Science (ultrasonic) - shared
59~40306+18~07249_20260926_033114.wav,DEV_001_20260926_033114.wav,0,59.40306,18.07249,Phogri,Pholidoptera griseoaptera,Dark Bush-cricket,bush-cricket,0.99,,,26/09/2026,25/09/2026,03:31:14,ClassifEspSWE-0002026-05-29_1,JOHANKARLSSON,20260926175329TA9EA1,2026_26_sep_03,Citizen Science (ultrasonic) - shared
59~40306+18~07249_20260926_033122.wav,DEV_001_20260926_033122.wav,0,59.40306,18.07249,Phogri,Pholidoptera griseoaptera,Dark Bush-cricket,bush-cricket,0.95,,,26/09/2026,25/09/2026,03:31:22,ClassifEspSWE-0002026-05-29_1,JOHANKARLSSON,20260926175329TA9EA1,2026_26_sep_03,Citizen Science (ultrasonic) - shared
59~40306+18~07249_20260926_033129.wav,DEV_001_20260926_033129.wav,0,59.40306,18.07249,Phogri,Pholidoptera griseoaptera,Dark Bush-cricket,bush-cricket,0.91,,,26/09/2026,25/09/2026,03:31:29,ClassifEspSWE-0002026-05-29_1,JOHANKARLSSON,20260926175329TA9EA1,2026_26_sep_03,Citizen Science (ultrasonic) - shared
59~40306+18~07249_20260926_033134.wav,DEV_001_20260926_033134.wav,0,59.40306,18.07249,Phogri,Pholidoptera griseoaptera,Dark Bush-cricket,bush-cricket,0.99,,,26/09/2026,25/09/2026,03:31:34,ClassifEspSWE-0002026-05-29_1,JOHANKARLSSON,20260926175329TA9EA1,2026_26_sep_03,Citizen Science (ultrasonic) - shared
59~40306+18~07249_20260926_033140.wav,DEV_001_20260926_033140.wav,0,59.40306,18.07249,Phogri,Pholidoptera griseoaptera,Dark Bush-cricket,bush-cricket,0.99,,,26/09/2026,25/09/2026,03:31:40,ClassifEspSWE-0002026-05-29_1,JOHANKARLSSON,20260926175329TA9EA1,2026_26_sep_03,Citizen Science (ultrasonic) - shared
59~40306+18~07249_20260926_033146.wav,DEV_001_20260926_033146.wav,0,59.40306,18.07249,Phogri,Pholidoptera griseoaptera,Dark Bush-cricket,bush-cricket,0.94,,,26/09/2026,25/09/2026,03:31:46,ClassifEspSWE-0002026-05-29_1,JOHANKARLSSON,20260926175329TA9EA1,2026_26_sep_03,Citizen Science (ultrasonic) - shared
59~40306+18~07249_20260926_033152.wav,DEV_001_20260926_033152.wav,0,59.40306,18.07249,Phogri,Pholidoptera griseoaptera,Dark Bush-cricket,bush-cricket,0.98,,,26/09/2026,25/09/2026,03:31:52,ClassifEspSWE-0002026-05-29_1,JOHANKARLSSON,20260926175329TA9EA1,2026_26_sep_03,Citizen Science (ultrasonic) - shared
59~40306+18~07249_20260926_033159.wav,DEV_001_20260926_033159.wav,0,59.40306,18.07249,Phogri,Pholidoptera griseoaptera,Dark Bush-cricket,bush-cricket,0.98,,,26/09/2026,25/09/2026,03:31:59,ClassifEspSWE-0002026-05-29_1,JOHANKARLSSON,20260926175329TA9EA1,2026_26_sep_03,Citizen Science (ultrasonic) - shared
59~40306+18~07249_20260926_033205.wav,DEV_001_20260926_033205.wav,0,59.40306,18.07249,Phogri,Pholidoptera griseoaptera,Dark Bush-cricket,bush-cricket,0.94,,,26/09/2026,25/09/2026,03:32:05,ClassifEspSWE-0002026-05-29_1,JOHANKARLSSON,20260926175329TA9EA1,2026_26_sep_03,Citizen Science (ultrasonic) - shared
59~40306+18~07249_20260926_033211.wav,DEV_001_20260926_033211.wav,0,59.40306,18.07249,Phogri,Pholidoptera griseoaptera,Dark Bush-cricket,bush-cricket,0.99,,,26/09/2026,25/09/2026,03:32:11,ClassifEspSWE-0002026-05-29_1,JOHANKARLSSON,20260926175329TA9EA1,2026_26_sep_03,Citizen Science (ultrasonic) - shared
59~40306+18~07249_20260926_033218.wav,DEV_001_20260926_033218.wav,0,59.40306,18.07249,Phogri,Pholidoptera griseoaptera,Dark Bush-cricket,bush-cricket,0.99,,,26/09/2026,25/09/2026,03:32:18,ClassifEspSWE-0002026-05-29_1,JOHANKARLSSON,20260926175329TA9EA1,2026_26_sep_03,Citizen Science (ultrasonic) - shared
59~40306+18~07249_20260926_033224.wav,DEV_001_20260926_033224.wav,0,59.40306,18.07249,Phogri,Pholidoptera griseoaptera,Dark Bush-cricket,bush-cricket,0.95,,,26/09/2026,25/09/2026,03:32:24,ClassifEspSWE-0002026-05-29_1,JOHANKARLSSON,20260926175329TA9EA1,2026_26_sep_03,Citizen Science (ultrasonic) - shared
59~40306+18~07249_20260926_033229.wav,DEV_001_20260926_033229.wav,0,59.40306,18.07249,Phogri,Pholidoptera griseoaptera,Dark Bush-cricket,bush-cricket,0.98,,,26/09/2026,25/09/2026,03:32:29,ClassifEspSWE-0002026-05-29_1,JOHANKARLSSON,20260926175329TA9EA1,2026_26_sep_03,Citizen Science (ultrasonic) - shared
59~40306+18~07249_20260926_033238.wav,DEV_001_20260926_033238.wav,0,59.40306,18.07249,Phogri,Pholidoptera griseoaptera,Dark Bush-cricket,bush-cricket,0.98,,,26/09/2026,25/09/2026,03:32:38,ClassifEspSWE-0002026-05-29_1,JOHANKARLSSON,20260926175329TA9EA1,2026_26_sep_03,Citizen Science (ultrasonic) - shared
59~40306+18~07249_20260926_033245.wav,DEV_001_20260926_033245.wav,0,59.40306,18.07249,Phogri,Pholidoptera griseoaptera,Dark Bush-cricket,bush-cricket,0.99,,,26/09/2026,25/09/2026,03:32:45,ClassifEspSWE-0002026-05-29_1,JOHANKARLSSON,20260926175329TA9EA1,2026_26_sep_03,Citizen Science (ultrasonic) - shared
59~40306+18~07249_20260926_033251.wav,DEV_001_20260926_033251.wav,0,59.40306,18.07249,Phogri,Pholidoptera griseoaptera,Dark Bush-cricket,bush-cricket,0.99,,,26/09/2026,25/09/2026,03:32:51,ClassifEspSWE-0002026-05-29_1,JOHANKARLSSON,20260926175329TA9EA1,2026_26_sep_03,Citizen Science (ultrasonic) - shared
59~40306+18~07249_20260926_033259.wav,DEV_001_20260926_033259.wav,0,59.40306,18.07249,Phogri,Pholidoptera griseoaptera,Dark Bush-cricket,bush-cricket,0.99,,,26/09/2026,25/09/2026,03:32:59,ClassifEspSWE-0002026-05-29_1,JOHANKARLSSON,20260926175329TA9EA1,2026_26_sep_03,Citizen Science (ultrasonic) - shared
59~40306+18~07249_20260926_033306.wav,DEV_001_20260926_033306.wav,0,59.40306,18.07249,Phogri,Pholidoptera griseoaptera,Dark Bush-cricket,bush-cricket,0.98,,,26/09/2026,25/09/2026,03:33:06,ClassifEspSWE-0002026-05-29_1,JOHANKARLSSON,20260926175329TA9EA1,2026_26_sep_03,Citizen Science (ultrasonic) - shared
59~40306+18~07249_20260926_033312.wav,DEV_001_20260926_033312.wav,0,59.40306,18.07249,Phogri,Pholidoptera griseoaptera,Dark Bush-cricket,bush-cricket,0.96,,,26/09/2026,25/09/2026,03:33:12,ClassifEspSWE-0002026-05-29_1,JOHANKARLSSON,20260926175329TA9EA1,2026_26_sep_03,Citizen Science (ultrasonic) - shared
59~40306+18~07249_20260926_033319.wav,DEV_001_20260926_033319.wav,0,59.40306,18.07249,Phogri,Pholidoptera griseoaptera,Dark Bush-cricket,bush-cricket,0.92,,,26/09/2026,25/09/2026,03:33:19,ClassifEspSWE-0002026-05-29_1,JOHANKARLSSON,20260926175329TA9EA1,2026_26_sep_03,Citizen Science (ultrasonic) - shared
59~40306+18~07249_20260926_033326.wav,DEV_001_20260926_033326.wav,0,59.40306,18.07249,Phogri,Pholidoptera griseoaptera,Dark Bush-cricket,bush-cricket,0.93,,,26/09/2026,25/09/2026,03:33:26,ClassifEspSWE-0002026-05-29_1,JOHANKARLSSON,20260926175329TA9EA1,2026_26_sep_03,Citizen Science (ultrasonic) - shared
59~40306+18~07249_20260926_033334.wav,DEV_001_20260926_033334.wav,0,59.40306,18.07249,Phogri,Pholidoptera griseoaptera,Dark Bush-cricket,bush-cricket,0.98,,,26/09/2026,25/09/2026,03:33:34,ClassifEspSWE-0002026-05-29_1,JOHANKARLSSON,20260926175329TA9EA1,2026_26_sep_03,Citizen Science (ultrasonic) - shared
59~40306+18~07249_20260926_033341.wav,DEV_001_20260926_033341.wav,0,59.40306,18.07249,Phogri,Pholidoptera griseoaptera,Dark Bush-cricket,bush-cricket,0.98,,,26/09/2026,25/09/2026,03:33:41,ClassifEspSWE-0002026-05-29_1,JOHANKARLSSON,20260926175329TA9EA1,2026_26_sep_03,Citizen Science (ultrasonic) - shared
59~40306+18~07249_20260926_033347.wav,DEV_001_20260926_033347.wav,0,59.40306,18.07249,Phogri,Pholidoptera griseoaptera,Dark Bush-cricket,bush-cricket,0.98,,,26/09/2026,25/09/2026,03:33:47,ClassifEspSWE-0002026-05-29_1,JOHANKARLSSON,20260926175329TA9EA1,2026_26_sep_03,Citizen Science (ultrasonic) - shared
59~40306+18~07249_20260926_033354.wav,DEV_001_20260926_033354.wav,0,59.40306,18.07249,Phogri,Pholidoptera griseoaptera,Dark Bush-cricket,bush-cricket,0.85,,,26/09/2026,25/09/2026,03:33:54,ClassifEspSWE-0002026-05-29_1,JOHANKARLSSON,20260926175329TA9EA1,2026_26_sep_03,Citizen Science (ultrasonic) - shared
59~40306+18~07249_20260926_033401.wav,DEV_001_20260926_033401.wav,0,59.40306,18.07249,Phogri,Pholidoptera griseoaptera,Dark Bush-cricket,bush-cricket,0.83,,,26/09/2026,25/09/2026,03:34:01,ClassifEspSWE-0002026-05-29_1,JOHANKARLSSON,20260926175329TA9EA1,2026_26_sep_03,Citizen Science (ultrasonic) - shared
59~40306+18~07249_20260926_033407.wav,DEV_001_20260926_033407.wav,0,59.40306,18.07249,Phogri,Pholidoptera griseoaptera,Dark Bush-cricket,bush-cricket,0.97,,,26/09/2026,25/09/2026,03:34:07,ClassifEspSWE-0002026-05-29_1,JOHANKARLSSON,20260926175329TA9EA1,2026_26_sep_03,Citizen Science (ultrasonic) - shared
59~40306+18~07249_20260926_033415.wav,DEV_001_20260926_033415.wav,0,59.40306,18.07249,Phogri,Pholidoptera griseoaptera,Dark Bush-cricket,bush-cricket,0.99,,,26/09/2026,25/09/2026,03:34:15,ClassifEspSWE-0002026-05-29_1,JOHANKARLSSON,20260926175329TA9EA1,2026_26_sep_03,Citizen Science (ultrasonic) - shared
59~40306+18~07249_20260926_033422.wav,DEV_001_20260926_033422.wav,0,59.40306,18.07249,Phogri,Pholidoptera griseoaptera,Dark Bush-cricket,bush-cricket,0.96,,,26/09/2026,25/09/2026,03:34:22,ClassifEspSWE-0002026-05-29_1,JOHANKARLSSON,20260926175329TA9EA1,2026_26_sep_03,Citizen Science (ultrasonic) - shared
59~40306+18~07249_20260926_033429.wav,DEV_001_20260926_033429.wav,0,59.40306,18.07249,Phogri,Pholidoptera griseoaptera,Dark Bush-cricket,bush-cricket,0.73,,,26/09/2026,25/09/2026,03:34:29,ClassifEspSWE-0002026-05-29_1,JOHANKARLSSON,20260926175329TA9EA1,2026_26_sep_03,Citizen Science (ultrasonic) - shared
59~40306+18~07249_20260926_033435.wav,DEV_001_20260926_033435.wav,0,59.40306,18.07249,Phogri,Pholidoptera griseoaptera,Dark Bush-cricket,bush-cricket,0.98,,,26/09/2026,25/09/2026,03:34:35,ClassifEspSWE-0002026-05-29_1,JOHANKARLSSON,20260926175329TA9EA1,2026_26_sep_03,Citizen Science (ultrasonic) - shared
59~40306+18~07249_20260926_033442.wav,DEV_001_20260926_033442.wav,0,59.40306,18.07249,Phogri,Pholidoptera griseoaptera,Dark Bush-cricket,bush-cricket,0.98,,,26/09/2026,25/09/2026,03:34:42,ClassifEspSWE-0002026-05-29_1,JOHANKARLSSON,20260926175329TA9EA1,2026_26_sep_03,Citizen Science (ultrasonic) - shared
59~40306+18~07249_20260926_033449.wav,DEV_001_20260926_033449.wav,0,59.40306,18.07249,Phogri,Pholidoptera griseoaptera,Dark Bush-cricket,bush-cricket,0.98,,,26/09/2026,25/09/2026,03:34:49,ClassifEspSWE-0002026-05-29_1,JOHANKARLSSON,20260926175329TA9EA1,2026_26_sep_03,Citizen Science (ultrasonic) - shared
59~40306+18~07249_20260926_033456.wav,DEV_001_20260926_033456.wav,0,59.40306,18.07249,Phogri,Pholidoptera griseoaptera,Dark Bush-cricket,bush-cricket,0.91,,,26/09/2026,25/09/2026,03:34:56,ClassifEspSWE-0002026-05-29_1,JOHANKARLSSON,20260926175329TA9EA1,2026_26_sep_03,Citizen Science (ultrasonic) - shared
59~40306+18~07249_20260926_033503.wav,DEV_001_20260926_033503.wav,0,59.40306,18.07249,Phogri,Pholidoptera griseoaptera,Dark Bush-cricket,bush-cricket,0.99,,,26/09/2026,25/09/2026,03:35:03,ClassifEspSWE-0002026-05-29_1,JOHANKARLSSON,20260926175329TA9EA1,2026_26_sep_03,Citizen Science (ultrasonic) - shared
59~40306+18~07249_20260926_033513.wav,DEV_001_20260926_033513.wav,0,59.40306,18.07249,Phogri,Pholidoptera griseoaptera,Dark Bush-cricket,bush-cricket,0.95,,,26/09/2026,25/09/2026,03:35:13,ClassifEspSWE-0002026-05-29_1,JOHANKARLSSON,20260926175329TA9EA1,2026_26_sep_03,Citizen Science (ultrasonic) - shared
59~40306+18~07249_20260926_033519.wav,DEV_001_20260926_033519.wav,0,59.40306,18.07249,Phogri,Pholidoptera griseoaptera,Dark Bush-cricket,bush-cricket,0.98,,,26/09/2026,25/09/2026,03:35:19,ClassifEspSWE-0002026-05-29_1,JOHANKARLSSON,20260926175329TA9EA1,2026_26_sep_03,Citizen Science (ultrasonic) - shared
59~40306+18~07249_20260926_033525.wav,DEV_001_20260926_033525.wav,0,59.40306,18.07249,Phogri,Pholidoptera griseoaptera,Dark Bush-cricket,bush-cricket,0.97,,,26/09/2026,25/09/2026,03:35:25,ClassifEspSWE-0002026-05-29_1,JOHANKARLSSON,20260926175329TA9EA1,2026_26_sep_03,Citizen Science (ultrasonic) - shared
59~40306+18~07249_20260926_033530.wav,DEV_001_20260926_033530.wav,0,59.40306,18.07249,Phogri,Pholidoptera griseoaptera,Dark Bush-cricket,bush-cricket,0.99,,,26/09/2026,25/09/2026,03:35:30,ClassifEspSWE-0002026-05-29_1,JOHANKARLSSON,20260926175329TA9EA1,2026_26_sep_03,Citizen Science (ultrasonic) - shared
59~40306+18~07249_20260926_033536.wav,DEV_001_20260926_033536.wav,0,59.40306,18.07249,Phogri,Pholidoptera griseoaptera,Dark Bush-cricket,bush-cricket,0.99,,,26/09/2026,25/09/2026,03:35:36,ClassifEspSWE-0002026-05-29_1,JOHANKARLSSON,20260926175329TA9EA1,2026_26_sep_03,Citizen Science (ultrasonic) - shared
59~40306+18~07249_20260926_033542.wav,DEV_001_20260926_033542.wav,0,59.40306,18.07249,Phogri,Pholidoptera griseoaptera,Dark Bush-cricket,bush-cricket,0.96,,,26/09/2026,25/09/2026,03:35:42,ClassifEspSWE-0002026-05-29_1,JOHANKARLSSON,20260926175329TA9EA1,2026_26_sep_03,Citizen Science (ultrasonic) - shared
59~40306+18~07249_20260926_033548.wav,DEV_001_20260926_033548.wav,0,59.40306,18.07249,Phogri,Pholidoptera griseoaptera,Dark Bush-cricket,bush-cricket,0.98,,,26/09/2026,25/09/2026,03:35:48,ClassifEspSWE-0002026-05-29_1,JOHANKARLSSON,20260926175329TA9EA1,2026_26_sep_03,Citizen Science (ultrasonic) - shared
59~40306+18~07249_20260926_033554.wav,DEV_001_20260926_033554.wav,0,59.40306,18.07249,Phogri,Pholidoptera griseoaptera,Dark Bush-cricket,bush-cricket,0.83,,,26/09/2026,25/09/2026,03:35:54,ClassifEspSWE-0002026-05-29_1,JOHANKARLSSON,20260926175329TA9EA1,2026_26_sep_03,Citizen Science (ultrasonic) - shared
59~40306+18~07249_20260926_033600.wav,DEV_001_20260926_033600.wav,0,59.40306,18.07249,Phogri,Pholidoptera griseoaptera,Dark Bush-cricket,bush-cricket,0.97,,,26/09/2026,25/09/2026,03:36:00,ClassifEspSWE-0002026-05-29_1,JOHANKARLSSON,20260926175329TA9EA1,2026_26_sep_03,Citizen Science (ultrasonic) - shared
59~40306+18~07249_20260926_033608.wav,DEV_001_20260926_033608.wav,0,59.40306,18.07249,Phogri,Pholidoptera griseoaptera,Dark Bush-cricket,bush-cricket,0.99,,,26/09/2026,25/09/2026,03:36:08,ClassifEspSWE-0002026-05-29_1,JOHANKARLSSON,20260926175329TA9EA1,2026_26_sep_03,Citizen Science (ultrasonic) - shared
59~40306+18~07249_20260926_033614.wav,DEV_001_20260926_033614.wav,0,59.40306,18.07249,Phogri,Pholidoptera griseoaptera,Dark Bush-cricket,bush-cricket,0.92,,,26/09/2026,25/09/2026,03:36:14,ClassifEspSWE-0002026-05-29_1,JOHANKARLSSON,20260926175329TA9EA1,2026_26_sep_03,Citizen Science (ultrasonic) - shared
59~40306+18~07249_20260926_033619.wav,DEV_001_20260926_033619.wav,0,59.40306,18.07249,Phogri,Pholidoptera griseoaptera,Dark Bush-cricket,bush-cricket,0.94,,,26/09/2026,25/09/2026,03:36:19,ClassifEspSWE-0002026-05-29_1,JOHANKARLSSON,20260926175329TA9EA1,2026_26_sep_03,Citizen Science (ultrasonic) - shared
59~40306+18~07249_20260926_033625.wav,DEV_001_20260926_033625.wav,0,59.40306,18.07249,Phogri,Pholidoptera griseoaptera,Dark Bush-cricket,bush-cricket,0.98,,,26/09/2026,25/09/2026,03:36:25,ClassifEspSWE-0002026-05-29_1,JOHANKARLSSON,20260926175329TA9EA1,2026_26_sep_03,Citizen Science (ultrasonic) - shared
59~40306+18~07249_20260926_033631.wav,DEV_001_20260926_033631.wav,0,59.40306,18.07249,Phogri,Pholidoptera griseoaptera,Dark Bush-cricket,bush-cricket,0.71,,,26/09/2026,25/09/2026,03:36:31,ClassifEspSWE-0002026-05-29_1,JOHANKARLSSON,20260926175329TA9EA1,2026_26_sep_03,Citizen Science (ultrasonic) - shared
59~40306+18~07249_20260926_033638.wav,DEV_001_20260926_033638.wav,0,59.40306,18.07249,Phogri,Pholidoptera griseoaptera,Dark Bush-cricket,bush-cricket,0.89,,,26/09/2026,25/09/2026,03:36:38,ClassifEspSWE-0002026-05-29_1,JOHANKARLSSON,20260926175329TA9EA1,2026_26_sep_03,Citizen Science (ultrasonic) - shared
59~40306+18~07249_20260926_033643.wav,DEV_001_20260926_033643.wav,0,59.40306,18.07249,Phogri,Pholidoptera griseoaptera,Dark Bush-cricket,bush-cricket,0.95,,,26/09/2026,25/09/2026,03:36:43,ClassifEspSWE-0002026-05-29_1,JOHANKARLSSON,20260926175329TA9EA1,2026_26_sep_03,Citizen Science (ultrasonic) - shared
59~40306+18~07249_20260926_033651.wav,DEV_001_20260926_033651.wav,0,59.40306,18.07249,Phogri,Pholidoptera griseoaptera,Dark Bush-cricket,bush-cricket,0.95,,,26/09/2026,25/09/2026,03:36:51,ClassifEspSWE-0002026-05-29_1,JOHANKARLSSON,20260926175329TA9EA1,2026_26_sep_03,Citizen Science (ultrasonic) - shared
59~40306+18~07249_20260926_033657.wav,DEV_001_20260926_033657.wav,0,59.40306,18.07249,Phogri,Pholidoptera griseoaptera,Dark Bush-cricket,bush-cricket,0.99,,,26/09/2026,25/09/2026,03:36:57,ClassifEspSWE-0002026-05-29_1,JOHANKARLSSON,20260926175329TA9EA1,2026_26_sep_03,Citizen Science (ultrasonic) - shared
59~40306+18~07249_20260926_033703.wav,DEV_001_20260926_033703.wav,0,59.40306,18.07249,Phogri,Pholidoptera griseoaptera,Dark Bush-cricket,bush-cricket,0.96,,,26/09/2026,25/09/2026,03:37:03,ClassifEspSWE-0002026-05-29_1,JOHANKARLSSON,20260926175329TA9EA1,2026_26_sep_03,Citizen Science (ultrasonic) - shared
59~40306+18~07249_20260926_033709.wav,DEV_001_20260926_033709.wav,0,59.40306,18.07249,Phogri,Pholidoptera griseoaptera,Dark Bush-cricket,bush-cricket,0.93,,,26/09/2026,25/09/2026,03:37:09,ClassifEspSWE-0002026-05-29_1,JOHANKARLSSON,20260926175329TA9EA1,2026_26_sep_03,Citizen Science (ultrasonic) - shared
59~40306+18~07249_20260926_033715.wav,DEV_001_20260926_033715.wav,0,59.40306,18.07249,Phogri,Pholidoptera griseoaptera,Dark Bush-cricket,bush-cricket,0.9,,,26/09/2026,25/09/2026,03:37:15,ClassifEspSWE-0002026-05-29_1,JOHANKARLSSON,20260926175329TA9EA1,2026_26_sep_03,Citizen Science (ultrasonic) - shared
59~40306+18~07249_20260926_033720.wav,DEV_001_20260926_033720.wav,0,59.40306,18.07249,Phogri,Pholidoptera griseoaptera,Dark Bush-cricket,bush-cricket,0.89,,,26/09/2026,25/09/2026,03:37:20,ClassifEspSWE-0002026-05-29_1,JOHANKARLSSON,20260926175329TA9EA1,2026_26_sep_03,Citizen Science (ultrasonic) - shared
59~40306+18~07249_20260926_033726.wav,DEV_001_20260926_033726.wav,0,59.40306,18.07249,Phogri,Pholidoptera griseoaptera,Dark Bush-cricket,bush-cricket,0.97,,,26/09/2026,25/09/2026,03:37:26,ClassifEspSWE-0002026-05-29_1,JOHANKARLSSON,20260926175329TA9EA1,2026_26_sep_03,Citizen Science (ultrasonic) - shared
59~40306+18~07249_20260926_033732.wav,DEV_001_20260926_033732.wav,0,59.40306,18.07249,Phogri,Pholidoptera griseoaptera,Dark Bush-cricket,bush-cricket,0.85,,,26/09/2026,25/09/2026,03:37:32,ClassifEspSWE-0002026-05-29_1,JOHANKARLSSON,20260926175329TA9EA1,2026_26_sep_03,Citizen Science (ultrasonic) - shared
59~40306+18~07249_20260926_033738.wav,DEV_001_20260926_033738.wav,0,59.40306,18.07249,Phogri,Pholidoptera griseoaptera,Dark Bush-cricket,bush-cricket,0.98,,,26/09/2026,25/09/2026,03:37:38,ClassifEspSWE-0002026-05-29_1,JOHANKARLSSON,20260926175329TA9EA1,2026_26_sep_03,Citizen Science (ultrasonic) - shared
59~40306+18~07249_20260926_033744.wav,DEV_001_20260926_033744.wav,0,59.40306,18.07249,Phogri,Pholidoptera griseoaptera,Dark Bush-cricket,bush-cricket,0.88,,,26/09/2026,25/09/2026,03:37:44,ClassifEspSWE-0002026-05-29_1,JOHANKARLSSON,20260926175329TA9EA1,2026_26_sep_03,Citizen Science (ultrasonic) - shared
59~40306+18~07249_20260926_033749.wav,DEV_001_20260926_033749.wav,0,59.40306,18.07249,Phogri,Pholidoptera griseoaptera,Dark Bush-cricket,bush-cricket,0.84,,,26/09/2026,25/09/2026,03:37:49,ClassifEspSWE-0002026-05-29_1,JOHANKARLSSON,20260926175329TA9EA1,2026_26_sep_03,Citizen Science (ultrasonic) - shared
59~40306+18~07249_20260926_033758.wav,DEV_001_20260926_033758.wav,0,59.40306,18.07249,Phogri,Pholidoptera griseoaptera,Dark Bush-cricket,bush-cricket,0.94,,,26/09/2026,25/09/2026,03:37:58,ClassifEspSWE-0002026-05-29_1,JOHANKARLSSON,20260926175329TA9EA1,2026_26_sep_03,Citizen Science (ultrasonic) - shared
59~40306+18~07249_20260926_033816.wav,DEV_001_20260926_033816.wav,0,59.40306,18.07249,Phogri,Pholidoptera griseoaptera,Dark Bush-cricket,bush-cricket,0.95,,,26/09/2026,25/09/2026,03:38:16,ClassifEspSWE-0002026-05-29_1,JOHANKARLSSON,20260926175329TA9EA1,2026_26_sep_03,Citizen Science (ultrasonic) - shared
59~40306+18~07249_20260926_033822.wav,DEV_001_20260926_033822.wav,0,59.40306,18.07249,Phogri,Pholidoptera griseoaptera,Dark Bush-cricket,bush-cricket,0.99,,,26/09/2026,25/09/2026,03:38:22,ClassifEspSWE-0002026-05-29_1,JOHANKARLSSON,20260926175329TA9EA1,2026_26_sep_03,Citizen Science (ultrasonic) - shared
59~40306+18~07249_20260926_033829.wav,DEV_001_20260926_033829.wav,0,59.40306,18.07249,Phogri,Pholidoptera griseoaptera,Dark Bush-cricket,bush-cricket,0.96,,,26/09/2026,25/09/2026,03:38:29,ClassifEspSWE-0002026-05-29_1,JOHANKARLSSON,20260926175329TA9EA1,2026_26_sep_03,Citizen Science (ultrasonic) - shared
59~40306+18~07249_20260926_033838.wav,DEV_001_20260926_033838.wav,0,59.40306,18.07249,Phogri,Pholidoptera griseoaptera,Dark Bush-cricket,bush-cricket,0.98,,,26/09/2026,25/09/2026,03:38:38,ClassifEspSWE-0002026-05-29_1,JOHANKARLSSON,20260926175329TA9EA1,2026_26_sep_03,Citizen Science (ultrasonic) - shared
59~40306+18~07249_20260926_033846.wav,DEV_001_20260926_033846.wav,0,59.40306,18.07249,Phogri,Pholidoptera griseoaptera,Dark Bush-cricket,bush-cricket,0.91,,,26/09/2026,25/09/2026,03:38:46,ClassifEspSWE-0002026-05-29_1,JOHANKARLSSON,20260926175329TA9EA1,2026_26_sep_03,Citizen Science (ultrasonic) - shared
59~40306+18~07249_20260926_033856.wav,DEV_001_20260926_033856.wav,0,59.40306,18.07249,Phogri,Pholidoptera griseoaptera,Dark Bush-cricket,bush-cricket,0.99,,,26/09/2026,25/09/2026,03:38:56,ClassifEspSWE-0002026-05-29_1,JOHANKARLSSON,20260926175329TA9EA1,2026_26_sep_03,Citizen Science (ultrasonic) - shared
59~40306+18~07249_20260926_033904.wav,DEV_001_20260926_033904.wav,0,59.40306,18.07249,Phogri,Pholidoptera griseoaptera,Dark Bush-cricket,bush-cricket,0.84,,,26/09/2026,25/09/2026,03:39:04,ClassifEspSWE-0002026-05-29_1,JOHANKARLSSON,20260926175329TA9EA1,2026_26_sep_03,Citizen Science (ultrasonic) - shared
59~40306+18~07249_20260926_033909.wav,DEV_001_20260926_033909.wav,0,59.40306,18.07249,Phogri,Pholidoptera griseoaptera,Dark Bush-cricket,bush-cricket,0.99,,,26/09/2026,25/09/2026,03:39:09,ClassifEspSWE-0002026-05-29_1,JOHANKARLSSON,20260926175329TA9EA1,2026_26_sep_03,Citizen Science (ultrasonic) - shared
59~40306+18~07249_20260926_033917.wav,DEV_001_20260926_033917.wav,0,59.40306,18.07249,Phogri,Pholidoptera griseoaptera,Dark Bush-cricket,bush-cricket,0.96,,,26/09/2026,25/09/2026,03:39:17,ClassifEspSWE-0002026-05-29_1,JOHANKARLSSON,20260926175329TA9EA1,2026_26_sep_03,Citizen Science (ultrasonic) - shared
59~40306+18~07249_20260926_033924.wav,DEV_001_20260926_033924.wav,0,59.40306,18.07249,Phogri,Pholidoptera griseoaptera,Dark Bush-cricket,bush-cricket,0.99,,,26/09/2026,25/09/2026,03:39:24,ClassifEspSWE-0002026-05-29_1,JOHANKARLSSON,20260926175329TA9EA1,2026_26_sep_03,Citizen Science (ultrasonic) - shared
59~40306+18~07249_20260926_033931.wav,DEV_001_20260926_033931.wav,0,59.40306,18.07249,Phogri,Pholidoptera griseoaptera,Dark Bush-cricket,bush-cricket,0.9,,,26/09/2026,25/09/2026,03:39:31,ClassifEspSWE-0002026-05-29_1,JOHANKARLSSON,20260926175329TA9EA1,2026_26_sep_03,Citizen Science (ultrasonic) - shared
59~40306+18~07249_20260926_033940.wav,DEV_001_20260926_033940.wav,0,59.40306,18.07249,Phogri,Pholidoptera griseoaptera,Dark Bush-cricket,bush-cricket,0.65,,,26/09/2026,25/09/2026,03:39:40,ClassifEspSWE-0002026-05-29_1,JOHANKARLSSON,20260926175329TA9EA1,2026_26_sep_03,Citizen Science (ultrasonic) - shared
59~40306+18~07249_20260926_033949.wav,DEV_001_20260926_033949.wav,0,59.40306,18.07249,Phogri,Pholidoptera griseoaptera,Dark Bush-cricket,bush-cricket,0.93,,,26/09/2026,25/09/2026,03:39:49,ClassifEspSWE-0002026-05-29_1,JOHANKARLSSON,20260926175329TA9EA1,2026_26_sep_03,Citizen Science (ultrasonic) - shared
59~40306+18~07249_20260926_033957.wav,DEV_001_20260926_033957.wav,0,59.40306,18.07249,Phogri,Pholidoptera griseoaptera,Dark Bush-cricket,bush-cricket,0.98,,,26/09/2026,25/09/2026,03:39:57,ClassifEspSWE-0002026-05-29_1,JOHANKARLSSON,20260926175329TA9EA1,2026_26_sep_03,Citizen Science (ultrasonic) - shared
59~40306+18~07249_20260926_034004.wav,DEV_001_20260926_034004.wav,0,59.40306,18.07249,Phogri,Pholidoptera griseoaptera,Dark Bush-cricket,bush-cricket,0.96,,,26/09/2026,25/09/2026,03:40:04,ClassifEspSWE-0002026-05-29_1,JOHANKARLSSON,20260926175329TA9EA1,2026_26_sep_03,Citizen Science (ultrasonic) - shared
59~40306+18~07249_20260926_034010.wav,DEV_001_20260926_034010.wav,0,59.40306,18.07249,Phogri,Pholidoptera griseoaptera,Dark Bush-cricket,bush-cricket,0.98,,,26/09/2026,25/09/2026,03:40:10,ClassifEspSWE-0002026-05-29_1,JOHANKARLSSON,20260926175329TA9EA1,2026_26_sep_03,Citizen Science (ultrasonic) - shared
59~40306+18~07249_20260926_034017.wav,DEV_001_20260926_034017.wav,0,59.40306,18.07249,Phogri,Pholidoptera griseoaptera,Dark Bush-cricket,bush-cricket,0.7,,,26/09/2026,25/09/2026,03:40:17,ClassifEspSWE-0002026-05-29_1,JOHANKARLSSON,20260926175329TA9EA1,2026_26_sep_03,Citizen Science (ultrasonic) - shared
59~40306+18~07249_20260926_034025.wav,DEV_001_20260926_034025.wav,0,59.40306,18.07249,Phogri,Pholidoptera griseoaptera,Dark Bush-cricket,bush-cricket,0.98,,,26/09/2026,25/09/2026,03:40:25,ClassifEspSWE-0002026-05-29_1,JOHANKARLSSON,20260926175329TA9EA1,2026_26_sep_03,Citizen Science (ultrasonic) - shared
59~40306+18~07249_20260926_034033.wav,DEV_001_20260926_034033.wav,0,59.40306,18.07249,Phogri,Pholidoptera griseoaptera,Dark Bush-cricket,bush-cricket,0.94,,,26/09/2026,25/09/2026,03:40:33,ClassifEspSWE-0002026-05-29_1,JOHANKARLSSON,20260926175329TA9EA1,2026_26_sep_03,Citizen Science (ultrasonic) - shared
59~40306+18~07249_20260926_034040.wav,DEV_001_20260926_034040.wav,0,59.40306,18.07249,Phogri,Pholidoptera griseoaptera,Dark Bush-cricket,bush-cricket,0.99,,,26/09/2026,25/09/2026,03:40:40,ClassifEspSWE-0002026-05-29_1,JOHANKARLSSON,20260926175329TA9EA1,2026_26_sep_03,Citizen Science (ultrasonic) - shared
59~40306+18~07249_20260926_034045.wav,DEV_001_20260926_034045.wav,0,59.40306,18.07249,Phogri,Pholidoptera griseoaptera,Dark Bush-cricket,bush-cricket,0.87,,,26/09/2026,25/09/2026,03:40:45,ClassifEspSWE-0002026-05-29_1,JOHANKARLSSON,20260926175329TA9EA1,2026_26_sep_03,Citizen Science (ultrasonic) - shared
59~40306+18~07249_20260926_034052.wav,DEV_001_20260926_034052.wav,0,59.40306,18.07249,Phogri,Pholidoptera griseoaptera,Dark Bush-cricket,bush-cricket,0.8,,,26/09/2026,25/09/2026,03:40:52,ClassifEspSWE-0002026-05-29_1,JOHANKARLSSON,20260926175329TA9EA1,2026_26_sep_03,Citizen Science (ultrasonic) - shared
59~40306+18~07249_20260926_034059.wav,DEV_001_20260926_034059.wav,0,59.40306,18.07249,Phogri,Pholidoptera griseoaptera,Dark Bush-cricket,bush-cricket,0.99,,,26/09/2026,25/09/2026,03:40:59,ClassifEspSWE-0002026-05-29_1,JOHANKARLSSON,20260926175329TA9EA1,2026_26_sep_03,Citizen Science (ultrasonic) - shared
59~40306+18~07249_20260926_034107.wav,DEV_001_20260926_034107.wav,0,59.40306,18.07249,Phogri,Pholidoptera griseoaptera,Dark Bush-cricket,bush-cricket,0.92,,,26/09/2026,25/09/2026,03:41:07,ClassifEspSWE-0002026-05-29_1,JOHANKARLSSON,20260926175329TA9EA1,2026_26_sep_03,Citizen Science (ultrasonic) - shared
59~40306+18~07249_20260926_034112.wav,DEV_001_20260926_034112.wav,0,59.40306,18.07249,Phogri,Pholidoptera griseoaptera,Dark Bush-cricket,bush-cricket,0.98,,,26/09/2026,25/09/2026,03:41:12,ClassifEspSWE-0002026-05-29_1,JOHANKARLSSON,20260926175329TA9EA1,2026_26_sep_03,Citizen Science (ultrasonic) - shared
59~40306+18~07249_20260926_034118.wav,DEV_001_20260926_034118.wav,0,59.40306,18.07249,Phogri,Pholidoptera griseoaptera,Dark Bush-cricket,bush-cricket,0.98,,,26/09/2026,25/09/2026,03:41:18,ClassifEspSWE-0002026-05-29_1,JOHANKARLSSON,20260926175329TA9EA1,2026_26_sep_03,Citizen Science (ultrasonic) - shared
59~40306+18~07249_20260926_034123.wav,DEV_001_20260926_034123.wav,0,59.40306,18.07249,Phogri,Pholidoptera griseoaptera,Dark Bush-cricket,bush-cricket,0.91,,,26/09/2026,25/09/2026,03:41:23,ClassifEspSWE-0002026-05-29_1,JOHANKARLSSON,20260926175329TA9EA1,2026_26_sep_03,Citizen Science (ultrasonic) - shared
59~40306+18~07249_20260926_034128.wav,DEV_001_20260926_034128.wav,0,59.40306,18.07249,Phogri,Pholidoptera griseoaptera,Dark Bush-cricket,bush-cricket,0.87,,,26/09/2026,25/09/2026,03:41:28,ClassifEspSWE-0002026-05-29_1,JOHANKARLSSON,20260926175329TA9EA1,2026_26_sep_03,Citizen Science (ultrasonic) - shared
59~40306+18~07249_20260926_034135.wav,DEV_001_20260926_034135.wav,0,59.40306,18.07249,Phogri,Pholidoptera griseoaptera,Dark Bush-cricket,bush-cricket,0.92,,,26/09/2026,25/09/2026,03:41:35,ClassifEspSWE-0002026-05-29_1,JOHANKARLSSON,20260926175329TA9EA1,2026_26_sep_03,Citizen Science (ultrasonic) - shared
59~40306+18~07249_20260926_034143.wav,DEV_001_20260926_034143.wav,0,59.40306,18.07249,Phogri,Pholidoptera griseoaptera,Dark Bush-cricket,bush-cricket,0.87,,,26/09/2026,25/09/2026,03:41:43,ClassifEspSWE-0002026-05-29_1,JOHANKARLSSON,20260926175329TA9EA1,2026_26_sep_03,Citizen Science (ultrasonic) - shared
59~40306+18~07249_20260926_034150.wav,DEV_001_20260926_034150.wav,0,59.40306,18.07249,Phogri,Pholidoptera griseoaptera,Dark Bush-cricket,bush-cricket,0.95,,,26/09/2026,25/09/2026,03:41:50,ClassifEspSWE-0002026-05-29_1,JOHANKARLSSON,20260926175329TA9EA1,2026_26_sep_03,Citizen Science (ultrasonic) - shared
59~40306+18~07249_20260926_034157.wav,DEV_001_20260926_034157.wav,0,59.40306,18.07249,Phogri,Pholidoptera griseoaptera,Dark Bush-cricket,bush-cricket,0.98,,,26/09/2026,25/09/2026,03:41:57,ClassifEspSWE-0002026-05-29_1,JOHANKARLSSON,20260926175329TA9EA1,2026_26_sep_03,Citizen Science (ultrasonic) - shared
59~40306+18~07249_20260926_034203.wav,DEV_001_20260926_034203.wav,0,59.40306,18.07249,Phogri,Pholidoptera griseoaptera,Dark Bush-cricket,bush-cricket,0.72,,,26/09/2026,25/09/2026,03:42:03,ClassifEspSWE-0002026-05-29_1,JOHANKARLSSON,20260926175329TA9EA1,2026_26_sep_03,Citizen Science (ultrasonic) - shared
59~40306+18~07249_20260926_034208.wav,DEV_001_20260926_034208.wav,0,59.40306,18.07249,Phogri,Pholidoptera griseoaptera,Dark Bush-cricket,bush-cricket,0.99,,,26/09/2026,25/09/2026,03:42:08,ClassifEspSWE-0002026-05-29_1,JOHANKARLSSON,20260926175329TA9EA1,2026_26_sep_03,Citizen Science (ultrasonic) - shared
59~40306+18~07249_20260926_034214.wav,DEV_001_20260926_034214.wav,0,59.40306,18.07249,Phogri,Pholidoptera griseoaptera,Dark Bush-cricket,bush-cricket,0.99,,,26/09/2026,25/09/2026,03:42:14,ClassifEspSWE-0002026-05-29_1,JOHANKARLSSON,20260926175329TA9EA1,2026_26_sep_03,Citizen Science (ultrasonic) - shared
59~40306+18~07249_20260926_034220.wav,DEV_001_20260926_034220.wav,0,59.40306,18.07249,Phogri,Pholidoptera griseoaptera,Dark Bush-cricket,bush-cricket,0.88,,,26/09/2026,25/09/2026,03:42:20,ClassifEspSWE-0002026-05-29_1,JOHANKARLSSON,20260926175329TA9EA1,2026_26_sep_03,Citizen Science (ultrasonic) - shared
59~40306+18~07249_20260926_034225.wav,DEV_001_20260926_034225.wav,0,59.40306,18.07249,Phogri,Pholidoptera griseoaptera,Dark Bush-cricket,bush-cricket,0.79,,,26/09/2026,25/09/2026,03:42:25,ClassifEspSWE-0002026-05-29_1,JOHANKARLSSON,20260926175329TA9EA1,2026_26_sep_03,Citizen Science (ultrasonic) - shared
59~40306+18~07249_20260926_034232.wav,DEV_001_20260926_034232.wav,0,59.40306,18.07249,Phogri,Pholidoptera griseoaptera,Dark Bush-cricket,bush-cricket,0.62,,,26/09/2026,25/09/2026,03:42:32,ClassifEspSWE-0002026-05-29_1,JOHANKARLSSON,20260926175329TA9EA1,2026_26_sep_03,Citizen Science (ultrasonic) - shared
59~40306+18~07249_20260926_034237.wav,DEV_001_20260926_034237.wav,0,59.40306,18.07249,Phogri,Pholidoptera griseoaptera,Dark Bush-cricket,bush-cricket,0.69,,,26/09/2026,25/09/2026,03:42:37,ClassifEspSWE-0002026-05-29_1,JOHANKARLSSON,20260926175329TA9EA1,2026_26_sep_03,Citizen Science (ultrasonic) - shared
59~40306+18~07249_20260926_034244.wav,DEV_001_20260926_034244.wav,0,59.40306,18.07249,Phogri,Pholidoptera griseoaptera,Dark Bush-cricket,bush-cricket,0.96,,,26/09/2026,25/09/2026,03:42:44,ClassifEspSWE-0002026-05-29_1,JOHANKARLSSON,20260926175329TA9EA1,2026_26_sep_03,Citizen Science (ultrasonic) - shared
59~40306+18~07249_20260926_034250.wav,DEV_001_20260926_034250.wav,0,59.40306,18.07249,Phogri,Pholidoptera griseoaptera,Dark Bush-cricket,bush-cricket,0.99,,,26/09/2026,25/09/2026,03:42:50,ClassifEspSWE-0002026-05-29_1,JOHANKARLSSON,20260926175329TA9EA1,2026_26_sep_03,Citizen Science (ultrasonic) - shared
59~40306+18~07249_20260926_034256.wav,DEV_001_20260926_034256.wav,0,59.40306,18.07249,Phogri,Pholidoptera griseoaptera,Dark Bush-cricket,bush-cricket,0.95,,,26/09/2026,25/09/2026,03:42:56,ClassifEspSWE-0002026-05-29_1,JOHANKARLSSON,20260926175329TA9EA1,2026_26_sep_03,Citizen Science (ultrasonic) - shared
59~40306+18~07249_20260926_034302.wav,DEV_001_20260926_034302.wav,0,59.40306,18.07249,Phogri,Pholidoptera griseoaptera,Dark Bush-cricket,bush-cricket,0.84,,,26/09/2026,25/09/2026,03:43:02,ClassifEspSWE-0002026-05-29_1,JOHANKARLSSON,20260926175329TA9EA1,2026_26_sep_03,Citizen Science (ultrasonic) - shared
59~40306+18~07249_20260926_034308.wav,DEV_001_20260926_034308.wav,0,59.40306,18.07249,Phogri,Pholidoptera griseoaptera,Dark Bush-cricket,bush-cricket,0.97,,,26/09/2026,25/09/2026,03:43:08,ClassifEspSWE-0002026-05-29_1,JOHANKARLSSON,20260926175329TA9EA1,2026_26_sep_03,Citizen Science (ultrasonic) - shared
59~40306+18~07249_20260926_034313.wav,DEV_001_20260926_034313.wav,0,59.40306,18.07249,Phogri,Pholidoptera griseoaptera,Dark Bush-cricket,bush-cricket,0.91,,,26/09/2026,25/09/2026,03:43:13,ClassifEspSWE-0002026-05-29_1,JOHANKARLSSON,20260926175329TA9EA1,2026_26_sep_03,Citizen Science (ultrasonic) - shared
59~40306+18~07249_20260926_034320.wav,DEV_001_20260926_034320.wav,0,59.40306,18.07249,Phogri,Pholidoptera griseoaptera,Dark Bush-cricket,bush-cricket,0.86,,,26/09/2026,25/09/2026,03:43:20,ClassifEspSWE-0002026-05-29_1,JOHANKARLSSON,20260926175329TA9EA1,2026_26_sep_03,Citizen Science (ultrasonic) - shared
59~40306+18~07249_20260926_034326.wav,DEV_001_20260926_034326.wav,0,59.40306,18.07249,Phogri,Pholidoptera griseoaptera,Dark Bush-cricket,bush-cricket,0.64,,,26/09/2026,25/09/2026,03:43:26,ClassifEspSWE-0002026-05-29_1,JOHANKARLSSON,20260926175329TA9EA1,2026_26_sep_03,Citizen Science (ultrasonic) - shared
59~40306+18~07249_20260926_034334.wav,DEV_001_20260926_034334.wav,0,59.40306,18.07249,Phogri,Pholidoptera griseoaptera,Dark Bush-cricket,bush-cricket,0.73,,,26/09/2026,25/09/2026,03:43:34,ClassifEspSWE-0002026-05-29_1,JOHANKARLSSON,20260926175329TA9EA1,2026_26_sep_03,Citizen Science (ultrasonic) - shared
59~40306+18~07249_20260926_034342.wav,DEV_001_20260926_034342.wav,0,59.40306,18.07249,Phogri,Pholidoptera griseoaptera,Dark Bush-cricket,bush-cricket,0.82,,,26/09/2026,25/09/2026,03:43:42,ClassifEspSWE-0002026-05-29_1,JOHANKARLSSON,20260926175329TA9EA1,2026_26_sep_03,Citizen Science (ultrasonic) - shared
59~40306+18~07249_20260926_034349.wav,DEV_001_20260926_034349.wav,0,59.40306,18.07249,Phogri,Pholidoptera griseoaptera,Dark Bush-cricket,bush-cricket,0.75,,,26/09/2026,25/09/2026,03:43:49,ClassifEspSWE-0002026-05-29_1,JOHANKARLSSON,20260926175329TA9EA1,2026_26_sep_03,Citizen Science (ultrasonic) - shared
59~40306+18~07249_20260926_034354.wav,DEV_001_20260926_034354.wav,0,59.40306,18.07249,Phogri,Pholidoptera griseoaptera,Dark Bush-cricket,bush-cricket,0.93,,,26/09/2026,25/09/2026,03:43:54,ClassifEspSWE-0002026-05-29_1,JOHANKARLSSON,20260926175329TA9EA1,2026_26_sep_03,Citizen Science (ultrasonic) - shared
59~40306+18~07249_20260926_034359.wav,DEV_001_20260926_034359.wav,0,59.40306,18.07249,Phogri,Pholidoptera griseoaptera,Dark Bush-cricket,bush-cricket,0.82,,,26/09/2026,25/09/2026,03:43:59,ClassifEspSWE-0002026-05-29_1,JOHANKARLSSON,20260926175329TA9EA1,2026_26_sep_03,Citizen Science (ultrasonic) - shared
59~40306+18~07249_20260926_034406.wav,DEV_001_20260926_034406.wav,0,59.40306,18.07249,Phogri,Pholidoptera griseoaptera,Dark Bush-cricket,bush-cricket,0.94,,,26/09/2026,25/09/2026,03:44:06,ClassifEspSWE-0002026-05-29_1,JOHANKARLSSON,20260926175329TA9EA1,2026_26_sep_03,Citizen Science (ultrasonic) - shared
59~40306+18~07249_20260926_034411.wav,DEV_001_20260926_034411.wav,0,59.40306,18.07249,Phogri,Pholidoptera griseoaptera,Dark Bush-cricket,bush-cricket,0.76,,,26/09/2026,25/09/2026,03:44:11,ClassifEspSWE-0002026-05-29_1,JOHANKARLSSON,20260926175329TA9EA1,2026_26_sep_03,Citizen Science (ultrasonic) - shared
59~40306+18~07249_20260926_034418.wav,DEV_001_20260926_034418.wav,0,59.40306,18.07249,Phogri,Pholidoptera griseoaptera,Dark Bush-cricket,bush-cricket,0.98,,,26/09/2026,25/09/2026,03:44:18,ClassifEspSWE-0002026-05-29_1,JOHANKARLSSON,20260926175329TA9EA1,2026_26_sep_03,Citizen Science (ultrasonic) - shared
59~40306+18~07249_20260926_034423.wav,DEV_001_20260926_034423.wav,0,59.40306,18.07249,Phogri,Pholidoptera griseoaptera,Dark Bush-cricket,bush-cricket,0.96,,,26/09/2026,25/09/2026,03:44:23,ClassifEspSWE-0002026-05-29_1,JOHANKARLSSON,20260926175329TA9EA1,2026_26_sep_03,Citizen Science (ultrasonic) - shared
59~40306+18~07249_20260926_034430.wav,DEV_001_20260926_034430.wav,0,59.40306,18.07249,Phogri,Pholidoptera griseoaptera,Dark Bush-cricket,bush-cricket,0.94,,,26/09/2026,25/09/2026,03:44:30,ClassifEspSWE-0002026-05-29_1,JOHANKARLSSON,20260926175329TA9EA1,2026_26_sep_03,Citizen Science (ultrasonic) - shared
59~40306+18~07249_20260926_034436.wav,DEV_001_20260926_034436.wav,0,59.40306,18.07249,Phogri,Pholidoptera griseoaptera,Dark Bush-cricket,bush-cricket,0.95,,,26/09/2026,25/09/2026,03:44:36,ClassifEspSWE-0002026-05-29_1,JOHANKARLSSON,20260926175329TA9EA1,2026_26_sep_03,Citizen Science (ultrasonic) - shared
59~40306+18~07249_20260926_034441.wav,DEV_001_20260926_034441.wav,0,59.40306,18.07249,Phogri,Pholidoptera griseoaptera,Dark Bush-cricket,bush-cricket,0.99,,,26/09/2026,25/09/2026,03:44:41,ClassifEspSWE-0002026-05-29_1,JOHANKARLSSON,20260926175329TA9EA1,2026_26_sep_03,Citizen Science (ultrasonic) - shared
59~40306+18~07249_20260926_034447.wav,DEV_001_20260926_034447.wav,0,59.40306,18.07249,Phogri,Pholidoptera griseoaptera,Dark Bush-cricket,bush-cricket,0.99,,,26/09/2026,25/09/2026,03:44:47,ClassifEspSWE-0002026-05-29_1,JOHANKARLSSON,20260926175329TA9EA1,2026_26_sep_03,Citizen Science (ultrasonic) - shared
59~40306+18~07249_20260926_034455.wav,DEV_001_20260926_034455.wav,0,59.40306,18.07249,Phogri,Pholidoptera griseoaptera,Dark Bush-cricket,bush-cricket,0.79,,,26/09/2026,25/09/2026,03:44:55,ClassifEspSWE-0002026-05-29_1,JOHANKARLSSON,20260926175329TA9EA1,2026_26_sep_03,Citizen Science (ultrasonic) - shared
59~40306+18~07249_20260926_034500.wav,DEV_001_20260926_034500.wav,0,59.40306,18.07249,Phogri,Pholidoptera griseoaptera,Dark Bush-cricket,bush-cricket,0.98,,,26/09/2026,25/09/2026,03:45:00,ClassifEspSWE-0002026-05-29_1,JOHANKARLSSON,20260926175329TA9EA1,2026_26_sep_03,Citizen Science (ultrasonic) - shared
59~40306+18~07249_20260926_034507.wav,DEV_001_20260926_034507.wav,0,59.40306,18.07249,Phogri,Pholidoptera griseoaptera,Dark Bush-cricket,bush-cricket,0.97,,,26/09/2026,25/09/2026,03:45:07,ClassifEspSWE-0002026-05-29_1,JOHANKARLSSON,20260926175329TA9EA1,2026_26_sep_03,Citizen Science (ultrasonic) - shared
59~40306+18~07249_20260926_034512.wav,DEV_001_20260926_034512.wav,0,59.40306,18.07249,Phogri,Pholidoptera griseoaptera,Dark Bush-cricket,bush-cricket,0.99,,,26/09/2026,25/09/2026,03:45:12,ClassifEspSWE-0002026-05-29_1,JOHANKARLSSON,20260926175329TA9EA1,2026_26_sep_03,Citizen Science (ultrasonic) - shared
59~40306+18~07249_20260926_034518.wav,DEV_001_20260926_034518.wav,0,59.40306,18.07249,Phogri,Pholidoptera griseoaptera,Dark Bush-cricket,bush-cricket,0.97,,,26/09/2026,25/09/2026,03:45:18,ClassifEspSWE-0002026-05-29_1,JOHANKARLSSON,20260926175329TA9EA1,2026_26_sep_03,Citizen Science (ultrasonic) - shared
59~40306+18~07249_20260926_034525.wav,DEV_001_20260926_034525.wav,0,59.40306,18.07249,Phogri,Pholidoptera griseoaptera,Dark Bush-cricket,bush-cricket,0.97,,,26/09/2026,25/09/2026,03:45:25,ClassifEspSWE-0002026-05-29_1,JOHANKARLSSON,20260926175329TA9EA1,2026_26_sep_03,Citizen Science (ultrasonic) - shared
59~40306+18~07249_20260926_034531.wav,DEV_001_20260926_034531.wav,0,59.40306,18.07249,Phogri,Pholidoptera griseoaptera,Dark Bush-cricket,bush-cricket,0.93,,,26/09/2026,25/09/2026,03:45:31,ClassifEspSWE-0002026-05-29_1,JOHANKARLSSON,20260926175329TA9EA1,2026_26_sep_03,Citizen Science (ultrasonic) - shared
59~40306+18~07249_20260926_034537.wav,DEV_001_20260926_034537.wav,0,59.40306,18.07249,Phogri,Pholidoptera griseoaptera,Dark Bush-cricket,bush-cricket,0.97,,,26/09/2026,25/09/2026,03:45:37,ClassifEspSWE-0002026-05-29_1,JOHANKARLSSON,20260926175329TA9EA1,2026_26_sep_03,Citizen Science (ultrasonic) - shared
59~40306+18~07249_20260926_034544.wav,DEV_001_20260926_034544.wav,0,59.40306,18.07249,Phogri,Pholidoptera griseoaptera,Dark Bush-cricket,bush-cricket,0.86,,,26/09/2026,25/09/2026,03:45:44,ClassifEspSWE-0002026-05-29_1,JOHANKARLSSON,20260926175329TA9EA1,2026_26_sep_03,Citizen Science (ultrasonic) - shared
59~40306+18~07249_20260926_034553.wav,DEV_001_20260926_034553.wav,0,59.40306,18.07249,Phogri,Pholidoptera griseoaptera,Dark Bush-cricket,bush-cricket,0.79,,,26/09/2026,25/09/2026,03:45:53,ClassifEspSWE-0002026-05-29_1,JOHANKARLSSON,20260926175329TA9EA1,2026_26_sep_03,Citizen Science (ultrasonic) - shared
59~40306+18~07249_20260926_034559.wav,DEV_001_20260926_034559.wav,0,59.40306,18.07249,Phogri,Pholidoptera griseoaptera,Dark Bush-cricket,bush-cricket,0.97,,,26/09/2026,25/09/2026,03:45:59,ClassifEspSWE-0002026-05-29_1,JOHANKARLSSON,20260926175329TA9EA1,2026_26_sep_03,Citizen Science (ultrasonic) - shared
59~40306+18~07249_20260926_034604.wav,DEV_001_20260926_034604.wav,0,59.40306,18.07249,Phogri,Pholidoptera griseoaptera,Dark Bush-cricket,bush-cricket,0.97,,,26/09/2026,25/09/2026,03:46:04,ClassifEspSWE-0002026-05-29_1,JOHANKARLSSON,20260926175329TA9EA1,2026_26_sep_03,Citizen Science (ultrasonic) - shared
59~40306+18~07249_20260926_034612.wav,DEV_001_20260926_034612.wav,0,59.40306,18.07249,Phogri,Pholidoptera griseoaptera,Dark Bush-cricket,bush-cricket,0.98,,,26/09/2026,25/09/2026,03:46:12,ClassifEspSWE-0002026-05-29_1,JOHANKARLSSON,20260926175329TA9EA1,2026_26_sep_03,Citizen Science (ultrasonic) - shared
59~40306+18~07249_20260926_034618.wav,DEV_001_20260926_034618.wav,0,59.40306,18.07249,Phogri,Pholidoptera griseoaptera,Dark Bush-cricket,bush-cricket,0.99,,,26/09/2026,25/09/2026,03:46:18,ClassifEspSWE-0002026-05-29_1,JOHANKARLSSON,20260926175329TA9EA1,2026_26_sep_03,Citizen Science (ultrasonic) - shared
59~40306+18~07249_20260926_034624.wav,DEV_001_20260926_034624.wav,0,59.40306,18.07249,Phogri,Pholidoptera griseoaptera,Dark Bush-cricket,bush-cricket,0.96,,,26/09/2026,25/09/2026,03:46:24,ClassifEspSWE-0002026-05-29_1,JOHANKARLSSON,20260926175329TA9EA1,2026_26_sep_03,Citizen Science (ultrasonic) - shared
59~40306+18~07249_20260926_034629.wav,DEV_001_20260926_034629.wav,0,59.40306,18.07249,Phogri,Pholidoptera griseoaptera,Dark Bush-cricket,bush-cricket,0.98,,,26/09/2026,25/09/2026,03:46:29,ClassifEspSWE-0002026-05-29_1,JOHANKARLSSON,20260926175329TA9EA1,2026_26_sep_03,Citizen Science (ultrasonic) - shared
59~40306+18~07249_20260926_034635.wav,DEV_001_20260926_034635.wav,0,59.40306,18.07249,Phogri,Pholidoptera griseoaptera,Dark Bush-cricket,bush-cricket,0.98,,,26/09/2026,25/09/2026,03:46:35,ClassifEspSWE-0002026-05-29_1,JOHANKARLSSON,20260926175329TA9EA1,2026_26_sep_03,Citizen Science (ultrasonic) - shared
59~40306+18~07249_20260926_034640.wav,DEV_001_20260926_034640.wav,0,59.40306,18.07249,Phogri,Pholidoptera griseoaptera,Dark Bush-cricket,bush-cricket,0.99,,,26/09/2026,25/09/2026,03:46:40,ClassifEspSWE-0002026-05-29_1,JOHANKARLSSON,20260926175329TA9EA1,2026_26_sep_03,Citizen Science (ultrasonic) - shared
59~40306+18~07249_20260926_034648.wav,DEV_001_20260926_034648.wav,0,59.40306,18.07249,Phogri,Pholidoptera griseoaptera,Dark Bush-cricket,bush-cricket,0.95,,,26/09/2026,25/09/2026,03:46:48,ClassifEspSWE-0002026-05-29_1,JOHANKARLSSON,20260926175329TA9EA1,2026_26_sep_03,Citizen Science (ultrasonic) - shared
59~40306+18~07249_20260926_034654.wav,DEV_001_20260926_034654.wav,0,59.40306,18.07249,Phogri,Pholidoptera griseoaptera,Dark Bush-cricket,bush-cricket,0.96,,,26/09/2026,25/09/2026,03:46:54,ClassifEspSWE-0002026-05-29_1,JOHANKARLSSON,20260926175329TA9EA1,2026_26_sep_03,Citizen Science (ultrasonic) - shared
59~40306+18~07249_20260926_034659.wav,DEV_001_20260926_034659.wav,0,59.40306,18.07249,Phogri,Pholidoptera griseoaptera,Dark Bush-cricket,bush-cricket,0.97,,,26/09/2026,25/09/2026,03:46:59,ClassifEspSWE-0002026-05-29_1,JOHANKARLSSON,20260926175329TA9EA1,2026_26_sep_03,Citizen Science (ultrasonic) - shared
59~40306+18~07249_20260926_034705.wav,DEV_001_20260926_034705.wav,0,59.40306,18.07249,Phogri,Pholidoptera griseoaptera,Dark Bush-cricket,bush-cricket,0.98,,,26/09/2026,25/09/2026,03:47:05,ClassifEspSWE-0002026-05-29_1,JOHANKARLSSON,20260926175329TA9EA1,2026_26_sep_03,Citizen Science (ultrasonic) - shared
59~40306+18~07249_20260926_034710.wav,DEV_001_20260926_034710.wav,0,59.40306,18.07249,Phogri,Pholidoptera griseoaptera,Dark Bush-cricket,bush-cricket,0.99,,,26/09/2026,25/09/2026,03:47:10,ClassifEspSWE-0002026-05-29_1,JOHANKARLSSON,20260926175329TA9EA1,2026_26_sep_03,Citizen Science (ultrasonic) - shared
59~40306+18~07249_20260926_034715.wav,DEV_001_20260926_034715.wav,0,59.40306,18.07249,Phogri,Pholidoptera griseoaptera,Dark Bush-cricket,bush-cricket,0.87,,,26/09/2026,25/09/2026,03:47:15,ClassifEspSWE-0002026-05-29_1,JOHANKARLSSON,20260926175329TA9EA1,2026_26_sep_03,Citizen Science (ultrasonic) - shared
59~40306+18~07249_20260926_034721.wav,DEV_001_20260926_034721.wav,0,59.40306,18.07249,Phogri,Pholidoptera griseoaptera,Dark Bush-cricket,bush-cricket,0.97,,,26/09/2026,25/09/2026,03:47:21,ClassifEspSWE-0002026-05-29_1,JOHANKARLSSON,20260926175329TA9EA1,2026_26_sep_03,Citizen Science (ultrasonic) - shared
59~40306+18~07249_20260926_034728.wav,DEV_001_20260926_034728.wav,0,59.40306,18.07249,Phogri,Pholidoptera griseoaptera,Dark Bush-cricket,bush-cricket,0.97,,,26/09/2026,25/09/2026,03:47:28,ClassifEspSWE-0002026-05-29_1,JOHANKARLSSON,20260926175329TA9EA1,2026_26_sep_03,Citizen Science (ultrasonic) - shared
59~40306+18~07249_20260926_034733.wav,DEV_001_20260926_034733.wav,0,59.40306,18.07249,Phogri,Pholidoptera griseoaptera,Dark Bush-cricket,bush-cricket,0.99,,,26/09/2026,25/09/2026,03:47:33,ClassifEspSWE-0002026-05-29_1,JOHANKARLSSON,20260926175329TA9EA1,2026_26_sep_03,Citizen Science (ultrasonic) - shared
59~40306+18~07249_20260926_034740.wav,DEV_001_20260926_034740.wav,0,59.40306,18.07249,Phogri,Pholidoptera griseoaptera,Dark Bush-cricket,bush-cricket,0.98,,,26/09/2026,25/09/2026,03:47:40,ClassifEspSWE-0002026-05-29_1,JOHANKARLSSON,20260926175329TA9EA1,2026_26_sep_03,Citizen Science (ultrasonic) - shared
59~40306+18~07249_20260926_034746.wav,DEV_001_20260926_034746.wav,0,59.40306,18.07249,Phogri,Pholidoptera griseoaptera,Dark Bush-cricket,bush-cricket,0.97,,,26/09/2026,25/09/2026,03:47:46,ClassifEspSWE-0002026-05-29_1,JOHANKARLSSON,20260926175329TA9EA1,2026_26_sep_03,Citizen Science (ultrasonic) - shared
59~40306+18~07249_20260926_034753.wav,DEV_001_20260926_034753.wav,0,59.40306,18.07249,Phogri,Pholidoptera griseoaptera,Dark Bush-cricket,bush-cricket,0.97,,,26/09/2026,25/09/2026,03:47:53,ClassifEspSWE-0002026-05-29_1,JOHANKARLSSON,20260926175329TA9EA1,2026_26_sep_03,Citizen Science (ultrasonic) - shared
59~40306+18~07249_20260926_034758.wav,DEV_001_20260926_034758.wav,0,59.40306,18.07249,Phogri,Pholidoptera griseoaptera,Dark Bush-cricket,bush-cricket,0.97,,,26/09/2026,25/09/2026,03:47:58,ClassifEspSWE-0002026-05-29_1,JOHANKARLSSON,20260926175329TA9EA1,2026_26_sep_03,Citizen Science (ultrasonic) - shared
59~40306+18~07249_20260926_034805.wav,DEV_001_20260926_034805.wav,0,59.40306,18.07249,Phogri,Pholidoptera griseoaptera,Dark Bush-cricket,bush-cricket,0.94,,,26/09/2026,25/09/2026,03:48:05,ClassifEspSWE-0002026-05-29_1,JOHANKARLSSON,20260926175329TA9EA1,2026_26_sep_03,Citizen Science (ultrasonic) - shared
59~40306+18~07249_20260926_034812.wav,DEV_001_20260926_034812.wav,0,59.40306,18.07249,Phogri,Pholidoptera griseoaptera,Dark Bush-cricket,bush-cricket,0.95,,,26/09/2026,25/09/2026,03:48:12,ClassifEspSWE-0002026-05-29_1,JOHANKARLSSON,20260926175329TA9EA1,2026_26_sep_03,Citizen Science (ultrasonic) - shared
59~40306+18~07249_20260926_034818.wav,DEV_001_20260926_034818.wav,0,59.40306,18.07249,Phogri,Pholidoptera griseoaptera,Dark Bush-cricket,bush-cricket,0.98,,,26/09/2026,25/09/2026,03:48:18,ClassifEspSWE-0002026-05-29_1,JOHANKARLSSON,20260926175329TA9EA1,2026_26_sep_03,Citizen Science (ultrasonic) - shared
59~40306+18~07249_20260926_034829.wav,DEV_001_20260926_034829.wav,0,59.40306,18.07249,Phogri,Pholidoptera griseoaptera,Dark Bush-cricket,bush-cricket,0.88,,,26/09/2026,25/09/2026,03:48:29,ClassifEspSWE-0002026-05-29_1,JOHANKARLSSON,20260926175329TA9EA1,2026_26_sep_03,Citizen Science (ultrasonic) - shared
59~40306+18~07249_20260926_034837.wav,DEV_001_20260926_034837.wav,0,59.40306,18.07249,Phogri,Pholidoptera griseoaptera,Dark Bush-cricket,bush-cricket,0.97,,,26/09/2026,25/09/2026,03:48:37,ClassifEspSWE-0002026-05-29_1,JOHANKARLSSON,20260926175329TA9EA1,2026_26_sep_03,Citizen Science (ultrasonic) - shared
59~40306+18~07249_20260926_034843.wav,DEV_001_20260926_034843.wav,0,59.40306,18.07249,Phogri,Pholidoptera griseoaptera,Dark Bush-cricket,bush-cricket,0.98,,,26/09/2026,25/09/2026,03:48:43,ClassifEspSWE-0002026-05-29_1,JOHANKARLSSON,20260926175329TA9EA1,2026_26_sep_03,Citizen Science (ultrasonic) - shared
59~40306+18~07249_20260926_034849.wav,DEV_001_20260926_034849.wav,0,59.40306,18.07249,Phogri,Pholidoptera griseoaptera,Dark Bush-cricket,bush-cricket,0.97,,,26/09/2026,25/09/2026,03:48:49,ClassifEspSWE-0002026-05-29_1,JOHANKARLSSON,20260926175329TA9EA1,2026_26_sep_03,Citizen Science (ultrasonic) - shared
59~40306+18~07249_20260926_034855.wav,DEV_001_20260926_034855.wav,0,59.40306,18.07249,Phogri,Pholidoptera griseoaptera,Dark Bush-cricket,bush-cricket,0.97,,,26/09/2026,25/09/2026,03:48:55,ClassifEspSWE-0002026-05-29_1,JOHANKARLSSON,20260926175329TA9EA1,2026_26_sep_03,Citizen Science (ultrasonic) - shared
59~40306+18~07249_20260926_034901.wav,DEV_001_20260926_034901.wav,0,59.40306,18.07249,Phogri,Pholidoptera griseoaptera,Dark Bush-cricket,bush-cricket,0.77,,,26/09/2026,25/09/2026,03:49:01,ClassifEspSWE-0002026-05-29_1,JOHANKARLSSON,20260926175329TA9EA1,2026_26_sep_03,Citizen Science (ultrasonic) - shared
59~40306+18~07249_20260926_034908.wav,DEV_001_20260926_034908.wav,0,59.40306,18.07249,Phogri,Pholidoptera griseoaptera,Dark Bush-cricket,bush-cricket,0.99,,,26/09/2026,25/09/2026,03:49:08,ClassifEspSWE-0002026-05-29_1,JOHANKARLSSON,20260926175329TA9EA1,2026_26_sep_03,Citizen Science (ultrasonic) - shared
59~40306+18~07249_20260926_034913.wav,DEV_001_20260926_034913.wav,0,59.40306,18.07249,Phogri,Pholidoptera griseoaptera,Dark Bush-cricket,bush-cricket,0.98,,,26/09/2026,25/09/2026,03:49:13,ClassifEspSWE-0002026-05-29_1,JOHANKARLSSON,20260926175329TA9EA1,2026_26_sep_03,Citizen Science (ultrasonic) - shared
59~40306+18~07249_20260926_034921.wav,DEV_001_20260926_034921.wav,0,59.40306,18.07249,Phogri,Pholidoptera griseoaptera,Dark Bush-cricket,bush-cricket,0.98,,,26/09/2026,25/09/2026,03:49:21,ClassifEspSWE-0002026-05-29_1,JOHANKARLSSON,20260926175329TA9EA1,2026_26_sep_03,Citizen Science (ultrasonic) - shared
59~40306+18~07249_20260926_034929.wav,DEV_001_20260926_034929.wav,0,59.40306,18.07249,Phogri,Pholidoptera griseoaptera,Dark Bush-cricket,bush-cricket,0.97,,,26/09/2026,25/09/2026,03:49:29,ClassifEspSWE-0002026-05-29_1,JOHANKARLSSON,20260926175329TA9EA1,2026_26_sep_03,Citizen Science (ultrasonic) - shared
59~40306+18~07249_20260926_034935.wav,DEV_001_20260926_034935.wav,0,59.40306,18.07249,Phogri,Pholidoptera griseoaptera,Dark Bush-cricket,bush-cricket,0.99,,,26/09/2026,25/09/2026,03:49:35,ClassifEspSWE-0002026-05-29_1,JOHANKARLSSON,20260926175329TA9EA1,2026_26_sep_03,Citizen Science (ultrasonic) - shared
59~40306+18~07249_20260926_034941.wav,DEV_001_20260926_034941.wav,0,59.40306,18.07249,Phogri,Pholidoptera griseoaptera,Dark Bush-cricket,bush-cricket,0.98,,,26/09/2026,25/09/2026,03:49:41,ClassifEspSWE-0002026-05-29_1,JOHANKARLSSON,20260926175329TA9EA1,2026_26_sep_03,Citizen Science (ultrasonic) - shared
59~40306+18~07249_20260926_034946.wav,DEV_001_20260926_034946.wav,0,59.40306,18.07249,Phogri,Pholidoptera griseoaptera,Dark Bush-cricket,bush-cricket,0.88,,,26/09/2026,25/09/2026,03:49:46,ClassifEspSWE-0002026-05-29_1,JOHANKARLSSON,20260926175329TA9EA1,2026_26_sep_03,Citizen Science (ultrasonic) - shared
59~40306+18~07249_20260926_034953.wav,DEV_001_20260926_034953.wav,0,59.40306,18.07249,Phogri,Pholidoptera griseoaptera,Dark Bush-cricket,bush-cricket,0.99,,,26/09/2026,25/09/2026,03:49:53,ClassifEspSWE-0002026-05-29_1,JOHANKARLSSON,20260926175329TA9EA1,2026_26_sep_03,Citizen Science (ultrasonic) - shared
59~40306+18~07249_20260926_034959.wav,DEV_001_20260926_034959.wav,0,59.40306,18.07249,Phogri,Pholidoptera griseoaptera,Dark Bush-cricket,bush-cricket,0.97,,,26/09/2026,25/09/2026,03:49:59,ClassifEspSWE-0002026-05-29_1,JOHANKARLSSON,20260926175329TA9EA1,2026_26_sep_03,Citizen Science (ultrasonic) - shared
59~40306+18~07249_20260926_035006.wav,DEV_001_20260926_035006.wav,0,59.40306,18.07249,Phogri,Pholidoptera griseoaptera,Dark Bush-cricket,bush-cricket,0.98,,,26/09/2026,25/09/2026,03:50:06,ClassifEspSWE-0002026-05-29_1,JOHANKARLSSON,20260926175329TA9EA1,2026_26_sep_03,Citizen Science (ultrasonic) - shared
59~40306+18~07249_20260926_035011.wav,DEV_001_20260926_035011.wav,0,59.40306,18.07249,Phogri,Pholidoptera griseoaptera,Dark Bush-cricket,bush-cricket,0.95,,,26/09/2026,25/09/2026,03:50:11,ClassifEspSWE-0002026-05-29_1,JOHANKARLSSON,20260926175329TA9EA1,2026_26_sep_03,Citizen Science (ultrasonic) - shared
59~40306+18~07249_20260926_035017.wav,DEV_001_20260926_035017.wav,0,59.40306,18.07249,Phogri,Pholidoptera griseoaptera,Dark Bush-cricket,bush-cricket,0.99,,,26/09/2026,25/09/2026,03:50:17,ClassifEspSWE-0002026-05-29_1,JOHANKARLSSON,20260926175329TA9EA1,2026_26_sep_03,Citizen Science (ultrasonic) - shared
59~40306+18~07249_20260926_035023.wav,DEV_001_20260926_035023.wav,0,59.40306,18.07249,Phogri,Pholidoptera griseoaptera,Dark Bush-cricket,bush-cricket,0.99,,,26/09/2026,25/09/2026,03:50:23,ClassifEspSWE-0002026-05-29_1,JOHANKARLSSON,20260926175329TA9EA1,2026_26_sep_03,Citizen Science (ultrasonic) - shared
59~40306+18~07249_20260926_035029.wav,DEV_001_20260926_035029.wav,0,59.40306,18.07249,Phogri,Pholidoptera griseoaptera,Dark Bush-cricket,bush-cricket,0.98,,,26/09/2026,25/09/2026,03:50:29,ClassifEspSWE-0002026-05-29_1,JOHANKARLSSON,20260926175329TA9EA1,2026_26_sep_03,Citizen Science (ultrasonic) - shared
59~40306+18~07249_20260926_035036.wav,DEV_001_20260926_035036.wav,0,59.40306,18.07249,Phogri,Pholidoptera griseoaptera,Dark Bush-cricket,bush-cricket,0.97,,,26/09/2026,25/09/2026,03:50:36,ClassifEspSWE-0002026-05-29_1,JOHANKARLSSON,20260926175329TA9EA1,2026_26_sep_03,Citizen Science (ultrasonic) - shared
59~40306+18~07249_20260926_035045.wav,DEV_001_20260926_035045.wav,0,59.40306,18.07249,Phogri,Pholidoptera griseoaptera,Dark Bush-cricket,bush-cricket,0.99,,,26/09/2026,25/09/2026,03:50:45,ClassifEspSWE-0002026-05-29_1,JOHANKARLSSON,20260926175329TA9EA1,2026_26_sep_03,Citizen Science (ultrasonic) - shared
59~40306+18~07249_20260926_035052.wav,DEV_001_20260926_035052.wav,0,59.40306,18.07249,Phogri,Pholidoptera griseoaptera,Dark Bush-cricket,bush-cricket,0.9,,,26/09/2026,25/09/2026,03:50:52,ClassifEspSWE-0002026-05-29_1,JOHANKARLSSON,20260926175329TA9EA1,2026_26_sep_03,Citizen Science (ultrasonic) - shared
59~40306+18~07249_20260926_035058.wav,DEV_001_20260926_035058.wav,0,59.40306,18.07249,Phogri,Pholidoptera griseoaptera,Dark Bush-cricket,bush-cricket,0.99,,,26/09/2026,25/09/2026,03:50:58,ClassifEspSWE-0002026-05-29_1,JOHANKARLSSON,20260926175329TA9EA1,2026_26_sep_03,Citizen Science (ultrasonic) - shared
59~40306+18~07249_20260926_035104.wav,DEV_001_20260926_035104.wav,0,59.40306,18.07249,Phogri,Pholidoptera griseoaptera,Dark Bush-cricket,bush-cricket,0.96,,,26/09/2026,25/09/2026,03:51:04,ClassifEspSWE-0002026-05-29_1,JOHANKARLSSON,20260926175329TA9EA1,2026_26_sep_03,Citizen Science (ultrasonic) - shared
59~40306+18~07249_20260926_035109.wav,DEV_001_20260926_035109.wav,0,59.40306,18.07249,Phogri,Pholidoptera griseoaptera,Dark Bush-cricket,bush-cricket,0.99,,,26/09/2026,25/09/2026,03:51:09,ClassifEspSWE-0002026-05-29_1,JOHANKARLSSON,20260926175329TA9EA1,2026_26_sep_03,Citizen Science (ultrasonic) - shared
59~40306+18~07249_20260926_035114.wav,DEV_001_20260926_035114.wav,0,59.40306,18.07249,Phogri,Pholidoptera griseoaptera,Dark Bush-cricket,bush-cricket,0.99,,,26/09/2026,25/09/2026,03:51:14,ClassifEspSWE-0002026-05-29_1,JOHANKARLSSON,20260926175329TA9EA1,2026_26_sep_03,Citizen Science (ultrasonic) - shared
59~40306+18~07249_20260926_035121.wav,DEV_001_20260926_035121.wav,0,59.40306,18.07249,Phogri,Pholidoptera griseoaptera,Dark Bush-cricket,bush-cricket,0.99,,,26/09/2026,25/09/2026,03:51:21,ClassifEspSWE-0002026-05-29_1,JOHANKARLSSON,20260926175329TA9EA1,2026_26_sep_03,Citizen Science (ultrasonic) - shared
59~40306+18~07249_20260926_035128.wav,DEV_001_20260926_035128.wav,0,59.40306,18.07249,Phogri,Pholidoptera griseoaptera,Dark Bush-cricket,bush-cricket,0.99,,,26/09/2026,25/09/2026,03:51:28,ClassifEspSWE-0002026-05-29_1,JOHANKARLSSON,20260926175329TA9EA1,2026_26_sep_03,Citizen Science (ultrasonic) - shared
59~40306+18~07249_20260926_035135.wav,DEV_001_20260926_035135.wav,0,59.40306,18.07249,Phogri,Pholidoptera griseoaptera,Dark Bush-cricket,bush-cricket,0.99,,,26/09/2026,25/09/2026,03:51:35,ClassifEspSWE-0002026-05-29_1,JOHANKARLSSON,20260926175329TA9EA1,2026_26_sep_03,Citizen Science (ultrasonic) - shared
59~40306+18~07249_20260926_035140.wav,DEV_001_20260926_035140.wav,0,59.40306,18.07249,Phogri,Pholidoptera griseoaptera,Dark Bush-cricket,bush-cricket,0.99,,,26/09/2026,25/09/2026,03:51:40,ClassifEspSWE-0002026-05-29_1,JOHANKARLSSON,20260926175329TA9EA1,2026_26_sep_03,Citizen Science (ultrasonic) - shared
59~40306+18~07249_20260926_035147.wav,DEV_001_20260926_035147.wav,0,59.40306,18.07249,Phogri,Pholidoptera griseoaptera,Dark Bush-cricket,bush-cricket,0.99,,,26/09/2026,25/09/2026,03:51:47,ClassifEspSWE-0002026-05-29_1,JOHANKARLSSON,20260926175329TA9EA1,2026_26_sep_03,Citizen Science (ultrasonic) - shared
59~40306+18~07249_20260926_035152.wav,DEV_001_20260926_035152.wav,0,59.40306,18.07249,Phogri,Pholidoptera griseoaptera,Dark Bush-cricket,bush-cricket,0.91,,,26/09/2026,25/09/2026,03:51:52,ClassifEspSWE-0002026-05-29_1,JOHANKARLSSON,20260926175329TA9EA1,2026_26_sep_03,Citizen Science (ultrasonic) - shared
59~40306+18~07249_20260926_035159.wav,DEV_001_20260926_035159.wav,0,59.40306,18.07249,Phogri,Pholidoptera griseoaptera,Dark Bush-cricket,bush-cricket,0.98,,,26/09/2026,25/09/2026,03:51:59,ClassifEspSWE-0002026-05-29_1,JOHANKARLSSON,20260926175329TA9EA1,2026_26_sep_03,Citizen Science (ultrasonic) - shared
59~40306+18~07249_20260926_035206.wav,DEV_001_20260926_035206.wav,0,59.40306,18.07249,Phogri,Pholidoptera griseoaptera,Dark Bush-cricket,bush-cricket,0.99,,,26/09/2026,25/09/2026,03:52:06,ClassifEspSWE-0002026-05-29_1,JOHANKARLSSON,20260926175329TA9EA1,2026_26_sep_03,Citizen Science (ultrasonic) - shared
59~40306+18~07249_20260926_035214.wav,DEV_001_20260926_035214.wav,0,59.40306,18.07249,Phogri,Pholidoptera griseoaptera,Dark Bush-cricket,bush-cricket,0.98,,,26/09/2026,25/09/2026,03:52:14,ClassifEspSWE-0002026-05-29_1,JOHANKARLSSON,20260926175329TA9EA1,2026_26_sep_03,Citizen Science (ultrasonic) - shared
59~40306+18~07249_20260926_035221.wav,DEV_001_20260926_035221.wav,0,59.40306,18.07249,Phogri,Pholidoptera griseoaptera,Dark Bush-cricket,bush-cricket,0.99,,,26/09/2026,25/09/2026,03:52:21,ClassifEspSWE-0002026-05-29_1,JOHANKARLSSON,20260926175329TA9EA1,2026_26_sep_03,Citizen Science (ultrasonic) - shared
59~40306+18~07249_20260926_035227.wav,DEV_001_20260926_035227.wav,0,59.40306,18.07249,Phogri,Pholidoptera griseoaptera,Dark Bush-cricket,bush-cricket,0.99,,,26/09/2026,25/09/2026,03:52:27,ClassifEspSWE-0002026-05-29_1,JOHANKARLSSON,20260926175329TA9EA1,2026_26_sep_03,Citizen Science (ultrasonic) - shared
59~40306+18~07249_20260926_035233.wav,DEV_001_20260926_035233.wav,0,59.40306,18.07249,Phogri,Pholidoptera griseoaptera,Dark Bush-cricket,bush-cricket,0.99,,,26/09/2026,25/09/2026,03:52:33,ClassifEspSWE-0002026-05-29_1,JOHANKARLSSON,20260926175329TA9EA1,2026_26_sep_03,Citizen Science (ultrasonic) - shared
59~40306+18~07249_20260926_035239.wav,DEV_001_20260926_035239.wav,0,59.40306,18.07249,Phogri,Pholidoptera griseoaptera,Dark Bush-cricket,bush-cricket,0.99,,,26/09/2026,25/09/2026,03:52:39,ClassifEspSWE-0002026-05-29_1,JOHANKARLSSON,20260926175329TA9EA1,2026_26_sep_03,Citizen Science (ultrasonic) - shared
59~40306+18~07249_20260926_035245.wav,DEV_001_20260926_035245.wav,0,59.40306,18.07249,Phogri,Pholidoptera griseoaptera,Dark Bush-cricket,bush-cricket,0.99,,,26/09/2026,25/09/2026,03:52:45,ClassifEspSWE-0002026-05-29_1,JOHANKARLSSON,20260926175329TA9EA1,2026_26_sep_03,Citizen Science (ultrasonic) - shared
59~40306+18~07249_20260926_035252.wav,DEV_001_20260926_035252.wav,0,59.40306,18.07249,Phogri,Pholidoptera griseoaptera,Dark Bush-cricket,bush-cricket,0.99,,,26/09/2026,25/09/2026,03:52:52,ClassifEspSWE-0002026-05-29_1,JOHANKARLSSON,20260926175329TA9EA1,2026_26_sep_03,Citizen Science (ultrasonic) - shared
59~40306+18~07249_20260926_035259.wav,DEV_001_20260926_035259.wav,0,59.40306,18.07249,Phogri,Pholidoptera griseoaptera,Dark Bush-cricket,bush-cricket,0.98,,,26/09/2026,25/09/2026,03:52:59,ClassifEspSWE-0002026-05-29_1,JOHANKARLSSON,20260926175329TA9EA1,2026_26_sep_03,Citizen Science (ultrasonic) - shared
59~40306+18~07249_20260926_035304.wav,DEV_001_20260926_035304.wav,0,59.40306,18.07249,Phogri,Pholidoptera griseoaptera,Dark Bush-cricket,bush-cricket,0.99,,,26/09/2026,25/09/2026,03:53:04,ClassifEspSWE-0002026-05-29_1,JOHANKARLSSON,20260926175329TA9EA1,2026_26_sep_03,Citizen Science (ultrasonic) - shared
59~40306+18~07249_20260926_035312.wav,DEV_001_20260926_035312.wav,0,59.40306,18.07249,Phogri,Pholidoptera griseoaptera,Dark Bush-cricket,bush-cricket,0.99,,,26/09/2026,25/09/2026,03:53:12,ClassifEspSWE-0002026-05-29_1,JOHANKARLSSON,20260926175329TA9EA1,2026_26_sep_03,Citizen Science (ultrasonic) - shared
59~40306+18~07249_20260926_035319.wav,DEV_001_20260926_035319.wav,0,59.40306,18.07249,Phogri,Pholidoptera griseoaptera,Dark Bush-cricket,bush-cricket,0.98,,,26/09/2026,25/09/2026,03:53:19,ClassifEspSWE-0002026-05-29_1,JOHANKARLSSON,20260926175329TA9EA1,2026_26_sep_03,Citizen Science (ultrasonic) - shared
59~40306+18~07249_20260926_035328.wav,DEV_001_20260926_035328.wav,0,59.40306,18.07249,Phogri,Pholidoptera griseoaptera,Dark Bush-cricket,bush-cricket,0.99,,,26/09/2026,25/09/2026,03:53:28,ClassifEspSWE-0002026-05-29_1,JOHANKARLSSON,20260926175329TA9EA1,2026_26_sep_03,Citizen Science (ultrasonic) - shared
59~40306+18~07249_20260926_035337.wav,DEV_001_20260926_035337.wav,0,59.40306,18.07249,Phogri,Pholidoptera griseoaptera,Dark Bush-cricket,bush-cricket,0.9,,,26/09/2026,25/09/2026,03:53:37,ClassifEspSWE-0002026-05-29_1,JOHANKARLSSON,20260926175329TA9EA1,2026_26_sep_03,Citizen Science (ultrasonic) - shared
59~40306+18~07249_20260926_035342.wav,DEV_001_20260926_035342.wav,0,59.40306,18.07249,Phogri,Pholidoptera griseoaptera,Dark Bush-cricket,bush-cricket,0.99,,,26/09/2026,25/09/2026,03:53:42,ClassifEspSWE-0002026-05-29_1,JOHANKARLSSON,20260926175329TA9EA1,2026_26_sep_03,Citizen Science (ultrasonic) - shared
59~40306+18~07249_20260926_035356.wav,DEV_001_20260926_035356.wav,0,59.40306,18.07249,Phogri,Pholidoptera griseoaptera,Dark Bush-cricket,bush-cricket,0.93,,,26/09/2026,25/09/2026,03:53:56,ClassifEspSWE-0002026-05-29_1,JOHANKARLSSON,20260926175329TA9EA1,2026_26_sep_03,Citizen Science (ultrasonic) - shared
59~40306+18~07249_20260926_035402.wav,DEV_001_20260926_035402.wav,0,59.40306,18.07249,Phogri,Pholidoptera griseoaptera,Dark Bush-cricket,bush-cricket,0.99,,,26/09/2026,25/09/2026,03:54:02,ClassifEspSWE-0002026-05-29_1,JOHANKARLSSON,20260926175329TA9EA1,2026_26_sep_03,Citizen Science (ultrasonic) - shared
59~40306+18~07249_20260926_035412.wav,DEV_001_20260926_035412.wav,0,59.40306,18.07249,Phogri,Pholidoptera griseoaptera,Dark Bush-cricket,bush-cricket,0.99,,,26/09/2026,25/09/2026,03:54:12,ClassifEspSWE-0002026-05-29_1,JOHANKARLSSON,20260926175329TA9EA1,2026_26_sep_03,Citizen Science (ultrasonic) - shared
59~40306+18~07249_20260926_035422.wav,DEV_001_20260926_035422.wav,0,59.40306,18.07249,Phogri,Pholidoptera griseoaptera,Dark Bush-cricket,bush-cricket,0.99,,,26/09/2026,25/09/2026,03:54:22,ClassifEspSWE-0002026-05-29_1,JOHANKARLSSON,20260926175329TA9EA1,2026_26_sep_03,Citizen Science (ultrasonic) - shared
59~40306+18~07249_20260926_035434.wav,DEV_001_20260926_035434.wav,0,59.40306,18.07249,Phogri,Pholidoptera griseoaptera,Dark Bush-cricket,bush-cricket,0.98,,,26/09/2026,25/09/2026,03:54:34,ClassifEspSWE-0002026-05-29_1,JOHANKARLSSON,20260926175329TA9EA1,2026_26_sep_03,Citizen Science (ultrasonic) - shared
59~40306+18~07249_20260926_035441.wav,DEV_001_20260926_035441.wav,0,59.40306,18.07249,Phogri,Pholidoptera griseoaptera,Dark Bush-cricket,bush-cricket,0.99,,,26/09/2026,25/09/2026,03:54:41,ClassifEspSWE-0002026-05-29_1,JOHANKARLSSON,20260926175329TA9EA1,2026_26_sep_03,Citizen Science (ultrasonic) - shared
59~40306+18~07249_20260926_035447.wav,DEV_001_20260926_035447.wav,0,59.40306,18.07249,Phogri,Pholidoptera griseoaptera,Dark Bush-cricket,bush-cricket,0.96,,,26/09/2026,25/09/2026,03:54:47,ClassifEspSWE-0002026-05-29_1,JOHANKARLSSON,20260926175329TA9EA1,2026_26_sep_03,Citizen Science (ultrasonic) - shared
59~40306+18~07249_20260926_035453.wav,DEV_001_20260926_035453.wav,0,59.40306,18.07249,Phogri,Pholidoptera griseoaptera,Dark Bush-cricket,bush-cricket,0.99,,,26/09/2026,25/09/2026,03:54:53,ClassifEspSWE-0002026-05-29_1,JOHANKARLSSON,20260926175329TA9EA1,2026_26_sep_03,Citizen Science (ultrasonic) - shared
59~40306+18~07249_20260926_035459.wav,DEV_001_20260926_035459.wav,0,59.40306,18.07249,Phogri,Pholidoptera griseoaptera,Dark Bush-cricket,bush-cricket,0.94,,,26/09/2026,25/09/2026,03:54:59,ClassifEspSWE-0002026-05-29_1,JOHANKARLSSON,20260926175329TA9EA1,2026_26_sep_03,Citizen Science (ultrasonic) - shared
59~40306+18~07249_20260926_035505.wav,DEV_001_20260926_035505.wav,0,59.40306,18.07249,Phogri,Pholidoptera griseoaptera,Dark Bush-cricket,bush-cricket,0.96,,,26/09/2026,25/09/2026,03:55:05,ClassifEspSWE-0002026-05-29_1,JOHANKARLSSON,20260926175329TA9EA1,2026_26_sep_03,Citizen Science (ultrasonic) - shared
59~40306+18~07249_20260926_035512.wav,DEV_001_20260926_035512.wav,0,59.40306,18.07249,Phogri,Pholidoptera griseoaptera,Dark Bush-cricket,bush-cricket,0.78,,,26/09/2026,25/09/2026,03:55:12,ClassifEspSWE-0002026-05-29_1,JOHANKARLSSON,20260926175329TA9EA1,2026_26_sep_03,Citizen Science (ultrasonic) - shared
59~40306+18~07249_20260926_035517.wav,DEV_001_20260926_035517.wav,0,59.40306,18.07249,Phogri,Pholidoptera griseoaptera,Dark Bush-cricket,bush-cricket,0.98,,,26/09/2026,25/09/2026,03:55:17,ClassifEspSWE-0002026-05-29_1,JOHANKARLSSON,20260926175329TA9EA1,2026_26_sep_03,Citizen Science (ultrasonic) - shared
59~40306+18~07249_20260926_035523.wav,DEV_001_20260926_035523.wav,0,59.40306,18.07249,Phogri,Pholidoptera griseoaptera,Dark Bush-cricket,bush-cricket,0.99,,,26/09/2026,25/09/2026,03:55:23,ClassifEspSWE-0002026-05-29_1,JOHANKARLSSON,20260926175329TA9EA1,2026_26_sep_03,Citizen Science (ultrasonic) - shared
59~40306+18~07249_20260926_035529.wav,DEV_001_20260926_035529.wav,0,59.40306,18.07249,Phogri,Pholidoptera griseoaptera,Dark Bush-cricket,bush-cricket,0.95,,,26/09/2026,25/09/2026,03:55:29,ClassifEspSWE-0002026-05-29_1,JOHANKARLSSON,20260926175329TA9EA1,2026_26_sep_03,Citizen Science (ultrasonic) - shared
59~40306+18~07249_20260926_035535.wav,DEV_001_20260926_035535.wav,0,59.40306,18.07249,Phogri,Pholidoptera griseoaptera,Dark Bush-cricket,bush-cricket,0.93,,,26/09/2026,25/09/2026,03:55:35,ClassifEspSWE-0002026-05-29_1,JOHANKARLSSON,20260926175329TA9EA1,2026_26_sep_03,Citizen Science (ultrasonic) - shared
59~40306+18~07249_20260926_035540.wav,DEV_001_20260926_035540.wav,0,59.40306,18.07249,Phogri,Pholidoptera griseoaptera,Dark Bush-cricket,bush-cricket,0.93,,,26/09/2026,25/09/2026,03:55:40,ClassifEspSWE-0002026-05-29_1,JOHANKARLSSON,20260926175329TA9EA1,2026_26_sep_03,Citizen Science (ultrasonic) - shared
59~40306+18~07249_20260926_035548.wav,DEV_001_20260926_035548.wav,0,59.40306,18.07249,Phogri,Pholidoptera griseoaptera,Dark Bush-cricket,bush-cricket,0.94,,,26/09/2026,25/09/2026,03:55:48,ClassifEspSWE-0002026-05-29_1,JOHANKARLSSON,20260926175329TA9EA1,2026_26_sep_03,Citizen Science (ultrasonic) - shared
59~40306+18~07249_20260926_035554.wav,DEV_001_20260926_035554.wav,0,59.40306,18.07249,Phogri,Pholidoptera griseoaptera,Dark Bush-cricket,bush-cricket,0.99,,,26/09/2026,25/09/2026,03:55:54,ClassifEspSWE-0002026-05-29_1,JOHANKARLSSON,20260926175329TA9EA1,2026_26_sep_03,Citizen Science (ultrasonic) - shared
59~40306+18~07249_20260926_035559.wav,DEV_001_20260926_035559.wav,0,59.40306,18.07249,Phogri,Pholidoptera griseoaptera,Dark Bush-cricket,bush-cricket,0.96,,,26/09/2026,25/09/2026,03:55:59,ClassifEspSWE-0002026-05-29_1,JOHANKARLSSON,20260926175329TA9EA1,2026_26_sep_03,Citizen Science (ultrasonic) - shared
59~40306+18~07249_20260926_035609.wav,DEV_001_20260926_035609.wav,0,59.40306,18.07249,Phogri,Pholidoptera griseoaptera,Dark Bush-cricket,bush-cricket,0.86,,,26/09/2026,25/09/2026,03:56:09,ClassifEspSWE-0002026-05-29_1,JOHANKARLSSON,20260926175329TA9EA1,2026_26_sep_03,Citizen Science (ultrasonic) - shared
59~40306+18~07249_20260926_035614.wav,DEV_001_20260926_035614.wav,0,59.40306,18.07249,Phogri,Pholidoptera griseoaptera,Dark Bush-cricket,bush-cricket,0.98,,,26/09/2026,25/09/2026,03:56:14,ClassifEspSWE-0002026-05-29_1,JOHANKARLSSON,20260926175329TA9EA1,2026_26_sep_03,Citizen Science (ultrasonic) - shared
59~40306+18~07249_20260926_035621.wav,DEV_001_20260926_035621.wav,0,59.40306,18.07249,Phogri,Pholidoptera griseoaptera,Dark Bush-cricket,bush-cricket,0.99,,,26/09/2026,25/09/2026,03:56:21,ClassifEspSWE-0002026-05-29_1,JOHANKARLSSON,20260926175329TA9EA1,2026_26_sep_03,Citizen Science (ultrasonic) - shared
59~40306+18~07249_20260926_035627.wav,DEV_001_20260926_035627.wav,0,59.40306,18.07249,Phogri,Pholidoptera griseoaptera,Dark Bush-cricket,bush-cricket,0.97,,,26/09/2026,25/09/2026,03:56:27,ClassifEspSWE-0002026-05-29_1,JOHANKARLSSON,20260926175329TA9EA1,2026_26_sep_03,Citizen Science (ultrasonic) - shared
59~40306+18~07249_20260926_035634.wav,DEV_001_20260926_035634.wav,0,59.40306,18.07249,Phogri,Pholidoptera griseoaptera,Dark Bush-cricket,bush-cricket,0.98,,,26/09/2026,25/09/2026,03:56:34,ClassifEspSWE-0002026-05-29_1,JOHANKARLSSON,20260926175329TA9EA1,2026_26_sep_03,Citizen Science (ultrasonic) - shared
59~40306+18~07249_20260926_035640.wav,DEV_001_20260926_035640.wav,0,59.40306,18.07249,Phogri,Pholidoptera griseoaptera,Dark Bush-cricket,bush-cricket,0.97,,,26/09/2026,25/09/2026,03:56:40,ClassifEspSWE-0002026-05-29_1,JOHANKARLSSON,20260926175329TA9EA1,2026_26_sep_03,Citizen Science (ultrasonic) - shared
59~40306+18~07249_20260926_035646.wav,DEV_001_20260926_035646.wav,0,59.40306,18.07249,Phogri,Pholidoptera griseoaptera,Dark Bush-cricket,bush-cricket,0.92,,,26/09/2026,25/09/2026,03:56:46,ClassifEspSWE-0002026-05-29_1,JOHANKARLSSON,20260926175329TA9EA1,2026_26_sep_03,Citizen Science (ultrasonic) - shared
59~40306+18~07249_20260926_035652.wav,DEV_001_20260926_035652.wav,0,59.40306,18.07249,Phogri,Pholidoptera griseoaptera,Dark Bush-cricket,bush-cricket,0.99,,,26/09/2026,25/09/2026,03:56:52,ClassifEspSWE-0002026-05-29_1,JOHANKARLSSON,20260926175329TA9EA1,2026_26_sep_03,Citizen Science (ultrasonic) - shared
59~40306+18~07249_20260926_035658.wav,DEV_001_20260926_035658.wav,0,59.40306,18.07249,Phogri,Pholidoptera griseoaptera,Dark Bush-cricket,bush-cricket,0.99,,,26/09/2026,25/09/2026,03:56:58,ClassifEspSWE-0002026-05-29_1,JOHANKARLSSON,20260926175329TA9EA1,2026_26_sep_03,Citizen Science (ultrasonic) - shared
59~40306+18~07249_20260926_035704.wav,DEV_001_20260926_035704.wav,0,59.40306,18.07249,Phogri,Pholidoptera griseoaptera,Dark Bush-cricket,bush-cricket,0.98,,,26/09/2026,25/09/2026,03:57:04,ClassifEspSWE-0002026-05-29_1,JOHANKARLSSON,20260926175329TA9EA1,2026_26_sep_03,Citizen Science (ultrasonic) - shared
59~40306+18~07249_20260926_035711.wav,DEV_001_20260926_035711.wav,0,59.40306,18.07249,Phogri,Pholidoptera griseoaptera,Dark Bush-cricket,bush-cricket,0.94,,,26/09/2026,25/09/2026,03:57:11,ClassifEspSWE-0002026-05-29_1,JOHANKARLSSON,20260926175329TA9EA1,2026_26_sep_03,Citizen Science (ultrasonic) - shared
59~40306+18~07249_20260926_035717.wav,DEV_001_20260926_035717.wav,0,59.40306,18.07249,Phogri,Pholidoptera griseoaptera,Dark Bush-cricket,bush-cricket,0.96,,,26/09/2026,25/09/2026,03:57:17,ClassifEspSWE-0002026-05-29_1,JOHANKARLSSON,20260926175329TA9EA1,2026_26_sep_03,Citizen Science (ultrasonic) - shared
59~40306+18~07249_20260926_035722.wav,DEV_001_20260926_035722.wav,0,59.40306,18.07249,Phogri,Pholidoptera griseoaptera,Dark Bush-cricket,bush-cricket,0.99,,,26/09/2026,25/09/2026,03:57:22,ClassifEspSWE-0002026-05-29_1,JOHANKARLSSON,20260926175329TA9EA1,2026_26_sep_03,Citizen Science (ultrasonic) - shared
59~40306+18~07249_20260926_035728.wav,DEV_001_20260926_035728.wav,0,59.40306,18.07249,Phogri,Pholidoptera griseoaptera,Dark Bush-cricket,bush-cricket,0.84,,,26/09/2026,25/09/2026,03:57:28,ClassifEspSWE-0002026-05-29_1,JOHANKARLSSON,20260926175329TA9EA1,2026_26_sep_03,Citizen Science (ultrasonic) - shared
59~40306+18~07249_20260926_035733.wav,DEV_001_20260926_035733.wav,0,59.40306,18.07249,Phogri,Pholidoptera griseoaptera,Dark Bush-cricket,bush-cricket,0.97,,,26/09/2026,25/09/2026,03:57:33,ClassifEspSWE-0002026-05-29_1,JOHANKARLSSON,20260926175329TA9EA1,2026_26_sep_03,Citizen Science (ultrasonic) - shared
59~40306+18~07249_20260926_035739.wav,DEV_001_20260926_035739.wav,0,59.40306,18.07249,Phogri,Pholidoptera griseoaptera,Dark Bush-cricket,bush-cricket,0.94,,,26/09/2026,25/09/2026,03:57:39,ClassifEspSWE-0002026-05-29_1,JOHANKARLSSON,20260926175329TA9EA1,2026_26_sep_03,Citizen Science (ultrasonic) - shared
59~40306+18~07249_20260926_035744.wav,DEV_001_20260926_035744.wav,0,59.40306,18.07249,Phogri,Pholidoptera griseoaptera,Dark Bush-cricket,bush-cricket,0.98,,,26/09/2026,25/09/2026,03:57:44,ClassifEspSWE-0002026-05-29_1,JOHANKARLSSON,20260926175329TA9EA1,2026_26_sep_03,Citizen Science (ultrasonic) - shared
59~40306+18~07249_20260926_035749.wav,DEV_001_20260926_035749.wav,0,59.40306,18.07249,Phogri,Pholidoptera griseoaptera,Dark Bush-cricket,bush-cricket,0.98,,,26/09/2026,25/09/2026,03:57:49,ClassifEspSWE-0002026-05-29_1,JOHANKARLSSON,20260926175329TA9EA1,2026_26_sep_03,Citizen Science (ultrasonic) - shared
59~40306+18~07249_20260926_035757.wav,DEV_001_20260926_035757.wav,0,59.40306,18.07249,Phogri,Pholidoptera griseoaptera,Dark Bush-cricket,bush-cricket,0.98,,,26/09/2026,25/09/2026,03:57:57,ClassifEspSWE-0002026-05-29_1,JOHANKARLSSON,20260926175329TA9EA1,2026_26_sep_03,Citizen Science (ultrasonic) - shared
59~40306+18~07249_20260926_035803.wav,DEV_001_20260926_035803.wav,0,59.40306,18.07249,Phogri,Pholidoptera griseoaptera,Dark Bush-cricket,bush-cricket,0.99,,,26/09/2026,25/09/2026,03:58:03,ClassifEspSWE-0002026-05-29_1,JOHANKARLSSON,20260926175329TA9EA1,2026_26_sep_03,Citizen Science (ultrasonic) - shared
59~40306+18~07249_20260926_035809.wav,DEV_001_20260926_035809.wav,0,59.40306,18.07249,Phogri,Pholidoptera griseoaptera,Dark Bush-cricket,bush-cricket,0.96,,,26/09/2026,25/09/2026,03:58:09,ClassifEspSWE-0002026-05-29_1,JOHANKARLSSON,20260926175329TA9EA1,2026_26_sep_03,Citizen Science (ultrasonic) - shared
59~40306+18~07249_20260926_035815.wav,DEV_001_20260926_035815.wav,0,59.40306,18.07249,Phogri,Pholidoptera griseoaptera,Dark Bush-cricket,bush-cricket,0.99,,,26/09/2026,25/09/2026,03:58:15,ClassifEspSWE-0002026-05-29_1,JOHANKARLSSON,20260926175329TA9EA1,2026_26_sep_03,Citizen Science (ultrasonic) - shared
59~40306+18~07249_20260926_035821.wav,DEV_001_20260926_035821.wav,0,59.40306,18.07249,Phogri,Pholidoptera griseoaptera,Dark Bush-cricket,bush-cricket,0.97,,,26/09/2026,25/09/2026,03:58:21,ClassifEspSWE-0002026-05-29_1,JOHANKARLSSON,20260926175329TA9EA1,2026_26_sep_03,Citizen Science (ultrasonic) - shared
59~40306+18~07249_20260926_035829.wav,DEV_001_20260926_035829.wav,0,59.40306,18.07249,Phogri,Pholidoptera griseoaptera,Dark Bush-cricket,bush-cricket,0.97,,,26/09/2026,25/09/2026,03:58:29,ClassifEspSWE-0002026-05-29_1,JOHANKARLSSON,20260926175329TA9EA1,2026_26_sep_03,Citizen Science (ultrasonic) - shared
59~40306+18~07249_20260926_035834.wav,DEV_001_20260926_035834.wav,0,59.40306,18.07249,Phogri,Pholidoptera griseoaptera,Dark Bush-cricket,bush-cricket,0.98,,,26/09/2026,25/09/2026,03:58:34,ClassifEspSWE-0002026-05-29_1,JOHANKARLSSON,20260926175329TA9EA1,2026_26_sep_03,Citizen Science (ultrasonic) - shared
59~40306+18~07249_20260926_035842.wav,DEV_001_20260926_035842.wav,0,59.40306,18.07249,Phogri,Pholidoptera griseoaptera,Dark Bush-cricket,bush-cricket,0.99,,,26/09/2026,25/09/2026,03:58:42,ClassifEspSWE-0002026-05-29_1,JOHANKARLSSON,20260926175329TA9EA1,2026_26_sep_03,Citizen Science (ultrasonic) - shared
59~40306+18~07249_20260926_035848.wav,DEV_001_20260926_035848.wav,0,59.40306,18.07249,Phogri,Pholidoptera griseoaptera,Dark Bush-cricket,bush-cricket,0.96,,,26/09/2026,25/09/2026,03:58:48,ClassifEspSWE-0002026-05-29_1,JOHANKARLSSON,20260926175329TA9EA1,2026_26_sep_03,Citizen Science (ultrasonic) - shared
59~40306+18~07249_20260926_035855.wav,DEV_001_20260926_035855.wav,0,59.40306,18.07249,Phogri,Pholidoptera griseoaptera,Dark Bush-cricket,bush-cricket,0.95,,,26/09/2026,25/09/2026,03:58:55,ClassifEspSWE-0002026-05-29_1,JOHANKARLSSON,20260926175329TA9EA1,2026_26_sep_03,Citizen Science (ultrasonic) - shared
59~40306+18~07249_20260926_035901.wav,DEV_001_20260926_035901.wav,0,59.40306,18.07249,Phogri,Pholidoptera griseoaptera,Dark Bush-cricket,bush-cricket,0.91,,,26/09/2026,25/09/2026,03:59:01,ClassifEspSWE-0002026-05-29_1,JOHANKARLSSON,20260926175329TA9EA1,2026_26_sep_03,Citizen Science (ultrasonic) - shared
59~40306+18~07249_20260926_035906.wav,DEV_001_20260926_035906.wav,0,59.40306,18.07249,Phogri,Pholidoptera griseoaptera,Dark Bush-cricket,bush-cricket,0.96,,,26/09/2026,25/09/2026,03:59:06,ClassifEspSWE-0002026-05-29_1,JOHANKARLSSON,20260926175329TA9EA1,2026_26_sep_03,Citizen Science (ultrasonic) - shared
59~40306+18~07249_20260926_035913.wav,DEV_001_20260926_035913.wav,0,59.40306,18.07249,Phogri,Pholidoptera griseoaptera,Dark Bush-cricket,bush-cricket,0.98,,,26/09/2026,25/09/2026,03:59:13,ClassifEspSWE-0002026-05-29_1,JOHANKARLSSON,20260926175329TA9EA1,2026_26_sep_03,Citizen Science (ultrasonic) - shared
59~40306+18~07249_20260926_035921.wav,DEV_001_20260926_035921.wav,0,59.40306,18.07249,Phogri,Pholidoptera griseoaptera,Dark Bush-cricket,bush-cricket,0.95,,,26/09/2026,25/09/2026,03:59:21,ClassifEspSWE-0002026-05-29_1,JOHANKARLSSON,20260926175329TA9EA1,2026_26_sep_03,Citizen Science (ultrasonic) - shared
59~40306+18~07249_20260926_035927.wav,DEV_001_20260926_035927.wav,0,59.40306,18.07249,Phogri,Pholidoptera griseoaptera,Dark Bush-cricket,bush-cricket,0.96,,,26/09/2026,25/09/2026,03:59:27,ClassifEspSWE-0002026-05-29_1,JOHANKARLSSON,20260926175329TA9EA1,2026_26_sep_03,Citizen Science (ultrasonic) - shared
59~40306+18~07249_20260926_035933.wav,DEV_001_20260926_035933.wav,0,59.40306,18.07249,Phogri,Pholidoptera griseoaptera,Dark Bush-cricket,bush-cricket,0.98,,,26/09/2026,25/09/2026,03:59:33,ClassifEspSWE-0002026-05-29_1,JOHANKARLSSON,20260926175329TA9EA1,2026_26_sep_03,Citizen Science (ultrasonic) - shared
59~40306+18~07249_20260926_035938.wav,DEV_001_20260926_035938.wav,0,59.40306,18.07249,Phogri,Pholidoptera griseoaptera,Dark Bush-cricket,bush-cricket,0.99,,,26/09/2026,25/09/2026,03:59:38,ClassifEspSWE-0002026-05-29_1,JOHANKARLSSON,20260926175329TA9EA1,2026_26_sep_03,Citizen Science (ultrasonic) - shared
59~40306+18~07249_20260926_035945.wav,DEV_001_20260926_035945.wav,0,59.40306,18.07249,Phogri,Pholidoptera griseoaptera,Dark Bush-cricket,bush-cricket,0.87,,,26/09/2026,25/09/2026,03:59:45,ClassifEspSWE-0002026-05-29_1,JOHANKARLSSON,20260926175329TA9EA1,2026_26_sep_03,Citizen Science (ultrasonic) - shared
59~40306+18~07249_20260926_035951.wav,DEV_001_20260926_035951.wav,0,59.40306,18.07249,Phogri,Pholidoptera griseoaptera,Dark Bush-cricket,bush-cricket,0.87,,,26/09/2026,25/09/2026,03:59:51,ClassifEspSWE-0002026-05-29_1,JOHANKARLSSON,20260926175329TA9EA1,2026_26_sep_03,Citizen Science (ultrasonic) - shared
59~40306+18~07249_20260926_035956.wav,DEV_001_20260926_035956.wav,0,59.40306,18.07249,Phogri,Pholidoptera griseoaptera,Dark Bush-cricket,bush-cricket,0.99,,,26/09/2026,25/09/2026,03:59:56,ClassifEspSWE-0002026-05-29_1,JOHANKARLSSON,20260926175329TA9EA1,2026_26_sep_03,Citizen Science (ultrasonic) - shared
59~40306+18~07249_20260926_034342.wav,DEV_001_20260926_034342.wav,0,59.40306,18.07249,Sormin,Sorex minutus,Eurasian Pygmy Shrew,terrestrial mammal,0.7,Not all shrew species considered,,26/09/2026,25/09/2026,03:43:42,ClassifEspSWE-0002026-05-29_1,JOHANKARLSSON,20260926175329TA9EA1,2026_26_sep_03,Citizen Science (ultrasonic) - shared