RECORDING FILE NAME,ORIGINAL FILE NAME,ORIGINAL FILE PART,LATITUDE,LONGITUDE,SPECIES,SCIENTIFIC NAME,ENGLISH NAME,SPECIES GROUP,PROBABILITY,WARNINGS,CALL TYPE,ACTUAL DATE,SURVEY DATE,TIME,CLASSIFIER NAME,USER ID,UPLOAD KEY,BATCH NAME,PROJECT NAME
59~40304+18~07242_20260929_030150.wav,DEV_002_20260929_030150.wav,0,59.40304,18.07242,Pippyg,Pipistrellus pygmaeus,Soprano Pipistrelle,bat,0.99,,echolocation,29/09/2026,28/09/2026,03:01:50,ClassifEspSWE-0002026-05-29_1,JOHANKARLSSON,202609290755B1T5207C,,Citizen Science (ultrasonic) - shared
59~40304+18~07242_20260929_030155.wav,DEV_002_20260929_030155.wav,0,59.40304,18.07242,Pippyg,Pipistrellus pygmaeus,Soprano Pipistrelle,bat,0.99,,echolocation,29/09/2026,28/09/2026,03:01:55,ClassifEspSWE-0002026-05-29_1,JOHANKARLSSON,202609290755B1T5207C,,Citizen Science (ultrasonic) - shared
59~40304+18~07242_20260929_031127.wav,DEV_002_20260929_031127.wav,0,59.40304,18.07242,Pippyg,Pipistrellus pygmaeus,Soprano Pipistrelle,bat,0.1,Low confidence,echolocation,29/09/2026,28/09/2026,03:11:27,ClassifEspSWE-0002026-05-29_1,JOHANKARLSSON,202609290755B1T5207C,,Citizen Science (ultrasonic) - shared
59~40304+18~07242_20260929_031133.wav,DEV_002_20260929_031133.wav,0,59.40304,18.07242,Pippyg,Pipistrellus pygmaeus,Soprano Pipistrelle,bat,0.96,,echolocation,29/09/2026,28/09/2026,03:11:33,ClassifEspSWE-0002026-05-29_1,JOHANKARLSSON,202609290755B1T5207C,,Citizen Science (ultrasonic) - shared
59~40304+18~07242_20260929_032757.wav,DEV_002_20260929_032757.wav,0,59.40304,18.07242,Pippyg,Pipistrellus pygmaeus,Soprano Pipistrelle,bat,0.92,,echolocation,29/09/2026,28/09/2026,03:27:57,ClassifEspSWE-0002026-05-29_1,JOHANKARLSSON,202609290755B1T5207C,,Citizen Science (ultrasonic) - shared
59~40304+18~07242_20260929_032805.wav,DEV_002_20260929_032805.wav,0,59.40304,18.07242,Pippyg,Pipistrellus pygmaeus,Soprano Pipistrelle,bat,0.18,Low confidence,echolocation,29/09/2026,28/09/2026,03:28:05,ClassifEspSWE-0002026-05-29_1,JOHANKARLSSON,202609290755B1T5207C,,Citizen Science (ultrasonic) - shared
59~40304+18~07242_20260929_030002.wav,DEV_002_20260929_030002.wav,0,59.40304,18.07242,Leppun,Leptophyes punctatissima,Speckled Bush-cricket,bush-cricket,0.99,,,29/09/2026,28/09/2026,03:00:02,ClassifEspSWE-0002026-05-29_1,JOHANKARLSSON,202609290755B1T5207C,,Citizen Science (ultrasonic) - shared
59~40304+18~07242_20260929_030008.wav,DEV_002_20260929_030008.wav,0,59.40304,18.07242,Leppun,Leptophyes punctatissima,Speckled Bush-cricket,bush-cricket,0.99,,,29/09/2026,28/09/2026,03:00:08,ClassifEspSWE-0002026-05-29_1,JOHANKARLSSON,202609290755B1T5207C,,Citizen Science (ultrasonic) - shared
59~40304+18~07242_20260929_030013.wav,DEV_002_20260929_030013.wav,0,59.40304,18.07242,Leppun,Leptophyes punctatissima,Speckled Bush-cricket,bush-cricket,0.99,,,29/09/2026,28/09/2026,03:00:13,ClassifEspSWE-0002026-05-29_1,JOHANKARLSSON,202609290755B1T5207C,,Citizen Science (ultrasonic) - shared
59~40304+18~07242_20260929_030019.wav,DEV_002_20260929_030019.wav,0,59.40304,18.07242,Leppun,Leptophyes punctatissima,Speckled Bush-cricket,bush-cricket,0.99,,,29/09/2026,28/09/2026,03:00:19,ClassifEspSWE-0002026-05-29_1,JOHANKARLSSON,202609290755B1T5207C,,Citizen Science (ultrasonic) - shared
59~40304+18~07242_20260929_030025.wav,DEV_002_20260929_030025.wav,0,59.40304,18.07242,Leppun,Leptophyes punctatissima,Speckled Bush-cricket,bush-cricket,0.99,,,29/09/2026,28/09/2026,03:00:25,ClassifEspSWE-0002026-05-29_1,JOHANKARLSSON,202609290755B1T5207C,,Citizen Science (ultrasonic) - shared
59~40304+18~07242_20260929_030030.wav,DEV_002_20260929_030030.wav,0,59.40304,18.07242,Leppun,Leptophyes punctatissima,Speckled Bush-cricket,bush-cricket,0.99,,,29/09/2026,28/09/2026,03:00:30,ClassifEspSWE-0002026-05-29_1,JOHANKARLSSON,202609290755B1T5207C,,Citizen Science (ultrasonic) - shared
59~40304+18~07242_20260929_030036.wav,DEV_002_20260929_030036.wav,0,59.40304,18.07242,Leppun,Leptophyes punctatissima,Speckled Bush-cricket,bush-cricket,0.99,,,29/09/2026,28/09/2026,03:00:36,ClassifEspSWE-0002026-05-29_1,JOHANKARLSSON,202609290755B1T5207C,,Citizen Science (ultrasonic) - shared
59~40304+18~07242_20260929_030042.wav,DEV_002_20260929_030042.wav,0,59.40304,18.07242,Leppun,Leptophyes punctatissima,Speckled Bush-cricket,bush-cricket,0.99,,,29/09/2026,28/09/2026,03:00:42,ClassifEspSWE-0002026-05-29_1,JOHANKARLSSON,202609290755B1T5207C,,Citizen Science (ultrasonic) - shared
59~40304+18~07242_20260929_030048.wav,DEV_002_20260929_030048.wav,0,59.40304,18.07242,Leppun,Leptophyes punctatissima,Speckled Bush-cricket,bush-cricket,0.99,,,29/09/2026,28/09/2026,03:00:48,ClassifEspSWE-0002026-05-29_1,JOHANKARLSSON,202609290755B1T5207C,,Citizen Science (ultrasonic) - shared
59~40304+18~07242_20260929_030053.wav,DEV_002_20260929_030053.wav,0,59.40304,18.07242,Leppun,Leptophyes punctatissima,Speckled Bush-cricket,bush-cricket,0.99,,,29/09/2026,28/09/2026,03:00:53,ClassifEspSWE-0002026-05-29_1,JOHANKARLSSON,202609290755B1T5207C,,Citizen Science (ultrasonic) - shared
59~40304+18~07242_20260929_030100.wav,DEV_002_20260929_030100.wav,0,59.40304,18.07242,Leppun,Leptophyes punctatissima,Speckled Bush-cricket,bush-cricket,0.99,,,29/09/2026,28/09/2026,03:01:00,ClassifEspSWE-0002026-05-29_1,JOHANKARLSSON,202609290755B1T5207C,,Citizen Science (ultrasonic) - shared
59~40304+18~07242_20260929_030105.wav,DEV_002_20260929_030105.wav,0,59.40304,18.07242,Leppun,Leptophyes punctatissima,Speckled Bush-cricket,bush-cricket,0.99,,,29/09/2026,28/09/2026,03:01:05,ClassifEspSWE-0002026-05-29_1,JOHANKARLSSON,202609290755B1T5207C,,Citizen Science (ultrasonic) - shared
59~40304+18~07242_20260929_030111.wav,DEV_002_20260929_030111.wav,0,59.40304,18.07242,Leppun,Leptophyes punctatissima,Speckled Bush-cricket,bush-cricket,0.99,,,29/09/2026,28/09/2026,03:01:11,ClassifEspSWE-0002026-05-29_1,JOHANKARLSSON,202609290755B1T5207C,,Citizen Science (ultrasonic) - shared
59~40304+18~07242_20260929_030117.wav,DEV_002_20260929_030117.wav,0,59.40304,18.07242,Leppun,Leptophyes punctatissima,Speckled Bush-cricket,bush-cricket,0.99,,,29/09/2026,28/09/2026,03:01:17,ClassifEspSWE-0002026-05-29_1,JOHANKARLSSON,202609290755B1T5207C,,Citizen Science (ultrasonic) - shared
59~40304+18~07242_20260929_030122.wav,DEV_002_20260929_030122.wav,0,59.40304,18.07242,Leppun,Leptophyes punctatissima,Speckled Bush-cricket,bush-cricket,0.99,,,29/09/2026,28/09/2026,03:01:22,ClassifEspSWE-0002026-05-29_1,JOHANKARLSSON,202609290755B1T5207C,,Citizen Science (ultrasonic) - shared
59~40304+18~07242_20260929_030128.wav,DEV_002_20260929_030128.wav,0,59.40304,18.07242,Leppun,Leptophyes punctatissima,Speckled Bush-cricket,bush-cricket,0.99,,,29/09/2026,28/09/2026,03:01:28,ClassifEspSWE-0002026-05-29_1,JOHANKARLSSON,202609290755B1T5207C,,Citizen Science (ultrasonic) - shared
59~40304+18~07242_20260929_030133.wav,DEV_002_20260929_030133.wav,0,59.40304,18.07242,Leppun,Leptophyes punctatissima,Speckled Bush-cricket,bush-cricket,0.99,,,29/09/2026,28/09/2026,03:01:33,ClassifEspSWE-0002026-05-29_1,JOHANKARLSSON,202609290755B1T5207C,,Citizen Science (ultrasonic) - shared
59~40304+18~07242_20260929_030139.wav,DEV_002_20260929_030139.wav,0,59.40304,18.07242,Leppun,Leptophyes punctatissima,Speckled Bush-cricket,bush-cricket,0.99,,,29/09/2026,28/09/2026,03:01:39,ClassifEspSWE-0002026-05-29_1,JOHANKARLSSON,202609290755B1T5207C,,Citizen Science (ultrasonic) - shared
59~40304+18~07242_20260929_030145.wav,DEV_002_20260929_030145.wav,0,59.40304,18.07242,Leppun,Leptophyes punctatissima,Speckled Bush-cricket,bush-cricket,0.99,,,29/09/2026,28/09/2026,03:01:45,ClassifEspSWE-0002026-05-29_1,JOHANKARLSSON,202609290755B1T5207C,,Citizen Science (ultrasonic) - shared
59~40304+18~07242_20260929_030150.wav,DEV_002_20260929_030150.wav,0,59.40304,18.07242,Leppun,Leptophyes punctatissima,Speckled Bush-cricket,bush-cricket,0.99,,,29/09/2026,28/09/2026,03:01:50,ClassifEspSWE-0002026-05-29_1,JOHANKARLSSON,202609290755B1T5207C,,Citizen Science (ultrasonic) - shared
59~40304+18~07242_20260929_030155.wav,DEV_002_20260929_030155.wav,0,59.40304,18.07242,Leppun,Leptophyes punctatissima,Speckled Bush-cricket,bush-cricket,0.99,,,29/09/2026,28/09/2026,03:01:55,ClassifEspSWE-0002026-05-29_1,JOHANKARLSSON,202609290755B1T5207C,,Citizen Science (ultrasonic) - shared
59~40304+18~07242_20260929_030200.wav,DEV_002_20260929_030200.wav,0,59.40304,18.07242,Leppun,Leptophyes punctatissima,Speckled Bush-cricket,bush-cricket,0.99,,,29/09/2026,28/09/2026,03:02:00,ClassifEspSWE-0002026-05-29_1,JOHANKARLSSON,202609290755B1T5207C,,Citizen Science (ultrasonic) - shared
59~40304+18~07242_20260929_030206.wav,DEV_002_20260929_030206.wav,0,59.40304,18.07242,Leppun,Leptophyes punctatissima,Speckled Bush-cricket,bush-cricket,0.99,,,29/09/2026,28/09/2026,03:02:06,ClassifEspSWE-0002026-05-29_1,JOHANKARLSSON,202609290755B1T5207C,,Citizen Science (ultrasonic) - shared
59~40304+18~07242_20260929_030211.wav,DEV_002_20260929_030211.wav,0,59.40304,18.07242,Leppun,Leptophyes punctatissima,Speckled Bush-cricket,bush-cricket,0.99,,,29/09/2026,28/09/2026,03:02:11,ClassifEspSWE-0002026-05-29_1,JOHANKARLSSON,202609290755B1T5207C,,Citizen Science (ultrasonic) - shared
59~40304+18~07242_20260929_030216.wav,DEV_002_20260929_030216.wav,0,59.40304,18.07242,Leppun,Leptophyes punctatissima,Speckled Bush-cricket,bush-cricket,0.99,,,29/09/2026,28/09/2026,03:02:16,ClassifEspSWE-0002026-05-29_1,JOHANKARLSSON,202609290755B1T5207C,,Citizen Science (ultrasonic) - shared
59~40304+18~07242_20260929_030222.wav,DEV_002_20260929_030222.wav,0,59.40304,18.07242,Leppun,Leptophyes punctatissima,Speckled Bush-cricket,bush-cricket,0.99,,,29/09/2026,28/09/2026,03:02:22,ClassifEspSWE-0002026-05-29_1,JOHANKARLSSON,202609290755B1T5207C,,Citizen Science (ultrasonic) - shared
59~40304+18~07242_20260929_030228.wav,DEV_002_20260929_030228.wav,0,59.40304,18.07242,Leppun,Leptophyes punctatissima,Speckled Bush-cricket,bush-cricket,0.99,,,29/09/2026,28/09/2026,03:02:28,ClassifEspSWE-0002026-05-29_1,JOHANKARLSSON,202609290755B1T5207C,,Citizen Science (ultrasonic) - shared
59~40304+18~07242_20260929_030233.wav,DEV_002_20260929_030233.wav,0,59.40304,18.07242,Leppun,Leptophyes punctatissima,Speckled Bush-cricket,bush-cricket,0.99,,,29/09/2026,28/09/2026,03:02:33,ClassifEspSWE-0002026-05-29_1,JOHANKARLSSON,202609290755B1T5207C,,Citizen Science (ultrasonic) - shared
59~40304+18~07242_20260929_030238.wav,DEV_002_20260929_030238.wav,0,59.40304,18.07242,Leppun,Leptophyes punctatissima,Speckled Bush-cricket,bush-cricket,0.99,,,29/09/2026,28/09/2026,03:02:38,ClassifEspSWE-0002026-05-29_1,JOHANKARLSSON,202609290755B1T5207C,,Citizen Science (ultrasonic) - shared
59~40304+18~07242_20260929_030244.wav,DEV_002_20260929_030244.wav,0,59.40304,18.07242,Leppun,Leptophyes punctatissima,Speckled Bush-cricket,bush-cricket,0.99,,,29/09/2026,28/09/2026,03:02:44,ClassifEspSWE-0002026-05-29_1,JOHANKARLSSON,202609290755B1T5207C,,Citizen Science (ultrasonic) - shared
59~40304+18~07242_20260929_030249.wav,DEV_002_20260929_030249.wav,0,59.40304,18.07242,Leppun,Leptophyes punctatissima,Speckled Bush-cricket,bush-cricket,0.99,,,29/09/2026,28/09/2026,03:02:49,ClassifEspSWE-0002026-05-29_1,JOHANKARLSSON,202609290755B1T5207C,,Citizen Science (ultrasonic) - shared
59~40304+18~07242_20260929_030255.wav,DEV_002_20260929_030255.wav,0,59.40304,18.07242,Leppun,Leptophyes punctatissima,Speckled Bush-cricket,bush-cricket,0.99,,,29/09/2026,28/09/2026,03:02:55,ClassifEspSWE-0002026-05-29_1,JOHANKARLSSON,202609290755B1T5207C,,Citizen Science (ultrasonic) - shared
59~40304+18~07242_20260929_030301.wav,DEV_002_20260929_030301.wav,0,59.40304,18.07242,Leppun,Leptophyes punctatissima,Speckled Bush-cricket,bush-cricket,0.99,,,29/09/2026,28/09/2026,03:03:01,ClassifEspSWE-0002026-05-29_1,JOHANKARLSSON,202609290755B1T5207C,,Citizen Science (ultrasonic) - shared
59~40304+18~07242_20260929_030307.wav,DEV_002_20260929_030307.wav,0,59.40304,18.07242,Leppun,Leptophyes punctatissima,Speckled Bush-cricket,bush-cricket,0.99,,,29/09/2026,28/09/2026,03:03:07,ClassifEspSWE-0002026-05-29_1,JOHANKARLSSON,202609290755B1T5207C,,Citizen Science (ultrasonic) - shared
59~40304+18~07242_20260929_030313.wav,DEV_002_20260929_030313.wav,0,59.40304,18.07242,Leppun,Leptophyes punctatissima,Speckled Bush-cricket,bush-cricket,0.99,,,29/09/2026,28/09/2026,03:03:13,ClassifEspSWE-0002026-05-29_1,JOHANKARLSSON,202609290755B1T5207C,,Citizen Science (ultrasonic) - shared
59~40304+18~07242_20260929_030319.wav,DEV_002_20260929_030319.wav,0,59.40304,18.07242,Leppun,Leptophyes punctatissima,Speckled Bush-cricket,bush-cricket,0.99,,,29/09/2026,28/09/2026,03:03:19,ClassifEspSWE-0002026-05-29_1,JOHANKARLSSON,202609290755B1T5207C,,Citizen Science (ultrasonic) - shared
59~40304+18~07242_20260929_030324.wav,DEV_002_20260929_030324.wav,0,59.40304,18.07242,Leppun,Leptophyes punctatissima,Speckled Bush-cricket,bush-cricket,0.99,,,29/09/2026,28/09/2026,03:03:24,ClassifEspSWE-0002026-05-29_1,JOHANKARLSSON,202609290755B1T5207C,,Citizen Science (ultrasonic) - shared
59~40304+18~07242_20260929_030329.wav,DEV_002_20260929_030329.wav,0,59.40304,18.07242,Leppun,Leptophyes punctatissima,Speckled Bush-cricket,bush-cricket,0.99,,,29/09/2026,28/09/2026,03:03:29,ClassifEspSWE-0002026-05-29_1,JOHANKARLSSON,202609290755B1T5207C,,Citizen Science (ultrasonic) - shared
59~40304+18~07242_20260929_030334.wav,DEV_002_20260929_030334.wav,0,59.40304,18.07242,Leppun,Leptophyes punctatissima,Speckled Bush-cricket,bush-cricket,0.99,,,29/09/2026,28/09/2026,03:03:34,ClassifEspSWE-0002026-05-29_1,JOHANKARLSSON,202609290755B1T5207C,,Citizen Science (ultrasonic) - shared
59~40304+18~07242_20260929_030340.wav,DEV_002_20260929_030340.wav,0,59.40304,18.07242,Leppun,Leptophyes punctatissima,Speckled Bush-cricket,bush-cricket,0.99,,,29/09/2026,28/09/2026,03:03:40,ClassifEspSWE-0002026-05-29_1,JOHANKARLSSON,202609290755B1T5207C,,Citizen Science (ultrasonic) - shared
59~40304+18~07242_20260929_030345.wav,DEV_002_20260929_030345.wav,0,59.40304,18.07242,Leppun,Leptophyes punctatissima,Speckled Bush-cricket,bush-cricket,0.99,,,29/09/2026,28/09/2026,03:03:45,ClassifEspSWE-0002026-05-29_1,JOHANKARLSSON,202609290755B1T5207C,,Citizen Science (ultrasonic) - shared
59~40304+18~07242_20260929_030350.wav,DEV_002_20260929_030350.wav,0,59.40304,18.07242,Leppun,Leptophyes punctatissima,Speckled Bush-cricket,bush-cricket,0.99,,,29/09/2026,28/09/2026,03:03:50,ClassifEspSWE-0002026-05-29_1,JOHANKARLSSON,202609290755B1T5207C,,Citizen Science (ultrasonic) - shared
59~40304+18~07242_20260929_030356.wav,DEV_002_20260929_030356.wav,0,59.40304,18.07242,Leppun,Leptophyes punctatissima,Speckled Bush-cricket,bush-cricket,0.99,,,29/09/2026,28/09/2026,03:03:56,ClassifEspSWE-0002026-05-29_1,JOHANKARLSSON,202609290755B1T5207C,,Citizen Science (ultrasonic) - shared
59~40304+18~07242_20260929_030402.wav,DEV_002_20260929_030402.wav,0,59.40304,18.07242,Leppun,Leptophyes punctatissima,Speckled Bush-cricket,bush-cricket,0.99,,,29/09/2026,28/09/2026,03:04:02,ClassifEspSWE-0002026-05-29_1,JOHANKARLSSON,202609290755B1T5207C,,Citizen Science (ultrasonic) - shared
59~40304+18~07242_20260929_030408.wav,DEV_002_20260929_030408.wav,0,59.40304,18.07242,Leppun,Leptophyes punctatissima,Speckled Bush-cricket,bush-cricket,0.99,,,29/09/2026,28/09/2026,03:04:08,ClassifEspSWE-0002026-05-29_1,JOHANKARLSSON,202609290755B1T5207C,,Citizen Science (ultrasonic) - shared
59~40304+18~07242_20260929_030414.wav,DEV_002_20260929_030414.wav,0,59.40304,18.07242,Leppun,Leptophyes punctatissima,Speckled Bush-cricket,bush-cricket,0.99,,,29/09/2026,28/09/2026,03:04:14,ClassifEspSWE-0002026-05-29_1,JOHANKARLSSON,202609290755B1T5207C,,Citizen Science (ultrasonic) - shared
59~40304+18~07242_20260929_030420.wav,DEV_002_20260929_030420.wav,0,59.40304,18.07242,Leppun,Leptophyes punctatissima,Speckled Bush-cricket,bush-cricket,0.99,,,29/09/2026,28/09/2026,03:04:20,ClassifEspSWE-0002026-05-29_1,JOHANKARLSSON,202609290755B1T5207C,,Citizen Science (ultrasonic) - shared
59~40304+18~07242_20260929_030425.wav,DEV_002_20260929_030425.wav,0,59.40304,18.07242,Leppun,Leptophyes punctatissima,Speckled Bush-cricket,bush-cricket,0.99,,,29/09/2026,28/09/2026,03:04:25,ClassifEspSWE-0002026-05-29_1,JOHANKARLSSON,202609290755B1T5207C,,Citizen Science (ultrasonic) - shared
59~40304+18~07242_20260929_030431.wav,DEV_002_20260929_030431.wav,0,59.40304,18.07242,Leppun,Leptophyes punctatissima,Speckled Bush-cricket,bush-cricket,0.99,,,29/09/2026,28/09/2026,03:04:31,ClassifEspSWE-0002026-05-29_1,JOHANKARLSSON,202609290755B1T5207C,,Citizen Science (ultrasonic) - shared
59~40304+18~07242_20260929_030436.wav,DEV_002_20260929_030436.wav,0,59.40304,18.07242,Leppun,Leptophyes punctatissima,Speckled Bush-cricket,bush-cricket,0.99,,,29/09/2026,28/09/2026,03:04:36,ClassifEspSWE-0002026-05-29_1,JOHANKARLSSON,202609290755B1T5207C,,Citizen Science (ultrasonic) - shared
59~40304+18~07242_20260929_030442.wav,DEV_002_20260929_030442.wav,0,59.40304,18.07242,Leppun,Leptophyes punctatissima,Speckled Bush-cricket,bush-cricket,0.99,,,29/09/2026,28/09/2026,03:04:42,ClassifEspSWE-0002026-05-29_1,JOHANKARLSSON,202609290755B1T5207C,,Citizen Science (ultrasonic) - shared
59~40304+18~07242_20260929_030447.wav,DEV_002_20260929_030447.wav,0,59.40304,18.07242,Leppun,Leptophyes punctatissima,Speckled Bush-cricket,bush-cricket,0.99,,,29/09/2026,28/09/2026,03:04:47,ClassifEspSWE-0002026-05-29_1,JOHANKARLSSON,202609290755B1T5207C,,Citizen Science (ultrasonic) - shared
59~40304+18~07242_20260929_030454.wav,DEV_002_20260929_030454.wav,0,59.40304,18.07242,Leppun,Leptophyes punctatissima,Speckled Bush-cricket,bush-cricket,0.99,,,29/09/2026,28/09/2026,03:04:54,ClassifEspSWE-0002026-05-29_1,JOHANKARLSSON,202609290755B1T5207C,,Citizen Science (ultrasonic) - shared
59~40304+18~07242_20260929_030459.wav,DEV_002_20260929_030459.wav,0,59.40304,18.07242,Leppun,Leptophyes punctatissima,Speckled Bush-cricket,bush-cricket,0.99,,,29/09/2026,28/09/2026,03:04:59,ClassifEspSWE-0002026-05-29_1,JOHANKARLSSON,202609290755B1T5207C,,Citizen Science (ultrasonic) - shared
59~40304+18~07242_20260929_030505.wav,DEV_002_20260929_030505.wav,0,59.40304,18.07242,Leppun,Leptophyes punctatissima,Speckled Bush-cricket,bush-cricket,0.99,,,29/09/2026,28/09/2026,03:05:05,ClassifEspSWE-0002026-05-29_1,JOHANKARLSSON,202609290755B1T5207C,,Citizen Science (ultrasonic) - shared
59~40304+18~07242_20260929_030510.wav,DEV_002_20260929_030510.wav,0,59.40304,18.07242,Leppun,Leptophyes punctatissima,Speckled Bush-cricket,bush-cricket,0.99,,,29/09/2026,28/09/2026,03:05:10,ClassifEspSWE-0002026-05-29_1,JOHANKARLSSON,202609290755B1T5207C,,Citizen Science (ultrasonic) - shared
59~40304+18~07242_20260929_030515.wav,DEV_002_20260929_030515.wav,0,59.40304,18.07242,Leppun,Leptophyes punctatissima,Speckled Bush-cricket,bush-cricket,0.99,,,29/09/2026,28/09/2026,03:05:15,ClassifEspSWE-0002026-05-29_1,JOHANKARLSSON,202609290755B1T5207C,,Citizen Science (ultrasonic) - shared
59~40304+18~07242_20260929_030522.wav,DEV_002_20260929_030522.wav,0,59.40304,18.07242,Leppun,Leptophyes punctatissima,Speckled Bush-cricket,bush-cricket,0.99,,,29/09/2026,28/09/2026,03:05:22,ClassifEspSWE-0002026-05-29_1,JOHANKARLSSON,202609290755B1T5207C,,Citizen Science (ultrasonic) - shared
59~40304+18~07242_20260929_030528.wav,DEV_002_20260929_030528.wav,0,59.40304,18.07242,Leppun,Leptophyes punctatissima,Speckled Bush-cricket,bush-cricket,0.99,,,29/09/2026,28/09/2026,03:05:28,ClassifEspSWE-0002026-05-29_1,JOHANKARLSSON,202609290755B1T5207C,,Citizen Science (ultrasonic) - shared
59~40304+18~07242_20260929_030533.wav,DEV_002_20260929_030533.wav,0,59.40304,18.07242,Leppun,Leptophyes punctatissima,Speckled Bush-cricket,bush-cricket,0.99,,,29/09/2026,28/09/2026,03:05:33,ClassifEspSWE-0002026-05-29_1,JOHANKARLSSON,202609290755B1T5207C,,Citizen Science (ultrasonic) - shared
59~40304+18~07242_20260929_030538.wav,DEV_002_20260929_030538.wav,0,59.40304,18.07242,Leppun,Leptophyes punctatissima,Speckled Bush-cricket,bush-cricket,0.99,,,29/09/2026,28/09/2026,03:05:38,ClassifEspSWE-0002026-05-29_1,JOHANKARLSSON,202609290755B1T5207C,,Citizen Science (ultrasonic) - shared
59~40304+18~07242_20260929_030543.wav,DEV_002_20260929_030543.wav,0,59.40304,18.07242,Leppun,Leptophyes punctatissima,Speckled Bush-cricket,bush-cricket,0.99,,,29/09/2026,28/09/2026,03:05:43,ClassifEspSWE-0002026-05-29_1,JOHANKARLSSON,202609290755B1T5207C,,Citizen Science (ultrasonic) - shared
59~40304+18~07242_20260929_030550.wav,DEV_002_20260929_030550.wav,0,59.40304,18.07242,Leppun,Leptophyes punctatissima,Speckled Bush-cricket,bush-cricket,0.99,,,29/09/2026,28/09/2026,03:05:50,ClassifEspSWE-0002026-05-29_1,JOHANKARLSSON,202609290755B1T5207C,,Citizen Science (ultrasonic) - shared
59~40304+18~07242_20260929_030556.wav,DEV_002_20260929_030556.wav,0,59.40304,18.07242,Leppun,Leptophyes punctatissima,Speckled Bush-cricket,bush-cricket,0.99,,,29/09/2026,28/09/2026,03:05:56,ClassifEspSWE-0002026-05-29_1,JOHANKARLSSON,202609290755B1T5207C,,Citizen Science (ultrasonic) - shared
59~40304+18~07242_20260929_030602.wav,DEV_002_20260929_030602.wav,0,59.40304,18.07242,Leppun,Leptophyes punctatissima,Speckled Bush-cricket,bush-cricket,0.99,,,29/09/2026,28/09/2026,03:06:02,ClassifEspSWE-0002026-05-29_1,JOHANKARLSSON,202609290755B1T5207C,,Citizen Science (ultrasonic) - shared
59~40304+18~07242_20260929_030608.wav,DEV_002_20260929_030608.wav,0,59.40304,18.07242,Leppun,Leptophyes punctatissima,Speckled Bush-cricket,bush-cricket,0.99,,,29/09/2026,28/09/2026,03:06:08,ClassifEspSWE-0002026-05-29_1,JOHANKARLSSON,202609290755B1T5207C,,Citizen Science (ultrasonic) - shared
59~40304+18~07242_20260929_030613.wav,DEV_002_20260929_030613.wav,0,59.40304,18.07242,Leppun,Leptophyes punctatissima,Speckled Bush-cricket,bush-cricket,0.99,,,29/09/2026,28/09/2026,03:06:13,ClassifEspSWE-0002026-05-29_1,JOHANKARLSSON,202609290755B1T5207C,,Citizen Science (ultrasonic) - shared
59~40304+18~07242_20260929_030618.wav,DEV_002_20260929_030618.wav,0,59.40304,18.07242,Leppun,Leptophyes punctatissima,Speckled Bush-cricket,bush-cricket,0.99,,,29/09/2026,28/09/2026,03:06:18,ClassifEspSWE-0002026-05-29_1,JOHANKARLSSON,202609290755B1T5207C,,Citizen Science (ultrasonic) - shared
59~40304+18~07242_20260929_030624.wav,DEV_002_20260929_030624.wav,0,59.40304,18.07242,Leppun,Leptophyes punctatissima,Speckled Bush-cricket,bush-cricket,0.99,,,29/09/2026,28/09/2026,03:06:24,ClassifEspSWE-0002026-05-29_1,JOHANKARLSSON,202609290755B1T5207C,,Citizen Science (ultrasonic) - shared
59~40304+18~07242_20260929_030629.wav,DEV_002_20260929_030629.wav,0,59.40304,18.07242,Leppun,Leptophyes punctatissima,Speckled Bush-cricket,bush-cricket,0.99,,,29/09/2026,28/09/2026,03:06:29,ClassifEspSWE-0002026-05-29_1,JOHANKARLSSON,202609290755B1T5207C,,Citizen Science (ultrasonic) - shared
59~40304+18~07242_20260929_030635.wav,DEV_002_20260929_030635.wav,0,59.40304,18.07242,Leppun,Leptophyes punctatissima,Speckled Bush-cricket,bush-cricket,0.99,,,29/09/2026,28/09/2026,03:06:35,ClassifEspSWE-0002026-05-29_1,JOHANKARLSSON,202609290755B1T5207C,,Citizen Science (ultrasonic) - shared
59~40304+18~07242_20260929_030641.wav,DEV_002_20260929_030641.wav,0,59.40304,18.07242,Leppun,Leptophyes punctatissima,Speckled Bush-cricket,bush-cricket,0.99,,,29/09/2026,28/09/2026,03:06:41,ClassifEspSWE-0002026-05-29_1,JOHANKARLSSON,202609290755B1T5207C,,Citizen Science (ultrasonic) - shared
59~40304+18~07242_20260929_030647.wav,DEV_002_20260929_030647.wav,0,59.40304,18.07242,Leppun,Leptophyes punctatissima,Speckled Bush-cricket,bush-cricket,0.99,,,29/09/2026,28/09/2026,03:06:47,ClassifEspSWE-0002026-05-29_1,JOHANKARLSSON,202609290755B1T5207C,,Citizen Science (ultrasonic) - shared
59~40304+18~07242_20260929_030653.wav,DEV_002_20260929_030653.wav,0,59.40304,18.07242,Leppun,Leptophyes punctatissima,Speckled Bush-cricket,bush-cricket,0.99,,,29/09/2026,28/09/2026,03:06:53,ClassifEspSWE-0002026-05-29_1,JOHANKARLSSON,202609290755B1T5207C,,Citizen Science (ultrasonic) - shared
59~40304+18~07242_20260929_030659.wav,DEV_002_20260929_030659.wav,0,59.40304,18.07242,Leppun,Leptophyes punctatissima,Speckled Bush-cricket,bush-cricket,0.99,,,29/09/2026,28/09/2026,03:06:59,ClassifEspSWE-0002026-05-29_1,JOHANKARLSSON,202609290755B1T5207C,,Citizen Science (ultrasonic) - shared
59~40304+18~07242_20260929_030705.wav,DEV_002_20260929_030705.wav,0,59.40304,18.07242,Leppun,Leptophyes punctatissima,Speckled Bush-cricket,bush-cricket,0.99,,,29/09/2026,28/09/2026,03:07:05,ClassifEspSWE-0002026-05-29_1,JOHANKARLSSON,202609290755B1T5207C,,Citizen Science (ultrasonic) - shared
59~40304+18~07242_20260929_030711.wav,DEV_002_20260929_030711.wav,0,59.40304,18.07242,Leppun,Leptophyes punctatissima,Speckled Bush-cricket,bush-cricket,0.99,,,29/09/2026,28/09/2026,03:07:11,ClassifEspSWE-0002026-05-29_1,JOHANKARLSSON,202609290755B1T5207C,,Citizen Science (ultrasonic) - shared
59~40304+18~07242_20260929_030717.wav,DEV_002_20260929_030717.wav,0,59.40304,18.07242,Leppun,Leptophyes punctatissima,Speckled Bush-cricket,bush-cricket,0.99,,,29/09/2026,28/09/2026,03:07:17,ClassifEspSWE-0002026-05-29_1,JOHANKARLSSON,202609290755B1T5207C,,Citizen Science (ultrasonic) - shared
59~40304+18~07242_20260929_030723.wav,DEV_002_20260929_030723.wav,0,59.40304,18.07242,Leppun,Leptophyes punctatissima,Speckled Bush-cricket,bush-cricket,0.99,,,29/09/2026,28/09/2026,03:07:23,ClassifEspSWE-0002026-05-29_1,JOHANKARLSSON,202609290755B1T5207C,,Citizen Science (ultrasonic) - shared
59~40304+18~07242_20260929_030728.wav,DEV_002_20260929_030728.wav,0,59.40304,18.07242,Leppun,Leptophyes punctatissima,Speckled Bush-cricket,bush-cricket,0.99,,,29/09/2026,28/09/2026,03:07:28,ClassifEspSWE-0002026-05-29_1,JOHANKARLSSON,202609290755B1T5207C,,Citizen Science (ultrasonic) - shared
59~40304+18~07242_20260929_030735.wav,DEV_002_20260929_030735.wav,0,59.40304,18.07242,Leppun,Leptophyes punctatissima,Speckled Bush-cricket,bush-cricket,0.99,,,29/09/2026,28/09/2026,03:07:35,ClassifEspSWE-0002026-05-29_1,JOHANKARLSSON,202609290755B1T5207C,,Citizen Science (ultrasonic) - shared
59~40304+18~07242_20260929_030741.wav,DEV_002_20260929_030741.wav,0,59.40304,18.07242,Leppun,Leptophyes punctatissima,Speckled Bush-cricket,bush-cricket,0.99,,,29/09/2026,28/09/2026,03:07:41,ClassifEspSWE-0002026-05-29_1,JOHANKARLSSON,202609290755B1T5207C,,Citizen Science (ultrasonic) - shared
59~40304+18~07242_20260929_030746.wav,DEV_002_20260929_030746.wav,0,59.40304,18.07242,Leppun,Leptophyes punctatissima,Speckled Bush-cricket,bush-cricket,0.99,,,29/09/2026,28/09/2026,03:07:46,ClassifEspSWE-0002026-05-29_1,JOHANKARLSSON,202609290755B1T5207C,,Citizen Science (ultrasonic) - shared
59~40304+18~07242_20260929_030752.wav,DEV_002_20260929_030752.wav,0,59.40304,18.07242,Leppun,Leptophyes punctatissima,Speckled Bush-cricket,bush-cricket,0.99,,,29/09/2026,28/09/2026,03:07:52,ClassifEspSWE-0002026-05-29_1,JOHANKARLSSON,202609290755B1T5207C,,Citizen Science (ultrasonic) - shared
59~40304+18~07242_20260929_030758.wav,DEV_002_20260929_030758.wav,0,59.40304,18.07242,Leppun,Leptophyes punctatissima,Speckled Bush-cricket,bush-cricket,0.99,,,29/09/2026,28/09/2026,03:07:58,ClassifEspSWE-0002026-05-29_1,JOHANKARLSSON,202609290755B1T5207C,,Citizen Science (ultrasonic) - shared
59~40304+18~07242_20260929_030803.wav,DEV_002_20260929_030803.wav,0,59.40304,18.07242,Leppun,Leptophyes punctatissima,Speckled Bush-cricket,bush-cricket,0.99,,,29/09/2026,28/09/2026,03:08:03,ClassifEspSWE-0002026-05-29_1,JOHANKARLSSON,202609290755B1T5207C,,Citizen Science (ultrasonic) - shared
59~40304+18~07242_20260929_030809.wav,DEV_002_20260929_030809.wav,0,59.40304,18.07242,Leppun,Leptophyes punctatissima,Speckled Bush-cricket,bush-cricket,0.99,,,29/09/2026,28/09/2026,03:08:09,ClassifEspSWE-0002026-05-29_1,JOHANKARLSSON,202609290755B1T5207C,,Citizen Science (ultrasonic) - shared
59~40304+18~07242_20260929_030814.wav,DEV_002_20260929_030814.wav,0,59.40304,18.07242,Leppun,Leptophyes punctatissima,Speckled Bush-cricket,bush-cricket,0.99,,,29/09/2026,28/09/2026,03:08:14,ClassifEspSWE-0002026-05-29_1,JOHANKARLSSON,202609290755B1T5207C,,Citizen Science (ultrasonic) - shared
59~40304+18~07242_20260929_030820.wav,DEV_002_20260929_030820.wav,0,59.40304,18.07242,Leppun,Leptophyes punctatissima,Speckled Bush-cricket,bush-cricket,0.99,,,29/09/2026,28/09/2026,03:08:20,ClassifEspSWE-0002026-05-29_1,JOHANKARLSSON,202609290755B1T5207C,,Citizen Science (ultrasonic) - shared
59~40304+18~07242_20260929_030826.wav,DEV_002_20260929_030826.wav,0,59.40304,18.07242,Leppun,Leptophyes punctatissima,Speckled Bush-cricket,bush-cricket,0.99,,,29/09/2026,28/09/2026,03:08:26,ClassifEspSWE-0002026-05-29_1,JOHANKARLSSON,202609290755B1T5207C,,Citizen Science (ultrasonic) - shared
59~40304+18~07242_20260929_030832.wav,DEV_002_20260929_030832.wav,0,59.40304,18.07242,Leppun,Leptophyes punctatissima,Speckled Bush-cricket,bush-cricket,0.99,,,29/09/2026,28/09/2026,03:08:32,ClassifEspSWE-0002026-05-29_1,JOHANKARLSSON,202609290755B1T5207C,,Citizen Science (ultrasonic) - shared
59~40304+18~07242_20260929_030838.wav,DEV_002_20260929_030838.wav,0,59.40304,18.07242,Leppun,Leptophyes punctatissima,Speckled Bush-cricket,bush-cricket,0.99,,,29/09/2026,28/09/2026,03:08:38,ClassifEspSWE-0002026-05-29_1,JOHANKARLSSON,202609290755B1T5207C,,Citizen Science (ultrasonic) - shared
59~40304+18~07242_20260929_030843.wav,DEV_002_20260929_030843.wav,0,59.40304,18.07242,Leppun,Leptophyes punctatissima,Speckled Bush-cricket,bush-cricket,0.99,,,29/09/2026,28/09/2026,03:08:43,ClassifEspSWE-0002026-05-29_1,JOHANKARLSSON,202609290755B1T5207C,,Citizen Science (ultrasonic) - shared
59~40304+18~07242_20260929_030848.wav,DEV_002_20260929_030848.wav,0,59.40304,18.07242,Leppun,Leptophyes punctatissima,Speckled Bush-cricket,bush-cricket,0.99,,,29/09/2026,28/09/2026,03:08:48,ClassifEspSWE-0002026-05-29_1,JOHANKARLSSON,202609290755B1T5207C,,Citizen Science (ultrasonic) - shared
59~40304+18~07242_20260929_030854.wav,DEV_002_20260929_030854.wav,0,59.40304,18.07242,Leppun,Leptophyes punctatissima,Speckled Bush-cricket,bush-cricket,0.99,,,29/09/2026,28/09/2026,03:08:54,ClassifEspSWE-0002026-05-29_1,JOHANKARLSSON,202609290755B1T5207C,,Citizen Science (ultrasonic) - shared
59~40304+18~07242_20260929_030900.wav,DEV_002_20260929_030900.wav,0,59.40304,18.07242,Leppun,Leptophyes punctatissima,Speckled Bush-cricket,bush-cricket,0.99,,,29/09/2026,28/09/2026,03:09:00,ClassifEspSWE-0002026-05-29_1,JOHANKARLSSON,202609290755B1T5207C,,Citizen Science (ultrasonic) - shared
59~40304+18~07242_20260929_030905.wav,DEV_002_20260929_030905.wav,0,59.40304,18.07242,Leppun,Leptophyes punctatissima,Speckled Bush-cricket,bush-cricket,0.99,,,29/09/2026,28/09/2026,03:09:05,ClassifEspSWE-0002026-05-29_1,JOHANKARLSSON,202609290755B1T5207C,,Citizen Science (ultrasonic) - shared
59~40304+18~07242_20260929_030911.wav,DEV_002_20260929_030911.wav,0,59.40304,18.07242,Leppun,Leptophyes punctatissima,Speckled Bush-cricket,bush-cricket,0.99,,,29/09/2026,28/09/2026,03:09:11,ClassifEspSWE-0002026-05-29_1,JOHANKARLSSON,202609290755B1T5207C,,Citizen Science (ultrasonic) - shared
59~40304+18~07242_20260929_030917.wav,DEV_002_20260929_030917.wav,0,59.40304,18.07242,Leppun,Leptophyes punctatissima,Speckled Bush-cricket,bush-cricket,0.99,,,29/09/2026,28/09/2026,03:09:17,ClassifEspSWE-0002026-05-29_1,JOHANKARLSSON,202609290755B1T5207C,,Citizen Science (ultrasonic) - shared
59~40304+18~07242_20260929_030922.wav,DEV_002_20260929_030922.wav,0,59.40304,18.07242,Leppun,Leptophyes punctatissima,Speckled Bush-cricket,bush-cricket,0.99,,,29/09/2026,28/09/2026,03:09:22,ClassifEspSWE-0002026-05-29_1,JOHANKARLSSON,202609290755B1T5207C,,Citizen Science (ultrasonic) - shared
59~40304+18~07242_20260929_030928.wav,DEV_002_20260929_030928.wav,0,59.40304,18.07242,Leppun,Leptophyes punctatissima,Speckled Bush-cricket,bush-cricket,0.99,,,29/09/2026,28/09/2026,03:09:28,ClassifEspSWE-0002026-05-29_1,JOHANKARLSSON,202609290755B1T5207C,,Citizen Science (ultrasonic) - shared
59~40304+18~07242_20260929_030933.wav,DEV_002_20260929_030933.wav,0,59.40304,18.07242,Leppun,Leptophyes punctatissima,Speckled Bush-cricket,bush-cricket,0.99,,,29/09/2026,28/09/2026,03:09:33,ClassifEspSWE-0002026-05-29_1,JOHANKARLSSON,202609290755B1T5207C,,Citizen Science (ultrasonic) - shared
59~40304+18~07242_20260929_030939.wav,DEV_002_20260929_030939.wav,0,59.40304,18.07242,Leppun,Leptophyes punctatissima,Speckled Bush-cricket,bush-cricket,0.99,,,29/09/2026,28/09/2026,03:09:39,ClassifEspSWE-0002026-05-29_1,JOHANKARLSSON,202609290755B1T5207C,,Citizen Science (ultrasonic) - shared
59~40304+18~07242_20260929_030944.wav,DEV_002_20260929_030944.wav,0,59.40304,18.07242,Leppun,Leptophyes punctatissima,Speckled Bush-cricket,bush-cricket,0.99,,,29/09/2026,28/09/2026,03:09:44,ClassifEspSWE-0002026-05-29_1,JOHANKARLSSON,202609290755B1T5207C,,Citizen Science (ultrasonic) - shared
59~40304+18~07242_20260929_030949.wav,DEV_002_20260929_030949.wav,0,59.40304,18.07242,Leppun,Leptophyes punctatissima,Speckled Bush-cricket,bush-cricket,0.99,,,29/09/2026,28/09/2026,03:09:49,ClassifEspSWE-0002026-05-29_1,JOHANKARLSSON,202609290755B1T5207C,,Citizen Science (ultrasonic) - shared
59~40304+18~07242_20260929_030955.wav,DEV_002_20260929_030955.wav,0,59.40304,18.07242,Leppun,Leptophyes punctatissima,Speckled Bush-cricket,bush-cricket,0.99,,,29/09/2026,28/09/2026,03:09:55,ClassifEspSWE-0002026-05-29_1,JOHANKARLSSON,202609290755B1T5207C,,Citizen Science (ultrasonic) - shared
59~40304+18~07242_20260929_031000.wav,DEV_002_20260929_031000.wav,0,59.40304,18.07242,Leppun,Leptophyes punctatissima,Speckled Bush-cricket,bush-cricket,0.99,,,29/09/2026,28/09/2026,03:10:00,ClassifEspSWE-0002026-05-29_1,JOHANKARLSSON,202609290755B1T5207C,,Citizen Science (ultrasonic) - shared
59~40304+18~07242_20260929_031005.wav,DEV_002_20260929_031005.wav,0,59.40304,18.07242,Leppun,Leptophyes punctatissima,Speckled Bush-cricket,bush-cricket,0.99,,,29/09/2026,28/09/2026,03:10:05,ClassifEspSWE-0002026-05-29_1,JOHANKARLSSON,202609290755B1T5207C,,Citizen Science (ultrasonic) - shared
59~40304+18~07242_20260929_031012.wav,DEV_002_20260929_031012.wav,0,59.40304,18.07242,Leppun,Leptophyes punctatissima,Speckled Bush-cricket,bush-cricket,0.99,,,29/09/2026,28/09/2026,03:10:12,ClassifEspSWE-0002026-05-29_1,JOHANKARLSSON,202609290755B1T5207C,,Citizen Science (ultrasonic) - shared
59~40304+18~07242_20260929_031017.wav,DEV_002_20260929_031017.wav,0,59.40304,18.07242,Leppun,Leptophyes punctatissima,Speckled Bush-cricket,bush-cricket,0.99,,,29/09/2026,28/09/2026,03:10:17,ClassifEspSWE-0002026-05-29_1,JOHANKARLSSON,202609290755B1T5207C,,Citizen Science (ultrasonic) - shared
59~40304+18~07242_20260929_031023.wav,DEV_002_20260929_031023.wav,0,59.40304,18.07242,Leppun,Leptophyes punctatissima,Speckled Bush-cricket,bush-cricket,0.99,,,29/09/2026,28/09/2026,03:10:23,ClassifEspSWE-0002026-05-29_1,JOHANKARLSSON,202609290755B1T5207C,,Citizen Science (ultrasonic) - shared
59~40304+18~07242_20260929_031029.wav,DEV_002_20260929_031029.wav,0,59.40304,18.07242,Leppun,Leptophyes punctatissima,Speckled Bush-cricket,bush-cricket,0.99,,,29/09/2026,28/09/2026,03:10:29,ClassifEspSWE-0002026-05-29_1,JOHANKARLSSON,202609290755B1T5207C,,Citizen Science (ultrasonic) - shared
59~40304+18~07242_20260929_031035.wav,DEV_002_20260929_031035.wav,0,59.40304,18.07242,Leppun,Leptophyes punctatissima,Speckled Bush-cricket,bush-cricket,0.99,,,29/09/2026,28/09/2026,03:10:35,ClassifEspSWE-0002026-05-29_1,JOHANKARLSSON,202609290755B1T5207C,,Citizen Science (ultrasonic) - shared
59~40304+18~07242_20260929_031041.wav,DEV_002_20260929_031041.wav,0,59.40304,18.07242,Leppun,Leptophyes punctatissima,Speckled Bush-cricket,bush-cricket,0.99,,,29/09/2026,28/09/2026,03:10:41,ClassifEspSWE-0002026-05-29_1,JOHANKARLSSON,202609290755B1T5207C,,Citizen Science (ultrasonic) - shared
59~40304+18~07242_20260929_031046.wav,DEV_002_20260929_031046.wav,0,59.40304,18.07242,Leppun,Leptophyes punctatissima,Speckled Bush-cricket,bush-cricket,0.99,,,29/09/2026,28/09/2026,03:10:46,ClassifEspSWE-0002026-05-29_1,JOHANKARLSSON,202609290755B1T5207C,,Citizen Science (ultrasonic) - shared
59~40304+18~07242_20260929_031052.wav,DEV_002_20260929_031052.wav,0,59.40304,18.07242,Leppun,Leptophyes punctatissima,Speckled Bush-cricket,bush-cricket,0.99,,,29/09/2026,28/09/2026,03:10:52,ClassifEspSWE-0002026-05-29_1,JOHANKARLSSON,202609290755B1T5207C,,Citizen Science (ultrasonic) - shared
59~40304+18~07242_20260929_031058.wav,DEV_002_20260929_031058.wav,0,59.40304,18.07242,Leppun,Leptophyes punctatissima,Speckled Bush-cricket,bush-cricket,0.99,,,29/09/2026,28/09/2026,03:10:58,ClassifEspSWE-0002026-05-29_1,JOHANKARLSSON,202609290755B1T5207C,,Citizen Science (ultrasonic) - shared
59~40304+18~07242_20260929_031104.wav,DEV_002_20260929_031104.wav,0,59.40304,18.07242,Leppun,Leptophyes punctatissima,Speckled Bush-cricket,bush-cricket,0.99,,,29/09/2026,28/09/2026,03:11:04,ClassifEspSWE-0002026-05-29_1,JOHANKARLSSON,202609290755B1T5207C,,Citizen Science (ultrasonic) - shared
59~40304+18~07242_20260929_031109.wav,DEV_002_20260929_031109.wav,0,59.40304,18.07242,Leppun,Leptophyes punctatissima,Speckled Bush-cricket,bush-cricket,0.99,,,29/09/2026,28/09/2026,03:11:09,ClassifEspSWE-0002026-05-29_1,JOHANKARLSSON,202609290755B1T5207C,,Citizen Science (ultrasonic) - shared
59~40304+18~07242_20260929_031116.wav,DEV_002_20260929_031116.wav,0,59.40304,18.07242,Leppun,Leptophyes punctatissima,Speckled Bush-cricket,bush-cricket,0.99,,,29/09/2026,28/09/2026,03:11:16,ClassifEspSWE-0002026-05-29_1,JOHANKARLSSON,202609290755B1T5207C,,Citizen Science (ultrasonic) - shared
59~40304+18~07242_20260929_031122.wav,DEV_002_20260929_031122.wav,0,59.40304,18.07242,Leppun,Leptophyes punctatissima,Speckled Bush-cricket,bush-cricket,0.99,,,29/09/2026,28/09/2026,03:11:22,ClassifEspSWE-0002026-05-29_1,JOHANKARLSSON,202609290755B1T5207C,,Citizen Science (ultrasonic) - shared
59~40304+18~07242_20260929_031127.wav,DEV_002_20260929_031127.wav,0,59.40304,18.07242,Leppun,Leptophyes punctatissima,Speckled Bush-cricket,bush-cricket,0.99,,,29/09/2026,28/09/2026,03:11:27,ClassifEspSWE-0002026-05-29_1,JOHANKARLSSON,202609290755B1T5207C,,Citizen Science (ultrasonic) - shared
59~40304+18~07242_20260929_031133.wav,DEV_002_20260929_031133.wav,0,59.40304,18.07242,Leppun,Leptophyes punctatissima,Speckled Bush-cricket,bush-cricket,0.99,,,29/09/2026,28/09/2026,03:11:33,ClassifEspSWE-0002026-05-29_1,JOHANKARLSSON,202609290755B1T5207C,,Citizen Science (ultrasonic) - shared
59~40304+18~07242_20260929_031138.wav,DEV_002_20260929_031138.wav,0,59.40304,18.07242,Leppun,Leptophyes punctatissima,Speckled Bush-cricket,bush-cricket,0.99,,,29/09/2026,28/09/2026,03:11:38,ClassifEspSWE-0002026-05-29_1,JOHANKARLSSON,202609290755B1T5207C,,Citizen Science (ultrasonic) - shared
59~40304+18~07242_20260929_031144.wav,DEV_002_20260929_031144.wav,0,59.40304,18.07242,Leppun,Leptophyes punctatissima,Speckled Bush-cricket,bush-cricket,0.99,,,29/09/2026,28/09/2026,03:11:44,ClassifEspSWE-0002026-05-29_1,JOHANKARLSSON,202609290755B1T5207C,,Citizen Science (ultrasonic) - shared
59~40304+18~07242_20260929_031149.wav,DEV_002_20260929_031149.wav,0,59.40304,18.07242,Leppun,Leptophyes punctatissima,Speckled Bush-cricket,bush-cricket,0.99,,,29/09/2026,28/09/2026,03:11:49,ClassifEspSWE-0002026-05-29_1,JOHANKARLSSON,202609290755B1T5207C,,Citizen Science (ultrasonic) - shared
59~40304+18~07242_20260929_031154.wav,DEV_002_20260929_031154.wav,0,59.40304,18.07242,Leppun,Leptophyes punctatissima,Speckled Bush-cricket,bush-cricket,0.99,,,29/09/2026,28/09/2026,03:11:54,ClassifEspSWE-0002026-05-29_1,JOHANKARLSSON,202609290755B1T5207C,,Citizen Science (ultrasonic) - shared
59~40304+18~07242_20260929_031200.wav,DEV_002_20260929_031200.wav,0,59.40304,18.07242,Leppun,Leptophyes punctatissima,Speckled Bush-cricket,bush-cricket,0.99,,,29/09/2026,28/09/2026,03:12:00,ClassifEspSWE-0002026-05-29_1,JOHANKARLSSON,202609290755B1T5207C,,Citizen Science (ultrasonic) - shared
59~40304+18~07242_20260929_031206.wav,DEV_002_20260929_031206.wav,0,59.40304,18.07242,Leppun,Leptophyes punctatissima,Speckled Bush-cricket,bush-cricket,0.99,,,29/09/2026,28/09/2026,03:12:06,ClassifEspSWE-0002026-05-29_1,JOHANKARLSSON,202609290755B1T5207C,,Citizen Science (ultrasonic) - shared
59~40304+18~07242_20260929_031212.wav,DEV_002_20260929_031212.wav,0,59.40304,18.07242,Leppun,Leptophyes punctatissima,Speckled Bush-cricket,bush-cricket,0.99,,,29/09/2026,28/09/2026,03:12:12,ClassifEspSWE-0002026-05-29_1,JOHANKARLSSON,202609290755B1T5207C,,Citizen Science (ultrasonic) - shared
59~40304+18~07242_20260929_031217.wav,DEV_002_20260929_031217.wav,0,59.40304,18.07242,Leppun,Leptophyes punctatissima,Speckled Bush-cricket,bush-cricket,0.99,,,29/09/2026,28/09/2026,03:12:17,ClassifEspSWE-0002026-05-29_1,JOHANKARLSSON,202609290755B1T5207C,,Citizen Science (ultrasonic) - shared
59~40304+18~07242_20260929_031222.wav,DEV_002_20260929_031222.wav,0,59.40304,18.07242,Leppun,Leptophyes punctatissima,Speckled Bush-cricket,bush-cricket,0.99,,,29/09/2026,28/09/2026,03:12:22,ClassifEspSWE-0002026-05-29_1,JOHANKARLSSON,202609290755B1T5207C,,Citizen Science (ultrasonic) - shared
59~40304+18~07242_20260929_031228.wav,DEV_002_20260929_031228.wav,0,59.40304,18.07242,Leppun,Leptophyes punctatissima,Speckled Bush-cricket,bush-cricket,0.99,,,29/09/2026,28/09/2026,03:12:28,ClassifEspSWE-0002026-05-29_1,JOHANKARLSSON,202609290755B1T5207C,,Citizen Science (ultrasonic) - shared
59~40304+18~07242_20260929_031234.wav,DEV_002_20260929_031234.wav,0,59.40304,18.07242,Leppun,Leptophyes punctatissima,Speckled Bush-cricket,bush-cricket,0.99,,,29/09/2026,28/09/2026,03:12:34,ClassifEspSWE-0002026-05-29_1,JOHANKARLSSON,202609290755B1T5207C,,Citizen Science (ultrasonic) - shared
59~40304+18~07242_20260929_031241.wav,DEV_002_20260929_031241.wav,0,59.40304,18.07242,Leppun,Leptophyes punctatissima,Speckled Bush-cricket,bush-cricket,0.99,,,29/09/2026,28/09/2026,03:12:41,ClassifEspSWE-0002026-05-29_1,JOHANKARLSSON,202609290755B1T5207C,,Citizen Science (ultrasonic) - shared
59~40304+18~07242_20260929_031247.wav,DEV_002_20260929_031247.wav,0,59.40304,18.07242,Leppun,Leptophyes punctatissima,Speckled Bush-cricket,bush-cricket,0.99,,,29/09/2026,28/09/2026,03:12:47,ClassifEspSWE-0002026-05-29_1,JOHANKARLSSON,202609290755B1T5207C,,Citizen Science (ultrasonic) - shared
59~40304+18~07242_20260929_031253.wav,DEV_002_20260929_031253.wav,0,59.40304,18.07242,Leppun,Leptophyes punctatissima,Speckled Bush-cricket,bush-cricket,0.99,,,29/09/2026,28/09/2026,03:12:53,ClassifEspSWE-0002026-05-29_1,JOHANKARLSSON,202609290755B1T5207C,,Citizen Science (ultrasonic) - shared
59~40304+18~07242_20260929_031258.wav,DEV_002_20260929_031258.wav,0,59.40304,18.07242,Leppun,Leptophyes punctatissima,Speckled Bush-cricket,bush-cricket,0.99,,,29/09/2026,28/09/2026,03:12:58,ClassifEspSWE-0002026-05-29_1,JOHANKARLSSON,202609290755B1T5207C,,Citizen Science (ultrasonic) - shared
59~40304+18~07242_20260929_031303.wav,DEV_002_20260929_031303.wav,0,59.40304,18.07242,Leppun,Leptophyes punctatissima,Speckled Bush-cricket,bush-cricket,0.99,,,29/09/2026,28/09/2026,03:13:03,ClassifEspSWE-0002026-05-29_1,JOHANKARLSSON,202609290755B1T5207C,,Citizen Science (ultrasonic) - shared
59~40304+18~07242_20260929_031310.wav,DEV_002_20260929_031310.wav,0,59.40304,18.07242,Leppun,Leptophyes punctatissima,Speckled Bush-cricket,bush-cricket,0.99,,,29/09/2026,28/09/2026,03:13:10,ClassifEspSWE-0002026-05-29_1,JOHANKARLSSON,202609290755B1T5207C,,Citizen Science (ultrasonic) - shared
59~40304+18~07242_20260929_031315.wav,DEV_002_20260929_031315.wav,0,59.40304,18.07242,Leppun,Leptophyes punctatissima,Speckled Bush-cricket,bush-cricket,0.99,,,29/09/2026,28/09/2026,03:13:15,ClassifEspSWE-0002026-05-29_1,JOHANKARLSSON,202609290755B1T5207C,,Citizen Science (ultrasonic) - shared
59~40304+18~07242_20260929_031321.wav,DEV_002_20260929_031321.wav,0,59.40304,18.07242,Leppun,Leptophyes punctatissima,Speckled Bush-cricket,bush-cricket,0.99,,,29/09/2026,28/09/2026,03:13:21,ClassifEspSWE-0002026-05-29_1,JOHANKARLSSON,202609290755B1T5207C,,Citizen Science (ultrasonic) - shared
59~40304+18~07242_20260929_031328.wav,DEV_002_20260929_031328.wav,0,59.40304,18.07242,Leppun,Leptophyes punctatissima,Speckled Bush-cricket,bush-cricket,0.99,,,29/09/2026,28/09/2026,03:13:28,ClassifEspSWE-0002026-05-29_1,JOHANKARLSSON,202609290755B1T5207C,,Citizen Science (ultrasonic) - shared
59~40304+18~07242_20260929_031333.wav,DEV_002_20260929_031333.wav,0,59.40304,18.07242,Leppun,Leptophyes punctatissima,Speckled Bush-cricket,bush-cricket,0.99,,,29/09/2026,28/09/2026,03:13:33,ClassifEspSWE-0002026-05-29_1,JOHANKARLSSON,202609290755B1T5207C,,Citizen Science (ultrasonic) - shared
59~40304+18~07242_20260929_031339.wav,DEV_002_20260929_031339.wav,0,59.40304,18.07242,Leppun,Leptophyes punctatissima,Speckled Bush-cricket,bush-cricket,0.99,,,29/09/2026,28/09/2026,03:13:39,ClassifEspSWE-0002026-05-29_1,JOHANKARLSSON,202609290755B1T5207C,,Citizen Science (ultrasonic) - shared
59~40304+18~07242_20260929_031344.wav,DEV_002_20260929_031344.wav,0,59.40304,18.07242,Leppun,Leptophyes punctatissima,Speckled Bush-cricket,bush-cricket,0.99,,,29/09/2026,28/09/2026,03:13:44,ClassifEspSWE-0002026-05-29_1,JOHANKARLSSON,202609290755B1T5207C,,Citizen Science (ultrasonic) - shared
59~40304+18~07242_20260929_031350.wav,DEV_002_20260929_031350.wav,0,59.40304,18.07242,Leppun,Leptophyes punctatissima,Speckled Bush-cricket,bush-cricket,0.99,,,29/09/2026,28/09/2026,03:13:50,ClassifEspSWE-0002026-05-29_1,JOHANKARLSSON,202609290755B1T5207C,,Citizen Science (ultrasonic) - shared
59~40304+18~07242_20260929_031355.wav,DEV_002_20260929_031355.wav,0,59.40304,18.07242,Leppun,Leptophyes punctatissima,Speckled Bush-cricket,bush-cricket,0.99,,,29/09/2026,28/09/2026,03:13:55,ClassifEspSWE-0002026-05-29_1,JOHANKARLSSON,202609290755B1T5207C,,Citizen Science (ultrasonic) - shared
59~40304+18~07242_20260929_031401.wav,DEV_002_20260929_031401.wav,0,59.40304,18.07242,Leppun,Leptophyes punctatissima,Speckled Bush-cricket,bush-cricket,0.99,,,29/09/2026,28/09/2026,03:14:01,ClassifEspSWE-0002026-05-29_1,JOHANKARLSSON,202609290755B1T5207C,,Citizen Science (ultrasonic) - shared
59~40304+18~07242_20260929_031406.wav,DEV_002_20260929_031406.wav,0,59.40304,18.07242,Leppun,Leptophyes punctatissima,Speckled Bush-cricket,bush-cricket,0.99,,,29/09/2026,28/09/2026,03:14:06,ClassifEspSWE-0002026-05-29_1,JOHANKARLSSON,202609290755B1T5207C,,Citizen Science (ultrasonic) - shared
59~40304+18~07242_20260929_031411.wav,DEV_002_20260929_031411.wav,0,59.40304,18.07242,Leppun,Leptophyes punctatissima,Speckled Bush-cricket,bush-cricket,0.99,,,29/09/2026,28/09/2026,03:14:11,ClassifEspSWE-0002026-05-29_1,JOHANKARLSSON,202609290755B1T5207C,,Citizen Science (ultrasonic) - shared
59~40304+18~07242_20260929_031416.wav,DEV_002_20260929_031416.wav,0,59.40304,18.07242,Leppun,Leptophyes punctatissima,Speckled Bush-cricket,bush-cricket,0.99,,,29/09/2026,28/09/2026,03:14:16,ClassifEspSWE-0002026-05-29_1,JOHANKARLSSON,202609290755B1T5207C,,Citizen Science (ultrasonic) - shared
59~40304+18~07242_20260929_031422.wav,DEV_002_20260929_031422.wav,0,59.40304,18.07242,Leppun,Leptophyes punctatissima,Speckled Bush-cricket,bush-cricket,0.99,,,29/09/2026,28/09/2026,03:14:22,ClassifEspSWE-0002026-05-29_1,JOHANKARLSSON,202609290755B1T5207C,,Citizen Science (ultrasonic) - shared
59~40304+18~07242_20260929_031428.wav,DEV_002_20260929_031428.wav,0,59.40304,18.07242,Leppun,Leptophyes punctatissima,Speckled Bush-cricket,bush-cricket,0.99,,,29/09/2026,28/09/2026,03:14:28,ClassifEspSWE-0002026-05-29_1,JOHANKARLSSON,202609290755B1T5207C,,Citizen Science (ultrasonic) - shared
59~40304+18~07242_20260929_031433.wav,DEV_002_20260929_031433.wav,0,59.40304,18.07242,Leppun,Leptophyes punctatissima,Speckled Bush-cricket,bush-cricket,0.99,,,29/09/2026,28/09/2026,03:14:33,ClassifEspSWE-0002026-05-29_1,JOHANKARLSSON,202609290755B1T5207C,,Citizen Science (ultrasonic) - shared
59~40304+18~07242_20260929_031439.wav,DEV_002_20260929_031439.wav,0,59.40304,18.07242,Leppun,Leptophyes punctatissima,Speckled Bush-cricket,bush-cricket,0.99,,,29/09/2026,28/09/2026,03:14:39,ClassifEspSWE-0002026-05-29_1,JOHANKARLSSON,202609290755B1T5207C,,Citizen Science (ultrasonic) - shared
59~40304+18~07242_20260929_031444.wav,DEV_002_20260929_031444.wav,0,59.40304,18.07242,Leppun,Leptophyes punctatissima,Speckled Bush-cricket,bush-cricket,0.99,,,29/09/2026,28/09/2026,03:14:44,ClassifEspSWE-0002026-05-29_1,JOHANKARLSSON,202609290755B1T5207C,,Citizen Science (ultrasonic) - shared
59~40304+18~07242_20260929_031450.wav,DEV_002_20260929_031450.wav,0,59.40304,18.07242,Leppun,Leptophyes punctatissima,Speckled Bush-cricket,bush-cricket,0.99,,,29/09/2026,28/09/2026,03:14:50,ClassifEspSWE-0002026-05-29_1,JOHANKARLSSON,202609290755B1T5207C,,Citizen Science (ultrasonic) - shared
59~40304+18~07242_20260929_031456.wav,DEV_002_20260929_031456.wav,0,59.40304,18.07242,Leppun,Leptophyes punctatissima,Speckled Bush-cricket,bush-cricket,0.99,,,29/09/2026,28/09/2026,03:14:56,ClassifEspSWE-0002026-05-29_1,JOHANKARLSSON,202609290755B1T5207C,,Citizen Science (ultrasonic) - shared
59~40304+18~07242_20260929_031502.wav,DEV_002_20260929_031502.wav,0,59.40304,18.07242,Leppun,Leptophyes punctatissima,Speckled Bush-cricket,bush-cricket,0.99,,,29/09/2026,28/09/2026,03:15:02,ClassifEspSWE-0002026-05-29_1,JOHANKARLSSON,202609290755B1T5207C,,Citizen Science (ultrasonic) - shared
59~40304+18~07242_20260929_031508.wav,DEV_002_20260929_031508.wav,0,59.40304,18.07242,Leppun,Leptophyes punctatissima,Speckled Bush-cricket,bush-cricket,0.99,,,29/09/2026,28/09/2026,03:15:08,ClassifEspSWE-0002026-05-29_1,JOHANKARLSSON,202609290755B1T5207C,,Citizen Science (ultrasonic) - shared
59~40304+18~07242_20260929_031513.wav,DEV_002_20260929_031513.wav,0,59.40304,18.07242,Leppun,Leptophyes punctatissima,Speckled Bush-cricket,bush-cricket,0.99,,,29/09/2026,28/09/2026,03:15:13,ClassifEspSWE-0002026-05-29_1,JOHANKARLSSON,202609290755B1T5207C,,Citizen Science (ultrasonic) - shared
59~40304+18~07242_20260929_031519.wav,DEV_002_20260929_031519.wav,0,59.40304,18.07242,Leppun,Leptophyes punctatissima,Speckled Bush-cricket,bush-cricket,0.99,,,29/09/2026,28/09/2026,03:15:19,ClassifEspSWE-0002026-05-29_1,JOHANKARLSSON,202609290755B1T5207C,,Citizen Science (ultrasonic) - shared
59~40304+18~07242_20260929_031524.wav,DEV_002_20260929_031524.wav,0,59.40304,18.07242,Leppun,Leptophyes punctatissima,Speckled Bush-cricket,bush-cricket,0.99,,,29/09/2026,28/09/2026,03:15:24,ClassifEspSWE-0002026-05-29_1,JOHANKARLSSON,202609290755B1T5207C,,Citizen Science (ultrasonic) - shared
59~40304+18~07242_20260929_031530.wav,DEV_002_20260929_031530.wav,0,59.40304,18.07242,Leppun,Leptophyes punctatissima,Speckled Bush-cricket,bush-cricket,0.99,,,29/09/2026,28/09/2026,03:15:30,ClassifEspSWE-0002026-05-29_1,JOHANKARLSSON,202609290755B1T5207C,,Citizen Science (ultrasonic) - shared
59~40304+18~07242_20260929_031536.wav,DEV_002_20260929_031536.wav,0,59.40304,18.07242,Leppun,Leptophyes punctatissima,Speckled Bush-cricket,bush-cricket,0.99,,,29/09/2026,28/09/2026,03:15:36,ClassifEspSWE-0002026-05-29_1,JOHANKARLSSON,202609290755B1T5207C,,Citizen Science (ultrasonic) - shared
59~40304+18~07242_20260929_031543.wav,DEV_002_20260929_031543.wav,0,59.40304,18.07242,Leppun,Leptophyes punctatissima,Speckled Bush-cricket,bush-cricket,0.99,,,29/09/2026,28/09/2026,03:15:43,ClassifEspSWE-0002026-05-29_1,JOHANKARLSSON,202609290755B1T5207C,,Citizen Science (ultrasonic) - shared
59~40304+18~07242_20260929_031549.wav,DEV_002_20260929_031549.wav,0,59.40304,18.07242,Leppun,Leptophyes punctatissima,Speckled Bush-cricket,bush-cricket,0.99,,,29/09/2026,28/09/2026,03:15:49,ClassifEspSWE-0002026-05-29_1,JOHANKARLSSON,202609290755B1T5207C,,Citizen Science (ultrasonic) - shared
59~40304+18~07242_20260929_031555.wav,DEV_002_20260929_031555.wav,0,59.40304,18.07242,Leppun,Leptophyes punctatissima,Speckled Bush-cricket,bush-cricket,0.99,,,29/09/2026,28/09/2026,03:15:55,ClassifEspSWE-0002026-05-29_1,JOHANKARLSSON,202609290755B1T5207C,,Citizen Science (ultrasonic) - shared
59~40304+18~07242_20260929_031601.wav,DEV_002_20260929_031601.wav,0,59.40304,18.07242,Leppun,Leptophyes punctatissima,Speckled Bush-cricket,bush-cricket,0.99,,,29/09/2026,28/09/2026,03:16:01,ClassifEspSWE-0002026-05-29_1,JOHANKARLSSON,202609290755B1T5207C,,Citizen Science (ultrasonic) - shared
59~40304+18~07242_20260929_031607.wav,DEV_002_20260929_031607.wav,0,59.40304,18.07242,Leppun,Leptophyes punctatissima,Speckled Bush-cricket,bush-cricket,0.99,,,29/09/2026,28/09/2026,03:16:07,ClassifEspSWE-0002026-05-29_1,JOHANKARLSSON,202609290755B1T5207C,,Citizen Science (ultrasonic) - shared
59~40304+18~07242_20260929_031612.wav,DEV_002_20260929_031612.wav,0,59.40304,18.07242,Leppun,Leptophyes punctatissima,Speckled Bush-cricket,bush-cricket,0.99,,,29/09/2026,28/09/2026,03:16:12,ClassifEspSWE-0002026-05-29_1,JOHANKARLSSON,202609290755B1T5207C,,Citizen Science (ultrasonic) - shared
59~40304+18~07242_20260929_031619.wav,DEV_002_20260929_031619.wav,0,59.40304,18.07242,Leppun,Leptophyes punctatissima,Speckled Bush-cricket,bush-cricket,0.99,,,29/09/2026,28/09/2026,03:16:19,ClassifEspSWE-0002026-05-29_1,JOHANKARLSSON,202609290755B1T5207C,,Citizen Science (ultrasonic) - shared
59~40304+18~07242_20260929_031625.wav,DEV_002_20260929_031625.wav,0,59.40304,18.07242,Leppun,Leptophyes punctatissima,Speckled Bush-cricket,bush-cricket,0.99,,,29/09/2026,28/09/2026,03:16:25,ClassifEspSWE-0002026-05-29_1,JOHANKARLSSON,202609290755B1T5207C,,Citizen Science (ultrasonic) - shared
59~40304+18~07242_20260929_031632.wav,DEV_002_20260929_031632.wav,0,59.40304,18.07242,Leppun,Leptophyes punctatissima,Speckled Bush-cricket,bush-cricket,0.99,,,29/09/2026,28/09/2026,03:16:32,ClassifEspSWE-0002026-05-29_1,JOHANKARLSSON,202609290755B1T5207C,,Citizen Science (ultrasonic) - shared
59~40304+18~07242_20260929_031638.wav,DEV_002_20260929_031638.wav,0,59.40304,18.07242,Leppun,Leptophyes punctatissima,Speckled Bush-cricket,bush-cricket,0.99,,,29/09/2026,28/09/2026,03:16:38,ClassifEspSWE-0002026-05-29_1,JOHANKARLSSON,202609290755B1T5207C,,Citizen Science (ultrasonic) - shared
59~40304+18~07242_20260929_031645.wav,DEV_002_20260929_031645.wav,0,59.40304,18.07242,Leppun,Leptophyes punctatissima,Speckled Bush-cricket,bush-cricket,0.99,,,29/09/2026,28/09/2026,03:16:45,ClassifEspSWE-0002026-05-29_1,JOHANKARLSSON,202609290755B1T5207C,,Citizen Science (ultrasonic) - shared
59~40304+18~07242_20260929_031652.wav,DEV_002_20260929_031652.wav,0,59.40304,18.07242,Leppun,Leptophyes punctatissima,Speckled Bush-cricket,bush-cricket,0.99,,,29/09/2026,28/09/2026,03:16:52,ClassifEspSWE-0002026-05-29_1,JOHANKARLSSON,202609290755B1T5207C,,Citizen Science (ultrasonic) - shared
59~40304+18~07242_20260929_031658.wav,DEV_002_20260929_031658.wav,0,59.40304,18.07242,Leppun,Leptophyes punctatissima,Speckled Bush-cricket,bush-cricket,0.99,,,29/09/2026,28/09/2026,03:16:58,ClassifEspSWE-0002026-05-29_1,JOHANKARLSSON,202609290755B1T5207C,,Citizen Science (ultrasonic) - shared
59~40304+18~07242_20260929_031705.wav,DEV_002_20260929_031705.wav,0,59.40304,18.07242,Leppun,Leptophyes punctatissima,Speckled Bush-cricket,bush-cricket,0.99,,,29/09/2026,28/09/2026,03:17:05,ClassifEspSWE-0002026-05-29_1,JOHANKARLSSON,202609290755B1T5207C,,Citizen Science (ultrasonic) - shared
59~40304+18~07242_20260929_031712.wav,DEV_002_20260929_031712.wav,0,59.40304,18.07242,Leppun,Leptophyes punctatissima,Speckled Bush-cricket,bush-cricket,0.99,,,29/09/2026,28/09/2026,03:17:12,ClassifEspSWE-0002026-05-29_1,JOHANKARLSSON,202609290755B1T5207C,,Citizen Science (ultrasonic) - shared
59~40304+18~07242_20260929_031717.wav,DEV_002_20260929_031717.wav,0,59.40304,18.07242,Leppun,Leptophyes punctatissima,Speckled Bush-cricket,bush-cricket,0.99,,,29/09/2026,28/09/2026,03:17:17,ClassifEspSWE-0002026-05-29_1,JOHANKARLSSON,202609290755B1T5207C,,Citizen Science (ultrasonic) - shared
59~40304+18~07242_20260929_031723.wav,DEV_002_20260929_031723.wav,0,59.40304,18.07242,Leppun,Leptophyes punctatissima,Speckled Bush-cricket,bush-cricket,0.99,,,29/09/2026,28/09/2026,03:17:23,ClassifEspSWE-0002026-05-29_1,JOHANKARLSSON,202609290755B1T5207C,,Citizen Science (ultrasonic) - shared
59~40304+18~07242_20260929_031729.wav,DEV_002_20260929_031729.wav,0,59.40304,18.07242,Leppun,Leptophyes punctatissima,Speckled Bush-cricket,bush-cricket,0.99,,,29/09/2026,28/09/2026,03:17:29,ClassifEspSWE-0002026-05-29_1,JOHANKARLSSON,202609290755B1T5207C,,Citizen Science (ultrasonic) - shared
59~40304+18~07242_20260929_031736.wav,DEV_002_20260929_031736.wav,0,59.40304,18.07242,Leppun,Leptophyes punctatissima,Speckled Bush-cricket,bush-cricket,0.99,,,29/09/2026,28/09/2026,03:17:36,ClassifEspSWE-0002026-05-29_1,JOHANKARLSSON,202609290755B1T5207C,,Citizen Science (ultrasonic) - shared
59~40304+18~07242_20260929_031742.wav,DEV_002_20260929_031742.wav,0,59.40304,18.07242,Leppun,Leptophyes punctatissima,Speckled Bush-cricket,bush-cricket,0.99,,,29/09/2026,28/09/2026,03:17:42,ClassifEspSWE-0002026-05-29_1,JOHANKARLSSON,202609290755B1T5207C,,Citizen Science (ultrasonic) - shared
59~40304+18~07242_20260929_031747.wav,DEV_002_20260929_031747.wav,0,59.40304,18.07242,Leppun,Leptophyes punctatissima,Speckled Bush-cricket,bush-cricket,0.99,,,29/09/2026,28/09/2026,03:17:47,ClassifEspSWE-0002026-05-29_1,JOHANKARLSSON,202609290755B1T5207C,,Citizen Science (ultrasonic) - shared
59~40304+18~07242_20260929_031754.wav,DEV_002_20260929_031754.wav,0,59.40304,18.07242,Leppun,Leptophyes punctatissima,Speckled Bush-cricket,bush-cricket,0.99,,,29/09/2026,28/09/2026,03:17:54,ClassifEspSWE-0002026-05-29_1,JOHANKARLSSON,202609290755B1T5207C,,Citizen Science (ultrasonic) - shared
59~40304+18~07242_20260929_031759.wav,DEV_002_20260929_031759.wav,0,59.40304,18.07242,Leppun,Leptophyes punctatissima,Speckled Bush-cricket,bush-cricket,0.99,,,29/09/2026,28/09/2026,03:17:59,ClassifEspSWE-0002026-05-29_1,JOHANKARLSSON,202609290755B1T5207C,,Citizen Science (ultrasonic) - shared
59~40304+18~07242_20260929_031806.wav,DEV_002_20260929_031806.wav,0,59.40304,18.07242,Leppun,Leptophyes punctatissima,Speckled Bush-cricket,bush-cricket,0.99,,,29/09/2026,28/09/2026,03:18:06,ClassifEspSWE-0002026-05-29_1,JOHANKARLSSON,202609290755B1T5207C,,Citizen Science (ultrasonic) - shared
59~40304+18~07242_20260929_031812.wav,DEV_002_20260929_031812.wav,0,59.40304,18.07242,Leppun,Leptophyes punctatissima,Speckled Bush-cricket,bush-cricket,0.99,,,29/09/2026,28/09/2026,03:18:12,ClassifEspSWE-0002026-05-29_1,JOHANKARLSSON,202609290755B1T5207C,,Citizen Science (ultrasonic) - shared
59~40304+18~07242_20260929_031819.wav,DEV_002_20260929_031819.wav,0,59.40304,18.07242,Leppun,Leptophyes punctatissima,Speckled Bush-cricket,bush-cricket,0.99,,,29/09/2026,28/09/2026,03:18:19,ClassifEspSWE-0002026-05-29_1,JOHANKARLSSON,202609290755B1T5207C,,Citizen Science (ultrasonic) - shared
59~40304+18~07242_20260929_031827.wav,DEV_002_20260929_031827.wav,0,59.40304,18.07242,Leppun,Leptophyes punctatissima,Speckled Bush-cricket,bush-cricket,0.99,,,29/09/2026,28/09/2026,03:18:27,ClassifEspSWE-0002026-05-29_1,JOHANKARLSSON,202609290755B1T5207C,,Citizen Science (ultrasonic) - shared
59~40304+18~07242_20260929_031833.wav,DEV_002_20260929_031833.wav,0,59.40304,18.07242,Leppun,Leptophyes punctatissima,Speckled Bush-cricket,bush-cricket,0.99,,,29/09/2026,28/09/2026,03:18:33,ClassifEspSWE-0002026-05-29_1,JOHANKARLSSON,202609290755B1T5207C,,Citizen Science (ultrasonic) - shared
59~40304+18~07242_20260929_031839.wav,DEV_002_20260929_031839.wav,0,59.40304,18.07242,Leppun,Leptophyes punctatissima,Speckled Bush-cricket,bush-cricket,0.99,,,29/09/2026,28/09/2026,03:18:39,ClassifEspSWE-0002026-05-29_1,JOHANKARLSSON,202609290755B1T5207C,,Citizen Science (ultrasonic) - shared
59~40304+18~07242_20260929_031846.wav,DEV_002_20260929_031846.wav,0,59.40304,18.07242,Leppun,Leptophyes punctatissima,Speckled Bush-cricket,bush-cricket,0.99,,,29/09/2026,28/09/2026,03:18:46,ClassifEspSWE-0002026-05-29_1,JOHANKARLSSON,202609290755B1T5207C,,Citizen Science (ultrasonic) - shared
59~40304+18~07242_20260929_031852.wav,DEV_002_20260929_031852.wav,0,59.40304,18.07242,Leppun,Leptophyes punctatissima,Speckled Bush-cricket,bush-cricket,0.99,,,29/09/2026,28/09/2026,03:18:52,ClassifEspSWE-0002026-05-29_1,JOHANKARLSSON,202609290755B1T5207C,,Citizen Science (ultrasonic) - shared
59~40304+18~07242_20260929_031859.wav,DEV_002_20260929_031859.wav,0,59.40304,18.07242,Leppun,Leptophyes punctatissima,Speckled Bush-cricket,bush-cricket,0.99,,,29/09/2026,28/09/2026,03:18:59,ClassifEspSWE-0002026-05-29_1,JOHANKARLSSON,202609290755B1T5207C,,Citizen Science (ultrasonic) - shared
59~40304+18~07242_20260929_031906.wav,DEV_002_20260929_031906.wav,0,59.40304,18.07242,Leppun,Leptophyes punctatissima,Speckled Bush-cricket,bush-cricket,0.99,,,29/09/2026,28/09/2026,03:19:06,ClassifEspSWE-0002026-05-29_1,JOHANKARLSSON,202609290755B1T5207C,,Citizen Science (ultrasonic) - shared
59~40304+18~07242_20260929_031913.wav,DEV_002_20260929_031913.wav,0,59.40304,18.07242,Leppun,Leptophyes punctatissima,Speckled Bush-cricket,bush-cricket,0.99,,,29/09/2026,28/09/2026,03:19:13,ClassifEspSWE-0002026-05-29_1,JOHANKARLSSON,202609290755B1T5207C,,Citizen Science (ultrasonic) - shared
59~40304+18~07242_20260929_031920.wav,DEV_002_20260929_031920.wav,0,59.40304,18.07242,Leppun,Leptophyes punctatissima,Speckled Bush-cricket,bush-cricket,0.99,,,29/09/2026,28/09/2026,03:19:20,ClassifEspSWE-0002026-05-29_1,JOHANKARLSSON,202609290755B1T5207C,,Citizen Science (ultrasonic) - shared
59~40304+18~07242_20260929_031925.wav,DEV_002_20260929_031925.wav,0,59.40304,18.07242,Leppun,Leptophyes punctatissima,Speckled Bush-cricket,bush-cricket,0.99,,,29/09/2026,28/09/2026,03:19:25,ClassifEspSWE-0002026-05-29_1,JOHANKARLSSON,202609290755B1T5207C,,Citizen Science (ultrasonic) - shared
59~40304+18~07242_20260929_031931.wav,DEV_002_20260929_031931.wav,0,59.40304,18.07242,Leppun,Leptophyes punctatissima,Speckled Bush-cricket,bush-cricket,0.99,,,29/09/2026,28/09/2026,03:19:31,ClassifEspSWE-0002026-05-29_1,JOHANKARLSSON,202609290755B1T5207C,,Citizen Science (ultrasonic) - shared
59~40304+18~07242_20260929_031939.wav,DEV_002_20260929_031939.wav,0,59.40304,18.07242,Leppun,Leptophyes punctatissima,Speckled Bush-cricket,bush-cricket,0.99,,,29/09/2026,28/09/2026,03:19:39,ClassifEspSWE-0002026-05-29_1,JOHANKARLSSON,202609290755B1T5207C,,Citizen Science (ultrasonic) - shared
59~40304+18~07242_20260929_031945.wav,DEV_002_20260929_031945.wav,0,59.40304,18.07242,Leppun,Leptophyes punctatissima,Speckled Bush-cricket,bush-cricket,0.99,,,29/09/2026,28/09/2026,03:19:45,ClassifEspSWE-0002026-05-29_1,JOHANKARLSSON,202609290755B1T5207C,,Citizen Science (ultrasonic) - shared
59~40304+18~07242_20260929_031952.wav,DEV_002_20260929_031952.wav,0,59.40304,18.07242,Leppun,Leptophyes punctatissima,Speckled Bush-cricket,bush-cricket,0.99,,,29/09/2026,28/09/2026,03:19:52,ClassifEspSWE-0002026-05-29_1,JOHANKARLSSON,202609290755B1T5207C,,Citizen Science (ultrasonic) - shared
59~40304+18~07242_20260929_031959.wav,DEV_002_20260929_031959.wav,0,59.40304,18.07242,Leppun,Leptophyes punctatissima,Speckled Bush-cricket,bush-cricket,0.99,,,29/09/2026,28/09/2026,03:19:59,ClassifEspSWE-0002026-05-29_1,JOHANKARLSSON,202609290755B1T5207C,,Citizen Science (ultrasonic) - shared
59~40304+18~07242_20260929_032006.wav,DEV_002_20260929_032006.wav,0,59.40304,18.07242,Leppun,Leptophyes punctatissima,Speckled Bush-cricket,bush-cricket,0.99,,,29/09/2026,28/09/2026,03:20:06,ClassifEspSWE-0002026-05-29_1,JOHANKARLSSON,202609290755B1T5207C,,Citizen Science (ultrasonic) - shared
59~40304+18~07242_20260929_032011.wav,DEV_002_20260929_032011.wav,0,59.40304,18.07242,Leppun,Leptophyes punctatissima,Speckled Bush-cricket,bush-cricket,0.99,,,29/09/2026,28/09/2026,03:20:11,ClassifEspSWE-0002026-05-29_1,JOHANKARLSSON,202609290755B1T5207C,,Citizen Science (ultrasonic) - shared
59~40304+18~07242_20260929_032019.wav,DEV_002_20260929_032019.wav,0,59.40304,18.07242,Leppun,Leptophyes punctatissima,Speckled Bush-cricket,bush-cricket,0.99,,,29/09/2026,28/09/2026,03:20:19,ClassifEspSWE-0002026-05-29_1,JOHANKARLSSON,202609290755B1T5207C,,Citizen Science (ultrasonic) - shared
59~40304+18~07242_20260929_032024.wav,DEV_002_20260929_032024.wav,0,59.40304,18.07242,Leppun,Leptophyes punctatissima,Speckled Bush-cricket,bush-cricket,0.99,,,29/09/2026,28/09/2026,03:20:24,ClassifEspSWE-0002026-05-29_1,JOHANKARLSSON,202609290755B1T5207C,,Citizen Science (ultrasonic) - shared
59~40304+18~07242_20260929_032033.wav,DEV_002_20260929_032033.wav,0,59.40304,18.07242,Leppun,Leptophyes punctatissima,Speckled Bush-cricket,bush-cricket,0.99,,,29/09/2026,28/09/2026,03:20:33,ClassifEspSWE-0002026-05-29_1,JOHANKARLSSON,202609290755B1T5207C,,Citizen Science (ultrasonic) - shared
59~40304+18~07242_20260929_032040.wav,DEV_002_20260929_032040.wav,0,59.40304,18.07242,Leppun,Leptophyes punctatissima,Speckled Bush-cricket,bush-cricket,0.99,,,29/09/2026,28/09/2026,03:20:40,ClassifEspSWE-0002026-05-29_1,JOHANKARLSSON,202609290755B1T5207C,,Citizen Science (ultrasonic) - shared
59~40304+18~07242_20260929_032045.wav,DEV_002_20260929_032045.wav,0,59.40304,18.07242,Leppun,Leptophyes punctatissima,Speckled Bush-cricket,bush-cricket,0.99,,,29/09/2026,28/09/2026,03:20:45,ClassifEspSWE-0002026-05-29_1,JOHANKARLSSON,202609290755B1T5207C,,Citizen Science (ultrasonic) - shared
59~40304+18~07242_20260929_032051.wav,DEV_002_20260929_032051.wav,0,59.40304,18.07242,Leppun,Leptophyes punctatissima,Speckled Bush-cricket,bush-cricket,0.99,,,29/09/2026,28/09/2026,03:20:51,ClassifEspSWE-0002026-05-29_1,JOHANKARLSSON,202609290755B1T5207C,,Citizen Science (ultrasonic) - shared
59~40304+18~07242_20260929_032057.wav,DEV_002_20260929_032057.wav,0,59.40304,18.07242,Leppun,Leptophyes punctatissima,Speckled Bush-cricket,bush-cricket,0.99,,,29/09/2026,28/09/2026,03:20:57,ClassifEspSWE-0002026-05-29_1,JOHANKARLSSON,202609290755B1T5207C,,Citizen Science (ultrasonic) - shared
59~40304+18~07242_20260929_032102.wav,DEV_002_20260929_032102.wav,0,59.40304,18.07242,Leppun,Leptophyes punctatissima,Speckled Bush-cricket,bush-cricket,0.99,,,29/09/2026,28/09/2026,03:21:02,ClassifEspSWE-0002026-05-29_1,JOHANKARLSSON,202609290755B1T5207C,,Citizen Science (ultrasonic) - shared
59~40304+18~07242_20260929_032109.wav,DEV_002_20260929_032109.wav,0,59.40304,18.07242,Leppun,Leptophyes punctatissima,Speckled Bush-cricket,bush-cricket,0.99,,,29/09/2026,28/09/2026,03:21:09,ClassifEspSWE-0002026-05-29_1,JOHANKARLSSON,202609290755B1T5207C,,Citizen Science (ultrasonic) - shared
59~40304+18~07242_20260929_032116.wav,DEV_002_20260929_032116.wav,0,59.40304,18.07242,Leppun,Leptophyes punctatissima,Speckled Bush-cricket,bush-cricket,0.99,,,29/09/2026,28/09/2026,03:21:16,ClassifEspSWE-0002026-05-29_1,JOHANKARLSSON,202609290755B1T5207C,,Citizen Science (ultrasonic) - shared
59~40304+18~07242_20260929_032123.wav,DEV_002_20260929_032123.wav,0,59.40304,18.07242,Leppun,Leptophyes punctatissima,Speckled Bush-cricket,bush-cricket,0.99,,,29/09/2026,28/09/2026,03:21:23,ClassifEspSWE-0002026-05-29_1,JOHANKARLSSON,202609290755B1T5207C,,Citizen Science (ultrasonic) - shared
59~40304+18~07242_20260929_032132.wav,DEV_002_20260929_032132.wav,0,59.40304,18.07242,Leppun,Leptophyes punctatissima,Speckled Bush-cricket,bush-cricket,0.99,,,29/09/2026,28/09/2026,03:21:32,ClassifEspSWE-0002026-05-29_1,JOHANKARLSSON,202609290755B1T5207C,,Citizen Science (ultrasonic) - shared
59~40304+18~07242_20260929_032141.wav,DEV_002_20260929_032141.wav,0,59.40304,18.07242,Leppun,Leptophyes punctatissima,Speckled Bush-cricket,bush-cricket,0.99,,,29/09/2026,28/09/2026,03:21:41,ClassifEspSWE-0002026-05-29_1,JOHANKARLSSON,202609290755B1T5207C,,Citizen Science (ultrasonic) - shared
59~40304+18~07242_20260929_032147.wav,DEV_002_20260929_032147.wav,0,59.40304,18.07242,Leppun,Leptophyes punctatissima,Speckled Bush-cricket,bush-cricket,0.99,,,29/09/2026,28/09/2026,03:21:47,ClassifEspSWE-0002026-05-29_1,JOHANKARLSSON,202609290755B1T5207C,,Citizen Science (ultrasonic) - shared
59~40304+18~07242_20260929_032153.wav,DEV_002_20260929_032153.wav,0,59.40304,18.07242,Leppun,Leptophyes punctatissima,Speckled Bush-cricket,bush-cricket,0.99,,,29/09/2026,28/09/2026,03:21:53,ClassifEspSWE-0002026-05-29_1,JOHANKARLSSON,202609290755B1T5207C,,Citizen Science (ultrasonic) - shared
59~40304+18~07242_20260929_032208.wav,DEV_002_20260929_032208.wav,0,59.40304,18.07242,Leppun,Leptophyes punctatissima,Speckled Bush-cricket,bush-cricket,0.99,,,29/09/2026,28/09/2026,03:22:08,ClassifEspSWE-0002026-05-29_1,JOHANKARLSSON,202609290755B1T5207C,,Citizen Science (ultrasonic) - shared
59~40304+18~07242_20260929_032216.wav,DEV_002_20260929_032216.wav,0,59.40304,18.07242,Leppun,Leptophyes punctatissima,Speckled Bush-cricket,bush-cricket,0.99,,,29/09/2026,28/09/2026,03:22:16,ClassifEspSWE-0002026-05-29_1,JOHANKARLSSON,202609290755B1T5207C,,Citizen Science (ultrasonic) - shared
59~40304+18~07242_20260929_032222.wav,DEV_002_20260929_032222.wav,0,59.40304,18.07242,Leppun,Leptophyes punctatissima,Speckled Bush-cricket,bush-cricket,0.99,,,29/09/2026,28/09/2026,03:22:22,ClassifEspSWE-0002026-05-29_1,JOHANKARLSSON,202609290755B1T5207C,,Citizen Science (ultrasonic) - shared
59~40304+18~07242_20260929_032229.wav,DEV_002_20260929_032229.wav,0,59.40304,18.07242,Leppun,Leptophyes punctatissima,Speckled Bush-cricket,bush-cricket,0.99,,,29/09/2026,28/09/2026,03:22:29,ClassifEspSWE-0002026-05-29_1,JOHANKARLSSON,202609290755B1T5207C,,Citizen Science (ultrasonic) - shared
59~40304+18~07242_20260929_032235.wav,DEV_002_20260929_032235.wav,0,59.40304,18.07242,Leppun,Leptophyes punctatissima,Speckled Bush-cricket,bush-cricket,0.99,,,29/09/2026,28/09/2026,03:22:35,ClassifEspSWE-0002026-05-29_1,JOHANKARLSSON,202609290755B1T5207C,,Citizen Science (ultrasonic) - shared
59~40304+18~07242_20260929_032242.wav,DEV_002_20260929_032242.wav,0,59.40304,18.07242,Leppun,Leptophyes punctatissima,Speckled Bush-cricket,bush-cricket,0.99,,,29/09/2026,28/09/2026,03:22:42,ClassifEspSWE-0002026-05-29_1,JOHANKARLSSON,202609290755B1T5207C,,Citizen Science (ultrasonic) - shared
59~40304+18~07242_20260929_032248.wav,DEV_002_20260929_032248.wav,0,59.40304,18.07242,Leppun,Leptophyes punctatissima,Speckled Bush-cricket,bush-cricket,0.99,,,29/09/2026,28/09/2026,03:22:48,ClassifEspSWE-0002026-05-29_1,JOHANKARLSSON,202609290755B1T5207C,,Citizen Science (ultrasonic) - shared
59~40304+18~07242_20260929_032255.wav,DEV_002_20260929_032255.wav,0,59.40304,18.07242,Leppun,Leptophyes punctatissima,Speckled Bush-cricket,bush-cricket,0.99,,,29/09/2026,28/09/2026,03:22:55,ClassifEspSWE-0002026-05-29_1,JOHANKARLSSON,202609290755B1T5207C,,Citizen Science (ultrasonic) - shared
59~40304+18~07242_20260929_032301.wav,DEV_002_20260929_032301.wav,0,59.40304,18.07242,Leppun,Leptophyes punctatissima,Speckled Bush-cricket,bush-cricket,0.99,,,29/09/2026,28/09/2026,03:23:01,ClassifEspSWE-0002026-05-29_1,JOHANKARLSSON,202609290755B1T5207C,,Citizen Science (ultrasonic) - shared
59~40304+18~07242_20260929_032308.wav,DEV_002_20260929_032308.wav,0,59.40304,18.07242,Leppun,Leptophyes punctatissima,Speckled Bush-cricket,bush-cricket,0.99,,,29/09/2026,28/09/2026,03:23:08,ClassifEspSWE-0002026-05-29_1,JOHANKARLSSON,202609290755B1T5207C,,Citizen Science (ultrasonic) - shared
59~40304+18~07242_20260929_032313.wav,DEV_002_20260929_032313.wav,0,59.40304,18.07242,Leppun,Leptophyes punctatissima,Speckled Bush-cricket,bush-cricket,0.99,,,29/09/2026,28/09/2026,03:23:13,ClassifEspSWE-0002026-05-29_1,JOHANKARLSSON,202609290755B1T5207C,,Citizen Science (ultrasonic) - shared
59~40304+18~07242_20260929_032319.wav,DEV_002_20260929_032319.wav,0,59.40304,18.07242,Leppun,Leptophyes punctatissima,Speckled Bush-cricket,bush-cricket,0.99,,,29/09/2026,28/09/2026,03:23:19,ClassifEspSWE-0002026-05-29_1,JOHANKARLSSON,202609290755B1T5207C,,Citizen Science (ultrasonic) - shared
59~40304+18~07242_20260929_032326.wav,DEV_002_20260929_032326.wav,0,59.40304,18.07242,Leppun,Leptophyes punctatissima,Speckled Bush-cricket,bush-cricket,0.99,,,29/09/2026,28/09/2026,03:23:26,ClassifEspSWE-0002026-05-29_1,JOHANKARLSSON,202609290755B1T5207C,,Citizen Science (ultrasonic) - shared
59~40304+18~07242_20260929_032331.wav,DEV_002_20260929_032331.wav,0,59.40304,18.07242,Leppun,Leptophyes punctatissima,Speckled Bush-cricket,bush-cricket,0.99,,,29/09/2026,28/09/2026,03:23:31,ClassifEspSWE-0002026-05-29_1,JOHANKARLSSON,202609290755B1T5207C,,Citizen Science (ultrasonic) - shared
59~40304+18~07242_20260929_032337.wav,DEV_002_20260929_032337.wav,0,59.40304,18.07242,Leppun,Leptophyes punctatissima,Speckled Bush-cricket,bush-cricket,0.99,,,29/09/2026,28/09/2026,03:23:37,ClassifEspSWE-0002026-05-29_1,JOHANKARLSSON,202609290755B1T5207C,,Citizen Science (ultrasonic) - shared
59~40304+18~07242_20260929_032344.wav,DEV_002_20260929_032344.wav,0,59.40304,18.07242,Leppun,Leptophyes punctatissima,Speckled Bush-cricket,bush-cricket,0.99,,,29/09/2026,28/09/2026,03:23:44,ClassifEspSWE-0002026-05-29_1,JOHANKARLSSON,202609290755B1T5207C,,Citizen Science (ultrasonic) - shared
59~40304+18~07242_20260929_032351.wav,DEV_002_20260929_032351.wav,0,59.40304,18.07242,Leppun,Leptophyes punctatissima,Speckled Bush-cricket,bush-cricket,0.99,,,29/09/2026,28/09/2026,03:23:51,ClassifEspSWE-0002026-05-29_1,JOHANKARLSSON,202609290755B1T5207C,,Citizen Science (ultrasonic) - shared
59~40304+18~07242_20260929_032358.wav,DEV_002_20260929_032358.wav,0,59.40304,18.07242,Leppun,Leptophyes punctatissima,Speckled Bush-cricket,bush-cricket,0.99,,,29/09/2026,28/09/2026,03:23:58,ClassifEspSWE-0002026-05-29_1,JOHANKARLSSON,202609290755B1T5207C,,Citizen Science (ultrasonic) - shared
59~40304+18~07242_20260929_032403.wav,DEV_002_20260929_032403.wav,0,59.40304,18.07242,Leppun,Leptophyes punctatissima,Speckled Bush-cricket,bush-cricket,0.99,,,29/09/2026,28/09/2026,03:24:03,ClassifEspSWE-0002026-05-29_1,JOHANKARLSSON,202609290755B1T5207C,,Citizen Science (ultrasonic) - shared
59~40304+18~07242_20260929_032410.wav,DEV_002_20260929_032410.wav,0,59.40304,18.07242,Leppun,Leptophyes punctatissima,Speckled Bush-cricket,bush-cricket,0.99,,,29/09/2026,28/09/2026,03:24:10,ClassifEspSWE-0002026-05-29_1,JOHANKARLSSON,202609290755B1T5207C,,Citizen Science (ultrasonic) - shared
59~40304+18~07242_20260929_032420.wav,DEV_002_20260929_032420.wav,0,59.40304,18.07242,Leppun,Leptophyes punctatissima,Speckled Bush-cricket,bush-cricket,0.99,,,29/09/2026,28/09/2026,03:24:20,ClassifEspSWE-0002026-05-29_1,JOHANKARLSSON,202609290755B1T5207C,,Citizen Science (ultrasonic) - shared
59~40304+18~07242_20260929_032426.wav,DEV_002_20260929_032426.wav,0,59.40304,18.07242,Leppun,Leptophyes punctatissima,Speckled Bush-cricket,bush-cricket,0.99,,,29/09/2026,28/09/2026,03:24:26,ClassifEspSWE-0002026-05-29_1,JOHANKARLSSON,202609290755B1T5207C,,Citizen Science (ultrasonic) - shared
59~40304+18~07242_20260929_032433.wav,DEV_002_20260929_032433.wav,0,59.40304,18.07242,Leppun,Leptophyes punctatissima,Speckled Bush-cricket,bush-cricket,0.99,,,29/09/2026,28/09/2026,03:24:33,ClassifEspSWE-0002026-05-29_1,JOHANKARLSSON,202609290755B1T5207C,,Citizen Science (ultrasonic) - shared
59~40304+18~07242_20260929_032439.wav,DEV_002_20260929_032439.wav,0,59.40304,18.07242,Leppun,Leptophyes punctatissima,Speckled Bush-cricket,bush-cricket,0.99,,,29/09/2026,28/09/2026,03:24:39,ClassifEspSWE-0002026-05-29_1,JOHANKARLSSON,202609290755B1T5207C,,Citizen Science (ultrasonic) - shared
59~40304+18~07242_20260929_032445.wav,DEV_002_20260929_032445.wav,0,59.40304,18.07242,Leppun,Leptophyes punctatissima,Speckled Bush-cricket,bush-cricket,0.99,,,29/09/2026,28/09/2026,03:24:45,ClassifEspSWE-0002026-05-29_1,JOHANKARLSSON,202609290755B1T5207C,,Citizen Science (ultrasonic) - shared
59~40304+18~07242_20260929_032451.wav,DEV_002_20260929_032451.wav,0,59.40304,18.07242,Leppun,Leptophyes punctatissima,Speckled Bush-cricket,bush-cricket,0.99,,,29/09/2026,28/09/2026,03:24:51,ClassifEspSWE-0002026-05-29_1,JOHANKARLSSON,202609290755B1T5207C,,Citizen Science (ultrasonic) - shared
59~40304+18~07242_20260929_032456.wav,DEV_002_20260929_032456.wav,0,59.40304,18.07242,Leppun,Leptophyes punctatissima,Speckled Bush-cricket,bush-cricket,0.99,,,29/09/2026,28/09/2026,03:24:56,ClassifEspSWE-0002026-05-29_1,JOHANKARLSSON,202609290755B1T5207C,,Citizen Science (ultrasonic) - shared
59~40304+18~07242_20260929_032505.wav,DEV_002_20260929_032505.wav,0,59.40304,18.07242,Leppun,Leptophyes punctatissima,Speckled Bush-cricket,bush-cricket,0.99,,,29/09/2026,28/09/2026,03:25:05,ClassifEspSWE-0002026-05-29_1,JOHANKARLSSON,202609290755B1T5207C,,Citizen Science (ultrasonic) - shared
59~40304+18~07242_20260929_032510.wav,DEV_002_20260929_032510.wav,0,59.40304,18.07242,Leppun,Leptophyes punctatissima,Speckled Bush-cricket,bush-cricket,0.99,,,29/09/2026,28/09/2026,03:25:10,ClassifEspSWE-0002026-05-29_1,JOHANKARLSSON,202609290755B1T5207C,,Citizen Science (ultrasonic) - shared
59~40304+18~07242_20260929_032517.wav,DEV_002_20260929_032517.wav,0,59.40304,18.07242,Leppun,Leptophyes punctatissima,Speckled Bush-cricket,bush-cricket,0.99,,,29/09/2026,28/09/2026,03:25:17,ClassifEspSWE-0002026-05-29_1,JOHANKARLSSON,202609290755B1T5207C,,Citizen Science (ultrasonic) - shared
59~40304+18~07242_20260929_032522.wav,DEV_002_20260929_032522.wav,0,59.40304,18.07242,Leppun,Leptophyes punctatissima,Speckled Bush-cricket,bush-cricket,0.99,,,29/09/2026,28/09/2026,03:25:22,ClassifEspSWE-0002026-05-29_1,JOHANKARLSSON,202609290755B1T5207C,,Citizen Science (ultrasonic) - shared
59~40304+18~07242_20260929_032530.wav,DEV_002_20260929_032530.wav,0,59.40304,18.07242,Leppun,Leptophyes punctatissima,Speckled Bush-cricket,bush-cricket,0.99,,,29/09/2026,28/09/2026,03:25:30,ClassifEspSWE-0002026-05-29_1,JOHANKARLSSON,202609290755B1T5207C,,Citizen Science (ultrasonic) - shared
59~40304+18~07242_20260929_032535.wav,DEV_002_20260929_032535.wav,0,59.40304,18.07242,Leppun,Leptophyes punctatissima,Speckled Bush-cricket,bush-cricket,0.99,,,29/09/2026,28/09/2026,03:25:35,ClassifEspSWE-0002026-05-29_1,JOHANKARLSSON,202609290755B1T5207C,,Citizen Science (ultrasonic) - shared
59~40304+18~07242_20260929_032540.wav,DEV_002_20260929_032540.wav,0,59.40304,18.07242,Leppun,Leptophyes punctatissima,Speckled Bush-cricket,bush-cricket,0.99,,,29/09/2026,28/09/2026,03:25:40,ClassifEspSWE-0002026-05-29_1,JOHANKARLSSON,202609290755B1T5207C,,Citizen Science (ultrasonic) - shared
59~40304+18~07242_20260929_032549.wav,DEV_002_20260929_032549.wav,0,59.40304,18.07242,Leppun,Leptophyes punctatissima,Speckled Bush-cricket,bush-cricket,0.99,,,29/09/2026,28/09/2026,03:25:49,ClassifEspSWE-0002026-05-29_1,JOHANKARLSSON,202609290755B1T5207C,,Citizen Science (ultrasonic) - shared
59~40304+18~07242_20260929_032554.wav,DEV_002_20260929_032554.wav,0,59.40304,18.07242,Leppun,Leptophyes punctatissima,Speckled Bush-cricket,bush-cricket,0.99,,,29/09/2026,28/09/2026,03:25:54,ClassifEspSWE-0002026-05-29_1,JOHANKARLSSON,202609290755B1T5207C,,Citizen Science (ultrasonic) - shared
59~40304+18~07242_20260929_032600.wav,DEV_002_20260929_032600.wav,0,59.40304,18.07242,Leppun,Leptophyes punctatissima,Speckled Bush-cricket,bush-cricket,0.99,,,29/09/2026,28/09/2026,03:26:00,ClassifEspSWE-0002026-05-29_1,JOHANKARLSSON,202609290755B1T5207C,,Citizen Science (ultrasonic) - shared
59~40304+18~07242_20260929_032606.wav,DEV_002_20260929_032606.wav,0,59.40304,18.07242,Leppun,Leptophyes punctatissima,Speckled Bush-cricket,bush-cricket,0.99,,,29/09/2026,28/09/2026,03:26:06,ClassifEspSWE-0002026-05-29_1,JOHANKARLSSON,202609290755B1T5207C,,Citizen Science (ultrasonic) - shared
59~40304+18~07242_20260929_032615.wav,DEV_002_20260929_032615.wav,0,59.40304,18.07242,Leppun,Leptophyes punctatissima,Speckled Bush-cricket,bush-cricket,0.99,,,29/09/2026,28/09/2026,03:26:15,ClassifEspSWE-0002026-05-29_1,JOHANKARLSSON,202609290755B1T5207C,,Citizen Science (ultrasonic) - shared
59~40304+18~07242_20260929_032621.wav,DEV_002_20260929_032621.wav,0,59.40304,18.07242,Leppun,Leptophyes punctatissima,Speckled Bush-cricket,bush-cricket,0.99,,,29/09/2026,28/09/2026,03:26:21,ClassifEspSWE-0002026-05-29_1,JOHANKARLSSON,202609290755B1T5207C,,Citizen Science (ultrasonic) - shared
59~40304+18~07242_20260929_032629.wav,DEV_002_20260929_032629.wav,0,59.40304,18.07242,Leppun,Leptophyes punctatissima,Speckled Bush-cricket,bush-cricket,0.99,,,29/09/2026,28/09/2026,03:26:29,ClassifEspSWE-0002026-05-29_1,JOHANKARLSSON,202609290755B1T5207C,,Citizen Science (ultrasonic) - shared
59~40304+18~07242_20260929_032637.wav,DEV_002_20260929_032637.wav,0,59.40304,18.07242,Leppun,Leptophyes punctatissima,Speckled Bush-cricket,bush-cricket,0.99,,,29/09/2026,28/09/2026,03:26:37,ClassifEspSWE-0002026-05-29_1,JOHANKARLSSON,202609290755B1T5207C,,Citizen Science (ultrasonic) - shared
59~40304+18~07242_20260929_032643.wav,DEV_002_20260929_032643.wav,0,59.40304,18.07242,Leppun,Leptophyes punctatissima,Speckled Bush-cricket,bush-cricket,0.99,,,29/09/2026,28/09/2026,03:26:43,ClassifEspSWE-0002026-05-29_1,JOHANKARLSSON,202609290755B1T5207C,,Citizen Science (ultrasonic) - shared
59~40304+18~07242_20260929_032651.wav,DEV_002_20260929_032651.wav,0,59.40304,18.07242,Leppun,Leptophyes punctatissima,Speckled Bush-cricket,bush-cricket,0.99,,,29/09/2026,28/09/2026,03:26:51,ClassifEspSWE-0002026-05-29_1,JOHANKARLSSON,202609290755B1T5207C,,Citizen Science (ultrasonic) - shared
59~40304+18~07242_20260929_032700.wav,DEV_002_20260929_032700.wav,0,59.40304,18.07242,Leppun,Leptophyes punctatissima,Speckled Bush-cricket,bush-cricket,0.99,,,29/09/2026,28/09/2026,03:27:00,ClassifEspSWE-0002026-05-29_1,JOHANKARLSSON,202609290755B1T5207C,,Citizen Science (ultrasonic) - shared
59~40304+18~07242_20260929_032707.wav,DEV_002_20260929_032707.wav,0,59.40304,18.07242,Leppun,Leptophyes punctatissima,Speckled Bush-cricket,bush-cricket,0.99,,,29/09/2026,28/09/2026,03:27:07,ClassifEspSWE-0002026-05-29_1,JOHANKARLSSON,202609290755B1T5207C,,Citizen Science (ultrasonic) - shared
59~40304+18~07242_20260929_032712.wav,DEV_002_20260929_032712.wav,0,59.40304,18.07242,Leppun,Leptophyes punctatissima,Speckled Bush-cricket,bush-cricket,0.99,,,29/09/2026,28/09/2026,03:27:12,ClassifEspSWE-0002026-05-29_1,JOHANKARLSSON,202609290755B1T5207C,,Citizen Science (ultrasonic) - shared
59~40304+18~07242_20260929_032719.wav,DEV_002_20260929_032719.wav,0,59.40304,18.07242,Leppun,Leptophyes punctatissima,Speckled Bush-cricket,bush-cricket,0.99,,,29/09/2026,28/09/2026,03:27:19,ClassifEspSWE-0002026-05-29_1,JOHANKARLSSON,202609290755B1T5207C,,Citizen Science (ultrasonic) - shared
59~40304+18~07242_20260929_032727.wav,DEV_002_20260929_032727.wav,0,59.40304,18.07242,Leppun,Leptophyes punctatissima,Speckled Bush-cricket,bush-cricket,0.99,,,29/09/2026,28/09/2026,03:27:27,ClassifEspSWE-0002026-05-29_1,JOHANKARLSSON,202609290755B1T5207C,,Citizen Science (ultrasonic) - shared
59~40304+18~07242_20260929_032732.wav,DEV_002_20260929_032732.wav,0,59.40304,18.07242,Leppun,Leptophyes punctatissima,Speckled Bush-cricket,bush-cricket,0.99,,,29/09/2026,28/09/2026,03:27:32,ClassifEspSWE-0002026-05-29_1,JOHANKARLSSON,202609290755B1T5207C,,Citizen Science (ultrasonic) - shared
59~40304+18~07242_20260929_032739.wav,DEV_002_20260929_032739.wav,0,59.40304,18.07242,Leppun,Leptophyes punctatissima,Speckled Bush-cricket,bush-cricket,0.99,,,29/09/2026,28/09/2026,03:27:39,ClassifEspSWE-0002026-05-29_1,JOHANKARLSSON,202609290755B1T5207C,,Citizen Science (ultrasonic) - shared
59~40304+18~07242_20260929_032746.wav,DEV_002_20260929_032746.wav,0,59.40304,18.07242,Leppun,Leptophyes punctatissima,Speckled Bush-cricket,bush-cricket,0.99,,,29/09/2026,28/09/2026,03:27:46,ClassifEspSWE-0002026-05-29_1,JOHANKARLSSON,202609290755B1T5207C,,Citizen Science (ultrasonic) - shared
59~40304+18~07242_20260929_032752.wav,DEV_002_20260929_032752.wav,0,59.40304,18.07242,Leppun,Leptophyes punctatissima,Speckled Bush-cricket,bush-cricket,0.99,,,29/09/2026,28/09/2026,03:27:52,ClassifEspSWE-0002026-05-29_1,JOHANKARLSSON,202609290755B1T5207C,,Citizen Science (ultrasonic) - shared
59~40304+18~07242_20260929_032757.wav,DEV_002_20260929_032757.wav,0,59.40304,18.07242,Leppun,Leptophyes punctatissima,Speckled Bush-cricket,bush-cricket,0.99,,,29/09/2026,28/09/2026,03:27:57,ClassifEspSWE-0002026-05-29_1,JOHANKARLSSON,202609290755B1T5207C,,Citizen Science (ultrasonic) - shared
59~40304+18~07242_20260929_032805.wav,DEV_002_20260929_032805.wav,0,59.40304,18.07242,Leppun,Leptophyes punctatissima,Speckled Bush-cricket,bush-cricket,0.99,,,29/09/2026,28/09/2026,03:28:05,ClassifEspSWE-0002026-05-29_1,JOHANKARLSSON,202609290755B1T5207C,,Citizen Science (ultrasonic) - shared
59~40304+18~07242_20260929_032814.wav,DEV_002_20260929_032814.wav,0,59.40304,18.07242,Leppun,Leptophyes punctatissima,Speckled Bush-cricket,bush-cricket,0.99,,,29/09/2026,28/09/2026,03:28:14,ClassifEspSWE-0002026-05-29_1,JOHANKARLSSON,202609290755B1T5207C,,Citizen Science (ultrasonic) - shared
59~40304+18~07242_20260929_032821.wav,DEV_002_20260929_032821.wav,0,59.40304,18.07242,Leppun,Leptophyes punctatissima,Speckled Bush-cricket,bush-cricket,0.99,,,29/09/2026,28/09/2026,03:28:21,ClassifEspSWE-0002026-05-29_1,JOHANKARLSSON,202609290755B1T5207C,,Citizen Science (ultrasonic) - shared
59~40304+18~07242_20260929_032827.wav,DEV_002_20260929_032827.wav,0,59.40304,18.07242,Leppun,Leptophyes punctatissima,Speckled Bush-cricket,bush-cricket,0.99,,,29/09/2026,28/09/2026,03:28:27,ClassifEspSWE-0002026-05-29_1,JOHANKARLSSON,202609290755B1T5207C,,Citizen Science (ultrasonic) - shared
59~40304+18~07242_20260929_032835.wav,DEV_002_20260929_032835.wav,0,59.40304,18.07242,Leppun,Leptophyes punctatissima,Speckled Bush-cricket,bush-cricket,0.99,,,29/09/2026,28/09/2026,03:28:35,ClassifEspSWE-0002026-05-29_1,JOHANKARLSSON,202609290755B1T5207C,,Citizen Science (ultrasonic) - shared
59~40304+18~07242_20260929_032840.wav,DEV_002_20260929_032840.wav,0,59.40304,18.07242,Leppun,Leptophyes punctatissima,Speckled Bush-cricket,bush-cricket,0.99,,,29/09/2026,28/09/2026,03:28:40,ClassifEspSWE-0002026-05-29_1,JOHANKARLSSON,202609290755B1T5207C,,Citizen Science (ultrasonic) - shared
59~40304+18~07242_20260929_030002.wav,DEV_002_20260929_030002.wav,0,59.40304,18.07242,Phogri,Pholidoptera griseoaptera,Dark Bush-cricket,bush-cricket,0.99,,,29/09/2026,28/09/2026,03:00:02,ClassifEspSWE-0002026-05-29_1,JOHANKARLSSON,202609290755B1T5207C,,Citizen Science (ultrasonic) - shared
59~40304+18~07242_20260929_030008.wav,DEV_002_20260929_030008.wav,0,59.40304,18.07242,Phogri,Pholidoptera griseoaptera,Dark Bush-cricket,bush-cricket,0.94,,,29/09/2026,28/09/2026,03:00:08,ClassifEspSWE-0002026-05-29_1,JOHANKARLSSON,202609290755B1T5207C,,Citizen Science (ultrasonic) - shared
59~40304+18~07242_20260929_030013.wav,DEV_002_20260929_030013.wav,0,59.40304,18.07242,Phogri,Pholidoptera griseoaptera,Dark Bush-cricket,bush-cricket,0.99,,,29/09/2026,28/09/2026,03:00:13,ClassifEspSWE-0002026-05-29_1,JOHANKARLSSON,202609290755B1T5207C,,Citizen Science (ultrasonic) - shared
59~40304+18~07242_20260929_030019.wav,DEV_002_20260929_030019.wav,0,59.40304,18.07242,Phogri,Pholidoptera griseoaptera,Dark Bush-cricket,bush-cricket,0.95,,,29/09/2026,28/09/2026,03:00:19,ClassifEspSWE-0002026-05-29_1,JOHANKARLSSON,202609290755B1T5207C,,Citizen Science (ultrasonic) - shared
59~40304+18~07242_20260929_030025.wav,DEV_002_20260929_030025.wav,0,59.40304,18.07242,Phogri,Pholidoptera griseoaptera,Dark Bush-cricket,bush-cricket,0.95,,,29/09/2026,28/09/2026,03:00:25,ClassifEspSWE-0002026-05-29_1,JOHANKARLSSON,202609290755B1T5207C,,Citizen Science (ultrasonic) - shared
59~40304+18~07242_20260929_030030.wav,DEV_002_20260929_030030.wav,0,59.40304,18.07242,Phogri,Pholidoptera griseoaptera,Dark Bush-cricket,bush-cricket,0.96,,,29/09/2026,28/09/2026,03:00:30,ClassifEspSWE-0002026-05-29_1,JOHANKARLSSON,202609290755B1T5207C,,Citizen Science (ultrasonic) - shared
59~40304+18~07242_20260929_030036.wav,DEV_002_20260929_030036.wav,0,59.40304,18.07242,Phogri,Pholidoptera griseoaptera,Dark Bush-cricket,bush-cricket,0.98,,,29/09/2026,28/09/2026,03:00:36,ClassifEspSWE-0002026-05-29_1,JOHANKARLSSON,202609290755B1T5207C,,Citizen Science (ultrasonic) - shared
59~40304+18~07242_20260929_030042.wav,DEV_002_20260929_030042.wav,0,59.40304,18.07242,Phogri,Pholidoptera griseoaptera,Dark Bush-cricket,bush-cricket,0.82,,,29/09/2026,28/09/2026,03:00:42,ClassifEspSWE-0002026-05-29_1,JOHANKARLSSON,202609290755B1T5207C,,Citizen Science (ultrasonic) - shared
59~40304+18~07242_20260929_030048.wav,DEV_002_20260929_030048.wav,0,59.40304,18.07242,Phogri,Pholidoptera griseoaptera,Dark Bush-cricket,bush-cricket,0.99,,,29/09/2026,28/09/2026,03:00:48,ClassifEspSWE-0002026-05-29_1,JOHANKARLSSON,202609290755B1T5207C,,Citizen Science (ultrasonic) - shared
59~40304+18~07242_20260929_030053.wav,DEV_002_20260929_030053.wav,0,59.40304,18.07242,Phogri,Pholidoptera griseoaptera,Dark Bush-cricket,bush-cricket,0.85,,,29/09/2026,28/09/2026,03:00:53,ClassifEspSWE-0002026-05-29_1,JOHANKARLSSON,202609290755B1T5207C,,Citizen Science (ultrasonic) - shared
59~40304+18~07242_20260929_030100.wav,DEV_002_20260929_030100.wav,0,59.40304,18.07242,Phogri,Pholidoptera griseoaptera,Dark Bush-cricket,bush-cricket,0.78,,,29/09/2026,28/09/2026,03:01:00,ClassifEspSWE-0002026-05-29_1,JOHANKARLSSON,202609290755B1T5207C,,Citizen Science (ultrasonic) - shared
59~40304+18~07242_20260929_030105.wav,DEV_002_20260929_030105.wav,0,59.40304,18.07242,Phogri,Pholidoptera griseoaptera,Dark Bush-cricket,bush-cricket,0.91,,,29/09/2026,28/09/2026,03:01:05,ClassifEspSWE-0002026-05-29_1,JOHANKARLSSON,202609290755B1T5207C,,Citizen Science (ultrasonic) - shared
59~40304+18~07242_20260929_030111.wav,DEV_002_20260929_030111.wav,0,59.40304,18.07242,Phogri,Pholidoptera griseoaptera,Dark Bush-cricket,bush-cricket,0.97,,,29/09/2026,28/09/2026,03:01:11,ClassifEspSWE-0002026-05-29_1,JOHANKARLSSON,202609290755B1T5207C,,Citizen Science (ultrasonic) - shared
59~40304+18~07242_20260929_030117.wav,DEV_002_20260929_030117.wav,0,59.40304,18.07242,Phogri,Pholidoptera griseoaptera,Dark Bush-cricket,bush-cricket,0.96,,,29/09/2026,28/09/2026,03:01:17,ClassifEspSWE-0002026-05-29_1,JOHANKARLSSON,202609290755B1T5207C,,Citizen Science (ultrasonic) - shared
59~40304+18~07242_20260929_030122.wav,DEV_002_20260929_030122.wav,0,59.40304,18.07242,Phogri,Pholidoptera griseoaptera,Dark Bush-cricket,bush-cricket,0.88,,,29/09/2026,28/09/2026,03:01:22,ClassifEspSWE-0002026-05-29_1,JOHANKARLSSON,202609290755B1T5207C,,Citizen Science (ultrasonic) - shared
59~40304+18~07242_20260929_030128.wav,DEV_002_20260929_030128.wav,0,59.40304,18.07242,Phogri,Pholidoptera griseoaptera,Dark Bush-cricket,bush-cricket,0.98,,,29/09/2026,28/09/2026,03:01:28,ClassifEspSWE-0002026-05-29_1,JOHANKARLSSON,202609290755B1T5207C,,Citizen Science (ultrasonic) - shared
59~40304+18~07242_20260929_030133.wav,DEV_002_20260929_030133.wav,0,59.40304,18.07242,Phogri,Pholidoptera griseoaptera,Dark Bush-cricket,bush-cricket,0.97,,,29/09/2026,28/09/2026,03:01:33,ClassifEspSWE-0002026-05-29_1,JOHANKARLSSON,202609290755B1T5207C,,Citizen Science (ultrasonic) - shared
59~40304+18~07242_20260929_030139.wav,DEV_002_20260929_030139.wav,0,59.40304,18.07242,Phogri,Pholidoptera griseoaptera,Dark Bush-cricket,bush-cricket,0.97,,,29/09/2026,28/09/2026,03:01:39,ClassifEspSWE-0002026-05-29_1,JOHANKARLSSON,202609290755B1T5207C,,Citizen Science (ultrasonic) - shared
59~40304+18~07242_20260929_030145.wav,DEV_002_20260929_030145.wav,0,59.40304,18.07242,Phogri,Pholidoptera griseoaptera,Dark Bush-cricket,bush-cricket,0.98,,,29/09/2026,28/09/2026,03:01:45,ClassifEspSWE-0002026-05-29_1,JOHANKARLSSON,202609290755B1T5207C,,Citizen Science (ultrasonic) - shared
59~40304+18~07242_20260929_030150.wav,DEV_002_20260929_030150.wav,0,59.40304,18.07242,Phogri,Pholidoptera griseoaptera,Dark Bush-cricket,bush-cricket,0.99,,,29/09/2026,28/09/2026,03:01:50,ClassifEspSWE-0002026-05-29_1,JOHANKARLSSON,202609290755B1T5207C,,Citizen Science (ultrasonic) - shared
59~40304+18~07242_20260929_030155.wav,DEV_002_20260929_030155.wav,0,59.40304,18.07242,Phogri,Pholidoptera griseoaptera,Dark Bush-cricket,bush-cricket,0.98,,,29/09/2026,28/09/2026,03:01:55,ClassifEspSWE-0002026-05-29_1,JOHANKARLSSON,202609290755B1T5207C,,Citizen Science (ultrasonic) - shared
59~40304+18~07242_20260929_030200.wav,DEV_002_20260929_030200.wav,0,59.40304,18.07242,Phogri,Pholidoptera griseoaptera,Dark Bush-cricket,bush-cricket,0.99,,,29/09/2026,28/09/2026,03:02:00,ClassifEspSWE-0002026-05-29_1,JOHANKARLSSON,202609290755B1T5207C,,Citizen Science (ultrasonic) - shared
59~40304+18~07242_20260929_030206.wav,DEV_002_20260929_030206.wav,0,59.40304,18.07242,Phogri,Pholidoptera griseoaptera,Dark Bush-cricket,bush-cricket,0.98,,,29/09/2026,28/09/2026,03:02:06,ClassifEspSWE-0002026-05-29_1,JOHANKARLSSON,202609290755B1T5207C,,Citizen Science (ultrasonic) - shared
59~40304+18~07242_20260929_030211.wav,DEV_002_20260929_030211.wav,0,59.40304,18.07242,Phogri,Pholidoptera griseoaptera,Dark Bush-cricket,bush-cricket,0.98,,,29/09/2026,28/09/2026,03:02:11,ClassifEspSWE-0002026-05-29_1,JOHANKARLSSON,202609290755B1T5207C,,Citizen Science (ultrasonic) - shared
59~40304+18~07242_20260929_030216.wav,DEV_002_20260929_030216.wav,0,59.40304,18.07242,Phogri,Pholidoptera griseoaptera,Dark Bush-cricket,bush-cricket,0.99,,,29/09/2026,28/09/2026,03:02:16,ClassifEspSWE-0002026-05-29_1,JOHANKARLSSON,202609290755B1T5207C,,Citizen Science (ultrasonic) - shared
59~40304+18~07242_20260929_030222.wav,DEV_002_20260929_030222.wav,0,59.40304,18.07242,Phogri,Pholidoptera griseoaptera,Dark Bush-cricket,bush-cricket,0.98,,,29/09/2026,28/09/2026,03:02:22,ClassifEspSWE-0002026-05-29_1,JOHANKARLSSON,202609290755B1T5207C,,Citizen Science (ultrasonic) - shared
59~40304+18~07242_20260929_030228.wav,DEV_002_20260929_030228.wav,0,59.40304,18.07242,Phogri,Pholidoptera griseoaptera,Dark Bush-cricket,bush-cricket,0.98,,,29/09/2026,28/09/2026,03:02:28,ClassifEspSWE-0002026-05-29_1,JOHANKARLSSON,202609290755B1T5207C,,Citizen Science (ultrasonic) - shared
59~40304+18~07242_20260929_030233.wav,DEV_002_20260929_030233.wav,0,59.40304,18.07242,Phogri,Pholidoptera griseoaptera,Dark Bush-cricket,bush-cricket,0.97,,,29/09/2026,28/09/2026,03:02:33,ClassifEspSWE-0002026-05-29_1,JOHANKARLSSON,202609290755B1T5207C,,Citizen Science (ultrasonic) - shared
59~40304+18~07242_20260929_030238.wav,DEV_002_20260929_030238.wav,0,59.40304,18.07242,Phogri,Pholidoptera griseoaptera,Dark Bush-cricket,bush-cricket,0.97,,,29/09/2026,28/09/2026,03:02:38,ClassifEspSWE-0002026-05-29_1,JOHANKARLSSON,202609290755B1T5207C,,Citizen Science (ultrasonic) - shared
59~40304+18~07242_20260929_030244.wav,DEV_002_20260929_030244.wav,0,59.40304,18.07242,Phogri,Pholidoptera griseoaptera,Dark Bush-cricket,bush-cricket,0.98,,,29/09/2026,28/09/2026,03:02:44,ClassifEspSWE-0002026-05-29_1,JOHANKARLSSON,202609290755B1T5207C,,Citizen Science (ultrasonic) - shared
59~40304+18~07242_20260929_030249.wav,DEV_002_20260929_030249.wav,0,59.40304,18.07242,Phogri,Pholidoptera griseoaptera,Dark Bush-cricket,bush-cricket,0.96,,,29/09/2026,28/09/2026,03:02:49,ClassifEspSWE-0002026-05-29_1,JOHANKARLSSON,202609290755B1T5207C,,Citizen Science (ultrasonic) - shared
59~40304+18~07242_20260929_030255.wav,DEV_002_20260929_030255.wav,0,59.40304,18.07242,Phogri,Pholidoptera griseoaptera,Dark Bush-cricket,bush-cricket,0.88,,,29/09/2026,28/09/2026,03:02:55,ClassifEspSWE-0002026-05-29_1,JOHANKARLSSON,202609290755B1T5207C,,Citizen Science (ultrasonic) - shared
59~40304+18~07242_20260929_030301.wav,DEV_002_20260929_030301.wav,0,59.40304,18.07242,Phogri,Pholidoptera griseoaptera,Dark Bush-cricket,bush-cricket,0.99,,,29/09/2026,28/09/2026,03:03:01,ClassifEspSWE-0002026-05-29_1,JOHANKARLSSON,202609290755B1T5207C,,Citizen Science (ultrasonic) - shared
59~40304+18~07242_20260929_030307.wav,DEV_002_20260929_030307.wav,0,59.40304,18.07242,Phogri,Pholidoptera griseoaptera,Dark Bush-cricket,bush-cricket,0.98,,,29/09/2026,28/09/2026,03:03:07,ClassifEspSWE-0002026-05-29_1,JOHANKARLSSON,202609290755B1T5207C,,Citizen Science (ultrasonic) - shared
59~40304+18~07242_20260929_030313.wav,DEV_002_20260929_030313.wav,0,59.40304,18.07242,Phogri,Pholidoptera griseoaptera,Dark Bush-cricket,bush-cricket,0.98,,,29/09/2026,28/09/2026,03:03:13,ClassifEspSWE-0002026-05-29_1,JOHANKARLSSON,202609290755B1T5207C,,Citizen Science (ultrasonic) - shared
59~40304+18~07242_20260929_030319.wav,DEV_002_20260929_030319.wav,0,59.40304,18.07242,Phogri,Pholidoptera griseoaptera,Dark Bush-cricket,bush-cricket,0.97,,,29/09/2026,28/09/2026,03:03:19,ClassifEspSWE-0002026-05-29_1,JOHANKARLSSON,202609290755B1T5207C,,Citizen Science (ultrasonic) - shared
59~40304+18~07242_20260929_030324.wav,DEV_002_20260929_030324.wav,0,59.40304,18.07242,Phogri,Pholidoptera griseoaptera,Dark Bush-cricket,bush-cricket,0.99,,,29/09/2026,28/09/2026,03:03:24,ClassifEspSWE-0002026-05-29_1,JOHANKARLSSON,202609290755B1T5207C,,Citizen Science (ultrasonic) - shared
59~40304+18~07242_20260929_030329.wav,DEV_002_20260929_030329.wav,0,59.40304,18.07242,Phogri,Pholidoptera griseoaptera,Dark Bush-cricket,bush-cricket,0.76,,,29/09/2026,28/09/2026,03:03:29,ClassifEspSWE-0002026-05-29_1,JOHANKARLSSON,202609290755B1T5207C,,Citizen Science (ultrasonic) - shared
59~40304+18~07242_20260929_030334.wav,DEV_002_20260929_030334.wav,0,59.40304,18.07242,Phogri,Pholidoptera griseoaptera,Dark Bush-cricket,bush-cricket,0.98,,,29/09/2026,28/09/2026,03:03:34,ClassifEspSWE-0002026-05-29_1,JOHANKARLSSON,202609290755B1T5207C,,Citizen Science (ultrasonic) - shared
59~40304+18~07242_20260929_030340.wav,DEV_002_20260929_030340.wav,0,59.40304,18.07242,Phogri,Pholidoptera griseoaptera,Dark Bush-cricket,bush-cricket,0.96,,,29/09/2026,28/09/2026,03:03:40,ClassifEspSWE-0002026-05-29_1,JOHANKARLSSON,202609290755B1T5207C,,Citizen Science (ultrasonic) - shared
59~40304+18~07242_20260929_030345.wav,DEV_002_20260929_030345.wav,0,59.40304,18.07242,Phogri,Pholidoptera griseoaptera,Dark Bush-cricket,bush-cricket,0.98,,,29/09/2026,28/09/2026,03:03:45,ClassifEspSWE-0002026-05-29_1,JOHANKARLSSON,202609290755B1T5207C,,Citizen Science (ultrasonic) - shared
59~40304+18~07242_20260929_030350.wav,DEV_002_20260929_030350.wav,0,59.40304,18.07242,Phogri,Pholidoptera griseoaptera,Dark Bush-cricket,bush-cricket,0.96,,,29/09/2026,28/09/2026,03:03:50,ClassifEspSWE-0002026-05-29_1,JOHANKARLSSON,202609290755B1T5207C,,Citizen Science (ultrasonic) - shared
59~40304+18~07242_20260929_030356.wav,DEV_002_20260929_030356.wav,0,59.40304,18.07242,Phogri,Pholidoptera griseoaptera,Dark Bush-cricket,bush-cricket,0.98,,,29/09/2026,28/09/2026,03:03:56,ClassifEspSWE-0002026-05-29_1,JOHANKARLSSON,202609290755B1T5207C,,Citizen Science (ultrasonic) - shared
59~40304+18~07242_20260929_030402.wav,DEV_002_20260929_030402.wav,0,59.40304,18.07242,Phogri,Pholidoptera griseoaptera,Dark Bush-cricket,bush-cricket,0.95,,,29/09/2026,28/09/2026,03:04:02,ClassifEspSWE-0002026-05-29_1,JOHANKARLSSON,202609290755B1T5207C,,Citizen Science (ultrasonic) - shared
59~40304+18~07242_20260929_030408.wav,DEV_002_20260929_030408.wav,0,59.40304,18.07242,Phogri,Pholidoptera griseoaptera,Dark Bush-cricket,bush-cricket,0.97,,,29/09/2026,28/09/2026,03:04:08,ClassifEspSWE-0002026-05-29_1,JOHANKARLSSON,202609290755B1T5207C,,Citizen Science (ultrasonic) - shared
59~40304+18~07242_20260929_030414.wav,DEV_002_20260929_030414.wav,0,59.40304,18.07242,Phogri,Pholidoptera griseoaptera,Dark Bush-cricket,bush-cricket,0.92,,,29/09/2026,28/09/2026,03:04:14,ClassifEspSWE-0002026-05-29_1,JOHANKARLSSON,202609290755B1T5207C,,Citizen Science (ultrasonic) - shared
59~40304+18~07242_20260929_030420.wav,DEV_002_20260929_030420.wav,0,59.40304,18.07242,Phogri,Pholidoptera griseoaptera,Dark Bush-cricket,bush-cricket,0.99,,,29/09/2026,28/09/2026,03:04:20,ClassifEspSWE-0002026-05-29_1,JOHANKARLSSON,202609290755B1T5207C,,Citizen Science (ultrasonic) - shared
59~40304+18~07242_20260929_030425.wav,DEV_002_20260929_030425.wav,0,59.40304,18.07242,Phogri,Pholidoptera griseoaptera,Dark Bush-cricket,bush-cricket,0.97,,,29/09/2026,28/09/2026,03:04:25,ClassifEspSWE-0002026-05-29_1,JOHANKARLSSON,202609290755B1T5207C,,Citizen Science (ultrasonic) - shared
59~40304+18~07242_20260929_030431.wav,DEV_002_20260929_030431.wav,0,59.40304,18.07242,Phogri,Pholidoptera griseoaptera,Dark Bush-cricket,bush-cricket,0.91,,,29/09/2026,28/09/2026,03:04:31,ClassifEspSWE-0002026-05-29_1,JOHANKARLSSON,202609290755B1T5207C,,Citizen Science (ultrasonic) - shared
59~40304+18~07242_20260929_030436.wav,DEV_002_20260929_030436.wav,0,59.40304,18.07242,Phogri,Pholidoptera griseoaptera,Dark Bush-cricket,bush-cricket,0.97,,,29/09/2026,28/09/2026,03:04:36,ClassifEspSWE-0002026-05-29_1,JOHANKARLSSON,202609290755B1T5207C,,Citizen Science (ultrasonic) - shared
59~40304+18~07242_20260929_030442.wav,DEV_002_20260929_030442.wav,0,59.40304,18.07242,Phogri,Pholidoptera griseoaptera,Dark Bush-cricket,bush-cricket,0.87,,,29/09/2026,28/09/2026,03:04:42,ClassifEspSWE-0002026-05-29_1,JOHANKARLSSON,202609290755B1T5207C,,Citizen Science (ultrasonic) - shared
59~40304+18~07242_20260929_030447.wav,DEV_002_20260929_030447.wav,0,59.40304,18.07242,Phogri,Pholidoptera griseoaptera,Dark Bush-cricket,bush-cricket,0.95,,,29/09/2026,28/09/2026,03:04:47,ClassifEspSWE-0002026-05-29_1,JOHANKARLSSON,202609290755B1T5207C,,Citizen Science (ultrasonic) - shared
59~40304+18~07242_20260929_030454.wav,DEV_002_20260929_030454.wav,0,59.40304,18.07242,Phogri,Pholidoptera griseoaptera,Dark Bush-cricket,bush-cricket,0.98,,,29/09/2026,28/09/2026,03:04:54,ClassifEspSWE-0002026-05-29_1,JOHANKARLSSON,202609290755B1T5207C,,Citizen Science (ultrasonic) - shared
59~40304+18~07242_20260929_030459.wav,DEV_002_20260929_030459.wav,0,59.40304,18.07242,Phogri,Pholidoptera griseoaptera,Dark Bush-cricket,bush-cricket,0.98,,,29/09/2026,28/09/2026,03:04:59,ClassifEspSWE-0002026-05-29_1,JOHANKARLSSON,202609290755B1T5207C,,Citizen Science (ultrasonic) - shared
59~40304+18~07242_20260929_030505.wav,DEV_002_20260929_030505.wav,0,59.40304,18.07242,Phogri,Pholidoptera griseoaptera,Dark Bush-cricket,bush-cricket,0.98,,,29/09/2026,28/09/2026,03:05:05,ClassifEspSWE-0002026-05-29_1,JOHANKARLSSON,202609290755B1T5207C,,Citizen Science (ultrasonic) - shared
59~40304+18~07242_20260929_030510.wav,DEV_002_20260929_030510.wav,0,59.40304,18.07242,Phogri,Pholidoptera griseoaptera,Dark Bush-cricket,bush-cricket,0.99,,,29/09/2026,28/09/2026,03:05:10,ClassifEspSWE-0002026-05-29_1,JOHANKARLSSON,202609290755B1T5207C,,Citizen Science (ultrasonic) - shared
59~40304+18~07242_20260929_030515.wav,DEV_002_20260929_030515.wav,0,59.40304,18.07242,Phogri,Pholidoptera griseoaptera,Dark Bush-cricket,bush-cricket,0.99,,,29/09/2026,28/09/2026,03:05:15,ClassifEspSWE-0002026-05-29_1,JOHANKARLSSON,202609290755B1T5207C,,Citizen Science (ultrasonic) - shared
59~40304+18~07242_20260929_030522.wav,DEV_002_20260929_030522.wav,0,59.40304,18.07242,Phogri,Pholidoptera griseoaptera,Dark Bush-cricket,bush-cricket,0.99,,,29/09/2026,28/09/2026,03:05:22,ClassifEspSWE-0002026-05-29_1,JOHANKARLSSON,202609290755B1T5207C,,Citizen Science (ultrasonic) - shared
59~40304+18~07242_20260929_030528.wav,DEV_002_20260929_030528.wav,0,59.40304,18.07242,Phogri,Pholidoptera griseoaptera,Dark Bush-cricket,bush-cricket,0.99,,,29/09/2026,28/09/2026,03:05:28,ClassifEspSWE-0002026-05-29_1,JOHANKARLSSON,202609290755B1T5207C,,Citizen Science (ultrasonic) - shared
59~40304+18~07242_20260929_030533.wav,DEV_002_20260929_030533.wav,0,59.40304,18.07242,Phogri,Pholidoptera griseoaptera,Dark Bush-cricket,bush-cricket,0.98,,,29/09/2026,28/09/2026,03:05:33,ClassifEspSWE-0002026-05-29_1,JOHANKARLSSON,202609290755B1T5207C,,Citizen Science (ultrasonic) - shared
59~40304+18~07242_20260929_030538.wav,DEV_002_20260929_030538.wav,0,59.40304,18.07242,Phogri,Pholidoptera griseoaptera,Dark Bush-cricket,bush-cricket,0.98,,,29/09/2026,28/09/2026,03:05:38,ClassifEspSWE-0002026-05-29_1,JOHANKARLSSON,202609290755B1T5207C,,Citizen Science (ultrasonic) - shared
59~40304+18~07242_20260929_030543.wav,DEV_002_20260929_030543.wav,0,59.40304,18.07242,Phogri,Pholidoptera griseoaptera,Dark Bush-cricket,bush-cricket,0.94,,,29/09/2026,28/09/2026,03:05:43,ClassifEspSWE-0002026-05-29_1,JOHANKARLSSON,202609290755B1T5207C,,Citizen Science (ultrasonic) - shared
59~40304+18~07242_20260929_030550.wav,DEV_002_20260929_030550.wav,0,59.40304,18.07242,Phogri,Pholidoptera griseoaptera,Dark Bush-cricket,bush-cricket,0.94,,,29/09/2026,28/09/2026,03:05:50,ClassifEspSWE-0002026-05-29_1,JOHANKARLSSON,202609290755B1T5207C,,Citizen Science (ultrasonic) - shared
59~40304+18~07242_20260929_030556.wav,DEV_002_20260929_030556.wav,0,59.40304,18.07242,Phogri,Pholidoptera griseoaptera,Dark Bush-cricket,bush-cricket,0.97,,,29/09/2026,28/09/2026,03:05:56,ClassifEspSWE-0002026-05-29_1,JOHANKARLSSON,202609290755B1T5207C,,Citizen Science (ultrasonic) - shared
59~40304+18~07242_20260929_030602.wav,DEV_002_20260929_030602.wav,0,59.40304,18.07242,Phogri,Pholidoptera griseoaptera,Dark Bush-cricket,bush-cricket,0.99,,,29/09/2026,28/09/2026,03:06:02,ClassifEspSWE-0002026-05-29_1,JOHANKARLSSON,202609290755B1T5207C,,Citizen Science (ultrasonic) - shared
59~40304+18~07242_20260929_030608.wav,DEV_002_20260929_030608.wav,0,59.40304,18.07242,Phogri,Pholidoptera griseoaptera,Dark Bush-cricket,bush-cricket,0.99,,,29/09/2026,28/09/2026,03:06:08,ClassifEspSWE-0002026-05-29_1,JOHANKARLSSON,202609290755B1T5207C,,Citizen Science (ultrasonic) - shared
59~40304+18~07242_20260929_030613.wav,DEV_002_20260929_030613.wav,0,59.40304,18.07242,Phogri,Pholidoptera griseoaptera,Dark Bush-cricket,bush-cricket,0.97,,,29/09/2026,28/09/2026,03:06:13,ClassifEspSWE-0002026-05-29_1,JOHANKARLSSON,202609290755B1T5207C,,Citizen Science (ultrasonic) - shared
59~40304+18~07242_20260929_030618.wav,DEV_002_20260929_030618.wav,0,59.40304,18.07242,Phogri,Pholidoptera griseoaptera,Dark Bush-cricket,bush-cricket,0.95,,,29/09/2026,28/09/2026,03:06:18,ClassifEspSWE-0002026-05-29_1,JOHANKARLSSON,202609290755B1T5207C,,Citizen Science (ultrasonic) - shared
59~40304+18~07242_20260929_030624.wav,DEV_002_20260929_030624.wav,0,59.40304,18.07242,Phogri,Pholidoptera griseoaptera,Dark Bush-cricket,bush-cricket,0.99,,,29/09/2026,28/09/2026,03:06:24,ClassifEspSWE-0002026-05-29_1,JOHANKARLSSON,202609290755B1T5207C,,Citizen Science (ultrasonic) - shared
59~40304+18~07242_20260929_030629.wav,DEV_002_20260929_030629.wav,0,59.40304,18.07242,Phogri,Pholidoptera griseoaptera,Dark Bush-cricket,bush-cricket,0.81,,,29/09/2026,28/09/2026,03:06:29,ClassifEspSWE-0002026-05-29_1,JOHANKARLSSON,202609290755B1T5207C,,Citizen Science (ultrasonic) - shared
59~40304+18~07242_20260929_030635.wav,DEV_002_20260929_030635.wav,0,59.40304,18.07242,Phogri,Pholidoptera griseoaptera,Dark Bush-cricket,bush-cricket,0.88,,,29/09/2026,28/09/2026,03:06:35,ClassifEspSWE-0002026-05-29_1,JOHANKARLSSON,202609290755B1T5207C,,Citizen Science (ultrasonic) - shared
59~40304+18~07242_20260929_030641.wav,DEV_002_20260929_030641.wav,0,59.40304,18.07242,Phogri,Pholidoptera griseoaptera,Dark Bush-cricket,bush-cricket,0.92,,,29/09/2026,28/09/2026,03:06:41,ClassifEspSWE-0002026-05-29_1,JOHANKARLSSON,202609290755B1T5207C,,Citizen Science (ultrasonic) - shared
59~40304+18~07242_20260929_030647.wav,DEV_002_20260929_030647.wav,0,59.40304,18.07242,Phogri,Pholidoptera griseoaptera,Dark Bush-cricket,bush-cricket,0.94,,,29/09/2026,28/09/2026,03:06:47,ClassifEspSWE-0002026-05-29_1,JOHANKARLSSON,202609290755B1T5207C,,Citizen Science (ultrasonic) - shared
59~40304+18~07242_20260929_030653.wav,DEV_002_20260929_030653.wav,0,59.40304,18.07242,Phogri,Pholidoptera griseoaptera,Dark Bush-cricket,bush-cricket,0.98,,,29/09/2026,28/09/2026,03:06:53,ClassifEspSWE-0002026-05-29_1,JOHANKARLSSON,202609290755B1T5207C,,Citizen Science (ultrasonic) - shared
59~40304+18~07242_20260929_030659.wav,DEV_002_20260929_030659.wav,0,59.40304,18.07242,Phogri,Pholidoptera griseoaptera,Dark Bush-cricket,bush-cricket,0.96,,,29/09/2026,28/09/2026,03:06:59,ClassifEspSWE-0002026-05-29_1,JOHANKARLSSON,202609290755B1T5207C,,Citizen Science (ultrasonic) - shared
59~40304+18~07242_20260929_030705.wav,DEV_002_20260929_030705.wav,0,59.40304,18.07242,Phogri,Pholidoptera griseoaptera,Dark Bush-cricket,bush-cricket,0.94,,,29/09/2026,28/09/2026,03:07:05,ClassifEspSWE-0002026-05-29_1,JOHANKARLSSON,202609290755B1T5207C,,Citizen Science (ultrasonic) - shared
59~40304+18~07242_20260929_030711.wav,DEV_002_20260929_030711.wav,0,59.40304,18.07242,Phogri,Pholidoptera griseoaptera,Dark Bush-cricket,bush-cricket,0.98,,,29/09/2026,28/09/2026,03:07:11,ClassifEspSWE-0002026-05-29_1,JOHANKARLSSON,202609290755B1T5207C,,Citizen Science (ultrasonic) - shared
59~40304+18~07242_20260929_030717.wav,DEV_002_20260929_030717.wav,0,59.40304,18.07242,Phogri,Pholidoptera griseoaptera,Dark Bush-cricket,bush-cricket,0.99,,,29/09/2026,28/09/2026,03:07:17,ClassifEspSWE-0002026-05-29_1,JOHANKARLSSON,202609290755B1T5207C,,Citizen Science (ultrasonic) - shared
59~40304+18~07242_20260929_030723.wav,DEV_002_20260929_030723.wav,0,59.40304,18.07242,Phogri,Pholidoptera griseoaptera,Dark Bush-cricket,bush-cricket,0.94,,,29/09/2026,28/09/2026,03:07:23,ClassifEspSWE-0002026-05-29_1,JOHANKARLSSON,202609290755B1T5207C,,Citizen Science (ultrasonic) - shared
59~40304+18~07242_20260929_030728.wav,DEV_002_20260929_030728.wav,0,59.40304,18.07242,Phogri,Pholidoptera griseoaptera,Dark Bush-cricket,bush-cricket,0.98,,,29/09/2026,28/09/2026,03:07:28,ClassifEspSWE-0002026-05-29_1,JOHANKARLSSON,202609290755B1T5207C,,Citizen Science (ultrasonic) - shared
59~40304+18~07242_20260929_030735.wav,DEV_002_20260929_030735.wav,0,59.40304,18.07242,Phogri,Pholidoptera griseoaptera,Dark Bush-cricket,bush-cricket,0.93,,,29/09/2026,28/09/2026,03:07:35,ClassifEspSWE-0002026-05-29_1,JOHANKARLSSON,202609290755B1T5207C,,Citizen Science (ultrasonic) - shared
59~40304+18~07242_20260929_030741.wav,DEV_002_20260929_030741.wav,0,59.40304,18.07242,Phogri,Pholidoptera griseoaptera,Dark Bush-cricket,bush-cricket,0.92,,,29/09/2026,28/09/2026,03:07:41,ClassifEspSWE-0002026-05-29_1,JOHANKARLSSON,202609290755B1T5207C,,Citizen Science (ultrasonic) - shared
59~40304+18~07242_20260929_030746.wav,DEV_002_20260929_030746.wav,0,59.40304,18.07242,Phogri,Pholidoptera griseoaptera,Dark Bush-cricket,bush-cricket,0.97,,,29/09/2026,28/09/2026,03:07:46,ClassifEspSWE-0002026-05-29_1,JOHANKARLSSON,202609290755B1T5207C,,Citizen Science (ultrasonic) - shared
59~40304+18~07242_20260929_030752.wav,DEV_002_20260929_030752.wav,0,59.40304,18.07242,Phogri,Pholidoptera griseoaptera,Dark Bush-cricket,bush-cricket,0.96,,,29/09/2026,28/09/2026,03:07:52,ClassifEspSWE-0002026-05-29_1,JOHANKARLSSON,202609290755B1T5207C,,Citizen Science (ultrasonic) - shared
59~40304+18~07242_20260929_030758.wav,DEV_002_20260929_030758.wav,0,59.40304,18.07242,Phogri,Pholidoptera griseoaptera,Dark Bush-cricket,bush-cricket,0.94,,,29/09/2026,28/09/2026,03:07:58,ClassifEspSWE-0002026-05-29_1,JOHANKARLSSON,202609290755B1T5207C,,Citizen Science (ultrasonic) - shared
59~40304+18~07242_20260929_030803.wav,DEV_002_20260929_030803.wav,0,59.40304,18.07242,Phogri,Pholidoptera griseoaptera,Dark Bush-cricket,bush-cricket,0.91,,,29/09/2026,28/09/2026,03:08:03,ClassifEspSWE-0002026-05-29_1,JOHANKARLSSON,202609290755B1T5207C,,Citizen Science (ultrasonic) - shared
59~40304+18~07242_20260929_030809.wav,DEV_002_20260929_030809.wav,0,59.40304,18.07242,Phogri,Pholidoptera griseoaptera,Dark Bush-cricket,bush-cricket,0.95,,,29/09/2026,28/09/2026,03:08:09,ClassifEspSWE-0002026-05-29_1,JOHANKARLSSON,202609290755B1T5207C,,Citizen Science (ultrasonic) - shared
59~40304+18~07242_20260929_030814.wav,DEV_002_20260929_030814.wav,0,59.40304,18.07242,Phogri,Pholidoptera griseoaptera,Dark Bush-cricket,bush-cricket,0.97,,,29/09/2026,28/09/2026,03:08:14,ClassifEspSWE-0002026-05-29_1,JOHANKARLSSON,202609290755B1T5207C,,Citizen Science (ultrasonic) - shared
59~40304+18~07242_20260929_030820.wav,DEV_002_20260929_030820.wav,0,59.40304,18.07242,Phogri,Pholidoptera griseoaptera,Dark Bush-cricket,bush-cricket,0.98,,,29/09/2026,28/09/2026,03:08:20,ClassifEspSWE-0002026-05-29_1,JOHANKARLSSON,202609290755B1T5207C,,Citizen Science (ultrasonic) - shared
59~40304+18~07242_20260929_030826.wav,DEV_002_20260929_030826.wav,0,59.40304,18.07242,Phogri,Pholidoptera griseoaptera,Dark Bush-cricket,bush-cricket,0.94,,,29/09/2026,28/09/2026,03:08:26,ClassifEspSWE-0002026-05-29_1,JOHANKARLSSON,202609290755B1T5207C,,Citizen Science (ultrasonic) - shared
59~40304+18~07242_20260929_030832.wav,DEV_002_20260929_030832.wav,0,59.40304,18.07242,Phogri,Pholidoptera griseoaptera,Dark Bush-cricket,bush-cricket,0.99,,,29/09/2026,28/09/2026,03:08:32,ClassifEspSWE-0002026-05-29_1,JOHANKARLSSON,202609290755B1T5207C,,Citizen Science (ultrasonic) - shared
59~40304+18~07242_20260929_030838.wav,DEV_002_20260929_030838.wav,0,59.40304,18.07242,Phogri,Pholidoptera griseoaptera,Dark Bush-cricket,bush-cricket,0.97,,,29/09/2026,28/09/2026,03:08:38,ClassifEspSWE-0002026-05-29_1,JOHANKARLSSON,202609290755B1T5207C,,Citizen Science (ultrasonic) - shared
59~40304+18~07242_20260929_030843.wav,DEV_002_20260929_030843.wav,0,59.40304,18.07242,Phogri,Pholidoptera griseoaptera,Dark Bush-cricket,bush-cricket,0.98,,,29/09/2026,28/09/2026,03:08:43,ClassifEspSWE-0002026-05-29_1,JOHANKARLSSON,202609290755B1T5207C,,Citizen Science (ultrasonic) - shared
59~40304+18~07242_20260929_030848.wav,DEV_002_20260929_030848.wav,0,59.40304,18.07242,Phogri,Pholidoptera griseoaptera,Dark Bush-cricket,bush-cricket,0.97,,,29/09/2026,28/09/2026,03:08:48,ClassifEspSWE-0002026-05-29_1,JOHANKARLSSON,202609290755B1T5207C,,Citizen Science (ultrasonic) - shared
59~40304+18~07242_20260929_030854.wav,DEV_002_20260929_030854.wav,0,59.40304,18.07242,Phogri,Pholidoptera griseoaptera,Dark Bush-cricket,bush-cricket,0.98,,,29/09/2026,28/09/2026,03:08:54,ClassifEspSWE-0002026-05-29_1,JOHANKARLSSON,202609290755B1T5207C,,Citizen Science (ultrasonic) - shared
59~40304+18~07242_20260929_030900.wav,DEV_002_20260929_030900.wav,0,59.40304,18.07242,Phogri,Pholidoptera griseoaptera,Dark Bush-cricket,bush-cricket,0.94,,,29/09/2026,28/09/2026,03:09:00,ClassifEspSWE-0002026-05-29_1,JOHANKARLSSON,202609290755B1T5207C,,Citizen Science (ultrasonic) - shared
59~40304+18~07242_20260929_030905.wav,DEV_002_20260929_030905.wav,0,59.40304,18.07242,Phogri,Pholidoptera griseoaptera,Dark Bush-cricket,bush-cricket,0.99,,,29/09/2026,28/09/2026,03:09:05,ClassifEspSWE-0002026-05-29_1,JOHANKARLSSON,202609290755B1T5207C,,Citizen Science (ultrasonic) - shared
59~40304+18~07242_20260929_030911.wav,DEV_002_20260929_030911.wav,0,59.40304,18.07242,Phogri,Pholidoptera griseoaptera,Dark Bush-cricket,bush-cricket,0.89,,,29/09/2026,28/09/2026,03:09:11,ClassifEspSWE-0002026-05-29_1,JOHANKARLSSON,202609290755B1T5207C,,Citizen Science (ultrasonic) - shared
59~40304+18~07242_20260929_030917.wav,DEV_002_20260929_030917.wav,0,59.40304,18.07242,Phogri,Pholidoptera griseoaptera,Dark Bush-cricket,bush-cricket,0.98,,,29/09/2026,28/09/2026,03:09:17,ClassifEspSWE-0002026-05-29_1,JOHANKARLSSON,202609290755B1T5207C,,Citizen Science (ultrasonic) - shared
59~40304+18~07242_20260929_030922.wav,DEV_002_20260929_030922.wav,0,59.40304,18.07242,Phogri,Pholidoptera griseoaptera,Dark Bush-cricket,bush-cricket,0.95,,,29/09/2026,28/09/2026,03:09:22,ClassifEspSWE-0002026-05-29_1,JOHANKARLSSON,202609290755B1T5207C,,Citizen Science (ultrasonic) - shared
59~40304+18~07242_20260929_030928.wav,DEV_002_20260929_030928.wav,0,59.40304,18.07242,Phogri,Pholidoptera griseoaptera,Dark Bush-cricket,bush-cricket,0.99,,,29/09/2026,28/09/2026,03:09:28,ClassifEspSWE-0002026-05-29_1,JOHANKARLSSON,202609290755B1T5207C,,Citizen Science (ultrasonic) - shared
59~40304+18~07242_20260929_030933.wav,DEV_002_20260929_030933.wav,0,59.40304,18.07242,Phogri,Pholidoptera griseoaptera,Dark Bush-cricket,bush-cricket,0.9,,,29/09/2026,28/09/2026,03:09:33,ClassifEspSWE-0002026-05-29_1,JOHANKARLSSON,202609290755B1T5207C,,Citizen Science (ultrasonic) - shared
59~40304+18~07242_20260929_030939.wav,DEV_002_20260929_030939.wav,0,59.40304,18.07242,Phogri,Pholidoptera griseoaptera,Dark Bush-cricket,bush-cricket,0.98,,,29/09/2026,28/09/2026,03:09:39,ClassifEspSWE-0002026-05-29_1,JOHANKARLSSON,202609290755B1T5207C,,Citizen Science (ultrasonic) - shared
59~40304+18~07242_20260929_030944.wav,DEV_002_20260929_030944.wav,0,59.40304,18.07242,Phogri,Pholidoptera griseoaptera,Dark Bush-cricket,bush-cricket,0.98,,,29/09/2026,28/09/2026,03:09:44,ClassifEspSWE-0002026-05-29_1,JOHANKARLSSON,202609290755B1T5207C,,Citizen Science (ultrasonic) - shared
59~40304+18~07242_20260929_030949.wav,DEV_002_20260929_030949.wav,0,59.40304,18.07242,Phogri,Pholidoptera griseoaptera,Dark Bush-cricket,bush-cricket,0.94,,,29/09/2026,28/09/2026,03:09:49,ClassifEspSWE-0002026-05-29_1,JOHANKARLSSON,202609290755B1T5207C,,Citizen Science (ultrasonic) - shared
59~40304+18~07242_20260929_030955.wav,DEV_002_20260929_030955.wav,0,59.40304,18.07242,Phogri,Pholidoptera griseoaptera,Dark Bush-cricket,bush-cricket,0.97,,,29/09/2026,28/09/2026,03:09:55,ClassifEspSWE-0002026-05-29_1,JOHANKARLSSON,202609290755B1T5207C,,Citizen Science (ultrasonic) - shared
59~40304+18~07242_20260929_031000.wav,DEV_002_20260929_031000.wav,0,59.40304,18.07242,Phogri,Pholidoptera griseoaptera,Dark Bush-cricket,bush-cricket,0.98,,,29/09/2026,28/09/2026,03:10:00,ClassifEspSWE-0002026-05-29_1,JOHANKARLSSON,202609290755B1T5207C,,Citizen Science (ultrasonic) - shared
59~40304+18~07242_20260929_031005.wav,DEV_002_20260929_031005.wav,0,59.40304,18.07242,Phogri,Pholidoptera griseoaptera,Dark Bush-cricket,bush-cricket,0.98,,,29/09/2026,28/09/2026,03:10:05,ClassifEspSWE-0002026-05-29_1,JOHANKARLSSON,202609290755B1T5207C,,Citizen Science (ultrasonic) - shared
59~40304+18~07242_20260929_031012.wav,DEV_002_20260929_031012.wav,0,59.40304,18.07242,Phogri,Pholidoptera griseoaptera,Dark Bush-cricket,bush-cricket,0.96,,,29/09/2026,28/09/2026,03:10:12,ClassifEspSWE-0002026-05-29_1,JOHANKARLSSON,202609290755B1T5207C,,Citizen Science (ultrasonic) - shared
59~40304+18~07242_20260929_031017.wav,DEV_002_20260929_031017.wav,0,59.40304,18.07242,Phogri,Pholidoptera griseoaptera,Dark Bush-cricket,bush-cricket,0.95,,,29/09/2026,28/09/2026,03:10:17,ClassifEspSWE-0002026-05-29_1,JOHANKARLSSON,202609290755B1T5207C,,Citizen Science (ultrasonic) - shared
59~40304+18~07242_20260929_031023.wav,DEV_002_20260929_031023.wav,0,59.40304,18.07242,Phogri,Pholidoptera griseoaptera,Dark Bush-cricket,bush-cricket,0.97,,,29/09/2026,28/09/2026,03:10:23,ClassifEspSWE-0002026-05-29_1,JOHANKARLSSON,202609290755B1T5207C,,Citizen Science (ultrasonic) - shared
59~40304+18~07242_20260929_031029.wav,DEV_002_20260929_031029.wav,0,59.40304,18.07242,Phogri,Pholidoptera griseoaptera,Dark Bush-cricket,bush-cricket,0.92,,,29/09/2026,28/09/2026,03:10:29,ClassifEspSWE-0002026-05-29_1,JOHANKARLSSON,202609290755B1T5207C,,Citizen Science (ultrasonic) - shared
59~40304+18~07242_20260929_031035.wav,DEV_002_20260929_031035.wav,0,59.40304,18.07242,Phogri,Pholidoptera griseoaptera,Dark Bush-cricket,bush-cricket,0.98,,,29/09/2026,28/09/2026,03:10:35,ClassifEspSWE-0002026-05-29_1,JOHANKARLSSON,202609290755B1T5207C,,Citizen Science (ultrasonic) - shared
59~40304+18~07242_20260929_031041.wav,DEV_002_20260929_031041.wav,0,59.40304,18.07242,Phogri,Pholidoptera griseoaptera,Dark Bush-cricket,bush-cricket,0.9,,,29/09/2026,28/09/2026,03:10:41,ClassifEspSWE-0002026-05-29_1,JOHANKARLSSON,202609290755B1T5207C,,Citizen Science (ultrasonic) - shared
59~40304+18~07242_20260929_031046.wav,DEV_002_20260929_031046.wav,0,59.40304,18.07242,Phogri,Pholidoptera griseoaptera,Dark Bush-cricket,bush-cricket,0.98,,,29/09/2026,28/09/2026,03:10:46,ClassifEspSWE-0002026-05-29_1,JOHANKARLSSON,202609290755B1T5207C,,Citizen Science (ultrasonic) - shared
59~40304+18~07242_20260929_031052.wav,DEV_002_20260929_031052.wav,0,59.40304,18.07242,Phogri,Pholidoptera griseoaptera,Dark Bush-cricket,bush-cricket,0.97,,,29/09/2026,28/09/2026,03:10:52,ClassifEspSWE-0002026-05-29_1,JOHANKARLSSON,202609290755B1T5207C,,Citizen Science (ultrasonic) - shared
59~40304+18~07242_20260929_031058.wav,DEV_002_20260929_031058.wav,0,59.40304,18.07242,Phogri,Pholidoptera griseoaptera,Dark Bush-cricket,bush-cricket,0.96,,,29/09/2026,28/09/2026,03:10:58,ClassifEspSWE-0002026-05-29_1,JOHANKARLSSON,202609290755B1T5207C,,Citizen Science (ultrasonic) - shared
59~40304+18~07242_20260929_031104.wav,DEV_002_20260929_031104.wav,0,59.40304,18.07242,Phogri,Pholidoptera griseoaptera,Dark Bush-cricket,bush-cricket,0.91,,,29/09/2026,28/09/2026,03:11:04,ClassifEspSWE-0002026-05-29_1,JOHANKARLSSON,202609290755B1T5207C,,Citizen Science (ultrasonic) - shared
59~40304+18~07242_20260929_031109.wav,DEV_002_20260929_031109.wav,0,59.40304,18.07242,Phogri,Pholidoptera griseoaptera,Dark Bush-cricket,bush-cricket,0.97,,,29/09/2026,28/09/2026,03:11:09,ClassifEspSWE-0002026-05-29_1,JOHANKARLSSON,202609290755B1T5207C,,Citizen Science (ultrasonic) - shared
59~40304+18~07242_20260929_031116.wav,DEV_002_20260929_031116.wav,0,59.40304,18.07242,Phogri,Pholidoptera griseoaptera,Dark Bush-cricket,bush-cricket,0.95,,,29/09/2026,28/09/2026,03:11:16,ClassifEspSWE-0002026-05-29_1,JOHANKARLSSON,202609290755B1T5207C,,Citizen Science (ultrasonic) - shared
59~40304+18~07242_20260929_031122.wav,DEV_002_20260929_031122.wav,0,59.40304,18.07242,Phogri,Pholidoptera griseoaptera,Dark Bush-cricket,bush-cricket,0.99,,,29/09/2026,28/09/2026,03:11:22,ClassifEspSWE-0002026-05-29_1,JOHANKARLSSON,202609290755B1T5207C,,Citizen Science (ultrasonic) - shared
59~40304+18~07242_20260929_031127.wav,DEV_002_20260929_031127.wav,0,59.40304,18.07242,Phogri,Pholidoptera griseoaptera,Dark Bush-cricket,bush-cricket,0.97,,,29/09/2026,28/09/2026,03:11:27,ClassifEspSWE-0002026-05-29_1,JOHANKARLSSON,202609290755B1T5207C,,Citizen Science (ultrasonic) - shared
59~40304+18~07242_20260929_031133.wav,DEV_002_20260929_031133.wav,0,59.40304,18.07242,Phogri,Pholidoptera griseoaptera,Dark Bush-cricket,bush-cricket,0.94,,,29/09/2026,28/09/2026,03:11:33,ClassifEspSWE-0002026-05-29_1,JOHANKARLSSON,202609290755B1T5207C,,Citizen Science (ultrasonic) - shared
59~40304+18~07242_20260929_031138.wav,DEV_002_20260929_031138.wav,0,59.40304,18.07242,Phogri,Pholidoptera griseoaptera,Dark Bush-cricket,bush-cricket,0.98,,,29/09/2026,28/09/2026,03:11:38,ClassifEspSWE-0002026-05-29_1,JOHANKARLSSON,202609290755B1T5207C,,Citizen Science (ultrasonic) - shared
59~40304+18~07242_20260929_031144.wav,DEV_002_20260929_031144.wav,0,59.40304,18.07242,Phogri,Pholidoptera griseoaptera,Dark Bush-cricket,bush-cricket,0.93,,,29/09/2026,28/09/2026,03:11:44,ClassifEspSWE-0002026-05-29_1,JOHANKARLSSON,202609290755B1T5207C,,Citizen Science (ultrasonic) - shared
59~40304+18~07242_20260929_031149.wav,DEV_002_20260929_031149.wav,0,59.40304,18.07242,Phogri,Pholidoptera griseoaptera,Dark Bush-cricket,bush-cricket,0.93,,,29/09/2026,28/09/2026,03:11:49,ClassifEspSWE-0002026-05-29_1,JOHANKARLSSON,202609290755B1T5207C,,Citizen Science (ultrasonic) - shared
59~40304+18~07242_20260929_031154.wav,DEV_002_20260929_031154.wav,0,59.40304,18.07242,Phogri,Pholidoptera griseoaptera,Dark Bush-cricket,bush-cricket,0.93,,,29/09/2026,28/09/2026,03:11:54,ClassifEspSWE-0002026-05-29_1,JOHANKARLSSON,202609290755B1T5207C,,Citizen Science (ultrasonic) - shared
59~40304+18~07242_20260929_031200.wav,DEV_002_20260929_031200.wav,0,59.40304,18.07242,Phogri,Pholidoptera griseoaptera,Dark Bush-cricket,bush-cricket,0.93,,,29/09/2026,28/09/2026,03:12:00,ClassifEspSWE-0002026-05-29_1,JOHANKARLSSON,202609290755B1T5207C,,Citizen Science (ultrasonic) - shared
59~40304+18~07242_20260929_031206.wav,DEV_002_20260929_031206.wav,0,59.40304,18.07242,Phogri,Pholidoptera griseoaptera,Dark Bush-cricket,bush-cricket,0.97,,,29/09/2026,28/09/2026,03:12:06,ClassifEspSWE-0002026-05-29_1,JOHANKARLSSON,202609290755B1T5207C,,Citizen Science (ultrasonic) - shared
59~40304+18~07242_20260929_031212.wav,DEV_002_20260929_031212.wav,0,59.40304,18.07242,Phogri,Pholidoptera griseoaptera,Dark Bush-cricket,bush-cricket,0.93,,,29/09/2026,28/09/2026,03:12:12,ClassifEspSWE-0002026-05-29_1,JOHANKARLSSON,202609290755B1T5207C,,Citizen Science (ultrasonic) - shared
59~40304+18~07242_20260929_031217.wav,DEV_002_20260929_031217.wav,0,59.40304,18.07242,Phogri,Pholidoptera griseoaptera,Dark Bush-cricket,bush-cricket,0.98,,,29/09/2026,28/09/2026,03:12:17,ClassifEspSWE-0002026-05-29_1,JOHANKARLSSON,202609290755B1T5207C,,Citizen Science (ultrasonic) - shared
59~40304+18~07242_20260929_031222.wav,DEV_002_20260929_031222.wav,0,59.40304,18.07242,Phogri,Pholidoptera griseoaptera,Dark Bush-cricket,bush-cricket,0.94,,,29/09/2026,28/09/2026,03:12:22,ClassifEspSWE-0002026-05-29_1,JOHANKARLSSON,202609290755B1T5207C,,Citizen Science (ultrasonic) - shared
59~40304+18~07242_20260929_031228.wav,DEV_002_20260929_031228.wav,0,59.40304,18.07242,Phogri,Pholidoptera griseoaptera,Dark Bush-cricket,bush-cricket,0.94,,,29/09/2026,28/09/2026,03:12:28,ClassifEspSWE-0002026-05-29_1,JOHANKARLSSON,202609290755B1T5207C,,Citizen Science (ultrasonic) - shared
59~40304+18~07242_20260929_031234.wav,DEV_002_20260929_031234.wav,0,59.40304,18.07242,Phogri,Pholidoptera griseoaptera,Dark Bush-cricket,bush-cricket,0.92,,,29/09/2026,28/09/2026,03:12:34,ClassifEspSWE-0002026-05-29_1,JOHANKARLSSON,202609290755B1T5207C,,Citizen Science (ultrasonic) - shared
59~40304+18~07242_20260929_031241.wav,DEV_002_20260929_031241.wav,0,59.40304,18.07242,Phogri,Pholidoptera griseoaptera,Dark Bush-cricket,bush-cricket,0.97,,,29/09/2026,28/09/2026,03:12:41,ClassifEspSWE-0002026-05-29_1,JOHANKARLSSON,202609290755B1T5207C,,Citizen Science (ultrasonic) - shared
59~40304+18~07242_20260929_031247.wav,DEV_002_20260929_031247.wav,0,59.40304,18.07242,Phogri,Pholidoptera griseoaptera,Dark Bush-cricket,bush-cricket,0.96,,,29/09/2026,28/09/2026,03:12:47,ClassifEspSWE-0002026-05-29_1,JOHANKARLSSON,202609290755B1T5207C,,Citizen Science (ultrasonic) - shared
59~40304+18~07242_20260929_031253.wav,DEV_002_20260929_031253.wav,0,59.40304,18.07242,Phogri,Pholidoptera griseoaptera,Dark Bush-cricket,bush-cricket,0.95,,,29/09/2026,28/09/2026,03:12:53,ClassifEspSWE-0002026-05-29_1,JOHANKARLSSON,202609290755B1T5207C,,Citizen Science (ultrasonic) - shared
59~40304+18~07242_20260929_031258.wav,DEV_002_20260929_031258.wav,0,59.40304,18.07242,Phogri,Pholidoptera griseoaptera,Dark Bush-cricket,bush-cricket,0.99,,,29/09/2026,28/09/2026,03:12:58,ClassifEspSWE-0002026-05-29_1,JOHANKARLSSON,202609290755B1T5207C,,Citizen Science (ultrasonic) - shared
59~40304+18~07242_20260929_031303.wav,DEV_002_20260929_031303.wav,0,59.40304,18.07242,Phogri,Pholidoptera griseoaptera,Dark Bush-cricket,bush-cricket,0.98,,,29/09/2026,28/09/2026,03:13:03,ClassifEspSWE-0002026-05-29_1,JOHANKARLSSON,202609290755B1T5207C,,Citizen Science (ultrasonic) - shared
59~40304+18~07242_20260929_031310.wav,DEV_002_20260929_031310.wav,0,59.40304,18.07242,Phogri,Pholidoptera griseoaptera,Dark Bush-cricket,bush-cricket,0.99,,,29/09/2026,28/09/2026,03:13:10,ClassifEspSWE-0002026-05-29_1,JOHANKARLSSON,202609290755B1T5207C,,Citizen Science (ultrasonic) - shared
59~40304+18~07242_20260929_031315.wav,DEV_002_20260929_031315.wav,0,59.40304,18.07242,Phogri,Pholidoptera griseoaptera,Dark Bush-cricket,bush-cricket,0.98,,,29/09/2026,28/09/2026,03:13:15,ClassifEspSWE-0002026-05-29_1,JOHANKARLSSON,202609290755B1T5207C,,Citizen Science (ultrasonic) - shared
59~40304+18~07242_20260929_031321.wav,DEV_002_20260929_031321.wav,0,59.40304,18.07242,Phogri,Pholidoptera griseoaptera,Dark Bush-cricket,bush-cricket,0.98,,,29/09/2026,28/09/2026,03:13:21,ClassifEspSWE-0002026-05-29_1,JOHANKARLSSON,202609290755B1T5207C,,Citizen Science (ultrasonic) - shared
59~40304+18~07242_20260929_031328.wav,DEV_002_20260929_031328.wav,0,59.40304,18.07242,Phogri,Pholidoptera griseoaptera,Dark Bush-cricket,bush-cricket,0.94,,,29/09/2026,28/09/2026,03:13:28,ClassifEspSWE-0002026-05-29_1,JOHANKARLSSON,202609290755B1T5207C,,Citizen Science (ultrasonic) - shared
59~40304+18~07242_20260929_031333.wav,DEV_002_20260929_031333.wav,0,59.40304,18.07242,Phogri,Pholidoptera griseoaptera,Dark Bush-cricket,bush-cricket,0.88,,,29/09/2026,28/09/2026,03:13:33,ClassifEspSWE-0002026-05-29_1,JOHANKARLSSON,202609290755B1T5207C,,Citizen Science (ultrasonic) - shared
59~40304+18~07242_20260929_031339.wav,DEV_002_20260929_031339.wav,0,59.40304,18.07242,Phogri,Pholidoptera griseoaptera,Dark Bush-cricket,bush-cricket,0.96,,,29/09/2026,28/09/2026,03:13:39,ClassifEspSWE-0002026-05-29_1,JOHANKARLSSON,202609290755B1T5207C,,Citizen Science (ultrasonic) - shared
59~40304+18~07242_20260929_031344.wav,DEV_002_20260929_031344.wav,0,59.40304,18.07242,Phogri,Pholidoptera griseoaptera,Dark Bush-cricket,bush-cricket,0.95,,,29/09/2026,28/09/2026,03:13:44,ClassifEspSWE-0002026-05-29_1,JOHANKARLSSON,202609290755B1T5207C,,Citizen Science (ultrasonic) - shared
59~40304+18~07242_20260929_031350.wav,DEV_002_20260929_031350.wav,0,59.40304,18.07242,Phogri,Pholidoptera griseoaptera,Dark Bush-cricket,bush-cricket,0.97,,,29/09/2026,28/09/2026,03:13:50,ClassifEspSWE-0002026-05-29_1,JOHANKARLSSON,202609290755B1T5207C,,Citizen Science (ultrasonic) - shared
59~40304+18~07242_20260929_031355.wav,DEV_002_20260929_031355.wav,0,59.40304,18.07242,Phogri,Pholidoptera griseoaptera,Dark Bush-cricket,bush-cricket,0.94,,,29/09/2026,28/09/2026,03:13:55,ClassifEspSWE-0002026-05-29_1,JOHANKARLSSON,202609290755B1T5207C,,Citizen Science (ultrasonic) - shared
59~40304+18~07242_20260929_031401.wav,DEV_002_20260929_031401.wav,0,59.40304,18.07242,Phogri,Pholidoptera griseoaptera,Dark Bush-cricket,bush-cricket,0.95,,,29/09/2026,28/09/2026,03:14:01,ClassifEspSWE-0002026-05-29_1,JOHANKARLSSON,202609290755B1T5207C,,Citizen Science (ultrasonic) - shared
59~40304+18~07242_20260929_031406.wav,DEV_002_20260929_031406.wav,0,59.40304,18.07242,Phogri,Pholidoptera griseoaptera,Dark Bush-cricket,bush-cricket,0.99,,,29/09/2026,28/09/2026,03:14:06,ClassifEspSWE-0002026-05-29_1,JOHANKARLSSON,202609290755B1T5207C,,Citizen Science (ultrasonic) - shared
59~40304+18~07242_20260929_031411.wav,DEV_002_20260929_031411.wav,0,59.40304,18.07242,Phogri,Pholidoptera griseoaptera,Dark Bush-cricket,bush-cricket,0.99,,,29/09/2026,28/09/2026,03:14:11,ClassifEspSWE-0002026-05-29_1,JOHANKARLSSON,202609290755B1T5207C,,Citizen Science (ultrasonic) - shared
59~40304+18~07242_20260929_031416.wav,DEV_002_20260929_031416.wav,0,59.40304,18.07242,Phogri,Pholidoptera griseoaptera,Dark Bush-cricket,bush-cricket,0.98,,,29/09/2026,28/09/2026,03:14:16,ClassifEspSWE-0002026-05-29_1,JOHANKARLSSON,202609290755B1T5207C,,Citizen Science (ultrasonic) - shared
59~40304+18~07242_20260929_031422.wav,DEV_002_20260929_031422.wav,0,59.40304,18.07242,Phogri,Pholidoptera griseoaptera,Dark Bush-cricket,bush-cricket,0.92,,,29/09/2026,28/09/2026,03:14:22,ClassifEspSWE-0002026-05-29_1,JOHANKARLSSON,202609290755B1T5207C,,Citizen Science (ultrasonic) - shared
59~40304+18~07242_20260929_031428.wav,DEV_002_20260929_031428.wav,0,59.40304,18.07242,Phogri,Pholidoptera griseoaptera,Dark Bush-cricket,bush-cricket,0.95,,,29/09/2026,28/09/2026,03:14:28,ClassifEspSWE-0002026-05-29_1,JOHANKARLSSON,202609290755B1T5207C,,Citizen Science (ultrasonic) - shared
59~40304+18~07242_20260929_031433.wav,DEV_002_20260929_031433.wav,0,59.40304,18.07242,Phogri,Pholidoptera griseoaptera,Dark Bush-cricket,bush-cricket,0.94,,,29/09/2026,28/09/2026,03:14:33,ClassifEspSWE-0002026-05-29_1,JOHANKARLSSON,202609290755B1T5207C,,Citizen Science (ultrasonic) - shared
59~40304+18~07242_20260929_031439.wav,DEV_002_20260929_031439.wav,0,59.40304,18.07242,Phogri,Pholidoptera griseoaptera,Dark Bush-cricket,bush-cricket,0.89,,,29/09/2026,28/09/2026,03:14:39,ClassifEspSWE-0002026-05-29_1,JOHANKARLSSON,202609290755B1T5207C,,Citizen Science (ultrasonic) - shared
59~40304+18~07242_20260929_031444.wav,DEV_002_20260929_031444.wav,0,59.40304,18.07242,Phogri,Pholidoptera griseoaptera,Dark Bush-cricket,bush-cricket,0.87,,,29/09/2026,28/09/2026,03:14:44,ClassifEspSWE-0002026-05-29_1,JOHANKARLSSON,202609290755B1T5207C,,Citizen Science (ultrasonic) - shared
59~40304+18~07242_20260929_031450.wav,DEV_002_20260929_031450.wav,0,59.40304,18.07242,Phogri,Pholidoptera griseoaptera,Dark Bush-cricket,bush-cricket,0.79,,,29/09/2026,28/09/2026,03:14:50,ClassifEspSWE-0002026-05-29_1,JOHANKARLSSON,202609290755B1T5207C,,Citizen Science (ultrasonic) - shared
59~40304+18~07242_20260929_031456.wav,DEV_002_20260929_031456.wav,0,59.40304,18.07242,Phogri,Pholidoptera griseoaptera,Dark Bush-cricket,bush-cricket,0.96,,,29/09/2026,28/09/2026,03:14:56,ClassifEspSWE-0002026-05-29_1,JOHANKARLSSON,202609290755B1T5207C,,Citizen Science (ultrasonic) - shared
59~40304+18~07242_20260929_031502.wav,DEV_002_20260929_031502.wav,0,59.40304,18.07242,Phogri,Pholidoptera griseoaptera,Dark Bush-cricket,bush-cricket,0.94,,,29/09/2026,28/09/2026,03:15:02,ClassifEspSWE-0002026-05-29_1,JOHANKARLSSON,202609290755B1T5207C,,Citizen Science (ultrasonic) - shared
59~40304+18~07242_20260929_031508.wav,DEV_002_20260929_031508.wav,0,59.40304,18.07242,Phogri,Pholidoptera griseoaptera,Dark Bush-cricket,bush-cricket,0.96,,,29/09/2026,28/09/2026,03:15:08,ClassifEspSWE-0002026-05-29_1,JOHANKARLSSON,202609290755B1T5207C,,Citizen Science (ultrasonic) - shared
59~40304+18~07242_20260929_031513.wav,DEV_002_20260929_031513.wav,0,59.40304,18.07242,Phogri,Pholidoptera griseoaptera,Dark Bush-cricket,bush-cricket,0.98,,,29/09/2026,28/09/2026,03:15:13,ClassifEspSWE-0002026-05-29_1,JOHANKARLSSON,202609290755B1T5207C,,Citizen Science (ultrasonic) - shared
59~40304+18~07242_20260929_031519.wav,DEV_002_20260929_031519.wav,0,59.40304,18.07242,Phogri,Pholidoptera griseoaptera,Dark Bush-cricket,bush-cricket,0.77,,,29/09/2026,28/09/2026,03:15:19,ClassifEspSWE-0002026-05-29_1,JOHANKARLSSON,202609290755B1T5207C,,Citizen Science (ultrasonic) - shared
59~40304+18~07242_20260929_031524.wav,DEV_002_20260929_031524.wav,0,59.40304,18.07242,Phogri,Pholidoptera griseoaptera,Dark Bush-cricket,bush-cricket,0.97,,,29/09/2026,28/09/2026,03:15:24,ClassifEspSWE-0002026-05-29_1,JOHANKARLSSON,202609290755B1T5207C,,Citizen Science (ultrasonic) - shared
59~40304+18~07242_20260929_031530.wav,DEV_002_20260929_031530.wav,0,59.40304,18.07242,Phogri,Pholidoptera griseoaptera,Dark Bush-cricket,bush-cricket,0.95,,,29/09/2026,28/09/2026,03:15:30,ClassifEspSWE-0002026-05-29_1,JOHANKARLSSON,202609290755B1T5207C,,Citizen Science (ultrasonic) - shared
59~40304+18~07242_20260929_031536.wav,DEV_002_20260929_031536.wav,0,59.40304,18.07242,Phogri,Pholidoptera griseoaptera,Dark Bush-cricket,bush-cricket,0.98,,,29/09/2026,28/09/2026,03:15:36,ClassifEspSWE-0002026-05-29_1,JOHANKARLSSON,202609290755B1T5207C,,Citizen Science (ultrasonic) - shared
59~40304+18~07242_20260929_031543.wav,DEV_002_20260929_031543.wav,0,59.40304,18.07242,Phogri,Pholidoptera griseoaptera,Dark Bush-cricket,bush-cricket,0.92,,,29/09/2026,28/09/2026,03:15:43,ClassifEspSWE-0002026-05-29_1,JOHANKARLSSON,202609290755B1T5207C,,Citizen Science (ultrasonic) - shared
59~40304+18~07242_20260929_031549.wav,DEV_002_20260929_031549.wav,0,59.40304,18.07242,Phogri,Pholidoptera griseoaptera,Dark Bush-cricket,bush-cricket,0.79,,,29/09/2026,28/09/2026,03:15:49,ClassifEspSWE-0002026-05-29_1,JOHANKARLSSON,202609290755B1T5207C,,Citizen Science (ultrasonic) - shared
59~40304+18~07242_20260929_031555.wav,DEV_002_20260929_031555.wav,0,59.40304,18.07242,Phogri,Pholidoptera griseoaptera,Dark Bush-cricket,bush-cricket,0.94,,,29/09/2026,28/09/2026,03:15:55,ClassifEspSWE-0002026-05-29_1,JOHANKARLSSON,202609290755B1T5207C,,Citizen Science (ultrasonic) - shared
59~40304+18~07242_20260929_031601.wav,DEV_002_20260929_031601.wav,0,59.40304,18.07242,Phogri,Pholidoptera griseoaptera,Dark Bush-cricket,bush-cricket,0.98,,,29/09/2026,28/09/2026,03:16:01,ClassifEspSWE-0002026-05-29_1,JOHANKARLSSON,202609290755B1T5207C,,Citizen Science (ultrasonic) - shared
59~40304+18~07242_20260929_031607.wav,DEV_002_20260929_031607.wav,0,59.40304,18.07242,Phogri,Pholidoptera griseoaptera,Dark Bush-cricket,bush-cricket,0.99,,,29/09/2026,28/09/2026,03:16:07,ClassifEspSWE-0002026-05-29_1,JOHANKARLSSON,202609290755B1T5207C,,Citizen Science (ultrasonic) - shared
59~40304+18~07242_20260929_031612.wav,DEV_002_20260929_031612.wav,0,59.40304,18.07242,Phogri,Pholidoptera griseoaptera,Dark Bush-cricket,bush-cricket,0.99,,,29/09/2026,28/09/2026,03:16:12,ClassifEspSWE-0002026-05-29_1,JOHANKARLSSON,202609290755B1T5207C,,Citizen Science (ultrasonic) - shared
59~40304+18~07242_20260929_031619.wav,DEV_002_20260929_031619.wav,0,59.40304,18.07242,Phogri,Pholidoptera griseoaptera,Dark Bush-cricket,bush-cricket,0.98,,,29/09/2026,28/09/2026,03:16:19,ClassifEspSWE-0002026-05-29_1,JOHANKARLSSON,202609290755B1T5207C,,Citizen Science (ultrasonic) - shared
59~40304+18~07242_20260929_031625.wav,DEV_002_20260929_031625.wav,0,59.40304,18.07242,Phogri,Pholidoptera griseoaptera,Dark Bush-cricket,bush-cricket,0.94,,,29/09/2026,28/09/2026,03:16:25,ClassifEspSWE-0002026-05-29_1,JOHANKARLSSON,202609290755B1T5207C,,Citizen Science (ultrasonic) - shared
59~40304+18~07242_20260929_031632.wav,DEV_002_20260929_031632.wav,0,59.40304,18.07242,Phogri,Pholidoptera griseoaptera,Dark Bush-cricket,bush-cricket,0.83,,,29/09/2026,28/09/2026,03:16:32,ClassifEspSWE-0002026-05-29_1,JOHANKARLSSON,202609290755B1T5207C,,Citizen Science (ultrasonic) - shared
59~40304+18~07242_20260929_031638.wav,DEV_002_20260929_031638.wav,0,59.40304,18.07242,Phogri,Pholidoptera griseoaptera,Dark Bush-cricket,bush-cricket,0.97,,,29/09/2026,28/09/2026,03:16:38,ClassifEspSWE-0002026-05-29_1,JOHANKARLSSON,202609290755B1T5207C,,Citizen Science (ultrasonic) - shared
59~40304+18~07242_20260929_031645.wav,DEV_002_20260929_031645.wav,0,59.40304,18.07242,Phogri,Pholidoptera griseoaptera,Dark Bush-cricket,bush-cricket,0.97,,,29/09/2026,28/09/2026,03:16:45,ClassifEspSWE-0002026-05-29_1,JOHANKARLSSON,202609290755B1T5207C,,Citizen Science (ultrasonic) - shared
59~40304+18~07242_20260929_031652.wav,DEV_002_20260929_031652.wav,0,59.40304,18.07242,Phogri,Pholidoptera griseoaptera,Dark Bush-cricket,bush-cricket,0.96,,,29/09/2026,28/09/2026,03:16:52,ClassifEspSWE-0002026-05-29_1,JOHANKARLSSON,202609290755B1T5207C,,Citizen Science (ultrasonic) - shared
59~40304+18~07242_20260929_031658.wav,DEV_002_20260929_031658.wav,0,59.40304,18.07242,Phogri,Pholidoptera griseoaptera,Dark Bush-cricket,bush-cricket,0.99,,,29/09/2026,28/09/2026,03:16:58,ClassifEspSWE-0002026-05-29_1,JOHANKARLSSON,202609290755B1T5207C,,Citizen Science (ultrasonic) - shared
59~40304+18~07242_20260929_031705.wav,DEV_002_20260929_031705.wav,0,59.40304,18.07242,Phogri,Pholidoptera griseoaptera,Dark Bush-cricket,bush-cricket,0.94,,,29/09/2026,28/09/2026,03:17:05,ClassifEspSWE-0002026-05-29_1,JOHANKARLSSON,202609290755B1T5207C,,Citizen Science (ultrasonic) - shared
59~40304+18~07242_20260929_031712.wav,DEV_002_20260929_031712.wav,0,59.40304,18.07242,Phogri,Pholidoptera griseoaptera,Dark Bush-cricket,bush-cricket,0.98,,,29/09/2026,28/09/2026,03:17:12,ClassifEspSWE-0002026-05-29_1,JOHANKARLSSON,202609290755B1T5207C,,Citizen Science (ultrasonic) - shared
59~40304+18~07242_20260929_031717.wav,DEV_002_20260929_031717.wav,0,59.40304,18.07242,Phogri,Pholidoptera griseoaptera,Dark Bush-cricket,bush-cricket,0.99,,,29/09/2026,28/09/2026,03:17:17,ClassifEspSWE-0002026-05-29_1,JOHANKARLSSON,202609290755B1T5207C,,Citizen Science (ultrasonic) - shared
59~40304+18~07242_20260929_031723.wav,DEV_002_20260929_031723.wav,0,59.40304,18.07242,Phogri,Pholidoptera griseoaptera,Dark Bush-cricket,bush-cricket,0.97,,,29/09/2026,28/09/2026,03:17:23,ClassifEspSWE-0002026-05-29_1,JOHANKARLSSON,202609290755B1T5207C,,Citizen Science (ultrasonic) - shared
59~40304+18~07242_20260929_031729.wav,DEV_002_20260929_031729.wav,0,59.40304,18.07242,Phogri,Pholidoptera griseoaptera,Dark Bush-cricket,bush-cricket,0.97,,,29/09/2026,28/09/2026,03:17:29,ClassifEspSWE-0002026-05-29_1,JOHANKARLSSON,202609290755B1T5207C,,Citizen Science (ultrasonic) - shared
59~40304+18~07242_20260929_031736.wav,DEV_002_20260929_031736.wav,0,59.40304,18.07242,Phogri,Pholidoptera griseoaptera,Dark Bush-cricket,bush-cricket,0.84,,,29/09/2026,28/09/2026,03:17:36,ClassifEspSWE-0002026-05-29_1,JOHANKARLSSON,202609290755B1T5207C,,Citizen Science (ultrasonic) - shared
59~40304+18~07242_20260929_031742.wav,DEV_002_20260929_031742.wav,0,59.40304,18.07242,Phogri,Pholidoptera griseoaptera,Dark Bush-cricket,bush-cricket,0.87,,,29/09/2026,28/09/2026,03:17:42,ClassifEspSWE-0002026-05-29_1,JOHANKARLSSON,202609290755B1T5207C,,Citizen Science (ultrasonic) - shared
59~40304+18~07242_20260929_031747.wav,DEV_002_20260929_031747.wav,0,59.40304,18.07242,Phogri,Pholidoptera griseoaptera,Dark Bush-cricket,bush-cricket,0.93,,,29/09/2026,28/09/2026,03:17:47,ClassifEspSWE-0002026-05-29_1,JOHANKARLSSON,202609290755B1T5207C,,Citizen Science (ultrasonic) - shared
59~40304+18~07242_20260929_031754.wav,DEV_002_20260929_031754.wav,0,59.40304,18.07242,Phogri,Pholidoptera griseoaptera,Dark Bush-cricket,bush-cricket,0.98,,,29/09/2026,28/09/2026,03:17:54,ClassifEspSWE-0002026-05-29_1,JOHANKARLSSON,202609290755B1T5207C,,Citizen Science (ultrasonic) - shared
59~40304+18~07242_20260929_031759.wav,DEV_002_20260929_031759.wav,0,59.40304,18.07242,Phogri,Pholidoptera griseoaptera,Dark Bush-cricket,bush-cricket,0.99,,,29/09/2026,28/09/2026,03:17:59,ClassifEspSWE-0002026-05-29_1,JOHANKARLSSON,202609290755B1T5207C,,Citizen Science (ultrasonic) - shared
59~40304+18~07242_20260929_031806.wav,DEV_002_20260929_031806.wav,0,59.40304,18.07242,Phogri,Pholidoptera griseoaptera,Dark Bush-cricket,bush-cricket,0.99,,,29/09/2026,28/09/2026,03:18:06,ClassifEspSWE-0002026-05-29_1,JOHANKARLSSON,202609290755B1T5207C,,Citizen Science (ultrasonic) - shared
59~40304+18~07242_20260929_031812.wav,DEV_002_20260929_031812.wav,0,59.40304,18.07242,Phogri,Pholidoptera griseoaptera,Dark Bush-cricket,bush-cricket,0.97,,,29/09/2026,28/09/2026,03:18:12,ClassifEspSWE-0002026-05-29_1,JOHANKARLSSON,202609290755B1T5207C,,Citizen Science (ultrasonic) - shared
59~40304+18~07242_20260929_031819.wav,DEV_002_20260929_031819.wav,0,59.40304,18.07242,Phogri,Pholidoptera griseoaptera,Dark Bush-cricket,bush-cricket,0.97,,,29/09/2026,28/09/2026,03:18:19,ClassifEspSWE-0002026-05-29_1,JOHANKARLSSON,202609290755B1T5207C,,Citizen Science (ultrasonic) - shared
59~40304+18~07242_20260929_031827.wav,DEV_002_20260929_031827.wav,0,59.40304,18.07242,Phogri,Pholidoptera griseoaptera,Dark Bush-cricket,bush-cricket,0.8,,,29/09/2026,28/09/2026,03:18:27,ClassifEspSWE-0002026-05-29_1,JOHANKARLSSON,202609290755B1T5207C,,Citizen Science (ultrasonic) - shared
59~40304+18~07242_20260929_031833.wav,DEV_002_20260929_031833.wav,0,59.40304,18.07242,Phogri,Pholidoptera griseoaptera,Dark Bush-cricket,bush-cricket,0.93,,,29/09/2026,28/09/2026,03:18:33,ClassifEspSWE-0002026-05-29_1,JOHANKARLSSON,202609290755B1T5207C,,Citizen Science (ultrasonic) - shared
59~40304+18~07242_20260929_031839.wav,DEV_002_20260929_031839.wav,0,59.40304,18.07242,Phogri,Pholidoptera griseoaptera,Dark Bush-cricket,bush-cricket,0.95,,,29/09/2026,28/09/2026,03:18:39,ClassifEspSWE-0002026-05-29_1,JOHANKARLSSON,202609290755B1T5207C,,Citizen Science (ultrasonic) - shared
59~40304+18~07242_20260929_031846.wav,DEV_002_20260929_031846.wav,0,59.40304,18.07242,Phogri,Pholidoptera griseoaptera,Dark Bush-cricket,bush-cricket,0.95,,,29/09/2026,28/09/2026,03:18:46,ClassifEspSWE-0002026-05-29_1,JOHANKARLSSON,202609290755B1T5207C,,Citizen Science (ultrasonic) - shared
59~40304+18~07242_20260929_031852.wav,DEV_002_20260929_031852.wav,0,59.40304,18.07242,Phogri,Pholidoptera griseoaptera,Dark Bush-cricket,bush-cricket,0.95,,,29/09/2026,28/09/2026,03:18:52,ClassifEspSWE-0002026-05-29_1,JOHANKARLSSON,202609290755B1T5207C,,Citizen Science (ultrasonic) - shared
59~40304+18~07242_20260929_031859.wav,DEV_002_20260929_031859.wav,0,59.40304,18.07242,Phogri,Pholidoptera griseoaptera,Dark Bush-cricket,bush-cricket,0.93,,,29/09/2026,28/09/2026,03:18:59,ClassifEspSWE-0002026-05-29_1,JOHANKARLSSON,202609290755B1T5207C,,Citizen Science (ultrasonic) - shared
59~40304+18~07242_20260929_031906.wav,DEV_002_20260929_031906.wav,0,59.40304,18.07242,Phogri,Pholidoptera griseoaptera,Dark Bush-cricket,bush-cricket,0.99,,,29/09/2026,28/09/2026,03:19:06,ClassifEspSWE-0002026-05-29_1,JOHANKARLSSON,202609290755B1T5207C,,Citizen Science (ultrasonic) - shared
59~40304+18~07242_20260929_031913.wav,DEV_002_20260929_031913.wav,0,59.40304,18.07242,Phogri,Pholidoptera griseoaptera,Dark Bush-cricket,bush-cricket,0.98,,,29/09/2026,28/09/2026,03:19:13,ClassifEspSWE-0002026-05-29_1,JOHANKARLSSON,202609290755B1T5207C,,Citizen Science (ultrasonic) - shared
59~40304+18~07242_20260929_031920.wav,DEV_002_20260929_031920.wav,0,59.40304,18.07242,Phogri,Pholidoptera griseoaptera,Dark Bush-cricket,bush-cricket,0.93,,,29/09/2026,28/09/2026,03:19:20,ClassifEspSWE-0002026-05-29_1,JOHANKARLSSON,202609290755B1T5207C,,Citizen Science (ultrasonic) - shared
59~40304+18~07242_20260929_031925.wav,DEV_002_20260929_031925.wav,0,59.40304,18.07242,Phogri,Pholidoptera griseoaptera,Dark Bush-cricket,bush-cricket,0.98,,,29/09/2026,28/09/2026,03:19:25,ClassifEspSWE-0002026-05-29_1,JOHANKARLSSON,202609290755B1T5207C,,Citizen Science (ultrasonic) - shared
59~40304+18~07242_20260929_031931.wav,DEV_002_20260929_031931.wav,0,59.40304,18.07242,Phogri,Pholidoptera griseoaptera,Dark Bush-cricket,bush-cricket,0.87,,,29/09/2026,28/09/2026,03:19:31,ClassifEspSWE-0002026-05-29_1,JOHANKARLSSON,202609290755B1T5207C,,Citizen Science (ultrasonic) - shared
59~40304+18~07242_20260929_031939.wav,DEV_002_20260929_031939.wav,0,59.40304,18.07242,Phogri,Pholidoptera griseoaptera,Dark Bush-cricket,bush-cricket,0.99,,,29/09/2026,28/09/2026,03:19:39,ClassifEspSWE-0002026-05-29_1,JOHANKARLSSON,202609290755B1T5207C,,Citizen Science (ultrasonic) - shared
59~40304+18~07242_20260929_031945.wav,DEV_002_20260929_031945.wav,0,59.40304,18.07242,Phogri,Pholidoptera griseoaptera,Dark Bush-cricket,bush-cricket,0.99,,,29/09/2026,28/09/2026,03:19:45,ClassifEspSWE-0002026-05-29_1,JOHANKARLSSON,202609290755B1T5207C,,Citizen Science (ultrasonic) - shared
59~40304+18~07242_20260929_031952.wav,DEV_002_20260929_031952.wav,0,59.40304,18.07242,Phogri,Pholidoptera griseoaptera,Dark Bush-cricket,bush-cricket,0.97,,,29/09/2026,28/09/2026,03:19:52,ClassifEspSWE-0002026-05-29_1,JOHANKARLSSON,202609290755B1T5207C,,Citizen Science (ultrasonic) - shared
59~40304+18~07242_20260929_031959.wav,DEV_002_20260929_031959.wav,0,59.40304,18.07242,Phogri,Pholidoptera griseoaptera,Dark Bush-cricket,bush-cricket,0.97,,,29/09/2026,28/09/2026,03:19:59,ClassifEspSWE-0002026-05-29_1,JOHANKARLSSON,202609290755B1T5207C,,Citizen Science (ultrasonic) - shared
59~40304+18~07242_20260929_032006.wav,DEV_002_20260929_032006.wav,0,59.40304,18.07242,Phogri,Pholidoptera griseoaptera,Dark Bush-cricket,bush-cricket,0.96,,,29/09/2026,28/09/2026,03:20:06,ClassifEspSWE-0002026-05-29_1,JOHANKARLSSON,202609290755B1T5207C,,Citizen Science (ultrasonic) - shared
59~40304+18~07242_20260929_032011.wav,DEV_002_20260929_032011.wav,0,59.40304,18.07242,Phogri,Pholidoptera griseoaptera,Dark Bush-cricket,bush-cricket,0.97,,,29/09/2026,28/09/2026,03:20:11,ClassifEspSWE-0002026-05-29_1,JOHANKARLSSON,202609290755B1T5207C,,Citizen Science (ultrasonic) - shared
59~40304+18~07242_20260929_032019.wav,DEV_002_20260929_032019.wav,0,59.40304,18.07242,Phogri,Pholidoptera griseoaptera,Dark Bush-cricket,bush-cricket,0.96,,,29/09/2026,28/09/2026,03:20:19,ClassifEspSWE-0002026-05-29_1,JOHANKARLSSON,202609290755B1T5207C,,Citizen Science (ultrasonic) - shared
59~40304+18~07242_20260929_032024.wav,DEV_002_20260929_032024.wav,0,59.40304,18.07242,Phogri,Pholidoptera griseoaptera,Dark Bush-cricket,bush-cricket,0.98,,,29/09/2026,28/09/2026,03:20:24,ClassifEspSWE-0002026-05-29_1,JOHANKARLSSON,202609290755B1T5207C,,Citizen Science (ultrasonic) - shared
59~40304+18~07242_20260929_032033.wav,DEV_002_20260929_032033.wav,0,59.40304,18.07242,Phogri,Pholidoptera griseoaptera,Dark Bush-cricket,bush-cricket,0.97,,,29/09/2026,28/09/2026,03:20:33,ClassifEspSWE-0002026-05-29_1,JOHANKARLSSON,202609290755B1T5207C,,Citizen Science (ultrasonic) - shared
59~40304+18~07242_20260929_032040.wav,DEV_002_20260929_032040.wav,0,59.40304,18.07242,Phogri,Pholidoptera griseoaptera,Dark Bush-cricket,bush-cricket,0.98,,,29/09/2026,28/09/2026,03:20:40,ClassifEspSWE-0002026-05-29_1,JOHANKARLSSON,202609290755B1T5207C,,Citizen Science (ultrasonic) - shared
59~40304+18~07242_20260929_032045.wav,DEV_002_20260929_032045.wav,0,59.40304,18.07242,Phogri,Pholidoptera griseoaptera,Dark Bush-cricket,bush-cricket,0.99,,,29/09/2026,28/09/2026,03:20:45,ClassifEspSWE-0002026-05-29_1,JOHANKARLSSON,202609290755B1T5207C,,Citizen Science (ultrasonic) - shared
59~40304+18~07242_20260929_032051.wav,DEV_002_20260929_032051.wav,0,59.40304,18.07242,Phogri,Pholidoptera griseoaptera,Dark Bush-cricket,bush-cricket,0.97,,,29/09/2026,28/09/2026,03:20:51,ClassifEspSWE-0002026-05-29_1,JOHANKARLSSON,202609290755B1T5207C,,Citizen Science (ultrasonic) - shared
59~40304+18~07242_20260929_032057.wav,DEV_002_20260929_032057.wav,0,59.40304,18.07242,Phogri,Pholidoptera griseoaptera,Dark Bush-cricket,bush-cricket,0.98,,,29/09/2026,28/09/2026,03:20:57,ClassifEspSWE-0002026-05-29_1,JOHANKARLSSON,202609290755B1T5207C,,Citizen Science (ultrasonic) - shared
59~40304+18~07242_20260929_032102.wav,DEV_002_20260929_032102.wav,0,59.40304,18.07242,Phogri,Pholidoptera griseoaptera,Dark Bush-cricket,bush-cricket,0.96,,,29/09/2026,28/09/2026,03:21:02,ClassifEspSWE-0002026-05-29_1,JOHANKARLSSON,202609290755B1T5207C,,Citizen Science (ultrasonic) - shared
59~40304+18~07242_20260929_032109.wav,DEV_002_20260929_032109.wav,0,59.40304,18.07242,Phogri,Pholidoptera griseoaptera,Dark Bush-cricket,bush-cricket,0.99,,,29/09/2026,28/09/2026,03:21:09,ClassifEspSWE-0002026-05-29_1,JOHANKARLSSON,202609290755B1T5207C,,Citizen Science (ultrasonic) - shared
59~40304+18~07242_20260929_032116.wav,DEV_002_20260929_032116.wav,0,59.40304,18.07242,Phogri,Pholidoptera griseoaptera,Dark Bush-cricket,bush-cricket,0.94,,,29/09/2026,28/09/2026,03:21:16,ClassifEspSWE-0002026-05-29_1,JOHANKARLSSON,202609290755B1T5207C,,Citizen Science (ultrasonic) - shared
59~40304+18~07242_20260929_032123.wav,DEV_002_20260929_032123.wav,0,59.40304,18.07242,Phogri,Pholidoptera griseoaptera,Dark Bush-cricket,bush-cricket,0.93,,,29/09/2026,28/09/2026,03:21:23,ClassifEspSWE-0002026-05-29_1,JOHANKARLSSON,202609290755B1T5207C,,Citizen Science (ultrasonic) - shared
59~40304+18~07242_20260929_032132.wav,DEV_002_20260929_032132.wav,0,59.40304,18.07242,Phogri,Pholidoptera griseoaptera,Dark Bush-cricket,bush-cricket,0.83,,,29/09/2026,28/09/2026,03:21:32,ClassifEspSWE-0002026-05-29_1,JOHANKARLSSON,202609290755B1T5207C,,Citizen Science (ultrasonic) - shared
59~40304+18~07242_20260929_032141.wav,DEV_002_20260929_032141.wav,0,59.40304,18.07242,Phogri,Pholidoptera griseoaptera,Dark Bush-cricket,bush-cricket,0.91,,,29/09/2026,28/09/2026,03:21:41,ClassifEspSWE-0002026-05-29_1,JOHANKARLSSON,202609290755B1T5207C,,Citizen Science (ultrasonic) - shared
59~40304+18~07242_20260929_032147.wav,DEV_002_20260929_032147.wav,0,59.40304,18.07242,Phogri,Pholidoptera griseoaptera,Dark Bush-cricket,bush-cricket,0.85,,,29/09/2026,28/09/2026,03:21:47,ClassifEspSWE-0002026-05-29_1,JOHANKARLSSON,202609290755B1T5207C,,Citizen Science (ultrasonic) - shared
59~40304+18~07242_20260929_032153.wav,DEV_002_20260929_032153.wav,0,59.40304,18.07242,Phogri,Pholidoptera griseoaptera,Dark Bush-cricket,bush-cricket,0.97,,,29/09/2026,28/09/2026,03:21:53,ClassifEspSWE-0002026-05-29_1,JOHANKARLSSON,202609290755B1T5207C,,Citizen Science (ultrasonic) - shared
59~40304+18~07242_20260929_032208.wav,DEV_002_20260929_032208.wav,0,59.40304,18.07242,Phogri,Pholidoptera griseoaptera,Dark Bush-cricket,bush-cricket,0.91,,,29/09/2026,28/09/2026,03:22:08,ClassifEspSWE-0002026-05-29_1,JOHANKARLSSON,202609290755B1T5207C,,Citizen Science (ultrasonic) - shared
59~40304+18~07242_20260929_032216.wav,DEV_002_20260929_032216.wav,0,59.40304,18.07242,Phogri,Pholidoptera griseoaptera,Dark Bush-cricket,bush-cricket,0.97,,,29/09/2026,28/09/2026,03:22:16,ClassifEspSWE-0002026-05-29_1,JOHANKARLSSON,202609290755B1T5207C,,Citizen Science (ultrasonic) - shared
59~40304+18~07242_20260929_032222.wav,DEV_002_20260929_032222.wav,0,59.40304,18.07242,Phogri,Pholidoptera griseoaptera,Dark Bush-cricket,bush-cricket,0.97,,,29/09/2026,28/09/2026,03:22:22,ClassifEspSWE-0002026-05-29_1,JOHANKARLSSON,202609290755B1T5207C,,Citizen Science (ultrasonic) - shared
59~40304+18~07242_20260929_032229.wav,DEV_002_20260929_032229.wav,0,59.40304,18.07242,Phogri,Pholidoptera griseoaptera,Dark Bush-cricket,bush-cricket,0.98,,,29/09/2026,28/09/2026,03:22:29,ClassifEspSWE-0002026-05-29_1,JOHANKARLSSON,202609290755B1T5207C,,Citizen Science (ultrasonic) - shared
59~40304+18~07242_20260929_032235.wav,DEV_002_20260929_032235.wav,0,59.40304,18.07242,Phogri,Pholidoptera griseoaptera,Dark Bush-cricket,bush-cricket,0.92,,,29/09/2026,28/09/2026,03:22:35,ClassifEspSWE-0002026-05-29_1,JOHANKARLSSON,202609290755B1T5207C,,Citizen Science (ultrasonic) - shared
59~40304+18~07242_20260929_032242.wav,DEV_002_20260929_032242.wav,0,59.40304,18.07242,Phogri,Pholidoptera griseoaptera,Dark Bush-cricket,bush-cricket,0.95,,,29/09/2026,28/09/2026,03:22:42,ClassifEspSWE-0002026-05-29_1,JOHANKARLSSON,202609290755B1T5207C,,Citizen Science (ultrasonic) - shared
59~40304+18~07242_20260929_032248.wav,DEV_002_20260929_032248.wav,0,59.40304,18.07242,Phogri,Pholidoptera griseoaptera,Dark Bush-cricket,bush-cricket,0.97,,,29/09/2026,28/09/2026,03:22:48,ClassifEspSWE-0002026-05-29_1,JOHANKARLSSON,202609290755B1T5207C,,Citizen Science (ultrasonic) - shared
59~40304+18~07242_20260929_032255.wav,DEV_002_20260929_032255.wav,0,59.40304,18.07242,Phogri,Pholidoptera griseoaptera,Dark Bush-cricket,bush-cricket,0.92,,,29/09/2026,28/09/2026,03:22:55,ClassifEspSWE-0002026-05-29_1,JOHANKARLSSON,202609290755B1T5207C,,Citizen Science (ultrasonic) - shared
59~40304+18~07242_20260929_032301.wav,DEV_002_20260929_032301.wav,0,59.40304,18.07242,Phogri,Pholidoptera griseoaptera,Dark Bush-cricket,bush-cricket,0.98,,,29/09/2026,28/09/2026,03:23:01,ClassifEspSWE-0002026-05-29_1,JOHANKARLSSON,202609290755B1T5207C,,Citizen Science (ultrasonic) - shared
59~40304+18~07242_20260929_032308.wav,DEV_002_20260929_032308.wav,0,59.40304,18.07242,Phogri,Pholidoptera griseoaptera,Dark Bush-cricket,bush-cricket,0.97,,,29/09/2026,28/09/2026,03:23:08,ClassifEspSWE-0002026-05-29_1,JOHANKARLSSON,202609290755B1T5207C,,Citizen Science (ultrasonic) - shared
59~40304+18~07242_20260929_032313.wav,DEV_002_20260929_032313.wav,0,59.40304,18.07242,Phogri,Pholidoptera griseoaptera,Dark Bush-cricket,bush-cricket,0.99,,,29/09/2026,28/09/2026,03:23:13,ClassifEspSWE-0002026-05-29_1,JOHANKARLSSON,202609290755B1T5207C,,Citizen Science (ultrasonic) - shared
59~40304+18~07242_20260929_032319.wav,DEV_002_20260929_032319.wav,0,59.40304,18.07242,Phogri,Pholidoptera griseoaptera,Dark Bush-cricket,bush-cricket,0.97,,,29/09/2026,28/09/2026,03:23:19,ClassifEspSWE-0002026-05-29_1,JOHANKARLSSON,202609290755B1T5207C,,Citizen Science (ultrasonic) - shared
59~40304+18~07242_20260929_032326.wav,DEV_002_20260929_032326.wav,0,59.40304,18.07242,Phogri,Pholidoptera griseoaptera,Dark Bush-cricket,bush-cricket,0.94,,,29/09/2026,28/09/2026,03:23:26,ClassifEspSWE-0002026-05-29_1,JOHANKARLSSON,202609290755B1T5207C,,Citizen Science (ultrasonic) - shared
59~40304+18~07242_20260929_032331.wav,DEV_002_20260929_032331.wav,0,59.40304,18.07242,Phogri,Pholidoptera griseoaptera,Dark Bush-cricket,bush-cricket,0.98,,,29/09/2026,28/09/2026,03:23:31,ClassifEspSWE-0002026-05-29_1,JOHANKARLSSON,202609290755B1T5207C,,Citizen Science (ultrasonic) - shared
59~40304+18~07242_20260929_032337.wav,DEV_002_20260929_032337.wav,0,59.40304,18.07242,Phogri,Pholidoptera griseoaptera,Dark Bush-cricket,bush-cricket,0.8,,,29/09/2026,28/09/2026,03:23:37,ClassifEspSWE-0002026-05-29_1,JOHANKARLSSON,202609290755B1T5207C,,Citizen Science (ultrasonic) - shared
59~40304+18~07242_20260929_032344.wav,DEV_002_20260929_032344.wav,0,59.40304,18.07242,Phogri,Pholidoptera griseoaptera,Dark Bush-cricket,bush-cricket,0.85,,,29/09/2026,28/09/2026,03:23:44,ClassifEspSWE-0002026-05-29_1,JOHANKARLSSON,202609290755B1T5207C,,Citizen Science (ultrasonic) - shared
59~40304+18~07242_20260929_032351.wav,DEV_002_20260929_032351.wav,0,59.40304,18.07242,Phogri,Pholidoptera griseoaptera,Dark Bush-cricket,bush-cricket,0.95,,,29/09/2026,28/09/2026,03:23:51,ClassifEspSWE-0002026-05-29_1,JOHANKARLSSON,202609290755B1T5207C,,Citizen Science (ultrasonic) - shared
59~40304+18~07242_20260929_032358.wav,DEV_002_20260929_032358.wav,0,59.40304,18.07242,Phogri,Pholidoptera griseoaptera,Dark Bush-cricket,bush-cricket,0.77,,,29/09/2026,28/09/2026,03:23:58,ClassifEspSWE-0002026-05-29_1,JOHANKARLSSON,202609290755B1T5207C,,Citizen Science (ultrasonic) - shared
59~40304+18~07242_20260929_032403.wav,DEV_002_20260929_032403.wav,0,59.40304,18.07242,Phogri,Pholidoptera griseoaptera,Dark Bush-cricket,bush-cricket,0.95,,,29/09/2026,28/09/2026,03:24:03,ClassifEspSWE-0002026-05-29_1,JOHANKARLSSON,202609290755B1T5207C,,Citizen Science (ultrasonic) - shared
59~40304+18~07242_20260929_032410.wav,DEV_002_20260929_032410.wav,0,59.40304,18.07242,Phogri,Pholidoptera griseoaptera,Dark Bush-cricket,bush-cricket,0.96,,,29/09/2026,28/09/2026,03:24:10,ClassifEspSWE-0002026-05-29_1,JOHANKARLSSON,202609290755B1T5207C,,Citizen Science (ultrasonic) - shared
59~40304+18~07242_20260929_032420.wav,DEV_002_20260929_032420.wav,0,59.40304,18.07242,Phogri,Pholidoptera griseoaptera,Dark Bush-cricket,bush-cricket,0.93,,,29/09/2026,28/09/2026,03:24:20,ClassifEspSWE-0002026-05-29_1,JOHANKARLSSON,202609290755B1T5207C,,Citizen Science (ultrasonic) - shared
59~40304+18~07242_20260929_032426.wav,DEV_002_20260929_032426.wav,0,59.40304,18.07242,Phogri,Pholidoptera griseoaptera,Dark Bush-cricket,bush-cricket,0.95,,,29/09/2026,28/09/2026,03:24:26,ClassifEspSWE-0002026-05-29_1,JOHANKARLSSON,202609290755B1T5207C,,Citizen Science (ultrasonic) - shared
59~40304+18~07242_20260929_032433.wav,DEV_002_20260929_032433.wav,0,59.40304,18.07242,Phogri,Pholidoptera griseoaptera,Dark Bush-cricket,bush-cricket,0.97,,,29/09/2026,28/09/2026,03:24:33,ClassifEspSWE-0002026-05-29_1,JOHANKARLSSON,202609290755B1T5207C,,Citizen Science (ultrasonic) - shared
59~40304+18~07242_20260929_032439.wav,DEV_002_20260929_032439.wav,0,59.40304,18.07242,Phogri,Pholidoptera griseoaptera,Dark Bush-cricket,bush-cricket,0.98,,,29/09/2026,28/09/2026,03:24:39,ClassifEspSWE-0002026-05-29_1,JOHANKARLSSON,202609290755B1T5207C,,Citizen Science (ultrasonic) - shared
59~40304+18~07242_20260929_032445.wav,DEV_002_20260929_032445.wav,0,59.40304,18.07242,Phogri,Pholidoptera griseoaptera,Dark Bush-cricket,bush-cricket,0.96,,,29/09/2026,28/09/2026,03:24:45,ClassifEspSWE-0002026-05-29_1,JOHANKARLSSON,202609290755B1T5207C,,Citizen Science (ultrasonic) - shared
59~40304+18~07242_20260929_032451.wav,DEV_002_20260929_032451.wav,0,59.40304,18.07242,Phogri,Pholidoptera griseoaptera,Dark Bush-cricket,bush-cricket,0.96,,,29/09/2026,28/09/2026,03:24:51,ClassifEspSWE-0002026-05-29_1,JOHANKARLSSON,202609290755B1T5207C,,Citizen Science (ultrasonic) - shared
59~40304+18~07242_20260929_032456.wav,DEV_002_20260929_032456.wav,0,59.40304,18.07242,Phogri,Pholidoptera griseoaptera,Dark Bush-cricket,bush-cricket,0.94,,,29/09/2026,28/09/2026,03:24:56,ClassifEspSWE-0002026-05-29_1,JOHANKARLSSON,202609290755B1T5207C,,Citizen Science (ultrasonic) - shared
59~40304+18~07242_20260929_032505.wav,DEV_002_20260929_032505.wav,0,59.40304,18.07242,Phogri,Pholidoptera griseoaptera,Dark Bush-cricket,bush-cricket,0.96,,,29/09/2026,28/09/2026,03:25:05,ClassifEspSWE-0002026-05-29_1,JOHANKARLSSON,202609290755B1T5207C,,Citizen Science (ultrasonic) - shared
59~40304+18~07242_20260929_032510.wav,DEV_002_20260929_032510.wav,0,59.40304,18.07242,Phogri,Pholidoptera griseoaptera,Dark Bush-cricket,bush-cricket,0.96,,,29/09/2026,28/09/2026,03:25:10,ClassifEspSWE-0002026-05-29_1,JOHANKARLSSON,202609290755B1T5207C,,Citizen Science (ultrasonic) - shared
59~40304+18~07242_20260929_032517.wav,DEV_002_20260929_032517.wav,0,59.40304,18.07242,Phogri,Pholidoptera griseoaptera,Dark Bush-cricket,bush-cricket,0.94,,,29/09/2026,28/09/2026,03:25:17,ClassifEspSWE-0002026-05-29_1,JOHANKARLSSON,202609290755B1T5207C,,Citizen Science (ultrasonic) - shared
59~40304+18~07242_20260929_032522.wav,DEV_002_20260929_032522.wav,0,59.40304,18.07242,Phogri,Pholidoptera griseoaptera,Dark Bush-cricket,bush-cricket,0.98,,,29/09/2026,28/09/2026,03:25:22,ClassifEspSWE-0002026-05-29_1,JOHANKARLSSON,202609290755B1T5207C,,Citizen Science (ultrasonic) - shared
59~40304+18~07242_20260929_032530.wav,DEV_002_20260929_032530.wav,0,59.40304,18.07242,Phogri,Pholidoptera griseoaptera,Dark Bush-cricket,bush-cricket,0.95,,,29/09/2026,28/09/2026,03:25:30,ClassifEspSWE-0002026-05-29_1,JOHANKARLSSON,202609290755B1T5207C,,Citizen Science (ultrasonic) - shared
59~40304+18~07242_20260929_032535.wav,DEV_002_20260929_032535.wav,0,59.40304,18.07242,Phogri,Pholidoptera griseoaptera,Dark Bush-cricket,bush-cricket,0.98,,,29/09/2026,28/09/2026,03:25:35,ClassifEspSWE-0002026-05-29_1,JOHANKARLSSON,202609290755B1T5207C,,Citizen Science (ultrasonic) - shared
59~40304+18~07242_20260929_032540.wav,DEV_002_20260929_032540.wav,0,59.40304,18.07242,Phogri,Pholidoptera griseoaptera,Dark Bush-cricket,bush-cricket,0.97,,,29/09/2026,28/09/2026,03:25:40,ClassifEspSWE-0002026-05-29_1,JOHANKARLSSON,202609290755B1T5207C,,Citizen Science (ultrasonic) - shared
59~40304+18~07242_20260929_032549.wav,DEV_002_20260929_032549.wav,0,59.40304,18.07242,Phogri,Pholidoptera griseoaptera,Dark Bush-cricket,bush-cricket,0.88,,,29/09/2026,28/09/2026,03:25:49,ClassifEspSWE-0002026-05-29_1,JOHANKARLSSON,202609290755B1T5207C,,Citizen Science (ultrasonic) - shared
59~40304+18~07242_20260929_032554.wav,DEV_002_20260929_032554.wav,0,59.40304,18.07242,Phogri,Pholidoptera griseoaptera,Dark Bush-cricket,bush-cricket,0.93,,,29/09/2026,28/09/2026,03:25:54,ClassifEspSWE-0002026-05-29_1,JOHANKARLSSON,202609290755B1T5207C,,Citizen Science (ultrasonic) - shared
59~40304+18~07242_20260929_032600.wav,DEV_002_20260929_032600.wav,0,59.40304,18.07242,Phogri,Pholidoptera griseoaptera,Dark Bush-cricket,bush-cricket,0.99,,,29/09/2026,28/09/2026,03:26:00,ClassifEspSWE-0002026-05-29_1,JOHANKARLSSON,202609290755B1T5207C,,Citizen Science (ultrasonic) - shared
59~40304+18~07242_20260929_032606.wav,DEV_002_20260929_032606.wav,0,59.40304,18.07242,Phogri,Pholidoptera griseoaptera,Dark Bush-cricket,bush-cricket,0.9,,,29/09/2026,28/09/2026,03:26:06,ClassifEspSWE-0002026-05-29_1,JOHANKARLSSON,202609290755B1T5207C,,Citizen Science (ultrasonic) - shared
59~40304+18~07242_20260929_032615.wav,DEV_002_20260929_032615.wav,0,59.40304,18.07242,Phogri,Pholidoptera griseoaptera,Dark Bush-cricket,bush-cricket,0.97,,,29/09/2026,28/09/2026,03:26:15,ClassifEspSWE-0002026-05-29_1,JOHANKARLSSON,202609290755B1T5207C,,Citizen Science (ultrasonic) - shared
59~40304+18~07242_20260929_032621.wav,DEV_002_20260929_032621.wav,0,59.40304,18.07242,Phogri,Pholidoptera griseoaptera,Dark Bush-cricket,bush-cricket,0.97,,,29/09/2026,28/09/2026,03:26:21,ClassifEspSWE-0002026-05-29_1,JOHANKARLSSON,202609290755B1T5207C,,Citizen Science (ultrasonic) - shared
59~40304+18~07242_20260929_032629.wav,DEV_002_20260929_032629.wav,0,59.40304,18.07242,Phogri,Pholidoptera griseoaptera,Dark Bush-cricket,bush-cricket,0.94,,,29/09/2026,28/09/2026,03:26:29,ClassifEspSWE-0002026-05-29_1,JOHANKARLSSON,202609290755B1T5207C,,Citizen Science (ultrasonic) - shared
59~40304+18~07242_20260929_032637.wav,DEV_002_20260929_032637.wav,0,59.40304,18.07242,Phogri,Pholidoptera griseoaptera,Dark Bush-cricket,bush-cricket,0.93,,,29/09/2026,28/09/2026,03:26:37,ClassifEspSWE-0002026-05-29_1,JOHANKARLSSON,202609290755B1T5207C,,Citizen Science (ultrasonic) - shared
59~40304+18~07242_20260929_032643.wav,DEV_002_20260929_032643.wav,0,59.40304,18.07242,Phogri,Pholidoptera griseoaptera,Dark Bush-cricket,bush-cricket,0.95,,,29/09/2026,28/09/2026,03:26:43,ClassifEspSWE-0002026-05-29_1,JOHANKARLSSON,202609290755B1T5207C,,Citizen Science (ultrasonic) - shared
59~40304+18~07242_20260929_032651.wav,DEV_002_20260929_032651.wav,0,59.40304,18.07242,Phogri,Pholidoptera griseoaptera,Dark Bush-cricket,bush-cricket,0.97,,,29/09/2026,28/09/2026,03:26:51,ClassifEspSWE-0002026-05-29_1,JOHANKARLSSON,202609290755B1T5207C,,Citizen Science (ultrasonic) - shared
59~40304+18~07242_20260929_032700.wav,DEV_002_20260929_032700.wav,0,59.40304,18.07242,Phogri,Pholidoptera griseoaptera,Dark Bush-cricket,bush-cricket,0.89,,,29/09/2026,28/09/2026,03:27:00,ClassifEspSWE-0002026-05-29_1,JOHANKARLSSON,202609290755B1T5207C,,Citizen Science (ultrasonic) - shared
59~40304+18~07242_20260929_032707.wav,DEV_002_20260929_032707.wav,0,59.40304,18.07242,Phogri,Pholidoptera griseoaptera,Dark Bush-cricket,bush-cricket,0.96,,,29/09/2026,28/09/2026,03:27:07,ClassifEspSWE-0002026-05-29_1,JOHANKARLSSON,202609290755B1T5207C,,Citizen Science (ultrasonic) - shared
59~40304+18~07242_20260929_032712.wav,DEV_002_20260929_032712.wav,0,59.40304,18.07242,Phogri,Pholidoptera griseoaptera,Dark Bush-cricket,bush-cricket,0.95,,,29/09/2026,28/09/2026,03:27:12,ClassifEspSWE-0002026-05-29_1,JOHANKARLSSON,202609290755B1T5207C,,Citizen Science (ultrasonic) - shared
59~40304+18~07242_20260929_032719.wav,DEV_002_20260929_032719.wav,0,59.40304,18.07242,Phogri,Pholidoptera griseoaptera,Dark Bush-cricket,bush-cricket,0.95,,,29/09/2026,28/09/2026,03:27:19,ClassifEspSWE-0002026-05-29_1,JOHANKARLSSON,202609290755B1T5207C,,Citizen Science (ultrasonic) - shared
59~40304+18~07242_20260929_032727.wav,DEV_002_20260929_032727.wav,0,59.40304,18.07242,Phogri,Pholidoptera griseoaptera,Dark Bush-cricket,bush-cricket,0.88,,,29/09/2026,28/09/2026,03:27:27,ClassifEspSWE-0002026-05-29_1,JOHANKARLSSON,202609290755B1T5207C,,Citizen Science (ultrasonic) - shared
59~40304+18~07242_20260929_032732.wav,DEV_002_20260929_032732.wav,0,59.40304,18.07242,Phogri,Pholidoptera griseoaptera,Dark Bush-cricket,bush-cricket,0.92,,,29/09/2026,28/09/2026,03:27:32,ClassifEspSWE-0002026-05-29_1,JOHANKARLSSON,202609290755B1T5207C,,Citizen Science (ultrasonic) - shared
59~40304+18~07242_20260929_032739.wav,DEV_002_20260929_032739.wav,0,59.40304,18.07242,Phogri,Pholidoptera griseoaptera,Dark Bush-cricket,bush-cricket,0.96,,,29/09/2026,28/09/2026,03:27:39,ClassifEspSWE-0002026-05-29_1,JOHANKARLSSON,202609290755B1T5207C,,Citizen Science (ultrasonic) - shared
59~40304+18~07242_20260929_032746.wav,DEV_002_20260929_032746.wav,0,59.40304,18.07242,Phogri,Pholidoptera griseoaptera,Dark Bush-cricket,bush-cricket,0.97,,,29/09/2026,28/09/2026,03:27:46,ClassifEspSWE-0002026-05-29_1,JOHANKARLSSON,202609290755B1T5207C,,Citizen Science (ultrasonic) - shared
59~40304+18~07242_20260929_032752.wav,DEV_002_20260929_032752.wav,0,59.40304,18.07242,Phogri,Pholidoptera griseoaptera,Dark Bush-cricket,bush-cricket,0.99,,,29/09/2026,28/09/2026,03:27:52,ClassifEspSWE-0002026-05-29_1,JOHANKARLSSON,202609290755B1T5207C,,Citizen Science (ultrasonic) - shared
59~40304+18~07242_20260929_032757.wav,DEV_002_20260929_032757.wav,0,59.40304,18.07242,Phogri,Pholidoptera griseoaptera,Dark Bush-cricket,bush-cricket,0.9,,,29/09/2026,28/09/2026,03:27:57,ClassifEspSWE-0002026-05-29_1,JOHANKARLSSON,202609290755B1T5207C,,Citizen Science (ultrasonic) - shared
59~40304+18~07242_20260929_032805.wav,DEV_002_20260929_032805.wav,0,59.40304,18.07242,Phogri,Pholidoptera griseoaptera,Dark Bush-cricket,bush-cricket,0.99,,,29/09/2026,28/09/2026,03:28:05,ClassifEspSWE-0002026-05-29_1,JOHANKARLSSON,202609290755B1T5207C,,Citizen Science (ultrasonic) - shared
59~40304+18~07242_20260929_032814.wav,DEV_002_20260929_032814.wav,0,59.40304,18.07242,Phogri,Pholidoptera griseoaptera,Dark Bush-cricket,bush-cricket,0.9,,,29/09/2026,28/09/2026,03:28:14,ClassifEspSWE-0002026-05-29_1,JOHANKARLSSON,202609290755B1T5207C,,Citizen Science (ultrasonic) - shared
59~40304+18~07242_20260929_032821.wav,DEV_002_20260929_032821.wav,0,59.40304,18.07242,Phogri,Pholidoptera griseoaptera,Dark Bush-cricket,bush-cricket,0.99,,,29/09/2026,28/09/2026,03:28:21,ClassifEspSWE-0002026-05-29_1,JOHANKARLSSON,202609290755B1T5207C,,Citizen Science (ultrasonic) - shared
59~40304+18~07242_20260929_032827.wav,DEV_002_20260929_032827.wav,0,59.40304,18.07242,Phogri,Pholidoptera griseoaptera,Dark Bush-cricket,bush-cricket,0.98,,,29/09/2026,28/09/2026,03:28:27,ClassifEspSWE-0002026-05-29_1,JOHANKARLSSON,202609290755B1T5207C,,Citizen Science (ultrasonic) - shared
59~40304+18~07242_20260929_032835.wav,DEV_002_20260929_032835.wav,0,59.40304,18.07242,Phogri,Pholidoptera griseoaptera,Dark Bush-cricket,bush-cricket,0.98,,,29/09/2026,28/09/2026,03:28:35,ClassifEspSWE-0002026-05-29_1,JOHANKARLSSON,202609290755B1T5207C,,Citizen Science (ultrasonic) - shared