RECORDING FILE NAME,ORIGINAL FILE NAME,ORIGINAL FILE PART,LATITUDE,LONGITUDE,SPECIES,SCIENTIFIC NAME,ENGLISH NAME,SPECIES GROUP,PROBABILITY,WARNINGS,CALL TYPE,ACTUAL DATE,SURVEY DATE,TIME,CLASSIFIER NAME,USER ID,UPLOAD KEY,BATCH NAME,PROJECT NAME
59~40304+18~07242_20260927_200502.wav,DEV_002_20260927_200502.wav,0,59.40304,18.07242,Nycnoc,Nyctalus noctula,Noctule,bat,0.91,,echolocation,27/09/2026,27/09/2026,20:05:02,ClassifEspSWE-0002026-05-29_1,JOHANKARLSSON,2026092907465N56J1IK,,Citizen Science (ultrasonic) - shared
59~40304+18~07242_20260927_200910.wav,DEV_002_20260927_200910.wav,0,59.40304,18.07242,Nycnoc,Nyctalus noctula,Noctule,bat,0.9,,echolocation,27/09/2026,27/09/2026,20:09:10,ClassifEspSWE-0002026-05-29_1,JOHANKARLSSON,2026092907465N56J1IK,,Citizen Science (ultrasonic) - shared
59~40304+18~07242_20260927_202555.wav,DEV_002_20260927_202555.wav,0,59.40304,18.07242,Pippyg,Pipistrellus pygmaeus,Soprano Pipistrelle,bat,0.26,Low confidence,echolocation,27/09/2026,27/09/2026,20:25:55,ClassifEspSWE-0002026-05-29_1,JOHANKARLSSON,2026092907465N56J1IK,,Citizen Science (ultrasonic) - shared
59~40304+18~07242_20260927_204111.wav,DEV_002_20260927_204111.wav,0,59.40304,18.07242,Pippyg,Pipistrellus pygmaeus,Soprano Pipistrelle,bat,0.99,,echolocation,27/09/2026,27/09/2026,20:41:11,ClassifEspSWE-0002026-05-29_1,JOHANKARLSSON,2026092907465N56J1IK,,Citizen Science (ultrasonic) - shared
59~40304+18~07242_20260927_204117.wav,DEV_002_20260927_204117.wav,0,59.40304,18.07242,Pippyg,Pipistrellus pygmaeus,Soprano Pipistrelle,bat,0.24,Low confidence,echolocation,27/09/2026,27/09/2026,20:41:17,ClassifEspSWE-0002026-05-29_1,JOHANKARLSSON,2026092907465N56J1IK,,Citizen Science (ultrasonic) - shared
59~40304+18~07242_20260927_205102.wav,DEV_002_20260927_205102.wav,0,59.40304,18.07242,Pippyg,Pipistrellus pygmaeus,Soprano Pipistrelle,bat,0.91,,echolocation,27/09/2026,27/09/2026,20:51:02,ClassifEspSWE-0002026-05-29_1,JOHANKARLSSON,2026092907465N56J1IK,,Citizen Science (ultrasonic) - shared
59~40304+18~07242_20260927_205108.wav,DEV_002_20260927_205108.wav,0,59.40304,18.07242,Pippyg,Pipistrellus pygmaeus,Soprano Pipistrelle,bat,0.76,,echolocation,27/09/2026,27/09/2026,20:51:08,ClassifEspSWE-0002026-05-29_1,JOHANKARLSSON,2026092907465N56J1IK,,Citizen Science (ultrasonic) - shared
59~40304+18~07242_20260927_205747.wav,DEV_002_20260927_205747.wav,0,59.40304,18.07242,Pippyg,Pipistrellus pygmaeus,Soprano Pipistrelle,bat,0.35,Low confidence,echolocation,27/09/2026,27/09/2026,20:57:47,ClassifEspSWE-0002026-05-29_1,JOHANKARLSSON,2026092907465N56J1IK,,Citizen Science (ultrasonic) - shared
59~40304+18~07242_20260927_203541.wav,DEV_002_20260927_203541.wav,0,59.40304,18.07242,Pleaur,Plecotus auritus,Brown Long-eared Bat,bat,0.95,,echolocation,27/09/2026,27/09/2026,20:35:41,ClassifEspSWE-0002026-05-29_1,JOHANKARLSSON,2026092907465N56J1IK,,Citizen Science (ultrasonic) - shared
59~40304+18~07242_20260927_203546.wav,DEV_002_20260927_203546.wav,0,59.40304,18.07242,Pleaur,Plecotus auritus,Brown Long-eared Bat,bat,0.9,,echolocation,27/09/2026,27/09/2026,20:35:46,ClassifEspSWE-0002026-05-29_1,JOHANKARLSSON,2026092907465N56J1IK,,Citizen Science (ultrasonic) - shared
59~40304+18~07242_20260927_201602.wav,DEV_002_20260927_201602.wav,0,59.40304,18.07242,bird,Aves sp.,Unidentified bird,bird,0.14,Low confidence,,27/09/2026,27/09/2026,20:16:02,ClassifEspSWE-0002026-05-29_1,JOHANKARLSSON,2026092907465N56J1IK,,Citizen Science (ultrasonic) - shared
59~40304+18~07242_20260927_200002.wav,DEV_002_20260927_200002.wav,0,59.40304,18.07242,Leppun,Leptophyes punctatissima,Speckled Bush-cricket,bush-cricket,0.99,,,27/09/2026,27/09/2026,20:00:02,ClassifEspSWE-0002026-05-29_1,JOHANKARLSSON,2026092907465N56J1IK,,Citizen Science (ultrasonic) - shared
59~40304+18~07242_20260927_200008.wav,DEV_002_20260927_200008.wav,0,59.40304,18.07242,Leppun,Leptophyes punctatissima,Speckled Bush-cricket,bush-cricket,0.99,,,27/09/2026,27/09/2026,20:00:08,ClassifEspSWE-0002026-05-29_1,JOHANKARLSSON,2026092907465N56J1IK,,Citizen Science (ultrasonic) - shared
59~40304+18~07242_20260927_200013.wav,DEV_002_20260927_200013.wav,0,59.40304,18.07242,Leppun,Leptophyes punctatissima,Speckled Bush-cricket,bush-cricket,0.99,,,27/09/2026,27/09/2026,20:00:13,ClassifEspSWE-0002026-05-29_1,JOHANKARLSSON,2026092907465N56J1IK,,Citizen Science (ultrasonic) - shared
59~40304+18~07242_20260927_200018.wav,DEV_002_20260927_200018.wav,0,59.40304,18.07242,Leppun,Leptophyes punctatissima,Speckled Bush-cricket,bush-cricket,0.99,,,27/09/2026,27/09/2026,20:00:18,ClassifEspSWE-0002026-05-29_1,JOHANKARLSSON,2026092907465N56J1IK,,Citizen Science (ultrasonic) - shared
59~40304+18~07242_20260927_200024.wav,DEV_002_20260927_200024.wav,0,59.40304,18.07242,Leppun,Leptophyes punctatissima,Speckled Bush-cricket,bush-cricket,0.99,,,27/09/2026,27/09/2026,20:00:24,ClassifEspSWE-0002026-05-29_1,JOHANKARLSSON,2026092907465N56J1IK,,Citizen Science (ultrasonic) - shared
59~40304+18~07242_20260927_200029.wav,DEV_002_20260927_200029.wav,0,59.40304,18.07242,Leppun,Leptophyes punctatissima,Speckled Bush-cricket,bush-cricket,0.99,,,27/09/2026,27/09/2026,20:00:29,ClassifEspSWE-0002026-05-29_1,JOHANKARLSSON,2026092907465N56J1IK,,Citizen Science (ultrasonic) - shared
59~40304+18~07242_20260927_200035.wav,DEV_002_20260927_200035.wav,0,59.40304,18.07242,Leppun,Leptophyes punctatissima,Speckled Bush-cricket,bush-cricket,0.99,,,27/09/2026,27/09/2026,20:00:35,ClassifEspSWE-0002026-05-29_1,JOHANKARLSSON,2026092907465N56J1IK,,Citizen Science (ultrasonic) - shared
59~40304+18~07242_20260927_200040.wav,DEV_002_20260927_200040.wav,0,59.40304,18.07242,Leppun,Leptophyes punctatissima,Speckled Bush-cricket,bush-cricket,0.99,,,27/09/2026,27/09/2026,20:00:40,ClassifEspSWE-0002026-05-29_1,JOHANKARLSSON,2026092907465N56J1IK,,Citizen Science (ultrasonic) - shared
59~40304+18~07242_20260927_200046.wav,DEV_002_20260927_200046.wav,0,59.40304,18.07242,Leppun,Leptophyes punctatissima,Speckled Bush-cricket,bush-cricket,0.99,,,27/09/2026,27/09/2026,20:00:46,ClassifEspSWE-0002026-05-29_1,JOHANKARLSSON,2026092907465N56J1IK,,Citizen Science (ultrasonic) - shared
59~40304+18~07242_20260927_200051.wav,DEV_002_20260927_200051.wav,0,59.40304,18.07242,Leppun,Leptophyes punctatissima,Speckled Bush-cricket,bush-cricket,0.99,,,27/09/2026,27/09/2026,20:00:51,ClassifEspSWE-0002026-05-29_1,JOHANKARLSSON,2026092907465N56J1IK,,Citizen Science (ultrasonic) - shared
59~40304+18~07242_20260927_200058.wav,DEV_002_20260927_200058.wav,0,59.40304,18.07242,Leppun,Leptophyes punctatissima,Speckled Bush-cricket,bush-cricket,0.99,,,27/09/2026,27/09/2026,20:00:58,ClassifEspSWE-0002026-05-29_1,JOHANKARLSSON,2026092907465N56J1IK,,Citizen Science (ultrasonic) - shared
59~40304+18~07242_20260927_200103.wav,DEV_002_20260927_200103.wav,0,59.40304,18.07242,Leppun,Leptophyes punctatissima,Speckled Bush-cricket,bush-cricket,0.99,,,27/09/2026,27/09/2026,20:01:03,ClassifEspSWE-0002026-05-29_1,JOHANKARLSSON,2026092907465N56J1IK,,Citizen Science (ultrasonic) - shared
59~40304+18~07242_20260927_200110.wav,DEV_002_20260927_200110.wav,0,59.40304,18.07242,Leppun,Leptophyes punctatissima,Speckled Bush-cricket,bush-cricket,0.99,,,27/09/2026,27/09/2026,20:01:10,ClassifEspSWE-0002026-05-29_1,JOHANKARLSSON,2026092907465N56J1IK,,Citizen Science (ultrasonic) - shared
59~40304+18~07242_20260927_200115.wav,DEV_002_20260927_200115.wav,0,59.40304,18.07242,Leppun,Leptophyes punctatissima,Speckled Bush-cricket,bush-cricket,0.99,,,27/09/2026,27/09/2026,20:01:15,ClassifEspSWE-0002026-05-29_1,JOHANKARLSSON,2026092907465N56J1IK,,Citizen Science (ultrasonic) - shared
59~40304+18~07242_20260927_200121.wav,DEV_002_20260927_200121.wav,0,59.40304,18.07242,Leppun,Leptophyes punctatissima,Speckled Bush-cricket,bush-cricket,0.99,,,27/09/2026,27/09/2026,20:01:21,ClassifEspSWE-0002026-05-29_1,JOHANKARLSSON,2026092907465N56J1IK,,Citizen Science (ultrasonic) - shared
59~40304+18~07242_20260927_200127.wav,DEV_002_20260927_200127.wav,0,59.40304,18.07242,Leppun,Leptophyes punctatissima,Speckled Bush-cricket,bush-cricket,0.99,,,27/09/2026,27/09/2026,20:01:27,ClassifEspSWE-0002026-05-29_1,JOHANKARLSSON,2026092907465N56J1IK,,Citizen Science (ultrasonic) - shared
59~40304+18~07242_20260927_200132.wav,DEV_002_20260927_200132.wav,0,59.40304,18.07242,Leppun,Leptophyes punctatissima,Speckled Bush-cricket,bush-cricket,0.99,,,27/09/2026,27/09/2026,20:01:32,ClassifEspSWE-0002026-05-29_1,JOHANKARLSSON,2026092907465N56J1IK,,Citizen Science (ultrasonic) - shared
59~40304+18~07242_20260927_200139.wav,DEV_002_20260927_200139.wav,0,59.40304,18.07242,Leppun,Leptophyes punctatissima,Speckled Bush-cricket,bush-cricket,0.99,,,27/09/2026,27/09/2026,20:01:39,ClassifEspSWE-0002026-05-29_1,JOHANKARLSSON,2026092907465N56J1IK,,Citizen Science (ultrasonic) - shared
59~40304+18~07242_20260927_200144.wav,DEV_002_20260927_200144.wav,0,59.40304,18.07242,Leppun,Leptophyes punctatissima,Speckled Bush-cricket,bush-cricket,0.99,,,27/09/2026,27/09/2026,20:01:44,ClassifEspSWE-0002026-05-29_1,JOHANKARLSSON,2026092907465N56J1IK,,Citizen Science (ultrasonic) - shared
59~40304+18~07242_20260927_200150.wav,DEV_002_20260927_200150.wav,0,59.40304,18.07242,Leppun,Leptophyes punctatissima,Speckled Bush-cricket,bush-cricket,0.99,,,27/09/2026,27/09/2026,20:01:50,ClassifEspSWE-0002026-05-29_1,JOHANKARLSSON,2026092907465N56J1IK,,Citizen Science (ultrasonic) - shared
59~40304+18~07242_20260927_200156.wav,DEV_002_20260927_200156.wav,0,59.40304,18.07242,Leppun,Leptophyes punctatissima,Speckled Bush-cricket,bush-cricket,0.99,,,27/09/2026,27/09/2026,20:01:56,ClassifEspSWE-0002026-05-29_1,JOHANKARLSSON,2026092907465N56J1IK,,Citizen Science (ultrasonic) - shared
59~40304+18~07242_20260927_200201.wav,DEV_002_20260927_200201.wav,0,59.40304,18.07242,Leppun,Leptophyes punctatissima,Speckled Bush-cricket,bush-cricket,0.99,,,27/09/2026,27/09/2026,20:02:01,ClassifEspSWE-0002026-05-29_1,JOHANKARLSSON,2026092907465N56J1IK,,Citizen Science (ultrasonic) - shared
59~40304+18~07242_20260927_200206.wav,DEV_002_20260927_200206.wav,0,59.40304,18.07242,Leppun,Leptophyes punctatissima,Speckled Bush-cricket,bush-cricket,0.99,,,27/09/2026,27/09/2026,20:02:06,ClassifEspSWE-0002026-05-29_1,JOHANKARLSSON,2026092907465N56J1IK,,Citizen Science (ultrasonic) - shared
59~40304+18~07242_20260927_200211.wav,DEV_002_20260927_200211.wav,0,59.40304,18.07242,Leppun,Leptophyes punctatissima,Speckled Bush-cricket,bush-cricket,0.99,,,27/09/2026,27/09/2026,20:02:11,ClassifEspSWE-0002026-05-29_1,JOHANKARLSSON,2026092907465N56J1IK,,Citizen Science (ultrasonic) - shared
59~40304+18~07242_20260927_200218.wav,DEV_002_20260927_200218.wav,0,59.40304,18.07242,Leppun,Leptophyes punctatissima,Speckled Bush-cricket,bush-cricket,0.99,,,27/09/2026,27/09/2026,20:02:18,ClassifEspSWE-0002026-05-29_1,JOHANKARLSSON,2026092907465N56J1IK,,Citizen Science (ultrasonic) - shared
59~40304+18~07242_20260927_200223.wav,DEV_002_20260927_200223.wav,0,59.40304,18.07242,Leppun,Leptophyes punctatissima,Speckled Bush-cricket,bush-cricket,0.99,,,27/09/2026,27/09/2026,20:02:23,ClassifEspSWE-0002026-05-29_1,JOHANKARLSSON,2026092907465N56J1IK,,Citizen Science (ultrasonic) - shared
59~40304+18~07242_20260927_200229.wav,DEV_002_20260927_200229.wav,0,59.40304,18.07242,Leppun,Leptophyes punctatissima,Speckled Bush-cricket,bush-cricket,0.99,,,27/09/2026,27/09/2026,20:02:29,ClassifEspSWE-0002026-05-29_1,JOHANKARLSSON,2026092907465N56J1IK,,Citizen Science (ultrasonic) - shared
59~40304+18~07242_20260927_200236.wav,DEV_002_20260927_200236.wav,0,59.40304,18.07242,Leppun,Leptophyes punctatissima,Speckled Bush-cricket,bush-cricket,0.99,,,27/09/2026,27/09/2026,20:02:36,ClassifEspSWE-0002026-05-29_1,JOHANKARLSSON,2026092907465N56J1IK,,Citizen Science (ultrasonic) - shared
59~40304+18~07242_20260927_200242.wav,DEV_002_20260927_200242.wav,0,59.40304,18.07242,Leppun,Leptophyes punctatissima,Speckled Bush-cricket,bush-cricket,0.99,,,27/09/2026,27/09/2026,20:02:42,ClassifEspSWE-0002026-05-29_1,JOHANKARLSSON,2026092907465N56J1IK,,Citizen Science (ultrasonic) - shared
59~40304+18~07242_20260927_200248.wav,DEV_002_20260927_200248.wav,0,59.40304,18.07242,Leppun,Leptophyes punctatissima,Speckled Bush-cricket,bush-cricket,0.99,,,27/09/2026,27/09/2026,20:02:48,ClassifEspSWE-0002026-05-29_1,JOHANKARLSSON,2026092907465N56J1IK,,Citizen Science (ultrasonic) - shared
59~40304+18~07242_20260927_200254.wav,DEV_002_20260927_200254.wav,0,59.40304,18.07242,Leppun,Leptophyes punctatissima,Speckled Bush-cricket,bush-cricket,0.99,,,27/09/2026,27/09/2026,20:02:54,ClassifEspSWE-0002026-05-29_1,JOHANKARLSSON,2026092907465N56J1IK,,Citizen Science (ultrasonic) - shared
59~40304+18~07242_20260927_200300.wav,DEV_002_20260927_200300.wav,0,59.40304,18.07242,Leppun,Leptophyes punctatissima,Speckled Bush-cricket,bush-cricket,0.99,,,27/09/2026,27/09/2026,20:03:00,ClassifEspSWE-0002026-05-29_1,JOHANKARLSSON,2026092907465N56J1IK,,Citizen Science (ultrasonic) - shared
59~40304+18~07242_20260927_200305.wav,DEV_002_20260927_200305.wav,0,59.40304,18.07242,Leppun,Leptophyes punctatissima,Speckled Bush-cricket,bush-cricket,0.99,,,27/09/2026,27/09/2026,20:03:05,ClassifEspSWE-0002026-05-29_1,JOHANKARLSSON,2026092907465N56J1IK,,Citizen Science (ultrasonic) - shared
59~40304+18~07242_20260927_200311.wav,DEV_002_20260927_200311.wav,0,59.40304,18.07242,Leppun,Leptophyes punctatissima,Speckled Bush-cricket,bush-cricket,0.99,,,27/09/2026,27/09/2026,20:03:11,ClassifEspSWE-0002026-05-29_1,JOHANKARLSSON,2026092907465N56J1IK,,Citizen Science (ultrasonic) - shared
59~40304+18~07242_20260927_200316.wav,DEV_002_20260927_200316.wav,0,59.40304,18.07242,Leppun,Leptophyes punctatissima,Speckled Bush-cricket,bush-cricket,0.99,,,27/09/2026,27/09/2026,20:03:16,ClassifEspSWE-0002026-05-29_1,JOHANKARLSSON,2026092907465N56J1IK,,Citizen Science (ultrasonic) - shared
59~40304+18~07242_20260927_200322.wav,DEV_002_20260927_200322.wav,0,59.40304,18.07242,Leppun,Leptophyes punctatissima,Speckled Bush-cricket,bush-cricket,0.99,,,27/09/2026,27/09/2026,20:03:22,ClassifEspSWE-0002026-05-29_1,JOHANKARLSSON,2026092907465N56J1IK,,Citizen Science (ultrasonic) - shared
59~40304+18~07242_20260927_200328.wav,DEV_002_20260927_200328.wav,0,59.40304,18.07242,Leppun,Leptophyes punctatissima,Speckled Bush-cricket,bush-cricket,0.99,,,27/09/2026,27/09/2026,20:03:28,ClassifEspSWE-0002026-05-29_1,JOHANKARLSSON,2026092907465N56J1IK,,Citizen Science (ultrasonic) - shared
59~40304+18~07242_20260927_200334.wav,DEV_002_20260927_200334.wav,0,59.40304,18.07242,Leppun,Leptophyes punctatissima,Speckled Bush-cricket,bush-cricket,0.99,,,27/09/2026,27/09/2026,20:03:34,ClassifEspSWE-0002026-05-29_1,JOHANKARLSSON,2026092907465N56J1IK,,Citizen Science (ultrasonic) - shared
59~40304+18~07242_20260927_200340.wav,DEV_002_20260927_200340.wav,0,59.40304,18.07242,Leppun,Leptophyes punctatissima,Speckled Bush-cricket,bush-cricket,0.99,,,27/09/2026,27/09/2026,20:03:40,ClassifEspSWE-0002026-05-29_1,JOHANKARLSSON,2026092907465N56J1IK,,Citizen Science (ultrasonic) - shared
59~40304+18~07242_20260927_200346.wav,DEV_002_20260927_200346.wav,0,59.40304,18.07242,Leppun,Leptophyes punctatissima,Speckled Bush-cricket,bush-cricket,0.99,,,27/09/2026,27/09/2026,20:03:46,ClassifEspSWE-0002026-05-29_1,JOHANKARLSSON,2026092907465N56J1IK,,Citizen Science (ultrasonic) - shared
59~40304+18~07242_20260927_200352.wav,DEV_002_20260927_200352.wav,0,59.40304,18.07242,Leppun,Leptophyes punctatissima,Speckled Bush-cricket,bush-cricket,0.99,,,27/09/2026,27/09/2026,20:03:52,ClassifEspSWE-0002026-05-29_1,JOHANKARLSSON,2026092907465N56J1IK,,Citizen Science (ultrasonic) - shared
59~40304+18~07242_20260927_200357.wav,DEV_002_20260927_200357.wav,0,59.40304,18.07242,Leppun,Leptophyes punctatissima,Speckled Bush-cricket,bush-cricket,0.99,,,27/09/2026,27/09/2026,20:03:57,ClassifEspSWE-0002026-05-29_1,JOHANKARLSSON,2026092907465N56J1IK,,Citizen Science (ultrasonic) - shared
59~40304+18~07242_20260927_200402.wav,DEV_002_20260927_200402.wav,0,59.40304,18.07242,Leppun,Leptophyes punctatissima,Speckled Bush-cricket,bush-cricket,0.99,,,27/09/2026,27/09/2026,20:04:02,ClassifEspSWE-0002026-05-29_1,JOHANKARLSSON,2026092907465N56J1IK,,Citizen Science (ultrasonic) - shared
59~40304+18~07242_20260927_200408.wav,DEV_002_20260927_200408.wav,0,59.40304,18.07242,Leppun,Leptophyes punctatissima,Speckled Bush-cricket,bush-cricket,0.99,,,27/09/2026,27/09/2026,20:04:08,ClassifEspSWE-0002026-05-29_1,JOHANKARLSSON,2026092907465N56J1IK,,Citizen Science (ultrasonic) - shared
59~40304+18~07242_20260927_200413.wav,DEV_002_20260927_200413.wav,0,59.40304,18.07242,Leppun,Leptophyes punctatissima,Speckled Bush-cricket,bush-cricket,0.99,,,27/09/2026,27/09/2026,20:04:13,ClassifEspSWE-0002026-05-29_1,JOHANKARLSSON,2026092907465N56J1IK,,Citizen Science (ultrasonic) - shared
59~40304+18~07242_20260927_200420.wav,DEV_002_20260927_200420.wav,0,59.40304,18.07242,Leppun,Leptophyes punctatissima,Speckled Bush-cricket,bush-cricket,0.99,,,27/09/2026,27/09/2026,20:04:20,ClassifEspSWE-0002026-05-29_1,JOHANKARLSSON,2026092907465N56J1IK,,Citizen Science (ultrasonic) - shared
59~40304+18~07242_20260927_200425.wav,DEV_002_20260927_200425.wav,0,59.40304,18.07242,Leppun,Leptophyes punctatissima,Speckled Bush-cricket,bush-cricket,0.99,,,27/09/2026,27/09/2026,20:04:25,ClassifEspSWE-0002026-05-29_1,JOHANKARLSSON,2026092907465N56J1IK,,Citizen Science (ultrasonic) - shared
59~40304+18~07242_20260927_200430.wav,DEV_002_20260927_200430.wav,0,59.40304,18.07242,Leppun,Leptophyes punctatissima,Speckled Bush-cricket,bush-cricket,0.99,,,27/09/2026,27/09/2026,20:04:30,ClassifEspSWE-0002026-05-29_1,JOHANKARLSSON,2026092907465N56J1IK,,Citizen Science (ultrasonic) - shared
59~40304+18~07242_20260927_200436.wav,DEV_002_20260927_200436.wav,0,59.40304,18.07242,Leppun,Leptophyes punctatissima,Speckled Bush-cricket,bush-cricket,0.99,,,27/09/2026,27/09/2026,20:04:36,ClassifEspSWE-0002026-05-29_1,JOHANKARLSSON,2026092907465N56J1IK,,Citizen Science (ultrasonic) - shared
59~40304+18~07242_20260927_200441.wav,DEV_002_20260927_200441.wav,0,59.40304,18.07242,Leppun,Leptophyes punctatissima,Speckled Bush-cricket,bush-cricket,0.99,,,27/09/2026,27/09/2026,20:04:41,ClassifEspSWE-0002026-05-29_1,JOHANKARLSSON,2026092907465N56J1IK,,Citizen Science (ultrasonic) - shared
59~40304+18~07242_20260927_200446.wav,DEV_002_20260927_200446.wav,0,59.40304,18.07242,Leppun,Leptophyes punctatissima,Speckled Bush-cricket,bush-cricket,0.99,,,27/09/2026,27/09/2026,20:04:46,ClassifEspSWE-0002026-05-29_1,JOHANKARLSSON,2026092907465N56J1IK,,Citizen Science (ultrasonic) - shared
59~40304+18~07242_20260927_200451.wav,DEV_002_20260927_200451.wav,0,59.40304,18.07242,Leppun,Leptophyes punctatissima,Speckled Bush-cricket,bush-cricket,0.99,,,27/09/2026,27/09/2026,20:04:51,ClassifEspSWE-0002026-05-29_1,JOHANKARLSSON,2026092907465N56J1IK,,Citizen Science (ultrasonic) - shared
59~40304+18~07242_20260927_200457.wav,DEV_002_20260927_200457.wav,0,59.40304,18.07242,Leppun,Leptophyes punctatissima,Speckled Bush-cricket,bush-cricket,0.99,,,27/09/2026,27/09/2026,20:04:57,ClassifEspSWE-0002026-05-29_1,JOHANKARLSSON,2026092907465N56J1IK,,Citizen Science (ultrasonic) - shared
59~40304+18~07242_20260927_200502.wav,DEV_002_20260927_200502.wav,0,59.40304,18.07242,Leppun,Leptophyes punctatissima,Speckled Bush-cricket,bush-cricket,0.99,,,27/09/2026,27/09/2026,20:05:02,ClassifEspSWE-0002026-05-29_1,JOHANKARLSSON,2026092907465N56J1IK,,Citizen Science (ultrasonic) - shared
59~40304+18~07242_20260927_200508.wav,DEV_002_20260927_200508.wav,0,59.40304,18.07242,Leppun,Leptophyes punctatissima,Speckled Bush-cricket,bush-cricket,0.99,,,27/09/2026,27/09/2026,20:05:08,ClassifEspSWE-0002026-05-29_1,JOHANKARLSSON,2026092907465N56J1IK,,Citizen Science (ultrasonic) - shared
59~40304+18~07242_20260927_200514.wav,DEV_002_20260927_200514.wav,0,59.40304,18.07242,Leppun,Leptophyes punctatissima,Speckled Bush-cricket,bush-cricket,0.99,,,27/09/2026,27/09/2026,20:05:14,ClassifEspSWE-0002026-05-29_1,JOHANKARLSSON,2026092907465N56J1IK,,Citizen Science (ultrasonic) - shared
59~40304+18~07242_20260927_200519.wav,DEV_002_20260927_200519.wav,0,59.40304,18.07242,Leppun,Leptophyes punctatissima,Speckled Bush-cricket,bush-cricket,0.99,,,27/09/2026,27/09/2026,20:05:19,ClassifEspSWE-0002026-05-29_1,JOHANKARLSSON,2026092907465N56J1IK,,Citizen Science (ultrasonic) - shared
59~40304+18~07242_20260927_200526.wav,DEV_002_20260927_200526.wav,0,59.40304,18.07242,Leppun,Leptophyes punctatissima,Speckled Bush-cricket,bush-cricket,0.99,,,27/09/2026,27/09/2026,20:05:26,ClassifEspSWE-0002026-05-29_1,JOHANKARLSSON,2026092907465N56J1IK,,Citizen Science (ultrasonic) - shared
59~40304+18~07242_20260927_200531.wav,DEV_002_20260927_200531.wav,0,59.40304,18.07242,Leppun,Leptophyes punctatissima,Speckled Bush-cricket,bush-cricket,0.99,,,27/09/2026,27/09/2026,20:05:31,ClassifEspSWE-0002026-05-29_1,JOHANKARLSSON,2026092907465N56J1IK,,Citizen Science (ultrasonic) - shared
59~40304+18~07242_20260927_200537.wav,DEV_002_20260927_200537.wav,0,59.40304,18.07242,Leppun,Leptophyes punctatissima,Speckled Bush-cricket,bush-cricket,0.99,,,27/09/2026,27/09/2026,20:05:37,ClassifEspSWE-0002026-05-29_1,JOHANKARLSSON,2026092907465N56J1IK,,Citizen Science (ultrasonic) - shared
59~40304+18~07242_20260927_200542.wav,DEV_002_20260927_200542.wav,0,59.40304,18.07242,Leppun,Leptophyes punctatissima,Speckled Bush-cricket,bush-cricket,0.99,,,27/09/2026,27/09/2026,20:05:42,ClassifEspSWE-0002026-05-29_1,JOHANKARLSSON,2026092907465N56J1IK,,Citizen Science (ultrasonic) - shared
59~40304+18~07242_20260927_200547.wav,DEV_002_20260927_200547.wav,0,59.40304,18.07242,Leppun,Leptophyes punctatissima,Speckled Bush-cricket,bush-cricket,0.99,,,27/09/2026,27/09/2026,20:05:47,ClassifEspSWE-0002026-05-29_1,JOHANKARLSSON,2026092907465N56J1IK,,Citizen Science (ultrasonic) - shared
59~40304+18~07242_20260927_200553.wav,DEV_002_20260927_200553.wav,0,59.40304,18.07242,Leppun,Leptophyes punctatissima,Speckled Bush-cricket,bush-cricket,0.99,,,27/09/2026,27/09/2026,20:05:53,ClassifEspSWE-0002026-05-29_1,JOHANKARLSSON,2026092907465N56J1IK,,Citizen Science (ultrasonic) - shared
59~40304+18~07242_20260927_200559.wav,DEV_002_20260927_200559.wav,0,59.40304,18.07242,Leppun,Leptophyes punctatissima,Speckled Bush-cricket,bush-cricket,0.99,,,27/09/2026,27/09/2026,20:05:59,ClassifEspSWE-0002026-05-29_1,JOHANKARLSSON,2026092907465N56J1IK,,Citizen Science (ultrasonic) - shared
59~40304+18~07242_20260927_200605.wav,DEV_002_20260927_200605.wav,0,59.40304,18.07242,Leppun,Leptophyes punctatissima,Speckled Bush-cricket,bush-cricket,0.99,,,27/09/2026,27/09/2026,20:06:05,ClassifEspSWE-0002026-05-29_1,JOHANKARLSSON,2026092907465N56J1IK,,Citizen Science (ultrasonic) - shared
59~40304+18~07242_20260927_200611.wav,DEV_002_20260927_200611.wav,0,59.40304,18.07242,Leppun,Leptophyes punctatissima,Speckled Bush-cricket,bush-cricket,0.99,,,27/09/2026,27/09/2026,20:06:11,ClassifEspSWE-0002026-05-29_1,JOHANKARLSSON,2026092907465N56J1IK,,Citizen Science (ultrasonic) - shared
59~40304+18~07242_20260927_200617.wav,DEV_002_20260927_200617.wav,0,59.40304,18.07242,Leppun,Leptophyes punctatissima,Speckled Bush-cricket,bush-cricket,0.99,,,27/09/2026,27/09/2026,20:06:17,ClassifEspSWE-0002026-05-29_1,JOHANKARLSSON,2026092907465N56J1IK,,Citizen Science (ultrasonic) - shared
59~40304+18~07242_20260927_200624.wav,DEV_002_20260927_200624.wav,0,59.40304,18.07242,Leppun,Leptophyes punctatissima,Speckled Bush-cricket,bush-cricket,0.99,,,27/09/2026,27/09/2026,20:06:24,ClassifEspSWE-0002026-05-29_1,JOHANKARLSSON,2026092907465N56J1IK,,Citizen Science (ultrasonic) - shared
59~40304+18~07242_20260927_200629.wav,DEV_002_20260927_200629.wav,0,59.40304,18.07242,Leppun,Leptophyes punctatissima,Speckled Bush-cricket,bush-cricket,0.99,,,27/09/2026,27/09/2026,20:06:29,ClassifEspSWE-0002026-05-29_1,JOHANKARLSSON,2026092907465N56J1IK,,Citizen Science (ultrasonic) - shared
59~40304+18~07242_20260927_200634.wav,DEV_002_20260927_200634.wav,0,59.40304,18.07242,Leppun,Leptophyes punctatissima,Speckled Bush-cricket,bush-cricket,0.99,,,27/09/2026,27/09/2026,20:06:34,ClassifEspSWE-0002026-05-29_1,JOHANKARLSSON,2026092907465N56J1IK,,Citizen Science (ultrasonic) - shared
59~40304+18~07242_20260927_200640.wav,DEV_002_20260927_200640.wav,0,59.40304,18.07242,Leppun,Leptophyes punctatissima,Speckled Bush-cricket,bush-cricket,0.99,,,27/09/2026,27/09/2026,20:06:40,ClassifEspSWE-0002026-05-29_1,JOHANKARLSSON,2026092907465N56J1IK,,Citizen Science (ultrasonic) - shared
59~40304+18~07242_20260927_200646.wav,DEV_002_20260927_200646.wav,0,59.40304,18.07242,Leppun,Leptophyes punctatissima,Speckled Bush-cricket,bush-cricket,0.99,,,27/09/2026,27/09/2026,20:06:46,ClassifEspSWE-0002026-05-29_1,JOHANKARLSSON,2026092907465N56J1IK,,Citizen Science (ultrasonic) - shared
59~40304+18~07242_20260927_200651.wav,DEV_002_20260927_200651.wav,0,59.40304,18.07242,Leppun,Leptophyes punctatissima,Speckled Bush-cricket,bush-cricket,0.99,,,27/09/2026,27/09/2026,20:06:51,ClassifEspSWE-0002026-05-29_1,JOHANKARLSSON,2026092907465N56J1IK,,Citizen Science (ultrasonic) - shared
59~40304+18~07242_20260927_200657.wav,DEV_002_20260927_200657.wav,0,59.40304,18.07242,Leppun,Leptophyes punctatissima,Speckled Bush-cricket,bush-cricket,0.99,,,27/09/2026,27/09/2026,20:06:57,ClassifEspSWE-0002026-05-29_1,JOHANKARLSSON,2026092907465N56J1IK,,Citizen Science (ultrasonic) - shared
59~40304+18~07242_20260927_200702.wav,DEV_002_20260927_200702.wav,0,59.40304,18.07242,Leppun,Leptophyes punctatissima,Speckled Bush-cricket,bush-cricket,0.99,,,27/09/2026,27/09/2026,20:07:02,ClassifEspSWE-0002026-05-29_1,JOHANKARLSSON,2026092907465N56J1IK,,Citizen Science (ultrasonic) - shared
59~40304+18~07242_20260927_200709.wav,DEV_002_20260927_200709.wav,0,59.40304,18.07242,Leppun,Leptophyes punctatissima,Speckled Bush-cricket,bush-cricket,0.99,,,27/09/2026,27/09/2026,20:07:09,ClassifEspSWE-0002026-05-29_1,JOHANKARLSSON,2026092907465N56J1IK,,Citizen Science (ultrasonic) - shared
59~40304+18~07242_20260927_200715.wav,DEV_002_20260927_200715.wav,0,59.40304,18.07242,Leppun,Leptophyes punctatissima,Speckled Bush-cricket,bush-cricket,0.99,,,27/09/2026,27/09/2026,20:07:15,ClassifEspSWE-0002026-05-29_1,JOHANKARLSSON,2026092907465N56J1IK,,Citizen Science (ultrasonic) - shared
59~40304+18~07242_20260927_200720.wav,DEV_002_20260927_200720.wav,0,59.40304,18.07242,Leppun,Leptophyes punctatissima,Speckled Bush-cricket,bush-cricket,0.99,,,27/09/2026,27/09/2026,20:07:20,ClassifEspSWE-0002026-05-29_1,JOHANKARLSSON,2026092907465N56J1IK,,Citizen Science (ultrasonic) - shared
59~40304+18~07242_20260927_200725.wav,DEV_002_20260927_200725.wav,0,59.40304,18.07242,Leppun,Leptophyes punctatissima,Speckled Bush-cricket,bush-cricket,0.99,,,27/09/2026,27/09/2026,20:07:25,ClassifEspSWE-0002026-05-29_1,JOHANKARLSSON,2026092907465N56J1IK,,Citizen Science (ultrasonic) - shared
59~40304+18~07242_20260927_200732.wav,DEV_002_20260927_200732.wav,0,59.40304,18.07242,Leppun,Leptophyes punctatissima,Speckled Bush-cricket,bush-cricket,0.99,,,27/09/2026,27/09/2026,20:07:32,ClassifEspSWE-0002026-05-29_1,JOHANKARLSSON,2026092907465N56J1IK,,Citizen Science (ultrasonic) - shared
59~40304+18~07242_20260927_200737.wav,DEV_002_20260927_200737.wav,0,59.40304,18.07242,Leppun,Leptophyes punctatissima,Speckled Bush-cricket,bush-cricket,0.99,,,27/09/2026,27/09/2026,20:07:37,ClassifEspSWE-0002026-05-29_1,JOHANKARLSSON,2026092907465N56J1IK,,Citizen Science (ultrasonic) - shared
59~40304+18~07242_20260927_200743.wav,DEV_002_20260927_200743.wav,0,59.40304,18.07242,Leppun,Leptophyes punctatissima,Speckled Bush-cricket,bush-cricket,0.99,,,27/09/2026,27/09/2026,20:07:43,ClassifEspSWE-0002026-05-29_1,JOHANKARLSSON,2026092907465N56J1IK,,Citizen Science (ultrasonic) - shared
59~40304+18~07242_20260927_200749.wav,DEV_002_20260927_200749.wav,0,59.40304,18.07242,Leppun,Leptophyes punctatissima,Speckled Bush-cricket,bush-cricket,0.99,,,27/09/2026,27/09/2026,20:07:49,ClassifEspSWE-0002026-05-29_1,JOHANKARLSSON,2026092907465N56J1IK,,Citizen Science (ultrasonic) - shared
59~40304+18~07242_20260927_200754.wav,DEV_002_20260927_200754.wav,0,59.40304,18.07242,Leppun,Leptophyes punctatissima,Speckled Bush-cricket,bush-cricket,0.99,,,27/09/2026,27/09/2026,20:07:54,ClassifEspSWE-0002026-05-29_1,JOHANKARLSSON,2026092907465N56J1IK,,Citizen Science (ultrasonic) - shared
59~40304+18~07242_20260927_200759.wav,DEV_002_20260927_200759.wav,0,59.40304,18.07242,Leppun,Leptophyes punctatissima,Speckled Bush-cricket,bush-cricket,0.99,,,27/09/2026,27/09/2026,20:07:59,ClassifEspSWE-0002026-05-29_1,JOHANKARLSSON,2026092907465N56J1IK,,Citizen Science (ultrasonic) - shared
59~40304+18~07242_20260927_200806.wav,DEV_002_20260927_200806.wav,0,59.40304,18.07242,Leppun,Leptophyes punctatissima,Speckled Bush-cricket,bush-cricket,0.99,,,27/09/2026,27/09/2026,20:08:06,ClassifEspSWE-0002026-05-29_1,JOHANKARLSSON,2026092907465N56J1IK,,Citizen Science (ultrasonic) - shared
59~40304+18~07242_20260927_200811.wav,DEV_002_20260927_200811.wav,0,59.40304,18.07242,Leppun,Leptophyes punctatissima,Speckled Bush-cricket,bush-cricket,0.99,,,27/09/2026,27/09/2026,20:08:11,ClassifEspSWE-0002026-05-29_1,JOHANKARLSSON,2026092907465N56J1IK,,Citizen Science (ultrasonic) - shared
59~40304+18~07242_20260927_200817.wav,DEV_002_20260927_200817.wav,0,59.40304,18.07242,Leppun,Leptophyes punctatissima,Speckled Bush-cricket,bush-cricket,0.99,,,27/09/2026,27/09/2026,20:08:17,ClassifEspSWE-0002026-05-29_1,JOHANKARLSSON,2026092907465N56J1IK,,Citizen Science (ultrasonic) - shared
59~40304+18~07242_20260927_200824.wav,DEV_002_20260927_200824.wav,0,59.40304,18.07242,Leppun,Leptophyes punctatissima,Speckled Bush-cricket,bush-cricket,0.99,,,27/09/2026,27/09/2026,20:08:24,ClassifEspSWE-0002026-05-29_1,JOHANKARLSSON,2026092907465N56J1IK,,Citizen Science (ultrasonic) - shared
59~40304+18~07242_20260927_200830.wav,DEV_002_20260927_200830.wav,0,59.40304,18.07242,Leppun,Leptophyes punctatissima,Speckled Bush-cricket,bush-cricket,0.99,,,27/09/2026,27/09/2026,20:08:30,ClassifEspSWE-0002026-05-29_1,JOHANKARLSSON,2026092907465N56J1IK,,Citizen Science (ultrasonic) - shared
59~40304+18~07242_20260927_200835.wav,DEV_002_20260927_200835.wav,0,59.40304,18.07242,Leppun,Leptophyes punctatissima,Speckled Bush-cricket,bush-cricket,0.99,,,27/09/2026,27/09/2026,20:08:35,ClassifEspSWE-0002026-05-29_1,JOHANKARLSSON,2026092907465N56J1IK,,Citizen Science (ultrasonic) - shared
59~40304+18~07242_20260927_200843.wav,DEV_002_20260927_200843.wav,0,59.40304,18.07242,Leppun,Leptophyes punctatissima,Speckled Bush-cricket,bush-cricket,0.99,,,27/09/2026,27/09/2026,20:08:43,ClassifEspSWE-0002026-05-29_1,JOHANKARLSSON,2026092907465N56J1IK,,Citizen Science (ultrasonic) - shared
59~40304+18~07242_20260927_200850.wav,DEV_002_20260927_200850.wav,0,59.40304,18.07242,Leppun,Leptophyes punctatissima,Speckled Bush-cricket,bush-cricket,0.99,,,27/09/2026,27/09/2026,20:08:50,ClassifEspSWE-0002026-05-29_1,JOHANKARLSSON,2026092907465N56J1IK,,Citizen Science (ultrasonic) - shared
59~40304+18~07242_20260927_200856.wav,DEV_002_20260927_200856.wav,0,59.40304,18.07242,Leppun,Leptophyes punctatissima,Speckled Bush-cricket,bush-cricket,0.99,,,27/09/2026,27/09/2026,20:08:56,ClassifEspSWE-0002026-05-29_1,JOHANKARLSSON,2026092907465N56J1IK,,Citizen Science (ultrasonic) - shared
59~40304+18~07242_20260927_200903.wav,DEV_002_20260927_200903.wav,0,59.40304,18.07242,Leppun,Leptophyes punctatissima,Speckled Bush-cricket,bush-cricket,0.99,,,27/09/2026,27/09/2026,20:09:03,ClassifEspSWE-0002026-05-29_1,JOHANKARLSSON,2026092907465N56J1IK,,Citizen Science (ultrasonic) - shared
59~40304+18~07242_20260927_200910.wav,DEV_002_20260927_200910.wav,0,59.40304,18.07242,Leppun,Leptophyes punctatissima,Speckled Bush-cricket,bush-cricket,0.99,,,27/09/2026,27/09/2026,20:09:10,ClassifEspSWE-0002026-05-29_1,JOHANKARLSSON,2026092907465N56J1IK,,Citizen Science (ultrasonic) - shared
59~40304+18~07242_20260927_200917.wav,DEV_002_20260927_200917.wav,0,59.40304,18.07242,Leppun,Leptophyes punctatissima,Speckled Bush-cricket,bush-cricket,0.99,,,27/09/2026,27/09/2026,20:09:17,ClassifEspSWE-0002026-05-29_1,JOHANKARLSSON,2026092907465N56J1IK,,Citizen Science (ultrasonic) - shared
59~40304+18~07242_20260927_200924.wav,DEV_002_20260927_200924.wav,0,59.40304,18.07242,Leppun,Leptophyes punctatissima,Speckled Bush-cricket,bush-cricket,0.99,,,27/09/2026,27/09/2026,20:09:24,ClassifEspSWE-0002026-05-29_1,JOHANKARLSSON,2026092907465N56J1IK,,Citizen Science (ultrasonic) - shared
59~40304+18~07242_20260927_200929.wav,DEV_002_20260927_200929.wav,0,59.40304,18.07242,Leppun,Leptophyes punctatissima,Speckled Bush-cricket,bush-cricket,0.99,,,27/09/2026,27/09/2026,20:09:29,ClassifEspSWE-0002026-05-29_1,JOHANKARLSSON,2026092907465N56J1IK,,Citizen Science (ultrasonic) - shared
59~40304+18~07242_20260927_200935.wav,DEV_002_20260927_200935.wav,0,59.40304,18.07242,Leppun,Leptophyes punctatissima,Speckled Bush-cricket,bush-cricket,0.99,,,27/09/2026,27/09/2026,20:09:35,ClassifEspSWE-0002026-05-29_1,JOHANKARLSSON,2026092907465N56J1IK,,Citizen Science (ultrasonic) - shared
59~40304+18~07242_20260927_200940.wav,DEV_002_20260927_200940.wav,0,59.40304,18.07242,Leppun,Leptophyes punctatissima,Speckled Bush-cricket,bush-cricket,0.99,,,27/09/2026,27/09/2026,20:09:40,ClassifEspSWE-0002026-05-29_1,JOHANKARLSSON,2026092907465N56J1IK,,Citizen Science (ultrasonic) - shared
59~40304+18~07242_20260927_200946.wav,DEV_002_20260927_200946.wav,0,59.40304,18.07242,Leppun,Leptophyes punctatissima,Speckled Bush-cricket,bush-cricket,0.99,,,27/09/2026,27/09/2026,20:09:46,ClassifEspSWE-0002026-05-29_1,JOHANKARLSSON,2026092907465N56J1IK,,Citizen Science (ultrasonic) - shared
59~40304+18~07242_20260927_200954.wav,DEV_002_20260927_200954.wav,0,59.40304,18.07242,Leppun,Leptophyes punctatissima,Speckled Bush-cricket,bush-cricket,0.99,,,27/09/2026,27/09/2026,20:09:54,ClassifEspSWE-0002026-05-29_1,JOHANKARLSSON,2026092907465N56J1IK,,Citizen Science (ultrasonic) - shared
59~40304+18~07242_20260927_200959.wav,DEV_002_20260927_200959.wav,0,59.40304,18.07242,Leppun,Leptophyes punctatissima,Speckled Bush-cricket,bush-cricket,0.99,,,27/09/2026,27/09/2026,20:09:59,ClassifEspSWE-0002026-05-29_1,JOHANKARLSSON,2026092907465N56J1IK,,Citizen Science (ultrasonic) - shared
59~40304+18~07242_20260927_201005.wav,DEV_002_20260927_201005.wav,0,59.40304,18.07242,Leppun,Leptophyes punctatissima,Speckled Bush-cricket,bush-cricket,0.99,,,27/09/2026,27/09/2026,20:10:05,ClassifEspSWE-0002026-05-29_1,JOHANKARLSSON,2026092907465N56J1IK,,Citizen Science (ultrasonic) - shared
59~40304+18~07242_20260927_201011.wav,DEV_002_20260927_201011.wav,0,59.40304,18.07242,Leppun,Leptophyes punctatissima,Speckled Bush-cricket,bush-cricket,0.99,,,27/09/2026,27/09/2026,20:10:11,ClassifEspSWE-0002026-05-29_1,JOHANKARLSSON,2026092907465N56J1IK,,Citizen Science (ultrasonic) - shared
59~40304+18~07242_20260927_201018.wav,DEV_002_20260927_201018.wav,0,59.40304,18.07242,Leppun,Leptophyes punctatissima,Speckled Bush-cricket,bush-cricket,0.99,,,27/09/2026,27/09/2026,20:10:18,ClassifEspSWE-0002026-05-29_1,JOHANKARLSSON,2026092907465N56J1IK,,Citizen Science (ultrasonic) - shared
59~40304+18~07242_20260927_201026.wav,DEV_002_20260927_201026.wav,0,59.40304,18.07242,Leppun,Leptophyes punctatissima,Speckled Bush-cricket,bush-cricket,0.99,,,27/09/2026,27/09/2026,20:10:26,ClassifEspSWE-0002026-05-29_1,JOHANKARLSSON,2026092907465N56J1IK,,Citizen Science (ultrasonic) - shared
59~40304+18~07242_20260927_201031.wav,DEV_002_20260927_201031.wav,0,59.40304,18.07242,Leppun,Leptophyes punctatissima,Speckled Bush-cricket,bush-cricket,0.99,,,27/09/2026,27/09/2026,20:10:31,ClassifEspSWE-0002026-05-29_1,JOHANKARLSSON,2026092907465N56J1IK,,Citizen Science (ultrasonic) - shared
59~40304+18~07242_20260927_201037.wav,DEV_002_20260927_201037.wav,0,59.40304,18.07242,Leppun,Leptophyes punctatissima,Speckled Bush-cricket,bush-cricket,0.99,,,27/09/2026,27/09/2026,20:10:37,ClassifEspSWE-0002026-05-29_1,JOHANKARLSSON,2026092907465N56J1IK,,Citizen Science (ultrasonic) - shared
59~40304+18~07242_20260927_201043.wav,DEV_002_20260927_201043.wav,0,59.40304,18.07242,Leppun,Leptophyes punctatissima,Speckled Bush-cricket,bush-cricket,0.99,,,27/09/2026,27/09/2026,20:10:43,ClassifEspSWE-0002026-05-29_1,JOHANKARLSSON,2026092907465N56J1IK,,Citizen Science (ultrasonic) - shared
59~40304+18~07242_20260927_201049.wav,DEV_002_20260927_201049.wav,0,59.40304,18.07242,Leppun,Leptophyes punctatissima,Speckled Bush-cricket,bush-cricket,0.99,,,27/09/2026,27/09/2026,20:10:49,ClassifEspSWE-0002026-05-29_1,JOHANKARLSSON,2026092907465N56J1IK,,Citizen Science (ultrasonic) - shared
59~40304+18~07242_20260927_201055.wav,DEV_002_20260927_201055.wav,0,59.40304,18.07242,Leppun,Leptophyes punctatissima,Speckled Bush-cricket,bush-cricket,0.99,,,27/09/2026,27/09/2026,20:10:55,ClassifEspSWE-0002026-05-29_1,JOHANKARLSSON,2026092907465N56J1IK,,Citizen Science (ultrasonic) - shared
59~40304+18~07242_20260927_201101.wav,DEV_002_20260927_201101.wav,0,59.40304,18.07242,Leppun,Leptophyes punctatissima,Speckled Bush-cricket,bush-cricket,0.99,,,27/09/2026,27/09/2026,20:11:01,ClassifEspSWE-0002026-05-29_1,JOHANKARLSSON,2026092907465N56J1IK,,Citizen Science (ultrasonic) - shared
59~40304+18~07242_20260927_201107.wav,DEV_002_20260927_201107.wav,0,59.40304,18.07242,Leppun,Leptophyes punctatissima,Speckled Bush-cricket,bush-cricket,0.99,,,27/09/2026,27/09/2026,20:11:07,ClassifEspSWE-0002026-05-29_1,JOHANKARLSSON,2026092907465N56J1IK,,Citizen Science (ultrasonic) - shared
59~40304+18~07242_20260927_201113.wav,DEV_002_20260927_201113.wav,0,59.40304,18.07242,Leppun,Leptophyes punctatissima,Speckled Bush-cricket,bush-cricket,0.99,,,27/09/2026,27/09/2026,20:11:13,ClassifEspSWE-0002026-05-29_1,JOHANKARLSSON,2026092907465N56J1IK,,Citizen Science (ultrasonic) - shared
59~40304+18~07242_20260927_201119.wav,DEV_002_20260927_201119.wav,0,59.40304,18.07242,Leppun,Leptophyes punctatissima,Speckled Bush-cricket,bush-cricket,0.99,,,27/09/2026,27/09/2026,20:11:19,ClassifEspSWE-0002026-05-29_1,JOHANKARLSSON,2026092907465N56J1IK,,Citizen Science (ultrasonic) - shared
59~40304+18~07242_20260927_201125.wav,DEV_002_20260927_201125.wav,0,59.40304,18.07242,Leppun,Leptophyes punctatissima,Speckled Bush-cricket,bush-cricket,0.99,,,27/09/2026,27/09/2026,20:11:25,ClassifEspSWE-0002026-05-29_1,JOHANKARLSSON,2026092907465N56J1IK,,Citizen Science (ultrasonic) - shared
59~40304+18~07242_20260927_201131.wav,DEV_002_20260927_201131.wav,0,59.40304,18.07242,Leppun,Leptophyes punctatissima,Speckled Bush-cricket,bush-cricket,0.99,,,27/09/2026,27/09/2026,20:11:31,ClassifEspSWE-0002026-05-29_1,JOHANKARLSSON,2026092907465N56J1IK,,Citizen Science (ultrasonic) - shared
59~40304+18~07242_20260927_201136.wav,DEV_002_20260927_201136.wav,0,59.40304,18.07242,Leppun,Leptophyes punctatissima,Speckled Bush-cricket,bush-cricket,0.99,,,27/09/2026,27/09/2026,20:11:36,ClassifEspSWE-0002026-05-29_1,JOHANKARLSSON,2026092907465N56J1IK,,Citizen Science (ultrasonic) - shared
59~40304+18~07242_20260927_201141.wav,DEV_002_20260927_201141.wav,0,59.40304,18.07242,Leppun,Leptophyes punctatissima,Speckled Bush-cricket,bush-cricket,0.99,,,27/09/2026,27/09/2026,20:11:41,ClassifEspSWE-0002026-05-29_1,JOHANKARLSSON,2026092907465N56J1IK,,Citizen Science (ultrasonic) - shared
59~40304+18~07242_20260927_201147.wav,DEV_002_20260927_201147.wav,0,59.40304,18.07242,Leppun,Leptophyes punctatissima,Speckled Bush-cricket,bush-cricket,0.99,,,27/09/2026,27/09/2026,20:11:47,ClassifEspSWE-0002026-05-29_1,JOHANKARLSSON,2026092907465N56J1IK,,Citizen Science (ultrasonic) - shared
59~40304+18~07242_20260927_201153.wav,DEV_002_20260927_201153.wav,0,59.40304,18.07242,Leppun,Leptophyes punctatissima,Speckled Bush-cricket,bush-cricket,0.99,,,27/09/2026,27/09/2026,20:11:53,ClassifEspSWE-0002026-05-29_1,JOHANKARLSSON,2026092907465N56J1IK,,Citizen Science (ultrasonic) - shared
59~40304+18~07242_20260927_201159.wav,DEV_002_20260927_201159.wav,0,59.40304,18.07242,Leppun,Leptophyes punctatissima,Speckled Bush-cricket,bush-cricket,0.99,,,27/09/2026,27/09/2026,20:11:59,ClassifEspSWE-0002026-05-29_1,JOHANKARLSSON,2026092907465N56J1IK,,Citizen Science (ultrasonic) - shared
59~40304+18~07242_20260927_201205.wav,DEV_002_20260927_201205.wav,0,59.40304,18.07242,Leppun,Leptophyes punctatissima,Speckled Bush-cricket,bush-cricket,0.99,,,27/09/2026,27/09/2026,20:12:05,ClassifEspSWE-0002026-05-29_1,JOHANKARLSSON,2026092907465N56J1IK,,Citizen Science (ultrasonic) - shared
59~40304+18~07242_20260927_201211.wav,DEV_002_20260927_201211.wav,0,59.40304,18.07242,Leppun,Leptophyes punctatissima,Speckled Bush-cricket,bush-cricket,0.99,,,27/09/2026,27/09/2026,20:12:11,ClassifEspSWE-0002026-05-29_1,JOHANKARLSSON,2026092907465N56J1IK,,Citizen Science (ultrasonic) - shared
59~40304+18~07242_20260927_201217.wav,DEV_002_20260927_201217.wav,0,59.40304,18.07242,Leppun,Leptophyes punctatissima,Speckled Bush-cricket,bush-cricket,0.99,,,27/09/2026,27/09/2026,20:12:17,ClassifEspSWE-0002026-05-29_1,JOHANKARLSSON,2026092907465N56J1IK,,Citizen Science (ultrasonic) - shared
59~40304+18~07242_20260927_201223.wav,DEV_002_20260927_201223.wav,0,59.40304,18.07242,Leppun,Leptophyes punctatissima,Speckled Bush-cricket,bush-cricket,0.99,,,27/09/2026,27/09/2026,20:12:23,ClassifEspSWE-0002026-05-29_1,JOHANKARLSSON,2026092907465N56J1IK,,Citizen Science (ultrasonic) - shared
59~40304+18~07242_20260927_201229.wav,DEV_002_20260927_201229.wav,0,59.40304,18.07242,Leppun,Leptophyes punctatissima,Speckled Bush-cricket,bush-cricket,0.99,,,27/09/2026,27/09/2026,20:12:29,ClassifEspSWE-0002026-05-29_1,JOHANKARLSSON,2026092907465N56J1IK,,Citizen Science (ultrasonic) - shared
59~40304+18~07242_20260927_201235.wav,DEV_002_20260927_201235.wav,0,59.40304,18.07242,Leppun,Leptophyes punctatissima,Speckled Bush-cricket,bush-cricket,0.99,,,27/09/2026,27/09/2026,20:12:35,ClassifEspSWE-0002026-05-29_1,JOHANKARLSSON,2026092907465N56J1IK,,Citizen Science (ultrasonic) - shared
59~40304+18~07242_20260927_201241.wav,DEV_002_20260927_201241.wav,0,59.40304,18.07242,Leppun,Leptophyes punctatissima,Speckled Bush-cricket,bush-cricket,0.99,,,27/09/2026,27/09/2026,20:12:41,ClassifEspSWE-0002026-05-29_1,JOHANKARLSSON,2026092907465N56J1IK,,Citizen Science (ultrasonic) - shared
59~40304+18~07242_20260927_201246.wav,DEV_002_20260927_201246.wav,0,59.40304,18.07242,Leppun,Leptophyes punctatissima,Speckled Bush-cricket,bush-cricket,0.99,,,27/09/2026,27/09/2026,20:12:46,ClassifEspSWE-0002026-05-29_1,JOHANKARLSSON,2026092907465N56J1IK,,Citizen Science (ultrasonic) - shared
59~40304+18~07242_20260927_201252.wav,DEV_002_20260927_201252.wav,0,59.40304,18.07242,Leppun,Leptophyes punctatissima,Speckled Bush-cricket,bush-cricket,0.99,,,27/09/2026,27/09/2026,20:12:52,ClassifEspSWE-0002026-05-29_1,JOHANKARLSSON,2026092907465N56J1IK,,Citizen Science (ultrasonic) - shared
59~40304+18~07242_20260927_201258.wav,DEV_002_20260927_201258.wav,0,59.40304,18.07242,Leppun,Leptophyes punctatissima,Speckled Bush-cricket,bush-cricket,0.99,,,27/09/2026,27/09/2026,20:12:58,ClassifEspSWE-0002026-05-29_1,JOHANKARLSSON,2026092907465N56J1IK,,Citizen Science (ultrasonic) - shared
59~40304+18~07242_20260927_201303.wav,DEV_002_20260927_201303.wav,0,59.40304,18.07242,Leppun,Leptophyes punctatissima,Speckled Bush-cricket,bush-cricket,0.99,,,27/09/2026,27/09/2026,20:13:03,ClassifEspSWE-0002026-05-29_1,JOHANKARLSSON,2026092907465N56J1IK,,Citizen Science (ultrasonic) - shared
59~40304+18~07242_20260927_201309.wav,DEV_002_20260927_201309.wav,0,59.40304,18.07242,Leppun,Leptophyes punctatissima,Speckled Bush-cricket,bush-cricket,0.99,,,27/09/2026,27/09/2026,20:13:09,ClassifEspSWE-0002026-05-29_1,JOHANKARLSSON,2026092907465N56J1IK,,Citizen Science (ultrasonic) - shared
59~40304+18~07242_20260927_201314.wav,DEV_002_20260927_201314.wav,0,59.40304,18.07242,Leppun,Leptophyes punctatissima,Speckled Bush-cricket,bush-cricket,0.99,,,27/09/2026,27/09/2026,20:13:14,ClassifEspSWE-0002026-05-29_1,JOHANKARLSSON,2026092907465N56J1IK,,Citizen Science (ultrasonic) - shared
59~40304+18~07242_20260927_201321.wav,DEV_002_20260927_201321.wav,0,59.40304,18.07242,Leppun,Leptophyes punctatissima,Speckled Bush-cricket,bush-cricket,0.99,,,27/09/2026,27/09/2026,20:13:21,ClassifEspSWE-0002026-05-29_1,JOHANKARLSSON,2026092907465N56J1IK,,Citizen Science (ultrasonic) - shared
59~40304+18~07242_20260927_201326.wav,DEV_002_20260927_201326.wav,0,59.40304,18.07242,Leppun,Leptophyes punctatissima,Speckled Bush-cricket,bush-cricket,0.99,,,27/09/2026,27/09/2026,20:13:26,ClassifEspSWE-0002026-05-29_1,JOHANKARLSSON,2026092907465N56J1IK,,Citizen Science (ultrasonic) - shared
59~40304+18~07242_20260927_201331.wav,DEV_002_20260927_201331.wav,0,59.40304,18.07242,Leppun,Leptophyes punctatissima,Speckled Bush-cricket,bush-cricket,0.99,,,27/09/2026,27/09/2026,20:13:31,ClassifEspSWE-0002026-05-29_1,JOHANKARLSSON,2026092907465N56J1IK,,Citizen Science (ultrasonic) - shared
59~40304+18~07242_20260927_201338.wav,DEV_002_20260927_201338.wav,0,59.40304,18.07242,Leppun,Leptophyes punctatissima,Speckled Bush-cricket,bush-cricket,0.99,,,27/09/2026,27/09/2026,20:13:38,ClassifEspSWE-0002026-05-29_1,JOHANKARLSSON,2026092907465N56J1IK,,Citizen Science (ultrasonic) - shared
59~40304+18~07242_20260927_201344.wav,DEV_002_20260927_201344.wav,0,59.40304,18.07242,Leppun,Leptophyes punctatissima,Speckled Bush-cricket,bush-cricket,0.99,,,27/09/2026,27/09/2026,20:13:44,ClassifEspSWE-0002026-05-29_1,JOHANKARLSSON,2026092907465N56J1IK,,Citizen Science (ultrasonic) - shared
59~40304+18~07242_20260927_201349.wav,DEV_002_20260927_201349.wav,0,59.40304,18.07242,Leppun,Leptophyes punctatissima,Speckled Bush-cricket,bush-cricket,0.99,,,27/09/2026,27/09/2026,20:13:49,ClassifEspSWE-0002026-05-29_1,JOHANKARLSSON,2026092907465N56J1IK,,Citizen Science (ultrasonic) - shared
59~40304+18~07242_20260927_201355.wav,DEV_002_20260927_201355.wav,0,59.40304,18.07242,Leppun,Leptophyes punctatissima,Speckled Bush-cricket,bush-cricket,0.99,,,27/09/2026,27/09/2026,20:13:55,ClassifEspSWE-0002026-05-29_1,JOHANKARLSSON,2026092907465N56J1IK,,Citizen Science (ultrasonic) - shared
59~40304+18~07242_20260927_201400.wav,DEV_002_20260927_201400.wav,0,59.40304,18.07242,Leppun,Leptophyes punctatissima,Speckled Bush-cricket,bush-cricket,0.99,,,27/09/2026,27/09/2026,20:14:00,ClassifEspSWE-0002026-05-29_1,JOHANKARLSSON,2026092907465N56J1IK,,Citizen Science (ultrasonic) - shared
59~40304+18~07242_20260927_201407.wav,DEV_002_20260927_201407.wav,0,59.40304,18.07242,Leppun,Leptophyes punctatissima,Speckled Bush-cricket,bush-cricket,0.99,,,27/09/2026,27/09/2026,20:14:07,ClassifEspSWE-0002026-05-29_1,JOHANKARLSSON,2026092907465N56J1IK,,Citizen Science (ultrasonic) - shared
59~40304+18~07242_20260927_201413.wav,DEV_002_20260927_201413.wav,0,59.40304,18.07242,Leppun,Leptophyes punctatissima,Speckled Bush-cricket,bush-cricket,0.99,,,27/09/2026,27/09/2026,20:14:13,ClassifEspSWE-0002026-05-29_1,JOHANKARLSSON,2026092907465N56J1IK,,Citizen Science (ultrasonic) - shared
59~40304+18~07242_20260927_201420.wav,DEV_002_20260927_201420.wav,0,59.40304,18.07242,Leppun,Leptophyes punctatissima,Speckled Bush-cricket,bush-cricket,0.99,,,27/09/2026,27/09/2026,20:14:20,ClassifEspSWE-0002026-05-29_1,JOHANKARLSSON,2026092907465N56J1IK,,Citizen Science (ultrasonic) - shared
59~40304+18~07242_20260927_201426.wav,DEV_002_20260927_201426.wav,0,59.40304,18.07242,Leppun,Leptophyes punctatissima,Speckled Bush-cricket,bush-cricket,0.99,,,27/09/2026,27/09/2026,20:14:26,ClassifEspSWE-0002026-05-29_1,JOHANKARLSSON,2026092907465N56J1IK,,Citizen Science (ultrasonic) - shared
59~40304+18~07242_20260927_201432.wav,DEV_002_20260927_201432.wav,0,59.40304,18.07242,Leppun,Leptophyes punctatissima,Speckled Bush-cricket,bush-cricket,0.99,,,27/09/2026,27/09/2026,20:14:32,ClassifEspSWE-0002026-05-29_1,JOHANKARLSSON,2026092907465N56J1IK,,Citizen Science (ultrasonic) - shared
59~40304+18~07242_20260927_201437.wav,DEV_002_20260927_201437.wav,0,59.40304,18.07242,Leppun,Leptophyes punctatissima,Speckled Bush-cricket,bush-cricket,0.99,,,27/09/2026,27/09/2026,20:14:37,ClassifEspSWE-0002026-05-29_1,JOHANKARLSSON,2026092907465N56J1IK,,Citizen Science (ultrasonic) - shared
59~40304+18~07242_20260927_201444.wav,DEV_002_20260927_201444.wav,0,59.40304,18.07242,Leppun,Leptophyes punctatissima,Speckled Bush-cricket,bush-cricket,0.99,,,27/09/2026,27/09/2026,20:14:44,ClassifEspSWE-0002026-05-29_1,JOHANKARLSSON,2026092907465N56J1IK,,Citizen Science (ultrasonic) - shared
59~40304+18~07242_20260927_201449.wav,DEV_002_20260927_201449.wav,0,59.40304,18.07242,Leppun,Leptophyes punctatissima,Speckled Bush-cricket,bush-cricket,0.99,,,27/09/2026,27/09/2026,20:14:49,ClassifEspSWE-0002026-05-29_1,JOHANKARLSSON,2026092907465N56J1IK,,Citizen Science (ultrasonic) - shared
59~40304+18~07242_20260927_201455.wav,DEV_002_20260927_201455.wav,0,59.40304,18.07242,Leppun,Leptophyes punctatissima,Speckled Bush-cricket,bush-cricket,0.99,,,27/09/2026,27/09/2026,20:14:55,ClassifEspSWE-0002026-05-29_1,JOHANKARLSSON,2026092907465N56J1IK,,Citizen Science (ultrasonic) - shared
59~40304+18~07242_20260927_201501.wav,DEV_002_20260927_201501.wav,0,59.40304,18.07242,Leppun,Leptophyes punctatissima,Speckled Bush-cricket,bush-cricket,0.99,,,27/09/2026,27/09/2026,20:15:01,ClassifEspSWE-0002026-05-29_1,JOHANKARLSSON,2026092907465N56J1IK,,Citizen Science (ultrasonic) - shared
59~40304+18~07242_20260927_201507.wav,DEV_002_20260927_201507.wav,0,59.40304,18.07242,Leppun,Leptophyes punctatissima,Speckled Bush-cricket,bush-cricket,0.99,,,27/09/2026,27/09/2026,20:15:07,ClassifEspSWE-0002026-05-29_1,JOHANKARLSSON,2026092907465N56J1IK,,Citizen Science (ultrasonic) - shared
59~40304+18~07242_20260927_201514.wav,DEV_002_20260927_201514.wav,0,59.40304,18.07242,Leppun,Leptophyes punctatissima,Speckled Bush-cricket,bush-cricket,0.99,,,27/09/2026,27/09/2026,20:15:14,ClassifEspSWE-0002026-05-29_1,JOHANKARLSSON,2026092907465N56J1IK,,Citizen Science (ultrasonic) - shared
59~40304+18~07242_20260927_201520.wav,DEV_002_20260927_201520.wav,0,59.40304,18.07242,Leppun,Leptophyes punctatissima,Speckled Bush-cricket,bush-cricket,0.99,,,27/09/2026,27/09/2026,20:15:20,ClassifEspSWE-0002026-05-29_1,JOHANKARLSSON,2026092907465N56J1IK,,Citizen Science (ultrasonic) - shared
59~40304+18~07242_20260927_201527.wav,DEV_002_20260927_201527.wav,0,59.40304,18.07242,Leppun,Leptophyes punctatissima,Speckled Bush-cricket,bush-cricket,0.99,,,27/09/2026,27/09/2026,20:15:27,ClassifEspSWE-0002026-05-29_1,JOHANKARLSSON,2026092907465N56J1IK,,Citizen Science (ultrasonic) - shared
59~40304+18~07242_20260927_201533.wav,DEV_002_20260927_201533.wav,0,59.40304,18.07242,Leppun,Leptophyes punctatissima,Speckled Bush-cricket,bush-cricket,0.99,,,27/09/2026,27/09/2026,20:15:33,ClassifEspSWE-0002026-05-29_1,JOHANKARLSSON,2026092907465N56J1IK,,Citizen Science (ultrasonic) - shared
59~40304+18~07242_20260927_201539.wav,DEV_002_20260927_201539.wav,0,59.40304,18.07242,Leppun,Leptophyes punctatissima,Speckled Bush-cricket,bush-cricket,0.99,,,27/09/2026,27/09/2026,20:15:39,ClassifEspSWE-0002026-05-29_1,JOHANKARLSSON,2026092907465N56J1IK,,Citizen Science (ultrasonic) - shared
59~40304+18~07242_20260927_201544.wav,DEV_002_20260927_201544.wav,0,59.40304,18.07242,Leppun,Leptophyes punctatissima,Speckled Bush-cricket,bush-cricket,0.99,,,27/09/2026,27/09/2026,20:15:44,ClassifEspSWE-0002026-05-29_1,JOHANKARLSSON,2026092907465N56J1IK,,Citizen Science (ultrasonic) - shared
59~40304+18~07242_20260927_201549.wav,DEV_002_20260927_201549.wav,0,59.40304,18.07242,Leppun,Leptophyes punctatissima,Speckled Bush-cricket,bush-cricket,0.99,,,27/09/2026,27/09/2026,20:15:49,ClassifEspSWE-0002026-05-29_1,JOHANKARLSSON,2026092907465N56J1IK,,Citizen Science (ultrasonic) - shared
59~40304+18~07242_20260927_201555.wav,DEV_002_20260927_201555.wav,0,59.40304,18.07242,Leppun,Leptophyes punctatissima,Speckled Bush-cricket,bush-cricket,0.99,,,27/09/2026,27/09/2026,20:15:55,ClassifEspSWE-0002026-05-29_1,JOHANKARLSSON,2026092907465N56J1IK,,Citizen Science (ultrasonic) - shared
59~40304+18~07242_20260927_201602.wav,DEV_002_20260927_201602.wav,0,59.40304,18.07242,Leppun,Leptophyes punctatissima,Speckled Bush-cricket,bush-cricket,0.99,,,27/09/2026,27/09/2026,20:16:02,ClassifEspSWE-0002026-05-29_1,JOHANKARLSSON,2026092907465N56J1IK,,Citizen Science (ultrasonic) - shared
59~40304+18~07242_20260927_201608.wav,DEV_002_20260927_201608.wav,0,59.40304,18.07242,Leppun,Leptophyes punctatissima,Speckled Bush-cricket,bush-cricket,0.99,,,27/09/2026,27/09/2026,20:16:08,ClassifEspSWE-0002026-05-29_1,JOHANKARLSSON,2026092907465N56J1IK,,Citizen Science (ultrasonic) - shared
59~40304+18~07242_20260927_201613.wav,DEV_002_20260927_201613.wav,0,59.40304,18.07242,Leppun,Leptophyes punctatissima,Speckled Bush-cricket,bush-cricket,0.99,,,27/09/2026,27/09/2026,20:16:13,ClassifEspSWE-0002026-05-29_1,JOHANKARLSSON,2026092907465N56J1IK,,Citizen Science (ultrasonic) - shared
59~40304+18~07242_20260927_201620.wav,DEV_002_20260927_201620.wav,0,59.40304,18.07242,Leppun,Leptophyes punctatissima,Speckled Bush-cricket,bush-cricket,0.99,,,27/09/2026,27/09/2026,20:16:20,ClassifEspSWE-0002026-05-29_1,JOHANKARLSSON,2026092907465N56J1IK,,Citizen Science (ultrasonic) - shared
59~40304+18~07242_20260927_201626.wav,DEV_002_20260927_201626.wav,0,59.40304,18.07242,Leppun,Leptophyes punctatissima,Speckled Bush-cricket,bush-cricket,0.99,,,27/09/2026,27/09/2026,20:16:26,ClassifEspSWE-0002026-05-29_1,JOHANKARLSSON,2026092907465N56J1IK,,Citizen Science (ultrasonic) - shared
59~40304+18~07242_20260927_201631.wav,DEV_002_20260927_201631.wav,0,59.40304,18.07242,Leppun,Leptophyes punctatissima,Speckled Bush-cricket,bush-cricket,0.99,,,27/09/2026,27/09/2026,20:16:31,ClassifEspSWE-0002026-05-29_1,JOHANKARLSSON,2026092907465N56J1IK,,Citizen Science (ultrasonic) - shared
59~40304+18~07242_20260927_201637.wav,DEV_002_20260927_201637.wav,0,59.40304,18.07242,Leppun,Leptophyes punctatissima,Speckled Bush-cricket,bush-cricket,0.99,,,27/09/2026,27/09/2026,20:16:37,ClassifEspSWE-0002026-05-29_1,JOHANKARLSSON,2026092907465N56J1IK,,Citizen Science (ultrasonic) - shared
59~40304+18~07242_20260927_201642.wav,DEV_002_20260927_201642.wav,0,59.40304,18.07242,Leppun,Leptophyes punctatissima,Speckled Bush-cricket,bush-cricket,0.99,,,27/09/2026,27/09/2026,20:16:42,ClassifEspSWE-0002026-05-29_1,JOHANKARLSSON,2026092907465N56J1IK,,Citizen Science (ultrasonic) - shared
59~40304+18~07242_20260927_201647.wav,DEV_002_20260927_201647.wav,0,59.40304,18.07242,Leppun,Leptophyes punctatissima,Speckled Bush-cricket,bush-cricket,0.99,,,27/09/2026,27/09/2026,20:16:47,ClassifEspSWE-0002026-05-29_1,JOHANKARLSSON,2026092907465N56J1IK,,Citizen Science (ultrasonic) - shared
59~40304+18~07242_20260927_201654.wav,DEV_002_20260927_201654.wav,0,59.40304,18.07242,Leppun,Leptophyes punctatissima,Speckled Bush-cricket,bush-cricket,0.99,,,27/09/2026,27/09/2026,20:16:54,ClassifEspSWE-0002026-05-29_1,JOHANKARLSSON,2026092907465N56J1IK,,Citizen Science (ultrasonic) - shared
59~40304+18~07242_20260927_201659.wav,DEV_002_20260927_201659.wav,0,59.40304,18.07242,Leppun,Leptophyes punctatissima,Speckled Bush-cricket,bush-cricket,0.99,,,27/09/2026,27/09/2026,20:16:59,ClassifEspSWE-0002026-05-29_1,JOHANKARLSSON,2026092907465N56J1IK,,Citizen Science (ultrasonic) - shared
59~40304+18~07242_20260927_201705.wav,DEV_002_20260927_201705.wav,0,59.40304,18.07242,Leppun,Leptophyes punctatissima,Speckled Bush-cricket,bush-cricket,0.99,,,27/09/2026,27/09/2026,20:17:05,ClassifEspSWE-0002026-05-29_1,JOHANKARLSSON,2026092907465N56J1IK,,Citizen Science (ultrasonic) - shared
59~40304+18~07242_20260927_201711.wav,DEV_002_20260927_201711.wav,0,59.40304,18.07242,Leppun,Leptophyes punctatissima,Speckled Bush-cricket,bush-cricket,0.99,,,27/09/2026,27/09/2026,20:17:11,ClassifEspSWE-0002026-05-29_1,JOHANKARLSSON,2026092907465N56J1IK,,Citizen Science (ultrasonic) - shared
59~40304+18~07242_20260927_201718.wav,DEV_002_20260927_201718.wav,0,59.40304,18.07242,Leppun,Leptophyes punctatissima,Speckled Bush-cricket,bush-cricket,0.99,,,27/09/2026,27/09/2026,20:17:18,ClassifEspSWE-0002026-05-29_1,JOHANKARLSSON,2026092907465N56J1IK,,Citizen Science (ultrasonic) - shared
59~40304+18~07242_20260927_201724.wav,DEV_002_20260927_201724.wav,0,59.40304,18.07242,Leppun,Leptophyes punctatissima,Speckled Bush-cricket,bush-cricket,0.99,,,27/09/2026,27/09/2026,20:17:24,ClassifEspSWE-0002026-05-29_1,JOHANKARLSSON,2026092907465N56J1IK,,Citizen Science (ultrasonic) - shared
59~40304+18~07242_20260927_201729.wav,DEV_002_20260927_201729.wav,0,59.40304,18.07242,Leppun,Leptophyes punctatissima,Speckled Bush-cricket,bush-cricket,0.99,,,27/09/2026,27/09/2026,20:17:29,ClassifEspSWE-0002026-05-29_1,JOHANKARLSSON,2026092907465N56J1IK,,Citizen Science (ultrasonic) - shared
59~40304+18~07242_20260927_201736.wav,DEV_002_20260927_201736.wav,0,59.40304,18.07242,Leppun,Leptophyes punctatissima,Speckled Bush-cricket,bush-cricket,0.99,,,27/09/2026,27/09/2026,20:17:36,ClassifEspSWE-0002026-05-29_1,JOHANKARLSSON,2026092907465N56J1IK,,Citizen Science (ultrasonic) - shared
59~40304+18~07242_20260927_201742.wav,DEV_002_20260927_201742.wav,0,59.40304,18.07242,Leppun,Leptophyes punctatissima,Speckled Bush-cricket,bush-cricket,0.99,,,27/09/2026,27/09/2026,20:17:42,ClassifEspSWE-0002026-05-29_1,JOHANKARLSSON,2026092907465N56J1IK,,Citizen Science (ultrasonic) - shared
59~40304+18~07242_20260927_201748.wav,DEV_002_20260927_201748.wav,0,59.40304,18.07242,Leppun,Leptophyes punctatissima,Speckled Bush-cricket,bush-cricket,0.99,,,27/09/2026,27/09/2026,20:17:48,ClassifEspSWE-0002026-05-29_1,JOHANKARLSSON,2026092907465N56J1IK,,Citizen Science (ultrasonic) - shared
59~40304+18~07242_20260927_201753.wav,DEV_002_20260927_201753.wav,0,59.40304,18.07242,Leppun,Leptophyes punctatissima,Speckled Bush-cricket,bush-cricket,0.99,,,27/09/2026,27/09/2026,20:17:53,ClassifEspSWE-0002026-05-29_1,JOHANKARLSSON,2026092907465N56J1IK,,Citizen Science (ultrasonic) - shared
59~40304+18~07242_20260927_201800.wav,DEV_002_20260927_201800.wav,0,59.40304,18.07242,Leppun,Leptophyes punctatissima,Speckled Bush-cricket,bush-cricket,0.99,,,27/09/2026,27/09/2026,20:18:00,ClassifEspSWE-0002026-05-29_1,JOHANKARLSSON,2026092907465N56J1IK,,Citizen Science (ultrasonic) - shared
59~40304+18~07242_20260927_201806.wav,DEV_002_20260927_201806.wav,0,59.40304,18.07242,Leppun,Leptophyes punctatissima,Speckled Bush-cricket,bush-cricket,0.99,,,27/09/2026,27/09/2026,20:18:06,ClassifEspSWE-0002026-05-29_1,JOHANKARLSSON,2026092907465N56J1IK,,Citizen Science (ultrasonic) - shared
59~40304+18~07242_20260927_201811.wav,DEV_002_20260927_201811.wav,0,59.40304,18.07242,Leppun,Leptophyes punctatissima,Speckled Bush-cricket,bush-cricket,0.99,,,27/09/2026,27/09/2026,20:18:11,ClassifEspSWE-0002026-05-29_1,JOHANKARLSSON,2026092907465N56J1IK,,Citizen Science (ultrasonic) - shared
59~40304+18~07242_20260927_201819.wav,DEV_002_20260927_201819.wav,0,59.40304,18.07242,Leppun,Leptophyes punctatissima,Speckled Bush-cricket,bush-cricket,0.99,,,27/09/2026,27/09/2026,20:18:19,ClassifEspSWE-0002026-05-29_1,JOHANKARLSSON,2026092907465N56J1IK,,Citizen Science (ultrasonic) - shared
59~40304+18~07242_20260927_201824.wav,DEV_002_20260927_201824.wav,0,59.40304,18.07242,Leppun,Leptophyes punctatissima,Speckled Bush-cricket,bush-cricket,0.99,,,27/09/2026,27/09/2026,20:18:24,ClassifEspSWE-0002026-05-29_1,JOHANKARLSSON,2026092907465N56J1IK,,Citizen Science (ultrasonic) - shared
59~40304+18~07242_20260927_201830.wav,DEV_002_20260927_201830.wav,0,59.40304,18.07242,Leppun,Leptophyes punctatissima,Speckled Bush-cricket,bush-cricket,0.99,,,27/09/2026,27/09/2026,20:18:30,ClassifEspSWE-0002026-05-29_1,JOHANKARLSSON,2026092907465N56J1IK,,Citizen Science (ultrasonic) - shared
59~40304+18~07242_20260927_201836.wav,DEV_002_20260927_201836.wav,0,59.40304,18.07242,Leppun,Leptophyes punctatissima,Speckled Bush-cricket,bush-cricket,0.99,,,27/09/2026,27/09/2026,20:18:36,ClassifEspSWE-0002026-05-29_1,JOHANKARLSSON,2026092907465N56J1IK,,Citizen Science (ultrasonic) - shared
59~40304+18~07242_20260927_201842.wav,DEV_002_20260927_201842.wav,0,59.40304,18.07242,Leppun,Leptophyes punctatissima,Speckled Bush-cricket,bush-cricket,0.99,,,27/09/2026,27/09/2026,20:18:42,ClassifEspSWE-0002026-05-29_1,JOHANKARLSSON,2026092907465N56J1IK,,Citizen Science (ultrasonic) - shared
59~40304+18~07242_20260927_201849.wav,DEV_002_20260927_201849.wav,0,59.40304,18.07242,Leppun,Leptophyes punctatissima,Speckled Bush-cricket,bush-cricket,0.99,,,27/09/2026,27/09/2026,20:18:49,ClassifEspSWE-0002026-05-29_1,JOHANKARLSSON,2026092907465N56J1IK,,Citizen Science (ultrasonic) - shared
59~40304+18~07242_20260927_201856.wav,DEV_002_20260927_201856.wav,0,59.40304,18.07242,Leppun,Leptophyes punctatissima,Speckled Bush-cricket,bush-cricket,0.99,,,27/09/2026,27/09/2026,20:18:56,ClassifEspSWE-0002026-05-29_1,JOHANKARLSSON,2026092907465N56J1IK,,Citizen Science (ultrasonic) - shared
59~40304+18~07242_20260927_201902.wav,DEV_002_20260927_201902.wav,0,59.40304,18.07242,Leppun,Leptophyes punctatissima,Speckled Bush-cricket,bush-cricket,0.99,,,27/09/2026,27/09/2026,20:19:02,ClassifEspSWE-0002026-05-29_1,JOHANKARLSSON,2026092907465N56J1IK,,Citizen Science (ultrasonic) - shared
59~40304+18~07242_20260927_201908.wav,DEV_002_20260927_201908.wav,0,59.40304,18.07242,Leppun,Leptophyes punctatissima,Speckled Bush-cricket,bush-cricket,0.99,,,27/09/2026,27/09/2026,20:19:08,ClassifEspSWE-0002026-05-29_1,JOHANKARLSSON,2026092907465N56J1IK,,Citizen Science (ultrasonic) - shared
59~40304+18~07242_20260927_201914.wav,DEV_002_20260927_201914.wav,0,59.40304,18.07242,Leppun,Leptophyes punctatissima,Speckled Bush-cricket,bush-cricket,0.99,,,27/09/2026,27/09/2026,20:19:14,ClassifEspSWE-0002026-05-29_1,JOHANKARLSSON,2026092907465N56J1IK,,Citizen Science (ultrasonic) - shared
59~40304+18~07242_20260927_201919.wav,DEV_002_20260927_201919.wav,0,59.40304,18.07242,Leppun,Leptophyes punctatissima,Speckled Bush-cricket,bush-cricket,0.99,,,27/09/2026,27/09/2026,20:19:19,ClassifEspSWE-0002026-05-29_1,JOHANKARLSSON,2026092907465N56J1IK,,Citizen Science (ultrasonic) - shared
59~40304+18~07242_20260927_201925.wav,DEV_002_20260927_201925.wav,0,59.40304,18.07242,Leppun,Leptophyes punctatissima,Speckled Bush-cricket,bush-cricket,0.99,,,27/09/2026,27/09/2026,20:19:25,ClassifEspSWE-0002026-05-29_1,JOHANKARLSSON,2026092907465N56J1IK,,Citizen Science (ultrasonic) - shared
59~40304+18~07242_20260927_201931.wav,DEV_002_20260927_201931.wav,0,59.40304,18.07242,Leppun,Leptophyes punctatissima,Speckled Bush-cricket,bush-cricket,0.99,,,27/09/2026,27/09/2026,20:19:31,ClassifEspSWE-0002026-05-29_1,JOHANKARLSSON,2026092907465N56J1IK,,Citizen Science (ultrasonic) - shared
59~40304+18~07242_20260927_201936.wav,DEV_002_20260927_201936.wav,0,59.40304,18.07242,Leppun,Leptophyes punctatissima,Speckled Bush-cricket,bush-cricket,0.99,,,27/09/2026,27/09/2026,20:19:36,ClassifEspSWE-0002026-05-29_1,JOHANKARLSSON,2026092907465N56J1IK,,Citizen Science (ultrasonic) - shared
59~40304+18~07242_20260927_201943.wav,DEV_002_20260927_201943.wav,0,59.40304,18.07242,Leppun,Leptophyes punctatissima,Speckled Bush-cricket,bush-cricket,0.99,,,27/09/2026,27/09/2026,20:19:43,ClassifEspSWE-0002026-05-29_1,JOHANKARLSSON,2026092907465N56J1IK,,Citizen Science (ultrasonic) - shared
59~40304+18~07242_20260927_201949.wav,DEV_002_20260927_201949.wav,0,59.40304,18.07242,Leppun,Leptophyes punctatissima,Speckled Bush-cricket,bush-cricket,0.99,,,27/09/2026,27/09/2026,20:19:49,ClassifEspSWE-0002026-05-29_1,JOHANKARLSSON,2026092907465N56J1IK,,Citizen Science (ultrasonic) - shared
59~40304+18~07242_20260927_201954.wav,DEV_002_20260927_201954.wav,0,59.40304,18.07242,Leppun,Leptophyes punctatissima,Speckled Bush-cricket,bush-cricket,0.99,,,27/09/2026,27/09/2026,20:19:54,ClassifEspSWE-0002026-05-29_1,JOHANKARLSSON,2026092907465N56J1IK,,Citizen Science (ultrasonic) - shared
59~40304+18~07242_20260927_202000.wav,DEV_002_20260927_202000.wav,0,59.40304,18.07242,Leppun,Leptophyes punctatissima,Speckled Bush-cricket,bush-cricket,0.99,,,27/09/2026,27/09/2026,20:20:00,ClassifEspSWE-0002026-05-29_1,JOHANKARLSSON,2026092907465N56J1IK,,Citizen Science (ultrasonic) - shared
59~40304+18~07242_20260927_202007.wav,DEV_002_20260927_202007.wav,0,59.40304,18.07242,Leppun,Leptophyes punctatissima,Speckled Bush-cricket,bush-cricket,0.99,,,27/09/2026,27/09/2026,20:20:07,ClassifEspSWE-0002026-05-29_1,JOHANKARLSSON,2026092907465N56J1IK,,Citizen Science (ultrasonic) - shared
59~40304+18~07242_20260927_202014.wav,DEV_002_20260927_202014.wav,0,59.40304,18.07242,Leppun,Leptophyes punctatissima,Speckled Bush-cricket,bush-cricket,0.99,,,27/09/2026,27/09/2026,20:20:14,ClassifEspSWE-0002026-05-29_1,JOHANKARLSSON,2026092907465N56J1IK,,Citizen Science (ultrasonic) - shared
59~40304+18~07242_20260927_202020.wav,DEV_002_20260927_202020.wav,0,59.40304,18.07242,Leppun,Leptophyes punctatissima,Speckled Bush-cricket,bush-cricket,0.99,,,27/09/2026,27/09/2026,20:20:20,ClassifEspSWE-0002026-05-29_1,JOHANKARLSSON,2026092907465N56J1IK,,Citizen Science (ultrasonic) - shared
59~40304+18~07242_20260927_202026.wav,DEV_002_20260927_202026.wav,0,59.40304,18.07242,Leppun,Leptophyes punctatissima,Speckled Bush-cricket,bush-cricket,0.99,,,27/09/2026,27/09/2026,20:20:26,ClassifEspSWE-0002026-05-29_1,JOHANKARLSSON,2026092907465N56J1IK,,Citizen Science (ultrasonic) - shared
59~40304+18~07242_20260927_202033.wav,DEV_002_20260927_202033.wav,0,59.40304,18.07242,Leppun,Leptophyes punctatissima,Speckled Bush-cricket,bush-cricket,0.99,,,27/09/2026,27/09/2026,20:20:33,ClassifEspSWE-0002026-05-29_1,JOHANKARLSSON,2026092907465N56J1IK,,Citizen Science (ultrasonic) - shared
59~40304+18~07242_20260927_202040.wav,DEV_002_20260927_202040.wav,0,59.40304,18.07242,Leppun,Leptophyes punctatissima,Speckled Bush-cricket,bush-cricket,0.99,,,27/09/2026,27/09/2026,20:20:40,ClassifEspSWE-0002026-05-29_1,JOHANKARLSSON,2026092907465N56J1IK,,Citizen Science (ultrasonic) - shared
59~40304+18~07242_20260927_202046.wav,DEV_002_20260927_202046.wav,0,59.40304,18.07242,Leppun,Leptophyes punctatissima,Speckled Bush-cricket,bush-cricket,0.99,,,27/09/2026,27/09/2026,20:20:46,ClassifEspSWE-0002026-05-29_1,JOHANKARLSSON,2026092907465N56J1IK,,Citizen Science (ultrasonic) - shared
59~40304+18~07242_20260927_202052.wav,DEV_002_20260927_202052.wav,0,59.40304,18.07242,Leppun,Leptophyes punctatissima,Speckled Bush-cricket,bush-cricket,0.99,,,27/09/2026,27/09/2026,20:20:52,ClassifEspSWE-0002026-05-29_1,JOHANKARLSSON,2026092907465N56J1IK,,Citizen Science (ultrasonic) - shared
59~40304+18~07242_20260927_202059.wav,DEV_002_20260927_202059.wav,0,59.40304,18.07242,Leppun,Leptophyes punctatissima,Speckled Bush-cricket,bush-cricket,0.99,,,27/09/2026,27/09/2026,20:20:59,ClassifEspSWE-0002026-05-29_1,JOHANKARLSSON,2026092907465N56J1IK,,Citizen Science (ultrasonic) - shared
59~40304+18~07242_20260927_202104.wav,DEV_002_20260927_202104.wav,0,59.40304,18.07242,Leppun,Leptophyes punctatissima,Speckled Bush-cricket,bush-cricket,0.99,,,27/09/2026,27/09/2026,20:21:04,ClassifEspSWE-0002026-05-29_1,JOHANKARLSSON,2026092907465N56J1IK,,Citizen Science (ultrasonic) - shared
59~40304+18~07242_20260927_202111.wav,DEV_002_20260927_202111.wav,0,59.40304,18.07242,Leppun,Leptophyes punctatissima,Speckled Bush-cricket,bush-cricket,0.99,,,27/09/2026,27/09/2026,20:21:11,ClassifEspSWE-0002026-05-29_1,JOHANKARLSSON,2026092907465N56J1IK,,Citizen Science (ultrasonic) - shared
59~40304+18~07242_20260927_202117.wav,DEV_002_20260927_202117.wav,0,59.40304,18.07242,Leppun,Leptophyes punctatissima,Speckled Bush-cricket,bush-cricket,0.99,,,27/09/2026,27/09/2026,20:21:17,ClassifEspSWE-0002026-05-29_1,JOHANKARLSSON,2026092907465N56J1IK,,Citizen Science (ultrasonic) - shared
59~40304+18~07242_20260927_202124.wav,DEV_002_20260927_202124.wav,0,59.40304,18.07242,Leppun,Leptophyes punctatissima,Speckled Bush-cricket,bush-cricket,0.99,,,27/09/2026,27/09/2026,20:21:24,ClassifEspSWE-0002026-05-29_1,JOHANKARLSSON,2026092907465N56J1IK,,Citizen Science (ultrasonic) - shared
59~40304+18~07242_20260927_202130.wav,DEV_002_20260927_202130.wav,0,59.40304,18.07242,Leppun,Leptophyes punctatissima,Speckled Bush-cricket,bush-cricket,0.99,,,27/09/2026,27/09/2026,20:21:30,ClassifEspSWE-0002026-05-29_1,JOHANKARLSSON,2026092907465N56J1IK,,Citizen Science (ultrasonic) - shared
59~40304+18~07242_20260927_202136.wav,DEV_002_20260927_202136.wav,0,59.40304,18.07242,Leppun,Leptophyes punctatissima,Speckled Bush-cricket,bush-cricket,0.99,,,27/09/2026,27/09/2026,20:21:36,ClassifEspSWE-0002026-05-29_1,JOHANKARLSSON,2026092907465N56J1IK,,Citizen Science (ultrasonic) - shared
59~40304+18~07242_20260927_202142.wav,DEV_002_20260927_202142.wav,0,59.40304,18.07242,Leppun,Leptophyes punctatissima,Speckled Bush-cricket,bush-cricket,0.99,,,27/09/2026,27/09/2026,20:21:42,ClassifEspSWE-0002026-05-29_1,JOHANKARLSSON,2026092907465N56J1IK,,Citizen Science (ultrasonic) - shared
59~40304+18~07242_20260927_202147.wav,DEV_002_20260927_202147.wav,0,59.40304,18.07242,Leppun,Leptophyes punctatissima,Speckled Bush-cricket,bush-cricket,0.99,,,27/09/2026,27/09/2026,20:21:47,ClassifEspSWE-0002026-05-29_1,JOHANKARLSSON,2026092907465N56J1IK,,Citizen Science (ultrasonic) - shared
59~40304+18~07242_20260927_202155.wav,DEV_002_20260927_202155.wav,0,59.40304,18.07242,Leppun,Leptophyes punctatissima,Speckled Bush-cricket,bush-cricket,0.99,,,27/09/2026,27/09/2026,20:21:55,ClassifEspSWE-0002026-05-29_1,JOHANKARLSSON,2026092907465N56J1IK,,Citizen Science (ultrasonic) - shared
59~40304+18~07242_20260927_202200.wav,DEV_002_20260927_202200.wav,0,59.40304,18.07242,Leppun,Leptophyes punctatissima,Speckled Bush-cricket,bush-cricket,0.99,,,27/09/2026,27/09/2026,20:22:00,ClassifEspSWE-0002026-05-29_1,JOHANKARLSSON,2026092907465N56J1IK,,Citizen Science (ultrasonic) - shared
59~40304+18~07242_20260927_202205.wav,DEV_002_20260927_202205.wav,0,59.40304,18.07242,Leppun,Leptophyes punctatissima,Speckled Bush-cricket,bush-cricket,0.99,,,27/09/2026,27/09/2026,20:22:05,ClassifEspSWE-0002026-05-29_1,JOHANKARLSSON,2026092907465N56J1IK,,Citizen Science (ultrasonic) - shared
59~40304+18~07242_20260927_202212.wav,DEV_002_20260927_202212.wav,0,59.40304,18.07242,Leppun,Leptophyes punctatissima,Speckled Bush-cricket,bush-cricket,0.99,,,27/09/2026,27/09/2026,20:22:12,ClassifEspSWE-0002026-05-29_1,JOHANKARLSSON,2026092907465N56J1IK,,Citizen Science (ultrasonic) - shared
59~40304+18~07242_20260927_202218.wav,DEV_002_20260927_202218.wav,0,59.40304,18.07242,Leppun,Leptophyes punctatissima,Speckled Bush-cricket,bush-cricket,0.99,,,27/09/2026,27/09/2026,20:22:18,ClassifEspSWE-0002026-05-29_1,JOHANKARLSSON,2026092907465N56J1IK,,Citizen Science (ultrasonic) - shared
59~40304+18~07242_20260927_202225.wav,DEV_002_20260927_202225.wav,0,59.40304,18.07242,Leppun,Leptophyes punctatissima,Speckled Bush-cricket,bush-cricket,0.99,,,27/09/2026,27/09/2026,20:22:25,ClassifEspSWE-0002026-05-29_1,JOHANKARLSSON,2026092907465N56J1IK,,Citizen Science (ultrasonic) - shared
59~40304+18~07242_20260927_202231.wav,DEV_002_20260927_202231.wav,0,59.40304,18.07242,Leppun,Leptophyes punctatissima,Speckled Bush-cricket,bush-cricket,0.99,,,27/09/2026,27/09/2026,20:22:31,ClassifEspSWE-0002026-05-29_1,JOHANKARLSSON,2026092907465N56J1IK,,Citizen Science (ultrasonic) - shared
59~40304+18~07242_20260927_202238.wav,DEV_002_20260927_202238.wav,0,59.40304,18.07242,Leppun,Leptophyes punctatissima,Speckled Bush-cricket,bush-cricket,0.99,,,27/09/2026,27/09/2026,20:22:38,ClassifEspSWE-0002026-05-29_1,JOHANKARLSSON,2026092907465N56J1IK,,Citizen Science (ultrasonic) - shared
59~40304+18~07242_20260927_202245.wav,DEV_002_20260927_202245.wav,0,59.40304,18.07242,Leppun,Leptophyes punctatissima,Speckled Bush-cricket,bush-cricket,0.99,,,27/09/2026,27/09/2026,20:22:45,ClassifEspSWE-0002026-05-29_1,JOHANKARLSSON,2026092907465N56J1IK,,Citizen Science (ultrasonic) - shared
59~40304+18~07242_20260927_202250.wav,DEV_002_20260927_202250.wav,0,59.40304,18.07242,Leppun,Leptophyes punctatissima,Speckled Bush-cricket,bush-cricket,0.99,,,27/09/2026,27/09/2026,20:22:50,ClassifEspSWE-0002026-05-29_1,JOHANKARLSSON,2026092907465N56J1IK,,Citizen Science (ultrasonic) - shared
59~40304+18~07242_20260927_202256.wav,DEV_002_20260927_202256.wav,0,59.40304,18.07242,Leppun,Leptophyes punctatissima,Speckled Bush-cricket,bush-cricket,0.99,,,27/09/2026,27/09/2026,20:22:56,ClassifEspSWE-0002026-05-29_1,JOHANKARLSSON,2026092907465N56J1IK,,Citizen Science (ultrasonic) - shared
59~40304+18~07242_20260927_202302.wav,DEV_002_20260927_202302.wav,0,59.40304,18.07242,Leppun,Leptophyes punctatissima,Speckled Bush-cricket,bush-cricket,0.99,,,27/09/2026,27/09/2026,20:23:02,ClassifEspSWE-0002026-05-29_1,JOHANKARLSSON,2026092907465N56J1IK,,Citizen Science (ultrasonic) - shared
59~40304+18~07242_20260927_202309.wav,DEV_002_20260927_202309.wav,0,59.40304,18.07242,Leppun,Leptophyes punctatissima,Speckled Bush-cricket,bush-cricket,0.99,,,27/09/2026,27/09/2026,20:23:09,ClassifEspSWE-0002026-05-29_1,JOHANKARLSSON,2026092907465N56J1IK,,Citizen Science (ultrasonic) - shared
59~40304+18~07242_20260927_202314.wav,DEV_002_20260927_202314.wav,0,59.40304,18.07242,Leppun,Leptophyes punctatissima,Speckled Bush-cricket,bush-cricket,0.99,,,27/09/2026,27/09/2026,20:23:14,ClassifEspSWE-0002026-05-29_1,JOHANKARLSSON,2026092907465N56J1IK,,Citizen Science (ultrasonic) - shared
59~40304+18~07242_20260927_202319.wav,DEV_002_20260927_202319.wav,0,59.40304,18.07242,Leppun,Leptophyes punctatissima,Speckled Bush-cricket,bush-cricket,0.99,,,27/09/2026,27/09/2026,20:23:19,ClassifEspSWE-0002026-05-29_1,JOHANKARLSSON,2026092907465N56J1IK,,Citizen Science (ultrasonic) - shared
59~40304+18~07242_20260927_202325.wav,DEV_002_20260927_202325.wav,0,59.40304,18.07242,Leppun,Leptophyes punctatissima,Speckled Bush-cricket,bush-cricket,0.99,,,27/09/2026,27/09/2026,20:23:25,ClassifEspSWE-0002026-05-29_1,JOHANKARLSSON,2026092907465N56J1IK,,Citizen Science (ultrasonic) - shared
59~40304+18~07242_20260927_202332.wav,DEV_002_20260927_202332.wav,0,59.40304,18.07242,Leppun,Leptophyes punctatissima,Speckled Bush-cricket,bush-cricket,0.99,,,27/09/2026,27/09/2026,20:23:32,ClassifEspSWE-0002026-05-29_1,JOHANKARLSSON,2026092907465N56J1IK,,Citizen Science (ultrasonic) - shared
59~40304+18~07242_20260927_202337.wav,DEV_002_20260927_202337.wav,0,59.40304,18.07242,Leppun,Leptophyes punctatissima,Speckled Bush-cricket,bush-cricket,0.99,,,27/09/2026,27/09/2026,20:23:37,ClassifEspSWE-0002026-05-29_1,JOHANKARLSSON,2026092907465N56J1IK,,Citizen Science (ultrasonic) - shared
59~40304+18~07242_20260927_202342.wav,DEV_002_20260927_202342.wav,0,59.40304,18.07242,Leppun,Leptophyes punctatissima,Speckled Bush-cricket,bush-cricket,0.99,,,27/09/2026,27/09/2026,20:23:42,ClassifEspSWE-0002026-05-29_1,JOHANKARLSSON,2026092907465N56J1IK,,Citizen Science (ultrasonic) - shared
59~40304+18~07242_20260927_202348.wav,DEV_002_20260927_202348.wav,0,59.40304,18.07242,Leppun,Leptophyes punctatissima,Speckled Bush-cricket,bush-cricket,0.99,,,27/09/2026,27/09/2026,20:23:48,ClassifEspSWE-0002026-05-29_1,JOHANKARLSSON,2026092907465N56J1IK,,Citizen Science (ultrasonic) - shared
59~40304+18~07242_20260927_202353.wav,DEV_002_20260927_202353.wav,0,59.40304,18.07242,Leppun,Leptophyes punctatissima,Speckled Bush-cricket,bush-cricket,0.99,,,27/09/2026,27/09/2026,20:23:53,ClassifEspSWE-0002026-05-29_1,JOHANKARLSSON,2026092907465N56J1IK,,Citizen Science (ultrasonic) - shared
59~40304+18~07242_20260927_202359.wav,DEV_002_20260927_202359.wav,0,59.40304,18.07242,Leppun,Leptophyes punctatissima,Speckled Bush-cricket,bush-cricket,0.99,,,27/09/2026,27/09/2026,20:23:59,ClassifEspSWE-0002026-05-29_1,JOHANKARLSSON,2026092907465N56J1IK,,Citizen Science (ultrasonic) - shared
59~40304+18~07242_20260927_202405.wav,DEV_002_20260927_202405.wav,0,59.40304,18.07242,Leppun,Leptophyes punctatissima,Speckled Bush-cricket,bush-cricket,0.99,,,27/09/2026,27/09/2026,20:24:05,ClassifEspSWE-0002026-05-29_1,JOHANKARLSSON,2026092907465N56J1IK,,Citizen Science (ultrasonic) - shared
59~40304+18~07242_20260927_202411.wav,DEV_002_20260927_202411.wav,0,59.40304,18.07242,Leppun,Leptophyes punctatissima,Speckled Bush-cricket,bush-cricket,0.99,,,27/09/2026,27/09/2026,20:24:11,ClassifEspSWE-0002026-05-29_1,JOHANKARLSSON,2026092907465N56J1IK,,Citizen Science (ultrasonic) - shared
59~40304+18~07242_20260927_202417.wav,DEV_002_20260927_202417.wav,0,59.40304,18.07242,Leppun,Leptophyes punctatissima,Speckled Bush-cricket,bush-cricket,0.99,,,27/09/2026,27/09/2026,20:24:17,ClassifEspSWE-0002026-05-29_1,JOHANKARLSSON,2026092907465N56J1IK,,Citizen Science (ultrasonic) - shared
59~40304+18~07242_20260927_202423.wav,DEV_002_20260927_202423.wav,0,59.40304,18.07242,Leppun,Leptophyes punctatissima,Speckled Bush-cricket,bush-cricket,0.99,,,27/09/2026,27/09/2026,20:24:23,ClassifEspSWE-0002026-05-29_1,JOHANKARLSSON,2026092907465N56J1IK,,Citizen Science (ultrasonic) - shared
59~40304+18~07242_20260927_202429.wav,DEV_002_20260927_202429.wav,0,59.40304,18.07242,Leppun,Leptophyes punctatissima,Speckled Bush-cricket,bush-cricket,0.99,,,27/09/2026,27/09/2026,20:24:29,ClassifEspSWE-0002026-05-29_1,JOHANKARLSSON,2026092907465N56J1IK,,Citizen Science (ultrasonic) - shared
59~40304+18~07242_20260927_202435.wav,DEV_002_20260927_202435.wav,0,59.40304,18.07242,Leppun,Leptophyes punctatissima,Speckled Bush-cricket,bush-cricket,0.99,,,27/09/2026,27/09/2026,20:24:35,ClassifEspSWE-0002026-05-29_1,JOHANKARLSSON,2026092907465N56J1IK,,Citizen Science (ultrasonic) - shared
59~40304+18~07242_20260927_202442.wav,DEV_002_20260927_202442.wav,0,59.40304,18.07242,Leppun,Leptophyes punctatissima,Speckled Bush-cricket,bush-cricket,0.99,,,27/09/2026,27/09/2026,20:24:42,ClassifEspSWE-0002026-05-29_1,JOHANKARLSSON,2026092907465N56J1IK,,Citizen Science (ultrasonic) - shared
59~40304+18~07242_20260927_202448.wav,DEV_002_20260927_202448.wav,0,59.40304,18.07242,Leppun,Leptophyes punctatissima,Speckled Bush-cricket,bush-cricket,0.99,,,27/09/2026,27/09/2026,20:24:48,ClassifEspSWE-0002026-05-29_1,JOHANKARLSSON,2026092907465N56J1IK,,Citizen Science (ultrasonic) - shared
59~40304+18~07242_20260927_202455.wav,DEV_002_20260927_202455.wav,0,59.40304,18.07242,Leppun,Leptophyes punctatissima,Speckled Bush-cricket,bush-cricket,0.99,,,27/09/2026,27/09/2026,20:24:55,ClassifEspSWE-0002026-05-29_1,JOHANKARLSSON,2026092907465N56J1IK,,Citizen Science (ultrasonic) - shared
59~40304+18~07242_20260927_202501.wav,DEV_002_20260927_202501.wav,0,59.40304,18.07242,Leppun,Leptophyes punctatissima,Speckled Bush-cricket,bush-cricket,0.99,,,27/09/2026,27/09/2026,20:25:01,ClassifEspSWE-0002026-05-29_1,JOHANKARLSSON,2026092907465N56J1IK,,Citizen Science (ultrasonic) - shared
59~40304+18~07242_20260927_202507.wav,DEV_002_20260927_202507.wav,0,59.40304,18.07242,Leppun,Leptophyes punctatissima,Speckled Bush-cricket,bush-cricket,0.99,,,27/09/2026,27/09/2026,20:25:07,ClassifEspSWE-0002026-05-29_1,JOHANKARLSSON,2026092907465N56J1IK,,Citizen Science (ultrasonic) - shared
59~40304+18~07242_20260927_202514.wav,DEV_002_20260927_202514.wav,0,59.40304,18.07242,Leppun,Leptophyes punctatissima,Speckled Bush-cricket,bush-cricket,0.99,,,27/09/2026,27/09/2026,20:25:14,ClassifEspSWE-0002026-05-29_1,JOHANKARLSSON,2026092907465N56J1IK,,Citizen Science (ultrasonic) - shared
59~40304+18~07242_20260927_202519.wav,DEV_002_20260927_202519.wav,0,59.40304,18.07242,Leppun,Leptophyes punctatissima,Speckled Bush-cricket,bush-cricket,0.99,,,27/09/2026,27/09/2026,20:25:19,ClassifEspSWE-0002026-05-29_1,JOHANKARLSSON,2026092907465N56J1IK,,Citizen Science (ultrasonic) - shared
59~40304+18~07242_20260927_202525.wav,DEV_002_20260927_202525.wav,0,59.40304,18.07242,Leppun,Leptophyes punctatissima,Speckled Bush-cricket,bush-cricket,0.99,,,27/09/2026,27/09/2026,20:25:25,ClassifEspSWE-0002026-05-29_1,JOHANKARLSSON,2026092907465N56J1IK,,Citizen Science (ultrasonic) - shared
59~40304+18~07242_20260927_202530.wav,DEV_002_20260927_202530.wav,0,59.40304,18.07242,Leppun,Leptophyes punctatissima,Speckled Bush-cricket,bush-cricket,0.99,,,27/09/2026,27/09/2026,20:25:30,ClassifEspSWE-0002026-05-29_1,JOHANKARLSSON,2026092907465N56J1IK,,Citizen Science (ultrasonic) - shared
59~40304+18~07242_20260927_202536.wav,DEV_002_20260927_202536.wav,0,59.40304,18.07242,Leppun,Leptophyes punctatissima,Speckled Bush-cricket,bush-cricket,0.99,,,27/09/2026,27/09/2026,20:25:36,ClassifEspSWE-0002026-05-29_1,JOHANKARLSSON,2026092907465N56J1IK,,Citizen Science (ultrasonic) - shared
59~40304+18~07242_20260927_202542.wav,DEV_002_20260927_202542.wav,0,59.40304,18.07242,Leppun,Leptophyes punctatissima,Speckled Bush-cricket,bush-cricket,0.99,,,27/09/2026,27/09/2026,20:25:42,ClassifEspSWE-0002026-05-29_1,JOHANKARLSSON,2026092907465N56J1IK,,Citizen Science (ultrasonic) - shared
59~40304+18~07242_20260927_202548.wav,DEV_002_20260927_202548.wav,0,59.40304,18.07242,Leppun,Leptophyes punctatissima,Speckled Bush-cricket,bush-cricket,0.99,,,27/09/2026,27/09/2026,20:25:48,ClassifEspSWE-0002026-05-29_1,JOHANKARLSSON,2026092907465N56J1IK,,Citizen Science (ultrasonic) - shared
59~40304+18~07242_20260927_202555.wav,DEV_002_20260927_202555.wav,0,59.40304,18.07242,Leppun,Leptophyes punctatissima,Speckled Bush-cricket,bush-cricket,0.99,,,27/09/2026,27/09/2026,20:25:55,ClassifEspSWE-0002026-05-29_1,JOHANKARLSSON,2026092907465N56J1IK,,Citizen Science (ultrasonic) - shared
59~40304+18~07242_20260927_202602.wav,DEV_002_20260927_202602.wav,0,59.40304,18.07242,Leppun,Leptophyes punctatissima,Speckled Bush-cricket,bush-cricket,0.99,,,27/09/2026,27/09/2026,20:26:02,ClassifEspSWE-0002026-05-29_1,JOHANKARLSSON,2026092907465N56J1IK,,Citizen Science (ultrasonic) - shared
59~40304+18~07242_20260927_202608.wav,DEV_002_20260927_202608.wav,0,59.40304,18.07242,Leppun,Leptophyes punctatissima,Speckled Bush-cricket,bush-cricket,0.99,,,27/09/2026,27/09/2026,20:26:08,ClassifEspSWE-0002026-05-29_1,JOHANKARLSSON,2026092907465N56J1IK,,Citizen Science (ultrasonic) - shared
59~40304+18~07242_20260927_202614.wav,DEV_002_20260927_202614.wav,0,59.40304,18.07242,Leppun,Leptophyes punctatissima,Speckled Bush-cricket,bush-cricket,0.99,,,27/09/2026,27/09/2026,20:26:14,ClassifEspSWE-0002026-05-29_1,JOHANKARLSSON,2026092907465N56J1IK,,Citizen Science (ultrasonic) - shared
59~40304+18~07242_20260927_202620.wav,DEV_002_20260927_202620.wav,0,59.40304,18.07242,Leppun,Leptophyes punctatissima,Speckled Bush-cricket,bush-cricket,0.99,,,27/09/2026,27/09/2026,20:26:20,ClassifEspSWE-0002026-05-29_1,JOHANKARLSSON,2026092907465N56J1IK,,Citizen Science (ultrasonic) - shared
59~40304+18~07242_20260927_202626.wav,DEV_002_20260927_202626.wav,0,59.40304,18.07242,Leppun,Leptophyes punctatissima,Speckled Bush-cricket,bush-cricket,0.99,,,27/09/2026,27/09/2026,20:26:26,ClassifEspSWE-0002026-05-29_1,JOHANKARLSSON,2026092907465N56J1IK,,Citizen Science (ultrasonic) - shared
59~40304+18~07242_20260927_202631.wav,DEV_002_20260927_202631.wav,0,59.40304,18.07242,Leppun,Leptophyes punctatissima,Speckled Bush-cricket,bush-cricket,0.99,,,27/09/2026,27/09/2026,20:26:31,ClassifEspSWE-0002026-05-29_1,JOHANKARLSSON,2026092907465N56J1IK,,Citizen Science (ultrasonic) - shared
59~40304+18~07242_20260927_202638.wav,DEV_002_20260927_202638.wav,0,59.40304,18.07242,Leppun,Leptophyes punctatissima,Speckled Bush-cricket,bush-cricket,0.99,,,27/09/2026,27/09/2026,20:26:38,ClassifEspSWE-0002026-05-29_1,JOHANKARLSSON,2026092907465N56J1IK,,Citizen Science (ultrasonic) - shared
59~40304+18~07242_20260927_202643.wav,DEV_002_20260927_202643.wav,0,59.40304,18.07242,Leppun,Leptophyes punctatissima,Speckled Bush-cricket,bush-cricket,0.99,,,27/09/2026,27/09/2026,20:26:43,ClassifEspSWE-0002026-05-29_1,JOHANKARLSSON,2026092907465N56J1IK,,Citizen Science (ultrasonic) - shared
59~40304+18~07242_20260927_202649.wav,DEV_002_20260927_202649.wav,0,59.40304,18.07242,Leppun,Leptophyes punctatissima,Speckled Bush-cricket,bush-cricket,0.99,,,27/09/2026,27/09/2026,20:26:49,ClassifEspSWE-0002026-05-29_1,JOHANKARLSSON,2026092907465N56J1IK,,Citizen Science (ultrasonic) - shared
59~40304+18~07242_20260927_202654.wav,DEV_002_20260927_202654.wav,0,59.40304,18.07242,Leppun,Leptophyes punctatissima,Speckled Bush-cricket,bush-cricket,0.99,,,27/09/2026,27/09/2026,20:26:54,ClassifEspSWE-0002026-05-29_1,JOHANKARLSSON,2026092907465N56J1IK,,Citizen Science (ultrasonic) - shared
59~40304+18~07242_20260927_202700.wav,DEV_002_20260927_202700.wav,0,59.40304,18.07242,Leppun,Leptophyes punctatissima,Speckled Bush-cricket,bush-cricket,0.99,,,27/09/2026,27/09/2026,20:27:00,ClassifEspSWE-0002026-05-29_1,JOHANKARLSSON,2026092907465N56J1IK,,Citizen Science (ultrasonic) - shared
59~40304+18~07242_20260927_202705.wav,DEV_002_20260927_202705.wav,0,59.40304,18.07242,Leppun,Leptophyes punctatissima,Speckled Bush-cricket,bush-cricket,0.99,,,27/09/2026,27/09/2026,20:27:05,ClassifEspSWE-0002026-05-29_1,JOHANKARLSSON,2026092907465N56J1IK,,Citizen Science (ultrasonic) - shared
59~40304+18~07242_20260927_202711.wav,DEV_002_20260927_202711.wav,0,59.40304,18.07242,Leppun,Leptophyes punctatissima,Speckled Bush-cricket,bush-cricket,0.99,,,27/09/2026,27/09/2026,20:27:11,ClassifEspSWE-0002026-05-29_1,JOHANKARLSSON,2026092907465N56J1IK,,Citizen Science (ultrasonic) - shared
59~40304+18~07242_20260927_202717.wav,DEV_002_20260927_202717.wav,0,59.40304,18.07242,Leppun,Leptophyes punctatissima,Speckled Bush-cricket,bush-cricket,0.99,,,27/09/2026,27/09/2026,20:27:17,ClassifEspSWE-0002026-05-29_1,JOHANKARLSSON,2026092907465N56J1IK,,Citizen Science (ultrasonic) - shared
59~40304+18~07242_20260927_202724.wav,DEV_002_20260927_202724.wav,0,59.40304,18.07242,Leppun,Leptophyes punctatissima,Speckled Bush-cricket,bush-cricket,0.99,,,27/09/2026,27/09/2026,20:27:24,ClassifEspSWE-0002026-05-29_1,JOHANKARLSSON,2026092907465N56J1IK,,Citizen Science (ultrasonic) - shared
59~40304+18~07242_20260927_202730.wav,DEV_002_20260927_202730.wav,0,59.40304,18.07242,Leppun,Leptophyes punctatissima,Speckled Bush-cricket,bush-cricket,0.99,,,27/09/2026,27/09/2026,20:27:30,ClassifEspSWE-0002026-05-29_1,JOHANKARLSSON,2026092907465N56J1IK,,Citizen Science (ultrasonic) - shared
59~40304+18~07242_20260927_202737.wav,DEV_002_20260927_202737.wav,0,59.40304,18.07242,Leppun,Leptophyes punctatissima,Speckled Bush-cricket,bush-cricket,0.99,,,27/09/2026,27/09/2026,20:27:37,ClassifEspSWE-0002026-05-29_1,JOHANKARLSSON,2026092907465N56J1IK,,Citizen Science (ultrasonic) - shared
59~40304+18~07242_20260927_202743.wav,DEV_002_20260927_202743.wav,0,59.40304,18.07242,Leppun,Leptophyes punctatissima,Speckled Bush-cricket,bush-cricket,0.99,,,27/09/2026,27/09/2026,20:27:43,ClassifEspSWE-0002026-05-29_1,JOHANKARLSSON,2026092907465N56J1IK,,Citizen Science (ultrasonic) - shared
59~40304+18~07242_20260927_202749.wav,DEV_002_20260927_202749.wav,0,59.40304,18.07242,Leppun,Leptophyes punctatissima,Speckled Bush-cricket,bush-cricket,0.99,,,27/09/2026,27/09/2026,20:27:49,ClassifEspSWE-0002026-05-29_1,JOHANKARLSSON,2026092907465N56J1IK,,Citizen Science (ultrasonic) - shared
59~40304+18~07242_20260927_202754.wav,DEV_002_20260927_202754.wav,0,59.40304,18.07242,Leppun,Leptophyes punctatissima,Speckled Bush-cricket,bush-cricket,0.99,,,27/09/2026,27/09/2026,20:27:54,ClassifEspSWE-0002026-05-29_1,JOHANKARLSSON,2026092907465N56J1IK,,Citizen Science (ultrasonic) - shared
59~40304+18~07242_20260927_202802.wav,DEV_002_20260927_202802.wav,0,59.40304,18.07242,Leppun,Leptophyes punctatissima,Speckled Bush-cricket,bush-cricket,0.99,,,27/09/2026,27/09/2026,20:28:02,ClassifEspSWE-0002026-05-29_1,JOHANKARLSSON,2026092907465N56J1IK,,Citizen Science (ultrasonic) - shared
59~40304+18~07242_20260927_202808.wav,DEV_002_20260927_202808.wav,0,59.40304,18.07242,Leppun,Leptophyes punctatissima,Speckled Bush-cricket,bush-cricket,0.99,,,27/09/2026,27/09/2026,20:28:08,ClassifEspSWE-0002026-05-29_1,JOHANKARLSSON,2026092907465N56J1IK,,Citizen Science (ultrasonic) - shared
59~40304+18~07242_20260927_202814.wav,DEV_002_20260927_202814.wav,0,59.40304,18.07242,Leppun,Leptophyes punctatissima,Speckled Bush-cricket,bush-cricket,0.99,,,27/09/2026,27/09/2026,20:28:14,ClassifEspSWE-0002026-05-29_1,JOHANKARLSSON,2026092907465N56J1IK,,Citizen Science (ultrasonic) - shared
59~40304+18~07242_20260927_202821.wav,DEV_002_20260927_202821.wav,0,59.40304,18.07242,Leppun,Leptophyes punctatissima,Speckled Bush-cricket,bush-cricket,0.99,,,27/09/2026,27/09/2026,20:28:21,ClassifEspSWE-0002026-05-29_1,JOHANKARLSSON,2026092907465N56J1IK,,Citizen Science (ultrasonic) - shared
59~40304+18~07242_20260927_202826.wav,DEV_002_20260927_202826.wav,0,59.40304,18.07242,Leppun,Leptophyes punctatissima,Speckled Bush-cricket,bush-cricket,0.99,,,27/09/2026,27/09/2026,20:28:26,ClassifEspSWE-0002026-05-29_1,JOHANKARLSSON,2026092907465N56J1IK,,Citizen Science (ultrasonic) - shared
59~40304+18~07242_20260927_202832.wav,DEV_002_20260927_202832.wav,0,59.40304,18.07242,Leppun,Leptophyes punctatissima,Speckled Bush-cricket,bush-cricket,0.99,,,27/09/2026,27/09/2026,20:28:32,ClassifEspSWE-0002026-05-29_1,JOHANKARLSSON,2026092907465N56J1IK,,Citizen Science (ultrasonic) - shared
59~40304+18~07242_20260927_202839.wav,DEV_002_20260927_202839.wav,0,59.40304,18.07242,Leppun,Leptophyes punctatissima,Speckled Bush-cricket,bush-cricket,0.99,,,27/09/2026,27/09/2026,20:28:39,ClassifEspSWE-0002026-05-29_1,JOHANKARLSSON,2026092907465N56J1IK,,Citizen Science (ultrasonic) - shared
59~40304+18~07242_20260927_202845.wav,DEV_002_20260927_202845.wav,0,59.40304,18.07242,Leppun,Leptophyes punctatissima,Speckled Bush-cricket,bush-cricket,0.99,,,27/09/2026,27/09/2026,20:28:45,ClassifEspSWE-0002026-05-29_1,JOHANKARLSSON,2026092907465N56J1IK,,Citizen Science (ultrasonic) - shared
59~40304+18~07242_20260927_202851.wav,DEV_002_20260927_202851.wav,0,59.40304,18.07242,Leppun,Leptophyes punctatissima,Speckled Bush-cricket,bush-cricket,0.99,,,27/09/2026,27/09/2026,20:28:51,ClassifEspSWE-0002026-05-29_1,JOHANKARLSSON,2026092907465N56J1IK,,Citizen Science (ultrasonic) - shared
59~40304+18~07242_20260927_202856.wav,DEV_002_20260927_202856.wav,0,59.40304,18.07242,Leppun,Leptophyes punctatissima,Speckled Bush-cricket,bush-cricket,0.99,,,27/09/2026,27/09/2026,20:28:56,ClassifEspSWE-0002026-05-29_1,JOHANKARLSSON,2026092907465N56J1IK,,Citizen Science (ultrasonic) - shared
59~40304+18~07242_20260927_202901.wav,DEV_002_20260927_202901.wav,0,59.40304,18.07242,Leppun,Leptophyes punctatissima,Speckled Bush-cricket,bush-cricket,0.99,,,27/09/2026,27/09/2026,20:29:01,ClassifEspSWE-0002026-05-29_1,JOHANKARLSSON,2026092907465N56J1IK,,Citizen Science (ultrasonic) - shared
59~40304+18~07242_20260927_202907.wav,DEV_002_20260927_202907.wav,0,59.40304,18.07242,Leppun,Leptophyes punctatissima,Speckled Bush-cricket,bush-cricket,0.99,,,27/09/2026,27/09/2026,20:29:07,ClassifEspSWE-0002026-05-29_1,JOHANKARLSSON,2026092907465N56J1IK,,Citizen Science (ultrasonic) - shared
59~40304+18~07242_20260927_202914.wav,DEV_002_20260927_202914.wav,0,59.40304,18.07242,Leppun,Leptophyes punctatissima,Speckled Bush-cricket,bush-cricket,0.99,,,27/09/2026,27/09/2026,20:29:14,ClassifEspSWE-0002026-05-29_1,JOHANKARLSSON,2026092907465N56J1IK,,Citizen Science (ultrasonic) - shared
59~40304+18~07242_20260927_202920.wav,DEV_002_20260927_202920.wav,0,59.40304,18.07242,Leppun,Leptophyes punctatissima,Speckled Bush-cricket,bush-cricket,0.99,,,27/09/2026,27/09/2026,20:29:20,ClassifEspSWE-0002026-05-29_1,JOHANKARLSSON,2026092907465N56J1IK,,Citizen Science (ultrasonic) - shared
59~40304+18~07242_20260927_202926.wav,DEV_002_20260927_202926.wav,0,59.40304,18.07242,Leppun,Leptophyes punctatissima,Speckled Bush-cricket,bush-cricket,0.99,,,27/09/2026,27/09/2026,20:29:26,ClassifEspSWE-0002026-05-29_1,JOHANKARLSSON,2026092907465N56J1IK,,Citizen Science (ultrasonic) - shared
59~40304+18~07242_20260927_202932.wav,DEV_002_20260927_202932.wav,0,59.40304,18.07242,Leppun,Leptophyes punctatissima,Speckled Bush-cricket,bush-cricket,0.99,,,27/09/2026,27/09/2026,20:29:32,ClassifEspSWE-0002026-05-29_1,JOHANKARLSSON,2026092907465N56J1IK,,Citizen Science (ultrasonic) - shared
59~40304+18~07242_20260927_202939.wav,DEV_002_20260927_202939.wav,0,59.40304,18.07242,Leppun,Leptophyes punctatissima,Speckled Bush-cricket,bush-cricket,0.99,,,27/09/2026,27/09/2026,20:29:39,ClassifEspSWE-0002026-05-29_1,JOHANKARLSSON,2026092907465N56J1IK,,Citizen Science (ultrasonic) - shared
59~40304+18~07242_20260927_202944.wav,DEV_002_20260927_202944.wav,0,59.40304,18.07242,Leppun,Leptophyes punctatissima,Speckled Bush-cricket,bush-cricket,0.99,,,27/09/2026,27/09/2026,20:29:44,ClassifEspSWE-0002026-05-29_1,JOHANKARLSSON,2026092907465N56J1IK,,Citizen Science (ultrasonic) - shared
59~40304+18~07242_20260927_202949.wav,DEV_002_20260927_202949.wav,0,59.40304,18.07242,Leppun,Leptophyes punctatissima,Speckled Bush-cricket,bush-cricket,0.99,,,27/09/2026,27/09/2026,20:29:49,ClassifEspSWE-0002026-05-29_1,JOHANKARLSSON,2026092907465N56J1IK,,Citizen Science (ultrasonic) - shared
59~40304+18~07242_20260927_202955.wav,DEV_002_20260927_202955.wav,0,59.40304,18.07242,Leppun,Leptophyes punctatissima,Speckled Bush-cricket,bush-cricket,0.99,,,27/09/2026,27/09/2026,20:29:55,ClassifEspSWE-0002026-05-29_1,JOHANKARLSSON,2026092907465N56J1IK,,Citizen Science (ultrasonic) - shared
59~40304+18~07242_20260927_203000.wav,DEV_002_20260927_203000.wav,0,59.40304,18.07242,Leppun,Leptophyes punctatissima,Speckled Bush-cricket,bush-cricket,0.99,,,27/09/2026,27/09/2026,20:30:00,ClassifEspSWE-0002026-05-29_1,JOHANKARLSSON,2026092907465N56J1IK,,Citizen Science (ultrasonic) - shared
59~40304+18~07242_20260927_203006.wav,DEV_002_20260927_203006.wav,0,59.40304,18.07242,Leppun,Leptophyes punctatissima,Speckled Bush-cricket,bush-cricket,0.99,,,27/09/2026,27/09/2026,20:30:06,ClassifEspSWE-0002026-05-29_1,JOHANKARLSSON,2026092907465N56J1IK,,Citizen Science (ultrasonic) - shared
59~40304+18~07242_20260927_203011.wav,DEV_002_20260927_203011.wav,0,59.40304,18.07242,Leppun,Leptophyes punctatissima,Speckled Bush-cricket,bush-cricket,0.99,,,27/09/2026,27/09/2026,20:30:11,ClassifEspSWE-0002026-05-29_1,JOHANKARLSSON,2026092907465N56J1IK,,Citizen Science (ultrasonic) - shared
59~40304+18~07242_20260927_203017.wav,DEV_002_20260927_203017.wav,0,59.40304,18.07242,Leppun,Leptophyes punctatissima,Speckled Bush-cricket,bush-cricket,0.99,,,27/09/2026,27/09/2026,20:30:17,ClassifEspSWE-0002026-05-29_1,JOHANKARLSSON,2026092907465N56J1IK,,Citizen Science (ultrasonic) - shared
59~40304+18~07242_20260927_203023.wav,DEV_002_20260927_203023.wav,0,59.40304,18.07242,Leppun,Leptophyes punctatissima,Speckled Bush-cricket,bush-cricket,0.99,,,27/09/2026,27/09/2026,20:30:23,ClassifEspSWE-0002026-05-29_1,JOHANKARLSSON,2026092907465N56J1IK,,Citizen Science (ultrasonic) - shared
59~40304+18~07242_20260927_203028.wav,DEV_002_20260927_203028.wav,0,59.40304,18.07242,Leppun,Leptophyes punctatissima,Speckled Bush-cricket,bush-cricket,0.99,,,27/09/2026,27/09/2026,20:30:28,ClassifEspSWE-0002026-05-29_1,JOHANKARLSSON,2026092907465N56J1IK,,Citizen Science (ultrasonic) - shared
59~40304+18~07242_20260927_203033.wav,DEV_002_20260927_203033.wav,0,59.40304,18.07242,Leppun,Leptophyes punctatissima,Speckled Bush-cricket,bush-cricket,0.99,,,27/09/2026,27/09/2026,20:30:33,ClassifEspSWE-0002026-05-29_1,JOHANKARLSSON,2026092907465N56J1IK,,Citizen Science (ultrasonic) - shared
59~40304+18~07242_20260927_203040.wav,DEV_002_20260927_203040.wav,0,59.40304,18.07242,Leppun,Leptophyes punctatissima,Speckled Bush-cricket,bush-cricket,0.99,,,27/09/2026,27/09/2026,20:30:40,ClassifEspSWE-0002026-05-29_1,JOHANKARLSSON,2026092907465N56J1IK,,Citizen Science (ultrasonic) - shared
59~40304+18~07242_20260927_203045.wav,DEV_002_20260927_203045.wav,0,59.40304,18.07242,Leppun,Leptophyes punctatissima,Speckled Bush-cricket,bush-cricket,0.99,,,27/09/2026,27/09/2026,20:30:45,ClassifEspSWE-0002026-05-29_1,JOHANKARLSSON,2026092907465N56J1IK,,Citizen Science (ultrasonic) - shared
59~40304+18~07242_20260927_203051.wav,DEV_002_20260927_203051.wav,0,59.40304,18.07242,Leppun,Leptophyes punctatissima,Speckled Bush-cricket,bush-cricket,0.99,,,27/09/2026,27/09/2026,20:30:51,ClassifEspSWE-0002026-05-29_1,JOHANKARLSSON,2026092907465N56J1IK,,Citizen Science (ultrasonic) - shared
59~40304+18~07242_20260927_203058.wav,DEV_002_20260927_203058.wav,0,59.40304,18.07242,Leppun,Leptophyes punctatissima,Speckled Bush-cricket,bush-cricket,0.99,,,27/09/2026,27/09/2026,20:30:58,ClassifEspSWE-0002026-05-29_1,JOHANKARLSSON,2026092907465N56J1IK,,Citizen Science (ultrasonic) - shared
59~40304+18~07242_20260927_203104.wav,DEV_002_20260927_203104.wav,0,59.40304,18.07242,Leppun,Leptophyes punctatissima,Speckled Bush-cricket,bush-cricket,0.99,,,27/09/2026,27/09/2026,20:31:04,ClassifEspSWE-0002026-05-29_1,JOHANKARLSSON,2026092907465N56J1IK,,Citizen Science (ultrasonic) - shared
59~40304+18~07242_20260927_203109.wav,DEV_002_20260927_203109.wav,0,59.40304,18.07242,Leppun,Leptophyes punctatissima,Speckled Bush-cricket,bush-cricket,0.99,,,27/09/2026,27/09/2026,20:31:09,ClassifEspSWE-0002026-05-29_1,JOHANKARLSSON,2026092907465N56J1IK,,Citizen Science (ultrasonic) - shared
59~40304+18~07242_20260927_203114.wav,DEV_002_20260927_203114.wav,0,59.40304,18.07242,Leppun,Leptophyes punctatissima,Speckled Bush-cricket,bush-cricket,0.99,,,27/09/2026,27/09/2026,20:31:14,ClassifEspSWE-0002026-05-29_1,JOHANKARLSSON,2026092907465N56J1IK,,Citizen Science (ultrasonic) - shared
59~40304+18~07242_20260927_203120.wav,DEV_002_20260927_203120.wav,0,59.40304,18.07242,Leppun,Leptophyes punctatissima,Speckled Bush-cricket,bush-cricket,0.99,,,27/09/2026,27/09/2026,20:31:20,ClassifEspSWE-0002026-05-29_1,JOHANKARLSSON,2026092907465N56J1IK,,Citizen Science (ultrasonic) - shared
59~40304+18~07242_20260927_203125.wav,DEV_002_20260927_203125.wav,0,59.40304,18.07242,Leppun,Leptophyes punctatissima,Speckled Bush-cricket,bush-cricket,0.99,,,27/09/2026,27/09/2026,20:31:25,ClassifEspSWE-0002026-05-29_1,JOHANKARLSSON,2026092907465N56J1IK,,Citizen Science (ultrasonic) - shared
59~40304+18~07242_20260927_203132.wav,DEV_002_20260927_203132.wav,0,59.40304,18.07242,Leppun,Leptophyes punctatissima,Speckled Bush-cricket,bush-cricket,0.99,,,27/09/2026,27/09/2026,20:31:32,ClassifEspSWE-0002026-05-29_1,JOHANKARLSSON,2026092907465N56J1IK,,Citizen Science (ultrasonic) - shared
59~40304+18~07242_20260927_203138.wav,DEV_002_20260927_203138.wav,0,59.40304,18.07242,Leppun,Leptophyes punctatissima,Speckled Bush-cricket,bush-cricket,0.99,,,27/09/2026,27/09/2026,20:31:38,ClassifEspSWE-0002026-05-29_1,JOHANKARLSSON,2026092907465N56J1IK,,Citizen Science (ultrasonic) - shared
59~40304+18~07242_20260927_203145.wav,DEV_002_20260927_203145.wav,0,59.40304,18.07242,Leppun,Leptophyes punctatissima,Speckled Bush-cricket,bush-cricket,0.99,,,27/09/2026,27/09/2026,20:31:45,ClassifEspSWE-0002026-05-29_1,JOHANKARLSSON,2026092907465N56J1IK,,Citizen Science (ultrasonic) - shared
59~40304+18~07242_20260927_203151.wav,DEV_002_20260927_203151.wav,0,59.40304,18.07242,Leppun,Leptophyes punctatissima,Speckled Bush-cricket,bush-cricket,0.99,,,27/09/2026,27/09/2026,20:31:51,ClassifEspSWE-0002026-05-29_1,JOHANKARLSSON,2026092907465N56J1IK,,Citizen Science (ultrasonic) - shared
59~40304+18~07242_20260927_203156.wav,DEV_002_20260927_203156.wav,0,59.40304,18.07242,Leppun,Leptophyes punctatissima,Speckled Bush-cricket,bush-cricket,0.99,,,27/09/2026,27/09/2026,20:31:56,ClassifEspSWE-0002026-05-29_1,JOHANKARLSSON,2026092907465N56J1IK,,Citizen Science (ultrasonic) - shared
59~40304+18~07242_20260927_203203.wav,DEV_002_20260927_203203.wav,0,59.40304,18.07242,Leppun,Leptophyes punctatissima,Speckled Bush-cricket,bush-cricket,0.99,,,27/09/2026,27/09/2026,20:32:03,ClassifEspSWE-0002026-05-29_1,JOHANKARLSSON,2026092907465N56J1IK,,Citizen Science (ultrasonic) - shared
59~40304+18~07242_20260927_203209.wav,DEV_002_20260927_203209.wav,0,59.40304,18.07242,Leppun,Leptophyes punctatissima,Speckled Bush-cricket,bush-cricket,0.99,,,27/09/2026,27/09/2026,20:32:09,ClassifEspSWE-0002026-05-29_1,JOHANKARLSSON,2026092907465N56J1IK,,Citizen Science (ultrasonic) - shared
59~40304+18~07242_20260927_203215.wav,DEV_002_20260927_203215.wav,0,59.40304,18.07242,Leppun,Leptophyes punctatissima,Speckled Bush-cricket,bush-cricket,0.99,,,27/09/2026,27/09/2026,20:32:15,ClassifEspSWE-0002026-05-29_1,JOHANKARLSSON,2026092907465N56J1IK,,Citizen Science (ultrasonic) - shared
59~40304+18~07242_20260927_203222.wav,DEV_002_20260927_203222.wav,0,59.40304,18.07242,Leppun,Leptophyes punctatissima,Speckled Bush-cricket,bush-cricket,0.99,,,27/09/2026,27/09/2026,20:32:22,ClassifEspSWE-0002026-05-29_1,JOHANKARLSSON,2026092907465N56J1IK,,Citizen Science (ultrasonic) - shared
59~40304+18~07242_20260927_203228.wav,DEV_002_20260927_203228.wav,0,59.40304,18.07242,Leppun,Leptophyes punctatissima,Speckled Bush-cricket,bush-cricket,0.99,,,27/09/2026,27/09/2026,20:32:28,ClassifEspSWE-0002026-05-29_1,JOHANKARLSSON,2026092907465N56J1IK,,Citizen Science (ultrasonic) - shared
59~40304+18~07242_20260927_203234.wav,DEV_002_20260927_203234.wav,0,59.40304,18.07242,Leppun,Leptophyes punctatissima,Speckled Bush-cricket,bush-cricket,0.99,,,27/09/2026,27/09/2026,20:32:34,ClassifEspSWE-0002026-05-29_1,JOHANKARLSSON,2026092907465N56J1IK,,Citizen Science (ultrasonic) - shared
59~40304+18~07242_20260927_203240.wav,DEV_002_20260927_203240.wav,0,59.40304,18.07242,Leppun,Leptophyes punctatissima,Speckled Bush-cricket,bush-cricket,0.99,,,27/09/2026,27/09/2026,20:32:40,ClassifEspSWE-0002026-05-29_1,JOHANKARLSSON,2026092907465N56J1IK,,Citizen Science (ultrasonic) - shared
59~40304+18~07242_20260927_203245.wav,DEV_002_20260927_203245.wav,0,59.40304,18.07242,Leppun,Leptophyes punctatissima,Speckled Bush-cricket,bush-cricket,0.99,,,27/09/2026,27/09/2026,20:32:45,ClassifEspSWE-0002026-05-29_1,JOHANKARLSSON,2026092907465N56J1IK,,Citizen Science (ultrasonic) - shared
59~40304+18~07242_20260927_203251.wav,DEV_002_20260927_203251.wav,0,59.40304,18.07242,Leppun,Leptophyes punctatissima,Speckled Bush-cricket,bush-cricket,0.99,,,27/09/2026,27/09/2026,20:32:51,ClassifEspSWE-0002026-05-29_1,JOHANKARLSSON,2026092907465N56J1IK,,Citizen Science (ultrasonic) - shared
59~40304+18~07242_20260927_203257.wav,DEV_002_20260927_203257.wav,0,59.40304,18.07242,Leppun,Leptophyes punctatissima,Speckled Bush-cricket,bush-cricket,0.99,,,27/09/2026,27/09/2026,20:32:57,ClassifEspSWE-0002026-05-29_1,JOHANKARLSSON,2026092907465N56J1IK,,Citizen Science (ultrasonic) - shared
59~40304+18~07242_20260927_203303.wav,DEV_002_20260927_203303.wav,0,59.40304,18.07242,Leppun,Leptophyes punctatissima,Speckled Bush-cricket,bush-cricket,0.99,,,27/09/2026,27/09/2026,20:33:03,ClassifEspSWE-0002026-05-29_1,JOHANKARLSSON,2026092907465N56J1IK,,Citizen Science (ultrasonic) - shared
59~40304+18~07242_20260927_203308.wav,DEV_002_20260927_203308.wav,0,59.40304,18.07242,Leppun,Leptophyes punctatissima,Speckled Bush-cricket,bush-cricket,0.99,,,27/09/2026,27/09/2026,20:33:08,ClassifEspSWE-0002026-05-29_1,JOHANKARLSSON,2026092907465N56J1IK,,Citizen Science (ultrasonic) - shared
59~40304+18~07242_20260927_203314.wav,DEV_002_20260927_203314.wav,0,59.40304,18.07242,Leppun,Leptophyes punctatissima,Speckled Bush-cricket,bush-cricket,0.99,,,27/09/2026,27/09/2026,20:33:14,ClassifEspSWE-0002026-05-29_1,JOHANKARLSSON,2026092907465N56J1IK,,Citizen Science (ultrasonic) - shared
59~40304+18~07242_20260927_203319.wav,DEV_002_20260927_203319.wav,0,59.40304,18.07242,Leppun,Leptophyes punctatissima,Speckled Bush-cricket,bush-cricket,0.99,,,27/09/2026,27/09/2026,20:33:19,ClassifEspSWE-0002026-05-29_1,JOHANKARLSSON,2026092907465N56J1IK,,Citizen Science (ultrasonic) - shared
59~40304+18~07242_20260927_203325.wav,DEV_002_20260927_203325.wav,0,59.40304,18.07242,Leppun,Leptophyes punctatissima,Speckled Bush-cricket,bush-cricket,0.99,,,27/09/2026,27/09/2026,20:33:25,ClassifEspSWE-0002026-05-29_1,JOHANKARLSSON,2026092907465N56J1IK,,Citizen Science (ultrasonic) - shared
59~40304+18~07242_20260927_203331.wav,DEV_002_20260927_203331.wav,0,59.40304,18.07242,Leppun,Leptophyes punctatissima,Speckled Bush-cricket,bush-cricket,0.99,,,27/09/2026,27/09/2026,20:33:31,ClassifEspSWE-0002026-05-29_1,JOHANKARLSSON,2026092907465N56J1IK,,Citizen Science (ultrasonic) - shared
59~40304+18~07242_20260927_203337.wav,DEV_002_20260927_203337.wav,0,59.40304,18.07242,Leppun,Leptophyes punctatissima,Speckled Bush-cricket,bush-cricket,0.99,,,27/09/2026,27/09/2026,20:33:37,ClassifEspSWE-0002026-05-29_1,JOHANKARLSSON,2026092907465N56J1IK,,Citizen Science (ultrasonic) - shared
59~40304+18~07242_20260927_203343.wav,DEV_002_20260927_203343.wav,0,59.40304,18.07242,Leppun,Leptophyes punctatissima,Speckled Bush-cricket,bush-cricket,0.99,,,27/09/2026,27/09/2026,20:33:43,ClassifEspSWE-0002026-05-29_1,JOHANKARLSSON,2026092907465N56J1IK,,Citizen Science (ultrasonic) - shared
59~40304+18~07242_20260927_203348.wav,DEV_002_20260927_203348.wav,0,59.40304,18.07242,Leppun,Leptophyes punctatissima,Speckled Bush-cricket,bush-cricket,0.99,,,27/09/2026,27/09/2026,20:33:48,ClassifEspSWE-0002026-05-29_1,JOHANKARLSSON,2026092907465N56J1IK,,Citizen Science (ultrasonic) - shared
59~40304+18~07242_20260927_203353.wav,DEV_002_20260927_203353.wav,0,59.40304,18.07242,Leppun,Leptophyes punctatissima,Speckled Bush-cricket,bush-cricket,0.99,,,27/09/2026,27/09/2026,20:33:53,ClassifEspSWE-0002026-05-29_1,JOHANKARLSSON,2026092907465N56J1IK,,Citizen Science (ultrasonic) - shared
59~40304+18~07242_20260927_203359.wav,DEV_002_20260927_203359.wav,0,59.40304,18.07242,Leppun,Leptophyes punctatissima,Speckled Bush-cricket,bush-cricket,0.99,,,27/09/2026,27/09/2026,20:33:59,ClassifEspSWE-0002026-05-29_1,JOHANKARLSSON,2026092907465N56J1IK,,Citizen Science (ultrasonic) - shared
59~40304+18~07242_20260927_203405.wav,DEV_002_20260927_203405.wav,0,59.40304,18.07242,Leppun,Leptophyes punctatissima,Speckled Bush-cricket,bush-cricket,0.99,,,27/09/2026,27/09/2026,20:34:05,ClassifEspSWE-0002026-05-29_1,JOHANKARLSSON,2026092907465N56J1IK,,Citizen Science (ultrasonic) - shared
59~40304+18~07242_20260927_203411.wav,DEV_002_20260927_203411.wav,0,59.40304,18.07242,Leppun,Leptophyes punctatissima,Speckled Bush-cricket,bush-cricket,0.99,,,27/09/2026,27/09/2026,20:34:11,ClassifEspSWE-0002026-05-29_1,JOHANKARLSSON,2026092907465N56J1IK,,Citizen Science (ultrasonic) - shared
59~40304+18~07242_20260927_203416.wav,DEV_002_20260927_203416.wav,0,59.40304,18.07242,Leppun,Leptophyes punctatissima,Speckled Bush-cricket,bush-cricket,0.99,,,27/09/2026,27/09/2026,20:34:16,ClassifEspSWE-0002026-05-29_1,JOHANKARLSSON,2026092907465N56J1IK,,Citizen Science (ultrasonic) - shared
59~40304+18~07242_20260927_203422.wav,DEV_002_20260927_203422.wav,0,59.40304,18.07242,Leppun,Leptophyes punctatissima,Speckled Bush-cricket,bush-cricket,0.99,,,27/09/2026,27/09/2026,20:34:22,ClassifEspSWE-0002026-05-29_1,JOHANKARLSSON,2026092907465N56J1IK,,Citizen Science (ultrasonic) - shared
59~40304+18~07242_20260927_203429.wav,DEV_002_20260927_203429.wav,0,59.40304,18.07242,Leppun,Leptophyes punctatissima,Speckled Bush-cricket,bush-cricket,0.99,,,27/09/2026,27/09/2026,20:34:29,ClassifEspSWE-0002026-05-29_1,JOHANKARLSSON,2026092907465N56J1IK,,Citizen Science (ultrasonic) - shared
59~40304+18~07242_20260927_203434.wav,DEV_002_20260927_203434.wav,0,59.40304,18.07242,Leppun,Leptophyes punctatissima,Speckled Bush-cricket,bush-cricket,0.99,,,27/09/2026,27/09/2026,20:34:34,ClassifEspSWE-0002026-05-29_1,JOHANKARLSSON,2026092907465N56J1IK,,Citizen Science (ultrasonic) - shared
59~40304+18~07242_20260927_203440.wav,DEV_002_20260927_203440.wav,0,59.40304,18.07242,Leppun,Leptophyes punctatissima,Speckled Bush-cricket,bush-cricket,0.99,,,27/09/2026,27/09/2026,20:34:40,ClassifEspSWE-0002026-05-29_1,JOHANKARLSSON,2026092907465N56J1IK,,Citizen Science (ultrasonic) - shared
59~40304+18~07242_20260927_203445.wav,DEV_002_20260927_203445.wav,0,59.40304,18.07242,Leppun,Leptophyes punctatissima,Speckled Bush-cricket,bush-cricket,0.99,,,27/09/2026,27/09/2026,20:34:45,ClassifEspSWE-0002026-05-29_1,JOHANKARLSSON,2026092907465N56J1IK,,Citizen Science (ultrasonic) - shared
59~40304+18~07242_20260927_203451.wav,DEV_002_20260927_203451.wav,0,59.40304,18.07242,Leppun,Leptophyes punctatissima,Speckled Bush-cricket,bush-cricket,0.99,,,27/09/2026,27/09/2026,20:34:51,ClassifEspSWE-0002026-05-29_1,JOHANKARLSSON,2026092907465N56J1IK,,Citizen Science (ultrasonic) - shared
59~40304+18~07242_20260927_203456.wav,DEV_002_20260927_203456.wav,0,59.40304,18.07242,Leppun,Leptophyes punctatissima,Speckled Bush-cricket,bush-cricket,0.99,,,27/09/2026,27/09/2026,20:34:56,ClassifEspSWE-0002026-05-29_1,JOHANKARLSSON,2026092907465N56J1IK,,Citizen Science (ultrasonic) - shared
59~40304+18~07242_20260927_203501.wav,DEV_002_20260927_203501.wav,0,59.40304,18.07242,Leppun,Leptophyes punctatissima,Speckled Bush-cricket,bush-cricket,0.99,,,27/09/2026,27/09/2026,20:35:01,ClassifEspSWE-0002026-05-29_1,JOHANKARLSSON,2026092907465N56J1IK,,Citizen Science (ultrasonic) - shared
59~40304+18~07242_20260927_203507.wav,DEV_002_20260927_203507.wav,0,59.40304,18.07242,Leppun,Leptophyes punctatissima,Speckled Bush-cricket,bush-cricket,0.99,,,27/09/2026,27/09/2026,20:35:07,ClassifEspSWE-0002026-05-29_1,JOHANKARLSSON,2026092907465N56J1IK,,Citizen Science (ultrasonic) - shared
59~40304+18~07242_20260927_203512.wav,DEV_002_20260927_203512.wav,0,59.40304,18.07242,Leppun,Leptophyes punctatissima,Speckled Bush-cricket,bush-cricket,0.99,,,27/09/2026,27/09/2026,20:35:12,ClassifEspSWE-0002026-05-29_1,JOHANKARLSSON,2026092907465N56J1IK,,Citizen Science (ultrasonic) - shared
59~40304+18~07242_20260927_203519.wav,DEV_002_20260927_203519.wav,0,59.40304,18.07242,Leppun,Leptophyes punctatissima,Speckled Bush-cricket,bush-cricket,0.99,,,27/09/2026,27/09/2026,20:35:19,ClassifEspSWE-0002026-05-29_1,JOHANKARLSSON,2026092907465N56J1IK,,Citizen Science (ultrasonic) - shared
59~40304+18~07242_20260927_203524.wav,DEV_002_20260927_203524.wav,0,59.40304,18.07242,Leppun,Leptophyes punctatissima,Speckled Bush-cricket,bush-cricket,0.99,,,27/09/2026,27/09/2026,20:35:24,ClassifEspSWE-0002026-05-29_1,JOHANKARLSSON,2026092907465N56J1IK,,Citizen Science (ultrasonic) - shared
59~40304+18~07242_20260927_203530.wav,DEV_002_20260927_203530.wav,0,59.40304,18.07242,Leppun,Leptophyes punctatissima,Speckled Bush-cricket,bush-cricket,0.99,,,27/09/2026,27/09/2026,20:35:30,ClassifEspSWE-0002026-05-29_1,JOHANKARLSSON,2026092907465N56J1IK,,Citizen Science (ultrasonic) - shared
59~40304+18~07242_20260927_203535.wav,DEV_002_20260927_203535.wav,0,59.40304,18.07242,Leppun,Leptophyes punctatissima,Speckled Bush-cricket,bush-cricket,0.99,,,27/09/2026,27/09/2026,20:35:35,ClassifEspSWE-0002026-05-29_1,JOHANKARLSSON,2026092907465N56J1IK,,Citizen Science (ultrasonic) - shared
59~40304+18~07242_20260927_203541.wav,DEV_002_20260927_203541.wav,0,59.40304,18.07242,Leppun,Leptophyes punctatissima,Speckled Bush-cricket,bush-cricket,0.99,,,27/09/2026,27/09/2026,20:35:41,ClassifEspSWE-0002026-05-29_1,JOHANKARLSSON,2026092907465N56J1IK,,Citizen Science (ultrasonic) - shared
59~40304+18~07242_20260927_203546.wav,DEV_002_20260927_203546.wav,0,59.40304,18.07242,Leppun,Leptophyes punctatissima,Speckled Bush-cricket,bush-cricket,0.99,,,27/09/2026,27/09/2026,20:35:46,ClassifEspSWE-0002026-05-29_1,JOHANKARLSSON,2026092907465N56J1IK,,Citizen Science (ultrasonic) - shared
59~40304+18~07242_20260927_203552.wav,DEV_002_20260927_203552.wav,0,59.40304,18.07242,Leppun,Leptophyes punctatissima,Speckled Bush-cricket,bush-cricket,0.99,,,27/09/2026,27/09/2026,20:35:52,ClassifEspSWE-0002026-05-29_1,JOHANKARLSSON,2026092907465N56J1IK,,Citizen Science (ultrasonic) - shared
59~40304+18~07242_20260927_203559.wav,DEV_002_20260927_203559.wav,0,59.40304,18.07242,Leppun,Leptophyes punctatissima,Speckled Bush-cricket,bush-cricket,0.99,,,27/09/2026,27/09/2026,20:35:59,ClassifEspSWE-0002026-05-29_1,JOHANKARLSSON,2026092907465N56J1IK,,Citizen Science (ultrasonic) - shared
59~40304+18~07242_20260927_203604.wav,DEV_002_20260927_203604.wav,0,59.40304,18.07242,Leppun,Leptophyes punctatissima,Speckled Bush-cricket,bush-cricket,0.99,,,27/09/2026,27/09/2026,20:36:04,ClassifEspSWE-0002026-05-29_1,JOHANKARLSSON,2026092907465N56J1IK,,Citizen Science (ultrasonic) - shared
59~40304+18~07242_20260927_203610.wav,DEV_002_20260927_203610.wav,0,59.40304,18.07242,Leppun,Leptophyes punctatissima,Speckled Bush-cricket,bush-cricket,0.99,,,27/09/2026,27/09/2026,20:36:10,ClassifEspSWE-0002026-05-29_1,JOHANKARLSSON,2026092907465N56J1IK,,Citizen Science (ultrasonic) - shared
59~40304+18~07242_20260927_203615.wav,DEV_002_20260927_203615.wav,0,59.40304,18.07242,Leppun,Leptophyes punctatissima,Speckled Bush-cricket,bush-cricket,0.99,,,27/09/2026,27/09/2026,20:36:15,ClassifEspSWE-0002026-05-29_1,JOHANKARLSSON,2026092907465N56J1IK,,Citizen Science (ultrasonic) - shared
59~40304+18~07242_20260927_203621.wav,DEV_002_20260927_203621.wav,0,59.40304,18.07242,Leppun,Leptophyes punctatissima,Speckled Bush-cricket,bush-cricket,0.99,,,27/09/2026,27/09/2026,20:36:21,ClassifEspSWE-0002026-05-29_1,JOHANKARLSSON,2026092907465N56J1IK,,Citizen Science (ultrasonic) - shared
59~40304+18~07242_20260927_203627.wav,DEV_002_20260927_203627.wav,0,59.40304,18.07242,Leppun,Leptophyes punctatissima,Speckled Bush-cricket,bush-cricket,0.99,,,27/09/2026,27/09/2026,20:36:27,ClassifEspSWE-0002026-05-29_1,JOHANKARLSSON,2026092907465N56J1IK,,Citizen Science (ultrasonic) - shared
59~40304+18~07242_20260927_203633.wav,DEV_002_20260927_203633.wav,0,59.40304,18.07242,Leppun,Leptophyes punctatissima,Speckled Bush-cricket,bush-cricket,0.99,,,27/09/2026,27/09/2026,20:36:33,ClassifEspSWE-0002026-05-29_1,JOHANKARLSSON,2026092907465N56J1IK,,Citizen Science (ultrasonic) - shared
59~40304+18~07242_20260927_203639.wav,DEV_002_20260927_203639.wav,0,59.40304,18.07242,Leppun,Leptophyes punctatissima,Speckled Bush-cricket,bush-cricket,0.99,,,27/09/2026,27/09/2026,20:36:39,ClassifEspSWE-0002026-05-29_1,JOHANKARLSSON,2026092907465N56J1IK,,Citizen Science (ultrasonic) - shared
59~40304+18~07242_20260927_203646.wav,DEV_002_20260927_203646.wav,0,59.40304,18.07242,Leppun,Leptophyes punctatissima,Speckled Bush-cricket,bush-cricket,0.99,,,27/09/2026,27/09/2026,20:36:46,ClassifEspSWE-0002026-05-29_1,JOHANKARLSSON,2026092907465N56J1IK,,Citizen Science (ultrasonic) - shared
59~40304+18~07242_20260927_203652.wav,DEV_002_20260927_203652.wav,0,59.40304,18.07242,Leppun,Leptophyes punctatissima,Speckled Bush-cricket,bush-cricket,0.99,,,27/09/2026,27/09/2026,20:36:52,ClassifEspSWE-0002026-05-29_1,JOHANKARLSSON,2026092907465N56J1IK,,Citizen Science (ultrasonic) - shared
59~40304+18~07242_20260927_203658.wav,DEV_002_20260927_203658.wav,0,59.40304,18.07242,Leppun,Leptophyes punctatissima,Speckled Bush-cricket,bush-cricket,0.99,,,27/09/2026,27/09/2026,20:36:58,ClassifEspSWE-0002026-05-29_1,JOHANKARLSSON,2026092907465N56J1IK,,Citizen Science (ultrasonic) - shared
59~40304+18~07242_20260927_203704.wav,DEV_002_20260927_203704.wav,0,59.40304,18.07242,Leppun,Leptophyes punctatissima,Speckled Bush-cricket,bush-cricket,0.99,,,27/09/2026,27/09/2026,20:37:04,ClassifEspSWE-0002026-05-29_1,JOHANKARLSSON,2026092907465N56J1IK,,Citizen Science (ultrasonic) - shared
59~40304+18~07242_20260927_203709.wav,DEV_002_20260927_203709.wav,0,59.40304,18.07242,Leppun,Leptophyes punctatissima,Speckled Bush-cricket,bush-cricket,0.99,,,27/09/2026,27/09/2026,20:37:09,ClassifEspSWE-0002026-05-29_1,JOHANKARLSSON,2026092907465N56J1IK,,Citizen Science (ultrasonic) - shared
59~40304+18~07242_20260927_203715.wav,DEV_002_20260927_203715.wav,0,59.40304,18.07242,Leppun,Leptophyes punctatissima,Speckled Bush-cricket,bush-cricket,0.99,,,27/09/2026,27/09/2026,20:37:15,ClassifEspSWE-0002026-05-29_1,JOHANKARLSSON,2026092907465N56J1IK,,Citizen Science (ultrasonic) - shared
59~40304+18~07242_20260927_203721.wav,DEV_002_20260927_203721.wav,0,59.40304,18.07242,Leppun,Leptophyes punctatissima,Speckled Bush-cricket,bush-cricket,0.99,,,27/09/2026,27/09/2026,20:37:21,ClassifEspSWE-0002026-05-29_1,JOHANKARLSSON,2026092907465N56J1IK,,Citizen Science (ultrasonic) - shared
59~40304+18~07242_20260927_203727.wav,DEV_002_20260927_203727.wav,0,59.40304,18.07242,Leppun,Leptophyes punctatissima,Speckled Bush-cricket,bush-cricket,0.99,,,27/09/2026,27/09/2026,20:37:27,ClassifEspSWE-0002026-05-29_1,JOHANKARLSSON,2026092907465N56J1IK,,Citizen Science (ultrasonic) - shared
59~40304+18~07242_20260927_203733.wav,DEV_002_20260927_203733.wav,0,59.40304,18.07242,Leppun,Leptophyes punctatissima,Speckled Bush-cricket,bush-cricket,0.99,,,27/09/2026,27/09/2026,20:37:33,ClassifEspSWE-0002026-05-29_1,JOHANKARLSSON,2026092907465N56J1IK,,Citizen Science (ultrasonic) - shared
59~40304+18~07242_20260927_203740.wav,DEV_002_20260927_203740.wav,0,59.40304,18.07242,Leppun,Leptophyes punctatissima,Speckled Bush-cricket,bush-cricket,0.99,,,27/09/2026,27/09/2026,20:37:40,ClassifEspSWE-0002026-05-29_1,JOHANKARLSSON,2026092907465N56J1IK,,Citizen Science (ultrasonic) - shared
59~40304+18~07242_20260927_203745.wav,DEV_002_20260927_203745.wav,0,59.40304,18.07242,Leppun,Leptophyes punctatissima,Speckled Bush-cricket,bush-cricket,0.99,,,27/09/2026,27/09/2026,20:37:45,ClassifEspSWE-0002026-05-29_1,JOHANKARLSSON,2026092907465N56J1IK,,Citizen Science (ultrasonic) - shared
59~40304+18~07242_20260927_203751.wav,DEV_002_20260927_203751.wav,0,59.40304,18.07242,Leppun,Leptophyes punctatissima,Speckled Bush-cricket,bush-cricket,0.99,,,27/09/2026,27/09/2026,20:37:51,ClassifEspSWE-0002026-05-29_1,JOHANKARLSSON,2026092907465N56J1IK,,Citizen Science (ultrasonic) - shared
59~40304+18~07242_20260927_203757.wav,DEV_002_20260927_203757.wav,0,59.40304,18.07242,Leppun,Leptophyes punctatissima,Speckled Bush-cricket,bush-cricket,0.99,,,27/09/2026,27/09/2026,20:37:57,ClassifEspSWE-0002026-05-29_1,JOHANKARLSSON,2026092907465N56J1IK,,Citizen Science (ultrasonic) - shared
59~40304+18~07242_20260927_203803.wav,DEV_002_20260927_203803.wav,0,59.40304,18.07242,Leppun,Leptophyes punctatissima,Speckled Bush-cricket,bush-cricket,0.99,,,27/09/2026,27/09/2026,20:38:03,ClassifEspSWE-0002026-05-29_1,JOHANKARLSSON,2026092907465N56J1IK,,Citizen Science (ultrasonic) - shared
59~40304+18~07242_20260927_203809.wav,DEV_002_20260927_203809.wav,0,59.40304,18.07242,Leppun,Leptophyes punctatissima,Speckled Bush-cricket,bush-cricket,0.99,,,27/09/2026,27/09/2026,20:38:09,ClassifEspSWE-0002026-05-29_1,JOHANKARLSSON,2026092907465N56J1IK,,Citizen Science (ultrasonic) - shared
59~40304+18~07242_20260927_203814.wav,DEV_002_20260927_203814.wav,0,59.40304,18.07242,Leppun,Leptophyes punctatissima,Speckled Bush-cricket,bush-cricket,0.99,,,27/09/2026,27/09/2026,20:38:14,ClassifEspSWE-0002026-05-29_1,JOHANKARLSSON,2026092907465N56J1IK,,Citizen Science (ultrasonic) - shared
59~40304+18~07242_20260927_203820.wav,DEV_002_20260927_203820.wav,0,59.40304,18.07242,Leppun,Leptophyes punctatissima,Speckled Bush-cricket,bush-cricket,0.99,,,27/09/2026,27/09/2026,20:38:20,ClassifEspSWE-0002026-05-29_1,JOHANKARLSSON,2026092907465N56J1IK,,Citizen Science (ultrasonic) - shared
59~40304+18~07242_20260927_203826.wav,DEV_002_20260927_203826.wav,0,59.40304,18.07242,Leppun,Leptophyes punctatissima,Speckled Bush-cricket,bush-cricket,0.99,,,27/09/2026,27/09/2026,20:38:26,ClassifEspSWE-0002026-05-29_1,JOHANKARLSSON,2026092907465N56J1IK,,Citizen Science (ultrasonic) - shared
59~40304+18~07242_20260927_203831.wav,DEV_002_20260927_203831.wav,0,59.40304,18.07242,Leppun,Leptophyes punctatissima,Speckled Bush-cricket,bush-cricket,0.99,,,27/09/2026,27/09/2026,20:38:31,ClassifEspSWE-0002026-05-29_1,JOHANKARLSSON,2026092907465N56J1IK,,Citizen Science (ultrasonic) - shared
59~40304+18~07242_20260927_203838.wav,DEV_002_20260927_203838.wav,0,59.40304,18.07242,Leppun,Leptophyes punctatissima,Speckled Bush-cricket,bush-cricket,0.99,,,27/09/2026,27/09/2026,20:38:38,ClassifEspSWE-0002026-05-29_1,JOHANKARLSSON,2026092907465N56J1IK,,Citizen Science (ultrasonic) - shared
59~40304+18~07242_20260927_203845.wav,DEV_002_20260927_203845.wav,0,59.40304,18.07242,Leppun,Leptophyes punctatissima,Speckled Bush-cricket,bush-cricket,0.99,,,27/09/2026,27/09/2026,20:38:45,ClassifEspSWE-0002026-05-29_1,JOHANKARLSSON,2026092907465N56J1IK,,Citizen Science (ultrasonic) - shared
59~40304+18~07242_20260927_203851.wav,DEV_002_20260927_203851.wav,0,59.40304,18.07242,Leppun,Leptophyes punctatissima,Speckled Bush-cricket,bush-cricket,0.99,,,27/09/2026,27/09/2026,20:38:51,ClassifEspSWE-0002026-05-29_1,JOHANKARLSSON,2026092907465N56J1IK,,Citizen Science (ultrasonic) - shared
59~40304+18~07242_20260927_203857.wav,DEV_002_20260927_203857.wav,0,59.40304,18.07242,Leppun,Leptophyes punctatissima,Speckled Bush-cricket,bush-cricket,0.99,,,27/09/2026,27/09/2026,20:38:57,ClassifEspSWE-0002026-05-29_1,JOHANKARLSSON,2026092907465N56J1IK,,Citizen Science (ultrasonic) - shared
59~40304+18~07242_20260927_203902.wav,DEV_002_20260927_203902.wav,0,59.40304,18.07242,Leppun,Leptophyes punctatissima,Speckled Bush-cricket,bush-cricket,0.99,,,27/09/2026,27/09/2026,20:39:02,ClassifEspSWE-0002026-05-29_1,JOHANKARLSSON,2026092907465N56J1IK,,Citizen Science (ultrasonic) - shared
59~40304+18~07242_20260927_203909.wav,DEV_002_20260927_203909.wav,0,59.40304,18.07242,Leppun,Leptophyes punctatissima,Speckled Bush-cricket,bush-cricket,0.99,,,27/09/2026,27/09/2026,20:39:09,ClassifEspSWE-0002026-05-29_1,JOHANKARLSSON,2026092907465N56J1IK,,Citizen Science (ultrasonic) - shared
59~40304+18~07242_20260927_203915.wav,DEV_002_20260927_203915.wav,0,59.40304,18.07242,Leppun,Leptophyes punctatissima,Speckled Bush-cricket,bush-cricket,0.99,,,27/09/2026,27/09/2026,20:39:15,ClassifEspSWE-0002026-05-29_1,JOHANKARLSSON,2026092907465N56J1IK,,Citizen Science (ultrasonic) - shared
59~40304+18~07242_20260927_203921.wav,DEV_002_20260927_203921.wav,0,59.40304,18.07242,Leppun,Leptophyes punctatissima,Speckled Bush-cricket,bush-cricket,0.99,,,27/09/2026,27/09/2026,20:39:21,ClassifEspSWE-0002026-05-29_1,JOHANKARLSSON,2026092907465N56J1IK,,Citizen Science (ultrasonic) - shared
59~40304+18~07242_20260927_203927.wav,DEV_002_20260927_203927.wav,0,59.40304,18.07242,Leppun,Leptophyes punctatissima,Speckled Bush-cricket,bush-cricket,0.99,,,27/09/2026,27/09/2026,20:39:27,ClassifEspSWE-0002026-05-29_1,JOHANKARLSSON,2026092907465N56J1IK,,Citizen Science (ultrasonic) - shared
59~40304+18~07242_20260927_203933.wav,DEV_002_20260927_203933.wav,0,59.40304,18.07242,Leppun,Leptophyes punctatissima,Speckled Bush-cricket,bush-cricket,0.99,,,27/09/2026,27/09/2026,20:39:33,ClassifEspSWE-0002026-05-29_1,JOHANKARLSSON,2026092907465N56J1IK,,Citizen Science (ultrasonic) - shared
59~40304+18~07242_20260927_203939.wav,DEV_002_20260927_203939.wav,0,59.40304,18.07242,Leppun,Leptophyes punctatissima,Speckled Bush-cricket,bush-cricket,0.99,,,27/09/2026,27/09/2026,20:39:39,ClassifEspSWE-0002026-05-29_1,JOHANKARLSSON,2026092907465N56J1IK,,Citizen Science (ultrasonic) - shared
59~40304+18~07242_20260927_203945.wav,DEV_002_20260927_203945.wav,0,59.40304,18.07242,Leppun,Leptophyes punctatissima,Speckled Bush-cricket,bush-cricket,0.99,,,27/09/2026,27/09/2026,20:39:45,ClassifEspSWE-0002026-05-29_1,JOHANKARLSSON,2026092907465N56J1IK,,Citizen Science (ultrasonic) - shared
59~40304+18~07242_20260927_203951.wav,DEV_002_20260927_203951.wav,0,59.40304,18.07242,Leppun,Leptophyes punctatissima,Speckled Bush-cricket,bush-cricket,0.99,,,27/09/2026,27/09/2026,20:39:51,ClassifEspSWE-0002026-05-29_1,JOHANKARLSSON,2026092907465N56J1IK,,Citizen Science (ultrasonic) - shared
59~40304+18~07242_20260927_203958.wav,DEV_002_20260927_203958.wav,0,59.40304,18.07242,Leppun,Leptophyes punctatissima,Speckled Bush-cricket,bush-cricket,0.99,,,27/09/2026,27/09/2026,20:39:58,ClassifEspSWE-0002026-05-29_1,JOHANKARLSSON,2026092907465N56J1IK,,Citizen Science (ultrasonic) - shared
59~40304+18~07242_20260927_204004.wav,DEV_002_20260927_204004.wav,0,59.40304,18.07242,Leppun,Leptophyes punctatissima,Speckled Bush-cricket,bush-cricket,0.99,,,27/09/2026,27/09/2026,20:40:04,ClassifEspSWE-0002026-05-29_1,JOHANKARLSSON,2026092907465N56J1IK,,Citizen Science (ultrasonic) - shared
59~40304+18~07242_20260927_204009.wav,DEV_002_20260927_204009.wav,0,59.40304,18.07242,Leppun,Leptophyes punctatissima,Speckled Bush-cricket,bush-cricket,0.99,,,27/09/2026,27/09/2026,20:40:09,ClassifEspSWE-0002026-05-29_1,JOHANKARLSSON,2026092907465N56J1IK,,Citizen Science (ultrasonic) - shared
59~40304+18~07242_20260927_204016.wav,DEV_002_20260927_204016.wav,0,59.40304,18.07242,Leppun,Leptophyes punctatissima,Speckled Bush-cricket,bush-cricket,0.99,,,27/09/2026,27/09/2026,20:40:16,ClassifEspSWE-0002026-05-29_1,JOHANKARLSSON,2026092907465N56J1IK,,Citizen Science (ultrasonic) - shared
59~40304+18~07242_20260927_204022.wav,DEV_002_20260927_204022.wav,0,59.40304,18.07242,Leppun,Leptophyes punctatissima,Speckled Bush-cricket,bush-cricket,0.99,,,27/09/2026,27/09/2026,20:40:22,ClassifEspSWE-0002026-05-29_1,JOHANKARLSSON,2026092907465N56J1IK,,Citizen Science (ultrasonic) - shared
59~40304+18~07242_20260927_204028.wav,DEV_002_20260927_204028.wav,0,59.40304,18.07242,Leppun,Leptophyes punctatissima,Speckled Bush-cricket,bush-cricket,0.99,,,27/09/2026,27/09/2026,20:40:28,ClassifEspSWE-0002026-05-29_1,JOHANKARLSSON,2026092907465N56J1IK,,Citizen Science (ultrasonic) - shared
59~40304+18~07242_20260927_204034.wav,DEV_002_20260927_204034.wav,0,59.40304,18.07242,Leppun,Leptophyes punctatissima,Speckled Bush-cricket,bush-cricket,0.99,,,27/09/2026,27/09/2026,20:40:34,ClassifEspSWE-0002026-05-29_1,JOHANKARLSSON,2026092907465N56J1IK,,Citizen Science (ultrasonic) - shared
59~40304+18~07242_20260927_204040.wav,DEV_002_20260927_204040.wav,0,59.40304,18.07242,Leppun,Leptophyes punctatissima,Speckled Bush-cricket,bush-cricket,0.99,,,27/09/2026,27/09/2026,20:40:40,ClassifEspSWE-0002026-05-29_1,JOHANKARLSSON,2026092907465N56J1IK,,Citizen Science (ultrasonic) - shared
59~40304+18~07242_20260927_204046.wav,DEV_002_20260927_204046.wav,0,59.40304,18.07242,Leppun,Leptophyes punctatissima,Speckled Bush-cricket,bush-cricket,0.99,,,27/09/2026,27/09/2026,20:40:46,ClassifEspSWE-0002026-05-29_1,JOHANKARLSSON,2026092907465N56J1IK,,Citizen Science (ultrasonic) - shared
59~40304+18~07242_20260927_204052.wav,DEV_002_20260927_204052.wav,0,59.40304,18.07242,Leppun,Leptophyes punctatissima,Speckled Bush-cricket,bush-cricket,0.99,,,27/09/2026,27/09/2026,20:40:52,ClassifEspSWE-0002026-05-29_1,JOHANKARLSSON,2026092907465N56J1IK,,Citizen Science (ultrasonic) - shared
59~40304+18~07242_20260927_204058.wav,DEV_002_20260927_204058.wav,0,59.40304,18.07242,Leppun,Leptophyes punctatissima,Speckled Bush-cricket,bush-cricket,0.99,,,27/09/2026,27/09/2026,20:40:58,ClassifEspSWE-0002026-05-29_1,JOHANKARLSSON,2026092907465N56J1IK,,Citizen Science (ultrasonic) - shared
59~40304+18~07242_20260927_204105.wav,DEV_002_20260927_204105.wav,0,59.40304,18.07242,Leppun,Leptophyes punctatissima,Speckled Bush-cricket,bush-cricket,0.99,,,27/09/2026,27/09/2026,20:41:05,ClassifEspSWE-0002026-05-29_1,JOHANKARLSSON,2026092907465N56J1IK,,Citizen Science (ultrasonic) - shared
59~40304+18~07242_20260927_204111.wav,DEV_002_20260927_204111.wav,0,59.40304,18.07242,Leppun,Leptophyes punctatissima,Speckled Bush-cricket,bush-cricket,0.99,,,27/09/2026,27/09/2026,20:41:11,ClassifEspSWE-0002026-05-29_1,JOHANKARLSSON,2026092907465N56J1IK,,Citizen Science (ultrasonic) - shared
59~40304+18~07242_20260927_204117.wav,DEV_002_20260927_204117.wav,0,59.40304,18.07242,Leppun,Leptophyes punctatissima,Speckled Bush-cricket,bush-cricket,0.99,,,27/09/2026,27/09/2026,20:41:17,ClassifEspSWE-0002026-05-29_1,JOHANKARLSSON,2026092907465N56J1IK,,Citizen Science (ultrasonic) - shared
59~40304+18~07242_20260927_204124.wav,DEV_002_20260927_204124.wav,0,59.40304,18.07242,Leppun,Leptophyes punctatissima,Speckled Bush-cricket,bush-cricket,0.99,,,27/09/2026,27/09/2026,20:41:24,ClassifEspSWE-0002026-05-29_1,JOHANKARLSSON,2026092907465N56J1IK,,Citizen Science (ultrasonic) - shared
59~40304+18~07242_20260927_204129.wav,DEV_002_20260927_204129.wav,0,59.40304,18.07242,Leppun,Leptophyes punctatissima,Speckled Bush-cricket,bush-cricket,0.99,,,27/09/2026,27/09/2026,20:41:29,ClassifEspSWE-0002026-05-29_1,JOHANKARLSSON,2026092907465N56J1IK,,Citizen Science (ultrasonic) - shared
59~40304+18~07242_20260927_204136.wav,DEV_002_20260927_204136.wav,0,59.40304,18.07242,Leppun,Leptophyes punctatissima,Speckled Bush-cricket,bush-cricket,0.99,,,27/09/2026,27/09/2026,20:41:36,ClassifEspSWE-0002026-05-29_1,JOHANKARLSSON,2026092907465N56J1IK,,Citizen Science (ultrasonic) - shared
59~40304+18~07242_20260927_204142.wav,DEV_002_20260927_204142.wav,0,59.40304,18.07242,Leppun,Leptophyes punctatissima,Speckled Bush-cricket,bush-cricket,0.99,,,27/09/2026,27/09/2026,20:41:42,ClassifEspSWE-0002026-05-29_1,JOHANKARLSSON,2026092907465N56J1IK,,Citizen Science (ultrasonic) - shared
59~40304+18~07242_20260927_204148.wav,DEV_002_20260927_204148.wav,0,59.40304,18.07242,Leppun,Leptophyes punctatissima,Speckled Bush-cricket,bush-cricket,0.99,,,27/09/2026,27/09/2026,20:41:48,ClassifEspSWE-0002026-05-29_1,JOHANKARLSSON,2026092907465N56J1IK,,Citizen Science (ultrasonic) - shared
59~40304+18~07242_20260927_204155.wav,DEV_002_20260927_204155.wav,0,59.40304,18.07242,Leppun,Leptophyes punctatissima,Speckled Bush-cricket,bush-cricket,0.99,,,27/09/2026,27/09/2026,20:41:55,ClassifEspSWE-0002026-05-29_1,JOHANKARLSSON,2026092907465N56J1IK,,Citizen Science (ultrasonic) - shared
59~40304+18~07242_20260927_204201.wav,DEV_002_20260927_204201.wav,0,59.40304,18.07242,Leppun,Leptophyes punctatissima,Speckled Bush-cricket,bush-cricket,0.99,,,27/09/2026,27/09/2026,20:42:01,ClassifEspSWE-0002026-05-29_1,JOHANKARLSSON,2026092907465N56J1IK,,Citizen Science (ultrasonic) - shared
59~40304+18~07242_20260927_204207.wav,DEV_002_20260927_204207.wav,0,59.40304,18.07242,Leppun,Leptophyes punctatissima,Speckled Bush-cricket,bush-cricket,0.99,,,27/09/2026,27/09/2026,20:42:07,ClassifEspSWE-0002026-05-29_1,JOHANKARLSSON,2026092907465N56J1IK,,Citizen Science (ultrasonic) - shared
59~40304+18~07242_20260927_204214.wav,DEV_002_20260927_204214.wav,0,59.40304,18.07242,Leppun,Leptophyes punctatissima,Speckled Bush-cricket,bush-cricket,0.99,,,27/09/2026,27/09/2026,20:42:14,ClassifEspSWE-0002026-05-29_1,JOHANKARLSSON,2026092907465N56J1IK,,Citizen Science (ultrasonic) - shared
59~40304+18~07242_20260927_204220.wav,DEV_002_20260927_204220.wav,0,59.40304,18.07242,Leppun,Leptophyes punctatissima,Speckled Bush-cricket,bush-cricket,0.99,,,27/09/2026,27/09/2026,20:42:20,ClassifEspSWE-0002026-05-29_1,JOHANKARLSSON,2026092907465N56J1IK,,Citizen Science (ultrasonic) - shared
59~40304+18~07242_20260927_204226.wav,DEV_002_20260927_204226.wav,0,59.40304,18.07242,Leppun,Leptophyes punctatissima,Speckled Bush-cricket,bush-cricket,0.99,,,27/09/2026,27/09/2026,20:42:26,ClassifEspSWE-0002026-05-29_1,JOHANKARLSSON,2026092907465N56J1IK,,Citizen Science (ultrasonic) - shared
59~40304+18~07242_20260927_204232.wav,DEV_002_20260927_204232.wav,0,59.40304,18.07242,Leppun,Leptophyes punctatissima,Speckled Bush-cricket,bush-cricket,0.99,,,27/09/2026,27/09/2026,20:42:32,ClassifEspSWE-0002026-05-29_1,JOHANKARLSSON,2026092907465N56J1IK,,Citizen Science (ultrasonic) - shared
59~40304+18~07242_20260927_204238.wav,DEV_002_20260927_204238.wav,0,59.40304,18.07242,Leppun,Leptophyes punctatissima,Speckled Bush-cricket,bush-cricket,0.99,,,27/09/2026,27/09/2026,20:42:38,ClassifEspSWE-0002026-05-29_1,JOHANKARLSSON,2026092907465N56J1IK,,Citizen Science (ultrasonic) - shared
59~40304+18~07242_20260927_204244.wav,DEV_002_20260927_204244.wav,0,59.40304,18.07242,Leppun,Leptophyes punctatissima,Speckled Bush-cricket,bush-cricket,0.99,,,27/09/2026,27/09/2026,20:42:44,ClassifEspSWE-0002026-05-29_1,JOHANKARLSSON,2026092907465N56J1IK,,Citizen Science (ultrasonic) - shared
59~40304+18~07242_20260927_204251.wav,DEV_002_20260927_204251.wav,0,59.40304,18.07242,Leppun,Leptophyes punctatissima,Speckled Bush-cricket,bush-cricket,0.99,,,27/09/2026,27/09/2026,20:42:51,ClassifEspSWE-0002026-05-29_1,JOHANKARLSSON,2026092907465N56J1IK,,Citizen Science (ultrasonic) - shared
59~40304+18~07242_20260927_204257.wav,DEV_002_20260927_204257.wav,0,59.40304,18.07242,Leppun,Leptophyes punctatissima,Speckled Bush-cricket,bush-cricket,0.99,,,27/09/2026,27/09/2026,20:42:57,ClassifEspSWE-0002026-05-29_1,JOHANKARLSSON,2026092907465N56J1IK,,Citizen Science (ultrasonic) - shared
59~40304+18~07242_20260927_204302.wav,DEV_002_20260927_204302.wav,0,59.40304,18.07242,Leppun,Leptophyes punctatissima,Speckled Bush-cricket,bush-cricket,0.99,,,27/09/2026,27/09/2026,20:43:02,ClassifEspSWE-0002026-05-29_1,JOHANKARLSSON,2026092907465N56J1IK,,Citizen Science (ultrasonic) - shared
59~40304+18~07242_20260927_204308.wav,DEV_002_20260927_204308.wav,0,59.40304,18.07242,Leppun,Leptophyes punctatissima,Speckled Bush-cricket,bush-cricket,0.99,,,27/09/2026,27/09/2026,20:43:08,ClassifEspSWE-0002026-05-29_1,JOHANKARLSSON,2026092907465N56J1IK,,Citizen Science (ultrasonic) - shared
59~40304+18~07242_20260927_204314.wav,DEV_002_20260927_204314.wav,0,59.40304,18.07242,Leppun,Leptophyes punctatissima,Speckled Bush-cricket,bush-cricket,0.99,,,27/09/2026,27/09/2026,20:43:14,ClassifEspSWE-0002026-05-29_1,JOHANKARLSSON,2026092907465N56J1IK,,Citizen Science (ultrasonic) - shared
59~40304+18~07242_20260927_204320.wav,DEV_002_20260927_204320.wav,0,59.40304,18.07242,Leppun,Leptophyes punctatissima,Speckled Bush-cricket,bush-cricket,0.99,,,27/09/2026,27/09/2026,20:43:20,ClassifEspSWE-0002026-05-29_1,JOHANKARLSSON,2026092907465N56J1IK,,Citizen Science (ultrasonic) - shared
59~40304+18~07242_20260927_204326.wav,DEV_002_20260927_204326.wav,0,59.40304,18.07242,Leppun,Leptophyes punctatissima,Speckled Bush-cricket,bush-cricket,0.99,,,27/09/2026,27/09/2026,20:43:26,ClassifEspSWE-0002026-05-29_1,JOHANKARLSSON,2026092907465N56J1IK,,Citizen Science (ultrasonic) - shared
59~40304+18~07242_20260927_204332.wav,DEV_002_20260927_204332.wav,0,59.40304,18.07242,Leppun,Leptophyes punctatissima,Speckled Bush-cricket,bush-cricket,0.99,,,27/09/2026,27/09/2026,20:43:32,ClassifEspSWE-0002026-05-29_1,JOHANKARLSSON,2026092907465N56J1IK,,Citizen Science (ultrasonic) - shared
59~40304+18~07242_20260927_204339.wav,DEV_002_20260927_204339.wav,0,59.40304,18.07242,Leppun,Leptophyes punctatissima,Speckled Bush-cricket,bush-cricket,0.99,,,27/09/2026,27/09/2026,20:43:39,ClassifEspSWE-0002026-05-29_1,JOHANKARLSSON,2026092907465N56J1IK,,Citizen Science (ultrasonic) - shared
59~40304+18~07242_20260927_204344.wav,DEV_002_20260927_204344.wav,0,59.40304,18.07242,Leppun,Leptophyes punctatissima,Speckled Bush-cricket,bush-cricket,0.99,,,27/09/2026,27/09/2026,20:43:44,ClassifEspSWE-0002026-05-29_1,JOHANKARLSSON,2026092907465N56J1IK,,Citizen Science (ultrasonic) - shared
59~40304+18~07242_20260927_204349.wav,DEV_002_20260927_204349.wav,0,59.40304,18.07242,Leppun,Leptophyes punctatissima,Speckled Bush-cricket,bush-cricket,0.99,,,27/09/2026,27/09/2026,20:43:49,ClassifEspSWE-0002026-05-29_1,JOHANKARLSSON,2026092907465N56J1IK,,Citizen Science (ultrasonic) - shared
59~40304+18~07242_20260927_204355.wav,DEV_002_20260927_204355.wav,0,59.40304,18.07242,Leppun,Leptophyes punctatissima,Speckled Bush-cricket,bush-cricket,0.99,,,27/09/2026,27/09/2026,20:43:55,ClassifEspSWE-0002026-05-29_1,JOHANKARLSSON,2026092907465N56J1IK,,Citizen Science (ultrasonic) - shared
59~40304+18~07242_20260927_204401.wav,DEV_002_20260927_204401.wav,0,59.40304,18.07242,Leppun,Leptophyes punctatissima,Speckled Bush-cricket,bush-cricket,0.99,,,27/09/2026,27/09/2026,20:44:01,ClassifEspSWE-0002026-05-29_1,JOHANKARLSSON,2026092907465N56J1IK,,Citizen Science (ultrasonic) - shared
59~40304+18~07242_20260927_204407.wav,DEV_002_20260927_204407.wav,0,59.40304,18.07242,Leppun,Leptophyes punctatissima,Speckled Bush-cricket,bush-cricket,0.99,,,27/09/2026,27/09/2026,20:44:07,ClassifEspSWE-0002026-05-29_1,JOHANKARLSSON,2026092907465N56J1IK,,Citizen Science (ultrasonic) - shared
59~40304+18~07242_20260927_204413.wav,DEV_002_20260927_204413.wav,0,59.40304,18.07242,Leppun,Leptophyes punctatissima,Speckled Bush-cricket,bush-cricket,0.99,,,27/09/2026,27/09/2026,20:44:13,ClassifEspSWE-0002026-05-29_1,JOHANKARLSSON,2026092907465N56J1IK,,Citizen Science (ultrasonic) - shared
59~40304+18~07242_20260927_204419.wav,DEV_002_20260927_204419.wav,0,59.40304,18.07242,Leppun,Leptophyes punctatissima,Speckled Bush-cricket,bush-cricket,0.99,,,27/09/2026,27/09/2026,20:44:19,ClassifEspSWE-0002026-05-29_1,JOHANKARLSSON,2026092907465N56J1IK,,Citizen Science (ultrasonic) - shared
59~40304+18~07242_20260927_204425.wav,DEV_002_20260927_204425.wav,0,59.40304,18.07242,Leppun,Leptophyes punctatissima,Speckled Bush-cricket,bush-cricket,0.99,,,27/09/2026,27/09/2026,20:44:25,ClassifEspSWE-0002026-05-29_1,JOHANKARLSSON,2026092907465N56J1IK,,Citizen Science (ultrasonic) - shared
59~40304+18~07242_20260927_204431.wav,DEV_002_20260927_204431.wav,0,59.40304,18.07242,Leppun,Leptophyes punctatissima,Speckled Bush-cricket,bush-cricket,0.99,,,27/09/2026,27/09/2026,20:44:31,ClassifEspSWE-0002026-05-29_1,JOHANKARLSSON,2026092907465N56J1IK,,Citizen Science (ultrasonic) - shared
59~40304+18~07242_20260927_204437.wav,DEV_002_20260927_204437.wav,0,59.40304,18.07242,Leppun,Leptophyes punctatissima,Speckled Bush-cricket,bush-cricket,0.99,,,27/09/2026,27/09/2026,20:44:37,ClassifEspSWE-0002026-05-29_1,JOHANKARLSSON,2026092907465N56J1IK,,Citizen Science (ultrasonic) - shared
59~40304+18~07242_20260927_204443.wav,DEV_002_20260927_204443.wav,0,59.40304,18.07242,Leppun,Leptophyes punctatissima,Speckled Bush-cricket,bush-cricket,0.99,,,27/09/2026,27/09/2026,20:44:43,ClassifEspSWE-0002026-05-29_1,JOHANKARLSSON,2026092907465N56J1IK,,Citizen Science (ultrasonic) - shared
59~40304+18~07242_20260927_204449.wav,DEV_002_20260927_204449.wav,0,59.40304,18.07242,Leppun,Leptophyes punctatissima,Speckled Bush-cricket,bush-cricket,0.99,,,27/09/2026,27/09/2026,20:44:49,ClassifEspSWE-0002026-05-29_1,JOHANKARLSSON,2026092907465N56J1IK,,Citizen Science (ultrasonic) - shared
59~40304+18~07242_20260927_204456.wav,DEV_002_20260927_204456.wav,0,59.40304,18.07242,Leppun,Leptophyes punctatissima,Speckled Bush-cricket,bush-cricket,0.99,,,27/09/2026,27/09/2026,20:44:56,ClassifEspSWE-0002026-05-29_1,JOHANKARLSSON,2026092907465N56J1IK,,Citizen Science (ultrasonic) - shared
59~40304+18~07242_20260927_204502.wav,DEV_002_20260927_204502.wav,0,59.40304,18.07242,Leppun,Leptophyes punctatissima,Speckled Bush-cricket,bush-cricket,0.99,,,27/09/2026,27/09/2026,20:45:02,ClassifEspSWE-0002026-05-29_1,JOHANKARLSSON,2026092907465N56J1IK,,Citizen Science (ultrasonic) - shared
59~40304+18~07242_20260927_204508.wav,DEV_002_20260927_204508.wav,0,59.40304,18.07242,Leppun,Leptophyes punctatissima,Speckled Bush-cricket,bush-cricket,0.99,,,27/09/2026,27/09/2026,20:45:08,ClassifEspSWE-0002026-05-29_1,JOHANKARLSSON,2026092907465N56J1IK,,Citizen Science (ultrasonic) - shared
59~40304+18~07242_20260927_204514.wav,DEV_002_20260927_204514.wav,0,59.40304,18.07242,Leppun,Leptophyes punctatissima,Speckled Bush-cricket,bush-cricket,0.99,,,27/09/2026,27/09/2026,20:45:14,ClassifEspSWE-0002026-05-29_1,JOHANKARLSSON,2026092907465N56J1IK,,Citizen Science (ultrasonic) - shared
59~40304+18~07242_20260927_204520.wav,DEV_002_20260927_204520.wav,0,59.40304,18.07242,Leppun,Leptophyes punctatissima,Speckled Bush-cricket,bush-cricket,0.99,,,27/09/2026,27/09/2026,20:45:20,ClassifEspSWE-0002026-05-29_1,JOHANKARLSSON,2026092907465N56J1IK,,Citizen Science (ultrasonic) - shared
59~40304+18~07242_20260927_204527.wav,DEV_002_20260927_204527.wav,0,59.40304,18.07242,Leppun,Leptophyes punctatissima,Speckled Bush-cricket,bush-cricket,0.99,,,27/09/2026,27/09/2026,20:45:27,ClassifEspSWE-0002026-05-29_1,JOHANKARLSSON,2026092907465N56J1IK,,Citizen Science (ultrasonic) - shared
59~40304+18~07242_20260927_204534.wav,DEV_002_20260927_204534.wav,0,59.40304,18.07242,Leppun,Leptophyes punctatissima,Speckled Bush-cricket,bush-cricket,0.99,,,27/09/2026,27/09/2026,20:45:34,ClassifEspSWE-0002026-05-29_1,JOHANKARLSSON,2026092907465N56J1IK,,Citizen Science (ultrasonic) - shared
59~40304+18~07242_20260927_204541.wav,DEV_002_20260927_204541.wav,0,59.40304,18.07242,Leppun,Leptophyes punctatissima,Speckled Bush-cricket,bush-cricket,0.99,,,27/09/2026,27/09/2026,20:45:41,ClassifEspSWE-0002026-05-29_1,JOHANKARLSSON,2026092907465N56J1IK,,Citizen Science (ultrasonic) - shared
59~40304+18~07242_20260927_204547.wav,DEV_002_20260927_204547.wav,0,59.40304,18.07242,Leppun,Leptophyes punctatissima,Speckled Bush-cricket,bush-cricket,0.99,,,27/09/2026,27/09/2026,20:45:47,ClassifEspSWE-0002026-05-29_1,JOHANKARLSSON,2026092907465N56J1IK,,Citizen Science (ultrasonic) - shared
59~40304+18~07242_20260927_204553.wav,DEV_002_20260927_204553.wav,0,59.40304,18.07242,Leppun,Leptophyes punctatissima,Speckled Bush-cricket,bush-cricket,0.99,,,27/09/2026,27/09/2026,20:45:53,ClassifEspSWE-0002026-05-29_1,JOHANKARLSSON,2026092907465N56J1IK,,Citizen Science (ultrasonic) - shared
59~40304+18~07242_20260927_204600.wav,DEV_002_20260927_204600.wav,0,59.40304,18.07242,Leppun,Leptophyes punctatissima,Speckled Bush-cricket,bush-cricket,0.99,,,27/09/2026,27/09/2026,20:46:00,ClassifEspSWE-0002026-05-29_1,JOHANKARLSSON,2026092907465N56J1IK,,Citizen Science (ultrasonic) - shared
59~40304+18~07242_20260927_204605.wav,DEV_002_20260927_204605.wav,0,59.40304,18.07242,Leppun,Leptophyes punctatissima,Speckled Bush-cricket,bush-cricket,0.99,,,27/09/2026,27/09/2026,20:46:05,ClassifEspSWE-0002026-05-29_1,JOHANKARLSSON,2026092907465N56J1IK,,Citizen Science (ultrasonic) - shared
59~40304+18~07242_20260927_204612.wav,DEV_002_20260927_204612.wav,0,59.40304,18.07242,Leppun,Leptophyes punctatissima,Speckled Bush-cricket,bush-cricket,0.99,,,27/09/2026,27/09/2026,20:46:12,ClassifEspSWE-0002026-05-29_1,JOHANKARLSSON,2026092907465N56J1IK,,Citizen Science (ultrasonic) - shared
59~40304+18~07242_20260927_204618.wav,DEV_002_20260927_204618.wav,0,59.40304,18.07242,Leppun,Leptophyes punctatissima,Speckled Bush-cricket,bush-cricket,0.99,,,27/09/2026,27/09/2026,20:46:18,ClassifEspSWE-0002026-05-29_1,JOHANKARLSSON,2026092907465N56J1IK,,Citizen Science (ultrasonic) - shared
59~40304+18~07242_20260927_204624.wav,DEV_002_20260927_204624.wav,0,59.40304,18.07242,Leppun,Leptophyes punctatissima,Speckled Bush-cricket,bush-cricket,0.99,,,27/09/2026,27/09/2026,20:46:24,ClassifEspSWE-0002026-05-29_1,JOHANKARLSSON,2026092907465N56J1IK,,Citizen Science (ultrasonic) - shared
59~40304+18~07242_20260927_204630.wav,DEV_002_20260927_204630.wav,0,59.40304,18.07242,Leppun,Leptophyes punctatissima,Speckled Bush-cricket,bush-cricket,0.99,,,27/09/2026,27/09/2026,20:46:30,ClassifEspSWE-0002026-05-29_1,JOHANKARLSSON,2026092907465N56J1IK,,Citizen Science (ultrasonic) - shared
59~40304+18~07242_20260927_204637.wav,DEV_002_20260927_204637.wav,0,59.40304,18.07242,Leppun,Leptophyes punctatissima,Speckled Bush-cricket,bush-cricket,0.99,,,27/09/2026,27/09/2026,20:46:37,ClassifEspSWE-0002026-05-29_1,JOHANKARLSSON,2026092907465N56J1IK,,Citizen Science (ultrasonic) - shared
59~40304+18~07242_20260927_204643.wav,DEV_002_20260927_204643.wav,0,59.40304,18.07242,Leppun,Leptophyes punctatissima,Speckled Bush-cricket,bush-cricket,0.99,,,27/09/2026,27/09/2026,20:46:43,ClassifEspSWE-0002026-05-29_1,JOHANKARLSSON,2026092907465N56J1IK,,Citizen Science (ultrasonic) - shared
59~40304+18~07242_20260927_204649.wav,DEV_002_20260927_204649.wav,0,59.40304,18.07242,Leppun,Leptophyes punctatissima,Speckled Bush-cricket,bush-cricket,0.99,,,27/09/2026,27/09/2026,20:46:49,ClassifEspSWE-0002026-05-29_1,JOHANKARLSSON,2026092907465N56J1IK,,Citizen Science (ultrasonic) - shared
59~40304+18~07242_20260927_204656.wav,DEV_002_20260927_204656.wav,0,59.40304,18.07242,Leppun,Leptophyes punctatissima,Speckled Bush-cricket,bush-cricket,0.99,,,27/09/2026,27/09/2026,20:46:56,ClassifEspSWE-0002026-05-29_1,JOHANKARLSSON,2026092907465N56J1IK,,Citizen Science (ultrasonic) - shared
59~40304+18~07242_20260927_204703.wav,DEV_002_20260927_204703.wav,0,59.40304,18.07242,Leppun,Leptophyes punctatissima,Speckled Bush-cricket,bush-cricket,0.99,,,27/09/2026,27/09/2026,20:47:03,ClassifEspSWE-0002026-05-29_1,JOHANKARLSSON,2026092907465N56J1IK,,Citizen Science (ultrasonic) - shared
59~40304+18~07242_20260927_204711.wav,DEV_002_20260927_204711.wav,0,59.40304,18.07242,Leppun,Leptophyes punctatissima,Speckled Bush-cricket,bush-cricket,0.99,,,27/09/2026,27/09/2026,20:47:11,ClassifEspSWE-0002026-05-29_1,JOHANKARLSSON,2026092907465N56J1IK,,Citizen Science (ultrasonic) - shared
59~40304+18~07242_20260927_204718.wav,DEV_002_20260927_204718.wav,0,59.40304,18.07242,Leppun,Leptophyes punctatissima,Speckled Bush-cricket,bush-cricket,0.99,,,27/09/2026,27/09/2026,20:47:18,ClassifEspSWE-0002026-05-29_1,JOHANKARLSSON,2026092907465N56J1IK,,Citizen Science (ultrasonic) - shared
59~40304+18~07242_20260927_204724.wav,DEV_002_20260927_204724.wav,0,59.40304,18.07242,Leppun,Leptophyes punctatissima,Speckled Bush-cricket,bush-cricket,0.99,,,27/09/2026,27/09/2026,20:47:24,ClassifEspSWE-0002026-05-29_1,JOHANKARLSSON,2026092907465N56J1IK,,Citizen Science (ultrasonic) - shared
59~40304+18~07242_20260927_204729.wav,DEV_002_20260927_204729.wav,0,59.40304,18.07242,Leppun,Leptophyes punctatissima,Speckled Bush-cricket,bush-cricket,0.99,,,27/09/2026,27/09/2026,20:47:29,ClassifEspSWE-0002026-05-29_1,JOHANKARLSSON,2026092907465N56J1IK,,Citizen Science (ultrasonic) - shared
59~40304+18~07242_20260927_204737.wav,DEV_002_20260927_204737.wav,0,59.40304,18.07242,Leppun,Leptophyes punctatissima,Speckled Bush-cricket,bush-cricket,0.99,,,27/09/2026,27/09/2026,20:47:37,ClassifEspSWE-0002026-05-29_1,JOHANKARLSSON,2026092907465N56J1IK,,Citizen Science (ultrasonic) - shared
59~40304+18~07242_20260927_204742.wav,DEV_002_20260927_204742.wav,0,59.40304,18.07242,Leppun,Leptophyes punctatissima,Speckled Bush-cricket,bush-cricket,0.99,,,27/09/2026,27/09/2026,20:47:42,ClassifEspSWE-0002026-05-29_1,JOHANKARLSSON,2026092907465N56J1IK,,Citizen Science (ultrasonic) - shared
59~40304+18~07242_20260927_204749.wav,DEV_002_20260927_204749.wav,0,59.40304,18.07242,Leppun,Leptophyes punctatissima,Speckled Bush-cricket,bush-cricket,0.99,,,27/09/2026,27/09/2026,20:47:49,ClassifEspSWE-0002026-05-29_1,JOHANKARLSSON,2026092907465N56J1IK,,Citizen Science (ultrasonic) - shared
59~40304+18~07242_20260927_204754.wav,DEV_002_20260927_204754.wav,0,59.40304,18.07242,Leppun,Leptophyes punctatissima,Speckled Bush-cricket,bush-cricket,0.99,,,27/09/2026,27/09/2026,20:47:54,ClassifEspSWE-0002026-05-29_1,JOHANKARLSSON,2026092907465N56J1IK,,Citizen Science (ultrasonic) - shared
59~40304+18~07242_20260927_204800.wav,DEV_002_20260927_204800.wav,0,59.40304,18.07242,Leppun,Leptophyes punctatissima,Speckled Bush-cricket,bush-cricket,0.99,,,27/09/2026,27/09/2026,20:48:00,ClassifEspSWE-0002026-05-29_1,JOHANKARLSSON,2026092907465N56J1IK,,Citizen Science (ultrasonic) - shared
59~40304+18~07242_20260927_204805.wav,DEV_002_20260927_204805.wav,0,59.40304,18.07242,Leppun,Leptophyes punctatissima,Speckled Bush-cricket,bush-cricket,0.99,,,27/09/2026,27/09/2026,20:48:05,ClassifEspSWE-0002026-05-29_1,JOHANKARLSSON,2026092907465N56J1IK,,Citizen Science (ultrasonic) - shared
59~40304+18~07242_20260927_204811.wav,DEV_002_20260927_204811.wav,0,59.40304,18.07242,Leppun,Leptophyes punctatissima,Speckled Bush-cricket,bush-cricket,0.99,,,27/09/2026,27/09/2026,20:48:11,ClassifEspSWE-0002026-05-29_1,JOHANKARLSSON,2026092907465N56J1IK,,Citizen Science (ultrasonic) - shared
59~40304+18~07242_20260927_204818.wav,DEV_002_20260927_204818.wav,0,59.40304,18.07242,Leppun,Leptophyes punctatissima,Speckled Bush-cricket,bush-cricket,0.99,,,27/09/2026,27/09/2026,20:48:18,ClassifEspSWE-0002026-05-29_1,JOHANKARLSSON,2026092907465N56J1IK,,Citizen Science (ultrasonic) - shared
59~40304+18~07242_20260927_204825.wav,DEV_002_20260927_204825.wav,0,59.40304,18.07242,Leppun,Leptophyes punctatissima,Speckled Bush-cricket,bush-cricket,0.99,,,27/09/2026,27/09/2026,20:48:25,ClassifEspSWE-0002026-05-29_1,JOHANKARLSSON,2026092907465N56J1IK,,Citizen Science (ultrasonic) - shared
59~40304+18~07242_20260927_204831.wav,DEV_002_20260927_204831.wav,0,59.40304,18.07242,Leppun,Leptophyes punctatissima,Speckled Bush-cricket,bush-cricket,0.99,,,27/09/2026,27/09/2026,20:48:31,ClassifEspSWE-0002026-05-29_1,JOHANKARLSSON,2026092907465N56J1IK,,Citizen Science (ultrasonic) - shared
59~40304+18~07242_20260927_204837.wav,DEV_002_20260927_204837.wav,0,59.40304,18.07242,Leppun,Leptophyes punctatissima,Speckled Bush-cricket,bush-cricket,0.99,,,27/09/2026,27/09/2026,20:48:37,ClassifEspSWE-0002026-05-29_1,JOHANKARLSSON,2026092907465N56J1IK,,Citizen Science (ultrasonic) - shared
59~40304+18~07242_20260927_204844.wav,DEV_002_20260927_204844.wav,0,59.40304,18.07242,Leppun,Leptophyes punctatissima,Speckled Bush-cricket,bush-cricket,0.99,,,27/09/2026,27/09/2026,20:48:44,ClassifEspSWE-0002026-05-29_1,JOHANKARLSSON,2026092907465N56J1IK,,Citizen Science (ultrasonic) - shared
59~40304+18~07242_20260927_204851.wav,DEV_002_20260927_204851.wav,0,59.40304,18.07242,Leppun,Leptophyes punctatissima,Speckled Bush-cricket,bush-cricket,0.99,,,27/09/2026,27/09/2026,20:48:51,ClassifEspSWE-0002026-05-29_1,JOHANKARLSSON,2026092907465N56J1IK,,Citizen Science (ultrasonic) - shared
59~40304+18~07242_20260927_204858.wav,DEV_002_20260927_204858.wav,0,59.40304,18.07242,Leppun,Leptophyes punctatissima,Speckled Bush-cricket,bush-cricket,0.99,,,27/09/2026,27/09/2026,20:48:58,ClassifEspSWE-0002026-05-29_1,JOHANKARLSSON,2026092907465N56J1IK,,Citizen Science (ultrasonic) - shared
59~40304+18~07242_20260927_204905.wav,DEV_002_20260927_204905.wav,0,59.40304,18.07242,Leppun,Leptophyes punctatissima,Speckled Bush-cricket,bush-cricket,0.99,,,27/09/2026,27/09/2026,20:49:05,ClassifEspSWE-0002026-05-29_1,JOHANKARLSSON,2026092907465N56J1IK,,Citizen Science (ultrasonic) - shared
59~40304+18~07242_20260927_204912.wav,DEV_002_20260927_204912.wav,0,59.40304,18.07242,Leppun,Leptophyes punctatissima,Speckled Bush-cricket,bush-cricket,0.99,,,27/09/2026,27/09/2026,20:49:12,ClassifEspSWE-0002026-05-29_1,JOHANKARLSSON,2026092907465N56J1IK,,Citizen Science (ultrasonic) - shared
59~40304+18~07242_20260927_204917.wav,DEV_002_20260927_204917.wav,0,59.40304,18.07242,Leppun,Leptophyes punctatissima,Speckled Bush-cricket,bush-cricket,0.99,,,27/09/2026,27/09/2026,20:49:17,ClassifEspSWE-0002026-05-29_1,JOHANKARLSSON,2026092907465N56J1IK,,Citizen Science (ultrasonic) - shared
59~40304+18~07242_20260927_204924.wav,DEV_002_20260927_204924.wav,0,59.40304,18.07242,Leppun,Leptophyes punctatissima,Speckled Bush-cricket,bush-cricket,0.99,,,27/09/2026,27/09/2026,20:49:24,ClassifEspSWE-0002026-05-29_1,JOHANKARLSSON,2026092907465N56J1IK,,Citizen Science (ultrasonic) - shared
59~40304+18~07242_20260927_204930.wav,DEV_002_20260927_204930.wav,0,59.40304,18.07242,Leppun,Leptophyes punctatissima,Speckled Bush-cricket,bush-cricket,0.99,,,27/09/2026,27/09/2026,20:49:30,ClassifEspSWE-0002026-05-29_1,JOHANKARLSSON,2026092907465N56J1IK,,Citizen Science (ultrasonic) - shared
59~40304+18~07242_20260927_204937.wav,DEV_002_20260927_204937.wav,0,59.40304,18.07242,Leppun,Leptophyes punctatissima,Speckled Bush-cricket,bush-cricket,0.99,,,27/09/2026,27/09/2026,20:49:37,ClassifEspSWE-0002026-05-29_1,JOHANKARLSSON,2026092907465N56J1IK,,Citizen Science (ultrasonic) - shared
59~40304+18~07242_20260927_204944.wav,DEV_002_20260927_204944.wav,0,59.40304,18.07242,Leppun,Leptophyes punctatissima,Speckled Bush-cricket,bush-cricket,0.99,,,27/09/2026,27/09/2026,20:49:44,ClassifEspSWE-0002026-05-29_1,JOHANKARLSSON,2026092907465N56J1IK,,Citizen Science (ultrasonic) - shared
59~40304+18~07242_20260927_204951.wav,DEV_002_20260927_204951.wav,0,59.40304,18.07242,Leppun,Leptophyes punctatissima,Speckled Bush-cricket,bush-cricket,0.99,,,27/09/2026,27/09/2026,20:49:51,ClassifEspSWE-0002026-05-29_1,JOHANKARLSSON,2026092907465N56J1IK,,Citizen Science (ultrasonic) - shared
59~40304+18~07242_20260927_204958.wav,DEV_002_20260927_204958.wav,0,59.40304,18.07242,Leppun,Leptophyes punctatissima,Speckled Bush-cricket,bush-cricket,0.99,,,27/09/2026,27/09/2026,20:49:58,ClassifEspSWE-0002026-05-29_1,JOHANKARLSSON,2026092907465N56J1IK,,Citizen Science (ultrasonic) - shared
59~40304+18~07242_20260927_205005.wav,DEV_002_20260927_205005.wav,0,59.40304,18.07242,Leppun,Leptophyes punctatissima,Speckled Bush-cricket,bush-cricket,0.99,,,27/09/2026,27/09/2026,20:50:05,ClassifEspSWE-0002026-05-29_1,JOHANKARLSSON,2026092907465N56J1IK,,Citizen Science (ultrasonic) - shared
59~40304+18~07242_20260927_205011.wav,DEV_002_20260927_205011.wav,0,59.40304,18.07242,Leppun,Leptophyes punctatissima,Speckled Bush-cricket,bush-cricket,0.99,,,27/09/2026,27/09/2026,20:50:11,ClassifEspSWE-0002026-05-29_1,JOHANKARLSSON,2026092907465N56J1IK,,Citizen Science (ultrasonic) - shared
59~40304+18~07242_20260927_205017.wav,DEV_002_20260927_205017.wav,0,59.40304,18.07242,Leppun,Leptophyes punctatissima,Speckled Bush-cricket,bush-cricket,0.99,,,27/09/2026,27/09/2026,20:50:17,ClassifEspSWE-0002026-05-29_1,JOHANKARLSSON,2026092907465N56J1IK,,Citizen Science (ultrasonic) - shared
59~40304+18~07242_20260927_205024.wav,DEV_002_20260927_205024.wav,0,59.40304,18.07242,Leppun,Leptophyes punctatissima,Speckled Bush-cricket,bush-cricket,0.99,,,27/09/2026,27/09/2026,20:50:24,ClassifEspSWE-0002026-05-29_1,JOHANKARLSSON,2026092907465N56J1IK,,Citizen Science (ultrasonic) - shared
59~40304+18~07242_20260927_205031.wav,DEV_002_20260927_205031.wav,0,59.40304,18.07242,Leppun,Leptophyes punctatissima,Speckled Bush-cricket,bush-cricket,0.99,,,27/09/2026,27/09/2026,20:50:31,ClassifEspSWE-0002026-05-29_1,JOHANKARLSSON,2026092907465N56J1IK,,Citizen Science (ultrasonic) - shared
59~40304+18~07242_20260927_205037.wav,DEV_002_20260927_205037.wav,0,59.40304,18.07242,Leppun,Leptophyes punctatissima,Speckled Bush-cricket,bush-cricket,0.99,,,27/09/2026,27/09/2026,20:50:37,ClassifEspSWE-0002026-05-29_1,JOHANKARLSSON,2026092907465N56J1IK,,Citizen Science (ultrasonic) - shared
59~40304+18~07242_20260927_205043.wav,DEV_002_20260927_205043.wav,0,59.40304,18.07242,Leppun,Leptophyes punctatissima,Speckled Bush-cricket,bush-cricket,0.99,,,27/09/2026,27/09/2026,20:50:43,ClassifEspSWE-0002026-05-29_1,JOHANKARLSSON,2026092907465N56J1IK,,Citizen Science (ultrasonic) - shared
59~40304+18~07242_20260927_205049.wav,DEV_002_20260927_205049.wav,0,59.40304,18.07242,Leppun,Leptophyes punctatissima,Speckled Bush-cricket,bush-cricket,0.99,,,27/09/2026,27/09/2026,20:50:49,ClassifEspSWE-0002026-05-29_1,JOHANKARLSSON,2026092907465N56J1IK,,Citizen Science (ultrasonic) - shared
59~40304+18~07242_20260927_205056.wav,DEV_002_20260927_205056.wav,0,59.40304,18.07242,Leppun,Leptophyes punctatissima,Speckled Bush-cricket,bush-cricket,0.99,,,27/09/2026,27/09/2026,20:50:56,ClassifEspSWE-0002026-05-29_1,JOHANKARLSSON,2026092907465N56J1IK,,Citizen Science (ultrasonic) - shared
59~40304+18~07242_20260927_205102.wav,DEV_002_20260927_205102.wav,0,59.40304,18.07242,Leppun,Leptophyes punctatissima,Speckled Bush-cricket,bush-cricket,0.99,,,27/09/2026,27/09/2026,20:51:02,ClassifEspSWE-0002026-05-29_1,JOHANKARLSSON,2026092907465N56J1IK,,Citizen Science (ultrasonic) - shared
59~40304+18~07242_20260927_205108.wav,DEV_002_20260927_205108.wav,0,59.40304,18.07242,Leppun,Leptophyes punctatissima,Speckled Bush-cricket,bush-cricket,0.99,,,27/09/2026,27/09/2026,20:51:08,ClassifEspSWE-0002026-05-29_1,JOHANKARLSSON,2026092907465N56J1IK,,Citizen Science (ultrasonic) - shared
59~40304+18~07242_20260927_205113.wav,DEV_002_20260927_205113.wav,0,59.40304,18.07242,Leppun,Leptophyes punctatissima,Speckled Bush-cricket,bush-cricket,0.99,,,27/09/2026,27/09/2026,20:51:13,ClassifEspSWE-0002026-05-29_1,JOHANKARLSSON,2026092907465N56J1IK,,Citizen Science (ultrasonic) - shared
59~40304+18~07242_20260927_205119.wav,DEV_002_20260927_205119.wav,0,59.40304,18.07242,Leppun,Leptophyes punctatissima,Speckled Bush-cricket,bush-cricket,0.99,,,27/09/2026,27/09/2026,20:51:19,ClassifEspSWE-0002026-05-29_1,JOHANKARLSSON,2026092907465N56J1IK,,Citizen Science (ultrasonic) - shared
59~40304+18~07242_20260927_205126.wav,DEV_002_20260927_205126.wav,0,59.40304,18.07242,Leppun,Leptophyes punctatissima,Speckled Bush-cricket,bush-cricket,0.99,,,27/09/2026,27/09/2026,20:51:26,ClassifEspSWE-0002026-05-29_1,JOHANKARLSSON,2026092907465N56J1IK,,Citizen Science (ultrasonic) - shared
59~40304+18~07242_20260927_205133.wav,DEV_002_20260927_205133.wav,0,59.40304,18.07242,Leppun,Leptophyes punctatissima,Speckled Bush-cricket,bush-cricket,0.99,,,27/09/2026,27/09/2026,20:51:33,ClassifEspSWE-0002026-05-29_1,JOHANKARLSSON,2026092907465N56J1IK,,Citizen Science (ultrasonic) - shared
59~40304+18~07242_20260927_205139.wav,DEV_002_20260927_205139.wav,0,59.40304,18.07242,Leppun,Leptophyes punctatissima,Speckled Bush-cricket,bush-cricket,0.99,,,27/09/2026,27/09/2026,20:51:39,ClassifEspSWE-0002026-05-29_1,JOHANKARLSSON,2026092907465N56J1IK,,Citizen Science (ultrasonic) - shared
59~40304+18~07242_20260927_205145.wav,DEV_002_20260927_205145.wav,0,59.40304,18.07242,Leppun,Leptophyes punctatissima,Speckled Bush-cricket,bush-cricket,0.99,,,27/09/2026,27/09/2026,20:51:45,ClassifEspSWE-0002026-05-29_1,JOHANKARLSSON,2026092907465N56J1IK,,Citizen Science (ultrasonic) - shared
59~40304+18~07242_20260927_205150.wav,DEV_002_20260927_205150.wav,0,59.40304,18.07242,Leppun,Leptophyes punctatissima,Speckled Bush-cricket,bush-cricket,0.99,,,27/09/2026,27/09/2026,20:51:50,ClassifEspSWE-0002026-05-29_1,JOHANKARLSSON,2026092907465N56J1IK,,Citizen Science (ultrasonic) - shared
59~40304+18~07242_20260927_205157.wav,DEV_002_20260927_205157.wav,0,59.40304,18.07242,Leppun,Leptophyes punctatissima,Speckled Bush-cricket,bush-cricket,0.99,,,27/09/2026,27/09/2026,20:51:57,ClassifEspSWE-0002026-05-29_1,JOHANKARLSSON,2026092907465N56J1IK,,Citizen Science (ultrasonic) - shared
59~40304+18~07242_20260927_205203.wav,DEV_002_20260927_205203.wav,0,59.40304,18.07242,Leppun,Leptophyes punctatissima,Speckled Bush-cricket,bush-cricket,0.99,,,27/09/2026,27/09/2026,20:52:03,ClassifEspSWE-0002026-05-29_1,JOHANKARLSSON,2026092907465N56J1IK,,Citizen Science (ultrasonic) - shared
59~40304+18~07242_20260927_205208.wav,DEV_002_20260927_205208.wav,0,59.40304,18.07242,Leppun,Leptophyes punctatissima,Speckled Bush-cricket,bush-cricket,0.99,,,27/09/2026,27/09/2026,20:52:08,ClassifEspSWE-0002026-05-29_1,JOHANKARLSSON,2026092907465N56J1IK,,Citizen Science (ultrasonic) - shared
59~40304+18~07242_20260927_205215.wav,DEV_002_20260927_205215.wav,0,59.40304,18.07242,Leppun,Leptophyes punctatissima,Speckled Bush-cricket,bush-cricket,0.99,,,27/09/2026,27/09/2026,20:52:15,ClassifEspSWE-0002026-05-29_1,JOHANKARLSSON,2026092907465N56J1IK,,Citizen Science (ultrasonic) - shared
59~40304+18~07242_20260927_205222.wav,DEV_002_20260927_205222.wav,0,59.40304,18.07242,Leppun,Leptophyes punctatissima,Speckled Bush-cricket,bush-cricket,0.99,,,27/09/2026,27/09/2026,20:52:22,ClassifEspSWE-0002026-05-29_1,JOHANKARLSSON,2026092907465N56J1IK,,Citizen Science (ultrasonic) - shared
59~40304+18~07242_20260927_205228.wav,DEV_002_20260927_205228.wav,0,59.40304,18.07242,Leppun,Leptophyes punctatissima,Speckled Bush-cricket,bush-cricket,0.99,,,27/09/2026,27/09/2026,20:52:28,ClassifEspSWE-0002026-05-29_1,JOHANKARLSSON,2026092907465N56J1IK,,Citizen Science (ultrasonic) - shared
59~40304+18~07242_20260927_205233.wav,DEV_002_20260927_205233.wav,0,59.40304,18.07242,Leppun,Leptophyes punctatissima,Speckled Bush-cricket,bush-cricket,0.99,,,27/09/2026,27/09/2026,20:52:33,ClassifEspSWE-0002026-05-29_1,JOHANKARLSSON,2026092907465N56J1IK,,Citizen Science (ultrasonic) - shared
59~40304+18~07242_20260927_205240.wav,DEV_002_20260927_205240.wav,0,59.40304,18.07242,Leppun,Leptophyes punctatissima,Speckled Bush-cricket,bush-cricket,0.99,,,27/09/2026,27/09/2026,20:52:40,ClassifEspSWE-0002026-05-29_1,JOHANKARLSSON,2026092907465N56J1IK,,Citizen Science (ultrasonic) - shared
59~40304+18~07242_20260927_205245.wav,DEV_002_20260927_205245.wav,0,59.40304,18.07242,Leppun,Leptophyes punctatissima,Speckled Bush-cricket,bush-cricket,0.99,,,27/09/2026,27/09/2026,20:52:45,ClassifEspSWE-0002026-05-29_1,JOHANKARLSSON,2026092907465N56J1IK,,Citizen Science (ultrasonic) - shared
59~40304+18~07242_20260927_205250.wav,DEV_002_20260927_205250.wav,0,59.40304,18.07242,Leppun,Leptophyes punctatissima,Speckled Bush-cricket,bush-cricket,0.99,,,27/09/2026,27/09/2026,20:52:50,ClassifEspSWE-0002026-05-29_1,JOHANKARLSSON,2026092907465N56J1IK,,Citizen Science (ultrasonic) - shared
59~40304+18~07242_20260927_205257.wav,DEV_002_20260927_205257.wav,0,59.40304,18.07242,Leppun,Leptophyes punctatissima,Speckled Bush-cricket,bush-cricket,0.99,,,27/09/2026,27/09/2026,20:52:57,ClassifEspSWE-0002026-05-29_1,JOHANKARLSSON,2026092907465N56J1IK,,Citizen Science (ultrasonic) - shared
59~40304+18~07242_20260927_205304.wav,DEV_002_20260927_205304.wav,0,59.40304,18.07242,Leppun,Leptophyes punctatissima,Speckled Bush-cricket,bush-cricket,0.99,,,27/09/2026,27/09/2026,20:53:04,ClassifEspSWE-0002026-05-29_1,JOHANKARLSSON,2026092907465N56J1IK,,Citizen Science (ultrasonic) - shared
59~40304+18~07242_20260927_205310.wav,DEV_002_20260927_205310.wav,0,59.40304,18.07242,Leppun,Leptophyes punctatissima,Speckled Bush-cricket,bush-cricket,0.99,,,27/09/2026,27/09/2026,20:53:10,ClassifEspSWE-0002026-05-29_1,JOHANKARLSSON,2026092907465N56J1IK,,Citizen Science (ultrasonic) - shared
59~40304+18~07242_20260927_205317.wav,DEV_002_20260927_205317.wav,0,59.40304,18.07242,Leppun,Leptophyes punctatissima,Speckled Bush-cricket,bush-cricket,0.99,,,27/09/2026,27/09/2026,20:53:17,ClassifEspSWE-0002026-05-29_1,JOHANKARLSSON,2026092907465N56J1IK,,Citizen Science (ultrasonic) - shared
59~40304+18~07242_20260927_205322.wav,DEV_002_20260927_205322.wav,0,59.40304,18.07242,Leppun,Leptophyes punctatissima,Speckled Bush-cricket,bush-cricket,0.99,,,27/09/2026,27/09/2026,20:53:22,ClassifEspSWE-0002026-05-29_1,JOHANKARLSSON,2026092907465N56J1IK,,Citizen Science (ultrasonic) - shared
59~40304+18~07242_20260927_205329.wav,DEV_002_20260927_205329.wav,0,59.40304,18.07242,Leppun,Leptophyes punctatissima,Speckled Bush-cricket,bush-cricket,0.99,,,27/09/2026,27/09/2026,20:53:29,ClassifEspSWE-0002026-05-29_1,JOHANKARLSSON,2026092907465N56J1IK,,Citizen Science (ultrasonic) - shared
59~40304+18~07242_20260927_205335.wav,DEV_002_20260927_205335.wav,0,59.40304,18.07242,Leppun,Leptophyes punctatissima,Speckled Bush-cricket,bush-cricket,0.99,,,27/09/2026,27/09/2026,20:53:35,ClassifEspSWE-0002026-05-29_1,JOHANKARLSSON,2026092907465N56J1IK,,Citizen Science (ultrasonic) - shared
59~40304+18~07242_20260927_205343.wav,DEV_002_20260927_205343.wav,0,59.40304,18.07242,Leppun,Leptophyes punctatissima,Speckled Bush-cricket,bush-cricket,0.99,,,27/09/2026,27/09/2026,20:53:43,ClassifEspSWE-0002026-05-29_1,JOHANKARLSSON,2026092907465N56J1IK,,Citizen Science (ultrasonic) - shared
59~40304+18~07242_20260927_205349.wav,DEV_002_20260927_205349.wav,0,59.40304,18.07242,Leppun,Leptophyes punctatissima,Speckled Bush-cricket,bush-cricket,0.99,,,27/09/2026,27/09/2026,20:53:49,ClassifEspSWE-0002026-05-29_1,JOHANKARLSSON,2026092907465N56J1IK,,Citizen Science (ultrasonic) - shared
59~40304+18~07242_20260927_205355.wav,DEV_002_20260927_205355.wav,0,59.40304,18.07242,Leppun,Leptophyes punctatissima,Speckled Bush-cricket,bush-cricket,0.99,,,27/09/2026,27/09/2026,20:53:55,ClassifEspSWE-0002026-05-29_1,JOHANKARLSSON,2026092907465N56J1IK,,Citizen Science (ultrasonic) - shared
59~40304+18~07242_20260927_205401.wav,DEV_002_20260927_205401.wav,0,59.40304,18.07242,Leppun,Leptophyes punctatissima,Speckled Bush-cricket,bush-cricket,0.99,,,27/09/2026,27/09/2026,20:54:01,ClassifEspSWE-0002026-05-29_1,JOHANKARLSSON,2026092907465N56J1IK,,Citizen Science (ultrasonic) - shared
59~40304+18~07242_20260927_205406.wav,DEV_002_20260927_205406.wav,0,59.40304,18.07242,Leppun,Leptophyes punctatissima,Speckled Bush-cricket,bush-cricket,0.99,,,27/09/2026,27/09/2026,20:54:06,ClassifEspSWE-0002026-05-29_1,JOHANKARLSSON,2026092907465N56J1IK,,Citizen Science (ultrasonic) - shared
59~40304+18~07242_20260927_205413.wav,DEV_002_20260927_205413.wav,0,59.40304,18.07242,Leppun,Leptophyes punctatissima,Speckled Bush-cricket,bush-cricket,0.99,,,27/09/2026,27/09/2026,20:54:13,ClassifEspSWE-0002026-05-29_1,JOHANKARLSSON,2026092907465N56J1IK,,Citizen Science (ultrasonic) - shared
59~40304+18~07242_20260927_205420.wav,DEV_002_20260927_205420.wav,0,59.40304,18.07242,Leppun,Leptophyes punctatissima,Speckled Bush-cricket,bush-cricket,0.99,,,27/09/2026,27/09/2026,20:54:20,ClassifEspSWE-0002026-05-29_1,JOHANKARLSSON,2026092907465N56J1IK,,Citizen Science (ultrasonic) - shared
59~40304+18~07242_20260927_205425.wav,DEV_002_20260927_205425.wav,0,59.40304,18.07242,Leppun,Leptophyes punctatissima,Speckled Bush-cricket,bush-cricket,0.99,,,27/09/2026,27/09/2026,20:54:25,ClassifEspSWE-0002026-05-29_1,JOHANKARLSSON,2026092907465N56J1IK,,Citizen Science (ultrasonic) - shared
59~40304+18~07242_20260927_205432.wav,DEV_002_20260927_205432.wav,0,59.40304,18.07242,Leppun,Leptophyes punctatissima,Speckled Bush-cricket,bush-cricket,0.99,,,27/09/2026,27/09/2026,20:54:32,ClassifEspSWE-0002026-05-29_1,JOHANKARLSSON,2026092907465N56J1IK,,Citizen Science (ultrasonic) - shared
59~40304+18~07242_20260927_205437.wav,DEV_002_20260927_205437.wav,0,59.40304,18.07242,Leppun,Leptophyes punctatissima,Speckled Bush-cricket,bush-cricket,0.99,,,27/09/2026,27/09/2026,20:54:37,ClassifEspSWE-0002026-05-29_1,JOHANKARLSSON,2026092907465N56J1IK,,Citizen Science (ultrasonic) - shared
59~40304+18~07242_20260927_205443.wav,DEV_002_20260927_205443.wav,0,59.40304,18.07242,Leppun,Leptophyes punctatissima,Speckled Bush-cricket,bush-cricket,0.99,,,27/09/2026,27/09/2026,20:54:43,ClassifEspSWE-0002026-05-29_1,JOHANKARLSSON,2026092907465N56J1IK,,Citizen Science (ultrasonic) - shared
59~40304+18~07242_20260927_205450.wav,DEV_002_20260927_205450.wav,0,59.40304,18.07242,Leppun,Leptophyes punctatissima,Speckled Bush-cricket,bush-cricket,0.99,,,27/09/2026,27/09/2026,20:54:50,ClassifEspSWE-0002026-05-29_1,JOHANKARLSSON,2026092907465N56J1IK,,Citizen Science (ultrasonic) - shared
59~40304+18~07242_20260927_205455.wav,DEV_002_20260927_205455.wav,0,59.40304,18.07242,Leppun,Leptophyes punctatissima,Speckled Bush-cricket,bush-cricket,0.99,,,27/09/2026,27/09/2026,20:54:55,ClassifEspSWE-0002026-05-29_1,JOHANKARLSSON,2026092907465N56J1IK,,Citizen Science (ultrasonic) - shared
59~40304+18~07242_20260927_205502.wav,DEV_002_20260927_205502.wav,0,59.40304,18.07242,Leppun,Leptophyes punctatissima,Speckled Bush-cricket,bush-cricket,0.99,,,27/09/2026,27/09/2026,20:55:02,ClassifEspSWE-0002026-05-29_1,JOHANKARLSSON,2026092907465N56J1IK,,Citizen Science (ultrasonic) - shared
59~40304+18~07242_20260927_205509.wav,DEV_002_20260927_205509.wav,0,59.40304,18.07242,Leppun,Leptophyes punctatissima,Speckled Bush-cricket,bush-cricket,0.99,,,27/09/2026,27/09/2026,20:55:09,ClassifEspSWE-0002026-05-29_1,JOHANKARLSSON,2026092907465N56J1IK,,Citizen Science (ultrasonic) - shared
59~40304+18~07242_20260927_205517.wav,DEV_002_20260927_205517.wav,0,59.40304,18.07242,Leppun,Leptophyes punctatissima,Speckled Bush-cricket,bush-cricket,0.99,,,27/09/2026,27/09/2026,20:55:17,ClassifEspSWE-0002026-05-29_1,JOHANKARLSSON,2026092907465N56J1IK,,Citizen Science (ultrasonic) - shared
59~40304+18~07242_20260927_205522.wav,DEV_002_20260927_205522.wav,0,59.40304,18.07242,Leppun,Leptophyes punctatissima,Speckled Bush-cricket,bush-cricket,0.99,,,27/09/2026,27/09/2026,20:55:22,ClassifEspSWE-0002026-05-29_1,JOHANKARLSSON,2026092907465N56J1IK,,Citizen Science (ultrasonic) - shared
59~40304+18~07242_20260927_205527.wav,DEV_002_20260927_205527.wav,0,59.40304,18.07242,Leppun,Leptophyes punctatissima,Speckled Bush-cricket,bush-cricket,0.99,,,27/09/2026,27/09/2026,20:55:27,ClassifEspSWE-0002026-05-29_1,JOHANKARLSSON,2026092907465N56J1IK,,Citizen Science (ultrasonic) - shared
59~40304+18~07242_20260927_205534.wav,DEV_002_20260927_205534.wav,0,59.40304,18.07242,Leppun,Leptophyes punctatissima,Speckled Bush-cricket,bush-cricket,0.99,,,27/09/2026,27/09/2026,20:55:34,ClassifEspSWE-0002026-05-29_1,JOHANKARLSSON,2026092907465N56J1IK,,Citizen Science (ultrasonic) - shared
59~40304+18~07242_20260927_205540.wav,DEV_002_20260927_205540.wav,0,59.40304,18.07242,Leppun,Leptophyes punctatissima,Speckled Bush-cricket,bush-cricket,0.99,,,27/09/2026,27/09/2026,20:55:40,ClassifEspSWE-0002026-05-29_1,JOHANKARLSSON,2026092907465N56J1IK,,Citizen Science (ultrasonic) - shared
59~40304+18~07242_20260927_205546.wav,DEV_002_20260927_205546.wav,0,59.40304,18.07242,Leppun,Leptophyes punctatissima,Speckled Bush-cricket,bush-cricket,0.99,,,27/09/2026,27/09/2026,20:55:46,ClassifEspSWE-0002026-05-29_1,JOHANKARLSSON,2026092907465N56J1IK,,Citizen Science (ultrasonic) - shared
59~40304+18~07242_20260927_205552.wav,DEV_002_20260927_205552.wav,0,59.40304,18.07242,Leppun,Leptophyes punctatissima,Speckled Bush-cricket,bush-cricket,0.99,,,27/09/2026,27/09/2026,20:55:52,ClassifEspSWE-0002026-05-29_1,JOHANKARLSSON,2026092907465N56J1IK,,Citizen Science (ultrasonic) - shared
59~40304+18~07242_20260927_205559.wav,DEV_002_20260927_205559.wav,0,59.40304,18.07242,Leppun,Leptophyes punctatissima,Speckled Bush-cricket,bush-cricket,0.99,,,27/09/2026,27/09/2026,20:55:59,ClassifEspSWE-0002026-05-29_1,JOHANKARLSSON,2026092907465N56J1IK,,Citizen Science (ultrasonic) - shared
59~40304+18~07242_20260927_205604.wav,DEV_002_20260927_205604.wav,0,59.40304,18.07242,Leppun,Leptophyes punctatissima,Speckled Bush-cricket,bush-cricket,0.99,,,27/09/2026,27/09/2026,20:56:04,ClassifEspSWE-0002026-05-29_1,JOHANKARLSSON,2026092907465N56J1IK,,Citizen Science (ultrasonic) - shared
59~40304+18~07242_20260927_205611.wav,DEV_002_20260927_205611.wav,0,59.40304,18.07242,Leppun,Leptophyes punctatissima,Speckled Bush-cricket,bush-cricket,0.99,,,27/09/2026,27/09/2026,20:56:11,ClassifEspSWE-0002026-05-29_1,JOHANKARLSSON,2026092907465N56J1IK,,Citizen Science (ultrasonic) - shared
59~40304+18~07242_20260927_205617.wav,DEV_002_20260927_205617.wav,0,59.40304,18.07242,Leppun,Leptophyes punctatissima,Speckled Bush-cricket,bush-cricket,0.99,,,27/09/2026,27/09/2026,20:56:17,ClassifEspSWE-0002026-05-29_1,JOHANKARLSSON,2026092907465N56J1IK,,Citizen Science (ultrasonic) - shared
59~40304+18~07242_20260927_205622.wav,DEV_002_20260927_205622.wav,0,59.40304,18.07242,Leppun,Leptophyes punctatissima,Speckled Bush-cricket,bush-cricket,0.99,,,27/09/2026,27/09/2026,20:56:22,ClassifEspSWE-0002026-05-29_1,JOHANKARLSSON,2026092907465N56J1IK,,Citizen Science (ultrasonic) - shared
59~40304+18~07242_20260927_205627.wav,DEV_002_20260927_205627.wav,0,59.40304,18.07242,Leppun,Leptophyes punctatissima,Speckled Bush-cricket,bush-cricket,0.99,,,27/09/2026,27/09/2026,20:56:27,ClassifEspSWE-0002026-05-29_1,JOHANKARLSSON,2026092907465N56J1IK,,Citizen Science (ultrasonic) - shared
59~40304+18~07242_20260927_205634.wav,DEV_002_20260927_205634.wav,0,59.40304,18.07242,Leppun,Leptophyes punctatissima,Speckled Bush-cricket,bush-cricket,0.99,,,27/09/2026,27/09/2026,20:56:34,ClassifEspSWE-0002026-05-29_1,JOHANKARLSSON,2026092907465N56J1IK,,Citizen Science (ultrasonic) - shared
59~40304+18~07242_20260927_205641.wav,DEV_002_20260927_205641.wav,0,59.40304,18.07242,Leppun,Leptophyes punctatissima,Speckled Bush-cricket,bush-cricket,0.99,,,27/09/2026,27/09/2026,20:56:41,ClassifEspSWE-0002026-05-29_1,JOHANKARLSSON,2026092907465N56J1IK,,Citizen Science (ultrasonic) - shared
59~40304+18~07242_20260927_205649.wav,DEV_002_20260927_205649.wav,0,59.40304,18.07242,Leppun,Leptophyes punctatissima,Speckled Bush-cricket,bush-cricket,0.99,,,27/09/2026,27/09/2026,20:56:49,ClassifEspSWE-0002026-05-29_1,JOHANKARLSSON,2026092907465N56J1IK,,Citizen Science (ultrasonic) - shared
59~40304+18~07242_20260927_205655.wav,DEV_002_20260927_205655.wav,0,59.40304,18.07242,Leppun,Leptophyes punctatissima,Speckled Bush-cricket,bush-cricket,0.99,,,27/09/2026,27/09/2026,20:56:55,ClassifEspSWE-0002026-05-29_1,JOHANKARLSSON,2026092907465N56J1IK,,Citizen Science (ultrasonic) - shared
59~40304+18~07242_20260927_205701.wav,DEV_002_20260927_205701.wav,0,59.40304,18.07242,Leppun,Leptophyes punctatissima,Speckled Bush-cricket,bush-cricket,0.99,,,27/09/2026,27/09/2026,20:57:01,ClassifEspSWE-0002026-05-29_1,JOHANKARLSSON,2026092907465N56J1IK,,Citizen Science (ultrasonic) - shared
59~40304+18~07242_20260927_205707.wav,DEV_002_20260927_205707.wav,0,59.40304,18.07242,Leppun,Leptophyes punctatissima,Speckled Bush-cricket,bush-cricket,0.99,,,27/09/2026,27/09/2026,20:57:07,ClassifEspSWE-0002026-05-29_1,JOHANKARLSSON,2026092907465N56J1IK,,Citizen Science (ultrasonic) - shared
59~40304+18~07242_20260927_205713.wav,DEV_002_20260927_205713.wav,0,59.40304,18.07242,Leppun,Leptophyes punctatissima,Speckled Bush-cricket,bush-cricket,0.99,,,27/09/2026,27/09/2026,20:57:13,ClassifEspSWE-0002026-05-29_1,JOHANKARLSSON,2026092907465N56J1IK,,Citizen Science (ultrasonic) - shared
59~40304+18~07242_20260927_205720.wav,DEV_002_20260927_205720.wav,0,59.40304,18.07242,Leppun,Leptophyes punctatissima,Speckled Bush-cricket,bush-cricket,0.99,,,27/09/2026,27/09/2026,20:57:20,ClassifEspSWE-0002026-05-29_1,JOHANKARLSSON,2026092907465N56J1IK,,Citizen Science (ultrasonic) - shared
59~40304+18~07242_20260927_205725.wav,DEV_002_20260927_205725.wav,0,59.40304,18.07242,Leppun,Leptophyes punctatissima,Speckled Bush-cricket,bush-cricket,0.99,,,27/09/2026,27/09/2026,20:57:25,ClassifEspSWE-0002026-05-29_1,JOHANKARLSSON,2026092907465N56J1IK,,Citizen Science (ultrasonic) - shared
59~40304+18~07242_20260927_205732.wav,DEV_002_20260927_205732.wav,0,59.40304,18.07242,Leppun,Leptophyes punctatissima,Speckled Bush-cricket,bush-cricket,0.99,,,27/09/2026,27/09/2026,20:57:32,ClassifEspSWE-0002026-05-29_1,JOHANKARLSSON,2026092907465N56J1IK,,Citizen Science (ultrasonic) - shared
59~40304+18~07242_20260927_205740.wav,DEV_002_20260927_205740.wav,0,59.40304,18.07242,Leppun,Leptophyes punctatissima,Speckled Bush-cricket,bush-cricket,0.99,,,27/09/2026,27/09/2026,20:57:40,ClassifEspSWE-0002026-05-29_1,JOHANKARLSSON,2026092907465N56J1IK,,Citizen Science (ultrasonic) - shared
59~40304+18~07242_20260927_205747.wav,DEV_002_20260927_205747.wav,0,59.40304,18.07242,Leppun,Leptophyes punctatissima,Speckled Bush-cricket,bush-cricket,0.99,,,27/09/2026,27/09/2026,20:57:47,ClassifEspSWE-0002026-05-29_1,JOHANKARLSSON,2026092907465N56J1IK,,Citizen Science (ultrasonic) - shared
59~40304+18~07242_20260927_205754.wav,DEV_002_20260927_205754.wav,0,59.40304,18.07242,Leppun,Leptophyes punctatissima,Speckled Bush-cricket,bush-cricket,0.99,,,27/09/2026,27/09/2026,20:57:54,ClassifEspSWE-0002026-05-29_1,JOHANKARLSSON,2026092907465N56J1IK,,Citizen Science (ultrasonic) - shared
59~40304+18~07242_20260927_205801.wav,DEV_002_20260927_205801.wav,0,59.40304,18.07242,Leppun,Leptophyes punctatissima,Speckled Bush-cricket,bush-cricket,0.99,,,27/09/2026,27/09/2026,20:58:01,ClassifEspSWE-0002026-05-29_1,JOHANKARLSSON,2026092907465N56J1IK,,Citizen Science (ultrasonic) - shared
59~40304+18~07242_20260927_205807.wav,DEV_002_20260927_205807.wav,0,59.40304,18.07242,Leppun,Leptophyes punctatissima,Speckled Bush-cricket,bush-cricket,0.99,,,27/09/2026,27/09/2026,20:58:07,ClassifEspSWE-0002026-05-29_1,JOHANKARLSSON,2026092907465N56J1IK,,Citizen Science (ultrasonic) - shared
59~40304+18~07242_20260927_205814.wav,DEV_002_20260927_205814.wav,0,59.40304,18.07242,Leppun,Leptophyes punctatissima,Speckled Bush-cricket,bush-cricket,0.99,,,27/09/2026,27/09/2026,20:58:14,ClassifEspSWE-0002026-05-29_1,JOHANKARLSSON,2026092907465N56J1IK,,Citizen Science (ultrasonic) - shared
59~40304+18~07242_20260927_205820.wav,DEV_002_20260927_205820.wav,0,59.40304,18.07242,Leppun,Leptophyes punctatissima,Speckled Bush-cricket,bush-cricket,0.99,,,27/09/2026,27/09/2026,20:58:20,ClassifEspSWE-0002026-05-29_1,JOHANKARLSSON,2026092907465N56J1IK,,Citizen Science (ultrasonic) - shared
59~40304+18~07242_20260927_205826.wav,DEV_002_20260927_205826.wav,0,59.40304,18.07242,Leppun,Leptophyes punctatissima,Speckled Bush-cricket,bush-cricket,0.99,,,27/09/2026,27/09/2026,20:58:26,ClassifEspSWE-0002026-05-29_1,JOHANKARLSSON,2026092907465N56J1IK,,Citizen Science (ultrasonic) - shared
59~40304+18~07242_20260927_205834.wav,DEV_002_20260927_205834.wav,0,59.40304,18.07242,Leppun,Leptophyes punctatissima,Speckled Bush-cricket,bush-cricket,0.99,,,27/09/2026,27/09/2026,20:58:34,ClassifEspSWE-0002026-05-29_1,JOHANKARLSSON,2026092907465N56J1IK,,Citizen Science (ultrasonic) - shared
59~40304+18~07242_20260927_205840.wav,DEV_002_20260927_205840.wav,0,59.40304,18.07242,Leppun,Leptophyes punctatissima,Speckled Bush-cricket,bush-cricket,0.99,,,27/09/2026,27/09/2026,20:58:40,ClassifEspSWE-0002026-05-29_1,JOHANKARLSSON,2026092907465N56J1IK,,Citizen Science (ultrasonic) - shared
59~40304+18~07242_20260927_205847.wav,DEV_002_20260927_205847.wav,0,59.40304,18.07242,Leppun,Leptophyes punctatissima,Speckled Bush-cricket,bush-cricket,0.99,,,27/09/2026,27/09/2026,20:58:47,ClassifEspSWE-0002026-05-29_1,JOHANKARLSSON,2026092907465N56J1IK,,Citizen Science (ultrasonic) - shared
59~40304+18~07242_20260927_205854.wav,DEV_002_20260927_205854.wav,0,59.40304,18.07242,Leppun,Leptophyes punctatissima,Speckled Bush-cricket,bush-cricket,0.99,,,27/09/2026,27/09/2026,20:58:54,ClassifEspSWE-0002026-05-29_1,JOHANKARLSSON,2026092907465N56J1IK,,Citizen Science (ultrasonic) - shared
59~40304+18~07242_20260927_205859.wav,DEV_002_20260927_205859.wav,0,59.40304,18.07242,Leppun,Leptophyes punctatissima,Speckled Bush-cricket,bush-cricket,0.99,,,27/09/2026,27/09/2026,20:58:59,ClassifEspSWE-0002026-05-29_1,JOHANKARLSSON,2026092907465N56J1IK,,Citizen Science (ultrasonic) - shared
59~40304+18~07242_20260927_205907.wav,DEV_002_20260927_205907.wav,0,59.40304,18.07242,Leppun,Leptophyes punctatissima,Speckled Bush-cricket,bush-cricket,0.99,,,27/09/2026,27/09/2026,20:59:07,ClassifEspSWE-0002026-05-29_1,JOHANKARLSSON,2026092907465N56J1IK,,Citizen Science (ultrasonic) - shared
59~40304+18~07242_20260927_205914.wav,DEV_002_20260927_205914.wav,0,59.40304,18.07242,Leppun,Leptophyes punctatissima,Speckled Bush-cricket,bush-cricket,0.99,,,27/09/2026,27/09/2026,20:59:14,ClassifEspSWE-0002026-05-29_1,JOHANKARLSSON,2026092907465N56J1IK,,Citizen Science (ultrasonic) - shared
59~40304+18~07242_20260927_205922.wav,DEV_002_20260927_205922.wav,0,59.40304,18.07242,Leppun,Leptophyes punctatissima,Speckled Bush-cricket,bush-cricket,0.99,,,27/09/2026,27/09/2026,20:59:22,ClassifEspSWE-0002026-05-29_1,JOHANKARLSSON,2026092907465N56J1IK,,Citizen Science (ultrasonic) - shared
59~40304+18~07242_20260927_205928.wav,DEV_002_20260927_205928.wav,0,59.40304,18.07242,Leppun,Leptophyes punctatissima,Speckled Bush-cricket,bush-cricket,0.99,,,27/09/2026,27/09/2026,20:59:28,ClassifEspSWE-0002026-05-29_1,JOHANKARLSSON,2026092907465N56J1IK,,Citizen Science (ultrasonic) - shared
59~40304+18~07242_20260927_205935.wav,DEV_002_20260927_205935.wav,0,59.40304,18.07242,Leppun,Leptophyes punctatissima,Speckled Bush-cricket,bush-cricket,0.99,,,27/09/2026,27/09/2026,20:59:35,ClassifEspSWE-0002026-05-29_1,JOHANKARLSSON,2026092907465N56J1IK,,Citizen Science (ultrasonic) - shared
59~40304+18~07242_20260927_205943.wav,DEV_002_20260927_205943.wav,0,59.40304,18.07242,Leppun,Leptophyes punctatissima,Speckled Bush-cricket,bush-cricket,0.99,,,27/09/2026,27/09/2026,20:59:43,ClassifEspSWE-0002026-05-29_1,JOHANKARLSSON,2026092907465N56J1IK,,Citizen Science (ultrasonic) - shared
59~40304+18~07242_20260927_205950.wav,DEV_002_20260927_205950.wav,0,59.40304,18.07242,Leppun,Leptophyes punctatissima,Speckled Bush-cricket,bush-cricket,0.99,,,27/09/2026,27/09/2026,20:59:50,ClassifEspSWE-0002026-05-29_1,JOHANKARLSSON,2026092907465N56J1IK,,Citizen Science (ultrasonic) - shared
59~40304+18~07242_20260927_205958.wav,DEV_002_20260927_205958.wav,0,59.40304,18.07242,Leppun,Leptophyes punctatissima,Speckled Bush-cricket,bush-cricket,0.99,,,27/09/2026,27/09/2026,20:59:58,ClassifEspSWE-0002026-05-29_1,JOHANKARLSSON,2026092907465N56J1IK,,Citizen Science (ultrasonic) - shared
59~40304+18~07242_20260927_200002.wav,DEV_002_20260927_200002.wav,0,59.40304,18.07242,Phogri,Pholidoptera griseoaptera,Dark Bush-cricket,bush-cricket,0.87,,,27/09/2026,27/09/2026,20:00:02,ClassifEspSWE-0002026-05-29_1,JOHANKARLSSON,2026092907465N56J1IK,,Citizen Science (ultrasonic) - shared
59~40304+18~07242_20260927_200008.wav,DEV_002_20260927_200008.wav,0,59.40304,18.07242,Phogri,Pholidoptera griseoaptera,Dark Bush-cricket,bush-cricket,0.98,,,27/09/2026,27/09/2026,20:00:08,ClassifEspSWE-0002026-05-29_1,JOHANKARLSSON,2026092907465N56J1IK,,Citizen Science (ultrasonic) - shared
59~40304+18~07242_20260927_200013.wav,DEV_002_20260927_200013.wav,0,59.40304,18.07242,Phogri,Pholidoptera griseoaptera,Dark Bush-cricket,bush-cricket,0.94,,,27/09/2026,27/09/2026,20:00:13,ClassifEspSWE-0002026-05-29_1,JOHANKARLSSON,2026092907465N56J1IK,,Citizen Science (ultrasonic) - shared
59~40304+18~07242_20260927_200018.wav,DEV_002_20260927_200018.wav,0,59.40304,18.07242,Phogri,Pholidoptera griseoaptera,Dark Bush-cricket,bush-cricket,0.98,,,27/09/2026,27/09/2026,20:00:18,ClassifEspSWE-0002026-05-29_1,JOHANKARLSSON,2026092907465N56J1IK,,Citizen Science (ultrasonic) - shared
59~40304+18~07242_20260927_200024.wav,DEV_002_20260927_200024.wav,0,59.40304,18.07242,Phogri,Pholidoptera griseoaptera,Dark Bush-cricket,bush-cricket,0.89,,,27/09/2026,27/09/2026,20:00:24,ClassifEspSWE-0002026-05-29_1,JOHANKARLSSON,2026092907465N56J1IK,,Citizen Science (ultrasonic) - shared
59~40304+18~07242_20260927_200029.wav,DEV_002_20260927_200029.wav,0,59.40304,18.07242,Phogri,Pholidoptera griseoaptera,Dark Bush-cricket,bush-cricket,0.87,,,27/09/2026,27/09/2026,20:00:29,ClassifEspSWE-0002026-05-29_1,JOHANKARLSSON,2026092907465N56J1IK,,Citizen Science (ultrasonic) - shared
59~40304+18~07242_20260927_200035.wav,DEV_002_20260927_200035.wav,0,59.40304,18.07242,Phogri,Pholidoptera griseoaptera,Dark Bush-cricket,bush-cricket,0.93,,,27/09/2026,27/09/2026,20:00:35,ClassifEspSWE-0002026-05-29_1,JOHANKARLSSON,2026092907465N56J1IK,,Citizen Science (ultrasonic) - shared
59~40304+18~07242_20260927_200040.wav,DEV_002_20260927_200040.wav,0,59.40304,18.07242,Phogri,Pholidoptera griseoaptera,Dark Bush-cricket,bush-cricket,0.99,,,27/09/2026,27/09/2026,20:00:40,ClassifEspSWE-0002026-05-29_1,JOHANKARLSSON,2026092907465N56J1IK,,Citizen Science (ultrasonic) - shared
59~40304+18~07242_20260927_200046.wav,DEV_002_20260927_200046.wav,0,59.40304,18.07242,Phogri,Pholidoptera griseoaptera,Dark Bush-cricket,bush-cricket,0.99,,,27/09/2026,27/09/2026,20:00:46,ClassifEspSWE-0002026-05-29_1,JOHANKARLSSON,2026092907465N56J1IK,,Citizen Science (ultrasonic) - shared
59~40304+18~07242_20260927_200051.wav,DEV_002_20260927_200051.wav,0,59.40304,18.07242,Phogri,Pholidoptera griseoaptera,Dark Bush-cricket,bush-cricket,0.99,,,27/09/2026,27/09/2026,20:00:51,ClassifEspSWE-0002026-05-29_1,JOHANKARLSSON,2026092907465N56J1IK,,Citizen Science (ultrasonic) - shared
59~40304+18~07242_20260927_200058.wav,DEV_002_20260927_200058.wav,0,59.40304,18.07242,Phogri,Pholidoptera griseoaptera,Dark Bush-cricket,bush-cricket,0.99,,,27/09/2026,27/09/2026,20:00:58,ClassifEspSWE-0002026-05-29_1,JOHANKARLSSON,2026092907465N56J1IK,,Citizen Science (ultrasonic) - shared
59~40304+18~07242_20260927_200103.wav,DEV_002_20260927_200103.wav,0,59.40304,18.07242,Phogri,Pholidoptera griseoaptera,Dark Bush-cricket,bush-cricket,0.96,,,27/09/2026,27/09/2026,20:01:03,ClassifEspSWE-0002026-05-29_1,JOHANKARLSSON,2026092907465N56J1IK,,Citizen Science (ultrasonic) - shared
59~40304+18~07242_20260927_200110.wav,DEV_002_20260927_200110.wav,0,59.40304,18.07242,Phogri,Pholidoptera griseoaptera,Dark Bush-cricket,bush-cricket,0.97,,,27/09/2026,27/09/2026,20:01:10,ClassifEspSWE-0002026-05-29_1,JOHANKARLSSON,2026092907465N56J1IK,,Citizen Science (ultrasonic) - shared
59~40304+18~07242_20260927_200115.wav,DEV_002_20260927_200115.wav,0,59.40304,18.07242,Phogri,Pholidoptera griseoaptera,Dark Bush-cricket,bush-cricket,0.99,,,27/09/2026,27/09/2026,20:01:15,ClassifEspSWE-0002026-05-29_1,JOHANKARLSSON,2026092907465N56J1IK,,Citizen Science (ultrasonic) - shared
59~40304+18~07242_20260927_200121.wav,DEV_002_20260927_200121.wav,0,59.40304,18.07242,Phogri,Pholidoptera griseoaptera,Dark Bush-cricket,bush-cricket,0.75,,,27/09/2026,27/09/2026,20:01:21,ClassifEspSWE-0002026-05-29_1,JOHANKARLSSON,2026092907465N56J1IK,,Citizen Science (ultrasonic) - shared
59~40304+18~07242_20260927_200127.wav,DEV_002_20260927_200127.wav,0,59.40304,18.07242,Phogri,Pholidoptera griseoaptera,Dark Bush-cricket,bush-cricket,0.99,,,27/09/2026,27/09/2026,20:01:27,ClassifEspSWE-0002026-05-29_1,JOHANKARLSSON,2026092907465N56J1IK,,Citizen Science (ultrasonic) - shared
59~40304+18~07242_20260927_200132.wav,DEV_002_20260927_200132.wav,0,59.40304,18.07242,Phogri,Pholidoptera griseoaptera,Dark Bush-cricket,bush-cricket,0.98,,,27/09/2026,27/09/2026,20:01:32,ClassifEspSWE-0002026-05-29_1,JOHANKARLSSON,2026092907465N56J1IK,,Citizen Science (ultrasonic) - shared
59~40304+18~07242_20260927_200139.wav,DEV_002_20260927_200139.wav,0,59.40304,18.07242,Phogri,Pholidoptera griseoaptera,Dark Bush-cricket,bush-cricket,0.98,,,27/09/2026,27/09/2026,20:01:39,ClassifEspSWE-0002026-05-29_1,JOHANKARLSSON,2026092907465N56J1IK,,Citizen Science (ultrasonic) - shared
59~40304+18~07242_20260927_200144.wav,DEV_002_20260927_200144.wav,0,59.40304,18.07242,Phogri,Pholidoptera griseoaptera,Dark Bush-cricket,bush-cricket,0.99,,,27/09/2026,27/09/2026,20:01:44,ClassifEspSWE-0002026-05-29_1,JOHANKARLSSON,2026092907465N56J1IK,,Citizen Science (ultrasonic) - shared
59~40304+18~07242_20260927_200150.wav,DEV_002_20260927_200150.wav,0,59.40304,18.07242,Phogri,Pholidoptera griseoaptera,Dark Bush-cricket,bush-cricket,0.96,,,27/09/2026,27/09/2026,20:01:50,ClassifEspSWE-0002026-05-29_1,JOHANKARLSSON,2026092907465N56J1IK,,Citizen Science (ultrasonic) - shared
59~40304+18~07242_20260927_200156.wav,DEV_002_20260927_200156.wav,0,59.40304,18.07242,Phogri,Pholidoptera griseoaptera,Dark Bush-cricket,bush-cricket,0.93,,,27/09/2026,27/09/2026,20:01:56,ClassifEspSWE-0002026-05-29_1,JOHANKARLSSON,2026092907465N56J1IK,,Citizen Science (ultrasonic) - shared
59~40304+18~07242_20260927_200201.wav,DEV_002_20260927_200201.wav,0,59.40304,18.07242,Phogri,Pholidoptera griseoaptera,Dark Bush-cricket,bush-cricket,0.99,,,27/09/2026,27/09/2026,20:02:01,ClassifEspSWE-0002026-05-29_1,JOHANKARLSSON,2026092907465N56J1IK,,Citizen Science (ultrasonic) - shared
59~40304+18~07242_20260927_200206.wav,DEV_002_20260927_200206.wav,0,59.40304,18.07242,Phogri,Pholidoptera griseoaptera,Dark Bush-cricket,bush-cricket,0.51,,,27/09/2026,27/09/2026,20:02:06,ClassifEspSWE-0002026-05-29_1,JOHANKARLSSON,2026092907465N56J1IK,,Citizen Science (ultrasonic) - shared
59~40304+18~07242_20260927_200211.wav,DEV_002_20260927_200211.wav,0,59.40304,18.07242,Phogri,Pholidoptera griseoaptera,Dark Bush-cricket,bush-cricket,0.99,,,27/09/2026,27/09/2026,20:02:11,ClassifEspSWE-0002026-05-29_1,JOHANKARLSSON,2026092907465N56J1IK,,Citizen Science (ultrasonic) - shared
59~40304+18~07242_20260927_200218.wav,DEV_002_20260927_200218.wav,0,59.40304,18.07242,Phogri,Pholidoptera griseoaptera,Dark Bush-cricket,bush-cricket,0.96,,,27/09/2026,27/09/2026,20:02:18,ClassifEspSWE-0002026-05-29_1,JOHANKARLSSON,2026092907465N56J1IK,,Citizen Science (ultrasonic) - shared
59~40304+18~07242_20260927_200223.wav,DEV_002_20260927_200223.wav,0,59.40304,18.07242,Phogri,Pholidoptera griseoaptera,Dark Bush-cricket,bush-cricket,0.97,,,27/09/2026,27/09/2026,20:02:23,ClassifEspSWE-0002026-05-29_1,JOHANKARLSSON,2026092907465N56J1IK,,Citizen Science (ultrasonic) - shared
59~40304+18~07242_20260927_200229.wav,DEV_002_20260927_200229.wav,0,59.40304,18.07242,Phogri,Pholidoptera griseoaptera,Dark Bush-cricket,bush-cricket,0.94,,,27/09/2026,27/09/2026,20:02:29,ClassifEspSWE-0002026-05-29_1,JOHANKARLSSON,2026092907465N56J1IK,,Citizen Science (ultrasonic) - shared
59~40304+18~07242_20260927_200236.wav,DEV_002_20260927_200236.wav,0,59.40304,18.07242,Phogri,Pholidoptera griseoaptera,Dark Bush-cricket,bush-cricket,0.96,,,27/09/2026,27/09/2026,20:02:36,ClassifEspSWE-0002026-05-29_1,JOHANKARLSSON,2026092907465N56J1IK,,Citizen Science (ultrasonic) - shared
59~40304+18~07242_20260927_200242.wav,DEV_002_20260927_200242.wav,0,59.40304,18.07242,Phogri,Pholidoptera griseoaptera,Dark Bush-cricket,bush-cricket,0.94,,,27/09/2026,27/09/2026,20:02:42,ClassifEspSWE-0002026-05-29_1,JOHANKARLSSON,2026092907465N56J1IK,,Citizen Science (ultrasonic) - shared
59~40304+18~07242_20260927_200248.wav,DEV_002_20260927_200248.wav,0,59.40304,18.07242,Phogri,Pholidoptera griseoaptera,Dark Bush-cricket,bush-cricket,0.98,,,27/09/2026,27/09/2026,20:02:48,ClassifEspSWE-0002026-05-29_1,JOHANKARLSSON,2026092907465N56J1IK,,Citizen Science (ultrasonic) - shared
59~40304+18~07242_20260927_200254.wav,DEV_002_20260927_200254.wav,0,59.40304,18.07242,Phogri,Pholidoptera griseoaptera,Dark Bush-cricket,bush-cricket,0.97,,,27/09/2026,27/09/2026,20:02:54,ClassifEspSWE-0002026-05-29_1,JOHANKARLSSON,2026092907465N56J1IK,,Citizen Science (ultrasonic) - shared
59~40304+18~07242_20260927_200300.wav,DEV_002_20260927_200300.wav,0,59.40304,18.07242,Phogri,Pholidoptera griseoaptera,Dark Bush-cricket,bush-cricket,0.99,,,27/09/2026,27/09/2026,20:03:00,ClassifEspSWE-0002026-05-29_1,JOHANKARLSSON,2026092907465N56J1IK,,Citizen Science (ultrasonic) - shared
59~40304+18~07242_20260927_200305.wav,DEV_002_20260927_200305.wav,0,59.40304,18.07242,Phogri,Pholidoptera griseoaptera,Dark Bush-cricket,bush-cricket,0.99,,,27/09/2026,27/09/2026,20:03:05,ClassifEspSWE-0002026-05-29_1,JOHANKARLSSON,2026092907465N56J1IK,,Citizen Science (ultrasonic) - shared
59~40304+18~07242_20260927_200311.wav,DEV_002_20260927_200311.wav,0,59.40304,18.07242,Phogri,Pholidoptera griseoaptera,Dark Bush-cricket,bush-cricket,0.97,,,27/09/2026,27/09/2026,20:03:11,ClassifEspSWE-0002026-05-29_1,JOHANKARLSSON,2026092907465N56J1IK,,Citizen Science (ultrasonic) - shared
59~40304+18~07242_20260927_200316.wav,DEV_002_20260927_200316.wav,0,59.40304,18.07242,Phogri,Pholidoptera griseoaptera,Dark Bush-cricket,bush-cricket,0.99,,,27/09/2026,27/09/2026,20:03:16,ClassifEspSWE-0002026-05-29_1,JOHANKARLSSON,2026092907465N56J1IK,,Citizen Science (ultrasonic) - shared
59~40304+18~07242_20260927_200322.wav,DEV_002_20260927_200322.wav,0,59.40304,18.07242,Phogri,Pholidoptera griseoaptera,Dark Bush-cricket,bush-cricket,0.99,,,27/09/2026,27/09/2026,20:03:22,ClassifEspSWE-0002026-05-29_1,JOHANKARLSSON,2026092907465N56J1IK,,Citizen Science (ultrasonic) - shared
59~40304+18~07242_20260927_200328.wav,DEV_002_20260927_200328.wav,0,59.40304,18.07242,Phogri,Pholidoptera griseoaptera,Dark Bush-cricket,bush-cricket,0.99,,,27/09/2026,27/09/2026,20:03:28,ClassifEspSWE-0002026-05-29_1,JOHANKARLSSON,2026092907465N56J1IK,,Citizen Science (ultrasonic) - shared
59~40304+18~07242_20260927_200334.wav,DEV_002_20260927_200334.wav,0,59.40304,18.07242,Phogri,Pholidoptera griseoaptera,Dark Bush-cricket,bush-cricket,0.99,,,27/09/2026,27/09/2026,20:03:34,ClassifEspSWE-0002026-05-29_1,JOHANKARLSSON,2026092907465N56J1IK,,Citizen Science (ultrasonic) - shared
59~40304+18~07242_20260927_200340.wav,DEV_002_20260927_200340.wav,0,59.40304,18.07242,Phogri,Pholidoptera griseoaptera,Dark Bush-cricket,bush-cricket,0.95,,,27/09/2026,27/09/2026,20:03:40,ClassifEspSWE-0002026-05-29_1,JOHANKARLSSON,2026092907465N56J1IK,,Citizen Science (ultrasonic) - shared
59~40304+18~07242_20260927_200346.wav,DEV_002_20260927_200346.wav,0,59.40304,18.07242,Phogri,Pholidoptera griseoaptera,Dark Bush-cricket,bush-cricket,0.91,,,27/09/2026,27/09/2026,20:03:46,ClassifEspSWE-0002026-05-29_1,JOHANKARLSSON,2026092907465N56J1IK,,Citizen Science (ultrasonic) - shared
59~40304+18~07242_20260927_200352.wav,DEV_002_20260927_200352.wav,0,59.40304,18.07242,Phogri,Pholidoptera griseoaptera,Dark Bush-cricket,bush-cricket,0.91,,,27/09/2026,27/09/2026,20:03:52,ClassifEspSWE-0002026-05-29_1,JOHANKARLSSON,2026092907465N56J1IK,,Citizen Science (ultrasonic) - shared
59~40304+18~07242_20260927_200357.wav,DEV_002_20260927_200357.wav,0,59.40304,18.07242,Phogri,Pholidoptera griseoaptera,Dark Bush-cricket,bush-cricket,0.99,,,27/09/2026,27/09/2026,20:03:57,ClassifEspSWE-0002026-05-29_1,JOHANKARLSSON,2026092907465N56J1IK,,Citizen Science (ultrasonic) - shared
59~40304+18~07242_20260927_200402.wav,DEV_002_20260927_200402.wav,0,59.40304,18.07242,Phogri,Pholidoptera griseoaptera,Dark Bush-cricket,bush-cricket,0.98,,,27/09/2026,27/09/2026,20:04:02,ClassifEspSWE-0002026-05-29_1,JOHANKARLSSON,2026092907465N56J1IK,,Citizen Science (ultrasonic) - shared
59~40304+18~07242_20260927_200408.wav,DEV_002_20260927_200408.wav,0,59.40304,18.07242,Phogri,Pholidoptera griseoaptera,Dark Bush-cricket,bush-cricket,0.97,,,27/09/2026,27/09/2026,20:04:08,ClassifEspSWE-0002026-05-29_1,JOHANKARLSSON,2026092907465N56J1IK,,Citizen Science (ultrasonic) - shared
59~40304+18~07242_20260927_200413.wav,DEV_002_20260927_200413.wav,0,59.40304,18.07242,Phogri,Pholidoptera griseoaptera,Dark Bush-cricket,bush-cricket,0.88,,,27/09/2026,27/09/2026,20:04:13,ClassifEspSWE-0002026-05-29_1,JOHANKARLSSON,2026092907465N56J1IK,,Citizen Science (ultrasonic) - shared
59~40304+18~07242_20260927_200420.wav,DEV_002_20260927_200420.wav,0,59.40304,18.07242,Phogri,Pholidoptera griseoaptera,Dark Bush-cricket,bush-cricket,0.98,,,27/09/2026,27/09/2026,20:04:20,ClassifEspSWE-0002026-05-29_1,JOHANKARLSSON,2026092907465N56J1IK,,Citizen Science (ultrasonic) - shared
59~40304+18~07242_20260927_200425.wav,DEV_002_20260927_200425.wav,0,59.40304,18.07242,Phogri,Pholidoptera griseoaptera,Dark Bush-cricket,bush-cricket,0.96,,,27/09/2026,27/09/2026,20:04:25,ClassifEspSWE-0002026-05-29_1,JOHANKARLSSON,2026092907465N56J1IK,,Citizen Science (ultrasonic) - shared
59~40304+18~07242_20260927_200430.wav,DEV_002_20260927_200430.wav,0,59.40304,18.07242,Phogri,Pholidoptera griseoaptera,Dark Bush-cricket,bush-cricket,0.89,,,27/09/2026,27/09/2026,20:04:30,ClassifEspSWE-0002026-05-29_1,JOHANKARLSSON,2026092907465N56J1IK,,Citizen Science (ultrasonic) - shared
59~40304+18~07242_20260927_200436.wav,DEV_002_20260927_200436.wav,0,59.40304,18.07242,Phogri,Pholidoptera griseoaptera,Dark Bush-cricket,bush-cricket,0.99,,,27/09/2026,27/09/2026,20:04:36,ClassifEspSWE-0002026-05-29_1,JOHANKARLSSON,2026092907465N56J1IK,,Citizen Science (ultrasonic) - shared
59~40304+18~07242_20260927_200441.wav,DEV_002_20260927_200441.wav,0,59.40304,18.07242,Phogri,Pholidoptera griseoaptera,Dark Bush-cricket,bush-cricket,0.99,,,27/09/2026,27/09/2026,20:04:41,ClassifEspSWE-0002026-05-29_1,JOHANKARLSSON,2026092907465N56J1IK,,Citizen Science (ultrasonic) - shared
59~40304+18~07242_20260927_200446.wav,DEV_002_20260927_200446.wav,0,59.40304,18.07242,Phogri,Pholidoptera griseoaptera,Dark Bush-cricket,bush-cricket,0.66,,,27/09/2026,27/09/2026,20:04:46,ClassifEspSWE-0002026-05-29_1,JOHANKARLSSON,2026092907465N56J1IK,,Citizen Science (ultrasonic) - shared
59~40304+18~07242_20260927_200451.wav,DEV_002_20260927_200451.wav,0,59.40304,18.07242,Phogri,Pholidoptera griseoaptera,Dark Bush-cricket,bush-cricket,0.99,,,27/09/2026,27/09/2026,20:04:51,ClassifEspSWE-0002026-05-29_1,JOHANKARLSSON,2026092907465N56J1IK,,Citizen Science (ultrasonic) - shared
59~40304+18~07242_20260927_200457.wav,DEV_002_20260927_200457.wav,0,59.40304,18.07242,Phogri,Pholidoptera griseoaptera,Dark Bush-cricket,bush-cricket,0.98,,,27/09/2026,27/09/2026,20:04:57,ClassifEspSWE-0002026-05-29_1,JOHANKARLSSON,2026092907465N56J1IK,,Citizen Science (ultrasonic) - shared
59~40304+18~07242_20260927_200502.wav,DEV_002_20260927_200502.wav,0,59.40304,18.07242,Phogri,Pholidoptera griseoaptera,Dark Bush-cricket,bush-cricket,0.98,,,27/09/2026,27/09/2026,20:05:02,ClassifEspSWE-0002026-05-29_1,JOHANKARLSSON,2026092907465N56J1IK,,Citizen Science (ultrasonic) - shared
59~40304+18~07242_20260927_200508.wav,DEV_002_20260927_200508.wav,0,59.40304,18.07242,Phogri,Pholidoptera griseoaptera,Dark Bush-cricket,bush-cricket,0.97,,,27/09/2026,27/09/2026,20:05:08,ClassifEspSWE-0002026-05-29_1,JOHANKARLSSON,2026092907465N56J1IK,,Citizen Science (ultrasonic) - shared
59~40304+18~07242_20260927_200514.wav,DEV_002_20260927_200514.wav,0,59.40304,18.07242,Phogri,Pholidoptera griseoaptera,Dark Bush-cricket,bush-cricket,0.97,,,27/09/2026,27/09/2026,20:05:14,ClassifEspSWE-0002026-05-29_1,JOHANKARLSSON,2026092907465N56J1IK,,Citizen Science (ultrasonic) - shared
59~40304+18~07242_20260927_200519.wav,DEV_002_20260927_200519.wav,0,59.40304,18.07242,Phogri,Pholidoptera griseoaptera,Dark Bush-cricket,bush-cricket,0.99,,,27/09/2026,27/09/2026,20:05:19,ClassifEspSWE-0002026-05-29_1,JOHANKARLSSON,2026092907465N56J1IK,,Citizen Science (ultrasonic) - shared
59~40304+18~07242_20260927_200526.wav,DEV_002_20260927_200526.wav,0,59.40304,18.07242,Phogri,Pholidoptera griseoaptera,Dark Bush-cricket,bush-cricket,0.9,,,27/09/2026,27/09/2026,20:05:26,ClassifEspSWE-0002026-05-29_1,JOHANKARLSSON,2026092907465N56J1IK,,Citizen Science (ultrasonic) - shared
59~40304+18~07242_20260927_200531.wav,DEV_002_20260927_200531.wav,0,59.40304,18.07242,Phogri,Pholidoptera griseoaptera,Dark Bush-cricket,bush-cricket,0.99,,,27/09/2026,27/09/2026,20:05:31,ClassifEspSWE-0002026-05-29_1,JOHANKARLSSON,2026092907465N56J1IK,,Citizen Science (ultrasonic) - shared
59~40304+18~07242_20260927_200537.wav,DEV_002_20260927_200537.wav,0,59.40304,18.07242,Phogri,Pholidoptera griseoaptera,Dark Bush-cricket,bush-cricket,0.94,,,27/09/2026,27/09/2026,20:05:37,ClassifEspSWE-0002026-05-29_1,JOHANKARLSSON,2026092907465N56J1IK,,Citizen Science (ultrasonic) - shared
59~40304+18~07242_20260927_200542.wav,DEV_002_20260927_200542.wav,0,59.40304,18.07242,Phogri,Pholidoptera griseoaptera,Dark Bush-cricket,bush-cricket,0.84,,,27/09/2026,27/09/2026,20:05:42,ClassifEspSWE-0002026-05-29_1,JOHANKARLSSON,2026092907465N56J1IK,,Citizen Science (ultrasonic) - shared
59~40304+18~07242_20260927_200547.wav,DEV_002_20260927_200547.wav,0,59.40304,18.07242,Phogri,Pholidoptera griseoaptera,Dark Bush-cricket,bush-cricket,0.9,,,27/09/2026,27/09/2026,20:05:47,ClassifEspSWE-0002026-05-29_1,JOHANKARLSSON,2026092907465N56J1IK,,Citizen Science (ultrasonic) - shared
59~40304+18~07242_20260927_200553.wav,DEV_002_20260927_200553.wav,0,59.40304,18.07242,Phogri,Pholidoptera griseoaptera,Dark Bush-cricket,bush-cricket,0.99,,,27/09/2026,27/09/2026,20:05:53,ClassifEspSWE-0002026-05-29_1,JOHANKARLSSON,2026092907465N56J1IK,,Citizen Science (ultrasonic) - shared
59~40304+18~07242_20260927_200559.wav,DEV_002_20260927_200559.wav,0,59.40304,18.07242,Phogri,Pholidoptera griseoaptera,Dark Bush-cricket,bush-cricket,0.98,,,27/09/2026,27/09/2026,20:05:59,ClassifEspSWE-0002026-05-29_1,JOHANKARLSSON,2026092907465N56J1IK,,Citizen Science (ultrasonic) - shared
59~40304+18~07242_20260927_200605.wav,DEV_002_20260927_200605.wav,0,59.40304,18.07242,Phogri,Pholidoptera griseoaptera,Dark Bush-cricket,bush-cricket,0.99,,,27/09/2026,27/09/2026,20:06:05,ClassifEspSWE-0002026-05-29_1,JOHANKARLSSON,2026092907465N56J1IK,,Citizen Science (ultrasonic) - shared
59~40304+18~07242_20260927_200611.wav,DEV_002_20260927_200611.wav,0,59.40304,18.07242,Phogri,Pholidoptera griseoaptera,Dark Bush-cricket,bush-cricket,0.98,,,27/09/2026,27/09/2026,20:06:11,ClassifEspSWE-0002026-05-29_1,JOHANKARLSSON,2026092907465N56J1IK,,Citizen Science (ultrasonic) - shared
59~40304+18~07242_20260927_200617.wav,DEV_002_20260927_200617.wav,0,59.40304,18.07242,Phogri,Pholidoptera griseoaptera,Dark Bush-cricket,bush-cricket,0.96,,,27/09/2026,27/09/2026,20:06:17,ClassifEspSWE-0002026-05-29_1,JOHANKARLSSON,2026092907465N56J1IK,,Citizen Science (ultrasonic) - shared
59~40304+18~07242_20260927_200624.wav,DEV_002_20260927_200624.wav,0,59.40304,18.07242,Phogri,Pholidoptera griseoaptera,Dark Bush-cricket,bush-cricket,0.99,,,27/09/2026,27/09/2026,20:06:24,ClassifEspSWE-0002026-05-29_1,JOHANKARLSSON,2026092907465N56J1IK,,Citizen Science (ultrasonic) - shared
59~40304+18~07242_20260927_200629.wav,DEV_002_20260927_200629.wav,0,59.40304,18.07242,Phogri,Pholidoptera griseoaptera,Dark Bush-cricket,bush-cricket,0.99,,,27/09/2026,27/09/2026,20:06:29,ClassifEspSWE-0002026-05-29_1,JOHANKARLSSON,2026092907465N56J1IK,,Citizen Science (ultrasonic) - shared
59~40304+18~07242_20260927_200634.wav,DEV_002_20260927_200634.wav,0,59.40304,18.07242,Phogri,Pholidoptera griseoaptera,Dark Bush-cricket,bush-cricket,0.98,,,27/09/2026,27/09/2026,20:06:34,ClassifEspSWE-0002026-05-29_1,JOHANKARLSSON,2026092907465N56J1IK,,Citizen Science (ultrasonic) - shared
59~40304+18~07242_20260927_200640.wav,DEV_002_20260927_200640.wav,0,59.40304,18.07242,Phogri,Pholidoptera griseoaptera,Dark Bush-cricket,bush-cricket,0.95,,,27/09/2026,27/09/2026,20:06:40,ClassifEspSWE-0002026-05-29_1,JOHANKARLSSON,2026092907465N56J1IK,,Citizen Science (ultrasonic) - shared
59~40304+18~07242_20260927_200646.wav,DEV_002_20260927_200646.wav,0,59.40304,18.07242,Phogri,Pholidoptera griseoaptera,Dark Bush-cricket,bush-cricket,0.97,,,27/09/2026,27/09/2026,20:06:46,ClassifEspSWE-0002026-05-29_1,JOHANKARLSSON,2026092907465N56J1IK,,Citizen Science (ultrasonic) - shared
59~40304+18~07242_20260927_200651.wav,DEV_002_20260927_200651.wav,0,59.40304,18.07242,Phogri,Pholidoptera griseoaptera,Dark Bush-cricket,bush-cricket,0.98,,,27/09/2026,27/09/2026,20:06:51,ClassifEspSWE-0002026-05-29_1,JOHANKARLSSON,2026092907465N56J1IK,,Citizen Science (ultrasonic) - shared
59~40304+18~07242_20260927_200657.wav,DEV_002_20260927_200657.wav,0,59.40304,18.07242,Phogri,Pholidoptera griseoaptera,Dark Bush-cricket,bush-cricket,0.99,,,27/09/2026,27/09/2026,20:06:57,ClassifEspSWE-0002026-05-29_1,JOHANKARLSSON,2026092907465N56J1IK,,Citizen Science (ultrasonic) - shared
59~40304+18~07242_20260927_200702.wav,DEV_002_20260927_200702.wav,0,59.40304,18.07242,Phogri,Pholidoptera griseoaptera,Dark Bush-cricket,bush-cricket,0.99,,,27/09/2026,27/09/2026,20:07:02,ClassifEspSWE-0002026-05-29_1,JOHANKARLSSON,2026092907465N56J1IK,,Citizen Science (ultrasonic) - shared
59~40304+18~07242_20260927_200709.wav,DEV_002_20260927_200709.wav,0,59.40304,18.07242,Phogri,Pholidoptera griseoaptera,Dark Bush-cricket,bush-cricket,0.89,,,27/09/2026,27/09/2026,20:07:09,ClassifEspSWE-0002026-05-29_1,JOHANKARLSSON,2026092907465N56J1IK,,Citizen Science (ultrasonic) - shared
59~40304+18~07242_20260927_200715.wav,DEV_002_20260927_200715.wav,0,59.40304,18.07242,Phogri,Pholidoptera griseoaptera,Dark Bush-cricket,bush-cricket,0.97,,,27/09/2026,27/09/2026,20:07:15,ClassifEspSWE-0002026-05-29_1,JOHANKARLSSON,2026092907465N56J1IK,,Citizen Science (ultrasonic) - shared
59~40304+18~07242_20260927_200720.wav,DEV_002_20260927_200720.wav,0,59.40304,18.07242,Phogri,Pholidoptera griseoaptera,Dark Bush-cricket,bush-cricket,0.99,,,27/09/2026,27/09/2026,20:07:20,ClassifEspSWE-0002026-05-29_1,JOHANKARLSSON,2026092907465N56J1IK,,Citizen Science (ultrasonic) - shared
59~40304+18~07242_20260927_200725.wav,DEV_002_20260927_200725.wav,0,59.40304,18.07242,Phogri,Pholidoptera griseoaptera,Dark Bush-cricket,bush-cricket,0.98,,,27/09/2026,27/09/2026,20:07:25,ClassifEspSWE-0002026-05-29_1,JOHANKARLSSON,2026092907465N56J1IK,,Citizen Science (ultrasonic) - shared
59~40304+18~07242_20260927_200732.wav,DEV_002_20260927_200732.wav,0,59.40304,18.07242,Phogri,Pholidoptera griseoaptera,Dark Bush-cricket,bush-cricket,0.98,,,27/09/2026,27/09/2026,20:07:32,ClassifEspSWE-0002026-05-29_1,JOHANKARLSSON,2026092907465N56J1IK,,Citizen Science (ultrasonic) - shared
59~40304+18~07242_20260927_200737.wav,DEV_002_20260927_200737.wav,0,59.40304,18.07242,Phogri,Pholidoptera griseoaptera,Dark Bush-cricket,bush-cricket,0.99,,,27/09/2026,27/09/2026,20:07:37,ClassifEspSWE-0002026-05-29_1,JOHANKARLSSON,2026092907465N56J1IK,,Citizen Science (ultrasonic) - shared
59~40304+18~07242_20260927_200743.wav,DEV_002_20260927_200743.wav,0,59.40304,18.07242,Phogri,Pholidoptera griseoaptera,Dark Bush-cricket,bush-cricket,0.97,,,27/09/2026,27/09/2026,20:07:43,ClassifEspSWE-0002026-05-29_1,JOHANKARLSSON,2026092907465N56J1IK,,Citizen Science (ultrasonic) - shared
59~40304+18~07242_20260927_200749.wav,DEV_002_20260927_200749.wav,0,59.40304,18.07242,Phogri,Pholidoptera griseoaptera,Dark Bush-cricket,bush-cricket,0.99,,,27/09/2026,27/09/2026,20:07:49,ClassifEspSWE-0002026-05-29_1,JOHANKARLSSON,2026092907465N56J1IK,,Citizen Science (ultrasonic) - shared
59~40304+18~07242_20260927_200754.wav,DEV_002_20260927_200754.wav,0,59.40304,18.07242,Phogri,Pholidoptera griseoaptera,Dark Bush-cricket,bush-cricket,0.99,,,27/09/2026,27/09/2026,20:07:54,ClassifEspSWE-0002026-05-29_1,JOHANKARLSSON,2026092907465N56J1IK,,Citizen Science (ultrasonic) - shared
59~40304+18~07242_20260927_200759.wav,DEV_002_20260927_200759.wav,0,59.40304,18.07242,Phogri,Pholidoptera griseoaptera,Dark Bush-cricket,bush-cricket,0.98,,,27/09/2026,27/09/2026,20:07:59,ClassifEspSWE-0002026-05-29_1,JOHANKARLSSON,2026092907465N56J1IK,,Citizen Science (ultrasonic) - shared
59~40304+18~07242_20260927_200806.wav,DEV_002_20260927_200806.wav,0,59.40304,18.07242,Phogri,Pholidoptera griseoaptera,Dark Bush-cricket,bush-cricket,0.87,,,27/09/2026,27/09/2026,20:08:06,ClassifEspSWE-0002026-05-29_1,JOHANKARLSSON,2026092907465N56J1IK,,Citizen Science (ultrasonic) - shared
59~40304+18~07242_20260927_200811.wav,DEV_002_20260927_200811.wav,0,59.40304,18.07242,Phogri,Pholidoptera griseoaptera,Dark Bush-cricket,bush-cricket,0.98,,,27/09/2026,27/09/2026,20:08:11,ClassifEspSWE-0002026-05-29_1,JOHANKARLSSON,2026092907465N56J1IK,,Citizen Science (ultrasonic) - shared
59~40304+18~07242_20260927_200817.wav,DEV_002_20260927_200817.wav,0,59.40304,18.07242,Phogri,Pholidoptera griseoaptera,Dark Bush-cricket,bush-cricket,0.98,,,27/09/2026,27/09/2026,20:08:17,ClassifEspSWE-0002026-05-29_1,JOHANKARLSSON,2026092907465N56J1IK,,Citizen Science (ultrasonic) - shared
59~40304+18~07242_20260927_200824.wav,DEV_002_20260927_200824.wav,0,59.40304,18.07242,Phogri,Pholidoptera griseoaptera,Dark Bush-cricket,bush-cricket,0.99,,,27/09/2026,27/09/2026,20:08:24,ClassifEspSWE-0002026-05-29_1,JOHANKARLSSON,2026092907465N56J1IK,,Citizen Science (ultrasonic) - shared
59~40304+18~07242_20260927_200830.wav,DEV_002_20260927_200830.wav,0,59.40304,18.07242,Phogri,Pholidoptera griseoaptera,Dark Bush-cricket,bush-cricket,0.99,,,27/09/2026,27/09/2026,20:08:30,ClassifEspSWE-0002026-05-29_1,JOHANKARLSSON,2026092907465N56J1IK,,Citizen Science (ultrasonic) - shared
59~40304+18~07242_20260927_200835.wav,DEV_002_20260927_200835.wav,0,59.40304,18.07242,Phogri,Pholidoptera griseoaptera,Dark Bush-cricket,bush-cricket,0.69,,,27/09/2026,27/09/2026,20:08:35,ClassifEspSWE-0002026-05-29_1,JOHANKARLSSON,2026092907465N56J1IK,,Citizen Science (ultrasonic) - shared
59~40304+18~07242_20260927_200843.wav,DEV_002_20260927_200843.wav,0,59.40304,18.07242,Phogri,Pholidoptera griseoaptera,Dark Bush-cricket,bush-cricket,0.99,,,27/09/2026,27/09/2026,20:08:43,ClassifEspSWE-0002026-05-29_1,JOHANKARLSSON,2026092907465N56J1IK,,Citizen Science (ultrasonic) - shared
59~40304+18~07242_20260927_200850.wav,DEV_002_20260927_200850.wav,0,59.40304,18.07242,Phogri,Pholidoptera griseoaptera,Dark Bush-cricket,bush-cricket,0.99,,,27/09/2026,27/09/2026,20:08:50,ClassifEspSWE-0002026-05-29_1,JOHANKARLSSON,2026092907465N56J1IK,,Citizen Science (ultrasonic) - shared
59~40304+18~07242_20260927_200856.wav,DEV_002_20260927_200856.wav,0,59.40304,18.07242,Phogri,Pholidoptera griseoaptera,Dark Bush-cricket,bush-cricket,0.97,,,27/09/2026,27/09/2026,20:08:56,ClassifEspSWE-0002026-05-29_1,JOHANKARLSSON,2026092907465N56J1IK,,Citizen Science (ultrasonic) - shared
59~40304+18~07242_20260927_200903.wav,DEV_002_20260927_200903.wav,0,59.40304,18.07242,Phogri,Pholidoptera griseoaptera,Dark Bush-cricket,bush-cricket,0.99,,,27/09/2026,27/09/2026,20:09:03,ClassifEspSWE-0002026-05-29_1,JOHANKARLSSON,2026092907465N56J1IK,,Citizen Science (ultrasonic) - shared
59~40304+18~07242_20260927_200910.wav,DEV_002_20260927_200910.wav,0,59.40304,18.07242,Phogri,Pholidoptera griseoaptera,Dark Bush-cricket,bush-cricket,0.99,,,27/09/2026,27/09/2026,20:09:10,ClassifEspSWE-0002026-05-29_1,JOHANKARLSSON,2026092907465N56J1IK,,Citizen Science (ultrasonic) - shared
59~40304+18~07242_20260927_200917.wav,DEV_002_20260927_200917.wav,0,59.40304,18.07242,Phogri,Pholidoptera griseoaptera,Dark Bush-cricket,bush-cricket,0.99,,,27/09/2026,27/09/2026,20:09:17,ClassifEspSWE-0002026-05-29_1,JOHANKARLSSON,2026092907465N56J1IK,,Citizen Science (ultrasonic) - shared
59~40304+18~07242_20260927_200924.wav,DEV_002_20260927_200924.wav,0,59.40304,18.07242,Phogri,Pholidoptera griseoaptera,Dark Bush-cricket,bush-cricket,0.99,,,27/09/2026,27/09/2026,20:09:24,ClassifEspSWE-0002026-05-29_1,JOHANKARLSSON,2026092907465N56J1IK,,Citizen Science (ultrasonic) - shared
59~40304+18~07242_20260927_200929.wav,DEV_002_20260927_200929.wav,0,59.40304,18.07242,Phogri,Pholidoptera griseoaptera,Dark Bush-cricket,bush-cricket,0.99,,,27/09/2026,27/09/2026,20:09:29,ClassifEspSWE-0002026-05-29_1,JOHANKARLSSON,2026092907465N56J1IK,,Citizen Science (ultrasonic) - shared
59~40304+18~07242_20260927_200935.wav,DEV_002_20260927_200935.wav,0,59.40304,18.07242,Phogri,Pholidoptera griseoaptera,Dark Bush-cricket,bush-cricket,0.98,,,27/09/2026,27/09/2026,20:09:35,ClassifEspSWE-0002026-05-29_1,JOHANKARLSSON,2026092907465N56J1IK,,Citizen Science (ultrasonic) - shared
59~40304+18~07242_20260927_200940.wav,DEV_002_20260927_200940.wav,0,59.40304,18.07242,Phogri,Pholidoptera griseoaptera,Dark Bush-cricket,bush-cricket,0.99,,,27/09/2026,27/09/2026,20:09:40,ClassifEspSWE-0002026-05-29_1,JOHANKARLSSON,2026092907465N56J1IK,,Citizen Science (ultrasonic) - shared
59~40304+18~07242_20260927_200946.wav,DEV_002_20260927_200946.wav,0,59.40304,18.07242,Phogri,Pholidoptera griseoaptera,Dark Bush-cricket,bush-cricket,0.99,,,27/09/2026,27/09/2026,20:09:46,ClassifEspSWE-0002026-05-29_1,JOHANKARLSSON,2026092907465N56J1IK,,Citizen Science (ultrasonic) - shared
59~40304+18~07242_20260927_200954.wav,DEV_002_20260927_200954.wav,0,59.40304,18.07242,Phogri,Pholidoptera griseoaptera,Dark Bush-cricket,bush-cricket,0.97,,,27/09/2026,27/09/2026,20:09:54,ClassifEspSWE-0002026-05-29_1,JOHANKARLSSON,2026092907465N56J1IK,,Citizen Science (ultrasonic) - shared
59~40304+18~07242_20260927_200959.wav,DEV_002_20260927_200959.wav,0,59.40304,18.07242,Phogri,Pholidoptera griseoaptera,Dark Bush-cricket,bush-cricket,0.99,,,27/09/2026,27/09/2026,20:09:59,ClassifEspSWE-0002026-05-29_1,JOHANKARLSSON,2026092907465N56J1IK,,Citizen Science (ultrasonic) - shared
59~40304+18~07242_20260927_201005.wav,DEV_002_20260927_201005.wav,0,59.40304,18.07242,Phogri,Pholidoptera griseoaptera,Dark Bush-cricket,bush-cricket,0.98,,,27/09/2026,27/09/2026,20:10:05,ClassifEspSWE-0002026-05-29_1,JOHANKARLSSON,2026092907465N56J1IK,,Citizen Science (ultrasonic) - shared
59~40304+18~07242_20260927_201011.wav,DEV_002_20260927_201011.wav,0,59.40304,18.07242,Phogri,Pholidoptera griseoaptera,Dark Bush-cricket,bush-cricket,0.98,,,27/09/2026,27/09/2026,20:10:11,ClassifEspSWE-0002026-05-29_1,JOHANKARLSSON,2026092907465N56J1IK,,Citizen Science (ultrasonic) - shared
59~40304+18~07242_20260927_201018.wav,DEV_002_20260927_201018.wav,0,59.40304,18.07242,Phogri,Pholidoptera griseoaptera,Dark Bush-cricket,bush-cricket,0.98,,,27/09/2026,27/09/2026,20:10:18,ClassifEspSWE-0002026-05-29_1,JOHANKARLSSON,2026092907465N56J1IK,,Citizen Science (ultrasonic) - shared
59~40304+18~07242_20260927_201026.wav,DEV_002_20260927_201026.wav,0,59.40304,18.07242,Phogri,Pholidoptera griseoaptera,Dark Bush-cricket,bush-cricket,0.99,,,27/09/2026,27/09/2026,20:10:26,ClassifEspSWE-0002026-05-29_1,JOHANKARLSSON,2026092907465N56J1IK,,Citizen Science (ultrasonic) - shared
59~40304+18~07242_20260927_201031.wav,DEV_002_20260927_201031.wav,0,59.40304,18.07242,Phogri,Pholidoptera griseoaptera,Dark Bush-cricket,bush-cricket,0.98,,,27/09/2026,27/09/2026,20:10:31,ClassifEspSWE-0002026-05-29_1,JOHANKARLSSON,2026092907465N56J1IK,,Citizen Science (ultrasonic) - shared
59~40304+18~07242_20260927_201037.wav,DEV_002_20260927_201037.wav,0,59.40304,18.07242,Phogri,Pholidoptera griseoaptera,Dark Bush-cricket,bush-cricket,0.99,,,27/09/2026,27/09/2026,20:10:37,ClassifEspSWE-0002026-05-29_1,JOHANKARLSSON,2026092907465N56J1IK,,Citizen Science (ultrasonic) - shared
59~40304+18~07242_20260927_201043.wav,DEV_002_20260927_201043.wav,0,59.40304,18.07242,Phogri,Pholidoptera griseoaptera,Dark Bush-cricket,bush-cricket,0.99,,,27/09/2026,27/09/2026,20:10:43,ClassifEspSWE-0002026-05-29_1,JOHANKARLSSON,2026092907465N56J1IK,,Citizen Science (ultrasonic) - shared
59~40304+18~07242_20260927_201049.wav,DEV_002_20260927_201049.wav,0,59.40304,18.07242,Phogri,Pholidoptera griseoaptera,Dark Bush-cricket,bush-cricket,0.97,,,27/09/2026,27/09/2026,20:10:49,ClassifEspSWE-0002026-05-29_1,JOHANKARLSSON,2026092907465N56J1IK,,Citizen Science (ultrasonic) - shared
59~40304+18~07242_20260927_201055.wav,DEV_002_20260927_201055.wav,0,59.40304,18.07242,Phogri,Pholidoptera griseoaptera,Dark Bush-cricket,bush-cricket,0.99,,,27/09/2026,27/09/2026,20:10:55,ClassifEspSWE-0002026-05-29_1,JOHANKARLSSON,2026092907465N56J1IK,,Citizen Science (ultrasonic) - shared
59~40304+18~07242_20260927_201101.wav,DEV_002_20260927_201101.wav,0,59.40304,18.07242,Phogri,Pholidoptera griseoaptera,Dark Bush-cricket,bush-cricket,0.94,,,27/09/2026,27/09/2026,20:11:01,ClassifEspSWE-0002026-05-29_1,JOHANKARLSSON,2026092907465N56J1IK,,Citizen Science (ultrasonic) - shared
59~40304+18~07242_20260927_201107.wav,DEV_002_20260927_201107.wav,0,59.40304,18.07242,Phogri,Pholidoptera griseoaptera,Dark Bush-cricket,bush-cricket,0.98,,,27/09/2026,27/09/2026,20:11:07,ClassifEspSWE-0002026-05-29_1,JOHANKARLSSON,2026092907465N56J1IK,,Citizen Science (ultrasonic) - shared
59~40304+18~07242_20260927_201113.wav,DEV_002_20260927_201113.wav,0,59.40304,18.07242,Phogri,Pholidoptera griseoaptera,Dark Bush-cricket,bush-cricket,0.99,,,27/09/2026,27/09/2026,20:11:13,ClassifEspSWE-0002026-05-29_1,JOHANKARLSSON,2026092907465N56J1IK,,Citizen Science (ultrasonic) - shared
59~40304+18~07242_20260927_201119.wav,DEV_002_20260927_201119.wav,0,59.40304,18.07242,Phogri,Pholidoptera griseoaptera,Dark Bush-cricket,bush-cricket,0.99,,,27/09/2026,27/09/2026,20:11:19,ClassifEspSWE-0002026-05-29_1,JOHANKARLSSON,2026092907465N56J1IK,,Citizen Science (ultrasonic) - shared
59~40304+18~07242_20260927_201125.wav,DEV_002_20260927_201125.wav,0,59.40304,18.07242,Phogri,Pholidoptera griseoaptera,Dark Bush-cricket,bush-cricket,0.99,,,27/09/2026,27/09/2026,20:11:25,ClassifEspSWE-0002026-05-29_1,JOHANKARLSSON,2026092907465N56J1IK,,Citizen Science (ultrasonic) - shared
59~40304+18~07242_20260927_201131.wav,DEV_002_20260927_201131.wav,0,59.40304,18.07242,Phogri,Pholidoptera griseoaptera,Dark Bush-cricket,bush-cricket,0.98,,,27/09/2026,27/09/2026,20:11:31,ClassifEspSWE-0002026-05-29_1,JOHANKARLSSON,2026092907465N56J1IK,,Citizen Science (ultrasonic) - shared
59~40304+18~07242_20260927_201136.wav,DEV_002_20260927_201136.wav,0,59.40304,18.07242,Phogri,Pholidoptera griseoaptera,Dark Bush-cricket,bush-cricket,0.99,,,27/09/2026,27/09/2026,20:11:36,ClassifEspSWE-0002026-05-29_1,JOHANKARLSSON,2026092907465N56J1IK,,Citizen Science (ultrasonic) - shared
59~40304+18~07242_20260927_201141.wav,DEV_002_20260927_201141.wav,0,59.40304,18.07242,Phogri,Pholidoptera griseoaptera,Dark Bush-cricket,bush-cricket,0.99,,,27/09/2026,27/09/2026,20:11:41,ClassifEspSWE-0002026-05-29_1,JOHANKARLSSON,2026092907465N56J1IK,,Citizen Science (ultrasonic) - shared
59~40304+18~07242_20260927_201147.wav,DEV_002_20260927_201147.wav,0,59.40304,18.07242,Phogri,Pholidoptera griseoaptera,Dark Bush-cricket,bush-cricket,0.98,,,27/09/2026,27/09/2026,20:11:47,ClassifEspSWE-0002026-05-29_1,JOHANKARLSSON,2026092907465N56J1IK,,Citizen Science (ultrasonic) - shared
59~40304+18~07242_20260927_201153.wav,DEV_002_20260927_201153.wav,0,59.40304,18.07242,Phogri,Pholidoptera griseoaptera,Dark Bush-cricket,bush-cricket,0.99,,,27/09/2026,27/09/2026,20:11:53,ClassifEspSWE-0002026-05-29_1,JOHANKARLSSON,2026092907465N56J1IK,,Citizen Science (ultrasonic) - shared
59~40304+18~07242_20260927_201159.wav,DEV_002_20260927_201159.wav,0,59.40304,18.07242,Phogri,Pholidoptera griseoaptera,Dark Bush-cricket,bush-cricket,0.99,,,27/09/2026,27/09/2026,20:11:59,ClassifEspSWE-0002026-05-29_1,JOHANKARLSSON,2026092907465N56J1IK,,Citizen Science (ultrasonic) - shared
59~40304+18~07242_20260927_201205.wav,DEV_002_20260927_201205.wav,0,59.40304,18.07242,Phogri,Pholidoptera griseoaptera,Dark Bush-cricket,bush-cricket,0.99,,,27/09/2026,27/09/2026,20:12:05,ClassifEspSWE-0002026-05-29_1,JOHANKARLSSON,2026092907465N56J1IK,,Citizen Science (ultrasonic) - shared
59~40304+18~07242_20260927_201211.wav,DEV_002_20260927_201211.wav,0,59.40304,18.07242,Phogri,Pholidoptera griseoaptera,Dark Bush-cricket,bush-cricket,0.99,,,27/09/2026,27/09/2026,20:12:11,ClassifEspSWE-0002026-05-29_1,JOHANKARLSSON,2026092907465N56J1IK,,Citizen Science (ultrasonic) - shared
59~40304+18~07242_20260927_201217.wav,DEV_002_20260927_201217.wav,0,59.40304,18.07242,Phogri,Pholidoptera griseoaptera,Dark Bush-cricket,bush-cricket,0.99,,,27/09/2026,27/09/2026,20:12:17,ClassifEspSWE-0002026-05-29_1,JOHANKARLSSON,2026092907465N56J1IK,,Citizen Science (ultrasonic) - shared
59~40304+18~07242_20260927_201223.wav,DEV_002_20260927_201223.wav,0,59.40304,18.07242,Phogri,Pholidoptera griseoaptera,Dark Bush-cricket,bush-cricket,0.99,,,27/09/2026,27/09/2026,20:12:23,ClassifEspSWE-0002026-05-29_1,JOHANKARLSSON,2026092907465N56J1IK,,Citizen Science (ultrasonic) - shared
59~40304+18~07242_20260927_201229.wav,DEV_002_20260927_201229.wav,0,59.40304,18.07242,Phogri,Pholidoptera griseoaptera,Dark Bush-cricket,bush-cricket,0.99,,,27/09/2026,27/09/2026,20:12:29,ClassifEspSWE-0002026-05-29_1,JOHANKARLSSON,2026092907465N56J1IK,,Citizen Science (ultrasonic) - shared
59~40304+18~07242_20260927_201235.wav,DEV_002_20260927_201235.wav,0,59.40304,18.07242,Phogri,Pholidoptera griseoaptera,Dark Bush-cricket,bush-cricket,0.95,,,27/09/2026,27/09/2026,20:12:35,ClassifEspSWE-0002026-05-29_1,JOHANKARLSSON,2026092907465N56J1IK,,Citizen Science (ultrasonic) - shared
59~40304+18~07242_20260927_201241.wav,DEV_002_20260927_201241.wav,0,59.40304,18.07242,Phogri,Pholidoptera griseoaptera,Dark Bush-cricket,bush-cricket,0.94,,,27/09/2026,27/09/2026,20:12:41,ClassifEspSWE-0002026-05-29_1,JOHANKARLSSON,2026092907465N56J1IK,,Citizen Science (ultrasonic) - shared
59~40304+18~07242_20260927_201246.wav,DEV_002_20260927_201246.wav,0,59.40304,18.07242,Phogri,Pholidoptera griseoaptera,Dark Bush-cricket,bush-cricket,0.96,,,27/09/2026,27/09/2026,20:12:46,ClassifEspSWE-0002026-05-29_1,JOHANKARLSSON,2026092907465N56J1IK,,Citizen Science (ultrasonic) - shared
59~40304+18~07242_20260927_201252.wav,DEV_002_20260927_201252.wav,0,59.40304,18.07242,Phogri,Pholidoptera griseoaptera,Dark Bush-cricket,bush-cricket,0.93,,,27/09/2026,27/09/2026,20:12:52,ClassifEspSWE-0002026-05-29_1,JOHANKARLSSON,2026092907465N56J1IK,,Citizen Science (ultrasonic) - shared
59~40304+18~07242_20260927_201258.wav,DEV_002_20260927_201258.wav,0,59.40304,18.07242,Phogri,Pholidoptera griseoaptera,Dark Bush-cricket,bush-cricket,0.97,,,27/09/2026,27/09/2026,20:12:58,ClassifEspSWE-0002026-05-29_1,JOHANKARLSSON,2026092907465N56J1IK,,Citizen Science (ultrasonic) - shared
59~40304+18~07242_20260927_201303.wav,DEV_002_20260927_201303.wav,0,59.40304,18.07242,Phogri,Pholidoptera griseoaptera,Dark Bush-cricket,bush-cricket,0.99,,,27/09/2026,27/09/2026,20:13:03,ClassifEspSWE-0002026-05-29_1,JOHANKARLSSON,2026092907465N56J1IK,,Citizen Science (ultrasonic) - shared
59~40304+18~07242_20260927_201309.wav,DEV_002_20260927_201309.wav,0,59.40304,18.07242,Phogri,Pholidoptera griseoaptera,Dark Bush-cricket,bush-cricket,0.98,,,27/09/2026,27/09/2026,20:13:09,ClassifEspSWE-0002026-05-29_1,JOHANKARLSSON,2026092907465N56J1IK,,Citizen Science (ultrasonic) - shared
59~40304+18~07242_20260927_201314.wav,DEV_002_20260927_201314.wav,0,59.40304,18.07242,Phogri,Pholidoptera griseoaptera,Dark Bush-cricket,bush-cricket,0.99,,,27/09/2026,27/09/2026,20:13:14,ClassifEspSWE-0002026-05-29_1,JOHANKARLSSON,2026092907465N56J1IK,,Citizen Science (ultrasonic) - shared
59~40304+18~07242_20260927_201321.wav,DEV_002_20260927_201321.wav,0,59.40304,18.07242,Phogri,Pholidoptera griseoaptera,Dark Bush-cricket,bush-cricket,0.95,,,27/09/2026,27/09/2026,20:13:21,ClassifEspSWE-0002026-05-29_1,JOHANKARLSSON,2026092907465N56J1IK,,Citizen Science (ultrasonic) - shared
59~40304+18~07242_20260927_201326.wav,DEV_002_20260927_201326.wav,0,59.40304,18.07242,Phogri,Pholidoptera griseoaptera,Dark Bush-cricket,bush-cricket,0.99,,,27/09/2026,27/09/2026,20:13:26,ClassifEspSWE-0002026-05-29_1,JOHANKARLSSON,2026092907465N56J1IK,,Citizen Science (ultrasonic) - shared
59~40304+18~07242_20260927_201331.wav,DEV_002_20260927_201331.wav,0,59.40304,18.07242,Phogri,Pholidoptera griseoaptera,Dark Bush-cricket,bush-cricket,0.99,,,27/09/2026,27/09/2026,20:13:31,ClassifEspSWE-0002026-05-29_1,JOHANKARLSSON,2026092907465N56J1IK,,Citizen Science (ultrasonic) - shared
59~40304+18~07242_20260927_201338.wav,DEV_002_20260927_201338.wav,0,59.40304,18.07242,Phogri,Pholidoptera griseoaptera,Dark Bush-cricket,bush-cricket,0.96,,,27/09/2026,27/09/2026,20:13:38,ClassifEspSWE-0002026-05-29_1,JOHANKARLSSON,2026092907465N56J1IK,,Citizen Science (ultrasonic) - shared
59~40304+18~07242_20260927_201344.wav,DEV_002_20260927_201344.wav,0,59.40304,18.07242,Phogri,Pholidoptera griseoaptera,Dark Bush-cricket,bush-cricket,0.99,,,27/09/2026,27/09/2026,20:13:44,ClassifEspSWE-0002026-05-29_1,JOHANKARLSSON,2026092907465N56J1IK,,Citizen Science (ultrasonic) - shared
59~40304+18~07242_20260927_201349.wav,DEV_002_20260927_201349.wav,0,59.40304,18.07242,Phogri,Pholidoptera griseoaptera,Dark Bush-cricket,bush-cricket,0.94,,,27/09/2026,27/09/2026,20:13:49,ClassifEspSWE-0002026-05-29_1,JOHANKARLSSON,2026092907465N56J1IK,,Citizen Science (ultrasonic) - shared
59~40304+18~07242_20260927_201355.wav,DEV_002_20260927_201355.wav,0,59.40304,18.07242,Phogri,Pholidoptera griseoaptera,Dark Bush-cricket,bush-cricket,0.98,,,27/09/2026,27/09/2026,20:13:55,ClassifEspSWE-0002026-05-29_1,JOHANKARLSSON,2026092907465N56J1IK,,Citizen Science (ultrasonic) - shared
59~40304+18~07242_20260927_201400.wav,DEV_002_20260927_201400.wav,0,59.40304,18.07242,Phogri,Pholidoptera griseoaptera,Dark Bush-cricket,bush-cricket,0.99,,,27/09/2026,27/09/2026,20:14:00,ClassifEspSWE-0002026-05-29_1,JOHANKARLSSON,2026092907465N56J1IK,,Citizen Science (ultrasonic) - shared
59~40304+18~07242_20260927_201407.wav,DEV_002_20260927_201407.wav,0,59.40304,18.07242,Phogri,Pholidoptera griseoaptera,Dark Bush-cricket,bush-cricket,0.93,,,27/09/2026,27/09/2026,20:14:07,ClassifEspSWE-0002026-05-29_1,JOHANKARLSSON,2026092907465N56J1IK,,Citizen Science (ultrasonic) - shared
59~40304+18~07242_20260927_201413.wav,DEV_002_20260927_201413.wav,0,59.40304,18.07242,Phogri,Pholidoptera griseoaptera,Dark Bush-cricket,bush-cricket,0.99,,,27/09/2026,27/09/2026,20:14:13,ClassifEspSWE-0002026-05-29_1,JOHANKARLSSON,2026092907465N56J1IK,,Citizen Science (ultrasonic) - shared
59~40304+18~07242_20260927_201420.wav,DEV_002_20260927_201420.wav,0,59.40304,18.07242,Phogri,Pholidoptera griseoaptera,Dark Bush-cricket,bush-cricket,0.96,,,27/09/2026,27/09/2026,20:14:20,ClassifEspSWE-0002026-05-29_1,JOHANKARLSSON,2026092907465N56J1IK,,Citizen Science (ultrasonic) - shared
59~40304+18~07242_20260927_201426.wav,DEV_002_20260927_201426.wav,0,59.40304,18.07242,Phogri,Pholidoptera griseoaptera,Dark Bush-cricket,bush-cricket,0.94,,,27/09/2026,27/09/2026,20:14:26,ClassifEspSWE-0002026-05-29_1,JOHANKARLSSON,2026092907465N56J1IK,,Citizen Science (ultrasonic) - shared
59~40304+18~07242_20260927_201432.wav,DEV_002_20260927_201432.wav,0,59.40304,18.07242,Phogri,Pholidoptera griseoaptera,Dark Bush-cricket,bush-cricket,0.98,,,27/09/2026,27/09/2026,20:14:32,ClassifEspSWE-0002026-05-29_1,JOHANKARLSSON,2026092907465N56J1IK,,Citizen Science (ultrasonic) - shared
59~40304+18~07242_20260927_201437.wav,DEV_002_20260927_201437.wav,0,59.40304,18.07242,Phogri,Pholidoptera griseoaptera,Dark Bush-cricket,bush-cricket,0.84,,,27/09/2026,27/09/2026,20:14:37,ClassifEspSWE-0002026-05-29_1,JOHANKARLSSON,2026092907465N56J1IK,,Citizen Science (ultrasonic) - shared
59~40304+18~07242_20260927_201444.wav,DEV_002_20260927_201444.wav,0,59.40304,18.07242,Phogri,Pholidoptera griseoaptera,Dark Bush-cricket,bush-cricket,0.93,,,27/09/2026,27/09/2026,20:14:44,ClassifEspSWE-0002026-05-29_1,JOHANKARLSSON,2026092907465N56J1IK,,Citizen Science (ultrasonic) - shared
59~40304+18~07242_20260927_201449.wav,DEV_002_20260927_201449.wav,0,59.40304,18.07242,Phogri,Pholidoptera griseoaptera,Dark Bush-cricket,bush-cricket,0.99,,,27/09/2026,27/09/2026,20:14:49,ClassifEspSWE-0002026-05-29_1,JOHANKARLSSON,2026092907465N56J1IK,,Citizen Science (ultrasonic) - shared
59~40304+18~07242_20260927_201455.wav,DEV_002_20260927_201455.wav,0,59.40304,18.07242,Phogri,Pholidoptera griseoaptera,Dark Bush-cricket,bush-cricket,0.99,,,27/09/2026,27/09/2026,20:14:55,ClassifEspSWE-0002026-05-29_1,JOHANKARLSSON,2026092907465N56J1IK,,Citizen Science (ultrasonic) - shared
59~40304+18~07242_20260927_201501.wav,DEV_002_20260927_201501.wav,0,59.40304,18.07242,Phogri,Pholidoptera griseoaptera,Dark Bush-cricket,bush-cricket,0.96,,,27/09/2026,27/09/2026,20:15:01,ClassifEspSWE-0002026-05-29_1,JOHANKARLSSON,2026092907465N56J1IK,,Citizen Science (ultrasonic) - shared
59~40304+18~07242_20260927_201507.wav,DEV_002_20260927_201507.wav,0,59.40304,18.07242,Phogri,Pholidoptera griseoaptera,Dark Bush-cricket,bush-cricket,0.8,,,27/09/2026,27/09/2026,20:15:07,ClassifEspSWE-0002026-05-29_1,JOHANKARLSSON,2026092907465N56J1IK,,Citizen Science (ultrasonic) - shared
59~40304+18~07242_20260927_201514.wav,DEV_002_20260927_201514.wav,0,59.40304,18.07242,Phogri,Pholidoptera griseoaptera,Dark Bush-cricket,bush-cricket,0.98,,,27/09/2026,27/09/2026,20:15:14,ClassifEspSWE-0002026-05-29_1,JOHANKARLSSON,2026092907465N56J1IK,,Citizen Science (ultrasonic) - shared
59~40304+18~07242_20260927_201520.wav,DEV_002_20260927_201520.wav,0,59.40304,18.07242,Phogri,Pholidoptera griseoaptera,Dark Bush-cricket,bush-cricket,0.94,,,27/09/2026,27/09/2026,20:15:20,ClassifEspSWE-0002026-05-29_1,JOHANKARLSSON,2026092907465N56J1IK,,Citizen Science (ultrasonic) - shared
59~40304+18~07242_20260927_201527.wav,DEV_002_20260927_201527.wav,0,59.40304,18.07242,Phogri,Pholidoptera griseoaptera,Dark Bush-cricket,bush-cricket,0.97,,,27/09/2026,27/09/2026,20:15:27,ClassifEspSWE-0002026-05-29_1,JOHANKARLSSON,2026092907465N56J1IK,,Citizen Science (ultrasonic) - shared
59~40304+18~07242_20260927_201533.wav,DEV_002_20260927_201533.wav,0,59.40304,18.07242,Phogri,Pholidoptera griseoaptera,Dark Bush-cricket,bush-cricket,0.99,,,27/09/2026,27/09/2026,20:15:33,ClassifEspSWE-0002026-05-29_1,JOHANKARLSSON,2026092907465N56J1IK,,Citizen Science (ultrasonic) - shared
59~40304+18~07242_20260927_201539.wav,DEV_002_20260927_201539.wav,0,59.40304,18.07242,Phogri,Pholidoptera griseoaptera,Dark Bush-cricket,bush-cricket,0.96,,,27/09/2026,27/09/2026,20:15:39,ClassifEspSWE-0002026-05-29_1,JOHANKARLSSON,2026092907465N56J1IK,,Citizen Science (ultrasonic) - shared
59~40304+18~07242_20260927_201544.wav,DEV_002_20260927_201544.wav,0,59.40304,18.07242,Phogri,Pholidoptera griseoaptera,Dark Bush-cricket,bush-cricket,0.99,,,27/09/2026,27/09/2026,20:15:44,ClassifEspSWE-0002026-05-29_1,JOHANKARLSSON,2026092907465N56J1IK,,Citizen Science (ultrasonic) - shared
59~40304+18~07242_20260927_201549.wav,DEV_002_20260927_201549.wav,0,59.40304,18.07242,Phogri,Pholidoptera griseoaptera,Dark Bush-cricket,bush-cricket,0.96,,,27/09/2026,27/09/2026,20:15:49,ClassifEspSWE-0002026-05-29_1,JOHANKARLSSON,2026092907465N56J1IK,,Citizen Science (ultrasonic) - shared
59~40304+18~07242_20260927_201555.wav,DEV_002_20260927_201555.wav,0,59.40304,18.07242,Phogri,Pholidoptera griseoaptera,Dark Bush-cricket,bush-cricket,0.96,,,27/09/2026,27/09/2026,20:15:55,ClassifEspSWE-0002026-05-29_1,JOHANKARLSSON,2026092907465N56J1IK,,Citizen Science (ultrasonic) - shared
59~40304+18~07242_20260927_201602.wav,DEV_002_20260927_201602.wav,0,59.40304,18.07242,Phogri,Pholidoptera griseoaptera,Dark Bush-cricket,bush-cricket,0.97,,,27/09/2026,27/09/2026,20:16:02,ClassifEspSWE-0002026-05-29_1,JOHANKARLSSON,2026092907465N56J1IK,,Citizen Science (ultrasonic) - shared
59~40304+18~07242_20260927_201608.wav,DEV_002_20260927_201608.wav,0,59.40304,18.07242,Phogri,Pholidoptera griseoaptera,Dark Bush-cricket,bush-cricket,0.99,,,27/09/2026,27/09/2026,20:16:08,ClassifEspSWE-0002026-05-29_1,JOHANKARLSSON,2026092907465N56J1IK,,Citizen Science (ultrasonic) - shared
59~40304+18~07242_20260927_201613.wav,DEV_002_20260927_201613.wav,0,59.40304,18.07242,Phogri,Pholidoptera griseoaptera,Dark Bush-cricket,bush-cricket,0.96,,,27/09/2026,27/09/2026,20:16:13,ClassifEspSWE-0002026-05-29_1,JOHANKARLSSON,2026092907465N56J1IK,,Citizen Science (ultrasonic) - shared
59~40304+18~07242_20260927_201620.wav,DEV_002_20260927_201620.wav,0,59.40304,18.07242,Phogri,Pholidoptera griseoaptera,Dark Bush-cricket,bush-cricket,0.98,,,27/09/2026,27/09/2026,20:16:20,ClassifEspSWE-0002026-05-29_1,JOHANKARLSSON,2026092907465N56J1IK,,Citizen Science (ultrasonic) - shared
59~40304+18~07242_20260927_201626.wav,DEV_002_20260927_201626.wav,0,59.40304,18.07242,Phogri,Pholidoptera griseoaptera,Dark Bush-cricket,bush-cricket,0.82,,,27/09/2026,27/09/2026,20:16:26,ClassifEspSWE-0002026-05-29_1,JOHANKARLSSON,2026092907465N56J1IK,,Citizen Science (ultrasonic) - shared
59~40304+18~07242_20260927_201631.wav,DEV_002_20260927_201631.wav,0,59.40304,18.07242,Phogri,Pholidoptera griseoaptera,Dark Bush-cricket,bush-cricket,0.99,,,27/09/2026,27/09/2026,20:16:31,ClassifEspSWE-0002026-05-29_1,JOHANKARLSSON,2026092907465N56J1IK,,Citizen Science (ultrasonic) - shared
59~40304+18~07242_20260927_201637.wav,DEV_002_20260927_201637.wav,0,59.40304,18.07242,Phogri,Pholidoptera griseoaptera,Dark Bush-cricket,bush-cricket,0.86,,,27/09/2026,27/09/2026,20:16:37,ClassifEspSWE-0002026-05-29_1,JOHANKARLSSON,2026092907465N56J1IK,,Citizen Science (ultrasonic) - shared
59~40304+18~07242_20260927_201642.wav,DEV_002_20260927_201642.wav,0,59.40304,18.07242,Phogri,Pholidoptera griseoaptera,Dark Bush-cricket,bush-cricket,0.93,,,27/09/2026,27/09/2026,20:16:42,ClassifEspSWE-0002026-05-29_1,JOHANKARLSSON,2026092907465N56J1IK,,Citizen Science (ultrasonic) - shared
59~40304+18~07242_20260927_201647.wav,DEV_002_20260927_201647.wav,0,59.40304,18.07242,Phogri,Pholidoptera griseoaptera,Dark Bush-cricket,bush-cricket,0.9,,,27/09/2026,27/09/2026,20:16:47,ClassifEspSWE-0002026-05-29_1,JOHANKARLSSON,2026092907465N56J1IK,,Citizen Science (ultrasonic) - shared
59~40304+18~07242_20260927_201654.wav,DEV_002_20260927_201654.wav,0,59.40304,18.07242,Phogri,Pholidoptera griseoaptera,Dark Bush-cricket,bush-cricket,0.88,,,27/09/2026,27/09/2026,20:16:54,ClassifEspSWE-0002026-05-29_1,JOHANKARLSSON,2026092907465N56J1IK,,Citizen Science (ultrasonic) - shared
59~40304+18~07242_20260927_201659.wav,DEV_002_20260927_201659.wav,0,59.40304,18.07242,Phogri,Pholidoptera griseoaptera,Dark Bush-cricket,bush-cricket,0.93,,,27/09/2026,27/09/2026,20:16:59,ClassifEspSWE-0002026-05-29_1,JOHANKARLSSON,2026092907465N56J1IK,,Citizen Science (ultrasonic) - shared
59~40304+18~07242_20260927_201705.wav,DEV_002_20260927_201705.wav,0,59.40304,18.07242,Phogri,Pholidoptera griseoaptera,Dark Bush-cricket,bush-cricket,0.9,,,27/09/2026,27/09/2026,20:17:05,ClassifEspSWE-0002026-05-29_1,JOHANKARLSSON,2026092907465N56J1IK,,Citizen Science (ultrasonic) - shared
59~40304+18~07242_20260927_201711.wav,DEV_002_20260927_201711.wav,0,59.40304,18.07242,Phogri,Pholidoptera griseoaptera,Dark Bush-cricket,bush-cricket,0.99,,,27/09/2026,27/09/2026,20:17:11,ClassifEspSWE-0002026-05-29_1,JOHANKARLSSON,2026092907465N56J1IK,,Citizen Science (ultrasonic) - shared
59~40304+18~07242_20260927_201718.wav,DEV_002_20260927_201718.wav,0,59.40304,18.07242,Phogri,Pholidoptera griseoaptera,Dark Bush-cricket,bush-cricket,0.99,,,27/09/2026,27/09/2026,20:17:18,ClassifEspSWE-0002026-05-29_1,JOHANKARLSSON,2026092907465N56J1IK,,Citizen Science (ultrasonic) - shared
59~40304+18~07242_20260927_201724.wav,DEV_002_20260927_201724.wav,0,59.40304,18.07242,Phogri,Pholidoptera griseoaptera,Dark Bush-cricket,bush-cricket,0.98,,,27/09/2026,27/09/2026,20:17:24,ClassifEspSWE-0002026-05-29_1,JOHANKARLSSON,2026092907465N56J1IK,,Citizen Science (ultrasonic) - shared
59~40304+18~07242_20260927_201729.wav,DEV_002_20260927_201729.wav,0,59.40304,18.07242,Phogri,Pholidoptera griseoaptera,Dark Bush-cricket,bush-cricket,0.98,,,27/09/2026,27/09/2026,20:17:29,ClassifEspSWE-0002026-05-29_1,JOHANKARLSSON,2026092907465N56J1IK,,Citizen Science (ultrasonic) - shared
59~40304+18~07242_20260927_201736.wav,DEV_002_20260927_201736.wav,0,59.40304,18.07242,Phogri,Pholidoptera griseoaptera,Dark Bush-cricket,bush-cricket,0.99,,,27/09/2026,27/09/2026,20:17:36,ClassifEspSWE-0002026-05-29_1,JOHANKARLSSON,2026092907465N56J1IK,,Citizen Science (ultrasonic) - shared
59~40304+18~07242_20260927_201742.wav,DEV_002_20260927_201742.wav,0,59.40304,18.07242,Phogri,Pholidoptera griseoaptera,Dark Bush-cricket,bush-cricket,0.99,,,27/09/2026,27/09/2026,20:17:42,ClassifEspSWE-0002026-05-29_1,JOHANKARLSSON,2026092907465N56J1IK,,Citizen Science (ultrasonic) - shared
59~40304+18~07242_20260927_201748.wav,DEV_002_20260927_201748.wav,0,59.40304,18.07242,Phogri,Pholidoptera griseoaptera,Dark Bush-cricket,bush-cricket,0.99,,,27/09/2026,27/09/2026,20:17:48,ClassifEspSWE-0002026-05-29_1,JOHANKARLSSON,2026092907465N56J1IK,,Citizen Science (ultrasonic) - shared
59~40304+18~07242_20260927_201753.wav,DEV_002_20260927_201753.wav,0,59.40304,18.07242,Phogri,Pholidoptera griseoaptera,Dark Bush-cricket,bush-cricket,0.95,,,27/09/2026,27/09/2026,20:17:53,ClassifEspSWE-0002026-05-29_1,JOHANKARLSSON,2026092907465N56J1IK,,Citizen Science (ultrasonic) - shared
59~40304+18~07242_20260927_201800.wav,DEV_002_20260927_201800.wav,0,59.40304,18.07242,Phogri,Pholidoptera griseoaptera,Dark Bush-cricket,bush-cricket,0.99,,,27/09/2026,27/09/2026,20:18:00,ClassifEspSWE-0002026-05-29_1,JOHANKARLSSON,2026092907465N56J1IK,,Citizen Science (ultrasonic) - shared
59~40304+18~07242_20260927_201806.wav,DEV_002_20260927_201806.wav,0,59.40304,18.07242,Phogri,Pholidoptera griseoaptera,Dark Bush-cricket,bush-cricket,0.99,,,27/09/2026,27/09/2026,20:18:06,ClassifEspSWE-0002026-05-29_1,JOHANKARLSSON,2026092907465N56J1IK,,Citizen Science (ultrasonic) - shared
59~40304+18~07242_20260927_201811.wav,DEV_002_20260927_201811.wav,0,59.40304,18.07242,Phogri,Pholidoptera griseoaptera,Dark Bush-cricket,bush-cricket,0.99,,,27/09/2026,27/09/2026,20:18:11,ClassifEspSWE-0002026-05-29_1,JOHANKARLSSON,2026092907465N56J1IK,,Citizen Science (ultrasonic) - shared
59~40304+18~07242_20260927_201819.wav,DEV_002_20260927_201819.wav,0,59.40304,18.07242,Phogri,Pholidoptera griseoaptera,Dark Bush-cricket,bush-cricket,0.99,,,27/09/2026,27/09/2026,20:18:19,ClassifEspSWE-0002026-05-29_1,JOHANKARLSSON,2026092907465N56J1IK,,Citizen Science (ultrasonic) - shared
59~40304+18~07242_20260927_201824.wav,DEV_002_20260927_201824.wav,0,59.40304,18.07242,Phogri,Pholidoptera griseoaptera,Dark Bush-cricket,bush-cricket,0.98,,,27/09/2026,27/09/2026,20:18:24,ClassifEspSWE-0002026-05-29_1,JOHANKARLSSON,2026092907465N56J1IK,,Citizen Science (ultrasonic) - shared
59~40304+18~07242_20260927_201830.wav,DEV_002_20260927_201830.wav,0,59.40304,18.07242,Phogri,Pholidoptera griseoaptera,Dark Bush-cricket,bush-cricket,0.91,,,27/09/2026,27/09/2026,20:18:30,ClassifEspSWE-0002026-05-29_1,JOHANKARLSSON,2026092907465N56J1IK,,Citizen Science (ultrasonic) - shared
59~40304+18~07242_20260927_201836.wav,DEV_002_20260927_201836.wav,0,59.40304,18.07242,Phogri,Pholidoptera griseoaptera,Dark Bush-cricket,bush-cricket,0.99,,,27/09/2026,27/09/2026,20:18:36,ClassifEspSWE-0002026-05-29_1,JOHANKARLSSON,2026092907465N56J1IK,,Citizen Science (ultrasonic) - shared
59~40304+18~07242_20260927_201842.wav,DEV_002_20260927_201842.wav,0,59.40304,18.07242,Phogri,Pholidoptera griseoaptera,Dark Bush-cricket,bush-cricket,0.88,,,27/09/2026,27/09/2026,20:18:42,ClassifEspSWE-0002026-05-29_1,JOHANKARLSSON,2026092907465N56J1IK,,Citizen Science (ultrasonic) - shared
59~40304+18~07242_20260927_201849.wav,DEV_002_20260927_201849.wav,0,59.40304,18.07242,Phogri,Pholidoptera griseoaptera,Dark Bush-cricket,bush-cricket,0.86,,,27/09/2026,27/09/2026,20:18:49,ClassifEspSWE-0002026-05-29_1,JOHANKARLSSON,2026092907465N56J1IK,,Citizen Science (ultrasonic) - shared
59~40304+18~07242_20260927_201856.wav,DEV_002_20260927_201856.wav,0,59.40304,18.07242,Phogri,Pholidoptera griseoaptera,Dark Bush-cricket,bush-cricket,0.99,,,27/09/2026,27/09/2026,20:18:56,ClassifEspSWE-0002026-05-29_1,JOHANKARLSSON,2026092907465N56J1IK,,Citizen Science (ultrasonic) - shared
59~40304+18~07242_20260927_201902.wav,DEV_002_20260927_201902.wav,0,59.40304,18.07242,Phogri,Pholidoptera griseoaptera,Dark Bush-cricket,bush-cricket,0.98,,,27/09/2026,27/09/2026,20:19:02,ClassifEspSWE-0002026-05-29_1,JOHANKARLSSON,2026092907465N56J1IK,,Citizen Science (ultrasonic) - shared
59~40304+18~07242_20260927_201908.wav,DEV_002_20260927_201908.wav,0,59.40304,18.07242,Phogri,Pholidoptera griseoaptera,Dark Bush-cricket,bush-cricket,0.95,,,27/09/2026,27/09/2026,20:19:08,ClassifEspSWE-0002026-05-29_1,JOHANKARLSSON,2026092907465N56J1IK,,Citizen Science (ultrasonic) - shared
59~40304+18~07242_20260927_201914.wav,DEV_002_20260927_201914.wav,0,59.40304,18.07242,Phogri,Pholidoptera griseoaptera,Dark Bush-cricket,bush-cricket,0.96,,,27/09/2026,27/09/2026,20:19:14,ClassifEspSWE-0002026-05-29_1,JOHANKARLSSON,2026092907465N56J1IK,,Citizen Science (ultrasonic) - shared
59~40304+18~07242_20260927_201919.wav,DEV_002_20260927_201919.wav,0,59.40304,18.07242,Phogri,Pholidoptera griseoaptera,Dark Bush-cricket,bush-cricket,0.98,,,27/09/2026,27/09/2026,20:19:19,ClassifEspSWE-0002026-05-29_1,JOHANKARLSSON,2026092907465N56J1IK,,Citizen Science (ultrasonic) - shared
59~40304+18~07242_20260927_201925.wav,DEV_002_20260927_201925.wav,0,59.40304,18.07242,Phogri,Pholidoptera griseoaptera,Dark Bush-cricket,bush-cricket,0.99,,,27/09/2026,27/09/2026,20:19:25,ClassifEspSWE-0002026-05-29_1,JOHANKARLSSON,2026092907465N56J1IK,,Citizen Science (ultrasonic) - shared
59~40304+18~07242_20260927_201931.wav,DEV_002_20260927_201931.wav,0,59.40304,18.07242,Phogri,Pholidoptera griseoaptera,Dark Bush-cricket,bush-cricket,0.91,,,27/09/2026,27/09/2026,20:19:31,ClassifEspSWE-0002026-05-29_1,JOHANKARLSSON,2026092907465N56J1IK,,Citizen Science (ultrasonic) - shared
59~40304+18~07242_20260927_201936.wav,DEV_002_20260927_201936.wav,0,59.40304,18.07242,Phogri,Pholidoptera griseoaptera,Dark Bush-cricket,bush-cricket,0.97,,,27/09/2026,27/09/2026,20:19:36,ClassifEspSWE-0002026-05-29_1,JOHANKARLSSON,2026092907465N56J1IK,,Citizen Science (ultrasonic) - shared
59~40304+18~07242_20260927_201943.wav,DEV_002_20260927_201943.wav,0,59.40304,18.07242,Phogri,Pholidoptera griseoaptera,Dark Bush-cricket,bush-cricket,0.99,,,27/09/2026,27/09/2026,20:19:43,ClassifEspSWE-0002026-05-29_1,JOHANKARLSSON,2026092907465N56J1IK,,Citizen Science (ultrasonic) - shared
59~40304+18~07242_20260927_201949.wav,DEV_002_20260927_201949.wav,0,59.40304,18.07242,Phogri,Pholidoptera griseoaptera,Dark Bush-cricket,bush-cricket,0.99,,,27/09/2026,27/09/2026,20:19:49,ClassifEspSWE-0002026-05-29_1,JOHANKARLSSON,2026092907465N56J1IK,,Citizen Science (ultrasonic) - shared
59~40304+18~07242_20260927_201954.wav,DEV_002_20260927_201954.wav,0,59.40304,18.07242,Phogri,Pholidoptera griseoaptera,Dark Bush-cricket,bush-cricket,0.98,,,27/09/2026,27/09/2026,20:19:54,ClassifEspSWE-0002026-05-29_1,JOHANKARLSSON,2026092907465N56J1IK,,Citizen Science (ultrasonic) - shared
59~40304+18~07242_20260927_202000.wav,DEV_002_20260927_202000.wav,0,59.40304,18.07242,Phogri,Pholidoptera griseoaptera,Dark Bush-cricket,bush-cricket,0.99,,,27/09/2026,27/09/2026,20:20:00,ClassifEspSWE-0002026-05-29_1,JOHANKARLSSON,2026092907465N56J1IK,,Citizen Science (ultrasonic) - shared
59~40304+18~07242_20260927_202007.wav,DEV_002_20260927_202007.wav,0,59.40304,18.07242,Phogri,Pholidoptera griseoaptera,Dark Bush-cricket,bush-cricket,0.98,,,27/09/2026,27/09/2026,20:20:07,ClassifEspSWE-0002026-05-29_1,JOHANKARLSSON,2026092907465N56J1IK,,Citizen Science (ultrasonic) - shared
59~40304+18~07242_20260927_202014.wav,DEV_002_20260927_202014.wav,0,59.40304,18.07242,Phogri,Pholidoptera griseoaptera,Dark Bush-cricket,bush-cricket,0.98,,,27/09/2026,27/09/2026,20:20:14,ClassifEspSWE-0002026-05-29_1,JOHANKARLSSON,2026092907465N56J1IK,,Citizen Science (ultrasonic) - shared
59~40304+18~07242_20260927_202020.wav,DEV_002_20260927_202020.wav,0,59.40304,18.07242,Phogri,Pholidoptera griseoaptera,Dark Bush-cricket,bush-cricket,0.98,,,27/09/2026,27/09/2026,20:20:20,ClassifEspSWE-0002026-05-29_1,JOHANKARLSSON,2026092907465N56J1IK,,Citizen Science (ultrasonic) - shared
59~40304+18~07242_20260927_202026.wav,DEV_002_20260927_202026.wav,0,59.40304,18.07242,Phogri,Pholidoptera griseoaptera,Dark Bush-cricket,bush-cricket,0.99,,,27/09/2026,27/09/2026,20:20:26,ClassifEspSWE-0002026-05-29_1,JOHANKARLSSON,2026092907465N56J1IK,,Citizen Science (ultrasonic) - shared
59~40304+18~07242_20260927_202033.wav,DEV_002_20260927_202033.wav,0,59.40304,18.07242,Phogri,Pholidoptera griseoaptera,Dark Bush-cricket,bush-cricket,0.99,,,27/09/2026,27/09/2026,20:20:33,ClassifEspSWE-0002026-05-29_1,JOHANKARLSSON,2026092907465N56J1IK,,Citizen Science (ultrasonic) - shared
59~40304+18~07242_20260927_202040.wav,DEV_002_20260927_202040.wav,0,59.40304,18.07242,Phogri,Pholidoptera griseoaptera,Dark Bush-cricket,bush-cricket,0.99,,,27/09/2026,27/09/2026,20:20:40,ClassifEspSWE-0002026-05-29_1,JOHANKARLSSON,2026092907465N56J1IK,,Citizen Science (ultrasonic) - shared
59~40304+18~07242_20260927_202046.wav,DEV_002_20260927_202046.wav,0,59.40304,18.07242,Phogri,Pholidoptera griseoaptera,Dark Bush-cricket,bush-cricket,0.99,,,27/09/2026,27/09/2026,20:20:46,ClassifEspSWE-0002026-05-29_1,JOHANKARLSSON,2026092907465N56J1IK,,Citizen Science (ultrasonic) - shared
59~40304+18~07242_20260927_202052.wav,DEV_002_20260927_202052.wav,0,59.40304,18.07242,Phogri,Pholidoptera griseoaptera,Dark Bush-cricket,bush-cricket,0.98,,,27/09/2026,27/09/2026,20:20:52,ClassifEspSWE-0002026-05-29_1,JOHANKARLSSON,2026092907465N56J1IK,,Citizen Science (ultrasonic) - shared
59~40304+18~07242_20260927_202059.wav,DEV_002_20260927_202059.wav,0,59.40304,18.07242,Phogri,Pholidoptera griseoaptera,Dark Bush-cricket,bush-cricket,0.99,,,27/09/2026,27/09/2026,20:20:59,ClassifEspSWE-0002026-05-29_1,JOHANKARLSSON,2026092907465N56J1IK,,Citizen Science (ultrasonic) - shared
59~40304+18~07242_20260927_202104.wav,DEV_002_20260927_202104.wav,0,59.40304,18.07242,Phogri,Pholidoptera griseoaptera,Dark Bush-cricket,bush-cricket,0.96,,,27/09/2026,27/09/2026,20:21:04,ClassifEspSWE-0002026-05-29_1,JOHANKARLSSON,2026092907465N56J1IK,,Citizen Science (ultrasonic) - shared
59~40304+18~07242_20260927_202111.wav,DEV_002_20260927_202111.wav,0,59.40304,18.07242,Phogri,Pholidoptera griseoaptera,Dark Bush-cricket,bush-cricket,0.99,,,27/09/2026,27/09/2026,20:21:11,ClassifEspSWE-0002026-05-29_1,JOHANKARLSSON,2026092907465N56J1IK,,Citizen Science (ultrasonic) - shared
59~40304+18~07242_20260927_202117.wav,DEV_002_20260927_202117.wav,0,59.40304,18.07242,Phogri,Pholidoptera griseoaptera,Dark Bush-cricket,bush-cricket,0.99,,,27/09/2026,27/09/2026,20:21:17,ClassifEspSWE-0002026-05-29_1,JOHANKARLSSON,2026092907465N56J1IK,,Citizen Science (ultrasonic) - shared
59~40304+18~07242_20260927_202124.wav,DEV_002_20260927_202124.wav,0,59.40304,18.07242,Phogri,Pholidoptera griseoaptera,Dark Bush-cricket,bush-cricket,0.85,,,27/09/2026,27/09/2026,20:21:24,ClassifEspSWE-0002026-05-29_1,JOHANKARLSSON,2026092907465N56J1IK,,Citizen Science (ultrasonic) - shared
59~40304+18~07242_20260927_202130.wav,DEV_002_20260927_202130.wav,0,59.40304,18.07242,Phogri,Pholidoptera griseoaptera,Dark Bush-cricket,bush-cricket,0.91,,,27/09/2026,27/09/2026,20:21:30,ClassifEspSWE-0002026-05-29_1,JOHANKARLSSON,2026092907465N56J1IK,,Citizen Science (ultrasonic) - shared
59~40304+18~07242_20260927_202136.wav,DEV_002_20260927_202136.wav,0,59.40304,18.07242,Phogri,Pholidoptera griseoaptera,Dark Bush-cricket,bush-cricket,0.95,,,27/09/2026,27/09/2026,20:21:36,ClassifEspSWE-0002026-05-29_1,JOHANKARLSSON,2026092907465N56J1IK,,Citizen Science (ultrasonic) - shared
59~40304+18~07242_20260927_202142.wav,DEV_002_20260927_202142.wav,0,59.40304,18.07242,Phogri,Pholidoptera griseoaptera,Dark Bush-cricket,bush-cricket,0.99,,,27/09/2026,27/09/2026,20:21:42,ClassifEspSWE-0002026-05-29_1,JOHANKARLSSON,2026092907465N56J1IK,,Citizen Science (ultrasonic) - shared
59~40304+18~07242_20260927_202147.wav,DEV_002_20260927_202147.wav,0,59.40304,18.07242,Phogri,Pholidoptera griseoaptera,Dark Bush-cricket,bush-cricket,0.99,,,27/09/2026,27/09/2026,20:21:47,ClassifEspSWE-0002026-05-29_1,JOHANKARLSSON,2026092907465N56J1IK,,Citizen Science (ultrasonic) - shared
59~40304+18~07242_20260927_202155.wav,DEV_002_20260927_202155.wav,0,59.40304,18.07242,Phogri,Pholidoptera griseoaptera,Dark Bush-cricket,bush-cricket,0.87,,,27/09/2026,27/09/2026,20:21:55,ClassifEspSWE-0002026-05-29_1,JOHANKARLSSON,2026092907465N56J1IK,,Citizen Science (ultrasonic) - shared
59~40304+18~07242_20260927_202200.wav,DEV_002_20260927_202200.wav,0,59.40304,18.07242,Phogri,Pholidoptera griseoaptera,Dark Bush-cricket,bush-cricket,0.99,,,27/09/2026,27/09/2026,20:22:00,ClassifEspSWE-0002026-05-29_1,JOHANKARLSSON,2026092907465N56J1IK,,Citizen Science (ultrasonic) - shared
59~40304+18~07242_20260927_202205.wav,DEV_002_20260927_202205.wav,0,59.40304,18.07242,Phogri,Pholidoptera griseoaptera,Dark Bush-cricket,bush-cricket,0.99,,,27/09/2026,27/09/2026,20:22:05,ClassifEspSWE-0002026-05-29_1,JOHANKARLSSON,2026092907465N56J1IK,,Citizen Science (ultrasonic) - shared
59~40304+18~07242_20260927_202212.wav,DEV_002_20260927_202212.wav,0,59.40304,18.07242,Phogri,Pholidoptera griseoaptera,Dark Bush-cricket,bush-cricket,0.9,,,27/09/2026,27/09/2026,20:22:12,ClassifEspSWE-0002026-05-29_1,JOHANKARLSSON,2026092907465N56J1IK,,Citizen Science (ultrasonic) - shared
59~40304+18~07242_20260927_202218.wav,DEV_002_20260927_202218.wav,0,59.40304,18.07242,Phogri,Pholidoptera griseoaptera,Dark Bush-cricket,bush-cricket,0.94,,,27/09/2026,27/09/2026,20:22:18,ClassifEspSWE-0002026-05-29_1,JOHANKARLSSON,2026092907465N56J1IK,,Citizen Science (ultrasonic) - shared
59~40304+18~07242_20260927_202225.wav,DEV_002_20260927_202225.wav,0,59.40304,18.07242,Phogri,Pholidoptera griseoaptera,Dark Bush-cricket,bush-cricket,0.99,,,27/09/2026,27/09/2026,20:22:25,ClassifEspSWE-0002026-05-29_1,JOHANKARLSSON,2026092907465N56J1IK,,Citizen Science (ultrasonic) - shared
59~40304+18~07242_20260927_202231.wav,DEV_002_20260927_202231.wav,0,59.40304,18.07242,Phogri,Pholidoptera griseoaptera,Dark Bush-cricket,bush-cricket,0.95,,,27/09/2026,27/09/2026,20:22:31,ClassifEspSWE-0002026-05-29_1,JOHANKARLSSON,2026092907465N56J1IK,,Citizen Science (ultrasonic) - shared
59~40304+18~07242_20260927_202238.wav,DEV_002_20260927_202238.wav,0,59.40304,18.07242,Phogri,Pholidoptera griseoaptera,Dark Bush-cricket,bush-cricket,0.99,,,27/09/2026,27/09/2026,20:22:38,ClassifEspSWE-0002026-05-29_1,JOHANKARLSSON,2026092907465N56J1IK,,Citizen Science (ultrasonic) - shared
59~40304+18~07242_20260927_202245.wav,DEV_002_20260927_202245.wav,0,59.40304,18.07242,Phogri,Pholidoptera griseoaptera,Dark Bush-cricket,bush-cricket,0.99,,,27/09/2026,27/09/2026,20:22:45,ClassifEspSWE-0002026-05-29_1,JOHANKARLSSON,2026092907465N56J1IK,,Citizen Science (ultrasonic) - shared
59~40304+18~07242_20260927_202250.wav,DEV_002_20260927_202250.wav,0,59.40304,18.07242,Phogri,Pholidoptera griseoaptera,Dark Bush-cricket,bush-cricket,0.99,,,27/09/2026,27/09/2026,20:22:50,ClassifEspSWE-0002026-05-29_1,JOHANKARLSSON,2026092907465N56J1IK,,Citizen Science (ultrasonic) - shared
59~40304+18~07242_20260927_202256.wav,DEV_002_20260927_202256.wav,0,59.40304,18.07242,Phogri,Pholidoptera griseoaptera,Dark Bush-cricket,bush-cricket,0.95,,,27/09/2026,27/09/2026,20:22:56,ClassifEspSWE-0002026-05-29_1,JOHANKARLSSON,2026092907465N56J1IK,,Citizen Science (ultrasonic) - shared
59~40304+18~07242_20260927_202302.wav,DEV_002_20260927_202302.wav,0,59.40304,18.07242,Phogri,Pholidoptera griseoaptera,Dark Bush-cricket,bush-cricket,0.96,,,27/09/2026,27/09/2026,20:23:02,ClassifEspSWE-0002026-05-29_1,JOHANKARLSSON,2026092907465N56J1IK,,Citizen Science (ultrasonic) - shared
59~40304+18~07242_20260927_202309.wav,DEV_002_20260927_202309.wav,0,59.40304,18.07242,Phogri,Pholidoptera griseoaptera,Dark Bush-cricket,bush-cricket,0.99,,,27/09/2026,27/09/2026,20:23:09,ClassifEspSWE-0002026-05-29_1,JOHANKARLSSON,2026092907465N56J1IK,,Citizen Science (ultrasonic) - shared
59~40304+18~07242_20260927_202314.wav,DEV_002_20260927_202314.wav,0,59.40304,18.07242,Phogri,Pholidoptera griseoaptera,Dark Bush-cricket,bush-cricket,0.99,,,27/09/2026,27/09/2026,20:23:14,ClassifEspSWE-0002026-05-29_1,JOHANKARLSSON,2026092907465N56J1IK,,Citizen Science (ultrasonic) - shared
59~40304+18~07242_20260927_202319.wav,DEV_002_20260927_202319.wav,0,59.40304,18.07242,Phogri,Pholidoptera griseoaptera,Dark Bush-cricket,bush-cricket,0.99,,,27/09/2026,27/09/2026,20:23:19,ClassifEspSWE-0002026-05-29_1,JOHANKARLSSON,2026092907465N56J1IK,,Citizen Science (ultrasonic) - shared
59~40304+18~07242_20260927_202325.wav,DEV_002_20260927_202325.wav,0,59.40304,18.07242,Phogri,Pholidoptera griseoaptera,Dark Bush-cricket,bush-cricket,0.99,,,27/09/2026,27/09/2026,20:23:25,ClassifEspSWE-0002026-05-29_1,JOHANKARLSSON,2026092907465N56J1IK,,Citizen Science (ultrasonic) - shared
59~40304+18~07242_20260927_202332.wav,DEV_002_20260927_202332.wav,0,59.40304,18.07242,Phogri,Pholidoptera griseoaptera,Dark Bush-cricket,bush-cricket,0.99,,,27/09/2026,27/09/2026,20:23:32,ClassifEspSWE-0002026-05-29_1,JOHANKARLSSON,2026092907465N56J1IK,,Citizen Science (ultrasonic) - shared
59~40304+18~07242_20260927_202337.wav,DEV_002_20260927_202337.wav,0,59.40304,18.07242,Phogri,Pholidoptera griseoaptera,Dark Bush-cricket,bush-cricket,0.77,,,27/09/2026,27/09/2026,20:23:37,ClassifEspSWE-0002026-05-29_1,JOHANKARLSSON,2026092907465N56J1IK,,Citizen Science (ultrasonic) - shared
59~40304+18~07242_20260927_202342.wav,DEV_002_20260927_202342.wav,0,59.40304,18.07242,Phogri,Pholidoptera griseoaptera,Dark Bush-cricket,bush-cricket,0.95,,,27/09/2026,27/09/2026,20:23:42,ClassifEspSWE-0002026-05-29_1,JOHANKARLSSON,2026092907465N56J1IK,,Citizen Science (ultrasonic) - shared
59~40304+18~07242_20260927_202348.wav,DEV_002_20260927_202348.wav,0,59.40304,18.07242,Phogri,Pholidoptera griseoaptera,Dark Bush-cricket,bush-cricket,0.98,,,27/09/2026,27/09/2026,20:23:48,ClassifEspSWE-0002026-05-29_1,JOHANKARLSSON,2026092907465N56J1IK,,Citizen Science (ultrasonic) - shared
59~40304+18~07242_20260927_202353.wav,DEV_002_20260927_202353.wav,0,59.40304,18.07242,Phogri,Pholidoptera griseoaptera,Dark Bush-cricket,bush-cricket,0.99,,,27/09/2026,27/09/2026,20:23:53,ClassifEspSWE-0002026-05-29_1,JOHANKARLSSON,2026092907465N56J1IK,,Citizen Science (ultrasonic) - shared
59~40304+18~07242_20260927_202359.wav,DEV_002_20260927_202359.wav,0,59.40304,18.07242,Phogri,Pholidoptera griseoaptera,Dark Bush-cricket,bush-cricket,0.98,,,27/09/2026,27/09/2026,20:23:59,ClassifEspSWE-0002026-05-29_1,JOHANKARLSSON,2026092907465N56J1IK,,Citizen Science (ultrasonic) - shared
59~40304+18~07242_20260927_202405.wav,DEV_002_20260927_202405.wav,0,59.40304,18.07242,Phogri,Pholidoptera griseoaptera,Dark Bush-cricket,bush-cricket,0.98,,,27/09/2026,27/09/2026,20:24:05,ClassifEspSWE-0002026-05-29_1,JOHANKARLSSON,2026092907465N56J1IK,,Citizen Science (ultrasonic) - shared
59~40304+18~07242_20260927_202411.wav,DEV_002_20260927_202411.wav,0,59.40304,18.07242,Phogri,Pholidoptera griseoaptera,Dark Bush-cricket,bush-cricket,0.97,,,27/09/2026,27/09/2026,20:24:11,ClassifEspSWE-0002026-05-29_1,JOHANKARLSSON,2026092907465N56J1IK,,Citizen Science (ultrasonic) - shared
59~40304+18~07242_20260927_202417.wav,DEV_002_20260927_202417.wav,0,59.40304,18.07242,Phogri,Pholidoptera griseoaptera,Dark Bush-cricket,bush-cricket,0.97,,,27/09/2026,27/09/2026,20:24:17,ClassifEspSWE-0002026-05-29_1,JOHANKARLSSON,2026092907465N56J1IK,,Citizen Science (ultrasonic) - shared
59~40304+18~07242_20260927_202423.wav,DEV_002_20260927_202423.wav,0,59.40304,18.07242,Phogri,Pholidoptera griseoaptera,Dark Bush-cricket,bush-cricket,0.99,,,27/09/2026,27/09/2026,20:24:23,ClassifEspSWE-0002026-05-29_1,JOHANKARLSSON,2026092907465N56J1IK,,Citizen Science (ultrasonic) - shared
59~40304+18~07242_20260927_202429.wav,DEV_002_20260927_202429.wav,0,59.40304,18.07242,Phogri,Pholidoptera griseoaptera,Dark Bush-cricket,bush-cricket,0.98,,,27/09/2026,27/09/2026,20:24:29,ClassifEspSWE-0002026-05-29_1,JOHANKARLSSON,2026092907465N56J1IK,,Citizen Science (ultrasonic) - shared
59~40304+18~07242_20260927_202435.wav,DEV_002_20260927_202435.wav,0,59.40304,18.07242,Phogri,Pholidoptera griseoaptera,Dark Bush-cricket,bush-cricket,0.99,,,27/09/2026,27/09/2026,20:24:35,ClassifEspSWE-0002026-05-29_1,JOHANKARLSSON,2026092907465N56J1IK,,Citizen Science (ultrasonic) - shared
59~40304+18~07242_20260927_202442.wav,DEV_002_20260927_202442.wav,0,59.40304,18.07242,Phogri,Pholidoptera griseoaptera,Dark Bush-cricket,bush-cricket,0.96,,,27/09/2026,27/09/2026,20:24:42,ClassifEspSWE-0002026-05-29_1,JOHANKARLSSON,2026092907465N56J1IK,,Citizen Science (ultrasonic) - shared
59~40304+18~07242_20260927_202448.wav,DEV_002_20260927_202448.wav,0,59.40304,18.07242,Phogri,Pholidoptera griseoaptera,Dark Bush-cricket,bush-cricket,0.97,,,27/09/2026,27/09/2026,20:24:48,ClassifEspSWE-0002026-05-29_1,JOHANKARLSSON,2026092907465N56J1IK,,Citizen Science (ultrasonic) - shared
59~40304+18~07242_20260927_202455.wav,DEV_002_20260927_202455.wav,0,59.40304,18.07242,Phogri,Pholidoptera griseoaptera,Dark Bush-cricket,bush-cricket,0.99,,,27/09/2026,27/09/2026,20:24:55,ClassifEspSWE-0002026-05-29_1,JOHANKARLSSON,2026092907465N56J1IK,,Citizen Science (ultrasonic) - shared
59~40304+18~07242_20260927_202501.wav,DEV_002_20260927_202501.wav,0,59.40304,18.07242,Phogri,Pholidoptera griseoaptera,Dark Bush-cricket,bush-cricket,0.99,,,27/09/2026,27/09/2026,20:25:01,ClassifEspSWE-0002026-05-29_1,JOHANKARLSSON,2026092907465N56J1IK,,Citizen Science (ultrasonic) - shared
59~40304+18~07242_20260927_202507.wav,DEV_002_20260927_202507.wav,0,59.40304,18.07242,Phogri,Pholidoptera griseoaptera,Dark Bush-cricket,bush-cricket,0.99,,,27/09/2026,27/09/2026,20:25:07,ClassifEspSWE-0002026-05-29_1,JOHANKARLSSON,2026092907465N56J1IK,,Citizen Science (ultrasonic) - shared
59~40304+18~07242_20260927_202514.wav,DEV_002_20260927_202514.wav,0,59.40304,18.07242,Phogri,Pholidoptera griseoaptera,Dark Bush-cricket,bush-cricket,0.93,,,27/09/2026,27/09/2026,20:25:14,ClassifEspSWE-0002026-05-29_1,JOHANKARLSSON,2026092907465N56J1IK,,Citizen Science (ultrasonic) - shared
59~40304+18~07242_20260927_202519.wav,DEV_002_20260927_202519.wav,0,59.40304,18.07242,Phogri,Pholidoptera griseoaptera,Dark Bush-cricket,bush-cricket,0.99,,,27/09/2026,27/09/2026,20:25:19,ClassifEspSWE-0002026-05-29_1,JOHANKARLSSON,2026092907465N56J1IK,,Citizen Science (ultrasonic) - shared
59~40304+18~07242_20260927_202525.wav,DEV_002_20260927_202525.wav,0,59.40304,18.07242,Phogri,Pholidoptera griseoaptera,Dark Bush-cricket,bush-cricket,0.99,,,27/09/2026,27/09/2026,20:25:25,ClassifEspSWE-0002026-05-29_1,JOHANKARLSSON,2026092907465N56J1IK,,Citizen Science (ultrasonic) - shared
59~40304+18~07242_20260927_202530.wav,DEV_002_20260927_202530.wav,0,59.40304,18.07242,Phogri,Pholidoptera griseoaptera,Dark Bush-cricket,bush-cricket,0.97,,,27/09/2026,27/09/2026,20:25:30,ClassifEspSWE-0002026-05-29_1,JOHANKARLSSON,2026092907465N56J1IK,,Citizen Science (ultrasonic) - shared
59~40304+18~07242_20260927_202536.wav,DEV_002_20260927_202536.wav,0,59.40304,18.07242,Phogri,Pholidoptera griseoaptera,Dark Bush-cricket,bush-cricket,0.98,,,27/09/2026,27/09/2026,20:25:36,ClassifEspSWE-0002026-05-29_1,JOHANKARLSSON,2026092907465N56J1IK,,Citizen Science (ultrasonic) - shared
59~40304+18~07242_20260927_202542.wav,DEV_002_20260927_202542.wav,0,59.40304,18.07242,Phogri,Pholidoptera griseoaptera,Dark Bush-cricket,bush-cricket,0.97,,,27/09/2026,27/09/2026,20:25:42,ClassifEspSWE-0002026-05-29_1,JOHANKARLSSON,2026092907465N56J1IK,,Citizen Science (ultrasonic) - shared
59~40304+18~07242_20260927_202548.wav,DEV_002_20260927_202548.wav,0,59.40304,18.07242,Phogri,Pholidoptera griseoaptera,Dark Bush-cricket,bush-cricket,0.99,,,27/09/2026,27/09/2026,20:25:48,ClassifEspSWE-0002026-05-29_1,JOHANKARLSSON,2026092907465N56J1IK,,Citizen Science (ultrasonic) - shared
59~40304+18~07242_20260927_202555.wav,DEV_002_20260927_202555.wav,0,59.40304,18.07242,Phogri,Pholidoptera griseoaptera,Dark Bush-cricket,bush-cricket,0.98,,,27/09/2026,27/09/2026,20:25:55,ClassifEspSWE-0002026-05-29_1,JOHANKARLSSON,2026092907465N56J1IK,,Citizen Science (ultrasonic) - shared
59~40304+18~07242_20260927_202602.wav,DEV_002_20260927_202602.wav,0,59.40304,18.07242,Phogri,Pholidoptera griseoaptera,Dark Bush-cricket,bush-cricket,0.97,,,27/09/2026,27/09/2026,20:26:02,ClassifEspSWE-0002026-05-29_1,JOHANKARLSSON,2026092907465N56J1IK,,Citizen Science (ultrasonic) - shared
59~40304+18~07242_20260927_202608.wav,DEV_002_20260927_202608.wav,0,59.40304,18.07242,Phogri,Pholidoptera griseoaptera,Dark Bush-cricket,bush-cricket,0.99,,,27/09/2026,27/09/2026,20:26:08,ClassifEspSWE-0002026-05-29_1,JOHANKARLSSON,2026092907465N56J1IK,,Citizen Science (ultrasonic) - shared
59~40304+18~07242_20260927_202614.wav,DEV_002_20260927_202614.wav,0,59.40304,18.07242,Phogri,Pholidoptera griseoaptera,Dark Bush-cricket,bush-cricket,0.8,,,27/09/2026,27/09/2026,20:26:14,ClassifEspSWE-0002026-05-29_1,JOHANKARLSSON,2026092907465N56J1IK,,Citizen Science (ultrasonic) - shared
59~40304+18~07242_20260927_202620.wav,DEV_002_20260927_202620.wav,0,59.40304,18.07242,Phogri,Pholidoptera griseoaptera,Dark Bush-cricket,bush-cricket,0.72,,,27/09/2026,27/09/2026,20:26:20,ClassifEspSWE-0002026-05-29_1,JOHANKARLSSON,2026092907465N56J1IK,,Citizen Science (ultrasonic) - shared
59~40304+18~07242_20260927_202626.wav,DEV_002_20260927_202626.wav,0,59.40304,18.07242,Phogri,Pholidoptera griseoaptera,Dark Bush-cricket,bush-cricket,0.75,,,27/09/2026,27/09/2026,20:26:26,ClassifEspSWE-0002026-05-29_1,JOHANKARLSSON,2026092907465N56J1IK,,Citizen Science (ultrasonic) - shared
59~40304+18~07242_20260927_202631.wav,DEV_002_20260927_202631.wav,0,59.40304,18.07242,Phogri,Pholidoptera griseoaptera,Dark Bush-cricket,bush-cricket,0.99,,,27/09/2026,27/09/2026,20:26:31,ClassifEspSWE-0002026-05-29_1,JOHANKARLSSON,2026092907465N56J1IK,,Citizen Science (ultrasonic) - shared
59~40304+18~07242_20260927_202638.wav,DEV_002_20260927_202638.wav,0,59.40304,18.07242,Phogri,Pholidoptera griseoaptera,Dark Bush-cricket,bush-cricket,0.98,,,27/09/2026,27/09/2026,20:26:38,ClassifEspSWE-0002026-05-29_1,JOHANKARLSSON,2026092907465N56J1IK,,Citizen Science (ultrasonic) - shared
59~40304+18~07242_20260927_202643.wav,DEV_002_20260927_202643.wav,0,59.40304,18.07242,Phogri,Pholidoptera griseoaptera,Dark Bush-cricket,bush-cricket,0.98,,,27/09/2026,27/09/2026,20:26:43,ClassifEspSWE-0002026-05-29_1,JOHANKARLSSON,2026092907465N56J1IK,,Citizen Science (ultrasonic) - shared
59~40304+18~07242_20260927_202649.wav,DEV_002_20260927_202649.wav,0,59.40304,18.07242,Phogri,Pholidoptera griseoaptera,Dark Bush-cricket,bush-cricket,0.89,,,27/09/2026,27/09/2026,20:26:49,ClassifEspSWE-0002026-05-29_1,JOHANKARLSSON,2026092907465N56J1IK,,Citizen Science (ultrasonic) - shared
59~40304+18~07242_20260927_202654.wav,DEV_002_20260927_202654.wav,0,59.40304,18.07242,Phogri,Pholidoptera griseoaptera,Dark Bush-cricket,bush-cricket,0.98,,,27/09/2026,27/09/2026,20:26:54,ClassifEspSWE-0002026-05-29_1,JOHANKARLSSON,2026092907465N56J1IK,,Citizen Science (ultrasonic) - shared
59~40304+18~07242_20260927_202700.wav,DEV_002_20260927_202700.wav,0,59.40304,18.07242,Phogri,Pholidoptera griseoaptera,Dark Bush-cricket,bush-cricket,0.88,,,27/09/2026,27/09/2026,20:27:00,ClassifEspSWE-0002026-05-29_1,JOHANKARLSSON,2026092907465N56J1IK,,Citizen Science (ultrasonic) - shared
59~40304+18~07242_20260927_202705.wav,DEV_002_20260927_202705.wav,0,59.40304,18.07242,Phogri,Pholidoptera griseoaptera,Dark Bush-cricket,bush-cricket,0.99,,,27/09/2026,27/09/2026,20:27:05,ClassifEspSWE-0002026-05-29_1,JOHANKARLSSON,2026092907465N56J1IK,,Citizen Science (ultrasonic) - shared
59~40304+18~07242_20260927_202711.wav,DEV_002_20260927_202711.wav,0,59.40304,18.07242,Phogri,Pholidoptera griseoaptera,Dark Bush-cricket,bush-cricket,0.99,,,27/09/2026,27/09/2026,20:27:11,ClassifEspSWE-0002026-05-29_1,JOHANKARLSSON,2026092907465N56J1IK,,Citizen Science (ultrasonic) - shared
59~40304+18~07242_20260927_202717.wav,DEV_002_20260927_202717.wav,0,59.40304,18.07242,Phogri,Pholidoptera griseoaptera,Dark Bush-cricket,bush-cricket,0.87,,,27/09/2026,27/09/2026,20:27:17,ClassifEspSWE-0002026-05-29_1,JOHANKARLSSON,2026092907465N56J1IK,,Citizen Science (ultrasonic) - shared
59~40304+18~07242_20260927_202724.wav,DEV_002_20260927_202724.wav,0,59.40304,18.07242,Phogri,Pholidoptera griseoaptera,Dark Bush-cricket,bush-cricket,0.86,,,27/09/2026,27/09/2026,20:27:24,ClassifEspSWE-0002026-05-29_1,JOHANKARLSSON,2026092907465N56J1IK,,Citizen Science (ultrasonic) - shared
59~40304+18~07242_20260927_202730.wav,DEV_002_20260927_202730.wav,0,59.40304,18.07242,Phogri,Pholidoptera griseoaptera,Dark Bush-cricket,bush-cricket,0.74,,,27/09/2026,27/09/2026,20:27:30,ClassifEspSWE-0002026-05-29_1,JOHANKARLSSON,2026092907465N56J1IK,,Citizen Science (ultrasonic) - shared
59~40304+18~07242_20260927_202737.wav,DEV_002_20260927_202737.wav,0,59.40304,18.07242,Phogri,Pholidoptera griseoaptera,Dark Bush-cricket,bush-cricket,0.95,,,27/09/2026,27/09/2026,20:27:37,ClassifEspSWE-0002026-05-29_1,JOHANKARLSSON,2026092907465N56J1IK,,Citizen Science (ultrasonic) - shared
59~40304+18~07242_20260927_202743.wav,DEV_002_20260927_202743.wav,0,59.40304,18.07242,Phogri,Pholidoptera griseoaptera,Dark Bush-cricket,bush-cricket,0.97,,,27/09/2026,27/09/2026,20:27:43,ClassifEspSWE-0002026-05-29_1,JOHANKARLSSON,2026092907465N56J1IK,,Citizen Science (ultrasonic) - shared
59~40304+18~07242_20260927_202749.wav,DEV_002_20260927_202749.wav,0,59.40304,18.07242,Phogri,Pholidoptera griseoaptera,Dark Bush-cricket,bush-cricket,0.8,,,27/09/2026,27/09/2026,20:27:49,ClassifEspSWE-0002026-05-29_1,JOHANKARLSSON,2026092907465N56J1IK,,Citizen Science (ultrasonic) - shared
59~40304+18~07242_20260927_202754.wav,DEV_002_20260927_202754.wav,0,59.40304,18.07242,Phogri,Pholidoptera griseoaptera,Dark Bush-cricket,bush-cricket,0.91,,,27/09/2026,27/09/2026,20:27:54,ClassifEspSWE-0002026-05-29_1,JOHANKARLSSON,2026092907465N56J1IK,,Citizen Science (ultrasonic) - shared
59~40304+18~07242_20260927_202802.wav,DEV_002_20260927_202802.wav,0,59.40304,18.07242,Phogri,Pholidoptera griseoaptera,Dark Bush-cricket,bush-cricket,0.75,,,27/09/2026,27/09/2026,20:28:02,ClassifEspSWE-0002026-05-29_1,JOHANKARLSSON,2026092907465N56J1IK,,Citizen Science (ultrasonic) - shared
59~40304+18~07242_20260927_202808.wav,DEV_002_20260927_202808.wav,0,59.40304,18.07242,Phogri,Pholidoptera griseoaptera,Dark Bush-cricket,bush-cricket,0.93,,,27/09/2026,27/09/2026,20:28:08,ClassifEspSWE-0002026-05-29_1,JOHANKARLSSON,2026092907465N56J1IK,,Citizen Science (ultrasonic) - shared
59~40304+18~07242_20260927_202814.wav,DEV_002_20260927_202814.wav,0,59.40304,18.07242,Phogri,Pholidoptera griseoaptera,Dark Bush-cricket,bush-cricket,0.99,,,27/09/2026,27/09/2026,20:28:14,ClassifEspSWE-0002026-05-29_1,JOHANKARLSSON,2026092907465N56J1IK,,Citizen Science (ultrasonic) - shared
59~40304+18~07242_20260927_202821.wav,DEV_002_20260927_202821.wav,0,59.40304,18.07242,Phogri,Pholidoptera griseoaptera,Dark Bush-cricket,bush-cricket,0.79,,,27/09/2026,27/09/2026,20:28:21,ClassifEspSWE-0002026-05-29_1,JOHANKARLSSON,2026092907465N56J1IK,,Citizen Science (ultrasonic) - shared
59~40304+18~07242_20260927_202826.wav,DEV_002_20260927_202826.wav,0,59.40304,18.07242,Phogri,Pholidoptera griseoaptera,Dark Bush-cricket,bush-cricket,0.93,,,27/09/2026,27/09/2026,20:28:26,ClassifEspSWE-0002026-05-29_1,JOHANKARLSSON,2026092907465N56J1IK,,Citizen Science (ultrasonic) - shared
59~40304+18~07242_20260927_202832.wav,DEV_002_20260927_202832.wav,0,59.40304,18.07242,Phogri,Pholidoptera griseoaptera,Dark Bush-cricket,bush-cricket,0.92,,,27/09/2026,27/09/2026,20:28:32,ClassifEspSWE-0002026-05-29_1,JOHANKARLSSON,2026092907465N56J1IK,,Citizen Science (ultrasonic) - shared
59~40304+18~07242_20260927_202839.wav,DEV_002_20260927_202839.wav,0,59.40304,18.07242,Phogri,Pholidoptera griseoaptera,Dark Bush-cricket,bush-cricket,0.96,,,27/09/2026,27/09/2026,20:28:39,ClassifEspSWE-0002026-05-29_1,JOHANKARLSSON,2026092907465N56J1IK,,Citizen Science (ultrasonic) - shared
59~40304+18~07242_20260927_202845.wav,DEV_002_20260927_202845.wav,0,59.40304,18.07242,Phogri,Pholidoptera griseoaptera,Dark Bush-cricket,bush-cricket,0.98,,,27/09/2026,27/09/2026,20:28:45,ClassifEspSWE-0002026-05-29_1,JOHANKARLSSON,2026092907465N56J1IK,,Citizen Science (ultrasonic) - shared
59~40304+18~07242_20260927_202851.wav,DEV_002_20260927_202851.wav,0,59.40304,18.07242,Phogri,Pholidoptera griseoaptera,Dark Bush-cricket,bush-cricket,0.8,,,27/09/2026,27/09/2026,20:28:51,ClassifEspSWE-0002026-05-29_1,JOHANKARLSSON,2026092907465N56J1IK,,Citizen Science (ultrasonic) - shared
59~40304+18~07242_20260927_202856.wav,DEV_002_20260927_202856.wav,0,59.40304,18.07242,Phogri,Pholidoptera griseoaptera,Dark Bush-cricket,bush-cricket,0.9,,,27/09/2026,27/09/2026,20:28:56,ClassifEspSWE-0002026-05-29_1,JOHANKARLSSON,2026092907465N56J1IK,,Citizen Science (ultrasonic) - shared
59~40304+18~07242_20260927_202901.wav,DEV_002_20260927_202901.wav,0,59.40304,18.07242,Phogri,Pholidoptera griseoaptera,Dark Bush-cricket,bush-cricket,0.72,,,27/09/2026,27/09/2026,20:29:01,ClassifEspSWE-0002026-05-29_1,JOHANKARLSSON,2026092907465N56J1IK,,Citizen Science (ultrasonic) - shared
59~40304+18~07242_20260927_202907.wav,DEV_002_20260927_202907.wav,0,59.40304,18.07242,Phogri,Pholidoptera griseoaptera,Dark Bush-cricket,bush-cricket,0.94,,,27/09/2026,27/09/2026,20:29:07,ClassifEspSWE-0002026-05-29_1,JOHANKARLSSON,2026092907465N56J1IK,,Citizen Science (ultrasonic) - shared
59~40304+18~07242_20260927_202914.wav,DEV_002_20260927_202914.wav,0,59.40304,18.07242,Phogri,Pholidoptera griseoaptera,Dark Bush-cricket,bush-cricket,0.92,,,27/09/2026,27/09/2026,20:29:14,ClassifEspSWE-0002026-05-29_1,JOHANKARLSSON,2026092907465N56J1IK,,Citizen Science (ultrasonic) - shared
59~40304+18~07242_20260927_202920.wav,DEV_002_20260927_202920.wav,0,59.40304,18.07242,Phogri,Pholidoptera griseoaptera,Dark Bush-cricket,bush-cricket,0.96,,,27/09/2026,27/09/2026,20:29:20,ClassifEspSWE-0002026-05-29_1,JOHANKARLSSON,2026092907465N56J1IK,,Citizen Science (ultrasonic) - shared
59~40304+18~07242_20260927_202926.wav,DEV_002_20260927_202926.wav,0,59.40304,18.07242,Phogri,Pholidoptera griseoaptera,Dark Bush-cricket,bush-cricket,0.87,,,27/09/2026,27/09/2026,20:29:26,ClassifEspSWE-0002026-05-29_1,JOHANKARLSSON,2026092907465N56J1IK,,Citizen Science (ultrasonic) - shared
59~40304+18~07242_20260927_202932.wav,DEV_002_20260927_202932.wav,0,59.40304,18.07242,Phogri,Pholidoptera griseoaptera,Dark Bush-cricket,bush-cricket,0.99,,,27/09/2026,27/09/2026,20:29:32,ClassifEspSWE-0002026-05-29_1,JOHANKARLSSON,2026092907465N56J1IK,,Citizen Science (ultrasonic) - shared
59~40304+18~07242_20260927_202939.wav,DEV_002_20260927_202939.wav,0,59.40304,18.07242,Phogri,Pholidoptera griseoaptera,Dark Bush-cricket,bush-cricket,0.82,,,27/09/2026,27/09/2026,20:29:39,ClassifEspSWE-0002026-05-29_1,JOHANKARLSSON,2026092907465N56J1IK,,Citizen Science (ultrasonic) - shared
59~40304+18~07242_20260927_202944.wav,DEV_002_20260927_202944.wav,0,59.40304,18.07242,Phogri,Pholidoptera griseoaptera,Dark Bush-cricket,bush-cricket,0.83,,,27/09/2026,27/09/2026,20:29:44,ClassifEspSWE-0002026-05-29_1,JOHANKARLSSON,2026092907465N56J1IK,,Citizen Science (ultrasonic) - shared
59~40304+18~07242_20260927_202949.wav,DEV_002_20260927_202949.wav,0,59.40304,18.07242,Phogri,Pholidoptera griseoaptera,Dark Bush-cricket,bush-cricket,0.96,,,27/09/2026,27/09/2026,20:29:49,ClassifEspSWE-0002026-05-29_1,JOHANKARLSSON,2026092907465N56J1IK,,Citizen Science (ultrasonic) - shared
59~40304+18~07242_20260927_202955.wav,DEV_002_20260927_202955.wav,0,59.40304,18.07242,Phogri,Pholidoptera griseoaptera,Dark Bush-cricket,bush-cricket,0.85,,,27/09/2026,27/09/2026,20:29:55,ClassifEspSWE-0002026-05-29_1,JOHANKARLSSON,2026092907465N56J1IK,,Citizen Science (ultrasonic) - shared
59~40304+18~07242_20260927_203000.wav,DEV_002_20260927_203000.wav,0,59.40304,18.07242,Phogri,Pholidoptera griseoaptera,Dark Bush-cricket,bush-cricket,0.88,,,27/09/2026,27/09/2026,20:30:00,ClassifEspSWE-0002026-05-29_1,JOHANKARLSSON,2026092907465N56J1IK,,Citizen Science (ultrasonic) - shared
59~40304+18~07242_20260927_203006.wav,DEV_002_20260927_203006.wav,0,59.40304,18.07242,Phogri,Pholidoptera griseoaptera,Dark Bush-cricket,bush-cricket,0.88,,,27/09/2026,27/09/2026,20:30:06,ClassifEspSWE-0002026-05-29_1,JOHANKARLSSON,2026092907465N56J1IK,,Citizen Science (ultrasonic) - shared
59~40304+18~07242_20260927_203011.wav,DEV_002_20260927_203011.wav,0,59.40304,18.07242,Phogri,Pholidoptera griseoaptera,Dark Bush-cricket,bush-cricket,0.94,,,27/09/2026,27/09/2026,20:30:11,ClassifEspSWE-0002026-05-29_1,JOHANKARLSSON,2026092907465N56J1IK,,Citizen Science (ultrasonic) - shared
59~40304+18~07242_20260927_203017.wav,DEV_002_20260927_203017.wav,0,59.40304,18.07242,Phogri,Pholidoptera griseoaptera,Dark Bush-cricket,bush-cricket,0.94,,,27/09/2026,27/09/2026,20:30:17,ClassifEspSWE-0002026-05-29_1,JOHANKARLSSON,2026092907465N56J1IK,,Citizen Science (ultrasonic) - shared
59~40304+18~07242_20260927_203023.wav,DEV_002_20260927_203023.wav,0,59.40304,18.07242,Phogri,Pholidoptera griseoaptera,Dark Bush-cricket,bush-cricket,0.81,,,27/09/2026,27/09/2026,20:30:23,ClassifEspSWE-0002026-05-29_1,JOHANKARLSSON,2026092907465N56J1IK,,Citizen Science (ultrasonic) - shared
59~40304+18~07242_20260927_203028.wav,DEV_002_20260927_203028.wav,0,59.40304,18.07242,Phogri,Pholidoptera griseoaptera,Dark Bush-cricket,bush-cricket,0.99,,,27/09/2026,27/09/2026,20:30:28,ClassifEspSWE-0002026-05-29_1,JOHANKARLSSON,2026092907465N56J1IK,,Citizen Science (ultrasonic) - shared
59~40304+18~07242_20260927_203033.wav,DEV_002_20260927_203033.wav,0,59.40304,18.07242,Phogri,Pholidoptera griseoaptera,Dark Bush-cricket,bush-cricket,0.96,,,27/09/2026,27/09/2026,20:30:33,ClassifEspSWE-0002026-05-29_1,JOHANKARLSSON,2026092907465N56J1IK,,Citizen Science (ultrasonic) - shared
59~40304+18~07242_20260927_203040.wav,DEV_002_20260927_203040.wav,0,59.40304,18.07242,Phogri,Pholidoptera griseoaptera,Dark Bush-cricket,bush-cricket,0.95,,,27/09/2026,27/09/2026,20:30:40,ClassifEspSWE-0002026-05-29_1,JOHANKARLSSON,2026092907465N56J1IK,,Citizen Science (ultrasonic) - shared
59~40304+18~07242_20260927_203045.wav,DEV_002_20260927_203045.wav,0,59.40304,18.07242,Phogri,Pholidoptera griseoaptera,Dark Bush-cricket,bush-cricket,0.99,,,27/09/2026,27/09/2026,20:30:45,ClassifEspSWE-0002026-05-29_1,JOHANKARLSSON,2026092907465N56J1IK,,Citizen Science (ultrasonic) - shared
59~40304+18~07242_20260927_203051.wav,DEV_002_20260927_203051.wav,0,59.40304,18.07242,Phogri,Pholidoptera griseoaptera,Dark Bush-cricket,bush-cricket,0.97,,,27/09/2026,27/09/2026,20:30:51,ClassifEspSWE-0002026-05-29_1,JOHANKARLSSON,2026092907465N56J1IK,,Citizen Science (ultrasonic) - shared
59~40304+18~07242_20260927_203058.wav,DEV_002_20260927_203058.wav,0,59.40304,18.07242,Phogri,Pholidoptera griseoaptera,Dark Bush-cricket,bush-cricket,0.98,,,27/09/2026,27/09/2026,20:30:58,ClassifEspSWE-0002026-05-29_1,JOHANKARLSSON,2026092907465N56J1IK,,Citizen Science (ultrasonic) - shared
59~40304+18~07242_20260927_203104.wav,DEV_002_20260927_203104.wav,0,59.40304,18.07242,Phogri,Pholidoptera griseoaptera,Dark Bush-cricket,bush-cricket,0.84,,,27/09/2026,27/09/2026,20:31:04,ClassifEspSWE-0002026-05-29_1,JOHANKARLSSON,2026092907465N56J1IK,,Citizen Science (ultrasonic) - shared
59~40304+18~07242_20260927_203109.wav,DEV_002_20260927_203109.wav,0,59.40304,18.07242,Phogri,Pholidoptera griseoaptera,Dark Bush-cricket,bush-cricket,0.85,,,27/09/2026,27/09/2026,20:31:09,ClassifEspSWE-0002026-05-29_1,JOHANKARLSSON,2026092907465N56J1IK,,Citizen Science (ultrasonic) - shared
59~40304+18~07242_20260927_203114.wav,DEV_002_20260927_203114.wav,0,59.40304,18.07242,Phogri,Pholidoptera griseoaptera,Dark Bush-cricket,bush-cricket,0.99,,,27/09/2026,27/09/2026,20:31:14,ClassifEspSWE-0002026-05-29_1,JOHANKARLSSON,2026092907465N56J1IK,,Citizen Science (ultrasonic) - shared
59~40304+18~07242_20260927_203120.wav,DEV_002_20260927_203120.wav,0,59.40304,18.07242,Phogri,Pholidoptera griseoaptera,Dark Bush-cricket,bush-cricket,0.81,,,27/09/2026,27/09/2026,20:31:20,ClassifEspSWE-0002026-05-29_1,JOHANKARLSSON,2026092907465N56J1IK,,Citizen Science (ultrasonic) - shared
59~40304+18~07242_20260927_203125.wav,DEV_002_20260927_203125.wav,0,59.40304,18.07242,Phogri,Pholidoptera griseoaptera,Dark Bush-cricket,bush-cricket,0.98,,,27/09/2026,27/09/2026,20:31:25,ClassifEspSWE-0002026-05-29_1,JOHANKARLSSON,2026092907465N56J1IK,,Citizen Science (ultrasonic) - shared
59~40304+18~07242_20260927_203132.wav,DEV_002_20260927_203132.wav,0,59.40304,18.07242,Phogri,Pholidoptera griseoaptera,Dark Bush-cricket,bush-cricket,0.7,,,27/09/2026,27/09/2026,20:31:32,ClassifEspSWE-0002026-05-29_1,JOHANKARLSSON,2026092907465N56J1IK,,Citizen Science (ultrasonic) - shared
59~40304+18~07242_20260927_203138.wav,DEV_002_20260927_203138.wav,0,59.40304,18.07242,Phogri,Pholidoptera griseoaptera,Dark Bush-cricket,bush-cricket,0.53,,,27/09/2026,27/09/2026,20:31:38,ClassifEspSWE-0002026-05-29_1,JOHANKARLSSON,2026092907465N56J1IK,,Citizen Science (ultrasonic) - shared
59~40304+18~07242_20260927_203145.wav,DEV_002_20260927_203145.wav,0,59.40304,18.07242,Phogri,Pholidoptera griseoaptera,Dark Bush-cricket,bush-cricket,0.9,,,27/09/2026,27/09/2026,20:31:45,ClassifEspSWE-0002026-05-29_1,JOHANKARLSSON,2026092907465N56J1IK,,Citizen Science (ultrasonic) - shared
59~40304+18~07242_20260927_203151.wav,DEV_002_20260927_203151.wav,0,59.40304,18.07242,Phogri,Pholidoptera griseoaptera,Dark Bush-cricket,bush-cricket,0.96,,,27/09/2026,27/09/2026,20:31:51,ClassifEspSWE-0002026-05-29_1,JOHANKARLSSON,2026092907465N56J1IK,,Citizen Science (ultrasonic) - shared
59~40304+18~07242_20260927_203156.wav,DEV_002_20260927_203156.wav,0,59.40304,18.07242,Phogri,Pholidoptera griseoaptera,Dark Bush-cricket,bush-cricket,0.99,,,27/09/2026,27/09/2026,20:31:56,ClassifEspSWE-0002026-05-29_1,JOHANKARLSSON,2026092907465N56J1IK,,Citizen Science (ultrasonic) - shared
59~40304+18~07242_20260927_203203.wav,DEV_002_20260927_203203.wav,0,59.40304,18.07242,Phogri,Pholidoptera griseoaptera,Dark Bush-cricket,bush-cricket,0.99,,,27/09/2026,27/09/2026,20:32:03,ClassifEspSWE-0002026-05-29_1,JOHANKARLSSON,2026092907465N56J1IK,,Citizen Science (ultrasonic) - shared
59~40304+18~07242_20260927_203209.wav,DEV_002_20260927_203209.wav,0,59.40304,18.07242,Phogri,Pholidoptera griseoaptera,Dark Bush-cricket,bush-cricket,0.98,,,27/09/2026,27/09/2026,20:32:09,ClassifEspSWE-0002026-05-29_1,JOHANKARLSSON,2026092907465N56J1IK,,Citizen Science (ultrasonic) - shared
59~40304+18~07242_20260927_203215.wav,DEV_002_20260927_203215.wav,0,59.40304,18.07242,Phogri,Pholidoptera griseoaptera,Dark Bush-cricket,bush-cricket,0.97,,,27/09/2026,27/09/2026,20:32:15,ClassifEspSWE-0002026-05-29_1,JOHANKARLSSON,2026092907465N56J1IK,,Citizen Science (ultrasonic) - shared
59~40304+18~07242_20260927_203222.wav,DEV_002_20260927_203222.wav,0,59.40304,18.07242,Phogri,Pholidoptera griseoaptera,Dark Bush-cricket,bush-cricket,0.73,,,27/09/2026,27/09/2026,20:32:22,ClassifEspSWE-0002026-05-29_1,JOHANKARLSSON,2026092907465N56J1IK,,Citizen Science (ultrasonic) - shared
59~40304+18~07242_20260927_203228.wav,DEV_002_20260927_203228.wav,0,59.40304,18.07242,Phogri,Pholidoptera griseoaptera,Dark Bush-cricket,bush-cricket,0.98,,,27/09/2026,27/09/2026,20:32:28,ClassifEspSWE-0002026-05-29_1,JOHANKARLSSON,2026092907465N56J1IK,,Citizen Science (ultrasonic) - shared
59~40304+18~07242_20260927_203234.wav,DEV_002_20260927_203234.wav,0,59.40304,18.07242,Phogri,Pholidoptera griseoaptera,Dark Bush-cricket,bush-cricket,0.94,,,27/09/2026,27/09/2026,20:32:34,ClassifEspSWE-0002026-05-29_1,JOHANKARLSSON,2026092907465N56J1IK,,Citizen Science (ultrasonic) - shared
59~40304+18~07242_20260927_203240.wav,DEV_002_20260927_203240.wav,0,59.40304,18.07242,Phogri,Pholidoptera griseoaptera,Dark Bush-cricket,bush-cricket,0.91,,,27/09/2026,27/09/2026,20:32:40,ClassifEspSWE-0002026-05-29_1,JOHANKARLSSON,2026092907465N56J1IK,,Citizen Science (ultrasonic) - shared
59~40304+18~07242_20260927_203245.wav,DEV_002_20260927_203245.wav,0,59.40304,18.07242,Phogri,Pholidoptera griseoaptera,Dark Bush-cricket,bush-cricket,0.98,,,27/09/2026,27/09/2026,20:32:45,ClassifEspSWE-0002026-05-29_1,JOHANKARLSSON,2026092907465N56J1IK,,Citizen Science (ultrasonic) - shared
59~40304+18~07242_20260927_203251.wav,DEV_002_20260927_203251.wav,0,59.40304,18.07242,Phogri,Pholidoptera griseoaptera,Dark Bush-cricket,bush-cricket,0.99,,,27/09/2026,27/09/2026,20:32:51,ClassifEspSWE-0002026-05-29_1,JOHANKARLSSON,2026092907465N56J1IK,,Citizen Science (ultrasonic) - shared
59~40304+18~07242_20260927_203257.wav,DEV_002_20260927_203257.wav,0,59.40304,18.07242,Phogri,Pholidoptera griseoaptera,Dark Bush-cricket,bush-cricket,0.99,,,27/09/2026,27/09/2026,20:32:57,ClassifEspSWE-0002026-05-29_1,JOHANKARLSSON,2026092907465N56J1IK,,Citizen Science (ultrasonic) - shared
59~40304+18~07242_20260927_203303.wav,DEV_002_20260927_203303.wav,0,59.40304,18.07242,Phogri,Pholidoptera griseoaptera,Dark Bush-cricket,bush-cricket,0.96,,,27/09/2026,27/09/2026,20:33:03,ClassifEspSWE-0002026-05-29_1,JOHANKARLSSON,2026092907465N56J1IK,,Citizen Science (ultrasonic) - shared
59~40304+18~07242_20260927_203308.wav,DEV_002_20260927_203308.wav,0,59.40304,18.07242,Phogri,Pholidoptera griseoaptera,Dark Bush-cricket,bush-cricket,0.89,,,27/09/2026,27/09/2026,20:33:08,ClassifEspSWE-0002026-05-29_1,JOHANKARLSSON,2026092907465N56J1IK,,Citizen Science (ultrasonic) - shared
59~40304+18~07242_20260927_203314.wav,DEV_002_20260927_203314.wav,0,59.40304,18.07242,Phogri,Pholidoptera griseoaptera,Dark Bush-cricket,bush-cricket,0.97,,,27/09/2026,27/09/2026,20:33:14,ClassifEspSWE-0002026-05-29_1,JOHANKARLSSON,2026092907465N56J1IK,,Citizen Science (ultrasonic) - shared
59~40304+18~07242_20260927_203319.wav,DEV_002_20260927_203319.wav,0,59.40304,18.07242,Phogri,Pholidoptera griseoaptera,Dark Bush-cricket,bush-cricket,0.98,,,27/09/2026,27/09/2026,20:33:19,ClassifEspSWE-0002026-05-29_1,JOHANKARLSSON,2026092907465N56J1IK,,Citizen Science (ultrasonic) - shared
59~40304+18~07242_20260927_203325.wav,DEV_002_20260927_203325.wav,0,59.40304,18.07242,Phogri,Pholidoptera griseoaptera,Dark Bush-cricket,bush-cricket,0.99,,,27/09/2026,27/09/2026,20:33:25,ClassifEspSWE-0002026-05-29_1,JOHANKARLSSON,2026092907465N56J1IK,,Citizen Science (ultrasonic) - shared
59~40304+18~07242_20260927_203331.wav,DEV_002_20260927_203331.wav,0,59.40304,18.07242,Phogri,Pholidoptera griseoaptera,Dark Bush-cricket,bush-cricket,0.98,,,27/09/2026,27/09/2026,20:33:31,ClassifEspSWE-0002026-05-29_1,JOHANKARLSSON,2026092907465N56J1IK,,Citizen Science (ultrasonic) - shared
59~40304+18~07242_20260927_203337.wav,DEV_002_20260927_203337.wav,0,59.40304,18.07242,Phogri,Pholidoptera griseoaptera,Dark Bush-cricket,bush-cricket,0.97,,,27/09/2026,27/09/2026,20:33:37,ClassifEspSWE-0002026-05-29_1,JOHANKARLSSON,2026092907465N56J1IK,,Citizen Science (ultrasonic) - shared
59~40304+18~07242_20260927_203343.wav,DEV_002_20260927_203343.wav,0,59.40304,18.07242,Phogri,Pholidoptera griseoaptera,Dark Bush-cricket,bush-cricket,0.86,,,27/09/2026,27/09/2026,20:33:43,ClassifEspSWE-0002026-05-29_1,JOHANKARLSSON,2026092907465N56J1IK,,Citizen Science (ultrasonic) - shared
59~40304+18~07242_20260927_203348.wav,DEV_002_20260927_203348.wav,0,59.40304,18.07242,Phogri,Pholidoptera griseoaptera,Dark Bush-cricket,bush-cricket,0.79,,,27/09/2026,27/09/2026,20:33:48,ClassifEspSWE-0002026-05-29_1,JOHANKARLSSON,2026092907465N56J1IK,,Citizen Science (ultrasonic) - shared
59~40304+18~07242_20260927_203353.wav,DEV_002_20260927_203353.wav,0,59.40304,18.07242,Phogri,Pholidoptera griseoaptera,Dark Bush-cricket,bush-cricket,0.55,,,27/09/2026,27/09/2026,20:33:53,ClassifEspSWE-0002026-05-29_1,JOHANKARLSSON,2026092907465N56J1IK,,Citizen Science (ultrasonic) - shared
59~40304+18~07242_20260927_203359.wav,DEV_002_20260927_203359.wav,0,59.40304,18.07242,Phogri,Pholidoptera griseoaptera,Dark Bush-cricket,bush-cricket,0.83,,,27/09/2026,27/09/2026,20:33:59,ClassifEspSWE-0002026-05-29_1,JOHANKARLSSON,2026092907465N56J1IK,,Citizen Science (ultrasonic) - shared
59~40304+18~07242_20260927_203405.wav,DEV_002_20260927_203405.wav,0,59.40304,18.07242,Phogri,Pholidoptera griseoaptera,Dark Bush-cricket,bush-cricket,0.99,,,27/09/2026,27/09/2026,20:34:05,ClassifEspSWE-0002026-05-29_1,JOHANKARLSSON,2026092907465N56J1IK,,Citizen Science (ultrasonic) - shared
59~40304+18~07242_20260927_203411.wav,DEV_002_20260927_203411.wav,0,59.40304,18.07242,Phogri,Pholidoptera griseoaptera,Dark Bush-cricket,bush-cricket,0.99,,,27/09/2026,27/09/2026,20:34:11,ClassifEspSWE-0002026-05-29_1,JOHANKARLSSON,2026092907465N56J1IK,,Citizen Science (ultrasonic) - shared
59~40304+18~07242_20260927_203416.wav,DEV_002_20260927_203416.wav,0,59.40304,18.07242,Phogri,Pholidoptera griseoaptera,Dark Bush-cricket,bush-cricket,0.99,,,27/09/2026,27/09/2026,20:34:16,ClassifEspSWE-0002026-05-29_1,JOHANKARLSSON,2026092907465N56J1IK,,Citizen Science (ultrasonic) - shared
59~40304+18~07242_20260927_203422.wav,DEV_002_20260927_203422.wav,0,59.40304,18.07242,Phogri,Pholidoptera griseoaptera,Dark Bush-cricket,bush-cricket,0.97,,,27/09/2026,27/09/2026,20:34:22,ClassifEspSWE-0002026-05-29_1,JOHANKARLSSON,2026092907465N56J1IK,,Citizen Science (ultrasonic) - shared
59~40304+18~07242_20260927_203429.wav,DEV_002_20260927_203429.wav,0,59.40304,18.07242,Phogri,Pholidoptera griseoaptera,Dark Bush-cricket,bush-cricket,0.99,,,27/09/2026,27/09/2026,20:34:29,ClassifEspSWE-0002026-05-29_1,JOHANKARLSSON,2026092907465N56J1IK,,Citizen Science (ultrasonic) - shared
59~40304+18~07242_20260927_203434.wav,DEV_002_20260927_203434.wav,0,59.40304,18.07242,Phogri,Pholidoptera griseoaptera,Dark Bush-cricket,bush-cricket,0.84,,,27/09/2026,27/09/2026,20:34:34,ClassifEspSWE-0002026-05-29_1,JOHANKARLSSON,2026092907465N56J1IK,,Citizen Science (ultrasonic) - shared
59~40304+18~07242_20260927_203440.wav,DEV_002_20260927_203440.wav,0,59.40304,18.07242,Phogri,Pholidoptera griseoaptera,Dark Bush-cricket,bush-cricket,0.8,,,27/09/2026,27/09/2026,20:34:40,ClassifEspSWE-0002026-05-29_1,JOHANKARLSSON,2026092907465N56J1IK,,Citizen Science (ultrasonic) - shared
59~40304+18~07242_20260927_203445.wav,DEV_002_20260927_203445.wav,0,59.40304,18.07242,Phogri,Pholidoptera griseoaptera,Dark Bush-cricket,bush-cricket,0.85,,,27/09/2026,27/09/2026,20:34:45,ClassifEspSWE-0002026-05-29_1,JOHANKARLSSON,2026092907465N56J1IK,,Citizen Science (ultrasonic) - shared
59~40304+18~07242_20260927_203451.wav,DEV_002_20260927_203451.wav,0,59.40304,18.07242,Phogri,Pholidoptera griseoaptera,Dark Bush-cricket,bush-cricket,0.85,,,27/09/2026,27/09/2026,20:34:51,ClassifEspSWE-0002026-05-29_1,JOHANKARLSSON,2026092907465N56J1IK,,Citizen Science (ultrasonic) - shared
59~40304+18~07242_20260927_203456.wav,DEV_002_20260927_203456.wav,0,59.40304,18.07242,Phogri,Pholidoptera griseoaptera,Dark Bush-cricket,bush-cricket,0.83,,,27/09/2026,27/09/2026,20:34:56,ClassifEspSWE-0002026-05-29_1,JOHANKARLSSON,2026092907465N56J1IK,,Citizen Science (ultrasonic) - shared
59~40304+18~07242_20260927_203501.wav,DEV_002_20260927_203501.wav,0,59.40304,18.07242,Phogri,Pholidoptera griseoaptera,Dark Bush-cricket,bush-cricket,0.9,,,27/09/2026,27/09/2026,20:35:01,ClassifEspSWE-0002026-05-29_1,JOHANKARLSSON,2026092907465N56J1IK,,Citizen Science (ultrasonic) - shared
59~40304+18~07242_20260927_203507.wav,DEV_002_20260927_203507.wav,0,59.40304,18.07242,Phogri,Pholidoptera griseoaptera,Dark Bush-cricket,bush-cricket,0.99,,,27/09/2026,27/09/2026,20:35:07,ClassifEspSWE-0002026-05-29_1,JOHANKARLSSON,2026092907465N56J1IK,,Citizen Science (ultrasonic) - shared
59~40304+18~07242_20260927_203512.wav,DEV_002_20260927_203512.wav,0,59.40304,18.07242,Phogri,Pholidoptera griseoaptera,Dark Bush-cricket,bush-cricket,0.89,,,27/09/2026,27/09/2026,20:35:12,ClassifEspSWE-0002026-05-29_1,JOHANKARLSSON,2026092907465N56J1IK,,Citizen Science (ultrasonic) - shared
59~40304+18~07242_20260927_203519.wav,DEV_002_20260927_203519.wav,0,59.40304,18.07242,Phogri,Pholidoptera griseoaptera,Dark Bush-cricket,bush-cricket,0.97,,,27/09/2026,27/09/2026,20:35:19,ClassifEspSWE-0002026-05-29_1,JOHANKARLSSON,2026092907465N56J1IK,,Citizen Science (ultrasonic) - shared
59~40304+18~07242_20260927_203524.wav,DEV_002_20260927_203524.wav,0,59.40304,18.07242,Phogri,Pholidoptera griseoaptera,Dark Bush-cricket,bush-cricket,0.76,,,27/09/2026,27/09/2026,20:35:24,ClassifEspSWE-0002026-05-29_1,JOHANKARLSSON,2026092907465N56J1IK,,Citizen Science (ultrasonic) - shared
59~40304+18~07242_20260927_203530.wav,DEV_002_20260927_203530.wav,0,59.40304,18.07242,Phogri,Pholidoptera griseoaptera,Dark Bush-cricket,bush-cricket,0.77,,,27/09/2026,27/09/2026,20:35:30,ClassifEspSWE-0002026-05-29_1,JOHANKARLSSON,2026092907465N56J1IK,,Citizen Science (ultrasonic) - shared
59~40304+18~07242_20260927_203535.wav,DEV_002_20260927_203535.wav,0,59.40304,18.07242,Phogri,Pholidoptera griseoaptera,Dark Bush-cricket,bush-cricket,0.8,,,27/09/2026,27/09/2026,20:35:35,ClassifEspSWE-0002026-05-29_1,JOHANKARLSSON,2026092907465N56J1IK,,Citizen Science (ultrasonic) - shared
59~40304+18~07242_20260927_203541.wav,DEV_002_20260927_203541.wav,0,59.40304,18.07242,Phogri,Pholidoptera griseoaptera,Dark Bush-cricket,bush-cricket,0.98,,,27/09/2026,27/09/2026,20:35:41,ClassifEspSWE-0002026-05-29_1,JOHANKARLSSON,2026092907465N56J1IK,,Citizen Science (ultrasonic) - shared
59~40304+18~07242_20260927_203546.wav,DEV_002_20260927_203546.wav,0,59.40304,18.07242,Phogri,Pholidoptera griseoaptera,Dark Bush-cricket,bush-cricket,0.96,,,27/09/2026,27/09/2026,20:35:46,ClassifEspSWE-0002026-05-29_1,JOHANKARLSSON,2026092907465N56J1IK,,Citizen Science (ultrasonic) - shared
59~40304+18~07242_20260927_203552.wav,DEV_002_20260927_203552.wav,0,59.40304,18.07242,Phogri,Pholidoptera griseoaptera,Dark Bush-cricket,bush-cricket,0.92,,,27/09/2026,27/09/2026,20:35:52,ClassifEspSWE-0002026-05-29_1,JOHANKARLSSON,2026092907465N56J1IK,,Citizen Science (ultrasonic) - shared
59~40304+18~07242_20260927_203559.wav,DEV_002_20260927_203559.wav,0,59.40304,18.07242,Phogri,Pholidoptera griseoaptera,Dark Bush-cricket,bush-cricket,0.86,,,27/09/2026,27/09/2026,20:35:59,ClassifEspSWE-0002026-05-29_1,JOHANKARLSSON,2026092907465N56J1IK,,Citizen Science (ultrasonic) - shared
59~40304+18~07242_20260927_203604.wav,DEV_002_20260927_203604.wav,0,59.40304,18.07242,Phogri,Pholidoptera griseoaptera,Dark Bush-cricket,bush-cricket,0.9,,,27/09/2026,27/09/2026,20:36:04,ClassifEspSWE-0002026-05-29_1,JOHANKARLSSON,2026092907465N56J1IK,,Citizen Science (ultrasonic) - shared
59~40304+18~07242_20260927_203610.wav,DEV_002_20260927_203610.wav,0,59.40304,18.07242,Phogri,Pholidoptera griseoaptera,Dark Bush-cricket,bush-cricket,0.98,,,27/09/2026,27/09/2026,20:36:10,ClassifEspSWE-0002026-05-29_1,JOHANKARLSSON,2026092907465N56J1IK,,Citizen Science (ultrasonic) - shared
59~40304+18~07242_20260927_203615.wav,DEV_002_20260927_203615.wav,0,59.40304,18.07242,Phogri,Pholidoptera griseoaptera,Dark Bush-cricket,bush-cricket,0.82,,,27/09/2026,27/09/2026,20:36:15,ClassifEspSWE-0002026-05-29_1,JOHANKARLSSON,2026092907465N56J1IK,,Citizen Science (ultrasonic) - shared
59~40304+18~07242_20260927_203621.wav,DEV_002_20260927_203621.wav,0,59.40304,18.07242,Phogri,Pholidoptera griseoaptera,Dark Bush-cricket,bush-cricket,0.99,,,27/09/2026,27/09/2026,20:36:21,ClassifEspSWE-0002026-05-29_1,JOHANKARLSSON,2026092907465N56J1IK,,Citizen Science (ultrasonic) - shared
59~40304+18~07242_20260927_203627.wav,DEV_002_20260927_203627.wav,0,59.40304,18.07242,Phogri,Pholidoptera griseoaptera,Dark Bush-cricket,bush-cricket,0.84,,,27/09/2026,27/09/2026,20:36:27,ClassifEspSWE-0002026-05-29_1,JOHANKARLSSON,2026092907465N56J1IK,,Citizen Science (ultrasonic) - shared
59~40304+18~07242_20260927_203633.wav,DEV_002_20260927_203633.wav,0,59.40304,18.07242,Phogri,Pholidoptera griseoaptera,Dark Bush-cricket,bush-cricket,0.71,,,27/09/2026,27/09/2026,20:36:33,ClassifEspSWE-0002026-05-29_1,JOHANKARLSSON,2026092907465N56J1IK,,Citizen Science (ultrasonic) - shared
59~40304+18~07242_20260927_203639.wav,DEV_002_20260927_203639.wav,0,59.40304,18.07242,Phogri,Pholidoptera griseoaptera,Dark Bush-cricket,bush-cricket,0.96,,,27/09/2026,27/09/2026,20:36:39,ClassifEspSWE-0002026-05-29_1,JOHANKARLSSON,2026092907465N56J1IK,,Citizen Science (ultrasonic) - shared
59~40304+18~07242_20260927_203646.wav,DEV_002_20260927_203646.wav,0,59.40304,18.07242,Phogri,Pholidoptera griseoaptera,Dark Bush-cricket,bush-cricket,0.97,,,27/09/2026,27/09/2026,20:36:46,ClassifEspSWE-0002026-05-29_1,JOHANKARLSSON,2026092907465N56J1IK,,Citizen Science (ultrasonic) - shared
59~40304+18~07242_20260927_203652.wav,DEV_002_20260927_203652.wav,0,59.40304,18.07242,Phogri,Pholidoptera griseoaptera,Dark Bush-cricket,bush-cricket,0.87,,,27/09/2026,27/09/2026,20:36:52,ClassifEspSWE-0002026-05-29_1,JOHANKARLSSON,2026092907465N56J1IK,,Citizen Science (ultrasonic) - shared
59~40304+18~07242_20260927_203658.wav,DEV_002_20260927_203658.wav,0,59.40304,18.07242,Phogri,Pholidoptera griseoaptera,Dark Bush-cricket,bush-cricket,0.85,,,27/09/2026,27/09/2026,20:36:58,ClassifEspSWE-0002026-05-29_1,JOHANKARLSSON,2026092907465N56J1IK,,Citizen Science (ultrasonic) - shared
59~40304+18~07242_20260927_203704.wav,DEV_002_20260927_203704.wav,0,59.40304,18.07242,Phogri,Pholidoptera griseoaptera,Dark Bush-cricket,bush-cricket,0.85,,,27/09/2026,27/09/2026,20:37:04,ClassifEspSWE-0002026-05-29_1,JOHANKARLSSON,2026092907465N56J1IK,,Citizen Science (ultrasonic) - shared
59~40304+18~07242_20260927_203709.wav,DEV_002_20260927_203709.wav,0,59.40304,18.07242,Phogri,Pholidoptera griseoaptera,Dark Bush-cricket,bush-cricket,0.82,,,27/09/2026,27/09/2026,20:37:09,ClassifEspSWE-0002026-05-29_1,JOHANKARLSSON,2026092907465N56J1IK,,Citizen Science (ultrasonic) - shared
59~40304+18~07242_20260927_203715.wav,DEV_002_20260927_203715.wav,0,59.40304,18.07242,Phogri,Pholidoptera griseoaptera,Dark Bush-cricket,bush-cricket,0.96,,,27/09/2026,27/09/2026,20:37:15,ClassifEspSWE-0002026-05-29_1,JOHANKARLSSON,2026092907465N56J1IK,,Citizen Science (ultrasonic) - shared
59~40304+18~07242_20260927_203721.wav,DEV_002_20260927_203721.wav,0,59.40304,18.07242,Phogri,Pholidoptera griseoaptera,Dark Bush-cricket,bush-cricket,0.72,,,27/09/2026,27/09/2026,20:37:21,ClassifEspSWE-0002026-05-29_1,JOHANKARLSSON,2026092907465N56J1IK,,Citizen Science (ultrasonic) - shared
59~40304+18~07242_20260927_203727.wav,DEV_002_20260927_203727.wav,0,59.40304,18.07242,Phogri,Pholidoptera griseoaptera,Dark Bush-cricket,bush-cricket,0.91,,,27/09/2026,27/09/2026,20:37:27,ClassifEspSWE-0002026-05-29_1,JOHANKARLSSON,2026092907465N56J1IK,,Citizen Science (ultrasonic) - shared
59~40304+18~07242_20260927_203733.wav,DEV_002_20260927_203733.wav,0,59.40304,18.07242,Phogri,Pholidoptera griseoaptera,Dark Bush-cricket,bush-cricket,0.95,,,27/09/2026,27/09/2026,20:37:33,ClassifEspSWE-0002026-05-29_1,JOHANKARLSSON,2026092907465N56J1IK,,Citizen Science (ultrasonic) - shared
59~40304+18~07242_20260927_203740.wav,DEV_002_20260927_203740.wav,0,59.40304,18.07242,Phogri,Pholidoptera griseoaptera,Dark Bush-cricket,bush-cricket,0.84,,,27/09/2026,27/09/2026,20:37:40,ClassifEspSWE-0002026-05-29_1,JOHANKARLSSON,2026092907465N56J1IK,,Citizen Science (ultrasonic) - shared
59~40304+18~07242_20260927_203745.wav,DEV_002_20260927_203745.wav,0,59.40304,18.07242,Phogri,Pholidoptera griseoaptera,Dark Bush-cricket,bush-cricket,0.86,,,27/09/2026,27/09/2026,20:37:45,ClassifEspSWE-0002026-05-29_1,JOHANKARLSSON,2026092907465N56J1IK,,Citizen Science (ultrasonic) - shared
59~40304+18~07242_20260927_203751.wav,DEV_002_20260927_203751.wav,0,59.40304,18.07242,Phogri,Pholidoptera griseoaptera,Dark Bush-cricket,bush-cricket,0.96,,,27/09/2026,27/09/2026,20:37:51,ClassifEspSWE-0002026-05-29_1,JOHANKARLSSON,2026092907465N56J1IK,,Citizen Science (ultrasonic) - shared
59~40304+18~07242_20260927_203757.wav,DEV_002_20260927_203757.wav,0,59.40304,18.07242,Phogri,Pholidoptera griseoaptera,Dark Bush-cricket,bush-cricket,0.85,,,27/09/2026,27/09/2026,20:37:57,ClassifEspSWE-0002026-05-29_1,JOHANKARLSSON,2026092907465N56J1IK,,Citizen Science (ultrasonic) - shared
59~40304+18~07242_20260927_203803.wav,DEV_002_20260927_203803.wav,0,59.40304,18.07242,Phogri,Pholidoptera griseoaptera,Dark Bush-cricket,bush-cricket,0.86,,,27/09/2026,27/09/2026,20:38:03,ClassifEspSWE-0002026-05-29_1,JOHANKARLSSON,2026092907465N56J1IK,,Citizen Science (ultrasonic) - shared
59~40304+18~07242_20260927_203809.wav,DEV_002_20260927_203809.wav,0,59.40304,18.07242,Phogri,Pholidoptera griseoaptera,Dark Bush-cricket,bush-cricket,0.99,,,27/09/2026,27/09/2026,20:38:09,ClassifEspSWE-0002026-05-29_1,JOHANKARLSSON,2026092907465N56J1IK,,Citizen Science (ultrasonic) - shared
59~40304+18~07242_20260927_203814.wav,DEV_002_20260927_203814.wav,0,59.40304,18.07242,Phogri,Pholidoptera griseoaptera,Dark Bush-cricket,bush-cricket,0.73,,,27/09/2026,27/09/2026,20:38:14,ClassifEspSWE-0002026-05-29_1,JOHANKARLSSON,2026092907465N56J1IK,,Citizen Science (ultrasonic) - shared
59~40304+18~07242_20260927_203820.wav,DEV_002_20260927_203820.wav,0,59.40304,18.07242,Phogri,Pholidoptera griseoaptera,Dark Bush-cricket,bush-cricket,0.73,,,27/09/2026,27/09/2026,20:38:20,ClassifEspSWE-0002026-05-29_1,JOHANKARLSSON,2026092907465N56J1IK,,Citizen Science (ultrasonic) - shared
59~40304+18~07242_20260927_203826.wav,DEV_002_20260927_203826.wav,0,59.40304,18.07242,Phogri,Pholidoptera griseoaptera,Dark Bush-cricket,bush-cricket,0.76,,,27/09/2026,27/09/2026,20:38:26,ClassifEspSWE-0002026-05-29_1,JOHANKARLSSON,2026092907465N56J1IK,,Citizen Science (ultrasonic) - shared
59~40304+18~07242_20260927_203831.wav,DEV_002_20260927_203831.wav,0,59.40304,18.07242,Phogri,Pholidoptera griseoaptera,Dark Bush-cricket,bush-cricket,0.87,,,27/09/2026,27/09/2026,20:38:31,ClassifEspSWE-0002026-05-29_1,JOHANKARLSSON,2026092907465N56J1IK,,Citizen Science (ultrasonic) - shared
59~40304+18~07242_20260927_203838.wav,DEV_002_20260927_203838.wav,0,59.40304,18.07242,Phogri,Pholidoptera griseoaptera,Dark Bush-cricket,bush-cricket,0.89,,,27/09/2026,27/09/2026,20:38:38,ClassifEspSWE-0002026-05-29_1,JOHANKARLSSON,2026092907465N56J1IK,,Citizen Science (ultrasonic) - shared
59~40304+18~07242_20260927_203845.wav,DEV_002_20260927_203845.wav,0,59.40304,18.07242,Phogri,Pholidoptera griseoaptera,Dark Bush-cricket,bush-cricket,0.86,,,27/09/2026,27/09/2026,20:38:45,ClassifEspSWE-0002026-05-29_1,JOHANKARLSSON,2026092907465N56J1IK,,Citizen Science (ultrasonic) - shared
59~40304+18~07242_20260927_203851.wav,DEV_002_20260927_203851.wav,0,59.40304,18.07242,Phogri,Pholidoptera griseoaptera,Dark Bush-cricket,bush-cricket,0.86,,,27/09/2026,27/09/2026,20:38:51,ClassifEspSWE-0002026-05-29_1,JOHANKARLSSON,2026092907465N56J1IK,,Citizen Science (ultrasonic) - shared
59~40304+18~07242_20260927_203857.wav,DEV_002_20260927_203857.wav,0,59.40304,18.07242,Phogri,Pholidoptera griseoaptera,Dark Bush-cricket,bush-cricket,0.82,,,27/09/2026,27/09/2026,20:38:57,ClassifEspSWE-0002026-05-29_1,JOHANKARLSSON,2026092907465N56J1IK,,Citizen Science (ultrasonic) - shared
59~40304+18~07242_20260927_203902.wav,DEV_002_20260927_203902.wav,0,59.40304,18.07242,Phogri,Pholidoptera griseoaptera,Dark Bush-cricket,bush-cricket,0.93,,,27/09/2026,27/09/2026,20:39:02,ClassifEspSWE-0002026-05-29_1,JOHANKARLSSON,2026092907465N56J1IK,,Citizen Science (ultrasonic) - shared
59~40304+18~07242_20260927_203909.wav,DEV_002_20260927_203909.wav,0,59.40304,18.07242,Phogri,Pholidoptera griseoaptera,Dark Bush-cricket,bush-cricket,0.57,,,27/09/2026,27/09/2026,20:39:09,ClassifEspSWE-0002026-05-29_1,JOHANKARLSSON,2026092907465N56J1IK,,Citizen Science (ultrasonic) - shared
59~40304+18~07242_20260927_203915.wav,DEV_002_20260927_203915.wav,0,59.40304,18.07242,Phogri,Pholidoptera griseoaptera,Dark Bush-cricket,bush-cricket,0.86,,,27/09/2026,27/09/2026,20:39:15,ClassifEspSWE-0002026-05-29_1,JOHANKARLSSON,2026092907465N56J1IK,,Citizen Science (ultrasonic) - shared
59~40304+18~07242_20260927_203921.wav,DEV_002_20260927_203921.wav,0,59.40304,18.07242,Phogri,Pholidoptera griseoaptera,Dark Bush-cricket,bush-cricket,0.87,,,27/09/2026,27/09/2026,20:39:21,ClassifEspSWE-0002026-05-29_1,JOHANKARLSSON,2026092907465N56J1IK,,Citizen Science (ultrasonic) - shared
59~40304+18~07242_20260927_203927.wav,DEV_002_20260927_203927.wav,0,59.40304,18.07242,Phogri,Pholidoptera griseoaptera,Dark Bush-cricket,bush-cricket,0.84,,,27/09/2026,27/09/2026,20:39:27,ClassifEspSWE-0002026-05-29_1,JOHANKARLSSON,2026092907465N56J1IK,,Citizen Science (ultrasonic) - shared
59~40304+18~07242_20260927_203933.wav,DEV_002_20260927_203933.wav,0,59.40304,18.07242,Phogri,Pholidoptera griseoaptera,Dark Bush-cricket,bush-cricket,0.81,,,27/09/2026,27/09/2026,20:39:33,ClassifEspSWE-0002026-05-29_1,JOHANKARLSSON,2026092907465N56J1IK,,Citizen Science (ultrasonic) - shared
59~40304+18~07242_20260927_203939.wav,DEV_002_20260927_203939.wav,0,59.40304,18.07242,Phogri,Pholidoptera griseoaptera,Dark Bush-cricket,bush-cricket,0.71,,,27/09/2026,27/09/2026,20:39:39,ClassifEspSWE-0002026-05-29_1,JOHANKARLSSON,2026092907465N56J1IK,,Citizen Science (ultrasonic) - shared
59~40304+18~07242_20260927_203945.wav,DEV_002_20260927_203945.wav,0,59.40304,18.07242,Phogri,Pholidoptera griseoaptera,Dark Bush-cricket,bush-cricket,0.86,,,27/09/2026,27/09/2026,20:39:45,ClassifEspSWE-0002026-05-29_1,JOHANKARLSSON,2026092907465N56J1IK,,Citizen Science (ultrasonic) - shared
59~40304+18~07242_20260927_203951.wav,DEV_002_20260927_203951.wav,0,59.40304,18.07242,Phogri,Pholidoptera griseoaptera,Dark Bush-cricket,bush-cricket,0.81,,,27/09/2026,27/09/2026,20:39:51,ClassifEspSWE-0002026-05-29_1,JOHANKARLSSON,2026092907465N56J1IK,,Citizen Science (ultrasonic) - shared
59~40304+18~07242_20260927_203958.wav,DEV_002_20260927_203958.wav,0,59.40304,18.07242,Phogri,Pholidoptera griseoaptera,Dark Bush-cricket,bush-cricket,0.82,,,27/09/2026,27/09/2026,20:39:58,ClassifEspSWE-0002026-05-29_1,JOHANKARLSSON,2026092907465N56J1IK,,Citizen Science (ultrasonic) - shared
59~40304+18~07242_20260927_204004.wav,DEV_002_20260927_204004.wav,0,59.40304,18.07242,Phogri,Pholidoptera griseoaptera,Dark Bush-cricket,bush-cricket,0.63,,,27/09/2026,27/09/2026,20:40:04,ClassifEspSWE-0002026-05-29_1,JOHANKARLSSON,2026092907465N56J1IK,,Citizen Science (ultrasonic) - shared
59~40304+18~07242_20260927_204009.wav,DEV_002_20260927_204009.wav,0,59.40304,18.07242,Phogri,Pholidoptera griseoaptera,Dark Bush-cricket,bush-cricket,0.97,,,27/09/2026,27/09/2026,20:40:09,ClassifEspSWE-0002026-05-29_1,JOHANKARLSSON,2026092907465N56J1IK,,Citizen Science (ultrasonic) - shared
59~40304+18~07242_20260927_204016.wav,DEV_002_20260927_204016.wav,0,59.40304,18.07242,Phogri,Pholidoptera griseoaptera,Dark Bush-cricket,bush-cricket,0.83,,,27/09/2026,27/09/2026,20:40:16,ClassifEspSWE-0002026-05-29_1,JOHANKARLSSON,2026092907465N56J1IK,,Citizen Science (ultrasonic) - shared
59~40304+18~07242_20260927_204022.wav,DEV_002_20260927_204022.wav,0,59.40304,18.07242,Phogri,Pholidoptera griseoaptera,Dark Bush-cricket,bush-cricket,0.98,,,27/09/2026,27/09/2026,20:40:22,ClassifEspSWE-0002026-05-29_1,JOHANKARLSSON,2026092907465N56J1IK,,Citizen Science (ultrasonic) - shared
59~40304+18~07242_20260927_204028.wav,DEV_002_20260927_204028.wav,0,59.40304,18.07242,Phogri,Pholidoptera griseoaptera,Dark Bush-cricket,bush-cricket,0.87,,,27/09/2026,27/09/2026,20:40:28,ClassifEspSWE-0002026-05-29_1,JOHANKARLSSON,2026092907465N56J1IK,,Citizen Science (ultrasonic) - shared
59~40304+18~07242_20260927_204034.wav,DEV_002_20260927_204034.wav,0,59.40304,18.07242,Phogri,Pholidoptera griseoaptera,Dark Bush-cricket,bush-cricket,0.98,,,27/09/2026,27/09/2026,20:40:34,ClassifEspSWE-0002026-05-29_1,JOHANKARLSSON,2026092907465N56J1IK,,Citizen Science (ultrasonic) - shared
59~40304+18~07242_20260927_204040.wav,DEV_002_20260927_204040.wav,0,59.40304,18.07242,Phogri,Pholidoptera griseoaptera,Dark Bush-cricket,bush-cricket,0.79,,,27/09/2026,27/09/2026,20:40:40,ClassifEspSWE-0002026-05-29_1,JOHANKARLSSON,2026092907465N56J1IK,,Citizen Science (ultrasonic) - shared
59~40304+18~07242_20260927_204046.wav,DEV_002_20260927_204046.wav,0,59.40304,18.07242,Phogri,Pholidoptera griseoaptera,Dark Bush-cricket,bush-cricket,0.95,,,27/09/2026,27/09/2026,20:40:46,ClassifEspSWE-0002026-05-29_1,JOHANKARLSSON,2026092907465N56J1IK,,Citizen Science (ultrasonic) - shared
59~40304+18~07242_20260927_204052.wav,DEV_002_20260927_204052.wav,0,59.40304,18.07242,Phogri,Pholidoptera griseoaptera,Dark Bush-cricket,bush-cricket,0.88,,,27/09/2026,27/09/2026,20:40:52,ClassifEspSWE-0002026-05-29_1,JOHANKARLSSON,2026092907465N56J1IK,,Citizen Science (ultrasonic) - shared
59~40304+18~07242_20260927_204058.wav,DEV_002_20260927_204058.wav,0,59.40304,18.07242,Phogri,Pholidoptera griseoaptera,Dark Bush-cricket,bush-cricket,0.82,,,27/09/2026,27/09/2026,20:40:58,ClassifEspSWE-0002026-05-29_1,JOHANKARLSSON,2026092907465N56J1IK,,Citizen Science (ultrasonic) - shared
59~40304+18~07242_20260927_204105.wav,DEV_002_20260927_204105.wav,0,59.40304,18.07242,Phogri,Pholidoptera griseoaptera,Dark Bush-cricket,bush-cricket,0.8,,,27/09/2026,27/09/2026,20:41:05,ClassifEspSWE-0002026-05-29_1,JOHANKARLSSON,2026092907465N56J1IK,,Citizen Science (ultrasonic) - shared
59~40304+18~07242_20260927_204111.wav,DEV_002_20260927_204111.wav,0,59.40304,18.07242,Phogri,Pholidoptera griseoaptera,Dark Bush-cricket,bush-cricket,0.58,,,27/09/2026,27/09/2026,20:41:11,ClassifEspSWE-0002026-05-29_1,JOHANKARLSSON,2026092907465N56J1IK,,Citizen Science (ultrasonic) - shared
59~40304+18~07242_20260927_204117.wav,DEV_002_20260927_204117.wav,0,59.40304,18.07242,Phogri,Pholidoptera griseoaptera,Dark Bush-cricket,bush-cricket,0.99,,,27/09/2026,27/09/2026,20:41:17,ClassifEspSWE-0002026-05-29_1,JOHANKARLSSON,2026092907465N56J1IK,,Citizen Science (ultrasonic) - shared
59~40304+18~07242_20260927_204124.wav,DEV_002_20260927_204124.wav,0,59.40304,18.07242,Phogri,Pholidoptera griseoaptera,Dark Bush-cricket,bush-cricket,0.92,,,27/09/2026,27/09/2026,20:41:24,ClassifEspSWE-0002026-05-29_1,JOHANKARLSSON,2026092907465N56J1IK,,Citizen Science (ultrasonic) - shared
59~40304+18~07242_20260927_204129.wav,DEV_002_20260927_204129.wav,0,59.40304,18.07242,Phogri,Pholidoptera griseoaptera,Dark Bush-cricket,bush-cricket,0.99,,,27/09/2026,27/09/2026,20:41:29,ClassifEspSWE-0002026-05-29_1,JOHANKARLSSON,2026092907465N56J1IK,,Citizen Science (ultrasonic) - shared
59~40304+18~07242_20260927_204136.wav,DEV_002_20260927_204136.wav,0,59.40304,18.07242,Phogri,Pholidoptera griseoaptera,Dark Bush-cricket,bush-cricket,0.81,,,27/09/2026,27/09/2026,20:41:36,ClassifEspSWE-0002026-05-29_1,JOHANKARLSSON,2026092907465N56J1IK,,Citizen Science (ultrasonic) - shared
59~40304+18~07242_20260927_204142.wav,DEV_002_20260927_204142.wav,0,59.40304,18.07242,Phogri,Pholidoptera griseoaptera,Dark Bush-cricket,bush-cricket,0.81,,,27/09/2026,27/09/2026,20:41:42,ClassifEspSWE-0002026-05-29_1,JOHANKARLSSON,2026092907465N56J1IK,,Citizen Science (ultrasonic) - shared
59~40304+18~07242_20260927_204148.wav,DEV_002_20260927_204148.wav,0,59.40304,18.07242,Phogri,Pholidoptera griseoaptera,Dark Bush-cricket,bush-cricket,0.87,,,27/09/2026,27/09/2026,20:41:48,ClassifEspSWE-0002026-05-29_1,JOHANKARLSSON,2026092907465N56J1IK,,Citizen Science (ultrasonic) - shared
59~40304+18~07242_20260927_204155.wav,DEV_002_20260927_204155.wav,0,59.40304,18.07242,Phogri,Pholidoptera griseoaptera,Dark Bush-cricket,bush-cricket,0.61,,,27/09/2026,27/09/2026,20:41:55,ClassifEspSWE-0002026-05-29_1,JOHANKARLSSON,2026092907465N56J1IK,,Citizen Science (ultrasonic) - shared
59~40304+18~07242_20260927_204201.wav,DEV_002_20260927_204201.wav,0,59.40304,18.07242,Phogri,Pholidoptera griseoaptera,Dark Bush-cricket,bush-cricket,0.84,,,27/09/2026,27/09/2026,20:42:01,ClassifEspSWE-0002026-05-29_1,JOHANKARLSSON,2026092907465N56J1IK,,Citizen Science (ultrasonic) - shared
59~40304+18~07242_20260927_204207.wav,DEV_002_20260927_204207.wav,0,59.40304,18.07242,Phogri,Pholidoptera griseoaptera,Dark Bush-cricket,bush-cricket,0.95,,,27/09/2026,27/09/2026,20:42:07,ClassifEspSWE-0002026-05-29_1,JOHANKARLSSON,2026092907465N56J1IK,,Citizen Science (ultrasonic) - shared
59~40304+18~07242_20260927_204214.wav,DEV_002_20260927_204214.wav,0,59.40304,18.07242,Phogri,Pholidoptera griseoaptera,Dark Bush-cricket,bush-cricket,0.8,,,27/09/2026,27/09/2026,20:42:14,ClassifEspSWE-0002026-05-29_1,JOHANKARLSSON,2026092907465N56J1IK,,Citizen Science (ultrasonic) - shared
59~40304+18~07242_20260927_204220.wav,DEV_002_20260927_204220.wav,0,59.40304,18.07242,Phogri,Pholidoptera griseoaptera,Dark Bush-cricket,bush-cricket,0.88,,,27/09/2026,27/09/2026,20:42:20,ClassifEspSWE-0002026-05-29_1,JOHANKARLSSON,2026092907465N56J1IK,,Citizen Science (ultrasonic) - shared
59~40304+18~07242_20260927_204226.wav,DEV_002_20260927_204226.wav,0,59.40304,18.07242,Phogri,Pholidoptera griseoaptera,Dark Bush-cricket,bush-cricket,0.99,,,27/09/2026,27/09/2026,20:42:26,ClassifEspSWE-0002026-05-29_1,JOHANKARLSSON,2026092907465N56J1IK,,Citizen Science (ultrasonic) - shared
59~40304+18~07242_20260927_204232.wav,DEV_002_20260927_204232.wav,0,59.40304,18.07242,Phogri,Pholidoptera griseoaptera,Dark Bush-cricket,bush-cricket,0.66,,,27/09/2026,27/09/2026,20:42:32,ClassifEspSWE-0002026-05-29_1,JOHANKARLSSON,2026092907465N56J1IK,,Citizen Science (ultrasonic) - shared
59~40304+18~07242_20260927_204238.wav,DEV_002_20260927_204238.wav,0,59.40304,18.07242,Phogri,Pholidoptera griseoaptera,Dark Bush-cricket,bush-cricket,0.73,,,27/09/2026,27/09/2026,20:42:38,ClassifEspSWE-0002026-05-29_1,JOHANKARLSSON,2026092907465N56J1IK,,Citizen Science (ultrasonic) - shared
59~40304+18~07242_20260927_204244.wav,DEV_002_20260927_204244.wav,0,59.40304,18.07242,Phogri,Pholidoptera griseoaptera,Dark Bush-cricket,bush-cricket,0.84,,,27/09/2026,27/09/2026,20:42:44,ClassifEspSWE-0002026-05-29_1,JOHANKARLSSON,2026092907465N56J1IK,,Citizen Science (ultrasonic) - shared
59~40304+18~07242_20260927_204251.wav,DEV_002_20260927_204251.wav,0,59.40304,18.07242,Phogri,Pholidoptera griseoaptera,Dark Bush-cricket,bush-cricket,0.74,,,27/09/2026,27/09/2026,20:42:51,ClassifEspSWE-0002026-05-29_1,JOHANKARLSSON,2026092907465N56J1IK,,Citizen Science (ultrasonic) - shared
59~40304+18~07242_20260927_204257.wav,DEV_002_20260927_204257.wav,0,59.40304,18.07242,Phogri,Pholidoptera griseoaptera,Dark Bush-cricket,bush-cricket,0.85,,,27/09/2026,27/09/2026,20:42:57,ClassifEspSWE-0002026-05-29_1,JOHANKARLSSON,2026092907465N56J1IK,,Citizen Science (ultrasonic) - shared
59~40304+18~07242_20260927_204302.wav,DEV_002_20260927_204302.wav,0,59.40304,18.07242,Phogri,Pholidoptera griseoaptera,Dark Bush-cricket,bush-cricket,0.98,,,27/09/2026,27/09/2026,20:43:02,ClassifEspSWE-0002026-05-29_1,JOHANKARLSSON,2026092907465N56J1IK,,Citizen Science (ultrasonic) - shared
59~40304+18~07242_20260927_204308.wav,DEV_002_20260927_204308.wav,0,59.40304,18.07242,Phogri,Pholidoptera griseoaptera,Dark Bush-cricket,bush-cricket,0.88,,,27/09/2026,27/09/2026,20:43:08,ClassifEspSWE-0002026-05-29_1,JOHANKARLSSON,2026092907465N56J1IK,,Citizen Science (ultrasonic) - shared
59~40304+18~07242_20260927_204314.wav,DEV_002_20260927_204314.wav,0,59.40304,18.07242,Phogri,Pholidoptera griseoaptera,Dark Bush-cricket,bush-cricket,0.74,,,27/09/2026,27/09/2026,20:43:14,ClassifEspSWE-0002026-05-29_1,JOHANKARLSSON,2026092907465N56J1IK,,Citizen Science (ultrasonic) - shared
59~40304+18~07242_20260927_204320.wav,DEV_002_20260927_204320.wav,0,59.40304,18.07242,Phogri,Pholidoptera griseoaptera,Dark Bush-cricket,bush-cricket,0.98,,,27/09/2026,27/09/2026,20:43:20,ClassifEspSWE-0002026-05-29_1,JOHANKARLSSON,2026092907465N56J1IK,,Citizen Science (ultrasonic) - shared
59~40304+18~07242_20260927_204326.wav,DEV_002_20260927_204326.wav,0,59.40304,18.07242,Phogri,Pholidoptera griseoaptera,Dark Bush-cricket,bush-cricket,0.84,,,27/09/2026,27/09/2026,20:43:26,ClassifEspSWE-0002026-05-29_1,JOHANKARLSSON,2026092907465N56J1IK,,Citizen Science (ultrasonic) - shared
59~40304+18~07242_20260927_204332.wav,DEV_002_20260927_204332.wav,0,59.40304,18.07242,Phogri,Pholidoptera griseoaptera,Dark Bush-cricket,bush-cricket,0.98,,,27/09/2026,27/09/2026,20:43:32,ClassifEspSWE-0002026-05-29_1,JOHANKARLSSON,2026092907465N56J1IK,,Citizen Science (ultrasonic) - shared
59~40304+18~07242_20260927_204339.wav,DEV_002_20260927_204339.wav,0,59.40304,18.07242,Phogri,Pholidoptera griseoaptera,Dark Bush-cricket,bush-cricket,0.96,,,27/09/2026,27/09/2026,20:43:39,ClassifEspSWE-0002026-05-29_1,JOHANKARLSSON,2026092907465N56J1IK,,Citizen Science (ultrasonic) - shared
59~40304+18~07242_20260927_204344.wav,DEV_002_20260927_204344.wav,0,59.40304,18.07242,Phogri,Pholidoptera griseoaptera,Dark Bush-cricket,bush-cricket,0.98,,,27/09/2026,27/09/2026,20:43:44,ClassifEspSWE-0002026-05-29_1,JOHANKARLSSON,2026092907465N56J1IK,,Citizen Science (ultrasonic) - shared
59~40304+18~07242_20260927_204349.wav,DEV_002_20260927_204349.wav,0,59.40304,18.07242,Phogri,Pholidoptera griseoaptera,Dark Bush-cricket,bush-cricket,0.62,,,27/09/2026,27/09/2026,20:43:49,ClassifEspSWE-0002026-05-29_1,JOHANKARLSSON,2026092907465N56J1IK,,Citizen Science (ultrasonic) - shared
59~40304+18~07242_20260927_204355.wav,DEV_002_20260927_204355.wav,0,59.40304,18.07242,Phogri,Pholidoptera griseoaptera,Dark Bush-cricket,bush-cricket,0.84,,,27/09/2026,27/09/2026,20:43:55,ClassifEspSWE-0002026-05-29_1,JOHANKARLSSON,2026092907465N56J1IK,,Citizen Science (ultrasonic) - shared
59~40304+18~07242_20260927_204401.wav,DEV_002_20260927_204401.wav,0,59.40304,18.07242,Phogri,Pholidoptera griseoaptera,Dark Bush-cricket,bush-cricket,0.76,,,27/09/2026,27/09/2026,20:44:01,ClassifEspSWE-0002026-05-29_1,JOHANKARLSSON,2026092907465N56J1IK,,Citizen Science (ultrasonic) - shared
59~40304+18~07242_20260927_204407.wav,DEV_002_20260927_204407.wav,0,59.40304,18.07242,Phogri,Pholidoptera griseoaptera,Dark Bush-cricket,bush-cricket,0.88,,,27/09/2026,27/09/2026,20:44:07,ClassifEspSWE-0002026-05-29_1,JOHANKARLSSON,2026092907465N56J1IK,,Citizen Science (ultrasonic) - shared
59~40304+18~07242_20260927_204413.wav,DEV_002_20260927_204413.wav,0,59.40304,18.07242,Phogri,Pholidoptera griseoaptera,Dark Bush-cricket,bush-cricket,0.99,,,27/09/2026,27/09/2026,20:44:13,ClassifEspSWE-0002026-05-29_1,JOHANKARLSSON,2026092907465N56J1IK,,Citizen Science (ultrasonic) - shared
59~40304+18~07242_20260927_204419.wav,DEV_002_20260927_204419.wav,0,59.40304,18.07242,Phogri,Pholidoptera griseoaptera,Dark Bush-cricket,bush-cricket,0.94,,,27/09/2026,27/09/2026,20:44:19,ClassifEspSWE-0002026-05-29_1,JOHANKARLSSON,2026092907465N56J1IK,,Citizen Science (ultrasonic) - shared
59~40304+18~07242_20260927_204425.wav,DEV_002_20260927_204425.wav,0,59.40304,18.07242,Phogri,Pholidoptera griseoaptera,Dark Bush-cricket,bush-cricket,0.91,,,27/09/2026,27/09/2026,20:44:25,ClassifEspSWE-0002026-05-29_1,JOHANKARLSSON,2026092907465N56J1IK,,Citizen Science (ultrasonic) - shared
59~40304+18~07242_20260927_204431.wav,DEV_002_20260927_204431.wav,0,59.40304,18.07242,Phogri,Pholidoptera griseoaptera,Dark Bush-cricket,bush-cricket,0.79,,,27/09/2026,27/09/2026,20:44:31,ClassifEspSWE-0002026-05-29_1,JOHANKARLSSON,2026092907465N56J1IK,,Citizen Science (ultrasonic) - shared
59~40304+18~07242_20260927_204437.wav,DEV_002_20260927_204437.wav,0,59.40304,18.07242,Phogri,Pholidoptera griseoaptera,Dark Bush-cricket,bush-cricket,0.77,,,27/09/2026,27/09/2026,20:44:37,ClassifEspSWE-0002026-05-29_1,JOHANKARLSSON,2026092907465N56J1IK,,Citizen Science (ultrasonic) - shared
59~40304+18~07242_20260927_204443.wav,DEV_002_20260927_204443.wav,0,59.40304,18.07242,Phogri,Pholidoptera griseoaptera,Dark Bush-cricket,bush-cricket,0.95,,,27/09/2026,27/09/2026,20:44:43,ClassifEspSWE-0002026-05-29_1,JOHANKARLSSON,2026092907465N56J1IK,,Citizen Science (ultrasonic) - shared
59~40304+18~07242_20260927_204449.wav,DEV_002_20260927_204449.wav,0,59.40304,18.07242,Phogri,Pholidoptera griseoaptera,Dark Bush-cricket,bush-cricket,0.88,,,27/09/2026,27/09/2026,20:44:49,ClassifEspSWE-0002026-05-29_1,JOHANKARLSSON,2026092907465N56J1IK,,Citizen Science (ultrasonic) - shared
59~40304+18~07242_20260927_204456.wav,DEV_002_20260927_204456.wav,0,59.40304,18.07242,Phogri,Pholidoptera griseoaptera,Dark Bush-cricket,bush-cricket,0.75,,,27/09/2026,27/09/2026,20:44:56,ClassifEspSWE-0002026-05-29_1,JOHANKARLSSON,2026092907465N56J1IK,,Citizen Science (ultrasonic) - shared
59~40304+18~07242_20260927_204502.wav,DEV_002_20260927_204502.wav,0,59.40304,18.07242,Phogri,Pholidoptera griseoaptera,Dark Bush-cricket,bush-cricket,0.76,,,27/09/2026,27/09/2026,20:45:02,ClassifEspSWE-0002026-05-29_1,JOHANKARLSSON,2026092907465N56J1IK,,Citizen Science (ultrasonic) - shared
59~40304+18~07242_20260927_204508.wav,DEV_002_20260927_204508.wav,0,59.40304,18.07242,Phogri,Pholidoptera griseoaptera,Dark Bush-cricket,bush-cricket,0.99,,,27/09/2026,27/09/2026,20:45:08,ClassifEspSWE-0002026-05-29_1,JOHANKARLSSON,2026092907465N56J1IK,,Citizen Science (ultrasonic) - shared
59~40304+18~07242_20260927_204514.wav,DEV_002_20260927_204514.wav,0,59.40304,18.07242,Phogri,Pholidoptera griseoaptera,Dark Bush-cricket,bush-cricket,0.75,,,27/09/2026,27/09/2026,20:45:14,ClassifEspSWE-0002026-05-29_1,JOHANKARLSSON,2026092907465N56J1IK,,Citizen Science (ultrasonic) - shared
59~40304+18~07242_20260927_204520.wav,DEV_002_20260927_204520.wav,0,59.40304,18.07242,Phogri,Pholidoptera griseoaptera,Dark Bush-cricket,bush-cricket,0.81,,,27/09/2026,27/09/2026,20:45:20,ClassifEspSWE-0002026-05-29_1,JOHANKARLSSON,2026092907465N56J1IK,,Citizen Science (ultrasonic) - shared
59~40304+18~07242_20260927_204527.wav,DEV_002_20260927_204527.wav,0,59.40304,18.07242,Phogri,Pholidoptera griseoaptera,Dark Bush-cricket,bush-cricket,0.99,,,27/09/2026,27/09/2026,20:45:27,ClassifEspSWE-0002026-05-29_1,JOHANKARLSSON,2026092907465N56J1IK,,Citizen Science (ultrasonic) - shared
59~40304+18~07242_20260927_204534.wav,DEV_002_20260927_204534.wav,0,59.40304,18.07242,Phogri,Pholidoptera griseoaptera,Dark Bush-cricket,bush-cricket,0.84,,,27/09/2026,27/09/2026,20:45:34,ClassifEspSWE-0002026-05-29_1,JOHANKARLSSON,2026092907465N56J1IK,,Citizen Science (ultrasonic) - shared
59~40304+18~07242_20260927_204541.wav,DEV_002_20260927_204541.wav,0,59.40304,18.07242,Phogri,Pholidoptera griseoaptera,Dark Bush-cricket,bush-cricket,0.65,,,27/09/2026,27/09/2026,20:45:41,ClassifEspSWE-0002026-05-29_1,JOHANKARLSSON,2026092907465N56J1IK,,Citizen Science (ultrasonic) - shared
59~40304+18~07242_20260927_204547.wav,DEV_002_20260927_204547.wav,0,59.40304,18.07242,Phogri,Pholidoptera griseoaptera,Dark Bush-cricket,bush-cricket,0.87,,,27/09/2026,27/09/2026,20:45:47,ClassifEspSWE-0002026-05-29_1,JOHANKARLSSON,2026092907465N56J1IK,,Citizen Science (ultrasonic) - shared
59~40304+18~07242_20260927_204553.wav,DEV_002_20260927_204553.wav,0,59.40304,18.07242,Phogri,Pholidoptera griseoaptera,Dark Bush-cricket,bush-cricket,0.9,,,27/09/2026,27/09/2026,20:45:53,ClassifEspSWE-0002026-05-29_1,JOHANKARLSSON,2026092907465N56J1IK,,Citizen Science (ultrasonic) - shared
59~40304+18~07242_20260927_204600.wav,DEV_002_20260927_204600.wav,0,59.40304,18.07242,Phogri,Pholidoptera griseoaptera,Dark Bush-cricket,bush-cricket,0.92,,,27/09/2026,27/09/2026,20:46:00,ClassifEspSWE-0002026-05-29_1,JOHANKARLSSON,2026092907465N56J1IK,,Citizen Science (ultrasonic) - shared
59~40304+18~07242_20260927_204605.wav,DEV_002_20260927_204605.wav,0,59.40304,18.07242,Phogri,Pholidoptera griseoaptera,Dark Bush-cricket,bush-cricket,0.79,,,27/09/2026,27/09/2026,20:46:05,ClassifEspSWE-0002026-05-29_1,JOHANKARLSSON,2026092907465N56J1IK,,Citizen Science (ultrasonic) - shared
59~40304+18~07242_20260927_204612.wav,DEV_002_20260927_204612.wav,0,59.40304,18.07242,Phogri,Pholidoptera griseoaptera,Dark Bush-cricket,bush-cricket,0.94,,,27/09/2026,27/09/2026,20:46:12,ClassifEspSWE-0002026-05-29_1,JOHANKARLSSON,2026092907465N56J1IK,,Citizen Science (ultrasonic) - shared
59~40304+18~07242_20260927_204618.wav,DEV_002_20260927_204618.wav,0,59.40304,18.07242,Phogri,Pholidoptera griseoaptera,Dark Bush-cricket,bush-cricket,0.8,,,27/09/2026,27/09/2026,20:46:18,ClassifEspSWE-0002026-05-29_1,JOHANKARLSSON,2026092907465N56J1IK,,Citizen Science (ultrasonic) - shared
59~40304+18~07242_20260927_204624.wav,DEV_002_20260927_204624.wav,0,59.40304,18.07242,Phogri,Pholidoptera griseoaptera,Dark Bush-cricket,bush-cricket,0.88,,,27/09/2026,27/09/2026,20:46:24,ClassifEspSWE-0002026-05-29_1,JOHANKARLSSON,2026092907465N56J1IK,,Citizen Science (ultrasonic) - shared
59~40304+18~07242_20260927_204630.wav,DEV_002_20260927_204630.wav,0,59.40304,18.07242,Phogri,Pholidoptera griseoaptera,Dark Bush-cricket,bush-cricket,0.92,,,27/09/2026,27/09/2026,20:46:30,ClassifEspSWE-0002026-05-29_1,JOHANKARLSSON,2026092907465N56J1IK,,Citizen Science (ultrasonic) - shared
59~40304+18~07242_20260927_204637.wav,DEV_002_20260927_204637.wav,0,59.40304,18.07242,Phogri,Pholidoptera griseoaptera,Dark Bush-cricket,bush-cricket,0.9,,,27/09/2026,27/09/2026,20:46:37,ClassifEspSWE-0002026-05-29_1,JOHANKARLSSON,2026092907465N56J1IK,,Citizen Science (ultrasonic) - shared
59~40304+18~07242_20260927_204643.wav,DEV_002_20260927_204643.wav,0,59.40304,18.07242,Phogri,Pholidoptera griseoaptera,Dark Bush-cricket,bush-cricket,0.84,,,27/09/2026,27/09/2026,20:46:43,ClassifEspSWE-0002026-05-29_1,JOHANKARLSSON,2026092907465N56J1IK,,Citizen Science (ultrasonic) - shared
59~40304+18~07242_20260927_204649.wav,DEV_002_20260927_204649.wav,0,59.40304,18.07242,Phogri,Pholidoptera griseoaptera,Dark Bush-cricket,bush-cricket,0.76,,,27/09/2026,27/09/2026,20:46:49,ClassifEspSWE-0002026-05-29_1,JOHANKARLSSON,2026092907465N56J1IK,,Citizen Science (ultrasonic) - shared
59~40304+18~07242_20260927_204656.wav,DEV_002_20260927_204656.wav,0,59.40304,18.07242,Phogri,Pholidoptera griseoaptera,Dark Bush-cricket,bush-cricket,0.81,,,27/09/2026,27/09/2026,20:46:56,ClassifEspSWE-0002026-05-29_1,JOHANKARLSSON,2026092907465N56J1IK,,Citizen Science (ultrasonic) - shared
59~40304+18~07242_20260927_204703.wav,DEV_002_20260927_204703.wav,0,59.40304,18.07242,Phogri,Pholidoptera griseoaptera,Dark Bush-cricket,bush-cricket,0.89,,,27/09/2026,27/09/2026,20:47:03,ClassifEspSWE-0002026-05-29_1,JOHANKARLSSON,2026092907465N56J1IK,,Citizen Science (ultrasonic) - shared
59~40304+18~07242_20260927_204711.wav,DEV_002_20260927_204711.wav,0,59.40304,18.07242,Phogri,Pholidoptera griseoaptera,Dark Bush-cricket,bush-cricket,0.87,,,27/09/2026,27/09/2026,20:47:11,ClassifEspSWE-0002026-05-29_1,JOHANKARLSSON,2026092907465N56J1IK,,Citizen Science (ultrasonic) - shared
59~40304+18~07242_20260927_204718.wav,DEV_002_20260927_204718.wav,0,59.40304,18.07242,Phogri,Pholidoptera griseoaptera,Dark Bush-cricket,bush-cricket,0.8,,,27/09/2026,27/09/2026,20:47:18,ClassifEspSWE-0002026-05-29_1,JOHANKARLSSON,2026092907465N56J1IK,,Citizen Science (ultrasonic) - shared
59~40304+18~07242_20260927_204724.wav,DEV_002_20260927_204724.wav,0,59.40304,18.07242,Phogri,Pholidoptera griseoaptera,Dark Bush-cricket,bush-cricket,0.81,,,27/09/2026,27/09/2026,20:47:24,ClassifEspSWE-0002026-05-29_1,JOHANKARLSSON,2026092907465N56J1IK,,Citizen Science (ultrasonic) - shared
59~40304+18~07242_20260927_204729.wav,DEV_002_20260927_204729.wav,0,59.40304,18.07242,Phogri,Pholidoptera griseoaptera,Dark Bush-cricket,bush-cricket,0.9,,,27/09/2026,27/09/2026,20:47:29,ClassifEspSWE-0002026-05-29_1,JOHANKARLSSON,2026092907465N56J1IK,,Citizen Science (ultrasonic) - shared
59~40304+18~07242_20260927_204737.wav,DEV_002_20260927_204737.wav,0,59.40304,18.07242,Phogri,Pholidoptera griseoaptera,Dark Bush-cricket,bush-cricket,0.69,,,27/09/2026,27/09/2026,20:47:37,ClassifEspSWE-0002026-05-29_1,JOHANKARLSSON,2026092907465N56J1IK,,Citizen Science (ultrasonic) - shared
59~40304+18~07242_20260927_204742.wav,DEV_002_20260927_204742.wav,0,59.40304,18.07242,Phogri,Pholidoptera griseoaptera,Dark Bush-cricket,bush-cricket,0.98,,,27/09/2026,27/09/2026,20:47:42,ClassifEspSWE-0002026-05-29_1,JOHANKARLSSON,2026092907465N56J1IK,,Citizen Science (ultrasonic) - shared
59~40304+18~07242_20260927_204749.wav,DEV_002_20260927_204749.wav,0,59.40304,18.07242,Phogri,Pholidoptera griseoaptera,Dark Bush-cricket,bush-cricket,0.96,,,27/09/2026,27/09/2026,20:47:49,ClassifEspSWE-0002026-05-29_1,JOHANKARLSSON,2026092907465N56J1IK,,Citizen Science (ultrasonic) - shared
59~40304+18~07242_20260927_204754.wav,DEV_002_20260927_204754.wav,0,59.40304,18.07242,Phogri,Pholidoptera griseoaptera,Dark Bush-cricket,bush-cricket,0.9,,,27/09/2026,27/09/2026,20:47:54,ClassifEspSWE-0002026-05-29_1,JOHANKARLSSON,2026092907465N56J1IK,,Citizen Science (ultrasonic) - shared
59~40304+18~07242_20260927_204800.wav,DEV_002_20260927_204800.wav,0,59.40304,18.07242,Phogri,Pholidoptera griseoaptera,Dark Bush-cricket,bush-cricket,0.76,,,27/09/2026,27/09/2026,20:48:00,ClassifEspSWE-0002026-05-29_1,JOHANKARLSSON,2026092907465N56J1IK,,Citizen Science (ultrasonic) - shared
59~40304+18~07242_20260927_204805.wav,DEV_002_20260927_204805.wav,0,59.40304,18.07242,Phogri,Pholidoptera griseoaptera,Dark Bush-cricket,bush-cricket,0.96,,,27/09/2026,27/09/2026,20:48:05,ClassifEspSWE-0002026-05-29_1,JOHANKARLSSON,2026092907465N56J1IK,,Citizen Science (ultrasonic) - shared
59~40304+18~07242_20260927_204811.wav,DEV_002_20260927_204811.wav,0,59.40304,18.07242,Phogri,Pholidoptera griseoaptera,Dark Bush-cricket,bush-cricket,0.84,,,27/09/2026,27/09/2026,20:48:11,ClassifEspSWE-0002026-05-29_1,JOHANKARLSSON,2026092907465N56J1IK,,Citizen Science (ultrasonic) - shared
59~40304+18~07242_20260927_204818.wav,DEV_002_20260927_204818.wav,0,59.40304,18.07242,Phogri,Pholidoptera griseoaptera,Dark Bush-cricket,bush-cricket,0.65,,,27/09/2026,27/09/2026,20:48:18,ClassifEspSWE-0002026-05-29_1,JOHANKARLSSON,2026092907465N56J1IK,,Citizen Science (ultrasonic) - shared
59~40304+18~07242_20260927_204825.wav,DEV_002_20260927_204825.wav,0,59.40304,18.07242,Phogri,Pholidoptera griseoaptera,Dark Bush-cricket,bush-cricket,0.69,,,27/09/2026,27/09/2026,20:48:25,ClassifEspSWE-0002026-05-29_1,JOHANKARLSSON,2026092907465N56J1IK,,Citizen Science (ultrasonic) - shared
59~40304+18~07242_20260927_204831.wav,DEV_002_20260927_204831.wav,0,59.40304,18.07242,Phogri,Pholidoptera griseoaptera,Dark Bush-cricket,bush-cricket,0.91,,,27/09/2026,27/09/2026,20:48:31,ClassifEspSWE-0002026-05-29_1,JOHANKARLSSON,2026092907465N56J1IK,,Citizen Science (ultrasonic) - shared
59~40304+18~07242_20260927_204837.wav,DEV_002_20260927_204837.wav,0,59.40304,18.07242,Phogri,Pholidoptera griseoaptera,Dark Bush-cricket,bush-cricket,0.83,,,27/09/2026,27/09/2026,20:48:37,ClassifEspSWE-0002026-05-29_1,JOHANKARLSSON,2026092907465N56J1IK,,Citizen Science (ultrasonic) - shared
59~40304+18~07242_20260927_204844.wav,DEV_002_20260927_204844.wav,0,59.40304,18.07242,Phogri,Pholidoptera griseoaptera,Dark Bush-cricket,bush-cricket,0.82,,,27/09/2026,27/09/2026,20:48:44,ClassifEspSWE-0002026-05-29_1,JOHANKARLSSON,2026092907465N56J1IK,,Citizen Science (ultrasonic) - shared
59~40304+18~07242_20260927_204851.wav,DEV_002_20260927_204851.wav,0,59.40304,18.07242,Phogri,Pholidoptera griseoaptera,Dark Bush-cricket,bush-cricket,0.78,,,27/09/2026,27/09/2026,20:48:51,ClassifEspSWE-0002026-05-29_1,JOHANKARLSSON,2026092907465N56J1IK,,Citizen Science (ultrasonic) - shared
59~40304+18~07242_20260927_204858.wav,DEV_002_20260927_204858.wav,0,59.40304,18.07242,Phogri,Pholidoptera griseoaptera,Dark Bush-cricket,bush-cricket,0.85,,,27/09/2026,27/09/2026,20:48:58,ClassifEspSWE-0002026-05-29_1,JOHANKARLSSON,2026092907465N56J1IK,,Citizen Science (ultrasonic) - shared
59~40304+18~07242_20260927_204905.wav,DEV_002_20260927_204905.wav,0,59.40304,18.07242,Phogri,Pholidoptera griseoaptera,Dark Bush-cricket,bush-cricket,0.85,,,27/09/2026,27/09/2026,20:49:05,ClassifEspSWE-0002026-05-29_1,JOHANKARLSSON,2026092907465N56J1IK,,Citizen Science (ultrasonic) - shared
59~40304+18~07242_20260927_204912.wav,DEV_002_20260927_204912.wav,0,59.40304,18.07242,Phogri,Pholidoptera griseoaptera,Dark Bush-cricket,bush-cricket,0.94,,,27/09/2026,27/09/2026,20:49:12,ClassifEspSWE-0002026-05-29_1,JOHANKARLSSON,2026092907465N56J1IK,,Citizen Science (ultrasonic) - shared
59~40304+18~07242_20260927_204917.wav,DEV_002_20260927_204917.wav,0,59.40304,18.07242,Phogri,Pholidoptera griseoaptera,Dark Bush-cricket,bush-cricket,0.87,,,27/09/2026,27/09/2026,20:49:17,ClassifEspSWE-0002026-05-29_1,JOHANKARLSSON,2026092907465N56J1IK,,Citizen Science (ultrasonic) - shared
59~40304+18~07242_20260927_204924.wav,DEV_002_20260927_204924.wav,0,59.40304,18.07242,Phogri,Pholidoptera griseoaptera,Dark Bush-cricket,bush-cricket,0.99,,,27/09/2026,27/09/2026,20:49:24,ClassifEspSWE-0002026-05-29_1,JOHANKARLSSON,2026092907465N56J1IK,,Citizen Science (ultrasonic) - shared
59~40304+18~07242_20260927_204930.wav,DEV_002_20260927_204930.wav,0,59.40304,18.07242,Phogri,Pholidoptera griseoaptera,Dark Bush-cricket,bush-cricket,0.89,,,27/09/2026,27/09/2026,20:49:30,ClassifEspSWE-0002026-05-29_1,JOHANKARLSSON,2026092907465N56J1IK,,Citizen Science (ultrasonic) - shared
59~40304+18~07242_20260927_204937.wav,DEV_002_20260927_204937.wav,0,59.40304,18.07242,Phogri,Pholidoptera griseoaptera,Dark Bush-cricket,bush-cricket,0.74,,,27/09/2026,27/09/2026,20:49:37,ClassifEspSWE-0002026-05-29_1,JOHANKARLSSON,2026092907465N56J1IK,,Citizen Science (ultrasonic) - shared
59~40304+18~07242_20260927_204944.wav,DEV_002_20260927_204944.wav,0,59.40304,18.07242,Phogri,Pholidoptera griseoaptera,Dark Bush-cricket,bush-cricket,0.88,,,27/09/2026,27/09/2026,20:49:44,ClassifEspSWE-0002026-05-29_1,JOHANKARLSSON,2026092907465N56J1IK,,Citizen Science (ultrasonic) - shared
59~40304+18~07242_20260927_204951.wav,DEV_002_20260927_204951.wav,0,59.40304,18.07242,Phogri,Pholidoptera griseoaptera,Dark Bush-cricket,bush-cricket,0.63,,,27/09/2026,27/09/2026,20:49:51,ClassifEspSWE-0002026-05-29_1,JOHANKARLSSON,2026092907465N56J1IK,,Citizen Science (ultrasonic) - shared
59~40304+18~07242_20260927_204958.wav,DEV_002_20260927_204958.wav,0,59.40304,18.07242,Phogri,Pholidoptera griseoaptera,Dark Bush-cricket,bush-cricket,0.8,,,27/09/2026,27/09/2026,20:49:58,ClassifEspSWE-0002026-05-29_1,JOHANKARLSSON,2026092907465N56J1IK,,Citizen Science (ultrasonic) - shared
59~40304+18~07242_20260927_205005.wav,DEV_002_20260927_205005.wav,0,59.40304,18.07242,Phogri,Pholidoptera griseoaptera,Dark Bush-cricket,bush-cricket,0.9,,,27/09/2026,27/09/2026,20:50:05,ClassifEspSWE-0002026-05-29_1,JOHANKARLSSON,2026092907465N56J1IK,,Citizen Science (ultrasonic) - shared
59~40304+18~07242_20260927_205011.wav,DEV_002_20260927_205011.wav,0,59.40304,18.07242,Phogri,Pholidoptera griseoaptera,Dark Bush-cricket,bush-cricket,0.86,,,27/09/2026,27/09/2026,20:50:11,ClassifEspSWE-0002026-05-29_1,JOHANKARLSSON,2026092907465N56J1IK,,Citizen Science (ultrasonic) - shared
59~40304+18~07242_20260927_205017.wav,DEV_002_20260927_205017.wav,0,59.40304,18.07242,Phogri,Pholidoptera griseoaptera,Dark Bush-cricket,bush-cricket,0.87,,,27/09/2026,27/09/2026,20:50:17,ClassifEspSWE-0002026-05-29_1,JOHANKARLSSON,2026092907465N56J1IK,,Citizen Science (ultrasonic) - shared
59~40304+18~07242_20260927_205024.wav,DEV_002_20260927_205024.wav,0,59.40304,18.07242,Phogri,Pholidoptera griseoaptera,Dark Bush-cricket,bush-cricket,0.98,,,27/09/2026,27/09/2026,20:50:24,ClassifEspSWE-0002026-05-29_1,JOHANKARLSSON,2026092907465N56J1IK,,Citizen Science (ultrasonic) - shared
59~40304+18~07242_20260927_205031.wav,DEV_002_20260927_205031.wav,0,59.40304,18.07242,Phogri,Pholidoptera griseoaptera,Dark Bush-cricket,bush-cricket,0.72,,,27/09/2026,27/09/2026,20:50:31,ClassifEspSWE-0002026-05-29_1,JOHANKARLSSON,2026092907465N56J1IK,,Citizen Science (ultrasonic) - shared
59~40304+18~07242_20260927_205037.wav,DEV_002_20260927_205037.wav,0,59.40304,18.07242,Phogri,Pholidoptera griseoaptera,Dark Bush-cricket,bush-cricket,0.69,,,27/09/2026,27/09/2026,20:50:37,ClassifEspSWE-0002026-05-29_1,JOHANKARLSSON,2026092907465N56J1IK,,Citizen Science (ultrasonic) - shared
59~40304+18~07242_20260927_205043.wav,DEV_002_20260927_205043.wav,0,59.40304,18.07242,Phogri,Pholidoptera griseoaptera,Dark Bush-cricket,bush-cricket,0.82,,,27/09/2026,27/09/2026,20:50:43,ClassifEspSWE-0002026-05-29_1,JOHANKARLSSON,2026092907465N56J1IK,,Citizen Science (ultrasonic) - shared
59~40304+18~07242_20260927_205049.wav,DEV_002_20260927_205049.wav,0,59.40304,18.07242,Phogri,Pholidoptera griseoaptera,Dark Bush-cricket,bush-cricket,0.99,,,27/09/2026,27/09/2026,20:50:49,ClassifEspSWE-0002026-05-29_1,JOHANKARLSSON,2026092907465N56J1IK,,Citizen Science (ultrasonic) - shared
59~40304+18~07242_20260927_205056.wav,DEV_002_20260927_205056.wav,0,59.40304,18.07242,Phogri,Pholidoptera griseoaptera,Dark Bush-cricket,bush-cricket,0.79,,,27/09/2026,27/09/2026,20:50:56,ClassifEspSWE-0002026-05-29_1,JOHANKARLSSON,2026092907465N56J1IK,,Citizen Science (ultrasonic) - shared
59~40304+18~07242_20260927_205102.wav,DEV_002_20260927_205102.wav,0,59.40304,18.07242,Phogri,Pholidoptera griseoaptera,Dark Bush-cricket,bush-cricket,0.99,,,27/09/2026,27/09/2026,20:51:02,ClassifEspSWE-0002026-05-29_1,JOHANKARLSSON,2026092907465N56J1IK,,Citizen Science (ultrasonic) - shared
59~40304+18~07242_20260927_205108.wav,DEV_002_20260927_205108.wav,0,59.40304,18.07242,Phogri,Pholidoptera griseoaptera,Dark Bush-cricket,bush-cricket,0.77,,,27/09/2026,27/09/2026,20:51:08,ClassifEspSWE-0002026-05-29_1,JOHANKARLSSON,2026092907465N56J1IK,,Citizen Science (ultrasonic) - shared
59~40304+18~07242_20260927_205113.wav,DEV_002_20260927_205113.wav,0,59.40304,18.07242,Phogri,Pholidoptera griseoaptera,Dark Bush-cricket,bush-cricket,0.87,,,27/09/2026,27/09/2026,20:51:13,ClassifEspSWE-0002026-05-29_1,JOHANKARLSSON,2026092907465N56J1IK,,Citizen Science (ultrasonic) - shared
59~40304+18~07242_20260927_205119.wav,DEV_002_20260927_205119.wav,0,59.40304,18.07242,Phogri,Pholidoptera griseoaptera,Dark Bush-cricket,bush-cricket,0.85,,,27/09/2026,27/09/2026,20:51:19,ClassifEspSWE-0002026-05-29_1,JOHANKARLSSON,2026092907465N56J1IK,,Citizen Science (ultrasonic) - shared
59~40304+18~07242_20260927_205126.wav,DEV_002_20260927_205126.wav,0,59.40304,18.07242,Phogri,Pholidoptera griseoaptera,Dark Bush-cricket,bush-cricket,0.87,,,27/09/2026,27/09/2026,20:51:26,ClassifEspSWE-0002026-05-29_1,JOHANKARLSSON,2026092907465N56J1IK,,Citizen Science (ultrasonic) - shared
59~40304+18~07242_20260927_205133.wav,DEV_002_20260927_205133.wav,0,59.40304,18.07242,Phogri,Pholidoptera griseoaptera,Dark Bush-cricket,bush-cricket,0.76,,,27/09/2026,27/09/2026,20:51:33,ClassifEspSWE-0002026-05-29_1,JOHANKARLSSON,2026092907465N56J1IK,,Citizen Science (ultrasonic) - shared
59~40304+18~07242_20260927_205139.wav,DEV_002_20260927_205139.wav,0,59.40304,18.07242,Phogri,Pholidoptera griseoaptera,Dark Bush-cricket,bush-cricket,0.97,,,27/09/2026,27/09/2026,20:51:39,ClassifEspSWE-0002026-05-29_1,JOHANKARLSSON,2026092907465N56J1IK,,Citizen Science (ultrasonic) - shared
59~40304+18~07242_20260927_205145.wav,DEV_002_20260927_205145.wav,0,59.40304,18.07242,Phogri,Pholidoptera griseoaptera,Dark Bush-cricket,bush-cricket,0.89,,,27/09/2026,27/09/2026,20:51:45,ClassifEspSWE-0002026-05-29_1,JOHANKARLSSON,2026092907465N56J1IK,,Citizen Science (ultrasonic) - shared
59~40304+18~07242_20260927_205150.wav,DEV_002_20260927_205150.wav,0,59.40304,18.07242,Phogri,Pholidoptera griseoaptera,Dark Bush-cricket,bush-cricket,0.74,,,27/09/2026,27/09/2026,20:51:50,ClassifEspSWE-0002026-05-29_1,JOHANKARLSSON,2026092907465N56J1IK,,Citizen Science (ultrasonic) - shared
59~40304+18~07242_20260927_205203.wav,DEV_002_20260927_205203.wav,0,59.40304,18.07242,Phogri,Pholidoptera griseoaptera,Dark Bush-cricket,bush-cricket,0.91,,,27/09/2026,27/09/2026,20:52:03,ClassifEspSWE-0002026-05-29_1,JOHANKARLSSON,2026092907465N56J1IK,,Citizen Science (ultrasonic) - shared
59~40304+18~07242_20260927_205208.wav,DEV_002_20260927_205208.wav,0,59.40304,18.07242,Phogri,Pholidoptera griseoaptera,Dark Bush-cricket,bush-cricket,0.94,,,27/09/2026,27/09/2026,20:52:08,ClassifEspSWE-0002026-05-29_1,JOHANKARLSSON,2026092907465N56J1IK,,Citizen Science (ultrasonic) - shared
59~40304+18~07242_20260927_205215.wav,DEV_002_20260927_205215.wav,0,59.40304,18.07242,Phogri,Pholidoptera griseoaptera,Dark Bush-cricket,bush-cricket,0.78,,,27/09/2026,27/09/2026,20:52:15,ClassifEspSWE-0002026-05-29_1,JOHANKARLSSON,2026092907465N56J1IK,,Citizen Science (ultrasonic) - shared
59~40304+18~07242_20260927_205222.wav,DEV_002_20260927_205222.wav,0,59.40304,18.07242,Phogri,Pholidoptera griseoaptera,Dark Bush-cricket,bush-cricket,0.95,,,27/09/2026,27/09/2026,20:52:22,ClassifEspSWE-0002026-05-29_1,JOHANKARLSSON,2026092907465N56J1IK,,Citizen Science (ultrasonic) - shared
59~40304+18~07242_20260927_205228.wav,DEV_002_20260927_205228.wav,0,59.40304,18.07242,Phogri,Pholidoptera griseoaptera,Dark Bush-cricket,bush-cricket,0.8,,,27/09/2026,27/09/2026,20:52:28,ClassifEspSWE-0002026-05-29_1,JOHANKARLSSON,2026092907465N56J1IK,,Citizen Science (ultrasonic) - shared
59~40304+18~07242_20260927_205233.wav,DEV_002_20260927_205233.wav,0,59.40304,18.07242,Phogri,Pholidoptera griseoaptera,Dark Bush-cricket,bush-cricket,0.72,,,27/09/2026,27/09/2026,20:52:33,ClassifEspSWE-0002026-05-29_1,JOHANKARLSSON,2026092907465N56J1IK,,Citizen Science (ultrasonic) - shared
59~40304+18~07242_20260927_205240.wav,DEV_002_20260927_205240.wav,0,59.40304,18.07242,Phogri,Pholidoptera griseoaptera,Dark Bush-cricket,bush-cricket,0.92,,,27/09/2026,27/09/2026,20:52:40,ClassifEspSWE-0002026-05-29_1,JOHANKARLSSON,2026092907465N56J1IK,,Citizen Science (ultrasonic) - shared
59~40304+18~07242_20260927_205245.wav,DEV_002_20260927_205245.wav,0,59.40304,18.07242,Phogri,Pholidoptera griseoaptera,Dark Bush-cricket,bush-cricket,0.68,,,27/09/2026,27/09/2026,20:52:45,ClassifEspSWE-0002026-05-29_1,JOHANKARLSSON,2026092907465N56J1IK,,Citizen Science (ultrasonic) - shared
59~40304+18~07242_20260927_205250.wav,DEV_002_20260927_205250.wav,0,59.40304,18.07242,Phogri,Pholidoptera griseoaptera,Dark Bush-cricket,bush-cricket,0.79,,,27/09/2026,27/09/2026,20:52:50,ClassifEspSWE-0002026-05-29_1,JOHANKARLSSON,2026092907465N56J1IK,,Citizen Science (ultrasonic) - shared
59~40304+18~07242_20260927_205257.wav,DEV_002_20260927_205257.wav,0,59.40304,18.07242,Phogri,Pholidoptera griseoaptera,Dark Bush-cricket,bush-cricket,0.92,,,27/09/2026,27/09/2026,20:52:57,ClassifEspSWE-0002026-05-29_1,JOHANKARLSSON,2026092907465N56J1IK,,Citizen Science (ultrasonic) - shared
59~40304+18~07242_20260927_205304.wav,DEV_002_20260927_205304.wav,0,59.40304,18.07242,Phogri,Pholidoptera griseoaptera,Dark Bush-cricket,bush-cricket,0.78,,,27/09/2026,27/09/2026,20:53:04,ClassifEspSWE-0002026-05-29_1,JOHANKARLSSON,2026092907465N56J1IK,,Citizen Science (ultrasonic) - shared
59~40304+18~07242_20260927_205310.wav,DEV_002_20260927_205310.wav,0,59.40304,18.07242,Phogri,Pholidoptera griseoaptera,Dark Bush-cricket,bush-cricket,0.73,,,27/09/2026,27/09/2026,20:53:10,ClassifEspSWE-0002026-05-29_1,JOHANKARLSSON,2026092907465N56J1IK,,Citizen Science (ultrasonic) - shared
59~40304+18~07242_20260927_205317.wav,DEV_002_20260927_205317.wav,0,59.40304,18.07242,Phogri,Pholidoptera griseoaptera,Dark Bush-cricket,bush-cricket,0.99,,,27/09/2026,27/09/2026,20:53:17,ClassifEspSWE-0002026-05-29_1,JOHANKARLSSON,2026092907465N56J1IK,,Citizen Science (ultrasonic) - shared
59~40304+18~07242_20260927_205322.wav,DEV_002_20260927_205322.wav,0,59.40304,18.07242,Phogri,Pholidoptera griseoaptera,Dark Bush-cricket,bush-cricket,0.83,,,27/09/2026,27/09/2026,20:53:22,ClassifEspSWE-0002026-05-29_1,JOHANKARLSSON,2026092907465N56J1IK,,Citizen Science (ultrasonic) - shared
59~40304+18~07242_20260927_205329.wav,DEV_002_20260927_205329.wav,0,59.40304,18.07242,Phogri,Pholidoptera griseoaptera,Dark Bush-cricket,bush-cricket,0.78,,,27/09/2026,27/09/2026,20:53:29,ClassifEspSWE-0002026-05-29_1,JOHANKARLSSON,2026092907465N56J1IK,,Citizen Science (ultrasonic) - shared
59~40304+18~07242_20260927_205335.wav,DEV_002_20260927_205335.wav,0,59.40304,18.07242,Phogri,Pholidoptera griseoaptera,Dark Bush-cricket,bush-cricket,0.99,,,27/09/2026,27/09/2026,20:53:35,ClassifEspSWE-0002026-05-29_1,JOHANKARLSSON,2026092907465N56J1IK,,Citizen Science (ultrasonic) - shared
59~40304+18~07242_20260927_205343.wav,DEV_002_20260927_205343.wav,0,59.40304,18.07242,Phogri,Pholidoptera griseoaptera,Dark Bush-cricket,bush-cricket,0.6,,,27/09/2026,27/09/2026,20:53:43,ClassifEspSWE-0002026-05-29_1,JOHANKARLSSON,2026092907465N56J1IK,,Citizen Science (ultrasonic) - shared
59~40304+18~07242_20260927_205349.wav,DEV_002_20260927_205349.wav,0,59.40304,18.07242,Phogri,Pholidoptera griseoaptera,Dark Bush-cricket,bush-cricket,0.95,,,27/09/2026,27/09/2026,20:53:49,ClassifEspSWE-0002026-05-29_1,JOHANKARLSSON,2026092907465N56J1IK,,Citizen Science (ultrasonic) - shared
59~40304+18~07242_20260927_205355.wav,DEV_002_20260927_205355.wav,0,59.40304,18.07242,Phogri,Pholidoptera griseoaptera,Dark Bush-cricket,bush-cricket,0.67,,,27/09/2026,27/09/2026,20:53:55,ClassifEspSWE-0002026-05-29_1,JOHANKARLSSON,2026092907465N56J1IK,,Citizen Science (ultrasonic) - shared
59~40304+18~07242_20260927_205401.wav,DEV_002_20260927_205401.wav,0,59.40304,18.07242,Phogri,Pholidoptera griseoaptera,Dark Bush-cricket,bush-cricket,0.8,,,27/09/2026,27/09/2026,20:54:01,ClassifEspSWE-0002026-05-29_1,JOHANKARLSSON,2026092907465N56J1IK,,Citizen Science (ultrasonic) - shared
59~40304+18~07242_20260927_205406.wav,DEV_002_20260927_205406.wav,0,59.40304,18.07242,Phogri,Pholidoptera griseoaptera,Dark Bush-cricket,bush-cricket,0.78,,,27/09/2026,27/09/2026,20:54:06,ClassifEspSWE-0002026-05-29_1,JOHANKARLSSON,2026092907465N56J1IK,,Citizen Science (ultrasonic) - shared
59~40304+18~07242_20260927_205413.wav,DEV_002_20260927_205413.wav,0,59.40304,18.07242,Phogri,Pholidoptera griseoaptera,Dark Bush-cricket,bush-cricket,0.87,,,27/09/2026,27/09/2026,20:54:13,ClassifEspSWE-0002026-05-29_1,JOHANKARLSSON,2026092907465N56J1IK,,Citizen Science (ultrasonic) - shared
59~40304+18~07242_20260927_205420.wav,DEV_002_20260927_205420.wav,0,59.40304,18.07242,Phogri,Pholidoptera griseoaptera,Dark Bush-cricket,bush-cricket,0.99,,,27/09/2026,27/09/2026,20:54:20,ClassifEspSWE-0002026-05-29_1,JOHANKARLSSON,2026092907465N56J1IK,,Citizen Science (ultrasonic) - shared
59~40304+18~07242_20260927_205425.wav,DEV_002_20260927_205425.wav,0,59.40304,18.07242,Phogri,Pholidoptera griseoaptera,Dark Bush-cricket,bush-cricket,0.73,,,27/09/2026,27/09/2026,20:54:25,ClassifEspSWE-0002026-05-29_1,JOHANKARLSSON,2026092907465N56J1IK,,Citizen Science (ultrasonic) - shared
59~40304+18~07242_20260927_205432.wav,DEV_002_20260927_205432.wav,0,59.40304,18.07242,Phogri,Pholidoptera griseoaptera,Dark Bush-cricket,bush-cricket,0.84,,,27/09/2026,27/09/2026,20:54:32,ClassifEspSWE-0002026-05-29_1,JOHANKARLSSON,2026092907465N56J1IK,,Citizen Science (ultrasonic) - shared
59~40304+18~07242_20260927_205437.wav,DEV_002_20260927_205437.wav,0,59.40304,18.07242,Phogri,Pholidoptera griseoaptera,Dark Bush-cricket,bush-cricket,0.8,,,27/09/2026,27/09/2026,20:54:37,ClassifEspSWE-0002026-05-29_1,JOHANKARLSSON,2026092907465N56J1IK,,Citizen Science (ultrasonic) - shared
59~40304+18~07242_20260927_205443.wav,DEV_002_20260927_205443.wav,0,59.40304,18.07242,Phogri,Pholidoptera griseoaptera,Dark Bush-cricket,bush-cricket,0.74,,,27/09/2026,27/09/2026,20:54:43,ClassifEspSWE-0002026-05-29_1,JOHANKARLSSON,2026092907465N56J1IK,,Citizen Science (ultrasonic) - shared
59~40304+18~07242_20260927_205450.wav,DEV_002_20260927_205450.wav,0,59.40304,18.07242,Phogri,Pholidoptera griseoaptera,Dark Bush-cricket,bush-cricket,0.88,,,27/09/2026,27/09/2026,20:54:50,ClassifEspSWE-0002026-05-29_1,JOHANKARLSSON,2026092907465N56J1IK,,Citizen Science (ultrasonic) - shared
59~40304+18~07242_20260927_205455.wav,DEV_002_20260927_205455.wav,0,59.40304,18.07242,Phogri,Pholidoptera griseoaptera,Dark Bush-cricket,bush-cricket,0.87,,,27/09/2026,27/09/2026,20:54:55,ClassifEspSWE-0002026-05-29_1,JOHANKARLSSON,2026092907465N56J1IK,,Citizen Science (ultrasonic) - shared
59~40304+18~07242_20260927_205502.wav,DEV_002_20260927_205502.wav,0,59.40304,18.07242,Phogri,Pholidoptera griseoaptera,Dark Bush-cricket,bush-cricket,0.79,,,27/09/2026,27/09/2026,20:55:02,ClassifEspSWE-0002026-05-29_1,JOHANKARLSSON,2026092907465N56J1IK,,Citizen Science (ultrasonic) - shared
59~40304+18~07242_20260927_205509.wav,DEV_002_20260927_205509.wav,0,59.40304,18.07242,Phogri,Pholidoptera griseoaptera,Dark Bush-cricket,bush-cricket,0.84,,,27/09/2026,27/09/2026,20:55:09,ClassifEspSWE-0002026-05-29_1,JOHANKARLSSON,2026092907465N56J1IK,,Citizen Science (ultrasonic) - shared
59~40304+18~07242_20260927_205517.wav,DEV_002_20260927_205517.wav,0,59.40304,18.07242,Phogri,Pholidoptera griseoaptera,Dark Bush-cricket,bush-cricket,0.72,,,27/09/2026,27/09/2026,20:55:17,ClassifEspSWE-0002026-05-29_1,JOHANKARLSSON,2026092907465N56J1IK,,Citizen Science (ultrasonic) - shared
59~40304+18~07242_20260927_205522.wav,DEV_002_20260927_205522.wav,0,59.40304,18.07242,Phogri,Pholidoptera griseoaptera,Dark Bush-cricket,bush-cricket,0.72,,,27/09/2026,27/09/2026,20:55:22,ClassifEspSWE-0002026-05-29_1,JOHANKARLSSON,2026092907465N56J1IK,,Citizen Science (ultrasonic) - shared
59~40304+18~07242_20260927_205527.wav,DEV_002_20260927_205527.wav,0,59.40304,18.07242,Phogri,Pholidoptera griseoaptera,Dark Bush-cricket,bush-cricket,0.88,,,27/09/2026,27/09/2026,20:55:27,ClassifEspSWE-0002026-05-29_1,JOHANKARLSSON,2026092907465N56J1IK,,Citizen Science (ultrasonic) - shared
59~40304+18~07242_20260927_205534.wav,DEV_002_20260927_205534.wav,0,59.40304,18.07242,Phogri,Pholidoptera griseoaptera,Dark Bush-cricket,bush-cricket,0.93,,,27/09/2026,27/09/2026,20:55:34,ClassifEspSWE-0002026-05-29_1,JOHANKARLSSON,2026092907465N56J1IK,,Citizen Science (ultrasonic) - shared
59~40304+18~07242_20260927_205540.wav,DEV_002_20260927_205540.wav,0,59.40304,18.07242,Phogri,Pholidoptera griseoaptera,Dark Bush-cricket,bush-cricket,0.89,,,27/09/2026,27/09/2026,20:55:40,ClassifEspSWE-0002026-05-29_1,JOHANKARLSSON,2026092907465N56J1IK,,Citizen Science (ultrasonic) - shared
59~40304+18~07242_20260927_205546.wav,DEV_002_20260927_205546.wav,0,59.40304,18.07242,Phogri,Pholidoptera griseoaptera,Dark Bush-cricket,bush-cricket,0.96,,,27/09/2026,27/09/2026,20:55:46,ClassifEspSWE-0002026-05-29_1,JOHANKARLSSON,2026092907465N56J1IK,,Citizen Science (ultrasonic) - shared
59~40304+18~07242_20260927_205552.wav,DEV_002_20260927_205552.wav,0,59.40304,18.07242,Phogri,Pholidoptera griseoaptera,Dark Bush-cricket,bush-cricket,0.8,,,27/09/2026,27/09/2026,20:55:52,ClassifEspSWE-0002026-05-29_1,JOHANKARLSSON,2026092907465N56J1IK,,Citizen Science (ultrasonic) - shared
59~40304+18~07242_20260927_205559.wav,DEV_002_20260927_205559.wav,0,59.40304,18.07242,Phogri,Pholidoptera griseoaptera,Dark Bush-cricket,bush-cricket,0.99,,,27/09/2026,27/09/2026,20:55:59,ClassifEspSWE-0002026-05-29_1,JOHANKARLSSON,2026092907465N56J1IK,,Citizen Science (ultrasonic) - shared
59~40304+18~07242_20260927_205604.wav,DEV_002_20260927_205604.wav,0,59.40304,18.07242,Phogri,Pholidoptera griseoaptera,Dark Bush-cricket,bush-cricket,0.82,,,27/09/2026,27/09/2026,20:56:04,ClassifEspSWE-0002026-05-29_1,JOHANKARLSSON,2026092907465N56J1IK,,Citizen Science (ultrasonic) - shared
59~40304+18~07242_20260927_205611.wav,DEV_002_20260927_205611.wav,0,59.40304,18.07242,Phogri,Pholidoptera griseoaptera,Dark Bush-cricket,bush-cricket,0.89,,,27/09/2026,27/09/2026,20:56:11,ClassifEspSWE-0002026-05-29_1,JOHANKARLSSON,2026092907465N56J1IK,,Citizen Science (ultrasonic) - shared
59~40304+18~07242_20260927_205617.wav,DEV_002_20260927_205617.wav,0,59.40304,18.07242,Phogri,Pholidoptera griseoaptera,Dark Bush-cricket,bush-cricket,0.96,,,27/09/2026,27/09/2026,20:56:17,ClassifEspSWE-0002026-05-29_1,JOHANKARLSSON,2026092907465N56J1IK,,Citizen Science (ultrasonic) - shared
59~40304+18~07242_20260927_205622.wav,DEV_002_20260927_205622.wav,0,59.40304,18.07242,Phogri,Pholidoptera griseoaptera,Dark Bush-cricket,bush-cricket,0.99,,,27/09/2026,27/09/2026,20:56:22,ClassifEspSWE-0002026-05-29_1,JOHANKARLSSON,2026092907465N56J1IK,,Citizen Science (ultrasonic) - shared
59~40304+18~07242_20260927_205627.wav,DEV_002_20260927_205627.wav,0,59.40304,18.07242,Phogri,Pholidoptera griseoaptera,Dark Bush-cricket,bush-cricket,0.65,,,27/09/2026,27/09/2026,20:56:27,ClassifEspSWE-0002026-05-29_1,JOHANKARLSSON,2026092907465N56J1IK,,Citizen Science (ultrasonic) - shared
59~40304+18~07242_20260927_205634.wav,DEV_002_20260927_205634.wav,0,59.40304,18.07242,Phogri,Pholidoptera griseoaptera,Dark Bush-cricket,bush-cricket,0.9,,,27/09/2026,27/09/2026,20:56:34,ClassifEspSWE-0002026-05-29_1,JOHANKARLSSON,2026092907465N56J1IK,,Citizen Science (ultrasonic) - shared
59~40304+18~07242_20260927_205641.wav,DEV_002_20260927_205641.wav,0,59.40304,18.07242,Phogri,Pholidoptera griseoaptera,Dark Bush-cricket,bush-cricket,0.9,,,27/09/2026,27/09/2026,20:56:41,ClassifEspSWE-0002026-05-29_1,JOHANKARLSSON,2026092907465N56J1IK,,Citizen Science (ultrasonic) - shared
59~40304+18~07242_20260927_205649.wav,DEV_002_20260927_205649.wav,0,59.40304,18.07242,Phogri,Pholidoptera griseoaptera,Dark Bush-cricket,bush-cricket,0.77,,,27/09/2026,27/09/2026,20:56:49,ClassifEspSWE-0002026-05-29_1,JOHANKARLSSON,2026092907465N56J1IK,,Citizen Science (ultrasonic) - shared
59~40304+18~07242_20260927_205655.wav,DEV_002_20260927_205655.wav,0,59.40304,18.07242,Phogri,Pholidoptera griseoaptera,Dark Bush-cricket,bush-cricket,0.99,,,27/09/2026,27/09/2026,20:56:55,ClassifEspSWE-0002026-05-29_1,JOHANKARLSSON,2026092907465N56J1IK,,Citizen Science (ultrasonic) - shared
59~40304+18~07242_20260927_205701.wav,DEV_002_20260927_205701.wav,0,59.40304,18.07242,Phogri,Pholidoptera griseoaptera,Dark Bush-cricket,bush-cricket,0.69,,,27/09/2026,27/09/2026,20:57:01,ClassifEspSWE-0002026-05-29_1,JOHANKARLSSON,2026092907465N56J1IK,,Citizen Science (ultrasonic) - shared
59~40304+18~07242_20260927_205707.wav,DEV_002_20260927_205707.wav,0,59.40304,18.07242,Phogri,Pholidoptera griseoaptera,Dark Bush-cricket,bush-cricket,0.73,,,27/09/2026,27/09/2026,20:57:07,ClassifEspSWE-0002026-05-29_1,JOHANKARLSSON,2026092907465N56J1IK,,Citizen Science (ultrasonic) - shared
59~40304+18~07242_20260927_205713.wav,DEV_002_20260927_205713.wav,0,59.40304,18.07242,Phogri,Pholidoptera griseoaptera,Dark Bush-cricket,bush-cricket,0.79,,,27/09/2026,27/09/2026,20:57:13,ClassifEspSWE-0002026-05-29_1,JOHANKARLSSON,2026092907465N56J1IK,,Citizen Science (ultrasonic) - shared
59~40304+18~07242_20260927_205720.wav,DEV_002_20260927_205720.wav,0,59.40304,18.07242,Phogri,Pholidoptera griseoaptera,Dark Bush-cricket,bush-cricket,0.84,,,27/09/2026,27/09/2026,20:57:20,ClassifEspSWE-0002026-05-29_1,JOHANKARLSSON,2026092907465N56J1IK,,Citizen Science (ultrasonic) - shared
59~40304+18~07242_20260927_205725.wav,DEV_002_20260927_205725.wav,0,59.40304,18.07242,Phogri,Pholidoptera griseoaptera,Dark Bush-cricket,bush-cricket,0.85,,,27/09/2026,27/09/2026,20:57:25,ClassifEspSWE-0002026-05-29_1,JOHANKARLSSON,2026092907465N56J1IK,,Citizen Science (ultrasonic) - shared
59~40304+18~07242_20260927_205732.wav,DEV_002_20260927_205732.wav,0,59.40304,18.07242,Phogri,Pholidoptera griseoaptera,Dark Bush-cricket,bush-cricket,0.86,,,27/09/2026,27/09/2026,20:57:32,ClassifEspSWE-0002026-05-29_1,JOHANKARLSSON,2026092907465N56J1IK,,Citizen Science (ultrasonic) - shared
59~40304+18~07242_20260927_205740.wav,DEV_002_20260927_205740.wav,0,59.40304,18.07242,Phogri,Pholidoptera griseoaptera,Dark Bush-cricket,bush-cricket,0.64,,,27/09/2026,27/09/2026,20:57:40,ClassifEspSWE-0002026-05-29_1,JOHANKARLSSON,2026092907465N56J1IK,,Citizen Science (ultrasonic) - shared
59~40304+18~07242_20260927_205747.wav,DEV_002_20260927_205747.wav,0,59.40304,18.07242,Phogri,Pholidoptera griseoaptera,Dark Bush-cricket,bush-cricket,0.84,,,27/09/2026,27/09/2026,20:57:47,ClassifEspSWE-0002026-05-29_1,JOHANKARLSSON,2026092907465N56J1IK,,Citizen Science (ultrasonic) - shared
59~40304+18~07242_20260927_205754.wav,DEV_002_20260927_205754.wav,0,59.40304,18.07242,Phogri,Pholidoptera griseoaptera,Dark Bush-cricket,bush-cricket,0.8,,,27/09/2026,27/09/2026,20:57:54,ClassifEspSWE-0002026-05-29_1,JOHANKARLSSON,2026092907465N56J1IK,,Citizen Science (ultrasonic) - shared
59~40304+18~07242_20260927_205801.wav,DEV_002_20260927_205801.wav,0,59.40304,18.07242,Phogri,Pholidoptera griseoaptera,Dark Bush-cricket,bush-cricket,0.98,,,27/09/2026,27/09/2026,20:58:01,ClassifEspSWE-0002026-05-29_1,JOHANKARLSSON,2026092907465N56J1IK,,Citizen Science (ultrasonic) - shared
59~40304+18~07242_20260927_205807.wav,DEV_002_20260927_205807.wav,0,59.40304,18.07242,Phogri,Pholidoptera griseoaptera,Dark Bush-cricket,bush-cricket,0.59,,,27/09/2026,27/09/2026,20:58:07,ClassifEspSWE-0002026-05-29_1,JOHANKARLSSON,2026092907465N56J1IK,,Citizen Science (ultrasonic) - shared
59~40304+18~07242_20260927_205814.wav,DEV_002_20260927_205814.wav,0,59.40304,18.07242,Phogri,Pholidoptera griseoaptera,Dark Bush-cricket,bush-cricket,0.94,,,27/09/2026,27/09/2026,20:58:14,ClassifEspSWE-0002026-05-29_1,JOHANKARLSSON,2026092907465N56J1IK,,Citizen Science (ultrasonic) - shared
59~40304+18~07242_20260927_205820.wav,DEV_002_20260927_205820.wav,0,59.40304,18.07242,Phogri,Pholidoptera griseoaptera,Dark Bush-cricket,bush-cricket,0.89,,,27/09/2026,27/09/2026,20:58:20,ClassifEspSWE-0002026-05-29_1,JOHANKARLSSON,2026092907465N56J1IK,,Citizen Science (ultrasonic) - shared
59~40304+18~07242_20260927_205826.wav,DEV_002_20260927_205826.wav,0,59.40304,18.07242,Phogri,Pholidoptera griseoaptera,Dark Bush-cricket,bush-cricket,0.79,,,27/09/2026,27/09/2026,20:58:26,ClassifEspSWE-0002026-05-29_1,JOHANKARLSSON,2026092907465N56J1IK,,Citizen Science (ultrasonic) - shared
59~40304+18~07242_20260927_205834.wav,DEV_002_20260927_205834.wav,0,59.40304,18.07242,Phogri,Pholidoptera griseoaptera,Dark Bush-cricket,bush-cricket,0.99,,,27/09/2026,27/09/2026,20:58:34,ClassifEspSWE-0002026-05-29_1,JOHANKARLSSON,2026092907465N56J1IK,,Citizen Science (ultrasonic) - shared
59~40304+18~07242_20260927_205840.wav,DEV_002_20260927_205840.wav,0,59.40304,18.07242,Phogri,Pholidoptera griseoaptera,Dark Bush-cricket,bush-cricket,0.89,,,27/09/2026,27/09/2026,20:58:40,ClassifEspSWE-0002026-05-29_1,JOHANKARLSSON,2026092907465N56J1IK,,Citizen Science (ultrasonic) - shared
59~40304+18~07242_20260927_205847.wav,DEV_002_20260927_205847.wav,0,59.40304,18.07242,Phogri,Pholidoptera griseoaptera,Dark Bush-cricket,bush-cricket,0.99,,,27/09/2026,27/09/2026,20:58:47,ClassifEspSWE-0002026-05-29_1,JOHANKARLSSON,2026092907465N56J1IK,,Citizen Science (ultrasonic) - shared
59~40304+18~07242_20260927_205854.wav,DEV_002_20260927_205854.wav,0,59.40304,18.07242,Phogri,Pholidoptera griseoaptera,Dark Bush-cricket,bush-cricket,0.74,,,27/09/2026,27/09/2026,20:58:54,ClassifEspSWE-0002026-05-29_1,JOHANKARLSSON,2026092907465N56J1IK,,Citizen Science (ultrasonic) - shared
59~40304+18~07242_20260927_205859.wav,DEV_002_20260927_205859.wav,0,59.40304,18.07242,Phogri,Pholidoptera griseoaptera,Dark Bush-cricket,bush-cricket,0.88,,,27/09/2026,27/09/2026,20:58:59,ClassifEspSWE-0002026-05-29_1,JOHANKARLSSON,2026092907465N56J1IK,,Citizen Science (ultrasonic) - shared
59~40304+18~07242_20260927_205907.wav,DEV_002_20260927_205907.wav,0,59.40304,18.07242,Phogri,Pholidoptera griseoaptera,Dark Bush-cricket,bush-cricket,0.77,,,27/09/2026,27/09/2026,20:59:07,ClassifEspSWE-0002026-05-29_1,JOHANKARLSSON,2026092907465N56J1IK,,Citizen Science (ultrasonic) - shared
59~40304+18~07242_20260927_205914.wav,DEV_002_20260927_205914.wav,0,59.40304,18.07242,Phogri,Pholidoptera griseoaptera,Dark Bush-cricket,bush-cricket,0.8,,,27/09/2026,27/09/2026,20:59:14,ClassifEspSWE-0002026-05-29_1,JOHANKARLSSON,2026092907465N56J1IK,,Citizen Science (ultrasonic) - shared
59~40304+18~07242_20260927_205922.wav,DEV_002_20260927_205922.wav,0,59.40304,18.07242,Phogri,Pholidoptera griseoaptera,Dark Bush-cricket,bush-cricket,0.97,,,27/09/2026,27/09/2026,20:59:22,ClassifEspSWE-0002026-05-29_1,JOHANKARLSSON,2026092907465N56J1IK,,Citizen Science (ultrasonic) - shared
59~40304+18~07242_20260927_205928.wav,DEV_002_20260927_205928.wav,0,59.40304,18.07242,Phogri,Pholidoptera griseoaptera,Dark Bush-cricket,bush-cricket,0.82,,,27/09/2026,27/09/2026,20:59:28,ClassifEspSWE-0002026-05-29_1,JOHANKARLSSON,2026092907465N56J1IK,,Citizen Science (ultrasonic) - shared
59~40304+18~07242_20260927_205935.wav,DEV_002_20260927_205935.wav,0,59.40304,18.07242,Phogri,Pholidoptera griseoaptera,Dark Bush-cricket,bush-cricket,0.9,,,27/09/2026,27/09/2026,20:59:35,ClassifEspSWE-0002026-05-29_1,JOHANKARLSSON,2026092907465N56J1IK,,Citizen Science (ultrasonic) - shared
59~40304+18~07242_20260927_205943.wav,DEV_002_20260927_205943.wav,0,59.40304,18.07242,Phogri,Pholidoptera griseoaptera,Dark Bush-cricket,bush-cricket,0.79,,,27/09/2026,27/09/2026,20:59:43,ClassifEspSWE-0002026-05-29_1,JOHANKARLSSON,2026092907465N56J1IK,,Citizen Science (ultrasonic) - shared
59~40304+18~07242_20260927_205950.wav,DEV_002_20260927_205950.wav,0,59.40304,18.07242,Phogri,Pholidoptera griseoaptera,Dark Bush-cricket,bush-cricket,0.54,,,27/09/2026,27/09/2026,20:59:50,ClassifEspSWE-0002026-05-29_1,JOHANKARLSSON,2026092907465N56J1IK,,Citizen Science (ultrasonic) - shared
59~40304+18~07242_20260927_205958.wav,DEV_002_20260927_205958.wav,0,59.40304,18.07242,Phogri,Pholidoptera griseoaptera,Dark Bush-cricket,bush-cricket,0.77,,,27/09/2026,27/09/2026,20:59:58,ClassifEspSWE-0002026-05-29_1,JOHANKARLSSON,2026092907465N56J1IK,,Citizen Science (ultrasonic) - shared