RECORDING FILE NAME,ORIGINAL FILE NAME,ORIGINAL FILE PART,LATITUDE,LONGITUDE,SPECIES,SCIENTIFIC NAME,ENGLISH NAME,SPECIES GROUP,PROBABILITY,WARNINGS,CALL TYPE,ACTUAL DATE,SURVEY DATE,TIME,CLASSIFIER NAME,USER ID,UPLOAD KEY,BATCH NAME,PROJECT NAME
59~40306+18~07249_20260925_191217.wav,DEV_001_20260925_191217.wav,0,59.40306,18.07249,Pippyg,Pipistrellus pygmaeus,Soprano Pipistrelle,bat,0.92,,echolocation,25/09/2026,25/09/2026,19:12:17,ClassifEspSWE-0002026-05-29_1,JOHANKARLSSON,202609261748VE9C8UHA,2026_25_sep_19,Citizen Science (ultrasonic) - shared
59~40306+18~07249_20260925_191502.wav,DEV_001_20260925_191502.wav,0,59.40306,18.07249,Pippyg,Pipistrellus pygmaeus,Soprano Pipistrelle,bat,0.99,,echolocation,25/09/2026,25/09/2026,19:15:02,ClassifEspSWE-0002026-05-29_1,JOHANKARLSSON,202609261748VE9C8UHA,2026_25_sep_19,Citizen Science (ultrasonic) - shared
59~40306+18~07249_20260925_191508.wav,DEV_001_20260925_191508.wav,0,59.40306,18.07249,Pippyg,Pipistrellus pygmaeus,Soprano Pipistrelle,bat,0.98,,echolocation,25/09/2026,25/09/2026,19:15:08,ClassifEspSWE-0002026-05-29_1,JOHANKARLSSON,202609261748VE9C8UHA,2026_25_sep_19,Citizen Science (ultrasonic) - shared
59~40306+18~07249_20260925_192713.wav,DEV_001_20260925_192713.wav,0,59.40306,18.07249,Pippyg,Pipistrellus pygmaeus,Soprano Pipistrelle,bat,0.99,,echolocation,25/09/2026,25/09/2026,19:27:13,ClassifEspSWE-0002026-05-29_1,JOHANKARLSSON,202609261748VE9C8UHA,2026_25_sep_19,Citizen Science (ultrasonic) - shared
59~40306+18~07249_20260925_192720.wav,DEV_001_20260925_192720.wav,0,59.40306,18.07249,Pippyg,Pipistrellus pygmaeus,Soprano Pipistrelle,bat,0.58,,echolocation,25/09/2026,25/09/2026,19:27:20,ClassifEspSWE-0002026-05-29_1,JOHANKARLSSON,202609261748VE9C8UHA,2026_25_sep_19,Citizen Science (ultrasonic) - shared
59~40306+18~07249_20260925_194929.wav,DEV_001_20260925_194929.wav,0,59.40306,18.07249,Pippyg,Pipistrellus pygmaeus,Soprano Pipistrelle,bat,0.98,,echolocation,25/09/2026,25/09/2026,19:49:29,ClassifEspSWE-0002026-05-29_1,JOHANKARLSSON,202609261748VE9C8UHA,2026_25_sep_19,Citizen Science (ultrasonic) - shared
59~40306+18~07249_20260925_191935.wav,DEV_001_20260925_191935.wav,0,59.40306,18.07249,bird,Aves sp.,Unidentified bird,bird,0.15,Low confidence,,25/09/2026,25/09/2026,19:19:35,ClassifEspSWE-0002026-05-29_1,JOHANKARLSSON,202609261748VE9C8UHA,2026_25_sep_19,Citizen Science (ultrasonic) - shared
59~40306+18~07249_20260925_191319.wav,DEV_001_20260925_191319.wav,0,59.40306,18.07249,Leppun,Leptophyes punctatissima,Speckled Bush-cricket,bush-cricket,0.99,,,25/09/2026,25/09/2026,19:13:19,ClassifEspSWE-0002026-05-29_1,JOHANKARLSSON,202609261748VE9C8UHA,2026_25_sep_19,Citizen Science (ultrasonic) - shared
59~40306+18~07249_20260925_191325.wav,DEV_001_20260925_191325.wav,0,59.40306,18.07249,Leppun,Leptophyes punctatissima,Speckled Bush-cricket,bush-cricket,0.99,,,25/09/2026,25/09/2026,19:13:25,ClassifEspSWE-0002026-05-29_1,JOHANKARLSSON,202609261748VE9C8UHA,2026_25_sep_19,Citizen Science (ultrasonic) - shared
59~40306+18~07249_20260925_191331.wav,DEV_001_20260925_191331.wav,0,59.40306,18.07249,Leppun,Leptophyes punctatissima,Speckled Bush-cricket,bush-cricket,0.99,,,25/09/2026,25/09/2026,19:13:31,ClassifEspSWE-0002026-05-29_1,JOHANKARLSSON,202609261748VE9C8UHA,2026_25_sep_19,Citizen Science (ultrasonic) - shared
59~40306+18~07249_20260925_191337.wav,DEV_001_20260925_191337.wav,0,59.40306,18.07249,Leppun,Leptophyes punctatissima,Speckled Bush-cricket,bush-cricket,0.99,,,25/09/2026,25/09/2026,19:13:37,ClassifEspSWE-0002026-05-29_1,JOHANKARLSSON,202609261748VE9C8UHA,2026_25_sep_19,Citizen Science (ultrasonic) - shared
59~40306+18~07249_20260925_191342.wav,DEV_001_20260925_191342.wav,0,59.40306,18.07249,Leppun,Leptophyes punctatissima,Speckled Bush-cricket,bush-cricket,0.99,,,25/09/2026,25/09/2026,19:13:42,ClassifEspSWE-0002026-05-29_1,JOHANKARLSSON,202609261748VE9C8UHA,2026_25_sep_19,Citizen Science (ultrasonic) - shared
59~40306+18~07249_20260925_191349.wav,DEV_001_20260925_191349.wav,0,59.40306,18.07249,Leppun,Leptophyes punctatissima,Speckled Bush-cricket,bush-cricket,0.99,,,25/09/2026,25/09/2026,19:13:49,ClassifEspSWE-0002026-05-29_1,JOHANKARLSSON,202609261748VE9C8UHA,2026_25_sep_19,Citizen Science (ultrasonic) - shared
59~40306+18~07249_20260925_191354.wav,DEV_001_20260925_191354.wav,0,59.40306,18.07249,Leppun,Leptophyes punctatissima,Speckled Bush-cricket,bush-cricket,0.99,,,25/09/2026,25/09/2026,19:13:54,ClassifEspSWE-0002026-05-29_1,JOHANKARLSSON,202609261748VE9C8UHA,2026_25_sep_19,Citizen Science (ultrasonic) - shared
59~40306+18~07249_20260925_191400.wav,DEV_001_20260925_191400.wav,0,59.40306,18.07249,Leppun,Leptophyes punctatissima,Speckled Bush-cricket,bush-cricket,0.99,,,25/09/2026,25/09/2026,19:14:00,ClassifEspSWE-0002026-05-29_1,JOHANKARLSSON,202609261748VE9C8UHA,2026_25_sep_19,Citizen Science (ultrasonic) - shared
59~40306+18~07249_20260925_191407.wav,DEV_001_20260925_191407.wav,0,59.40306,18.07249,Leppun,Leptophyes punctatissima,Speckled Bush-cricket,bush-cricket,0.99,,,25/09/2026,25/09/2026,19:14:07,ClassifEspSWE-0002026-05-29_1,JOHANKARLSSON,202609261748VE9C8UHA,2026_25_sep_19,Citizen Science (ultrasonic) - shared
59~40306+18~07249_20260925_191413.wav,DEV_001_20260925_191413.wav,0,59.40306,18.07249,Leppun,Leptophyes punctatissima,Speckled Bush-cricket,bush-cricket,0.99,,,25/09/2026,25/09/2026,19:14:13,ClassifEspSWE-0002026-05-29_1,JOHANKARLSSON,202609261748VE9C8UHA,2026_25_sep_19,Citizen Science (ultrasonic) - shared
59~40306+18~07249_20260925_191419.wav,DEV_001_20260925_191419.wav,0,59.40306,18.07249,Leppun,Leptophyes punctatissima,Speckled Bush-cricket,bush-cricket,0.99,,,25/09/2026,25/09/2026,19:14:19,ClassifEspSWE-0002026-05-29_1,JOHANKARLSSON,202609261748VE9C8UHA,2026_25_sep_19,Citizen Science (ultrasonic) - shared
59~40306+18~07249_20260925_191425.wav,DEV_001_20260925_191425.wav,0,59.40306,18.07249,Leppun,Leptophyes punctatissima,Speckled Bush-cricket,bush-cricket,0.99,,,25/09/2026,25/09/2026,19:14:25,ClassifEspSWE-0002026-05-29_1,JOHANKARLSSON,202609261748VE9C8UHA,2026_25_sep_19,Citizen Science (ultrasonic) - shared
59~40306+18~07249_20260925_191431.wav,DEV_001_20260925_191431.wav,0,59.40306,18.07249,Leppun,Leptophyes punctatissima,Speckled Bush-cricket,bush-cricket,0.99,,,25/09/2026,25/09/2026,19:14:31,ClassifEspSWE-0002026-05-29_1,JOHANKARLSSON,202609261748VE9C8UHA,2026_25_sep_19,Citizen Science (ultrasonic) - shared
59~40306+18~07249_20260925_191437.wav,DEV_001_20260925_191437.wav,0,59.40306,18.07249,Leppun,Leptophyes punctatissima,Speckled Bush-cricket,bush-cricket,0.99,,,25/09/2026,25/09/2026,19:14:37,ClassifEspSWE-0002026-05-29_1,JOHANKARLSSON,202609261748VE9C8UHA,2026_25_sep_19,Citizen Science (ultrasonic) - shared
59~40306+18~07249_20260925_191443.wav,DEV_001_20260925_191443.wav,0,59.40306,18.07249,Leppun,Leptophyes punctatissima,Speckled Bush-cricket,bush-cricket,0.99,,,25/09/2026,25/09/2026,19:14:43,ClassifEspSWE-0002026-05-29_1,JOHANKARLSSON,202609261748VE9C8UHA,2026_25_sep_19,Citizen Science (ultrasonic) - shared
59~40306+18~07249_20260925_191449.wav,DEV_001_20260925_191449.wav,0,59.40306,18.07249,Leppun,Leptophyes punctatissima,Speckled Bush-cricket,bush-cricket,0.99,,,25/09/2026,25/09/2026,19:14:49,ClassifEspSWE-0002026-05-29_1,JOHANKARLSSON,202609261748VE9C8UHA,2026_25_sep_19,Citizen Science (ultrasonic) - shared
59~40306+18~07249_20260925_191455.wav,DEV_001_20260925_191455.wav,0,59.40306,18.07249,Leppun,Leptophyes punctatissima,Speckled Bush-cricket,bush-cricket,0.99,,,25/09/2026,25/09/2026,19:14:55,ClassifEspSWE-0002026-05-29_1,JOHANKARLSSON,202609261748VE9C8UHA,2026_25_sep_19,Citizen Science (ultrasonic) - shared
59~40306+18~07249_20260925_191502.wav,DEV_001_20260925_191502.wav,0,59.40306,18.07249,Leppun,Leptophyes punctatissima,Speckled Bush-cricket,bush-cricket,0.99,,,25/09/2026,25/09/2026,19:15:02,ClassifEspSWE-0002026-05-29_1,JOHANKARLSSON,202609261748VE9C8UHA,2026_25_sep_19,Citizen Science (ultrasonic) - shared
59~40306+18~07249_20260925_191508.wav,DEV_001_20260925_191508.wav,0,59.40306,18.07249,Leppun,Leptophyes punctatissima,Speckled Bush-cricket,bush-cricket,0.99,,,25/09/2026,25/09/2026,19:15:08,ClassifEspSWE-0002026-05-29_1,JOHANKARLSSON,202609261748VE9C8UHA,2026_25_sep_19,Citizen Science (ultrasonic) - shared
59~40306+18~07249_20260925_191514.wav,DEV_001_20260925_191514.wav,0,59.40306,18.07249,Leppun,Leptophyes punctatissima,Speckled Bush-cricket,bush-cricket,0.99,,,25/09/2026,25/09/2026,19:15:14,ClassifEspSWE-0002026-05-29_1,JOHANKARLSSON,202609261748VE9C8UHA,2026_25_sep_19,Citizen Science (ultrasonic) - shared
59~40306+18~07249_20260925_191520.wav,DEV_001_20260925_191520.wav,0,59.40306,18.07249,Leppun,Leptophyes punctatissima,Speckled Bush-cricket,bush-cricket,0.99,,,25/09/2026,25/09/2026,19:15:20,ClassifEspSWE-0002026-05-29_1,JOHANKARLSSON,202609261748VE9C8UHA,2026_25_sep_19,Citizen Science (ultrasonic) - shared
59~40306+18~07249_20260925_191526.wav,DEV_001_20260925_191526.wav,0,59.40306,18.07249,Leppun,Leptophyes punctatissima,Speckled Bush-cricket,bush-cricket,0.99,,,25/09/2026,25/09/2026,19:15:26,ClassifEspSWE-0002026-05-29_1,JOHANKARLSSON,202609261748VE9C8UHA,2026_25_sep_19,Citizen Science (ultrasonic) - shared
59~40306+18~07249_20260925_191532.wav,DEV_001_20260925_191532.wav,0,59.40306,18.07249,Leppun,Leptophyes punctatissima,Speckled Bush-cricket,bush-cricket,0.99,,,25/09/2026,25/09/2026,19:15:32,ClassifEspSWE-0002026-05-29_1,JOHANKARLSSON,202609261748VE9C8UHA,2026_25_sep_19,Citizen Science (ultrasonic) - shared
59~40306+18~07249_20260925_191537.wav,DEV_001_20260925_191537.wav,0,59.40306,18.07249,Leppun,Leptophyes punctatissima,Speckled Bush-cricket,bush-cricket,0.99,,,25/09/2026,25/09/2026,19:15:37,ClassifEspSWE-0002026-05-29_1,JOHANKARLSSON,202609261748VE9C8UHA,2026_25_sep_19,Citizen Science (ultrasonic) - shared
59~40306+18~07249_20260925_191543.wav,DEV_001_20260925_191543.wav,0,59.40306,18.07249,Leppun,Leptophyes punctatissima,Speckled Bush-cricket,bush-cricket,0.99,,,25/09/2026,25/09/2026,19:15:43,ClassifEspSWE-0002026-05-29_1,JOHANKARLSSON,202609261748VE9C8UHA,2026_25_sep_19,Citizen Science (ultrasonic) - shared
59~40306+18~07249_20260925_191548.wav,DEV_001_20260925_191548.wav,0,59.40306,18.07249,Leppun,Leptophyes punctatissima,Speckled Bush-cricket,bush-cricket,0.99,,,25/09/2026,25/09/2026,19:15:48,ClassifEspSWE-0002026-05-29_1,JOHANKARLSSON,202609261748VE9C8UHA,2026_25_sep_19,Citizen Science (ultrasonic) - shared
59~40306+18~07249_20260925_191554.wav,DEV_001_20260925_191554.wav,0,59.40306,18.07249,Leppun,Leptophyes punctatissima,Speckled Bush-cricket,bush-cricket,0.99,,,25/09/2026,25/09/2026,19:15:54,ClassifEspSWE-0002026-05-29_1,JOHANKARLSSON,202609261748VE9C8UHA,2026_25_sep_19,Citizen Science (ultrasonic) - shared
59~40306+18~07249_20260925_191559.wav,DEV_001_20260925_191559.wav,0,59.40306,18.07249,Leppun,Leptophyes punctatissima,Speckled Bush-cricket,bush-cricket,0.99,,,25/09/2026,25/09/2026,19:15:59,ClassifEspSWE-0002026-05-29_1,JOHANKARLSSON,202609261748VE9C8UHA,2026_25_sep_19,Citizen Science (ultrasonic) - shared
59~40306+18~07249_20260925_191605.wav,DEV_001_20260925_191605.wav,0,59.40306,18.07249,Leppun,Leptophyes punctatissima,Speckled Bush-cricket,bush-cricket,0.99,,,25/09/2026,25/09/2026,19:16:05,ClassifEspSWE-0002026-05-29_1,JOHANKARLSSON,202609261748VE9C8UHA,2026_25_sep_19,Citizen Science (ultrasonic) - shared
59~40306+18~07249_20260925_191612.wav,DEV_001_20260925_191612.wav,0,59.40306,18.07249,Leppun,Leptophyes punctatissima,Speckled Bush-cricket,bush-cricket,0.99,,,25/09/2026,25/09/2026,19:16:12,ClassifEspSWE-0002026-05-29_1,JOHANKARLSSON,202609261748VE9C8UHA,2026_25_sep_19,Citizen Science (ultrasonic) - shared
59~40306+18~07249_20260925_191618.wav,DEV_001_20260925_191618.wav,0,59.40306,18.07249,Leppun,Leptophyes punctatissima,Speckled Bush-cricket,bush-cricket,0.99,,,25/09/2026,25/09/2026,19:16:18,ClassifEspSWE-0002026-05-29_1,JOHANKARLSSON,202609261748VE9C8UHA,2026_25_sep_19,Citizen Science (ultrasonic) - shared
59~40306+18~07249_20260925_191624.wav,DEV_001_20260925_191624.wav,0,59.40306,18.07249,Leppun,Leptophyes punctatissima,Speckled Bush-cricket,bush-cricket,0.99,,,25/09/2026,25/09/2026,19:16:24,ClassifEspSWE-0002026-05-29_1,JOHANKARLSSON,202609261748VE9C8UHA,2026_25_sep_19,Citizen Science (ultrasonic) - shared
59~40306+18~07249_20260925_191629.wav,DEV_001_20260925_191629.wav,0,59.40306,18.07249,Leppun,Leptophyes punctatissima,Speckled Bush-cricket,bush-cricket,0.99,,,25/09/2026,25/09/2026,19:16:29,ClassifEspSWE-0002026-05-29_1,JOHANKARLSSON,202609261748VE9C8UHA,2026_25_sep_19,Citizen Science (ultrasonic) - shared
59~40306+18~07249_20260925_191635.wav,DEV_001_20260925_191635.wav,0,59.40306,18.07249,Leppun,Leptophyes punctatissima,Speckled Bush-cricket,bush-cricket,0.94,,,25/09/2026,25/09/2026,19:16:35,ClassifEspSWE-0002026-05-29_1,JOHANKARLSSON,202609261748VE9C8UHA,2026_25_sep_19,Citizen Science (ultrasonic) - shared
59~40306+18~07249_20260925_191640.wav,DEV_001_20260925_191640.wav,0,59.40306,18.07249,Leppun,Leptophyes punctatissima,Speckled Bush-cricket,bush-cricket,0.99,,,25/09/2026,25/09/2026,19:16:40,ClassifEspSWE-0002026-05-29_1,JOHANKARLSSON,202609261748VE9C8UHA,2026_25_sep_19,Citizen Science (ultrasonic) - shared
59~40306+18~07249_20260925_191645.wav,DEV_001_20260925_191645.wav,0,59.40306,18.07249,Leppun,Leptophyes punctatissima,Speckled Bush-cricket,bush-cricket,0.99,,,25/09/2026,25/09/2026,19:16:45,ClassifEspSWE-0002026-05-29_1,JOHANKARLSSON,202609261748VE9C8UHA,2026_25_sep_19,Citizen Science (ultrasonic) - shared
59~40306+18~07249_20260925_191651.wav,DEV_001_20260925_191651.wav,0,59.40306,18.07249,Leppun,Leptophyes punctatissima,Speckled Bush-cricket,bush-cricket,0.99,,,25/09/2026,25/09/2026,19:16:51,ClassifEspSWE-0002026-05-29_1,JOHANKARLSSON,202609261748VE9C8UHA,2026_25_sep_19,Citizen Science (ultrasonic) - shared
59~40306+18~07249_20260925_191656.wav,DEV_001_20260925_191656.wav,0,59.40306,18.07249,Leppun,Leptophyes punctatissima,Speckled Bush-cricket,bush-cricket,0.99,,,25/09/2026,25/09/2026,19:16:56,ClassifEspSWE-0002026-05-29_1,JOHANKARLSSON,202609261748VE9C8UHA,2026_25_sep_19,Citizen Science (ultrasonic) - shared
59~40306+18~07249_20260925_191701.wav,DEV_001_20260925_191701.wav,0,59.40306,18.07249,Leppun,Leptophyes punctatissima,Speckled Bush-cricket,bush-cricket,0.99,,,25/09/2026,25/09/2026,19:17:01,ClassifEspSWE-0002026-05-29_1,JOHANKARLSSON,202609261748VE9C8UHA,2026_25_sep_19,Citizen Science (ultrasonic) - shared
59~40306+18~07249_20260925_191707.wav,DEV_001_20260925_191707.wav,0,59.40306,18.07249,Leppun,Leptophyes punctatissima,Speckled Bush-cricket,bush-cricket,0.99,,,25/09/2026,25/09/2026,19:17:07,ClassifEspSWE-0002026-05-29_1,JOHANKARLSSON,202609261748VE9C8UHA,2026_25_sep_19,Citizen Science (ultrasonic) - shared
59~40306+18~07249_20260925_191712.wav,DEV_001_20260925_191712.wav,0,59.40306,18.07249,Leppun,Leptophyes punctatissima,Speckled Bush-cricket,bush-cricket,0.99,,,25/09/2026,25/09/2026,19:17:12,ClassifEspSWE-0002026-05-29_1,JOHANKARLSSON,202609261748VE9C8UHA,2026_25_sep_19,Citizen Science (ultrasonic) - shared
59~40306+18~07249_20260925_191718.wav,DEV_001_20260925_191718.wav,0,59.40306,18.07249,Leppun,Leptophyes punctatissima,Speckled Bush-cricket,bush-cricket,0.99,,,25/09/2026,25/09/2026,19:17:18,ClassifEspSWE-0002026-05-29_1,JOHANKARLSSON,202609261748VE9C8UHA,2026_25_sep_19,Citizen Science (ultrasonic) - shared
59~40306+18~07249_20260925_191723.wav,DEV_001_20260925_191723.wav,0,59.40306,18.07249,Leppun,Leptophyes punctatissima,Speckled Bush-cricket,bush-cricket,0.99,,,25/09/2026,25/09/2026,19:17:23,ClassifEspSWE-0002026-05-29_1,JOHANKARLSSON,202609261748VE9C8UHA,2026_25_sep_19,Citizen Science (ultrasonic) - shared
59~40306+18~07249_20260925_191729.wav,DEV_001_20260925_191729.wav,0,59.40306,18.07249,Leppun,Leptophyes punctatissima,Speckled Bush-cricket,bush-cricket,0.99,,,25/09/2026,25/09/2026,19:17:29,ClassifEspSWE-0002026-05-29_1,JOHANKARLSSON,202609261748VE9C8UHA,2026_25_sep_19,Citizen Science (ultrasonic) - shared
59~40306+18~07249_20260925_191735.wav,DEV_001_20260925_191735.wav,0,59.40306,18.07249,Leppun,Leptophyes punctatissima,Speckled Bush-cricket,bush-cricket,0.99,,,25/09/2026,25/09/2026,19:17:35,ClassifEspSWE-0002026-05-29_1,JOHANKARLSSON,202609261748VE9C8UHA,2026_25_sep_19,Citizen Science (ultrasonic) - shared
59~40306+18~07249_20260925_191741.wav,DEV_001_20260925_191741.wav,0,59.40306,18.07249,Leppun,Leptophyes punctatissima,Speckled Bush-cricket,bush-cricket,0.99,,,25/09/2026,25/09/2026,19:17:41,ClassifEspSWE-0002026-05-29_1,JOHANKARLSSON,202609261748VE9C8UHA,2026_25_sep_19,Citizen Science (ultrasonic) - shared
59~40306+18~07249_20260925_191748.wav,DEV_001_20260925_191748.wav,0,59.40306,18.07249,Leppun,Leptophyes punctatissima,Speckled Bush-cricket,bush-cricket,0.99,,,25/09/2026,25/09/2026,19:17:48,ClassifEspSWE-0002026-05-29_1,JOHANKARLSSON,202609261748VE9C8UHA,2026_25_sep_19,Citizen Science (ultrasonic) - shared
59~40306+18~07249_20260925_191754.wav,DEV_001_20260925_191754.wav,0,59.40306,18.07249,Leppun,Leptophyes punctatissima,Speckled Bush-cricket,bush-cricket,0.99,,,25/09/2026,25/09/2026,19:17:54,ClassifEspSWE-0002026-05-29_1,JOHANKARLSSON,202609261748VE9C8UHA,2026_25_sep_19,Citizen Science (ultrasonic) - shared
59~40306+18~07249_20260925_191801.wav,DEV_001_20260925_191801.wav,0,59.40306,18.07249,Leppun,Leptophyes punctatissima,Speckled Bush-cricket,bush-cricket,0.99,,,25/09/2026,25/09/2026,19:18:01,ClassifEspSWE-0002026-05-29_1,JOHANKARLSSON,202609261748VE9C8UHA,2026_25_sep_19,Citizen Science (ultrasonic) - shared
59~40306+18~07249_20260925_191807.wav,DEV_001_20260925_191807.wav,0,59.40306,18.07249,Leppun,Leptophyes punctatissima,Speckled Bush-cricket,bush-cricket,0.99,,,25/09/2026,25/09/2026,19:18:07,ClassifEspSWE-0002026-05-29_1,JOHANKARLSSON,202609261748VE9C8UHA,2026_25_sep_19,Citizen Science (ultrasonic) - shared
59~40306+18~07249_20260925_191814.wav,DEV_001_20260925_191814.wav,0,59.40306,18.07249,Leppun,Leptophyes punctatissima,Speckled Bush-cricket,bush-cricket,0.99,,,25/09/2026,25/09/2026,19:18:14,ClassifEspSWE-0002026-05-29_1,JOHANKARLSSON,202609261748VE9C8UHA,2026_25_sep_19,Citizen Science (ultrasonic) - shared
59~40306+18~07249_20260925_191819.wav,DEV_001_20260925_191819.wav,0,59.40306,18.07249,Leppun,Leptophyes punctatissima,Speckled Bush-cricket,bush-cricket,0.99,,,25/09/2026,25/09/2026,19:18:19,ClassifEspSWE-0002026-05-29_1,JOHANKARLSSON,202609261748VE9C8UHA,2026_25_sep_19,Citizen Science (ultrasonic) - shared
59~40306+18~07249_20260925_191824.wav,DEV_001_20260925_191824.wav,0,59.40306,18.07249,Leppun,Leptophyes punctatissima,Speckled Bush-cricket,bush-cricket,0.99,,,25/09/2026,25/09/2026,19:18:24,ClassifEspSWE-0002026-05-29_1,JOHANKARLSSON,202609261748VE9C8UHA,2026_25_sep_19,Citizen Science (ultrasonic) - shared
59~40306+18~07249_20260925_191831.wav,DEV_001_20260925_191831.wav,0,59.40306,18.07249,Leppun,Leptophyes punctatissima,Speckled Bush-cricket,bush-cricket,0.99,,,25/09/2026,25/09/2026,19:18:31,ClassifEspSWE-0002026-05-29_1,JOHANKARLSSON,202609261748VE9C8UHA,2026_25_sep_19,Citizen Science (ultrasonic) - shared
59~40306+18~07249_20260925_191837.wav,DEV_001_20260925_191837.wav,0,59.40306,18.07249,Leppun,Leptophyes punctatissima,Speckled Bush-cricket,bush-cricket,0.99,,,25/09/2026,25/09/2026,19:18:37,ClassifEspSWE-0002026-05-29_1,JOHANKARLSSON,202609261748VE9C8UHA,2026_25_sep_19,Citizen Science (ultrasonic) - shared
59~40306+18~07249_20260925_191843.wav,DEV_001_20260925_191843.wav,0,59.40306,18.07249,Leppun,Leptophyes punctatissima,Speckled Bush-cricket,bush-cricket,0.99,,,25/09/2026,25/09/2026,19:18:43,ClassifEspSWE-0002026-05-29_1,JOHANKARLSSON,202609261748VE9C8UHA,2026_25_sep_19,Citizen Science (ultrasonic) - shared
59~40306+18~07249_20260925_191848.wav,DEV_001_20260925_191848.wav,0,59.40306,18.07249,Leppun,Leptophyes punctatissima,Speckled Bush-cricket,bush-cricket,0.99,,,25/09/2026,25/09/2026,19:18:48,ClassifEspSWE-0002026-05-29_1,JOHANKARLSSON,202609261748VE9C8UHA,2026_25_sep_19,Citizen Science (ultrasonic) - shared
59~40306+18~07249_20260925_191853.wav,DEV_001_20260925_191853.wav,0,59.40306,18.07249,Leppun,Leptophyes punctatissima,Speckled Bush-cricket,bush-cricket,0.99,,,25/09/2026,25/09/2026,19:18:53,ClassifEspSWE-0002026-05-29_1,JOHANKARLSSON,202609261748VE9C8UHA,2026_25_sep_19,Citizen Science (ultrasonic) - shared
59~40306+18~07249_20260925_191859.wav,DEV_001_20260925_191859.wav,0,59.40306,18.07249,Leppun,Leptophyes punctatissima,Speckled Bush-cricket,bush-cricket,0.99,,,25/09/2026,25/09/2026,19:18:59,ClassifEspSWE-0002026-05-29_1,JOHANKARLSSON,202609261748VE9C8UHA,2026_25_sep_19,Citizen Science (ultrasonic) - shared
59~40306+18~07249_20260925_191905.wav,DEV_001_20260925_191905.wav,0,59.40306,18.07249,Leppun,Leptophyes punctatissima,Speckled Bush-cricket,bush-cricket,0.99,,,25/09/2026,25/09/2026,19:19:05,ClassifEspSWE-0002026-05-29_1,JOHANKARLSSON,202609261748VE9C8UHA,2026_25_sep_19,Citizen Science (ultrasonic) - shared
59~40306+18~07249_20260925_191911.wav,DEV_001_20260925_191911.wav,0,59.40306,18.07249,Leppun,Leptophyes punctatissima,Speckled Bush-cricket,bush-cricket,0.99,,,25/09/2026,25/09/2026,19:19:11,ClassifEspSWE-0002026-05-29_1,JOHANKARLSSON,202609261748VE9C8UHA,2026_25_sep_19,Citizen Science (ultrasonic) - shared
59~40306+18~07249_20260925_191917.wav,DEV_001_20260925_191917.wav,0,59.40306,18.07249,Leppun,Leptophyes punctatissima,Speckled Bush-cricket,bush-cricket,0.99,,,25/09/2026,25/09/2026,19:19:17,ClassifEspSWE-0002026-05-29_1,JOHANKARLSSON,202609261748VE9C8UHA,2026_25_sep_19,Citizen Science (ultrasonic) - shared
59~40306+18~07249_20260925_191923.wav,DEV_001_20260925_191923.wav,0,59.40306,18.07249,Leppun,Leptophyes punctatissima,Speckled Bush-cricket,bush-cricket,0.99,,,25/09/2026,25/09/2026,19:19:23,ClassifEspSWE-0002026-05-29_1,JOHANKARLSSON,202609261748VE9C8UHA,2026_25_sep_19,Citizen Science (ultrasonic) - shared
59~40306+18~07249_20260925_191929.wav,DEV_001_20260925_191929.wav,0,59.40306,18.07249,Leppun,Leptophyes punctatissima,Speckled Bush-cricket,bush-cricket,0.99,,,25/09/2026,25/09/2026,19:19:29,ClassifEspSWE-0002026-05-29_1,JOHANKARLSSON,202609261748VE9C8UHA,2026_25_sep_19,Citizen Science (ultrasonic) - shared
59~40306+18~07249_20260925_191935.wav,DEV_001_20260925_191935.wav,0,59.40306,18.07249,Leppun,Leptophyes punctatissima,Speckled Bush-cricket,bush-cricket,0.99,,,25/09/2026,25/09/2026,19:19:35,ClassifEspSWE-0002026-05-29_1,JOHANKARLSSON,202609261748VE9C8UHA,2026_25_sep_19,Citizen Science (ultrasonic) - shared
59~40306+18~07249_20260925_191941.wav,DEV_001_20260925_191941.wav,0,59.40306,18.07249,Leppun,Leptophyes punctatissima,Speckled Bush-cricket,bush-cricket,0.99,,,25/09/2026,25/09/2026,19:19:41,ClassifEspSWE-0002026-05-29_1,JOHANKARLSSON,202609261748VE9C8UHA,2026_25_sep_19,Citizen Science (ultrasonic) - shared
59~40306+18~07249_20260925_191948.wav,DEV_001_20260925_191948.wav,0,59.40306,18.07249,Leppun,Leptophyes punctatissima,Speckled Bush-cricket,bush-cricket,0.99,,,25/09/2026,25/09/2026,19:19:48,ClassifEspSWE-0002026-05-29_1,JOHANKARLSSON,202609261748VE9C8UHA,2026_25_sep_19,Citizen Science (ultrasonic) - shared
59~40306+18~07249_20260925_191953.wav,DEV_001_20260925_191953.wav,0,59.40306,18.07249,Leppun,Leptophyes punctatissima,Speckled Bush-cricket,bush-cricket,0.99,,,25/09/2026,25/09/2026,19:19:53,ClassifEspSWE-0002026-05-29_1,JOHANKARLSSON,202609261748VE9C8UHA,2026_25_sep_19,Citizen Science (ultrasonic) - shared
59~40306+18~07249_20260925_191959.wav,DEV_001_20260925_191959.wav,0,59.40306,18.07249,Leppun,Leptophyes punctatissima,Speckled Bush-cricket,bush-cricket,0.99,,,25/09/2026,25/09/2026,19:19:59,ClassifEspSWE-0002026-05-29_1,JOHANKARLSSON,202609261748VE9C8UHA,2026_25_sep_19,Citizen Science (ultrasonic) - shared
59~40306+18~07249_20260925_192004.wav,DEV_001_20260925_192004.wav,0,59.40306,18.07249,Leppun,Leptophyes punctatissima,Speckled Bush-cricket,bush-cricket,0.99,,,25/09/2026,25/09/2026,19:20:04,ClassifEspSWE-0002026-05-29_1,JOHANKARLSSON,202609261748VE9C8UHA,2026_25_sep_19,Citizen Science (ultrasonic) - shared
59~40306+18~07249_20260925_192010.wav,DEV_001_20260925_192010.wav,0,59.40306,18.07249,Leppun,Leptophyes punctatissima,Speckled Bush-cricket,bush-cricket,0.99,,,25/09/2026,25/09/2026,19:20:10,ClassifEspSWE-0002026-05-29_1,JOHANKARLSSON,202609261748VE9C8UHA,2026_25_sep_19,Citizen Science (ultrasonic) - shared
59~40306+18~07249_20260925_192015.wav,DEV_001_20260925_192015.wav,0,59.40306,18.07249,Leppun,Leptophyes punctatissima,Speckled Bush-cricket,bush-cricket,0.99,,,25/09/2026,25/09/2026,19:20:15,ClassifEspSWE-0002026-05-29_1,JOHANKARLSSON,202609261748VE9C8UHA,2026_25_sep_19,Citizen Science (ultrasonic) - shared
59~40306+18~07249_20260925_192021.wav,DEV_001_20260925_192021.wav,0,59.40306,18.07249,Leppun,Leptophyes punctatissima,Speckled Bush-cricket,bush-cricket,0.99,,,25/09/2026,25/09/2026,19:20:21,ClassifEspSWE-0002026-05-29_1,JOHANKARLSSON,202609261748VE9C8UHA,2026_25_sep_19,Citizen Science (ultrasonic) - shared
59~40306+18~07249_20260925_192027.wav,DEV_001_20260925_192027.wav,0,59.40306,18.07249,Leppun,Leptophyes punctatissima,Speckled Bush-cricket,bush-cricket,0.99,,,25/09/2026,25/09/2026,19:20:27,ClassifEspSWE-0002026-05-29_1,JOHANKARLSSON,202609261748VE9C8UHA,2026_25_sep_19,Citizen Science (ultrasonic) - shared
59~40306+18~07249_20260925_192032.wav,DEV_001_20260925_192032.wav,0,59.40306,18.07249,Leppun,Leptophyes punctatissima,Speckled Bush-cricket,bush-cricket,0.99,,,25/09/2026,25/09/2026,19:20:32,ClassifEspSWE-0002026-05-29_1,JOHANKARLSSON,202609261748VE9C8UHA,2026_25_sep_19,Citizen Science (ultrasonic) - shared
59~40306+18~07249_20260925_192037.wav,DEV_001_20260925_192037.wav,0,59.40306,18.07249,Leppun,Leptophyes punctatissima,Speckled Bush-cricket,bush-cricket,0.99,,,25/09/2026,25/09/2026,19:20:37,ClassifEspSWE-0002026-05-29_1,JOHANKARLSSON,202609261748VE9C8UHA,2026_25_sep_19,Citizen Science (ultrasonic) - shared
59~40306+18~07249_20260925_192043.wav,DEV_001_20260925_192043.wav,0,59.40306,18.07249,Leppun,Leptophyes punctatissima,Speckled Bush-cricket,bush-cricket,0.99,,,25/09/2026,25/09/2026,19:20:43,ClassifEspSWE-0002026-05-29_1,JOHANKARLSSON,202609261748VE9C8UHA,2026_25_sep_19,Citizen Science (ultrasonic) - shared
59~40306+18~07249_20260925_192049.wav,DEV_001_20260925_192049.wav,0,59.40306,18.07249,Leppun,Leptophyes punctatissima,Speckled Bush-cricket,bush-cricket,0.99,,,25/09/2026,25/09/2026,19:20:49,ClassifEspSWE-0002026-05-29_1,JOHANKARLSSON,202609261748VE9C8UHA,2026_25_sep_19,Citizen Science (ultrasonic) - shared
59~40306+18~07249_20260925_192055.wav,DEV_001_20260925_192055.wav,0,59.40306,18.07249,Leppun,Leptophyes punctatissima,Speckled Bush-cricket,bush-cricket,0.99,,,25/09/2026,25/09/2026,19:20:55,ClassifEspSWE-0002026-05-29_1,JOHANKARLSSON,202609261748VE9C8UHA,2026_25_sep_19,Citizen Science (ultrasonic) - shared
59~40306+18~07249_20260925_192101.wav,DEV_001_20260925_192101.wav,0,59.40306,18.07249,Leppun,Leptophyes punctatissima,Speckled Bush-cricket,bush-cricket,0.99,,,25/09/2026,25/09/2026,19:21:01,ClassifEspSWE-0002026-05-29_1,JOHANKARLSSON,202609261748VE9C8UHA,2026_25_sep_19,Citizen Science (ultrasonic) - shared
59~40306+18~07249_20260925_192107.wav,DEV_001_20260925_192107.wav,0,59.40306,18.07249,Leppun,Leptophyes punctatissima,Speckled Bush-cricket,bush-cricket,0.99,,,25/09/2026,25/09/2026,19:21:07,ClassifEspSWE-0002026-05-29_1,JOHANKARLSSON,202609261748VE9C8UHA,2026_25_sep_19,Citizen Science (ultrasonic) - shared
59~40306+18~07249_20260925_192113.wav,DEV_001_20260925_192113.wav,0,59.40306,18.07249,Leppun,Leptophyes punctatissima,Speckled Bush-cricket,bush-cricket,0.99,,,25/09/2026,25/09/2026,19:21:13,ClassifEspSWE-0002026-05-29_1,JOHANKARLSSON,202609261748VE9C8UHA,2026_25_sep_19,Citizen Science (ultrasonic) - shared
59~40306+18~07249_20260925_192118.wav,DEV_001_20260925_192118.wav,0,59.40306,18.07249,Leppun,Leptophyes punctatissima,Speckled Bush-cricket,bush-cricket,0.99,,,25/09/2026,25/09/2026,19:21:18,ClassifEspSWE-0002026-05-29_1,JOHANKARLSSON,202609261748VE9C8UHA,2026_25_sep_19,Citizen Science (ultrasonic) - shared
59~40306+18~07249_20260925_192125.wav,DEV_001_20260925_192125.wav,0,59.40306,18.07249,Leppun,Leptophyes punctatissima,Speckled Bush-cricket,bush-cricket,0.99,,,25/09/2026,25/09/2026,19:21:25,ClassifEspSWE-0002026-05-29_1,JOHANKARLSSON,202609261748VE9C8UHA,2026_25_sep_19,Citizen Science (ultrasonic) - shared
59~40306+18~07249_20260925_192130.wav,DEV_001_20260925_192130.wav,0,59.40306,18.07249,Leppun,Leptophyes punctatissima,Speckled Bush-cricket,bush-cricket,0.99,,,25/09/2026,25/09/2026,19:21:30,ClassifEspSWE-0002026-05-29_1,JOHANKARLSSON,202609261748VE9C8UHA,2026_25_sep_19,Citizen Science (ultrasonic) - shared
59~40306+18~07249_20260925_192135.wav,DEV_001_20260925_192135.wav,0,59.40306,18.07249,Leppun,Leptophyes punctatissima,Speckled Bush-cricket,bush-cricket,0.99,,,25/09/2026,25/09/2026,19:21:35,ClassifEspSWE-0002026-05-29_1,JOHANKARLSSON,202609261748VE9C8UHA,2026_25_sep_19,Citizen Science (ultrasonic) - shared
59~40306+18~07249_20260925_192140.wav,DEV_001_20260925_192140.wav,0,59.40306,18.07249,Leppun,Leptophyes punctatissima,Speckled Bush-cricket,bush-cricket,0.99,,,25/09/2026,25/09/2026,19:21:40,ClassifEspSWE-0002026-05-29_1,JOHANKARLSSON,202609261748VE9C8UHA,2026_25_sep_19,Citizen Science (ultrasonic) - shared
59~40306+18~07249_20260925_192146.wav,DEV_001_20260925_192146.wav,0,59.40306,18.07249,Leppun,Leptophyes punctatissima,Speckled Bush-cricket,bush-cricket,0.99,,,25/09/2026,25/09/2026,19:21:46,ClassifEspSWE-0002026-05-29_1,JOHANKARLSSON,202609261748VE9C8UHA,2026_25_sep_19,Citizen Science (ultrasonic) - shared
59~40306+18~07249_20260925_192152.wav,DEV_001_20260925_192152.wav,0,59.40306,18.07249,Leppun,Leptophyes punctatissima,Speckled Bush-cricket,bush-cricket,0.99,,,25/09/2026,25/09/2026,19:21:52,ClassifEspSWE-0002026-05-29_1,JOHANKARLSSON,202609261748VE9C8UHA,2026_25_sep_19,Citizen Science (ultrasonic) - shared
59~40306+18~07249_20260925_192157.wav,DEV_001_20260925_192157.wav,0,59.40306,18.07249,Leppun,Leptophyes punctatissima,Speckled Bush-cricket,bush-cricket,0.99,,,25/09/2026,25/09/2026,19:21:57,ClassifEspSWE-0002026-05-29_1,JOHANKARLSSON,202609261748VE9C8UHA,2026_25_sep_19,Citizen Science (ultrasonic) - shared
59~40306+18~07249_20260925_192204.wav,DEV_001_20260925_192204.wav,0,59.40306,18.07249,Leppun,Leptophyes punctatissima,Speckled Bush-cricket,bush-cricket,0.99,,,25/09/2026,25/09/2026,19:22:04,ClassifEspSWE-0002026-05-29_1,JOHANKARLSSON,202609261748VE9C8UHA,2026_25_sep_19,Citizen Science (ultrasonic) - shared
59~40306+18~07249_20260925_192209.wav,DEV_001_20260925_192209.wav,0,59.40306,18.07249,Leppun,Leptophyes punctatissima,Speckled Bush-cricket,bush-cricket,0.99,,,25/09/2026,25/09/2026,19:22:09,ClassifEspSWE-0002026-05-29_1,JOHANKARLSSON,202609261748VE9C8UHA,2026_25_sep_19,Citizen Science (ultrasonic) - shared
59~40306+18~07249_20260925_192214.wav,DEV_001_20260925_192214.wav,0,59.40306,18.07249,Leppun,Leptophyes punctatissima,Speckled Bush-cricket,bush-cricket,0.99,,,25/09/2026,25/09/2026,19:22:14,ClassifEspSWE-0002026-05-29_1,JOHANKARLSSON,202609261748VE9C8UHA,2026_25_sep_19,Citizen Science (ultrasonic) - shared
59~40306+18~07249_20260925_192220.wav,DEV_001_20260925_192220.wav,0,59.40306,18.07249,Leppun,Leptophyes punctatissima,Speckled Bush-cricket,bush-cricket,0.99,,,25/09/2026,25/09/2026,19:22:20,ClassifEspSWE-0002026-05-29_1,JOHANKARLSSON,202609261748VE9C8UHA,2026_25_sep_19,Citizen Science (ultrasonic) - shared
59~40306+18~07249_20260925_192226.wav,DEV_001_20260925_192226.wav,0,59.40306,18.07249,Leppun,Leptophyes punctatissima,Speckled Bush-cricket,bush-cricket,0.99,,,25/09/2026,25/09/2026,19:22:26,ClassifEspSWE-0002026-05-29_1,JOHANKARLSSON,202609261748VE9C8UHA,2026_25_sep_19,Citizen Science (ultrasonic) - shared
59~40306+18~07249_20260925_192233.wav,DEV_001_20260925_192233.wav,0,59.40306,18.07249,Leppun,Leptophyes punctatissima,Speckled Bush-cricket,bush-cricket,0.99,,,25/09/2026,25/09/2026,19:22:33,ClassifEspSWE-0002026-05-29_1,JOHANKARLSSON,202609261748VE9C8UHA,2026_25_sep_19,Citizen Science (ultrasonic) - shared
59~40306+18~07249_20260925_192238.wav,DEV_001_20260925_192238.wav,0,59.40306,18.07249,Leppun,Leptophyes punctatissima,Speckled Bush-cricket,bush-cricket,0.99,,,25/09/2026,25/09/2026,19:22:38,ClassifEspSWE-0002026-05-29_1,JOHANKARLSSON,202609261748VE9C8UHA,2026_25_sep_19,Citizen Science (ultrasonic) - shared
59~40306+18~07249_20260925_192245.wav,DEV_001_20260925_192245.wav,0,59.40306,18.07249,Leppun,Leptophyes punctatissima,Speckled Bush-cricket,bush-cricket,0.99,,,25/09/2026,25/09/2026,19:22:45,ClassifEspSWE-0002026-05-29_1,JOHANKARLSSON,202609261748VE9C8UHA,2026_25_sep_19,Citizen Science (ultrasonic) - shared
59~40306+18~07249_20260925_192250.wav,DEV_001_20260925_192250.wav,0,59.40306,18.07249,Leppun,Leptophyes punctatissima,Speckled Bush-cricket,bush-cricket,0.99,,,25/09/2026,25/09/2026,19:22:50,ClassifEspSWE-0002026-05-29_1,JOHANKARLSSON,202609261748VE9C8UHA,2026_25_sep_19,Citizen Science (ultrasonic) - shared
59~40306+18~07249_20260925_192256.wav,DEV_001_20260925_192256.wav,0,59.40306,18.07249,Leppun,Leptophyes punctatissima,Speckled Bush-cricket,bush-cricket,0.99,,,25/09/2026,25/09/2026,19:22:56,ClassifEspSWE-0002026-05-29_1,JOHANKARLSSON,202609261748VE9C8UHA,2026_25_sep_19,Citizen Science (ultrasonic) - shared
59~40306+18~07249_20260925_192302.wav,DEV_001_20260925_192302.wav,0,59.40306,18.07249,Leppun,Leptophyes punctatissima,Speckled Bush-cricket,bush-cricket,0.99,,,25/09/2026,25/09/2026,19:23:02,ClassifEspSWE-0002026-05-29_1,JOHANKARLSSON,202609261748VE9C8UHA,2026_25_sep_19,Citizen Science (ultrasonic) - shared
59~40306+18~07249_20260925_192308.wav,DEV_001_20260925_192308.wav,0,59.40306,18.07249,Leppun,Leptophyes punctatissima,Speckled Bush-cricket,bush-cricket,0.99,,,25/09/2026,25/09/2026,19:23:08,ClassifEspSWE-0002026-05-29_1,JOHANKARLSSON,202609261748VE9C8UHA,2026_25_sep_19,Citizen Science (ultrasonic) - shared
59~40306+18~07249_20260925_192313.wav,DEV_001_20260925_192313.wav,0,59.40306,18.07249,Leppun,Leptophyes punctatissima,Speckled Bush-cricket,bush-cricket,0.99,,,25/09/2026,25/09/2026,19:23:13,ClassifEspSWE-0002026-05-29_1,JOHANKARLSSON,202609261748VE9C8UHA,2026_25_sep_19,Citizen Science (ultrasonic) - shared
59~40306+18~07249_20260925_192320.wav,DEV_001_20260925_192320.wav,0,59.40306,18.07249,Leppun,Leptophyes punctatissima,Speckled Bush-cricket,bush-cricket,0.99,,,25/09/2026,25/09/2026,19:23:20,ClassifEspSWE-0002026-05-29_1,JOHANKARLSSON,202609261748VE9C8UHA,2026_25_sep_19,Citizen Science (ultrasonic) - shared
59~40306+18~07249_20260925_192325.wav,DEV_001_20260925_192325.wav,0,59.40306,18.07249,Leppun,Leptophyes punctatissima,Speckled Bush-cricket,bush-cricket,0.99,,,25/09/2026,25/09/2026,19:23:25,ClassifEspSWE-0002026-05-29_1,JOHANKARLSSON,202609261748VE9C8UHA,2026_25_sep_19,Citizen Science (ultrasonic) - shared
59~40306+18~07249_20260925_192331.wav,DEV_001_20260925_192331.wav,0,59.40306,18.07249,Leppun,Leptophyes punctatissima,Speckled Bush-cricket,bush-cricket,0.99,,,25/09/2026,25/09/2026,19:23:31,ClassifEspSWE-0002026-05-29_1,JOHANKARLSSON,202609261748VE9C8UHA,2026_25_sep_19,Citizen Science (ultrasonic) - shared
59~40306+18~07249_20260925_192337.wav,DEV_001_20260925_192337.wav,0,59.40306,18.07249,Leppun,Leptophyes punctatissima,Speckled Bush-cricket,bush-cricket,0.99,,,25/09/2026,25/09/2026,19:23:37,ClassifEspSWE-0002026-05-29_1,JOHANKARLSSON,202609261748VE9C8UHA,2026_25_sep_19,Citizen Science (ultrasonic) - shared
59~40306+18~07249_20260925_192345.wav,DEV_001_20260925_192345.wav,0,59.40306,18.07249,Leppun,Leptophyes punctatissima,Speckled Bush-cricket,bush-cricket,0.99,,,25/09/2026,25/09/2026,19:23:45,ClassifEspSWE-0002026-05-29_1,JOHANKARLSSON,202609261748VE9C8UHA,2026_25_sep_19,Citizen Science (ultrasonic) - shared
59~40306+18~07249_20260925_192350.wav,DEV_001_20260925_192350.wav,0,59.40306,18.07249,Leppun,Leptophyes punctatissima,Speckled Bush-cricket,bush-cricket,0.99,,,25/09/2026,25/09/2026,19:23:50,ClassifEspSWE-0002026-05-29_1,JOHANKARLSSON,202609261748VE9C8UHA,2026_25_sep_19,Citizen Science (ultrasonic) - shared
59~40306+18~07249_20260925_192356.wav,DEV_001_20260925_192356.wav,0,59.40306,18.07249,Leppun,Leptophyes punctatissima,Speckled Bush-cricket,bush-cricket,0.99,,,25/09/2026,25/09/2026,19:23:56,ClassifEspSWE-0002026-05-29_1,JOHANKARLSSON,202609261748VE9C8UHA,2026_25_sep_19,Citizen Science (ultrasonic) - shared
59~40306+18~07249_20260925_192402.wav,DEV_001_20260925_192402.wav,0,59.40306,18.07249,Leppun,Leptophyes punctatissima,Speckled Bush-cricket,bush-cricket,0.99,,,25/09/2026,25/09/2026,19:24:02,ClassifEspSWE-0002026-05-29_1,JOHANKARLSSON,202609261748VE9C8UHA,2026_25_sep_19,Citizen Science (ultrasonic) - shared
59~40306+18~07249_20260925_192409.wav,DEV_001_20260925_192409.wav,0,59.40306,18.07249,Leppun,Leptophyes punctatissima,Speckled Bush-cricket,bush-cricket,0.99,,,25/09/2026,25/09/2026,19:24:09,ClassifEspSWE-0002026-05-29_1,JOHANKARLSSON,202609261748VE9C8UHA,2026_25_sep_19,Citizen Science (ultrasonic) - shared
59~40306+18~07249_20260925_192416.wav,DEV_001_20260925_192416.wav,0,59.40306,18.07249,Leppun,Leptophyes punctatissima,Speckled Bush-cricket,bush-cricket,0.99,,,25/09/2026,25/09/2026,19:24:16,ClassifEspSWE-0002026-05-29_1,JOHANKARLSSON,202609261748VE9C8UHA,2026_25_sep_19,Citizen Science (ultrasonic) - shared
59~40306+18~07249_20260925_192423.wav,DEV_001_20260925_192423.wav,0,59.40306,18.07249,Leppun,Leptophyes punctatissima,Speckled Bush-cricket,bush-cricket,0.99,,,25/09/2026,25/09/2026,19:24:23,ClassifEspSWE-0002026-05-29_1,JOHANKARLSSON,202609261748VE9C8UHA,2026_25_sep_19,Citizen Science (ultrasonic) - shared
59~40306+18~07249_20260925_192428.wav,DEV_001_20260925_192428.wav,0,59.40306,18.07249,Leppun,Leptophyes punctatissima,Speckled Bush-cricket,bush-cricket,0.99,,,25/09/2026,25/09/2026,19:24:28,ClassifEspSWE-0002026-05-29_1,JOHANKARLSSON,202609261748VE9C8UHA,2026_25_sep_19,Citizen Science (ultrasonic) - shared
59~40306+18~07249_20260925_192435.wav,DEV_001_20260925_192435.wav,0,59.40306,18.07249,Leppun,Leptophyes punctatissima,Speckled Bush-cricket,bush-cricket,0.99,,,25/09/2026,25/09/2026,19:24:35,ClassifEspSWE-0002026-05-29_1,JOHANKARLSSON,202609261748VE9C8UHA,2026_25_sep_19,Citizen Science (ultrasonic) - shared
59~40306+18~07249_20260925_192440.wav,DEV_001_20260925_192440.wav,0,59.40306,18.07249,Leppun,Leptophyes punctatissima,Speckled Bush-cricket,bush-cricket,0.99,,,25/09/2026,25/09/2026,19:24:40,ClassifEspSWE-0002026-05-29_1,JOHANKARLSSON,202609261748VE9C8UHA,2026_25_sep_19,Citizen Science (ultrasonic) - shared
59~40306+18~07249_20260925_192445.wav,DEV_001_20260925_192445.wav,0,59.40306,18.07249,Leppun,Leptophyes punctatissima,Speckled Bush-cricket,bush-cricket,0.99,,,25/09/2026,25/09/2026,19:24:45,ClassifEspSWE-0002026-05-29_1,JOHANKARLSSON,202609261748VE9C8UHA,2026_25_sep_19,Citizen Science (ultrasonic) - shared
59~40306+18~07249_20260925_192451.wav,DEV_001_20260925_192451.wav,0,59.40306,18.07249,Leppun,Leptophyes punctatissima,Speckled Bush-cricket,bush-cricket,0.99,,,25/09/2026,25/09/2026,19:24:51,ClassifEspSWE-0002026-05-29_1,JOHANKARLSSON,202609261748VE9C8UHA,2026_25_sep_19,Citizen Science (ultrasonic) - shared
59~40306+18~07249_20260925_192457.wav,DEV_001_20260925_192457.wav,0,59.40306,18.07249,Leppun,Leptophyes punctatissima,Speckled Bush-cricket,bush-cricket,0.99,,,25/09/2026,25/09/2026,19:24:57,ClassifEspSWE-0002026-05-29_1,JOHANKARLSSON,202609261748VE9C8UHA,2026_25_sep_19,Citizen Science (ultrasonic) - shared
59~40306+18~07249_20260925_192502.wav,DEV_001_20260925_192502.wav,0,59.40306,18.07249,Leppun,Leptophyes punctatissima,Speckled Bush-cricket,bush-cricket,0.99,,,25/09/2026,25/09/2026,19:25:02,ClassifEspSWE-0002026-05-29_1,JOHANKARLSSON,202609261748VE9C8UHA,2026_25_sep_19,Citizen Science (ultrasonic) - shared
59~40306+18~07249_20260925_192508.wav,DEV_001_20260925_192508.wav,0,59.40306,18.07249,Leppun,Leptophyes punctatissima,Speckled Bush-cricket,bush-cricket,0.99,,,25/09/2026,25/09/2026,19:25:08,ClassifEspSWE-0002026-05-29_1,JOHANKARLSSON,202609261748VE9C8UHA,2026_25_sep_19,Citizen Science (ultrasonic) - shared
59~40306+18~07249_20260925_192514.wav,DEV_001_20260925_192514.wav,0,59.40306,18.07249,Leppun,Leptophyes punctatissima,Speckled Bush-cricket,bush-cricket,0.99,,,25/09/2026,25/09/2026,19:25:14,ClassifEspSWE-0002026-05-29_1,JOHANKARLSSON,202609261748VE9C8UHA,2026_25_sep_19,Citizen Science (ultrasonic) - shared
59~40306+18~07249_20260925_192520.wav,DEV_001_20260925_192520.wav,0,59.40306,18.07249,Leppun,Leptophyes punctatissima,Speckled Bush-cricket,bush-cricket,0.99,,,25/09/2026,25/09/2026,19:25:20,ClassifEspSWE-0002026-05-29_1,JOHANKARLSSON,202609261748VE9C8UHA,2026_25_sep_19,Citizen Science (ultrasonic) - shared
59~40306+18~07249_20260925_192526.wav,DEV_001_20260925_192526.wav,0,59.40306,18.07249,Leppun,Leptophyes punctatissima,Speckled Bush-cricket,bush-cricket,0.99,,,25/09/2026,25/09/2026,19:25:26,ClassifEspSWE-0002026-05-29_1,JOHANKARLSSON,202609261748VE9C8UHA,2026_25_sep_19,Citizen Science (ultrasonic) - shared
59~40306+18~07249_20260925_192531.wav,DEV_001_20260925_192531.wav,0,59.40306,18.07249,Leppun,Leptophyes punctatissima,Speckled Bush-cricket,bush-cricket,0.99,,,25/09/2026,25/09/2026,19:25:31,ClassifEspSWE-0002026-05-29_1,JOHANKARLSSON,202609261748VE9C8UHA,2026_25_sep_19,Citizen Science (ultrasonic) - shared
59~40306+18~07249_20260925_192538.wav,DEV_001_20260925_192538.wav,0,59.40306,18.07249,Leppun,Leptophyes punctatissima,Speckled Bush-cricket,bush-cricket,0.99,,,25/09/2026,25/09/2026,19:25:38,ClassifEspSWE-0002026-05-29_1,JOHANKARLSSON,202609261748VE9C8UHA,2026_25_sep_19,Citizen Science (ultrasonic) - shared
59~40306+18~07249_20260925_192544.wav,DEV_001_20260925_192544.wav,0,59.40306,18.07249,Leppun,Leptophyes punctatissima,Speckled Bush-cricket,bush-cricket,0.99,,,25/09/2026,25/09/2026,19:25:44,ClassifEspSWE-0002026-05-29_1,JOHANKARLSSON,202609261748VE9C8UHA,2026_25_sep_19,Citizen Science (ultrasonic) - shared
59~40306+18~07249_20260925_192550.wav,DEV_001_20260925_192550.wav,0,59.40306,18.07249,Leppun,Leptophyes punctatissima,Speckled Bush-cricket,bush-cricket,0.99,,,25/09/2026,25/09/2026,19:25:50,ClassifEspSWE-0002026-05-29_1,JOHANKARLSSON,202609261748VE9C8UHA,2026_25_sep_19,Citizen Science (ultrasonic) - shared
59~40306+18~07249_20260925_192556.wav,DEV_001_20260925_192556.wav,0,59.40306,18.07249,Leppun,Leptophyes punctatissima,Speckled Bush-cricket,bush-cricket,0.99,,,25/09/2026,25/09/2026,19:25:56,ClassifEspSWE-0002026-05-29_1,JOHANKARLSSON,202609261748VE9C8UHA,2026_25_sep_19,Citizen Science (ultrasonic) - shared
59~40306+18~07249_20260925_192603.wav,DEV_001_20260925_192603.wav,0,59.40306,18.07249,Leppun,Leptophyes punctatissima,Speckled Bush-cricket,bush-cricket,0.99,,,25/09/2026,25/09/2026,19:26:03,ClassifEspSWE-0002026-05-29_1,JOHANKARLSSON,202609261748VE9C8UHA,2026_25_sep_19,Citizen Science (ultrasonic) - shared
59~40306+18~07249_20260925_192610.wav,DEV_001_20260925_192610.wav,0,59.40306,18.07249,Leppun,Leptophyes punctatissima,Speckled Bush-cricket,bush-cricket,0.99,,,25/09/2026,25/09/2026,19:26:10,ClassifEspSWE-0002026-05-29_1,JOHANKARLSSON,202609261748VE9C8UHA,2026_25_sep_19,Citizen Science (ultrasonic) - shared
59~40306+18~07249_20260925_192617.wav,DEV_001_20260925_192617.wav,0,59.40306,18.07249,Leppun,Leptophyes punctatissima,Speckled Bush-cricket,bush-cricket,0.99,,,25/09/2026,25/09/2026,19:26:17,ClassifEspSWE-0002026-05-29_1,JOHANKARLSSON,202609261748VE9C8UHA,2026_25_sep_19,Citizen Science (ultrasonic) - shared
59~40306+18~07249_20260925_192624.wav,DEV_001_20260925_192624.wav,0,59.40306,18.07249,Leppun,Leptophyes punctatissima,Speckled Bush-cricket,bush-cricket,0.99,,,25/09/2026,25/09/2026,19:26:24,ClassifEspSWE-0002026-05-29_1,JOHANKARLSSON,202609261748VE9C8UHA,2026_25_sep_19,Citizen Science (ultrasonic) - shared
59~40306+18~07249_20260925_192630.wav,DEV_001_20260925_192630.wav,0,59.40306,18.07249,Leppun,Leptophyes punctatissima,Speckled Bush-cricket,bush-cricket,0.99,,,25/09/2026,25/09/2026,19:26:30,ClassifEspSWE-0002026-05-29_1,JOHANKARLSSON,202609261748VE9C8UHA,2026_25_sep_19,Citizen Science (ultrasonic) - shared
59~40306+18~07249_20260925_192635.wav,DEV_001_20260925_192635.wav,0,59.40306,18.07249,Leppun,Leptophyes punctatissima,Speckled Bush-cricket,bush-cricket,0.99,,,25/09/2026,25/09/2026,19:26:35,ClassifEspSWE-0002026-05-29_1,JOHANKARLSSON,202609261748VE9C8UHA,2026_25_sep_19,Citizen Science (ultrasonic) - shared
59~40306+18~07249_20260925_192641.wav,DEV_001_20260925_192641.wav,0,59.40306,18.07249,Leppun,Leptophyes punctatissima,Speckled Bush-cricket,bush-cricket,0.99,,,25/09/2026,25/09/2026,19:26:41,ClassifEspSWE-0002026-05-29_1,JOHANKARLSSON,202609261748VE9C8UHA,2026_25_sep_19,Citizen Science (ultrasonic) - shared
59~40306+18~07249_20260925_192646.wav,DEV_001_20260925_192646.wav,0,59.40306,18.07249,Leppun,Leptophyes punctatissima,Speckled Bush-cricket,bush-cricket,0.99,,,25/09/2026,25/09/2026,19:26:46,ClassifEspSWE-0002026-05-29_1,JOHANKARLSSON,202609261748VE9C8UHA,2026_25_sep_19,Citizen Science (ultrasonic) - shared
59~40306+18~07249_20260925_192653.wav,DEV_001_20260925_192653.wav,0,59.40306,18.07249,Leppun,Leptophyes punctatissima,Speckled Bush-cricket,bush-cricket,0.99,,,25/09/2026,25/09/2026,19:26:53,ClassifEspSWE-0002026-05-29_1,JOHANKARLSSON,202609261748VE9C8UHA,2026_25_sep_19,Citizen Science (ultrasonic) - shared
59~40306+18~07249_20260925_192700.wav,DEV_001_20260925_192700.wav,0,59.40306,18.07249,Leppun,Leptophyes punctatissima,Speckled Bush-cricket,bush-cricket,0.99,,,25/09/2026,25/09/2026,19:27:00,ClassifEspSWE-0002026-05-29_1,JOHANKARLSSON,202609261748VE9C8UHA,2026_25_sep_19,Citizen Science (ultrasonic) - shared
59~40306+18~07249_20260925_192707.wav,DEV_001_20260925_192707.wav,0,59.40306,18.07249,Leppun,Leptophyes punctatissima,Speckled Bush-cricket,bush-cricket,0.99,,,25/09/2026,25/09/2026,19:27:07,ClassifEspSWE-0002026-05-29_1,JOHANKARLSSON,202609261748VE9C8UHA,2026_25_sep_19,Citizen Science (ultrasonic) - shared
59~40306+18~07249_20260925_192713.wav,DEV_001_20260925_192713.wav,0,59.40306,18.07249,Leppun,Leptophyes punctatissima,Speckled Bush-cricket,bush-cricket,0.99,,,25/09/2026,25/09/2026,19:27:13,ClassifEspSWE-0002026-05-29_1,JOHANKARLSSON,202609261748VE9C8UHA,2026_25_sep_19,Citizen Science (ultrasonic) - shared
59~40306+18~07249_20260925_192720.wav,DEV_001_20260925_192720.wav,0,59.40306,18.07249,Leppun,Leptophyes punctatissima,Speckled Bush-cricket,bush-cricket,0.99,,,25/09/2026,25/09/2026,19:27:20,ClassifEspSWE-0002026-05-29_1,JOHANKARLSSON,202609261748VE9C8UHA,2026_25_sep_19,Citizen Science (ultrasonic) - shared
59~40306+18~07249_20260925_192725.wav,DEV_001_20260925_192725.wav,0,59.40306,18.07249,Leppun,Leptophyes punctatissima,Speckled Bush-cricket,bush-cricket,0.99,,,25/09/2026,25/09/2026,19:27:25,ClassifEspSWE-0002026-05-29_1,JOHANKARLSSON,202609261748VE9C8UHA,2026_25_sep_19,Citizen Science (ultrasonic) - shared
59~40306+18~07249_20260925_192732.wav,DEV_001_20260925_192732.wav,0,59.40306,18.07249,Leppun,Leptophyes punctatissima,Speckled Bush-cricket,bush-cricket,0.99,,,25/09/2026,25/09/2026,19:27:32,ClassifEspSWE-0002026-05-29_1,JOHANKARLSSON,202609261748VE9C8UHA,2026_25_sep_19,Citizen Science (ultrasonic) - shared
59~40306+18~07249_20260925_192743.wav,DEV_001_20260925_192743.wav,0,59.40306,18.07249,Leppun,Leptophyes punctatissima,Speckled Bush-cricket,bush-cricket,0.99,,,25/09/2026,25/09/2026,19:27:43,ClassifEspSWE-0002026-05-29_1,JOHANKARLSSON,202609261748VE9C8UHA,2026_25_sep_19,Citizen Science (ultrasonic) - shared
59~40306+18~07249_20260925_192749.wav,DEV_001_20260925_192749.wav,0,59.40306,18.07249,Leppun,Leptophyes punctatissima,Speckled Bush-cricket,bush-cricket,0.99,,,25/09/2026,25/09/2026,19:27:49,ClassifEspSWE-0002026-05-29_1,JOHANKARLSSON,202609261748VE9C8UHA,2026_25_sep_19,Citizen Science (ultrasonic) - shared
59~40306+18~07249_20260925_192755.wav,DEV_001_20260925_192755.wav,0,59.40306,18.07249,Leppun,Leptophyes punctatissima,Speckled Bush-cricket,bush-cricket,0.99,,,25/09/2026,25/09/2026,19:27:55,ClassifEspSWE-0002026-05-29_1,JOHANKARLSSON,202609261748VE9C8UHA,2026_25_sep_19,Citizen Science (ultrasonic) - shared
59~40306+18~07249_20260925_192800.wav,DEV_001_20260925_192800.wav,0,59.40306,18.07249,Leppun,Leptophyes punctatissima,Speckled Bush-cricket,bush-cricket,0.99,,,25/09/2026,25/09/2026,19:28:00,ClassifEspSWE-0002026-05-29_1,JOHANKARLSSON,202609261748VE9C8UHA,2026_25_sep_19,Citizen Science (ultrasonic) - shared
59~40306+18~07249_20260925_192812.wav,DEV_001_20260925_192812.wav,0,59.40306,18.07249,Leppun,Leptophyes punctatissima,Speckled Bush-cricket,bush-cricket,0.99,,,25/09/2026,25/09/2026,19:28:12,ClassifEspSWE-0002026-05-29_1,JOHANKARLSSON,202609261748VE9C8UHA,2026_25_sep_19,Citizen Science (ultrasonic) - shared
59~40306+18~07249_20260925_192819.wav,DEV_001_20260925_192819.wav,0,59.40306,18.07249,Leppun,Leptophyes punctatissima,Speckled Bush-cricket,bush-cricket,0.99,,,25/09/2026,25/09/2026,19:28:19,ClassifEspSWE-0002026-05-29_1,JOHANKARLSSON,202609261748VE9C8UHA,2026_25_sep_19,Citizen Science (ultrasonic) - shared
59~40306+18~07249_20260925_192828.wav,DEV_001_20260925_192828.wav,0,59.40306,18.07249,Leppun,Leptophyes punctatissima,Speckled Bush-cricket,bush-cricket,0.99,,,25/09/2026,25/09/2026,19:28:28,ClassifEspSWE-0002026-05-29_1,JOHANKARLSSON,202609261748VE9C8UHA,2026_25_sep_19,Citizen Science (ultrasonic) - shared
59~40306+18~07249_20260925_192834.wav,DEV_001_20260925_192834.wav,0,59.40306,18.07249,Leppun,Leptophyes punctatissima,Speckled Bush-cricket,bush-cricket,0.99,,,25/09/2026,25/09/2026,19:28:34,ClassifEspSWE-0002026-05-29_1,JOHANKARLSSON,202609261748VE9C8UHA,2026_25_sep_19,Citizen Science (ultrasonic) - shared
59~40306+18~07249_20260925_192843.wav,DEV_001_20260925_192843.wav,0,59.40306,18.07249,Leppun,Leptophyes punctatissima,Speckled Bush-cricket,bush-cricket,0.99,,,25/09/2026,25/09/2026,19:28:43,ClassifEspSWE-0002026-05-29_1,JOHANKARLSSON,202609261748VE9C8UHA,2026_25_sep_19,Citizen Science (ultrasonic) - shared
59~40306+18~07249_20260925_192848.wav,DEV_001_20260925_192848.wav,0,59.40306,18.07249,Leppun,Leptophyes punctatissima,Speckled Bush-cricket,bush-cricket,0.99,,,25/09/2026,25/09/2026,19:28:48,ClassifEspSWE-0002026-05-29_1,JOHANKARLSSON,202609261748VE9C8UHA,2026_25_sep_19,Citizen Science (ultrasonic) - shared
59~40306+18~07249_20260925_192856.wav,DEV_001_20260925_192856.wav,0,59.40306,18.07249,Leppun,Leptophyes punctatissima,Speckled Bush-cricket,bush-cricket,0.99,,,25/09/2026,25/09/2026,19:28:56,ClassifEspSWE-0002026-05-29_1,JOHANKARLSSON,202609261748VE9C8UHA,2026_25_sep_19,Citizen Science (ultrasonic) - shared
59~40306+18~07249_20260925_192905.wav,DEV_001_20260925_192905.wav,0,59.40306,18.07249,Leppun,Leptophyes punctatissima,Speckled Bush-cricket,bush-cricket,0.99,,,25/09/2026,25/09/2026,19:29:05,ClassifEspSWE-0002026-05-29_1,JOHANKARLSSON,202609261748VE9C8UHA,2026_25_sep_19,Citizen Science (ultrasonic) - shared
59~40306+18~07249_20260925_192917.wav,DEV_001_20260925_192917.wav,0,59.40306,18.07249,Leppun,Leptophyes punctatissima,Speckled Bush-cricket,bush-cricket,0.99,,,25/09/2026,25/09/2026,19:29:17,ClassifEspSWE-0002026-05-29_1,JOHANKARLSSON,202609261748VE9C8UHA,2026_25_sep_19,Citizen Science (ultrasonic) - shared
59~40306+18~07249_20260925_192941.wav,DEV_001_20260925_192941.wav,0,59.40306,18.07249,Leppun,Leptophyes punctatissima,Speckled Bush-cricket,bush-cricket,0.99,,,25/09/2026,25/09/2026,19:29:41,ClassifEspSWE-0002026-05-29_1,JOHANKARLSSON,202609261748VE9C8UHA,2026_25_sep_19,Citizen Science (ultrasonic) - shared
59~40306+18~07249_20260925_192947.wav,DEV_001_20260925_192947.wav,0,59.40306,18.07249,Leppun,Leptophyes punctatissima,Speckled Bush-cricket,bush-cricket,0.99,,,25/09/2026,25/09/2026,19:29:47,ClassifEspSWE-0002026-05-29_1,JOHANKARLSSON,202609261748VE9C8UHA,2026_25_sep_19,Citizen Science (ultrasonic) - shared
59~40306+18~07249_20260925_192953.wav,DEV_001_20260925_192953.wav,0,59.40306,18.07249,Leppun,Leptophyes punctatissima,Speckled Bush-cricket,bush-cricket,0.99,,,25/09/2026,25/09/2026,19:29:53,ClassifEspSWE-0002026-05-29_1,JOHANKARLSSON,202609261748VE9C8UHA,2026_25_sep_19,Citizen Science (ultrasonic) - shared
59~40306+18~07249_20260925_192958.wav,DEV_001_20260925_192958.wav,0,59.40306,18.07249,Leppun,Leptophyes punctatissima,Speckled Bush-cricket,bush-cricket,0.99,,,25/09/2026,25/09/2026,19:29:58,ClassifEspSWE-0002026-05-29_1,JOHANKARLSSON,202609261748VE9C8UHA,2026_25_sep_19,Citizen Science (ultrasonic) - shared
59~40306+18~07249_20260925_193011.wav,DEV_001_20260925_193011.wav,0,59.40306,18.07249,Leppun,Leptophyes punctatissima,Speckled Bush-cricket,bush-cricket,0.99,,,25/09/2026,25/09/2026,19:30:11,ClassifEspSWE-0002026-05-29_1,JOHANKARLSSON,202609261748VE9C8UHA,2026_25_sep_19,Citizen Science (ultrasonic) - shared
59~40306+18~07249_20260925_193021.wav,DEV_001_20260925_193021.wav,0,59.40306,18.07249,Leppun,Leptophyes punctatissima,Speckled Bush-cricket,bush-cricket,0.99,,,25/09/2026,25/09/2026,19:30:21,ClassifEspSWE-0002026-05-29_1,JOHANKARLSSON,202609261748VE9C8UHA,2026_25_sep_19,Citizen Science (ultrasonic) - shared
59~40306+18~07249_20260925_193030.wav,DEV_001_20260925_193030.wav,0,59.40306,18.07249,Leppun,Leptophyes punctatissima,Speckled Bush-cricket,bush-cricket,0.99,,,25/09/2026,25/09/2026,19:30:30,ClassifEspSWE-0002026-05-29_1,JOHANKARLSSON,202609261748VE9C8UHA,2026_25_sep_19,Citizen Science (ultrasonic) - shared
59~40306+18~07249_20260925_193036.wav,DEV_001_20260925_193036.wav,0,59.40306,18.07249,Leppun,Leptophyes punctatissima,Speckled Bush-cricket,bush-cricket,0.99,,,25/09/2026,25/09/2026,19:30:36,ClassifEspSWE-0002026-05-29_1,JOHANKARLSSON,202609261748VE9C8UHA,2026_25_sep_19,Citizen Science (ultrasonic) - shared
59~40306+18~07249_20260925_193048.wav,DEV_001_20260925_193048.wav,0,59.40306,18.07249,Leppun,Leptophyes punctatissima,Speckled Bush-cricket,bush-cricket,0.99,,,25/09/2026,25/09/2026,19:30:48,ClassifEspSWE-0002026-05-29_1,JOHANKARLSSON,202609261748VE9C8UHA,2026_25_sep_19,Citizen Science (ultrasonic) - shared
59~40306+18~07249_20260925_193056.wav,DEV_001_20260925_193056.wav,0,59.40306,18.07249,Leppun,Leptophyes punctatissima,Speckled Bush-cricket,bush-cricket,0.99,,,25/09/2026,25/09/2026,19:30:56,ClassifEspSWE-0002026-05-29_1,JOHANKARLSSON,202609261748VE9C8UHA,2026_25_sep_19,Citizen Science (ultrasonic) - shared
59~40306+18~07249_20260925_193109.wav,DEV_001_20260925_193109.wav,0,59.40306,18.07249,Leppun,Leptophyes punctatissima,Speckled Bush-cricket,bush-cricket,0.99,,,25/09/2026,25/09/2026,19:31:09,ClassifEspSWE-0002026-05-29_1,JOHANKARLSSON,202609261748VE9C8UHA,2026_25_sep_19,Citizen Science (ultrasonic) - shared
59~40306+18~07249_20260925_193116.wav,DEV_001_20260925_193116.wav,0,59.40306,18.07249,Leppun,Leptophyes punctatissima,Speckled Bush-cricket,bush-cricket,0.99,,,25/09/2026,25/09/2026,19:31:16,ClassifEspSWE-0002026-05-29_1,JOHANKARLSSON,202609261748VE9C8UHA,2026_25_sep_19,Citizen Science (ultrasonic) - shared
59~40306+18~07249_20260925_193122.wav,DEV_001_20260925_193122.wav,0,59.40306,18.07249,Leppun,Leptophyes punctatissima,Speckled Bush-cricket,bush-cricket,0.99,,,25/09/2026,25/09/2026,19:31:22,ClassifEspSWE-0002026-05-29_1,JOHANKARLSSON,202609261748VE9C8UHA,2026_25_sep_19,Citizen Science (ultrasonic) - shared
59~40306+18~07249_20260925_193130.wav,DEV_001_20260925_193130.wav,0,59.40306,18.07249,Leppun,Leptophyes punctatissima,Speckled Bush-cricket,bush-cricket,0.99,,,25/09/2026,25/09/2026,19:31:30,ClassifEspSWE-0002026-05-29_1,JOHANKARLSSON,202609261748VE9C8UHA,2026_25_sep_19,Citizen Science (ultrasonic) - shared
59~40306+18~07249_20260925_193138.wav,DEV_001_20260925_193138.wav,0,59.40306,18.07249,Leppun,Leptophyes punctatissima,Speckled Bush-cricket,bush-cricket,0.99,,,25/09/2026,25/09/2026,19:31:38,ClassifEspSWE-0002026-05-29_1,JOHANKARLSSON,202609261748VE9C8UHA,2026_25_sep_19,Citizen Science (ultrasonic) - shared
59~40306+18~07249_20260925_193144.wav,DEV_001_20260925_193144.wav,0,59.40306,18.07249,Leppun,Leptophyes punctatissima,Speckled Bush-cricket,bush-cricket,0.99,,,25/09/2026,25/09/2026,19:31:44,ClassifEspSWE-0002026-05-29_1,JOHANKARLSSON,202609261748VE9C8UHA,2026_25_sep_19,Citizen Science (ultrasonic) - shared
59~40306+18~07249_20260925_193154.wav,DEV_001_20260925_193154.wav,0,59.40306,18.07249,Leppun,Leptophyes punctatissima,Speckled Bush-cricket,bush-cricket,0.99,,,25/09/2026,25/09/2026,19:31:54,ClassifEspSWE-0002026-05-29_1,JOHANKARLSSON,202609261748VE9C8UHA,2026_25_sep_19,Citizen Science (ultrasonic) - shared
59~40306+18~07249_20260925_193203.wav,DEV_001_20260925_193203.wav,0,59.40306,18.07249,Leppun,Leptophyes punctatissima,Speckled Bush-cricket,bush-cricket,0.99,,,25/09/2026,25/09/2026,19:32:03,ClassifEspSWE-0002026-05-29_1,JOHANKARLSSON,202609261748VE9C8UHA,2026_25_sep_19,Citizen Science (ultrasonic) - shared
59~40306+18~07249_20260925_193211.wav,DEV_001_20260925_193211.wav,0,59.40306,18.07249,Leppun,Leptophyes punctatissima,Speckled Bush-cricket,bush-cricket,0.99,,,25/09/2026,25/09/2026,19:32:11,ClassifEspSWE-0002026-05-29_1,JOHANKARLSSON,202609261748VE9C8UHA,2026_25_sep_19,Citizen Science (ultrasonic) - shared
59~40306+18~07249_20260925_193219.wav,DEV_001_20260925_193219.wav,0,59.40306,18.07249,Leppun,Leptophyes punctatissima,Speckled Bush-cricket,bush-cricket,0.99,,,25/09/2026,25/09/2026,19:32:19,ClassifEspSWE-0002026-05-29_1,JOHANKARLSSON,202609261748VE9C8UHA,2026_25_sep_19,Citizen Science (ultrasonic) - shared
59~40306+18~07249_20260925_193228.wav,DEV_001_20260925_193228.wav,0,59.40306,18.07249,Leppun,Leptophyes punctatissima,Speckled Bush-cricket,bush-cricket,0.99,,,25/09/2026,25/09/2026,19:32:28,ClassifEspSWE-0002026-05-29_1,JOHANKARLSSON,202609261748VE9C8UHA,2026_25_sep_19,Citizen Science (ultrasonic) - shared
59~40306+18~07249_20260925_193237.wav,DEV_001_20260925_193237.wav,0,59.40306,18.07249,Leppun,Leptophyes punctatissima,Speckled Bush-cricket,bush-cricket,0.99,,,25/09/2026,25/09/2026,19:32:37,ClassifEspSWE-0002026-05-29_1,JOHANKARLSSON,202609261748VE9C8UHA,2026_25_sep_19,Citizen Science (ultrasonic) - shared
59~40306+18~07249_20260925_193243.wav,DEV_001_20260925_193243.wav,0,59.40306,18.07249,Leppun,Leptophyes punctatissima,Speckled Bush-cricket,bush-cricket,0.99,,,25/09/2026,25/09/2026,19:32:43,ClassifEspSWE-0002026-05-29_1,JOHANKARLSSON,202609261748VE9C8UHA,2026_25_sep_19,Citizen Science (ultrasonic) - shared
59~40306+18~07249_20260925_193250.wav,DEV_001_20260925_193250.wav,0,59.40306,18.07249,Leppun,Leptophyes punctatissima,Speckled Bush-cricket,bush-cricket,0.99,,,25/09/2026,25/09/2026,19:32:50,ClassifEspSWE-0002026-05-29_1,JOHANKARLSSON,202609261748VE9C8UHA,2026_25_sep_19,Citizen Science (ultrasonic) - shared
59~40306+18~07249_20260925_193300.wav,DEV_001_20260925_193300.wav,0,59.40306,18.07249,Leppun,Leptophyes punctatissima,Speckled Bush-cricket,bush-cricket,0.99,,,25/09/2026,25/09/2026,19:33:00,ClassifEspSWE-0002026-05-29_1,JOHANKARLSSON,202609261748VE9C8UHA,2026_25_sep_19,Citizen Science (ultrasonic) - shared
59~40306+18~07249_20260925_193308.wav,DEV_001_20260925_193308.wav,0,59.40306,18.07249,Leppun,Leptophyes punctatissima,Speckled Bush-cricket,bush-cricket,0.99,,,25/09/2026,25/09/2026,19:33:08,ClassifEspSWE-0002026-05-29_1,JOHANKARLSSON,202609261748VE9C8UHA,2026_25_sep_19,Citizen Science (ultrasonic) - shared
59~40306+18~07249_20260925_193319.wav,DEV_001_20260925_193319.wav,0,59.40306,18.07249,Leppun,Leptophyes punctatissima,Speckled Bush-cricket,bush-cricket,0.99,,,25/09/2026,25/09/2026,19:33:19,ClassifEspSWE-0002026-05-29_1,JOHANKARLSSON,202609261748VE9C8UHA,2026_25_sep_19,Citizen Science (ultrasonic) - shared
59~40306+18~07249_20260925_193324.wav,DEV_001_20260925_193324.wav,0,59.40306,18.07249,Leppun,Leptophyes punctatissima,Speckled Bush-cricket,bush-cricket,0.99,,,25/09/2026,25/09/2026,19:33:24,ClassifEspSWE-0002026-05-29_1,JOHANKARLSSON,202609261748VE9C8UHA,2026_25_sep_19,Citizen Science (ultrasonic) - shared
59~40306+18~07249_20260925_193330.wav,DEV_001_20260925_193330.wav,0,59.40306,18.07249,Leppun,Leptophyes punctatissima,Speckled Bush-cricket,bush-cricket,0.99,,,25/09/2026,25/09/2026,19:33:30,ClassifEspSWE-0002026-05-29_1,JOHANKARLSSON,202609261748VE9C8UHA,2026_25_sep_19,Citizen Science (ultrasonic) - shared
59~40306+18~07249_20260925_193336.wav,DEV_001_20260925_193336.wav,0,59.40306,18.07249,Leppun,Leptophyes punctatissima,Speckled Bush-cricket,bush-cricket,0.99,,,25/09/2026,25/09/2026,19:33:36,ClassifEspSWE-0002026-05-29_1,JOHANKARLSSON,202609261748VE9C8UHA,2026_25_sep_19,Citizen Science (ultrasonic) - shared
59~40306+18~07249_20260925_193344.wav,DEV_001_20260925_193344.wav,0,59.40306,18.07249,Leppun,Leptophyes punctatissima,Speckled Bush-cricket,bush-cricket,0.99,,,25/09/2026,25/09/2026,19:33:44,ClassifEspSWE-0002026-05-29_1,JOHANKARLSSON,202609261748VE9C8UHA,2026_25_sep_19,Citizen Science (ultrasonic) - shared
59~40306+18~07249_20260925_193350.wav,DEV_001_20260925_193350.wav,0,59.40306,18.07249,Leppun,Leptophyes punctatissima,Speckled Bush-cricket,bush-cricket,0.99,,,25/09/2026,25/09/2026,19:33:50,ClassifEspSWE-0002026-05-29_1,JOHANKARLSSON,202609261748VE9C8UHA,2026_25_sep_19,Citizen Science (ultrasonic) - shared
59~40306+18~07249_20260925_193356.wav,DEV_001_20260925_193356.wav,0,59.40306,18.07249,Leppun,Leptophyes punctatissima,Speckled Bush-cricket,bush-cricket,0.99,,,25/09/2026,25/09/2026,19:33:56,ClassifEspSWE-0002026-05-29_1,JOHANKARLSSON,202609261748VE9C8UHA,2026_25_sep_19,Citizen Science (ultrasonic) - shared
59~40306+18~07249_20260925_193411.wav,DEV_001_20260925_193411.wav,0,59.40306,18.07249,Leppun,Leptophyes punctatissima,Speckled Bush-cricket,bush-cricket,0.99,,,25/09/2026,25/09/2026,19:34:11,ClassifEspSWE-0002026-05-29_1,JOHANKARLSSON,202609261748VE9C8UHA,2026_25_sep_19,Citizen Science (ultrasonic) - shared
59~40306+18~07249_20260925_193424.wav,DEV_001_20260925_193424.wav,0,59.40306,18.07249,Leppun,Leptophyes punctatissima,Speckled Bush-cricket,bush-cricket,0.99,,,25/09/2026,25/09/2026,19:34:24,ClassifEspSWE-0002026-05-29_1,JOHANKARLSSON,202609261748VE9C8UHA,2026_25_sep_19,Citizen Science (ultrasonic) - shared
59~40306+18~07249_20260925_193433.wav,DEV_001_20260925_193433.wav,0,59.40306,18.07249,Leppun,Leptophyes punctatissima,Speckled Bush-cricket,bush-cricket,0.99,,,25/09/2026,25/09/2026,19:34:33,ClassifEspSWE-0002026-05-29_1,JOHANKARLSSON,202609261748VE9C8UHA,2026_25_sep_19,Citizen Science (ultrasonic) - shared
59~40306+18~07249_20260925_193454.wav,DEV_001_20260925_193454.wav,0,59.40306,18.07249,Leppun,Leptophyes punctatissima,Speckled Bush-cricket,bush-cricket,0.99,,,25/09/2026,25/09/2026,19:34:54,ClassifEspSWE-0002026-05-29_1,JOHANKARLSSON,202609261748VE9C8UHA,2026_25_sep_19,Citizen Science (ultrasonic) - shared
59~40306+18~07249_20260925_193501.wav,DEV_001_20260925_193501.wav,0,59.40306,18.07249,Leppun,Leptophyes punctatissima,Speckled Bush-cricket,bush-cricket,0.99,,,25/09/2026,25/09/2026,19:35:01,ClassifEspSWE-0002026-05-29_1,JOHANKARLSSON,202609261748VE9C8UHA,2026_25_sep_19,Citizen Science (ultrasonic) - shared
59~40306+18~07249_20260925_193510.wav,DEV_001_20260925_193510.wav,0,59.40306,18.07249,Leppun,Leptophyes punctatissima,Speckled Bush-cricket,bush-cricket,0.99,,,25/09/2026,25/09/2026,19:35:10,ClassifEspSWE-0002026-05-29_1,JOHANKARLSSON,202609261748VE9C8UHA,2026_25_sep_19,Citizen Science (ultrasonic) - shared
59~40306+18~07249_20260925_193518.wav,DEV_001_20260925_193518.wav,0,59.40306,18.07249,Leppun,Leptophyes punctatissima,Speckled Bush-cricket,bush-cricket,0.99,,,25/09/2026,25/09/2026,19:35:18,ClassifEspSWE-0002026-05-29_1,JOHANKARLSSON,202609261748VE9C8UHA,2026_25_sep_19,Citizen Science (ultrasonic) - shared
59~40306+18~07249_20260925_193526.wav,DEV_001_20260925_193526.wav,0,59.40306,18.07249,Leppun,Leptophyes punctatissima,Speckled Bush-cricket,bush-cricket,0.99,,,25/09/2026,25/09/2026,19:35:26,ClassifEspSWE-0002026-05-29_1,JOHANKARLSSON,202609261748VE9C8UHA,2026_25_sep_19,Citizen Science (ultrasonic) - shared
59~40306+18~07249_20260925_193533.wav,DEV_001_20260925_193533.wav,0,59.40306,18.07249,Leppun,Leptophyes punctatissima,Speckled Bush-cricket,bush-cricket,0.99,,,25/09/2026,25/09/2026,19:35:33,ClassifEspSWE-0002026-05-29_1,JOHANKARLSSON,202609261748VE9C8UHA,2026_25_sep_19,Citizen Science (ultrasonic) - shared
59~40306+18~07249_20260925_193541.wav,DEV_001_20260925_193541.wav,0,59.40306,18.07249,Leppun,Leptophyes punctatissima,Speckled Bush-cricket,bush-cricket,0.99,,,25/09/2026,25/09/2026,19:35:41,ClassifEspSWE-0002026-05-29_1,JOHANKARLSSON,202609261748VE9C8UHA,2026_25_sep_19,Citizen Science (ultrasonic) - shared
59~40306+18~07249_20260925_193549.wav,DEV_001_20260925_193549.wav,0,59.40306,18.07249,Leppun,Leptophyes punctatissima,Speckled Bush-cricket,bush-cricket,0.99,,,25/09/2026,25/09/2026,19:35:49,ClassifEspSWE-0002026-05-29_1,JOHANKARLSSON,202609261748VE9C8UHA,2026_25_sep_19,Citizen Science (ultrasonic) - shared
59~40306+18~07249_20260925_193559.wav,DEV_001_20260925_193559.wav,0,59.40306,18.07249,Leppun,Leptophyes punctatissima,Speckled Bush-cricket,bush-cricket,0.99,,,25/09/2026,25/09/2026,19:35:59,ClassifEspSWE-0002026-05-29_1,JOHANKARLSSON,202609261748VE9C8UHA,2026_25_sep_19,Citizen Science (ultrasonic) - shared
59~40306+18~07249_20260925_193609.wav,DEV_001_20260925_193609.wav,0,59.40306,18.07249,Leppun,Leptophyes punctatissima,Speckled Bush-cricket,bush-cricket,0.99,,,25/09/2026,25/09/2026,19:36:09,ClassifEspSWE-0002026-05-29_1,JOHANKARLSSON,202609261748VE9C8UHA,2026_25_sep_19,Citizen Science (ultrasonic) - shared
59~40306+18~07249_20260925_193617.wav,DEV_001_20260925_193617.wav,0,59.40306,18.07249,Leppun,Leptophyes punctatissima,Speckled Bush-cricket,bush-cricket,0.99,,,25/09/2026,25/09/2026,19:36:17,ClassifEspSWE-0002026-05-29_1,JOHANKARLSSON,202609261748VE9C8UHA,2026_25_sep_19,Citizen Science (ultrasonic) - shared
59~40306+18~07249_20260925_193627.wav,DEV_001_20260925_193627.wav,0,59.40306,18.07249,Leppun,Leptophyes punctatissima,Speckled Bush-cricket,bush-cricket,0.99,,,25/09/2026,25/09/2026,19:36:27,ClassifEspSWE-0002026-05-29_1,JOHANKARLSSON,202609261748VE9C8UHA,2026_25_sep_19,Citizen Science (ultrasonic) - shared
59~40306+18~07249_20260925_193634.wav,DEV_001_20260925_193634.wav,0,59.40306,18.07249,Leppun,Leptophyes punctatissima,Speckled Bush-cricket,bush-cricket,0.99,,,25/09/2026,25/09/2026,19:36:34,ClassifEspSWE-0002026-05-29_1,JOHANKARLSSON,202609261748VE9C8UHA,2026_25_sep_19,Citizen Science (ultrasonic) - shared
59~40306+18~07249_20260925_193642.wav,DEV_001_20260925_193642.wav,0,59.40306,18.07249,Leppun,Leptophyes punctatissima,Speckled Bush-cricket,bush-cricket,0.99,,,25/09/2026,25/09/2026,19:36:42,ClassifEspSWE-0002026-05-29_1,JOHANKARLSSON,202609261748VE9C8UHA,2026_25_sep_19,Citizen Science (ultrasonic) - shared
59~40306+18~07249_20260925_193647.wav,DEV_001_20260925_193647.wav,0,59.40306,18.07249,Leppun,Leptophyes punctatissima,Speckled Bush-cricket,bush-cricket,0.99,,,25/09/2026,25/09/2026,19:36:47,ClassifEspSWE-0002026-05-29_1,JOHANKARLSSON,202609261748VE9C8UHA,2026_25_sep_19,Citizen Science (ultrasonic) - shared
59~40306+18~07249_20260925_193656.wav,DEV_001_20260925_193656.wav,0,59.40306,18.07249,Leppun,Leptophyes punctatissima,Speckled Bush-cricket,bush-cricket,0.99,,,25/09/2026,25/09/2026,19:36:56,ClassifEspSWE-0002026-05-29_1,JOHANKARLSSON,202609261748VE9C8UHA,2026_25_sep_19,Citizen Science (ultrasonic) - shared
59~40306+18~07249_20260925_193707.wav,DEV_001_20260925_193707.wav,0,59.40306,18.07249,Leppun,Leptophyes punctatissima,Speckled Bush-cricket,bush-cricket,0.99,,,25/09/2026,25/09/2026,19:37:07,ClassifEspSWE-0002026-05-29_1,JOHANKARLSSON,202609261748VE9C8UHA,2026_25_sep_19,Citizen Science (ultrasonic) - shared
59~40306+18~07249_20260925_193715.wav,DEV_001_20260925_193715.wav,0,59.40306,18.07249,Leppun,Leptophyes punctatissima,Speckled Bush-cricket,bush-cricket,0.99,,,25/09/2026,25/09/2026,19:37:15,ClassifEspSWE-0002026-05-29_1,JOHANKARLSSON,202609261748VE9C8UHA,2026_25_sep_19,Citizen Science (ultrasonic) - shared
59~40306+18~07249_20260925_193723.wav,DEV_001_20260925_193723.wav,0,59.40306,18.07249,Leppun,Leptophyes punctatissima,Speckled Bush-cricket,bush-cricket,0.99,,,25/09/2026,25/09/2026,19:37:23,ClassifEspSWE-0002026-05-29_1,JOHANKARLSSON,202609261748VE9C8UHA,2026_25_sep_19,Citizen Science (ultrasonic) - shared
59~40306+18~07249_20260925_193735.wav,DEV_001_20260925_193735.wav,0,59.40306,18.07249,Leppun,Leptophyes punctatissima,Speckled Bush-cricket,bush-cricket,0.99,,,25/09/2026,25/09/2026,19:37:35,ClassifEspSWE-0002026-05-29_1,JOHANKARLSSON,202609261748VE9C8UHA,2026_25_sep_19,Citizen Science (ultrasonic) - shared
59~40306+18~07249_20260925_193744.wav,DEV_001_20260925_193744.wav,0,59.40306,18.07249,Leppun,Leptophyes punctatissima,Speckled Bush-cricket,bush-cricket,0.99,,,25/09/2026,25/09/2026,19:37:44,ClassifEspSWE-0002026-05-29_1,JOHANKARLSSON,202609261748VE9C8UHA,2026_25_sep_19,Citizen Science (ultrasonic) - shared
59~40306+18~07249_20260925_193750.wav,DEV_001_20260925_193750.wav,0,59.40306,18.07249,Leppun,Leptophyes punctatissima,Speckled Bush-cricket,bush-cricket,0.99,,,25/09/2026,25/09/2026,19:37:50,ClassifEspSWE-0002026-05-29_1,JOHANKARLSSON,202609261748VE9C8UHA,2026_25_sep_19,Citizen Science (ultrasonic) - shared
59~40306+18~07249_20260925_193755.wav,DEV_001_20260925_193755.wav,0,59.40306,18.07249,Leppun,Leptophyes punctatissima,Speckled Bush-cricket,bush-cricket,0.99,,,25/09/2026,25/09/2026,19:37:55,ClassifEspSWE-0002026-05-29_1,JOHANKARLSSON,202609261748VE9C8UHA,2026_25_sep_19,Citizen Science (ultrasonic) - shared
59~40306+18~07249_20260925_193800.wav,DEV_001_20260925_193800.wav,0,59.40306,18.07249,Leppun,Leptophyes punctatissima,Speckled Bush-cricket,bush-cricket,0.99,,,25/09/2026,25/09/2026,19:38:00,ClassifEspSWE-0002026-05-29_1,JOHANKARLSSON,202609261748VE9C8UHA,2026_25_sep_19,Citizen Science (ultrasonic) - shared
59~40306+18~07249_20260925_193805.wav,DEV_001_20260925_193805.wav,0,59.40306,18.07249,Leppun,Leptophyes punctatissima,Speckled Bush-cricket,bush-cricket,0.99,,,25/09/2026,25/09/2026,19:38:05,ClassifEspSWE-0002026-05-29_1,JOHANKARLSSON,202609261748VE9C8UHA,2026_25_sep_19,Citizen Science (ultrasonic) - shared
59~40306+18~07249_20260925_193811.wav,DEV_001_20260925_193811.wav,0,59.40306,18.07249,Leppun,Leptophyes punctatissima,Speckled Bush-cricket,bush-cricket,0.99,,,25/09/2026,25/09/2026,19:38:11,ClassifEspSWE-0002026-05-29_1,JOHANKARLSSON,202609261748VE9C8UHA,2026_25_sep_19,Citizen Science (ultrasonic) - shared
59~40306+18~07249_20260925_193820.wav,DEV_001_20260925_193820.wav,0,59.40306,18.07249,Leppun,Leptophyes punctatissima,Speckled Bush-cricket,bush-cricket,0.99,,,25/09/2026,25/09/2026,19:38:20,ClassifEspSWE-0002026-05-29_1,JOHANKARLSSON,202609261748VE9C8UHA,2026_25_sep_19,Citizen Science (ultrasonic) - shared
59~40306+18~07249_20260925_193828.wav,DEV_001_20260925_193828.wav,0,59.40306,18.07249,Leppun,Leptophyes punctatissima,Speckled Bush-cricket,bush-cricket,0.99,,,25/09/2026,25/09/2026,19:38:28,ClassifEspSWE-0002026-05-29_1,JOHANKARLSSON,202609261748VE9C8UHA,2026_25_sep_19,Citizen Science (ultrasonic) - shared
59~40306+18~07249_20260925_193835.wav,DEV_001_20260925_193835.wav,0,59.40306,18.07249,Leppun,Leptophyes punctatissima,Speckled Bush-cricket,bush-cricket,0.99,,,25/09/2026,25/09/2026,19:38:35,ClassifEspSWE-0002026-05-29_1,JOHANKARLSSON,202609261748VE9C8UHA,2026_25_sep_19,Citizen Science (ultrasonic) - shared
59~40306+18~07249_20260925_193840.wav,DEV_001_20260925_193840.wav,0,59.40306,18.07249,Leppun,Leptophyes punctatissima,Speckled Bush-cricket,bush-cricket,0.99,,,25/09/2026,25/09/2026,19:38:40,ClassifEspSWE-0002026-05-29_1,JOHANKARLSSON,202609261748VE9C8UHA,2026_25_sep_19,Citizen Science (ultrasonic) - shared
59~40306+18~07249_20260925_193846.wav,DEV_001_20260925_193846.wav,0,59.40306,18.07249,Leppun,Leptophyes punctatissima,Speckled Bush-cricket,bush-cricket,0.99,,,25/09/2026,25/09/2026,19:38:46,ClassifEspSWE-0002026-05-29_1,JOHANKARLSSON,202609261748VE9C8UHA,2026_25_sep_19,Citizen Science (ultrasonic) - shared
59~40306+18~07249_20260925_193854.wav,DEV_001_20260925_193854.wav,0,59.40306,18.07249,Leppun,Leptophyes punctatissima,Speckled Bush-cricket,bush-cricket,0.99,,,25/09/2026,25/09/2026,19:38:54,ClassifEspSWE-0002026-05-29_1,JOHANKARLSSON,202609261748VE9C8UHA,2026_25_sep_19,Citizen Science (ultrasonic) - shared
59~40306+18~07249_20260925_193901.wav,DEV_001_20260925_193901.wav,0,59.40306,18.07249,Leppun,Leptophyes punctatissima,Speckled Bush-cricket,bush-cricket,0.99,,,25/09/2026,25/09/2026,19:39:01,ClassifEspSWE-0002026-05-29_1,JOHANKARLSSON,202609261748VE9C8UHA,2026_25_sep_19,Citizen Science (ultrasonic) - shared
59~40306+18~07249_20260925_193907.wav,DEV_001_20260925_193907.wav,0,59.40306,18.07249,Leppun,Leptophyes punctatissima,Speckled Bush-cricket,bush-cricket,0.99,,,25/09/2026,25/09/2026,19:39:07,ClassifEspSWE-0002026-05-29_1,JOHANKARLSSON,202609261748VE9C8UHA,2026_25_sep_19,Citizen Science (ultrasonic) - shared
59~40306+18~07249_20260925_193914.wav,DEV_001_20260925_193914.wav,0,59.40306,18.07249,Leppun,Leptophyes punctatissima,Speckled Bush-cricket,bush-cricket,0.99,,,25/09/2026,25/09/2026,19:39:14,ClassifEspSWE-0002026-05-29_1,JOHANKARLSSON,202609261748VE9C8UHA,2026_25_sep_19,Citizen Science (ultrasonic) - shared
59~40306+18~07249_20260925_193923.wav,DEV_001_20260925_193923.wav,0,59.40306,18.07249,Leppun,Leptophyes punctatissima,Speckled Bush-cricket,bush-cricket,0.99,,,25/09/2026,25/09/2026,19:39:23,ClassifEspSWE-0002026-05-29_1,JOHANKARLSSON,202609261748VE9C8UHA,2026_25_sep_19,Citizen Science (ultrasonic) - shared
59~40306+18~07249_20260925_193931.wav,DEV_001_20260925_193931.wav,0,59.40306,18.07249,Leppun,Leptophyes punctatissima,Speckled Bush-cricket,bush-cricket,0.99,,,25/09/2026,25/09/2026,19:39:31,ClassifEspSWE-0002026-05-29_1,JOHANKARLSSON,202609261748VE9C8UHA,2026_25_sep_19,Citizen Science (ultrasonic) - shared
59~40306+18~07249_20260925_193936.wav,DEV_001_20260925_193936.wav,0,59.40306,18.07249,Leppun,Leptophyes punctatissima,Speckled Bush-cricket,bush-cricket,0.99,,,25/09/2026,25/09/2026,19:39:36,ClassifEspSWE-0002026-05-29_1,JOHANKARLSSON,202609261748VE9C8UHA,2026_25_sep_19,Citizen Science (ultrasonic) - shared
59~40306+18~07249_20260925_193947.wav,DEV_001_20260925_193947.wav,0,59.40306,18.07249,Leppun,Leptophyes punctatissima,Speckled Bush-cricket,bush-cricket,0.99,,,25/09/2026,25/09/2026,19:39:47,ClassifEspSWE-0002026-05-29_1,JOHANKARLSSON,202609261748VE9C8UHA,2026_25_sep_19,Citizen Science (ultrasonic) - shared
59~40306+18~07249_20260925_193953.wav,DEV_001_20260925_193953.wav,0,59.40306,18.07249,Leppun,Leptophyes punctatissima,Speckled Bush-cricket,bush-cricket,0.99,,,25/09/2026,25/09/2026,19:39:53,ClassifEspSWE-0002026-05-29_1,JOHANKARLSSON,202609261748VE9C8UHA,2026_25_sep_19,Citizen Science (ultrasonic) - shared
59~40306+18~07249_20260925_194000.wav,DEV_001_20260925_194000.wav,0,59.40306,18.07249,Leppun,Leptophyes punctatissima,Speckled Bush-cricket,bush-cricket,0.99,,,25/09/2026,25/09/2026,19:40:00,ClassifEspSWE-0002026-05-29_1,JOHANKARLSSON,202609261748VE9C8UHA,2026_25_sep_19,Citizen Science (ultrasonic) - shared
59~40306+18~07249_20260925_194010.wav,DEV_001_20260925_194010.wav,0,59.40306,18.07249,Leppun,Leptophyes punctatissima,Speckled Bush-cricket,bush-cricket,0.99,,,25/09/2026,25/09/2026,19:40:10,ClassifEspSWE-0002026-05-29_1,JOHANKARLSSON,202609261748VE9C8UHA,2026_25_sep_19,Citizen Science (ultrasonic) - shared
59~40306+18~07249_20260925_194019.wav,DEV_001_20260925_194019.wav,0,59.40306,18.07249,Leppun,Leptophyes punctatissima,Speckled Bush-cricket,bush-cricket,0.99,,,25/09/2026,25/09/2026,19:40:19,ClassifEspSWE-0002026-05-29_1,JOHANKARLSSON,202609261748VE9C8UHA,2026_25_sep_19,Citizen Science (ultrasonic) - shared
59~40306+18~07249_20260925_194025.wav,DEV_001_20260925_194025.wav,0,59.40306,18.07249,Leppun,Leptophyes punctatissima,Speckled Bush-cricket,bush-cricket,0.99,,,25/09/2026,25/09/2026,19:40:25,ClassifEspSWE-0002026-05-29_1,JOHANKARLSSON,202609261748VE9C8UHA,2026_25_sep_19,Citizen Science (ultrasonic) - shared
59~40306+18~07249_20260925_194032.wav,DEV_001_20260925_194032.wav,0,59.40306,18.07249,Leppun,Leptophyes punctatissima,Speckled Bush-cricket,bush-cricket,0.99,,,25/09/2026,25/09/2026,19:40:32,ClassifEspSWE-0002026-05-29_1,JOHANKARLSSON,202609261748VE9C8UHA,2026_25_sep_19,Citizen Science (ultrasonic) - shared
59~40306+18~07249_20260925_194038.wav,DEV_001_20260925_194038.wav,0,59.40306,18.07249,Leppun,Leptophyes punctatissima,Speckled Bush-cricket,bush-cricket,0.99,,,25/09/2026,25/09/2026,19:40:38,ClassifEspSWE-0002026-05-29_1,JOHANKARLSSON,202609261748VE9C8UHA,2026_25_sep_19,Citizen Science (ultrasonic) - shared
59~40306+18~07249_20260925_194043.wav,DEV_001_20260925_194043.wav,0,59.40306,18.07249,Leppun,Leptophyes punctatissima,Speckled Bush-cricket,bush-cricket,0.99,,,25/09/2026,25/09/2026,19:40:43,ClassifEspSWE-0002026-05-29_1,JOHANKARLSSON,202609261748VE9C8UHA,2026_25_sep_19,Citizen Science (ultrasonic) - shared
59~40306+18~07249_20260925_194049.wav,DEV_001_20260925_194049.wav,0,59.40306,18.07249,Leppun,Leptophyes punctatissima,Speckled Bush-cricket,bush-cricket,0.99,,,25/09/2026,25/09/2026,19:40:49,ClassifEspSWE-0002026-05-29_1,JOHANKARLSSON,202609261748VE9C8UHA,2026_25_sep_19,Citizen Science (ultrasonic) - shared
59~40306+18~07249_20260925_194055.wav,DEV_001_20260925_194055.wav,0,59.40306,18.07249,Leppun,Leptophyes punctatissima,Speckled Bush-cricket,bush-cricket,0.99,,,25/09/2026,25/09/2026,19:40:55,ClassifEspSWE-0002026-05-29_1,JOHANKARLSSON,202609261748VE9C8UHA,2026_25_sep_19,Citizen Science (ultrasonic) - shared
59~40306+18~07249_20260925_194104.wav,DEV_001_20260925_194104.wav,0,59.40306,18.07249,Leppun,Leptophyes punctatissima,Speckled Bush-cricket,bush-cricket,0.99,,,25/09/2026,25/09/2026,19:41:04,ClassifEspSWE-0002026-05-29_1,JOHANKARLSSON,202609261748VE9C8UHA,2026_25_sep_19,Citizen Science (ultrasonic) - shared
59~40306+18~07249_20260925_194110.wav,DEV_001_20260925_194110.wav,0,59.40306,18.07249,Leppun,Leptophyes punctatissima,Speckled Bush-cricket,bush-cricket,0.99,,,25/09/2026,25/09/2026,19:41:10,ClassifEspSWE-0002026-05-29_1,JOHANKARLSSON,202609261748VE9C8UHA,2026_25_sep_19,Citizen Science (ultrasonic) - shared
59~40306+18~07249_20260925_194121.wav,DEV_001_20260925_194121.wav,0,59.40306,18.07249,Leppun,Leptophyes punctatissima,Speckled Bush-cricket,bush-cricket,0.99,,,25/09/2026,25/09/2026,19:41:21,ClassifEspSWE-0002026-05-29_1,JOHANKARLSSON,202609261748VE9C8UHA,2026_25_sep_19,Citizen Science (ultrasonic) - shared
59~40306+18~07249_20260925_194128.wav,DEV_001_20260925_194128.wav,0,59.40306,18.07249,Leppun,Leptophyes punctatissima,Speckled Bush-cricket,bush-cricket,0.99,,,25/09/2026,25/09/2026,19:41:28,ClassifEspSWE-0002026-05-29_1,JOHANKARLSSON,202609261748VE9C8UHA,2026_25_sep_19,Citizen Science (ultrasonic) - shared
59~40306+18~07249_20260925_194137.wav,DEV_001_20260925_194137.wav,0,59.40306,18.07249,Leppun,Leptophyes punctatissima,Speckled Bush-cricket,bush-cricket,0.99,,,25/09/2026,25/09/2026,19:41:37,ClassifEspSWE-0002026-05-29_1,JOHANKARLSSON,202609261748VE9C8UHA,2026_25_sep_19,Citizen Science (ultrasonic) - shared
59~40306+18~07249_20260925_194144.wav,DEV_001_20260925_194144.wav,0,59.40306,18.07249,Leppun,Leptophyes punctatissima,Speckled Bush-cricket,bush-cricket,0.99,,,25/09/2026,25/09/2026,19:41:44,ClassifEspSWE-0002026-05-29_1,JOHANKARLSSON,202609261748VE9C8UHA,2026_25_sep_19,Citizen Science (ultrasonic) - shared
59~40306+18~07249_20260925_194151.wav,DEV_001_20260925_194151.wav,0,59.40306,18.07249,Leppun,Leptophyes punctatissima,Speckled Bush-cricket,bush-cricket,0.99,,,25/09/2026,25/09/2026,19:41:51,ClassifEspSWE-0002026-05-29_1,JOHANKARLSSON,202609261748VE9C8UHA,2026_25_sep_19,Citizen Science (ultrasonic) - shared
59~40306+18~07249_20260925_194158.wav,DEV_001_20260925_194158.wav,0,59.40306,18.07249,Leppun,Leptophyes punctatissima,Speckled Bush-cricket,bush-cricket,0.99,,,25/09/2026,25/09/2026,19:41:58,ClassifEspSWE-0002026-05-29_1,JOHANKARLSSON,202609261748VE9C8UHA,2026_25_sep_19,Citizen Science (ultrasonic) - shared
59~40306+18~07249_20260925_194205.wav,DEV_001_20260925_194205.wav,0,59.40306,18.07249,Leppun,Leptophyes punctatissima,Speckled Bush-cricket,bush-cricket,0.99,,,25/09/2026,25/09/2026,19:42:05,ClassifEspSWE-0002026-05-29_1,JOHANKARLSSON,202609261748VE9C8UHA,2026_25_sep_19,Citizen Science (ultrasonic) - shared
59~40306+18~07249_20260925_194210.wav,DEV_001_20260925_194210.wav,0,59.40306,18.07249,Leppun,Leptophyes punctatissima,Speckled Bush-cricket,bush-cricket,0.99,,,25/09/2026,25/09/2026,19:42:10,ClassifEspSWE-0002026-05-29_1,JOHANKARLSSON,202609261748VE9C8UHA,2026_25_sep_19,Citizen Science (ultrasonic) - shared
59~40306+18~07249_20260925_194217.wav,DEV_001_20260925_194217.wav,0,59.40306,18.07249,Leppun,Leptophyes punctatissima,Speckled Bush-cricket,bush-cricket,0.99,,,25/09/2026,25/09/2026,19:42:17,ClassifEspSWE-0002026-05-29_1,JOHANKARLSSON,202609261748VE9C8UHA,2026_25_sep_19,Citizen Science (ultrasonic) - shared
59~40306+18~07249_20260925_194222.wav,DEV_001_20260925_194222.wav,0,59.40306,18.07249,Leppun,Leptophyes punctatissima,Speckled Bush-cricket,bush-cricket,0.99,,,25/09/2026,25/09/2026,19:42:22,ClassifEspSWE-0002026-05-29_1,JOHANKARLSSON,202609261748VE9C8UHA,2026_25_sep_19,Citizen Science (ultrasonic) - shared
59~40306+18~07249_20260925_194230.wav,DEV_001_20260925_194230.wav,0,59.40306,18.07249,Leppun,Leptophyes punctatissima,Speckled Bush-cricket,bush-cricket,0.99,,,25/09/2026,25/09/2026,19:42:30,ClassifEspSWE-0002026-05-29_1,JOHANKARLSSON,202609261748VE9C8UHA,2026_25_sep_19,Citizen Science (ultrasonic) - shared
59~40306+18~07249_20260925_194240.wav,DEV_001_20260925_194240.wav,0,59.40306,18.07249,Leppun,Leptophyes punctatissima,Speckled Bush-cricket,bush-cricket,0.99,,,25/09/2026,25/09/2026,19:42:40,ClassifEspSWE-0002026-05-29_1,JOHANKARLSSON,202609261748VE9C8UHA,2026_25_sep_19,Citizen Science (ultrasonic) - shared
59~40306+18~07249_20260925_194245.wav,DEV_001_20260925_194245.wav,0,59.40306,18.07249,Leppun,Leptophyes punctatissima,Speckled Bush-cricket,bush-cricket,0.99,,,25/09/2026,25/09/2026,19:42:45,ClassifEspSWE-0002026-05-29_1,JOHANKARLSSON,202609261748VE9C8UHA,2026_25_sep_19,Citizen Science (ultrasonic) - shared
59~40306+18~07249_20260925_194254.wav,DEV_001_20260925_194254.wav,0,59.40306,18.07249,Leppun,Leptophyes punctatissima,Speckled Bush-cricket,bush-cricket,0.99,,,25/09/2026,25/09/2026,19:42:54,ClassifEspSWE-0002026-05-29_1,JOHANKARLSSON,202609261748VE9C8UHA,2026_25_sep_19,Citizen Science (ultrasonic) - shared
59~40306+18~07249_20260925_194303.wav,DEV_001_20260925_194303.wav,0,59.40306,18.07249,Leppun,Leptophyes punctatissima,Speckled Bush-cricket,bush-cricket,0.99,,,25/09/2026,25/09/2026,19:43:03,ClassifEspSWE-0002026-05-29_1,JOHANKARLSSON,202609261748VE9C8UHA,2026_25_sep_19,Citizen Science (ultrasonic) - shared
59~40306+18~07249_20260925_194311.wav,DEV_001_20260925_194311.wav,0,59.40306,18.07249,Leppun,Leptophyes punctatissima,Speckled Bush-cricket,bush-cricket,0.99,,,25/09/2026,25/09/2026,19:43:11,ClassifEspSWE-0002026-05-29_1,JOHANKARLSSON,202609261748VE9C8UHA,2026_25_sep_19,Citizen Science (ultrasonic) - shared
59~40306+18~07249_20260925_194317.wav,DEV_001_20260925_194317.wav,0,59.40306,18.07249,Leppun,Leptophyes punctatissima,Speckled Bush-cricket,bush-cricket,0.99,,,25/09/2026,25/09/2026,19:43:17,ClassifEspSWE-0002026-05-29_1,JOHANKARLSSON,202609261748VE9C8UHA,2026_25_sep_19,Citizen Science (ultrasonic) - shared
59~40306+18~07249_20260925_194328.wav,DEV_001_20260925_194328.wav,0,59.40306,18.07249,Leppun,Leptophyes punctatissima,Speckled Bush-cricket,bush-cricket,0.99,,,25/09/2026,25/09/2026,19:43:28,ClassifEspSWE-0002026-05-29_1,JOHANKARLSSON,202609261748VE9C8UHA,2026_25_sep_19,Citizen Science (ultrasonic) - shared
59~40306+18~07249_20260925_194336.wav,DEV_001_20260925_194336.wav,0,59.40306,18.07249,Leppun,Leptophyes punctatissima,Speckled Bush-cricket,bush-cricket,0.99,,,25/09/2026,25/09/2026,19:43:36,ClassifEspSWE-0002026-05-29_1,JOHANKARLSSON,202609261748VE9C8UHA,2026_25_sep_19,Citizen Science (ultrasonic) - shared
59~40306+18~07249_20260925_194343.wav,DEV_001_20260925_194343.wav,0,59.40306,18.07249,Leppun,Leptophyes punctatissima,Speckled Bush-cricket,bush-cricket,0.99,,,25/09/2026,25/09/2026,19:43:43,ClassifEspSWE-0002026-05-29_1,JOHANKARLSSON,202609261748VE9C8UHA,2026_25_sep_19,Citizen Science (ultrasonic) - shared
59~40306+18~07249_20260925_194352.wav,DEV_001_20260925_194352.wav,0,59.40306,18.07249,Leppun,Leptophyes punctatissima,Speckled Bush-cricket,bush-cricket,0.99,,,25/09/2026,25/09/2026,19:43:52,ClassifEspSWE-0002026-05-29_1,JOHANKARLSSON,202609261748VE9C8UHA,2026_25_sep_19,Citizen Science (ultrasonic) - shared
59~40306+18~07249_20260925_194400.wav,DEV_001_20260925_194400.wav,0,59.40306,18.07249,Leppun,Leptophyes punctatissima,Speckled Bush-cricket,bush-cricket,0.99,,,25/09/2026,25/09/2026,19:44:00,ClassifEspSWE-0002026-05-29_1,JOHANKARLSSON,202609261748VE9C8UHA,2026_25_sep_19,Citizen Science (ultrasonic) - shared
59~40306+18~07249_20260925_194408.wav,DEV_001_20260925_194408.wav,0,59.40306,18.07249,Leppun,Leptophyes punctatissima,Speckled Bush-cricket,bush-cricket,0.99,,,25/09/2026,25/09/2026,19:44:08,ClassifEspSWE-0002026-05-29_1,JOHANKARLSSON,202609261748VE9C8UHA,2026_25_sep_19,Citizen Science (ultrasonic) - shared
59~40306+18~07249_20260925_194416.wav,DEV_001_20260925_194416.wav,0,59.40306,18.07249,Leppun,Leptophyes punctatissima,Speckled Bush-cricket,bush-cricket,0.99,,,25/09/2026,25/09/2026,19:44:16,ClassifEspSWE-0002026-05-29_1,JOHANKARLSSON,202609261748VE9C8UHA,2026_25_sep_19,Citizen Science (ultrasonic) - shared
59~40306+18~07249_20260925_194423.wav,DEV_001_20260925_194423.wav,0,59.40306,18.07249,Leppun,Leptophyes punctatissima,Speckled Bush-cricket,bush-cricket,0.99,,,25/09/2026,25/09/2026,19:44:23,ClassifEspSWE-0002026-05-29_1,JOHANKARLSSON,202609261748VE9C8UHA,2026_25_sep_19,Citizen Science (ultrasonic) - shared
59~40306+18~07249_20260925_194436.wav,DEV_001_20260925_194436.wav,0,59.40306,18.07249,Leppun,Leptophyes punctatissima,Speckled Bush-cricket,bush-cricket,0.99,,,25/09/2026,25/09/2026,19:44:36,ClassifEspSWE-0002026-05-29_1,JOHANKARLSSON,202609261748VE9C8UHA,2026_25_sep_19,Citizen Science (ultrasonic) - shared
59~40306+18~07249_20260925_194444.wav,DEV_001_20260925_194444.wav,0,59.40306,18.07249,Leppun,Leptophyes punctatissima,Speckled Bush-cricket,bush-cricket,0.99,,,25/09/2026,25/09/2026,19:44:44,ClassifEspSWE-0002026-05-29_1,JOHANKARLSSON,202609261748VE9C8UHA,2026_25_sep_19,Citizen Science (ultrasonic) - shared
59~40306+18~07249_20260925_194453.wav,DEV_001_20260925_194453.wav,0,59.40306,18.07249,Leppun,Leptophyes punctatissima,Speckled Bush-cricket,bush-cricket,0.99,,,25/09/2026,25/09/2026,19:44:53,ClassifEspSWE-0002026-05-29_1,JOHANKARLSSON,202609261748VE9C8UHA,2026_25_sep_19,Citizen Science (ultrasonic) - shared
59~40306+18~07249_20260925_194500.wav,DEV_001_20260925_194500.wav,0,59.40306,18.07249,Leppun,Leptophyes punctatissima,Speckled Bush-cricket,bush-cricket,0.99,,,25/09/2026,25/09/2026,19:45:00,ClassifEspSWE-0002026-05-29_1,JOHANKARLSSON,202609261748VE9C8UHA,2026_25_sep_19,Citizen Science (ultrasonic) - shared
59~40306+18~07249_20260925_194506.wav,DEV_001_20260925_194506.wav,0,59.40306,18.07249,Leppun,Leptophyes punctatissima,Speckled Bush-cricket,bush-cricket,0.99,,,25/09/2026,25/09/2026,19:45:06,ClassifEspSWE-0002026-05-29_1,JOHANKARLSSON,202609261748VE9C8UHA,2026_25_sep_19,Citizen Science (ultrasonic) - shared
59~40306+18~07249_20260925_194512.wav,DEV_001_20260925_194512.wav,0,59.40306,18.07249,Leppun,Leptophyes punctatissima,Speckled Bush-cricket,bush-cricket,0.99,,,25/09/2026,25/09/2026,19:45:12,ClassifEspSWE-0002026-05-29_1,JOHANKARLSSON,202609261748VE9C8UHA,2026_25_sep_19,Citizen Science (ultrasonic) - shared
59~40306+18~07249_20260925_194527.wav,DEV_001_20260925_194527.wav,0,59.40306,18.07249,Leppun,Leptophyes punctatissima,Speckled Bush-cricket,bush-cricket,0.99,,,25/09/2026,25/09/2026,19:45:27,ClassifEspSWE-0002026-05-29_1,JOHANKARLSSON,202609261748VE9C8UHA,2026_25_sep_19,Citizen Science (ultrasonic) - shared
59~40306+18~07249_20260925_194546.wav,DEV_001_20260925_194546.wav,0,59.40306,18.07249,Leppun,Leptophyes punctatissima,Speckled Bush-cricket,bush-cricket,0.99,,,25/09/2026,25/09/2026,19:45:46,ClassifEspSWE-0002026-05-29_1,JOHANKARLSSON,202609261748VE9C8UHA,2026_25_sep_19,Citizen Science (ultrasonic) - shared
59~40306+18~07249_20260925_194553.wav,DEV_001_20260925_194553.wav,0,59.40306,18.07249,Leppun,Leptophyes punctatissima,Speckled Bush-cricket,bush-cricket,0.99,,,25/09/2026,25/09/2026,19:45:53,ClassifEspSWE-0002026-05-29_1,JOHANKARLSSON,202609261748VE9C8UHA,2026_25_sep_19,Citizen Science (ultrasonic) - shared
59~40306+18~07249_20260925_194606.wav,DEV_001_20260925_194606.wav,0,59.40306,18.07249,Leppun,Leptophyes punctatissima,Speckled Bush-cricket,bush-cricket,0.99,,,25/09/2026,25/09/2026,19:46:06,ClassifEspSWE-0002026-05-29_1,JOHANKARLSSON,202609261748VE9C8UHA,2026_25_sep_19,Citizen Science (ultrasonic) - shared
59~40306+18~07249_20260925_194612.wav,DEV_001_20260925_194612.wav,0,59.40306,18.07249,Leppun,Leptophyes punctatissima,Speckled Bush-cricket,bush-cricket,0.99,,,25/09/2026,25/09/2026,19:46:12,ClassifEspSWE-0002026-05-29_1,JOHANKARLSSON,202609261748VE9C8UHA,2026_25_sep_19,Citizen Science (ultrasonic) - shared
59~40306+18~07249_20260925_194618.wav,DEV_001_20260925_194618.wav,0,59.40306,18.07249,Leppun,Leptophyes punctatissima,Speckled Bush-cricket,bush-cricket,0.99,,,25/09/2026,25/09/2026,19:46:18,ClassifEspSWE-0002026-05-29_1,JOHANKARLSSON,202609261748VE9C8UHA,2026_25_sep_19,Citizen Science (ultrasonic) - shared
59~40306+18~07249_20260925_194630.wav,DEV_001_20260925_194630.wav,0,59.40306,18.07249,Leppun,Leptophyes punctatissima,Speckled Bush-cricket,bush-cricket,0.99,,,25/09/2026,25/09/2026,19:46:30,ClassifEspSWE-0002026-05-29_1,JOHANKARLSSON,202609261748VE9C8UHA,2026_25_sep_19,Citizen Science (ultrasonic) - shared
59~40306+18~07249_20260925_194641.wav,DEV_001_20260925_194641.wav,0,59.40306,18.07249,Leppun,Leptophyes punctatissima,Speckled Bush-cricket,bush-cricket,0.99,,,25/09/2026,25/09/2026,19:46:41,ClassifEspSWE-0002026-05-29_1,JOHANKARLSSON,202609261748VE9C8UHA,2026_25_sep_19,Citizen Science (ultrasonic) - shared
59~40306+18~07249_20260925_194648.wav,DEV_001_20260925_194648.wav,0,59.40306,18.07249,Leppun,Leptophyes punctatissima,Speckled Bush-cricket,bush-cricket,0.99,,,25/09/2026,25/09/2026,19:46:48,ClassifEspSWE-0002026-05-29_1,JOHANKARLSSON,202609261748VE9C8UHA,2026_25_sep_19,Citizen Science (ultrasonic) - shared
59~40306+18~07249_20260925_194659.wav,DEV_001_20260925_194659.wav,0,59.40306,18.07249,Leppun,Leptophyes punctatissima,Speckled Bush-cricket,bush-cricket,0.99,,,25/09/2026,25/09/2026,19:46:59,ClassifEspSWE-0002026-05-29_1,JOHANKARLSSON,202609261748VE9C8UHA,2026_25_sep_19,Citizen Science (ultrasonic) - shared
59~40306+18~07249_20260925_194712.wav,DEV_001_20260925_194712.wav,0,59.40306,18.07249,Leppun,Leptophyes punctatissima,Speckled Bush-cricket,bush-cricket,0.99,,,25/09/2026,25/09/2026,19:47:12,ClassifEspSWE-0002026-05-29_1,JOHANKARLSSON,202609261748VE9C8UHA,2026_25_sep_19,Citizen Science (ultrasonic) - shared
59~40306+18~07249_20260925_194720.wav,DEV_001_20260925_194720.wav,0,59.40306,18.07249,Leppun,Leptophyes punctatissima,Speckled Bush-cricket,bush-cricket,0.99,,,25/09/2026,25/09/2026,19:47:20,ClassifEspSWE-0002026-05-29_1,JOHANKARLSSON,202609261748VE9C8UHA,2026_25_sep_19,Citizen Science (ultrasonic) - shared
59~40306+18~07249_20260925_194726.wav,DEV_001_20260925_194726.wav,0,59.40306,18.07249,Leppun,Leptophyes punctatissima,Speckled Bush-cricket,bush-cricket,0.99,,,25/09/2026,25/09/2026,19:47:26,ClassifEspSWE-0002026-05-29_1,JOHANKARLSSON,202609261748VE9C8UHA,2026_25_sep_19,Citizen Science (ultrasonic) - shared
59~40306+18~07249_20260925_194736.wav,DEV_001_20260925_194736.wav,0,59.40306,18.07249,Leppun,Leptophyes punctatissima,Speckled Bush-cricket,bush-cricket,0.99,,,25/09/2026,25/09/2026,19:47:36,ClassifEspSWE-0002026-05-29_1,JOHANKARLSSON,202609261748VE9C8UHA,2026_25_sep_19,Citizen Science (ultrasonic) - shared
59~40306+18~07249_20260925_194745.wav,DEV_001_20260925_194745.wav,0,59.40306,18.07249,Leppun,Leptophyes punctatissima,Speckled Bush-cricket,bush-cricket,0.99,,,25/09/2026,25/09/2026,19:47:45,ClassifEspSWE-0002026-05-29_1,JOHANKARLSSON,202609261748VE9C8UHA,2026_25_sep_19,Citizen Science (ultrasonic) - shared
59~40306+18~07249_20260925_194752.wav,DEV_001_20260925_194752.wav,0,59.40306,18.07249,Leppun,Leptophyes punctatissima,Speckled Bush-cricket,bush-cricket,0.99,,,25/09/2026,25/09/2026,19:47:52,ClassifEspSWE-0002026-05-29_1,JOHANKARLSSON,202609261748VE9C8UHA,2026_25_sep_19,Citizen Science (ultrasonic) - shared
59~40306+18~07249_20260925_194759.wav,DEV_001_20260925_194759.wav,0,59.40306,18.07249,Leppun,Leptophyes punctatissima,Speckled Bush-cricket,bush-cricket,0.99,,,25/09/2026,25/09/2026,19:47:59,ClassifEspSWE-0002026-05-29_1,JOHANKARLSSON,202609261748VE9C8UHA,2026_25_sep_19,Citizen Science (ultrasonic) - shared
59~40306+18~07249_20260925_194807.wav,DEV_001_20260925_194807.wav,0,59.40306,18.07249,Leppun,Leptophyes punctatissima,Speckled Bush-cricket,bush-cricket,0.99,,,25/09/2026,25/09/2026,19:48:07,ClassifEspSWE-0002026-05-29_1,JOHANKARLSSON,202609261748VE9C8UHA,2026_25_sep_19,Citizen Science (ultrasonic) - shared
59~40306+18~07249_20260925_194814.wav,DEV_001_20260925_194814.wav,0,59.40306,18.07249,Leppun,Leptophyes punctatissima,Speckled Bush-cricket,bush-cricket,0.99,,,25/09/2026,25/09/2026,19:48:14,ClassifEspSWE-0002026-05-29_1,JOHANKARLSSON,202609261748VE9C8UHA,2026_25_sep_19,Citizen Science (ultrasonic) - shared
59~40306+18~07249_20260925_194820.wav,DEV_001_20260925_194820.wav,0,59.40306,18.07249,Leppun,Leptophyes punctatissima,Speckled Bush-cricket,bush-cricket,0.99,,,25/09/2026,25/09/2026,19:48:20,ClassifEspSWE-0002026-05-29_1,JOHANKARLSSON,202609261748VE9C8UHA,2026_25_sep_19,Citizen Science (ultrasonic) - shared
59~40306+18~07249_20260925_194825.wav,DEV_001_20260925_194825.wav,0,59.40306,18.07249,Leppun,Leptophyes punctatissima,Speckled Bush-cricket,bush-cricket,0.99,,,25/09/2026,25/09/2026,19:48:25,ClassifEspSWE-0002026-05-29_1,JOHANKARLSSON,202609261748VE9C8UHA,2026_25_sep_19,Citizen Science (ultrasonic) - shared
59~40306+18~07249_20260925_194833.wav,DEV_001_20260925_194833.wav,0,59.40306,18.07249,Leppun,Leptophyes punctatissima,Speckled Bush-cricket,bush-cricket,0.99,,,25/09/2026,25/09/2026,19:48:33,ClassifEspSWE-0002026-05-29_1,JOHANKARLSSON,202609261748VE9C8UHA,2026_25_sep_19,Citizen Science (ultrasonic) - shared
59~40306+18~07249_20260925_194841.wav,DEV_001_20260925_194841.wav,0,59.40306,18.07249,Leppun,Leptophyes punctatissima,Speckled Bush-cricket,bush-cricket,0.99,,,25/09/2026,25/09/2026,19:48:41,ClassifEspSWE-0002026-05-29_1,JOHANKARLSSON,202609261748VE9C8UHA,2026_25_sep_19,Citizen Science (ultrasonic) - shared
59~40306+18~07249_20260925_194848.wav,DEV_001_20260925_194848.wav,0,59.40306,18.07249,Leppun,Leptophyes punctatissima,Speckled Bush-cricket,bush-cricket,0.99,,,25/09/2026,25/09/2026,19:48:48,ClassifEspSWE-0002026-05-29_1,JOHANKARLSSON,202609261748VE9C8UHA,2026_25_sep_19,Citizen Science (ultrasonic) - shared
59~40306+18~07249_20260925_194857.wav,DEV_001_20260925_194857.wav,0,59.40306,18.07249,Leppun,Leptophyes punctatissima,Speckled Bush-cricket,bush-cricket,0.99,,,25/09/2026,25/09/2026,19:48:57,ClassifEspSWE-0002026-05-29_1,JOHANKARLSSON,202609261748VE9C8UHA,2026_25_sep_19,Citizen Science (ultrasonic) - shared
59~40306+18~07249_20260925_194902.wav,DEV_001_20260925_194902.wav,0,59.40306,18.07249,Leppun,Leptophyes punctatissima,Speckled Bush-cricket,bush-cricket,0.99,,,25/09/2026,25/09/2026,19:49:02,ClassifEspSWE-0002026-05-29_1,JOHANKARLSSON,202609261748VE9C8UHA,2026_25_sep_19,Citizen Science (ultrasonic) - shared
59~40306+18~07249_20260925_194909.wav,DEV_001_20260925_194909.wav,0,59.40306,18.07249,Leppun,Leptophyes punctatissima,Speckled Bush-cricket,bush-cricket,0.99,,,25/09/2026,25/09/2026,19:49:09,ClassifEspSWE-0002026-05-29_1,JOHANKARLSSON,202609261748VE9C8UHA,2026_25_sep_19,Citizen Science (ultrasonic) - shared
59~40306+18~07249_20260925_194916.wav,DEV_001_20260925_194916.wav,0,59.40306,18.07249,Leppun,Leptophyes punctatissima,Speckled Bush-cricket,bush-cricket,0.99,,,25/09/2026,25/09/2026,19:49:16,ClassifEspSWE-0002026-05-29_1,JOHANKARLSSON,202609261748VE9C8UHA,2026_25_sep_19,Citizen Science (ultrasonic) - shared
59~40306+18~07249_20260925_194923.wav,DEV_001_20260925_194923.wav,0,59.40306,18.07249,Leppun,Leptophyes punctatissima,Speckled Bush-cricket,bush-cricket,0.99,,,25/09/2026,25/09/2026,19:49:23,ClassifEspSWE-0002026-05-29_1,JOHANKARLSSON,202609261748VE9C8UHA,2026_25_sep_19,Citizen Science (ultrasonic) - shared
59~40306+18~07249_20260925_194929.wav,DEV_001_20260925_194929.wav,0,59.40306,18.07249,Leppun,Leptophyes punctatissima,Speckled Bush-cricket,bush-cricket,0.99,,,25/09/2026,25/09/2026,19:49:29,ClassifEspSWE-0002026-05-29_1,JOHANKARLSSON,202609261748VE9C8UHA,2026_25_sep_19,Citizen Science (ultrasonic) - shared
59~40306+18~07249_20260925_194936.wav,DEV_001_20260925_194936.wav,0,59.40306,18.07249,Leppun,Leptophyes punctatissima,Speckled Bush-cricket,bush-cricket,0.99,,,25/09/2026,25/09/2026,19:49:36,ClassifEspSWE-0002026-05-29_1,JOHANKARLSSON,202609261748VE9C8UHA,2026_25_sep_19,Citizen Science (ultrasonic) - shared
59~40306+18~07249_20260925_194943.wav,DEV_001_20260925_194943.wav,0,59.40306,18.07249,Leppun,Leptophyes punctatissima,Speckled Bush-cricket,bush-cricket,0.99,,,25/09/2026,25/09/2026,19:49:43,ClassifEspSWE-0002026-05-29_1,JOHANKARLSSON,202609261748VE9C8UHA,2026_25_sep_19,Citizen Science (ultrasonic) - shared
59~40306+18~07249_20260925_194948.wav,DEV_001_20260925_194948.wav,0,59.40306,18.07249,Leppun,Leptophyes punctatissima,Speckled Bush-cricket,bush-cricket,0.99,,,25/09/2026,25/09/2026,19:49:48,ClassifEspSWE-0002026-05-29_1,JOHANKARLSSON,202609261748VE9C8UHA,2026_25_sep_19,Citizen Science (ultrasonic) - shared
59~40306+18~07249_20260925_194954.wav,DEV_001_20260925_194954.wav,0,59.40306,18.07249,Leppun,Leptophyes punctatissima,Speckled Bush-cricket,bush-cricket,0.99,,,25/09/2026,25/09/2026,19:49:54,ClassifEspSWE-0002026-05-29_1,JOHANKARLSSON,202609261748VE9C8UHA,2026_25_sep_19,Citizen Science (ultrasonic) - shared
59~40306+18~07249_20260925_195001.wav,DEV_001_20260925_195001.wav,0,59.40306,18.07249,Leppun,Leptophyes punctatissima,Speckled Bush-cricket,bush-cricket,0.99,,,25/09/2026,25/09/2026,19:50:01,ClassifEspSWE-0002026-05-29_1,JOHANKARLSSON,202609261748VE9C8UHA,2026_25_sep_19,Citizen Science (ultrasonic) - shared
59~40306+18~07249_20260925_195007.wav,DEV_001_20260925_195007.wav,0,59.40306,18.07249,Leppun,Leptophyes punctatissima,Speckled Bush-cricket,bush-cricket,0.99,,,25/09/2026,25/09/2026,19:50:07,ClassifEspSWE-0002026-05-29_1,JOHANKARLSSON,202609261748VE9C8UHA,2026_25_sep_19,Citizen Science (ultrasonic) - shared
59~40306+18~07249_20260925_195013.wav,DEV_001_20260925_195013.wav,0,59.40306,18.07249,Leppun,Leptophyes punctatissima,Speckled Bush-cricket,bush-cricket,0.99,,,25/09/2026,25/09/2026,19:50:13,ClassifEspSWE-0002026-05-29_1,JOHANKARLSSON,202609261748VE9C8UHA,2026_25_sep_19,Citizen Science (ultrasonic) - shared
59~40306+18~07249_20260925_195019.wav,DEV_001_20260925_195019.wav,0,59.40306,18.07249,Leppun,Leptophyes punctatissima,Speckled Bush-cricket,bush-cricket,0.99,,,25/09/2026,25/09/2026,19:50:19,ClassifEspSWE-0002026-05-29_1,JOHANKARLSSON,202609261748VE9C8UHA,2026_25_sep_19,Citizen Science (ultrasonic) - shared
59~40306+18~07249_20260925_195025.wav,DEV_001_20260925_195025.wav,0,59.40306,18.07249,Leppun,Leptophyes punctatissima,Speckled Bush-cricket,bush-cricket,0.99,,,25/09/2026,25/09/2026,19:50:25,ClassifEspSWE-0002026-05-29_1,JOHANKARLSSON,202609261748VE9C8UHA,2026_25_sep_19,Citizen Science (ultrasonic) - shared
59~40306+18~07249_20260925_195032.wav,DEV_001_20260925_195032.wav,0,59.40306,18.07249,Leppun,Leptophyes punctatissima,Speckled Bush-cricket,bush-cricket,0.99,,,25/09/2026,25/09/2026,19:50:32,ClassifEspSWE-0002026-05-29_1,JOHANKARLSSON,202609261748VE9C8UHA,2026_25_sep_19,Citizen Science (ultrasonic) - shared
59~40306+18~07249_20260925_195037.wav,DEV_001_20260925_195037.wav,0,59.40306,18.07249,Leppun,Leptophyes punctatissima,Speckled Bush-cricket,bush-cricket,0.99,,,25/09/2026,25/09/2026,19:50:37,ClassifEspSWE-0002026-05-29_1,JOHANKARLSSON,202609261748VE9C8UHA,2026_25_sep_19,Citizen Science (ultrasonic) - shared
59~40306+18~07249_20260925_195044.wav,DEV_001_20260925_195044.wav,0,59.40306,18.07249,Leppun,Leptophyes punctatissima,Speckled Bush-cricket,bush-cricket,0.99,,,25/09/2026,25/09/2026,19:50:44,ClassifEspSWE-0002026-05-29_1,JOHANKARLSSON,202609261748VE9C8UHA,2026_25_sep_19,Citizen Science (ultrasonic) - shared
59~40306+18~07249_20260925_195050.wav,DEV_001_20260925_195050.wav,0,59.40306,18.07249,Leppun,Leptophyes punctatissima,Speckled Bush-cricket,bush-cricket,0.99,,,25/09/2026,25/09/2026,19:50:50,ClassifEspSWE-0002026-05-29_1,JOHANKARLSSON,202609261748VE9C8UHA,2026_25_sep_19,Citizen Science (ultrasonic) - shared
59~40306+18~07249_20260925_195056.wav,DEV_001_20260925_195056.wav,0,59.40306,18.07249,Leppun,Leptophyes punctatissima,Speckled Bush-cricket,bush-cricket,0.99,,,25/09/2026,25/09/2026,19:50:56,ClassifEspSWE-0002026-05-29_1,JOHANKARLSSON,202609261748VE9C8UHA,2026_25_sep_19,Citizen Science (ultrasonic) - shared
59~40306+18~07249_20260925_195103.wav,DEV_001_20260925_195103.wav,0,59.40306,18.07249,Leppun,Leptophyes punctatissima,Speckled Bush-cricket,bush-cricket,0.99,,,25/09/2026,25/09/2026,19:51:03,ClassifEspSWE-0002026-05-29_1,JOHANKARLSSON,202609261748VE9C8UHA,2026_25_sep_19,Citizen Science (ultrasonic) - shared
59~40306+18~07249_20260925_195108.wav,DEV_001_20260925_195108.wav,0,59.40306,18.07249,Leppun,Leptophyes punctatissima,Speckled Bush-cricket,bush-cricket,0.99,,,25/09/2026,25/09/2026,19:51:08,ClassifEspSWE-0002026-05-29_1,JOHANKARLSSON,202609261748VE9C8UHA,2026_25_sep_19,Citizen Science (ultrasonic) - shared
59~40306+18~07249_20260925_195115.wav,DEV_001_20260925_195115.wav,0,59.40306,18.07249,Leppun,Leptophyes punctatissima,Speckled Bush-cricket,bush-cricket,0.99,,,25/09/2026,25/09/2026,19:51:15,ClassifEspSWE-0002026-05-29_1,JOHANKARLSSON,202609261748VE9C8UHA,2026_25_sep_19,Citizen Science (ultrasonic) - shared
59~40306+18~07249_20260925_195121.wav,DEV_001_20260925_195121.wav,0,59.40306,18.07249,Leppun,Leptophyes punctatissima,Speckled Bush-cricket,bush-cricket,0.99,,,25/09/2026,25/09/2026,19:51:21,ClassifEspSWE-0002026-05-29_1,JOHANKARLSSON,202609261748VE9C8UHA,2026_25_sep_19,Citizen Science (ultrasonic) - shared
59~40306+18~07249_20260925_195127.wav,DEV_001_20260925_195127.wav,0,59.40306,18.07249,Leppun,Leptophyes punctatissima,Speckled Bush-cricket,bush-cricket,0.99,,,25/09/2026,25/09/2026,19:51:27,ClassifEspSWE-0002026-05-29_1,JOHANKARLSSON,202609261748VE9C8UHA,2026_25_sep_19,Citizen Science (ultrasonic) - shared
59~40306+18~07249_20260925_195133.wav,DEV_001_20260925_195133.wav,0,59.40306,18.07249,Leppun,Leptophyes punctatissima,Speckled Bush-cricket,bush-cricket,0.99,,,25/09/2026,25/09/2026,19:51:33,ClassifEspSWE-0002026-05-29_1,JOHANKARLSSON,202609261748VE9C8UHA,2026_25_sep_19,Citizen Science (ultrasonic) - shared
59~40306+18~07249_20260925_195139.wav,DEV_001_20260925_195139.wav,0,59.40306,18.07249,Leppun,Leptophyes punctatissima,Speckled Bush-cricket,bush-cricket,0.99,,,25/09/2026,25/09/2026,19:51:39,ClassifEspSWE-0002026-05-29_1,JOHANKARLSSON,202609261748VE9C8UHA,2026_25_sep_19,Citizen Science (ultrasonic) - shared
59~40306+18~07249_20260925_195146.wav,DEV_001_20260925_195146.wav,0,59.40306,18.07249,Leppun,Leptophyes punctatissima,Speckled Bush-cricket,bush-cricket,0.99,,,25/09/2026,25/09/2026,19:51:46,ClassifEspSWE-0002026-05-29_1,JOHANKARLSSON,202609261748VE9C8UHA,2026_25_sep_19,Citizen Science (ultrasonic) - shared
59~40306+18~07249_20260925_195152.wav,DEV_001_20260925_195152.wav,0,59.40306,18.07249,Leppun,Leptophyes punctatissima,Speckled Bush-cricket,bush-cricket,0.99,,,25/09/2026,25/09/2026,19:51:52,ClassifEspSWE-0002026-05-29_1,JOHANKARLSSON,202609261748VE9C8UHA,2026_25_sep_19,Citizen Science (ultrasonic) - shared
59~40306+18~07249_20260925_195158.wav,DEV_001_20260925_195158.wav,0,59.40306,18.07249,Leppun,Leptophyes punctatissima,Speckled Bush-cricket,bush-cricket,0.99,,,25/09/2026,25/09/2026,19:51:58,ClassifEspSWE-0002026-05-29_1,JOHANKARLSSON,202609261748VE9C8UHA,2026_25_sep_19,Citizen Science (ultrasonic) - shared
59~40306+18~07249_20260925_195204.wav,DEV_001_20260925_195204.wav,0,59.40306,18.07249,Leppun,Leptophyes punctatissima,Speckled Bush-cricket,bush-cricket,0.99,,,25/09/2026,25/09/2026,19:52:04,ClassifEspSWE-0002026-05-29_1,JOHANKARLSSON,202609261748VE9C8UHA,2026_25_sep_19,Citizen Science (ultrasonic) - shared
59~40306+18~07249_20260925_195209.wav,DEV_001_20260925_195209.wav,0,59.40306,18.07249,Leppun,Leptophyes punctatissima,Speckled Bush-cricket,bush-cricket,0.99,,,25/09/2026,25/09/2026,19:52:09,ClassifEspSWE-0002026-05-29_1,JOHANKARLSSON,202609261748VE9C8UHA,2026_25_sep_19,Citizen Science (ultrasonic) - shared
59~40306+18~07249_20260925_195216.wav,DEV_001_20260925_195216.wav,0,59.40306,18.07249,Leppun,Leptophyes punctatissima,Speckled Bush-cricket,bush-cricket,0.99,,,25/09/2026,25/09/2026,19:52:16,ClassifEspSWE-0002026-05-29_1,JOHANKARLSSON,202609261748VE9C8UHA,2026_25_sep_19,Citizen Science (ultrasonic) - shared
59~40306+18~07249_20260925_195222.wav,DEV_001_20260925_195222.wav,0,59.40306,18.07249,Leppun,Leptophyes punctatissima,Speckled Bush-cricket,bush-cricket,0.99,,,25/09/2026,25/09/2026,19:52:22,ClassifEspSWE-0002026-05-29_1,JOHANKARLSSON,202609261748VE9C8UHA,2026_25_sep_19,Citizen Science (ultrasonic) - shared
59~40306+18~07249_20260925_195227.wav,DEV_001_20260925_195227.wav,0,59.40306,18.07249,Leppun,Leptophyes punctatissima,Speckled Bush-cricket,bush-cricket,0.99,,,25/09/2026,25/09/2026,19:52:27,ClassifEspSWE-0002026-05-29_1,JOHANKARLSSON,202609261748VE9C8UHA,2026_25_sep_19,Citizen Science (ultrasonic) - shared
59~40306+18~07249_20260925_195234.wav,DEV_001_20260925_195234.wav,0,59.40306,18.07249,Leppun,Leptophyes punctatissima,Speckled Bush-cricket,bush-cricket,0.99,,,25/09/2026,25/09/2026,19:52:34,ClassifEspSWE-0002026-05-29_1,JOHANKARLSSON,202609261748VE9C8UHA,2026_25_sep_19,Citizen Science (ultrasonic) - shared
59~40306+18~07249_20260925_195241.wav,DEV_001_20260925_195241.wav,0,59.40306,18.07249,Leppun,Leptophyes punctatissima,Speckled Bush-cricket,bush-cricket,0.99,,,25/09/2026,25/09/2026,19:52:41,ClassifEspSWE-0002026-05-29_1,JOHANKARLSSON,202609261748VE9C8UHA,2026_25_sep_19,Citizen Science (ultrasonic) - shared
59~40306+18~07249_20260925_195247.wav,DEV_001_20260925_195247.wav,0,59.40306,18.07249,Leppun,Leptophyes punctatissima,Speckled Bush-cricket,bush-cricket,0.99,,,25/09/2026,25/09/2026,19:52:47,ClassifEspSWE-0002026-05-29_1,JOHANKARLSSON,202609261748VE9C8UHA,2026_25_sep_19,Citizen Science (ultrasonic) - shared
59~40306+18~07249_20260925_195253.wav,DEV_001_20260925_195253.wav,0,59.40306,18.07249,Leppun,Leptophyes punctatissima,Speckled Bush-cricket,bush-cricket,0.99,,,25/09/2026,25/09/2026,19:52:53,ClassifEspSWE-0002026-05-29_1,JOHANKARLSSON,202609261748VE9C8UHA,2026_25_sep_19,Citizen Science (ultrasonic) - shared
59~40306+18~07249_20260925_195258.wav,DEV_001_20260925_195258.wav,0,59.40306,18.07249,Leppun,Leptophyes punctatissima,Speckled Bush-cricket,bush-cricket,0.99,,,25/09/2026,25/09/2026,19:52:58,ClassifEspSWE-0002026-05-29_1,JOHANKARLSSON,202609261748VE9C8UHA,2026_25_sep_19,Citizen Science (ultrasonic) - shared
59~40306+18~07249_20260925_195305.wav,DEV_001_20260925_195305.wav,0,59.40306,18.07249,Leppun,Leptophyes punctatissima,Speckled Bush-cricket,bush-cricket,0.99,,,25/09/2026,25/09/2026,19:53:05,ClassifEspSWE-0002026-05-29_1,JOHANKARLSSON,202609261748VE9C8UHA,2026_25_sep_19,Citizen Science (ultrasonic) - shared
59~40306+18~07249_20260925_195311.wav,DEV_001_20260925_195311.wav,0,59.40306,18.07249,Leppun,Leptophyes punctatissima,Speckled Bush-cricket,bush-cricket,0.99,,,25/09/2026,25/09/2026,19:53:11,ClassifEspSWE-0002026-05-29_1,JOHANKARLSSON,202609261748VE9C8UHA,2026_25_sep_19,Citizen Science (ultrasonic) - shared
59~40306+18~07249_20260925_195317.wav,DEV_001_20260925_195317.wav,0,59.40306,18.07249,Leppun,Leptophyes punctatissima,Speckled Bush-cricket,bush-cricket,0.99,,,25/09/2026,25/09/2026,19:53:17,ClassifEspSWE-0002026-05-29_1,JOHANKARLSSON,202609261748VE9C8UHA,2026_25_sep_19,Citizen Science (ultrasonic) - shared
59~40306+18~07249_20260925_195323.wav,DEV_001_20260925_195323.wav,0,59.40306,18.07249,Leppun,Leptophyes punctatissima,Speckled Bush-cricket,bush-cricket,0.99,,,25/09/2026,25/09/2026,19:53:23,ClassifEspSWE-0002026-05-29_1,JOHANKARLSSON,202609261748VE9C8UHA,2026_25_sep_19,Citizen Science (ultrasonic) - shared
59~40306+18~07249_20260925_195328.wav,DEV_001_20260925_195328.wav,0,59.40306,18.07249,Leppun,Leptophyes punctatissima,Speckled Bush-cricket,bush-cricket,0.99,,,25/09/2026,25/09/2026,19:53:28,ClassifEspSWE-0002026-05-29_1,JOHANKARLSSON,202609261748VE9C8UHA,2026_25_sep_19,Citizen Science (ultrasonic) - shared
59~40306+18~07249_20260925_195335.wav,DEV_001_20260925_195335.wav,0,59.40306,18.07249,Leppun,Leptophyes punctatissima,Speckled Bush-cricket,bush-cricket,0.99,,,25/09/2026,25/09/2026,19:53:35,ClassifEspSWE-0002026-05-29_1,JOHANKARLSSON,202609261748VE9C8UHA,2026_25_sep_19,Citizen Science (ultrasonic) - shared
59~40306+18~07249_20260925_195341.wav,DEV_001_20260925_195341.wav,0,59.40306,18.07249,Leppun,Leptophyes punctatissima,Speckled Bush-cricket,bush-cricket,0.99,,,25/09/2026,25/09/2026,19:53:41,ClassifEspSWE-0002026-05-29_1,JOHANKARLSSON,202609261748VE9C8UHA,2026_25_sep_19,Citizen Science (ultrasonic) - shared
59~40306+18~07249_20260925_195347.wav,DEV_001_20260925_195347.wav,0,59.40306,18.07249,Leppun,Leptophyes punctatissima,Speckled Bush-cricket,bush-cricket,0.99,,,25/09/2026,25/09/2026,19:53:47,ClassifEspSWE-0002026-05-29_1,JOHANKARLSSON,202609261748VE9C8UHA,2026_25_sep_19,Citizen Science (ultrasonic) - shared
59~40306+18~07249_20260925_195354.wav,DEV_001_20260925_195354.wav,0,59.40306,18.07249,Leppun,Leptophyes punctatissima,Speckled Bush-cricket,bush-cricket,0.99,,,25/09/2026,25/09/2026,19:53:54,ClassifEspSWE-0002026-05-29_1,JOHANKARLSSON,202609261748VE9C8UHA,2026_25_sep_19,Citizen Science (ultrasonic) - shared
59~40306+18~07249_20260925_195401.wav,DEV_001_20260925_195401.wav,0,59.40306,18.07249,Leppun,Leptophyes punctatissima,Speckled Bush-cricket,bush-cricket,0.99,,,25/09/2026,25/09/2026,19:54:01,ClassifEspSWE-0002026-05-29_1,JOHANKARLSSON,202609261748VE9C8UHA,2026_25_sep_19,Citizen Science (ultrasonic) - shared
59~40306+18~07249_20260925_195406.wav,DEV_001_20260925_195406.wav,0,59.40306,18.07249,Leppun,Leptophyes punctatissima,Speckled Bush-cricket,bush-cricket,0.99,,,25/09/2026,25/09/2026,19:54:06,ClassifEspSWE-0002026-05-29_1,JOHANKARLSSON,202609261748VE9C8UHA,2026_25_sep_19,Citizen Science (ultrasonic) - shared
59~40306+18~07249_20260925_195412.wav,DEV_001_20260925_195412.wav,0,59.40306,18.07249,Leppun,Leptophyes punctatissima,Speckled Bush-cricket,bush-cricket,0.99,,,25/09/2026,25/09/2026,19:54:12,ClassifEspSWE-0002026-05-29_1,JOHANKARLSSON,202609261748VE9C8UHA,2026_25_sep_19,Citizen Science (ultrasonic) - shared
59~40306+18~07249_20260925_195417.wav,DEV_001_20260925_195417.wav,0,59.40306,18.07249,Leppun,Leptophyes punctatissima,Speckled Bush-cricket,bush-cricket,0.99,,,25/09/2026,25/09/2026,19:54:17,ClassifEspSWE-0002026-05-29_1,JOHANKARLSSON,202609261748VE9C8UHA,2026_25_sep_19,Citizen Science (ultrasonic) - shared
59~40306+18~07249_20260925_195423.wav,DEV_001_20260925_195423.wav,0,59.40306,18.07249,Leppun,Leptophyes punctatissima,Speckled Bush-cricket,bush-cricket,0.99,,,25/09/2026,25/09/2026,19:54:23,ClassifEspSWE-0002026-05-29_1,JOHANKARLSSON,202609261748VE9C8UHA,2026_25_sep_19,Citizen Science (ultrasonic) - shared
59~40306+18~07249_20260925_195428.wav,DEV_001_20260925_195428.wav,0,59.40306,18.07249,Leppun,Leptophyes punctatissima,Speckled Bush-cricket,bush-cricket,0.99,,,25/09/2026,25/09/2026,19:54:28,ClassifEspSWE-0002026-05-29_1,JOHANKARLSSON,202609261748VE9C8UHA,2026_25_sep_19,Citizen Science (ultrasonic) - shared
59~40306+18~07249_20260925_195434.wav,DEV_001_20260925_195434.wav,0,59.40306,18.07249,Leppun,Leptophyes punctatissima,Speckled Bush-cricket,bush-cricket,0.99,,,25/09/2026,25/09/2026,19:54:34,ClassifEspSWE-0002026-05-29_1,JOHANKARLSSON,202609261748VE9C8UHA,2026_25_sep_19,Citizen Science (ultrasonic) - shared
59~40306+18~07249_20260925_195439.wav,DEV_001_20260925_195439.wav,0,59.40306,18.07249,Leppun,Leptophyes punctatissima,Speckled Bush-cricket,bush-cricket,0.99,,,25/09/2026,25/09/2026,19:54:39,ClassifEspSWE-0002026-05-29_1,JOHANKARLSSON,202609261748VE9C8UHA,2026_25_sep_19,Citizen Science (ultrasonic) - shared
59~40306+18~07249_20260925_195445.wav,DEV_001_20260925_195445.wav,0,59.40306,18.07249,Leppun,Leptophyes punctatissima,Speckled Bush-cricket,bush-cricket,0.99,,,25/09/2026,25/09/2026,19:54:45,ClassifEspSWE-0002026-05-29_1,JOHANKARLSSON,202609261748VE9C8UHA,2026_25_sep_19,Citizen Science (ultrasonic) - shared
59~40306+18~07249_20260925_195452.wav,DEV_001_20260925_195452.wav,0,59.40306,18.07249,Leppun,Leptophyes punctatissima,Speckled Bush-cricket,bush-cricket,0.99,,,25/09/2026,25/09/2026,19:54:52,ClassifEspSWE-0002026-05-29_1,JOHANKARLSSON,202609261748VE9C8UHA,2026_25_sep_19,Citizen Science (ultrasonic) - shared
59~40306+18~07249_20260925_195459.wav,DEV_001_20260925_195459.wav,0,59.40306,18.07249,Leppun,Leptophyes punctatissima,Speckled Bush-cricket,bush-cricket,0.99,,,25/09/2026,25/09/2026,19:54:59,ClassifEspSWE-0002026-05-29_1,JOHANKARLSSON,202609261748VE9C8UHA,2026_25_sep_19,Citizen Science (ultrasonic) - shared
59~40306+18~07249_20260925_195504.wav,DEV_001_20260925_195504.wav,0,59.40306,18.07249,Leppun,Leptophyes punctatissima,Speckled Bush-cricket,bush-cricket,0.99,,,25/09/2026,25/09/2026,19:55:04,ClassifEspSWE-0002026-05-29_1,JOHANKARLSSON,202609261748VE9C8UHA,2026_25_sep_19,Citizen Science (ultrasonic) - shared
59~40306+18~07249_20260925_195510.wav,DEV_001_20260925_195510.wav,0,59.40306,18.07249,Leppun,Leptophyes punctatissima,Speckled Bush-cricket,bush-cricket,0.99,,,25/09/2026,25/09/2026,19:55:10,ClassifEspSWE-0002026-05-29_1,JOHANKARLSSON,202609261748VE9C8UHA,2026_25_sep_19,Citizen Science (ultrasonic) - shared
59~40306+18~07249_20260925_195516.wav,DEV_001_20260925_195516.wav,0,59.40306,18.07249,Leppun,Leptophyes punctatissima,Speckled Bush-cricket,bush-cricket,0.99,,,25/09/2026,25/09/2026,19:55:16,ClassifEspSWE-0002026-05-29_1,JOHANKARLSSON,202609261748VE9C8UHA,2026_25_sep_19,Citizen Science (ultrasonic) - shared
59~40306+18~07249_20260925_195522.wav,DEV_001_20260925_195522.wav,0,59.40306,18.07249,Leppun,Leptophyes punctatissima,Speckled Bush-cricket,bush-cricket,0.99,,,25/09/2026,25/09/2026,19:55:22,ClassifEspSWE-0002026-05-29_1,JOHANKARLSSON,202609261748VE9C8UHA,2026_25_sep_19,Citizen Science (ultrasonic) - shared
59~40306+18~07249_20260925_195529.wav,DEV_001_20260925_195529.wav,0,59.40306,18.07249,Leppun,Leptophyes punctatissima,Speckled Bush-cricket,bush-cricket,0.99,,,25/09/2026,25/09/2026,19:55:29,ClassifEspSWE-0002026-05-29_1,JOHANKARLSSON,202609261748VE9C8UHA,2026_25_sep_19,Citizen Science (ultrasonic) - shared
59~40306+18~07249_20260925_195535.wav,DEV_001_20260925_195535.wav,0,59.40306,18.07249,Leppun,Leptophyes punctatissima,Speckled Bush-cricket,bush-cricket,0.99,,,25/09/2026,25/09/2026,19:55:35,ClassifEspSWE-0002026-05-29_1,JOHANKARLSSON,202609261748VE9C8UHA,2026_25_sep_19,Citizen Science (ultrasonic) - shared
59~40306+18~07249_20260925_195540.wav,DEV_001_20260925_195540.wav,0,59.40306,18.07249,Leppun,Leptophyes punctatissima,Speckled Bush-cricket,bush-cricket,0.99,,,25/09/2026,25/09/2026,19:55:40,ClassifEspSWE-0002026-05-29_1,JOHANKARLSSON,202609261748VE9C8UHA,2026_25_sep_19,Citizen Science (ultrasonic) - shared
59~40306+18~07249_20260925_195547.wav,DEV_001_20260925_195547.wav,0,59.40306,18.07249,Leppun,Leptophyes punctatissima,Speckled Bush-cricket,bush-cricket,0.99,,,25/09/2026,25/09/2026,19:55:47,ClassifEspSWE-0002026-05-29_1,JOHANKARLSSON,202609261748VE9C8UHA,2026_25_sep_19,Citizen Science (ultrasonic) - shared
59~40306+18~07249_20260925_195552.wav,DEV_001_20260925_195552.wav,0,59.40306,18.07249,Leppun,Leptophyes punctatissima,Speckled Bush-cricket,bush-cricket,0.99,,,25/09/2026,25/09/2026,19:55:52,ClassifEspSWE-0002026-05-29_1,JOHANKARLSSON,202609261748VE9C8UHA,2026_25_sep_19,Citizen Science (ultrasonic) - shared
59~40306+18~07249_20260925_195558.wav,DEV_001_20260925_195558.wav,0,59.40306,18.07249,Leppun,Leptophyes punctatissima,Speckled Bush-cricket,bush-cricket,0.99,,,25/09/2026,25/09/2026,19:55:58,ClassifEspSWE-0002026-05-29_1,JOHANKARLSSON,202609261748VE9C8UHA,2026_25_sep_19,Citizen Science (ultrasonic) - shared
59~40306+18~07249_20260925_195604.wav,DEV_001_20260925_195604.wav,0,59.40306,18.07249,Leppun,Leptophyes punctatissima,Speckled Bush-cricket,bush-cricket,0.99,,,25/09/2026,25/09/2026,19:56:04,ClassifEspSWE-0002026-05-29_1,JOHANKARLSSON,202609261748VE9C8UHA,2026_25_sep_19,Citizen Science (ultrasonic) - shared
59~40306+18~07249_20260925_195609.wav,DEV_001_20260925_195609.wav,0,59.40306,18.07249,Leppun,Leptophyes punctatissima,Speckled Bush-cricket,bush-cricket,0.99,,,25/09/2026,25/09/2026,19:56:09,ClassifEspSWE-0002026-05-29_1,JOHANKARLSSON,202609261748VE9C8UHA,2026_25_sep_19,Citizen Science (ultrasonic) - shared
59~40306+18~07249_20260925_195614.wav,DEV_001_20260925_195614.wav,0,59.40306,18.07249,Leppun,Leptophyes punctatissima,Speckled Bush-cricket,bush-cricket,0.99,,,25/09/2026,25/09/2026,19:56:14,ClassifEspSWE-0002026-05-29_1,JOHANKARLSSON,202609261748VE9C8UHA,2026_25_sep_19,Citizen Science (ultrasonic) - shared
59~40306+18~07249_20260925_195620.wav,DEV_001_20260925_195620.wav,0,59.40306,18.07249,Leppun,Leptophyes punctatissima,Speckled Bush-cricket,bush-cricket,0.99,,,25/09/2026,25/09/2026,19:56:20,ClassifEspSWE-0002026-05-29_1,JOHANKARLSSON,202609261748VE9C8UHA,2026_25_sep_19,Citizen Science (ultrasonic) - shared
59~40306+18~07249_20260925_195625.wav,DEV_001_20260925_195625.wav,0,59.40306,18.07249,Leppun,Leptophyes punctatissima,Speckled Bush-cricket,bush-cricket,0.99,,,25/09/2026,25/09/2026,19:56:25,ClassifEspSWE-0002026-05-29_1,JOHANKARLSSON,202609261748VE9C8UHA,2026_25_sep_19,Citizen Science (ultrasonic) - shared
59~40306+18~07249_20260925_195630.wav,DEV_001_20260925_195630.wav,0,59.40306,18.07249,Leppun,Leptophyes punctatissima,Speckled Bush-cricket,bush-cricket,0.99,,,25/09/2026,25/09/2026,19:56:30,ClassifEspSWE-0002026-05-29_1,JOHANKARLSSON,202609261748VE9C8UHA,2026_25_sep_19,Citizen Science (ultrasonic) - shared
59~40306+18~07249_20260925_195637.wav,DEV_001_20260925_195637.wav,0,59.40306,18.07249,Leppun,Leptophyes punctatissima,Speckled Bush-cricket,bush-cricket,0.99,,,25/09/2026,25/09/2026,19:56:37,ClassifEspSWE-0002026-05-29_1,JOHANKARLSSON,202609261748VE9C8UHA,2026_25_sep_19,Citizen Science (ultrasonic) - shared
59~40306+18~07249_20260925_195642.wav,DEV_001_20260925_195642.wav,0,59.40306,18.07249,Leppun,Leptophyes punctatissima,Speckled Bush-cricket,bush-cricket,0.99,,,25/09/2026,25/09/2026,19:56:42,ClassifEspSWE-0002026-05-29_1,JOHANKARLSSON,202609261748VE9C8UHA,2026_25_sep_19,Citizen Science (ultrasonic) - shared
59~40306+18~07249_20260925_195647.wav,DEV_001_20260925_195647.wav,0,59.40306,18.07249,Leppun,Leptophyes punctatissima,Speckled Bush-cricket,bush-cricket,0.99,,,25/09/2026,25/09/2026,19:56:47,ClassifEspSWE-0002026-05-29_1,JOHANKARLSSON,202609261748VE9C8UHA,2026_25_sep_19,Citizen Science (ultrasonic) - shared
59~40306+18~07249_20260925_195654.wav,DEV_001_20260925_195654.wav,0,59.40306,18.07249,Leppun,Leptophyes punctatissima,Speckled Bush-cricket,bush-cricket,0.99,,,25/09/2026,25/09/2026,19:56:54,ClassifEspSWE-0002026-05-29_1,JOHANKARLSSON,202609261748VE9C8UHA,2026_25_sep_19,Citizen Science (ultrasonic) - shared
59~40306+18~07249_20260925_195700.wav,DEV_001_20260925_195700.wav,0,59.40306,18.07249,Leppun,Leptophyes punctatissima,Speckled Bush-cricket,bush-cricket,0.99,,,25/09/2026,25/09/2026,19:57:00,ClassifEspSWE-0002026-05-29_1,JOHANKARLSSON,202609261748VE9C8UHA,2026_25_sep_19,Citizen Science (ultrasonic) - shared
59~40306+18~07249_20260925_195705.wav,DEV_001_20260925_195705.wav,0,59.40306,18.07249,Leppun,Leptophyes punctatissima,Speckled Bush-cricket,bush-cricket,0.99,,,25/09/2026,25/09/2026,19:57:05,ClassifEspSWE-0002026-05-29_1,JOHANKARLSSON,202609261748VE9C8UHA,2026_25_sep_19,Citizen Science (ultrasonic) - shared
59~40306+18~07249_20260925_195711.wav,DEV_001_20260925_195711.wav,0,59.40306,18.07249,Leppun,Leptophyes punctatissima,Speckled Bush-cricket,bush-cricket,0.99,,,25/09/2026,25/09/2026,19:57:11,ClassifEspSWE-0002026-05-29_1,JOHANKARLSSON,202609261748VE9C8UHA,2026_25_sep_19,Citizen Science (ultrasonic) - shared
59~40306+18~07249_20260925_195717.wav,DEV_001_20260925_195717.wav,0,59.40306,18.07249,Leppun,Leptophyes punctatissima,Speckled Bush-cricket,bush-cricket,0.99,,,25/09/2026,25/09/2026,19:57:17,ClassifEspSWE-0002026-05-29_1,JOHANKARLSSON,202609261748VE9C8UHA,2026_25_sep_19,Citizen Science (ultrasonic) - shared
59~40306+18~07249_20260925_195723.wav,DEV_001_20260925_195723.wav,0,59.40306,18.07249,Leppun,Leptophyes punctatissima,Speckled Bush-cricket,bush-cricket,0.99,,,25/09/2026,25/09/2026,19:57:23,ClassifEspSWE-0002026-05-29_1,JOHANKARLSSON,202609261748VE9C8UHA,2026_25_sep_19,Citizen Science (ultrasonic) - shared
59~40306+18~07249_20260925_195729.wav,DEV_001_20260925_195729.wav,0,59.40306,18.07249,Leppun,Leptophyes punctatissima,Speckled Bush-cricket,bush-cricket,0.99,,,25/09/2026,25/09/2026,19:57:29,ClassifEspSWE-0002026-05-29_1,JOHANKARLSSON,202609261748VE9C8UHA,2026_25_sep_19,Citizen Science (ultrasonic) - shared
59~40306+18~07249_20260925_195734.wav,DEV_001_20260925_195734.wav,0,59.40306,18.07249,Leppun,Leptophyes punctatissima,Speckled Bush-cricket,bush-cricket,0.99,,,25/09/2026,25/09/2026,19:57:34,ClassifEspSWE-0002026-05-29_1,JOHANKARLSSON,202609261748VE9C8UHA,2026_25_sep_19,Citizen Science (ultrasonic) - shared
59~40306+18~07249_20260925_195740.wav,DEV_001_20260925_195740.wav,0,59.40306,18.07249,Leppun,Leptophyes punctatissima,Speckled Bush-cricket,bush-cricket,0.99,,,25/09/2026,25/09/2026,19:57:40,ClassifEspSWE-0002026-05-29_1,JOHANKARLSSON,202609261748VE9C8UHA,2026_25_sep_19,Citizen Science (ultrasonic) - shared
59~40306+18~07249_20260925_195746.wav,DEV_001_20260925_195746.wav,0,59.40306,18.07249,Leppun,Leptophyes punctatissima,Speckled Bush-cricket,bush-cricket,0.99,,,25/09/2026,25/09/2026,19:57:46,ClassifEspSWE-0002026-05-29_1,JOHANKARLSSON,202609261748VE9C8UHA,2026_25_sep_19,Citizen Science (ultrasonic) - shared
59~40306+18~07249_20260925_195751.wav,DEV_001_20260925_195751.wav,0,59.40306,18.07249,Leppun,Leptophyes punctatissima,Speckled Bush-cricket,bush-cricket,0.99,,,25/09/2026,25/09/2026,19:57:51,ClassifEspSWE-0002026-05-29_1,JOHANKARLSSON,202609261748VE9C8UHA,2026_25_sep_19,Citizen Science (ultrasonic) - shared
59~40306+18~07249_20260925_195758.wav,DEV_001_20260925_195758.wav,0,59.40306,18.07249,Leppun,Leptophyes punctatissima,Speckled Bush-cricket,bush-cricket,0.99,,,25/09/2026,25/09/2026,19:57:58,ClassifEspSWE-0002026-05-29_1,JOHANKARLSSON,202609261748VE9C8UHA,2026_25_sep_19,Citizen Science (ultrasonic) - shared
59~40306+18~07249_20260925_195804.wav,DEV_001_20260925_195804.wav,0,59.40306,18.07249,Leppun,Leptophyes punctatissima,Speckled Bush-cricket,bush-cricket,0.99,,,25/09/2026,25/09/2026,19:58:04,ClassifEspSWE-0002026-05-29_1,JOHANKARLSSON,202609261748VE9C8UHA,2026_25_sep_19,Citizen Science (ultrasonic) - shared
59~40306+18~07249_20260925_195811.wav,DEV_001_20260925_195811.wav,0,59.40306,18.07249,Leppun,Leptophyes punctatissima,Speckled Bush-cricket,bush-cricket,0.99,,,25/09/2026,25/09/2026,19:58:11,ClassifEspSWE-0002026-05-29_1,JOHANKARLSSON,202609261748VE9C8UHA,2026_25_sep_19,Citizen Science (ultrasonic) - shared
59~40306+18~07249_20260925_195818.wav,DEV_001_20260925_195818.wav,0,59.40306,18.07249,Leppun,Leptophyes punctatissima,Speckled Bush-cricket,bush-cricket,0.99,,,25/09/2026,25/09/2026,19:58:18,ClassifEspSWE-0002026-05-29_1,JOHANKARLSSON,202609261748VE9C8UHA,2026_25_sep_19,Citizen Science (ultrasonic) - shared
59~40306+18~07249_20260925_195824.wav,DEV_001_20260925_195824.wav,0,59.40306,18.07249,Leppun,Leptophyes punctatissima,Speckled Bush-cricket,bush-cricket,0.99,,,25/09/2026,25/09/2026,19:58:24,ClassifEspSWE-0002026-05-29_1,JOHANKARLSSON,202609261748VE9C8UHA,2026_25_sep_19,Citizen Science (ultrasonic) - shared
59~40306+18~07249_20260925_195831.wav,DEV_001_20260925_195831.wav,0,59.40306,18.07249,Leppun,Leptophyes punctatissima,Speckled Bush-cricket,bush-cricket,0.99,,,25/09/2026,25/09/2026,19:58:31,ClassifEspSWE-0002026-05-29_1,JOHANKARLSSON,202609261748VE9C8UHA,2026_25_sep_19,Citizen Science (ultrasonic) - shared
59~40306+18~07249_20260925_195838.wav,DEV_001_20260925_195838.wav,0,59.40306,18.07249,Leppun,Leptophyes punctatissima,Speckled Bush-cricket,bush-cricket,0.99,,,25/09/2026,25/09/2026,19:58:38,ClassifEspSWE-0002026-05-29_1,JOHANKARLSSON,202609261748VE9C8UHA,2026_25_sep_19,Citizen Science (ultrasonic) - shared
59~40306+18~07249_20260925_195845.wav,DEV_001_20260925_195845.wav,0,59.40306,18.07249,Leppun,Leptophyes punctatissima,Speckled Bush-cricket,bush-cricket,0.99,,,25/09/2026,25/09/2026,19:58:45,ClassifEspSWE-0002026-05-29_1,JOHANKARLSSON,202609261748VE9C8UHA,2026_25_sep_19,Citizen Science (ultrasonic) - shared
59~40306+18~07249_20260925_195851.wav,DEV_001_20260925_195851.wav,0,59.40306,18.07249,Leppun,Leptophyes punctatissima,Speckled Bush-cricket,bush-cricket,0.99,,,25/09/2026,25/09/2026,19:58:51,ClassifEspSWE-0002026-05-29_1,JOHANKARLSSON,202609261748VE9C8UHA,2026_25_sep_19,Citizen Science (ultrasonic) - shared
59~40306+18~07249_20260925_195857.wav,DEV_001_20260925_195857.wav,0,59.40306,18.07249,Leppun,Leptophyes punctatissima,Speckled Bush-cricket,bush-cricket,0.99,,,25/09/2026,25/09/2026,19:58:57,ClassifEspSWE-0002026-05-29_1,JOHANKARLSSON,202609261748VE9C8UHA,2026_25_sep_19,Citizen Science (ultrasonic) - shared
59~40306+18~07249_20260925_195904.wav,DEV_001_20260925_195904.wav,0,59.40306,18.07249,Leppun,Leptophyes punctatissima,Speckled Bush-cricket,bush-cricket,0.99,,,25/09/2026,25/09/2026,19:59:04,ClassifEspSWE-0002026-05-29_1,JOHANKARLSSON,202609261748VE9C8UHA,2026_25_sep_19,Citizen Science (ultrasonic) - shared
59~40306+18~07249_20260925_195911.wav,DEV_001_20260925_195911.wav,0,59.40306,18.07249,Leppun,Leptophyes punctatissima,Speckled Bush-cricket,bush-cricket,0.99,,,25/09/2026,25/09/2026,19:59:11,ClassifEspSWE-0002026-05-29_1,JOHANKARLSSON,202609261748VE9C8UHA,2026_25_sep_19,Citizen Science (ultrasonic) - shared
59~40306+18~07249_20260925_195917.wav,DEV_001_20260925_195917.wav,0,59.40306,18.07249,Leppun,Leptophyes punctatissima,Speckled Bush-cricket,bush-cricket,0.99,,,25/09/2026,25/09/2026,19:59:17,ClassifEspSWE-0002026-05-29_1,JOHANKARLSSON,202609261748VE9C8UHA,2026_25_sep_19,Citizen Science (ultrasonic) - shared
59~40306+18~07249_20260925_195924.wav,DEV_001_20260925_195924.wav,0,59.40306,18.07249,Leppun,Leptophyes punctatissima,Speckled Bush-cricket,bush-cricket,0.99,,,25/09/2026,25/09/2026,19:59:24,ClassifEspSWE-0002026-05-29_1,JOHANKARLSSON,202609261748VE9C8UHA,2026_25_sep_19,Citizen Science (ultrasonic) - shared
59~40306+18~07249_20260925_195931.wav,DEV_001_20260925_195931.wav,0,59.40306,18.07249,Leppun,Leptophyes punctatissima,Speckled Bush-cricket,bush-cricket,0.99,,,25/09/2026,25/09/2026,19:59:31,ClassifEspSWE-0002026-05-29_1,JOHANKARLSSON,202609261748VE9C8UHA,2026_25_sep_19,Citizen Science (ultrasonic) - shared
59~40306+18~07249_20260925_195936.wav,DEV_001_20260925_195936.wav,0,59.40306,18.07249,Leppun,Leptophyes punctatissima,Speckled Bush-cricket,bush-cricket,0.99,,,25/09/2026,25/09/2026,19:59:36,ClassifEspSWE-0002026-05-29_1,JOHANKARLSSON,202609261748VE9C8UHA,2026_25_sep_19,Citizen Science (ultrasonic) - shared
59~40306+18~07249_20260925_195943.wav,DEV_001_20260925_195943.wav,0,59.40306,18.07249,Leppun,Leptophyes punctatissima,Speckled Bush-cricket,bush-cricket,0.99,,,25/09/2026,25/09/2026,19:59:43,ClassifEspSWE-0002026-05-29_1,JOHANKARLSSON,202609261748VE9C8UHA,2026_25_sep_19,Citizen Science (ultrasonic) - shared
59~40306+18~07249_20260925_195949.wav,DEV_001_20260925_195949.wav,0,59.40306,18.07249,Leppun,Leptophyes punctatissima,Speckled Bush-cricket,bush-cricket,0.99,,,25/09/2026,25/09/2026,19:59:49,ClassifEspSWE-0002026-05-29_1,JOHANKARLSSON,202609261748VE9C8UHA,2026_25_sep_19,Citizen Science (ultrasonic) - shared
59~40306+18~07249_20260925_195955.wav,DEV_001_20260925_195955.wav,0,59.40306,18.07249,Leppun,Leptophyes punctatissima,Speckled Bush-cricket,bush-cricket,0.99,,,25/09/2026,25/09/2026,19:59:55,ClassifEspSWE-0002026-05-29_1,JOHANKARLSSON,202609261748VE9C8UHA,2026_25_sep_19,Citizen Science (ultrasonic) - shared
59~40306+18~07249_20260925_191137.wav,DEV_001_20260925_191137.wav,0,59.40306,18.07249,Phogri,Pholidoptera griseoaptera,Dark Bush-cricket,bush-cricket,0.82,,,25/09/2026,25/09/2026,19:11:37,ClassifEspSWE-0002026-05-29_1,JOHANKARLSSON,202609261748VE9C8UHA,2026_25_sep_19,Citizen Science (ultrasonic) - shared
59~40306+18~07249_20260925_191143.wav,DEV_001_20260925_191143.wav,0,59.40306,18.07249,Phogri,Pholidoptera griseoaptera,Dark Bush-cricket,bush-cricket,0.81,,,25/09/2026,25/09/2026,19:11:43,ClassifEspSWE-0002026-05-29_1,JOHANKARLSSON,202609261748VE9C8UHA,2026_25_sep_19,Citizen Science (ultrasonic) - shared
59~40306+18~07249_20260925_191150.wav,DEV_001_20260925_191150.wav,0,59.40306,18.07249,Phogri,Pholidoptera griseoaptera,Dark Bush-cricket,bush-cricket,0.79,,,25/09/2026,25/09/2026,19:11:50,ClassifEspSWE-0002026-05-29_1,JOHANKARLSSON,202609261748VE9C8UHA,2026_25_sep_19,Citizen Science (ultrasonic) - shared
59~40306+18~07249_20260925_191157.wav,DEV_001_20260925_191157.wav,0,59.40306,18.07249,Phogri,Pholidoptera griseoaptera,Dark Bush-cricket,bush-cricket,0.81,,,25/09/2026,25/09/2026,19:11:57,ClassifEspSWE-0002026-05-29_1,JOHANKARLSSON,202609261748VE9C8UHA,2026_25_sep_19,Citizen Science (ultrasonic) - shared
59~40306+18~07249_20260925_191202.wav,DEV_001_20260925_191202.wav,0,59.40306,18.07249,Phogri,Pholidoptera griseoaptera,Dark Bush-cricket,bush-cricket,0.79,,,25/09/2026,25/09/2026,19:12:02,ClassifEspSWE-0002026-05-29_1,JOHANKARLSSON,202609261748VE9C8UHA,2026_25_sep_19,Citizen Science (ultrasonic) - shared
59~40306+18~07249_20260925_191207.wav,DEV_001_20260925_191207.wav,0,59.40306,18.07249,Phogri,Pholidoptera griseoaptera,Dark Bush-cricket,bush-cricket,0.85,,,25/09/2026,25/09/2026,19:12:07,ClassifEspSWE-0002026-05-29_1,JOHANKARLSSON,202609261748VE9C8UHA,2026_25_sep_19,Citizen Science (ultrasonic) - shared
59~40306+18~07249_20260925_191217.wav,DEV_001_20260925_191217.wav,0,59.40306,18.07249,Phogri,Pholidoptera griseoaptera,Dark Bush-cricket,bush-cricket,0.74,,,25/09/2026,25/09/2026,19:12:17,ClassifEspSWE-0002026-05-29_1,JOHANKARLSSON,202609261748VE9C8UHA,2026_25_sep_19,Citizen Science (ultrasonic) - shared
59~40306+18~07249_20260925_191225.wav,DEV_001_20260925_191225.wav,0,59.40306,18.07249,Phogri,Pholidoptera griseoaptera,Dark Bush-cricket,bush-cricket,0.76,,,25/09/2026,25/09/2026,19:12:25,ClassifEspSWE-0002026-05-29_1,JOHANKARLSSON,202609261748VE9C8UHA,2026_25_sep_19,Citizen Science (ultrasonic) - shared
59~40306+18~07249_20260925_191231.wav,DEV_001_20260925_191231.wav,0,59.40306,18.07249,Phogri,Pholidoptera griseoaptera,Dark Bush-cricket,bush-cricket,0.91,,,25/09/2026,25/09/2026,19:12:31,ClassifEspSWE-0002026-05-29_1,JOHANKARLSSON,202609261748VE9C8UHA,2026_25_sep_19,Citizen Science (ultrasonic) - shared
59~40306+18~07249_20260925_191237.wav,DEV_001_20260925_191237.wav,0,59.40306,18.07249,Phogri,Pholidoptera griseoaptera,Dark Bush-cricket,bush-cricket,0.79,,,25/09/2026,25/09/2026,19:12:37,ClassifEspSWE-0002026-05-29_1,JOHANKARLSSON,202609261748VE9C8UHA,2026_25_sep_19,Citizen Science (ultrasonic) - shared
59~40306+18~07249_20260925_191242.wav,DEV_001_20260925_191242.wav,0,59.40306,18.07249,Phogri,Pholidoptera griseoaptera,Dark Bush-cricket,bush-cricket,0.72,,,25/09/2026,25/09/2026,19:12:42,ClassifEspSWE-0002026-05-29_1,JOHANKARLSSON,202609261748VE9C8UHA,2026_25_sep_19,Citizen Science (ultrasonic) - shared
59~40306+18~07249_20260925_191248.wav,DEV_001_20260925_191248.wav,0,59.40306,18.07249,Phogri,Pholidoptera griseoaptera,Dark Bush-cricket,bush-cricket,0.67,,,25/09/2026,25/09/2026,19:12:48,ClassifEspSWE-0002026-05-29_1,JOHANKARLSSON,202609261748VE9C8UHA,2026_25_sep_19,Citizen Science (ultrasonic) - shared
59~40306+18~07249_20260925_191253.wav,DEV_001_20260925_191253.wav,0,59.40306,18.07249,Phogri,Pholidoptera griseoaptera,Dark Bush-cricket,bush-cricket,0.81,,,25/09/2026,25/09/2026,19:12:53,ClassifEspSWE-0002026-05-29_1,JOHANKARLSSON,202609261748VE9C8UHA,2026_25_sep_19,Citizen Science (ultrasonic) - shared
59~40306+18~07249_20260925_191301.wav,DEV_001_20260925_191301.wav,0,59.40306,18.07249,Phogri,Pholidoptera griseoaptera,Dark Bush-cricket,bush-cricket,0.95,,,25/09/2026,25/09/2026,19:13:01,ClassifEspSWE-0002026-05-29_1,JOHANKARLSSON,202609261748VE9C8UHA,2026_25_sep_19,Citizen Science (ultrasonic) - shared
59~40306+18~07249_20260925_191319.wav,DEV_001_20260925_191319.wav,0,59.40306,18.07249,Phogri,Pholidoptera griseoaptera,Dark Bush-cricket,bush-cricket,0.99,,,25/09/2026,25/09/2026,19:13:19,ClassifEspSWE-0002026-05-29_1,JOHANKARLSSON,202609261748VE9C8UHA,2026_25_sep_19,Citizen Science (ultrasonic) - shared
59~40306+18~07249_20260925_191325.wav,DEV_001_20260925_191325.wav,0,59.40306,18.07249,Phogri,Pholidoptera griseoaptera,Dark Bush-cricket,bush-cricket,0.99,,,25/09/2026,25/09/2026,19:13:25,ClassifEspSWE-0002026-05-29_1,JOHANKARLSSON,202609261748VE9C8UHA,2026_25_sep_19,Citizen Science (ultrasonic) - shared
59~40306+18~07249_20260925_191331.wav,DEV_001_20260925_191331.wav,0,59.40306,18.07249,Phogri,Pholidoptera griseoaptera,Dark Bush-cricket,bush-cricket,0.99,,,25/09/2026,25/09/2026,19:13:31,ClassifEspSWE-0002026-05-29_1,JOHANKARLSSON,202609261748VE9C8UHA,2026_25_sep_19,Citizen Science (ultrasonic) - shared
59~40306+18~07249_20260925_191337.wav,DEV_001_20260925_191337.wav,0,59.40306,18.07249,Phogri,Pholidoptera griseoaptera,Dark Bush-cricket,bush-cricket,0.99,,,25/09/2026,25/09/2026,19:13:37,ClassifEspSWE-0002026-05-29_1,JOHANKARLSSON,202609261748VE9C8UHA,2026_25_sep_19,Citizen Science (ultrasonic) - shared
59~40306+18~07249_20260925_191342.wav,DEV_001_20260925_191342.wav,0,59.40306,18.07249,Phogri,Pholidoptera griseoaptera,Dark Bush-cricket,bush-cricket,0.98,,,25/09/2026,25/09/2026,19:13:42,ClassifEspSWE-0002026-05-29_1,JOHANKARLSSON,202609261748VE9C8UHA,2026_25_sep_19,Citizen Science (ultrasonic) - shared
59~40306+18~07249_20260925_191349.wav,DEV_001_20260925_191349.wav,0,59.40306,18.07249,Phogri,Pholidoptera griseoaptera,Dark Bush-cricket,bush-cricket,0.99,,,25/09/2026,25/09/2026,19:13:49,ClassifEspSWE-0002026-05-29_1,JOHANKARLSSON,202609261748VE9C8UHA,2026_25_sep_19,Citizen Science (ultrasonic) - shared
59~40306+18~07249_20260925_191354.wav,DEV_001_20260925_191354.wav,0,59.40306,18.07249,Phogri,Pholidoptera griseoaptera,Dark Bush-cricket,bush-cricket,0.99,,,25/09/2026,25/09/2026,19:13:54,ClassifEspSWE-0002026-05-29_1,JOHANKARLSSON,202609261748VE9C8UHA,2026_25_sep_19,Citizen Science (ultrasonic) - shared
59~40306+18~07249_20260925_191400.wav,DEV_001_20260925_191400.wav,0,59.40306,18.07249,Phogri,Pholidoptera griseoaptera,Dark Bush-cricket,bush-cricket,0.98,,,25/09/2026,25/09/2026,19:14:00,ClassifEspSWE-0002026-05-29_1,JOHANKARLSSON,202609261748VE9C8UHA,2026_25_sep_19,Citizen Science (ultrasonic) - shared
59~40306+18~07249_20260925_191407.wav,DEV_001_20260925_191407.wav,0,59.40306,18.07249,Phogri,Pholidoptera griseoaptera,Dark Bush-cricket,bush-cricket,0.98,,,25/09/2026,25/09/2026,19:14:07,ClassifEspSWE-0002026-05-29_1,JOHANKARLSSON,202609261748VE9C8UHA,2026_25_sep_19,Citizen Science (ultrasonic) - shared
59~40306+18~07249_20260925_191413.wav,DEV_001_20260925_191413.wav,0,59.40306,18.07249,Phogri,Pholidoptera griseoaptera,Dark Bush-cricket,bush-cricket,0.99,,,25/09/2026,25/09/2026,19:14:13,ClassifEspSWE-0002026-05-29_1,JOHANKARLSSON,202609261748VE9C8UHA,2026_25_sep_19,Citizen Science (ultrasonic) - shared
59~40306+18~07249_20260925_191419.wav,DEV_001_20260925_191419.wav,0,59.40306,18.07249,Phogri,Pholidoptera griseoaptera,Dark Bush-cricket,bush-cricket,0.99,,,25/09/2026,25/09/2026,19:14:19,ClassifEspSWE-0002026-05-29_1,JOHANKARLSSON,202609261748VE9C8UHA,2026_25_sep_19,Citizen Science (ultrasonic) - shared
59~40306+18~07249_20260925_191425.wav,DEV_001_20260925_191425.wav,0,59.40306,18.07249,Phogri,Pholidoptera griseoaptera,Dark Bush-cricket,bush-cricket,0.99,,,25/09/2026,25/09/2026,19:14:25,ClassifEspSWE-0002026-05-29_1,JOHANKARLSSON,202609261748VE9C8UHA,2026_25_sep_19,Citizen Science (ultrasonic) - shared
59~40306+18~07249_20260925_191431.wav,DEV_001_20260925_191431.wav,0,59.40306,18.07249,Phogri,Pholidoptera griseoaptera,Dark Bush-cricket,bush-cricket,0.95,,,25/09/2026,25/09/2026,19:14:31,ClassifEspSWE-0002026-05-29_1,JOHANKARLSSON,202609261748VE9C8UHA,2026_25_sep_19,Citizen Science (ultrasonic) - shared
59~40306+18~07249_20260925_191437.wav,DEV_001_20260925_191437.wav,0,59.40306,18.07249,Phogri,Pholidoptera griseoaptera,Dark Bush-cricket,bush-cricket,0.98,,,25/09/2026,25/09/2026,19:14:37,ClassifEspSWE-0002026-05-29_1,JOHANKARLSSON,202609261748VE9C8UHA,2026_25_sep_19,Citizen Science (ultrasonic) - shared
59~40306+18~07249_20260925_191443.wav,DEV_001_20260925_191443.wav,0,59.40306,18.07249,Phogri,Pholidoptera griseoaptera,Dark Bush-cricket,bush-cricket,0.92,,,25/09/2026,25/09/2026,19:14:43,ClassifEspSWE-0002026-05-29_1,JOHANKARLSSON,202609261748VE9C8UHA,2026_25_sep_19,Citizen Science (ultrasonic) - shared
59~40306+18~07249_20260925_191449.wav,DEV_001_20260925_191449.wav,0,59.40306,18.07249,Phogri,Pholidoptera griseoaptera,Dark Bush-cricket,bush-cricket,0.98,,,25/09/2026,25/09/2026,19:14:49,ClassifEspSWE-0002026-05-29_1,JOHANKARLSSON,202609261748VE9C8UHA,2026_25_sep_19,Citizen Science (ultrasonic) - shared
59~40306+18~07249_20260925_191455.wav,DEV_001_20260925_191455.wav,0,59.40306,18.07249,Phogri,Pholidoptera griseoaptera,Dark Bush-cricket,bush-cricket,0.99,,,25/09/2026,25/09/2026,19:14:55,ClassifEspSWE-0002026-05-29_1,JOHANKARLSSON,202609261748VE9C8UHA,2026_25_sep_19,Citizen Science (ultrasonic) - shared
59~40306+18~07249_20260925_191502.wav,DEV_001_20260925_191502.wav,0,59.40306,18.07249,Phogri,Pholidoptera griseoaptera,Dark Bush-cricket,bush-cricket,0.98,,,25/09/2026,25/09/2026,19:15:02,ClassifEspSWE-0002026-05-29_1,JOHANKARLSSON,202609261748VE9C8UHA,2026_25_sep_19,Citizen Science (ultrasonic) - shared
59~40306+18~07249_20260925_191508.wav,DEV_001_20260925_191508.wav,0,59.40306,18.07249,Phogri,Pholidoptera griseoaptera,Dark Bush-cricket,bush-cricket,0.99,,,25/09/2026,25/09/2026,19:15:08,ClassifEspSWE-0002026-05-29_1,JOHANKARLSSON,202609261748VE9C8UHA,2026_25_sep_19,Citizen Science (ultrasonic) - shared
59~40306+18~07249_20260925_191514.wav,DEV_001_20260925_191514.wav,0,59.40306,18.07249,Phogri,Pholidoptera griseoaptera,Dark Bush-cricket,bush-cricket,0.99,,,25/09/2026,25/09/2026,19:15:14,ClassifEspSWE-0002026-05-29_1,JOHANKARLSSON,202609261748VE9C8UHA,2026_25_sep_19,Citizen Science (ultrasonic) - shared
59~40306+18~07249_20260925_191520.wav,DEV_001_20260925_191520.wav,0,59.40306,18.07249,Phogri,Pholidoptera griseoaptera,Dark Bush-cricket,bush-cricket,0.99,,,25/09/2026,25/09/2026,19:15:20,ClassifEspSWE-0002026-05-29_1,JOHANKARLSSON,202609261748VE9C8UHA,2026_25_sep_19,Citizen Science (ultrasonic) - shared
59~40306+18~07249_20260925_191526.wav,DEV_001_20260925_191526.wav,0,59.40306,18.07249,Phogri,Pholidoptera griseoaptera,Dark Bush-cricket,bush-cricket,0.99,,,25/09/2026,25/09/2026,19:15:26,ClassifEspSWE-0002026-05-29_1,JOHANKARLSSON,202609261748VE9C8UHA,2026_25_sep_19,Citizen Science (ultrasonic) - shared
59~40306+18~07249_20260925_191532.wav,DEV_001_20260925_191532.wav,0,59.40306,18.07249,Phogri,Pholidoptera griseoaptera,Dark Bush-cricket,bush-cricket,0.99,,,25/09/2026,25/09/2026,19:15:32,ClassifEspSWE-0002026-05-29_1,JOHANKARLSSON,202609261748VE9C8UHA,2026_25_sep_19,Citizen Science (ultrasonic) - shared
59~40306+18~07249_20260925_191537.wav,DEV_001_20260925_191537.wav,0,59.40306,18.07249,Phogri,Pholidoptera griseoaptera,Dark Bush-cricket,bush-cricket,0.99,,,25/09/2026,25/09/2026,19:15:37,ClassifEspSWE-0002026-05-29_1,JOHANKARLSSON,202609261748VE9C8UHA,2026_25_sep_19,Citizen Science (ultrasonic) - shared
59~40306+18~07249_20260925_191543.wav,DEV_001_20260925_191543.wav,0,59.40306,18.07249,Phogri,Pholidoptera griseoaptera,Dark Bush-cricket,bush-cricket,0.99,,,25/09/2026,25/09/2026,19:15:43,ClassifEspSWE-0002026-05-29_1,JOHANKARLSSON,202609261748VE9C8UHA,2026_25_sep_19,Citizen Science (ultrasonic) - shared
59~40306+18~07249_20260925_191548.wav,DEV_001_20260925_191548.wav,0,59.40306,18.07249,Phogri,Pholidoptera griseoaptera,Dark Bush-cricket,bush-cricket,0.99,,,25/09/2026,25/09/2026,19:15:48,ClassifEspSWE-0002026-05-29_1,JOHANKARLSSON,202609261748VE9C8UHA,2026_25_sep_19,Citizen Science (ultrasonic) - shared
59~40306+18~07249_20260925_191554.wav,DEV_001_20260925_191554.wav,0,59.40306,18.07249,Phogri,Pholidoptera griseoaptera,Dark Bush-cricket,bush-cricket,0.98,,,25/09/2026,25/09/2026,19:15:54,ClassifEspSWE-0002026-05-29_1,JOHANKARLSSON,202609261748VE9C8UHA,2026_25_sep_19,Citizen Science (ultrasonic) - shared
59~40306+18~07249_20260925_191559.wav,DEV_001_20260925_191559.wav,0,59.40306,18.07249,Phogri,Pholidoptera griseoaptera,Dark Bush-cricket,bush-cricket,0.98,,,25/09/2026,25/09/2026,19:15:59,ClassifEspSWE-0002026-05-29_1,JOHANKARLSSON,202609261748VE9C8UHA,2026_25_sep_19,Citizen Science (ultrasonic) - shared
59~40306+18~07249_20260925_191605.wav,DEV_001_20260925_191605.wav,0,59.40306,18.07249,Phogri,Pholidoptera griseoaptera,Dark Bush-cricket,bush-cricket,0.99,,,25/09/2026,25/09/2026,19:16:05,ClassifEspSWE-0002026-05-29_1,JOHANKARLSSON,202609261748VE9C8UHA,2026_25_sep_19,Citizen Science (ultrasonic) - shared
59~40306+18~07249_20260925_191612.wav,DEV_001_20260925_191612.wav,0,59.40306,18.07249,Phogri,Pholidoptera griseoaptera,Dark Bush-cricket,bush-cricket,0.98,,,25/09/2026,25/09/2026,19:16:12,ClassifEspSWE-0002026-05-29_1,JOHANKARLSSON,202609261748VE9C8UHA,2026_25_sep_19,Citizen Science (ultrasonic) - shared
59~40306+18~07249_20260925_191618.wav,DEV_001_20260925_191618.wav,0,59.40306,18.07249,Phogri,Pholidoptera griseoaptera,Dark Bush-cricket,bush-cricket,0.99,,,25/09/2026,25/09/2026,19:16:18,ClassifEspSWE-0002026-05-29_1,JOHANKARLSSON,202609261748VE9C8UHA,2026_25_sep_19,Citizen Science (ultrasonic) - shared
59~40306+18~07249_20260925_191624.wav,DEV_001_20260925_191624.wav,0,59.40306,18.07249,Phogri,Pholidoptera griseoaptera,Dark Bush-cricket,bush-cricket,0.98,,,25/09/2026,25/09/2026,19:16:24,ClassifEspSWE-0002026-05-29_1,JOHANKARLSSON,202609261748VE9C8UHA,2026_25_sep_19,Citizen Science (ultrasonic) - shared
59~40306+18~07249_20260925_191629.wav,DEV_001_20260925_191629.wav,0,59.40306,18.07249,Phogri,Pholidoptera griseoaptera,Dark Bush-cricket,bush-cricket,0.99,,,25/09/2026,25/09/2026,19:16:29,ClassifEspSWE-0002026-05-29_1,JOHANKARLSSON,202609261748VE9C8UHA,2026_25_sep_19,Citizen Science (ultrasonic) - shared
59~40306+18~07249_20260925_191635.wav,DEV_001_20260925_191635.wav,0,59.40306,18.07249,Phogri,Pholidoptera griseoaptera,Dark Bush-cricket,bush-cricket,0.94,,,25/09/2026,25/09/2026,19:16:35,ClassifEspSWE-0002026-05-29_1,JOHANKARLSSON,202609261748VE9C8UHA,2026_25_sep_19,Citizen Science (ultrasonic) - shared
59~40306+18~07249_20260925_191640.wav,DEV_001_20260925_191640.wav,0,59.40306,18.07249,Phogri,Pholidoptera griseoaptera,Dark Bush-cricket,bush-cricket,0.99,,,25/09/2026,25/09/2026,19:16:40,ClassifEspSWE-0002026-05-29_1,JOHANKARLSSON,202609261748VE9C8UHA,2026_25_sep_19,Citizen Science (ultrasonic) - shared
59~40306+18~07249_20260925_191645.wav,DEV_001_20260925_191645.wav,0,59.40306,18.07249,Phogri,Pholidoptera griseoaptera,Dark Bush-cricket,bush-cricket,0.98,,,25/09/2026,25/09/2026,19:16:45,ClassifEspSWE-0002026-05-29_1,JOHANKARLSSON,202609261748VE9C8UHA,2026_25_sep_19,Citizen Science (ultrasonic) - shared
59~40306+18~07249_20260925_191651.wav,DEV_001_20260925_191651.wav,0,59.40306,18.07249,Phogri,Pholidoptera griseoaptera,Dark Bush-cricket,bush-cricket,0.98,,,25/09/2026,25/09/2026,19:16:51,ClassifEspSWE-0002026-05-29_1,JOHANKARLSSON,202609261748VE9C8UHA,2026_25_sep_19,Citizen Science (ultrasonic) - shared
59~40306+18~07249_20260925_191656.wav,DEV_001_20260925_191656.wav,0,59.40306,18.07249,Phogri,Pholidoptera griseoaptera,Dark Bush-cricket,bush-cricket,0.98,,,25/09/2026,25/09/2026,19:16:56,ClassifEspSWE-0002026-05-29_1,JOHANKARLSSON,202609261748VE9C8UHA,2026_25_sep_19,Citizen Science (ultrasonic) - shared
59~40306+18~07249_20260925_191701.wav,DEV_001_20260925_191701.wav,0,59.40306,18.07249,Phogri,Pholidoptera griseoaptera,Dark Bush-cricket,bush-cricket,0.99,,,25/09/2026,25/09/2026,19:17:01,ClassifEspSWE-0002026-05-29_1,JOHANKARLSSON,202609261748VE9C8UHA,2026_25_sep_19,Citizen Science (ultrasonic) - shared
59~40306+18~07249_20260925_191707.wav,DEV_001_20260925_191707.wav,0,59.40306,18.07249,Phogri,Pholidoptera griseoaptera,Dark Bush-cricket,bush-cricket,0.99,,,25/09/2026,25/09/2026,19:17:07,ClassifEspSWE-0002026-05-29_1,JOHANKARLSSON,202609261748VE9C8UHA,2026_25_sep_19,Citizen Science (ultrasonic) - shared
59~40306+18~07249_20260925_191712.wav,DEV_001_20260925_191712.wav,0,59.40306,18.07249,Phogri,Pholidoptera griseoaptera,Dark Bush-cricket,bush-cricket,0.99,,,25/09/2026,25/09/2026,19:17:12,ClassifEspSWE-0002026-05-29_1,JOHANKARLSSON,202609261748VE9C8UHA,2026_25_sep_19,Citizen Science (ultrasonic) - shared
59~40306+18~07249_20260925_191718.wav,DEV_001_20260925_191718.wav,0,59.40306,18.07249,Phogri,Pholidoptera griseoaptera,Dark Bush-cricket,bush-cricket,0.99,,,25/09/2026,25/09/2026,19:17:18,ClassifEspSWE-0002026-05-29_1,JOHANKARLSSON,202609261748VE9C8UHA,2026_25_sep_19,Citizen Science (ultrasonic) - shared
59~40306+18~07249_20260925_191723.wav,DEV_001_20260925_191723.wav,0,59.40306,18.07249,Phogri,Pholidoptera griseoaptera,Dark Bush-cricket,bush-cricket,0.99,,,25/09/2026,25/09/2026,19:17:23,ClassifEspSWE-0002026-05-29_1,JOHANKARLSSON,202609261748VE9C8UHA,2026_25_sep_19,Citizen Science (ultrasonic) - shared
59~40306+18~07249_20260925_191729.wav,DEV_001_20260925_191729.wav,0,59.40306,18.07249,Phogri,Pholidoptera griseoaptera,Dark Bush-cricket,bush-cricket,0.98,,,25/09/2026,25/09/2026,19:17:29,ClassifEspSWE-0002026-05-29_1,JOHANKARLSSON,202609261748VE9C8UHA,2026_25_sep_19,Citizen Science (ultrasonic) - shared
59~40306+18~07249_20260925_191735.wav,DEV_001_20260925_191735.wav,0,59.40306,18.07249,Phogri,Pholidoptera griseoaptera,Dark Bush-cricket,bush-cricket,0.99,,,25/09/2026,25/09/2026,19:17:35,ClassifEspSWE-0002026-05-29_1,JOHANKARLSSON,202609261748VE9C8UHA,2026_25_sep_19,Citizen Science (ultrasonic) - shared
59~40306+18~07249_20260925_191741.wav,DEV_001_20260925_191741.wav,0,59.40306,18.07249,Phogri,Pholidoptera griseoaptera,Dark Bush-cricket,bush-cricket,0.99,,,25/09/2026,25/09/2026,19:17:41,ClassifEspSWE-0002026-05-29_1,JOHANKARLSSON,202609261748VE9C8UHA,2026_25_sep_19,Citizen Science (ultrasonic) - shared
59~40306+18~07249_20260925_191748.wav,DEV_001_20260925_191748.wav,0,59.40306,18.07249,Phogri,Pholidoptera griseoaptera,Dark Bush-cricket,bush-cricket,0.98,,,25/09/2026,25/09/2026,19:17:48,ClassifEspSWE-0002026-05-29_1,JOHANKARLSSON,202609261748VE9C8UHA,2026_25_sep_19,Citizen Science (ultrasonic) - shared
59~40306+18~07249_20260925_191754.wav,DEV_001_20260925_191754.wav,0,59.40306,18.07249,Phogri,Pholidoptera griseoaptera,Dark Bush-cricket,bush-cricket,0.98,,,25/09/2026,25/09/2026,19:17:54,ClassifEspSWE-0002026-05-29_1,JOHANKARLSSON,202609261748VE9C8UHA,2026_25_sep_19,Citizen Science (ultrasonic) - shared
59~40306+18~07249_20260925_191801.wav,DEV_001_20260925_191801.wav,0,59.40306,18.07249,Phogri,Pholidoptera griseoaptera,Dark Bush-cricket,bush-cricket,0.99,,,25/09/2026,25/09/2026,19:18:01,ClassifEspSWE-0002026-05-29_1,JOHANKARLSSON,202609261748VE9C8UHA,2026_25_sep_19,Citizen Science (ultrasonic) - shared
59~40306+18~07249_20260925_191807.wav,DEV_001_20260925_191807.wav,0,59.40306,18.07249,Phogri,Pholidoptera griseoaptera,Dark Bush-cricket,bush-cricket,0.97,,,25/09/2026,25/09/2026,19:18:07,ClassifEspSWE-0002026-05-29_1,JOHANKARLSSON,202609261748VE9C8UHA,2026_25_sep_19,Citizen Science (ultrasonic) - shared
59~40306+18~07249_20260925_191814.wav,DEV_001_20260925_191814.wav,0,59.40306,18.07249,Phogri,Pholidoptera griseoaptera,Dark Bush-cricket,bush-cricket,0.99,,,25/09/2026,25/09/2026,19:18:14,ClassifEspSWE-0002026-05-29_1,JOHANKARLSSON,202609261748VE9C8UHA,2026_25_sep_19,Citizen Science (ultrasonic) - shared
59~40306+18~07249_20260925_191819.wav,DEV_001_20260925_191819.wav,0,59.40306,18.07249,Phogri,Pholidoptera griseoaptera,Dark Bush-cricket,bush-cricket,0.99,,,25/09/2026,25/09/2026,19:18:19,ClassifEspSWE-0002026-05-29_1,JOHANKARLSSON,202609261748VE9C8UHA,2026_25_sep_19,Citizen Science (ultrasonic) - shared
59~40306+18~07249_20260925_191824.wav,DEV_001_20260925_191824.wav,0,59.40306,18.07249,Phogri,Pholidoptera griseoaptera,Dark Bush-cricket,bush-cricket,0.98,,,25/09/2026,25/09/2026,19:18:24,ClassifEspSWE-0002026-05-29_1,JOHANKARLSSON,202609261748VE9C8UHA,2026_25_sep_19,Citizen Science (ultrasonic) - shared
59~40306+18~07249_20260925_191831.wav,DEV_001_20260925_191831.wav,0,59.40306,18.07249,Phogri,Pholidoptera griseoaptera,Dark Bush-cricket,bush-cricket,0.99,,,25/09/2026,25/09/2026,19:18:31,ClassifEspSWE-0002026-05-29_1,JOHANKARLSSON,202609261748VE9C8UHA,2026_25_sep_19,Citizen Science (ultrasonic) - shared
59~40306+18~07249_20260925_191837.wav,DEV_001_20260925_191837.wav,0,59.40306,18.07249,Phogri,Pholidoptera griseoaptera,Dark Bush-cricket,bush-cricket,0.98,,,25/09/2026,25/09/2026,19:18:37,ClassifEspSWE-0002026-05-29_1,JOHANKARLSSON,202609261748VE9C8UHA,2026_25_sep_19,Citizen Science (ultrasonic) - shared
59~40306+18~07249_20260925_191843.wav,DEV_001_20260925_191843.wav,0,59.40306,18.07249,Phogri,Pholidoptera griseoaptera,Dark Bush-cricket,bush-cricket,0.98,,,25/09/2026,25/09/2026,19:18:43,ClassifEspSWE-0002026-05-29_1,JOHANKARLSSON,202609261748VE9C8UHA,2026_25_sep_19,Citizen Science (ultrasonic) - shared
59~40306+18~07249_20260925_191848.wav,DEV_001_20260925_191848.wav,0,59.40306,18.07249,Phogri,Pholidoptera griseoaptera,Dark Bush-cricket,bush-cricket,0.98,,,25/09/2026,25/09/2026,19:18:48,ClassifEspSWE-0002026-05-29_1,JOHANKARLSSON,202609261748VE9C8UHA,2026_25_sep_19,Citizen Science (ultrasonic) - shared
59~40306+18~07249_20260925_191853.wav,DEV_001_20260925_191853.wav,0,59.40306,18.07249,Phogri,Pholidoptera griseoaptera,Dark Bush-cricket,bush-cricket,0.96,,,25/09/2026,25/09/2026,19:18:53,ClassifEspSWE-0002026-05-29_1,JOHANKARLSSON,202609261748VE9C8UHA,2026_25_sep_19,Citizen Science (ultrasonic) - shared
59~40306+18~07249_20260925_191859.wav,DEV_001_20260925_191859.wav,0,59.40306,18.07249,Phogri,Pholidoptera griseoaptera,Dark Bush-cricket,bush-cricket,0.99,,,25/09/2026,25/09/2026,19:18:59,ClassifEspSWE-0002026-05-29_1,JOHANKARLSSON,202609261748VE9C8UHA,2026_25_sep_19,Citizen Science (ultrasonic) - shared
59~40306+18~07249_20260925_191905.wav,DEV_001_20260925_191905.wav,0,59.40306,18.07249,Phogri,Pholidoptera griseoaptera,Dark Bush-cricket,bush-cricket,0.98,,,25/09/2026,25/09/2026,19:19:05,ClassifEspSWE-0002026-05-29_1,JOHANKARLSSON,202609261748VE9C8UHA,2026_25_sep_19,Citizen Science (ultrasonic) - shared
59~40306+18~07249_20260925_191911.wav,DEV_001_20260925_191911.wav,0,59.40306,18.07249,Phogri,Pholidoptera griseoaptera,Dark Bush-cricket,bush-cricket,0.98,,,25/09/2026,25/09/2026,19:19:11,ClassifEspSWE-0002026-05-29_1,JOHANKARLSSON,202609261748VE9C8UHA,2026_25_sep_19,Citizen Science (ultrasonic) - shared
59~40306+18~07249_20260925_191917.wav,DEV_001_20260925_191917.wav,0,59.40306,18.07249,Phogri,Pholidoptera griseoaptera,Dark Bush-cricket,bush-cricket,0.96,,,25/09/2026,25/09/2026,19:19:17,ClassifEspSWE-0002026-05-29_1,JOHANKARLSSON,202609261748VE9C8UHA,2026_25_sep_19,Citizen Science (ultrasonic) - shared
59~40306+18~07249_20260925_191923.wav,DEV_001_20260925_191923.wav,0,59.40306,18.07249,Phogri,Pholidoptera griseoaptera,Dark Bush-cricket,bush-cricket,0.99,,,25/09/2026,25/09/2026,19:19:23,ClassifEspSWE-0002026-05-29_1,JOHANKARLSSON,202609261748VE9C8UHA,2026_25_sep_19,Citizen Science (ultrasonic) - shared
59~40306+18~07249_20260925_191929.wav,DEV_001_20260925_191929.wav,0,59.40306,18.07249,Phogri,Pholidoptera griseoaptera,Dark Bush-cricket,bush-cricket,0.97,,,25/09/2026,25/09/2026,19:19:29,ClassifEspSWE-0002026-05-29_1,JOHANKARLSSON,202609261748VE9C8UHA,2026_25_sep_19,Citizen Science (ultrasonic) - shared
59~40306+18~07249_20260925_191935.wav,DEV_001_20260925_191935.wav,0,59.40306,18.07249,Phogri,Pholidoptera griseoaptera,Dark Bush-cricket,bush-cricket,0.97,,,25/09/2026,25/09/2026,19:19:35,ClassifEspSWE-0002026-05-29_1,JOHANKARLSSON,202609261748VE9C8UHA,2026_25_sep_19,Citizen Science (ultrasonic) - shared
59~40306+18~07249_20260925_191941.wav,DEV_001_20260925_191941.wav,0,59.40306,18.07249,Phogri,Pholidoptera griseoaptera,Dark Bush-cricket,bush-cricket,0.99,,,25/09/2026,25/09/2026,19:19:41,ClassifEspSWE-0002026-05-29_1,JOHANKARLSSON,202609261748VE9C8UHA,2026_25_sep_19,Citizen Science (ultrasonic) - shared
59~40306+18~07249_20260925_191948.wav,DEV_001_20260925_191948.wav,0,59.40306,18.07249,Phogri,Pholidoptera griseoaptera,Dark Bush-cricket,bush-cricket,0.98,,,25/09/2026,25/09/2026,19:19:48,ClassifEspSWE-0002026-05-29_1,JOHANKARLSSON,202609261748VE9C8UHA,2026_25_sep_19,Citizen Science (ultrasonic) - shared
59~40306+18~07249_20260925_191953.wav,DEV_001_20260925_191953.wav,0,59.40306,18.07249,Phogri,Pholidoptera griseoaptera,Dark Bush-cricket,bush-cricket,0.99,,,25/09/2026,25/09/2026,19:19:53,ClassifEspSWE-0002026-05-29_1,JOHANKARLSSON,202609261748VE9C8UHA,2026_25_sep_19,Citizen Science (ultrasonic) - shared
59~40306+18~07249_20260925_191959.wav,DEV_001_20260925_191959.wav,0,59.40306,18.07249,Phogri,Pholidoptera griseoaptera,Dark Bush-cricket,bush-cricket,0.97,,,25/09/2026,25/09/2026,19:19:59,ClassifEspSWE-0002026-05-29_1,JOHANKARLSSON,202609261748VE9C8UHA,2026_25_sep_19,Citizen Science (ultrasonic) - shared
59~40306+18~07249_20260925_192004.wav,DEV_001_20260925_192004.wav,0,59.40306,18.07249,Phogri,Pholidoptera griseoaptera,Dark Bush-cricket,bush-cricket,0.99,,,25/09/2026,25/09/2026,19:20:04,ClassifEspSWE-0002026-05-29_1,JOHANKARLSSON,202609261748VE9C8UHA,2026_25_sep_19,Citizen Science (ultrasonic) - shared
59~40306+18~07249_20260925_192010.wav,DEV_001_20260925_192010.wav,0,59.40306,18.07249,Phogri,Pholidoptera griseoaptera,Dark Bush-cricket,bush-cricket,0.97,,,25/09/2026,25/09/2026,19:20:10,ClassifEspSWE-0002026-05-29_1,JOHANKARLSSON,202609261748VE9C8UHA,2026_25_sep_19,Citizen Science (ultrasonic) - shared
59~40306+18~07249_20260925_192015.wav,DEV_001_20260925_192015.wav,0,59.40306,18.07249,Phogri,Pholidoptera griseoaptera,Dark Bush-cricket,bush-cricket,0.99,,,25/09/2026,25/09/2026,19:20:15,ClassifEspSWE-0002026-05-29_1,JOHANKARLSSON,202609261748VE9C8UHA,2026_25_sep_19,Citizen Science (ultrasonic) - shared
59~40306+18~07249_20260925_192021.wav,DEV_001_20260925_192021.wav,0,59.40306,18.07249,Phogri,Pholidoptera griseoaptera,Dark Bush-cricket,bush-cricket,0.98,,,25/09/2026,25/09/2026,19:20:21,ClassifEspSWE-0002026-05-29_1,JOHANKARLSSON,202609261748VE9C8UHA,2026_25_sep_19,Citizen Science (ultrasonic) - shared
59~40306+18~07249_20260925_192027.wav,DEV_001_20260925_192027.wav,0,59.40306,18.07249,Phogri,Pholidoptera griseoaptera,Dark Bush-cricket,bush-cricket,0.99,,,25/09/2026,25/09/2026,19:20:27,ClassifEspSWE-0002026-05-29_1,JOHANKARLSSON,202609261748VE9C8UHA,2026_25_sep_19,Citizen Science (ultrasonic) - shared
59~40306+18~07249_20260925_192032.wav,DEV_001_20260925_192032.wav,0,59.40306,18.07249,Phogri,Pholidoptera griseoaptera,Dark Bush-cricket,bush-cricket,0.99,,,25/09/2026,25/09/2026,19:20:32,ClassifEspSWE-0002026-05-29_1,JOHANKARLSSON,202609261748VE9C8UHA,2026_25_sep_19,Citizen Science (ultrasonic) - shared
59~40306+18~07249_20260925_192037.wav,DEV_001_20260925_192037.wav,0,59.40306,18.07249,Phogri,Pholidoptera griseoaptera,Dark Bush-cricket,bush-cricket,0.99,,,25/09/2026,25/09/2026,19:20:37,ClassifEspSWE-0002026-05-29_1,JOHANKARLSSON,202609261748VE9C8UHA,2026_25_sep_19,Citizen Science (ultrasonic) - shared
59~40306+18~07249_20260925_192043.wav,DEV_001_20260925_192043.wav,0,59.40306,18.07249,Phogri,Pholidoptera griseoaptera,Dark Bush-cricket,bush-cricket,0.91,,,25/09/2026,25/09/2026,19:20:43,ClassifEspSWE-0002026-05-29_1,JOHANKARLSSON,202609261748VE9C8UHA,2026_25_sep_19,Citizen Science (ultrasonic) - shared
59~40306+18~07249_20260925_192049.wav,DEV_001_20260925_192049.wav,0,59.40306,18.07249,Phogri,Pholidoptera griseoaptera,Dark Bush-cricket,bush-cricket,0.99,,,25/09/2026,25/09/2026,19:20:49,ClassifEspSWE-0002026-05-29_1,JOHANKARLSSON,202609261748VE9C8UHA,2026_25_sep_19,Citizen Science (ultrasonic) - shared
59~40306+18~07249_20260925_192055.wav,DEV_001_20260925_192055.wav,0,59.40306,18.07249,Phogri,Pholidoptera griseoaptera,Dark Bush-cricket,bush-cricket,0.98,,,25/09/2026,25/09/2026,19:20:55,ClassifEspSWE-0002026-05-29_1,JOHANKARLSSON,202609261748VE9C8UHA,2026_25_sep_19,Citizen Science (ultrasonic) - shared
59~40306+18~07249_20260925_192101.wav,DEV_001_20260925_192101.wav,0,59.40306,18.07249,Phogri,Pholidoptera griseoaptera,Dark Bush-cricket,bush-cricket,0.97,,,25/09/2026,25/09/2026,19:21:01,ClassifEspSWE-0002026-05-29_1,JOHANKARLSSON,202609261748VE9C8UHA,2026_25_sep_19,Citizen Science (ultrasonic) - shared
59~40306+18~07249_20260925_192107.wav,DEV_001_20260925_192107.wav,0,59.40306,18.07249,Phogri,Pholidoptera griseoaptera,Dark Bush-cricket,bush-cricket,0.98,,,25/09/2026,25/09/2026,19:21:07,ClassifEspSWE-0002026-05-29_1,JOHANKARLSSON,202609261748VE9C8UHA,2026_25_sep_19,Citizen Science (ultrasonic) - shared
59~40306+18~07249_20260925_192113.wav,DEV_001_20260925_192113.wav,0,59.40306,18.07249,Phogri,Pholidoptera griseoaptera,Dark Bush-cricket,bush-cricket,0.99,,,25/09/2026,25/09/2026,19:21:13,ClassifEspSWE-0002026-05-29_1,JOHANKARLSSON,202609261748VE9C8UHA,2026_25_sep_19,Citizen Science (ultrasonic) - shared
59~40306+18~07249_20260925_192118.wav,DEV_001_20260925_192118.wav,0,59.40306,18.07249,Phogri,Pholidoptera griseoaptera,Dark Bush-cricket,bush-cricket,0.98,,,25/09/2026,25/09/2026,19:21:18,ClassifEspSWE-0002026-05-29_1,JOHANKARLSSON,202609261748VE9C8UHA,2026_25_sep_19,Citizen Science (ultrasonic) - shared
59~40306+18~07249_20260925_192125.wav,DEV_001_20260925_192125.wav,0,59.40306,18.07249,Phogri,Pholidoptera griseoaptera,Dark Bush-cricket,bush-cricket,0.99,,,25/09/2026,25/09/2026,19:21:25,ClassifEspSWE-0002026-05-29_1,JOHANKARLSSON,202609261748VE9C8UHA,2026_25_sep_19,Citizen Science (ultrasonic) - shared
59~40306+18~07249_20260925_192130.wav,DEV_001_20260925_192130.wav,0,59.40306,18.07249,Phogri,Pholidoptera griseoaptera,Dark Bush-cricket,bush-cricket,0.99,,,25/09/2026,25/09/2026,19:21:30,ClassifEspSWE-0002026-05-29_1,JOHANKARLSSON,202609261748VE9C8UHA,2026_25_sep_19,Citizen Science (ultrasonic) - shared
59~40306+18~07249_20260925_192135.wav,DEV_001_20260925_192135.wav,0,59.40306,18.07249,Phogri,Pholidoptera griseoaptera,Dark Bush-cricket,bush-cricket,0.99,,,25/09/2026,25/09/2026,19:21:35,ClassifEspSWE-0002026-05-29_1,JOHANKARLSSON,202609261748VE9C8UHA,2026_25_sep_19,Citizen Science (ultrasonic) - shared
59~40306+18~07249_20260925_192140.wav,DEV_001_20260925_192140.wav,0,59.40306,18.07249,Phogri,Pholidoptera griseoaptera,Dark Bush-cricket,bush-cricket,0.99,,,25/09/2026,25/09/2026,19:21:40,ClassifEspSWE-0002026-05-29_1,JOHANKARLSSON,202609261748VE9C8UHA,2026_25_sep_19,Citizen Science (ultrasonic) - shared
59~40306+18~07249_20260925_192146.wav,DEV_001_20260925_192146.wav,0,59.40306,18.07249,Phogri,Pholidoptera griseoaptera,Dark Bush-cricket,bush-cricket,0.97,,,25/09/2026,25/09/2026,19:21:46,ClassifEspSWE-0002026-05-29_1,JOHANKARLSSON,202609261748VE9C8UHA,2026_25_sep_19,Citizen Science (ultrasonic) - shared
59~40306+18~07249_20260925_192152.wav,DEV_001_20260925_192152.wav,0,59.40306,18.07249,Phogri,Pholidoptera griseoaptera,Dark Bush-cricket,bush-cricket,0.99,,,25/09/2026,25/09/2026,19:21:52,ClassifEspSWE-0002026-05-29_1,JOHANKARLSSON,202609261748VE9C8UHA,2026_25_sep_19,Citizen Science (ultrasonic) - shared
59~40306+18~07249_20260925_192157.wav,DEV_001_20260925_192157.wav,0,59.40306,18.07249,Phogri,Pholidoptera griseoaptera,Dark Bush-cricket,bush-cricket,0.97,,,25/09/2026,25/09/2026,19:21:57,ClassifEspSWE-0002026-05-29_1,JOHANKARLSSON,202609261748VE9C8UHA,2026_25_sep_19,Citizen Science (ultrasonic) - shared
59~40306+18~07249_20260925_192204.wav,DEV_001_20260925_192204.wav,0,59.40306,18.07249,Phogri,Pholidoptera griseoaptera,Dark Bush-cricket,bush-cricket,0.99,,,25/09/2026,25/09/2026,19:22:04,ClassifEspSWE-0002026-05-29_1,JOHANKARLSSON,202609261748VE9C8UHA,2026_25_sep_19,Citizen Science (ultrasonic) - shared
59~40306+18~07249_20260925_192209.wav,DEV_001_20260925_192209.wav,0,59.40306,18.07249,Phogri,Pholidoptera griseoaptera,Dark Bush-cricket,bush-cricket,0.98,,,25/09/2026,25/09/2026,19:22:09,ClassifEspSWE-0002026-05-29_1,JOHANKARLSSON,202609261748VE9C8UHA,2026_25_sep_19,Citizen Science (ultrasonic) - shared
59~40306+18~07249_20260925_192214.wav,DEV_001_20260925_192214.wav,0,59.40306,18.07249,Phogri,Pholidoptera griseoaptera,Dark Bush-cricket,bush-cricket,0.99,,,25/09/2026,25/09/2026,19:22:14,ClassifEspSWE-0002026-05-29_1,JOHANKARLSSON,202609261748VE9C8UHA,2026_25_sep_19,Citizen Science (ultrasonic) - shared
59~40306+18~07249_20260925_192220.wav,DEV_001_20260925_192220.wav,0,59.40306,18.07249,Phogri,Pholidoptera griseoaptera,Dark Bush-cricket,bush-cricket,0.97,,,25/09/2026,25/09/2026,19:22:20,ClassifEspSWE-0002026-05-29_1,JOHANKARLSSON,202609261748VE9C8UHA,2026_25_sep_19,Citizen Science (ultrasonic) - shared
59~40306+18~07249_20260925_192226.wav,DEV_001_20260925_192226.wav,0,59.40306,18.07249,Phogri,Pholidoptera griseoaptera,Dark Bush-cricket,bush-cricket,0.96,,,25/09/2026,25/09/2026,19:22:26,ClassifEspSWE-0002026-05-29_1,JOHANKARLSSON,202609261748VE9C8UHA,2026_25_sep_19,Citizen Science (ultrasonic) - shared
59~40306+18~07249_20260925_192233.wav,DEV_001_20260925_192233.wav,0,59.40306,18.07249,Phogri,Pholidoptera griseoaptera,Dark Bush-cricket,bush-cricket,0.99,,,25/09/2026,25/09/2026,19:22:33,ClassifEspSWE-0002026-05-29_1,JOHANKARLSSON,202609261748VE9C8UHA,2026_25_sep_19,Citizen Science (ultrasonic) - shared
59~40306+18~07249_20260925_192238.wav,DEV_001_20260925_192238.wav,0,59.40306,18.07249,Phogri,Pholidoptera griseoaptera,Dark Bush-cricket,bush-cricket,0.99,,,25/09/2026,25/09/2026,19:22:38,ClassifEspSWE-0002026-05-29_1,JOHANKARLSSON,202609261748VE9C8UHA,2026_25_sep_19,Citizen Science (ultrasonic) - shared
59~40306+18~07249_20260925_192245.wav,DEV_001_20260925_192245.wav,0,59.40306,18.07249,Phogri,Pholidoptera griseoaptera,Dark Bush-cricket,bush-cricket,0.98,,,25/09/2026,25/09/2026,19:22:45,ClassifEspSWE-0002026-05-29_1,JOHANKARLSSON,202609261748VE9C8UHA,2026_25_sep_19,Citizen Science (ultrasonic) - shared
59~40306+18~07249_20260925_192250.wav,DEV_001_20260925_192250.wav,0,59.40306,18.07249,Phogri,Pholidoptera griseoaptera,Dark Bush-cricket,bush-cricket,0.86,,,25/09/2026,25/09/2026,19:22:50,ClassifEspSWE-0002026-05-29_1,JOHANKARLSSON,202609261748VE9C8UHA,2026_25_sep_19,Citizen Science (ultrasonic) - shared
59~40306+18~07249_20260925_192256.wav,DEV_001_20260925_192256.wav,0,59.40306,18.07249,Phogri,Pholidoptera griseoaptera,Dark Bush-cricket,bush-cricket,0.98,,,25/09/2026,25/09/2026,19:22:56,ClassifEspSWE-0002026-05-29_1,JOHANKARLSSON,202609261748VE9C8UHA,2026_25_sep_19,Citizen Science (ultrasonic) - shared
59~40306+18~07249_20260925_192302.wav,DEV_001_20260925_192302.wav,0,59.40306,18.07249,Phogri,Pholidoptera griseoaptera,Dark Bush-cricket,bush-cricket,0.99,,,25/09/2026,25/09/2026,19:23:02,ClassifEspSWE-0002026-05-29_1,JOHANKARLSSON,202609261748VE9C8UHA,2026_25_sep_19,Citizen Science (ultrasonic) - shared
59~40306+18~07249_20260925_192308.wav,DEV_001_20260925_192308.wav,0,59.40306,18.07249,Phogri,Pholidoptera griseoaptera,Dark Bush-cricket,bush-cricket,0.98,,,25/09/2026,25/09/2026,19:23:08,ClassifEspSWE-0002026-05-29_1,JOHANKARLSSON,202609261748VE9C8UHA,2026_25_sep_19,Citizen Science (ultrasonic) - shared
59~40306+18~07249_20260925_192313.wav,DEV_001_20260925_192313.wav,0,59.40306,18.07249,Phogri,Pholidoptera griseoaptera,Dark Bush-cricket,bush-cricket,0.99,,,25/09/2026,25/09/2026,19:23:13,ClassifEspSWE-0002026-05-29_1,JOHANKARLSSON,202609261748VE9C8UHA,2026_25_sep_19,Citizen Science (ultrasonic) - shared
59~40306+18~07249_20260925_192320.wav,DEV_001_20260925_192320.wav,0,59.40306,18.07249,Phogri,Pholidoptera griseoaptera,Dark Bush-cricket,bush-cricket,0.91,,,25/09/2026,25/09/2026,19:23:20,ClassifEspSWE-0002026-05-29_1,JOHANKARLSSON,202609261748VE9C8UHA,2026_25_sep_19,Citizen Science (ultrasonic) - shared
59~40306+18~07249_20260925_192325.wav,DEV_001_20260925_192325.wav,0,59.40306,18.07249,Phogri,Pholidoptera griseoaptera,Dark Bush-cricket,bush-cricket,0.96,,,25/09/2026,25/09/2026,19:23:25,ClassifEspSWE-0002026-05-29_1,JOHANKARLSSON,202609261748VE9C8UHA,2026_25_sep_19,Citizen Science (ultrasonic) - shared
59~40306+18~07249_20260925_192331.wav,DEV_001_20260925_192331.wav,0,59.40306,18.07249,Phogri,Pholidoptera griseoaptera,Dark Bush-cricket,bush-cricket,0.99,,,25/09/2026,25/09/2026,19:23:31,ClassifEspSWE-0002026-05-29_1,JOHANKARLSSON,202609261748VE9C8UHA,2026_25_sep_19,Citizen Science (ultrasonic) - shared
59~40306+18~07249_20260925_192337.wav,DEV_001_20260925_192337.wav,0,59.40306,18.07249,Phogri,Pholidoptera griseoaptera,Dark Bush-cricket,bush-cricket,0.99,,,25/09/2026,25/09/2026,19:23:37,ClassifEspSWE-0002026-05-29_1,JOHANKARLSSON,202609261748VE9C8UHA,2026_25_sep_19,Citizen Science (ultrasonic) - shared
59~40306+18~07249_20260925_192345.wav,DEV_001_20260925_192345.wav,0,59.40306,18.07249,Phogri,Pholidoptera griseoaptera,Dark Bush-cricket,bush-cricket,0.99,,,25/09/2026,25/09/2026,19:23:45,ClassifEspSWE-0002026-05-29_1,JOHANKARLSSON,202609261748VE9C8UHA,2026_25_sep_19,Citizen Science (ultrasonic) - shared
59~40306+18~07249_20260925_192350.wav,DEV_001_20260925_192350.wav,0,59.40306,18.07249,Phogri,Pholidoptera griseoaptera,Dark Bush-cricket,bush-cricket,0.99,,,25/09/2026,25/09/2026,19:23:50,ClassifEspSWE-0002026-05-29_1,JOHANKARLSSON,202609261748VE9C8UHA,2026_25_sep_19,Citizen Science (ultrasonic) - shared
59~40306+18~07249_20260925_192356.wav,DEV_001_20260925_192356.wav,0,59.40306,18.07249,Phogri,Pholidoptera griseoaptera,Dark Bush-cricket,bush-cricket,0.99,,,25/09/2026,25/09/2026,19:23:56,ClassifEspSWE-0002026-05-29_1,JOHANKARLSSON,202609261748VE9C8UHA,2026_25_sep_19,Citizen Science (ultrasonic) - shared
59~40306+18~07249_20260925_192402.wav,DEV_001_20260925_192402.wav,0,59.40306,18.07249,Phogri,Pholidoptera griseoaptera,Dark Bush-cricket,bush-cricket,0.99,,,25/09/2026,25/09/2026,19:24:02,ClassifEspSWE-0002026-05-29_1,JOHANKARLSSON,202609261748VE9C8UHA,2026_25_sep_19,Citizen Science (ultrasonic) - shared
59~40306+18~07249_20260925_192409.wav,DEV_001_20260925_192409.wav,0,59.40306,18.07249,Phogri,Pholidoptera griseoaptera,Dark Bush-cricket,bush-cricket,0.99,,,25/09/2026,25/09/2026,19:24:09,ClassifEspSWE-0002026-05-29_1,JOHANKARLSSON,202609261748VE9C8UHA,2026_25_sep_19,Citizen Science (ultrasonic) - shared
59~40306+18~07249_20260925_192416.wav,DEV_001_20260925_192416.wav,0,59.40306,18.07249,Phogri,Pholidoptera griseoaptera,Dark Bush-cricket,bush-cricket,0.93,,,25/09/2026,25/09/2026,19:24:16,ClassifEspSWE-0002026-05-29_1,JOHANKARLSSON,202609261748VE9C8UHA,2026_25_sep_19,Citizen Science (ultrasonic) - shared
59~40306+18~07249_20260925_192423.wav,DEV_001_20260925_192423.wav,0,59.40306,18.07249,Phogri,Pholidoptera griseoaptera,Dark Bush-cricket,bush-cricket,0.98,,,25/09/2026,25/09/2026,19:24:23,ClassifEspSWE-0002026-05-29_1,JOHANKARLSSON,202609261748VE9C8UHA,2026_25_sep_19,Citizen Science (ultrasonic) - shared
59~40306+18~07249_20260925_192428.wav,DEV_001_20260925_192428.wav,0,59.40306,18.07249,Phogri,Pholidoptera griseoaptera,Dark Bush-cricket,bush-cricket,0.99,,,25/09/2026,25/09/2026,19:24:28,ClassifEspSWE-0002026-05-29_1,JOHANKARLSSON,202609261748VE9C8UHA,2026_25_sep_19,Citizen Science (ultrasonic) - shared
59~40306+18~07249_20260925_192435.wav,DEV_001_20260925_192435.wav,0,59.40306,18.07249,Phogri,Pholidoptera griseoaptera,Dark Bush-cricket,bush-cricket,0.95,,,25/09/2026,25/09/2026,19:24:35,ClassifEspSWE-0002026-05-29_1,JOHANKARLSSON,202609261748VE9C8UHA,2026_25_sep_19,Citizen Science (ultrasonic) - shared
59~40306+18~07249_20260925_192440.wav,DEV_001_20260925_192440.wav,0,59.40306,18.07249,Phogri,Pholidoptera griseoaptera,Dark Bush-cricket,bush-cricket,0.99,,,25/09/2026,25/09/2026,19:24:40,ClassifEspSWE-0002026-05-29_1,JOHANKARLSSON,202609261748VE9C8UHA,2026_25_sep_19,Citizen Science (ultrasonic) - shared
59~40306+18~07249_20260925_192445.wav,DEV_001_20260925_192445.wav,0,59.40306,18.07249,Phogri,Pholidoptera griseoaptera,Dark Bush-cricket,bush-cricket,0.88,,,25/09/2026,25/09/2026,19:24:45,ClassifEspSWE-0002026-05-29_1,JOHANKARLSSON,202609261748VE9C8UHA,2026_25_sep_19,Citizen Science (ultrasonic) - shared
59~40306+18~07249_20260925_192451.wav,DEV_001_20260925_192451.wav,0,59.40306,18.07249,Phogri,Pholidoptera griseoaptera,Dark Bush-cricket,bush-cricket,0.99,,,25/09/2026,25/09/2026,19:24:51,ClassifEspSWE-0002026-05-29_1,JOHANKARLSSON,202609261748VE9C8UHA,2026_25_sep_19,Citizen Science (ultrasonic) - shared
59~40306+18~07249_20260925_192457.wav,DEV_001_20260925_192457.wav,0,59.40306,18.07249,Phogri,Pholidoptera griseoaptera,Dark Bush-cricket,bush-cricket,0.95,,,25/09/2026,25/09/2026,19:24:57,ClassifEspSWE-0002026-05-29_1,JOHANKARLSSON,202609261748VE9C8UHA,2026_25_sep_19,Citizen Science (ultrasonic) - shared
59~40306+18~07249_20260925_192502.wav,DEV_001_20260925_192502.wav,0,59.40306,18.07249,Phogri,Pholidoptera griseoaptera,Dark Bush-cricket,bush-cricket,0.97,,,25/09/2026,25/09/2026,19:25:02,ClassifEspSWE-0002026-05-29_1,JOHANKARLSSON,202609261748VE9C8UHA,2026_25_sep_19,Citizen Science (ultrasonic) - shared
59~40306+18~07249_20260925_192508.wav,DEV_001_20260925_192508.wav,0,59.40306,18.07249,Phogri,Pholidoptera griseoaptera,Dark Bush-cricket,bush-cricket,0.99,,,25/09/2026,25/09/2026,19:25:08,ClassifEspSWE-0002026-05-29_1,JOHANKARLSSON,202609261748VE9C8UHA,2026_25_sep_19,Citizen Science (ultrasonic) - shared
59~40306+18~07249_20260925_192514.wav,DEV_001_20260925_192514.wav,0,59.40306,18.07249,Phogri,Pholidoptera griseoaptera,Dark Bush-cricket,bush-cricket,0.96,,,25/09/2026,25/09/2026,19:25:14,ClassifEspSWE-0002026-05-29_1,JOHANKARLSSON,202609261748VE9C8UHA,2026_25_sep_19,Citizen Science (ultrasonic) - shared
59~40306+18~07249_20260925_192520.wav,DEV_001_20260925_192520.wav,0,59.40306,18.07249,Phogri,Pholidoptera griseoaptera,Dark Bush-cricket,bush-cricket,0.99,,,25/09/2026,25/09/2026,19:25:20,ClassifEspSWE-0002026-05-29_1,JOHANKARLSSON,202609261748VE9C8UHA,2026_25_sep_19,Citizen Science (ultrasonic) - shared
59~40306+18~07249_20260925_192526.wav,DEV_001_20260925_192526.wav,0,59.40306,18.07249,Phogri,Pholidoptera griseoaptera,Dark Bush-cricket,bush-cricket,0.98,,,25/09/2026,25/09/2026,19:25:26,ClassifEspSWE-0002026-05-29_1,JOHANKARLSSON,202609261748VE9C8UHA,2026_25_sep_19,Citizen Science (ultrasonic) - shared
59~40306+18~07249_20260925_192531.wav,DEV_001_20260925_192531.wav,0,59.40306,18.07249,Phogri,Pholidoptera griseoaptera,Dark Bush-cricket,bush-cricket,0.99,,,25/09/2026,25/09/2026,19:25:31,ClassifEspSWE-0002026-05-29_1,JOHANKARLSSON,202609261748VE9C8UHA,2026_25_sep_19,Citizen Science (ultrasonic) - shared
59~40306+18~07249_20260925_192538.wav,DEV_001_20260925_192538.wav,0,59.40306,18.07249,Phogri,Pholidoptera griseoaptera,Dark Bush-cricket,bush-cricket,0.81,,,25/09/2026,25/09/2026,19:25:38,ClassifEspSWE-0002026-05-29_1,JOHANKARLSSON,202609261748VE9C8UHA,2026_25_sep_19,Citizen Science (ultrasonic) - shared
59~40306+18~07249_20260925_192544.wav,DEV_001_20260925_192544.wav,0,59.40306,18.07249,Phogri,Pholidoptera griseoaptera,Dark Bush-cricket,bush-cricket,0.95,,,25/09/2026,25/09/2026,19:25:44,ClassifEspSWE-0002026-05-29_1,JOHANKARLSSON,202609261748VE9C8UHA,2026_25_sep_19,Citizen Science (ultrasonic) - shared
59~40306+18~07249_20260925_192550.wav,DEV_001_20260925_192550.wav,0,59.40306,18.07249,Phogri,Pholidoptera griseoaptera,Dark Bush-cricket,bush-cricket,0.97,,,25/09/2026,25/09/2026,19:25:50,ClassifEspSWE-0002026-05-29_1,JOHANKARLSSON,202609261748VE9C8UHA,2026_25_sep_19,Citizen Science (ultrasonic) - shared
59~40306+18~07249_20260925_192556.wav,DEV_001_20260925_192556.wav,0,59.40306,18.07249,Phogri,Pholidoptera griseoaptera,Dark Bush-cricket,bush-cricket,0.99,,,25/09/2026,25/09/2026,19:25:56,ClassifEspSWE-0002026-05-29_1,JOHANKARLSSON,202609261748VE9C8UHA,2026_25_sep_19,Citizen Science (ultrasonic) - shared
59~40306+18~07249_20260925_192603.wav,DEV_001_20260925_192603.wav,0,59.40306,18.07249,Phogri,Pholidoptera griseoaptera,Dark Bush-cricket,bush-cricket,0.94,,,25/09/2026,25/09/2026,19:26:03,ClassifEspSWE-0002026-05-29_1,JOHANKARLSSON,202609261748VE9C8UHA,2026_25_sep_19,Citizen Science (ultrasonic) - shared
59~40306+18~07249_20260925_192610.wav,DEV_001_20260925_192610.wav,0,59.40306,18.07249,Phogri,Pholidoptera griseoaptera,Dark Bush-cricket,bush-cricket,0.82,,,25/09/2026,25/09/2026,19:26:10,ClassifEspSWE-0002026-05-29_1,JOHANKARLSSON,202609261748VE9C8UHA,2026_25_sep_19,Citizen Science (ultrasonic) - shared
59~40306+18~07249_20260925_192617.wav,DEV_001_20260925_192617.wav,0,59.40306,18.07249,Phogri,Pholidoptera griseoaptera,Dark Bush-cricket,bush-cricket,0.95,,,25/09/2026,25/09/2026,19:26:17,ClassifEspSWE-0002026-05-29_1,JOHANKARLSSON,202609261748VE9C8UHA,2026_25_sep_19,Citizen Science (ultrasonic) - shared
59~40306+18~07249_20260925_192624.wav,DEV_001_20260925_192624.wav,0,59.40306,18.07249,Phogri,Pholidoptera griseoaptera,Dark Bush-cricket,bush-cricket,0.99,,,25/09/2026,25/09/2026,19:26:24,ClassifEspSWE-0002026-05-29_1,JOHANKARLSSON,202609261748VE9C8UHA,2026_25_sep_19,Citizen Science (ultrasonic) - shared
59~40306+18~07249_20260925_192630.wav,DEV_001_20260925_192630.wav,0,59.40306,18.07249,Phogri,Pholidoptera griseoaptera,Dark Bush-cricket,bush-cricket,0.99,,,25/09/2026,25/09/2026,19:26:30,ClassifEspSWE-0002026-05-29_1,JOHANKARLSSON,202609261748VE9C8UHA,2026_25_sep_19,Citizen Science (ultrasonic) - shared
59~40306+18~07249_20260925_192635.wav,DEV_001_20260925_192635.wav,0,59.40306,18.07249,Phogri,Pholidoptera griseoaptera,Dark Bush-cricket,bush-cricket,0.94,,,25/09/2026,25/09/2026,19:26:35,ClassifEspSWE-0002026-05-29_1,JOHANKARLSSON,202609261748VE9C8UHA,2026_25_sep_19,Citizen Science (ultrasonic) - shared
59~40306+18~07249_20260925_192641.wav,DEV_001_20260925_192641.wav,0,59.40306,18.07249,Phogri,Pholidoptera griseoaptera,Dark Bush-cricket,bush-cricket,0.99,,,25/09/2026,25/09/2026,19:26:41,ClassifEspSWE-0002026-05-29_1,JOHANKARLSSON,202609261748VE9C8UHA,2026_25_sep_19,Citizen Science (ultrasonic) - shared
59~40306+18~07249_20260925_192646.wav,DEV_001_20260925_192646.wav,0,59.40306,18.07249,Phogri,Pholidoptera griseoaptera,Dark Bush-cricket,bush-cricket,0.99,,,25/09/2026,25/09/2026,19:26:46,ClassifEspSWE-0002026-05-29_1,JOHANKARLSSON,202609261748VE9C8UHA,2026_25_sep_19,Citizen Science (ultrasonic) - shared
59~40306+18~07249_20260925_192653.wav,DEV_001_20260925_192653.wav,0,59.40306,18.07249,Phogri,Pholidoptera griseoaptera,Dark Bush-cricket,bush-cricket,0.93,,,25/09/2026,25/09/2026,19:26:53,ClassifEspSWE-0002026-05-29_1,JOHANKARLSSON,202609261748VE9C8UHA,2026_25_sep_19,Citizen Science (ultrasonic) - shared
59~40306+18~07249_20260925_192700.wav,DEV_001_20260925_192700.wav,0,59.40306,18.07249,Phogri,Pholidoptera griseoaptera,Dark Bush-cricket,bush-cricket,0.9,,,25/09/2026,25/09/2026,19:27:00,ClassifEspSWE-0002026-05-29_1,JOHANKARLSSON,202609261748VE9C8UHA,2026_25_sep_19,Citizen Science (ultrasonic) - shared
59~40306+18~07249_20260925_192707.wav,DEV_001_20260925_192707.wav,0,59.40306,18.07249,Phogri,Pholidoptera griseoaptera,Dark Bush-cricket,bush-cricket,0.98,,,25/09/2026,25/09/2026,19:27:07,ClassifEspSWE-0002026-05-29_1,JOHANKARLSSON,202609261748VE9C8UHA,2026_25_sep_19,Citizen Science (ultrasonic) - shared
59~40306+18~07249_20260925_192713.wav,DEV_001_20260925_192713.wav,0,59.40306,18.07249,Phogri,Pholidoptera griseoaptera,Dark Bush-cricket,bush-cricket,0.71,,,25/09/2026,25/09/2026,19:27:13,ClassifEspSWE-0002026-05-29_1,JOHANKARLSSON,202609261748VE9C8UHA,2026_25_sep_19,Citizen Science (ultrasonic) - shared
59~40306+18~07249_20260925_192720.wav,DEV_001_20260925_192720.wav,0,59.40306,18.07249,Phogri,Pholidoptera griseoaptera,Dark Bush-cricket,bush-cricket,0.98,,,25/09/2026,25/09/2026,19:27:20,ClassifEspSWE-0002026-05-29_1,JOHANKARLSSON,202609261748VE9C8UHA,2026_25_sep_19,Citizen Science (ultrasonic) - shared
59~40306+18~07249_20260925_192725.wav,DEV_001_20260925_192725.wav,0,59.40306,18.07249,Phogri,Pholidoptera griseoaptera,Dark Bush-cricket,bush-cricket,0.98,,,25/09/2026,25/09/2026,19:27:25,ClassifEspSWE-0002026-05-29_1,JOHANKARLSSON,202609261748VE9C8UHA,2026_25_sep_19,Citizen Science (ultrasonic) - shared
59~40306+18~07249_20260925_192732.wav,DEV_001_20260925_192732.wav,0,59.40306,18.07249,Phogri,Pholidoptera griseoaptera,Dark Bush-cricket,bush-cricket,0.98,,,25/09/2026,25/09/2026,19:27:32,ClassifEspSWE-0002026-05-29_1,JOHANKARLSSON,202609261748VE9C8UHA,2026_25_sep_19,Citizen Science (ultrasonic) - shared
59~40306+18~07249_20260925_192743.wav,DEV_001_20260925_192743.wav,0,59.40306,18.07249,Phogri,Pholidoptera griseoaptera,Dark Bush-cricket,bush-cricket,0.98,,,25/09/2026,25/09/2026,19:27:43,ClassifEspSWE-0002026-05-29_1,JOHANKARLSSON,202609261748VE9C8UHA,2026_25_sep_19,Citizen Science (ultrasonic) - shared
59~40306+18~07249_20260925_192749.wav,DEV_001_20260925_192749.wav,0,59.40306,18.07249,Phogri,Pholidoptera griseoaptera,Dark Bush-cricket,bush-cricket,0.95,,,25/09/2026,25/09/2026,19:27:49,ClassifEspSWE-0002026-05-29_1,JOHANKARLSSON,202609261748VE9C8UHA,2026_25_sep_19,Citizen Science (ultrasonic) - shared
59~40306+18~07249_20260925_192755.wav,DEV_001_20260925_192755.wav,0,59.40306,18.07249,Phogri,Pholidoptera griseoaptera,Dark Bush-cricket,bush-cricket,0.99,,,25/09/2026,25/09/2026,19:27:55,ClassifEspSWE-0002026-05-29_1,JOHANKARLSSON,202609261748VE9C8UHA,2026_25_sep_19,Citizen Science (ultrasonic) - shared
59~40306+18~07249_20260925_192800.wav,DEV_001_20260925_192800.wav,0,59.40306,18.07249,Phogri,Pholidoptera griseoaptera,Dark Bush-cricket,bush-cricket,0.96,,,25/09/2026,25/09/2026,19:28:00,ClassifEspSWE-0002026-05-29_1,JOHANKARLSSON,202609261748VE9C8UHA,2026_25_sep_19,Citizen Science (ultrasonic) - shared
59~40306+18~07249_20260925_192812.wav,DEV_001_20260925_192812.wav,0,59.40306,18.07249,Phogri,Pholidoptera griseoaptera,Dark Bush-cricket,bush-cricket,0.82,,,25/09/2026,25/09/2026,19:28:12,ClassifEspSWE-0002026-05-29_1,JOHANKARLSSON,202609261748VE9C8UHA,2026_25_sep_19,Citizen Science (ultrasonic) - shared
59~40306+18~07249_20260925_192819.wav,DEV_001_20260925_192819.wav,0,59.40306,18.07249,Phogri,Pholidoptera griseoaptera,Dark Bush-cricket,bush-cricket,0.99,,,25/09/2026,25/09/2026,19:28:19,ClassifEspSWE-0002026-05-29_1,JOHANKARLSSON,202609261748VE9C8UHA,2026_25_sep_19,Citizen Science (ultrasonic) - shared
59~40306+18~07249_20260925_192828.wav,DEV_001_20260925_192828.wav,0,59.40306,18.07249,Phogri,Pholidoptera griseoaptera,Dark Bush-cricket,bush-cricket,0.92,,,25/09/2026,25/09/2026,19:28:28,ClassifEspSWE-0002026-05-29_1,JOHANKARLSSON,202609261748VE9C8UHA,2026_25_sep_19,Citizen Science (ultrasonic) - shared
59~40306+18~07249_20260925_192834.wav,DEV_001_20260925_192834.wav,0,59.40306,18.07249,Phogri,Pholidoptera griseoaptera,Dark Bush-cricket,bush-cricket,0.99,,,25/09/2026,25/09/2026,19:28:34,ClassifEspSWE-0002026-05-29_1,JOHANKARLSSON,202609261748VE9C8UHA,2026_25_sep_19,Citizen Science (ultrasonic) - shared
59~40306+18~07249_20260925_192843.wav,DEV_001_20260925_192843.wav,0,59.40306,18.07249,Phogri,Pholidoptera griseoaptera,Dark Bush-cricket,bush-cricket,0.99,,,25/09/2026,25/09/2026,19:28:43,ClassifEspSWE-0002026-05-29_1,JOHANKARLSSON,202609261748VE9C8UHA,2026_25_sep_19,Citizen Science (ultrasonic) - shared
59~40306+18~07249_20260925_192848.wav,DEV_001_20260925_192848.wav,0,59.40306,18.07249,Phogri,Pholidoptera griseoaptera,Dark Bush-cricket,bush-cricket,0.99,,,25/09/2026,25/09/2026,19:28:48,ClassifEspSWE-0002026-05-29_1,JOHANKARLSSON,202609261748VE9C8UHA,2026_25_sep_19,Citizen Science (ultrasonic) - shared
59~40306+18~07249_20260925_192856.wav,DEV_001_20260925_192856.wav,0,59.40306,18.07249,Phogri,Pholidoptera griseoaptera,Dark Bush-cricket,bush-cricket,0.99,,,25/09/2026,25/09/2026,19:28:56,ClassifEspSWE-0002026-05-29_1,JOHANKARLSSON,202609261748VE9C8UHA,2026_25_sep_19,Citizen Science (ultrasonic) - shared
59~40306+18~07249_20260925_192905.wav,DEV_001_20260925_192905.wav,0,59.40306,18.07249,Phogri,Pholidoptera griseoaptera,Dark Bush-cricket,bush-cricket,0.99,,,25/09/2026,25/09/2026,19:29:05,ClassifEspSWE-0002026-05-29_1,JOHANKARLSSON,202609261748VE9C8UHA,2026_25_sep_19,Citizen Science (ultrasonic) - shared
59~40306+18~07249_20260925_192917.wav,DEV_001_20260925_192917.wav,0,59.40306,18.07249,Phogri,Pholidoptera griseoaptera,Dark Bush-cricket,bush-cricket,0.98,,,25/09/2026,25/09/2026,19:29:17,ClassifEspSWE-0002026-05-29_1,JOHANKARLSSON,202609261748VE9C8UHA,2026_25_sep_19,Citizen Science (ultrasonic) - shared
59~40306+18~07249_20260925_192941.wav,DEV_001_20260925_192941.wav,0,59.40306,18.07249,Phogri,Pholidoptera griseoaptera,Dark Bush-cricket,bush-cricket,0.99,,,25/09/2026,25/09/2026,19:29:41,ClassifEspSWE-0002026-05-29_1,JOHANKARLSSON,202609261748VE9C8UHA,2026_25_sep_19,Citizen Science (ultrasonic) - shared
59~40306+18~07249_20260925_192947.wav,DEV_001_20260925_192947.wav,0,59.40306,18.07249,Phogri,Pholidoptera griseoaptera,Dark Bush-cricket,bush-cricket,0.99,,,25/09/2026,25/09/2026,19:29:47,ClassifEspSWE-0002026-05-29_1,JOHANKARLSSON,202609261748VE9C8UHA,2026_25_sep_19,Citizen Science (ultrasonic) - shared
59~40306+18~07249_20260925_192953.wav,DEV_001_20260925_192953.wav,0,59.40306,18.07249,Phogri,Pholidoptera griseoaptera,Dark Bush-cricket,bush-cricket,0.99,,,25/09/2026,25/09/2026,19:29:53,ClassifEspSWE-0002026-05-29_1,JOHANKARLSSON,202609261748VE9C8UHA,2026_25_sep_19,Citizen Science (ultrasonic) - shared
59~40306+18~07249_20260925_192958.wav,DEV_001_20260925_192958.wav,0,59.40306,18.07249,Phogri,Pholidoptera griseoaptera,Dark Bush-cricket,bush-cricket,0.99,,,25/09/2026,25/09/2026,19:29:58,ClassifEspSWE-0002026-05-29_1,JOHANKARLSSON,202609261748VE9C8UHA,2026_25_sep_19,Citizen Science (ultrasonic) - shared
59~40306+18~07249_20260925_193011.wav,DEV_001_20260925_193011.wav,0,59.40306,18.07249,Phogri,Pholidoptera griseoaptera,Dark Bush-cricket,bush-cricket,0.99,,,25/09/2026,25/09/2026,19:30:11,ClassifEspSWE-0002026-05-29_1,JOHANKARLSSON,202609261748VE9C8UHA,2026_25_sep_19,Citizen Science (ultrasonic) - shared
59~40306+18~07249_20260925_193021.wav,DEV_001_20260925_193021.wav,0,59.40306,18.07249,Phogri,Pholidoptera griseoaptera,Dark Bush-cricket,bush-cricket,0.99,,,25/09/2026,25/09/2026,19:30:21,ClassifEspSWE-0002026-05-29_1,JOHANKARLSSON,202609261748VE9C8UHA,2026_25_sep_19,Citizen Science (ultrasonic) - shared
59~40306+18~07249_20260925_193030.wav,DEV_001_20260925_193030.wav,0,59.40306,18.07249,Phogri,Pholidoptera griseoaptera,Dark Bush-cricket,bush-cricket,0.99,,,25/09/2026,25/09/2026,19:30:30,ClassifEspSWE-0002026-05-29_1,JOHANKARLSSON,202609261748VE9C8UHA,2026_25_sep_19,Citizen Science (ultrasonic) - shared
59~40306+18~07249_20260925_193036.wav,DEV_001_20260925_193036.wav,0,59.40306,18.07249,Phogri,Pholidoptera griseoaptera,Dark Bush-cricket,bush-cricket,0.96,,,25/09/2026,25/09/2026,19:30:36,ClassifEspSWE-0002026-05-29_1,JOHANKARLSSON,202609261748VE9C8UHA,2026_25_sep_19,Citizen Science (ultrasonic) - shared
59~40306+18~07249_20260925_193048.wav,DEV_001_20260925_193048.wav,0,59.40306,18.07249,Phogri,Pholidoptera griseoaptera,Dark Bush-cricket,bush-cricket,0.98,,,25/09/2026,25/09/2026,19:30:48,ClassifEspSWE-0002026-05-29_1,JOHANKARLSSON,202609261748VE9C8UHA,2026_25_sep_19,Citizen Science (ultrasonic) - shared
59~40306+18~07249_20260925_193056.wav,DEV_001_20260925_193056.wav,0,59.40306,18.07249,Phogri,Pholidoptera griseoaptera,Dark Bush-cricket,bush-cricket,0.99,,,25/09/2026,25/09/2026,19:30:56,ClassifEspSWE-0002026-05-29_1,JOHANKARLSSON,202609261748VE9C8UHA,2026_25_sep_19,Citizen Science (ultrasonic) - shared
59~40306+18~07249_20260925_193109.wav,DEV_001_20260925_193109.wav,0,59.40306,18.07249,Phogri,Pholidoptera griseoaptera,Dark Bush-cricket,bush-cricket,0.98,,,25/09/2026,25/09/2026,19:31:09,ClassifEspSWE-0002026-05-29_1,JOHANKARLSSON,202609261748VE9C8UHA,2026_25_sep_19,Citizen Science (ultrasonic) - shared
59~40306+18~07249_20260925_193116.wav,DEV_001_20260925_193116.wav,0,59.40306,18.07249,Phogri,Pholidoptera griseoaptera,Dark Bush-cricket,bush-cricket,0.98,,,25/09/2026,25/09/2026,19:31:16,ClassifEspSWE-0002026-05-29_1,JOHANKARLSSON,202609261748VE9C8UHA,2026_25_sep_19,Citizen Science (ultrasonic) - shared
59~40306+18~07249_20260925_193122.wav,DEV_001_20260925_193122.wav,0,59.40306,18.07249,Phogri,Pholidoptera griseoaptera,Dark Bush-cricket,bush-cricket,0.99,,,25/09/2026,25/09/2026,19:31:22,ClassifEspSWE-0002026-05-29_1,JOHANKARLSSON,202609261748VE9C8UHA,2026_25_sep_19,Citizen Science (ultrasonic) - shared
59~40306+18~07249_20260925_193130.wav,DEV_001_20260925_193130.wav,0,59.40306,18.07249,Phogri,Pholidoptera griseoaptera,Dark Bush-cricket,bush-cricket,0.98,,,25/09/2026,25/09/2026,19:31:30,ClassifEspSWE-0002026-05-29_1,JOHANKARLSSON,202609261748VE9C8UHA,2026_25_sep_19,Citizen Science (ultrasonic) - shared
59~40306+18~07249_20260925_193138.wav,DEV_001_20260925_193138.wav,0,59.40306,18.07249,Phogri,Pholidoptera griseoaptera,Dark Bush-cricket,bush-cricket,0.99,,,25/09/2026,25/09/2026,19:31:38,ClassifEspSWE-0002026-05-29_1,JOHANKARLSSON,202609261748VE9C8UHA,2026_25_sep_19,Citizen Science (ultrasonic) - shared
59~40306+18~07249_20260925_193144.wav,DEV_001_20260925_193144.wav,0,59.40306,18.07249,Phogri,Pholidoptera griseoaptera,Dark Bush-cricket,bush-cricket,0.99,,,25/09/2026,25/09/2026,19:31:44,ClassifEspSWE-0002026-05-29_1,JOHANKARLSSON,202609261748VE9C8UHA,2026_25_sep_19,Citizen Science (ultrasonic) - shared
59~40306+18~07249_20260925_193154.wav,DEV_001_20260925_193154.wav,0,59.40306,18.07249,Phogri,Pholidoptera griseoaptera,Dark Bush-cricket,bush-cricket,0.99,,,25/09/2026,25/09/2026,19:31:54,ClassifEspSWE-0002026-05-29_1,JOHANKARLSSON,202609261748VE9C8UHA,2026_25_sep_19,Citizen Science (ultrasonic) - shared
59~40306+18~07249_20260925_193203.wav,DEV_001_20260925_193203.wav,0,59.40306,18.07249,Phogri,Pholidoptera griseoaptera,Dark Bush-cricket,bush-cricket,0.99,,,25/09/2026,25/09/2026,19:32:03,ClassifEspSWE-0002026-05-29_1,JOHANKARLSSON,202609261748VE9C8UHA,2026_25_sep_19,Citizen Science (ultrasonic) - shared
59~40306+18~07249_20260925_193211.wav,DEV_001_20260925_193211.wav,0,59.40306,18.07249,Phogri,Pholidoptera griseoaptera,Dark Bush-cricket,bush-cricket,0.99,,,25/09/2026,25/09/2026,19:32:11,ClassifEspSWE-0002026-05-29_1,JOHANKARLSSON,202609261748VE9C8UHA,2026_25_sep_19,Citizen Science (ultrasonic) - shared
59~40306+18~07249_20260925_193219.wav,DEV_001_20260925_193219.wav,0,59.40306,18.07249,Phogri,Pholidoptera griseoaptera,Dark Bush-cricket,bush-cricket,0.91,,,25/09/2026,25/09/2026,19:32:19,ClassifEspSWE-0002026-05-29_1,JOHANKARLSSON,202609261748VE9C8UHA,2026_25_sep_19,Citizen Science (ultrasonic) - shared
59~40306+18~07249_20260925_193228.wav,DEV_001_20260925_193228.wav,0,59.40306,18.07249,Phogri,Pholidoptera griseoaptera,Dark Bush-cricket,bush-cricket,0.99,,,25/09/2026,25/09/2026,19:32:28,ClassifEspSWE-0002026-05-29_1,JOHANKARLSSON,202609261748VE9C8UHA,2026_25_sep_19,Citizen Science (ultrasonic) - shared
59~40306+18~07249_20260925_193237.wav,DEV_001_20260925_193237.wav,0,59.40306,18.07249,Phogri,Pholidoptera griseoaptera,Dark Bush-cricket,bush-cricket,0.99,,,25/09/2026,25/09/2026,19:32:37,ClassifEspSWE-0002026-05-29_1,JOHANKARLSSON,202609261748VE9C8UHA,2026_25_sep_19,Citizen Science (ultrasonic) - shared
59~40306+18~07249_20260925_193243.wav,DEV_001_20260925_193243.wav,0,59.40306,18.07249,Phogri,Pholidoptera griseoaptera,Dark Bush-cricket,bush-cricket,0.99,,,25/09/2026,25/09/2026,19:32:43,ClassifEspSWE-0002026-05-29_1,JOHANKARLSSON,202609261748VE9C8UHA,2026_25_sep_19,Citizen Science (ultrasonic) - shared
59~40306+18~07249_20260925_193250.wav,DEV_001_20260925_193250.wav,0,59.40306,18.07249,Phogri,Pholidoptera griseoaptera,Dark Bush-cricket,bush-cricket,0.99,,,25/09/2026,25/09/2026,19:32:50,ClassifEspSWE-0002026-05-29_1,JOHANKARLSSON,202609261748VE9C8UHA,2026_25_sep_19,Citizen Science (ultrasonic) - shared
59~40306+18~07249_20260925_193300.wav,DEV_001_20260925_193300.wav,0,59.40306,18.07249,Phogri,Pholidoptera griseoaptera,Dark Bush-cricket,bush-cricket,0.95,,,25/09/2026,25/09/2026,19:33:00,ClassifEspSWE-0002026-05-29_1,JOHANKARLSSON,202609261748VE9C8UHA,2026_25_sep_19,Citizen Science (ultrasonic) - shared
59~40306+18~07249_20260925_193308.wav,DEV_001_20260925_193308.wav,0,59.40306,18.07249,Phogri,Pholidoptera griseoaptera,Dark Bush-cricket,bush-cricket,0.81,,,25/09/2026,25/09/2026,19:33:08,ClassifEspSWE-0002026-05-29_1,JOHANKARLSSON,202609261748VE9C8UHA,2026_25_sep_19,Citizen Science (ultrasonic) - shared
59~40306+18~07249_20260925_193319.wav,DEV_001_20260925_193319.wav,0,59.40306,18.07249,Phogri,Pholidoptera griseoaptera,Dark Bush-cricket,bush-cricket,0.99,,,25/09/2026,25/09/2026,19:33:19,ClassifEspSWE-0002026-05-29_1,JOHANKARLSSON,202609261748VE9C8UHA,2026_25_sep_19,Citizen Science (ultrasonic) - shared
59~40306+18~07249_20260925_193324.wav,DEV_001_20260925_193324.wav,0,59.40306,18.07249,Phogri,Pholidoptera griseoaptera,Dark Bush-cricket,bush-cricket,0.99,,,25/09/2026,25/09/2026,19:33:24,ClassifEspSWE-0002026-05-29_1,JOHANKARLSSON,202609261748VE9C8UHA,2026_25_sep_19,Citizen Science (ultrasonic) - shared
59~40306+18~07249_20260925_193330.wav,DEV_001_20260925_193330.wav,0,59.40306,18.07249,Phogri,Pholidoptera griseoaptera,Dark Bush-cricket,bush-cricket,0.99,,,25/09/2026,25/09/2026,19:33:30,ClassifEspSWE-0002026-05-29_1,JOHANKARLSSON,202609261748VE9C8UHA,2026_25_sep_19,Citizen Science (ultrasonic) - shared
59~40306+18~07249_20260925_193336.wav,DEV_001_20260925_193336.wav,0,59.40306,18.07249,Phogri,Pholidoptera griseoaptera,Dark Bush-cricket,bush-cricket,0.93,,,25/09/2026,25/09/2026,19:33:36,ClassifEspSWE-0002026-05-29_1,JOHANKARLSSON,202609261748VE9C8UHA,2026_25_sep_19,Citizen Science (ultrasonic) - shared
59~40306+18~07249_20260925_193344.wav,DEV_001_20260925_193344.wav,0,59.40306,18.07249,Phogri,Pholidoptera griseoaptera,Dark Bush-cricket,bush-cricket,0.99,,,25/09/2026,25/09/2026,19:33:44,ClassifEspSWE-0002026-05-29_1,JOHANKARLSSON,202609261748VE9C8UHA,2026_25_sep_19,Citizen Science (ultrasonic) - shared
59~40306+18~07249_20260925_193350.wav,DEV_001_20260925_193350.wav,0,59.40306,18.07249,Phogri,Pholidoptera griseoaptera,Dark Bush-cricket,bush-cricket,0.99,,,25/09/2026,25/09/2026,19:33:50,ClassifEspSWE-0002026-05-29_1,JOHANKARLSSON,202609261748VE9C8UHA,2026_25_sep_19,Citizen Science (ultrasonic) - shared
59~40306+18~07249_20260925_193356.wav,DEV_001_20260925_193356.wav,0,59.40306,18.07249,Phogri,Pholidoptera griseoaptera,Dark Bush-cricket,bush-cricket,0.99,,,25/09/2026,25/09/2026,19:33:56,ClassifEspSWE-0002026-05-29_1,JOHANKARLSSON,202609261748VE9C8UHA,2026_25_sep_19,Citizen Science (ultrasonic) - shared
59~40306+18~07249_20260925_193411.wav,DEV_001_20260925_193411.wav,0,59.40306,18.07249,Phogri,Pholidoptera griseoaptera,Dark Bush-cricket,bush-cricket,0.92,,,25/09/2026,25/09/2026,19:34:11,ClassifEspSWE-0002026-05-29_1,JOHANKARLSSON,202609261748VE9C8UHA,2026_25_sep_19,Citizen Science (ultrasonic) - shared
59~40306+18~07249_20260925_193424.wav,DEV_001_20260925_193424.wav,0,59.40306,18.07249,Phogri,Pholidoptera griseoaptera,Dark Bush-cricket,bush-cricket,0.99,,,25/09/2026,25/09/2026,19:34:24,ClassifEspSWE-0002026-05-29_1,JOHANKARLSSON,202609261748VE9C8UHA,2026_25_sep_19,Citizen Science (ultrasonic) - shared
59~40306+18~07249_20260925_193433.wav,DEV_001_20260925_193433.wav,0,59.40306,18.07249,Phogri,Pholidoptera griseoaptera,Dark Bush-cricket,bush-cricket,0.99,,,25/09/2026,25/09/2026,19:34:33,ClassifEspSWE-0002026-05-29_1,JOHANKARLSSON,202609261748VE9C8UHA,2026_25_sep_19,Citizen Science (ultrasonic) - shared
59~40306+18~07249_20260925_193454.wav,DEV_001_20260925_193454.wav,0,59.40306,18.07249,Phogri,Pholidoptera griseoaptera,Dark Bush-cricket,bush-cricket,0.99,,,25/09/2026,25/09/2026,19:34:54,ClassifEspSWE-0002026-05-29_1,JOHANKARLSSON,202609261748VE9C8UHA,2026_25_sep_19,Citizen Science (ultrasonic) - shared
59~40306+18~07249_20260925_193501.wav,DEV_001_20260925_193501.wav,0,59.40306,18.07249,Phogri,Pholidoptera griseoaptera,Dark Bush-cricket,bush-cricket,0.99,,,25/09/2026,25/09/2026,19:35:01,ClassifEspSWE-0002026-05-29_1,JOHANKARLSSON,202609261748VE9C8UHA,2026_25_sep_19,Citizen Science (ultrasonic) - shared
59~40306+18~07249_20260925_193510.wav,DEV_001_20260925_193510.wav,0,59.40306,18.07249,Phogri,Pholidoptera griseoaptera,Dark Bush-cricket,bush-cricket,0.99,,,25/09/2026,25/09/2026,19:35:10,ClassifEspSWE-0002026-05-29_1,JOHANKARLSSON,202609261748VE9C8UHA,2026_25_sep_19,Citizen Science (ultrasonic) - shared
59~40306+18~07249_20260925_193518.wav,DEV_001_20260925_193518.wav,0,59.40306,18.07249,Phogri,Pholidoptera griseoaptera,Dark Bush-cricket,bush-cricket,0.97,,,25/09/2026,25/09/2026,19:35:18,ClassifEspSWE-0002026-05-29_1,JOHANKARLSSON,202609261748VE9C8UHA,2026_25_sep_19,Citizen Science (ultrasonic) - shared
59~40306+18~07249_20260925_193526.wav,DEV_001_20260925_193526.wav,0,59.40306,18.07249,Phogri,Pholidoptera griseoaptera,Dark Bush-cricket,bush-cricket,0.99,,,25/09/2026,25/09/2026,19:35:26,ClassifEspSWE-0002026-05-29_1,JOHANKARLSSON,202609261748VE9C8UHA,2026_25_sep_19,Citizen Science (ultrasonic) - shared
59~40306+18~07249_20260925_193533.wav,DEV_001_20260925_193533.wav,0,59.40306,18.07249,Phogri,Pholidoptera griseoaptera,Dark Bush-cricket,bush-cricket,0.99,,,25/09/2026,25/09/2026,19:35:33,ClassifEspSWE-0002026-05-29_1,JOHANKARLSSON,202609261748VE9C8UHA,2026_25_sep_19,Citizen Science (ultrasonic) - shared
59~40306+18~07249_20260925_193541.wav,DEV_001_20260925_193541.wav,0,59.40306,18.07249,Phogri,Pholidoptera griseoaptera,Dark Bush-cricket,bush-cricket,0.95,,,25/09/2026,25/09/2026,19:35:41,ClassifEspSWE-0002026-05-29_1,JOHANKARLSSON,202609261748VE9C8UHA,2026_25_sep_19,Citizen Science (ultrasonic) - shared
59~40306+18~07249_20260925_193549.wav,DEV_001_20260925_193549.wav,0,59.40306,18.07249,Phogri,Pholidoptera griseoaptera,Dark Bush-cricket,bush-cricket,0.99,,,25/09/2026,25/09/2026,19:35:49,ClassifEspSWE-0002026-05-29_1,JOHANKARLSSON,202609261748VE9C8UHA,2026_25_sep_19,Citizen Science (ultrasonic) - shared
59~40306+18~07249_20260925_193559.wav,DEV_001_20260925_193559.wav,0,59.40306,18.07249,Phogri,Pholidoptera griseoaptera,Dark Bush-cricket,bush-cricket,0.98,,,25/09/2026,25/09/2026,19:35:59,ClassifEspSWE-0002026-05-29_1,JOHANKARLSSON,202609261748VE9C8UHA,2026_25_sep_19,Citizen Science (ultrasonic) - shared
59~40306+18~07249_20260925_193609.wav,DEV_001_20260925_193609.wav,0,59.40306,18.07249,Phogri,Pholidoptera griseoaptera,Dark Bush-cricket,bush-cricket,0.98,,,25/09/2026,25/09/2026,19:36:09,ClassifEspSWE-0002026-05-29_1,JOHANKARLSSON,202609261748VE9C8UHA,2026_25_sep_19,Citizen Science (ultrasonic) - shared
59~40306+18~07249_20260925_193617.wav,DEV_001_20260925_193617.wav,0,59.40306,18.07249,Phogri,Pholidoptera griseoaptera,Dark Bush-cricket,bush-cricket,0.99,,,25/09/2026,25/09/2026,19:36:17,ClassifEspSWE-0002026-05-29_1,JOHANKARLSSON,202609261748VE9C8UHA,2026_25_sep_19,Citizen Science (ultrasonic) - shared
59~40306+18~07249_20260925_193627.wav,DEV_001_20260925_193627.wav,0,59.40306,18.07249,Phogri,Pholidoptera griseoaptera,Dark Bush-cricket,bush-cricket,0.99,,,25/09/2026,25/09/2026,19:36:27,ClassifEspSWE-0002026-05-29_1,JOHANKARLSSON,202609261748VE9C8UHA,2026_25_sep_19,Citizen Science (ultrasonic) - shared
59~40306+18~07249_20260925_193634.wav,DEV_001_20260925_193634.wav,0,59.40306,18.07249,Phogri,Pholidoptera griseoaptera,Dark Bush-cricket,bush-cricket,0.99,,,25/09/2026,25/09/2026,19:36:34,ClassifEspSWE-0002026-05-29_1,JOHANKARLSSON,202609261748VE9C8UHA,2026_25_sep_19,Citizen Science (ultrasonic) - shared
59~40306+18~07249_20260925_193642.wav,DEV_001_20260925_193642.wav,0,59.40306,18.07249,Phogri,Pholidoptera griseoaptera,Dark Bush-cricket,bush-cricket,0.99,,,25/09/2026,25/09/2026,19:36:42,ClassifEspSWE-0002026-05-29_1,JOHANKARLSSON,202609261748VE9C8UHA,2026_25_sep_19,Citizen Science (ultrasonic) - shared
59~40306+18~07249_20260925_193647.wav,DEV_001_20260925_193647.wav,0,59.40306,18.07249,Phogri,Pholidoptera griseoaptera,Dark Bush-cricket,bush-cricket,0.99,,,25/09/2026,25/09/2026,19:36:47,ClassifEspSWE-0002026-05-29_1,JOHANKARLSSON,202609261748VE9C8UHA,2026_25_sep_19,Citizen Science (ultrasonic) - shared
59~40306+18~07249_20260925_193656.wav,DEV_001_20260925_193656.wav,0,59.40306,18.07249,Phogri,Pholidoptera griseoaptera,Dark Bush-cricket,bush-cricket,0.98,,,25/09/2026,25/09/2026,19:36:56,ClassifEspSWE-0002026-05-29_1,JOHANKARLSSON,202609261748VE9C8UHA,2026_25_sep_19,Citizen Science (ultrasonic) - shared
59~40306+18~07249_20260925_193707.wav,DEV_001_20260925_193707.wav,0,59.40306,18.07249,Phogri,Pholidoptera griseoaptera,Dark Bush-cricket,bush-cricket,0.95,,,25/09/2026,25/09/2026,19:37:07,ClassifEspSWE-0002026-05-29_1,JOHANKARLSSON,202609261748VE9C8UHA,2026_25_sep_19,Citizen Science (ultrasonic) - shared
59~40306+18~07249_20260925_193715.wav,DEV_001_20260925_193715.wav,0,59.40306,18.07249,Phogri,Pholidoptera griseoaptera,Dark Bush-cricket,bush-cricket,0.99,,,25/09/2026,25/09/2026,19:37:15,ClassifEspSWE-0002026-05-29_1,JOHANKARLSSON,202609261748VE9C8UHA,2026_25_sep_19,Citizen Science (ultrasonic) - shared
59~40306+18~07249_20260925_193723.wav,DEV_001_20260925_193723.wav,0,59.40306,18.07249,Phogri,Pholidoptera griseoaptera,Dark Bush-cricket,bush-cricket,0.97,,,25/09/2026,25/09/2026,19:37:23,ClassifEspSWE-0002026-05-29_1,JOHANKARLSSON,202609261748VE9C8UHA,2026_25_sep_19,Citizen Science (ultrasonic) - shared
59~40306+18~07249_20260925_193735.wav,DEV_001_20260925_193735.wav,0,59.40306,18.07249,Phogri,Pholidoptera griseoaptera,Dark Bush-cricket,bush-cricket,0.99,,,25/09/2026,25/09/2026,19:37:35,ClassifEspSWE-0002026-05-29_1,JOHANKARLSSON,202609261748VE9C8UHA,2026_25_sep_19,Citizen Science (ultrasonic) - shared
59~40306+18~07249_20260925_193744.wav,DEV_001_20260925_193744.wav,0,59.40306,18.07249,Phogri,Pholidoptera griseoaptera,Dark Bush-cricket,bush-cricket,0.99,,,25/09/2026,25/09/2026,19:37:44,ClassifEspSWE-0002026-05-29_1,JOHANKARLSSON,202609261748VE9C8UHA,2026_25_sep_19,Citizen Science (ultrasonic) - shared
59~40306+18~07249_20260925_193750.wav,DEV_001_20260925_193750.wav,0,59.40306,18.07249,Phogri,Pholidoptera griseoaptera,Dark Bush-cricket,bush-cricket,0.99,,,25/09/2026,25/09/2026,19:37:50,ClassifEspSWE-0002026-05-29_1,JOHANKARLSSON,202609261748VE9C8UHA,2026_25_sep_19,Citizen Science (ultrasonic) - shared
59~40306+18~07249_20260925_193755.wav,DEV_001_20260925_193755.wav,0,59.40306,18.07249,Phogri,Pholidoptera griseoaptera,Dark Bush-cricket,bush-cricket,0.99,,,25/09/2026,25/09/2026,19:37:55,ClassifEspSWE-0002026-05-29_1,JOHANKARLSSON,202609261748VE9C8UHA,2026_25_sep_19,Citizen Science (ultrasonic) - shared
59~40306+18~07249_20260925_193800.wav,DEV_001_20260925_193800.wav,0,59.40306,18.07249,Phogri,Pholidoptera griseoaptera,Dark Bush-cricket,bush-cricket,0.99,,,25/09/2026,25/09/2026,19:38:00,ClassifEspSWE-0002026-05-29_1,JOHANKARLSSON,202609261748VE9C8UHA,2026_25_sep_19,Citizen Science (ultrasonic) - shared
59~40306+18~07249_20260925_193805.wav,DEV_001_20260925_193805.wav,0,59.40306,18.07249,Phogri,Pholidoptera griseoaptera,Dark Bush-cricket,bush-cricket,0.99,,,25/09/2026,25/09/2026,19:38:05,ClassifEspSWE-0002026-05-29_1,JOHANKARLSSON,202609261748VE9C8UHA,2026_25_sep_19,Citizen Science (ultrasonic) - shared
59~40306+18~07249_20260925_193811.wav,DEV_001_20260925_193811.wav,0,59.40306,18.07249,Phogri,Pholidoptera griseoaptera,Dark Bush-cricket,bush-cricket,0.98,,,25/09/2026,25/09/2026,19:38:11,ClassifEspSWE-0002026-05-29_1,JOHANKARLSSON,202609261748VE9C8UHA,2026_25_sep_19,Citizen Science (ultrasonic) - shared
59~40306+18~07249_20260925_193820.wav,DEV_001_20260925_193820.wav,0,59.40306,18.07249,Phogri,Pholidoptera griseoaptera,Dark Bush-cricket,bush-cricket,0.99,,,25/09/2026,25/09/2026,19:38:20,ClassifEspSWE-0002026-05-29_1,JOHANKARLSSON,202609261748VE9C8UHA,2026_25_sep_19,Citizen Science (ultrasonic) - shared
59~40306+18~07249_20260925_193828.wav,DEV_001_20260925_193828.wav,0,59.40306,18.07249,Phogri,Pholidoptera griseoaptera,Dark Bush-cricket,bush-cricket,0.97,,,25/09/2026,25/09/2026,19:38:28,ClassifEspSWE-0002026-05-29_1,JOHANKARLSSON,202609261748VE9C8UHA,2026_25_sep_19,Citizen Science (ultrasonic) - shared
59~40306+18~07249_20260925_193835.wav,DEV_001_20260925_193835.wav,0,59.40306,18.07249,Phogri,Pholidoptera griseoaptera,Dark Bush-cricket,bush-cricket,0.99,,,25/09/2026,25/09/2026,19:38:35,ClassifEspSWE-0002026-05-29_1,JOHANKARLSSON,202609261748VE9C8UHA,2026_25_sep_19,Citizen Science (ultrasonic) - shared
59~40306+18~07249_20260925_193840.wav,DEV_001_20260925_193840.wav,0,59.40306,18.07249,Phogri,Pholidoptera griseoaptera,Dark Bush-cricket,bush-cricket,0.97,,,25/09/2026,25/09/2026,19:38:40,ClassifEspSWE-0002026-05-29_1,JOHANKARLSSON,202609261748VE9C8UHA,2026_25_sep_19,Citizen Science (ultrasonic) - shared
59~40306+18~07249_20260925_193846.wav,DEV_001_20260925_193846.wav,0,59.40306,18.07249,Phogri,Pholidoptera griseoaptera,Dark Bush-cricket,bush-cricket,0.96,,,25/09/2026,25/09/2026,19:38:46,ClassifEspSWE-0002026-05-29_1,JOHANKARLSSON,202609261748VE9C8UHA,2026_25_sep_19,Citizen Science (ultrasonic) - shared
59~40306+18~07249_20260925_193854.wav,DEV_001_20260925_193854.wav,0,59.40306,18.07249,Phogri,Pholidoptera griseoaptera,Dark Bush-cricket,bush-cricket,0.99,,,25/09/2026,25/09/2026,19:38:54,ClassifEspSWE-0002026-05-29_1,JOHANKARLSSON,202609261748VE9C8UHA,2026_25_sep_19,Citizen Science (ultrasonic) - shared
59~40306+18~07249_20260925_193901.wav,DEV_001_20260925_193901.wav,0,59.40306,18.07249,Phogri,Pholidoptera griseoaptera,Dark Bush-cricket,bush-cricket,0.97,,,25/09/2026,25/09/2026,19:39:01,ClassifEspSWE-0002026-05-29_1,JOHANKARLSSON,202609261748VE9C8UHA,2026_25_sep_19,Citizen Science (ultrasonic) - shared
59~40306+18~07249_20260925_193907.wav,DEV_001_20260925_193907.wav,0,59.40306,18.07249,Phogri,Pholidoptera griseoaptera,Dark Bush-cricket,bush-cricket,0.94,,,25/09/2026,25/09/2026,19:39:07,ClassifEspSWE-0002026-05-29_1,JOHANKARLSSON,202609261748VE9C8UHA,2026_25_sep_19,Citizen Science (ultrasonic) - shared
59~40306+18~07249_20260925_193914.wav,DEV_001_20260925_193914.wav,0,59.40306,18.07249,Phogri,Pholidoptera griseoaptera,Dark Bush-cricket,bush-cricket,0.97,,,25/09/2026,25/09/2026,19:39:14,ClassifEspSWE-0002026-05-29_1,JOHANKARLSSON,202609261748VE9C8UHA,2026_25_sep_19,Citizen Science (ultrasonic) - shared
59~40306+18~07249_20260925_193923.wav,DEV_001_20260925_193923.wav,0,59.40306,18.07249,Phogri,Pholidoptera griseoaptera,Dark Bush-cricket,bush-cricket,0.98,,,25/09/2026,25/09/2026,19:39:23,ClassifEspSWE-0002026-05-29_1,JOHANKARLSSON,202609261748VE9C8UHA,2026_25_sep_19,Citizen Science (ultrasonic) - shared
59~40306+18~07249_20260925_193931.wav,DEV_001_20260925_193931.wav,0,59.40306,18.07249,Phogri,Pholidoptera griseoaptera,Dark Bush-cricket,bush-cricket,0.97,,,25/09/2026,25/09/2026,19:39:31,ClassifEspSWE-0002026-05-29_1,JOHANKARLSSON,202609261748VE9C8UHA,2026_25_sep_19,Citizen Science (ultrasonic) - shared
59~40306+18~07249_20260925_193936.wav,DEV_001_20260925_193936.wav,0,59.40306,18.07249,Phogri,Pholidoptera griseoaptera,Dark Bush-cricket,bush-cricket,0.94,,,25/09/2026,25/09/2026,19:39:36,ClassifEspSWE-0002026-05-29_1,JOHANKARLSSON,202609261748VE9C8UHA,2026_25_sep_19,Citizen Science (ultrasonic) - shared
59~40306+18~07249_20260925_193947.wav,DEV_001_20260925_193947.wav,0,59.40306,18.07249,Phogri,Pholidoptera griseoaptera,Dark Bush-cricket,bush-cricket,0.98,,,25/09/2026,25/09/2026,19:39:47,ClassifEspSWE-0002026-05-29_1,JOHANKARLSSON,202609261748VE9C8UHA,2026_25_sep_19,Citizen Science (ultrasonic) - shared
59~40306+18~07249_20260925_193953.wav,DEV_001_20260925_193953.wav,0,59.40306,18.07249,Phogri,Pholidoptera griseoaptera,Dark Bush-cricket,bush-cricket,0.99,,,25/09/2026,25/09/2026,19:39:53,ClassifEspSWE-0002026-05-29_1,JOHANKARLSSON,202609261748VE9C8UHA,2026_25_sep_19,Citizen Science (ultrasonic) - shared
59~40306+18~07249_20260925_194000.wav,DEV_001_20260925_194000.wav,0,59.40306,18.07249,Phogri,Pholidoptera griseoaptera,Dark Bush-cricket,bush-cricket,0.99,,,25/09/2026,25/09/2026,19:40:00,ClassifEspSWE-0002026-05-29_1,JOHANKARLSSON,202609261748VE9C8UHA,2026_25_sep_19,Citizen Science (ultrasonic) - shared
59~40306+18~07249_20260925_194010.wav,DEV_001_20260925_194010.wav,0,59.40306,18.07249,Phogri,Pholidoptera griseoaptera,Dark Bush-cricket,bush-cricket,0.97,,,25/09/2026,25/09/2026,19:40:10,ClassifEspSWE-0002026-05-29_1,JOHANKARLSSON,202609261748VE9C8UHA,2026_25_sep_19,Citizen Science (ultrasonic) - shared
59~40306+18~07249_20260925_194019.wav,DEV_001_20260925_194019.wav,0,59.40306,18.07249,Phogri,Pholidoptera griseoaptera,Dark Bush-cricket,bush-cricket,0.99,,,25/09/2026,25/09/2026,19:40:19,ClassifEspSWE-0002026-05-29_1,JOHANKARLSSON,202609261748VE9C8UHA,2026_25_sep_19,Citizen Science (ultrasonic) - shared
59~40306+18~07249_20260925_194025.wav,DEV_001_20260925_194025.wav,0,59.40306,18.07249,Phogri,Pholidoptera griseoaptera,Dark Bush-cricket,bush-cricket,0.99,,,25/09/2026,25/09/2026,19:40:25,ClassifEspSWE-0002026-05-29_1,JOHANKARLSSON,202609261748VE9C8UHA,2026_25_sep_19,Citizen Science (ultrasonic) - shared
59~40306+18~07249_20260925_194032.wav,DEV_001_20260925_194032.wav,0,59.40306,18.07249,Phogri,Pholidoptera griseoaptera,Dark Bush-cricket,bush-cricket,0.99,,,25/09/2026,25/09/2026,19:40:32,ClassifEspSWE-0002026-05-29_1,JOHANKARLSSON,202609261748VE9C8UHA,2026_25_sep_19,Citizen Science (ultrasonic) - shared
59~40306+18~07249_20260925_194038.wav,DEV_001_20260925_194038.wav,0,59.40306,18.07249,Phogri,Pholidoptera griseoaptera,Dark Bush-cricket,bush-cricket,0.94,,,25/09/2026,25/09/2026,19:40:38,ClassifEspSWE-0002026-05-29_1,JOHANKARLSSON,202609261748VE9C8UHA,2026_25_sep_19,Citizen Science (ultrasonic) - shared
59~40306+18~07249_20260925_194043.wav,DEV_001_20260925_194043.wav,0,59.40306,18.07249,Phogri,Pholidoptera griseoaptera,Dark Bush-cricket,bush-cricket,0.99,,,25/09/2026,25/09/2026,19:40:43,ClassifEspSWE-0002026-05-29_1,JOHANKARLSSON,202609261748VE9C8UHA,2026_25_sep_19,Citizen Science (ultrasonic) - shared
59~40306+18~07249_20260925_194049.wav,DEV_001_20260925_194049.wav,0,59.40306,18.07249,Phogri,Pholidoptera griseoaptera,Dark Bush-cricket,bush-cricket,0.98,,,25/09/2026,25/09/2026,19:40:49,ClassifEspSWE-0002026-05-29_1,JOHANKARLSSON,202609261748VE9C8UHA,2026_25_sep_19,Citizen Science (ultrasonic) - shared
59~40306+18~07249_20260925_194055.wav,DEV_001_20260925_194055.wav,0,59.40306,18.07249,Phogri,Pholidoptera griseoaptera,Dark Bush-cricket,bush-cricket,0.99,,,25/09/2026,25/09/2026,19:40:55,ClassifEspSWE-0002026-05-29_1,JOHANKARLSSON,202609261748VE9C8UHA,2026_25_sep_19,Citizen Science (ultrasonic) - shared
59~40306+18~07249_20260925_194104.wav,DEV_001_20260925_194104.wav,0,59.40306,18.07249,Phogri,Pholidoptera griseoaptera,Dark Bush-cricket,bush-cricket,0.99,,,25/09/2026,25/09/2026,19:41:04,ClassifEspSWE-0002026-05-29_1,JOHANKARLSSON,202609261748VE9C8UHA,2026_25_sep_19,Citizen Science (ultrasonic) - shared
59~40306+18~07249_20260925_194110.wav,DEV_001_20260925_194110.wav,0,59.40306,18.07249,Phogri,Pholidoptera griseoaptera,Dark Bush-cricket,bush-cricket,0.99,,,25/09/2026,25/09/2026,19:41:10,ClassifEspSWE-0002026-05-29_1,JOHANKARLSSON,202609261748VE9C8UHA,2026_25_sep_19,Citizen Science (ultrasonic) - shared
59~40306+18~07249_20260925_194121.wav,DEV_001_20260925_194121.wav,0,59.40306,18.07249,Phogri,Pholidoptera griseoaptera,Dark Bush-cricket,bush-cricket,0.99,,,25/09/2026,25/09/2026,19:41:21,ClassifEspSWE-0002026-05-29_1,JOHANKARLSSON,202609261748VE9C8UHA,2026_25_sep_19,Citizen Science (ultrasonic) - shared
59~40306+18~07249_20260925_194128.wav,DEV_001_20260925_194128.wav,0,59.40306,18.07249,Phogri,Pholidoptera griseoaptera,Dark Bush-cricket,bush-cricket,0.98,,,25/09/2026,25/09/2026,19:41:28,ClassifEspSWE-0002026-05-29_1,JOHANKARLSSON,202609261748VE9C8UHA,2026_25_sep_19,Citizen Science (ultrasonic) - shared
59~40306+18~07249_20260925_194137.wav,DEV_001_20260925_194137.wav,0,59.40306,18.07249,Phogri,Pholidoptera griseoaptera,Dark Bush-cricket,bush-cricket,0.99,,,25/09/2026,25/09/2026,19:41:37,ClassifEspSWE-0002026-05-29_1,JOHANKARLSSON,202609261748VE9C8UHA,2026_25_sep_19,Citizen Science (ultrasonic) - shared
59~40306+18~07249_20260925_194144.wav,DEV_001_20260925_194144.wav,0,59.40306,18.07249,Phogri,Pholidoptera griseoaptera,Dark Bush-cricket,bush-cricket,0.98,,,25/09/2026,25/09/2026,19:41:44,ClassifEspSWE-0002026-05-29_1,JOHANKARLSSON,202609261748VE9C8UHA,2026_25_sep_19,Citizen Science (ultrasonic) - shared
59~40306+18~07249_20260925_194151.wav,DEV_001_20260925_194151.wav,0,59.40306,18.07249,Phogri,Pholidoptera griseoaptera,Dark Bush-cricket,bush-cricket,0.97,,,25/09/2026,25/09/2026,19:41:51,ClassifEspSWE-0002026-05-29_1,JOHANKARLSSON,202609261748VE9C8UHA,2026_25_sep_19,Citizen Science (ultrasonic) - shared
59~40306+18~07249_20260925_194158.wav,DEV_001_20260925_194158.wav,0,59.40306,18.07249,Phogri,Pholidoptera griseoaptera,Dark Bush-cricket,bush-cricket,0.99,,,25/09/2026,25/09/2026,19:41:58,ClassifEspSWE-0002026-05-29_1,JOHANKARLSSON,202609261748VE9C8UHA,2026_25_sep_19,Citizen Science (ultrasonic) - shared
59~40306+18~07249_20260925_194205.wav,DEV_001_20260925_194205.wav,0,59.40306,18.07249,Phogri,Pholidoptera griseoaptera,Dark Bush-cricket,bush-cricket,0.99,,,25/09/2026,25/09/2026,19:42:05,ClassifEspSWE-0002026-05-29_1,JOHANKARLSSON,202609261748VE9C8UHA,2026_25_sep_19,Citizen Science (ultrasonic) - shared
59~40306+18~07249_20260925_194210.wav,DEV_001_20260925_194210.wav,0,59.40306,18.07249,Phogri,Pholidoptera griseoaptera,Dark Bush-cricket,bush-cricket,0.99,,,25/09/2026,25/09/2026,19:42:10,ClassifEspSWE-0002026-05-29_1,JOHANKARLSSON,202609261748VE9C8UHA,2026_25_sep_19,Citizen Science (ultrasonic) - shared
59~40306+18~07249_20260925_194217.wav,DEV_001_20260925_194217.wav,0,59.40306,18.07249,Phogri,Pholidoptera griseoaptera,Dark Bush-cricket,bush-cricket,0.99,,,25/09/2026,25/09/2026,19:42:17,ClassifEspSWE-0002026-05-29_1,JOHANKARLSSON,202609261748VE9C8UHA,2026_25_sep_19,Citizen Science (ultrasonic) - shared
59~40306+18~07249_20260925_194222.wav,DEV_001_20260925_194222.wav,0,59.40306,18.07249,Phogri,Pholidoptera griseoaptera,Dark Bush-cricket,bush-cricket,0.98,,,25/09/2026,25/09/2026,19:42:22,ClassifEspSWE-0002026-05-29_1,JOHANKARLSSON,202609261748VE9C8UHA,2026_25_sep_19,Citizen Science (ultrasonic) - shared
59~40306+18~07249_20260925_194230.wav,DEV_001_20260925_194230.wav,0,59.40306,18.07249,Phogri,Pholidoptera griseoaptera,Dark Bush-cricket,bush-cricket,0.97,,,25/09/2026,25/09/2026,19:42:30,ClassifEspSWE-0002026-05-29_1,JOHANKARLSSON,202609261748VE9C8UHA,2026_25_sep_19,Citizen Science (ultrasonic) - shared
59~40306+18~07249_20260925_194240.wav,DEV_001_20260925_194240.wav,0,59.40306,18.07249,Phogri,Pholidoptera griseoaptera,Dark Bush-cricket,bush-cricket,0.99,,,25/09/2026,25/09/2026,19:42:40,ClassifEspSWE-0002026-05-29_1,JOHANKARLSSON,202609261748VE9C8UHA,2026_25_sep_19,Citizen Science (ultrasonic) - shared
59~40306+18~07249_20260925_194245.wav,DEV_001_20260925_194245.wav,0,59.40306,18.07249,Phogri,Pholidoptera griseoaptera,Dark Bush-cricket,bush-cricket,0.96,,,25/09/2026,25/09/2026,19:42:45,ClassifEspSWE-0002026-05-29_1,JOHANKARLSSON,202609261748VE9C8UHA,2026_25_sep_19,Citizen Science (ultrasonic) - shared
59~40306+18~07249_20260925_194254.wav,DEV_001_20260925_194254.wav,0,59.40306,18.07249,Phogri,Pholidoptera griseoaptera,Dark Bush-cricket,bush-cricket,0.99,,,25/09/2026,25/09/2026,19:42:54,ClassifEspSWE-0002026-05-29_1,JOHANKARLSSON,202609261748VE9C8UHA,2026_25_sep_19,Citizen Science (ultrasonic) - shared
59~40306+18~07249_20260925_194303.wav,DEV_001_20260925_194303.wav,0,59.40306,18.07249,Phogri,Pholidoptera griseoaptera,Dark Bush-cricket,bush-cricket,0.99,,,25/09/2026,25/09/2026,19:43:03,ClassifEspSWE-0002026-05-29_1,JOHANKARLSSON,202609261748VE9C8UHA,2026_25_sep_19,Citizen Science (ultrasonic) - shared
59~40306+18~07249_20260925_194311.wav,DEV_001_20260925_194311.wav,0,59.40306,18.07249,Phogri,Pholidoptera griseoaptera,Dark Bush-cricket,bush-cricket,0.96,,,25/09/2026,25/09/2026,19:43:11,ClassifEspSWE-0002026-05-29_1,JOHANKARLSSON,202609261748VE9C8UHA,2026_25_sep_19,Citizen Science (ultrasonic) - shared
59~40306+18~07249_20260925_194317.wav,DEV_001_20260925_194317.wav,0,59.40306,18.07249,Phogri,Pholidoptera griseoaptera,Dark Bush-cricket,bush-cricket,0.98,,,25/09/2026,25/09/2026,19:43:17,ClassifEspSWE-0002026-05-29_1,JOHANKARLSSON,202609261748VE9C8UHA,2026_25_sep_19,Citizen Science (ultrasonic) - shared
59~40306+18~07249_20260925_194328.wav,DEV_001_20260925_194328.wav,0,59.40306,18.07249,Phogri,Pholidoptera griseoaptera,Dark Bush-cricket,bush-cricket,0.98,,,25/09/2026,25/09/2026,19:43:28,ClassifEspSWE-0002026-05-29_1,JOHANKARLSSON,202609261748VE9C8UHA,2026_25_sep_19,Citizen Science (ultrasonic) - shared
59~40306+18~07249_20260925_194336.wav,DEV_001_20260925_194336.wav,0,59.40306,18.07249,Phogri,Pholidoptera griseoaptera,Dark Bush-cricket,bush-cricket,0.99,,,25/09/2026,25/09/2026,19:43:36,ClassifEspSWE-0002026-05-29_1,JOHANKARLSSON,202609261748VE9C8UHA,2026_25_sep_19,Citizen Science (ultrasonic) - shared
59~40306+18~07249_20260925_194343.wav,DEV_001_20260925_194343.wav,0,59.40306,18.07249,Phogri,Pholidoptera griseoaptera,Dark Bush-cricket,bush-cricket,0.98,,,25/09/2026,25/09/2026,19:43:43,ClassifEspSWE-0002026-05-29_1,JOHANKARLSSON,202609261748VE9C8UHA,2026_25_sep_19,Citizen Science (ultrasonic) - shared
59~40306+18~07249_20260925_194352.wav,DEV_001_20260925_194352.wav,0,59.40306,18.07249,Phogri,Pholidoptera griseoaptera,Dark Bush-cricket,bush-cricket,0.92,,,25/09/2026,25/09/2026,19:43:52,ClassifEspSWE-0002026-05-29_1,JOHANKARLSSON,202609261748VE9C8UHA,2026_25_sep_19,Citizen Science (ultrasonic) - shared
59~40306+18~07249_20260925_194400.wav,DEV_001_20260925_194400.wav,0,59.40306,18.07249,Phogri,Pholidoptera griseoaptera,Dark Bush-cricket,bush-cricket,0.89,,,25/09/2026,25/09/2026,19:44:00,ClassifEspSWE-0002026-05-29_1,JOHANKARLSSON,202609261748VE9C8UHA,2026_25_sep_19,Citizen Science (ultrasonic) - shared
59~40306+18~07249_20260925_194408.wav,DEV_001_20260925_194408.wav,0,59.40306,18.07249,Phogri,Pholidoptera griseoaptera,Dark Bush-cricket,bush-cricket,0.99,,,25/09/2026,25/09/2026,19:44:08,ClassifEspSWE-0002026-05-29_1,JOHANKARLSSON,202609261748VE9C8UHA,2026_25_sep_19,Citizen Science (ultrasonic) - shared
59~40306+18~07249_20260925_194416.wav,DEV_001_20260925_194416.wav,0,59.40306,18.07249,Phogri,Pholidoptera griseoaptera,Dark Bush-cricket,bush-cricket,0.99,,,25/09/2026,25/09/2026,19:44:16,ClassifEspSWE-0002026-05-29_1,JOHANKARLSSON,202609261748VE9C8UHA,2026_25_sep_19,Citizen Science (ultrasonic) - shared
59~40306+18~07249_20260925_194423.wav,DEV_001_20260925_194423.wav,0,59.40306,18.07249,Phogri,Pholidoptera griseoaptera,Dark Bush-cricket,bush-cricket,0.99,,,25/09/2026,25/09/2026,19:44:23,ClassifEspSWE-0002026-05-29_1,JOHANKARLSSON,202609261748VE9C8UHA,2026_25_sep_19,Citizen Science (ultrasonic) - shared
59~40306+18~07249_20260925_194436.wav,DEV_001_20260925_194436.wav,0,59.40306,18.07249,Phogri,Pholidoptera griseoaptera,Dark Bush-cricket,bush-cricket,0.99,,,25/09/2026,25/09/2026,19:44:36,ClassifEspSWE-0002026-05-29_1,JOHANKARLSSON,202609261748VE9C8UHA,2026_25_sep_19,Citizen Science (ultrasonic) - shared
59~40306+18~07249_20260925_194444.wav,DEV_001_20260925_194444.wav,0,59.40306,18.07249,Phogri,Pholidoptera griseoaptera,Dark Bush-cricket,bush-cricket,0.99,,,25/09/2026,25/09/2026,19:44:44,ClassifEspSWE-0002026-05-29_1,JOHANKARLSSON,202609261748VE9C8UHA,2026_25_sep_19,Citizen Science (ultrasonic) - shared
59~40306+18~07249_20260925_194453.wav,DEV_001_20260925_194453.wav,0,59.40306,18.07249,Phogri,Pholidoptera griseoaptera,Dark Bush-cricket,bush-cricket,0.99,,,25/09/2026,25/09/2026,19:44:53,ClassifEspSWE-0002026-05-29_1,JOHANKARLSSON,202609261748VE9C8UHA,2026_25_sep_19,Citizen Science (ultrasonic) - shared
59~40306+18~07249_20260925_194500.wav,DEV_001_20260925_194500.wav,0,59.40306,18.07249,Phogri,Pholidoptera griseoaptera,Dark Bush-cricket,bush-cricket,0.99,,,25/09/2026,25/09/2026,19:45:00,ClassifEspSWE-0002026-05-29_1,JOHANKARLSSON,202609261748VE9C8UHA,2026_25_sep_19,Citizen Science (ultrasonic) - shared
59~40306+18~07249_20260925_194506.wav,DEV_001_20260925_194506.wav,0,59.40306,18.07249,Phogri,Pholidoptera griseoaptera,Dark Bush-cricket,bush-cricket,0.98,,,25/09/2026,25/09/2026,19:45:06,ClassifEspSWE-0002026-05-29_1,JOHANKARLSSON,202609261748VE9C8UHA,2026_25_sep_19,Citizen Science (ultrasonic) - shared
59~40306+18~07249_20260925_194512.wav,DEV_001_20260925_194512.wav,0,59.40306,18.07249,Phogri,Pholidoptera griseoaptera,Dark Bush-cricket,bush-cricket,0.99,,,25/09/2026,25/09/2026,19:45:12,ClassifEspSWE-0002026-05-29_1,JOHANKARLSSON,202609261748VE9C8UHA,2026_25_sep_19,Citizen Science (ultrasonic) - shared
59~40306+18~07249_20260925_194527.wav,DEV_001_20260925_194527.wav,0,59.40306,18.07249,Phogri,Pholidoptera griseoaptera,Dark Bush-cricket,bush-cricket,0.99,,,25/09/2026,25/09/2026,19:45:27,ClassifEspSWE-0002026-05-29_1,JOHANKARLSSON,202609261748VE9C8UHA,2026_25_sep_19,Citizen Science (ultrasonic) - shared
59~40306+18~07249_20260925_194546.wav,DEV_001_20260925_194546.wav,0,59.40306,18.07249,Phogri,Pholidoptera griseoaptera,Dark Bush-cricket,bush-cricket,0.99,,,25/09/2026,25/09/2026,19:45:46,ClassifEspSWE-0002026-05-29_1,JOHANKARLSSON,202609261748VE9C8UHA,2026_25_sep_19,Citizen Science (ultrasonic) - shared
59~40306+18~07249_20260925_194553.wav,DEV_001_20260925_194553.wav,0,59.40306,18.07249,Phogri,Pholidoptera griseoaptera,Dark Bush-cricket,bush-cricket,0.99,,,25/09/2026,25/09/2026,19:45:53,ClassifEspSWE-0002026-05-29_1,JOHANKARLSSON,202609261748VE9C8UHA,2026_25_sep_19,Citizen Science (ultrasonic) - shared
59~40306+18~07249_20260925_194606.wav,DEV_001_20260925_194606.wav,0,59.40306,18.07249,Phogri,Pholidoptera griseoaptera,Dark Bush-cricket,bush-cricket,0.99,,,25/09/2026,25/09/2026,19:46:06,ClassifEspSWE-0002026-05-29_1,JOHANKARLSSON,202609261748VE9C8UHA,2026_25_sep_19,Citizen Science (ultrasonic) - shared
59~40306+18~07249_20260925_194612.wav,DEV_001_20260925_194612.wav,0,59.40306,18.07249,Phogri,Pholidoptera griseoaptera,Dark Bush-cricket,bush-cricket,0.93,,,25/09/2026,25/09/2026,19:46:12,ClassifEspSWE-0002026-05-29_1,JOHANKARLSSON,202609261748VE9C8UHA,2026_25_sep_19,Citizen Science (ultrasonic) - shared
59~40306+18~07249_20260925_194618.wav,DEV_001_20260925_194618.wav,0,59.40306,18.07249,Phogri,Pholidoptera griseoaptera,Dark Bush-cricket,bush-cricket,0.99,,,25/09/2026,25/09/2026,19:46:18,ClassifEspSWE-0002026-05-29_1,JOHANKARLSSON,202609261748VE9C8UHA,2026_25_sep_19,Citizen Science (ultrasonic) - shared
59~40306+18~07249_20260925_194630.wav,DEV_001_20260925_194630.wav,0,59.40306,18.07249,Phogri,Pholidoptera griseoaptera,Dark Bush-cricket,bush-cricket,0.97,,,25/09/2026,25/09/2026,19:46:30,ClassifEspSWE-0002026-05-29_1,JOHANKARLSSON,202609261748VE9C8UHA,2026_25_sep_19,Citizen Science (ultrasonic) - shared
59~40306+18~07249_20260925_194641.wav,DEV_001_20260925_194641.wav,0,59.40306,18.07249,Phogri,Pholidoptera griseoaptera,Dark Bush-cricket,bush-cricket,0.98,,,25/09/2026,25/09/2026,19:46:41,ClassifEspSWE-0002026-05-29_1,JOHANKARLSSON,202609261748VE9C8UHA,2026_25_sep_19,Citizen Science (ultrasonic) - shared
59~40306+18~07249_20260925_194648.wav,DEV_001_20260925_194648.wav,0,59.40306,18.07249,Phogri,Pholidoptera griseoaptera,Dark Bush-cricket,bush-cricket,0.99,,,25/09/2026,25/09/2026,19:46:48,ClassifEspSWE-0002026-05-29_1,JOHANKARLSSON,202609261748VE9C8UHA,2026_25_sep_19,Citizen Science (ultrasonic) - shared
59~40306+18~07249_20260925_194659.wav,DEV_001_20260925_194659.wav,0,59.40306,18.07249,Phogri,Pholidoptera griseoaptera,Dark Bush-cricket,bush-cricket,0.66,,,25/09/2026,25/09/2026,19:46:59,ClassifEspSWE-0002026-05-29_1,JOHANKARLSSON,202609261748VE9C8UHA,2026_25_sep_19,Citizen Science (ultrasonic) - shared
59~40306+18~07249_20260925_194712.wav,DEV_001_20260925_194712.wav,0,59.40306,18.07249,Phogri,Pholidoptera griseoaptera,Dark Bush-cricket,bush-cricket,0.99,,,25/09/2026,25/09/2026,19:47:12,ClassifEspSWE-0002026-05-29_1,JOHANKARLSSON,202609261748VE9C8UHA,2026_25_sep_19,Citizen Science (ultrasonic) - shared
59~40306+18~07249_20260925_194720.wav,DEV_001_20260925_194720.wav,0,59.40306,18.07249,Phogri,Pholidoptera griseoaptera,Dark Bush-cricket,bush-cricket,0.99,,,25/09/2026,25/09/2026,19:47:20,ClassifEspSWE-0002026-05-29_1,JOHANKARLSSON,202609261748VE9C8UHA,2026_25_sep_19,Citizen Science (ultrasonic) - shared
59~40306+18~07249_20260925_194726.wav,DEV_001_20260925_194726.wav,0,59.40306,18.07249,Phogri,Pholidoptera griseoaptera,Dark Bush-cricket,bush-cricket,0.99,,,25/09/2026,25/09/2026,19:47:26,ClassifEspSWE-0002026-05-29_1,JOHANKARLSSON,202609261748VE9C8UHA,2026_25_sep_19,Citizen Science (ultrasonic) - shared
59~40306+18~07249_20260925_194736.wav,DEV_001_20260925_194736.wav,0,59.40306,18.07249,Phogri,Pholidoptera griseoaptera,Dark Bush-cricket,bush-cricket,0.98,,,25/09/2026,25/09/2026,19:47:36,ClassifEspSWE-0002026-05-29_1,JOHANKARLSSON,202609261748VE9C8UHA,2026_25_sep_19,Citizen Science (ultrasonic) - shared
59~40306+18~07249_20260925_194745.wav,DEV_001_20260925_194745.wav,0,59.40306,18.07249,Phogri,Pholidoptera griseoaptera,Dark Bush-cricket,bush-cricket,0.99,,,25/09/2026,25/09/2026,19:47:45,ClassifEspSWE-0002026-05-29_1,JOHANKARLSSON,202609261748VE9C8UHA,2026_25_sep_19,Citizen Science (ultrasonic) - shared
59~40306+18~07249_20260925_194752.wav,DEV_001_20260925_194752.wav,0,59.40306,18.07249,Phogri,Pholidoptera griseoaptera,Dark Bush-cricket,bush-cricket,0.94,,,25/09/2026,25/09/2026,19:47:52,ClassifEspSWE-0002026-05-29_1,JOHANKARLSSON,202609261748VE9C8UHA,2026_25_sep_19,Citizen Science (ultrasonic) - shared
59~40306+18~07249_20260925_194759.wav,DEV_001_20260925_194759.wav,0,59.40306,18.07249,Phogri,Pholidoptera griseoaptera,Dark Bush-cricket,bush-cricket,0.96,,,25/09/2026,25/09/2026,19:47:59,ClassifEspSWE-0002026-05-29_1,JOHANKARLSSON,202609261748VE9C8UHA,2026_25_sep_19,Citizen Science (ultrasonic) - shared
59~40306+18~07249_20260925_194807.wav,DEV_001_20260925_194807.wav,0,59.40306,18.07249,Phogri,Pholidoptera griseoaptera,Dark Bush-cricket,bush-cricket,0.98,,,25/09/2026,25/09/2026,19:48:07,ClassifEspSWE-0002026-05-29_1,JOHANKARLSSON,202609261748VE9C8UHA,2026_25_sep_19,Citizen Science (ultrasonic) - shared
59~40306+18~07249_20260925_194814.wav,DEV_001_20260925_194814.wav,0,59.40306,18.07249,Phogri,Pholidoptera griseoaptera,Dark Bush-cricket,bush-cricket,0.91,,,25/09/2026,25/09/2026,19:48:14,ClassifEspSWE-0002026-05-29_1,JOHANKARLSSON,202609261748VE9C8UHA,2026_25_sep_19,Citizen Science (ultrasonic) - shared
59~40306+18~07249_20260925_194820.wav,DEV_001_20260925_194820.wav,0,59.40306,18.07249,Phogri,Pholidoptera griseoaptera,Dark Bush-cricket,bush-cricket,0.99,,,25/09/2026,25/09/2026,19:48:20,ClassifEspSWE-0002026-05-29_1,JOHANKARLSSON,202609261748VE9C8UHA,2026_25_sep_19,Citizen Science (ultrasonic) - shared
59~40306+18~07249_20260925_194825.wav,DEV_001_20260925_194825.wav,0,59.40306,18.07249,Phogri,Pholidoptera griseoaptera,Dark Bush-cricket,bush-cricket,0.99,,,25/09/2026,25/09/2026,19:48:25,ClassifEspSWE-0002026-05-29_1,JOHANKARLSSON,202609261748VE9C8UHA,2026_25_sep_19,Citizen Science (ultrasonic) - shared
59~40306+18~07249_20260925_194833.wav,DEV_001_20260925_194833.wav,0,59.40306,18.07249,Phogri,Pholidoptera griseoaptera,Dark Bush-cricket,bush-cricket,0.8,,,25/09/2026,25/09/2026,19:48:33,ClassifEspSWE-0002026-05-29_1,JOHANKARLSSON,202609261748VE9C8UHA,2026_25_sep_19,Citizen Science (ultrasonic) - shared
59~40306+18~07249_20260925_194841.wav,DEV_001_20260925_194841.wav,0,59.40306,18.07249,Phogri,Pholidoptera griseoaptera,Dark Bush-cricket,bush-cricket,0.99,,,25/09/2026,25/09/2026,19:48:41,ClassifEspSWE-0002026-05-29_1,JOHANKARLSSON,202609261748VE9C8UHA,2026_25_sep_19,Citizen Science (ultrasonic) - shared
59~40306+18~07249_20260925_194848.wav,DEV_001_20260925_194848.wav,0,59.40306,18.07249,Phogri,Pholidoptera griseoaptera,Dark Bush-cricket,bush-cricket,0.96,,,25/09/2026,25/09/2026,19:48:48,ClassifEspSWE-0002026-05-29_1,JOHANKARLSSON,202609261748VE9C8UHA,2026_25_sep_19,Citizen Science (ultrasonic) - shared
59~40306+18~07249_20260925_194857.wav,DEV_001_20260925_194857.wav,0,59.40306,18.07249,Phogri,Pholidoptera griseoaptera,Dark Bush-cricket,bush-cricket,0.98,,,25/09/2026,25/09/2026,19:48:57,ClassifEspSWE-0002026-05-29_1,JOHANKARLSSON,202609261748VE9C8UHA,2026_25_sep_19,Citizen Science (ultrasonic) - shared
59~40306+18~07249_20260925_194902.wav,DEV_001_20260925_194902.wav,0,59.40306,18.07249,Phogri,Pholidoptera griseoaptera,Dark Bush-cricket,bush-cricket,0.99,,,25/09/2026,25/09/2026,19:49:02,ClassifEspSWE-0002026-05-29_1,JOHANKARLSSON,202609261748VE9C8UHA,2026_25_sep_19,Citizen Science (ultrasonic) - shared
59~40306+18~07249_20260925_194909.wav,DEV_001_20260925_194909.wav,0,59.40306,18.07249,Phogri,Pholidoptera griseoaptera,Dark Bush-cricket,bush-cricket,0.98,,,25/09/2026,25/09/2026,19:49:09,ClassifEspSWE-0002026-05-29_1,JOHANKARLSSON,202609261748VE9C8UHA,2026_25_sep_19,Citizen Science (ultrasonic) - shared
59~40306+18~07249_20260925_194916.wav,DEV_001_20260925_194916.wav,0,59.40306,18.07249,Phogri,Pholidoptera griseoaptera,Dark Bush-cricket,bush-cricket,0.99,,,25/09/2026,25/09/2026,19:49:16,ClassifEspSWE-0002026-05-29_1,JOHANKARLSSON,202609261748VE9C8UHA,2026_25_sep_19,Citizen Science (ultrasonic) - shared
59~40306+18~07249_20260925_194923.wav,DEV_001_20260925_194923.wav,0,59.40306,18.07249,Phogri,Pholidoptera griseoaptera,Dark Bush-cricket,bush-cricket,0.98,,,25/09/2026,25/09/2026,19:49:23,ClassifEspSWE-0002026-05-29_1,JOHANKARLSSON,202609261748VE9C8UHA,2026_25_sep_19,Citizen Science (ultrasonic) - shared
59~40306+18~07249_20260925_194929.wav,DEV_001_20260925_194929.wav,0,59.40306,18.07249,Phogri,Pholidoptera griseoaptera,Dark Bush-cricket,bush-cricket,0.98,,,25/09/2026,25/09/2026,19:49:29,ClassifEspSWE-0002026-05-29_1,JOHANKARLSSON,202609261748VE9C8UHA,2026_25_sep_19,Citizen Science (ultrasonic) - shared
59~40306+18~07249_20260925_194936.wav,DEV_001_20260925_194936.wav,0,59.40306,18.07249,Phogri,Pholidoptera griseoaptera,Dark Bush-cricket,bush-cricket,0.99,,,25/09/2026,25/09/2026,19:49:36,ClassifEspSWE-0002026-05-29_1,JOHANKARLSSON,202609261748VE9C8UHA,2026_25_sep_19,Citizen Science (ultrasonic) - shared
59~40306+18~07249_20260925_194943.wav,DEV_001_20260925_194943.wav,0,59.40306,18.07249,Phogri,Pholidoptera griseoaptera,Dark Bush-cricket,bush-cricket,0.97,,,25/09/2026,25/09/2026,19:49:43,ClassifEspSWE-0002026-05-29_1,JOHANKARLSSON,202609261748VE9C8UHA,2026_25_sep_19,Citizen Science (ultrasonic) - shared
59~40306+18~07249_20260925_194948.wav,DEV_001_20260925_194948.wav,0,59.40306,18.07249,Phogri,Pholidoptera griseoaptera,Dark Bush-cricket,bush-cricket,0.99,,,25/09/2026,25/09/2026,19:49:48,ClassifEspSWE-0002026-05-29_1,JOHANKARLSSON,202609261748VE9C8UHA,2026_25_sep_19,Citizen Science (ultrasonic) - shared
59~40306+18~07249_20260925_194954.wav,DEV_001_20260925_194954.wav,0,59.40306,18.07249,Phogri,Pholidoptera griseoaptera,Dark Bush-cricket,bush-cricket,0.97,,,25/09/2026,25/09/2026,19:49:54,ClassifEspSWE-0002026-05-29_1,JOHANKARLSSON,202609261748VE9C8UHA,2026_25_sep_19,Citizen Science (ultrasonic) - shared
59~40306+18~07249_20260925_195001.wav,DEV_001_20260925_195001.wav,0,59.40306,18.07249,Phogri,Pholidoptera griseoaptera,Dark Bush-cricket,bush-cricket,0.99,,,25/09/2026,25/09/2026,19:50:01,ClassifEspSWE-0002026-05-29_1,JOHANKARLSSON,202609261748VE9C8UHA,2026_25_sep_19,Citizen Science (ultrasonic) - shared
59~40306+18~07249_20260925_195007.wav,DEV_001_20260925_195007.wav,0,59.40306,18.07249,Phogri,Pholidoptera griseoaptera,Dark Bush-cricket,bush-cricket,0.98,,,25/09/2026,25/09/2026,19:50:07,ClassifEspSWE-0002026-05-29_1,JOHANKARLSSON,202609261748VE9C8UHA,2026_25_sep_19,Citizen Science (ultrasonic) - shared
59~40306+18~07249_20260925_195013.wav,DEV_001_20260925_195013.wav,0,59.40306,18.07249,Phogri,Pholidoptera griseoaptera,Dark Bush-cricket,bush-cricket,0.99,,,25/09/2026,25/09/2026,19:50:13,ClassifEspSWE-0002026-05-29_1,JOHANKARLSSON,202609261748VE9C8UHA,2026_25_sep_19,Citizen Science (ultrasonic) - shared
59~40306+18~07249_20260925_195019.wav,DEV_001_20260925_195019.wav,0,59.40306,18.07249,Phogri,Pholidoptera griseoaptera,Dark Bush-cricket,bush-cricket,0.98,,,25/09/2026,25/09/2026,19:50:19,ClassifEspSWE-0002026-05-29_1,JOHANKARLSSON,202609261748VE9C8UHA,2026_25_sep_19,Citizen Science (ultrasonic) - shared
59~40306+18~07249_20260925_195025.wav,DEV_001_20260925_195025.wav,0,59.40306,18.07249,Phogri,Pholidoptera griseoaptera,Dark Bush-cricket,bush-cricket,0.98,,,25/09/2026,25/09/2026,19:50:25,ClassifEspSWE-0002026-05-29_1,JOHANKARLSSON,202609261748VE9C8UHA,2026_25_sep_19,Citizen Science (ultrasonic) - shared
59~40306+18~07249_20260925_195032.wav,DEV_001_20260925_195032.wav,0,59.40306,18.07249,Phogri,Pholidoptera griseoaptera,Dark Bush-cricket,bush-cricket,0.97,,,25/09/2026,25/09/2026,19:50:32,ClassifEspSWE-0002026-05-29_1,JOHANKARLSSON,202609261748VE9C8UHA,2026_25_sep_19,Citizen Science (ultrasonic) - shared
59~40306+18~07249_20260925_195037.wav,DEV_001_20260925_195037.wav,0,59.40306,18.07249,Phogri,Pholidoptera griseoaptera,Dark Bush-cricket,bush-cricket,0.97,,,25/09/2026,25/09/2026,19:50:37,ClassifEspSWE-0002026-05-29_1,JOHANKARLSSON,202609261748VE9C8UHA,2026_25_sep_19,Citizen Science (ultrasonic) - shared
59~40306+18~07249_20260925_195044.wav,DEV_001_20260925_195044.wav,0,59.40306,18.07249,Phogri,Pholidoptera griseoaptera,Dark Bush-cricket,bush-cricket,0.99,,,25/09/2026,25/09/2026,19:50:44,ClassifEspSWE-0002026-05-29_1,JOHANKARLSSON,202609261748VE9C8UHA,2026_25_sep_19,Citizen Science (ultrasonic) - shared
59~40306+18~07249_20260925_195050.wav,DEV_001_20260925_195050.wav,0,59.40306,18.07249,Phogri,Pholidoptera griseoaptera,Dark Bush-cricket,bush-cricket,0.97,,,25/09/2026,25/09/2026,19:50:50,ClassifEspSWE-0002026-05-29_1,JOHANKARLSSON,202609261748VE9C8UHA,2026_25_sep_19,Citizen Science (ultrasonic) - shared
59~40306+18~07249_20260925_195056.wav,DEV_001_20260925_195056.wav,0,59.40306,18.07249,Phogri,Pholidoptera griseoaptera,Dark Bush-cricket,bush-cricket,0.89,,,25/09/2026,25/09/2026,19:50:56,ClassifEspSWE-0002026-05-29_1,JOHANKARLSSON,202609261748VE9C8UHA,2026_25_sep_19,Citizen Science (ultrasonic) - shared
59~40306+18~07249_20260925_195103.wav,DEV_001_20260925_195103.wav,0,59.40306,18.07249,Phogri,Pholidoptera griseoaptera,Dark Bush-cricket,bush-cricket,0.99,,,25/09/2026,25/09/2026,19:51:03,ClassifEspSWE-0002026-05-29_1,JOHANKARLSSON,202609261748VE9C8UHA,2026_25_sep_19,Citizen Science (ultrasonic) - shared
59~40306+18~07249_20260925_195108.wav,DEV_001_20260925_195108.wav,0,59.40306,18.07249,Phogri,Pholidoptera griseoaptera,Dark Bush-cricket,bush-cricket,0.98,,,25/09/2026,25/09/2026,19:51:08,ClassifEspSWE-0002026-05-29_1,JOHANKARLSSON,202609261748VE9C8UHA,2026_25_sep_19,Citizen Science (ultrasonic) - shared
59~40306+18~07249_20260925_195115.wav,DEV_001_20260925_195115.wav,0,59.40306,18.07249,Phogri,Pholidoptera griseoaptera,Dark Bush-cricket,bush-cricket,0.99,,,25/09/2026,25/09/2026,19:51:15,ClassifEspSWE-0002026-05-29_1,JOHANKARLSSON,202609261748VE9C8UHA,2026_25_sep_19,Citizen Science (ultrasonic) - shared
59~40306+18~07249_20260925_195121.wav,DEV_001_20260925_195121.wav,0,59.40306,18.07249,Phogri,Pholidoptera griseoaptera,Dark Bush-cricket,bush-cricket,0.99,,,25/09/2026,25/09/2026,19:51:21,ClassifEspSWE-0002026-05-29_1,JOHANKARLSSON,202609261748VE9C8UHA,2026_25_sep_19,Citizen Science (ultrasonic) - shared
59~40306+18~07249_20260925_195127.wav,DEV_001_20260925_195127.wav,0,59.40306,18.07249,Phogri,Pholidoptera griseoaptera,Dark Bush-cricket,bush-cricket,0.99,,,25/09/2026,25/09/2026,19:51:27,ClassifEspSWE-0002026-05-29_1,JOHANKARLSSON,202609261748VE9C8UHA,2026_25_sep_19,Citizen Science (ultrasonic) - shared
59~40306+18~07249_20260925_195133.wav,DEV_001_20260925_195133.wav,0,59.40306,18.07249,Phogri,Pholidoptera griseoaptera,Dark Bush-cricket,bush-cricket,0.99,,,25/09/2026,25/09/2026,19:51:33,ClassifEspSWE-0002026-05-29_1,JOHANKARLSSON,202609261748VE9C8UHA,2026_25_sep_19,Citizen Science (ultrasonic) - shared
59~40306+18~07249_20260925_195139.wav,DEV_001_20260925_195139.wav,0,59.40306,18.07249,Phogri,Pholidoptera griseoaptera,Dark Bush-cricket,bush-cricket,0.99,,,25/09/2026,25/09/2026,19:51:39,ClassifEspSWE-0002026-05-29_1,JOHANKARLSSON,202609261748VE9C8UHA,2026_25_sep_19,Citizen Science (ultrasonic) - shared
59~40306+18~07249_20260925_195146.wav,DEV_001_20260925_195146.wav,0,59.40306,18.07249,Phogri,Pholidoptera griseoaptera,Dark Bush-cricket,bush-cricket,0.99,,,25/09/2026,25/09/2026,19:51:46,ClassifEspSWE-0002026-05-29_1,JOHANKARLSSON,202609261748VE9C8UHA,2026_25_sep_19,Citizen Science (ultrasonic) - shared
59~40306+18~07249_20260925_195152.wav,DEV_001_20260925_195152.wav,0,59.40306,18.07249,Phogri,Pholidoptera griseoaptera,Dark Bush-cricket,bush-cricket,0.99,,,25/09/2026,25/09/2026,19:51:52,ClassifEspSWE-0002026-05-29_1,JOHANKARLSSON,202609261748VE9C8UHA,2026_25_sep_19,Citizen Science (ultrasonic) - shared
59~40306+18~07249_20260925_195158.wav,DEV_001_20260925_195158.wav,0,59.40306,18.07249,Phogri,Pholidoptera griseoaptera,Dark Bush-cricket,bush-cricket,0.91,,,25/09/2026,25/09/2026,19:51:58,ClassifEspSWE-0002026-05-29_1,JOHANKARLSSON,202609261748VE9C8UHA,2026_25_sep_19,Citizen Science (ultrasonic) - shared
59~40306+18~07249_20260925_195204.wav,DEV_001_20260925_195204.wav,0,59.40306,18.07249,Phogri,Pholidoptera griseoaptera,Dark Bush-cricket,bush-cricket,0.99,,,25/09/2026,25/09/2026,19:52:04,ClassifEspSWE-0002026-05-29_1,JOHANKARLSSON,202609261748VE9C8UHA,2026_25_sep_19,Citizen Science (ultrasonic) - shared
59~40306+18~07249_20260925_195209.wav,DEV_001_20260925_195209.wav,0,59.40306,18.07249,Phogri,Pholidoptera griseoaptera,Dark Bush-cricket,bush-cricket,0.98,,,25/09/2026,25/09/2026,19:52:09,ClassifEspSWE-0002026-05-29_1,JOHANKARLSSON,202609261748VE9C8UHA,2026_25_sep_19,Citizen Science (ultrasonic) - shared
59~40306+18~07249_20260925_195216.wav,DEV_001_20260925_195216.wav,0,59.40306,18.07249,Phogri,Pholidoptera griseoaptera,Dark Bush-cricket,bush-cricket,0.98,,,25/09/2026,25/09/2026,19:52:16,ClassifEspSWE-0002026-05-29_1,JOHANKARLSSON,202609261748VE9C8UHA,2026_25_sep_19,Citizen Science (ultrasonic) - shared
59~40306+18~07249_20260925_195222.wav,DEV_001_20260925_195222.wav,0,59.40306,18.07249,Phogri,Pholidoptera griseoaptera,Dark Bush-cricket,bush-cricket,0.99,,,25/09/2026,25/09/2026,19:52:22,ClassifEspSWE-0002026-05-29_1,JOHANKARLSSON,202609261748VE9C8UHA,2026_25_sep_19,Citizen Science (ultrasonic) - shared
59~40306+18~07249_20260925_195227.wav,DEV_001_20260925_195227.wav,0,59.40306,18.07249,Phogri,Pholidoptera griseoaptera,Dark Bush-cricket,bush-cricket,0.99,,,25/09/2026,25/09/2026,19:52:27,ClassifEspSWE-0002026-05-29_1,JOHANKARLSSON,202609261748VE9C8UHA,2026_25_sep_19,Citizen Science (ultrasonic) - shared
59~40306+18~07249_20260925_195234.wav,DEV_001_20260925_195234.wav,0,59.40306,18.07249,Phogri,Pholidoptera griseoaptera,Dark Bush-cricket,bush-cricket,0.97,,,25/09/2026,25/09/2026,19:52:34,ClassifEspSWE-0002026-05-29_1,JOHANKARLSSON,202609261748VE9C8UHA,2026_25_sep_19,Citizen Science (ultrasonic) - shared
59~40306+18~07249_20260925_195241.wav,DEV_001_20260925_195241.wav,0,59.40306,18.07249,Phogri,Pholidoptera griseoaptera,Dark Bush-cricket,bush-cricket,0.97,,,25/09/2026,25/09/2026,19:52:41,ClassifEspSWE-0002026-05-29_1,JOHANKARLSSON,202609261748VE9C8UHA,2026_25_sep_19,Citizen Science (ultrasonic) - shared
59~40306+18~07249_20260925_195247.wav,DEV_001_20260925_195247.wav,0,59.40306,18.07249,Phogri,Pholidoptera griseoaptera,Dark Bush-cricket,bush-cricket,0.94,,,25/09/2026,25/09/2026,19:52:47,ClassifEspSWE-0002026-05-29_1,JOHANKARLSSON,202609261748VE9C8UHA,2026_25_sep_19,Citizen Science (ultrasonic) - shared
59~40306+18~07249_20260925_195253.wav,DEV_001_20260925_195253.wav,0,59.40306,18.07249,Phogri,Pholidoptera griseoaptera,Dark Bush-cricket,bush-cricket,0.99,,,25/09/2026,25/09/2026,19:52:53,ClassifEspSWE-0002026-05-29_1,JOHANKARLSSON,202609261748VE9C8UHA,2026_25_sep_19,Citizen Science (ultrasonic) - shared
59~40306+18~07249_20260925_195258.wav,DEV_001_20260925_195258.wav,0,59.40306,18.07249,Phogri,Pholidoptera griseoaptera,Dark Bush-cricket,bush-cricket,0.99,,,25/09/2026,25/09/2026,19:52:58,ClassifEspSWE-0002026-05-29_1,JOHANKARLSSON,202609261748VE9C8UHA,2026_25_sep_19,Citizen Science (ultrasonic) - shared
59~40306+18~07249_20260925_195305.wav,DEV_001_20260925_195305.wav,0,59.40306,18.07249,Phogri,Pholidoptera griseoaptera,Dark Bush-cricket,bush-cricket,0.99,,,25/09/2026,25/09/2026,19:53:05,ClassifEspSWE-0002026-05-29_1,JOHANKARLSSON,202609261748VE9C8UHA,2026_25_sep_19,Citizen Science (ultrasonic) - shared
59~40306+18~07249_20260925_195311.wav,DEV_001_20260925_195311.wav,0,59.40306,18.07249,Phogri,Pholidoptera griseoaptera,Dark Bush-cricket,bush-cricket,0.96,,,25/09/2026,25/09/2026,19:53:11,ClassifEspSWE-0002026-05-29_1,JOHANKARLSSON,202609261748VE9C8UHA,2026_25_sep_19,Citizen Science (ultrasonic) - shared
59~40306+18~07249_20260925_195317.wav,DEV_001_20260925_195317.wav,0,59.40306,18.07249,Phogri,Pholidoptera griseoaptera,Dark Bush-cricket,bush-cricket,0.99,,,25/09/2026,25/09/2026,19:53:17,ClassifEspSWE-0002026-05-29_1,JOHANKARLSSON,202609261748VE9C8UHA,2026_25_sep_19,Citizen Science (ultrasonic) - shared
59~40306+18~07249_20260925_195323.wav,DEV_001_20260925_195323.wav,0,59.40306,18.07249,Phogri,Pholidoptera griseoaptera,Dark Bush-cricket,bush-cricket,0.99,,,25/09/2026,25/09/2026,19:53:23,ClassifEspSWE-0002026-05-29_1,JOHANKARLSSON,202609261748VE9C8UHA,2026_25_sep_19,Citizen Science (ultrasonic) - shared
59~40306+18~07249_20260925_195328.wav,DEV_001_20260925_195328.wav,0,59.40306,18.07249,Phogri,Pholidoptera griseoaptera,Dark Bush-cricket,bush-cricket,0.98,,,25/09/2026,25/09/2026,19:53:28,ClassifEspSWE-0002026-05-29_1,JOHANKARLSSON,202609261748VE9C8UHA,2026_25_sep_19,Citizen Science (ultrasonic) - shared
59~40306+18~07249_20260925_195335.wav,DEV_001_20260925_195335.wav,0,59.40306,18.07249,Phogri,Pholidoptera griseoaptera,Dark Bush-cricket,bush-cricket,0.98,,,25/09/2026,25/09/2026,19:53:35,ClassifEspSWE-0002026-05-29_1,JOHANKARLSSON,202609261748VE9C8UHA,2026_25_sep_19,Citizen Science (ultrasonic) - shared
59~40306+18~07249_20260925_195341.wav,DEV_001_20260925_195341.wav,0,59.40306,18.07249,Phogri,Pholidoptera griseoaptera,Dark Bush-cricket,bush-cricket,0.98,,,25/09/2026,25/09/2026,19:53:41,ClassifEspSWE-0002026-05-29_1,JOHANKARLSSON,202609261748VE9C8UHA,2026_25_sep_19,Citizen Science (ultrasonic) - shared
59~40306+18~07249_20260925_195347.wav,DEV_001_20260925_195347.wav,0,59.40306,18.07249,Phogri,Pholidoptera griseoaptera,Dark Bush-cricket,bush-cricket,0.99,,,25/09/2026,25/09/2026,19:53:47,ClassifEspSWE-0002026-05-29_1,JOHANKARLSSON,202609261748VE9C8UHA,2026_25_sep_19,Citizen Science (ultrasonic) - shared
59~40306+18~07249_20260925_195354.wav,DEV_001_20260925_195354.wav,0,59.40306,18.07249,Phogri,Pholidoptera griseoaptera,Dark Bush-cricket,bush-cricket,0.97,,,25/09/2026,25/09/2026,19:53:54,ClassifEspSWE-0002026-05-29_1,JOHANKARLSSON,202609261748VE9C8UHA,2026_25_sep_19,Citizen Science (ultrasonic) - shared
59~40306+18~07249_20260925_195401.wav,DEV_001_20260925_195401.wav,0,59.40306,18.07249,Phogri,Pholidoptera griseoaptera,Dark Bush-cricket,bush-cricket,0.98,,,25/09/2026,25/09/2026,19:54:01,ClassifEspSWE-0002026-05-29_1,JOHANKARLSSON,202609261748VE9C8UHA,2026_25_sep_19,Citizen Science (ultrasonic) - shared
59~40306+18~07249_20260925_195406.wav,DEV_001_20260925_195406.wav,0,59.40306,18.07249,Phogri,Pholidoptera griseoaptera,Dark Bush-cricket,bush-cricket,0.98,,,25/09/2026,25/09/2026,19:54:06,ClassifEspSWE-0002026-05-29_1,JOHANKARLSSON,202609261748VE9C8UHA,2026_25_sep_19,Citizen Science (ultrasonic) - shared
59~40306+18~07249_20260925_195412.wav,DEV_001_20260925_195412.wav,0,59.40306,18.07249,Phogri,Pholidoptera griseoaptera,Dark Bush-cricket,bush-cricket,0.99,,,25/09/2026,25/09/2026,19:54:12,ClassifEspSWE-0002026-05-29_1,JOHANKARLSSON,202609261748VE9C8UHA,2026_25_sep_19,Citizen Science (ultrasonic) - shared
59~40306+18~07249_20260925_195417.wav,DEV_001_20260925_195417.wav,0,59.40306,18.07249,Phogri,Pholidoptera griseoaptera,Dark Bush-cricket,bush-cricket,0.91,,,25/09/2026,25/09/2026,19:54:17,ClassifEspSWE-0002026-05-29_1,JOHANKARLSSON,202609261748VE9C8UHA,2026_25_sep_19,Citizen Science (ultrasonic) - shared
59~40306+18~07249_20260925_195423.wav,DEV_001_20260925_195423.wav,0,59.40306,18.07249,Phogri,Pholidoptera griseoaptera,Dark Bush-cricket,bush-cricket,0.99,,,25/09/2026,25/09/2026,19:54:23,ClassifEspSWE-0002026-05-29_1,JOHANKARLSSON,202609261748VE9C8UHA,2026_25_sep_19,Citizen Science (ultrasonic) - shared
59~40306+18~07249_20260925_195428.wav,DEV_001_20260925_195428.wav,0,59.40306,18.07249,Phogri,Pholidoptera griseoaptera,Dark Bush-cricket,bush-cricket,0.98,,,25/09/2026,25/09/2026,19:54:28,ClassifEspSWE-0002026-05-29_1,JOHANKARLSSON,202609261748VE9C8UHA,2026_25_sep_19,Citizen Science (ultrasonic) - shared
59~40306+18~07249_20260925_195434.wav,DEV_001_20260925_195434.wav,0,59.40306,18.07249,Phogri,Pholidoptera griseoaptera,Dark Bush-cricket,bush-cricket,0.77,,,25/09/2026,25/09/2026,19:54:34,ClassifEspSWE-0002026-05-29_1,JOHANKARLSSON,202609261748VE9C8UHA,2026_25_sep_19,Citizen Science (ultrasonic) - shared
59~40306+18~07249_20260925_195439.wav,DEV_001_20260925_195439.wav,0,59.40306,18.07249,Phogri,Pholidoptera griseoaptera,Dark Bush-cricket,bush-cricket,0.97,,,25/09/2026,25/09/2026,19:54:39,ClassifEspSWE-0002026-05-29_1,JOHANKARLSSON,202609261748VE9C8UHA,2026_25_sep_19,Citizen Science (ultrasonic) - shared
59~40306+18~07249_20260925_195445.wav,DEV_001_20260925_195445.wav,0,59.40306,18.07249,Phogri,Pholidoptera griseoaptera,Dark Bush-cricket,bush-cricket,0.98,,,25/09/2026,25/09/2026,19:54:45,ClassifEspSWE-0002026-05-29_1,JOHANKARLSSON,202609261748VE9C8UHA,2026_25_sep_19,Citizen Science (ultrasonic) - shared
59~40306+18~07249_20260925_195452.wav,DEV_001_20260925_195452.wav,0,59.40306,18.07249,Phogri,Pholidoptera griseoaptera,Dark Bush-cricket,bush-cricket,0.95,,,25/09/2026,25/09/2026,19:54:52,ClassifEspSWE-0002026-05-29_1,JOHANKARLSSON,202609261748VE9C8UHA,2026_25_sep_19,Citizen Science (ultrasonic) - shared
59~40306+18~07249_20260925_195459.wav,DEV_001_20260925_195459.wav,0,59.40306,18.07249,Phogri,Pholidoptera griseoaptera,Dark Bush-cricket,bush-cricket,0.99,,,25/09/2026,25/09/2026,19:54:59,ClassifEspSWE-0002026-05-29_1,JOHANKARLSSON,202609261748VE9C8UHA,2026_25_sep_19,Citizen Science (ultrasonic) - shared
59~40306+18~07249_20260925_195504.wav,DEV_001_20260925_195504.wav,0,59.40306,18.07249,Phogri,Pholidoptera griseoaptera,Dark Bush-cricket,bush-cricket,0.96,,,25/09/2026,25/09/2026,19:55:04,ClassifEspSWE-0002026-05-29_1,JOHANKARLSSON,202609261748VE9C8UHA,2026_25_sep_19,Citizen Science (ultrasonic) - shared
59~40306+18~07249_20260925_195510.wav,DEV_001_20260925_195510.wav,0,59.40306,18.07249,Phogri,Pholidoptera griseoaptera,Dark Bush-cricket,bush-cricket,0.99,,,25/09/2026,25/09/2026,19:55:10,ClassifEspSWE-0002026-05-29_1,JOHANKARLSSON,202609261748VE9C8UHA,2026_25_sep_19,Citizen Science (ultrasonic) - shared
59~40306+18~07249_20260925_195516.wav,DEV_001_20260925_195516.wav,0,59.40306,18.07249,Phogri,Pholidoptera griseoaptera,Dark Bush-cricket,bush-cricket,0.99,,,25/09/2026,25/09/2026,19:55:16,ClassifEspSWE-0002026-05-29_1,JOHANKARLSSON,202609261748VE9C8UHA,2026_25_sep_19,Citizen Science (ultrasonic) - shared
59~40306+18~07249_20260925_195522.wav,DEV_001_20260925_195522.wav,0,59.40306,18.07249,Phogri,Pholidoptera griseoaptera,Dark Bush-cricket,bush-cricket,0.98,,,25/09/2026,25/09/2026,19:55:22,ClassifEspSWE-0002026-05-29_1,JOHANKARLSSON,202609261748VE9C8UHA,2026_25_sep_19,Citizen Science (ultrasonic) - shared
59~40306+18~07249_20260925_195529.wav,DEV_001_20260925_195529.wav,0,59.40306,18.07249,Phogri,Pholidoptera griseoaptera,Dark Bush-cricket,bush-cricket,0.87,,,25/09/2026,25/09/2026,19:55:29,ClassifEspSWE-0002026-05-29_1,JOHANKARLSSON,202609261748VE9C8UHA,2026_25_sep_19,Citizen Science (ultrasonic) - shared
59~40306+18~07249_20260925_195535.wav,DEV_001_20260925_195535.wav,0,59.40306,18.07249,Phogri,Pholidoptera griseoaptera,Dark Bush-cricket,bush-cricket,0.96,,,25/09/2026,25/09/2026,19:55:35,ClassifEspSWE-0002026-05-29_1,JOHANKARLSSON,202609261748VE9C8UHA,2026_25_sep_19,Citizen Science (ultrasonic) - shared
59~40306+18~07249_20260925_195540.wav,DEV_001_20260925_195540.wav,0,59.40306,18.07249,Phogri,Pholidoptera griseoaptera,Dark Bush-cricket,bush-cricket,0.99,,,25/09/2026,25/09/2026,19:55:40,ClassifEspSWE-0002026-05-29_1,JOHANKARLSSON,202609261748VE9C8UHA,2026_25_sep_19,Citizen Science (ultrasonic) - shared
59~40306+18~07249_20260925_195547.wav,DEV_001_20260925_195547.wav,0,59.40306,18.07249,Phogri,Pholidoptera griseoaptera,Dark Bush-cricket,bush-cricket,0.96,,,25/09/2026,25/09/2026,19:55:47,ClassifEspSWE-0002026-05-29_1,JOHANKARLSSON,202609261748VE9C8UHA,2026_25_sep_19,Citizen Science (ultrasonic) - shared
59~40306+18~07249_20260925_195552.wav,DEV_001_20260925_195552.wav,0,59.40306,18.07249,Phogri,Pholidoptera griseoaptera,Dark Bush-cricket,bush-cricket,0.82,,,25/09/2026,25/09/2026,19:55:52,ClassifEspSWE-0002026-05-29_1,JOHANKARLSSON,202609261748VE9C8UHA,2026_25_sep_19,Citizen Science (ultrasonic) - shared
59~40306+18~07249_20260925_195558.wav,DEV_001_20260925_195558.wav,0,59.40306,18.07249,Phogri,Pholidoptera griseoaptera,Dark Bush-cricket,bush-cricket,0.98,,,25/09/2026,25/09/2026,19:55:58,ClassifEspSWE-0002026-05-29_1,JOHANKARLSSON,202609261748VE9C8UHA,2026_25_sep_19,Citizen Science (ultrasonic) - shared
59~40306+18~07249_20260925_195604.wav,DEV_001_20260925_195604.wav,0,59.40306,18.07249,Phogri,Pholidoptera griseoaptera,Dark Bush-cricket,bush-cricket,0.97,,,25/09/2026,25/09/2026,19:56:04,ClassifEspSWE-0002026-05-29_1,JOHANKARLSSON,202609261748VE9C8UHA,2026_25_sep_19,Citizen Science (ultrasonic) - shared
59~40306+18~07249_20260925_195609.wav,DEV_001_20260925_195609.wav,0,59.40306,18.07249,Phogri,Pholidoptera griseoaptera,Dark Bush-cricket,bush-cricket,0.96,,,25/09/2026,25/09/2026,19:56:09,ClassifEspSWE-0002026-05-29_1,JOHANKARLSSON,202609261748VE9C8UHA,2026_25_sep_19,Citizen Science (ultrasonic) - shared
59~40306+18~07249_20260925_195614.wav,DEV_001_20260925_195614.wav,0,59.40306,18.07249,Phogri,Pholidoptera griseoaptera,Dark Bush-cricket,bush-cricket,0.98,,,25/09/2026,25/09/2026,19:56:14,ClassifEspSWE-0002026-05-29_1,JOHANKARLSSON,202609261748VE9C8UHA,2026_25_sep_19,Citizen Science (ultrasonic) - shared
59~40306+18~07249_20260925_195620.wav,DEV_001_20260925_195620.wav,0,59.40306,18.07249,Phogri,Pholidoptera griseoaptera,Dark Bush-cricket,bush-cricket,0.96,,,25/09/2026,25/09/2026,19:56:20,ClassifEspSWE-0002026-05-29_1,JOHANKARLSSON,202609261748VE9C8UHA,2026_25_sep_19,Citizen Science (ultrasonic) - shared
59~40306+18~07249_20260925_195625.wav,DEV_001_20260925_195625.wav,0,59.40306,18.07249,Phogri,Pholidoptera griseoaptera,Dark Bush-cricket,bush-cricket,0.96,,,25/09/2026,25/09/2026,19:56:25,ClassifEspSWE-0002026-05-29_1,JOHANKARLSSON,202609261748VE9C8UHA,2026_25_sep_19,Citizen Science (ultrasonic) - shared
59~40306+18~07249_20260925_195630.wav,DEV_001_20260925_195630.wav,0,59.40306,18.07249,Phogri,Pholidoptera griseoaptera,Dark Bush-cricket,bush-cricket,0.99,,,25/09/2026,25/09/2026,19:56:30,ClassifEspSWE-0002026-05-29_1,JOHANKARLSSON,202609261748VE9C8UHA,2026_25_sep_19,Citizen Science (ultrasonic) - shared
59~40306+18~07249_20260925_195637.wav,DEV_001_20260925_195637.wav,0,59.40306,18.07249,Phogri,Pholidoptera griseoaptera,Dark Bush-cricket,bush-cricket,0.96,,,25/09/2026,25/09/2026,19:56:37,ClassifEspSWE-0002026-05-29_1,JOHANKARLSSON,202609261748VE9C8UHA,2026_25_sep_19,Citizen Science (ultrasonic) - shared
59~40306+18~07249_20260925_195642.wav,DEV_001_20260925_195642.wav,0,59.40306,18.07249,Phogri,Pholidoptera griseoaptera,Dark Bush-cricket,bush-cricket,0.99,,,25/09/2026,25/09/2026,19:56:42,ClassifEspSWE-0002026-05-29_1,JOHANKARLSSON,202609261748VE9C8UHA,2026_25_sep_19,Citizen Science (ultrasonic) - shared
59~40306+18~07249_20260925_195647.wav,DEV_001_20260925_195647.wav,0,59.40306,18.07249,Phogri,Pholidoptera griseoaptera,Dark Bush-cricket,bush-cricket,0.98,,,25/09/2026,25/09/2026,19:56:47,ClassifEspSWE-0002026-05-29_1,JOHANKARLSSON,202609261748VE9C8UHA,2026_25_sep_19,Citizen Science (ultrasonic) - shared
59~40306+18~07249_20260925_195654.wav,DEV_001_20260925_195654.wav,0,59.40306,18.07249,Phogri,Pholidoptera griseoaptera,Dark Bush-cricket,bush-cricket,0.99,,,25/09/2026,25/09/2026,19:56:54,ClassifEspSWE-0002026-05-29_1,JOHANKARLSSON,202609261748VE9C8UHA,2026_25_sep_19,Citizen Science (ultrasonic) - shared
59~40306+18~07249_20260925_195700.wav,DEV_001_20260925_195700.wav,0,59.40306,18.07249,Phogri,Pholidoptera griseoaptera,Dark Bush-cricket,bush-cricket,0.99,,,25/09/2026,25/09/2026,19:57:00,ClassifEspSWE-0002026-05-29_1,JOHANKARLSSON,202609261748VE9C8UHA,2026_25_sep_19,Citizen Science (ultrasonic) - shared
59~40306+18~07249_20260925_195705.wav,DEV_001_20260925_195705.wav,0,59.40306,18.07249,Phogri,Pholidoptera griseoaptera,Dark Bush-cricket,bush-cricket,0.97,,,25/09/2026,25/09/2026,19:57:05,ClassifEspSWE-0002026-05-29_1,JOHANKARLSSON,202609261748VE9C8UHA,2026_25_sep_19,Citizen Science (ultrasonic) - shared
59~40306+18~07249_20260925_195711.wav,DEV_001_20260925_195711.wav,0,59.40306,18.07249,Phogri,Pholidoptera griseoaptera,Dark Bush-cricket,bush-cricket,0.91,,,25/09/2026,25/09/2026,19:57:11,ClassifEspSWE-0002026-05-29_1,JOHANKARLSSON,202609261748VE9C8UHA,2026_25_sep_19,Citizen Science (ultrasonic) - shared
59~40306+18~07249_20260925_195717.wav,DEV_001_20260925_195717.wav,0,59.40306,18.07249,Phogri,Pholidoptera griseoaptera,Dark Bush-cricket,bush-cricket,0.99,,,25/09/2026,25/09/2026,19:57:17,ClassifEspSWE-0002026-05-29_1,JOHANKARLSSON,202609261748VE9C8UHA,2026_25_sep_19,Citizen Science (ultrasonic) - shared
59~40306+18~07249_20260925_195723.wav,DEV_001_20260925_195723.wav,0,59.40306,18.07249,Phogri,Pholidoptera griseoaptera,Dark Bush-cricket,bush-cricket,0.99,,,25/09/2026,25/09/2026,19:57:23,ClassifEspSWE-0002026-05-29_1,JOHANKARLSSON,202609261748VE9C8UHA,2026_25_sep_19,Citizen Science (ultrasonic) - shared
59~40306+18~07249_20260925_195729.wav,DEV_001_20260925_195729.wav,0,59.40306,18.07249,Phogri,Pholidoptera griseoaptera,Dark Bush-cricket,bush-cricket,0.98,,,25/09/2026,25/09/2026,19:57:29,ClassifEspSWE-0002026-05-29_1,JOHANKARLSSON,202609261748VE9C8UHA,2026_25_sep_19,Citizen Science (ultrasonic) - shared
59~40306+18~07249_20260925_195734.wav,DEV_001_20260925_195734.wav,0,59.40306,18.07249,Phogri,Pholidoptera griseoaptera,Dark Bush-cricket,bush-cricket,0.95,,,25/09/2026,25/09/2026,19:57:34,ClassifEspSWE-0002026-05-29_1,JOHANKARLSSON,202609261748VE9C8UHA,2026_25_sep_19,Citizen Science (ultrasonic) - shared
59~40306+18~07249_20260925_195740.wav,DEV_001_20260925_195740.wav,0,59.40306,18.07249,Phogri,Pholidoptera griseoaptera,Dark Bush-cricket,bush-cricket,0.96,,,25/09/2026,25/09/2026,19:57:40,ClassifEspSWE-0002026-05-29_1,JOHANKARLSSON,202609261748VE9C8UHA,2026_25_sep_19,Citizen Science (ultrasonic) - shared
59~40306+18~07249_20260925_195746.wav,DEV_001_20260925_195746.wav,0,59.40306,18.07249,Phogri,Pholidoptera griseoaptera,Dark Bush-cricket,bush-cricket,0.99,,,25/09/2026,25/09/2026,19:57:46,ClassifEspSWE-0002026-05-29_1,JOHANKARLSSON,202609261748VE9C8UHA,2026_25_sep_19,Citizen Science (ultrasonic) - shared
59~40306+18~07249_20260925_195751.wav,DEV_001_20260925_195751.wav,0,59.40306,18.07249,Phogri,Pholidoptera griseoaptera,Dark Bush-cricket,bush-cricket,0.98,,,25/09/2026,25/09/2026,19:57:51,ClassifEspSWE-0002026-05-29_1,JOHANKARLSSON,202609261748VE9C8UHA,2026_25_sep_19,Citizen Science (ultrasonic) - shared
59~40306+18~07249_20260925_195758.wav,DEV_001_20260925_195758.wav,0,59.40306,18.07249,Phogri,Pholidoptera griseoaptera,Dark Bush-cricket,bush-cricket,0.99,,,25/09/2026,25/09/2026,19:57:58,ClassifEspSWE-0002026-05-29_1,JOHANKARLSSON,202609261748VE9C8UHA,2026_25_sep_19,Citizen Science (ultrasonic) - shared
59~40306+18~07249_20260925_195804.wav,DEV_001_20260925_195804.wav,0,59.40306,18.07249,Phogri,Pholidoptera griseoaptera,Dark Bush-cricket,bush-cricket,0.86,,,25/09/2026,25/09/2026,19:58:04,ClassifEspSWE-0002026-05-29_1,JOHANKARLSSON,202609261748VE9C8UHA,2026_25_sep_19,Citizen Science (ultrasonic) - shared
59~40306+18~07249_20260925_195811.wav,DEV_001_20260925_195811.wav,0,59.40306,18.07249,Phogri,Pholidoptera griseoaptera,Dark Bush-cricket,bush-cricket,0.95,,,25/09/2026,25/09/2026,19:58:11,ClassifEspSWE-0002026-05-29_1,JOHANKARLSSON,202609261748VE9C8UHA,2026_25_sep_19,Citizen Science (ultrasonic) - shared
59~40306+18~07249_20260925_195818.wav,DEV_001_20260925_195818.wav,0,59.40306,18.07249,Phogri,Pholidoptera griseoaptera,Dark Bush-cricket,bush-cricket,0.93,,,25/09/2026,25/09/2026,19:58:18,ClassifEspSWE-0002026-05-29_1,JOHANKARLSSON,202609261748VE9C8UHA,2026_25_sep_19,Citizen Science (ultrasonic) - shared
59~40306+18~07249_20260925_195824.wav,DEV_001_20260925_195824.wav,0,59.40306,18.07249,Phogri,Pholidoptera griseoaptera,Dark Bush-cricket,bush-cricket,0.99,,,25/09/2026,25/09/2026,19:58:24,ClassifEspSWE-0002026-05-29_1,JOHANKARLSSON,202609261748VE9C8UHA,2026_25_sep_19,Citizen Science (ultrasonic) - shared
59~40306+18~07249_20260925_195831.wav,DEV_001_20260925_195831.wav,0,59.40306,18.07249,Phogri,Pholidoptera griseoaptera,Dark Bush-cricket,bush-cricket,0.98,,,25/09/2026,25/09/2026,19:58:31,ClassifEspSWE-0002026-05-29_1,JOHANKARLSSON,202609261748VE9C8UHA,2026_25_sep_19,Citizen Science (ultrasonic) - shared
59~40306+18~07249_20260925_195838.wav,DEV_001_20260925_195838.wav,0,59.40306,18.07249,Phogri,Pholidoptera griseoaptera,Dark Bush-cricket,bush-cricket,0.9,,,25/09/2026,25/09/2026,19:58:38,ClassifEspSWE-0002026-05-29_1,JOHANKARLSSON,202609261748VE9C8UHA,2026_25_sep_19,Citizen Science (ultrasonic) - shared
59~40306+18~07249_20260925_195845.wav,DEV_001_20260925_195845.wav,0,59.40306,18.07249,Phogri,Pholidoptera griseoaptera,Dark Bush-cricket,bush-cricket,0.97,,,25/09/2026,25/09/2026,19:58:45,ClassifEspSWE-0002026-05-29_1,JOHANKARLSSON,202609261748VE9C8UHA,2026_25_sep_19,Citizen Science (ultrasonic) - shared
59~40306+18~07249_20260925_195851.wav,DEV_001_20260925_195851.wav,0,59.40306,18.07249,Phogri,Pholidoptera griseoaptera,Dark Bush-cricket,bush-cricket,0.99,,,25/09/2026,25/09/2026,19:58:51,ClassifEspSWE-0002026-05-29_1,JOHANKARLSSON,202609261748VE9C8UHA,2026_25_sep_19,Citizen Science (ultrasonic) - shared
59~40306+18~07249_20260925_195857.wav,DEV_001_20260925_195857.wav,0,59.40306,18.07249,Phogri,Pholidoptera griseoaptera,Dark Bush-cricket,bush-cricket,0.99,,,25/09/2026,25/09/2026,19:58:57,ClassifEspSWE-0002026-05-29_1,JOHANKARLSSON,202609261748VE9C8UHA,2026_25_sep_19,Citizen Science (ultrasonic) - shared
59~40306+18~07249_20260925_195904.wav,DEV_001_20260925_195904.wav,0,59.40306,18.07249,Phogri,Pholidoptera griseoaptera,Dark Bush-cricket,bush-cricket,0.99,,,25/09/2026,25/09/2026,19:59:04,ClassifEspSWE-0002026-05-29_1,JOHANKARLSSON,202609261748VE9C8UHA,2026_25_sep_19,Citizen Science (ultrasonic) - shared
59~40306+18~07249_20260925_195911.wav,DEV_001_20260925_195911.wav,0,59.40306,18.07249,Phogri,Pholidoptera griseoaptera,Dark Bush-cricket,bush-cricket,0.98,,,25/09/2026,25/09/2026,19:59:11,ClassifEspSWE-0002026-05-29_1,JOHANKARLSSON,202609261748VE9C8UHA,2026_25_sep_19,Citizen Science (ultrasonic) - shared
59~40306+18~07249_20260925_195917.wav,DEV_001_20260925_195917.wav,0,59.40306,18.07249,Phogri,Pholidoptera griseoaptera,Dark Bush-cricket,bush-cricket,0.98,,,25/09/2026,25/09/2026,19:59:17,ClassifEspSWE-0002026-05-29_1,JOHANKARLSSON,202609261748VE9C8UHA,2026_25_sep_19,Citizen Science (ultrasonic) - shared
59~40306+18~07249_20260925_195924.wav,DEV_001_20260925_195924.wav,0,59.40306,18.07249,Phogri,Pholidoptera griseoaptera,Dark Bush-cricket,bush-cricket,0.94,,,25/09/2026,25/09/2026,19:59:24,ClassifEspSWE-0002026-05-29_1,JOHANKARLSSON,202609261748VE9C8UHA,2026_25_sep_19,Citizen Science (ultrasonic) - shared
59~40306+18~07249_20260925_195931.wav,DEV_001_20260925_195931.wav,0,59.40306,18.07249,Phogri,Pholidoptera griseoaptera,Dark Bush-cricket,bush-cricket,0.98,,,25/09/2026,25/09/2026,19:59:31,ClassifEspSWE-0002026-05-29_1,JOHANKARLSSON,202609261748VE9C8UHA,2026_25_sep_19,Citizen Science (ultrasonic) - shared
59~40306+18~07249_20260925_195936.wav,DEV_001_20260925_195936.wav,0,59.40306,18.07249,Phogri,Pholidoptera griseoaptera,Dark Bush-cricket,bush-cricket,0.92,,,25/09/2026,25/09/2026,19:59:36,ClassifEspSWE-0002026-05-29_1,JOHANKARLSSON,202609261748VE9C8UHA,2026_25_sep_19,Citizen Science (ultrasonic) - shared
59~40306+18~07249_20260925_195943.wav,DEV_001_20260925_195943.wav,0,59.40306,18.07249,Phogri,Pholidoptera griseoaptera,Dark Bush-cricket,bush-cricket,0.99,,,25/09/2026,25/09/2026,19:59:43,ClassifEspSWE-0002026-05-29_1,JOHANKARLSSON,202609261748VE9C8UHA,2026_25_sep_19,Citizen Science (ultrasonic) - shared
59~40306+18~07249_20260925_195949.wav,DEV_001_20260925_195949.wav,0,59.40306,18.07249,Phogri,Pholidoptera griseoaptera,Dark Bush-cricket,bush-cricket,0.99,,,25/09/2026,25/09/2026,19:59:49,ClassifEspSWE-0002026-05-29_1,JOHANKARLSSON,202609261748VE9C8UHA,2026_25_sep_19,Citizen Science (ultrasonic) - shared
59~40306+18~07249_20260925_195955.wav,DEV_001_20260925_195955.wav,0,59.40306,18.07249,Phogri,Pholidoptera griseoaptera,Dark Bush-cricket,bush-cricket,0.99,,,25/09/2026,25/09/2026,19:59:55,ClassifEspSWE-0002026-05-29_1,JOHANKARLSSON,202609261748VE9C8UHA,2026_25_sep_19,Citizen Science (ultrasonic) - shared
59~40306+18~07249_20260925_193130.wav,DEV_001_20260925_193130.wav,0,59.40306,18.07249,Sormin,Sorex minutus,Eurasian Pygmy Shrew,terrestrial mammal,0.75,Not all shrew species considered,,25/09/2026,25/09/2026,19:31:30,ClassifEspSWE-0002026-05-29_1,JOHANKARLSSON,202609261748VE9C8UHA,2026_25_sep_19,Citizen Science (ultrasonic) - shared