RECORDING FILE NAME,ORIGINAL FILE NAME,ORIGINAL FILE PART,LATITUDE,LONGITUDE,SPECIES,SCIENTIFIC NAME,ENGLISH NAME,SPECIES GROUP,PROBABILITY,WARNINGS,CALL TYPE,ACTUAL DATE,SURVEY DATE,TIME,CLASSIFIER NAME,USER ID,UPLOAD KEY,BATCH NAME,PROJECT NAME
59~40306+18~07249_20260925_210012.wav,DEV_001_20260925_210012.wav,0,59.40306,18.07249,Pippyg,Pipistrellus pygmaeus,Soprano Pipistrelle,bat,0.58,,echolocation,25/09/2026,25/09/2026,21:00:12,ClassifEspSWE-0002026-05-29_1,JOHANKARLSSON,202609261750NZ8IMDWO,2026_25_sep_21,Citizen Science (ultrasonic) - shared
59~40306+18~07249_20260925_210450.wav,DEV_001_20260925_210450.wav,0,59.40306,18.07249,Pippyg,Pipistrellus pygmaeus,Soprano Pipistrelle,bat,0.99,,echolocation,25/09/2026,25/09/2026,21:04:50,ClassifEspSWE-0002026-05-29_1,JOHANKARLSSON,202609261750NZ8IMDWO,2026_25_sep_21,Citizen Science (ultrasonic) - shared
59~40306+18~07249_20260925_212751.wav,DEV_001_20260925_212751.wav,0,59.40306,18.07249,Pippyg,Pipistrellus pygmaeus,Soprano Pipistrelle,bat,0.11,,echolocation,25/09/2026,25/09/2026,21:27:51,ClassifEspSWE-0002026-05-29_1,JOHANKARLSSON,202609261750NZ8IMDWO,2026_25_sep_21,Citizen Science (ultrasonic) - shared
59~40306+18~07249_20260925_210709.wav,DEV_001_20260925_210709.wav,0,59.40306,18.07249,Pleaur,Plecotus auritus,Brown Long-eared Bat,bat,0.95,,echolocation,25/09/2026,25/09/2026,21:07:09,ClassifEspSWE-0002026-05-29_1,JOHANKARLSSON,202609261750NZ8IMDWO,2026_25_sep_21,Citizen Science (ultrasonic) - shared
59~40306+18~07249_20260925_210714.wav,DEV_001_20260925_210714.wav,0,59.40306,18.07249,Pleaur,Plecotus auritus,Brown Long-eared Bat,bat,0.95,,echolocation,25/09/2026,25/09/2026,21:07:14,ClassifEspSWE-0002026-05-29_1,JOHANKARLSSON,202609261750NZ8IMDWO,2026_25_sep_21,Citizen Science (ultrasonic) - shared
59~40306+18~07249_20260925_211517.wav,DEV_001_20260925_211517.wav,0,59.40306,18.07249,bird,Aves sp.,Unidentified bird,bird,0.16,Low confidence,,25/09/2026,25/09/2026,21:15:17,ClassifEspSWE-0002026-05-29_1,JOHANKARLSSON,202609261750NZ8IMDWO,2026_25_sep_21,Citizen Science (ultrasonic) - shared
59~40306+18~07249_20260925_210005.wav,DEV_001_20260925_210005.wav,0,59.40306,18.07249,Leppun,Leptophyes punctatissima,Speckled Bush-cricket,bush-cricket,0.99,,,25/09/2026,25/09/2026,21:00:05,ClassifEspSWE-0002026-05-29_1,JOHANKARLSSON,202609261750NZ8IMDWO,2026_25_sep_21,Citizen Science (ultrasonic) - shared
59~40306+18~07249_20260925_210012.wav,DEV_001_20260925_210012.wav,0,59.40306,18.07249,Leppun,Leptophyes punctatissima,Speckled Bush-cricket,bush-cricket,0.99,,,25/09/2026,25/09/2026,21:00:12,ClassifEspSWE-0002026-05-29_1,JOHANKARLSSON,202609261750NZ8IMDWO,2026_25_sep_21,Citizen Science (ultrasonic) - shared
59~40306+18~07249_20260925_210024.wav,DEV_001_20260925_210024.wav,0,59.40306,18.07249,Leppun,Leptophyes punctatissima,Speckled Bush-cricket,bush-cricket,0.99,,,25/09/2026,25/09/2026,21:00:24,ClassifEspSWE-0002026-05-29_1,JOHANKARLSSON,202609261750NZ8IMDWO,2026_25_sep_21,Citizen Science (ultrasonic) - shared
59~40306+18~07249_20260925_210041.wav,DEV_001_20260925_210041.wav,0,59.40306,18.07249,Leppun,Leptophyes punctatissima,Speckled Bush-cricket,bush-cricket,0.99,,,25/09/2026,25/09/2026,21:00:41,ClassifEspSWE-0002026-05-29_1,JOHANKARLSSON,202609261750NZ8IMDWO,2026_25_sep_21,Citizen Science (ultrasonic) - shared
59~40306+18~07249_20260925_210050.wav,DEV_001_20260925_210050.wav,0,59.40306,18.07249,Leppun,Leptophyes punctatissima,Speckled Bush-cricket,bush-cricket,0.99,,,25/09/2026,25/09/2026,21:00:50,ClassifEspSWE-0002026-05-29_1,JOHANKARLSSON,202609261750NZ8IMDWO,2026_25_sep_21,Citizen Science (ultrasonic) - shared
59~40306+18~07249_20260925_210058.wav,DEV_001_20260925_210058.wav,0,59.40306,18.07249,Leppun,Leptophyes punctatissima,Speckled Bush-cricket,bush-cricket,0.98,,,25/09/2026,25/09/2026,21:00:58,ClassifEspSWE-0002026-05-29_1,JOHANKARLSSON,202609261750NZ8IMDWO,2026_25_sep_21,Citizen Science (ultrasonic) - shared
59~40306+18~07249_20260925_210106.wav,DEV_001_20260925_210106.wav,0,59.40306,18.07249,Leppun,Leptophyes punctatissima,Speckled Bush-cricket,bush-cricket,0.99,,,25/09/2026,25/09/2026,21:01:06,ClassifEspSWE-0002026-05-29_1,JOHANKARLSSON,202609261750NZ8IMDWO,2026_25_sep_21,Citizen Science (ultrasonic) - shared
59~40306+18~07249_20260925_210112.wav,DEV_001_20260925_210112.wav,0,59.40306,18.07249,Leppun,Leptophyes punctatissima,Speckled Bush-cricket,bush-cricket,0.99,,,25/09/2026,25/09/2026,21:01:12,ClassifEspSWE-0002026-05-29_1,JOHANKARLSSON,202609261750NZ8IMDWO,2026_25_sep_21,Citizen Science (ultrasonic) - shared
59~40306+18~07249_20260925_210120.wav,DEV_001_20260925_210120.wav,0,59.40306,18.07249,Leppun,Leptophyes punctatissima,Speckled Bush-cricket,bush-cricket,0.99,,,25/09/2026,25/09/2026,21:01:20,ClassifEspSWE-0002026-05-29_1,JOHANKARLSSON,202609261750NZ8IMDWO,2026_25_sep_21,Citizen Science (ultrasonic) - shared
59~40306+18~07249_20260925_210130.wav,DEV_001_20260925_210130.wav,0,59.40306,18.07249,Leppun,Leptophyes punctatissima,Speckled Bush-cricket,bush-cricket,0.99,,,25/09/2026,25/09/2026,21:01:30,ClassifEspSWE-0002026-05-29_1,JOHANKARLSSON,202609261750NZ8IMDWO,2026_25_sep_21,Citizen Science (ultrasonic) - shared
59~40306+18~07249_20260925_210138.wav,DEV_001_20260925_210138.wav,0,59.40306,18.07249,Leppun,Leptophyes punctatissima,Speckled Bush-cricket,bush-cricket,0.99,,,25/09/2026,25/09/2026,21:01:38,ClassifEspSWE-0002026-05-29_1,JOHANKARLSSON,202609261750NZ8IMDWO,2026_25_sep_21,Citizen Science (ultrasonic) - shared
59~40306+18~07249_20260925_210146.wav,DEV_001_20260925_210146.wav,0,59.40306,18.07249,Leppun,Leptophyes punctatissima,Speckled Bush-cricket,bush-cricket,0.99,,,25/09/2026,25/09/2026,21:01:46,ClassifEspSWE-0002026-05-29_1,JOHANKARLSSON,202609261750NZ8IMDWO,2026_25_sep_21,Citizen Science (ultrasonic) - shared
59~40306+18~07249_20260925_210204.wav,DEV_001_20260925_210204.wav,0,59.40306,18.07249,Leppun,Leptophyes punctatissima,Speckled Bush-cricket,bush-cricket,0.99,,,25/09/2026,25/09/2026,21:02:04,ClassifEspSWE-0002026-05-29_1,JOHANKARLSSON,202609261750NZ8IMDWO,2026_25_sep_21,Citizen Science (ultrasonic) - shared
59~40306+18~07249_20260925_210210.wav,DEV_001_20260925_210210.wav,0,59.40306,18.07249,Leppun,Leptophyes punctatissima,Speckled Bush-cricket,bush-cricket,0.99,,,25/09/2026,25/09/2026,21:02:10,ClassifEspSWE-0002026-05-29_1,JOHANKARLSSON,202609261750NZ8IMDWO,2026_25_sep_21,Citizen Science (ultrasonic) - shared
59~40306+18~07249_20260925_210225.wav,DEV_001_20260925_210225.wav,0,59.40306,18.07249,Leppun,Leptophyes punctatissima,Speckled Bush-cricket,bush-cricket,0.99,,,25/09/2026,25/09/2026,21:02:25,ClassifEspSWE-0002026-05-29_1,JOHANKARLSSON,202609261750NZ8IMDWO,2026_25_sep_21,Citizen Science (ultrasonic) - shared
59~40306+18~07249_20260925_210232.wav,DEV_001_20260925_210232.wav,0,59.40306,18.07249,Leppun,Leptophyes punctatissima,Speckled Bush-cricket,bush-cricket,0.99,,,25/09/2026,25/09/2026,21:02:32,ClassifEspSWE-0002026-05-29_1,JOHANKARLSSON,202609261750NZ8IMDWO,2026_25_sep_21,Citizen Science (ultrasonic) - shared
59~40306+18~07249_20260925_210239.wav,DEV_001_20260925_210239.wav,0,59.40306,18.07249,Leppun,Leptophyes punctatissima,Speckled Bush-cricket,bush-cricket,0.99,,,25/09/2026,25/09/2026,21:02:39,ClassifEspSWE-0002026-05-29_1,JOHANKARLSSON,202609261750NZ8IMDWO,2026_25_sep_21,Citizen Science (ultrasonic) - shared
59~40306+18~07249_20260925_210244.wav,DEV_001_20260925_210244.wav,0,59.40306,18.07249,Leppun,Leptophyes punctatissima,Speckled Bush-cricket,bush-cricket,0.99,,,25/09/2026,25/09/2026,21:02:44,ClassifEspSWE-0002026-05-29_1,JOHANKARLSSON,202609261750NZ8IMDWO,2026_25_sep_21,Citizen Science (ultrasonic) - shared
59~40306+18~07249_20260925_210250.wav,DEV_001_20260925_210250.wav,0,59.40306,18.07249,Leppun,Leptophyes punctatissima,Speckled Bush-cricket,bush-cricket,0.99,,,25/09/2026,25/09/2026,21:02:50,ClassifEspSWE-0002026-05-29_1,JOHANKARLSSON,202609261750NZ8IMDWO,2026_25_sep_21,Citizen Science (ultrasonic) - shared
59~40306+18~07249_20260925_210256.wav,DEV_001_20260925_210256.wav,0,59.40306,18.07249,Leppun,Leptophyes punctatissima,Speckled Bush-cricket,bush-cricket,0.99,,,25/09/2026,25/09/2026,21:02:56,ClassifEspSWE-0002026-05-29_1,JOHANKARLSSON,202609261750NZ8IMDWO,2026_25_sep_21,Citizen Science (ultrasonic) - shared
59~40306+18~07249_20260925_210307.wav,DEV_001_20260925_210307.wav,0,59.40306,18.07249,Leppun,Leptophyes punctatissima,Speckled Bush-cricket,bush-cricket,0.99,,,25/09/2026,25/09/2026,21:03:07,ClassifEspSWE-0002026-05-29_1,JOHANKARLSSON,202609261750NZ8IMDWO,2026_25_sep_21,Citizen Science (ultrasonic) - shared
59~40306+18~07249_20260925_210312.wav,DEV_001_20260925_210312.wav,0,59.40306,18.07249,Leppun,Leptophyes punctatissima,Speckled Bush-cricket,bush-cricket,0.99,,,25/09/2026,25/09/2026,21:03:12,ClassifEspSWE-0002026-05-29_1,JOHANKARLSSON,202609261750NZ8IMDWO,2026_25_sep_21,Citizen Science (ultrasonic) - shared
59~40306+18~07249_20260925_210317.wav,DEV_001_20260925_210317.wav,0,59.40306,18.07249,Leppun,Leptophyes punctatissima,Speckled Bush-cricket,bush-cricket,0.99,,,25/09/2026,25/09/2026,21:03:17,ClassifEspSWE-0002026-05-29_1,JOHANKARLSSON,202609261750NZ8IMDWO,2026_25_sep_21,Citizen Science (ultrasonic) - shared
59~40306+18~07249_20260925_210323.wav,DEV_001_20260925_210323.wav,0,59.40306,18.07249,Leppun,Leptophyes punctatissima,Speckled Bush-cricket,bush-cricket,0.99,,,25/09/2026,25/09/2026,21:03:23,ClassifEspSWE-0002026-05-29_1,JOHANKARLSSON,202609261750NZ8IMDWO,2026_25_sep_21,Citizen Science (ultrasonic) - shared
59~40306+18~07249_20260925_210334.wav,DEV_001_20260925_210334.wav,0,59.40306,18.07249,Leppun,Leptophyes punctatissima,Speckled Bush-cricket,bush-cricket,0.99,,,25/09/2026,25/09/2026,21:03:34,ClassifEspSWE-0002026-05-29_1,JOHANKARLSSON,202609261750NZ8IMDWO,2026_25_sep_21,Citizen Science (ultrasonic) - shared
59~40306+18~07249_20260925_210341.wav,DEV_001_20260925_210341.wav,0,59.40306,18.07249,Leppun,Leptophyes punctatissima,Speckled Bush-cricket,bush-cricket,0.99,,,25/09/2026,25/09/2026,21:03:41,ClassifEspSWE-0002026-05-29_1,JOHANKARLSSON,202609261750NZ8IMDWO,2026_25_sep_21,Citizen Science (ultrasonic) - shared
59~40306+18~07249_20260925_210349.wav,DEV_001_20260925_210349.wav,0,59.40306,18.07249,Leppun,Leptophyes punctatissima,Speckled Bush-cricket,bush-cricket,0.99,,,25/09/2026,25/09/2026,21:03:49,ClassifEspSWE-0002026-05-29_1,JOHANKARLSSON,202609261750NZ8IMDWO,2026_25_sep_21,Citizen Science (ultrasonic) - shared
59~40306+18~07249_20260925_210402.wav,DEV_001_20260925_210402.wav,0,59.40306,18.07249,Leppun,Leptophyes punctatissima,Speckled Bush-cricket,bush-cricket,0.99,,,25/09/2026,25/09/2026,21:04:02,ClassifEspSWE-0002026-05-29_1,JOHANKARLSSON,202609261750NZ8IMDWO,2026_25_sep_21,Citizen Science (ultrasonic) - shared
59~40306+18~07249_20260925_210411.wav,DEV_001_20260925_210411.wav,0,59.40306,18.07249,Leppun,Leptophyes punctatissima,Speckled Bush-cricket,bush-cricket,0.99,,,25/09/2026,25/09/2026,21:04:11,ClassifEspSWE-0002026-05-29_1,JOHANKARLSSON,202609261750NZ8IMDWO,2026_25_sep_21,Citizen Science (ultrasonic) - shared
59~40306+18~07249_20260925_210419.wav,DEV_001_20260925_210419.wav,0,59.40306,18.07249,Leppun,Leptophyes punctatissima,Speckled Bush-cricket,bush-cricket,0.99,,,25/09/2026,25/09/2026,21:04:19,ClassifEspSWE-0002026-05-29_1,JOHANKARLSSON,202609261750NZ8IMDWO,2026_25_sep_21,Citizen Science (ultrasonic) - shared
59~40306+18~07249_20260925_210432.wav,DEV_001_20260925_210432.wav,0,59.40306,18.07249,Leppun,Leptophyes punctatissima,Speckled Bush-cricket,bush-cricket,0.99,,,25/09/2026,25/09/2026,21:04:32,ClassifEspSWE-0002026-05-29_1,JOHANKARLSSON,202609261750NZ8IMDWO,2026_25_sep_21,Citizen Science (ultrasonic) - shared
59~40306+18~07249_20260925_210442.wav,DEV_001_20260925_210442.wav,0,59.40306,18.07249,Leppun,Leptophyes punctatissima,Speckled Bush-cricket,bush-cricket,0.99,,,25/09/2026,25/09/2026,21:04:42,ClassifEspSWE-0002026-05-29_1,JOHANKARLSSON,202609261750NZ8IMDWO,2026_25_sep_21,Citizen Science (ultrasonic) - shared
59~40306+18~07249_20260925_210450.wav,DEV_001_20260925_210450.wav,0,59.40306,18.07249,Leppun,Leptophyes punctatissima,Speckled Bush-cricket,bush-cricket,0.99,,,25/09/2026,25/09/2026,21:04:50,ClassifEspSWE-0002026-05-29_1,JOHANKARLSSON,202609261750NZ8IMDWO,2026_25_sep_21,Citizen Science (ultrasonic) - shared
59~40306+18~07249_20260925_210457.wav,DEV_001_20260925_210457.wav,0,59.40306,18.07249,Leppun,Leptophyes punctatissima,Speckled Bush-cricket,bush-cricket,0.99,,,25/09/2026,25/09/2026,21:04:57,ClassifEspSWE-0002026-05-29_1,JOHANKARLSSON,202609261750NZ8IMDWO,2026_25_sep_21,Citizen Science (ultrasonic) - shared
59~40306+18~07249_20260925_210516.wav,DEV_001_20260925_210516.wav,0,59.40306,18.07249,Leppun,Leptophyes punctatissima,Speckled Bush-cricket,bush-cricket,0.99,,,25/09/2026,25/09/2026,21:05:16,ClassifEspSWE-0002026-05-29_1,JOHANKARLSSON,202609261750NZ8IMDWO,2026_25_sep_21,Citizen Science (ultrasonic) - shared
59~40306+18~07249_20260925_210539.wav,DEV_001_20260925_210539.wav,0,59.40306,18.07249,Leppun,Leptophyes punctatissima,Speckled Bush-cricket,bush-cricket,0.99,,,25/09/2026,25/09/2026,21:05:39,ClassifEspSWE-0002026-05-29_1,JOHANKARLSSON,202609261750NZ8IMDWO,2026_25_sep_21,Citizen Science (ultrasonic) - shared
59~40306+18~07249_20260925_210544.wav,DEV_001_20260925_210544.wav,0,59.40306,18.07249,Leppun,Leptophyes punctatissima,Speckled Bush-cricket,bush-cricket,0.99,,,25/09/2026,25/09/2026,21:05:44,ClassifEspSWE-0002026-05-29_1,JOHANKARLSSON,202609261750NZ8IMDWO,2026_25_sep_21,Citizen Science (ultrasonic) - shared
59~40306+18~07249_20260925_210552.wav,DEV_001_20260925_210552.wav,0,59.40306,18.07249,Leppun,Leptophyes punctatissima,Speckled Bush-cricket,bush-cricket,0.99,,,25/09/2026,25/09/2026,21:05:52,ClassifEspSWE-0002026-05-29_1,JOHANKARLSSON,202609261750NZ8IMDWO,2026_25_sep_21,Citizen Science (ultrasonic) - shared
59~40306+18~07249_20260925_210557.wav,DEV_001_20260925_210557.wav,0,59.40306,18.07249,Leppun,Leptophyes punctatissima,Speckled Bush-cricket,bush-cricket,0.99,,,25/09/2026,25/09/2026,21:05:57,ClassifEspSWE-0002026-05-29_1,JOHANKARLSSON,202609261750NZ8IMDWO,2026_25_sep_21,Citizen Science (ultrasonic) - shared
59~40306+18~07249_20260925_210605.wav,DEV_001_20260925_210605.wav,0,59.40306,18.07249,Leppun,Leptophyes punctatissima,Speckled Bush-cricket,bush-cricket,0.99,,,25/09/2026,25/09/2026,21:06:05,ClassifEspSWE-0002026-05-29_1,JOHANKARLSSON,202609261750NZ8IMDWO,2026_25_sep_21,Citizen Science (ultrasonic) - shared
59~40306+18~07249_20260925_210610.wav,DEV_001_20260925_210610.wav,0,59.40306,18.07249,Leppun,Leptophyes punctatissima,Speckled Bush-cricket,bush-cricket,0.99,,,25/09/2026,25/09/2026,21:06:10,ClassifEspSWE-0002026-05-29_1,JOHANKARLSSON,202609261750NZ8IMDWO,2026_25_sep_21,Citizen Science (ultrasonic) - shared
59~40306+18~07249_20260925_210620.wav,DEV_001_20260925_210620.wav,0,59.40306,18.07249,Leppun,Leptophyes punctatissima,Speckled Bush-cricket,bush-cricket,0.99,,,25/09/2026,25/09/2026,21:06:20,ClassifEspSWE-0002026-05-29_1,JOHANKARLSSON,202609261750NZ8IMDWO,2026_25_sep_21,Citizen Science (ultrasonic) - shared
59~40306+18~07249_20260925_210641.wav,DEV_001_20260925_210641.wav,0,59.40306,18.07249,Leppun,Leptophyes punctatissima,Speckled Bush-cricket,bush-cricket,0.99,,,25/09/2026,25/09/2026,21:06:41,ClassifEspSWE-0002026-05-29_1,JOHANKARLSSON,202609261750NZ8IMDWO,2026_25_sep_21,Citizen Science (ultrasonic) - shared
59~40306+18~07249_20260925_210651.wav,DEV_001_20260925_210651.wav,0,59.40306,18.07249,Leppun,Leptophyes punctatissima,Speckled Bush-cricket,bush-cricket,0.99,,,25/09/2026,25/09/2026,21:06:51,ClassifEspSWE-0002026-05-29_1,JOHANKARLSSON,202609261750NZ8IMDWO,2026_25_sep_21,Citizen Science (ultrasonic) - shared
59~40306+18~07249_20260925_210658.wav,DEV_001_20260925_210658.wav,0,59.40306,18.07249,Leppun,Leptophyes punctatissima,Speckled Bush-cricket,bush-cricket,0.99,,,25/09/2026,25/09/2026,21:06:58,ClassifEspSWE-0002026-05-29_1,JOHANKARLSSON,202609261750NZ8IMDWO,2026_25_sep_21,Citizen Science (ultrasonic) - shared
59~40306+18~07249_20260925_210703.wav,DEV_001_20260925_210703.wav,0,59.40306,18.07249,Leppun,Leptophyes punctatissima,Speckled Bush-cricket,bush-cricket,0.99,,,25/09/2026,25/09/2026,21:07:03,ClassifEspSWE-0002026-05-29_1,JOHANKARLSSON,202609261750NZ8IMDWO,2026_25_sep_21,Citizen Science (ultrasonic) - shared
59~40306+18~07249_20260925_210709.wav,DEV_001_20260925_210709.wav,0,59.40306,18.07249,Leppun,Leptophyes punctatissima,Speckled Bush-cricket,bush-cricket,0.99,,,25/09/2026,25/09/2026,21:07:09,ClassifEspSWE-0002026-05-29_1,JOHANKARLSSON,202609261750NZ8IMDWO,2026_25_sep_21,Citizen Science (ultrasonic) - shared
59~40306+18~07249_20260925_210714.wav,DEV_001_20260925_210714.wav,0,59.40306,18.07249,Leppun,Leptophyes punctatissima,Speckled Bush-cricket,bush-cricket,0.99,,,25/09/2026,25/09/2026,21:07:14,ClassifEspSWE-0002026-05-29_1,JOHANKARLSSON,202609261750NZ8IMDWO,2026_25_sep_21,Citizen Science (ultrasonic) - shared
59~40306+18~07249_20260925_210725.wav,DEV_001_20260925_210725.wav,0,59.40306,18.07249,Leppun,Leptophyes punctatissima,Speckled Bush-cricket,bush-cricket,0.99,,,25/09/2026,25/09/2026,21:07:25,ClassifEspSWE-0002026-05-29_1,JOHANKARLSSON,202609261750NZ8IMDWO,2026_25_sep_21,Citizen Science (ultrasonic) - shared
59~40306+18~07249_20260925_210731.wav,DEV_001_20260925_210731.wav,0,59.40306,18.07249,Leppun,Leptophyes punctatissima,Speckled Bush-cricket,bush-cricket,0.99,,,25/09/2026,25/09/2026,21:07:31,ClassifEspSWE-0002026-05-29_1,JOHANKARLSSON,202609261750NZ8IMDWO,2026_25_sep_21,Citizen Science (ultrasonic) - shared
59~40306+18~07249_20260925_210737.wav,DEV_001_20260925_210737.wav,0,59.40306,18.07249,Leppun,Leptophyes punctatissima,Speckled Bush-cricket,bush-cricket,0.99,,,25/09/2026,25/09/2026,21:07:37,ClassifEspSWE-0002026-05-29_1,JOHANKARLSSON,202609261750NZ8IMDWO,2026_25_sep_21,Citizen Science (ultrasonic) - shared
59~40306+18~07249_20260925_210747.wav,DEV_001_20260925_210747.wav,0,59.40306,18.07249,Leppun,Leptophyes punctatissima,Speckled Bush-cricket,bush-cricket,0.99,,,25/09/2026,25/09/2026,21:07:47,ClassifEspSWE-0002026-05-29_1,JOHANKARLSSON,202609261750NZ8IMDWO,2026_25_sep_21,Citizen Science (ultrasonic) - shared
59~40306+18~07249_20260925_210756.wav,DEV_001_20260925_210756.wav,0,59.40306,18.07249,Leppun,Leptophyes punctatissima,Speckled Bush-cricket,bush-cricket,0.99,,,25/09/2026,25/09/2026,21:07:56,ClassifEspSWE-0002026-05-29_1,JOHANKARLSSON,202609261750NZ8IMDWO,2026_25_sep_21,Citizen Science (ultrasonic) - shared
59~40306+18~07249_20260925_210802.wav,DEV_001_20260925_210802.wav,0,59.40306,18.07249,Leppun,Leptophyes punctatissima,Speckled Bush-cricket,bush-cricket,0.99,,,25/09/2026,25/09/2026,21:08:02,ClassifEspSWE-0002026-05-29_1,JOHANKARLSSON,202609261750NZ8IMDWO,2026_25_sep_21,Citizen Science (ultrasonic) - shared
59~40306+18~07249_20260925_210807.wav,DEV_001_20260925_210807.wav,0,59.40306,18.07249,Leppun,Leptophyes punctatissima,Speckled Bush-cricket,bush-cricket,0.99,,,25/09/2026,25/09/2026,21:08:07,ClassifEspSWE-0002026-05-29_1,JOHANKARLSSON,202609261750NZ8IMDWO,2026_25_sep_21,Citizen Science (ultrasonic) - shared
59~40306+18~07249_20260925_210816.wav,DEV_001_20260925_210816.wav,0,59.40306,18.07249,Leppun,Leptophyes punctatissima,Speckled Bush-cricket,bush-cricket,0.99,,,25/09/2026,25/09/2026,21:08:16,ClassifEspSWE-0002026-05-29_1,JOHANKARLSSON,202609261750NZ8IMDWO,2026_25_sep_21,Citizen Science (ultrasonic) - shared
59~40306+18~07249_20260925_210823.wav,DEV_001_20260925_210823.wav,0,59.40306,18.07249,Leppun,Leptophyes punctatissima,Speckled Bush-cricket,bush-cricket,0.99,,,25/09/2026,25/09/2026,21:08:23,ClassifEspSWE-0002026-05-29_1,JOHANKARLSSON,202609261750NZ8IMDWO,2026_25_sep_21,Citizen Science (ultrasonic) - shared
59~40306+18~07249_20260925_210834.wav,DEV_001_20260925_210834.wav,0,59.40306,18.07249,Leppun,Leptophyes punctatissima,Speckled Bush-cricket,bush-cricket,0.99,,,25/09/2026,25/09/2026,21:08:34,ClassifEspSWE-0002026-05-29_1,JOHANKARLSSON,202609261750NZ8IMDWO,2026_25_sep_21,Citizen Science (ultrasonic) - shared
59~40306+18~07249_20260925_210839.wav,DEV_001_20260925_210839.wav,0,59.40306,18.07249,Leppun,Leptophyes punctatissima,Speckled Bush-cricket,bush-cricket,0.99,,,25/09/2026,25/09/2026,21:08:39,ClassifEspSWE-0002026-05-29_1,JOHANKARLSSON,202609261750NZ8IMDWO,2026_25_sep_21,Citizen Science (ultrasonic) - shared
59~40306+18~07249_20260925_210852.wav,DEV_001_20260925_210852.wav,0,59.40306,18.07249,Leppun,Leptophyes punctatissima,Speckled Bush-cricket,bush-cricket,0.99,,,25/09/2026,25/09/2026,21:08:52,ClassifEspSWE-0002026-05-29_1,JOHANKARLSSON,202609261750NZ8IMDWO,2026_25_sep_21,Citizen Science (ultrasonic) - shared
59~40306+18~07249_20260925_210859.wav,DEV_001_20260925_210859.wav,0,59.40306,18.07249,Leppun,Leptophyes punctatissima,Speckled Bush-cricket,bush-cricket,0.99,,,25/09/2026,25/09/2026,21:08:59,ClassifEspSWE-0002026-05-29_1,JOHANKARLSSON,202609261750NZ8IMDWO,2026_25_sep_21,Citizen Science (ultrasonic) - shared
59~40306+18~07249_20260925_210928.wav,DEV_001_20260925_210928.wav,0,59.40306,18.07249,Leppun,Leptophyes punctatissima,Speckled Bush-cricket,bush-cricket,0.99,,,25/09/2026,25/09/2026,21:09:28,ClassifEspSWE-0002026-05-29_1,JOHANKARLSSON,202609261750NZ8IMDWO,2026_25_sep_21,Citizen Science (ultrasonic) - shared
59~40306+18~07249_20260925_210957.wav,DEV_001_20260925_210957.wav,0,59.40306,18.07249,Leppun,Leptophyes punctatissima,Speckled Bush-cricket,bush-cricket,0.99,,,25/09/2026,25/09/2026,21:09:57,ClassifEspSWE-0002026-05-29_1,JOHANKARLSSON,202609261750NZ8IMDWO,2026_25_sep_21,Citizen Science (ultrasonic) - shared
59~40306+18~07249_20260925_211039.wav,DEV_001_20260925_211039.wav,0,59.40306,18.07249,Leppun,Leptophyes punctatissima,Speckled Bush-cricket,bush-cricket,0.99,,,25/09/2026,25/09/2026,21:10:39,ClassifEspSWE-0002026-05-29_1,JOHANKARLSSON,202609261750NZ8IMDWO,2026_25_sep_21,Citizen Science (ultrasonic) - shared
59~40306+18~07249_20260925_211126.wav,DEV_001_20260925_211126.wav,0,59.40306,18.07249,Leppun,Leptophyes punctatissima,Speckled Bush-cricket,bush-cricket,0.99,,,25/09/2026,25/09/2026,21:11:26,ClassifEspSWE-0002026-05-29_1,JOHANKARLSSON,202609261750NZ8IMDWO,2026_25_sep_21,Citizen Science (ultrasonic) - shared
59~40306+18~07249_20260925_211132.wav,DEV_001_20260925_211132.wav,0,59.40306,18.07249,Leppun,Leptophyes punctatissima,Speckled Bush-cricket,bush-cricket,0.99,,,25/09/2026,25/09/2026,21:11:32,ClassifEspSWE-0002026-05-29_1,JOHANKARLSSON,202609261750NZ8IMDWO,2026_25_sep_21,Citizen Science (ultrasonic) - shared
59~40306+18~07249_20260925_211139.wav,DEV_001_20260925_211139.wav,0,59.40306,18.07249,Leppun,Leptophyes punctatissima,Speckled Bush-cricket,bush-cricket,0.99,,,25/09/2026,25/09/2026,21:11:39,ClassifEspSWE-0002026-05-29_1,JOHANKARLSSON,202609261750NZ8IMDWO,2026_25_sep_21,Citizen Science (ultrasonic) - shared
59~40306+18~07249_20260925_211148.wav,DEV_001_20260925_211148.wav,0,59.40306,18.07249,Leppun,Leptophyes punctatissima,Speckled Bush-cricket,bush-cricket,0.99,,,25/09/2026,25/09/2026,21:11:48,ClassifEspSWE-0002026-05-29_1,JOHANKARLSSON,202609261750NZ8IMDWO,2026_25_sep_21,Citizen Science (ultrasonic) - shared
59~40306+18~07249_20260925_211155.wav,DEV_001_20260925_211155.wav,0,59.40306,18.07249,Leppun,Leptophyes punctatissima,Speckled Bush-cricket,bush-cricket,0.99,,,25/09/2026,25/09/2026,21:11:55,ClassifEspSWE-0002026-05-29_1,JOHANKARLSSON,202609261750NZ8IMDWO,2026_25_sep_21,Citizen Science (ultrasonic) - shared
59~40306+18~07249_20260925_211200.wav,DEV_001_20260925_211200.wav,0,59.40306,18.07249,Leppun,Leptophyes punctatissima,Speckled Bush-cricket,bush-cricket,0.99,,,25/09/2026,25/09/2026,21:12:00,ClassifEspSWE-0002026-05-29_1,JOHANKARLSSON,202609261750NZ8IMDWO,2026_25_sep_21,Citizen Science (ultrasonic) - shared
59~40306+18~07249_20260925_211206.wav,DEV_001_20260925_211206.wav,0,59.40306,18.07249,Leppun,Leptophyes punctatissima,Speckled Bush-cricket,bush-cricket,0.99,,,25/09/2026,25/09/2026,21:12:06,ClassifEspSWE-0002026-05-29_1,JOHANKARLSSON,202609261750NZ8IMDWO,2026_25_sep_21,Citizen Science (ultrasonic) - shared
59~40306+18~07249_20260925_211215.wav,DEV_001_20260925_211215.wav,0,59.40306,18.07249,Leppun,Leptophyes punctatissima,Speckled Bush-cricket,bush-cricket,0.99,,,25/09/2026,25/09/2026,21:12:15,ClassifEspSWE-0002026-05-29_1,JOHANKARLSSON,202609261750NZ8IMDWO,2026_25_sep_21,Citizen Science (ultrasonic) - shared
59~40306+18~07249_20260925_211222.wav,DEV_001_20260925_211222.wav,0,59.40306,18.07249,Leppun,Leptophyes punctatissima,Speckled Bush-cricket,bush-cricket,0.99,,,25/09/2026,25/09/2026,21:12:22,ClassifEspSWE-0002026-05-29_1,JOHANKARLSSON,202609261750NZ8IMDWO,2026_25_sep_21,Citizen Science (ultrasonic) - shared
59~40306+18~07249_20260925_211231.wav,DEV_001_20260925_211231.wav,0,59.40306,18.07249,Leppun,Leptophyes punctatissima,Speckled Bush-cricket,bush-cricket,0.99,,,25/09/2026,25/09/2026,21:12:31,ClassifEspSWE-0002026-05-29_1,JOHANKARLSSON,202609261750NZ8IMDWO,2026_25_sep_21,Citizen Science (ultrasonic) - shared
59~40306+18~07249_20260925_211240.wav,DEV_001_20260925_211240.wav,0,59.40306,18.07249,Leppun,Leptophyes punctatissima,Speckled Bush-cricket,bush-cricket,0.99,,,25/09/2026,25/09/2026,21:12:40,ClassifEspSWE-0002026-05-29_1,JOHANKARLSSON,202609261750NZ8IMDWO,2026_25_sep_21,Citizen Science (ultrasonic) - shared
59~40306+18~07249_20260925_211246.wav,DEV_001_20260925_211246.wav,0,59.40306,18.07249,Leppun,Leptophyes punctatissima,Speckled Bush-cricket,bush-cricket,0.99,,,25/09/2026,25/09/2026,21:12:46,ClassifEspSWE-0002026-05-29_1,JOHANKARLSSON,202609261750NZ8IMDWO,2026_25_sep_21,Citizen Science (ultrasonic) - shared
59~40306+18~07249_20260925_211256.wav,DEV_001_20260925_211256.wav,0,59.40306,18.07249,Leppun,Leptophyes punctatissima,Speckled Bush-cricket,bush-cricket,0.99,,,25/09/2026,25/09/2026,21:12:56,ClassifEspSWE-0002026-05-29_1,JOHANKARLSSON,202609261750NZ8IMDWO,2026_25_sep_21,Citizen Science (ultrasonic) - shared
59~40306+18~07249_20260925_211301.wav,DEV_001_20260925_211301.wav,0,59.40306,18.07249,Leppun,Leptophyes punctatissima,Speckled Bush-cricket,bush-cricket,0.99,,,25/09/2026,25/09/2026,21:13:01,ClassifEspSWE-0002026-05-29_1,JOHANKARLSSON,202609261750NZ8IMDWO,2026_25_sep_21,Citizen Science (ultrasonic) - shared
59~40306+18~07249_20260925_211310.wav,DEV_001_20260925_211310.wav,0,59.40306,18.07249,Leppun,Leptophyes punctatissima,Speckled Bush-cricket,bush-cricket,0.99,,,25/09/2026,25/09/2026,21:13:10,ClassifEspSWE-0002026-05-29_1,JOHANKARLSSON,202609261750NZ8IMDWO,2026_25_sep_21,Citizen Science (ultrasonic) - shared
59~40306+18~07249_20260925_211318.wav,DEV_001_20260925_211318.wav,0,59.40306,18.07249,Leppun,Leptophyes punctatissima,Speckled Bush-cricket,bush-cricket,0.99,,,25/09/2026,25/09/2026,21:13:18,ClassifEspSWE-0002026-05-29_1,JOHANKARLSSON,202609261750NZ8IMDWO,2026_25_sep_21,Citizen Science (ultrasonic) - shared
59~40306+18~07249_20260925_211324.wav,DEV_001_20260925_211324.wav,0,59.40306,18.07249,Leppun,Leptophyes punctatissima,Speckled Bush-cricket,bush-cricket,0.99,,,25/09/2026,25/09/2026,21:13:24,ClassifEspSWE-0002026-05-29_1,JOHANKARLSSON,202609261750NZ8IMDWO,2026_25_sep_21,Citizen Science (ultrasonic) - shared
59~40306+18~07249_20260925_211334.wav,DEV_001_20260925_211334.wav,0,59.40306,18.07249,Leppun,Leptophyes punctatissima,Speckled Bush-cricket,bush-cricket,0.99,,,25/09/2026,25/09/2026,21:13:34,ClassifEspSWE-0002026-05-29_1,JOHANKARLSSON,202609261750NZ8IMDWO,2026_25_sep_21,Citizen Science (ultrasonic) - shared
59~40306+18~07249_20260925_211345.wav,DEV_001_20260925_211345.wav,0,59.40306,18.07249,Leppun,Leptophyes punctatissima,Speckled Bush-cricket,bush-cricket,0.99,,,25/09/2026,25/09/2026,21:13:45,ClassifEspSWE-0002026-05-29_1,JOHANKARLSSON,202609261750NZ8IMDWO,2026_25_sep_21,Citizen Science (ultrasonic) - shared
59~40306+18~07249_20260925_211351.wav,DEV_001_20260925_211351.wav,0,59.40306,18.07249,Leppun,Leptophyes punctatissima,Speckled Bush-cricket,bush-cricket,0.99,,,25/09/2026,25/09/2026,21:13:51,ClassifEspSWE-0002026-05-29_1,JOHANKARLSSON,202609261750NZ8IMDWO,2026_25_sep_21,Citizen Science (ultrasonic) - shared
59~40306+18~07249_20260925_211407.wav,DEV_001_20260925_211407.wav,0,59.40306,18.07249,Leppun,Leptophyes punctatissima,Speckled Bush-cricket,bush-cricket,0.99,,,25/09/2026,25/09/2026,21:14:07,ClassifEspSWE-0002026-05-29_1,JOHANKARLSSON,202609261750NZ8IMDWO,2026_25_sep_21,Citizen Science (ultrasonic) - shared
59~40306+18~07249_20260925_211415.wav,DEV_001_20260925_211415.wav,0,59.40306,18.07249,Leppun,Leptophyes punctatissima,Speckled Bush-cricket,bush-cricket,0.99,,,25/09/2026,25/09/2026,21:14:15,ClassifEspSWE-0002026-05-29_1,JOHANKARLSSON,202609261750NZ8IMDWO,2026_25_sep_21,Citizen Science (ultrasonic) - shared
59~40306+18~07249_20260925_211422.wav,DEV_001_20260925_211422.wav,0,59.40306,18.07249,Leppun,Leptophyes punctatissima,Speckled Bush-cricket,bush-cricket,0.99,,,25/09/2026,25/09/2026,21:14:22,ClassifEspSWE-0002026-05-29_1,JOHANKARLSSON,202609261750NZ8IMDWO,2026_25_sep_21,Citizen Science (ultrasonic) - shared
59~40306+18~07249_20260925_211432.wav,DEV_001_20260925_211432.wav,0,59.40306,18.07249,Leppun,Leptophyes punctatissima,Speckled Bush-cricket,bush-cricket,0.99,,,25/09/2026,25/09/2026,21:14:32,ClassifEspSWE-0002026-05-29_1,JOHANKARLSSON,202609261750NZ8IMDWO,2026_25_sep_21,Citizen Science (ultrasonic) - shared
59~40306+18~07249_20260925_211441.wav,DEV_001_20260925_211441.wav,0,59.40306,18.07249,Leppun,Leptophyes punctatissima,Speckled Bush-cricket,bush-cricket,0.99,,,25/09/2026,25/09/2026,21:14:41,ClassifEspSWE-0002026-05-29_1,JOHANKARLSSON,202609261750NZ8IMDWO,2026_25_sep_21,Citizen Science (ultrasonic) - shared
59~40306+18~07249_20260925_211450.wav,DEV_001_20260925_211450.wav,0,59.40306,18.07249,Leppun,Leptophyes punctatissima,Speckled Bush-cricket,bush-cricket,0.99,,,25/09/2026,25/09/2026,21:14:50,ClassifEspSWE-0002026-05-29_1,JOHANKARLSSON,202609261750NZ8IMDWO,2026_25_sep_21,Citizen Science (ultrasonic) - shared
59~40306+18~07249_20260925_211457.wav,DEV_001_20260925_211457.wav,0,59.40306,18.07249,Leppun,Leptophyes punctatissima,Speckled Bush-cricket,bush-cricket,0.99,,,25/09/2026,25/09/2026,21:14:57,ClassifEspSWE-0002026-05-29_1,JOHANKARLSSON,202609261750NZ8IMDWO,2026_25_sep_21,Citizen Science (ultrasonic) - shared
59~40306+18~07249_20260925_211505.wav,DEV_001_20260925_211505.wav,0,59.40306,18.07249,Leppun,Leptophyes punctatissima,Speckled Bush-cricket,bush-cricket,0.99,,,25/09/2026,25/09/2026,21:15:05,ClassifEspSWE-0002026-05-29_1,JOHANKARLSSON,202609261750NZ8IMDWO,2026_25_sep_21,Citizen Science (ultrasonic) - shared
59~40306+18~07249_20260925_211510.wav,DEV_001_20260925_211510.wav,0,59.40306,18.07249,Leppun,Leptophyes punctatissima,Speckled Bush-cricket,bush-cricket,0.99,,,25/09/2026,25/09/2026,21:15:10,ClassifEspSWE-0002026-05-29_1,JOHANKARLSSON,202609261750NZ8IMDWO,2026_25_sep_21,Citizen Science (ultrasonic) - shared
59~40306+18~07249_20260925_211517.wav,DEV_001_20260925_211517.wav,0,59.40306,18.07249,Leppun,Leptophyes punctatissima,Speckled Bush-cricket,bush-cricket,0.99,,,25/09/2026,25/09/2026,21:15:17,ClassifEspSWE-0002026-05-29_1,JOHANKARLSSON,202609261750NZ8IMDWO,2026_25_sep_21,Citizen Science (ultrasonic) - shared
59~40306+18~07249_20260925_211524.wav,DEV_001_20260925_211524.wav,0,59.40306,18.07249,Leppun,Leptophyes punctatissima,Speckled Bush-cricket,bush-cricket,0.99,,,25/09/2026,25/09/2026,21:15:24,ClassifEspSWE-0002026-05-29_1,JOHANKARLSSON,202609261750NZ8IMDWO,2026_25_sep_21,Citizen Science (ultrasonic) - shared
59~40306+18~07249_20260925_211536.wav,DEV_001_20260925_211536.wav,0,59.40306,18.07249,Leppun,Leptophyes punctatissima,Speckled Bush-cricket,bush-cricket,0.99,,,25/09/2026,25/09/2026,21:15:36,ClassifEspSWE-0002026-05-29_1,JOHANKARLSSON,202609261750NZ8IMDWO,2026_25_sep_21,Citizen Science (ultrasonic) - shared
59~40306+18~07249_20260925_211546.wav,DEV_001_20260925_211546.wav,0,59.40306,18.07249,Leppun,Leptophyes punctatissima,Speckled Bush-cricket,bush-cricket,0.99,,,25/09/2026,25/09/2026,21:15:46,ClassifEspSWE-0002026-05-29_1,JOHANKARLSSON,202609261750NZ8IMDWO,2026_25_sep_21,Citizen Science (ultrasonic) - shared
59~40306+18~07249_20260925_211554.wav,DEV_001_20260925_211554.wav,0,59.40306,18.07249,Leppun,Leptophyes punctatissima,Speckled Bush-cricket,bush-cricket,0.99,,,25/09/2026,25/09/2026,21:15:54,ClassifEspSWE-0002026-05-29_1,JOHANKARLSSON,202609261750NZ8IMDWO,2026_25_sep_21,Citizen Science (ultrasonic) - shared
59~40306+18~07249_20260925_211603.wav,DEV_001_20260925_211603.wav,0,59.40306,18.07249,Leppun,Leptophyes punctatissima,Speckled Bush-cricket,bush-cricket,0.99,,,25/09/2026,25/09/2026,21:16:03,ClassifEspSWE-0002026-05-29_1,JOHANKARLSSON,202609261750NZ8IMDWO,2026_25_sep_21,Citizen Science (ultrasonic) - shared
59~40306+18~07249_20260925_211611.wav,DEV_001_20260925_211611.wav,0,59.40306,18.07249,Leppun,Leptophyes punctatissima,Speckled Bush-cricket,bush-cricket,0.99,,,25/09/2026,25/09/2026,21:16:11,ClassifEspSWE-0002026-05-29_1,JOHANKARLSSON,202609261750NZ8IMDWO,2026_25_sep_21,Citizen Science (ultrasonic) - shared
59~40306+18~07249_20260925_211623.wav,DEV_001_20260925_211623.wav,0,59.40306,18.07249,Leppun,Leptophyes punctatissima,Speckled Bush-cricket,bush-cricket,0.99,,,25/09/2026,25/09/2026,21:16:23,ClassifEspSWE-0002026-05-29_1,JOHANKARLSSON,202609261750NZ8IMDWO,2026_25_sep_21,Citizen Science (ultrasonic) - shared
59~40306+18~07249_20260925_211635.wav,DEV_001_20260925_211635.wav,0,59.40306,18.07249,Leppun,Leptophyes punctatissima,Speckled Bush-cricket,bush-cricket,0.99,,,25/09/2026,25/09/2026,21:16:35,ClassifEspSWE-0002026-05-29_1,JOHANKARLSSON,202609261750NZ8IMDWO,2026_25_sep_21,Citizen Science (ultrasonic) - shared
59~40306+18~07249_20260925_211645.wav,DEV_001_20260925_211645.wav,0,59.40306,18.07249,Leppun,Leptophyes punctatissima,Speckled Bush-cricket,bush-cricket,0.99,,,25/09/2026,25/09/2026,21:16:45,ClassifEspSWE-0002026-05-29_1,JOHANKARLSSON,202609261750NZ8IMDWO,2026_25_sep_21,Citizen Science (ultrasonic) - shared
59~40306+18~07249_20260925_211650.wav,DEV_001_20260925_211650.wav,0,59.40306,18.07249,Leppun,Leptophyes punctatissima,Speckled Bush-cricket,bush-cricket,0.99,,,25/09/2026,25/09/2026,21:16:50,ClassifEspSWE-0002026-05-29_1,JOHANKARLSSON,202609261750NZ8IMDWO,2026_25_sep_21,Citizen Science (ultrasonic) - shared
59~40306+18~07249_20260925_211655.wav,DEV_001_20260925_211655.wav,0,59.40306,18.07249,Leppun,Leptophyes punctatissima,Speckled Bush-cricket,bush-cricket,0.99,,,25/09/2026,25/09/2026,21:16:55,ClassifEspSWE-0002026-05-29_1,JOHANKARLSSON,202609261750NZ8IMDWO,2026_25_sep_21,Citizen Science (ultrasonic) - shared
59~40306+18~07249_20260925_211706.wav,DEV_001_20260925_211706.wav,0,59.40306,18.07249,Leppun,Leptophyes punctatissima,Speckled Bush-cricket,bush-cricket,0.99,,,25/09/2026,25/09/2026,21:17:06,ClassifEspSWE-0002026-05-29_1,JOHANKARLSSON,202609261750NZ8IMDWO,2026_25_sep_21,Citizen Science (ultrasonic) - shared
59~40306+18~07249_20260925_211711.wav,DEV_001_20260925_211711.wav,0,59.40306,18.07249,Leppun,Leptophyes punctatissima,Speckled Bush-cricket,bush-cricket,0.99,,,25/09/2026,25/09/2026,21:17:11,ClassifEspSWE-0002026-05-29_1,JOHANKARLSSON,202609261750NZ8IMDWO,2026_25_sep_21,Citizen Science (ultrasonic) - shared
59~40306+18~07249_20260925_211716.wav,DEV_001_20260925_211716.wav,0,59.40306,18.07249,Leppun,Leptophyes punctatissima,Speckled Bush-cricket,bush-cricket,0.99,,,25/09/2026,25/09/2026,21:17:16,ClassifEspSWE-0002026-05-29_1,JOHANKARLSSON,202609261750NZ8IMDWO,2026_25_sep_21,Citizen Science (ultrasonic) - shared
59~40306+18~07249_20260925_211726.wav,DEV_001_20260925_211726.wav,0,59.40306,18.07249,Leppun,Leptophyes punctatissima,Speckled Bush-cricket,bush-cricket,0.99,,,25/09/2026,25/09/2026,21:17:26,ClassifEspSWE-0002026-05-29_1,JOHANKARLSSON,202609261750NZ8IMDWO,2026_25_sep_21,Citizen Science (ultrasonic) - shared
59~40306+18~07249_20260925_211735.wav,DEV_001_20260925_211735.wav,0,59.40306,18.07249,Leppun,Leptophyes punctatissima,Speckled Bush-cricket,bush-cricket,0.99,,,25/09/2026,25/09/2026,21:17:35,ClassifEspSWE-0002026-05-29_1,JOHANKARLSSON,202609261750NZ8IMDWO,2026_25_sep_21,Citizen Science (ultrasonic) - shared
59~40306+18~07249_20260925_211742.wav,DEV_001_20260925_211742.wav,0,59.40306,18.07249,Leppun,Leptophyes punctatissima,Speckled Bush-cricket,bush-cricket,0.99,,,25/09/2026,25/09/2026,21:17:42,ClassifEspSWE-0002026-05-29_1,JOHANKARLSSON,202609261750NZ8IMDWO,2026_25_sep_21,Citizen Science (ultrasonic) - shared
59~40306+18~07249_20260925_211752.wav,DEV_001_20260925_211752.wav,0,59.40306,18.07249,Leppun,Leptophyes punctatissima,Speckled Bush-cricket,bush-cricket,0.99,,,25/09/2026,25/09/2026,21:17:52,ClassifEspSWE-0002026-05-29_1,JOHANKARLSSON,202609261750NZ8IMDWO,2026_25_sep_21,Citizen Science (ultrasonic) - shared
59~40306+18~07249_20260925_211801.wav,DEV_001_20260925_211801.wav,0,59.40306,18.07249,Leppun,Leptophyes punctatissima,Speckled Bush-cricket,bush-cricket,0.99,,,25/09/2026,25/09/2026,21:18:01,ClassifEspSWE-0002026-05-29_1,JOHANKARLSSON,202609261750NZ8IMDWO,2026_25_sep_21,Citizen Science (ultrasonic) - shared
59~40306+18~07249_20260925_211807.wav,DEV_001_20260925_211807.wav,0,59.40306,18.07249,Leppun,Leptophyes punctatissima,Speckled Bush-cricket,bush-cricket,0.99,,,25/09/2026,25/09/2026,21:18:07,ClassifEspSWE-0002026-05-29_1,JOHANKARLSSON,202609261750NZ8IMDWO,2026_25_sep_21,Citizen Science (ultrasonic) - shared
59~40306+18~07249_20260925_211817.wav,DEV_001_20260925_211817.wav,0,59.40306,18.07249,Leppun,Leptophyes punctatissima,Speckled Bush-cricket,bush-cricket,0.99,,,25/09/2026,25/09/2026,21:18:17,ClassifEspSWE-0002026-05-29_1,JOHANKARLSSON,202609261750NZ8IMDWO,2026_25_sep_21,Citizen Science (ultrasonic) - shared
59~40306+18~07249_20260925_211827.wav,DEV_001_20260925_211827.wav,0,59.40306,18.07249,Leppun,Leptophyes punctatissima,Speckled Bush-cricket,bush-cricket,0.99,,,25/09/2026,25/09/2026,21:18:27,ClassifEspSWE-0002026-05-29_1,JOHANKARLSSON,202609261750NZ8IMDWO,2026_25_sep_21,Citizen Science (ultrasonic) - shared
59~40306+18~07249_20260925_211838.wav,DEV_001_20260925_211838.wav,0,59.40306,18.07249,Leppun,Leptophyes punctatissima,Speckled Bush-cricket,bush-cricket,0.99,,,25/09/2026,25/09/2026,21:18:38,ClassifEspSWE-0002026-05-29_1,JOHANKARLSSON,202609261750NZ8IMDWO,2026_25_sep_21,Citizen Science (ultrasonic) - shared
59~40306+18~07249_20260925_211848.wav,DEV_001_20260925_211848.wav,0,59.40306,18.07249,Leppun,Leptophyes punctatissima,Speckled Bush-cricket,bush-cricket,0.99,,,25/09/2026,25/09/2026,21:18:48,ClassifEspSWE-0002026-05-29_1,JOHANKARLSSON,202609261750NZ8IMDWO,2026_25_sep_21,Citizen Science (ultrasonic) - shared
59~40306+18~07249_20260925_211853.wav,DEV_001_20260925_211853.wav,0,59.40306,18.07249,Leppun,Leptophyes punctatissima,Speckled Bush-cricket,bush-cricket,0.99,,,25/09/2026,25/09/2026,21:18:53,ClassifEspSWE-0002026-05-29_1,JOHANKARLSSON,202609261750NZ8IMDWO,2026_25_sep_21,Citizen Science (ultrasonic) - shared
59~40306+18~07249_20260925_211900.wav,DEV_001_20260925_211900.wav,0,59.40306,18.07249,Leppun,Leptophyes punctatissima,Speckled Bush-cricket,bush-cricket,0.99,,,25/09/2026,25/09/2026,21:19:00,ClassifEspSWE-0002026-05-29_1,JOHANKARLSSON,202609261750NZ8IMDWO,2026_25_sep_21,Citizen Science (ultrasonic) - shared
59~40306+18~07249_20260925_211914.wav,DEV_001_20260925_211914.wav,0,59.40306,18.07249,Leppun,Leptophyes punctatissima,Speckled Bush-cricket,bush-cricket,0.99,,,25/09/2026,25/09/2026,21:19:14,ClassifEspSWE-0002026-05-29_1,JOHANKARLSSON,202609261750NZ8IMDWO,2026_25_sep_21,Citizen Science (ultrasonic) - shared
59~40306+18~07249_20260925_211920.wav,DEV_001_20260925_211920.wav,0,59.40306,18.07249,Leppun,Leptophyes punctatissima,Speckled Bush-cricket,bush-cricket,0.99,,,25/09/2026,25/09/2026,21:19:20,ClassifEspSWE-0002026-05-29_1,JOHANKARLSSON,202609261750NZ8IMDWO,2026_25_sep_21,Citizen Science (ultrasonic) - shared
59~40306+18~07249_20260925_211926.wav,DEV_001_20260925_211926.wav,0,59.40306,18.07249,Leppun,Leptophyes punctatissima,Speckled Bush-cricket,bush-cricket,0.99,,,25/09/2026,25/09/2026,21:19:26,ClassifEspSWE-0002026-05-29_1,JOHANKARLSSON,202609261750NZ8IMDWO,2026_25_sep_21,Citizen Science (ultrasonic) - shared
59~40306+18~07249_20260925_211936.wav,DEV_001_20260925_211936.wav,0,59.40306,18.07249,Leppun,Leptophyes punctatissima,Speckled Bush-cricket,bush-cricket,0.99,,,25/09/2026,25/09/2026,21:19:36,ClassifEspSWE-0002026-05-29_1,JOHANKARLSSON,202609261750NZ8IMDWO,2026_25_sep_21,Citizen Science (ultrasonic) - shared
59~40306+18~07249_20260925_211942.wav,DEV_001_20260925_211942.wav,0,59.40306,18.07249,Leppun,Leptophyes punctatissima,Speckled Bush-cricket,bush-cricket,0.99,,,25/09/2026,25/09/2026,21:19:42,ClassifEspSWE-0002026-05-29_1,JOHANKARLSSON,202609261750NZ8IMDWO,2026_25_sep_21,Citizen Science (ultrasonic) - shared
59~40306+18~07249_20260925_211948.wav,DEV_001_20260925_211948.wav,0,59.40306,18.07249,Leppun,Leptophyes punctatissima,Speckled Bush-cricket,bush-cricket,0.99,,,25/09/2026,25/09/2026,21:19:48,ClassifEspSWE-0002026-05-29_1,JOHANKARLSSON,202609261750NZ8IMDWO,2026_25_sep_21,Citizen Science (ultrasonic) - shared
59~40306+18~07249_20260925_211958.wav,DEV_001_20260925_211958.wav,0,59.40306,18.07249,Leppun,Leptophyes punctatissima,Speckled Bush-cricket,bush-cricket,0.99,,,25/09/2026,25/09/2026,21:19:58,ClassifEspSWE-0002026-05-29_1,JOHANKARLSSON,202609261750NZ8IMDWO,2026_25_sep_21,Citizen Science (ultrasonic) - shared
59~40306+18~07249_20260925_212007.wav,DEV_001_20260925_212007.wav,0,59.40306,18.07249,Leppun,Leptophyes punctatissima,Speckled Bush-cricket,bush-cricket,0.99,,,25/09/2026,25/09/2026,21:20:07,ClassifEspSWE-0002026-05-29_1,JOHANKARLSSON,202609261750NZ8IMDWO,2026_25_sep_21,Citizen Science (ultrasonic) - shared
59~40306+18~07249_20260925_212014.wav,DEV_001_20260925_212014.wav,0,59.40306,18.07249,Leppun,Leptophyes punctatissima,Speckled Bush-cricket,bush-cricket,0.99,,,25/09/2026,25/09/2026,21:20:14,ClassifEspSWE-0002026-05-29_1,JOHANKARLSSON,202609261750NZ8IMDWO,2026_25_sep_21,Citizen Science (ultrasonic) - shared
59~40306+18~07249_20260925_212026.wav,DEV_001_20260925_212026.wav,0,59.40306,18.07249,Leppun,Leptophyes punctatissima,Speckled Bush-cricket,bush-cricket,0.99,,,25/09/2026,25/09/2026,21:20:26,ClassifEspSWE-0002026-05-29_1,JOHANKARLSSON,202609261750NZ8IMDWO,2026_25_sep_21,Citizen Science (ultrasonic) - shared
59~40306+18~07249_20260925_212036.wav,DEV_001_20260925_212036.wav,0,59.40306,18.07249,Leppun,Leptophyes punctatissima,Speckled Bush-cricket,bush-cricket,0.99,,,25/09/2026,25/09/2026,21:20:36,ClassifEspSWE-0002026-05-29_1,JOHANKARLSSON,202609261750NZ8IMDWO,2026_25_sep_21,Citizen Science (ultrasonic) - shared
59~40306+18~07249_20260925_212043.wav,DEV_001_20260925_212043.wav,0,59.40306,18.07249,Leppun,Leptophyes punctatissima,Speckled Bush-cricket,bush-cricket,0.99,,,25/09/2026,25/09/2026,21:20:43,ClassifEspSWE-0002026-05-29_1,JOHANKARLSSON,202609261750NZ8IMDWO,2026_25_sep_21,Citizen Science (ultrasonic) - shared
59~40306+18~07249_20260925_212050.wav,DEV_001_20260925_212050.wav,0,59.40306,18.07249,Leppun,Leptophyes punctatissima,Speckled Bush-cricket,bush-cricket,0.99,,,25/09/2026,25/09/2026,21:20:50,ClassifEspSWE-0002026-05-29_1,JOHANKARLSSON,202609261750NZ8IMDWO,2026_25_sep_21,Citizen Science (ultrasonic) - shared
59~40306+18~07249_20260925_212055.wav,DEV_001_20260925_212055.wav,0,59.40306,18.07249,Leppun,Leptophyes punctatissima,Speckled Bush-cricket,bush-cricket,0.99,,,25/09/2026,25/09/2026,21:20:55,ClassifEspSWE-0002026-05-29_1,JOHANKARLSSON,202609261750NZ8IMDWO,2026_25_sep_21,Citizen Science (ultrasonic) - shared
59~40306+18~07249_20260925_212101.wav,DEV_001_20260925_212101.wav,0,59.40306,18.07249,Leppun,Leptophyes punctatissima,Speckled Bush-cricket,bush-cricket,0.99,,,25/09/2026,25/09/2026,21:21:01,ClassifEspSWE-0002026-05-29_1,JOHANKARLSSON,202609261750NZ8IMDWO,2026_25_sep_21,Citizen Science (ultrasonic) - shared
59~40306+18~07249_20260925_212111.wav,DEV_001_20260925_212111.wav,0,59.40306,18.07249,Leppun,Leptophyes punctatissima,Speckled Bush-cricket,bush-cricket,0.99,,,25/09/2026,25/09/2026,21:21:11,ClassifEspSWE-0002026-05-29_1,JOHANKARLSSON,202609261750NZ8IMDWO,2026_25_sep_21,Citizen Science (ultrasonic) - shared
59~40306+18~07249_20260925_212118.wav,DEV_001_20260925_212118.wav,0,59.40306,18.07249,Leppun,Leptophyes punctatissima,Speckled Bush-cricket,bush-cricket,0.99,,,25/09/2026,25/09/2026,21:21:18,ClassifEspSWE-0002026-05-29_1,JOHANKARLSSON,202609261750NZ8IMDWO,2026_25_sep_21,Citizen Science (ultrasonic) - shared
59~40306+18~07249_20260925_212124.wav,DEV_001_20260925_212124.wav,0,59.40306,18.07249,Leppun,Leptophyes punctatissima,Speckled Bush-cricket,bush-cricket,0.99,,,25/09/2026,25/09/2026,21:21:24,ClassifEspSWE-0002026-05-29_1,JOHANKARLSSON,202609261750NZ8IMDWO,2026_25_sep_21,Citizen Science (ultrasonic) - shared
59~40306+18~07249_20260925_212132.wav,DEV_001_20260925_212132.wav,0,59.40306,18.07249,Leppun,Leptophyes punctatissima,Speckled Bush-cricket,bush-cricket,0.99,,,25/09/2026,25/09/2026,21:21:32,ClassifEspSWE-0002026-05-29_1,JOHANKARLSSON,202609261750NZ8IMDWO,2026_25_sep_21,Citizen Science (ultrasonic) - shared
59~40306+18~07249_20260925_212139.wav,DEV_001_20260925_212139.wav,0,59.40306,18.07249,Leppun,Leptophyes punctatissima,Speckled Bush-cricket,bush-cricket,0.99,,,25/09/2026,25/09/2026,21:21:39,ClassifEspSWE-0002026-05-29_1,JOHANKARLSSON,202609261750NZ8IMDWO,2026_25_sep_21,Citizen Science (ultrasonic) - shared
59~40306+18~07249_20260925_212146.wav,DEV_001_20260925_212146.wav,0,59.40306,18.07249,Leppun,Leptophyes punctatissima,Speckled Bush-cricket,bush-cricket,0.99,,,25/09/2026,25/09/2026,21:21:46,ClassifEspSWE-0002026-05-29_1,JOHANKARLSSON,202609261750NZ8IMDWO,2026_25_sep_21,Citizen Science (ultrasonic) - shared
59~40306+18~07249_20260925_212154.wav,DEV_001_20260925_212154.wav,0,59.40306,18.07249,Leppun,Leptophyes punctatissima,Speckled Bush-cricket,bush-cricket,0.99,,,25/09/2026,25/09/2026,21:21:54,ClassifEspSWE-0002026-05-29_1,JOHANKARLSSON,202609261750NZ8IMDWO,2026_25_sep_21,Citizen Science (ultrasonic) - shared
59~40306+18~07249_20260925_212201.wav,DEV_001_20260925_212201.wav,0,59.40306,18.07249,Leppun,Leptophyes punctatissima,Speckled Bush-cricket,bush-cricket,0.99,,,25/09/2026,25/09/2026,21:22:01,ClassifEspSWE-0002026-05-29_1,JOHANKARLSSON,202609261750NZ8IMDWO,2026_25_sep_21,Citizen Science (ultrasonic) - shared
59~40306+18~07249_20260925_212210.wav,DEV_001_20260925_212210.wav,0,59.40306,18.07249,Leppun,Leptophyes punctatissima,Speckled Bush-cricket,bush-cricket,0.99,,,25/09/2026,25/09/2026,21:22:10,ClassifEspSWE-0002026-05-29_1,JOHANKARLSSON,202609261750NZ8IMDWO,2026_25_sep_21,Citizen Science (ultrasonic) - shared
59~40306+18~07249_20260925_212215.wav,DEV_001_20260925_212215.wav,0,59.40306,18.07249,Leppun,Leptophyes punctatissima,Speckled Bush-cricket,bush-cricket,0.99,,,25/09/2026,25/09/2026,21:22:15,ClassifEspSWE-0002026-05-29_1,JOHANKARLSSON,202609261750NZ8IMDWO,2026_25_sep_21,Citizen Science (ultrasonic) - shared
59~40306+18~07249_20260925_212225.wav,DEV_001_20260925_212225.wav,0,59.40306,18.07249,Leppun,Leptophyes punctatissima,Speckled Bush-cricket,bush-cricket,0.99,,,25/09/2026,25/09/2026,21:22:25,ClassifEspSWE-0002026-05-29_1,JOHANKARLSSON,202609261750NZ8IMDWO,2026_25_sep_21,Citizen Science (ultrasonic) - shared
59~40306+18~07249_20260925_212237.wav,DEV_001_20260925_212237.wav,0,59.40306,18.07249,Leppun,Leptophyes punctatissima,Speckled Bush-cricket,bush-cricket,0.99,,,25/09/2026,25/09/2026,21:22:37,ClassifEspSWE-0002026-05-29_1,JOHANKARLSSON,202609261750NZ8IMDWO,2026_25_sep_21,Citizen Science (ultrasonic) - shared
59~40306+18~07249_20260925_212245.wav,DEV_001_20260925_212245.wav,0,59.40306,18.07249,Leppun,Leptophyes punctatissima,Speckled Bush-cricket,bush-cricket,0.99,,,25/09/2026,25/09/2026,21:22:45,ClassifEspSWE-0002026-05-29_1,JOHANKARLSSON,202609261750NZ8IMDWO,2026_25_sep_21,Citizen Science (ultrasonic) - shared
59~40306+18~07249_20260925_212251.wav,DEV_001_20260925_212251.wav,0,59.40306,18.07249,Leppun,Leptophyes punctatissima,Speckled Bush-cricket,bush-cricket,0.99,,,25/09/2026,25/09/2026,21:22:51,ClassifEspSWE-0002026-05-29_1,JOHANKARLSSON,202609261750NZ8IMDWO,2026_25_sep_21,Citizen Science (ultrasonic) - shared
59~40306+18~07249_20260925_212257.wav,DEV_001_20260925_212257.wav,0,59.40306,18.07249,Leppun,Leptophyes punctatissima,Speckled Bush-cricket,bush-cricket,0.99,,,25/09/2026,25/09/2026,21:22:57,ClassifEspSWE-0002026-05-29_1,JOHANKARLSSON,202609261750NZ8IMDWO,2026_25_sep_21,Citizen Science (ultrasonic) - shared
59~40306+18~07249_20260925_212305.wav,DEV_001_20260925_212305.wav,0,59.40306,18.07249,Leppun,Leptophyes punctatissima,Speckled Bush-cricket,bush-cricket,0.99,,,25/09/2026,25/09/2026,21:23:05,ClassifEspSWE-0002026-05-29_1,JOHANKARLSSON,202609261750NZ8IMDWO,2026_25_sep_21,Citizen Science (ultrasonic) - shared
59~40306+18~07249_20260925_212315.wav,DEV_001_20260925_212315.wav,0,59.40306,18.07249,Leppun,Leptophyes punctatissima,Speckled Bush-cricket,bush-cricket,0.99,,,25/09/2026,25/09/2026,21:23:15,ClassifEspSWE-0002026-05-29_1,JOHANKARLSSON,202609261750NZ8IMDWO,2026_25_sep_21,Citizen Science (ultrasonic) - shared
59~40306+18~07249_20260925_212322.wav,DEV_001_20260925_212322.wav,0,59.40306,18.07249,Leppun,Leptophyes punctatissima,Speckled Bush-cricket,bush-cricket,0.99,,,25/09/2026,25/09/2026,21:23:22,ClassifEspSWE-0002026-05-29_1,JOHANKARLSSON,202609261750NZ8IMDWO,2026_25_sep_21,Citizen Science (ultrasonic) - shared
59~40306+18~07249_20260925_212331.wav,DEV_001_20260925_212331.wav,0,59.40306,18.07249,Leppun,Leptophyes punctatissima,Speckled Bush-cricket,bush-cricket,0.99,,,25/09/2026,25/09/2026,21:23:31,ClassifEspSWE-0002026-05-29_1,JOHANKARLSSON,202609261750NZ8IMDWO,2026_25_sep_21,Citizen Science (ultrasonic) - shared
59~40306+18~07249_20260925_212337.wav,DEV_001_20260925_212337.wav,0,59.40306,18.07249,Leppun,Leptophyes punctatissima,Speckled Bush-cricket,bush-cricket,0.99,,,25/09/2026,25/09/2026,21:23:37,ClassifEspSWE-0002026-05-29_1,JOHANKARLSSON,202609261750NZ8IMDWO,2026_25_sep_21,Citizen Science (ultrasonic) - shared
59~40306+18~07249_20260925_212344.wav,DEV_001_20260925_212344.wav,0,59.40306,18.07249,Leppun,Leptophyes punctatissima,Speckled Bush-cricket,bush-cricket,0.99,,,25/09/2026,25/09/2026,21:23:44,ClassifEspSWE-0002026-05-29_1,JOHANKARLSSON,202609261750NZ8IMDWO,2026_25_sep_21,Citizen Science (ultrasonic) - shared
59~40306+18~07249_20260925_212351.wav,DEV_001_20260925_212351.wav,0,59.40306,18.07249,Leppun,Leptophyes punctatissima,Speckled Bush-cricket,bush-cricket,0.99,,,25/09/2026,25/09/2026,21:23:51,ClassifEspSWE-0002026-05-29_1,JOHANKARLSSON,202609261750NZ8IMDWO,2026_25_sep_21,Citizen Science (ultrasonic) - shared
59~40306+18~07249_20260925_212400.wav,DEV_001_20260925_212400.wav,0,59.40306,18.07249,Leppun,Leptophyes punctatissima,Speckled Bush-cricket,bush-cricket,0.99,,,25/09/2026,25/09/2026,21:24:00,ClassifEspSWE-0002026-05-29_1,JOHANKARLSSON,202609261750NZ8IMDWO,2026_25_sep_21,Citizen Science (ultrasonic) - shared
59~40306+18~07249_20260925_212406.wav,DEV_001_20260925_212406.wav,0,59.40306,18.07249,Leppun,Leptophyes punctatissima,Speckled Bush-cricket,bush-cricket,0.99,,,25/09/2026,25/09/2026,21:24:06,ClassifEspSWE-0002026-05-29_1,JOHANKARLSSON,202609261750NZ8IMDWO,2026_25_sep_21,Citizen Science (ultrasonic) - shared
59~40306+18~07249_20260925_212412.wav,DEV_001_20260925_212412.wav,0,59.40306,18.07249,Leppun,Leptophyes punctatissima,Speckled Bush-cricket,bush-cricket,0.99,,,25/09/2026,25/09/2026,21:24:12,ClassifEspSWE-0002026-05-29_1,JOHANKARLSSON,202609261750NZ8IMDWO,2026_25_sep_21,Citizen Science (ultrasonic) - shared
59~40306+18~07249_20260925_212419.wav,DEV_001_20260925_212419.wav,0,59.40306,18.07249,Leppun,Leptophyes punctatissima,Speckled Bush-cricket,bush-cricket,0.99,,,25/09/2026,25/09/2026,21:24:19,ClassifEspSWE-0002026-05-29_1,JOHANKARLSSON,202609261750NZ8IMDWO,2026_25_sep_21,Citizen Science (ultrasonic) - shared
59~40306+18~07249_20260925_212426.wav,DEV_001_20260925_212426.wav,0,59.40306,18.07249,Leppun,Leptophyes punctatissima,Speckled Bush-cricket,bush-cricket,0.99,,,25/09/2026,25/09/2026,21:24:26,ClassifEspSWE-0002026-05-29_1,JOHANKARLSSON,202609261750NZ8IMDWO,2026_25_sep_21,Citizen Science (ultrasonic) - shared
59~40306+18~07249_20260925_212432.wav,DEV_001_20260925_212432.wav,0,59.40306,18.07249,Leppun,Leptophyes punctatissima,Speckled Bush-cricket,bush-cricket,0.99,,,25/09/2026,25/09/2026,21:24:32,ClassifEspSWE-0002026-05-29_1,JOHANKARLSSON,202609261750NZ8IMDWO,2026_25_sep_21,Citizen Science (ultrasonic) - shared
59~40306+18~07249_20260925_212437.wav,DEV_001_20260925_212437.wav,0,59.40306,18.07249,Leppun,Leptophyes punctatissima,Speckled Bush-cricket,bush-cricket,0.99,,,25/09/2026,25/09/2026,21:24:37,ClassifEspSWE-0002026-05-29_1,JOHANKARLSSON,202609261750NZ8IMDWO,2026_25_sep_21,Citizen Science (ultrasonic) - shared
59~40306+18~07249_20260925_212443.wav,DEV_001_20260925_212443.wav,0,59.40306,18.07249,Leppun,Leptophyes punctatissima,Speckled Bush-cricket,bush-cricket,0.99,,,25/09/2026,25/09/2026,21:24:43,ClassifEspSWE-0002026-05-29_1,JOHANKARLSSON,202609261750NZ8IMDWO,2026_25_sep_21,Citizen Science (ultrasonic) - shared
59~40306+18~07249_20260925_212448.wav,DEV_001_20260925_212448.wav,0,59.40306,18.07249,Leppun,Leptophyes punctatissima,Speckled Bush-cricket,bush-cricket,0.99,,,25/09/2026,25/09/2026,21:24:48,ClassifEspSWE-0002026-05-29_1,JOHANKARLSSON,202609261750NZ8IMDWO,2026_25_sep_21,Citizen Science (ultrasonic) - shared
59~40306+18~07249_20260925_212454.wav,DEV_001_20260925_212454.wav,0,59.40306,18.07249,Leppun,Leptophyes punctatissima,Speckled Bush-cricket,bush-cricket,0.99,,,25/09/2026,25/09/2026,21:24:54,ClassifEspSWE-0002026-05-29_1,JOHANKARLSSON,202609261750NZ8IMDWO,2026_25_sep_21,Citizen Science (ultrasonic) - shared
59~40306+18~07249_20260925_212500.wav,DEV_001_20260925_212500.wav,0,59.40306,18.07249,Leppun,Leptophyes punctatissima,Speckled Bush-cricket,bush-cricket,0.99,,,25/09/2026,25/09/2026,21:25:00,ClassifEspSWE-0002026-05-29_1,JOHANKARLSSON,202609261750NZ8IMDWO,2026_25_sep_21,Citizen Science (ultrasonic) - shared
59~40306+18~07249_20260925_212507.wav,DEV_001_20260925_212507.wav,0,59.40306,18.07249,Leppun,Leptophyes punctatissima,Speckled Bush-cricket,bush-cricket,0.99,,,25/09/2026,25/09/2026,21:25:07,ClassifEspSWE-0002026-05-29_1,JOHANKARLSSON,202609261750NZ8IMDWO,2026_25_sep_21,Citizen Science (ultrasonic) - shared
59~40306+18~07249_20260925_212514.wav,DEV_001_20260925_212514.wav,0,59.40306,18.07249,Leppun,Leptophyes punctatissima,Speckled Bush-cricket,bush-cricket,0.99,,,25/09/2026,25/09/2026,21:25:14,ClassifEspSWE-0002026-05-29_1,JOHANKARLSSON,202609261750NZ8IMDWO,2026_25_sep_21,Citizen Science (ultrasonic) - shared
59~40306+18~07249_20260925_212521.wav,DEV_001_20260925_212521.wav,0,59.40306,18.07249,Leppun,Leptophyes punctatissima,Speckled Bush-cricket,bush-cricket,0.99,,,25/09/2026,25/09/2026,21:25:21,ClassifEspSWE-0002026-05-29_1,JOHANKARLSSON,202609261750NZ8IMDWO,2026_25_sep_21,Citizen Science (ultrasonic) - shared
59~40306+18~07249_20260925_212528.wav,DEV_001_20260925_212528.wav,0,59.40306,18.07249,Leppun,Leptophyes punctatissima,Speckled Bush-cricket,bush-cricket,0.99,,,25/09/2026,25/09/2026,21:25:28,ClassifEspSWE-0002026-05-29_1,JOHANKARLSSON,202609261750NZ8IMDWO,2026_25_sep_21,Citizen Science (ultrasonic) - shared
59~40306+18~07249_20260925_212533.wav,DEV_001_20260925_212533.wav,0,59.40306,18.07249,Leppun,Leptophyes punctatissima,Speckled Bush-cricket,bush-cricket,0.99,,,25/09/2026,25/09/2026,21:25:33,ClassifEspSWE-0002026-05-29_1,JOHANKARLSSON,202609261750NZ8IMDWO,2026_25_sep_21,Citizen Science (ultrasonic) - shared
59~40306+18~07249_20260925_212539.wav,DEV_001_20260925_212539.wav,0,59.40306,18.07249,Leppun,Leptophyes punctatissima,Speckled Bush-cricket,bush-cricket,0.99,,,25/09/2026,25/09/2026,21:25:39,ClassifEspSWE-0002026-05-29_1,JOHANKARLSSON,202609261750NZ8IMDWO,2026_25_sep_21,Citizen Science (ultrasonic) - shared
59~40306+18~07249_20260925_212545.wav,DEV_001_20260925_212545.wav,0,59.40306,18.07249,Leppun,Leptophyes punctatissima,Speckled Bush-cricket,bush-cricket,0.99,,,25/09/2026,25/09/2026,21:25:45,ClassifEspSWE-0002026-05-29_1,JOHANKARLSSON,202609261750NZ8IMDWO,2026_25_sep_21,Citizen Science (ultrasonic) - shared
59~40306+18~07249_20260925_212551.wav,DEV_001_20260925_212551.wav,0,59.40306,18.07249,Leppun,Leptophyes punctatissima,Speckled Bush-cricket,bush-cricket,0.99,,,25/09/2026,25/09/2026,21:25:51,ClassifEspSWE-0002026-05-29_1,JOHANKARLSSON,202609261750NZ8IMDWO,2026_25_sep_21,Citizen Science (ultrasonic) - shared
59~40306+18~07249_20260925_212557.wav,DEV_001_20260925_212557.wav,0,59.40306,18.07249,Leppun,Leptophyes punctatissima,Speckled Bush-cricket,bush-cricket,0.99,,,25/09/2026,25/09/2026,21:25:57,ClassifEspSWE-0002026-05-29_1,JOHANKARLSSON,202609261750NZ8IMDWO,2026_25_sep_21,Citizen Science (ultrasonic) - shared
59~40306+18~07249_20260925_212604.wav,DEV_001_20260925_212604.wav,0,59.40306,18.07249,Leppun,Leptophyes punctatissima,Speckled Bush-cricket,bush-cricket,0.99,,,25/09/2026,25/09/2026,21:26:04,ClassifEspSWE-0002026-05-29_1,JOHANKARLSSON,202609261750NZ8IMDWO,2026_25_sep_21,Citizen Science (ultrasonic) - shared
59~40306+18~07249_20260925_212610.wav,DEV_001_20260925_212610.wav,0,59.40306,18.07249,Leppun,Leptophyes punctatissima,Speckled Bush-cricket,bush-cricket,0.99,,,25/09/2026,25/09/2026,21:26:10,ClassifEspSWE-0002026-05-29_1,JOHANKARLSSON,202609261750NZ8IMDWO,2026_25_sep_21,Citizen Science (ultrasonic) - shared
59~40306+18~07249_20260925_212615.wav,DEV_001_20260925_212615.wav,0,59.40306,18.07249,Leppun,Leptophyes punctatissima,Speckled Bush-cricket,bush-cricket,0.99,,,25/09/2026,25/09/2026,21:26:15,ClassifEspSWE-0002026-05-29_1,JOHANKARLSSON,202609261750NZ8IMDWO,2026_25_sep_21,Citizen Science (ultrasonic) - shared
59~40306+18~07249_20260925_212620.wav,DEV_001_20260925_212620.wav,0,59.40306,18.07249,Leppun,Leptophyes punctatissima,Speckled Bush-cricket,bush-cricket,0.99,,,25/09/2026,25/09/2026,21:26:20,ClassifEspSWE-0002026-05-29_1,JOHANKARLSSON,202609261750NZ8IMDWO,2026_25_sep_21,Citizen Science (ultrasonic) - shared
59~40306+18~07249_20260925_212627.wav,DEV_001_20260925_212627.wav,0,59.40306,18.07249,Leppun,Leptophyes punctatissima,Speckled Bush-cricket,bush-cricket,0.99,,,25/09/2026,25/09/2026,21:26:27,ClassifEspSWE-0002026-05-29_1,JOHANKARLSSON,202609261750NZ8IMDWO,2026_25_sep_21,Citizen Science (ultrasonic) - shared
59~40306+18~07249_20260925_212634.wav,DEV_001_20260925_212634.wav,0,59.40306,18.07249,Leppun,Leptophyes punctatissima,Speckled Bush-cricket,bush-cricket,0.99,,,25/09/2026,25/09/2026,21:26:34,ClassifEspSWE-0002026-05-29_1,JOHANKARLSSON,202609261750NZ8IMDWO,2026_25_sep_21,Citizen Science (ultrasonic) - shared
59~40306+18~07249_20260925_212640.wav,DEV_001_20260925_212640.wav,0,59.40306,18.07249,Leppun,Leptophyes punctatissima,Speckled Bush-cricket,bush-cricket,0.99,,,25/09/2026,25/09/2026,21:26:40,ClassifEspSWE-0002026-05-29_1,JOHANKARLSSON,202609261750NZ8IMDWO,2026_25_sep_21,Citizen Science (ultrasonic) - shared
59~40306+18~07249_20260925_212647.wav,DEV_001_20260925_212647.wav,0,59.40306,18.07249,Leppun,Leptophyes punctatissima,Speckled Bush-cricket,bush-cricket,0.99,,,25/09/2026,25/09/2026,21:26:47,ClassifEspSWE-0002026-05-29_1,JOHANKARLSSON,202609261750NZ8IMDWO,2026_25_sep_21,Citizen Science (ultrasonic) - shared
59~40306+18~07249_20260925_212654.wav,DEV_001_20260925_212654.wav,0,59.40306,18.07249,Leppun,Leptophyes punctatissima,Speckled Bush-cricket,bush-cricket,0.99,,,25/09/2026,25/09/2026,21:26:54,ClassifEspSWE-0002026-05-29_1,JOHANKARLSSON,202609261750NZ8IMDWO,2026_25_sep_21,Citizen Science (ultrasonic) - shared
59~40306+18~07249_20260925_212701.wav,DEV_001_20260925_212701.wav,0,59.40306,18.07249,Leppun,Leptophyes punctatissima,Speckled Bush-cricket,bush-cricket,0.99,,,25/09/2026,25/09/2026,21:27:01,ClassifEspSWE-0002026-05-29_1,JOHANKARLSSON,202609261750NZ8IMDWO,2026_25_sep_21,Citizen Science (ultrasonic) - shared
59~40306+18~07249_20260925_212707.wav,DEV_001_20260925_212707.wav,0,59.40306,18.07249,Leppun,Leptophyes punctatissima,Speckled Bush-cricket,bush-cricket,0.99,,,25/09/2026,25/09/2026,21:27:07,ClassifEspSWE-0002026-05-29_1,JOHANKARLSSON,202609261750NZ8IMDWO,2026_25_sep_21,Citizen Science (ultrasonic) - shared
59~40306+18~07249_20260925_212712.wav,DEV_001_20260925_212712.wav,0,59.40306,18.07249,Leppun,Leptophyes punctatissima,Speckled Bush-cricket,bush-cricket,0.99,,,25/09/2026,25/09/2026,21:27:12,ClassifEspSWE-0002026-05-29_1,JOHANKARLSSON,202609261750NZ8IMDWO,2026_25_sep_21,Citizen Science (ultrasonic) - shared
59~40306+18~07249_20260925_212719.wav,DEV_001_20260925_212719.wav,0,59.40306,18.07249,Leppun,Leptophyes punctatissima,Speckled Bush-cricket,bush-cricket,0.99,,,25/09/2026,25/09/2026,21:27:19,ClassifEspSWE-0002026-05-29_1,JOHANKARLSSON,202609261750NZ8IMDWO,2026_25_sep_21,Citizen Science (ultrasonic) - shared
59~40306+18~07249_20260925_212725.wav,DEV_001_20260925_212725.wav,0,59.40306,18.07249,Leppun,Leptophyes punctatissima,Speckled Bush-cricket,bush-cricket,0.99,,,25/09/2026,25/09/2026,21:27:25,ClassifEspSWE-0002026-05-29_1,JOHANKARLSSON,202609261750NZ8IMDWO,2026_25_sep_21,Citizen Science (ultrasonic) - shared
59~40306+18~07249_20260925_212732.wav,DEV_001_20260925_212732.wav,0,59.40306,18.07249,Leppun,Leptophyes punctatissima,Speckled Bush-cricket,bush-cricket,0.99,,,25/09/2026,25/09/2026,21:27:32,ClassifEspSWE-0002026-05-29_1,JOHANKARLSSON,202609261750NZ8IMDWO,2026_25_sep_21,Citizen Science (ultrasonic) - shared
59~40306+18~07249_20260925_212738.wav,DEV_001_20260925_212738.wav,0,59.40306,18.07249,Leppun,Leptophyes punctatissima,Speckled Bush-cricket,bush-cricket,0.99,,,25/09/2026,25/09/2026,21:27:38,ClassifEspSWE-0002026-05-29_1,JOHANKARLSSON,202609261750NZ8IMDWO,2026_25_sep_21,Citizen Science (ultrasonic) - shared
59~40306+18~07249_20260925_212744.wav,DEV_001_20260925_212744.wav,0,59.40306,18.07249,Leppun,Leptophyes punctatissima,Speckled Bush-cricket,bush-cricket,0.99,,,25/09/2026,25/09/2026,21:27:44,ClassifEspSWE-0002026-05-29_1,JOHANKARLSSON,202609261750NZ8IMDWO,2026_25_sep_21,Citizen Science (ultrasonic) - shared
59~40306+18~07249_20260925_212751.wav,DEV_001_20260925_212751.wav,0,59.40306,18.07249,Leppun,Leptophyes punctatissima,Speckled Bush-cricket,bush-cricket,0.99,,,25/09/2026,25/09/2026,21:27:51,ClassifEspSWE-0002026-05-29_1,JOHANKARLSSON,202609261750NZ8IMDWO,2026_25_sep_21,Citizen Science (ultrasonic) - shared
59~40306+18~07249_20260925_212756.wav,DEV_001_20260925_212756.wav,0,59.40306,18.07249,Leppun,Leptophyes punctatissima,Speckled Bush-cricket,bush-cricket,0.99,,,25/09/2026,25/09/2026,21:27:56,ClassifEspSWE-0002026-05-29_1,JOHANKARLSSON,202609261750NZ8IMDWO,2026_25_sep_21,Citizen Science (ultrasonic) - shared
59~40306+18~07249_20260925_212803.wav,DEV_001_20260925_212803.wav,0,59.40306,18.07249,Leppun,Leptophyes punctatissima,Speckled Bush-cricket,bush-cricket,0.99,,,25/09/2026,25/09/2026,21:28:03,ClassifEspSWE-0002026-05-29_1,JOHANKARLSSON,202609261750NZ8IMDWO,2026_25_sep_21,Citizen Science (ultrasonic) - shared
59~40306+18~07249_20260925_212809.wav,DEV_001_20260925_212809.wav,0,59.40306,18.07249,Leppun,Leptophyes punctatissima,Speckled Bush-cricket,bush-cricket,0.99,,,25/09/2026,25/09/2026,21:28:09,ClassifEspSWE-0002026-05-29_1,JOHANKARLSSON,202609261750NZ8IMDWO,2026_25_sep_21,Citizen Science (ultrasonic) - shared
59~40306+18~07249_20260925_212815.wav,DEV_001_20260925_212815.wav,0,59.40306,18.07249,Leppun,Leptophyes punctatissima,Speckled Bush-cricket,bush-cricket,0.99,,,25/09/2026,25/09/2026,21:28:15,ClassifEspSWE-0002026-05-29_1,JOHANKARLSSON,202609261750NZ8IMDWO,2026_25_sep_21,Citizen Science (ultrasonic) - shared
59~40306+18~07249_20260925_212822.wav,DEV_001_20260925_212822.wav,0,59.40306,18.07249,Leppun,Leptophyes punctatissima,Speckled Bush-cricket,bush-cricket,0.99,,,25/09/2026,25/09/2026,21:28:22,ClassifEspSWE-0002026-05-29_1,JOHANKARLSSON,202609261750NZ8IMDWO,2026_25_sep_21,Citizen Science (ultrasonic) - shared
59~40306+18~07249_20260925_212827.wav,DEV_001_20260925_212827.wav,0,59.40306,18.07249,Leppun,Leptophyes punctatissima,Speckled Bush-cricket,bush-cricket,0.99,,,25/09/2026,25/09/2026,21:28:27,ClassifEspSWE-0002026-05-29_1,JOHANKARLSSON,202609261750NZ8IMDWO,2026_25_sep_21,Citizen Science (ultrasonic) - shared
59~40306+18~07249_20260925_212834.wav,DEV_001_20260925_212834.wav,0,59.40306,18.07249,Leppun,Leptophyes punctatissima,Speckled Bush-cricket,bush-cricket,0.99,,,25/09/2026,25/09/2026,21:28:34,ClassifEspSWE-0002026-05-29_1,JOHANKARLSSON,202609261750NZ8IMDWO,2026_25_sep_21,Citizen Science (ultrasonic) - shared
59~40306+18~07249_20260925_212840.wav,DEV_001_20260925_212840.wav,0,59.40306,18.07249,Leppun,Leptophyes punctatissima,Speckled Bush-cricket,bush-cricket,0.99,,,25/09/2026,25/09/2026,21:28:40,ClassifEspSWE-0002026-05-29_1,JOHANKARLSSON,202609261750NZ8IMDWO,2026_25_sep_21,Citizen Science (ultrasonic) - shared
59~40306+18~07249_20260925_212846.wav,DEV_001_20260925_212846.wav,0,59.40306,18.07249,Leppun,Leptophyes punctatissima,Speckled Bush-cricket,bush-cricket,0.99,,,25/09/2026,25/09/2026,21:28:46,ClassifEspSWE-0002026-05-29_1,JOHANKARLSSON,202609261750NZ8IMDWO,2026_25_sep_21,Citizen Science (ultrasonic) - shared
59~40306+18~07249_20260925_212851.wav,DEV_001_20260925_212851.wav,0,59.40306,18.07249,Leppun,Leptophyes punctatissima,Speckled Bush-cricket,bush-cricket,0.99,,,25/09/2026,25/09/2026,21:28:51,ClassifEspSWE-0002026-05-29_1,JOHANKARLSSON,202609261750NZ8IMDWO,2026_25_sep_21,Citizen Science (ultrasonic) - shared
59~40306+18~07249_20260925_212856.wav,DEV_001_20260925_212856.wav,0,59.40306,18.07249,Leppun,Leptophyes punctatissima,Speckled Bush-cricket,bush-cricket,0.99,,,25/09/2026,25/09/2026,21:28:56,ClassifEspSWE-0002026-05-29_1,JOHANKARLSSON,202609261750NZ8IMDWO,2026_25_sep_21,Citizen Science (ultrasonic) - shared
59~40306+18~07249_20260925_212902.wav,DEV_001_20260925_212902.wav,0,59.40306,18.07249,Leppun,Leptophyes punctatissima,Speckled Bush-cricket,bush-cricket,0.99,,,25/09/2026,25/09/2026,21:29:02,ClassifEspSWE-0002026-05-29_1,JOHANKARLSSON,202609261750NZ8IMDWO,2026_25_sep_21,Citizen Science (ultrasonic) - shared
59~40306+18~07249_20260925_212907.wav,DEV_001_20260925_212907.wav,0,59.40306,18.07249,Leppun,Leptophyes punctatissima,Speckled Bush-cricket,bush-cricket,0.99,,,25/09/2026,25/09/2026,21:29:07,ClassifEspSWE-0002026-05-29_1,JOHANKARLSSON,202609261750NZ8IMDWO,2026_25_sep_21,Citizen Science (ultrasonic) - shared
59~40306+18~07249_20260925_212914.wav,DEV_001_20260925_212914.wav,0,59.40306,18.07249,Leppun,Leptophyes punctatissima,Speckled Bush-cricket,bush-cricket,0.99,,,25/09/2026,25/09/2026,21:29:14,ClassifEspSWE-0002026-05-29_1,JOHANKARLSSON,202609261750NZ8IMDWO,2026_25_sep_21,Citizen Science (ultrasonic) - shared
59~40306+18~07249_20260925_212919.wav,DEV_001_20260925_212919.wav,0,59.40306,18.07249,Leppun,Leptophyes punctatissima,Speckled Bush-cricket,bush-cricket,0.99,,,25/09/2026,25/09/2026,21:29:19,ClassifEspSWE-0002026-05-29_1,JOHANKARLSSON,202609261750NZ8IMDWO,2026_25_sep_21,Citizen Science (ultrasonic) - shared
59~40306+18~07249_20260925_212926.wav,DEV_001_20260925_212926.wav,0,59.40306,18.07249,Leppun,Leptophyes punctatissima,Speckled Bush-cricket,bush-cricket,0.99,,,25/09/2026,25/09/2026,21:29:26,ClassifEspSWE-0002026-05-29_1,JOHANKARLSSON,202609261750NZ8IMDWO,2026_25_sep_21,Citizen Science (ultrasonic) - shared
59~40306+18~07249_20260925_212932.wav,DEV_001_20260925_212932.wav,0,59.40306,18.07249,Leppun,Leptophyes punctatissima,Speckled Bush-cricket,bush-cricket,0.99,,,25/09/2026,25/09/2026,21:29:32,ClassifEspSWE-0002026-05-29_1,JOHANKARLSSON,202609261750NZ8IMDWO,2026_25_sep_21,Citizen Science (ultrasonic) - shared
59~40306+18~07249_20260925_212937.wav,DEV_001_20260925_212937.wav,0,59.40306,18.07249,Leppun,Leptophyes punctatissima,Speckled Bush-cricket,bush-cricket,0.99,,,25/09/2026,25/09/2026,21:29:37,ClassifEspSWE-0002026-05-29_1,JOHANKARLSSON,202609261750NZ8IMDWO,2026_25_sep_21,Citizen Science (ultrasonic) - shared
59~40306+18~07249_20260925_212944.wav,DEV_001_20260925_212944.wav,0,59.40306,18.07249,Leppun,Leptophyes punctatissima,Speckled Bush-cricket,bush-cricket,0.99,,,25/09/2026,25/09/2026,21:29:44,ClassifEspSWE-0002026-05-29_1,JOHANKARLSSON,202609261750NZ8IMDWO,2026_25_sep_21,Citizen Science (ultrasonic) - shared
59~40306+18~07249_20260925_212951.wav,DEV_001_20260925_212951.wav,0,59.40306,18.07249,Leppun,Leptophyes punctatissima,Speckled Bush-cricket,bush-cricket,0.99,,,25/09/2026,25/09/2026,21:29:51,ClassifEspSWE-0002026-05-29_1,JOHANKARLSSON,202609261750NZ8IMDWO,2026_25_sep_21,Citizen Science (ultrasonic) - shared
59~40306+18~07249_20260925_212957.wav,DEV_001_20260925_212957.wav,0,59.40306,18.07249,Leppun,Leptophyes punctatissima,Speckled Bush-cricket,bush-cricket,0.99,,,25/09/2026,25/09/2026,21:29:57,ClassifEspSWE-0002026-05-29_1,JOHANKARLSSON,202609261750NZ8IMDWO,2026_25_sep_21,Citizen Science (ultrasonic) - shared
59~40306+18~07249_20260925_213004.wav,DEV_001_20260925_213004.wav,0,59.40306,18.07249,Leppun,Leptophyes punctatissima,Speckled Bush-cricket,bush-cricket,0.99,,,25/09/2026,25/09/2026,21:30:04,ClassifEspSWE-0002026-05-29_1,JOHANKARLSSON,202609261750NZ8IMDWO,2026_25_sep_21,Citizen Science (ultrasonic) - shared
59~40306+18~07249_20260925_213010.wav,DEV_001_20260925_213010.wav,0,59.40306,18.07249,Leppun,Leptophyes punctatissima,Speckled Bush-cricket,bush-cricket,0.99,,,25/09/2026,25/09/2026,21:30:10,ClassifEspSWE-0002026-05-29_1,JOHANKARLSSON,202609261750NZ8IMDWO,2026_25_sep_21,Citizen Science (ultrasonic) - shared
59~40306+18~07249_20260925_213017.wav,DEV_001_20260925_213017.wav,0,59.40306,18.07249,Leppun,Leptophyes punctatissima,Speckled Bush-cricket,bush-cricket,0.99,,,25/09/2026,25/09/2026,21:30:17,ClassifEspSWE-0002026-05-29_1,JOHANKARLSSON,202609261750NZ8IMDWO,2026_25_sep_21,Citizen Science (ultrasonic) - shared
59~40306+18~07249_20260925_213025.wav,DEV_001_20260925_213025.wav,0,59.40306,18.07249,Leppun,Leptophyes punctatissima,Speckled Bush-cricket,bush-cricket,0.99,,,25/09/2026,25/09/2026,21:30:25,ClassifEspSWE-0002026-05-29_1,JOHANKARLSSON,202609261750NZ8IMDWO,2026_25_sep_21,Citizen Science (ultrasonic) - shared
59~40306+18~07249_20260925_213033.wav,DEV_001_20260925_213033.wav,0,59.40306,18.07249,Leppun,Leptophyes punctatissima,Speckled Bush-cricket,bush-cricket,0.99,,,25/09/2026,25/09/2026,21:30:33,ClassifEspSWE-0002026-05-29_1,JOHANKARLSSON,202609261750NZ8IMDWO,2026_25_sep_21,Citizen Science (ultrasonic) - shared
59~40306+18~07249_20260925_213042.wav,DEV_001_20260925_213042.wav,0,59.40306,18.07249,Leppun,Leptophyes punctatissima,Speckled Bush-cricket,bush-cricket,0.99,,,25/09/2026,25/09/2026,21:30:42,ClassifEspSWE-0002026-05-29_1,JOHANKARLSSON,202609261750NZ8IMDWO,2026_25_sep_21,Citizen Science (ultrasonic) - shared
59~40306+18~07249_20260925_213054.wav,DEV_001_20260925_213054.wav,0,59.40306,18.07249,Leppun,Leptophyes punctatissima,Speckled Bush-cricket,bush-cricket,0.99,,,25/09/2026,25/09/2026,21:30:54,ClassifEspSWE-0002026-05-29_1,JOHANKARLSSON,202609261750NZ8IMDWO,2026_25_sep_21,Citizen Science (ultrasonic) - shared
59~40306+18~07249_20260925_213103.wav,DEV_001_20260925_213103.wav,0,59.40306,18.07249,Leppun,Leptophyes punctatissima,Speckled Bush-cricket,bush-cricket,0.99,,,25/09/2026,25/09/2026,21:31:03,ClassifEspSWE-0002026-05-29_1,JOHANKARLSSON,202609261750NZ8IMDWO,2026_25_sep_21,Citizen Science (ultrasonic) - shared
59~40306+18~07249_20260925_213111.wav,DEV_001_20260925_213111.wav,0,59.40306,18.07249,Leppun,Leptophyes punctatissima,Speckled Bush-cricket,bush-cricket,0.99,,,25/09/2026,25/09/2026,21:31:11,ClassifEspSWE-0002026-05-29_1,JOHANKARLSSON,202609261750NZ8IMDWO,2026_25_sep_21,Citizen Science (ultrasonic) - shared
59~40306+18~07249_20260925_213123.wav,DEV_001_20260925_213123.wav,0,59.40306,18.07249,Leppun,Leptophyes punctatissima,Speckled Bush-cricket,bush-cricket,0.99,,,25/09/2026,25/09/2026,21:31:23,ClassifEspSWE-0002026-05-29_1,JOHANKARLSSON,202609261750NZ8IMDWO,2026_25_sep_21,Citizen Science (ultrasonic) - shared
59~40306+18~07249_20260925_213131.wav,DEV_001_20260925_213131.wav,0,59.40306,18.07249,Leppun,Leptophyes punctatissima,Speckled Bush-cricket,bush-cricket,0.99,,,25/09/2026,25/09/2026,21:31:31,ClassifEspSWE-0002026-05-29_1,JOHANKARLSSON,202609261750NZ8IMDWO,2026_25_sep_21,Citizen Science (ultrasonic) - shared
59~40306+18~07249_20260925_213138.wav,DEV_001_20260925_213138.wav,0,59.40306,18.07249,Leppun,Leptophyes punctatissima,Speckled Bush-cricket,bush-cricket,0.99,,,25/09/2026,25/09/2026,21:31:38,ClassifEspSWE-0002026-05-29_1,JOHANKARLSSON,202609261750NZ8IMDWO,2026_25_sep_21,Citizen Science (ultrasonic) - shared
59~40306+18~07249_20260925_213143.wav,DEV_001_20260925_213143.wav,0,59.40306,18.07249,Leppun,Leptophyes punctatissima,Speckled Bush-cricket,bush-cricket,0.99,,,25/09/2026,25/09/2026,21:31:43,ClassifEspSWE-0002026-05-29_1,JOHANKARLSSON,202609261750NZ8IMDWO,2026_25_sep_21,Citizen Science (ultrasonic) - shared
59~40306+18~07249_20260925_213150.wav,DEV_001_20260925_213150.wav,0,59.40306,18.07249,Leppun,Leptophyes punctatissima,Speckled Bush-cricket,bush-cricket,0.99,,,25/09/2026,25/09/2026,21:31:50,ClassifEspSWE-0002026-05-29_1,JOHANKARLSSON,202609261750NZ8IMDWO,2026_25_sep_21,Citizen Science (ultrasonic) - shared
59~40306+18~07249_20260925_213155.wav,DEV_001_20260925_213155.wav,0,59.40306,18.07249,Leppun,Leptophyes punctatissima,Speckled Bush-cricket,bush-cricket,0.99,,,25/09/2026,25/09/2026,21:31:55,ClassifEspSWE-0002026-05-29_1,JOHANKARLSSON,202609261750NZ8IMDWO,2026_25_sep_21,Citizen Science (ultrasonic) - shared
59~40306+18~07249_20260925_213204.wav,DEV_001_20260925_213204.wav,0,59.40306,18.07249,Leppun,Leptophyes punctatissima,Speckled Bush-cricket,bush-cricket,0.99,,,25/09/2026,25/09/2026,21:32:04,ClassifEspSWE-0002026-05-29_1,JOHANKARLSSON,202609261750NZ8IMDWO,2026_25_sep_21,Citizen Science (ultrasonic) - shared
59~40306+18~07249_20260925_213213.wav,DEV_001_20260925_213213.wav,0,59.40306,18.07249,Leppun,Leptophyes punctatissima,Speckled Bush-cricket,bush-cricket,0.99,,,25/09/2026,25/09/2026,21:32:13,ClassifEspSWE-0002026-05-29_1,JOHANKARLSSON,202609261750NZ8IMDWO,2026_25_sep_21,Citizen Science (ultrasonic) - shared
59~40306+18~07249_20260925_213221.wav,DEV_001_20260925_213221.wav,0,59.40306,18.07249,Leppun,Leptophyes punctatissima,Speckled Bush-cricket,bush-cricket,0.99,,,25/09/2026,25/09/2026,21:32:21,ClassifEspSWE-0002026-05-29_1,JOHANKARLSSON,202609261750NZ8IMDWO,2026_25_sep_21,Citizen Science (ultrasonic) - shared
59~40306+18~07249_20260925_213227.wav,DEV_001_20260925_213227.wav,0,59.40306,18.07249,Leppun,Leptophyes punctatissima,Speckled Bush-cricket,bush-cricket,0.99,,,25/09/2026,25/09/2026,21:32:27,ClassifEspSWE-0002026-05-29_1,JOHANKARLSSON,202609261750NZ8IMDWO,2026_25_sep_21,Citizen Science (ultrasonic) - shared
59~40306+18~07249_20260925_213238.wav,DEV_001_20260925_213238.wav,0,59.40306,18.07249,Leppun,Leptophyes punctatissima,Speckled Bush-cricket,bush-cricket,0.99,,,25/09/2026,25/09/2026,21:32:38,ClassifEspSWE-0002026-05-29_1,JOHANKARLSSON,202609261750NZ8IMDWO,2026_25_sep_21,Citizen Science (ultrasonic) - shared
59~40306+18~07249_20260925_213244.wav,DEV_001_20260925_213244.wav,0,59.40306,18.07249,Leppun,Leptophyes punctatissima,Speckled Bush-cricket,bush-cricket,0.99,,,25/09/2026,25/09/2026,21:32:44,ClassifEspSWE-0002026-05-29_1,JOHANKARLSSON,202609261750NZ8IMDWO,2026_25_sep_21,Citizen Science (ultrasonic) - shared
59~40306+18~07249_20260925_213252.wav,DEV_001_20260925_213252.wav,0,59.40306,18.07249,Leppun,Leptophyes punctatissima,Speckled Bush-cricket,bush-cricket,0.99,,,25/09/2026,25/09/2026,21:32:52,ClassifEspSWE-0002026-05-29_1,JOHANKARLSSON,202609261750NZ8IMDWO,2026_25_sep_21,Citizen Science (ultrasonic) - shared
59~40306+18~07249_20260925_213258.wav,DEV_001_20260925_213258.wav,0,59.40306,18.07249,Leppun,Leptophyes punctatissima,Speckled Bush-cricket,bush-cricket,0.99,,,25/09/2026,25/09/2026,21:32:58,ClassifEspSWE-0002026-05-29_1,JOHANKARLSSON,202609261750NZ8IMDWO,2026_25_sep_21,Citizen Science (ultrasonic) - shared
59~40306+18~07249_20260925_213308.wav,DEV_001_20260925_213308.wav,0,59.40306,18.07249,Leppun,Leptophyes punctatissima,Speckled Bush-cricket,bush-cricket,0.99,,,25/09/2026,25/09/2026,21:33:08,ClassifEspSWE-0002026-05-29_1,JOHANKARLSSON,202609261750NZ8IMDWO,2026_25_sep_21,Citizen Science (ultrasonic) - shared
59~40306+18~07249_20260925_213319.wav,DEV_001_20260925_213319.wav,0,59.40306,18.07249,Leppun,Leptophyes punctatissima,Speckled Bush-cricket,bush-cricket,0.99,,,25/09/2026,25/09/2026,21:33:19,ClassifEspSWE-0002026-05-29_1,JOHANKARLSSON,202609261750NZ8IMDWO,2026_25_sep_21,Citizen Science (ultrasonic) - shared
59~40306+18~07249_20260925_213327.wav,DEV_001_20260925_213327.wav,0,59.40306,18.07249,Leppun,Leptophyes punctatissima,Speckled Bush-cricket,bush-cricket,0.99,,,25/09/2026,25/09/2026,21:33:27,ClassifEspSWE-0002026-05-29_1,JOHANKARLSSON,202609261750NZ8IMDWO,2026_25_sep_21,Citizen Science (ultrasonic) - shared
59~40306+18~07249_20260925_213337.wav,DEV_001_20260925_213337.wav,0,59.40306,18.07249,Leppun,Leptophyes punctatissima,Speckled Bush-cricket,bush-cricket,0.99,,,25/09/2026,25/09/2026,21:33:37,ClassifEspSWE-0002026-05-29_1,JOHANKARLSSON,202609261750NZ8IMDWO,2026_25_sep_21,Citizen Science (ultrasonic) - shared
59~40306+18~07249_20260925_213343.wav,DEV_001_20260925_213343.wav,0,59.40306,18.07249,Leppun,Leptophyes punctatissima,Speckled Bush-cricket,bush-cricket,0.99,,,25/09/2026,25/09/2026,21:33:43,ClassifEspSWE-0002026-05-29_1,JOHANKARLSSON,202609261750NZ8IMDWO,2026_25_sep_21,Citizen Science (ultrasonic) - shared
59~40306+18~07249_20260925_213349.wav,DEV_001_20260925_213349.wav,0,59.40306,18.07249,Leppun,Leptophyes punctatissima,Speckled Bush-cricket,bush-cricket,0.99,,,25/09/2026,25/09/2026,21:33:49,ClassifEspSWE-0002026-05-29_1,JOHANKARLSSON,202609261750NZ8IMDWO,2026_25_sep_21,Citizen Science (ultrasonic) - shared
59~40306+18~07249_20260925_213356.wav,DEV_001_20260925_213356.wav,0,59.40306,18.07249,Leppun,Leptophyes punctatissima,Speckled Bush-cricket,bush-cricket,0.99,,,25/09/2026,25/09/2026,21:33:56,ClassifEspSWE-0002026-05-29_1,JOHANKARLSSON,202609261750NZ8IMDWO,2026_25_sep_21,Citizen Science (ultrasonic) - shared
59~40306+18~07249_20260925_213405.wav,DEV_001_20260925_213405.wav,0,59.40306,18.07249,Leppun,Leptophyes punctatissima,Speckled Bush-cricket,bush-cricket,0.99,,,25/09/2026,25/09/2026,21:34:05,ClassifEspSWE-0002026-05-29_1,JOHANKARLSSON,202609261750NZ8IMDWO,2026_25_sep_21,Citizen Science (ultrasonic) - shared
59~40306+18~07249_20260925_213414.wav,DEV_001_20260925_213414.wav,0,59.40306,18.07249,Leppun,Leptophyes punctatissima,Speckled Bush-cricket,bush-cricket,0.99,,,25/09/2026,25/09/2026,21:34:14,ClassifEspSWE-0002026-05-29_1,JOHANKARLSSON,202609261750NZ8IMDWO,2026_25_sep_21,Citizen Science (ultrasonic) - shared
59~40306+18~07249_20260925_213420.wav,DEV_001_20260925_213420.wav,0,59.40306,18.07249,Leppun,Leptophyes punctatissima,Speckled Bush-cricket,bush-cricket,0.99,,,25/09/2026,25/09/2026,21:34:20,ClassifEspSWE-0002026-05-29_1,JOHANKARLSSON,202609261750NZ8IMDWO,2026_25_sep_21,Citizen Science (ultrasonic) - shared
59~40306+18~07249_20260925_213428.wav,DEV_001_20260925_213428.wav,0,59.40306,18.07249,Leppun,Leptophyes punctatissima,Speckled Bush-cricket,bush-cricket,0.99,,,25/09/2026,25/09/2026,21:34:28,ClassifEspSWE-0002026-05-29_1,JOHANKARLSSON,202609261750NZ8IMDWO,2026_25_sep_21,Citizen Science (ultrasonic) - shared
59~40306+18~07249_20260925_213433.wav,DEV_001_20260925_213433.wav,0,59.40306,18.07249,Leppun,Leptophyes punctatissima,Speckled Bush-cricket,bush-cricket,0.99,,,25/09/2026,25/09/2026,21:34:33,ClassifEspSWE-0002026-05-29_1,JOHANKARLSSON,202609261750NZ8IMDWO,2026_25_sep_21,Citizen Science (ultrasonic) - shared
59~40306+18~07249_20260925_213443.wav,DEV_001_20260925_213443.wav,0,59.40306,18.07249,Leppun,Leptophyes punctatissima,Speckled Bush-cricket,bush-cricket,0.99,,,25/09/2026,25/09/2026,21:34:43,ClassifEspSWE-0002026-05-29_1,JOHANKARLSSON,202609261750NZ8IMDWO,2026_25_sep_21,Citizen Science (ultrasonic) - shared
59~40306+18~07249_20260925_213452.wav,DEV_001_20260925_213452.wav,0,59.40306,18.07249,Leppun,Leptophyes punctatissima,Speckled Bush-cricket,bush-cricket,0.99,,,25/09/2026,25/09/2026,21:34:52,ClassifEspSWE-0002026-05-29_1,JOHANKARLSSON,202609261750NZ8IMDWO,2026_25_sep_21,Citizen Science (ultrasonic) - shared
59~40306+18~07249_20260925_213505.wav,DEV_001_20260925_213505.wav,0,59.40306,18.07249,Leppun,Leptophyes punctatissima,Speckled Bush-cricket,bush-cricket,0.99,,,25/09/2026,25/09/2026,21:35:05,ClassifEspSWE-0002026-05-29_1,JOHANKARLSSON,202609261750NZ8IMDWO,2026_25_sep_21,Citizen Science (ultrasonic) - shared
59~40306+18~07249_20260925_213513.wav,DEV_001_20260925_213513.wav,0,59.40306,18.07249,Leppun,Leptophyes punctatissima,Speckled Bush-cricket,bush-cricket,0.99,,,25/09/2026,25/09/2026,21:35:13,ClassifEspSWE-0002026-05-29_1,JOHANKARLSSON,202609261750NZ8IMDWO,2026_25_sep_21,Citizen Science (ultrasonic) - shared
59~40306+18~07249_20260925_213519.wav,DEV_001_20260925_213519.wav,0,59.40306,18.07249,Leppun,Leptophyes punctatissima,Speckled Bush-cricket,bush-cricket,0.99,,,25/09/2026,25/09/2026,21:35:19,ClassifEspSWE-0002026-05-29_1,JOHANKARLSSON,202609261750NZ8IMDWO,2026_25_sep_21,Citizen Science (ultrasonic) - shared
59~40306+18~07249_20260925_213534.wav,DEV_001_20260925_213534.wav,0,59.40306,18.07249,Leppun,Leptophyes punctatissima,Speckled Bush-cricket,bush-cricket,0.99,,,25/09/2026,25/09/2026,21:35:34,ClassifEspSWE-0002026-05-29_1,JOHANKARLSSON,202609261750NZ8IMDWO,2026_25_sep_21,Citizen Science (ultrasonic) - shared
59~40306+18~07249_20260925_213539.wav,DEV_001_20260925_213539.wav,0,59.40306,18.07249,Leppun,Leptophyes punctatissima,Speckled Bush-cricket,bush-cricket,0.99,,,25/09/2026,25/09/2026,21:35:39,ClassifEspSWE-0002026-05-29_1,JOHANKARLSSON,202609261750NZ8IMDWO,2026_25_sep_21,Citizen Science (ultrasonic) - shared
59~40306+18~07249_20260925_213547.wav,DEV_001_20260925_213547.wav,0,59.40306,18.07249,Leppun,Leptophyes punctatissima,Speckled Bush-cricket,bush-cricket,0.99,,,25/09/2026,25/09/2026,21:35:47,ClassifEspSWE-0002026-05-29_1,JOHANKARLSSON,202609261750NZ8IMDWO,2026_25_sep_21,Citizen Science (ultrasonic) - shared
59~40306+18~07249_20260925_213554.wav,DEV_001_20260925_213554.wav,0,59.40306,18.07249,Leppun,Leptophyes punctatissima,Speckled Bush-cricket,bush-cricket,0.99,,,25/09/2026,25/09/2026,21:35:54,ClassifEspSWE-0002026-05-29_1,JOHANKARLSSON,202609261750NZ8IMDWO,2026_25_sep_21,Citizen Science (ultrasonic) - shared
59~40306+18~07249_20260925_213603.wav,DEV_001_20260925_213603.wav,0,59.40306,18.07249,Leppun,Leptophyes punctatissima,Speckled Bush-cricket,bush-cricket,0.99,,,25/09/2026,25/09/2026,21:36:03,ClassifEspSWE-0002026-05-29_1,JOHANKARLSSON,202609261750NZ8IMDWO,2026_25_sep_21,Citizen Science (ultrasonic) - shared
59~40306+18~07249_20260925_213611.wav,DEV_001_20260925_213611.wav,0,59.40306,18.07249,Leppun,Leptophyes punctatissima,Speckled Bush-cricket,bush-cricket,0.99,,,25/09/2026,25/09/2026,21:36:11,ClassifEspSWE-0002026-05-29_1,JOHANKARLSSON,202609261750NZ8IMDWO,2026_25_sep_21,Citizen Science (ultrasonic) - shared
59~40306+18~07249_20260925_213620.wav,DEV_001_20260925_213620.wav,0,59.40306,18.07249,Leppun,Leptophyes punctatissima,Speckled Bush-cricket,bush-cricket,0.99,,,25/09/2026,25/09/2026,21:36:20,ClassifEspSWE-0002026-05-29_1,JOHANKARLSSON,202609261750NZ8IMDWO,2026_25_sep_21,Citizen Science (ultrasonic) - shared
59~40306+18~07249_20260925_213626.wav,DEV_001_20260925_213626.wav,0,59.40306,18.07249,Leppun,Leptophyes punctatissima,Speckled Bush-cricket,bush-cricket,0.99,,,25/09/2026,25/09/2026,21:36:26,ClassifEspSWE-0002026-05-29_1,JOHANKARLSSON,202609261750NZ8IMDWO,2026_25_sep_21,Citizen Science (ultrasonic) - shared
59~40306+18~07249_20260925_213633.wav,DEV_001_20260925_213633.wav,0,59.40306,18.07249,Leppun,Leptophyes punctatissima,Speckled Bush-cricket,bush-cricket,0.99,,,25/09/2026,25/09/2026,21:36:33,ClassifEspSWE-0002026-05-29_1,JOHANKARLSSON,202609261750NZ8IMDWO,2026_25_sep_21,Citizen Science (ultrasonic) - shared
59~40306+18~07249_20260925_213640.wav,DEV_001_20260925_213640.wav,0,59.40306,18.07249,Leppun,Leptophyes punctatissima,Speckled Bush-cricket,bush-cricket,0.99,,,25/09/2026,25/09/2026,21:36:40,ClassifEspSWE-0002026-05-29_1,JOHANKARLSSON,202609261750NZ8IMDWO,2026_25_sep_21,Citizen Science (ultrasonic) - shared
59~40306+18~07249_20260925_213646.wav,DEV_001_20260925_213646.wav,0,59.40306,18.07249,Leppun,Leptophyes punctatissima,Speckled Bush-cricket,bush-cricket,0.99,,,25/09/2026,25/09/2026,21:36:46,ClassifEspSWE-0002026-05-29_1,JOHANKARLSSON,202609261750NZ8IMDWO,2026_25_sep_21,Citizen Science (ultrasonic) - shared
59~40306+18~07249_20260925_213651.wav,DEV_001_20260925_213651.wav,0,59.40306,18.07249,Leppun,Leptophyes punctatissima,Speckled Bush-cricket,bush-cricket,0.99,,,25/09/2026,25/09/2026,21:36:51,ClassifEspSWE-0002026-05-29_1,JOHANKARLSSON,202609261750NZ8IMDWO,2026_25_sep_21,Citizen Science (ultrasonic) - shared
59~40306+18~07249_20260925_213657.wav,DEV_001_20260925_213657.wav,0,59.40306,18.07249,Leppun,Leptophyes punctatissima,Speckled Bush-cricket,bush-cricket,0.99,,,25/09/2026,25/09/2026,21:36:57,ClassifEspSWE-0002026-05-29_1,JOHANKARLSSON,202609261750NZ8IMDWO,2026_25_sep_21,Citizen Science (ultrasonic) - shared
59~40306+18~07249_20260925_213703.wav,DEV_001_20260925_213703.wav,0,59.40306,18.07249,Leppun,Leptophyes punctatissima,Speckled Bush-cricket,bush-cricket,0.99,,,25/09/2026,25/09/2026,21:37:03,ClassifEspSWE-0002026-05-29_1,JOHANKARLSSON,202609261750NZ8IMDWO,2026_25_sep_21,Citizen Science (ultrasonic) - shared
59~40306+18~07249_20260925_213708.wav,DEV_001_20260925_213708.wav,0,59.40306,18.07249,Leppun,Leptophyes punctatissima,Speckled Bush-cricket,bush-cricket,0.99,,,25/09/2026,25/09/2026,21:37:08,ClassifEspSWE-0002026-05-29_1,JOHANKARLSSON,202609261750NZ8IMDWO,2026_25_sep_21,Citizen Science (ultrasonic) - shared
59~40306+18~07249_20260925_213713.wav,DEV_001_20260925_213713.wav,0,59.40306,18.07249,Leppun,Leptophyes punctatissima,Speckled Bush-cricket,bush-cricket,0.99,,,25/09/2026,25/09/2026,21:37:13,ClassifEspSWE-0002026-05-29_1,JOHANKARLSSON,202609261750NZ8IMDWO,2026_25_sep_21,Citizen Science (ultrasonic) - shared
59~40306+18~07249_20260925_213719.wav,DEV_001_20260925_213719.wav,0,59.40306,18.07249,Leppun,Leptophyes punctatissima,Speckled Bush-cricket,bush-cricket,0.99,,,25/09/2026,25/09/2026,21:37:19,ClassifEspSWE-0002026-05-29_1,JOHANKARLSSON,202609261750NZ8IMDWO,2026_25_sep_21,Citizen Science (ultrasonic) - shared
59~40306+18~07249_20260925_213725.wav,DEV_001_20260925_213725.wav,0,59.40306,18.07249,Leppun,Leptophyes punctatissima,Speckled Bush-cricket,bush-cricket,0.99,,,25/09/2026,25/09/2026,21:37:25,ClassifEspSWE-0002026-05-29_1,JOHANKARLSSON,202609261750NZ8IMDWO,2026_25_sep_21,Citizen Science (ultrasonic) - shared
59~40306+18~07249_20260925_213730.wav,DEV_001_20260925_213730.wav,0,59.40306,18.07249,Leppun,Leptophyes punctatissima,Speckled Bush-cricket,bush-cricket,0.99,,,25/09/2026,25/09/2026,21:37:30,ClassifEspSWE-0002026-05-29_1,JOHANKARLSSON,202609261750NZ8IMDWO,2026_25_sep_21,Citizen Science (ultrasonic) - shared
59~40306+18~07249_20260925_213736.wav,DEV_001_20260925_213736.wav,0,59.40306,18.07249,Leppun,Leptophyes punctatissima,Speckled Bush-cricket,bush-cricket,0.99,,,25/09/2026,25/09/2026,21:37:36,ClassifEspSWE-0002026-05-29_1,JOHANKARLSSON,202609261750NZ8IMDWO,2026_25_sep_21,Citizen Science (ultrasonic) - shared
59~40306+18~07249_20260925_213745.wav,DEV_001_20260925_213745.wav,0,59.40306,18.07249,Leppun,Leptophyes punctatissima,Speckled Bush-cricket,bush-cricket,0.99,,,25/09/2026,25/09/2026,21:37:45,ClassifEspSWE-0002026-05-29_1,JOHANKARLSSON,202609261750NZ8IMDWO,2026_25_sep_21,Citizen Science (ultrasonic) - shared
59~40306+18~07249_20260925_213750.wav,DEV_001_20260925_213750.wav,0,59.40306,18.07249,Leppun,Leptophyes punctatissima,Speckled Bush-cricket,bush-cricket,0.99,,,25/09/2026,25/09/2026,21:37:50,ClassifEspSWE-0002026-05-29_1,JOHANKARLSSON,202609261750NZ8IMDWO,2026_25_sep_21,Citizen Science (ultrasonic) - shared
59~40306+18~07249_20260925_213757.wav,DEV_001_20260925_213757.wav,0,59.40306,18.07249,Leppun,Leptophyes punctatissima,Speckled Bush-cricket,bush-cricket,0.99,,,25/09/2026,25/09/2026,21:37:57,ClassifEspSWE-0002026-05-29_1,JOHANKARLSSON,202609261750NZ8IMDWO,2026_25_sep_21,Citizen Science (ultrasonic) - shared
59~40306+18~07249_20260925_213805.wav,DEV_001_20260925_213805.wav,0,59.40306,18.07249,Leppun,Leptophyes punctatissima,Speckled Bush-cricket,bush-cricket,0.99,,,25/09/2026,25/09/2026,21:38:05,ClassifEspSWE-0002026-05-29_1,JOHANKARLSSON,202609261750NZ8IMDWO,2026_25_sep_21,Citizen Science (ultrasonic) - shared
59~40306+18~07249_20260925_213810.wav,DEV_001_20260925_213810.wav,0,59.40306,18.07249,Leppun,Leptophyes punctatissima,Speckled Bush-cricket,bush-cricket,0.99,,,25/09/2026,25/09/2026,21:38:10,ClassifEspSWE-0002026-05-29_1,JOHANKARLSSON,202609261750NZ8IMDWO,2026_25_sep_21,Citizen Science (ultrasonic) - shared
59~40306+18~07249_20260925_213816.wav,DEV_001_20260925_213816.wav,0,59.40306,18.07249,Leppun,Leptophyes punctatissima,Speckled Bush-cricket,bush-cricket,0.99,,,25/09/2026,25/09/2026,21:38:16,ClassifEspSWE-0002026-05-29_1,JOHANKARLSSON,202609261750NZ8IMDWO,2026_25_sep_21,Citizen Science (ultrasonic) - shared
59~40306+18~07249_20260925_213822.wav,DEV_001_20260925_213822.wav,0,59.40306,18.07249,Leppun,Leptophyes punctatissima,Speckled Bush-cricket,bush-cricket,0.99,,,25/09/2026,25/09/2026,21:38:22,ClassifEspSWE-0002026-05-29_1,JOHANKARLSSON,202609261750NZ8IMDWO,2026_25_sep_21,Citizen Science (ultrasonic) - shared
59~40306+18~07249_20260925_213828.wav,DEV_001_20260925_213828.wav,0,59.40306,18.07249,Leppun,Leptophyes punctatissima,Speckled Bush-cricket,bush-cricket,0.99,,,25/09/2026,25/09/2026,21:38:28,ClassifEspSWE-0002026-05-29_1,JOHANKARLSSON,202609261750NZ8IMDWO,2026_25_sep_21,Citizen Science (ultrasonic) - shared
59~40306+18~07249_20260925_213833.wav,DEV_001_20260925_213833.wav,0,59.40306,18.07249,Leppun,Leptophyes punctatissima,Speckled Bush-cricket,bush-cricket,0.99,,,25/09/2026,25/09/2026,21:38:33,ClassifEspSWE-0002026-05-29_1,JOHANKARLSSON,202609261750NZ8IMDWO,2026_25_sep_21,Citizen Science (ultrasonic) - shared
59~40306+18~07249_20260925_213841.wav,DEV_001_20260925_213841.wav,0,59.40306,18.07249,Leppun,Leptophyes punctatissima,Speckled Bush-cricket,bush-cricket,0.99,,,25/09/2026,25/09/2026,21:38:41,ClassifEspSWE-0002026-05-29_1,JOHANKARLSSON,202609261750NZ8IMDWO,2026_25_sep_21,Citizen Science (ultrasonic) - shared
59~40306+18~07249_20260925_213846.wav,DEV_001_20260925_213846.wav,0,59.40306,18.07249,Leppun,Leptophyes punctatissima,Speckled Bush-cricket,bush-cricket,0.99,,,25/09/2026,25/09/2026,21:38:46,ClassifEspSWE-0002026-05-29_1,JOHANKARLSSON,202609261750NZ8IMDWO,2026_25_sep_21,Citizen Science (ultrasonic) - shared
59~40306+18~07249_20260925_213852.wav,DEV_001_20260925_213852.wav,0,59.40306,18.07249,Leppun,Leptophyes punctatissima,Speckled Bush-cricket,bush-cricket,0.99,,,25/09/2026,25/09/2026,21:38:52,ClassifEspSWE-0002026-05-29_1,JOHANKARLSSON,202609261750NZ8IMDWO,2026_25_sep_21,Citizen Science (ultrasonic) - shared
59~40306+18~07249_20260925_213859.wav,DEV_001_20260925_213859.wav,0,59.40306,18.07249,Leppun,Leptophyes punctatissima,Speckled Bush-cricket,bush-cricket,0.99,,,25/09/2026,25/09/2026,21:38:59,ClassifEspSWE-0002026-05-29_1,JOHANKARLSSON,202609261750NZ8IMDWO,2026_25_sep_21,Citizen Science (ultrasonic) - shared
59~40306+18~07249_20260925_213905.wav,DEV_001_20260925_213905.wav,0,59.40306,18.07249,Leppun,Leptophyes punctatissima,Speckled Bush-cricket,bush-cricket,0.99,,,25/09/2026,25/09/2026,21:39:05,ClassifEspSWE-0002026-05-29_1,JOHANKARLSSON,202609261750NZ8IMDWO,2026_25_sep_21,Citizen Science (ultrasonic) - shared
59~40306+18~07249_20260925_213912.wav,DEV_001_20260925_213912.wav,0,59.40306,18.07249,Leppun,Leptophyes punctatissima,Speckled Bush-cricket,bush-cricket,0.99,,,25/09/2026,25/09/2026,21:39:12,ClassifEspSWE-0002026-05-29_1,JOHANKARLSSON,202609261750NZ8IMDWO,2026_25_sep_21,Citizen Science (ultrasonic) - shared
59~40306+18~07249_20260925_213918.wav,DEV_001_20260925_213918.wav,0,59.40306,18.07249,Leppun,Leptophyes punctatissima,Speckled Bush-cricket,bush-cricket,0.99,,,25/09/2026,25/09/2026,21:39:18,ClassifEspSWE-0002026-05-29_1,JOHANKARLSSON,202609261750NZ8IMDWO,2026_25_sep_21,Citizen Science (ultrasonic) - shared
59~40306+18~07249_20260925_213923.wav,DEV_001_20260925_213923.wav,0,59.40306,18.07249,Leppun,Leptophyes punctatissima,Speckled Bush-cricket,bush-cricket,0.99,,,25/09/2026,25/09/2026,21:39:23,ClassifEspSWE-0002026-05-29_1,JOHANKARLSSON,202609261750NZ8IMDWO,2026_25_sep_21,Citizen Science (ultrasonic) - shared
59~40306+18~07249_20260925_213929.wav,DEV_001_20260925_213929.wav,0,59.40306,18.07249,Leppun,Leptophyes punctatissima,Speckled Bush-cricket,bush-cricket,0.99,,,25/09/2026,25/09/2026,21:39:29,ClassifEspSWE-0002026-05-29_1,JOHANKARLSSON,202609261750NZ8IMDWO,2026_25_sep_21,Citizen Science (ultrasonic) - shared
59~40306+18~07249_20260925_213935.wav,DEV_001_20260925_213935.wav,0,59.40306,18.07249,Leppun,Leptophyes punctatissima,Speckled Bush-cricket,bush-cricket,0.99,,,25/09/2026,25/09/2026,21:39:35,ClassifEspSWE-0002026-05-29_1,JOHANKARLSSON,202609261750NZ8IMDWO,2026_25_sep_21,Citizen Science (ultrasonic) - shared
59~40306+18~07249_20260925_213942.wav,DEV_001_20260925_213942.wav,0,59.40306,18.07249,Leppun,Leptophyes punctatissima,Speckled Bush-cricket,bush-cricket,0.99,,,25/09/2026,25/09/2026,21:39:42,ClassifEspSWE-0002026-05-29_1,JOHANKARLSSON,202609261750NZ8IMDWO,2026_25_sep_21,Citizen Science (ultrasonic) - shared
59~40306+18~07249_20260925_213949.wav,DEV_001_20260925_213949.wav,0,59.40306,18.07249,Leppun,Leptophyes punctatissima,Speckled Bush-cricket,bush-cricket,0.99,,,25/09/2026,25/09/2026,21:39:49,ClassifEspSWE-0002026-05-29_1,JOHANKARLSSON,202609261750NZ8IMDWO,2026_25_sep_21,Citizen Science (ultrasonic) - shared
59~40306+18~07249_20260925_213955.wav,DEV_001_20260925_213955.wav,0,59.40306,18.07249,Leppun,Leptophyes punctatissima,Speckled Bush-cricket,bush-cricket,0.99,,,25/09/2026,25/09/2026,21:39:55,ClassifEspSWE-0002026-05-29_1,JOHANKARLSSON,202609261750NZ8IMDWO,2026_25_sep_21,Citizen Science (ultrasonic) - shared
59~40306+18~07249_20260925_214002.wav,DEV_001_20260925_214002.wav,0,59.40306,18.07249,Leppun,Leptophyes punctatissima,Speckled Bush-cricket,bush-cricket,0.99,,,25/09/2026,25/09/2026,21:40:02,ClassifEspSWE-0002026-05-29_1,JOHANKARLSSON,202609261750NZ8IMDWO,2026_25_sep_21,Citizen Science (ultrasonic) - shared
59~40306+18~07249_20260925_214008.wav,DEV_001_20260925_214008.wav,0,59.40306,18.07249,Leppun,Leptophyes punctatissima,Speckled Bush-cricket,bush-cricket,0.99,,,25/09/2026,25/09/2026,21:40:08,ClassifEspSWE-0002026-05-29_1,JOHANKARLSSON,202609261750NZ8IMDWO,2026_25_sep_21,Citizen Science (ultrasonic) - shared
59~40306+18~07249_20260925_214015.wav,DEV_001_20260925_214015.wav,0,59.40306,18.07249,Leppun,Leptophyes punctatissima,Speckled Bush-cricket,bush-cricket,0.99,,,25/09/2026,25/09/2026,21:40:15,ClassifEspSWE-0002026-05-29_1,JOHANKARLSSON,202609261750NZ8IMDWO,2026_25_sep_21,Citizen Science (ultrasonic) - shared
59~40306+18~07249_20260925_214023.wav,DEV_001_20260925_214023.wav,0,59.40306,18.07249,Leppun,Leptophyes punctatissima,Speckled Bush-cricket,bush-cricket,0.99,,,25/09/2026,25/09/2026,21:40:23,ClassifEspSWE-0002026-05-29_1,JOHANKARLSSON,202609261750NZ8IMDWO,2026_25_sep_21,Citizen Science (ultrasonic) - shared
59~40306+18~07249_20260925_214029.wav,DEV_001_20260925_214029.wav,0,59.40306,18.07249,Leppun,Leptophyes punctatissima,Speckled Bush-cricket,bush-cricket,0.99,,,25/09/2026,25/09/2026,21:40:29,ClassifEspSWE-0002026-05-29_1,JOHANKARLSSON,202609261750NZ8IMDWO,2026_25_sep_21,Citizen Science (ultrasonic) - shared
59~40306+18~07249_20260925_214035.wav,DEV_001_20260925_214035.wav,0,59.40306,18.07249,Leppun,Leptophyes punctatissima,Speckled Bush-cricket,bush-cricket,0.99,,,25/09/2026,25/09/2026,21:40:35,ClassifEspSWE-0002026-05-29_1,JOHANKARLSSON,202609261750NZ8IMDWO,2026_25_sep_21,Citizen Science (ultrasonic) - shared
59~40306+18~07249_20260925_214041.wav,DEV_001_20260925_214041.wav,0,59.40306,18.07249,Leppun,Leptophyes punctatissima,Speckled Bush-cricket,bush-cricket,0.99,,,25/09/2026,25/09/2026,21:40:41,ClassifEspSWE-0002026-05-29_1,JOHANKARLSSON,202609261750NZ8IMDWO,2026_25_sep_21,Citizen Science (ultrasonic) - shared
59~40306+18~07249_20260925_214047.wav,DEV_001_20260925_214047.wav,0,59.40306,18.07249,Leppun,Leptophyes punctatissima,Speckled Bush-cricket,bush-cricket,0.99,,,25/09/2026,25/09/2026,21:40:47,ClassifEspSWE-0002026-05-29_1,JOHANKARLSSON,202609261750NZ8IMDWO,2026_25_sep_21,Citizen Science (ultrasonic) - shared
59~40306+18~07249_20260925_214053.wav,DEV_001_20260925_214053.wav,0,59.40306,18.07249,Leppun,Leptophyes punctatissima,Speckled Bush-cricket,bush-cricket,0.99,,,25/09/2026,25/09/2026,21:40:53,ClassifEspSWE-0002026-05-29_1,JOHANKARLSSON,202609261750NZ8IMDWO,2026_25_sep_21,Citizen Science (ultrasonic) - shared
59~40306+18~07249_20260925_214059.wav,DEV_001_20260925_214059.wav,0,59.40306,18.07249,Leppun,Leptophyes punctatissima,Speckled Bush-cricket,bush-cricket,0.99,,,25/09/2026,25/09/2026,21:40:59,ClassifEspSWE-0002026-05-29_1,JOHANKARLSSON,202609261750NZ8IMDWO,2026_25_sep_21,Citizen Science (ultrasonic) - shared
59~40306+18~07249_20260925_214107.wav,DEV_001_20260925_214107.wav,0,59.40306,18.07249,Leppun,Leptophyes punctatissima,Speckled Bush-cricket,bush-cricket,0.99,,,25/09/2026,25/09/2026,21:41:07,ClassifEspSWE-0002026-05-29_1,JOHANKARLSSON,202609261750NZ8IMDWO,2026_25_sep_21,Citizen Science (ultrasonic) - shared
59~40306+18~07249_20260925_214113.wav,DEV_001_20260925_214113.wav,0,59.40306,18.07249,Leppun,Leptophyes punctatissima,Speckled Bush-cricket,bush-cricket,0.99,,,25/09/2026,25/09/2026,21:41:13,ClassifEspSWE-0002026-05-29_1,JOHANKARLSSON,202609261750NZ8IMDWO,2026_25_sep_21,Citizen Science (ultrasonic) - shared
59~40306+18~07249_20260925_214119.wav,DEV_001_20260925_214119.wav,0,59.40306,18.07249,Leppun,Leptophyes punctatissima,Speckled Bush-cricket,bush-cricket,0.99,,,25/09/2026,25/09/2026,21:41:19,ClassifEspSWE-0002026-05-29_1,JOHANKARLSSON,202609261750NZ8IMDWO,2026_25_sep_21,Citizen Science (ultrasonic) - shared
59~40306+18~07249_20260925_214125.wav,DEV_001_20260925_214125.wav,0,59.40306,18.07249,Leppun,Leptophyes punctatissima,Speckled Bush-cricket,bush-cricket,0.99,,,25/09/2026,25/09/2026,21:41:25,ClassifEspSWE-0002026-05-29_1,JOHANKARLSSON,202609261750NZ8IMDWO,2026_25_sep_21,Citizen Science (ultrasonic) - shared
59~40306+18~07249_20260925_214132.wav,DEV_001_20260925_214132.wav,0,59.40306,18.07249,Leppun,Leptophyes punctatissima,Speckled Bush-cricket,bush-cricket,0.99,,,25/09/2026,25/09/2026,21:41:32,ClassifEspSWE-0002026-05-29_1,JOHANKARLSSON,202609261750NZ8IMDWO,2026_25_sep_21,Citizen Science (ultrasonic) - shared
59~40306+18~07249_20260925_214139.wav,DEV_001_20260925_214139.wav,0,59.40306,18.07249,Leppun,Leptophyes punctatissima,Speckled Bush-cricket,bush-cricket,0.99,,,25/09/2026,25/09/2026,21:41:39,ClassifEspSWE-0002026-05-29_1,JOHANKARLSSON,202609261750NZ8IMDWO,2026_25_sep_21,Citizen Science (ultrasonic) - shared
59~40306+18~07249_20260925_214146.wav,DEV_001_20260925_214146.wav,0,59.40306,18.07249,Leppun,Leptophyes punctatissima,Speckled Bush-cricket,bush-cricket,0.99,,,25/09/2026,25/09/2026,21:41:46,ClassifEspSWE-0002026-05-29_1,JOHANKARLSSON,202609261750NZ8IMDWO,2026_25_sep_21,Citizen Science (ultrasonic) - shared
59~40306+18~07249_20260925_214152.wav,DEV_001_20260925_214152.wav,0,59.40306,18.07249,Leppun,Leptophyes punctatissima,Speckled Bush-cricket,bush-cricket,0.99,,,25/09/2026,25/09/2026,21:41:52,ClassifEspSWE-0002026-05-29_1,JOHANKARLSSON,202609261750NZ8IMDWO,2026_25_sep_21,Citizen Science (ultrasonic) - shared
59~40306+18~07249_20260925_214157.wav,DEV_001_20260925_214157.wav,0,59.40306,18.07249,Leppun,Leptophyes punctatissima,Speckled Bush-cricket,bush-cricket,0.99,,,25/09/2026,25/09/2026,21:41:57,ClassifEspSWE-0002026-05-29_1,JOHANKARLSSON,202609261750NZ8IMDWO,2026_25_sep_21,Citizen Science (ultrasonic) - shared
59~40306+18~07249_20260925_214203.wav,DEV_001_20260925_214203.wav,0,59.40306,18.07249,Leppun,Leptophyes punctatissima,Speckled Bush-cricket,bush-cricket,0.99,,,25/09/2026,25/09/2026,21:42:03,ClassifEspSWE-0002026-05-29_1,JOHANKARLSSON,202609261750NZ8IMDWO,2026_25_sep_21,Citizen Science (ultrasonic) - shared
59~40306+18~07249_20260925_214208.wav,DEV_001_20260925_214208.wav,0,59.40306,18.07249,Leppun,Leptophyes punctatissima,Speckled Bush-cricket,bush-cricket,0.99,,,25/09/2026,25/09/2026,21:42:08,ClassifEspSWE-0002026-05-29_1,JOHANKARLSSON,202609261750NZ8IMDWO,2026_25_sep_21,Citizen Science (ultrasonic) - shared
59~40306+18~07249_20260925_214214.wav,DEV_001_20260925_214214.wav,0,59.40306,18.07249,Leppun,Leptophyes punctatissima,Speckled Bush-cricket,bush-cricket,0.99,,,25/09/2026,25/09/2026,21:42:14,ClassifEspSWE-0002026-05-29_1,JOHANKARLSSON,202609261750NZ8IMDWO,2026_25_sep_21,Citizen Science (ultrasonic) - shared
59~40306+18~07249_20260925_214220.wav,DEV_001_20260925_214220.wav,0,59.40306,18.07249,Leppun,Leptophyes punctatissima,Speckled Bush-cricket,bush-cricket,0.99,,,25/09/2026,25/09/2026,21:42:20,ClassifEspSWE-0002026-05-29_1,JOHANKARLSSON,202609261750NZ8IMDWO,2026_25_sep_21,Citizen Science (ultrasonic) - shared
59~40306+18~07249_20260925_214226.wav,DEV_001_20260925_214226.wav,0,59.40306,18.07249,Leppun,Leptophyes punctatissima,Speckled Bush-cricket,bush-cricket,0.99,,,25/09/2026,25/09/2026,21:42:26,ClassifEspSWE-0002026-05-29_1,JOHANKARLSSON,202609261750NZ8IMDWO,2026_25_sep_21,Citizen Science (ultrasonic) - shared
59~40306+18~07249_20260925_214234.wav,DEV_001_20260925_214234.wav,0,59.40306,18.07249,Leppun,Leptophyes punctatissima,Speckled Bush-cricket,bush-cricket,0.99,,,25/09/2026,25/09/2026,21:42:34,ClassifEspSWE-0002026-05-29_1,JOHANKARLSSON,202609261750NZ8IMDWO,2026_25_sep_21,Citizen Science (ultrasonic) - shared
59~40306+18~07249_20260925_214239.wav,DEV_001_20260925_214239.wav,0,59.40306,18.07249,Leppun,Leptophyes punctatissima,Speckled Bush-cricket,bush-cricket,0.99,,,25/09/2026,25/09/2026,21:42:39,ClassifEspSWE-0002026-05-29_1,JOHANKARLSSON,202609261750NZ8IMDWO,2026_25_sep_21,Citizen Science (ultrasonic) - shared
59~40306+18~07249_20260925_214245.wav,DEV_001_20260925_214245.wav,0,59.40306,18.07249,Leppun,Leptophyes punctatissima,Speckled Bush-cricket,bush-cricket,0.99,,,25/09/2026,25/09/2026,21:42:45,ClassifEspSWE-0002026-05-29_1,JOHANKARLSSON,202609261750NZ8IMDWO,2026_25_sep_21,Citizen Science (ultrasonic) - shared
59~40306+18~07249_20260925_214251.wav,DEV_001_20260925_214251.wav,0,59.40306,18.07249,Leppun,Leptophyes punctatissima,Speckled Bush-cricket,bush-cricket,0.99,,,25/09/2026,25/09/2026,21:42:51,ClassifEspSWE-0002026-05-29_1,JOHANKARLSSON,202609261750NZ8IMDWO,2026_25_sep_21,Citizen Science (ultrasonic) - shared
59~40306+18~07249_20260925_214258.wav,DEV_001_20260925_214258.wav,0,59.40306,18.07249,Leppun,Leptophyes punctatissima,Speckled Bush-cricket,bush-cricket,0.99,,,25/09/2026,25/09/2026,21:42:58,ClassifEspSWE-0002026-05-29_1,JOHANKARLSSON,202609261750NZ8IMDWO,2026_25_sep_21,Citizen Science (ultrasonic) - shared
59~40306+18~07249_20260925_214304.wav,DEV_001_20260925_214304.wav,0,59.40306,18.07249,Leppun,Leptophyes punctatissima,Speckled Bush-cricket,bush-cricket,0.99,,,25/09/2026,25/09/2026,21:43:04,ClassifEspSWE-0002026-05-29_1,JOHANKARLSSON,202609261750NZ8IMDWO,2026_25_sep_21,Citizen Science (ultrasonic) - shared
59~40306+18~07249_20260925_214310.wav,DEV_001_20260925_214310.wav,0,59.40306,18.07249,Leppun,Leptophyes punctatissima,Speckled Bush-cricket,bush-cricket,0.99,,,25/09/2026,25/09/2026,21:43:10,ClassifEspSWE-0002026-05-29_1,JOHANKARLSSON,202609261750NZ8IMDWO,2026_25_sep_21,Citizen Science (ultrasonic) - shared
59~40306+18~07249_20260925_214317.wav,DEV_001_20260925_214317.wav,0,59.40306,18.07249,Leppun,Leptophyes punctatissima,Speckled Bush-cricket,bush-cricket,0.99,,,25/09/2026,25/09/2026,21:43:17,ClassifEspSWE-0002026-05-29_1,JOHANKARLSSON,202609261750NZ8IMDWO,2026_25_sep_21,Citizen Science (ultrasonic) - shared
59~40306+18~07249_20260925_214323.wav,DEV_001_20260925_214323.wav,0,59.40306,18.07249,Leppun,Leptophyes punctatissima,Speckled Bush-cricket,bush-cricket,0.99,,,25/09/2026,25/09/2026,21:43:23,ClassifEspSWE-0002026-05-29_1,JOHANKARLSSON,202609261750NZ8IMDWO,2026_25_sep_21,Citizen Science (ultrasonic) - shared
59~40306+18~07249_20260925_214330.wav,DEV_001_20260925_214330.wav,0,59.40306,18.07249,Leppun,Leptophyes punctatissima,Speckled Bush-cricket,bush-cricket,0.99,,,25/09/2026,25/09/2026,21:43:30,ClassifEspSWE-0002026-05-29_1,JOHANKARLSSON,202609261750NZ8IMDWO,2026_25_sep_21,Citizen Science (ultrasonic) - shared
59~40306+18~07249_20260925_214336.wav,DEV_001_20260925_214336.wav,0,59.40306,18.07249,Leppun,Leptophyes punctatissima,Speckled Bush-cricket,bush-cricket,0.99,,,25/09/2026,25/09/2026,21:43:36,ClassifEspSWE-0002026-05-29_1,JOHANKARLSSON,202609261750NZ8IMDWO,2026_25_sep_21,Citizen Science (ultrasonic) - shared
59~40306+18~07249_20260925_214343.wav,DEV_001_20260925_214343.wav,0,59.40306,18.07249,Leppun,Leptophyes punctatissima,Speckled Bush-cricket,bush-cricket,0.99,,,25/09/2026,25/09/2026,21:43:43,ClassifEspSWE-0002026-05-29_1,JOHANKARLSSON,202609261750NZ8IMDWO,2026_25_sep_21,Citizen Science (ultrasonic) - shared
59~40306+18~07249_20260925_214349.wav,DEV_001_20260925_214349.wav,0,59.40306,18.07249,Leppun,Leptophyes punctatissima,Speckled Bush-cricket,bush-cricket,0.99,,,25/09/2026,25/09/2026,21:43:49,ClassifEspSWE-0002026-05-29_1,JOHANKARLSSON,202609261750NZ8IMDWO,2026_25_sep_21,Citizen Science (ultrasonic) - shared
59~40306+18~07249_20260925_214356.wav,DEV_001_20260925_214356.wav,0,59.40306,18.07249,Leppun,Leptophyes punctatissima,Speckled Bush-cricket,bush-cricket,0.99,,,25/09/2026,25/09/2026,21:43:56,ClassifEspSWE-0002026-05-29_1,JOHANKARLSSON,202609261750NZ8IMDWO,2026_25_sep_21,Citizen Science (ultrasonic) - shared
59~40306+18~07249_20260925_214402.wav,DEV_001_20260925_214402.wav,0,59.40306,18.07249,Leppun,Leptophyes punctatissima,Speckled Bush-cricket,bush-cricket,0.99,,,25/09/2026,25/09/2026,21:44:02,ClassifEspSWE-0002026-05-29_1,JOHANKARLSSON,202609261750NZ8IMDWO,2026_25_sep_21,Citizen Science (ultrasonic) - shared
59~40306+18~07249_20260925_214409.wav,DEV_001_20260925_214409.wav,0,59.40306,18.07249,Leppun,Leptophyes punctatissima,Speckled Bush-cricket,bush-cricket,0.99,,,25/09/2026,25/09/2026,21:44:09,ClassifEspSWE-0002026-05-29_1,JOHANKARLSSON,202609261750NZ8IMDWO,2026_25_sep_21,Citizen Science (ultrasonic) - shared
59~40306+18~07249_20260925_214414.wav,DEV_001_20260925_214414.wav,0,59.40306,18.07249,Leppun,Leptophyes punctatissima,Speckled Bush-cricket,bush-cricket,0.99,,,25/09/2026,25/09/2026,21:44:14,ClassifEspSWE-0002026-05-29_1,JOHANKARLSSON,202609261750NZ8IMDWO,2026_25_sep_21,Citizen Science (ultrasonic) - shared
59~40306+18~07249_20260925_214419.wav,DEV_001_20260925_214419.wav,0,59.40306,18.07249,Leppun,Leptophyes punctatissima,Speckled Bush-cricket,bush-cricket,0.99,,,25/09/2026,25/09/2026,21:44:19,ClassifEspSWE-0002026-05-29_1,JOHANKARLSSON,202609261750NZ8IMDWO,2026_25_sep_21,Citizen Science (ultrasonic) - shared
59~40306+18~07249_20260925_214425.wav,DEV_001_20260925_214425.wav,0,59.40306,18.07249,Leppun,Leptophyes punctatissima,Speckled Bush-cricket,bush-cricket,0.99,,,25/09/2026,25/09/2026,21:44:25,ClassifEspSWE-0002026-05-29_1,JOHANKARLSSON,202609261750NZ8IMDWO,2026_25_sep_21,Citizen Science (ultrasonic) - shared
59~40306+18~07249_20260925_214432.wav,DEV_001_20260925_214432.wav,0,59.40306,18.07249,Leppun,Leptophyes punctatissima,Speckled Bush-cricket,bush-cricket,0.99,,,25/09/2026,25/09/2026,21:44:32,ClassifEspSWE-0002026-05-29_1,JOHANKARLSSON,202609261750NZ8IMDWO,2026_25_sep_21,Citizen Science (ultrasonic) - shared
59~40306+18~07249_20260925_214439.wav,DEV_001_20260925_214439.wav,0,59.40306,18.07249,Leppun,Leptophyes punctatissima,Speckled Bush-cricket,bush-cricket,0.99,,,25/09/2026,25/09/2026,21:44:39,ClassifEspSWE-0002026-05-29_1,JOHANKARLSSON,202609261750NZ8IMDWO,2026_25_sep_21,Citizen Science (ultrasonic) - shared
59~40306+18~07249_20260925_214446.wav,DEV_001_20260925_214446.wav,0,59.40306,18.07249,Leppun,Leptophyes punctatissima,Speckled Bush-cricket,bush-cricket,0.99,,,25/09/2026,25/09/2026,21:44:46,ClassifEspSWE-0002026-05-29_1,JOHANKARLSSON,202609261750NZ8IMDWO,2026_25_sep_21,Citizen Science (ultrasonic) - shared
59~40306+18~07249_20260925_214451.wav,DEV_001_20260925_214451.wav,0,59.40306,18.07249,Leppun,Leptophyes punctatissima,Speckled Bush-cricket,bush-cricket,0.99,,,25/09/2026,25/09/2026,21:44:51,ClassifEspSWE-0002026-05-29_1,JOHANKARLSSON,202609261750NZ8IMDWO,2026_25_sep_21,Citizen Science (ultrasonic) - shared
59~40306+18~07249_20260925_214458.wav,DEV_001_20260925_214458.wav,0,59.40306,18.07249,Leppun,Leptophyes punctatissima,Speckled Bush-cricket,bush-cricket,0.99,,,25/09/2026,25/09/2026,21:44:58,ClassifEspSWE-0002026-05-29_1,JOHANKARLSSON,202609261750NZ8IMDWO,2026_25_sep_21,Citizen Science (ultrasonic) - shared
59~40306+18~07249_20260925_214505.wav,DEV_001_20260925_214505.wav,0,59.40306,18.07249,Leppun,Leptophyes punctatissima,Speckled Bush-cricket,bush-cricket,0.99,,,25/09/2026,25/09/2026,21:45:05,ClassifEspSWE-0002026-05-29_1,JOHANKARLSSON,202609261750NZ8IMDWO,2026_25_sep_21,Citizen Science (ultrasonic) - shared
59~40306+18~07249_20260925_214512.wav,DEV_001_20260925_214512.wav,0,59.40306,18.07249,Leppun,Leptophyes punctatissima,Speckled Bush-cricket,bush-cricket,0.99,,,25/09/2026,25/09/2026,21:45:12,ClassifEspSWE-0002026-05-29_1,JOHANKARLSSON,202609261750NZ8IMDWO,2026_25_sep_21,Citizen Science (ultrasonic) - shared
59~40306+18~07249_20260925_214518.wav,DEV_001_20260925_214518.wav,0,59.40306,18.07249,Leppun,Leptophyes punctatissima,Speckled Bush-cricket,bush-cricket,0.99,,,25/09/2026,25/09/2026,21:45:18,ClassifEspSWE-0002026-05-29_1,JOHANKARLSSON,202609261750NZ8IMDWO,2026_25_sep_21,Citizen Science (ultrasonic) - shared
59~40306+18~07249_20260925_214524.wav,DEV_001_20260925_214524.wav,0,59.40306,18.07249,Leppun,Leptophyes punctatissima,Speckled Bush-cricket,bush-cricket,0.99,,,25/09/2026,25/09/2026,21:45:24,ClassifEspSWE-0002026-05-29_1,JOHANKARLSSON,202609261750NZ8IMDWO,2026_25_sep_21,Citizen Science (ultrasonic) - shared
59~40306+18~07249_20260925_214530.wav,DEV_001_20260925_214530.wav,0,59.40306,18.07249,Leppun,Leptophyes punctatissima,Speckled Bush-cricket,bush-cricket,0.99,,,25/09/2026,25/09/2026,21:45:30,ClassifEspSWE-0002026-05-29_1,JOHANKARLSSON,202609261750NZ8IMDWO,2026_25_sep_21,Citizen Science (ultrasonic) - shared
59~40306+18~07249_20260925_214539.wav,DEV_001_20260925_214539.wav,0,59.40306,18.07249,Leppun,Leptophyes punctatissima,Speckled Bush-cricket,bush-cricket,0.99,,,25/09/2026,25/09/2026,21:45:39,ClassifEspSWE-0002026-05-29_1,JOHANKARLSSON,202609261750NZ8IMDWO,2026_25_sep_21,Citizen Science (ultrasonic) - shared
59~40306+18~07249_20260925_214546.wav,DEV_001_20260925_214546.wav,0,59.40306,18.07249,Leppun,Leptophyes punctatissima,Speckled Bush-cricket,bush-cricket,0.99,,,25/09/2026,25/09/2026,21:45:46,ClassifEspSWE-0002026-05-29_1,JOHANKARLSSON,202609261750NZ8IMDWO,2026_25_sep_21,Citizen Science (ultrasonic) - shared
59~40306+18~07249_20260925_214552.wav,DEV_001_20260925_214552.wav,0,59.40306,18.07249,Leppun,Leptophyes punctatissima,Speckled Bush-cricket,bush-cricket,0.99,,,25/09/2026,25/09/2026,21:45:52,ClassifEspSWE-0002026-05-29_1,JOHANKARLSSON,202609261750NZ8IMDWO,2026_25_sep_21,Citizen Science (ultrasonic) - shared
59~40306+18~07249_20260925_214558.wav,DEV_001_20260925_214558.wav,0,59.40306,18.07249,Leppun,Leptophyes punctatissima,Speckled Bush-cricket,bush-cricket,0.99,,,25/09/2026,25/09/2026,21:45:58,ClassifEspSWE-0002026-05-29_1,JOHANKARLSSON,202609261750NZ8IMDWO,2026_25_sep_21,Citizen Science (ultrasonic) - shared
59~40306+18~07249_20260925_214605.wav,DEV_001_20260925_214605.wav,0,59.40306,18.07249,Leppun,Leptophyes punctatissima,Speckled Bush-cricket,bush-cricket,0.99,,,25/09/2026,25/09/2026,21:46:05,ClassifEspSWE-0002026-05-29_1,JOHANKARLSSON,202609261750NZ8IMDWO,2026_25_sep_21,Citizen Science (ultrasonic) - shared
59~40306+18~07249_20260925_214611.wav,DEV_001_20260925_214611.wav,0,59.40306,18.07249,Leppun,Leptophyes punctatissima,Speckled Bush-cricket,bush-cricket,0.99,,,25/09/2026,25/09/2026,21:46:11,ClassifEspSWE-0002026-05-29_1,JOHANKARLSSON,202609261750NZ8IMDWO,2026_25_sep_21,Citizen Science (ultrasonic) - shared
59~40306+18~07249_20260925_214616.wav,DEV_001_20260925_214616.wav,0,59.40306,18.07249,Leppun,Leptophyes punctatissima,Speckled Bush-cricket,bush-cricket,0.99,,,25/09/2026,25/09/2026,21:46:16,ClassifEspSWE-0002026-05-29_1,JOHANKARLSSON,202609261750NZ8IMDWO,2026_25_sep_21,Citizen Science (ultrasonic) - shared
59~40306+18~07249_20260925_214622.wav,DEV_001_20260925_214622.wav,0,59.40306,18.07249,Leppun,Leptophyes punctatissima,Speckled Bush-cricket,bush-cricket,0.99,,,25/09/2026,25/09/2026,21:46:22,ClassifEspSWE-0002026-05-29_1,JOHANKARLSSON,202609261750NZ8IMDWO,2026_25_sep_21,Citizen Science (ultrasonic) - shared
59~40306+18~07249_20260925_214629.wav,DEV_001_20260925_214629.wav,0,59.40306,18.07249,Leppun,Leptophyes punctatissima,Speckled Bush-cricket,bush-cricket,0.99,,,25/09/2026,25/09/2026,21:46:29,ClassifEspSWE-0002026-05-29_1,JOHANKARLSSON,202609261750NZ8IMDWO,2026_25_sep_21,Citizen Science (ultrasonic) - shared
59~40306+18~07249_20260925_214635.wav,DEV_001_20260925_214635.wav,0,59.40306,18.07249,Leppun,Leptophyes punctatissima,Speckled Bush-cricket,bush-cricket,0.99,,,25/09/2026,25/09/2026,21:46:35,ClassifEspSWE-0002026-05-29_1,JOHANKARLSSON,202609261750NZ8IMDWO,2026_25_sep_21,Citizen Science (ultrasonic) - shared
59~40306+18~07249_20260925_214641.wav,DEV_001_20260925_214641.wav,0,59.40306,18.07249,Leppun,Leptophyes punctatissima,Speckled Bush-cricket,bush-cricket,0.99,,,25/09/2026,25/09/2026,21:46:41,ClassifEspSWE-0002026-05-29_1,JOHANKARLSSON,202609261750NZ8IMDWO,2026_25_sep_21,Citizen Science (ultrasonic) - shared
59~40306+18~07249_20260925_214646.wav,DEV_001_20260925_214646.wav,0,59.40306,18.07249,Leppun,Leptophyes punctatissima,Speckled Bush-cricket,bush-cricket,0.99,,,25/09/2026,25/09/2026,21:46:46,ClassifEspSWE-0002026-05-29_1,JOHANKARLSSON,202609261750NZ8IMDWO,2026_25_sep_21,Citizen Science (ultrasonic) - shared
59~40306+18~07249_20260925_214653.wav,DEV_001_20260925_214653.wav,0,59.40306,18.07249,Leppun,Leptophyes punctatissima,Speckled Bush-cricket,bush-cricket,0.99,,,25/09/2026,25/09/2026,21:46:53,ClassifEspSWE-0002026-05-29_1,JOHANKARLSSON,202609261750NZ8IMDWO,2026_25_sep_21,Citizen Science (ultrasonic) - shared
59~40306+18~07249_20260925_214700.wav,DEV_001_20260925_214700.wav,0,59.40306,18.07249,Leppun,Leptophyes punctatissima,Speckled Bush-cricket,bush-cricket,0.99,,,25/09/2026,25/09/2026,21:47:00,ClassifEspSWE-0002026-05-29_1,JOHANKARLSSON,202609261750NZ8IMDWO,2026_25_sep_21,Citizen Science (ultrasonic) - shared
59~40306+18~07249_20260925_214706.wav,DEV_001_20260925_214706.wav,0,59.40306,18.07249,Leppun,Leptophyes punctatissima,Speckled Bush-cricket,bush-cricket,0.99,,,25/09/2026,25/09/2026,21:47:06,ClassifEspSWE-0002026-05-29_1,JOHANKARLSSON,202609261750NZ8IMDWO,2026_25_sep_21,Citizen Science (ultrasonic) - shared
59~40306+18~07249_20260925_214713.wav,DEV_001_20260925_214713.wav,0,59.40306,18.07249,Leppun,Leptophyes punctatissima,Speckled Bush-cricket,bush-cricket,0.99,,,25/09/2026,25/09/2026,21:47:13,ClassifEspSWE-0002026-05-29_1,JOHANKARLSSON,202609261750NZ8IMDWO,2026_25_sep_21,Citizen Science (ultrasonic) - shared
59~40306+18~07249_20260925_214718.wav,DEV_001_20260925_214718.wav,0,59.40306,18.07249,Leppun,Leptophyes punctatissima,Speckled Bush-cricket,bush-cricket,0.99,,,25/09/2026,25/09/2026,21:47:18,ClassifEspSWE-0002026-05-29_1,JOHANKARLSSON,202609261750NZ8IMDWO,2026_25_sep_21,Citizen Science (ultrasonic) - shared
59~40306+18~07249_20260925_214724.wav,DEV_001_20260925_214724.wav,0,59.40306,18.07249,Leppun,Leptophyes punctatissima,Speckled Bush-cricket,bush-cricket,0.99,,,25/09/2026,25/09/2026,21:47:24,ClassifEspSWE-0002026-05-29_1,JOHANKARLSSON,202609261750NZ8IMDWO,2026_25_sep_21,Citizen Science (ultrasonic) - shared
59~40306+18~07249_20260925_214730.wav,DEV_001_20260925_214730.wav,0,59.40306,18.07249,Leppun,Leptophyes punctatissima,Speckled Bush-cricket,bush-cricket,0.99,,,25/09/2026,25/09/2026,21:47:30,ClassifEspSWE-0002026-05-29_1,JOHANKARLSSON,202609261750NZ8IMDWO,2026_25_sep_21,Citizen Science (ultrasonic) - shared
59~40306+18~07249_20260925_214735.wav,DEV_001_20260925_214735.wav,0,59.40306,18.07249,Leppun,Leptophyes punctatissima,Speckled Bush-cricket,bush-cricket,0.99,,,25/09/2026,25/09/2026,21:47:35,ClassifEspSWE-0002026-05-29_1,JOHANKARLSSON,202609261750NZ8IMDWO,2026_25_sep_21,Citizen Science (ultrasonic) - shared
59~40306+18~07249_20260925_214741.wav,DEV_001_20260925_214741.wav,0,59.40306,18.07249,Leppun,Leptophyes punctatissima,Speckled Bush-cricket,bush-cricket,0.99,,,25/09/2026,25/09/2026,21:47:41,ClassifEspSWE-0002026-05-29_1,JOHANKARLSSON,202609261750NZ8IMDWO,2026_25_sep_21,Citizen Science (ultrasonic) - shared
59~40306+18~07249_20260925_214747.wav,DEV_001_20260925_214747.wav,0,59.40306,18.07249,Leppun,Leptophyes punctatissima,Speckled Bush-cricket,bush-cricket,0.99,,,25/09/2026,25/09/2026,21:47:47,ClassifEspSWE-0002026-05-29_1,JOHANKARLSSON,202609261750NZ8IMDWO,2026_25_sep_21,Citizen Science (ultrasonic) - shared
59~40306+18~07249_20260925_214753.wav,DEV_001_20260925_214753.wav,0,59.40306,18.07249,Leppun,Leptophyes punctatissima,Speckled Bush-cricket,bush-cricket,0.99,,,25/09/2026,25/09/2026,21:47:53,ClassifEspSWE-0002026-05-29_1,JOHANKARLSSON,202609261750NZ8IMDWO,2026_25_sep_21,Citizen Science (ultrasonic) - shared
59~40306+18~07249_20260925_214759.wav,DEV_001_20260925_214759.wav,0,59.40306,18.07249,Leppun,Leptophyes punctatissima,Speckled Bush-cricket,bush-cricket,0.99,,,25/09/2026,25/09/2026,21:47:59,ClassifEspSWE-0002026-05-29_1,JOHANKARLSSON,202609261750NZ8IMDWO,2026_25_sep_21,Citizen Science (ultrasonic) - shared
59~40306+18~07249_20260925_214805.wav,DEV_001_20260925_214805.wav,0,59.40306,18.07249,Leppun,Leptophyes punctatissima,Speckled Bush-cricket,bush-cricket,0.99,,,25/09/2026,25/09/2026,21:48:05,ClassifEspSWE-0002026-05-29_1,JOHANKARLSSON,202609261750NZ8IMDWO,2026_25_sep_21,Citizen Science (ultrasonic) - shared
59~40306+18~07249_20260925_214810.wav,DEV_001_20260925_214810.wav,0,59.40306,18.07249,Leppun,Leptophyes punctatissima,Speckled Bush-cricket,bush-cricket,0.99,,,25/09/2026,25/09/2026,21:48:10,ClassifEspSWE-0002026-05-29_1,JOHANKARLSSON,202609261750NZ8IMDWO,2026_25_sep_21,Citizen Science (ultrasonic) - shared
59~40306+18~07249_20260925_214819.wav,DEV_001_20260925_214819.wav,0,59.40306,18.07249,Leppun,Leptophyes punctatissima,Speckled Bush-cricket,bush-cricket,0.99,,,25/09/2026,25/09/2026,21:48:19,ClassifEspSWE-0002026-05-29_1,JOHANKARLSSON,202609261750NZ8IMDWO,2026_25_sep_21,Citizen Science (ultrasonic) - shared
59~40306+18~07249_20260925_214824.wav,DEV_001_20260925_214824.wav,0,59.40306,18.07249,Leppun,Leptophyes punctatissima,Speckled Bush-cricket,bush-cricket,0.99,,,25/09/2026,25/09/2026,21:48:24,ClassifEspSWE-0002026-05-29_1,JOHANKARLSSON,202609261750NZ8IMDWO,2026_25_sep_21,Citizen Science (ultrasonic) - shared
59~40306+18~07249_20260925_214829.wav,DEV_001_20260925_214829.wav,0,59.40306,18.07249,Leppun,Leptophyes punctatissima,Speckled Bush-cricket,bush-cricket,0.99,,,25/09/2026,25/09/2026,21:48:29,ClassifEspSWE-0002026-05-29_1,JOHANKARLSSON,202609261750NZ8IMDWO,2026_25_sep_21,Citizen Science (ultrasonic) - shared
59~40306+18~07249_20260925_214834.wav,DEV_001_20260925_214834.wav,0,59.40306,18.07249,Leppun,Leptophyes punctatissima,Speckled Bush-cricket,bush-cricket,0.99,,,25/09/2026,25/09/2026,21:48:34,ClassifEspSWE-0002026-05-29_1,JOHANKARLSSON,202609261750NZ8IMDWO,2026_25_sep_21,Citizen Science (ultrasonic) - shared
59~40306+18~07249_20260925_214841.wav,DEV_001_20260925_214841.wav,0,59.40306,18.07249,Leppun,Leptophyes punctatissima,Speckled Bush-cricket,bush-cricket,0.99,,,25/09/2026,25/09/2026,21:48:41,ClassifEspSWE-0002026-05-29_1,JOHANKARLSSON,202609261750NZ8IMDWO,2026_25_sep_21,Citizen Science (ultrasonic) - shared
59~40306+18~07249_20260925_214846.wav,DEV_001_20260925_214846.wav,0,59.40306,18.07249,Leppun,Leptophyes punctatissima,Speckled Bush-cricket,bush-cricket,0.99,,,25/09/2026,25/09/2026,21:48:46,ClassifEspSWE-0002026-05-29_1,JOHANKARLSSON,202609261750NZ8IMDWO,2026_25_sep_21,Citizen Science (ultrasonic) - shared
59~40306+18~07249_20260925_214852.wav,DEV_001_20260925_214852.wav,0,59.40306,18.07249,Leppun,Leptophyes punctatissima,Speckled Bush-cricket,bush-cricket,0.99,,,25/09/2026,25/09/2026,21:48:52,ClassifEspSWE-0002026-05-29_1,JOHANKARLSSON,202609261750NZ8IMDWO,2026_25_sep_21,Citizen Science (ultrasonic) - shared
59~40306+18~07249_20260925_214858.wav,DEV_001_20260925_214858.wav,0,59.40306,18.07249,Leppun,Leptophyes punctatissima,Speckled Bush-cricket,bush-cricket,0.99,,,25/09/2026,25/09/2026,21:48:58,ClassifEspSWE-0002026-05-29_1,JOHANKARLSSON,202609261750NZ8IMDWO,2026_25_sep_21,Citizen Science (ultrasonic) - shared
59~40306+18~07249_20260925_214903.wav,DEV_001_20260925_214903.wav,0,59.40306,18.07249,Leppun,Leptophyes punctatissima,Speckled Bush-cricket,bush-cricket,0.99,,,25/09/2026,25/09/2026,21:49:03,ClassifEspSWE-0002026-05-29_1,JOHANKARLSSON,202609261750NZ8IMDWO,2026_25_sep_21,Citizen Science (ultrasonic) - shared
59~40306+18~07249_20260925_214910.wav,DEV_001_20260925_214910.wav,0,59.40306,18.07249,Leppun,Leptophyes punctatissima,Speckled Bush-cricket,bush-cricket,0.99,,,25/09/2026,25/09/2026,21:49:10,ClassifEspSWE-0002026-05-29_1,JOHANKARLSSON,202609261750NZ8IMDWO,2026_25_sep_21,Citizen Science (ultrasonic) - shared
59~40306+18~07249_20260925_214916.wav,DEV_001_20260925_214916.wav,0,59.40306,18.07249,Leppun,Leptophyes punctatissima,Speckled Bush-cricket,bush-cricket,0.99,,,25/09/2026,25/09/2026,21:49:16,ClassifEspSWE-0002026-05-29_1,JOHANKARLSSON,202609261750NZ8IMDWO,2026_25_sep_21,Citizen Science (ultrasonic) - shared
59~40306+18~07249_20260925_214921.wav,DEV_001_20260925_214921.wav,0,59.40306,18.07249,Leppun,Leptophyes punctatissima,Speckled Bush-cricket,bush-cricket,0.99,,,25/09/2026,25/09/2026,21:49:21,ClassifEspSWE-0002026-05-29_1,JOHANKARLSSON,202609261750NZ8IMDWO,2026_25_sep_21,Citizen Science (ultrasonic) - shared
59~40306+18~07249_20260925_214927.wav,DEV_001_20260925_214927.wav,0,59.40306,18.07249,Leppun,Leptophyes punctatissima,Speckled Bush-cricket,bush-cricket,0.99,,,25/09/2026,25/09/2026,21:49:27,ClassifEspSWE-0002026-05-29_1,JOHANKARLSSON,202609261750NZ8IMDWO,2026_25_sep_21,Citizen Science (ultrasonic) - shared
59~40306+18~07249_20260925_214932.wav,DEV_001_20260925_214932.wav,0,59.40306,18.07249,Leppun,Leptophyes punctatissima,Speckled Bush-cricket,bush-cricket,0.99,,,25/09/2026,25/09/2026,21:49:32,ClassifEspSWE-0002026-05-29_1,JOHANKARLSSON,202609261750NZ8IMDWO,2026_25_sep_21,Citizen Science (ultrasonic) - shared
59~40306+18~07249_20260925_214937.wav,DEV_001_20260925_214937.wav,0,59.40306,18.07249,Leppun,Leptophyes punctatissima,Speckled Bush-cricket,bush-cricket,0.99,,,25/09/2026,25/09/2026,21:49:37,ClassifEspSWE-0002026-05-29_1,JOHANKARLSSON,202609261750NZ8IMDWO,2026_25_sep_21,Citizen Science (ultrasonic) - shared
59~40306+18~07249_20260925_214943.wav,DEV_001_20260925_214943.wav,0,59.40306,18.07249,Leppun,Leptophyes punctatissima,Speckled Bush-cricket,bush-cricket,0.99,,,25/09/2026,25/09/2026,21:49:43,ClassifEspSWE-0002026-05-29_1,JOHANKARLSSON,202609261750NZ8IMDWO,2026_25_sep_21,Citizen Science (ultrasonic) - shared
59~40306+18~07249_20260925_214948.wav,DEV_001_20260925_214948.wav,0,59.40306,18.07249,Leppun,Leptophyes punctatissima,Speckled Bush-cricket,bush-cricket,0.99,,,25/09/2026,25/09/2026,21:49:48,ClassifEspSWE-0002026-05-29_1,JOHANKARLSSON,202609261750NZ8IMDWO,2026_25_sep_21,Citizen Science (ultrasonic) - shared
59~40306+18~07249_20260925_214953.wav,DEV_001_20260925_214953.wav,0,59.40306,18.07249,Leppun,Leptophyes punctatissima,Speckled Bush-cricket,bush-cricket,0.99,,,25/09/2026,25/09/2026,21:49:53,ClassifEspSWE-0002026-05-29_1,JOHANKARLSSON,202609261750NZ8IMDWO,2026_25_sep_21,Citizen Science (ultrasonic) - shared
59~40306+18~07249_20260925_215000.wav,DEV_001_20260925_215000.wav,0,59.40306,18.07249,Leppun,Leptophyes punctatissima,Speckled Bush-cricket,bush-cricket,0.99,,,25/09/2026,25/09/2026,21:50:00,ClassifEspSWE-0002026-05-29_1,JOHANKARLSSON,202609261750NZ8IMDWO,2026_25_sep_21,Citizen Science (ultrasonic) - shared
59~40306+18~07249_20260925_215008.wav,DEV_001_20260925_215008.wav,0,59.40306,18.07249,Leppun,Leptophyes punctatissima,Speckled Bush-cricket,bush-cricket,0.99,,,25/09/2026,25/09/2026,21:50:08,ClassifEspSWE-0002026-05-29_1,JOHANKARLSSON,202609261750NZ8IMDWO,2026_25_sep_21,Citizen Science (ultrasonic) - shared
59~40306+18~07249_20260925_215013.wav,DEV_001_20260925_215013.wav,0,59.40306,18.07249,Leppun,Leptophyes punctatissima,Speckled Bush-cricket,bush-cricket,0.99,,,25/09/2026,25/09/2026,21:50:13,ClassifEspSWE-0002026-05-29_1,JOHANKARLSSON,202609261750NZ8IMDWO,2026_25_sep_21,Citizen Science (ultrasonic) - shared
59~40306+18~07249_20260925_215019.wav,DEV_001_20260925_215019.wav,0,59.40306,18.07249,Leppun,Leptophyes punctatissima,Speckled Bush-cricket,bush-cricket,0.99,,,25/09/2026,25/09/2026,21:50:19,ClassifEspSWE-0002026-05-29_1,JOHANKARLSSON,202609261750NZ8IMDWO,2026_25_sep_21,Citizen Science (ultrasonic) - shared
59~40306+18~07249_20260925_215026.wav,DEV_001_20260925_215026.wav,0,59.40306,18.07249,Leppun,Leptophyes punctatissima,Speckled Bush-cricket,bush-cricket,0.99,,,25/09/2026,25/09/2026,21:50:26,ClassifEspSWE-0002026-05-29_1,JOHANKARLSSON,202609261750NZ8IMDWO,2026_25_sep_21,Citizen Science (ultrasonic) - shared
59~40306+18~07249_20260925_215033.wav,DEV_001_20260925_215033.wav,0,59.40306,18.07249,Leppun,Leptophyes punctatissima,Speckled Bush-cricket,bush-cricket,0.99,,,25/09/2026,25/09/2026,21:50:33,ClassifEspSWE-0002026-05-29_1,JOHANKARLSSON,202609261750NZ8IMDWO,2026_25_sep_21,Citizen Science (ultrasonic) - shared
59~40306+18~07249_20260925_215040.wav,DEV_001_20260925_215040.wav,0,59.40306,18.07249,Leppun,Leptophyes punctatissima,Speckled Bush-cricket,bush-cricket,0.99,,,25/09/2026,25/09/2026,21:50:40,ClassifEspSWE-0002026-05-29_1,JOHANKARLSSON,202609261750NZ8IMDWO,2026_25_sep_21,Citizen Science (ultrasonic) - shared
59~40306+18~07249_20260925_215047.wav,DEV_001_20260925_215047.wav,0,59.40306,18.07249,Leppun,Leptophyes punctatissima,Speckled Bush-cricket,bush-cricket,0.99,,,25/09/2026,25/09/2026,21:50:47,ClassifEspSWE-0002026-05-29_1,JOHANKARLSSON,202609261750NZ8IMDWO,2026_25_sep_21,Citizen Science (ultrasonic) - shared
59~40306+18~07249_20260925_215054.wav,DEV_001_20260925_215054.wav,0,59.40306,18.07249,Leppun,Leptophyes punctatissima,Speckled Bush-cricket,bush-cricket,0.99,,,25/09/2026,25/09/2026,21:50:54,ClassifEspSWE-0002026-05-29_1,JOHANKARLSSON,202609261750NZ8IMDWO,2026_25_sep_21,Citizen Science (ultrasonic) - shared
59~40306+18~07249_20260925_215059.wav,DEV_001_20260925_215059.wav,0,59.40306,18.07249,Leppun,Leptophyes punctatissima,Speckled Bush-cricket,bush-cricket,0.99,,,25/09/2026,25/09/2026,21:50:59,ClassifEspSWE-0002026-05-29_1,JOHANKARLSSON,202609261750NZ8IMDWO,2026_25_sep_21,Citizen Science (ultrasonic) - shared
59~40306+18~07249_20260925_215107.wav,DEV_001_20260925_215107.wav,0,59.40306,18.07249,Leppun,Leptophyes punctatissima,Speckled Bush-cricket,bush-cricket,0.99,,,25/09/2026,25/09/2026,21:51:07,ClassifEspSWE-0002026-05-29_1,JOHANKARLSSON,202609261750NZ8IMDWO,2026_25_sep_21,Citizen Science (ultrasonic) - shared
59~40306+18~07249_20260925_215114.wav,DEV_001_20260925_215114.wav,0,59.40306,18.07249,Leppun,Leptophyes punctatissima,Speckled Bush-cricket,bush-cricket,0.99,,,25/09/2026,25/09/2026,21:51:14,ClassifEspSWE-0002026-05-29_1,JOHANKARLSSON,202609261750NZ8IMDWO,2026_25_sep_21,Citizen Science (ultrasonic) - shared
59~40306+18~07249_20260925_215120.wav,DEV_001_20260925_215120.wav,0,59.40306,18.07249,Leppun,Leptophyes punctatissima,Speckled Bush-cricket,bush-cricket,0.99,,,25/09/2026,25/09/2026,21:51:20,ClassifEspSWE-0002026-05-29_1,JOHANKARLSSON,202609261750NZ8IMDWO,2026_25_sep_21,Citizen Science (ultrasonic) - shared
59~40306+18~07249_20260925_215127.wav,DEV_001_20260925_215127.wav,0,59.40306,18.07249,Leppun,Leptophyes punctatissima,Speckled Bush-cricket,bush-cricket,0.99,,,25/09/2026,25/09/2026,21:51:27,ClassifEspSWE-0002026-05-29_1,JOHANKARLSSON,202609261750NZ8IMDWO,2026_25_sep_21,Citizen Science (ultrasonic) - shared
59~40306+18~07249_20260925_215132.wav,DEV_001_20260925_215132.wav,0,59.40306,18.07249,Leppun,Leptophyes punctatissima,Speckled Bush-cricket,bush-cricket,0.99,,,25/09/2026,25/09/2026,21:51:32,ClassifEspSWE-0002026-05-29_1,JOHANKARLSSON,202609261750NZ8IMDWO,2026_25_sep_21,Citizen Science (ultrasonic) - shared
59~40306+18~07249_20260925_215138.wav,DEV_001_20260925_215138.wav,0,59.40306,18.07249,Leppun,Leptophyes punctatissima,Speckled Bush-cricket,bush-cricket,0.99,,,25/09/2026,25/09/2026,21:51:38,ClassifEspSWE-0002026-05-29_1,JOHANKARLSSON,202609261750NZ8IMDWO,2026_25_sep_21,Citizen Science (ultrasonic) - shared
59~40306+18~07249_20260925_215145.wav,DEV_001_20260925_215145.wav,0,59.40306,18.07249,Leppun,Leptophyes punctatissima,Speckled Bush-cricket,bush-cricket,0.99,,,25/09/2026,25/09/2026,21:51:45,ClassifEspSWE-0002026-05-29_1,JOHANKARLSSON,202609261750NZ8IMDWO,2026_25_sep_21,Citizen Science (ultrasonic) - shared
59~40306+18~07249_20260925_215150.wav,DEV_001_20260925_215150.wav,0,59.40306,18.07249,Leppun,Leptophyes punctatissima,Speckled Bush-cricket,bush-cricket,0.99,,,25/09/2026,25/09/2026,21:51:50,ClassifEspSWE-0002026-05-29_1,JOHANKARLSSON,202609261750NZ8IMDWO,2026_25_sep_21,Citizen Science (ultrasonic) - shared
59~40306+18~07249_20260925_215156.wav,DEV_001_20260925_215156.wav,0,59.40306,18.07249,Leppun,Leptophyes punctatissima,Speckled Bush-cricket,bush-cricket,0.99,,,25/09/2026,25/09/2026,21:51:56,ClassifEspSWE-0002026-05-29_1,JOHANKARLSSON,202609261750NZ8IMDWO,2026_25_sep_21,Citizen Science (ultrasonic) - shared
59~40306+18~07249_20260925_215201.wav,DEV_001_20260925_215201.wav,0,59.40306,18.07249,Leppun,Leptophyes punctatissima,Speckled Bush-cricket,bush-cricket,0.99,,,25/09/2026,25/09/2026,21:52:01,ClassifEspSWE-0002026-05-29_1,JOHANKARLSSON,202609261750NZ8IMDWO,2026_25_sep_21,Citizen Science (ultrasonic) - shared
59~40306+18~07249_20260925_215209.wav,DEV_001_20260925_215209.wav,0,59.40306,18.07249,Leppun,Leptophyes punctatissima,Speckled Bush-cricket,bush-cricket,0.99,,,25/09/2026,25/09/2026,21:52:09,ClassifEspSWE-0002026-05-29_1,JOHANKARLSSON,202609261750NZ8IMDWO,2026_25_sep_21,Citizen Science (ultrasonic) - shared
59~40306+18~07249_20260925_215216.wav,DEV_001_20260925_215216.wav,0,59.40306,18.07249,Leppun,Leptophyes punctatissima,Speckled Bush-cricket,bush-cricket,0.99,,,25/09/2026,25/09/2026,21:52:16,ClassifEspSWE-0002026-05-29_1,JOHANKARLSSON,202609261750NZ8IMDWO,2026_25_sep_21,Citizen Science (ultrasonic) - shared
59~40306+18~07249_20260925_215222.wav,DEV_001_20260925_215222.wav,0,59.40306,18.07249,Leppun,Leptophyes punctatissima,Speckled Bush-cricket,bush-cricket,0.99,,,25/09/2026,25/09/2026,21:52:22,ClassifEspSWE-0002026-05-29_1,JOHANKARLSSON,202609261750NZ8IMDWO,2026_25_sep_21,Citizen Science (ultrasonic) - shared
59~40306+18~07249_20260925_215229.wav,DEV_001_20260925_215229.wav,0,59.40306,18.07249,Leppun,Leptophyes punctatissima,Speckled Bush-cricket,bush-cricket,0.99,,,25/09/2026,25/09/2026,21:52:29,ClassifEspSWE-0002026-05-29_1,JOHANKARLSSON,202609261750NZ8IMDWO,2026_25_sep_21,Citizen Science (ultrasonic) - shared
59~40306+18~07249_20260925_215236.wav,DEV_001_20260925_215236.wav,0,59.40306,18.07249,Leppun,Leptophyes punctatissima,Speckled Bush-cricket,bush-cricket,0.99,,,25/09/2026,25/09/2026,21:52:36,ClassifEspSWE-0002026-05-29_1,JOHANKARLSSON,202609261750NZ8IMDWO,2026_25_sep_21,Citizen Science (ultrasonic) - shared
59~40306+18~07249_20260925_215242.wav,DEV_001_20260925_215242.wav,0,59.40306,18.07249,Leppun,Leptophyes punctatissima,Speckled Bush-cricket,bush-cricket,0.99,,,25/09/2026,25/09/2026,21:52:42,ClassifEspSWE-0002026-05-29_1,JOHANKARLSSON,202609261750NZ8IMDWO,2026_25_sep_21,Citizen Science (ultrasonic) - shared
59~40306+18~07249_20260925_215248.wav,DEV_001_20260925_215248.wav,0,59.40306,18.07249,Leppun,Leptophyes punctatissima,Speckled Bush-cricket,bush-cricket,0.99,,,25/09/2026,25/09/2026,21:52:48,ClassifEspSWE-0002026-05-29_1,JOHANKARLSSON,202609261750NZ8IMDWO,2026_25_sep_21,Citizen Science (ultrasonic) - shared
59~40306+18~07249_20260925_215255.wav,DEV_001_20260925_215255.wav,0,59.40306,18.07249,Leppun,Leptophyes punctatissima,Speckled Bush-cricket,bush-cricket,0.99,,,25/09/2026,25/09/2026,21:52:55,ClassifEspSWE-0002026-05-29_1,JOHANKARLSSON,202609261750NZ8IMDWO,2026_25_sep_21,Citizen Science (ultrasonic) - shared
59~40306+18~07249_20260925_215303.wav,DEV_001_20260925_215303.wav,0,59.40306,18.07249,Leppun,Leptophyes punctatissima,Speckled Bush-cricket,bush-cricket,0.99,,,25/09/2026,25/09/2026,21:53:03,ClassifEspSWE-0002026-05-29_1,JOHANKARLSSON,202609261750NZ8IMDWO,2026_25_sep_21,Citizen Science (ultrasonic) - shared
59~40306+18~07249_20260925_215310.wav,DEV_001_20260925_215310.wav,0,59.40306,18.07249,Leppun,Leptophyes punctatissima,Speckled Bush-cricket,bush-cricket,0.99,,,25/09/2026,25/09/2026,21:53:10,ClassifEspSWE-0002026-05-29_1,JOHANKARLSSON,202609261750NZ8IMDWO,2026_25_sep_21,Citizen Science (ultrasonic) - shared
59~40306+18~07249_20260925_215317.wav,DEV_001_20260925_215317.wav,0,59.40306,18.07249,Leppun,Leptophyes punctatissima,Speckled Bush-cricket,bush-cricket,0.99,,,25/09/2026,25/09/2026,21:53:17,ClassifEspSWE-0002026-05-29_1,JOHANKARLSSON,202609261750NZ8IMDWO,2026_25_sep_21,Citizen Science (ultrasonic) - shared
59~40306+18~07249_20260925_215322.wav,DEV_001_20260925_215322.wav,0,59.40306,18.07249,Leppun,Leptophyes punctatissima,Speckled Bush-cricket,bush-cricket,0.99,,,25/09/2026,25/09/2026,21:53:22,ClassifEspSWE-0002026-05-29_1,JOHANKARLSSON,202609261750NZ8IMDWO,2026_25_sep_21,Citizen Science (ultrasonic) - shared
59~40306+18~07249_20260925_215328.wav,DEV_001_20260925_215328.wav,0,59.40306,18.07249,Leppun,Leptophyes punctatissima,Speckled Bush-cricket,bush-cricket,0.99,,,25/09/2026,25/09/2026,21:53:28,ClassifEspSWE-0002026-05-29_1,JOHANKARLSSON,202609261750NZ8IMDWO,2026_25_sep_21,Citizen Science (ultrasonic) - shared
59~40306+18~07249_20260925_215333.wav,DEV_001_20260925_215333.wav,0,59.40306,18.07249,Leppun,Leptophyes punctatissima,Speckled Bush-cricket,bush-cricket,0.99,,,25/09/2026,25/09/2026,21:53:33,ClassifEspSWE-0002026-05-29_1,JOHANKARLSSON,202609261750NZ8IMDWO,2026_25_sep_21,Citizen Science (ultrasonic) - shared
59~40306+18~07249_20260925_215340.wav,DEV_001_20260925_215340.wav,0,59.40306,18.07249,Leppun,Leptophyes punctatissima,Speckled Bush-cricket,bush-cricket,0.99,,,25/09/2026,25/09/2026,21:53:40,ClassifEspSWE-0002026-05-29_1,JOHANKARLSSON,202609261750NZ8IMDWO,2026_25_sep_21,Citizen Science (ultrasonic) - shared
59~40306+18~07249_20260925_215347.wav,DEV_001_20260925_215347.wav,0,59.40306,18.07249,Leppun,Leptophyes punctatissima,Speckled Bush-cricket,bush-cricket,0.99,,,25/09/2026,25/09/2026,21:53:47,ClassifEspSWE-0002026-05-29_1,JOHANKARLSSON,202609261750NZ8IMDWO,2026_25_sep_21,Citizen Science (ultrasonic) - shared
59~40306+18~07249_20260925_215353.wav,DEV_001_20260925_215353.wav,0,59.40306,18.07249,Leppun,Leptophyes punctatissima,Speckled Bush-cricket,bush-cricket,0.99,,,25/09/2026,25/09/2026,21:53:53,ClassifEspSWE-0002026-05-29_1,JOHANKARLSSON,202609261750NZ8IMDWO,2026_25_sep_21,Citizen Science (ultrasonic) - shared
59~40306+18~07249_20260925_215400.wav,DEV_001_20260925_215400.wav,0,59.40306,18.07249,Leppun,Leptophyes punctatissima,Speckled Bush-cricket,bush-cricket,0.99,,,25/09/2026,25/09/2026,21:54:00,ClassifEspSWE-0002026-05-29_1,JOHANKARLSSON,202609261750NZ8IMDWO,2026_25_sep_21,Citizen Science (ultrasonic) - shared
59~40306+18~07249_20260925_215405.wav,DEV_001_20260925_215405.wav,0,59.40306,18.07249,Leppun,Leptophyes punctatissima,Speckled Bush-cricket,bush-cricket,0.99,,,25/09/2026,25/09/2026,21:54:05,ClassifEspSWE-0002026-05-29_1,JOHANKARLSSON,202609261750NZ8IMDWO,2026_25_sep_21,Citizen Science (ultrasonic) - shared
59~40306+18~07249_20260925_215411.wav,DEV_001_20260925_215411.wav,0,59.40306,18.07249,Leppun,Leptophyes punctatissima,Speckled Bush-cricket,bush-cricket,0.99,,,25/09/2026,25/09/2026,21:54:11,ClassifEspSWE-0002026-05-29_1,JOHANKARLSSON,202609261750NZ8IMDWO,2026_25_sep_21,Citizen Science (ultrasonic) - shared
59~40306+18~07249_20260925_215418.wav,DEV_001_20260925_215418.wav,0,59.40306,18.07249,Leppun,Leptophyes punctatissima,Speckled Bush-cricket,bush-cricket,0.99,,,25/09/2026,25/09/2026,21:54:18,ClassifEspSWE-0002026-05-29_1,JOHANKARLSSON,202609261750NZ8IMDWO,2026_25_sep_21,Citizen Science (ultrasonic) - shared
59~40306+18~07249_20260925_215424.wav,DEV_001_20260925_215424.wav,0,59.40306,18.07249,Leppun,Leptophyes punctatissima,Speckled Bush-cricket,bush-cricket,0.99,,,25/09/2026,25/09/2026,21:54:24,ClassifEspSWE-0002026-05-29_1,JOHANKARLSSON,202609261750NZ8IMDWO,2026_25_sep_21,Citizen Science (ultrasonic) - shared
59~40306+18~07249_20260925_215431.wav,DEV_001_20260925_215431.wav,0,59.40306,18.07249,Leppun,Leptophyes punctatissima,Speckled Bush-cricket,bush-cricket,0.99,,,25/09/2026,25/09/2026,21:54:31,ClassifEspSWE-0002026-05-29_1,JOHANKARLSSON,202609261750NZ8IMDWO,2026_25_sep_21,Citizen Science (ultrasonic) - shared
59~40306+18~07249_20260925_215437.wav,DEV_001_20260925_215437.wav,0,59.40306,18.07249,Leppun,Leptophyes punctatissima,Speckled Bush-cricket,bush-cricket,0.99,,,25/09/2026,25/09/2026,21:54:37,ClassifEspSWE-0002026-05-29_1,JOHANKARLSSON,202609261750NZ8IMDWO,2026_25_sep_21,Citizen Science (ultrasonic) - shared
59~40306+18~07249_20260925_215444.wav,DEV_001_20260925_215444.wav,0,59.40306,18.07249,Leppun,Leptophyes punctatissima,Speckled Bush-cricket,bush-cricket,0.99,,,25/09/2026,25/09/2026,21:54:44,ClassifEspSWE-0002026-05-29_1,JOHANKARLSSON,202609261750NZ8IMDWO,2026_25_sep_21,Citizen Science (ultrasonic) - shared
59~40306+18~07249_20260925_215449.wav,DEV_001_20260925_215449.wav,0,59.40306,18.07249,Leppun,Leptophyes punctatissima,Speckled Bush-cricket,bush-cricket,0.99,,,25/09/2026,25/09/2026,21:54:49,ClassifEspSWE-0002026-05-29_1,JOHANKARLSSON,202609261750NZ8IMDWO,2026_25_sep_21,Citizen Science (ultrasonic) - shared
59~40306+18~07249_20260925_215457.wav,DEV_001_20260925_215457.wav,0,59.40306,18.07249,Leppun,Leptophyes punctatissima,Speckled Bush-cricket,bush-cricket,0.99,,,25/09/2026,25/09/2026,21:54:57,ClassifEspSWE-0002026-05-29_1,JOHANKARLSSON,202609261750NZ8IMDWO,2026_25_sep_21,Citizen Science (ultrasonic) - shared
59~40306+18~07249_20260925_215503.wav,DEV_001_20260925_215503.wav,0,59.40306,18.07249,Leppun,Leptophyes punctatissima,Speckled Bush-cricket,bush-cricket,0.99,,,25/09/2026,25/09/2026,21:55:03,ClassifEspSWE-0002026-05-29_1,JOHANKARLSSON,202609261750NZ8IMDWO,2026_25_sep_21,Citizen Science (ultrasonic) - shared
59~40306+18~07249_20260925_215510.wav,DEV_001_20260925_215510.wav,0,59.40306,18.07249,Leppun,Leptophyes punctatissima,Speckled Bush-cricket,bush-cricket,0.99,,,25/09/2026,25/09/2026,21:55:10,ClassifEspSWE-0002026-05-29_1,JOHANKARLSSON,202609261750NZ8IMDWO,2026_25_sep_21,Citizen Science (ultrasonic) - shared
59~40306+18~07249_20260925_215516.wav,DEV_001_20260925_215516.wav,0,59.40306,18.07249,Leppun,Leptophyes punctatissima,Speckled Bush-cricket,bush-cricket,0.99,,,25/09/2026,25/09/2026,21:55:16,ClassifEspSWE-0002026-05-29_1,JOHANKARLSSON,202609261750NZ8IMDWO,2026_25_sep_21,Citizen Science (ultrasonic) - shared
59~40306+18~07249_20260925_215524.wav,DEV_001_20260925_215524.wav,0,59.40306,18.07249,Leppun,Leptophyes punctatissima,Speckled Bush-cricket,bush-cricket,0.99,,,25/09/2026,25/09/2026,21:55:24,ClassifEspSWE-0002026-05-29_1,JOHANKARLSSON,202609261750NZ8IMDWO,2026_25_sep_21,Citizen Science (ultrasonic) - shared
59~40306+18~07249_20260925_215530.wav,DEV_001_20260925_215530.wav,0,59.40306,18.07249,Leppun,Leptophyes punctatissima,Speckled Bush-cricket,bush-cricket,0.99,,,25/09/2026,25/09/2026,21:55:30,ClassifEspSWE-0002026-05-29_1,JOHANKARLSSON,202609261750NZ8IMDWO,2026_25_sep_21,Citizen Science (ultrasonic) - shared
59~40306+18~07249_20260925_215536.wav,DEV_001_20260925_215536.wav,0,59.40306,18.07249,Leppun,Leptophyes punctatissima,Speckled Bush-cricket,bush-cricket,0.99,,,25/09/2026,25/09/2026,21:55:36,ClassifEspSWE-0002026-05-29_1,JOHANKARLSSON,202609261750NZ8IMDWO,2026_25_sep_21,Citizen Science (ultrasonic) - shared
59~40306+18~07249_20260925_215542.wav,DEV_001_20260925_215542.wav,0,59.40306,18.07249,Leppun,Leptophyes punctatissima,Speckled Bush-cricket,bush-cricket,0.99,,,25/09/2026,25/09/2026,21:55:42,ClassifEspSWE-0002026-05-29_1,JOHANKARLSSON,202609261750NZ8IMDWO,2026_25_sep_21,Citizen Science (ultrasonic) - shared
59~40306+18~07249_20260925_215549.wav,DEV_001_20260925_215549.wav,0,59.40306,18.07249,Leppun,Leptophyes punctatissima,Speckled Bush-cricket,bush-cricket,0.99,,,25/09/2026,25/09/2026,21:55:49,ClassifEspSWE-0002026-05-29_1,JOHANKARLSSON,202609261750NZ8IMDWO,2026_25_sep_21,Citizen Science (ultrasonic) - shared
59~40306+18~07249_20260925_215556.wav,DEV_001_20260925_215556.wav,0,59.40306,18.07249,Leppun,Leptophyes punctatissima,Speckled Bush-cricket,bush-cricket,0.99,,,25/09/2026,25/09/2026,21:55:56,ClassifEspSWE-0002026-05-29_1,JOHANKARLSSON,202609261750NZ8IMDWO,2026_25_sep_21,Citizen Science (ultrasonic) - shared
59~40306+18~07249_20260925_215602.wav,DEV_001_20260925_215602.wav,0,59.40306,18.07249,Leppun,Leptophyes punctatissima,Speckled Bush-cricket,bush-cricket,0.99,,,25/09/2026,25/09/2026,21:56:02,ClassifEspSWE-0002026-05-29_1,JOHANKARLSSON,202609261750NZ8IMDWO,2026_25_sep_21,Citizen Science (ultrasonic) - shared
59~40306+18~07249_20260925_215608.wav,DEV_001_20260925_215608.wav,0,59.40306,18.07249,Leppun,Leptophyes punctatissima,Speckled Bush-cricket,bush-cricket,0.99,,,25/09/2026,25/09/2026,21:56:08,ClassifEspSWE-0002026-05-29_1,JOHANKARLSSON,202609261750NZ8IMDWO,2026_25_sep_21,Citizen Science (ultrasonic) - shared
59~40306+18~07249_20260925_215613.wav,DEV_001_20260925_215613.wav,0,59.40306,18.07249,Leppun,Leptophyes punctatissima,Speckled Bush-cricket,bush-cricket,0.99,,,25/09/2026,25/09/2026,21:56:13,ClassifEspSWE-0002026-05-29_1,JOHANKARLSSON,202609261750NZ8IMDWO,2026_25_sep_21,Citizen Science (ultrasonic) - shared
59~40306+18~07249_20260925_215618.wav,DEV_001_20260925_215618.wav,0,59.40306,18.07249,Leppun,Leptophyes punctatissima,Speckled Bush-cricket,bush-cricket,0.99,,,25/09/2026,25/09/2026,21:56:18,ClassifEspSWE-0002026-05-29_1,JOHANKARLSSON,202609261750NZ8IMDWO,2026_25_sep_21,Citizen Science (ultrasonic) - shared
59~40306+18~07249_20260925_215625.wav,DEV_001_20260925_215625.wav,0,59.40306,18.07249,Leppun,Leptophyes punctatissima,Speckled Bush-cricket,bush-cricket,0.99,,,25/09/2026,25/09/2026,21:56:25,ClassifEspSWE-0002026-05-29_1,JOHANKARLSSON,202609261750NZ8IMDWO,2026_25_sep_21,Citizen Science (ultrasonic) - shared
59~40306+18~07249_20260925_215632.wav,DEV_001_20260925_215632.wav,0,59.40306,18.07249,Leppun,Leptophyes punctatissima,Speckled Bush-cricket,bush-cricket,0.99,,,25/09/2026,25/09/2026,21:56:32,ClassifEspSWE-0002026-05-29_1,JOHANKARLSSON,202609261750NZ8IMDWO,2026_25_sep_21,Citizen Science (ultrasonic) - shared
59~40306+18~07249_20260925_215638.wav,DEV_001_20260925_215638.wav,0,59.40306,18.07249,Leppun,Leptophyes punctatissima,Speckled Bush-cricket,bush-cricket,0.99,,,25/09/2026,25/09/2026,21:56:38,ClassifEspSWE-0002026-05-29_1,JOHANKARLSSON,202609261750NZ8IMDWO,2026_25_sep_21,Citizen Science (ultrasonic) - shared
59~40306+18~07249_20260925_215644.wav,DEV_001_20260925_215644.wav,0,59.40306,18.07249,Leppun,Leptophyes punctatissima,Speckled Bush-cricket,bush-cricket,0.99,,,25/09/2026,25/09/2026,21:56:44,ClassifEspSWE-0002026-05-29_1,JOHANKARLSSON,202609261750NZ8IMDWO,2026_25_sep_21,Citizen Science (ultrasonic) - shared
59~40306+18~07249_20260925_215650.wav,DEV_001_20260925_215650.wav,0,59.40306,18.07249,Leppun,Leptophyes punctatissima,Speckled Bush-cricket,bush-cricket,0.99,,,25/09/2026,25/09/2026,21:56:50,ClassifEspSWE-0002026-05-29_1,JOHANKARLSSON,202609261750NZ8IMDWO,2026_25_sep_21,Citizen Science (ultrasonic) - shared
59~40306+18~07249_20260925_215656.wav,DEV_001_20260925_215656.wav,0,59.40306,18.07249,Leppun,Leptophyes punctatissima,Speckled Bush-cricket,bush-cricket,0.99,,,25/09/2026,25/09/2026,21:56:56,ClassifEspSWE-0002026-05-29_1,JOHANKARLSSON,202609261750NZ8IMDWO,2026_25_sep_21,Citizen Science (ultrasonic) - shared
59~40306+18~07249_20260925_215702.wav,DEV_001_20260925_215702.wav,0,59.40306,18.07249,Leppun,Leptophyes punctatissima,Speckled Bush-cricket,bush-cricket,0.99,,,25/09/2026,25/09/2026,21:57:02,ClassifEspSWE-0002026-05-29_1,JOHANKARLSSON,202609261750NZ8IMDWO,2026_25_sep_21,Citizen Science (ultrasonic) - shared
59~40306+18~07249_20260925_215709.wav,DEV_001_20260925_215709.wav,0,59.40306,18.07249,Leppun,Leptophyes punctatissima,Speckled Bush-cricket,bush-cricket,0.99,,,25/09/2026,25/09/2026,21:57:09,ClassifEspSWE-0002026-05-29_1,JOHANKARLSSON,202609261750NZ8IMDWO,2026_25_sep_21,Citizen Science (ultrasonic) - shared
59~40306+18~07249_20260925_215716.wav,DEV_001_20260925_215716.wav,0,59.40306,18.07249,Leppun,Leptophyes punctatissima,Speckled Bush-cricket,bush-cricket,0.99,,,25/09/2026,25/09/2026,21:57:16,ClassifEspSWE-0002026-05-29_1,JOHANKARLSSON,202609261750NZ8IMDWO,2026_25_sep_21,Citizen Science (ultrasonic) - shared
59~40306+18~07249_20260925_215723.wav,DEV_001_20260925_215723.wav,0,59.40306,18.07249,Leppun,Leptophyes punctatissima,Speckled Bush-cricket,bush-cricket,0.99,,,25/09/2026,25/09/2026,21:57:23,ClassifEspSWE-0002026-05-29_1,JOHANKARLSSON,202609261750NZ8IMDWO,2026_25_sep_21,Citizen Science (ultrasonic) - shared
59~40306+18~07249_20260925_215729.wav,DEV_001_20260925_215729.wav,0,59.40306,18.07249,Leppun,Leptophyes punctatissima,Speckled Bush-cricket,bush-cricket,0.99,,,25/09/2026,25/09/2026,21:57:29,ClassifEspSWE-0002026-05-29_1,JOHANKARLSSON,202609261750NZ8IMDWO,2026_25_sep_21,Citizen Science (ultrasonic) - shared
59~40306+18~07249_20260925_215735.wav,DEV_001_20260925_215735.wav,0,59.40306,18.07249,Leppun,Leptophyes punctatissima,Speckled Bush-cricket,bush-cricket,0.99,,,25/09/2026,25/09/2026,21:57:35,ClassifEspSWE-0002026-05-29_1,JOHANKARLSSON,202609261750NZ8IMDWO,2026_25_sep_21,Citizen Science (ultrasonic) - shared
59~40306+18~07249_20260925_215740.wav,DEV_001_20260925_215740.wav,0,59.40306,18.07249,Leppun,Leptophyes punctatissima,Speckled Bush-cricket,bush-cricket,0.99,,,25/09/2026,25/09/2026,21:57:40,ClassifEspSWE-0002026-05-29_1,JOHANKARLSSON,202609261750NZ8IMDWO,2026_25_sep_21,Citizen Science (ultrasonic) - shared
59~40306+18~07249_20260925_215746.wav,DEV_001_20260925_215746.wav,0,59.40306,18.07249,Leppun,Leptophyes punctatissima,Speckled Bush-cricket,bush-cricket,0.99,,,25/09/2026,25/09/2026,21:57:46,ClassifEspSWE-0002026-05-29_1,JOHANKARLSSON,202609261750NZ8IMDWO,2026_25_sep_21,Citizen Science (ultrasonic) - shared
59~40306+18~07249_20260925_215752.wav,DEV_001_20260925_215752.wav,0,59.40306,18.07249,Leppun,Leptophyes punctatissima,Speckled Bush-cricket,bush-cricket,0.99,,,25/09/2026,25/09/2026,21:57:52,ClassifEspSWE-0002026-05-29_1,JOHANKARLSSON,202609261750NZ8IMDWO,2026_25_sep_21,Citizen Science (ultrasonic) - shared
59~40306+18~07249_20260925_215758.wav,DEV_001_20260925_215758.wav,0,59.40306,18.07249,Leppun,Leptophyes punctatissima,Speckled Bush-cricket,bush-cricket,0.99,,,25/09/2026,25/09/2026,21:57:58,ClassifEspSWE-0002026-05-29_1,JOHANKARLSSON,202609261750NZ8IMDWO,2026_25_sep_21,Citizen Science (ultrasonic) - shared
59~40306+18~07249_20260925_215805.wav,DEV_001_20260925_215805.wav,0,59.40306,18.07249,Leppun,Leptophyes punctatissima,Speckled Bush-cricket,bush-cricket,0.99,,,25/09/2026,25/09/2026,21:58:05,ClassifEspSWE-0002026-05-29_1,JOHANKARLSSON,202609261750NZ8IMDWO,2026_25_sep_21,Citizen Science (ultrasonic) - shared
59~40306+18~07249_20260925_215810.wav,DEV_001_20260925_215810.wav,0,59.40306,18.07249,Leppun,Leptophyes punctatissima,Speckled Bush-cricket,bush-cricket,0.99,,,25/09/2026,25/09/2026,21:58:10,ClassifEspSWE-0002026-05-29_1,JOHANKARLSSON,202609261750NZ8IMDWO,2026_25_sep_21,Citizen Science (ultrasonic) - shared
59~40306+18~07249_20260925_215817.wav,DEV_001_20260925_215817.wav,0,59.40306,18.07249,Leppun,Leptophyes punctatissima,Speckled Bush-cricket,bush-cricket,0.99,,,25/09/2026,25/09/2026,21:58:17,ClassifEspSWE-0002026-05-29_1,JOHANKARLSSON,202609261750NZ8IMDWO,2026_25_sep_21,Citizen Science (ultrasonic) - shared
59~40306+18~07249_20260925_215823.wav,DEV_001_20260925_215823.wav,0,59.40306,18.07249,Leppun,Leptophyes punctatissima,Speckled Bush-cricket,bush-cricket,0.99,,,25/09/2026,25/09/2026,21:58:23,ClassifEspSWE-0002026-05-29_1,JOHANKARLSSON,202609261750NZ8IMDWO,2026_25_sep_21,Citizen Science (ultrasonic) - shared
59~40306+18~07249_20260925_215829.wav,DEV_001_20260925_215829.wav,0,59.40306,18.07249,Leppun,Leptophyes punctatissima,Speckled Bush-cricket,bush-cricket,0.99,,,25/09/2026,25/09/2026,21:58:29,ClassifEspSWE-0002026-05-29_1,JOHANKARLSSON,202609261750NZ8IMDWO,2026_25_sep_21,Citizen Science (ultrasonic) - shared
59~40306+18~07249_20260925_215836.wav,DEV_001_20260925_215836.wav,0,59.40306,18.07249,Leppun,Leptophyes punctatissima,Speckled Bush-cricket,bush-cricket,0.99,,,25/09/2026,25/09/2026,21:58:36,ClassifEspSWE-0002026-05-29_1,JOHANKARLSSON,202609261750NZ8IMDWO,2026_25_sep_21,Citizen Science (ultrasonic) - shared
59~40306+18~07249_20260925_215842.wav,DEV_001_20260925_215842.wav,0,59.40306,18.07249,Leppun,Leptophyes punctatissima,Speckled Bush-cricket,bush-cricket,0.99,,,25/09/2026,25/09/2026,21:58:42,ClassifEspSWE-0002026-05-29_1,JOHANKARLSSON,202609261750NZ8IMDWO,2026_25_sep_21,Citizen Science (ultrasonic) - shared
59~40306+18~07249_20260925_215849.wav,DEV_001_20260925_215849.wav,0,59.40306,18.07249,Leppun,Leptophyes punctatissima,Speckled Bush-cricket,bush-cricket,0.99,,,25/09/2026,25/09/2026,21:58:49,ClassifEspSWE-0002026-05-29_1,JOHANKARLSSON,202609261750NZ8IMDWO,2026_25_sep_21,Citizen Science (ultrasonic) - shared
59~40306+18~07249_20260925_215855.wav,DEV_001_20260925_215855.wav,0,59.40306,18.07249,Leppun,Leptophyes punctatissima,Speckled Bush-cricket,bush-cricket,0.99,,,25/09/2026,25/09/2026,21:58:55,ClassifEspSWE-0002026-05-29_1,JOHANKARLSSON,202609261750NZ8IMDWO,2026_25_sep_21,Citizen Science (ultrasonic) - shared
59~40306+18~07249_20260925_215902.wav,DEV_001_20260925_215902.wav,0,59.40306,18.07249,Leppun,Leptophyes punctatissima,Speckled Bush-cricket,bush-cricket,0.99,,,25/09/2026,25/09/2026,21:59:02,ClassifEspSWE-0002026-05-29_1,JOHANKARLSSON,202609261750NZ8IMDWO,2026_25_sep_21,Citizen Science (ultrasonic) - shared
59~40306+18~07249_20260925_215908.wav,DEV_001_20260925_215908.wav,0,59.40306,18.07249,Leppun,Leptophyes punctatissima,Speckled Bush-cricket,bush-cricket,0.99,,,25/09/2026,25/09/2026,21:59:08,ClassifEspSWE-0002026-05-29_1,JOHANKARLSSON,202609261750NZ8IMDWO,2026_25_sep_21,Citizen Science (ultrasonic) - shared
59~40306+18~07249_20260925_215914.wav,DEV_001_20260925_215914.wav,0,59.40306,18.07249,Leppun,Leptophyes punctatissima,Speckled Bush-cricket,bush-cricket,0.99,,,25/09/2026,25/09/2026,21:59:14,ClassifEspSWE-0002026-05-29_1,JOHANKARLSSON,202609261750NZ8IMDWO,2026_25_sep_21,Citizen Science (ultrasonic) - shared
59~40306+18~07249_20260925_215921.wav,DEV_001_20260925_215921.wav,0,59.40306,18.07249,Leppun,Leptophyes punctatissima,Speckled Bush-cricket,bush-cricket,0.99,,,25/09/2026,25/09/2026,21:59:21,ClassifEspSWE-0002026-05-29_1,JOHANKARLSSON,202609261750NZ8IMDWO,2026_25_sep_21,Citizen Science (ultrasonic) - shared
59~40306+18~07249_20260925_215927.wav,DEV_001_20260925_215927.wav,0,59.40306,18.07249,Leppun,Leptophyes punctatissima,Speckled Bush-cricket,bush-cricket,0.99,,,25/09/2026,25/09/2026,21:59:27,ClassifEspSWE-0002026-05-29_1,JOHANKARLSSON,202609261750NZ8IMDWO,2026_25_sep_21,Citizen Science (ultrasonic) - shared
59~40306+18~07249_20260925_215936.wav,DEV_001_20260925_215936.wav,0,59.40306,18.07249,Leppun,Leptophyes punctatissima,Speckled Bush-cricket,bush-cricket,0.99,,,25/09/2026,25/09/2026,21:59:36,ClassifEspSWE-0002026-05-29_1,JOHANKARLSSON,202609261750NZ8IMDWO,2026_25_sep_21,Citizen Science (ultrasonic) - shared
59~40306+18~07249_20260925_215941.wav,DEV_001_20260925_215941.wav,0,59.40306,18.07249,Leppun,Leptophyes punctatissima,Speckled Bush-cricket,bush-cricket,0.99,,,25/09/2026,25/09/2026,21:59:41,ClassifEspSWE-0002026-05-29_1,JOHANKARLSSON,202609261750NZ8IMDWO,2026_25_sep_21,Citizen Science (ultrasonic) - shared
59~40306+18~07249_20260925_215947.wav,DEV_001_20260925_215947.wav,0,59.40306,18.07249,Leppun,Leptophyes punctatissima,Speckled Bush-cricket,bush-cricket,0.99,,,25/09/2026,25/09/2026,21:59:47,ClassifEspSWE-0002026-05-29_1,JOHANKARLSSON,202609261750NZ8IMDWO,2026_25_sep_21,Citizen Science (ultrasonic) - shared
59~40306+18~07249_20260925_215954.wav,DEV_001_20260925_215954.wav,0,59.40306,18.07249,Leppun,Leptophyes punctatissima,Speckled Bush-cricket,bush-cricket,0.99,,,25/09/2026,25/09/2026,21:59:54,ClassifEspSWE-0002026-05-29_1,JOHANKARLSSON,202609261750NZ8IMDWO,2026_25_sep_21,Citizen Science (ultrasonic) - shared
59~40306+18~07249_20260925_210005.wav,DEV_001_20260925_210005.wav,0,59.40306,18.07249,Phogri,Pholidoptera griseoaptera,Dark Bush-cricket,bush-cricket,0.99,,,25/09/2026,25/09/2026,21:00:05,ClassifEspSWE-0002026-05-29_1,JOHANKARLSSON,202609261750NZ8IMDWO,2026_25_sep_21,Citizen Science (ultrasonic) - shared
59~40306+18~07249_20260925_210012.wav,DEV_001_20260925_210012.wav,0,59.40306,18.07249,Phogri,Pholidoptera griseoaptera,Dark Bush-cricket,bush-cricket,0.97,,,25/09/2026,25/09/2026,21:00:12,ClassifEspSWE-0002026-05-29_1,JOHANKARLSSON,202609261750NZ8IMDWO,2026_25_sep_21,Citizen Science (ultrasonic) - shared
59~40306+18~07249_20260925_210024.wav,DEV_001_20260925_210024.wav,0,59.40306,18.07249,Phogri,Pholidoptera griseoaptera,Dark Bush-cricket,bush-cricket,0.97,,,25/09/2026,25/09/2026,21:00:24,ClassifEspSWE-0002026-05-29_1,JOHANKARLSSON,202609261750NZ8IMDWO,2026_25_sep_21,Citizen Science (ultrasonic) - shared
59~40306+18~07249_20260925_210041.wav,DEV_001_20260925_210041.wav,0,59.40306,18.07249,Phogri,Pholidoptera griseoaptera,Dark Bush-cricket,bush-cricket,0.98,,,25/09/2026,25/09/2026,21:00:41,ClassifEspSWE-0002026-05-29_1,JOHANKARLSSON,202609261750NZ8IMDWO,2026_25_sep_21,Citizen Science (ultrasonic) - shared
59~40306+18~07249_20260925_210050.wav,DEV_001_20260925_210050.wav,0,59.40306,18.07249,Phogri,Pholidoptera griseoaptera,Dark Bush-cricket,bush-cricket,0.99,,,25/09/2026,25/09/2026,21:00:50,ClassifEspSWE-0002026-05-29_1,JOHANKARLSSON,202609261750NZ8IMDWO,2026_25_sep_21,Citizen Science (ultrasonic) - shared
59~40306+18~07249_20260925_210058.wav,DEV_001_20260925_210058.wav,0,59.40306,18.07249,Phogri,Pholidoptera griseoaptera,Dark Bush-cricket,bush-cricket,0.99,,,25/09/2026,25/09/2026,21:00:58,ClassifEspSWE-0002026-05-29_1,JOHANKARLSSON,202609261750NZ8IMDWO,2026_25_sep_21,Citizen Science (ultrasonic) - shared
59~40306+18~07249_20260925_210106.wav,DEV_001_20260925_210106.wav,0,59.40306,18.07249,Phogri,Pholidoptera griseoaptera,Dark Bush-cricket,bush-cricket,0.98,,,25/09/2026,25/09/2026,21:01:06,ClassifEspSWE-0002026-05-29_1,JOHANKARLSSON,202609261750NZ8IMDWO,2026_25_sep_21,Citizen Science (ultrasonic) - shared
59~40306+18~07249_20260925_210112.wav,DEV_001_20260925_210112.wav,0,59.40306,18.07249,Phogri,Pholidoptera griseoaptera,Dark Bush-cricket,bush-cricket,0.99,,,25/09/2026,25/09/2026,21:01:12,ClassifEspSWE-0002026-05-29_1,JOHANKARLSSON,202609261750NZ8IMDWO,2026_25_sep_21,Citizen Science (ultrasonic) - shared
59~40306+18~07249_20260925_210120.wav,DEV_001_20260925_210120.wav,0,59.40306,18.07249,Phogri,Pholidoptera griseoaptera,Dark Bush-cricket,bush-cricket,0.99,,,25/09/2026,25/09/2026,21:01:20,ClassifEspSWE-0002026-05-29_1,JOHANKARLSSON,202609261750NZ8IMDWO,2026_25_sep_21,Citizen Science (ultrasonic) - shared
59~40306+18~07249_20260925_210130.wav,DEV_001_20260925_210130.wav,0,59.40306,18.07249,Phogri,Pholidoptera griseoaptera,Dark Bush-cricket,bush-cricket,0.97,,,25/09/2026,25/09/2026,21:01:30,ClassifEspSWE-0002026-05-29_1,JOHANKARLSSON,202609261750NZ8IMDWO,2026_25_sep_21,Citizen Science (ultrasonic) - shared
59~40306+18~07249_20260925_210138.wav,DEV_001_20260925_210138.wav,0,59.40306,18.07249,Phogri,Pholidoptera griseoaptera,Dark Bush-cricket,bush-cricket,0.59,,,25/09/2026,25/09/2026,21:01:38,ClassifEspSWE-0002026-05-29_1,JOHANKARLSSON,202609261750NZ8IMDWO,2026_25_sep_21,Citizen Science (ultrasonic) - shared
59~40306+18~07249_20260925_210146.wav,DEV_001_20260925_210146.wav,0,59.40306,18.07249,Phogri,Pholidoptera griseoaptera,Dark Bush-cricket,bush-cricket,0.98,,,25/09/2026,25/09/2026,21:01:46,ClassifEspSWE-0002026-05-29_1,JOHANKARLSSON,202609261750NZ8IMDWO,2026_25_sep_21,Citizen Science (ultrasonic) - shared
59~40306+18~07249_20260925_210204.wav,DEV_001_20260925_210204.wav,0,59.40306,18.07249,Phogri,Pholidoptera griseoaptera,Dark Bush-cricket,bush-cricket,0.93,,,25/09/2026,25/09/2026,21:02:04,ClassifEspSWE-0002026-05-29_1,JOHANKARLSSON,202609261750NZ8IMDWO,2026_25_sep_21,Citizen Science (ultrasonic) - shared
59~40306+18~07249_20260925_210225.wav,DEV_001_20260925_210225.wav,0,59.40306,18.07249,Phogri,Pholidoptera griseoaptera,Dark Bush-cricket,bush-cricket,0.98,,,25/09/2026,25/09/2026,21:02:25,ClassifEspSWE-0002026-05-29_1,JOHANKARLSSON,202609261750NZ8IMDWO,2026_25_sep_21,Citizen Science (ultrasonic) - shared
59~40306+18~07249_20260925_210232.wav,DEV_001_20260925_210232.wav,0,59.40306,18.07249,Phogri,Pholidoptera griseoaptera,Dark Bush-cricket,bush-cricket,0.98,,,25/09/2026,25/09/2026,21:02:32,ClassifEspSWE-0002026-05-29_1,JOHANKARLSSON,202609261750NZ8IMDWO,2026_25_sep_21,Citizen Science (ultrasonic) - shared
59~40306+18~07249_20260925_210239.wav,DEV_001_20260925_210239.wav,0,59.40306,18.07249,Phogri,Pholidoptera griseoaptera,Dark Bush-cricket,bush-cricket,0.99,,,25/09/2026,25/09/2026,21:02:39,ClassifEspSWE-0002026-05-29_1,JOHANKARLSSON,202609261750NZ8IMDWO,2026_25_sep_21,Citizen Science (ultrasonic) - shared
59~40306+18~07249_20260925_210244.wav,DEV_001_20260925_210244.wav,0,59.40306,18.07249,Phogri,Pholidoptera griseoaptera,Dark Bush-cricket,bush-cricket,0.97,,,25/09/2026,25/09/2026,21:02:44,ClassifEspSWE-0002026-05-29_1,JOHANKARLSSON,202609261750NZ8IMDWO,2026_25_sep_21,Citizen Science (ultrasonic) - shared
59~40306+18~07249_20260925_210250.wav,DEV_001_20260925_210250.wav,0,59.40306,18.07249,Phogri,Pholidoptera griseoaptera,Dark Bush-cricket,bush-cricket,0.87,,,25/09/2026,25/09/2026,21:02:50,ClassifEspSWE-0002026-05-29_1,JOHANKARLSSON,202609261750NZ8IMDWO,2026_25_sep_21,Citizen Science (ultrasonic) - shared
59~40306+18~07249_20260925_210256.wav,DEV_001_20260925_210256.wav,0,59.40306,18.07249,Phogri,Pholidoptera griseoaptera,Dark Bush-cricket,bush-cricket,0.97,,,25/09/2026,25/09/2026,21:02:56,ClassifEspSWE-0002026-05-29_1,JOHANKARLSSON,202609261750NZ8IMDWO,2026_25_sep_21,Citizen Science (ultrasonic) - shared
59~40306+18~07249_20260925_210307.wav,DEV_001_20260925_210307.wav,0,59.40306,18.07249,Phogri,Pholidoptera griseoaptera,Dark Bush-cricket,bush-cricket,0.99,,,25/09/2026,25/09/2026,21:03:07,ClassifEspSWE-0002026-05-29_1,JOHANKARLSSON,202609261750NZ8IMDWO,2026_25_sep_21,Citizen Science (ultrasonic) - shared
59~40306+18~07249_20260925_210312.wav,DEV_001_20260925_210312.wav,0,59.40306,18.07249,Phogri,Pholidoptera griseoaptera,Dark Bush-cricket,bush-cricket,0.99,,,25/09/2026,25/09/2026,21:03:12,ClassifEspSWE-0002026-05-29_1,JOHANKARLSSON,202609261750NZ8IMDWO,2026_25_sep_21,Citizen Science (ultrasonic) - shared
59~40306+18~07249_20260925_210317.wav,DEV_001_20260925_210317.wav,0,59.40306,18.07249,Phogri,Pholidoptera griseoaptera,Dark Bush-cricket,bush-cricket,0.97,,,25/09/2026,25/09/2026,21:03:17,ClassifEspSWE-0002026-05-29_1,JOHANKARLSSON,202609261750NZ8IMDWO,2026_25_sep_21,Citizen Science (ultrasonic) - shared
59~40306+18~07249_20260925_210323.wav,DEV_001_20260925_210323.wav,0,59.40306,18.07249,Phogri,Pholidoptera griseoaptera,Dark Bush-cricket,bush-cricket,0.98,,,25/09/2026,25/09/2026,21:03:23,ClassifEspSWE-0002026-05-29_1,JOHANKARLSSON,202609261750NZ8IMDWO,2026_25_sep_21,Citizen Science (ultrasonic) - shared
59~40306+18~07249_20260925_210334.wav,DEV_001_20260925_210334.wav,0,59.40306,18.07249,Phogri,Pholidoptera griseoaptera,Dark Bush-cricket,bush-cricket,0.98,,,25/09/2026,25/09/2026,21:03:34,ClassifEspSWE-0002026-05-29_1,JOHANKARLSSON,202609261750NZ8IMDWO,2026_25_sep_21,Citizen Science (ultrasonic) - shared
59~40306+18~07249_20260925_210341.wav,DEV_001_20260925_210341.wav,0,59.40306,18.07249,Phogri,Pholidoptera griseoaptera,Dark Bush-cricket,bush-cricket,0.87,,,25/09/2026,25/09/2026,21:03:41,ClassifEspSWE-0002026-05-29_1,JOHANKARLSSON,202609261750NZ8IMDWO,2026_25_sep_21,Citizen Science (ultrasonic) - shared
59~40306+18~07249_20260925_210349.wav,DEV_001_20260925_210349.wav,0,59.40306,18.07249,Phogri,Pholidoptera griseoaptera,Dark Bush-cricket,bush-cricket,0.98,,,25/09/2026,25/09/2026,21:03:49,ClassifEspSWE-0002026-05-29_1,JOHANKARLSSON,202609261750NZ8IMDWO,2026_25_sep_21,Citizen Science (ultrasonic) - shared
59~40306+18~07249_20260925_210402.wav,DEV_001_20260925_210402.wav,0,59.40306,18.07249,Phogri,Pholidoptera griseoaptera,Dark Bush-cricket,bush-cricket,0.95,,,25/09/2026,25/09/2026,21:04:02,ClassifEspSWE-0002026-05-29_1,JOHANKARLSSON,202609261750NZ8IMDWO,2026_25_sep_21,Citizen Science (ultrasonic) - shared
59~40306+18~07249_20260925_210411.wav,DEV_001_20260925_210411.wav,0,59.40306,18.07249,Phogri,Pholidoptera griseoaptera,Dark Bush-cricket,bush-cricket,0.95,,,25/09/2026,25/09/2026,21:04:11,ClassifEspSWE-0002026-05-29_1,JOHANKARLSSON,202609261750NZ8IMDWO,2026_25_sep_21,Citizen Science (ultrasonic) - shared
59~40306+18~07249_20260925_210419.wav,DEV_001_20260925_210419.wav,0,59.40306,18.07249,Phogri,Pholidoptera griseoaptera,Dark Bush-cricket,bush-cricket,0.99,,,25/09/2026,25/09/2026,21:04:19,ClassifEspSWE-0002026-05-29_1,JOHANKARLSSON,202609261750NZ8IMDWO,2026_25_sep_21,Citizen Science (ultrasonic) - shared
59~40306+18~07249_20260925_210432.wav,DEV_001_20260925_210432.wav,0,59.40306,18.07249,Phogri,Pholidoptera griseoaptera,Dark Bush-cricket,bush-cricket,0.96,,,25/09/2026,25/09/2026,21:04:32,ClassifEspSWE-0002026-05-29_1,JOHANKARLSSON,202609261750NZ8IMDWO,2026_25_sep_21,Citizen Science (ultrasonic) - shared
59~40306+18~07249_20260925_210442.wav,DEV_001_20260925_210442.wav,0,59.40306,18.07249,Phogri,Pholidoptera griseoaptera,Dark Bush-cricket,bush-cricket,0.79,,,25/09/2026,25/09/2026,21:04:42,ClassifEspSWE-0002026-05-29_1,JOHANKARLSSON,202609261750NZ8IMDWO,2026_25_sep_21,Citizen Science (ultrasonic) - shared
59~40306+18~07249_20260925_210450.wav,DEV_001_20260925_210450.wav,0,59.40306,18.07249,Phogri,Pholidoptera griseoaptera,Dark Bush-cricket,bush-cricket,0.97,,,25/09/2026,25/09/2026,21:04:50,ClassifEspSWE-0002026-05-29_1,JOHANKARLSSON,202609261750NZ8IMDWO,2026_25_sep_21,Citizen Science (ultrasonic) - shared
59~40306+18~07249_20260925_210457.wav,DEV_001_20260925_210457.wav,0,59.40306,18.07249,Phogri,Pholidoptera griseoaptera,Dark Bush-cricket,bush-cricket,0.95,,,25/09/2026,25/09/2026,21:04:57,ClassifEspSWE-0002026-05-29_1,JOHANKARLSSON,202609261750NZ8IMDWO,2026_25_sep_21,Citizen Science (ultrasonic) - shared
59~40306+18~07249_20260925_210516.wav,DEV_001_20260925_210516.wav,0,59.40306,18.07249,Phogri,Pholidoptera griseoaptera,Dark Bush-cricket,bush-cricket,0.97,,,25/09/2026,25/09/2026,21:05:16,ClassifEspSWE-0002026-05-29_1,JOHANKARLSSON,202609261750NZ8IMDWO,2026_25_sep_21,Citizen Science (ultrasonic) - shared
59~40306+18~07249_20260925_210539.wav,DEV_001_20260925_210539.wav,0,59.40306,18.07249,Phogri,Pholidoptera griseoaptera,Dark Bush-cricket,bush-cricket,0.91,,,25/09/2026,25/09/2026,21:05:39,ClassifEspSWE-0002026-05-29_1,JOHANKARLSSON,202609261750NZ8IMDWO,2026_25_sep_21,Citizen Science (ultrasonic) - shared
59~40306+18~07249_20260925_210544.wav,DEV_001_20260925_210544.wav,0,59.40306,18.07249,Phogri,Pholidoptera griseoaptera,Dark Bush-cricket,bush-cricket,0.88,,,25/09/2026,25/09/2026,21:05:44,ClassifEspSWE-0002026-05-29_1,JOHANKARLSSON,202609261750NZ8IMDWO,2026_25_sep_21,Citizen Science (ultrasonic) - shared
59~40306+18~07249_20260925_210552.wav,DEV_001_20260925_210552.wav,0,59.40306,18.07249,Phogri,Pholidoptera griseoaptera,Dark Bush-cricket,bush-cricket,0.96,,,25/09/2026,25/09/2026,21:05:52,ClassifEspSWE-0002026-05-29_1,JOHANKARLSSON,202609261750NZ8IMDWO,2026_25_sep_21,Citizen Science (ultrasonic) - shared
59~40306+18~07249_20260925_210557.wav,DEV_001_20260925_210557.wav,0,59.40306,18.07249,Phogri,Pholidoptera griseoaptera,Dark Bush-cricket,bush-cricket,0.91,,,25/09/2026,25/09/2026,21:05:57,ClassifEspSWE-0002026-05-29_1,JOHANKARLSSON,202609261750NZ8IMDWO,2026_25_sep_21,Citizen Science (ultrasonic) - shared
59~40306+18~07249_20260925_210605.wav,DEV_001_20260925_210605.wav,0,59.40306,18.07249,Phogri,Pholidoptera griseoaptera,Dark Bush-cricket,bush-cricket,0.96,,,25/09/2026,25/09/2026,21:06:05,ClassifEspSWE-0002026-05-29_1,JOHANKARLSSON,202609261750NZ8IMDWO,2026_25_sep_21,Citizen Science (ultrasonic) - shared
59~40306+18~07249_20260925_210610.wav,DEV_001_20260925_210610.wav,0,59.40306,18.07249,Phogri,Pholidoptera griseoaptera,Dark Bush-cricket,bush-cricket,0.98,,,25/09/2026,25/09/2026,21:06:10,ClassifEspSWE-0002026-05-29_1,JOHANKARLSSON,202609261750NZ8IMDWO,2026_25_sep_21,Citizen Science (ultrasonic) - shared
59~40306+18~07249_20260925_210620.wav,DEV_001_20260925_210620.wav,0,59.40306,18.07249,Phogri,Pholidoptera griseoaptera,Dark Bush-cricket,bush-cricket,0.96,,,25/09/2026,25/09/2026,21:06:20,ClassifEspSWE-0002026-05-29_1,JOHANKARLSSON,202609261750NZ8IMDWO,2026_25_sep_21,Citizen Science (ultrasonic) - shared
59~40306+18~07249_20260925_210641.wav,DEV_001_20260925_210641.wav,0,59.40306,18.07249,Phogri,Pholidoptera griseoaptera,Dark Bush-cricket,bush-cricket,0.93,,,25/09/2026,25/09/2026,21:06:41,ClassifEspSWE-0002026-05-29_1,JOHANKARLSSON,202609261750NZ8IMDWO,2026_25_sep_21,Citizen Science (ultrasonic) - shared
59~40306+18~07249_20260925_210651.wav,DEV_001_20260925_210651.wav,0,59.40306,18.07249,Phogri,Pholidoptera griseoaptera,Dark Bush-cricket,bush-cricket,0.89,,,25/09/2026,25/09/2026,21:06:51,ClassifEspSWE-0002026-05-29_1,JOHANKARLSSON,202609261750NZ8IMDWO,2026_25_sep_21,Citizen Science (ultrasonic) - shared
59~40306+18~07249_20260925_210658.wav,DEV_001_20260925_210658.wav,0,59.40306,18.07249,Phogri,Pholidoptera griseoaptera,Dark Bush-cricket,bush-cricket,0.96,,,25/09/2026,25/09/2026,21:06:58,ClassifEspSWE-0002026-05-29_1,JOHANKARLSSON,202609261750NZ8IMDWO,2026_25_sep_21,Citizen Science (ultrasonic) - shared
59~40306+18~07249_20260925_210703.wav,DEV_001_20260925_210703.wav,0,59.40306,18.07249,Phogri,Pholidoptera griseoaptera,Dark Bush-cricket,bush-cricket,0.97,,,25/09/2026,25/09/2026,21:07:03,ClassifEspSWE-0002026-05-29_1,JOHANKARLSSON,202609261750NZ8IMDWO,2026_25_sep_21,Citizen Science (ultrasonic) - shared
59~40306+18~07249_20260925_210709.wav,DEV_001_20260925_210709.wav,0,59.40306,18.07249,Phogri,Pholidoptera griseoaptera,Dark Bush-cricket,bush-cricket,0.73,,,25/09/2026,25/09/2026,21:07:09,ClassifEspSWE-0002026-05-29_1,JOHANKARLSSON,202609261750NZ8IMDWO,2026_25_sep_21,Citizen Science (ultrasonic) - shared
59~40306+18~07249_20260925_210714.wav,DEV_001_20260925_210714.wav,0,59.40306,18.07249,Phogri,Pholidoptera griseoaptera,Dark Bush-cricket,bush-cricket,0.8,,,25/09/2026,25/09/2026,21:07:14,ClassifEspSWE-0002026-05-29_1,JOHANKARLSSON,202609261750NZ8IMDWO,2026_25_sep_21,Citizen Science (ultrasonic) - shared
59~40306+18~07249_20260925_210725.wav,DEV_001_20260925_210725.wav,0,59.40306,18.07249,Phogri,Pholidoptera griseoaptera,Dark Bush-cricket,bush-cricket,0.57,,,25/09/2026,25/09/2026,21:07:25,ClassifEspSWE-0002026-05-29_1,JOHANKARLSSON,202609261750NZ8IMDWO,2026_25_sep_21,Citizen Science (ultrasonic) - shared
59~40306+18~07249_20260925_210731.wav,DEV_001_20260925_210731.wav,0,59.40306,18.07249,Phogri,Pholidoptera griseoaptera,Dark Bush-cricket,bush-cricket,0.96,,,25/09/2026,25/09/2026,21:07:31,ClassifEspSWE-0002026-05-29_1,JOHANKARLSSON,202609261750NZ8IMDWO,2026_25_sep_21,Citizen Science (ultrasonic) - shared
59~40306+18~07249_20260925_210737.wav,DEV_001_20260925_210737.wav,0,59.40306,18.07249,Phogri,Pholidoptera griseoaptera,Dark Bush-cricket,bush-cricket,0.54,,,25/09/2026,25/09/2026,21:07:37,ClassifEspSWE-0002026-05-29_1,JOHANKARLSSON,202609261750NZ8IMDWO,2026_25_sep_21,Citizen Science (ultrasonic) - shared
59~40306+18~07249_20260925_210747.wav,DEV_001_20260925_210747.wav,0,59.40306,18.07249,Phogri,Pholidoptera griseoaptera,Dark Bush-cricket,bush-cricket,0.93,,,25/09/2026,25/09/2026,21:07:47,ClassifEspSWE-0002026-05-29_1,JOHANKARLSSON,202609261750NZ8IMDWO,2026_25_sep_21,Citizen Science (ultrasonic) - shared
59~40306+18~07249_20260925_210802.wav,DEV_001_20260925_210802.wav,0,59.40306,18.07249,Phogri,Pholidoptera griseoaptera,Dark Bush-cricket,bush-cricket,0.89,,,25/09/2026,25/09/2026,21:08:02,ClassifEspSWE-0002026-05-29_1,JOHANKARLSSON,202609261750NZ8IMDWO,2026_25_sep_21,Citizen Science (ultrasonic) - shared
59~40306+18~07249_20260925_210807.wav,DEV_001_20260925_210807.wav,0,59.40306,18.07249,Phogri,Pholidoptera griseoaptera,Dark Bush-cricket,bush-cricket,0.84,,,25/09/2026,25/09/2026,21:08:07,ClassifEspSWE-0002026-05-29_1,JOHANKARLSSON,202609261750NZ8IMDWO,2026_25_sep_21,Citizen Science (ultrasonic) - shared
59~40306+18~07249_20260925_210816.wav,DEV_001_20260925_210816.wav,0,59.40306,18.07249,Phogri,Pholidoptera griseoaptera,Dark Bush-cricket,bush-cricket,0.81,,,25/09/2026,25/09/2026,21:08:16,ClassifEspSWE-0002026-05-29_1,JOHANKARLSSON,202609261750NZ8IMDWO,2026_25_sep_21,Citizen Science (ultrasonic) - shared
59~40306+18~07249_20260925_210823.wav,DEV_001_20260925_210823.wav,0,59.40306,18.07249,Phogri,Pholidoptera griseoaptera,Dark Bush-cricket,bush-cricket,0.9,,,25/09/2026,25/09/2026,21:08:23,ClassifEspSWE-0002026-05-29_1,JOHANKARLSSON,202609261750NZ8IMDWO,2026_25_sep_21,Citizen Science (ultrasonic) - shared
59~40306+18~07249_20260925_210834.wav,DEV_001_20260925_210834.wav,0,59.40306,18.07249,Phogri,Pholidoptera griseoaptera,Dark Bush-cricket,bush-cricket,0.87,,,25/09/2026,25/09/2026,21:08:34,ClassifEspSWE-0002026-05-29_1,JOHANKARLSSON,202609261750NZ8IMDWO,2026_25_sep_21,Citizen Science (ultrasonic) - shared
59~40306+18~07249_20260925_210839.wav,DEV_001_20260925_210839.wav,0,59.40306,18.07249,Phogri,Pholidoptera griseoaptera,Dark Bush-cricket,bush-cricket,0.79,,,25/09/2026,25/09/2026,21:08:39,ClassifEspSWE-0002026-05-29_1,JOHANKARLSSON,202609261750NZ8IMDWO,2026_25_sep_21,Citizen Science (ultrasonic) - shared
59~40306+18~07249_20260925_210852.wav,DEV_001_20260925_210852.wav,0,59.40306,18.07249,Phogri,Pholidoptera griseoaptera,Dark Bush-cricket,bush-cricket,0.83,,,25/09/2026,25/09/2026,21:08:52,ClassifEspSWE-0002026-05-29_1,JOHANKARLSSON,202609261750NZ8IMDWO,2026_25_sep_21,Citizen Science (ultrasonic) - shared
59~40306+18~07249_20260925_210859.wav,DEV_001_20260925_210859.wav,0,59.40306,18.07249,Phogri,Pholidoptera griseoaptera,Dark Bush-cricket,bush-cricket,0.97,,,25/09/2026,25/09/2026,21:08:59,ClassifEspSWE-0002026-05-29_1,JOHANKARLSSON,202609261750NZ8IMDWO,2026_25_sep_21,Citizen Science (ultrasonic) - shared
59~40306+18~07249_20260925_210928.wav,DEV_001_20260925_210928.wav,0,59.40306,18.07249,Phogri,Pholidoptera griseoaptera,Dark Bush-cricket,bush-cricket,0.88,,,25/09/2026,25/09/2026,21:09:28,ClassifEspSWE-0002026-05-29_1,JOHANKARLSSON,202609261750NZ8IMDWO,2026_25_sep_21,Citizen Science (ultrasonic) - shared
59~40306+18~07249_20260925_210957.wav,DEV_001_20260925_210957.wav,0,59.40306,18.07249,Phogri,Pholidoptera griseoaptera,Dark Bush-cricket,bush-cricket,0.97,,,25/09/2026,25/09/2026,21:09:57,ClassifEspSWE-0002026-05-29_1,JOHANKARLSSON,202609261750NZ8IMDWO,2026_25_sep_21,Citizen Science (ultrasonic) - shared
59~40306+18~07249_20260925_211039.wav,DEV_001_20260925_211039.wav,0,59.40306,18.07249,Phogri,Pholidoptera griseoaptera,Dark Bush-cricket,bush-cricket,0.98,,,25/09/2026,25/09/2026,21:10:39,ClassifEspSWE-0002026-05-29_1,JOHANKARLSSON,202609261750NZ8IMDWO,2026_25_sep_21,Citizen Science (ultrasonic) - shared
59~40306+18~07249_20260925_211126.wav,DEV_001_20260925_211126.wav,0,59.40306,18.07249,Phogri,Pholidoptera griseoaptera,Dark Bush-cricket,bush-cricket,0.97,,,25/09/2026,25/09/2026,21:11:26,ClassifEspSWE-0002026-05-29_1,JOHANKARLSSON,202609261750NZ8IMDWO,2026_25_sep_21,Citizen Science (ultrasonic) - shared
59~40306+18~07249_20260925_211132.wav,DEV_001_20260925_211132.wav,0,59.40306,18.07249,Phogri,Pholidoptera griseoaptera,Dark Bush-cricket,bush-cricket,0.95,,,25/09/2026,25/09/2026,21:11:32,ClassifEspSWE-0002026-05-29_1,JOHANKARLSSON,202609261750NZ8IMDWO,2026_25_sep_21,Citizen Science (ultrasonic) - shared
59~40306+18~07249_20260925_211139.wav,DEV_001_20260925_211139.wav,0,59.40306,18.07249,Phogri,Pholidoptera griseoaptera,Dark Bush-cricket,bush-cricket,0.98,,,25/09/2026,25/09/2026,21:11:39,ClassifEspSWE-0002026-05-29_1,JOHANKARLSSON,202609261750NZ8IMDWO,2026_25_sep_21,Citizen Science (ultrasonic) - shared
59~40306+18~07249_20260925_211148.wav,DEV_001_20260925_211148.wav,0,59.40306,18.07249,Phogri,Pholidoptera griseoaptera,Dark Bush-cricket,bush-cricket,0.9,,,25/09/2026,25/09/2026,21:11:48,ClassifEspSWE-0002026-05-29_1,JOHANKARLSSON,202609261750NZ8IMDWO,2026_25_sep_21,Citizen Science (ultrasonic) - shared
59~40306+18~07249_20260925_211200.wav,DEV_001_20260925_211200.wav,0,59.40306,18.07249,Phogri,Pholidoptera griseoaptera,Dark Bush-cricket,bush-cricket,0.99,,,25/09/2026,25/09/2026,21:12:00,ClassifEspSWE-0002026-05-29_1,JOHANKARLSSON,202609261750NZ8IMDWO,2026_25_sep_21,Citizen Science (ultrasonic) - shared
59~40306+18~07249_20260925_211206.wav,DEV_001_20260925_211206.wav,0,59.40306,18.07249,Phogri,Pholidoptera griseoaptera,Dark Bush-cricket,bush-cricket,0.98,,,25/09/2026,25/09/2026,21:12:06,ClassifEspSWE-0002026-05-29_1,JOHANKARLSSON,202609261750NZ8IMDWO,2026_25_sep_21,Citizen Science (ultrasonic) - shared
59~40306+18~07249_20260925_211215.wav,DEV_001_20260925_211215.wav,0,59.40306,18.07249,Phogri,Pholidoptera griseoaptera,Dark Bush-cricket,bush-cricket,0.92,,,25/09/2026,25/09/2026,21:12:15,ClassifEspSWE-0002026-05-29_1,JOHANKARLSSON,202609261750NZ8IMDWO,2026_25_sep_21,Citizen Science (ultrasonic) - shared
59~40306+18~07249_20260925_211222.wav,DEV_001_20260925_211222.wav,0,59.40306,18.07249,Phogri,Pholidoptera griseoaptera,Dark Bush-cricket,bush-cricket,0.97,,,25/09/2026,25/09/2026,21:12:22,ClassifEspSWE-0002026-05-29_1,JOHANKARLSSON,202609261750NZ8IMDWO,2026_25_sep_21,Citizen Science (ultrasonic) - shared
59~40306+18~07249_20260925_211231.wav,DEV_001_20260925_211231.wav,0,59.40306,18.07249,Phogri,Pholidoptera griseoaptera,Dark Bush-cricket,bush-cricket,0.93,,,25/09/2026,25/09/2026,21:12:31,ClassifEspSWE-0002026-05-29_1,JOHANKARLSSON,202609261750NZ8IMDWO,2026_25_sep_21,Citizen Science (ultrasonic) - shared
59~40306+18~07249_20260925_211240.wav,DEV_001_20260925_211240.wav,0,59.40306,18.07249,Phogri,Pholidoptera griseoaptera,Dark Bush-cricket,bush-cricket,0.88,,,25/09/2026,25/09/2026,21:12:40,ClassifEspSWE-0002026-05-29_1,JOHANKARLSSON,202609261750NZ8IMDWO,2026_25_sep_21,Citizen Science (ultrasonic) - shared
59~40306+18~07249_20260925_211246.wav,DEV_001_20260925_211246.wav,0,59.40306,18.07249,Phogri,Pholidoptera griseoaptera,Dark Bush-cricket,bush-cricket,0.89,,,25/09/2026,25/09/2026,21:12:46,ClassifEspSWE-0002026-05-29_1,JOHANKARLSSON,202609261750NZ8IMDWO,2026_25_sep_21,Citizen Science (ultrasonic) - shared
59~40306+18~07249_20260925_211256.wav,DEV_001_20260925_211256.wav,0,59.40306,18.07249,Phogri,Pholidoptera griseoaptera,Dark Bush-cricket,bush-cricket,0.92,,,25/09/2026,25/09/2026,21:12:56,ClassifEspSWE-0002026-05-29_1,JOHANKARLSSON,202609261750NZ8IMDWO,2026_25_sep_21,Citizen Science (ultrasonic) - shared
59~40306+18~07249_20260925_211301.wav,DEV_001_20260925_211301.wav,0,59.40306,18.07249,Phogri,Pholidoptera griseoaptera,Dark Bush-cricket,bush-cricket,0.73,,,25/09/2026,25/09/2026,21:13:01,ClassifEspSWE-0002026-05-29_1,JOHANKARLSSON,202609261750NZ8IMDWO,2026_25_sep_21,Citizen Science (ultrasonic) - shared
59~40306+18~07249_20260925_211310.wav,DEV_001_20260925_211310.wav,0,59.40306,18.07249,Phogri,Pholidoptera griseoaptera,Dark Bush-cricket,bush-cricket,0.85,,,25/09/2026,25/09/2026,21:13:10,ClassifEspSWE-0002026-05-29_1,JOHANKARLSSON,202609261750NZ8IMDWO,2026_25_sep_21,Citizen Science (ultrasonic) - shared
59~40306+18~07249_20260925_211318.wav,DEV_001_20260925_211318.wav,0,59.40306,18.07249,Phogri,Pholidoptera griseoaptera,Dark Bush-cricket,bush-cricket,0.99,,,25/09/2026,25/09/2026,21:13:18,ClassifEspSWE-0002026-05-29_1,JOHANKARLSSON,202609261750NZ8IMDWO,2026_25_sep_21,Citizen Science (ultrasonic) - shared
59~40306+18~07249_20260925_211324.wav,DEV_001_20260925_211324.wav,0,59.40306,18.07249,Phogri,Pholidoptera griseoaptera,Dark Bush-cricket,bush-cricket,0.69,,,25/09/2026,25/09/2026,21:13:24,ClassifEspSWE-0002026-05-29_1,JOHANKARLSSON,202609261750NZ8IMDWO,2026_25_sep_21,Citizen Science (ultrasonic) - shared
59~40306+18~07249_20260925_211334.wav,DEV_001_20260925_211334.wav,0,59.40306,18.07249,Phogri,Pholidoptera griseoaptera,Dark Bush-cricket,bush-cricket,0.9,,,25/09/2026,25/09/2026,21:13:34,ClassifEspSWE-0002026-05-29_1,JOHANKARLSSON,202609261750NZ8IMDWO,2026_25_sep_21,Citizen Science (ultrasonic) - shared
59~40306+18~07249_20260925_211345.wav,DEV_001_20260925_211345.wav,0,59.40306,18.07249,Phogri,Pholidoptera griseoaptera,Dark Bush-cricket,bush-cricket,0.92,,,25/09/2026,25/09/2026,21:13:45,ClassifEspSWE-0002026-05-29_1,JOHANKARLSSON,202609261750NZ8IMDWO,2026_25_sep_21,Citizen Science (ultrasonic) - shared
59~40306+18~07249_20260925_211351.wav,DEV_001_20260925_211351.wav,0,59.40306,18.07249,Phogri,Pholidoptera griseoaptera,Dark Bush-cricket,bush-cricket,0.98,,,25/09/2026,25/09/2026,21:13:51,ClassifEspSWE-0002026-05-29_1,JOHANKARLSSON,202609261750NZ8IMDWO,2026_25_sep_21,Citizen Science (ultrasonic) - shared
59~40306+18~07249_20260925_211407.wav,DEV_001_20260925_211407.wav,0,59.40306,18.07249,Phogri,Pholidoptera griseoaptera,Dark Bush-cricket,bush-cricket,0.91,,,25/09/2026,25/09/2026,21:14:07,ClassifEspSWE-0002026-05-29_1,JOHANKARLSSON,202609261750NZ8IMDWO,2026_25_sep_21,Citizen Science (ultrasonic) - shared
59~40306+18~07249_20260925_211415.wav,DEV_001_20260925_211415.wav,0,59.40306,18.07249,Phogri,Pholidoptera griseoaptera,Dark Bush-cricket,bush-cricket,0.96,,,25/09/2026,25/09/2026,21:14:15,ClassifEspSWE-0002026-05-29_1,JOHANKARLSSON,202609261750NZ8IMDWO,2026_25_sep_21,Citizen Science (ultrasonic) - shared
59~40306+18~07249_20260925_211422.wav,DEV_001_20260925_211422.wav,0,59.40306,18.07249,Phogri,Pholidoptera griseoaptera,Dark Bush-cricket,bush-cricket,0.95,,,25/09/2026,25/09/2026,21:14:22,ClassifEspSWE-0002026-05-29_1,JOHANKARLSSON,202609261750NZ8IMDWO,2026_25_sep_21,Citizen Science (ultrasonic) - shared
59~40306+18~07249_20260925_211432.wav,DEV_001_20260925_211432.wav,0,59.40306,18.07249,Phogri,Pholidoptera griseoaptera,Dark Bush-cricket,bush-cricket,0.98,,,25/09/2026,25/09/2026,21:14:32,ClassifEspSWE-0002026-05-29_1,JOHANKARLSSON,202609261750NZ8IMDWO,2026_25_sep_21,Citizen Science (ultrasonic) - shared
59~40306+18~07249_20260925_211441.wav,DEV_001_20260925_211441.wav,0,59.40306,18.07249,Phogri,Pholidoptera griseoaptera,Dark Bush-cricket,bush-cricket,0.84,,,25/09/2026,25/09/2026,21:14:41,ClassifEspSWE-0002026-05-29_1,JOHANKARLSSON,202609261750NZ8IMDWO,2026_25_sep_21,Citizen Science (ultrasonic) - shared
59~40306+18~07249_20260925_211450.wav,DEV_001_20260925_211450.wav,0,59.40306,18.07249,Phogri,Pholidoptera griseoaptera,Dark Bush-cricket,bush-cricket,0.69,,,25/09/2026,25/09/2026,21:14:50,ClassifEspSWE-0002026-05-29_1,JOHANKARLSSON,202609261750NZ8IMDWO,2026_25_sep_21,Citizen Science (ultrasonic) - shared
59~40306+18~07249_20260925_211457.wav,DEV_001_20260925_211457.wav,0,59.40306,18.07249,Phogri,Pholidoptera griseoaptera,Dark Bush-cricket,bush-cricket,0.95,,,25/09/2026,25/09/2026,21:14:57,ClassifEspSWE-0002026-05-29_1,JOHANKARLSSON,202609261750NZ8IMDWO,2026_25_sep_21,Citizen Science (ultrasonic) - shared
59~40306+18~07249_20260925_211505.wav,DEV_001_20260925_211505.wav,0,59.40306,18.07249,Phogri,Pholidoptera griseoaptera,Dark Bush-cricket,bush-cricket,0.59,,,25/09/2026,25/09/2026,21:15:05,ClassifEspSWE-0002026-05-29_1,JOHANKARLSSON,202609261750NZ8IMDWO,2026_25_sep_21,Citizen Science (ultrasonic) - shared
59~40306+18~07249_20260925_211510.wav,DEV_001_20260925_211510.wav,0,59.40306,18.07249,Phogri,Pholidoptera griseoaptera,Dark Bush-cricket,bush-cricket,0.92,,,25/09/2026,25/09/2026,21:15:10,ClassifEspSWE-0002026-05-29_1,JOHANKARLSSON,202609261750NZ8IMDWO,2026_25_sep_21,Citizen Science (ultrasonic) - shared
59~40306+18~07249_20260925_211517.wav,DEV_001_20260925_211517.wav,0,59.40306,18.07249,Phogri,Pholidoptera griseoaptera,Dark Bush-cricket,bush-cricket,0.95,,,25/09/2026,25/09/2026,21:15:17,ClassifEspSWE-0002026-05-29_1,JOHANKARLSSON,202609261750NZ8IMDWO,2026_25_sep_21,Citizen Science (ultrasonic) - shared
59~40306+18~07249_20260925_211524.wav,DEV_001_20260925_211524.wav,0,59.40306,18.07249,Phogri,Pholidoptera griseoaptera,Dark Bush-cricket,bush-cricket,0.99,,,25/09/2026,25/09/2026,21:15:24,ClassifEspSWE-0002026-05-29_1,JOHANKARLSSON,202609261750NZ8IMDWO,2026_25_sep_21,Citizen Science (ultrasonic) - shared
59~40306+18~07249_20260925_211546.wav,DEV_001_20260925_211546.wav,0,59.40306,18.07249,Phogri,Pholidoptera griseoaptera,Dark Bush-cricket,bush-cricket,0.97,,,25/09/2026,25/09/2026,21:15:46,ClassifEspSWE-0002026-05-29_1,JOHANKARLSSON,202609261750NZ8IMDWO,2026_25_sep_21,Citizen Science (ultrasonic) - shared
59~40306+18~07249_20260925_211554.wav,DEV_001_20260925_211554.wav,0,59.40306,18.07249,Phogri,Pholidoptera griseoaptera,Dark Bush-cricket,bush-cricket,0.98,,,25/09/2026,25/09/2026,21:15:54,ClassifEspSWE-0002026-05-29_1,JOHANKARLSSON,202609261750NZ8IMDWO,2026_25_sep_21,Citizen Science (ultrasonic) - shared
59~40306+18~07249_20260925_211603.wav,DEV_001_20260925_211603.wav,0,59.40306,18.07249,Phogri,Pholidoptera griseoaptera,Dark Bush-cricket,bush-cricket,0.99,,,25/09/2026,25/09/2026,21:16:03,ClassifEspSWE-0002026-05-29_1,JOHANKARLSSON,202609261750NZ8IMDWO,2026_25_sep_21,Citizen Science (ultrasonic) - shared
59~40306+18~07249_20260925_211611.wav,DEV_001_20260925_211611.wav,0,59.40306,18.07249,Phogri,Pholidoptera griseoaptera,Dark Bush-cricket,bush-cricket,0.98,,,25/09/2026,25/09/2026,21:16:11,ClassifEspSWE-0002026-05-29_1,JOHANKARLSSON,202609261750NZ8IMDWO,2026_25_sep_21,Citizen Science (ultrasonic) - shared
59~40306+18~07249_20260925_211623.wav,DEV_001_20260925_211623.wav,0,59.40306,18.07249,Phogri,Pholidoptera griseoaptera,Dark Bush-cricket,bush-cricket,0.91,,,25/09/2026,25/09/2026,21:16:23,ClassifEspSWE-0002026-05-29_1,JOHANKARLSSON,202609261750NZ8IMDWO,2026_25_sep_21,Citizen Science (ultrasonic) - shared
59~40306+18~07249_20260925_211635.wav,DEV_001_20260925_211635.wav,0,59.40306,18.07249,Phogri,Pholidoptera griseoaptera,Dark Bush-cricket,bush-cricket,0.53,,,25/09/2026,25/09/2026,21:16:35,ClassifEspSWE-0002026-05-29_1,JOHANKARLSSON,202609261750NZ8IMDWO,2026_25_sep_21,Citizen Science (ultrasonic) - shared
59~40306+18~07249_20260925_211645.wav,DEV_001_20260925_211645.wav,0,59.40306,18.07249,Phogri,Pholidoptera griseoaptera,Dark Bush-cricket,bush-cricket,0.95,,,25/09/2026,25/09/2026,21:16:45,ClassifEspSWE-0002026-05-29_1,JOHANKARLSSON,202609261750NZ8IMDWO,2026_25_sep_21,Citizen Science (ultrasonic) - shared
59~40306+18~07249_20260925_211650.wav,DEV_001_20260925_211650.wav,0,59.40306,18.07249,Phogri,Pholidoptera griseoaptera,Dark Bush-cricket,bush-cricket,0.99,,,25/09/2026,25/09/2026,21:16:50,ClassifEspSWE-0002026-05-29_1,JOHANKARLSSON,202609261750NZ8IMDWO,2026_25_sep_21,Citizen Science (ultrasonic) - shared
59~40306+18~07249_20260925_211655.wav,DEV_001_20260925_211655.wav,0,59.40306,18.07249,Phogri,Pholidoptera griseoaptera,Dark Bush-cricket,bush-cricket,0.97,,,25/09/2026,25/09/2026,21:16:55,ClassifEspSWE-0002026-05-29_1,JOHANKARLSSON,202609261750NZ8IMDWO,2026_25_sep_21,Citizen Science (ultrasonic) - shared
59~40306+18~07249_20260925_211706.wav,DEV_001_20260925_211706.wav,0,59.40306,18.07249,Phogri,Pholidoptera griseoaptera,Dark Bush-cricket,bush-cricket,0.89,,,25/09/2026,25/09/2026,21:17:06,ClassifEspSWE-0002026-05-29_1,JOHANKARLSSON,202609261750NZ8IMDWO,2026_25_sep_21,Citizen Science (ultrasonic) - shared
59~40306+18~07249_20260925_211711.wav,DEV_001_20260925_211711.wav,0,59.40306,18.07249,Phogri,Pholidoptera griseoaptera,Dark Bush-cricket,bush-cricket,0.97,,,25/09/2026,25/09/2026,21:17:11,ClassifEspSWE-0002026-05-29_1,JOHANKARLSSON,202609261750NZ8IMDWO,2026_25_sep_21,Citizen Science (ultrasonic) - shared
59~40306+18~07249_20260925_211716.wav,DEV_001_20260925_211716.wav,0,59.40306,18.07249,Phogri,Pholidoptera griseoaptera,Dark Bush-cricket,bush-cricket,0.98,,,25/09/2026,25/09/2026,21:17:16,ClassifEspSWE-0002026-05-29_1,JOHANKARLSSON,202609261750NZ8IMDWO,2026_25_sep_21,Citizen Science (ultrasonic) - shared
59~40306+18~07249_20260925_211726.wav,DEV_001_20260925_211726.wav,0,59.40306,18.07249,Phogri,Pholidoptera griseoaptera,Dark Bush-cricket,bush-cricket,0.65,,,25/09/2026,25/09/2026,21:17:26,ClassifEspSWE-0002026-05-29_1,JOHANKARLSSON,202609261750NZ8IMDWO,2026_25_sep_21,Citizen Science (ultrasonic) - shared
59~40306+18~07249_20260925_211735.wav,DEV_001_20260925_211735.wav,0,59.40306,18.07249,Phogri,Pholidoptera griseoaptera,Dark Bush-cricket,bush-cricket,0.97,,,25/09/2026,25/09/2026,21:17:35,ClassifEspSWE-0002026-05-29_1,JOHANKARLSSON,202609261750NZ8IMDWO,2026_25_sep_21,Citizen Science (ultrasonic) - shared
59~40306+18~07249_20260925_211742.wav,DEV_001_20260925_211742.wav,0,59.40306,18.07249,Phogri,Pholidoptera griseoaptera,Dark Bush-cricket,bush-cricket,0.92,,,25/09/2026,25/09/2026,21:17:42,ClassifEspSWE-0002026-05-29_1,JOHANKARLSSON,202609261750NZ8IMDWO,2026_25_sep_21,Citizen Science (ultrasonic) - shared
59~40306+18~07249_20260925_211752.wav,DEV_001_20260925_211752.wav,0,59.40306,18.07249,Phogri,Pholidoptera griseoaptera,Dark Bush-cricket,bush-cricket,0.95,,,25/09/2026,25/09/2026,21:17:52,ClassifEspSWE-0002026-05-29_1,JOHANKARLSSON,202609261750NZ8IMDWO,2026_25_sep_21,Citizen Science (ultrasonic) - shared
59~40306+18~07249_20260925_211807.wav,DEV_001_20260925_211807.wav,0,59.40306,18.07249,Phogri,Pholidoptera griseoaptera,Dark Bush-cricket,bush-cricket,0.65,,,25/09/2026,25/09/2026,21:18:07,ClassifEspSWE-0002026-05-29_1,JOHANKARLSSON,202609261750NZ8IMDWO,2026_25_sep_21,Citizen Science (ultrasonic) - shared
59~40306+18~07249_20260925_211817.wav,DEV_001_20260925_211817.wav,0,59.40306,18.07249,Phogri,Pholidoptera griseoaptera,Dark Bush-cricket,bush-cricket,0.87,,,25/09/2026,25/09/2026,21:18:17,ClassifEspSWE-0002026-05-29_1,JOHANKARLSSON,202609261750NZ8IMDWO,2026_25_sep_21,Citizen Science (ultrasonic) - shared
59~40306+18~07249_20260925_211827.wav,DEV_001_20260925_211827.wav,0,59.40306,18.07249,Phogri,Pholidoptera griseoaptera,Dark Bush-cricket,bush-cricket,0.82,,,25/09/2026,25/09/2026,21:18:27,ClassifEspSWE-0002026-05-29_1,JOHANKARLSSON,202609261750NZ8IMDWO,2026_25_sep_21,Citizen Science (ultrasonic) - shared
59~40306+18~07249_20260925_211838.wav,DEV_001_20260925_211838.wav,0,59.40306,18.07249,Phogri,Pholidoptera griseoaptera,Dark Bush-cricket,bush-cricket,0.53,,,25/09/2026,25/09/2026,21:18:38,ClassifEspSWE-0002026-05-29_1,JOHANKARLSSON,202609261750NZ8IMDWO,2026_25_sep_21,Citizen Science (ultrasonic) - shared
59~40306+18~07249_20260925_211848.wav,DEV_001_20260925_211848.wav,0,59.40306,18.07249,Phogri,Pholidoptera griseoaptera,Dark Bush-cricket,bush-cricket,0.96,,,25/09/2026,25/09/2026,21:18:48,ClassifEspSWE-0002026-05-29_1,JOHANKARLSSON,202609261750NZ8IMDWO,2026_25_sep_21,Citizen Science (ultrasonic) - shared
59~40306+18~07249_20260925_211900.wav,DEV_001_20260925_211900.wav,0,59.40306,18.07249,Phogri,Pholidoptera griseoaptera,Dark Bush-cricket,bush-cricket,0.9,,,25/09/2026,25/09/2026,21:19:00,ClassifEspSWE-0002026-05-29_1,JOHANKARLSSON,202609261750NZ8IMDWO,2026_25_sep_21,Citizen Science (ultrasonic) - shared
59~40306+18~07249_20260925_211914.wav,DEV_001_20260925_211914.wav,0,59.40306,18.07249,Phogri,Pholidoptera griseoaptera,Dark Bush-cricket,bush-cricket,0.93,,,25/09/2026,25/09/2026,21:19:14,ClassifEspSWE-0002026-05-29_1,JOHANKARLSSON,202609261750NZ8IMDWO,2026_25_sep_21,Citizen Science (ultrasonic) - shared
59~40306+18~07249_20260925_211920.wav,DEV_001_20260925_211920.wav,0,59.40306,18.07249,Phogri,Pholidoptera griseoaptera,Dark Bush-cricket,bush-cricket,0.78,,,25/09/2026,25/09/2026,21:19:20,ClassifEspSWE-0002026-05-29_1,JOHANKARLSSON,202609261750NZ8IMDWO,2026_25_sep_21,Citizen Science (ultrasonic) - shared
59~40306+18~07249_20260925_211926.wav,DEV_001_20260925_211926.wav,0,59.40306,18.07249,Phogri,Pholidoptera griseoaptera,Dark Bush-cricket,bush-cricket,0.73,,,25/09/2026,25/09/2026,21:19:26,ClassifEspSWE-0002026-05-29_1,JOHANKARLSSON,202609261750NZ8IMDWO,2026_25_sep_21,Citizen Science (ultrasonic) - shared
59~40306+18~07249_20260925_211942.wav,DEV_001_20260925_211942.wav,0,59.40306,18.07249,Phogri,Pholidoptera griseoaptera,Dark Bush-cricket,bush-cricket,0.99,,,25/09/2026,25/09/2026,21:19:42,ClassifEspSWE-0002026-05-29_1,JOHANKARLSSON,202609261750NZ8IMDWO,2026_25_sep_21,Citizen Science (ultrasonic) - shared
59~40306+18~07249_20260925_211948.wav,DEV_001_20260925_211948.wav,0,59.40306,18.07249,Phogri,Pholidoptera griseoaptera,Dark Bush-cricket,bush-cricket,0.93,,,25/09/2026,25/09/2026,21:19:48,ClassifEspSWE-0002026-05-29_1,JOHANKARLSSON,202609261750NZ8IMDWO,2026_25_sep_21,Citizen Science (ultrasonic) - shared
59~40306+18~07249_20260925_211958.wav,DEV_001_20260925_211958.wav,0,59.40306,18.07249,Phogri,Pholidoptera griseoaptera,Dark Bush-cricket,bush-cricket,0.54,,,25/09/2026,25/09/2026,21:19:58,ClassifEspSWE-0002026-05-29_1,JOHANKARLSSON,202609261750NZ8IMDWO,2026_25_sep_21,Citizen Science (ultrasonic) - shared
59~40306+18~07249_20260925_212014.wav,DEV_001_20260925_212014.wav,0,59.40306,18.07249,Phogri,Pholidoptera griseoaptera,Dark Bush-cricket,bush-cricket,0.97,,,25/09/2026,25/09/2026,21:20:14,ClassifEspSWE-0002026-05-29_1,JOHANKARLSSON,202609261750NZ8IMDWO,2026_25_sep_21,Citizen Science (ultrasonic) - shared
59~40306+18~07249_20260925_212026.wav,DEV_001_20260925_212026.wav,0,59.40306,18.07249,Phogri,Pholidoptera griseoaptera,Dark Bush-cricket,bush-cricket,0.96,,,25/09/2026,25/09/2026,21:20:26,ClassifEspSWE-0002026-05-29_1,JOHANKARLSSON,202609261750NZ8IMDWO,2026_25_sep_21,Citizen Science (ultrasonic) - shared
59~40306+18~07249_20260925_212036.wav,DEV_001_20260925_212036.wav,0,59.40306,18.07249,Phogri,Pholidoptera griseoaptera,Dark Bush-cricket,bush-cricket,0.61,,,25/09/2026,25/09/2026,21:20:36,ClassifEspSWE-0002026-05-29_1,JOHANKARLSSON,202609261750NZ8IMDWO,2026_25_sep_21,Citizen Science (ultrasonic) - shared
59~40306+18~07249_20260925_212043.wav,DEV_001_20260925_212043.wav,0,59.40306,18.07249,Phogri,Pholidoptera griseoaptera,Dark Bush-cricket,bush-cricket,0.76,,,25/09/2026,25/09/2026,21:20:43,ClassifEspSWE-0002026-05-29_1,JOHANKARLSSON,202609261750NZ8IMDWO,2026_25_sep_21,Citizen Science (ultrasonic) - shared
59~40306+18~07249_20260925_212050.wav,DEV_001_20260925_212050.wav,0,59.40306,18.07249,Phogri,Pholidoptera griseoaptera,Dark Bush-cricket,bush-cricket,0.98,,,25/09/2026,25/09/2026,21:20:50,ClassifEspSWE-0002026-05-29_1,JOHANKARLSSON,202609261750NZ8IMDWO,2026_25_sep_21,Citizen Science (ultrasonic) - shared
59~40306+18~07249_20260925_212055.wav,DEV_001_20260925_212055.wav,0,59.40306,18.07249,Phogri,Pholidoptera griseoaptera,Dark Bush-cricket,bush-cricket,0.88,,,25/09/2026,25/09/2026,21:20:55,ClassifEspSWE-0002026-05-29_1,JOHANKARLSSON,202609261750NZ8IMDWO,2026_25_sep_21,Citizen Science (ultrasonic) - shared
59~40306+18~07249_20260925_212101.wav,DEV_001_20260925_212101.wav,0,59.40306,18.07249,Phogri,Pholidoptera griseoaptera,Dark Bush-cricket,bush-cricket,0.98,,,25/09/2026,25/09/2026,21:21:01,ClassifEspSWE-0002026-05-29_1,JOHANKARLSSON,202609261750NZ8IMDWO,2026_25_sep_21,Citizen Science (ultrasonic) - shared
59~40306+18~07249_20260925_212111.wav,DEV_001_20260925_212111.wav,0,59.40306,18.07249,Phogri,Pholidoptera griseoaptera,Dark Bush-cricket,bush-cricket,0.98,,,25/09/2026,25/09/2026,21:21:11,ClassifEspSWE-0002026-05-29_1,JOHANKARLSSON,202609261750NZ8IMDWO,2026_25_sep_21,Citizen Science (ultrasonic) - shared
59~40306+18~07249_20260925_212118.wav,DEV_001_20260925_212118.wav,0,59.40306,18.07249,Phogri,Pholidoptera griseoaptera,Dark Bush-cricket,bush-cricket,0.72,,,25/09/2026,25/09/2026,21:21:18,ClassifEspSWE-0002026-05-29_1,JOHANKARLSSON,202609261750NZ8IMDWO,2026_25_sep_21,Citizen Science (ultrasonic) - shared
59~40306+18~07249_20260925_212132.wav,DEV_001_20260925_212132.wav,0,59.40306,18.07249,Phogri,Pholidoptera griseoaptera,Dark Bush-cricket,bush-cricket,0.87,,,25/09/2026,25/09/2026,21:21:32,ClassifEspSWE-0002026-05-29_1,JOHANKARLSSON,202609261750NZ8IMDWO,2026_25_sep_21,Citizen Science (ultrasonic) - shared
59~40306+18~07249_20260925_212139.wav,DEV_001_20260925_212139.wav,0,59.40306,18.07249,Phogri,Pholidoptera griseoaptera,Dark Bush-cricket,bush-cricket,0.98,,,25/09/2026,25/09/2026,21:21:39,ClassifEspSWE-0002026-05-29_1,JOHANKARLSSON,202609261750NZ8IMDWO,2026_25_sep_21,Citizen Science (ultrasonic) - shared
59~40306+18~07249_20260925_212146.wav,DEV_001_20260925_212146.wav,0,59.40306,18.07249,Phogri,Pholidoptera griseoaptera,Dark Bush-cricket,bush-cricket,0.98,,,25/09/2026,25/09/2026,21:21:46,ClassifEspSWE-0002026-05-29_1,JOHANKARLSSON,202609261750NZ8IMDWO,2026_25_sep_21,Citizen Science (ultrasonic) - shared
59~40306+18~07249_20260925_212201.wav,DEV_001_20260925_212201.wav,0,59.40306,18.07249,Phogri,Pholidoptera griseoaptera,Dark Bush-cricket,bush-cricket,0.81,,,25/09/2026,25/09/2026,21:22:01,ClassifEspSWE-0002026-05-29_1,JOHANKARLSSON,202609261750NZ8IMDWO,2026_25_sep_21,Citizen Science (ultrasonic) - shared
59~40306+18~07249_20260925_212210.wav,DEV_001_20260925_212210.wav,0,59.40306,18.07249,Phogri,Pholidoptera griseoaptera,Dark Bush-cricket,bush-cricket,0.78,,,25/09/2026,25/09/2026,21:22:10,ClassifEspSWE-0002026-05-29_1,JOHANKARLSSON,202609261750NZ8IMDWO,2026_25_sep_21,Citizen Science (ultrasonic) - shared
59~40306+18~07249_20260925_212215.wav,DEV_001_20260925_212215.wav,0,59.40306,18.07249,Phogri,Pholidoptera griseoaptera,Dark Bush-cricket,bush-cricket,0.97,,,25/09/2026,25/09/2026,21:22:15,ClassifEspSWE-0002026-05-29_1,JOHANKARLSSON,202609261750NZ8IMDWO,2026_25_sep_21,Citizen Science (ultrasonic) - shared
59~40306+18~07249_20260925_212225.wav,DEV_001_20260925_212225.wav,0,59.40306,18.07249,Phogri,Pholidoptera griseoaptera,Dark Bush-cricket,bush-cricket,0.54,,,25/09/2026,25/09/2026,21:22:25,ClassifEspSWE-0002026-05-29_1,JOHANKARLSSON,202609261750NZ8IMDWO,2026_25_sep_21,Citizen Science (ultrasonic) - shared
59~40306+18~07249_20260925_212237.wav,DEV_001_20260925_212237.wav,0,59.40306,18.07249,Phogri,Pholidoptera griseoaptera,Dark Bush-cricket,bush-cricket,0.99,,,25/09/2026,25/09/2026,21:22:37,ClassifEspSWE-0002026-05-29_1,JOHANKARLSSON,202609261750NZ8IMDWO,2026_25_sep_21,Citizen Science (ultrasonic) - shared
59~40306+18~07249_20260925_212251.wav,DEV_001_20260925_212251.wav,0,59.40306,18.07249,Phogri,Pholidoptera griseoaptera,Dark Bush-cricket,bush-cricket,0.97,,,25/09/2026,25/09/2026,21:22:51,ClassifEspSWE-0002026-05-29_1,JOHANKARLSSON,202609261750NZ8IMDWO,2026_25_sep_21,Citizen Science (ultrasonic) - shared
59~40306+18~07249_20260925_212257.wav,DEV_001_20260925_212257.wav,0,59.40306,18.07249,Phogri,Pholidoptera griseoaptera,Dark Bush-cricket,bush-cricket,0.9,,,25/09/2026,25/09/2026,21:22:57,ClassifEspSWE-0002026-05-29_1,JOHANKARLSSON,202609261750NZ8IMDWO,2026_25_sep_21,Citizen Science (ultrasonic) - shared
59~40306+18~07249_20260925_212305.wav,DEV_001_20260925_212305.wav,0,59.40306,18.07249,Phogri,Pholidoptera griseoaptera,Dark Bush-cricket,bush-cricket,0.64,,,25/09/2026,25/09/2026,21:23:05,ClassifEspSWE-0002026-05-29_1,JOHANKARLSSON,202609261750NZ8IMDWO,2026_25_sep_21,Citizen Science (ultrasonic) - shared
59~40306+18~07249_20260925_212315.wav,DEV_001_20260925_212315.wav,0,59.40306,18.07249,Phogri,Pholidoptera griseoaptera,Dark Bush-cricket,bush-cricket,0.99,,,25/09/2026,25/09/2026,21:23:15,ClassifEspSWE-0002026-05-29_1,JOHANKARLSSON,202609261750NZ8IMDWO,2026_25_sep_21,Citizen Science (ultrasonic) - shared
59~40306+18~07249_20260925_212322.wav,DEV_001_20260925_212322.wav,0,59.40306,18.07249,Phogri,Pholidoptera griseoaptera,Dark Bush-cricket,bush-cricket,0.97,,,25/09/2026,25/09/2026,21:23:22,ClassifEspSWE-0002026-05-29_1,JOHANKARLSSON,202609261750NZ8IMDWO,2026_25_sep_21,Citizen Science (ultrasonic) - shared
59~40306+18~07249_20260925_212337.wav,DEV_001_20260925_212337.wav,0,59.40306,18.07249,Phogri,Pholidoptera griseoaptera,Dark Bush-cricket,bush-cricket,0.58,,,25/09/2026,25/09/2026,21:23:37,ClassifEspSWE-0002026-05-29_1,JOHANKARLSSON,202609261750NZ8IMDWO,2026_25_sep_21,Citizen Science (ultrasonic) - shared
59~40306+18~07249_20260925_212344.wav,DEV_001_20260925_212344.wav,0,59.40306,18.07249,Phogri,Pholidoptera griseoaptera,Dark Bush-cricket,bush-cricket,0.73,,,25/09/2026,25/09/2026,21:23:44,ClassifEspSWE-0002026-05-29_1,JOHANKARLSSON,202609261750NZ8IMDWO,2026_25_sep_21,Citizen Science (ultrasonic) - shared
59~40306+18~07249_20260925_212351.wav,DEV_001_20260925_212351.wav,0,59.40306,18.07249,Phogri,Pholidoptera griseoaptera,Dark Bush-cricket,bush-cricket,0.98,,,25/09/2026,25/09/2026,21:23:51,ClassifEspSWE-0002026-05-29_1,JOHANKARLSSON,202609261750NZ8IMDWO,2026_25_sep_21,Citizen Science (ultrasonic) - shared
59~40306+18~07249_20260925_212400.wav,DEV_001_20260925_212400.wav,0,59.40306,18.07249,Phogri,Pholidoptera griseoaptera,Dark Bush-cricket,bush-cricket,0.94,,,25/09/2026,25/09/2026,21:24:00,ClassifEspSWE-0002026-05-29_1,JOHANKARLSSON,202609261750NZ8IMDWO,2026_25_sep_21,Citizen Science (ultrasonic) - shared
59~40306+18~07249_20260925_212406.wav,DEV_001_20260925_212406.wav,0,59.40306,18.07249,Phogri,Pholidoptera griseoaptera,Dark Bush-cricket,bush-cricket,0.94,,,25/09/2026,25/09/2026,21:24:06,ClassifEspSWE-0002026-05-29_1,JOHANKARLSSON,202609261750NZ8IMDWO,2026_25_sep_21,Citizen Science (ultrasonic) - shared
59~40306+18~07249_20260925_212412.wav,DEV_001_20260925_212412.wav,0,59.40306,18.07249,Phogri,Pholidoptera griseoaptera,Dark Bush-cricket,bush-cricket,0.98,,,25/09/2026,25/09/2026,21:24:12,ClassifEspSWE-0002026-05-29_1,JOHANKARLSSON,202609261750NZ8IMDWO,2026_25_sep_21,Citizen Science (ultrasonic) - shared
59~40306+18~07249_20260925_212419.wav,DEV_001_20260925_212419.wav,0,59.40306,18.07249,Phogri,Pholidoptera griseoaptera,Dark Bush-cricket,bush-cricket,0.95,,,25/09/2026,25/09/2026,21:24:19,ClassifEspSWE-0002026-05-29_1,JOHANKARLSSON,202609261750NZ8IMDWO,2026_25_sep_21,Citizen Science (ultrasonic) - shared
59~40306+18~07249_20260925_212426.wav,DEV_001_20260925_212426.wav,0,59.40306,18.07249,Phogri,Pholidoptera griseoaptera,Dark Bush-cricket,bush-cricket,0.99,,,25/09/2026,25/09/2026,21:24:26,ClassifEspSWE-0002026-05-29_1,JOHANKARLSSON,202609261750NZ8IMDWO,2026_25_sep_21,Citizen Science (ultrasonic) - shared
59~40306+18~07249_20260925_212432.wav,DEV_001_20260925_212432.wav,0,59.40306,18.07249,Phogri,Pholidoptera griseoaptera,Dark Bush-cricket,bush-cricket,0.99,,,25/09/2026,25/09/2026,21:24:32,ClassifEspSWE-0002026-05-29_1,JOHANKARLSSON,202609261750NZ8IMDWO,2026_25_sep_21,Citizen Science (ultrasonic) - shared
59~40306+18~07249_20260925_212443.wav,DEV_001_20260925_212443.wav,0,59.40306,18.07249,Phogri,Pholidoptera griseoaptera,Dark Bush-cricket,bush-cricket,0.73,,,25/09/2026,25/09/2026,21:24:43,ClassifEspSWE-0002026-05-29_1,JOHANKARLSSON,202609261750NZ8IMDWO,2026_25_sep_21,Citizen Science (ultrasonic) - shared
59~40306+18~07249_20260925_212448.wav,DEV_001_20260925_212448.wav,0,59.40306,18.07249,Phogri,Pholidoptera griseoaptera,Dark Bush-cricket,bush-cricket,0.99,,,25/09/2026,25/09/2026,21:24:48,ClassifEspSWE-0002026-05-29_1,JOHANKARLSSON,202609261750NZ8IMDWO,2026_25_sep_21,Citizen Science (ultrasonic) - shared
59~40306+18~07249_20260925_212454.wav,DEV_001_20260925_212454.wav,0,59.40306,18.07249,Phogri,Pholidoptera griseoaptera,Dark Bush-cricket,bush-cricket,0.94,,,25/09/2026,25/09/2026,21:24:54,ClassifEspSWE-0002026-05-29_1,JOHANKARLSSON,202609261750NZ8IMDWO,2026_25_sep_21,Citizen Science (ultrasonic) - shared
59~40306+18~07249_20260925_212500.wav,DEV_001_20260925_212500.wav,0,59.40306,18.07249,Phogri,Pholidoptera griseoaptera,Dark Bush-cricket,bush-cricket,0.97,,,25/09/2026,25/09/2026,21:25:00,ClassifEspSWE-0002026-05-29_1,JOHANKARLSSON,202609261750NZ8IMDWO,2026_25_sep_21,Citizen Science (ultrasonic) - shared
59~40306+18~07249_20260925_212507.wav,DEV_001_20260925_212507.wav,0,59.40306,18.07249,Phogri,Pholidoptera griseoaptera,Dark Bush-cricket,bush-cricket,0.71,,,25/09/2026,25/09/2026,21:25:07,ClassifEspSWE-0002026-05-29_1,JOHANKARLSSON,202609261750NZ8IMDWO,2026_25_sep_21,Citizen Science (ultrasonic) - shared
59~40306+18~07249_20260925_212514.wav,DEV_001_20260925_212514.wav,0,59.40306,18.07249,Phogri,Pholidoptera griseoaptera,Dark Bush-cricket,bush-cricket,0.92,,,25/09/2026,25/09/2026,21:25:14,ClassifEspSWE-0002026-05-29_1,JOHANKARLSSON,202609261750NZ8IMDWO,2026_25_sep_21,Citizen Science (ultrasonic) - shared
59~40306+18~07249_20260925_212521.wav,DEV_001_20260925_212521.wav,0,59.40306,18.07249,Phogri,Pholidoptera griseoaptera,Dark Bush-cricket,bush-cricket,0.92,,,25/09/2026,25/09/2026,21:25:21,ClassifEspSWE-0002026-05-29_1,JOHANKARLSSON,202609261750NZ8IMDWO,2026_25_sep_21,Citizen Science (ultrasonic) - shared
59~40306+18~07249_20260925_212528.wav,DEV_001_20260925_212528.wav,0,59.40306,18.07249,Phogri,Pholidoptera griseoaptera,Dark Bush-cricket,bush-cricket,0.97,,,25/09/2026,25/09/2026,21:25:28,ClassifEspSWE-0002026-05-29_1,JOHANKARLSSON,202609261750NZ8IMDWO,2026_25_sep_21,Citizen Science (ultrasonic) - shared
59~40306+18~07249_20260925_212533.wav,DEV_001_20260925_212533.wav,0,59.40306,18.07249,Phogri,Pholidoptera griseoaptera,Dark Bush-cricket,bush-cricket,0.99,,,25/09/2026,25/09/2026,21:25:33,ClassifEspSWE-0002026-05-29_1,JOHANKARLSSON,202609261750NZ8IMDWO,2026_25_sep_21,Citizen Science (ultrasonic) - shared
59~40306+18~07249_20260925_212539.wav,DEV_001_20260925_212539.wav,0,59.40306,18.07249,Phogri,Pholidoptera griseoaptera,Dark Bush-cricket,bush-cricket,0.98,,,25/09/2026,25/09/2026,21:25:39,ClassifEspSWE-0002026-05-29_1,JOHANKARLSSON,202609261750NZ8IMDWO,2026_25_sep_21,Citizen Science (ultrasonic) - shared
59~40306+18~07249_20260925_212545.wav,DEV_001_20260925_212545.wav,0,59.40306,18.07249,Phogri,Pholidoptera griseoaptera,Dark Bush-cricket,bush-cricket,0.96,,,25/09/2026,25/09/2026,21:25:45,ClassifEspSWE-0002026-05-29_1,JOHANKARLSSON,202609261750NZ8IMDWO,2026_25_sep_21,Citizen Science (ultrasonic) - shared
59~40306+18~07249_20260925_212551.wav,DEV_001_20260925_212551.wav,0,59.40306,18.07249,Phogri,Pholidoptera griseoaptera,Dark Bush-cricket,bush-cricket,0.97,,,25/09/2026,25/09/2026,21:25:51,ClassifEspSWE-0002026-05-29_1,JOHANKARLSSON,202609261750NZ8IMDWO,2026_25_sep_21,Citizen Science (ultrasonic) - shared
59~40306+18~07249_20260925_212557.wav,DEV_001_20260925_212557.wav,0,59.40306,18.07249,Phogri,Pholidoptera griseoaptera,Dark Bush-cricket,bush-cricket,0.73,,,25/09/2026,25/09/2026,21:25:57,ClassifEspSWE-0002026-05-29_1,JOHANKARLSSON,202609261750NZ8IMDWO,2026_25_sep_21,Citizen Science (ultrasonic) - shared
59~40306+18~07249_20260925_212604.wav,DEV_001_20260925_212604.wav,0,59.40306,18.07249,Phogri,Pholidoptera griseoaptera,Dark Bush-cricket,bush-cricket,0.95,,,25/09/2026,25/09/2026,21:26:04,ClassifEspSWE-0002026-05-29_1,JOHANKARLSSON,202609261750NZ8IMDWO,2026_25_sep_21,Citizen Science (ultrasonic) - shared
59~40306+18~07249_20260925_212610.wav,DEV_001_20260925_212610.wav,0,59.40306,18.07249,Phogri,Pholidoptera griseoaptera,Dark Bush-cricket,bush-cricket,0.94,,,25/09/2026,25/09/2026,21:26:10,ClassifEspSWE-0002026-05-29_1,JOHANKARLSSON,202609261750NZ8IMDWO,2026_25_sep_21,Citizen Science (ultrasonic) - shared
59~40306+18~07249_20260925_212615.wav,DEV_001_20260925_212615.wav,0,59.40306,18.07249,Phogri,Pholidoptera griseoaptera,Dark Bush-cricket,bush-cricket,0.96,,,25/09/2026,25/09/2026,21:26:15,ClassifEspSWE-0002026-05-29_1,JOHANKARLSSON,202609261750NZ8IMDWO,2026_25_sep_21,Citizen Science (ultrasonic) - shared
59~40306+18~07249_20260925_212620.wav,DEV_001_20260925_212620.wav,0,59.40306,18.07249,Phogri,Pholidoptera griseoaptera,Dark Bush-cricket,bush-cricket,0.61,,,25/09/2026,25/09/2026,21:26:20,ClassifEspSWE-0002026-05-29_1,JOHANKARLSSON,202609261750NZ8IMDWO,2026_25_sep_21,Citizen Science (ultrasonic) - shared
59~40306+18~07249_20260925_212627.wav,DEV_001_20260925_212627.wav,0,59.40306,18.07249,Phogri,Pholidoptera griseoaptera,Dark Bush-cricket,bush-cricket,0.98,,,25/09/2026,25/09/2026,21:26:27,ClassifEspSWE-0002026-05-29_1,JOHANKARLSSON,202609261750NZ8IMDWO,2026_25_sep_21,Citizen Science (ultrasonic) - shared
59~40306+18~07249_20260925_212634.wav,DEV_001_20260925_212634.wav,0,59.40306,18.07249,Phogri,Pholidoptera griseoaptera,Dark Bush-cricket,bush-cricket,0.98,,,25/09/2026,25/09/2026,21:26:34,ClassifEspSWE-0002026-05-29_1,JOHANKARLSSON,202609261750NZ8IMDWO,2026_25_sep_21,Citizen Science (ultrasonic) - shared
59~40306+18~07249_20260925_212640.wav,DEV_001_20260925_212640.wav,0,59.40306,18.07249,Phogri,Pholidoptera griseoaptera,Dark Bush-cricket,bush-cricket,0.99,,,25/09/2026,25/09/2026,21:26:40,ClassifEspSWE-0002026-05-29_1,JOHANKARLSSON,202609261750NZ8IMDWO,2026_25_sep_21,Citizen Science (ultrasonic) - shared
59~40306+18~07249_20260925_212647.wav,DEV_001_20260925_212647.wav,0,59.40306,18.07249,Phogri,Pholidoptera griseoaptera,Dark Bush-cricket,bush-cricket,0.99,,,25/09/2026,25/09/2026,21:26:47,ClassifEspSWE-0002026-05-29_1,JOHANKARLSSON,202609261750NZ8IMDWO,2026_25_sep_21,Citizen Science (ultrasonic) - shared
59~40306+18~07249_20260925_212654.wav,DEV_001_20260925_212654.wav,0,59.40306,18.07249,Phogri,Pholidoptera griseoaptera,Dark Bush-cricket,bush-cricket,0.99,,,25/09/2026,25/09/2026,21:26:54,ClassifEspSWE-0002026-05-29_1,JOHANKARLSSON,202609261750NZ8IMDWO,2026_25_sep_21,Citizen Science (ultrasonic) - shared
59~40306+18~07249_20260925_212701.wav,DEV_001_20260925_212701.wav,0,59.40306,18.07249,Phogri,Pholidoptera griseoaptera,Dark Bush-cricket,bush-cricket,0.99,,,25/09/2026,25/09/2026,21:27:01,ClassifEspSWE-0002026-05-29_1,JOHANKARLSSON,202609261750NZ8IMDWO,2026_25_sep_21,Citizen Science (ultrasonic) - shared
59~40306+18~07249_20260925_212707.wav,DEV_001_20260925_212707.wav,0,59.40306,18.07249,Phogri,Pholidoptera griseoaptera,Dark Bush-cricket,bush-cricket,0.93,,,25/09/2026,25/09/2026,21:27:07,ClassifEspSWE-0002026-05-29_1,JOHANKARLSSON,202609261750NZ8IMDWO,2026_25_sep_21,Citizen Science (ultrasonic) - shared
59~40306+18~07249_20260925_212712.wav,DEV_001_20260925_212712.wav,0,59.40306,18.07249,Phogri,Pholidoptera griseoaptera,Dark Bush-cricket,bush-cricket,0.99,,,25/09/2026,25/09/2026,21:27:12,ClassifEspSWE-0002026-05-29_1,JOHANKARLSSON,202609261750NZ8IMDWO,2026_25_sep_21,Citizen Science (ultrasonic) - shared
59~40306+18~07249_20260925_212719.wav,DEV_001_20260925_212719.wav,0,59.40306,18.07249,Phogri,Pholidoptera griseoaptera,Dark Bush-cricket,bush-cricket,0.99,,,25/09/2026,25/09/2026,21:27:19,ClassifEspSWE-0002026-05-29_1,JOHANKARLSSON,202609261750NZ8IMDWO,2026_25_sep_21,Citizen Science (ultrasonic) - shared
59~40306+18~07249_20260925_212725.wav,DEV_001_20260925_212725.wav,0,59.40306,18.07249,Phogri,Pholidoptera griseoaptera,Dark Bush-cricket,bush-cricket,0.97,,,25/09/2026,25/09/2026,21:27:25,ClassifEspSWE-0002026-05-29_1,JOHANKARLSSON,202609261750NZ8IMDWO,2026_25_sep_21,Citizen Science (ultrasonic) - shared
59~40306+18~07249_20260925_212732.wav,DEV_001_20260925_212732.wav,0,59.40306,18.07249,Phogri,Pholidoptera griseoaptera,Dark Bush-cricket,bush-cricket,0.99,,,25/09/2026,25/09/2026,21:27:32,ClassifEspSWE-0002026-05-29_1,JOHANKARLSSON,202609261750NZ8IMDWO,2026_25_sep_21,Citizen Science (ultrasonic) - shared
59~40306+18~07249_20260925_212738.wav,DEV_001_20260925_212738.wav,0,59.40306,18.07249,Phogri,Pholidoptera griseoaptera,Dark Bush-cricket,bush-cricket,0.99,,,25/09/2026,25/09/2026,21:27:38,ClassifEspSWE-0002026-05-29_1,JOHANKARLSSON,202609261750NZ8IMDWO,2026_25_sep_21,Citizen Science (ultrasonic) - shared
59~40306+18~07249_20260925_212744.wav,DEV_001_20260925_212744.wav,0,59.40306,18.07249,Phogri,Pholidoptera griseoaptera,Dark Bush-cricket,bush-cricket,0.99,,,25/09/2026,25/09/2026,21:27:44,ClassifEspSWE-0002026-05-29_1,JOHANKARLSSON,202609261750NZ8IMDWO,2026_25_sep_21,Citizen Science (ultrasonic) - shared
59~40306+18~07249_20260925_212751.wav,DEV_001_20260925_212751.wav,0,59.40306,18.07249,Phogri,Pholidoptera griseoaptera,Dark Bush-cricket,bush-cricket,0.97,,,25/09/2026,25/09/2026,21:27:51,ClassifEspSWE-0002026-05-29_1,JOHANKARLSSON,202609261750NZ8IMDWO,2026_25_sep_21,Citizen Science (ultrasonic) - shared
59~40306+18~07249_20260925_212756.wav,DEV_001_20260925_212756.wav,0,59.40306,18.07249,Phogri,Pholidoptera griseoaptera,Dark Bush-cricket,bush-cricket,0.51,,,25/09/2026,25/09/2026,21:27:56,ClassifEspSWE-0002026-05-29_1,JOHANKARLSSON,202609261750NZ8IMDWO,2026_25_sep_21,Citizen Science (ultrasonic) - shared
59~40306+18~07249_20260925_212803.wav,DEV_001_20260925_212803.wav,0,59.40306,18.07249,Phogri,Pholidoptera griseoaptera,Dark Bush-cricket,bush-cricket,0.95,,,25/09/2026,25/09/2026,21:28:03,ClassifEspSWE-0002026-05-29_1,JOHANKARLSSON,202609261750NZ8IMDWO,2026_25_sep_21,Citizen Science (ultrasonic) - shared
59~40306+18~07249_20260925_212809.wav,DEV_001_20260925_212809.wav,0,59.40306,18.07249,Phogri,Pholidoptera griseoaptera,Dark Bush-cricket,bush-cricket,0.96,,,25/09/2026,25/09/2026,21:28:09,ClassifEspSWE-0002026-05-29_1,JOHANKARLSSON,202609261750NZ8IMDWO,2026_25_sep_21,Citizen Science (ultrasonic) - shared
59~40306+18~07249_20260925_212815.wav,DEV_001_20260925_212815.wav,0,59.40306,18.07249,Phogri,Pholidoptera griseoaptera,Dark Bush-cricket,bush-cricket,0.68,,,25/09/2026,25/09/2026,21:28:15,ClassifEspSWE-0002026-05-29_1,JOHANKARLSSON,202609261750NZ8IMDWO,2026_25_sep_21,Citizen Science (ultrasonic) - shared
59~40306+18~07249_20260925_212822.wav,DEV_001_20260925_212822.wav,0,59.40306,18.07249,Phogri,Pholidoptera griseoaptera,Dark Bush-cricket,bush-cricket,0.99,,,25/09/2026,25/09/2026,21:28:22,ClassifEspSWE-0002026-05-29_1,JOHANKARLSSON,202609261750NZ8IMDWO,2026_25_sep_21,Citizen Science (ultrasonic) - shared
59~40306+18~07249_20260925_212827.wav,DEV_001_20260925_212827.wav,0,59.40306,18.07249,Phogri,Pholidoptera griseoaptera,Dark Bush-cricket,bush-cricket,0.98,,,25/09/2026,25/09/2026,21:28:27,ClassifEspSWE-0002026-05-29_1,JOHANKARLSSON,202609261750NZ8IMDWO,2026_25_sep_21,Citizen Science (ultrasonic) - shared
59~40306+18~07249_20260925_212834.wav,DEV_001_20260925_212834.wav,0,59.40306,18.07249,Phogri,Pholidoptera griseoaptera,Dark Bush-cricket,bush-cricket,0.98,,,25/09/2026,25/09/2026,21:28:34,ClassifEspSWE-0002026-05-29_1,JOHANKARLSSON,202609261750NZ8IMDWO,2026_25_sep_21,Citizen Science (ultrasonic) - shared
59~40306+18~07249_20260925_212840.wav,DEV_001_20260925_212840.wav,0,59.40306,18.07249,Phogri,Pholidoptera griseoaptera,Dark Bush-cricket,bush-cricket,0.99,,,25/09/2026,25/09/2026,21:28:40,ClassifEspSWE-0002026-05-29_1,JOHANKARLSSON,202609261750NZ8IMDWO,2026_25_sep_21,Citizen Science (ultrasonic) - shared
59~40306+18~07249_20260925_212846.wav,DEV_001_20260925_212846.wav,0,59.40306,18.07249,Phogri,Pholidoptera griseoaptera,Dark Bush-cricket,bush-cricket,0.83,,,25/09/2026,25/09/2026,21:28:46,ClassifEspSWE-0002026-05-29_1,JOHANKARLSSON,202609261750NZ8IMDWO,2026_25_sep_21,Citizen Science (ultrasonic) - shared
59~40306+18~07249_20260925_212851.wav,DEV_001_20260925_212851.wav,0,59.40306,18.07249,Phogri,Pholidoptera griseoaptera,Dark Bush-cricket,bush-cricket,0.99,,,25/09/2026,25/09/2026,21:28:51,ClassifEspSWE-0002026-05-29_1,JOHANKARLSSON,202609261750NZ8IMDWO,2026_25_sep_21,Citizen Science (ultrasonic) - shared
59~40306+18~07249_20260925_212856.wav,DEV_001_20260925_212856.wav,0,59.40306,18.07249,Phogri,Pholidoptera griseoaptera,Dark Bush-cricket,bush-cricket,0.99,,,25/09/2026,25/09/2026,21:28:56,ClassifEspSWE-0002026-05-29_1,JOHANKARLSSON,202609261750NZ8IMDWO,2026_25_sep_21,Citizen Science (ultrasonic) - shared
59~40306+18~07249_20260925_212902.wav,DEV_001_20260925_212902.wav,0,59.40306,18.07249,Phogri,Pholidoptera griseoaptera,Dark Bush-cricket,bush-cricket,0.97,,,25/09/2026,25/09/2026,21:29:02,ClassifEspSWE-0002026-05-29_1,JOHANKARLSSON,202609261750NZ8IMDWO,2026_25_sep_21,Citizen Science (ultrasonic) - shared
59~40306+18~07249_20260925_212907.wav,DEV_001_20260925_212907.wav,0,59.40306,18.07249,Phogri,Pholidoptera griseoaptera,Dark Bush-cricket,bush-cricket,0.92,,,25/09/2026,25/09/2026,21:29:07,ClassifEspSWE-0002026-05-29_1,JOHANKARLSSON,202609261750NZ8IMDWO,2026_25_sep_21,Citizen Science (ultrasonic) - shared
59~40306+18~07249_20260925_212919.wav,DEV_001_20260925_212919.wav,0,59.40306,18.07249,Phogri,Pholidoptera griseoaptera,Dark Bush-cricket,bush-cricket,0.68,,,25/09/2026,25/09/2026,21:29:19,ClassifEspSWE-0002026-05-29_1,JOHANKARLSSON,202609261750NZ8IMDWO,2026_25_sep_21,Citizen Science (ultrasonic) - shared
59~40306+18~07249_20260925_212926.wav,DEV_001_20260925_212926.wav,0,59.40306,18.07249,Phogri,Pholidoptera griseoaptera,Dark Bush-cricket,bush-cricket,0.98,,,25/09/2026,25/09/2026,21:29:26,ClassifEspSWE-0002026-05-29_1,JOHANKARLSSON,202609261750NZ8IMDWO,2026_25_sep_21,Citizen Science (ultrasonic) - shared
59~40306+18~07249_20260925_212932.wav,DEV_001_20260925_212932.wav,0,59.40306,18.07249,Phogri,Pholidoptera griseoaptera,Dark Bush-cricket,bush-cricket,0.61,,,25/09/2026,25/09/2026,21:29:32,ClassifEspSWE-0002026-05-29_1,JOHANKARLSSON,202609261750NZ8IMDWO,2026_25_sep_21,Citizen Science (ultrasonic) - shared
59~40306+18~07249_20260925_212937.wav,DEV_001_20260925_212937.wav,0,59.40306,18.07249,Phogri,Pholidoptera griseoaptera,Dark Bush-cricket,bush-cricket,0.8,,,25/09/2026,25/09/2026,21:29:37,ClassifEspSWE-0002026-05-29_1,JOHANKARLSSON,202609261750NZ8IMDWO,2026_25_sep_21,Citizen Science (ultrasonic) - shared
59~40306+18~07249_20260925_212944.wav,DEV_001_20260925_212944.wav,0,59.40306,18.07249,Phogri,Pholidoptera griseoaptera,Dark Bush-cricket,bush-cricket,0.77,,,25/09/2026,25/09/2026,21:29:44,ClassifEspSWE-0002026-05-29_1,JOHANKARLSSON,202609261750NZ8IMDWO,2026_25_sep_21,Citizen Science (ultrasonic) - shared
59~40306+18~07249_20260925_212951.wav,DEV_001_20260925_212951.wav,0,59.40306,18.07249,Phogri,Pholidoptera griseoaptera,Dark Bush-cricket,bush-cricket,0.93,,,25/09/2026,25/09/2026,21:29:51,ClassifEspSWE-0002026-05-29_1,JOHANKARLSSON,202609261750NZ8IMDWO,2026_25_sep_21,Citizen Science (ultrasonic) - shared
59~40306+18~07249_20260925_212957.wav,DEV_001_20260925_212957.wav,0,59.40306,18.07249,Phogri,Pholidoptera griseoaptera,Dark Bush-cricket,bush-cricket,0.97,,,25/09/2026,25/09/2026,21:29:57,ClassifEspSWE-0002026-05-29_1,JOHANKARLSSON,202609261750NZ8IMDWO,2026_25_sep_21,Citizen Science (ultrasonic) - shared
59~40306+18~07249_20260925_213004.wav,DEV_001_20260925_213004.wav,0,59.40306,18.07249,Phogri,Pholidoptera griseoaptera,Dark Bush-cricket,bush-cricket,0.98,,,25/09/2026,25/09/2026,21:30:04,ClassifEspSWE-0002026-05-29_1,JOHANKARLSSON,202609261750NZ8IMDWO,2026_25_sep_21,Citizen Science (ultrasonic) - shared
59~40306+18~07249_20260925_213010.wav,DEV_001_20260925_213010.wav,0,59.40306,18.07249,Phogri,Pholidoptera griseoaptera,Dark Bush-cricket,bush-cricket,0.89,,,25/09/2026,25/09/2026,21:30:10,ClassifEspSWE-0002026-05-29_1,JOHANKARLSSON,202609261750NZ8IMDWO,2026_25_sep_21,Citizen Science (ultrasonic) - shared
59~40306+18~07249_20260925_213017.wav,DEV_001_20260925_213017.wav,0,59.40306,18.07249,Phogri,Pholidoptera griseoaptera,Dark Bush-cricket,bush-cricket,0.83,,,25/09/2026,25/09/2026,21:30:17,ClassifEspSWE-0002026-05-29_1,JOHANKARLSSON,202609261750NZ8IMDWO,2026_25_sep_21,Citizen Science (ultrasonic) - shared
59~40306+18~07249_20260925_213025.wav,DEV_001_20260925_213025.wav,0,59.40306,18.07249,Phogri,Pholidoptera griseoaptera,Dark Bush-cricket,bush-cricket,0.98,,,25/09/2026,25/09/2026,21:30:25,ClassifEspSWE-0002026-05-29_1,JOHANKARLSSON,202609261750NZ8IMDWO,2026_25_sep_21,Citizen Science (ultrasonic) - shared
59~40306+18~07249_20260925_213042.wav,DEV_001_20260925_213042.wav,0,59.40306,18.07249,Phogri,Pholidoptera griseoaptera,Dark Bush-cricket,bush-cricket,0.98,,,25/09/2026,25/09/2026,21:30:42,ClassifEspSWE-0002026-05-29_1,JOHANKARLSSON,202609261750NZ8IMDWO,2026_25_sep_21,Citizen Science (ultrasonic) - shared
59~40306+18~07249_20260925_213054.wav,DEV_001_20260925_213054.wav,0,59.40306,18.07249,Phogri,Pholidoptera griseoaptera,Dark Bush-cricket,bush-cricket,0.98,,,25/09/2026,25/09/2026,21:30:54,ClassifEspSWE-0002026-05-29_1,JOHANKARLSSON,202609261750NZ8IMDWO,2026_25_sep_21,Citizen Science (ultrasonic) - shared
59~40306+18~07249_20260925_213103.wav,DEV_001_20260925_213103.wav,0,59.40306,18.07249,Phogri,Pholidoptera griseoaptera,Dark Bush-cricket,bush-cricket,0.98,,,25/09/2026,25/09/2026,21:31:03,ClassifEspSWE-0002026-05-29_1,JOHANKARLSSON,202609261750NZ8IMDWO,2026_25_sep_21,Citizen Science (ultrasonic) - shared
59~40306+18~07249_20260925_213111.wav,DEV_001_20260925_213111.wav,0,59.40306,18.07249,Phogri,Pholidoptera griseoaptera,Dark Bush-cricket,bush-cricket,0.97,,,25/09/2026,25/09/2026,21:31:11,ClassifEspSWE-0002026-05-29_1,JOHANKARLSSON,202609261750NZ8IMDWO,2026_25_sep_21,Citizen Science (ultrasonic) - shared
59~40306+18~07249_20260925_213131.wav,DEV_001_20260925_213131.wav,0,59.40306,18.07249,Phogri,Pholidoptera griseoaptera,Dark Bush-cricket,bush-cricket,0.85,,,25/09/2026,25/09/2026,21:31:31,ClassifEspSWE-0002026-05-29_1,JOHANKARLSSON,202609261750NZ8IMDWO,2026_25_sep_21,Citizen Science (ultrasonic) - shared
59~40306+18~07249_20260925_213138.wav,DEV_001_20260925_213138.wav,0,59.40306,18.07249,Phogri,Pholidoptera griseoaptera,Dark Bush-cricket,bush-cricket,0.99,,,25/09/2026,25/09/2026,21:31:38,ClassifEspSWE-0002026-05-29_1,JOHANKARLSSON,202609261750NZ8IMDWO,2026_25_sep_21,Citizen Science (ultrasonic) - shared
59~40306+18~07249_20260925_213143.wav,DEV_001_20260925_213143.wav,0,59.40306,18.07249,Phogri,Pholidoptera griseoaptera,Dark Bush-cricket,bush-cricket,0.95,,,25/09/2026,25/09/2026,21:31:43,ClassifEspSWE-0002026-05-29_1,JOHANKARLSSON,202609261750NZ8IMDWO,2026_25_sep_21,Citizen Science (ultrasonic) - shared
59~40306+18~07249_20260925_213150.wav,DEV_001_20260925_213150.wav,0,59.40306,18.07249,Phogri,Pholidoptera griseoaptera,Dark Bush-cricket,bush-cricket,0.85,,,25/09/2026,25/09/2026,21:31:50,ClassifEspSWE-0002026-05-29_1,JOHANKARLSSON,202609261750NZ8IMDWO,2026_25_sep_21,Citizen Science (ultrasonic) - shared
59~40306+18~07249_20260925_213155.wav,DEV_001_20260925_213155.wav,0,59.40306,18.07249,Phogri,Pholidoptera griseoaptera,Dark Bush-cricket,bush-cricket,0.98,,,25/09/2026,25/09/2026,21:31:55,ClassifEspSWE-0002026-05-29_1,JOHANKARLSSON,202609261750NZ8IMDWO,2026_25_sep_21,Citizen Science (ultrasonic) - shared
59~40306+18~07249_20260925_213204.wav,DEV_001_20260925_213204.wav,0,59.40306,18.07249,Phogri,Pholidoptera griseoaptera,Dark Bush-cricket,bush-cricket,0.97,,,25/09/2026,25/09/2026,21:32:04,ClassifEspSWE-0002026-05-29_1,JOHANKARLSSON,202609261750NZ8IMDWO,2026_25_sep_21,Citizen Science (ultrasonic) - shared
59~40306+18~07249_20260925_213213.wav,DEV_001_20260925_213213.wav,0,59.40306,18.07249,Phogri,Pholidoptera griseoaptera,Dark Bush-cricket,bush-cricket,0.96,,,25/09/2026,25/09/2026,21:32:13,ClassifEspSWE-0002026-05-29_1,JOHANKARLSSON,202609261750NZ8IMDWO,2026_25_sep_21,Citizen Science (ultrasonic) - shared
59~40306+18~07249_20260925_213221.wav,DEV_001_20260925_213221.wav,0,59.40306,18.07249,Phogri,Pholidoptera griseoaptera,Dark Bush-cricket,bush-cricket,0.99,,,25/09/2026,25/09/2026,21:32:21,ClassifEspSWE-0002026-05-29_1,JOHANKARLSSON,202609261750NZ8IMDWO,2026_25_sep_21,Citizen Science (ultrasonic) - shared
59~40306+18~07249_20260925_213227.wav,DEV_001_20260925_213227.wav,0,59.40306,18.07249,Phogri,Pholidoptera griseoaptera,Dark Bush-cricket,bush-cricket,0.93,,,25/09/2026,25/09/2026,21:32:27,ClassifEspSWE-0002026-05-29_1,JOHANKARLSSON,202609261750NZ8IMDWO,2026_25_sep_21,Citizen Science (ultrasonic) - shared
59~40306+18~07249_20260925_213238.wav,DEV_001_20260925_213238.wav,0,59.40306,18.07249,Phogri,Pholidoptera griseoaptera,Dark Bush-cricket,bush-cricket,0.97,,,25/09/2026,25/09/2026,21:32:38,ClassifEspSWE-0002026-05-29_1,JOHANKARLSSON,202609261750NZ8IMDWO,2026_25_sep_21,Citizen Science (ultrasonic) - shared
59~40306+18~07249_20260925_213244.wav,DEV_001_20260925_213244.wav,0,59.40306,18.07249,Phogri,Pholidoptera griseoaptera,Dark Bush-cricket,bush-cricket,0.98,,,25/09/2026,25/09/2026,21:32:44,ClassifEspSWE-0002026-05-29_1,JOHANKARLSSON,202609261750NZ8IMDWO,2026_25_sep_21,Citizen Science (ultrasonic) - shared
59~40306+18~07249_20260925_213252.wav,DEV_001_20260925_213252.wav,0,59.40306,18.07249,Phogri,Pholidoptera griseoaptera,Dark Bush-cricket,bush-cricket,0.99,,,25/09/2026,25/09/2026,21:32:52,ClassifEspSWE-0002026-05-29_1,JOHANKARLSSON,202609261750NZ8IMDWO,2026_25_sep_21,Citizen Science (ultrasonic) - shared
59~40306+18~07249_20260925_213258.wav,DEV_001_20260925_213258.wav,0,59.40306,18.07249,Phogri,Pholidoptera griseoaptera,Dark Bush-cricket,bush-cricket,0.99,,,25/09/2026,25/09/2026,21:32:58,ClassifEspSWE-0002026-05-29_1,JOHANKARLSSON,202609261750NZ8IMDWO,2026_25_sep_21,Citizen Science (ultrasonic) - shared
59~40306+18~07249_20260925_213308.wav,DEV_001_20260925_213308.wav,0,59.40306,18.07249,Phogri,Pholidoptera griseoaptera,Dark Bush-cricket,bush-cricket,0.98,,,25/09/2026,25/09/2026,21:33:08,ClassifEspSWE-0002026-05-29_1,JOHANKARLSSON,202609261750NZ8IMDWO,2026_25_sep_21,Citizen Science (ultrasonic) - shared
59~40306+18~07249_20260925_213319.wav,DEV_001_20260925_213319.wav,0,59.40306,18.07249,Phogri,Pholidoptera griseoaptera,Dark Bush-cricket,bush-cricket,0.97,,,25/09/2026,25/09/2026,21:33:19,ClassifEspSWE-0002026-05-29_1,JOHANKARLSSON,202609261750NZ8IMDWO,2026_25_sep_21,Citizen Science (ultrasonic) - shared
59~40306+18~07249_20260925_213327.wav,DEV_001_20260925_213327.wav,0,59.40306,18.07249,Phogri,Pholidoptera griseoaptera,Dark Bush-cricket,bush-cricket,0.96,,,25/09/2026,25/09/2026,21:33:27,ClassifEspSWE-0002026-05-29_1,JOHANKARLSSON,202609261750NZ8IMDWO,2026_25_sep_21,Citizen Science (ultrasonic) - shared
59~40306+18~07249_20260925_213337.wav,DEV_001_20260925_213337.wav,0,59.40306,18.07249,Phogri,Pholidoptera griseoaptera,Dark Bush-cricket,bush-cricket,0.99,,,25/09/2026,25/09/2026,21:33:37,ClassifEspSWE-0002026-05-29_1,JOHANKARLSSON,202609261750NZ8IMDWO,2026_25_sep_21,Citizen Science (ultrasonic) - shared
59~40306+18~07249_20260925_213343.wav,DEV_001_20260925_213343.wav,0,59.40306,18.07249,Phogri,Pholidoptera griseoaptera,Dark Bush-cricket,bush-cricket,0.98,,,25/09/2026,25/09/2026,21:33:43,ClassifEspSWE-0002026-05-29_1,JOHANKARLSSON,202609261750NZ8IMDWO,2026_25_sep_21,Citizen Science (ultrasonic) - shared
59~40306+18~07249_20260925_213349.wav,DEV_001_20260925_213349.wav,0,59.40306,18.07249,Phogri,Pholidoptera griseoaptera,Dark Bush-cricket,bush-cricket,0.95,,,25/09/2026,25/09/2026,21:33:49,ClassifEspSWE-0002026-05-29_1,JOHANKARLSSON,202609261750NZ8IMDWO,2026_25_sep_21,Citizen Science (ultrasonic) - shared
59~40306+18~07249_20260925_213356.wav,DEV_001_20260925_213356.wav,0,59.40306,18.07249,Phogri,Pholidoptera griseoaptera,Dark Bush-cricket,bush-cricket,0.97,,,25/09/2026,25/09/2026,21:33:56,ClassifEspSWE-0002026-05-29_1,JOHANKARLSSON,202609261750NZ8IMDWO,2026_25_sep_21,Citizen Science (ultrasonic) - shared
59~40306+18~07249_20260925_213405.wav,DEV_001_20260925_213405.wav,0,59.40306,18.07249,Phogri,Pholidoptera griseoaptera,Dark Bush-cricket,bush-cricket,0.83,,,25/09/2026,25/09/2026,21:34:05,ClassifEspSWE-0002026-05-29_1,JOHANKARLSSON,202609261750NZ8IMDWO,2026_25_sep_21,Citizen Science (ultrasonic) - shared
59~40306+18~07249_20260925_213414.wav,DEV_001_20260925_213414.wav,0,59.40306,18.07249,Phogri,Pholidoptera griseoaptera,Dark Bush-cricket,bush-cricket,0.97,,,25/09/2026,25/09/2026,21:34:14,ClassifEspSWE-0002026-05-29_1,JOHANKARLSSON,202609261750NZ8IMDWO,2026_25_sep_21,Citizen Science (ultrasonic) - shared
59~40306+18~07249_20260925_213420.wav,DEV_001_20260925_213420.wav,0,59.40306,18.07249,Phogri,Pholidoptera griseoaptera,Dark Bush-cricket,bush-cricket,0.91,,,25/09/2026,25/09/2026,21:34:20,ClassifEspSWE-0002026-05-29_1,JOHANKARLSSON,202609261750NZ8IMDWO,2026_25_sep_21,Citizen Science (ultrasonic) - shared
59~40306+18~07249_20260925_213428.wav,DEV_001_20260925_213428.wav,0,59.40306,18.07249,Phogri,Pholidoptera griseoaptera,Dark Bush-cricket,bush-cricket,0.96,,,25/09/2026,25/09/2026,21:34:28,ClassifEspSWE-0002026-05-29_1,JOHANKARLSSON,202609261750NZ8IMDWO,2026_25_sep_21,Citizen Science (ultrasonic) - shared
59~40306+18~07249_20260925_213433.wav,DEV_001_20260925_213433.wav,0,59.40306,18.07249,Phogri,Pholidoptera griseoaptera,Dark Bush-cricket,bush-cricket,0.99,,,25/09/2026,25/09/2026,21:34:33,ClassifEspSWE-0002026-05-29_1,JOHANKARLSSON,202609261750NZ8IMDWO,2026_25_sep_21,Citizen Science (ultrasonic) - shared
59~40306+18~07249_20260925_213443.wav,DEV_001_20260925_213443.wav,0,59.40306,18.07249,Phogri,Pholidoptera griseoaptera,Dark Bush-cricket,bush-cricket,0.99,,,25/09/2026,25/09/2026,21:34:43,ClassifEspSWE-0002026-05-29_1,JOHANKARLSSON,202609261750NZ8IMDWO,2026_25_sep_21,Citizen Science (ultrasonic) - shared
59~40306+18~07249_20260925_213452.wav,DEV_001_20260925_213452.wav,0,59.40306,18.07249,Phogri,Pholidoptera griseoaptera,Dark Bush-cricket,bush-cricket,0.98,,,25/09/2026,25/09/2026,21:34:52,ClassifEspSWE-0002026-05-29_1,JOHANKARLSSON,202609261750NZ8IMDWO,2026_25_sep_21,Citizen Science (ultrasonic) - shared
59~40306+18~07249_20260925_213505.wav,DEV_001_20260925_213505.wav,0,59.40306,18.07249,Phogri,Pholidoptera griseoaptera,Dark Bush-cricket,bush-cricket,0.94,,,25/09/2026,25/09/2026,21:35:05,ClassifEspSWE-0002026-05-29_1,JOHANKARLSSON,202609261750NZ8IMDWO,2026_25_sep_21,Citizen Science (ultrasonic) - shared
59~40306+18~07249_20260925_213513.wav,DEV_001_20260925_213513.wav,0,59.40306,18.07249,Phogri,Pholidoptera griseoaptera,Dark Bush-cricket,bush-cricket,0.97,,,25/09/2026,25/09/2026,21:35:13,ClassifEspSWE-0002026-05-29_1,JOHANKARLSSON,202609261750NZ8IMDWO,2026_25_sep_21,Citizen Science (ultrasonic) - shared
59~40306+18~07249_20260925_213519.wav,DEV_001_20260925_213519.wav,0,59.40306,18.07249,Phogri,Pholidoptera griseoaptera,Dark Bush-cricket,bush-cricket,0.96,,,25/09/2026,25/09/2026,21:35:19,ClassifEspSWE-0002026-05-29_1,JOHANKARLSSON,202609261750NZ8IMDWO,2026_25_sep_21,Citizen Science (ultrasonic) - shared
59~40306+18~07249_20260925_213534.wav,DEV_001_20260925_213534.wav,0,59.40306,18.07249,Phogri,Pholidoptera griseoaptera,Dark Bush-cricket,bush-cricket,0.98,,,25/09/2026,25/09/2026,21:35:34,ClassifEspSWE-0002026-05-29_1,JOHANKARLSSON,202609261750NZ8IMDWO,2026_25_sep_21,Citizen Science (ultrasonic) - shared
59~40306+18~07249_20260925_213539.wav,DEV_001_20260925_213539.wav,0,59.40306,18.07249,Phogri,Pholidoptera griseoaptera,Dark Bush-cricket,bush-cricket,0.98,,,25/09/2026,25/09/2026,21:35:39,ClassifEspSWE-0002026-05-29_1,JOHANKARLSSON,202609261750NZ8IMDWO,2026_25_sep_21,Citizen Science (ultrasonic) - shared
59~40306+18~07249_20260925_213547.wav,DEV_001_20260925_213547.wav,0,59.40306,18.07249,Phogri,Pholidoptera griseoaptera,Dark Bush-cricket,bush-cricket,0.91,,,25/09/2026,25/09/2026,21:35:47,ClassifEspSWE-0002026-05-29_1,JOHANKARLSSON,202609261750NZ8IMDWO,2026_25_sep_21,Citizen Science (ultrasonic) - shared
59~40306+18~07249_20260925_213554.wav,DEV_001_20260925_213554.wav,0,59.40306,18.07249,Phogri,Pholidoptera griseoaptera,Dark Bush-cricket,bush-cricket,0.99,,,25/09/2026,25/09/2026,21:35:54,ClassifEspSWE-0002026-05-29_1,JOHANKARLSSON,202609261750NZ8IMDWO,2026_25_sep_21,Citizen Science (ultrasonic) - shared
59~40306+18~07249_20260925_213603.wav,DEV_001_20260925_213603.wav,0,59.40306,18.07249,Phogri,Pholidoptera griseoaptera,Dark Bush-cricket,bush-cricket,0.97,,,25/09/2026,25/09/2026,21:36:03,ClassifEspSWE-0002026-05-29_1,JOHANKARLSSON,202609261750NZ8IMDWO,2026_25_sep_21,Citizen Science (ultrasonic) - shared
59~40306+18~07249_20260925_213611.wav,DEV_001_20260925_213611.wav,0,59.40306,18.07249,Phogri,Pholidoptera griseoaptera,Dark Bush-cricket,bush-cricket,0.98,,,25/09/2026,25/09/2026,21:36:11,ClassifEspSWE-0002026-05-29_1,JOHANKARLSSON,202609261750NZ8IMDWO,2026_25_sep_21,Citizen Science (ultrasonic) - shared
59~40306+18~07249_20260925_213620.wav,DEV_001_20260925_213620.wav,0,59.40306,18.07249,Phogri,Pholidoptera griseoaptera,Dark Bush-cricket,bush-cricket,0.99,,,25/09/2026,25/09/2026,21:36:20,ClassifEspSWE-0002026-05-29_1,JOHANKARLSSON,202609261750NZ8IMDWO,2026_25_sep_21,Citizen Science (ultrasonic) - shared
59~40306+18~07249_20260925_213626.wav,DEV_001_20260925_213626.wav,0,59.40306,18.07249,Phogri,Pholidoptera griseoaptera,Dark Bush-cricket,bush-cricket,0.94,,,25/09/2026,25/09/2026,21:36:26,ClassifEspSWE-0002026-05-29_1,JOHANKARLSSON,202609261750NZ8IMDWO,2026_25_sep_21,Citizen Science (ultrasonic) - shared
59~40306+18~07249_20260925_213633.wav,DEV_001_20260925_213633.wav,0,59.40306,18.07249,Phogri,Pholidoptera griseoaptera,Dark Bush-cricket,bush-cricket,0.96,,,25/09/2026,25/09/2026,21:36:33,ClassifEspSWE-0002026-05-29_1,JOHANKARLSSON,202609261750NZ8IMDWO,2026_25_sep_21,Citizen Science (ultrasonic) - shared
59~40306+18~07249_20260925_213640.wav,DEV_001_20260925_213640.wav,0,59.40306,18.07249,Phogri,Pholidoptera griseoaptera,Dark Bush-cricket,bush-cricket,0.85,,,25/09/2026,25/09/2026,21:36:40,ClassifEspSWE-0002026-05-29_1,JOHANKARLSSON,202609261750NZ8IMDWO,2026_25_sep_21,Citizen Science (ultrasonic) - shared
59~40306+18~07249_20260925_213646.wav,DEV_001_20260925_213646.wav,0,59.40306,18.07249,Phogri,Pholidoptera griseoaptera,Dark Bush-cricket,bush-cricket,0.95,,,25/09/2026,25/09/2026,21:36:46,ClassifEspSWE-0002026-05-29_1,JOHANKARLSSON,202609261750NZ8IMDWO,2026_25_sep_21,Citizen Science (ultrasonic) - shared
59~40306+18~07249_20260925_213651.wav,DEV_001_20260925_213651.wav,0,59.40306,18.07249,Phogri,Pholidoptera griseoaptera,Dark Bush-cricket,bush-cricket,0.99,,,25/09/2026,25/09/2026,21:36:51,ClassifEspSWE-0002026-05-29_1,JOHANKARLSSON,202609261750NZ8IMDWO,2026_25_sep_21,Citizen Science (ultrasonic) - shared
59~40306+18~07249_20260925_213657.wav,DEV_001_20260925_213657.wav,0,59.40306,18.07249,Phogri,Pholidoptera griseoaptera,Dark Bush-cricket,bush-cricket,0.94,,,25/09/2026,25/09/2026,21:36:57,ClassifEspSWE-0002026-05-29_1,JOHANKARLSSON,202609261750NZ8IMDWO,2026_25_sep_21,Citizen Science (ultrasonic) - shared
59~40306+18~07249_20260925_213703.wav,DEV_001_20260925_213703.wav,0,59.40306,18.07249,Phogri,Pholidoptera griseoaptera,Dark Bush-cricket,bush-cricket,0.98,,,25/09/2026,25/09/2026,21:37:03,ClassifEspSWE-0002026-05-29_1,JOHANKARLSSON,202609261750NZ8IMDWO,2026_25_sep_21,Citizen Science (ultrasonic) - shared
59~40306+18~07249_20260925_213708.wav,DEV_001_20260925_213708.wav,0,59.40306,18.07249,Phogri,Pholidoptera griseoaptera,Dark Bush-cricket,bush-cricket,0.96,,,25/09/2026,25/09/2026,21:37:08,ClassifEspSWE-0002026-05-29_1,JOHANKARLSSON,202609261750NZ8IMDWO,2026_25_sep_21,Citizen Science (ultrasonic) - shared
59~40306+18~07249_20260925_213713.wav,DEV_001_20260925_213713.wav,0,59.40306,18.07249,Phogri,Pholidoptera griseoaptera,Dark Bush-cricket,bush-cricket,0.97,,,25/09/2026,25/09/2026,21:37:13,ClassifEspSWE-0002026-05-29_1,JOHANKARLSSON,202609261750NZ8IMDWO,2026_25_sep_21,Citizen Science (ultrasonic) - shared
59~40306+18~07249_20260925_213719.wav,DEV_001_20260925_213719.wav,0,59.40306,18.07249,Phogri,Pholidoptera griseoaptera,Dark Bush-cricket,bush-cricket,0.99,,,25/09/2026,25/09/2026,21:37:19,ClassifEspSWE-0002026-05-29_1,JOHANKARLSSON,202609261750NZ8IMDWO,2026_25_sep_21,Citizen Science (ultrasonic) - shared
59~40306+18~07249_20260925_213725.wav,DEV_001_20260925_213725.wav,0,59.40306,18.07249,Phogri,Pholidoptera griseoaptera,Dark Bush-cricket,bush-cricket,0.98,,,25/09/2026,25/09/2026,21:37:25,ClassifEspSWE-0002026-05-29_1,JOHANKARLSSON,202609261750NZ8IMDWO,2026_25_sep_21,Citizen Science (ultrasonic) - shared
59~40306+18~07249_20260925_213736.wav,DEV_001_20260925_213736.wav,0,59.40306,18.07249,Phogri,Pholidoptera griseoaptera,Dark Bush-cricket,bush-cricket,0.74,,,25/09/2026,25/09/2026,21:37:36,ClassifEspSWE-0002026-05-29_1,JOHANKARLSSON,202609261750NZ8IMDWO,2026_25_sep_21,Citizen Science (ultrasonic) - shared
59~40306+18~07249_20260925_213745.wav,DEV_001_20260925_213745.wav,0,59.40306,18.07249,Phogri,Pholidoptera griseoaptera,Dark Bush-cricket,bush-cricket,0.99,,,25/09/2026,25/09/2026,21:37:45,ClassifEspSWE-0002026-05-29_1,JOHANKARLSSON,202609261750NZ8IMDWO,2026_25_sep_21,Citizen Science (ultrasonic) - shared
59~40306+18~07249_20260925_213750.wav,DEV_001_20260925_213750.wav,0,59.40306,18.07249,Phogri,Pholidoptera griseoaptera,Dark Bush-cricket,bush-cricket,0.69,,,25/09/2026,25/09/2026,21:37:50,ClassifEspSWE-0002026-05-29_1,JOHANKARLSSON,202609261750NZ8IMDWO,2026_25_sep_21,Citizen Science (ultrasonic) - shared
59~40306+18~07249_20260925_213757.wav,DEV_001_20260925_213757.wav,0,59.40306,18.07249,Phogri,Pholidoptera griseoaptera,Dark Bush-cricket,bush-cricket,0.97,,,25/09/2026,25/09/2026,21:37:57,ClassifEspSWE-0002026-05-29_1,JOHANKARLSSON,202609261750NZ8IMDWO,2026_25_sep_21,Citizen Science (ultrasonic) - shared
59~40306+18~07249_20260925_213805.wav,DEV_001_20260925_213805.wav,0,59.40306,18.07249,Phogri,Pholidoptera griseoaptera,Dark Bush-cricket,bush-cricket,0.99,,,25/09/2026,25/09/2026,21:38:05,ClassifEspSWE-0002026-05-29_1,JOHANKARLSSON,202609261750NZ8IMDWO,2026_25_sep_21,Citizen Science (ultrasonic) - shared
59~40306+18~07249_20260925_213810.wav,DEV_001_20260925_213810.wav,0,59.40306,18.07249,Phogri,Pholidoptera griseoaptera,Dark Bush-cricket,bush-cricket,0.93,,,25/09/2026,25/09/2026,21:38:10,ClassifEspSWE-0002026-05-29_1,JOHANKARLSSON,202609261750NZ8IMDWO,2026_25_sep_21,Citizen Science (ultrasonic) - shared
59~40306+18~07249_20260925_213816.wav,DEV_001_20260925_213816.wav,0,59.40306,18.07249,Phogri,Pholidoptera griseoaptera,Dark Bush-cricket,bush-cricket,0.98,,,25/09/2026,25/09/2026,21:38:16,ClassifEspSWE-0002026-05-29_1,JOHANKARLSSON,202609261750NZ8IMDWO,2026_25_sep_21,Citizen Science (ultrasonic) - shared
59~40306+18~07249_20260925_213822.wav,DEV_001_20260925_213822.wav,0,59.40306,18.07249,Phogri,Pholidoptera griseoaptera,Dark Bush-cricket,bush-cricket,0.98,,,25/09/2026,25/09/2026,21:38:22,ClassifEspSWE-0002026-05-29_1,JOHANKARLSSON,202609261750NZ8IMDWO,2026_25_sep_21,Citizen Science (ultrasonic) - shared
59~40306+18~07249_20260925_213828.wav,DEV_001_20260925_213828.wav,0,59.40306,18.07249,Phogri,Pholidoptera griseoaptera,Dark Bush-cricket,bush-cricket,0.87,,,25/09/2026,25/09/2026,21:38:28,ClassifEspSWE-0002026-05-29_1,JOHANKARLSSON,202609261750NZ8IMDWO,2026_25_sep_21,Citizen Science (ultrasonic) - shared
59~40306+18~07249_20260925_213833.wav,DEV_001_20260925_213833.wav,0,59.40306,18.07249,Phogri,Pholidoptera griseoaptera,Dark Bush-cricket,bush-cricket,0.54,,,25/09/2026,25/09/2026,21:38:33,ClassifEspSWE-0002026-05-29_1,JOHANKARLSSON,202609261750NZ8IMDWO,2026_25_sep_21,Citizen Science (ultrasonic) - shared
59~40306+18~07249_20260925_213841.wav,DEV_001_20260925_213841.wav,0,59.40306,18.07249,Phogri,Pholidoptera griseoaptera,Dark Bush-cricket,bush-cricket,0.99,,,25/09/2026,25/09/2026,21:38:41,ClassifEspSWE-0002026-05-29_1,JOHANKARLSSON,202609261750NZ8IMDWO,2026_25_sep_21,Citizen Science (ultrasonic) - shared
59~40306+18~07249_20260925_213846.wav,DEV_001_20260925_213846.wav,0,59.40306,18.07249,Phogri,Pholidoptera griseoaptera,Dark Bush-cricket,bush-cricket,0.98,,,25/09/2026,25/09/2026,21:38:46,ClassifEspSWE-0002026-05-29_1,JOHANKARLSSON,202609261750NZ8IMDWO,2026_25_sep_21,Citizen Science (ultrasonic) - shared
59~40306+18~07249_20260925_213852.wav,DEV_001_20260925_213852.wav,0,59.40306,18.07249,Phogri,Pholidoptera griseoaptera,Dark Bush-cricket,bush-cricket,0.99,,,25/09/2026,25/09/2026,21:38:52,ClassifEspSWE-0002026-05-29_1,JOHANKARLSSON,202609261750NZ8IMDWO,2026_25_sep_21,Citizen Science (ultrasonic) - shared
59~40306+18~07249_20260925_213859.wav,DEV_001_20260925_213859.wav,0,59.40306,18.07249,Phogri,Pholidoptera griseoaptera,Dark Bush-cricket,bush-cricket,0.99,,,25/09/2026,25/09/2026,21:38:59,ClassifEspSWE-0002026-05-29_1,JOHANKARLSSON,202609261750NZ8IMDWO,2026_25_sep_21,Citizen Science (ultrasonic) - shared
59~40306+18~07249_20260925_213905.wav,DEV_001_20260925_213905.wav,0,59.40306,18.07249,Phogri,Pholidoptera griseoaptera,Dark Bush-cricket,bush-cricket,0.73,,,25/09/2026,25/09/2026,21:39:05,ClassifEspSWE-0002026-05-29_1,JOHANKARLSSON,202609261750NZ8IMDWO,2026_25_sep_21,Citizen Science (ultrasonic) - shared
59~40306+18~07249_20260925_213912.wav,DEV_001_20260925_213912.wav,0,59.40306,18.07249,Phogri,Pholidoptera griseoaptera,Dark Bush-cricket,bush-cricket,0.98,,,25/09/2026,25/09/2026,21:39:12,ClassifEspSWE-0002026-05-29_1,JOHANKARLSSON,202609261750NZ8IMDWO,2026_25_sep_21,Citizen Science (ultrasonic) - shared
59~40306+18~07249_20260925_213918.wav,DEV_001_20260925_213918.wav,0,59.40306,18.07249,Phogri,Pholidoptera griseoaptera,Dark Bush-cricket,bush-cricket,0.95,,,25/09/2026,25/09/2026,21:39:18,ClassifEspSWE-0002026-05-29_1,JOHANKARLSSON,202609261750NZ8IMDWO,2026_25_sep_21,Citizen Science (ultrasonic) - shared
59~40306+18~07249_20260925_213923.wav,DEV_001_20260925_213923.wav,0,59.40306,18.07249,Phogri,Pholidoptera griseoaptera,Dark Bush-cricket,bush-cricket,0.98,,,25/09/2026,25/09/2026,21:39:23,ClassifEspSWE-0002026-05-29_1,JOHANKARLSSON,202609261750NZ8IMDWO,2026_25_sep_21,Citizen Science (ultrasonic) - shared
59~40306+18~07249_20260925_213929.wav,DEV_001_20260925_213929.wav,0,59.40306,18.07249,Phogri,Pholidoptera griseoaptera,Dark Bush-cricket,bush-cricket,0.81,,,25/09/2026,25/09/2026,21:39:29,ClassifEspSWE-0002026-05-29_1,JOHANKARLSSON,202609261750NZ8IMDWO,2026_25_sep_21,Citizen Science (ultrasonic) - shared
59~40306+18~07249_20260925_213935.wav,DEV_001_20260925_213935.wav,0,59.40306,18.07249,Phogri,Pholidoptera griseoaptera,Dark Bush-cricket,bush-cricket,0.95,,,25/09/2026,25/09/2026,21:39:35,ClassifEspSWE-0002026-05-29_1,JOHANKARLSSON,202609261750NZ8IMDWO,2026_25_sep_21,Citizen Science (ultrasonic) - shared
59~40306+18~07249_20260925_213942.wav,DEV_001_20260925_213942.wav,0,59.40306,18.07249,Phogri,Pholidoptera griseoaptera,Dark Bush-cricket,bush-cricket,0.99,,,25/09/2026,25/09/2026,21:39:42,ClassifEspSWE-0002026-05-29_1,JOHANKARLSSON,202609261750NZ8IMDWO,2026_25_sep_21,Citizen Science (ultrasonic) - shared
59~40306+18~07249_20260925_213949.wav,DEV_001_20260925_213949.wav,0,59.40306,18.07249,Phogri,Pholidoptera griseoaptera,Dark Bush-cricket,bush-cricket,0.98,,,25/09/2026,25/09/2026,21:39:49,ClassifEspSWE-0002026-05-29_1,JOHANKARLSSON,202609261750NZ8IMDWO,2026_25_sep_21,Citizen Science (ultrasonic) - shared
59~40306+18~07249_20260925_213955.wav,DEV_001_20260925_213955.wav,0,59.40306,18.07249,Phogri,Pholidoptera griseoaptera,Dark Bush-cricket,bush-cricket,0.93,,,25/09/2026,25/09/2026,21:39:55,ClassifEspSWE-0002026-05-29_1,JOHANKARLSSON,202609261750NZ8IMDWO,2026_25_sep_21,Citizen Science (ultrasonic) - shared
59~40306+18~07249_20260925_214002.wav,DEV_001_20260925_214002.wav,0,59.40306,18.07249,Phogri,Pholidoptera griseoaptera,Dark Bush-cricket,bush-cricket,0.94,,,25/09/2026,25/09/2026,21:40:02,ClassifEspSWE-0002026-05-29_1,JOHANKARLSSON,202609261750NZ8IMDWO,2026_25_sep_21,Citizen Science (ultrasonic) - shared
59~40306+18~07249_20260925_214008.wav,DEV_001_20260925_214008.wav,0,59.40306,18.07249,Phogri,Pholidoptera griseoaptera,Dark Bush-cricket,bush-cricket,0.97,,,25/09/2026,25/09/2026,21:40:08,ClassifEspSWE-0002026-05-29_1,JOHANKARLSSON,202609261750NZ8IMDWO,2026_25_sep_21,Citizen Science (ultrasonic) - shared
59~40306+18~07249_20260925_214015.wav,DEV_001_20260925_214015.wav,0,59.40306,18.07249,Phogri,Pholidoptera griseoaptera,Dark Bush-cricket,bush-cricket,0.77,,,25/09/2026,25/09/2026,21:40:15,ClassifEspSWE-0002026-05-29_1,JOHANKARLSSON,202609261750NZ8IMDWO,2026_25_sep_21,Citizen Science (ultrasonic) - shared
59~40306+18~07249_20260925_214023.wav,DEV_001_20260925_214023.wav,0,59.40306,18.07249,Phogri,Pholidoptera griseoaptera,Dark Bush-cricket,bush-cricket,0.58,,,25/09/2026,25/09/2026,21:40:23,ClassifEspSWE-0002026-05-29_1,JOHANKARLSSON,202609261750NZ8IMDWO,2026_25_sep_21,Citizen Science (ultrasonic) - shared
59~40306+18~07249_20260925_214029.wav,DEV_001_20260925_214029.wav,0,59.40306,18.07249,Phogri,Pholidoptera griseoaptera,Dark Bush-cricket,bush-cricket,0.8,,,25/09/2026,25/09/2026,21:40:29,ClassifEspSWE-0002026-05-29_1,JOHANKARLSSON,202609261750NZ8IMDWO,2026_25_sep_21,Citizen Science (ultrasonic) - shared
59~40306+18~07249_20260925_214035.wav,DEV_001_20260925_214035.wav,0,59.40306,18.07249,Phogri,Pholidoptera griseoaptera,Dark Bush-cricket,bush-cricket,0.92,,,25/09/2026,25/09/2026,21:40:35,ClassifEspSWE-0002026-05-29_1,JOHANKARLSSON,202609261750NZ8IMDWO,2026_25_sep_21,Citizen Science (ultrasonic) - shared
59~40306+18~07249_20260925_214041.wav,DEV_001_20260925_214041.wav,0,59.40306,18.07249,Phogri,Pholidoptera griseoaptera,Dark Bush-cricket,bush-cricket,0.98,,,25/09/2026,25/09/2026,21:40:41,ClassifEspSWE-0002026-05-29_1,JOHANKARLSSON,202609261750NZ8IMDWO,2026_25_sep_21,Citizen Science (ultrasonic) - shared
59~40306+18~07249_20260925_214047.wav,DEV_001_20260925_214047.wav,0,59.40306,18.07249,Phogri,Pholidoptera griseoaptera,Dark Bush-cricket,bush-cricket,0.77,,,25/09/2026,25/09/2026,21:40:47,ClassifEspSWE-0002026-05-29_1,JOHANKARLSSON,202609261750NZ8IMDWO,2026_25_sep_21,Citizen Science (ultrasonic) - shared
59~40306+18~07249_20260925_214053.wav,DEV_001_20260925_214053.wav,0,59.40306,18.07249,Phogri,Pholidoptera griseoaptera,Dark Bush-cricket,bush-cricket,0.84,,,25/09/2026,25/09/2026,21:40:53,ClassifEspSWE-0002026-05-29_1,JOHANKARLSSON,202609261750NZ8IMDWO,2026_25_sep_21,Citizen Science (ultrasonic) - shared
59~40306+18~07249_20260925_214059.wav,DEV_001_20260925_214059.wav,0,59.40306,18.07249,Phogri,Pholidoptera griseoaptera,Dark Bush-cricket,bush-cricket,0.76,,,25/09/2026,25/09/2026,21:40:59,ClassifEspSWE-0002026-05-29_1,JOHANKARLSSON,202609261750NZ8IMDWO,2026_25_sep_21,Citizen Science (ultrasonic) - shared
59~40306+18~07249_20260925_214107.wav,DEV_001_20260925_214107.wav,0,59.40306,18.07249,Phogri,Pholidoptera griseoaptera,Dark Bush-cricket,bush-cricket,0.93,,,25/09/2026,25/09/2026,21:41:07,ClassifEspSWE-0002026-05-29_1,JOHANKARLSSON,202609261750NZ8IMDWO,2026_25_sep_21,Citizen Science (ultrasonic) - shared
59~40306+18~07249_20260925_214113.wav,DEV_001_20260925_214113.wav,0,59.40306,18.07249,Phogri,Pholidoptera griseoaptera,Dark Bush-cricket,bush-cricket,0.97,,,25/09/2026,25/09/2026,21:41:13,ClassifEspSWE-0002026-05-29_1,JOHANKARLSSON,202609261750NZ8IMDWO,2026_25_sep_21,Citizen Science (ultrasonic) - shared
59~40306+18~07249_20260925_214119.wav,DEV_001_20260925_214119.wav,0,59.40306,18.07249,Phogri,Pholidoptera griseoaptera,Dark Bush-cricket,bush-cricket,0.99,,,25/09/2026,25/09/2026,21:41:19,ClassifEspSWE-0002026-05-29_1,JOHANKARLSSON,202609261750NZ8IMDWO,2026_25_sep_21,Citizen Science (ultrasonic) - shared
59~40306+18~07249_20260925_214125.wav,DEV_001_20260925_214125.wav,0,59.40306,18.07249,Phogri,Pholidoptera griseoaptera,Dark Bush-cricket,bush-cricket,0.78,,,25/09/2026,25/09/2026,21:41:25,ClassifEspSWE-0002026-05-29_1,JOHANKARLSSON,202609261750NZ8IMDWO,2026_25_sep_21,Citizen Science (ultrasonic) - shared
59~40306+18~07249_20260925_214132.wav,DEV_001_20260925_214132.wav,0,59.40306,18.07249,Phogri,Pholidoptera griseoaptera,Dark Bush-cricket,bush-cricket,0.97,,,25/09/2026,25/09/2026,21:41:32,ClassifEspSWE-0002026-05-29_1,JOHANKARLSSON,202609261750NZ8IMDWO,2026_25_sep_21,Citizen Science (ultrasonic) - shared
59~40306+18~07249_20260925_214139.wav,DEV_001_20260925_214139.wav,0,59.40306,18.07249,Phogri,Pholidoptera griseoaptera,Dark Bush-cricket,bush-cricket,0.94,,,25/09/2026,25/09/2026,21:41:39,ClassifEspSWE-0002026-05-29_1,JOHANKARLSSON,202609261750NZ8IMDWO,2026_25_sep_21,Citizen Science (ultrasonic) - shared
59~40306+18~07249_20260925_214146.wav,DEV_001_20260925_214146.wav,0,59.40306,18.07249,Phogri,Pholidoptera griseoaptera,Dark Bush-cricket,bush-cricket,0.97,,,25/09/2026,25/09/2026,21:41:46,ClassifEspSWE-0002026-05-29_1,JOHANKARLSSON,202609261750NZ8IMDWO,2026_25_sep_21,Citizen Science (ultrasonic) - shared
59~40306+18~07249_20260925_214152.wav,DEV_001_20260925_214152.wav,0,59.40306,18.07249,Phogri,Pholidoptera griseoaptera,Dark Bush-cricket,bush-cricket,0.61,,,25/09/2026,25/09/2026,21:41:52,ClassifEspSWE-0002026-05-29_1,JOHANKARLSSON,202609261750NZ8IMDWO,2026_25_sep_21,Citizen Science (ultrasonic) - shared
59~40306+18~07249_20260925_214157.wav,DEV_001_20260925_214157.wav,0,59.40306,18.07249,Phogri,Pholidoptera griseoaptera,Dark Bush-cricket,bush-cricket,0.98,,,25/09/2026,25/09/2026,21:41:57,ClassifEspSWE-0002026-05-29_1,JOHANKARLSSON,202609261750NZ8IMDWO,2026_25_sep_21,Citizen Science (ultrasonic) - shared
59~40306+18~07249_20260925_214203.wav,DEV_001_20260925_214203.wav,0,59.40306,18.07249,Phogri,Pholidoptera griseoaptera,Dark Bush-cricket,bush-cricket,0.92,,,25/09/2026,25/09/2026,21:42:03,ClassifEspSWE-0002026-05-29_1,JOHANKARLSSON,202609261750NZ8IMDWO,2026_25_sep_21,Citizen Science (ultrasonic) - shared
59~40306+18~07249_20260925_214208.wav,DEV_001_20260925_214208.wav,0,59.40306,18.07249,Phogri,Pholidoptera griseoaptera,Dark Bush-cricket,bush-cricket,0.97,,,25/09/2026,25/09/2026,21:42:08,ClassifEspSWE-0002026-05-29_1,JOHANKARLSSON,202609261750NZ8IMDWO,2026_25_sep_21,Citizen Science (ultrasonic) - shared
59~40306+18~07249_20260925_214214.wav,DEV_001_20260925_214214.wav,0,59.40306,18.07249,Phogri,Pholidoptera griseoaptera,Dark Bush-cricket,bush-cricket,0.96,,,25/09/2026,25/09/2026,21:42:14,ClassifEspSWE-0002026-05-29_1,JOHANKARLSSON,202609261750NZ8IMDWO,2026_25_sep_21,Citizen Science (ultrasonic) - shared
59~40306+18~07249_20260925_214220.wav,DEV_001_20260925_214220.wav,0,59.40306,18.07249,Phogri,Pholidoptera griseoaptera,Dark Bush-cricket,bush-cricket,0.51,,,25/09/2026,25/09/2026,21:42:20,ClassifEspSWE-0002026-05-29_1,JOHANKARLSSON,202609261750NZ8IMDWO,2026_25_sep_21,Citizen Science (ultrasonic) - shared
59~40306+18~07249_20260925_214226.wav,DEV_001_20260925_214226.wav,0,59.40306,18.07249,Phogri,Pholidoptera griseoaptera,Dark Bush-cricket,bush-cricket,0.99,,,25/09/2026,25/09/2026,21:42:26,ClassifEspSWE-0002026-05-29_1,JOHANKARLSSON,202609261750NZ8IMDWO,2026_25_sep_21,Citizen Science (ultrasonic) - shared
59~40306+18~07249_20260925_214234.wav,DEV_001_20260925_214234.wav,0,59.40306,18.07249,Phogri,Pholidoptera griseoaptera,Dark Bush-cricket,bush-cricket,0.98,,,25/09/2026,25/09/2026,21:42:34,ClassifEspSWE-0002026-05-29_1,JOHANKARLSSON,202609261750NZ8IMDWO,2026_25_sep_21,Citizen Science (ultrasonic) - shared
59~40306+18~07249_20260925_214239.wav,DEV_001_20260925_214239.wav,0,59.40306,18.07249,Phogri,Pholidoptera griseoaptera,Dark Bush-cricket,bush-cricket,0.96,,,25/09/2026,25/09/2026,21:42:39,ClassifEspSWE-0002026-05-29_1,JOHANKARLSSON,202609261750NZ8IMDWO,2026_25_sep_21,Citizen Science (ultrasonic) - shared
59~40306+18~07249_20260925_214245.wav,DEV_001_20260925_214245.wav,0,59.40306,18.07249,Phogri,Pholidoptera griseoaptera,Dark Bush-cricket,bush-cricket,0.99,,,25/09/2026,25/09/2026,21:42:45,ClassifEspSWE-0002026-05-29_1,JOHANKARLSSON,202609261750NZ8IMDWO,2026_25_sep_21,Citizen Science (ultrasonic) - shared
59~40306+18~07249_20260925_214251.wav,DEV_001_20260925_214251.wav,0,59.40306,18.07249,Phogri,Pholidoptera griseoaptera,Dark Bush-cricket,bush-cricket,0.69,,,25/09/2026,25/09/2026,21:42:51,ClassifEspSWE-0002026-05-29_1,JOHANKARLSSON,202609261750NZ8IMDWO,2026_25_sep_21,Citizen Science (ultrasonic) - shared
59~40306+18~07249_20260925_214258.wav,DEV_001_20260925_214258.wav,0,59.40306,18.07249,Phogri,Pholidoptera griseoaptera,Dark Bush-cricket,bush-cricket,0.95,,,25/09/2026,25/09/2026,21:42:58,ClassifEspSWE-0002026-05-29_1,JOHANKARLSSON,202609261750NZ8IMDWO,2026_25_sep_21,Citizen Science (ultrasonic) - shared
59~40306+18~07249_20260925_214304.wav,DEV_001_20260925_214304.wav,0,59.40306,18.07249,Phogri,Pholidoptera griseoaptera,Dark Bush-cricket,bush-cricket,0.99,,,25/09/2026,25/09/2026,21:43:04,ClassifEspSWE-0002026-05-29_1,JOHANKARLSSON,202609261750NZ8IMDWO,2026_25_sep_21,Citizen Science (ultrasonic) - shared
59~40306+18~07249_20260925_214310.wav,DEV_001_20260925_214310.wav,0,59.40306,18.07249,Phogri,Pholidoptera griseoaptera,Dark Bush-cricket,bush-cricket,0.89,,,25/09/2026,25/09/2026,21:43:10,ClassifEspSWE-0002026-05-29_1,JOHANKARLSSON,202609261750NZ8IMDWO,2026_25_sep_21,Citizen Science (ultrasonic) - shared
59~40306+18~07249_20260925_214317.wav,DEV_001_20260925_214317.wav,0,59.40306,18.07249,Phogri,Pholidoptera griseoaptera,Dark Bush-cricket,bush-cricket,0.94,,,25/09/2026,25/09/2026,21:43:17,ClassifEspSWE-0002026-05-29_1,JOHANKARLSSON,202609261750NZ8IMDWO,2026_25_sep_21,Citizen Science (ultrasonic) - shared
59~40306+18~07249_20260925_214323.wav,DEV_001_20260925_214323.wav,0,59.40306,18.07249,Phogri,Pholidoptera griseoaptera,Dark Bush-cricket,bush-cricket,0.99,,,25/09/2026,25/09/2026,21:43:23,ClassifEspSWE-0002026-05-29_1,JOHANKARLSSON,202609261750NZ8IMDWO,2026_25_sep_21,Citizen Science (ultrasonic) - shared
59~40306+18~07249_20260925_214330.wav,DEV_001_20260925_214330.wav,0,59.40306,18.07249,Phogri,Pholidoptera griseoaptera,Dark Bush-cricket,bush-cricket,0.96,,,25/09/2026,25/09/2026,21:43:30,ClassifEspSWE-0002026-05-29_1,JOHANKARLSSON,202609261750NZ8IMDWO,2026_25_sep_21,Citizen Science (ultrasonic) - shared
59~40306+18~07249_20260925_214336.wav,DEV_001_20260925_214336.wav,0,59.40306,18.07249,Phogri,Pholidoptera griseoaptera,Dark Bush-cricket,bush-cricket,0.99,,,25/09/2026,25/09/2026,21:43:36,ClassifEspSWE-0002026-05-29_1,JOHANKARLSSON,202609261750NZ8IMDWO,2026_25_sep_21,Citizen Science (ultrasonic) - shared
59~40306+18~07249_20260925_214343.wav,DEV_001_20260925_214343.wav,0,59.40306,18.07249,Phogri,Pholidoptera griseoaptera,Dark Bush-cricket,bush-cricket,0.99,,,25/09/2026,25/09/2026,21:43:43,ClassifEspSWE-0002026-05-29_1,JOHANKARLSSON,202609261750NZ8IMDWO,2026_25_sep_21,Citizen Science (ultrasonic) - shared
59~40306+18~07249_20260925_214349.wav,DEV_001_20260925_214349.wav,0,59.40306,18.07249,Phogri,Pholidoptera griseoaptera,Dark Bush-cricket,bush-cricket,0.97,,,25/09/2026,25/09/2026,21:43:49,ClassifEspSWE-0002026-05-29_1,JOHANKARLSSON,202609261750NZ8IMDWO,2026_25_sep_21,Citizen Science (ultrasonic) - shared
59~40306+18~07249_20260925_214356.wav,DEV_001_20260925_214356.wav,0,59.40306,18.07249,Phogri,Pholidoptera griseoaptera,Dark Bush-cricket,bush-cricket,0.94,,,25/09/2026,25/09/2026,21:43:56,ClassifEspSWE-0002026-05-29_1,JOHANKARLSSON,202609261750NZ8IMDWO,2026_25_sep_21,Citizen Science (ultrasonic) - shared
59~40306+18~07249_20260925_214402.wav,DEV_001_20260925_214402.wav,0,59.40306,18.07249,Phogri,Pholidoptera griseoaptera,Dark Bush-cricket,bush-cricket,0.99,,,25/09/2026,25/09/2026,21:44:02,ClassifEspSWE-0002026-05-29_1,JOHANKARLSSON,202609261750NZ8IMDWO,2026_25_sep_21,Citizen Science (ultrasonic) - shared
59~40306+18~07249_20260925_214409.wav,DEV_001_20260925_214409.wav,0,59.40306,18.07249,Phogri,Pholidoptera griseoaptera,Dark Bush-cricket,bush-cricket,0.99,,,25/09/2026,25/09/2026,21:44:09,ClassifEspSWE-0002026-05-29_1,JOHANKARLSSON,202609261750NZ8IMDWO,2026_25_sep_21,Citizen Science (ultrasonic) - shared
59~40306+18~07249_20260925_214414.wav,DEV_001_20260925_214414.wav,0,59.40306,18.07249,Phogri,Pholidoptera griseoaptera,Dark Bush-cricket,bush-cricket,0.99,,,25/09/2026,25/09/2026,21:44:14,ClassifEspSWE-0002026-05-29_1,JOHANKARLSSON,202609261750NZ8IMDWO,2026_25_sep_21,Citizen Science (ultrasonic) - shared
59~40306+18~07249_20260925_214419.wav,DEV_001_20260925_214419.wav,0,59.40306,18.07249,Phogri,Pholidoptera griseoaptera,Dark Bush-cricket,bush-cricket,0.96,,,25/09/2026,25/09/2026,21:44:19,ClassifEspSWE-0002026-05-29_1,JOHANKARLSSON,202609261750NZ8IMDWO,2026_25_sep_21,Citizen Science (ultrasonic) - shared
59~40306+18~07249_20260925_214425.wav,DEV_001_20260925_214425.wav,0,59.40306,18.07249,Phogri,Pholidoptera griseoaptera,Dark Bush-cricket,bush-cricket,0.98,,,25/09/2026,25/09/2026,21:44:25,ClassifEspSWE-0002026-05-29_1,JOHANKARLSSON,202609261750NZ8IMDWO,2026_25_sep_21,Citizen Science (ultrasonic) - shared
59~40306+18~07249_20260925_214432.wav,DEV_001_20260925_214432.wav,0,59.40306,18.07249,Phogri,Pholidoptera griseoaptera,Dark Bush-cricket,bush-cricket,0.93,,,25/09/2026,25/09/2026,21:44:32,ClassifEspSWE-0002026-05-29_1,JOHANKARLSSON,202609261750NZ8IMDWO,2026_25_sep_21,Citizen Science (ultrasonic) - shared
59~40306+18~07249_20260925_214439.wav,DEV_001_20260925_214439.wav,0,59.40306,18.07249,Phogri,Pholidoptera griseoaptera,Dark Bush-cricket,bush-cricket,0.94,,,25/09/2026,25/09/2026,21:44:39,ClassifEspSWE-0002026-05-29_1,JOHANKARLSSON,202609261750NZ8IMDWO,2026_25_sep_21,Citizen Science (ultrasonic) - shared
59~40306+18~07249_20260925_214446.wav,DEV_001_20260925_214446.wav,0,59.40306,18.07249,Phogri,Pholidoptera griseoaptera,Dark Bush-cricket,bush-cricket,0.98,,,25/09/2026,25/09/2026,21:44:46,ClassifEspSWE-0002026-05-29_1,JOHANKARLSSON,202609261750NZ8IMDWO,2026_25_sep_21,Citizen Science (ultrasonic) - shared
59~40306+18~07249_20260925_214451.wav,DEV_001_20260925_214451.wav,0,59.40306,18.07249,Phogri,Pholidoptera griseoaptera,Dark Bush-cricket,bush-cricket,0.98,,,25/09/2026,25/09/2026,21:44:51,ClassifEspSWE-0002026-05-29_1,JOHANKARLSSON,202609261750NZ8IMDWO,2026_25_sep_21,Citizen Science (ultrasonic) - shared
59~40306+18~07249_20260925_214458.wav,DEV_001_20260925_214458.wav,0,59.40306,18.07249,Phogri,Pholidoptera griseoaptera,Dark Bush-cricket,bush-cricket,0.92,,,25/09/2026,25/09/2026,21:44:58,ClassifEspSWE-0002026-05-29_1,JOHANKARLSSON,202609261750NZ8IMDWO,2026_25_sep_21,Citizen Science (ultrasonic) - shared
59~40306+18~07249_20260925_214505.wav,DEV_001_20260925_214505.wav,0,59.40306,18.07249,Phogri,Pholidoptera griseoaptera,Dark Bush-cricket,bush-cricket,0.99,,,25/09/2026,25/09/2026,21:45:05,ClassifEspSWE-0002026-05-29_1,JOHANKARLSSON,202609261750NZ8IMDWO,2026_25_sep_21,Citizen Science (ultrasonic) - shared
59~40306+18~07249_20260925_214512.wav,DEV_001_20260925_214512.wav,0,59.40306,18.07249,Phogri,Pholidoptera griseoaptera,Dark Bush-cricket,bush-cricket,0.99,,,25/09/2026,25/09/2026,21:45:12,ClassifEspSWE-0002026-05-29_1,JOHANKARLSSON,202609261750NZ8IMDWO,2026_25_sep_21,Citizen Science (ultrasonic) - shared
59~40306+18~07249_20260925_214518.wav,DEV_001_20260925_214518.wav,0,59.40306,18.07249,Phogri,Pholidoptera griseoaptera,Dark Bush-cricket,bush-cricket,0.98,,,25/09/2026,25/09/2026,21:45:18,ClassifEspSWE-0002026-05-29_1,JOHANKARLSSON,202609261750NZ8IMDWO,2026_25_sep_21,Citizen Science (ultrasonic) - shared
59~40306+18~07249_20260925_214524.wav,DEV_001_20260925_214524.wav,0,59.40306,18.07249,Phogri,Pholidoptera griseoaptera,Dark Bush-cricket,bush-cricket,0.99,,,25/09/2026,25/09/2026,21:45:24,ClassifEspSWE-0002026-05-29_1,JOHANKARLSSON,202609261750NZ8IMDWO,2026_25_sep_21,Citizen Science (ultrasonic) - shared
59~40306+18~07249_20260925_214539.wav,DEV_001_20260925_214539.wav,0,59.40306,18.07249,Phogri,Pholidoptera griseoaptera,Dark Bush-cricket,bush-cricket,0.55,,,25/09/2026,25/09/2026,21:45:39,ClassifEspSWE-0002026-05-29_1,JOHANKARLSSON,202609261750NZ8IMDWO,2026_25_sep_21,Citizen Science (ultrasonic) - shared
59~40306+18~07249_20260925_214546.wav,DEV_001_20260925_214546.wav,0,59.40306,18.07249,Phogri,Pholidoptera griseoaptera,Dark Bush-cricket,bush-cricket,0.99,,,25/09/2026,25/09/2026,21:45:46,ClassifEspSWE-0002026-05-29_1,JOHANKARLSSON,202609261750NZ8IMDWO,2026_25_sep_21,Citizen Science (ultrasonic) - shared
59~40306+18~07249_20260925_214552.wav,DEV_001_20260925_214552.wav,0,59.40306,18.07249,Phogri,Pholidoptera griseoaptera,Dark Bush-cricket,bush-cricket,0.97,,,25/09/2026,25/09/2026,21:45:52,ClassifEspSWE-0002026-05-29_1,JOHANKARLSSON,202609261750NZ8IMDWO,2026_25_sep_21,Citizen Science (ultrasonic) - shared
59~40306+18~07249_20260925_214558.wav,DEV_001_20260925_214558.wav,0,59.40306,18.07249,Phogri,Pholidoptera griseoaptera,Dark Bush-cricket,bush-cricket,0.99,,,25/09/2026,25/09/2026,21:45:58,ClassifEspSWE-0002026-05-29_1,JOHANKARLSSON,202609261750NZ8IMDWO,2026_25_sep_21,Citizen Science (ultrasonic) - shared
59~40306+18~07249_20260925_214605.wav,DEV_001_20260925_214605.wav,0,59.40306,18.07249,Phogri,Pholidoptera griseoaptera,Dark Bush-cricket,bush-cricket,0.5,,,25/09/2026,25/09/2026,21:46:05,ClassifEspSWE-0002026-05-29_1,JOHANKARLSSON,202609261750NZ8IMDWO,2026_25_sep_21,Citizen Science (ultrasonic) - shared
59~40306+18~07249_20260925_214611.wav,DEV_001_20260925_214611.wav,0,59.40306,18.07249,Phogri,Pholidoptera griseoaptera,Dark Bush-cricket,bush-cricket,0.95,,,25/09/2026,25/09/2026,21:46:11,ClassifEspSWE-0002026-05-29_1,JOHANKARLSSON,202609261750NZ8IMDWO,2026_25_sep_21,Citizen Science (ultrasonic) - shared
59~40306+18~07249_20260925_214616.wav,DEV_001_20260925_214616.wav,0,59.40306,18.07249,Phogri,Pholidoptera griseoaptera,Dark Bush-cricket,bush-cricket,0.94,,,25/09/2026,25/09/2026,21:46:16,ClassifEspSWE-0002026-05-29_1,JOHANKARLSSON,202609261750NZ8IMDWO,2026_25_sep_21,Citizen Science (ultrasonic) - shared
59~40306+18~07249_20260925_214622.wav,DEV_001_20260925_214622.wav,0,59.40306,18.07249,Phogri,Pholidoptera griseoaptera,Dark Bush-cricket,bush-cricket,0.98,,,25/09/2026,25/09/2026,21:46:22,ClassifEspSWE-0002026-05-29_1,JOHANKARLSSON,202609261750NZ8IMDWO,2026_25_sep_21,Citizen Science (ultrasonic) - shared
59~40306+18~07249_20260925_214629.wav,DEV_001_20260925_214629.wav,0,59.40306,18.07249,Phogri,Pholidoptera griseoaptera,Dark Bush-cricket,bush-cricket,0.99,,,25/09/2026,25/09/2026,21:46:29,ClassifEspSWE-0002026-05-29_1,JOHANKARLSSON,202609261750NZ8IMDWO,2026_25_sep_21,Citizen Science (ultrasonic) - shared
59~40306+18~07249_20260925_214635.wav,DEV_001_20260925_214635.wav,0,59.40306,18.07249,Phogri,Pholidoptera griseoaptera,Dark Bush-cricket,bush-cricket,0.94,,,25/09/2026,25/09/2026,21:46:35,ClassifEspSWE-0002026-05-29_1,JOHANKARLSSON,202609261750NZ8IMDWO,2026_25_sep_21,Citizen Science (ultrasonic) - shared
59~40306+18~07249_20260925_214641.wav,DEV_001_20260925_214641.wav,0,59.40306,18.07249,Phogri,Pholidoptera griseoaptera,Dark Bush-cricket,bush-cricket,0.99,,,25/09/2026,25/09/2026,21:46:41,ClassifEspSWE-0002026-05-29_1,JOHANKARLSSON,202609261750NZ8IMDWO,2026_25_sep_21,Citizen Science (ultrasonic) - shared
59~40306+18~07249_20260925_214646.wav,DEV_001_20260925_214646.wav,0,59.40306,18.07249,Phogri,Pholidoptera griseoaptera,Dark Bush-cricket,bush-cricket,0.51,,,25/09/2026,25/09/2026,21:46:46,ClassifEspSWE-0002026-05-29_1,JOHANKARLSSON,202609261750NZ8IMDWO,2026_25_sep_21,Citizen Science (ultrasonic) - shared
59~40306+18~07249_20260925_214653.wav,DEV_001_20260925_214653.wav,0,59.40306,18.07249,Phogri,Pholidoptera griseoaptera,Dark Bush-cricket,bush-cricket,0.98,,,25/09/2026,25/09/2026,21:46:53,ClassifEspSWE-0002026-05-29_1,JOHANKARLSSON,202609261750NZ8IMDWO,2026_25_sep_21,Citizen Science (ultrasonic) - shared
59~40306+18~07249_20260925_214700.wav,DEV_001_20260925_214700.wav,0,59.40306,18.07249,Phogri,Pholidoptera griseoaptera,Dark Bush-cricket,bush-cricket,0.99,,,25/09/2026,25/09/2026,21:47:00,ClassifEspSWE-0002026-05-29_1,JOHANKARLSSON,202609261750NZ8IMDWO,2026_25_sep_21,Citizen Science (ultrasonic) - shared
59~40306+18~07249_20260925_214706.wav,DEV_001_20260925_214706.wav,0,59.40306,18.07249,Phogri,Pholidoptera griseoaptera,Dark Bush-cricket,bush-cricket,0.99,,,25/09/2026,25/09/2026,21:47:06,ClassifEspSWE-0002026-05-29_1,JOHANKARLSSON,202609261750NZ8IMDWO,2026_25_sep_21,Citizen Science (ultrasonic) - shared
59~40306+18~07249_20260925_214713.wav,DEV_001_20260925_214713.wav,0,59.40306,18.07249,Phogri,Pholidoptera griseoaptera,Dark Bush-cricket,bush-cricket,0.94,,,25/09/2026,25/09/2026,21:47:13,ClassifEspSWE-0002026-05-29_1,JOHANKARLSSON,202609261750NZ8IMDWO,2026_25_sep_21,Citizen Science (ultrasonic) - shared
59~40306+18~07249_20260925_214718.wav,DEV_001_20260925_214718.wav,0,59.40306,18.07249,Phogri,Pholidoptera griseoaptera,Dark Bush-cricket,bush-cricket,0.99,,,25/09/2026,25/09/2026,21:47:18,ClassifEspSWE-0002026-05-29_1,JOHANKARLSSON,202609261750NZ8IMDWO,2026_25_sep_21,Citizen Science (ultrasonic) - shared
59~40306+18~07249_20260925_214724.wav,DEV_001_20260925_214724.wav,0,59.40306,18.07249,Phogri,Pholidoptera griseoaptera,Dark Bush-cricket,bush-cricket,0.98,,,25/09/2026,25/09/2026,21:47:24,ClassifEspSWE-0002026-05-29_1,JOHANKARLSSON,202609261750NZ8IMDWO,2026_25_sep_21,Citizen Science (ultrasonic) - shared
59~40306+18~07249_20260925_214730.wav,DEV_001_20260925_214730.wav,0,59.40306,18.07249,Phogri,Pholidoptera griseoaptera,Dark Bush-cricket,bush-cricket,0.95,,,25/09/2026,25/09/2026,21:47:30,ClassifEspSWE-0002026-05-29_1,JOHANKARLSSON,202609261750NZ8IMDWO,2026_25_sep_21,Citizen Science (ultrasonic) - shared
59~40306+18~07249_20260925_214735.wav,DEV_001_20260925_214735.wav,0,59.40306,18.07249,Phogri,Pholidoptera griseoaptera,Dark Bush-cricket,bush-cricket,0.99,,,25/09/2026,25/09/2026,21:47:35,ClassifEspSWE-0002026-05-29_1,JOHANKARLSSON,202609261750NZ8IMDWO,2026_25_sep_21,Citizen Science (ultrasonic) - shared
59~40306+18~07249_20260925_214741.wav,DEV_001_20260925_214741.wav,0,59.40306,18.07249,Phogri,Pholidoptera griseoaptera,Dark Bush-cricket,bush-cricket,0.89,,,25/09/2026,25/09/2026,21:47:41,ClassifEspSWE-0002026-05-29_1,JOHANKARLSSON,202609261750NZ8IMDWO,2026_25_sep_21,Citizen Science (ultrasonic) - shared
59~40306+18~07249_20260925_214747.wav,DEV_001_20260925_214747.wav,0,59.40306,18.07249,Phogri,Pholidoptera griseoaptera,Dark Bush-cricket,bush-cricket,0.99,,,25/09/2026,25/09/2026,21:47:47,ClassifEspSWE-0002026-05-29_1,JOHANKARLSSON,202609261750NZ8IMDWO,2026_25_sep_21,Citizen Science (ultrasonic) - shared
59~40306+18~07249_20260925_214753.wav,DEV_001_20260925_214753.wav,0,59.40306,18.07249,Phogri,Pholidoptera griseoaptera,Dark Bush-cricket,bush-cricket,0.99,,,25/09/2026,25/09/2026,21:47:53,ClassifEspSWE-0002026-05-29_1,JOHANKARLSSON,202609261750NZ8IMDWO,2026_25_sep_21,Citizen Science (ultrasonic) - shared
59~40306+18~07249_20260925_214759.wav,DEV_001_20260925_214759.wav,0,59.40306,18.07249,Phogri,Pholidoptera griseoaptera,Dark Bush-cricket,bush-cricket,0.98,,,25/09/2026,25/09/2026,21:47:59,ClassifEspSWE-0002026-05-29_1,JOHANKARLSSON,202609261750NZ8IMDWO,2026_25_sep_21,Citizen Science (ultrasonic) - shared
59~40306+18~07249_20260925_214805.wav,DEV_001_20260925_214805.wav,0,59.40306,18.07249,Phogri,Pholidoptera griseoaptera,Dark Bush-cricket,bush-cricket,0.98,,,25/09/2026,25/09/2026,21:48:05,ClassifEspSWE-0002026-05-29_1,JOHANKARLSSON,202609261750NZ8IMDWO,2026_25_sep_21,Citizen Science (ultrasonic) - shared
59~40306+18~07249_20260925_214810.wav,DEV_001_20260925_214810.wav,0,59.40306,18.07249,Phogri,Pholidoptera griseoaptera,Dark Bush-cricket,bush-cricket,0.66,,,25/09/2026,25/09/2026,21:48:10,ClassifEspSWE-0002026-05-29_1,JOHANKARLSSON,202609261750NZ8IMDWO,2026_25_sep_21,Citizen Science (ultrasonic) - shared
59~40306+18~07249_20260925_214819.wav,DEV_001_20260925_214819.wav,0,59.40306,18.07249,Phogri,Pholidoptera griseoaptera,Dark Bush-cricket,bush-cricket,0.94,,,25/09/2026,25/09/2026,21:48:19,ClassifEspSWE-0002026-05-29_1,JOHANKARLSSON,202609261750NZ8IMDWO,2026_25_sep_21,Citizen Science (ultrasonic) - shared
59~40306+18~07249_20260925_214824.wav,DEV_001_20260925_214824.wav,0,59.40306,18.07249,Phogri,Pholidoptera griseoaptera,Dark Bush-cricket,bush-cricket,0.96,,,25/09/2026,25/09/2026,21:48:24,ClassifEspSWE-0002026-05-29_1,JOHANKARLSSON,202609261750NZ8IMDWO,2026_25_sep_21,Citizen Science (ultrasonic) - shared
59~40306+18~07249_20260925_214829.wav,DEV_001_20260925_214829.wav,0,59.40306,18.07249,Phogri,Pholidoptera griseoaptera,Dark Bush-cricket,bush-cricket,0.98,,,25/09/2026,25/09/2026,21:48:29,ClassifEspSWE-0002026-05-29_1,JOHANKARLSSON,202609261750NZ8IMDWO,2026_25_sep_21,Citizen Science (ultrasonic) - shared
59~40306+18~07249_20260925_214834.wav,DEV_001_20260925_214834.wav,0,59.40306,18.07249,Phogri,Pholidoptera griseoaptera,Dark Bush-cricket,bush-cricket,0.98,,,25/09/2026,25/09/2026,21:48:34,ClassifEspSWE-0002026-05-29_1,JOHANKARLSSON,202609261750NZ8IMDWO,2026_25_sep_21,Citizen Science (ultrasonic) - shared
59~40306+18~07249_20260925_214841.wav,DEV_001_20260925_214841.wav,0,59.40306,18.07249,Phogri,Pholidoptera griseoaptera,Dark Bush-cricket,bush-cricket,0.98,,,25/09/2026,25/09/2026,21:48:41,ClassifEspSWE-0002026-05-29_1,JOHANKARLSSON,202609261750NZ8IMDWO,2026_25_sep_21,Citizen Science (ultrasonic) - shared
59~40306+18~07249_20260925_214846.wav,DEV_001_20260925_214846.wav,0,59.40306,18.07249,Phogri,Pholidoptera griseoaptera,Dark Bush-cricket,bush-cricket,0.95,,,25/09/2026,25/09/2026,21:48:46,ClassifEspSWE-0002026-05-29_1,JOHANKARLSSON,202609261750NZ8IMDWO,2026_25_sep_21,Citizen Science (ultrasonic) - shared
59~40306+18~07249_20260925_214852.wav,DEV_001_20260925_214852.wav,0,59.40306,18.07249,Phogri,Pholidoptera griseoaptera,Dark Bush-cricket,bush-cricket,0.98,,,25/09/2026,25/09/2026,21:48:52,ClassifEspSWE-0002026-05-29_1,JOHANKARLSSON,202609261750NZ8IMDWO,2026_25_sep_21,Citizen Science (ultrasonic) - shared
59~40306+18~07249_20260925_214858.wav,DEV_001_20260925_214858.wav,0,59.40306,18.07249,Phogri,Pholidoptera griseoaptera,Dark Bush-cricket,bush-cricket,0.98,,,25/09/2026,25/09/2026,21:48:58,ClassifEspSWE-0002026-05-29_1,JOHANKARLSSON,202609261750NZ8IMDWO,2026_25_sep_21,Citizen Science (ultrasonic) - shared
59~40306+18~07249_20260925_214903.wav,DEV_001_20260925_214903.wav,0,59.40306,18.07249,Phogri,Pholidoptera griseoaptera,Dark Bush-cricket,bush-cricket,0.79,,,25/09/2026,25/09/2026,21:49:03,ClassifEspSWE-0002026-05-29_1,JOHANKARLSSON,202609261750NZ8IMDWO,2026_25_sep_21,Citizen Science (ultrasonic) - shared
59~40306+18~07249_20260925_214910.wav,DEV_001_20260925_214910.wav,0,59.40306,18.07249,Phogri,Pholidoptera griseoaptera,Dark Bush-cricket,bush-cricket,0.99,,,25/09/2026,25/09/2026,21:49:10,ClassifEspSWE-0002026-05-29_1,JOHANKARLSSON,202609261750NZ8IMDWO,2026_25_sep_21,Citizen Science (ultrasonic) - shared
59~40306+18~07249_20260925_214916.wav,DEV_001_20260925_214916.wav,0,59.40306,18.07249,Phogri,Pholidoptera griseoaptera,Dark Bush-cricket,bush-cricket,0.96,,,25/09/2026,25/09/2026,21:49:16,ClassifEspSWE-0002026-05-29_1,JOHANKARLSSON,202609261750NZ8IMDWO,2026_25_sep_21,Citizen Science (ultrasonic) - shared
59~40306+18~07249_20260925_214921.wav,DEV_001_20260925_214921.wav,0,59.40306,18.07249,Phogri,Pholidoptera griseoaptera,Dark Bush-cricket,bush-cricket,0.78,,,25/09/2026,25/09/2026,21:49:21,ClassifEspSWE-0002026-05-29_1,JOHANKARLSSON,202609261750NZ8IMDWO,2026_25_sep_21,Citizen Science (ultrasonic) - shared
59~40306+18~07249_20260925_214927.wav,DEV_001_20260925_214927.wav,0,59.40306,18.07249,Phogri,Pholidoptera griseoaptera,Dark Bush-cricket,bush-cricket,0.98,,,25/09/2026,25/09/2026,21:49:27,ClassifEspSWE-0002026-05-29_1,JOHANKARLSSON,202609261750NZ8IMDWO,2026_25_sep_21,Citizen Science (ultrasonic) - shared
59~40306+18~07249_20260925_214932.wav,DEV_001_20260925_214932.wav,0,59.40306,18.07249,Phogri,Pholidoptera griseoaptera,Dark Bush-cricket,bush-cricket,0.99,,,25/09/2026,25/09/2026,21:49:32,ClassifEspSWE-0002026-05-29_1,JOHANKARLSSON,202609261750NZ8IMDWO,2026_25_sep_21,Citizen Science (ultrasonic) - shared
59~40306+18~07249_20260925_214937.wav,DEV_001_20260925_214937.wav,0,59.40306,18.07249,Phogri,Pholidoptera griseoaptera,Dark Bush-cricket,bush-cricket,0.98,,,25/09/2026,25/09/2026,21:49:37,ClassifEspSWE-0002026-05-29_1,JOHANKARLSSON,202609261750NZ8IMDWO,2026_25_sep_21,Citizen Science (ultrasonic) - shared
59~40306+18~07249_20260925_214943.wav,DEV_001_20260925_214943.wav,0,59.40306,18.07249,Phogri,Pholidoptera griseoaptera,Dark Bush-cricket,bush-cricket,0.97,,,25/09/2026,25/09/2026,21:49:43,ClassifEspSWE-0002026-05-29_1,JOHANKARLSSON,202609261750NZ8IMDWO,2026_25_sep_21,Citizen Science (ultrasonic) - shared
59~40306+18~07249_20260925_214948.wav,DEV_001_20260925_214948.wav,0,59.40306,18.07249,Phogri,Pholidoptera griseoaptera,Dark Bush-cricket,bush-cricket,0.99,,,25/09/2026,25/09/2026,21:49:48,ClassifEspSWE-0002026-05-29_1,JOHANKARLSSON,202609261750NZ8IMDWO,2026_25_sep_21,Citizen Science (ultrasonic) - shared
59~40306+18~07249_20260925_214953.wav,DEV_001_20260925_214953.wav,0,59.40306,18.07249,Phogri,Pholidoptera griseoaptera,Dark Bush-cricket,bush-cricket,0.97,,,25/09/2026,25/09/2026,21:49:53,ClassifEspSWE-0002026-05-29_1,JOHANKARLSSON,202609261750NZ8IMDWO,2026_25_sep_21,Citizen Science (ultrasonic) - shared
59~40306+18~07249_20260925_215000.wav,DEV_001_20260925_215000.wav,0,59.40306,18.07249,Phogri,Pholidoptera griseoaptera,Dark Bush-cricket,bush-cricket,0.99,,,25/09/2026,25/09/2026,21:50:00,ClassifEspSWE-0002026-05-29_1,JOHANKARLSSON,202609261750NZ8IMDWO,2026_25_sep_21,Citizen Science (ultrasonic) - shared
59~40306+18~07249_20260925_215008.wav,DEV_001_20260925_215008.wav,0,59.40306,18.07249,Phogri,Pholidoptera griseoaptera,Dark Bush-cricket,bush-cricket,0.96,,,25/09/2026,25/09/2026,21:50:08,ClassifEspSWE-0002026-05-29_1,JOHANKARLSSON,202609261750NZ8IMDWO,2026_25_sep_21,Citizen Science (ultrasonic) - shared
59~40306+18~07249_20260925_215013.wav,DEV_001_20260925_215013.wav,0,59.40306,18.07249,Phogri,Pholidoptera griseoaptera,Dark Bush-cricket,bush-cricket,0.98,,,25/09/2026,25/09/2026,21:50:13,ClassifEspSWE-0002026-05-29_1,JOHANKARLSSON,202609261750NZ8IMDWO,2026_25_sep_21,Citizen Science (ultrasonic) - shared
59~40306+18~07249_20260925_215019.wav,DEV_001_20260925_215019.wav,0,59.40306,18.07249,Phogri,Pholidoptera griseoaptera,Dark Bush-cricket,bush-cricket,0.97,,,25/09/2026,25/09/2026,21:50:19,ClassifEspSWE-0002026-05-29_1,JOHANKARLSSON,202609261750NZ8IMDWO,2026_25_sep_21,Citizen Science (ultrasonic) - shared
59~40306+18~07249_20260925_215026.wav,DEV_001_20260925_215026.wav,0,59.40306,18.07249,Phogri,Pholidoptera griseoaptera,Dark Bush-cricket,bush-cricket,0.97,,,25/09/2026,25/09/2026,21:50:26,ClassifEspSWE-0002026-05-29_1,JOHANKARLSSON,202609261750NZ8IMDWO,2026_25_sep_21,Citizen Science (ultrasonic) - shared
59~40306+18~07249_20260925_215033.wav,DEV_001_20260925_215033.wav,0,59.40306,18.07249,Phogri,Pholidoptera griseoaptera,Dark Bush-cricket,bush-cricket,0.96,,,25/09/2026,25/09/2026,21:50:33,ClassifEspSWE-0002026-05-29_1,JOHANKARLSSON,202609261750NZ8IMDWO,2026_25_sep_21,Citizen Science (ultrasonic) - shared
59~40306+18~07249_20260925_215040.wav,DEV_001_20260925_215040.wav,0,59.40306,18.07249,Phogri,Pholidoptera griseoaptera,Dark Bush-cricket,bush-cricket,0.99,,,25/09/2026,25/09/2026,21:50:40,ClassifEspSWE-0002026-05-29_1,JOHANKARLSSON,202609261750NZ8IMDWO,2026_25_sep_21,Citizen Science (ultrasonic) - shared
59~40306+18~07249_20260925_215047.wav,DEV_001_20260925_215047.wav,0,59.40306,18.07249,Phogri,Pholidoptera griseoaptera,Dark Bush-cricket,bush-cricket,0.97,,,25/09/2026,25/09/2026,21:50:47,ClassifEspSWE-0002026-05-29_1,JOHANKARLSSON,202609261750NZ8IMDWO,2026_25_sep_21,Citizen Science (ultrasonic) - shared
59~40306+18~07249_20260925_215054.wav,DEV_001_20260925_215054.wav,0,59.40306,18.07249,Phogri,Pholidoptera griseoaptera,Dark Bush-cricket,bush-cricket,0.97,,,25/09/2026,25/09/2026,21:50:54,ClassifEspSWE-0002026-05-29_1,JOHANKARLSSON,202609261750NZ8IMDWO,2026_25_sep_21,Citizen Science (ultrasonic) - shared
59~40306+18~07249_20260925_215059.wav,DEV_001_20260925_215059.wav,0,59.40306,18.07249,Phogri,Pholidoptera griseoaptera,Dark Bush-cricket,bush-cricket,0.98,,,25/09/2026,25/09/2026,21:50:59,ClassifEspSWE-0002026-05-29_1,JOHANKARLSSON,202609261750NZ8IMDWO,2026_25_sep_21,Citizen Science (ultrasonic) - shared
59~40306+18~07249_20260925_215107.wav,DEV_001_20260925_215107.wav,0,59.40306,18.07249,Phogri,Pholidoptera griseoaptera,Dark Bush-cricket,bush-cricket,0.99,,,25/09/2026,25/09/2026,21:51:07,ClassifEspSWE-0002026-05-29_1,JOHANKARLSSON,202609261750NZ8IMDWO,2026_25_sep_21,Citizen Science (ultrasonic) - shared
59~40306+18~07249_20260925_215114.wav,DEV_001_20260925_215114.wav,0,59.40306,18.07249,Phogri,Pholidoptera griseoaptera,Dark Bush-cricket,bush-cricket,0.99,,,25/09/2026,25/09/2026,21:51:14,ClassifEspSWE-0002026-05-29_1,JOHANKARLSSON,202609261750NZ8IMDWO,2026_25_sep_21,Citizen Science (ultrasonic) - shared
59~40306+18~07249_20260925_215120.wav,DEV_001_20260925_215120.wav,0,59.40306,18.07249,Phogri,Pholidoptera griseoaptera,Dark Bush-cricket,bush-cricket,0.55,,,25/09/2026,25/09/2026,21:51:20,ClassifEspSWE-0002026-05-29_1,JOHANKARLSSON,202609261750NZ8IMDWO,2026_25_sep_21,Citizen Science (ultrasonic) - shared
59~40306+18~07249_20260925_215127.wav,DEV_001_20260925_215127.wav,0,59.40306,18.07249,Phogri,Pholidoptera griseoaptera,Dark Bush-cricket,bush-cricket,0.65,,,25/09/2026,25/09/2026,21:51:27,ClassifEspSWE-0002026-05-29_1,JOHANKARLSSON,202609261750NZ8IMDWO,2026_25_sep_21,Citizen Science (ultrasonic) - shared
59~40306+18~07249_20260925_215138.wav,DEV_001_20260925_215138.wav,0,59.40306,18.07249,Phogri,Pholidoptera griseoaptera,Dark Bush-cricket,bush-cricket,0.86,,,25/09/2026,25/09/2026,21:51:38,ClassifEspSWE-0002026-05-29_1,JOHANKARLSSON,202609261750NZ8IMDWO,2026_25_sep_21,Citizen Science (ultrasonic) - shared
59~40306+18~07249_20260925_215145.wav,DEV_001_20260925_215145.wav,0,59.40306,18.07249,Phogri,Pholidoptera griseoaptera,Dark Bush-cricket,bush-cricket,0.98,,,25/09/2026,25/09/2026,21:51:45,ClassifEspSWE-0002026-05-29_1,JOHANKARLSSON,202609261750NZ8IMDWO,2026_25_sep_21,Citizen Science (ultrasonic) - shared
59~40306+18~07249_20260925_215150.wav,DEV_001_20260925_215150.wav,0,59.40306,18.07249,Phogri,Pholidoptera griseoaptera,Dark Bush-cricket,bush-cricket,0.95,,,25/09/2026,25/09/2026,21:51:50,ClassifEspSWE-0002026-05-29_1,JOHANKARLSSON,202609261750NZ8IMDWO,2026_25_sep_21,Citizen Science (ultrasonic) - shared
59~40306+18~07249_20260925_215156.wav,DEV_001_20260925_215156.wav,0,59.40306,18.07249,Phogri,Pholidoptera griseoaptera,Dark Bush-cricket,bush-cricket,0.99,,,25/09/2026,25/09/2026,21:51:56,ClassifEspSWE-0002026-05-29_1,JOHANKARLSSON,202609261750NZ8IMDWO,2026_25_sep_21,Citizen Science (ultrasonic) - shared
59~40306+18~07249_20260925_215201.wav,DEV_001_20260925_215201.wav,0,59.40306,18.07249,Phogri,Pholidoptera griseoaptera,Dark Bush-cricket,bush-cricket,0.94,,,25/09/2026,25/09/2026,21:52:01,ClassifEspSWE-0002026-05-29_1,JOHANKARLSSON,202609261750NZ8IMDWO,2026_25_sep_21,Citizen Science (ultrasonic) - shared
59~40306+18~07249_20260925_215209.wav,DEV_001_20260925_215209.wav,0,59.40306,18.07249,Phogri,Pholidoptera griseoaptera,Dark Bush-cricket,bush-cricket,0.89,,,25/09/2026,25/09/2026,21:52:09,ClassifEspSWE-0002026-05-29_1,JOHANKARLSSON,202609261750NZ8IMDWO,2026_25_sep_21,Citizen Science (ultrasonic) - shared
59~40306+18~07249_20260925_215216.wav,DEV_001_20260925_215216.wav,0,59.40306,18.07249,Phogri,Pholidoptera griseoaptera,Dark Bush-cricket,bush-cricket,0.89,,,25/09/2026,25/09/2026,21:52:16,ClassifEspSWE-0002026-05-29_1,JOHANKARLSSON,202609261750NZ8IMDWO,2026_25_sep_21,Citizen Science (ultrasonic) - shared
59~40306+18~07249_20260925_215222.wav,DEV_001_20260925_215222.wav,0,59.40306,18.07249,Phogri,Pholidoptera griseoaptera,Dark Bush-cricket,bush-cricket,0.98,,,25/09/2026,25/09/2026,21:52:22,ClassifEspSWE-0002026-05-29_1,JOHANKARLSSON,202609261750NZ8IMDWO,2026_25_sep_21,Citizen Science (ultrasonic) - shared
59~40306+18~07249_20260925_215229.wav,DEV_001_20260925_215229.wav,0,59.40306,18.07249,Phogri,Pholidoptera griseoaptera,Dark Bush-cricket,bush-cricket,0.98,,,25/09/2026,25/09/2026,21:52:29,ClassifEspSWE-0002026-05-29_1,JOHANKARLSSON,202609261750NZ8IMDWO,2026_25_sep_21,Citizen Science (ultrasonic) - shared
59~40306+18~07249_20260925_215236.wav,DEV_001_20260925_215236.wav,0,59.40306,18.07249,Phogri,Pholidoptera griseoaptera,Dark Bush-cricket,bush-cricket,0.99,,,25/09/2026,25/09/2026,21:52:36,ClassifEspSWE-0002026-05-29_1,JOHANKARLSSON,202609261750NZ8IMDWO,2026_25_sep_21,Citizen Science (ultrasonic) - shared
59~40306+18~07249_20260925_215242.wav,DEV_001_20260925_215242.wav,0,59.40306,18.07249,Phogri,Pholidoptera griseoaptera,Dark Bush-cricket,bush-cricket,0.97,,,25/09/2026,25/09/2026,21:52:42,ClassifEspSWE-0002026-05-29_1,JOHANKARLSSON,202609261750NZ8IMDWO,2026_25_sep_21,Citizen Science (ultrasonic) - shared
59~40306+18~07249_20260925_215248.wav,DEV_001_20260925_215248.wav,0,59.40306,18.07249,Phogri,Pholidoptera griseoaptera,Dark Bush-cricket,bush-cricket,0.99,,,25/09/2026,25/09/2026,21:52:48,ClassifEspSWE-0002026-05-29_1,JOHANKARLSSON,202609261750NZ8IMDWO,2026_25_sep_21,Citizen Science (ultrasonic) - shared
59~40306+18~07249_20260925_215255.wav,DEV_001_20260925_215255.wav,0,59.40306,18.07249,Phogri,Pholidoptera griseoaptera,Dark Bush-cricket,bush-cricket,0.98,,,25/09/2026,25/09/2026,21:52:55,ClassifEspSWE-0002026-05-29_1,JOHANKARLSSON,202609261750NZ8IMDWO,2026_25_sep_21,Citizen Science (ultrasonic) - shared
59~40306+18~07249_20260925_215303.wav,DEV_001_20260925_215303.wav,0,59.40306,18.07249,Phogri,Pholidoptera griseoaptera,Dark Bush-cricket,bush-cricket,0.98,,,25/09/2026,25/09/2026,21:53:03,ClassifEspSWE-0002026-05-29_1,JOHANKARLSSON,202609261750NZ8IMDWO,2026_25_sep_21,Citizen Science (ultrasonic) - shared
59~40306+18~07249_20260925_215310.wav,DEV_001_20260925_215310.wav,0,59.40306,18.07249,Phogri,Pholidoptera griseoaptera,Dark Bush-cricket,bush-cricket,0.71,,,25/09/2026,25/09/2026,21:53:10,ClassifEspSWE-0002026-05-29_1,JOHANKARLSSON,202609261750NZ8IMDWO,2026_25_sep_21,Citizen Science (ultrasonic) - shared
59~40306+18~07249_20260925_215317.wav,DEV_001_20260925_215317.wav,0,59.40306,18.07249,Phogri,Pholidoptera griseoaptera,Dark Bush-cricket,bush-cricket,0.98,,,25/09/2026,25/09/2026,21:53:17,ClassifEspSWE-0002026-05-29_1,JOHANKARLSSON,202609261750NZ8IMDWO,2026_25_sep_21,Citizen Science (ultrasonic) - shared
59~40306+18~07249_20260925_215322.wav,DEV_001_20260925_215322.wav,0,59.40306,18.07249,Phogri,Pholidoptera griseoaptera,Dark Bush-cricket,bush-cricket,0.99,,,25/09/2026,25/09/2026,21:53:22,ClassifEspSWE-0002026-05-29_1,JOHANKARLSSON,202609261750NZ8IMDWO,2026_25_sep_21,Citizen Science (ultrasonic) - shared
59~40306+18~07249_20260925_215328.wav,DEV_001_20260925_215328.wav,0,59.40306,18.07249,Phogri,Pholidoptera griseoaptera,Dark Bush-cricket,bush-cricket,0.99,,,25/09/2026,25/09/2026,21:53:28,ClassifEspSWE-0002026-05-29_1,JOHANKARLSSON,202609261750NZ8IMDWO,2026_25_sep_21,Citizen Science (ultrasonic) - shared
59~40306+18~07249_20260925_215333.wav,DEV_001_20260925_215333.wav,0,59.40306,18.07249,Phogri,Pholidoptera griseoaptera,Dark Bush-cricket,bush-cricket,0.86,,,25/09/2026,25/09/2026,21:53:33,ClassifEspSWE-0002026-05-29_1,JOHANKARLSSON,202609261750NZ8IMDWO,2026_25_sep_21,Citizen Science (ultrasonic) - shared
59~40306+18~07249_20260925_215340.wav,DEV_001_20260925_215340.wav,0,59.40306,18.07249,Phogri,Pholidoptera griseoaptera,Dark Bush-cricket,bush-cricket,0.99,,,25/09/2026,25/09/2026,21:53:40,ClassifEspSWE-0002026-05-29_1,JOHANKARLSSON,202609261750NZ8IMDWO,2026_25_sep_21,Citizen Science (ultrasonic) - shared
59~40306+18~07249_20260925_215347.wav,DEV_001_20260925_215347.wav,0,59.40306,18.07249,Phogri,Pholidoptera griseoaptera,Dark Bush-cricket,bush-cricket,0.89,,,25/09/2026,25/09/2026,21:53:47,ClassifEspSWE-0002026-05-29_1,JOHANKARLSSON,202609261750NZ8IMDWO,2026_25_sep_21,Citizen Science (ultrasonic) - shared
59~40306+18~07249_20260925_215353.wav,DEV_001_20260925_215353.wav,0,59.40306,18.07249,Phogri,Pholidoptera griseoaptera,Dark Bush-cricket,bush-cricket,0.64,,,25/09/2026,25/09/2026,21:53:53,ClassifEspSWE-0002026-05-29_1,JOHANKARLSSON,202609261750NZ8IMDWO,2026_25_sep_21,Citizen Science (ultrasonic) - shared
59~40306+18~07249_20260925_215400.wav,DEV_001_20260925_215400.wav,0,59.40306,18.07249,Phogri,Pholidoptera griseoaptera,Dark Bush-cricket,bush-cricket,0.99,,,25/09/2026,25/09/2026,21:54:00,ClassifEspSWE-0002026-05-29_1,JOHANKARLSSON,202609261750NZ8IMDWO,2026_25_sep_21,Citizen Science (ultrasonic) - shared
59~40306+18~07249_20260925_215405.wav,DEV_001_20260925_215405.wav,0,59.40306,18.07249,Phogri,Pholidoptera griseoaptera,Dark Bush-cricket,bush-cricket,0.92,,,25/09/2026,25/09/2026,21:54:05,ClassifEspSWE-0002026-05-29_1,JOHANKARLSSON,202609261750NZ8IMDWO,2026_25_sep_21,Citizen Science (ultrasonic) - shared
59~40306+18~07249_20260925_215411.wav,DEV_001_20260925_215411.wav,0,59.40306,18.07249,Phogri,Pholidoptera griseoaptera,Dark Bush-cricket,bush-cricket,0.99,,,25/09/2026,25/09/2026,21:54:11,ClassifEspSWE-0002026-05-29_1,JOHANKARLSSON,202609261750NZ8IMDWO,2026_25_sep_21,Citizen Science (ultrasonic) - shared
59~40306+18~07249_20260925_215418.wav,DEV_001_20260925_215418.wav,0,59.40306,18.07249,Phogri,Pholidoptera griseoaptera,Dark Bush-cricket,bush-cricket,0.97,,,25/09/2026,25/09/2026,21:54:18,ClassifEspSWE-0002026-05-29_1,JOHANKARLSSON,202609261750NZ8IMDWO,2026_25_sep_21,Citizen Science (ultrasonic) - shared
59~40306+18~07249_20260925_215424.wav,DEV_001_20260925_215424.wav,0,59.40306,18.07249,Phogri,Pholidoptera griseoaptera,Dark Bush-cricket,bush-cricket,0.97,,,25/09/2026,25/09/2026,21:54:24,ClassifEspSWE-0002026-05-29_1,JOHANKARLSSON,202609261750NZ8IMDWO,2026_25_sep_21,Citizen Science (ultrasonic) - shared
59~40306+18~07249_20260925_215431.wav,DEV_001_20260925_215431.wav,0,59.40306,18.07249,Phogri,Pholidoptera griseoaptera,Dark Bush-cricket,bush-cricket,0.98,,,25/09/2026,25/09/2026,21:54:31,ClassifEspSWE-0002026-05-29_1,JOHANKARLSSON,202609261750NZ8IMDWO,2026_25_sep_21,Citizen Science (ultrasonic) - shared
59~40306+18~07249_20260925_215437.wav,DEV_001_20260925_215437.wav,0,59.40306,18.07249,Phogri,Pholidoptera griseoaptera,Dark Bush-cricket,bush-cricket,0.98,,,25/09/2026,25/09/2026,21:54:37,ClassifEspSWE-0002026-05-29_1,JOHANKARLSSON,202609261750NZ8IMDWO,2026_25_sep_21,Citizen Science (ultrasonic) - shared
59~40306+18~07249_20260925_215444.wav,DEV_001_20260925_215444.wav,0,59.40306,18.07249,Phogri,Pholidoptera griseoaptera,Dark Bush-cricket,bush-cricket,0.99,,,25/09/2026,25/09/2026,21:54:44,ClassifEspSWE-0002026-05-29_1,JOHANKARLSSON,202609261750NZ8IMDWO,2026_25_sep_21,Citizen Science (ultrasonic) - shared
59~40306+18~07249_20260925_215449.wav,DEV_001_20260925_215449.wav,0,59.40306,18.07249,Phogri,Pholidoptera griseoaptera,Dark Bush-cricket,bush-cricket,0.96,,,25/09/2026,25/09/2026,21:54:49,ClassifEspSWE-0002026-05-29_1,JOHANKARLSSON,202609261750NZ8IMDWO,2026_25_sep_21,Citizen Science (ultrasonic) - shared
59~40306+18~07249_20260925_215457.wav,DEV_001_20260925_215457.wav,0,59.40306,18.07249,Phogri,Pholidoptera griseoaptera,Dark Bush-cricket,bush-cricket,0.68,,,25/09/2026,25/09/2026,21:54:57,ClassifEspSWE-0002026-05-29_1,JOHANKARLSSON,202609261750NZ8IMDWO,2026_25_sep_21,Citizen Science (ultrasonic) - shared
59~40306+18~07249_20260925_215503.wav,DEV_001_20260925_215503.wav,0,59.40306,18.07249,Phogri,Pholidoptera griseoaptera,Dark Bush-cricket,bush-cricket,0.65,,,25/09/2026,25/09/2026,21:55:03,ClassifEspSWE-0002026-05-29_1,JOHANKARLSSON,202609261750NZ8IMDWO,2026_25_sep_21,Citizen Science (ultrasonic) - shared
59~40306+18~07249_20260925_215510.wav,DEV_001_20260925_215510.wav,0,59.40306,18.07249,Phogri,Pholidoptera griseoaptera,Dark Bush-cricket,bush-cricket,0.88,,,25/09/2026,25/09/2026,21:55:10,ClassifEspSWE-0002026-05-29_1,JOHANKARLSSON,202609261750NZ8IMDWO,2026_25_sep_21,Citizen Science (ultrasonic) - shared
59~40306+18~07249_20260925_215516.wav,DEV_001_20260925_215516.wav,0,59.40306,18.07249,Phogri,Pholidoptera griseoaptera,Dark Bush-cricket,bush-cricket,0.95,,,25/09/2026,25/09/2026,21:55:16,ClassifEspSWE-0002026-05-29_1,JOHANKARLSSON,202609261750NZ8IMDWO,2026_25_sep_21,Citizen Science (ultrasonic) - shared
59~40306+18~07249_20260925_215524.wav,DEV_001_20260925_215524.wav,0,59.40306,18.07249,Phogri,Pholidoptera griseoaptera,Dark Bush-cricket,bush-cricket,0.54,,,25/09/2026,25/09/2026,21:55:24,ClassifEspSWE-0002026-05-29_1,JOHANKARLSSON,202609261750NZ8IMDWO,2026_25_sep_21,Citizen Science (ultrasonic) - shared
59~40306+18~07249_20260925_215530.wav,DEV_001_20260925_215530.wav,0,59.40306,18.07249,Phogri,Pholidoptera griseoaptera,Dark Bush-cricket,bush-cricket,0.95,,,25/09/2026,25/09/2026,21:55:30,ClassifEspSWE-0002026-05-29_1,JOHANKARLSSON,202609261750NZ8IMDWO,2026_25_sep_21,Citizen Science (ultrasonic) - shared
59~40306+18~07249_20260925_215536.wav,DEV_001_20260925_215536.wav,0,59.40306,18.07249,Phogri,Pholidoptera griseoaptera,Dark Bush-cricket,bush-cricket,0.99,,,25/09/2026,25/09/2026,21:55:36,ClassifEspSWE-0002026-05-29_1,JOHANKARLSSON,202609261750NZ8IMDWO,2026_25_sep_21,Citizen Science (ultrasonic) - shared
59~40306+18~07249_20260925_215542.wav,DEV_001_20260925_215542.wav,0,59.40306,18.07249,Phogri,Pholidoptera griseoaptera,Dark Bush-cricket,bush-cricket,0.99,,,25/09/2026,25/09/2026,21:55:42,ClassifEspSWE-0002026-05-29_1,JOHANKARLSSON,202609261750NZ8IMDWO,2026_25_sep_21,Citizen Science (ultrasonic) - shared
59~40306+18~07249_20260925_215549.wav,DEV_001_20260925_215549.wav,0,59.40306,18.07249,Phogri,Pholidoptera griseoaptera,Dark Bush-cricket,bush-cricket,0.79,,,25/09/2026,25/09/2026,21:55:49,ClassifEspSWE-0002026-05-29_1,JOHANKARLSSON,202609261750NZ8IMDWO,2026_25_sep_21,Citizen Science (ultrasonic) - shared
59~40306+18~07249_20260925_215556.wav,DEV_001_20260925_215556.wav,0,59.40306,18.07249,Phogri,Pholidoptera griseoaptera,Dark Bush-cricket,bush-cricket,0.98,,,25/09/2026,25/09/2026,21:55:56,ClassifEspSWE-0002026-05-29_1,JOHANKARLSSON,202609261750NZ8IMDWO,2026_25_sep_21,Citizen Science (ultrasonic) - shared
59~40306+18~07249_20260925_215602.wav,DEV_001_20260925_215602.wav,0,59.40306,18.07249,Phogri,Pholidoptera griseoaptera,Dark Bush-cricket,bush-cricket,0.99,,,25/09/2026,25/09/2026,21:56:02,ClassifEspSWE-0002026-05-29_1,JOHANKARLSSON,202609261750NZ8IMDWO,2026_25_sep_21,Citizen Science (ultrasonic) - shared
59~40306+18~07249_20260925_215608.wav,DEV_001_20260925_215608.wav,0,59.40306,18.07249,Phogri,Pholidoptera griseoaptera,Dark Bush-cricket,bush-cricket,0.96,,,25/09/2026,25/09/2026,21:56:08,ClassifEspSWE-0002026-05-29_1,JOHANKARLSSON,202609261750NZ8IMDWO,2026_25_sep_21,Citizen Science (ultrasonic) - shared
59~40306+18~07249_20260925_215613.wav,DEV_001_20260925_215613.wav,0,59.40306,18.07249,Phogri,Pholidoptera griseoaptera,Dark Bush-cricket,bush-cricket,0.96,,,25/09/2026,25/09/2026,21:56:13,ClassifEspSWE-0002026-05-29_1,JOHANKARLSSON,202609261750NZ8IMDWO,2026_25_sep_21,Citizen Science (ultrasonic) - shared
59~40306+18~07249_20260925_215618.wav,DEV_001_20260925_215618.wav,0,59.40306,18.07249,Phogri,Pholidoptera griseoaptera,Dark Bush-cricket,bush-cricket,0.98,,,25/09/2026,25/09/2026,21:56:18,ClassifEspSWE-0002026-05-29_1,JOHANKARLSSON,202609261750NZ8IMDWO,2026_25_sep_21,Citizen Science (ultrasonic) - shared
59~40306+18~07249_20260925_215625.wav,DEV_001_20260925_215625.wav,0,59.40306,18.07249,Phogri,Pholidoptera griseoaptera,Dark Bush-cricket,bush-cricket,0.88,,,25/09/2026,25/09/2026,21:56:25,ClassifEspSWE-0002026-05-29_1,JOHANKARLSSON,202609261750NZ8IMDWO,2026_25_sep_21,Citizen Science (ultrasonic) - shared
59~40306+18~07249_20260925_215632.wav,DEV_001_20260925_215632.wav,0,59.40306,18.07249,Phogri,Pholidoptera griseoaptera,Dark Bush-cricket,bush-cricket,0.71,,,25/09/2026,25/09/2026,21:56:32,ClassifEspSWE-0002026-05-29_1,JOHANKARLSSON,202609261750NZ8IMDWO,2026_25_sep_21,Citizen Science (ultrasonic) - shared
59~40306+18~07249_20260925_215638.wav,DEV_001_20260925_215638.wav,0,59.40306,18.07249,Phogri,Pholidoptera griseoaptera,Dark Bush-cricket,bush-cricket,0.96,,,25/09/2026,25/09/2026,21:56:38,ClassifEspSWE-0002026-05-29_1,JOHANKARLSSON,202609261750NZ8IMDWO,2026_25_sep_21,Citizen Science (ultrasonic) - shared
59~40306+18~07249_20260925_215644.wav,DEV_001_20260925_215644.wav,0,59.40306,18.07249,Phogri,Pholidoptera griseoaptera,Dark Bush-cricket,bush-cricket,0.96,,,25/09/2026,25/09/2026,21:56:44,ClassifEspSWE-0002026-05-29_1,JOHANKARLSSON,202609261750NZ8IMDWO,2026_25_sep_21,Citizen Science (ultrasonic) - shared
59~40306+18~07249_20260925_215650.wav,DEV_001_20260925_215650.wav,0,59.40306,18.07249,Phogri,Pholidoptera griseoaptera,Dark Bush-cricket,bush-cricket,0.98,,,25/09/2026,25/09/2026,21:56:50,ClassifEspSWE-0002026-05-29_1,JOHANKARLSSON,202609261750NZ8IMDWO,2026_25_sep_21,Citizen Science (ultrasonic) - shared
59~40306+18~07249_20260925_215656.wav,DEV_001_20260925_215656.wav,0,59.40306,18.07249,Phogri,Pholidoptera griseoaptera,Dark Bush-cricket,bush-cricket,0.99,,,25/09/2026,25/09/2026,21:56:56,ClassifEspSWE-0002026-05-29_1,JOHANKARLSSON,202609261750NZ8IMDWO,2026_25_sep_21,Citizen Science (ultrasonic) - shared
59~40306+18~07249_20260925_215702.wav,DEV_001_20260925_215702.wav,0,59.40306,18.07249,Phogri,Pholidoptera griseoaptera,Dark Bush-cricket,bush-cricket,0.91,,,25/09/2026,25/09/2026,21:57:02,ClassifEspSWE-0002026-05-29_1,JOHANKARLSSON,202609261750NZ8IMDWO,2026_25_sep_21,Citizen Science (ultrasonic) - shared
59~40306+18~07249_20260925_215709.wav,DEV_001_20260925_215709.wav,0,59.40306,18.07249,Phogri,Pholidoptera griseoaptera,Dark Bush-cricket,bush-cricket,0.98,,,25/09/2026,25/09/2026,21:57:09,ClassifEspSWE-0002026-05-29_1,JOHANKARLSSON,202609261750NZ8IMDWO,2026_25_sep_21,Citizen Science (ultrasonic) - shared
59~40306+18~07249_20260925_215716.wav,DEV_001_20260925_215716.wav,0,59.40306,18.07249,Phogri,Pholidoptera griseoaptera,Dark Bush-cricket,bush-cricket,0.99,,,25/09/2026,25/09/2026,21:57:16,ClassifEspSWE-0002026-05-29_1,JOHANKARLSSON,202609261750NZ8IMDWO,2026_25_sep_21,Citizen Science (ultrasonic) - shared
59~40306+18~07249_20260925_215723.wav,DEV_001_20260925_215723.wav,0,59.40306,18.07249,Phogri,Pholidoptera griseoaptera,Dark Bush-cricket,bush-cricket,0.93,,,25/09/2026,25/09/2026,21:57:23,ClassifEspSWE-0002026-05-29_1,JOHANKARLSSON,202609261750NZ8IMDWO,2026_25_sep_21,Citizen Science (ultrasonic) - shared
59~40306+18~07249_20260925_215729.wav,DEV_001_20260925_215729.wav,0,59.40306,18.07249,Phogri,Pholidoptera griseoaptera,Dark Bush-cricket,bush-cricket,0.9,,,25/09/2026,25/09/2026,21:57:29,ClassifEspSWE-0002026-05-29_1,JOHANKARLSSON,202609261750NZ8IMDWO,2026_25_sep_21,Citizen Science (ultrasonic) - shared
59~40306+18~07249_20260925_215735.wav,DEV_001_20260925_215735.wav,0,59.40306,18.07249,Phogri,Pholidoptera griseoaptera,Dark Bush-cricket,bush-cricket,0.99,,,25/09/2026,25/09/2026,21:57:35,ClassifEspSWE-0002026-05-29_1,JOHANKARLSSON,202609261750NZ8IMDWO,2026_25_sep_21,Citizen Science (ultrasonic) - shared
59~40306+18~07249_20260925_215740.wav,DEV_001_20260925_215740.wav,0,59.40306,18.07249,Phogri,Pholidoptera griseoaptera,Dark Bush-cricket,bush-cricket,0.99,,,25/09/2026,25/09/2026,21:57:40,ClassifEspSWE-0002026-05-29_1,JOHANKARLSSON,202609261750NZ8IMDWO,2026_25_sep_21,Citizen Science (ultrasonic) - shared
59~40306+18~07249_20260925_215746.wav,DEV_001_20260925_215746.wav,0,59.40306,18.07249,Phogri,Pholidoptera griseoaptera,Dark Bush-cricket,bush-cricket,0.98,,,25/09/2026,25/09/2026,21:57:46,ClassifEspSWE-0002026-05-29_1,JOHANKARLSSON,202609261750NZ8IMDWO,2026_25_sep_21,Citizen Science (ultrasonic) - shared
59~40306+18~07249_20260925_215752.wav,DEV_001_20260925_215752.wav,0,59.40306,18.07249,Phogri,Pholidoptera griseoaptera,Dark Bush-cricket,bush-cricket,0.99,,,25/09/2026,25/09/2026,21:57:52,ClassifEspSWE-0002026-05-29_1,JOHANKARLSSON,202609261750NZ8IMDWO,2026_25_sep_21,Citizen Science (ultrasonic) - shared
59~40306+18~07249_20260925_215758.wav,DEV_001_20260925_215758.wav,0,59.40306,18.07249,Phogri,Pholidoptera griseoaptera,Dark Bush-cricket,bush-cricket,0.99,,,25/09/2026,25/09/2026,21:57:58,ClassifEspSWE-0002026-05-29_1,JOHANKARLSSON,202609261750NZ8IMDWO,2026_25_sep_21,Citizen Science (ultrasonic) - shared
59~40306+18~07249_20260925_215805.wav,DEV_001_20260925_215805.wav,0,59.40306,18.07249,Phogri,Pholidoptera griseoaptera,Dark Bush-cricket,bush-cricket,0.97,,,25/09/2026,25/09/2026,21:58:05,ClassifEspSWE-0002026-05-29_1,JOHANKARLSSON,202609261750NZ8IMDWO,2026_25_sep_21,Citizen Science (ultrasonic) - shared
59~40306+18~07249_20260925_215810.wav,DEV_001_20260925_215810.wav,0,59.40306,18.07249,Phogri,Pholidoptera griseoaptera,Dark Bush-cricket,bush-cricket,0.98,,,25/09/2026,25/09/2026,21:58:10,ClassifEspSWE-0002026-05-29_1,JOHANKARLSSON,202609261750NZ8IMDWO,2026_25_sep_21,Citizen Science (ultrasonic) - shared
59~40306+18~07249_20260925_215817.wav,DEV_001_20260925_215817.wav,0,59.40306,18.07249,Phogri,Pholidoptera griseoaptera,Dark Bush-cricket,bush-cricket,0.99,,,25/09/2026,25/09/2026,21:58:17,ClassifEspSWE-0002026-05-29_1,JOHANKARLSSON,202609261750NZ8IMDWO,2026_25_sep_21,Citizen Science (ultrasonic) - shared
59~40306+18~07249_20260925_215823.wav,DEV_001_20260925_215823.wav,0,59.40306,18.07249,Phogri,Pholidoptera griseoaptera,Dark Bush-cricket,bush-cricket,0.76,,,25/09/2026,25/09/2026,21:58:23,ClassifEspSWE-0002026-05-29_1,JOHANKARLSSON,202609261750NZ8IMDWO,2026_25_sep_21,Citizen Science (ultrasonic) - shared
59~40306+18~07249_20260925_215829.wav,DEV_001_20260925_215829.wav,0,59.40306,18.07249,Phogri,Pholidoptera griseoaptera,Dark Bush-cricket,bush-cricket,0.69,,,25/09/2026,25/09/2026,21:58:29,ClassifEspSWE-0002026-05-29_1,JOHANKARLSSON,202609261750NZ8IMDWO,2026_25_sep_21,Citizen Science (ultrasonic) - shared
59~40306+18~07249_20260925_215836.wav,DEV_001_20260925_215836.wav,0,59.40306,18.07249,Phogri,Pholidoptera griseoaptera,Dark Bush-cricket,bush-cricket,0.99,,,25/09/2026,25/09/2026,21:58:36,ClassifEspSWE-0002026-05-29_1,JOHANKARLSSON,202609261750NZ8IMDWO,2026_25_sep_21,Citizen Science (ultrasonic) - shared
59~40306+18~07249_20260925_215842.wav,DEV_001_20260925_215842.wav,0,59.40306,18.07249,Phogri,Pholidoptera griseoaptera,Dark Bush-cricket,bush-cricket,0.91,,,25/09/2026,25/09/2026,21:58:42,ClassifEspSWE-0002026-05-29_1,JOHANKARLSSON,202609261750NZ8IMDWO,2026_25_sep_21,Citizen Science (ultrasonic) - shared
59~40306+18~07249_20260925_215849.wav,DEV_001_20260925_215849.wav,0,59.40306,18.07249,Phogri,Pholidoptera griseoaptera,Dark Bush-cricket,bush-cricket,0.96,,,25/09/2026,25/09/2026,21:58:49,ClassifEspSWE-0002026-05-29_1,JOHANKARLSSON,202609261750NZ8IMDWO,2026_25_sep_21,Citizen Science (ultrasonic) - shared
59~40306+18~07249_20260925_215855.wav,DEV_001_20260925_215855.wav,0,59.40306,18.07249,Phogri,Pholidoptera griseoaptera,Dark Bush-cricket,bush-cricket,0.98,,,25/09/2026,25/09/2026,21:58:55,ClassifEspSWE-0002026-05-29_1,JOHANKARLSSON,202609261750NZ8IMDWO,2026_25_sep_21,Citizen Science (ultrasonic) - shared
59~40306+18~07249_20260925_215902.wav,DEV_001_20260925_215902.wav,0,59.40306,18.07249,Phogri,Pholidoptera griseoaptera,Dark Bush-cricket,bush-cricket,0.99,,,25/09/2026,25/09/2026,21:59:02,ClassifEspSWE-0002026-05-29_1,JOHANKARLSSON,202609261750NZ8IMDWO,2026_25_sep_21,Citizen Science (ultrasonic) - shared
59~40306+18~07249_20260925_215908.wav,DEV_001_20260925_215908.wav,0,59.40306,18.07249,Phogri,Pholidoptera griseoaptera,Dark Bush-cricket,bush-cricket,0.95,,,25/09/2026,25/09/2026,21:59:08,ClassifEspSWE-0002026-05-29_1,JOHANKARLSSON,202609261750NZ8IMDWO,2026_25_sep_21,Citizen Science (ultrasonic) - shared
59~40306+18~07249_20260925_215914.wav,DEV_001_20260925_215914.wav,0,59.40306,18.07249,Phogri,Pholidoptera griseoaptera,Dark Bush-cricket,bush-cricket,0.79,,,25/09/2026,25/09/2026,21:59:14,ClassifEspSWE-0002026-05-29_1,JOHANKARLSSON,202609261750NZ8IMDWO,2026_25_sep_21,Citizen Science (ultrasonic) - shared
59~40306+18~07249_20260925_215921.wav,DEV_001_20260925_215921.wav,0,59.40306,18.07249,Phogri,Pholidoptera griseoaptera,Dark Bush-cricket,bush-cricket,0.99,,,25/09/2026,25/09/2026,21:59:21,ClassifEspSWE-0002026-05-29_1,JOHANKARLSSON,202609261750NZ8IMDWO,2026_25_sep_21,Citizen Science (ultrasonic) - shared
59~40306+18~07249_20260925_215927.wav,DEV_001_20260925_215927.wav,0,59.40306,18.07249,Phogri,Pholidoptera griseoaptera,Dark Bush-cricket,bush-cricket,0.99,,,25/09/2026,25/09/2026,21:59:27,ClassifEspSWE-0002026-05-29_1,JOHANKARLSSON,202609261750NZ8IMDWO,2026_25_sep_21,Citizen Science (ultrasonic) - shared
59~40306+18~07249_20260925_215936.wav,DEV_001_20260925_215936.wav,0,59.40306,18.07249,Phogri,Pholidoptera griseoaptera,Dark Bush-cricket,bush-cricket,0.99,,,25/09/2026,25/09/2026,21:59:36,ClassifEspSWE-0002026-05-29_1,JOHANKARLSSON,202609261750NZ8IMDWO,2026_25_sep_21,Citizen Science (ultrasonic) - shared
59~40306+18~07249_20260925_215941.wav,DEV_001_20260925_215941.wav,0,59.40306,18.07249,Phogri,Pholidoptera griseoaptera,Dark Bush-cricket,bush-cricket,0.99,,,25/09/2026,25/09/2026,21:59:41,ClassifEspSWE-0002026-05-29_1,JOHANKARLSSON,202609261750NZ8IMDWO,2026_25_sep_21,Citizen Science (ultrasonic) - shared
59~40306+18~07249_20260925_215947.wav,DEV_001_20260925_215947.wav,0,59.40306,18.07249,Phogri,Pholidoptera griseoaptera,Dark Bush-cricket,bush-cricket,0.95,,,25/09/2026,25/09/2026,21:59:47,ClassifEspSWE-0002026-05-29_1,JOHANKARLSSON,202609261750NZ8IMDWO,2026_25_sep_21,Citizen Science (ultrasonic) - shared
59~40306+18~07249_20260925_215954.wav,DEV_001_20260925_215954.wav,0,59.40306,18.07249,Phogri,Pholidoptera griseoaptera,Dark Bush-cricket,bush-cricket,0.99,,,25/09/2026,25/09/2026,21:59:54,ClassifEspSWE-0002026-05-29_1,JOHANKARLSSON,202609261750NZ8IMDWO,2026_25_sep_21,Citizen Science (ultrasonic) - shared